{
  "n": [
    1,
    2,
    3,
    4,
    5,
    6,
    7,
    8,
    9,
    10,
    11,
    12,
    13,
    14,
    15,
    16,
    17,
    18,
    19,
    20,
    21,
    22,
    23,
    24,
    25,
    26,
    27,
    28,
    29,
    30,
    31,
    32,
    33,
    34,
    35,
    36,
    37,
    38,
    39,
    40,
    41,
    42,
    43,
    44,
    45,
    46,
    47,
    48,
    49
  ],
  "avg_eer": [
    0.20910967187728863,
    0.12816921395237962,
    0.0862441517264727,
    0.061593026570306256,
    0.04141897538637633,
    0.03091941774595483,
    0.023100322297220616,
    0.01618070725313232,
    0.013806733125454934,
    0.009047480477675564,
    0.005335460947914444,
    0.00545560484350988,
    0.0035508763670530482,
    0.003858246323676461,
    0.0005221469196348346,
    0.0008423951841466579,
    0.0016820292735484556,
    0.0002081165452951548,
    0.00033235952053089726,
    0.0,
    0.0006075334144546396,
    0.0,
    0.0,
    0.0,
    0.0,
    0.0,
    0.0,
    0.0,
    0.0,
    0.0,
    0.0,
    0.0,
    0.0,
    0.0,
    0.0,
    0.0,
    0.0,
    0.0,
    0.0,
    0.0,
    0.0,
    0.0,
    0.0,
    0.0,
    0.0,
    0.0,
    0.0,
    0.0,
    0.0
  ],
  "avg_auc": [
    0.8723674962166561,
    0.9379471258164204,
    0.9678453774252315,
    0.9824848944667316,
    0.9909898858846429,
    0.9946643688430548,
    0.9969867351825676,
    0.9982027922749646,
    0.9988381323630782,
    0.9994105123576815,
    0.9996930046855595,
    0.9997263630591728,
    0.9997861190939037,
    0.9998226743437935,
    0.9999806036479433,
    0.9999837122123063,
    0.9999592336806543,
    0.9999966965627735,
    0.9999950040837863,
    1.0,
    0.9999887493812161,
    1.0,
    1.0,
    1.0,
    1.0,
    1.0,
    1.0,
    1.0,
    1.0,
    1.0,
    1.0,
    1.0,
    1.0,
    1.0,
    1.0,
    1.0,
    1.0,
    1.0,
    1.0,
    1.0,
    1.0,
    1.0,
    1.0,
    1.0,
    1.0,
    1.0,
    1.0,
    1.0,
    1.0
  ]
}