{
  "n": [
    1,
    2,
    3,
    4,
    5,
    6,
    7,
    8,
    9,
    10,
    11,
    12,
    13,
    14,
    15,
    16,
    17,
    18,
    19,
    20,
    21,
    22,
    23,
    24,
    25,
    26,
    27,
    28,
    29,
    30,
    31,
    32,
    33,
    34,
    35,
    36,
    37,
    38,
    39,
    40,
    41,
    42,
    43,
    44,
    45,
    46,
    47,
    48,
    49
  ],
  "avg_eer": [
    0.28997817270314713,
    0.21502148736559396,
    0.1744789407241321,
    0.13714130745984007,
    0.11775193266911561,
    0.0974842814130567,
    0.08097015891031122,
    0.07386301903751609,
    0.05728287925657218,
    0.04884430824888682,
    0.03935444495028937,
    0.03935683195915169,
    0.035545447794434984,
    0.026098358312686247,
    0.02953268224401,
    0.023480098295246526,
    0.019582592522449736,
    0.01808461614106353,
    0.01677537703317359,
    0.013854179517163879,
    0.013361414509866132,
    0.010689961174466073,
    0.010497960634962871,
    0.0083970581809896,
    0.008882342662645138,
    0.007674757652756568,
    0.004585020416973667,
    0.006577639798919262,
    0.005827633135527088,
    0.003229921586783674,
    0.0022597542804965996,
    0.00649983358640602,
    0.0017487219429358069,
    0.001609391011786678,
    0.0005390835580610118,
    0.00027700831033294297,
    0.0025457203840814845,
    0.0008431932546579616,
    0.00030030030035225986,
    0.0002673796791699616,
    0.0006309148265618358,
    0.0,
    0.00033112582791675207,
    0.0,
    0.00034722222225464275,
    0.0,
    0.0,
    0.0003267973856210336,
    0.0
  ],
  "avg_auc": [
    0.7799282595451887,
    0.8557564569878064,
    0.8985530924066982,
    0.9263481968890759,
    0.9460390079969494,
    0.9586881887881065,
    0.9698025648953352,
    0.9753792063869959,
    0.9815583467285615,
    0.9856931911008896,
    0.989476203539696,
    0.9913405302768534,
    0.9925543561604,
    0.994250862014735,
    0.9949337957958034,
    0.9958364288424353,
    0.9968029264600545,
    0.997292887214931,
    0.9977916925527925,
    0.9986309781930107,
    0.9984177033067787,
    0.999215366581048,
    0.9989206074949244,
    0.999313211352657,
    0.9992427269058609,
    0.9995102046079187,
    0.9996481142422308,
    0.9993659940986239,
    0.9996858538005732,
    0.9998367474063385,
    0.9998333174882277,
    0.999693080353031,
    0.9998781944381058,
    0.9998797000603211,
    0.9999780605528741,
    0.9999901068460625,
    0.999905716808625,
    0.9999777801777586,
    0.9999960999961001,
    0.9999794323323735,
    0.9999914741239662,
    1.0,
    0.9999952696310312,
    1.0,
    0.999994817578773,
    1.0,
    1.0,
    0.9999878963931252,
    1.0
  ]
}