{
    "user12": {
      "1": {
        "User": "user12",
        "n": 1,
        "EER": 0.08333333333333331,
        "AUC": 0.9762175089022793
      },
      "2": {
        "User": "user12",
        "n": 2,
        "EER": 0.05992509363295869,
        "AUC": 0.9867083317133859
      },
      "3": {
        "User": "user12",
        "n": 3,
        "EER": 0.0522388059692286,
        "AUC": 0.992194109665576
      },
      "4": {
        "User": "user12",
        "n": 4,
        "EER": 0.025000000000000026,
        "AUC": 0.9954123386842934
      },
      "5": {
        "User": "user12",
        "n": 5,
        "EER": 0.011363636363636397,
        "AUC": 0.9986705105239587
      },
      "6": {
        "User": "user12",
        "n": 6,
        "EER": 0.012326656393510984,
        "AUC": 0.9987878787878788
      },
      "7": {
        "User": "user12",
        "n": 7,
        "EER": 0.007575757576486583,
        "AUC": 0.9992495711835334
      },
      "8": {
        "User": "user12",
        "n": 8,
        "EER": 0.009111617312279658,
        "AUC": 0.9994172802881814
      },
      "9": {
        "User": "user12",
        "n": 9,
        "EER": 0.024324324323203216,
        "AUC": 0.9991741741741742
      },
      "10": {
        "User": "user12",
        "n": 10,
        "EER": 0.003125000000913206,
        "AUC": 0.9998922413793103
      },
      "11": {
        "User": "user12",
        "n": 11,
        "EER": 0.003731343285020599,
        "AUC": 0.9998618021006082
      },
      "12": {
        "User": "user12",
        "n": 12,
        "EER": 0.0,
        "AUC": 1.0
      },
      "13": {
        "User": "user12",
        "n": 13,
        "EER": 0.0,
        "AUC": 1.0
      },
      "14": {
        "User": "user12",
        "n": 14,
        "EER": 0.0,
        "AUC": 1.0
      },
      "15": {
        "User": "user12",
        "n": 15,
        "EER": 0.0,
        "AUC": 1.0
      }
    },
    "user15": {
      "1": {
        "User": "user15",
        "n": 1,
        "EER": 0.10210210210210321,
        "AUC": 0.9659881040634178
      },
      "2": {
        "User": "user15",
        "n": 2,
        "EER": 0.07006369426748589,
        "AUC": 0.9834189778411272
      },
      "3": {
        "User": "user15",
        "n": 3,
        "EER": 0.0510665804764872,
        "AUC": 0.9917832319287746
      },
      "4": {
        "User": "user15",
        "n": 4,
        "EER": 0.03125000000001771,
        "AUC": 0.9955857623318386
      },
      "5": {
        "User": "user15",
        "n": 5,
        "EER": 0.03638497652561136,
        "AUC": 0.9963566118935837
      },
      "6": {
        "User": "user15",
        "n": 6,
        "EER": 0.021834061135112957,
        "AUC": 0.9982296707187537
      },
      "7": {
        "User": "user15",
        "n": 7,
        "EER": 0.0269784172661359,
        "AUC": 0.998273381294964
      },
      "8": {
        "User": "user15",
        "n": 8,
        "EER": 0.0021645021660028577,
        "AUC": 0.9998917748917749
      },
      "9": {
        "User": "user15",
        "n": 9,
        "EER": 0.0,
        "AUC": 1.0
      },
      "10": {
        "User": "user15",
        "n": 10,
        "EER": 0.0,
        "AUC": 1.0
      },
      "11": {
        "User": "user15",
        "n": 11,
        "EER": 0.0,
        "AUC": 1.0
      },
      "12": {
        "User": "user15",
        "n": 12,
        "EER": 0.0,
        "AUC": 1.0
      },
      "13": {
        "User": "user15",
        "n": 13,
        "EER": 0.0,
        "AUC": 1.0
      },
      "14": {
        "User": "user15",
        "n": 14,
        "EER": 0.0,
        "AUC": 1.0
      },
      "15": {
        "User": "user15",
        "n": 15,
        "EER": 0.0,
        "AUC": 1.0
      }
    },
    "user16": {
      "1": {
        "User": "user16",
        "n": 1,
        "EER": 0.09336970205609915,
        "AUC": 0.9708304271295969
      },
      "2": {
        "User": "user16",
        "n": 2,
        "EER": 0.06698564593278171,
        "AUC": 0.9832598023985584
      },
      "3": {
        "User": "user16",
        "n": 3,
        "EER": 0.04624277456647395,
        "AUC": 0.9915554280639571
      },
      "4": {
        "User": "user16",
        "n": 4,
        "EER": 0.03305785123966938,
        "AUC": 0.9940399006389726
      },
      "5": {
        "User": "user16",
        "n": 5,
        "EER": 0.017262638718021202,
        "AUC": 0.9966610787071032
      },
      "6": {
        "User": "user16",
        "n": 6,
        "EER": 0.014705882352944871,
        "AUC": 0.9981393472022956
      },
      "7": {
        "User": "user16",
        "n": 7,
        "EER": 0.018867924528445944,
        "AUC": 0.9994639794168096
      },
      "8": {
        "User": "user16",
        "n": 8,
        "EER": 0.02173913043478254,
        "AUC": 0.998504188272836
      },
      "9": {
        "User": "user16",
        "n": 9,
        "EER": 0.010840108401270686,
        "AUC": 0.999047828316121
      },
      "10": {
        "User": "user16",
        "n": 10,
        "EER": 0.0,
        "AUC": 1.0
      },
      "11": {
        "User": "user16",
        "n": 11,
        "EER": 0.0,
        "AUC": 1.0
      },
      "12": {
        "User": "user16",
        "n": 12,
        "EER": 0.0,
        "AUC": 1.0
      },
      "13": {
        "User": "user16",
        "n": 13,
        "EER": 0.0,
        "AUC": 1.0
      },
      "14": {
        "User": "user16",
        "n": 14,
        "EER": 0.0,
        "AUC": 1.0
      },
      "15": {
        "User": "user16",
        "n": 15,
        "EER": 0.0,
        "AUC": 1.0
      }
    },
    "user20": {
      "1": {
        "User": "user20",
        "n": 1,
        "EER": 0.038674033149083464,
        "AUC": 0.993474834181777
      },
      "2": {
        "User": "user20",
        "n": 2,
        "EER": 0.010154525386439156,
        "AUC": 0.9988062597545029
      },
      "3": {
        "User": "user20",
        "n": 3,
        "EER": 0.0027777777770441503,
        "AUC": 0.9999421296296297
      },
      "4": {
        "User": "user20",
        "n": 4,
        "EER": 0.006666666666666131,
        "AUC": 0.9999416909620992
      },
      "5": {
        "User": "user20",
        "n": 5,
        "EER": 0.0,
        "AUC": 1.0
      },
      "6": {
        "User": "user20",
        "n": 6,
        "EER": 0.0,
        "AUC": 1.0
      },
      "7": {
        "User": "user20",
        "n": 7,
        "EER": 0.0,
        "AUC": 1.0
      },
      "8": {
        "User": "user20",
        "n": 8,
        "EER": 0.0,
        "AUC": 1.0
      },
      "9": {
        "User": "user20",
        "n": 9,
        "EER": 0.0,
        "AUC": 1.0
      },
      "10": {
        "User": "user20",
        "n": 10,
        "EER": 0.0,
        "AUC": 1.0
      },
      "11": {
        "User": "user20",
        "n": 11,
        "EER": 0.0,
        "AUC": 1.0
      },
      "12": {
        "User": "user20",
        "n": 12,
        "EER": 0.0,
        "AUC": 1.0
      },
      "13": {
        "User": "user20",
        "n": 13,
        "EER": 0.0,
        "AUC": 1.0
      },
      "14": {
        "User": "user20",
        "n": 14,
        "EER": 0.0,
        "AUC": 1.0
      },
      "15": {
        "User": "user20",
        "n": 15,
        "EER": 0.0,
        "AUC": 1.0
      }
    },
    "user21": {
      "1": {
        "User": "user21",
        "n": 1,
        "EER": 0.05298013245054002,
        "AUC": 0.9825713067995542
      },
      "2": {
        "User": "user21",
        "n": 2,
        "EER": 0.03610997127620214,
        "AUC": 0.994208996283817
      },
      "3": {
        "User": "user21",
        "n": 3,
        "EER": 0.018613607188430862,
        "AUC": 0.9973206555810968
      },
      "4": {
        "User": "user21",
        "n": 4,
        "EER": 0.01700984780732821,
        "AUC": 0.9981084125104687
      },
      "5": {
        "User": "user21",
        "n": 5,
        "EER": 0.015222482435260108,