{
  "user12": {
    "1": {
      "User": "user12",
      "n": 1,
      "EER": 0.10106382978702429,
      "AUC": 0.968952375027403
    },
    "2": {
      "User": "user12",
      "n": 2,
      "EER": 0.08131487889242911,
      "AUC": 0.9807226261291033
    },
    "3": {
      "User": "user12",
      "n": 3,
      "EER": 0.058344640433097276,
      "AUC": 0.9874411365631734
    },
    "4": {
      "User": "user12",
      "n": 4,
      "EER": 0.047214353162563484,
      "AUC": 0.9904390934844193
    },
    "5": {
      "User": "user12",
      "n": 5,
      "EER": 0.027093596059903323,
      "AUC": 0.9952838110165696
    },
    "6": {
      "User": "user12",
      "n": 6,
      "EER": 0.04000000000000027,
      "AUC": 0.9948638931689779
    },
    "7": {
      "User": "user12",
      "n": 7,
      "EER": 0.02840909090818049,
      "AUC": 0.9966052029731275
    },
    "8": {
      "User": "user12",
      "n": 8,
      "EER": 0.027334851937877463,
      "AUC": 0.9970334269216508
    },
    "9": {
      "User": "user12",
      "n": 9,
      "EER": 0.027777777777780892,
      "AUC": 0.9957957957957958
    },
    "10": {
      "User": "user12",
      "n": 10,
      "EER": 0.0062500000011968815,
      "AUC": 0.9990301724137931
    },
    "11": {
      "User": "user12",
      "n": 11,
      "EER": 0.01865671641753487,
      "AUC": 0.9993090105030403
    },
    "12": {
      "User": "user12",
      "n": 12,
      "EER": 0.01687763713166491,
      "AUC": 0.9992661896899652
    },
    "13": {
      "User": "user12",
      "n": 13,
      "EER": 0.014492753623637857,
      "AUC": 0.9990338164251208
    },
    "14": {
      "User": "user12",
      "n": 14,
      "EER": 0.011299435029490695,
      "AUC": 0.9989727786337955
    },
    "15": {
      "User": "user12",
      "n": 15,
      "EER": 0.006622516557727073,
      "AUC": 0.9992641648270787
    }
  },
  "user15": {
    "1": {
      "User": "user15",
      "n": 1,
      "EER": 0.11411411411411818,
      "AUC": 0.9602483535537929
    },
    "2": {
      "User": "user15",
      "n": 2,
      "EER": 0.08257638315414542,
      "AUC": 0.9782881968368511
    },
    "3": {
      "User": "user15",
      "n": 3,
      "EER": 0.04460245636721856,
      "AUC": 0.9889909968745626
    },
    "4": {
      "User": "user15",
      "n": 4,
      "EER": 0.05201793721965532,
      "AUC": 0.9907090807174888
    },
    "5": {
      "User": "user15",
      "n": 5,
      "EER": 0.03521126760528932,
      "AUC": 0.9938869327073553
    },
    "6": {
      "User": "user15",
      "n": 6,
      "EER": 0.027027027027415218,
      "AUC": 0.9956725284236201
    },
    "7": {
      "User": "user15",
      "n": 7,
      "EER": 0.008992805756235421,
      "AUC": 0.9973381294964029
    },
    "8": {
      "User": "user15",
      "n": 8,
      "EER": 0.004329004329794104,
      "AUC": 0.9985930735930736
    },
    "9": {
      "User": "user15",
      "n": 9,
      "EER": 0.002577319587854842,
      "AUC": 0.9995704467353952
    },
    "10": {
      "User": "user15",
      "n": 10,
      "EER": 0.002994011977802642,
      "AUC": 0.9998003992015968
    },
    "11": {
      "User": "user15",
      "n": 11,
      "EER": 0.007017543861225899,
      "AUC": 0.9989473684210526
    },
    "12": {
      "User": "user15",
      "n": 12,
      "EER": 0.003937007874271795,
      "AUC": 0.9993438320209974
    },
    "13": {
      "User": "user15",
      "n": 13,
      "EER": 0.004504504505321286,
      "AUC": 0.9990990990990991
    },
    "14": {
      "User": "user15",
      "n": 14,
      "EER": 0.0,
      "AUC": 1.0
    },
    "15": {
      "User": "user15",
      "n": 15,
      "EER": 0.0,
      "AUC": 1.0
    }
  },
  "user16": {
    "1": {
      "User": "user16",
      "n": 1,
      "EER": 0.11433447098998464,
      "AUC": 0.9569300606256775
    },
    "2": {
      "User": "user16",
      "n": 2,
      "EER": 0.09642857142887276,
      "AUC": 0.9698424780960667
    },
    "3": {
      "User": "user16",
      "n": 3,
      "EER": 0.07514450867052028,
      "AUC": 0.978831591894154
    },
    "4": {
      "User": "user16",
      "n": 4,
      "EER": 0.06611570247933878,
      "AUC": 0.9833460919558187
    },
    "5": {
      "User": "user16",
      "n": 5,
      "EER": 0.0431565967947137,
      "AUC": 0.9871292204103687
    },
    "6": {
      "User": "user16",
      "n": 6,
      "EER": 0.044207317073923794,
      "AUC": 0.9880066355810617
    },
    "7": {
      "User": "user16",
      "n": 7,
      "EER": 0.037878787877702845,
      "AUC": 0.9923170383076043
    },
    "8": {
      "User": "user16",
      "n": 8,
      "EER": 0.05733944954025154,
      "AUC": 0.9914738731551656
    },
    "9": {
      "User": "user16",
      "n": 9,
      "EER": 0.046070460705176244,
      "AUC": 0.9930418223101151
    },
    "10": {
      "User": "user16",
      "n": 10,
      "EER": 0.03134796238198202,
      "AUC": 0.997387669801463
    },
    "11": {
      "User": "user16",
      "n": 11,
      "EER": 0.007326007326659641,
      "AUC": 0.999000999000999
    },
    "12": {
      "User": "user16",
      "n": 12,
      "EER": 0.004149377593852517,
      "AUC": 0.9995632234112252
    },
    "13": {
      "User": "user16",
      "n": 13,
      "EER": 0.00471698113288012,
      "AUC": 0.9987421383647799
    },
    "14": {
      "User": "user16",
      "n": 14,
      "EER": 0.0,
      "AUC": 1.0
    },
    "15": {
      "User": "user16",
      "n": 15,
      "EER": 0.0,
      "AUC": 1.0
    }
  },
  "user20": {
    "1": {
      "User": "user20",
      "n": 1,
      "EER": 0.05673608159832283,
      "AUC": 0.9885631148694966
    },
    "2": {
      "User": "user20",
      "n": 2,
      "EER": 0.03267108167890617,
      "AUC": 0.9952503479984816
    },
    "3": {
      "User": "user20",
      "n": 3,
      "EER": 0.02152777777798544,
      "AUC": 0.9970486111111111
    },
    "4": {
      "User": "user20",
      "n": 4,
      "EER": 0.020000000000379662,
      "AUC": 0.9978360868156787
    },
    "5": {
      "User": "user20",
      "n": 5,
      "EER": 0.01709401709395895,
      "AUC": 0.9987446922312823
    },
    "6": {
      "User": "user20",
      "n": 6,
      "EER": 0.010526315789473717,
      "AUC": 0.9987281399046105
    },
    "7": {
      "User": "user20",
      "n": 7,
      "EER": 0.01315789473684656,
      "AUC": 0.9992183428869202
    },
    "8": {
      "User": "user20",
      "n": 8,
      "EER": 0.015151515151507929,
      "AUC": 0.9996357808857809
    },
    "9": {
      "User": "user20",
      "n": 9,
      "EER": 0.008645533141082351,
      "AUC": 0.9996580862599521
    },
    "10": {
      "User": "user20",
      "n": 10,
      "EER": 0.0,
      "AUC": 1.0
    },
    "11": {
      "User": "user20",
      "n": 11,
      "EER": 0.004000000000361607,
      "AUC": 0.9999111111111111
    },
    "12": {
      "User": "user20",
      "n": 12,
      "EER": 0.0,
      "AUC": 1.0
    },
    "13": {
      "User": "user20",
      "n": 13,
      "EER": 0.0052356020944747065,
      "AUC": 0.9998545666084934
    },
    "14": {
      "User": "user20",
      "n": 14,
      "EER": 0.0,
      "AUC": 1.0
    },
    "15": {
      "User": "user20",
      "n": 15,
      "EER": 0.0,
      "AUC": 1.0
    }
  },
  "user21": {
    "1": {
      "User": "user21",
      "n": 1,
      "EER": 0.06732673267445857,
      "AUC": 0.9699482001180252
    },
    "2": {
      "User": "user21",
      "n": 2,
      "EER": 0.05744768157619356,
      "AUC": 0.989738595710496
    },
    "3": {
      "User": "user21",
      "n": 3,
      "EER": 0.03594351733083419,
      "AUC": 0.993409857599188
    },
    "4": {
      "User": "user21",
      "n": 4,
      "EER": 0.036705461057970054,
      "AUC": 0.994123083143212
    },
    "5": {
      "User": "user21",
      "n": 5,
      "EER": 0.02173913043478254,
      "AUC": 0.9977853579065268
    },
    "6": {
      "User": "user21",
      "n": 6,
      "EER": 0.0188679245273125,
      "AUC": 0.9979680696661829
    },
    "7": {
      "User": "user21",