{
  "n": [
    1,
    2,
    3,
    4,
    5,
    6,
    7,
    8,
    9,
    10,
    11,
    12,
    13,
    14,
    15,
    16,
    17,
    18,
    19,
    20,
    21,
    22,
    23,
    24,
    25,
    26,
    27,
    28,
    29,
    30
  ],
  "avg_eer": [
    0.16623405937778146,
    0.14698103839525395,
    0.13318623042347838,
    0.12759511507543392,
    0.11777484289086673,
    0.11484507349540518,
    0.11200151309664783,
    0.10979050062113074,
    0.10808723949277559,
    0.10294188119224687,
    0.09940291159173917,
    0.09421095232338883,
    0.08971395358935308,
    0.09352285755678728,
    0.09074291347188548,
    0.09361023758418997,
    0.08366599921902983,
    0.08169163285256198,
    0.08585576530198172,
    0.07700983110799517,
    0.07675453228822789,
    0.0717443000376829,
    0.0717506528654283,
    0.07439675379340271,
    0.06291834311842848,
    0.05338524270400408,
    0.03341364941443818,
    0.03274485651434147,
    0.03386121427926301,
    0.03254236065142707
  ],
  "avg_auc": [
    0.9104293866661379,
    0.9278260371201095,
    0.9371943981877615,
    0.9433284951211377,
    0.9477906721726077,
    0.9516594828693974,
    0.9547399897526363,
    0.9554268075172224,
    0.9593829945619368,
    0.9590497655813804,
    0.9613725022870689,
    0.9632459524935406,
    0.9665218844892868,
    0.9681507635078251,
    0.9677449051419836,
    0.9672493748181601,
    0.9697262058930608,
    0.9725160576333367,
    0.9721053306601248,
    0.9715596552948744,
    0.9724315857622103,
    0.9745130765239814,
    0.9759808933738189,
    0.9761027445802523,
    0.9800012882127105,
    0.9815209141226371,
    0.9892361827031401,
    0.9883908117321558,
    0.9883854812763648,
    0.989502197069713
  ]
}