{
  "n": [
    1,
    2,
    3,
    4,
    5,
    6,
    7,
    8,
    9,
    10,
    11,
    12,
    13,
    14,
    15,
    16,
    17,
    18,
    19,
    20,
    21,
    22,
    23,
    24,
    25,
    26,
    27,
    28,
    29,
    30
  ],
  "avg_eer": [
    0.1568171277374696,
    0.13479187483644584,
    0.11978944152945266,
    0.11426854925105404,
    0.10747120704618907,
    0.10009619139665198,
    0.09551097986695162,
    0.09460328027488593,
    0.08989236373266515,
    0.09386596989939977,
    0.08936250554323373,
    0.08359860619433719,
    0.07957669317409335,
    0.076159728120791,
    0.0778977117943627,
    0.07522295139110655,
    0.07548607336109622,
    0.06519222650099334,
    0.06885891740026309,
    0.062313345031982305,
    0.05881141204867263,
    0.058823895001325066,
    0.05001411602887914,
    0.0527766899459853,
    0.04857743639529853,
    0.04323904923578079,
    0.02797254006026134,
    0.02457140374726584,
    0.027856550268175954,
    0.025395665203152167
  ],
  "avg_auc": [
    0.9177280649257653,
    0.9355847205216522,
    0.945814630663475,
    0.9515320057925718,
    0.9557531681132782,
    0.9594827452964072,
    0.9632293301701752,
    0.9634988919607863,
    0.9666475107500073,
    0.9661725363718547,
    0.9679506445994042,
    0.9704614595025826,
    0.9728664288454858,
    0.9732568138078644,
    0.974139275857737,
    0.9738408644513028,
    0.9752600162464814,
    0.9775478290572585,
    0.9766587157645625,
    0.9777502936638058,
    0.9801362826447866,
    0.9815291006409929,
    0.9834957539663234,
    0.9834420957746204,
    0.9863021399185662,
    0.9860907788211086,
    0.9925632669561775,
    0.9930314718561574,
    0.9918205010017364,
    0.992573188403879
  ]
}