{
  "n": [
    1,
    2,
    3,
    4,
    5,
    6,
    7,
    8,
    9,
    10,
    11,
    12,
    13,
    14,
    15,
    16,
    17,
    18,
    19,
    20,
    21,
    22,
    23,
    24,
    25,
    26,
    27,
    28,
    29,
    30
  ],
  "avg_eer": [
    0.1287442361357331,
    0.10104793826740377,
    0.08740168649272809,
    0.07956867463735731,
    0.07396610504876538,
    0.07050783324126639,
    0.06716203493781184,
    0.06425763201630132,
    0.05621164613433005,
    0.06163247582920779,
    0.05348498228803058,
    0.052932055022685574,
    0.05174900798537976,
    0.04829682669650678,
    0.052485353458381456,
    0.054062558502694334,
    0.04923153134304549,
    0.04612419416624061,
    0.04383009743948563,
    0.0387732462233652,
    0.03433504178696223,
    0.030506728879010105,
    0.024460594617889173,
    0.023050219570484344,
    0.019704151693983825,
    0.014098162795501948,
    0.008853300780260042,
    0.00837872185920348,
    0.009296445762623628,
    0.007958790897750586
  ],
  "avg_auc": [
    0.940520055373095,
    0.9595544995506259,
    0.968442937287022,
    0.9738216479126904,
    0.977173877986657,
    0.9795102515762798,
    0.9814915277597915,
    0.9819227838389739,
    0.9849619785232268,
    0.9849495610025775,
    0.9845870832977592,
    0.9860632281414103,
    0.9870572990598945,
    0.986870393686924,
    0.9865584949851531,
    0.9867914242873003,
    0.9885572740883977,
    0.9908696942313041,
    0.9915522648746051,
    0.9918747632136308,
    0.9921655892802065,
    0.9915685710949866,
    0.993771599676746,
    0.9936997493642854,
    0.9945748607390449,
    0.9951473868085848,
    0.9966936002269445,
    0.9962175147836912,
    0.9960965555084776,
    0.997168446608048
  ]
}