{
  "user12": {
    "1": {
      "User": "user12",
      "n": 1,
      "EER": 0.3481193373806795,
      "AUC": 0.7351806304184765
    },
    "2": {
      "User": "user12",
      "n": 2,
      "EER": 0.26754385964908417,
      "AUC": 0.8146957583832999
    },
    "3": {
      "User": "user12",
      "n": 3,
      "EER": 0.23487261146440835,
      "AUC": 0.8541905329239793
    },
    "4": {
      "User": "user12",
      "n": 4,
      "EER": 0.199779249448159,
      "AUC": 0.8818547417655672
    },
    "5": {
      "User": "user12",
      "n": 5,
      "EER": 0.19738751814085664,
      "AUC": 0.879996469619111
    },
    "6": {
      "User": "user12",
      "n": 6,
      "EER": 0.17100371747229864,
      "AUC": 0.9062715131488366
    },
    "7": {
      "User": "user12",
      "n": 7,
      "EER": 0.18058690744941364,
      "AUC": 0.9110147752924277
    },
    "8": {
      "User": "user12",
      "n": 8,
      "EER": 0.1924119241186389,
      "AUC": 0.9143330322192111
    },
    "9": {
      "User": "user12",
      "n": 9,
      "EER": 0.17434210526246413,
      "AUC": 0.9337231968810916
    },
    "10": {
      "User": "user12",
      "n": 10,
      "EER": 0.16000000000000006,
      "AUC": 0.936923076923077
    }
  },
  "user15": {
    "1": {
      "User": "user15",
      "n": 1,
      "EER": 0.3902972385671523,
      "AUC": 0.6811597767213388
    },
    "2": {
      "User": "user15",
      "n": 2,
      "EER": 0.3015062942686599,
      "AUC": 0.763085494188046
    },
    "3": {
      "User": "user15",
      "n": 3,
      "EER": 0.2837632776929965,
      "AUC": 0.7996226080444593
    },
    "4": {
      "User": "user15",
      "n": 4,
      "EER": 0.25786163521862987,
      "AUC": 0.8256398085518769
    },
    "5": {
      "User": "user15",
      "n": 5,
      "EER": 0.2564102564102564,
      "AUC": 0.8370696982575435
    },
    "6": {
      "User": "user15",
      "n": 6,
      "EER": 0.2222222222222226,
      "AUC": 0.8572271386430679
    },
    "7": {
      "User": "user15",
      "n": 7,
      "EER": 0.19047619047621306,
      "AUC": 0.8550991211935417
    },
    "8": {
      "User": "user15",
      "n": 8,
      "EER": 0.1855670103095865,
      "AUC": 0.8849302607640994
    },
    "9": {
      "User": "user15",
      "n": 9,
      "EER": 0.17554858934319764,
      "AUC": 0.9059561128526645
    },
    "10": {
      "User": "user15",
      "n": 10,
      "EER": 0.17328519855629076,
      "AUC": 0.9183212996389891
    }
  },
  "user16": {
    "1": {
      "User": "user16",
      "n": 1,
      "EER": 0.4041312175076274,
      "AUC": 0.6577329041149996
    },
    "2": {
      "User": "user16",
      "n": 2,
      "EER": 0.34413589560109553,
      "AUC": 0.7262191500256017
    },
    "3": {
      "User": "user16",
      "n": 3,
      "EER": 0.2941176470587825,
      "AUC": 0.7648532306105481
    },
    "4": {
      "User": "user16",
      "n": 4,
      "EER": 0.2714126807564724,
      "AUC": 0.7788798253203147
    },
    "5": {
      "User": "user16",
      "n": 5,
      "EER": 0.2625000000000267,
      "AUC": 0.8036786237188872
    },
    "6": {
      "User": "user16",
      "n": 6,
      "EER": 0.24765478424013,
      "AUC": 0.8141953127484338
    },
    "7": {
      "User": "user16",
      "n": 7,
      "EER": 0.24601366742652714,
      "AUC": 0.8111949506454064
    },
    "8": {
      "User": "user16",
      "n": 8,
      "EER": 0.24390243902438988,
      "AUC": 0.8292682926829268
    },
    "9": {
      "User": "user16",
      "n": 9,
      "EER": 0.21874999999999806,
      "AUC": 0.8501254180602007
    },
    "10": {
      "User": "user16",
      "n": 10,
      "EER": 0.1992337164745863,
      "AUC": 0.8655012771392081
    }
  },
  "user20": {
    "1": {
      "User": "user20",
      "n": 1,
      "EER": 0.3855300959544408,
      "AUC": 0.6963495774657121
    },
    "2": {
      "User": "user20",
      "n": 2,
      "EER": 0.3252645808722339,
      "AUC": 0.7690797772077269
    },
    "3": {
      "User": "user20",
      "n": 3,
      "EER": 0.29076885043263306,
      "AUC": 0.8056456662782
    },
    "4": {
      "User": "user20",
      "n": 4,
      "EER": 0.27493665904115316,
      "AUC": 0.819514776520394
    },
    "5": {
      "User": "user20",
      "n": 5,
      "EER": 0.2420252477263472,
      "AUC": 0.8304316586525176
    },
    "6": {
      "User": "user20",
      "n": 6,
      "EER": 0.2325581395348826,
      "AUC": 0.8421040536814046
    },
    "7": {
      "User": "user20",
      "n": 7,
      "EER": 0.23486682808790352,
      "AUC": 0.845363523329625
    },
    "8": {
      "User": "user20",
      "n": 8,
      "EER": 0.2205882352955235,
      "AUC": 0.8646606334841629
    },
    "9": {
      "User": "user20",
      "n": 9,
      "EER": 0.22661870503575865,
      "AUC": 0.851907153522465
    },
    "10": {
      "User": "user20",
      "n": 10,
      "EER": 0.24489795918367058,
      "AUC": 0.8599533033552403
    }
  },
  "user21": {
    "1": {
      "User": "user21",
      "n": 1,
      "EER": 0.34519774990682395,
      "AUC": 0.7489652573462642
    },
    "2": {
      "User": "user21",
      "n": 2,
      "EER": 0.2504696898019869,
      "AUC": 0.8445922871897386
    },
    "3": {
      "User": "user21",
      "n": 3,
      "EER": 0.18244637889257828,
      "AUC": 0.8941906727373303
    },
    "4": {
      "User": "user21",
      "n": 4,
      "EER": 0.14583333333333406,
      "AUC": 0.9151025373653111
    },
    "5": {
      "User": "user21",
      "n": 5,
      "EER": 0.1304945054939253,
      "AUC": 0.9321036106750392
    },
    "6": {
      "User": "user21",
      "n": 6,
      "EER": 0.1289752650179988,
      "AUC": 0.9395216091329166
    },
    "7": {
      "User": "user21",
      "n": 7,
      "EER": 0.10042735042727992,
      "AUC": 0.9654745838956365
    },
    "8": {
      "User": "user21",
      "n": 8,
      "EER": 0.07416879795443017,
      "AUC": 0.964011691633175
    },
    "9": {
      "User": "user21",
      "n": 9,
      "EER": 0.08333333333333334,
      "AUC": 0.9634273772204807
    },
    "10": {
      "User": "user21",
      "n": 10,
      "EER": 0.08695652173878039,
      "AUC": 0.9722222222222222
    }
  },
  "user23": {
    "1": {
      "User": "user23",
      "n": 1,
      "EER": 0.39607880821789543,
      "AUC": 0.6777048431426881
    },
    "2": {
      "User": "user23",
      "n": 2,
      "EER": 0.3377897798569388,
      "AUC": 0.7584527978634954
    },
    "3": {
      "User": "user23",
      "n": 3,
      "EER": 0.30284169056111143,
      "AUC": 0.8021782849148579
    },
    "4": {
      "User": "user23",
      "n": 4,
      "EER": 0.27173913043478265,
      "AUC": 0.8458098223615464
    },
    "5": {
      "User": "user23",
      "n": 5,
      "EER": 0.2662721893491124,
      "AUC": 0.8539132734003173
    },
    "6": {
      "User": "user23",
      "n": 6,
      "EER": 0.2300884955768147,
      "AUC": 0.89328089151098
    },
    "7": {
      "User": "user23",
      "n": 7,
      "EER": 0.22174840085244207,
      "AUC": 0.9095001184553424
    },
    "8": {
      "User": "user23",
      "n": 8,
      "EER": 0.142857142857143,
      "AUC": 0.937157471684326
    },
    "9": {
      "User": "user23",
      "n": 9,
      "EER": 0.15264797507785238,
      "AUC": 0.9504672897196261
    },
    "10": {
      "User": "user23",
      "n": 10,
      "EER": 0.125,
      "AUC": 0.9648014440433214
    }
  },
  "user29": {
    "1": {
      "User": "user29",
      "n": 1,
      "EER": 0.3542551060428255,
      "AUC": 0.7311054819587244
    },
    "2": {
      "User": "user29",
      "n": 2,
      "EER": 0.27368130350734005,
      "AUC": 0.8187799985672325
    },
    "3": {
      "User": "user29",
      "n": 3,
      "EER": 0.238567073169483,
      "AUC": 0.866932669703203
    },
    "4": {
      "User": "user29",
      "n": 4,
      "EER": 0.20689655172428117,
      "AUC": 0.8801097343846518
    },
    "5": {
      "User": "user29",
      "n": 5,
      "EER": 0.21428571428571422,