{
  "0": {
    "1": {
      "User": 0,
      "n": 1,
      "EER": 0.2864392805069964,
      "AUC": 0.817888909186432
    },
    "2": {
      "User": 0,
      "n": 2,
      "EER": 0.2199707156241734,
      "AUC": 0.8746992306009681
    },
    "3": {
      "User": 0,
      "n": 3,
      "EER": 0.17904761904678304,
      "AUC": 0.9063546798029556
    },
    "4": {
      "User": 0,
      "n": 4,
      "EER": 0.15853658536590956,
      "AUC": 0.9206989687346538
    },
    "5": {
      "User": 0,
      "n": 5,
      "EER": 0.14109347442623946,
      "AUC": 0.9314688838498362
    },
    "6": {
      "User": 0,
      "n": 6,
      "EER": 0.12195121951224294,
      "AUC": 0.9431818181818181
    },
    "7": {
      "User": 0,
      "n": 7,
      "EER": 0.0991501416436858,
      "AUC": 0.9519272040518499
    },
    "8": {
      "User": 0,
      "n": 8,
      "EER": 0.07407407407358954,
      "AUC": 0.9699074074074073
    },
    "9": {
      "User": 0,
      "n": 9,
      "EER": 0.04184100418502959,
      "AUC": 0.9809813617344998
    },
    "10": {
      "User": 0,
      "n": 10,
      "EER": 0.053658536584331104,
      "AUC": 0.9811382113821139
    }
  },
  "1": {
    "1": {
      "User": 1,
      "n": 1,
      "EER": 0.2829059464158885,
      "AUC": 0.833774412595397
    },
    "2": {
      "User": 1,
      "n": 2,
      "EER": 0.2115384615382729,
      "AUC": 0.8967469958775546
    },
    "3": {
      "User": 1,
      "n": 3,
      "EER": 0.15517241379350827,
      "AUC": 0.9337109423627536
    },
    "4": {
      "User": 1,
      "n": 4,
      "EER": 0.1219512195121951,
      "AUC": 0.9451374666418421
    },
    "5": {
      "User": 1,
      "n": 5,
      "EER": 0.12416107382647976,
      "AUC": 0.9554436987322893
    },
    "6": {
      "User": 1,
      "n": 6,
      "EER": 0.1052631578951093,
      "AUC": 0.9564821143768512
    },
    "7": {
      "User": 1,
      "n": 7,
      "EER": 0.08894878706246316,
      "AUC": 0.9629829290206648
    },
    "8": {
      "User": 1,
      "n": 8,
      "EER": 0.09999999999999856,
      "AUC": 0.960983606557377
    },
    "9": {
      "User": 1,
      "n": 9,
      "EER": 0.12156862745080516,
      "AUC": 0.9679738562091503
    },
    "10": {
      "User": 1,
      "n": 10,
      "EER": 0.09259259259356478,
      "AUC": 0.9710648148148149
    }
  },
  "2": {
    "1": {
      "User": 2,
      "n": 1,
      "EER": 0.2847885566168018,
      "AUC": 0.8205138220239857
    },
    "2": {
      "User": 2,
      "n": 2,
      "EER": 0.2389989766489906,
      "AUC": 0.8659346207244731
    },
    "3": {
      "User": 2,
      "n": 3,
      "EER": 0.19088319088191183,
      "AUC": 0.8961668725680525
    },
    "4": {
      "User": 2,
      "n": 4,
      "EER": 0.15312916111829622,
      "AUC": 0.9164535005956971
    },
    "5": {
      "User": 2,
      "n": 5,
      "EER": 0.1454545454545595,
      "AUC": 0.9185019206145967
    },
    "6": {
      "User": 2,
      "n": 6,
      "EER": 0.14449541284337628,
      "AUC": 0.9314984709480123
    },
    "7": {
      "User": 2,
      "n": 7,
      "EER": 0.13314447592184336,
      "AUC": 0.9413254356597133
    },
    "8": {
      "User": 2,
      "n": 8,
      "EER": 0.11945392491521536,
      "AUC": 0.9567173440893577
    },
    "9": {
      "User": 2,
      "n": 9,
      "EER": 0.10699588477260423,
      "AUC": 0.9577046181984453
    },
    "10": {
      "User": 2,
      "n": 10,
      "EER": 0.08780487805039755,
      "AUC": 0.9600000000000001
    }
  },
  "3": {
    "1": {
      "User": 3,
      "n": 1,
      "EER": 0.26800250469632464,
      "AUC": 0.8374981519701477
    },
    "2": {
      "User": 3,
      "n": 2,
      "EER": 0.20356221521552192,
      "AUC": 0.8917147575470162
    },
    "3": {
      "User": 3,
      "n": 3,
      "EER": 0.17012858556002544,
      "AUC": 0.9125043872244026
    },
    "4": {
      "User": 3,
      "n": 4,
      "EER": 0.15524475524554196,
      "AUC": 0.9220966533466534
    },
    "5": {
      "User": 3,
      "n": 5,
      "EER": 0.1455223880589785,
      "AUC": 0.9322353748498885
    },
    "6": {
      "User": 3,
      "n": 6,
      "EER": 0.14285714285714293,
      "AUC": 0.943378519290928
    },
    "7": {
      "User": 3,
      "n": 7,
      "EER": 0.13149847094919853,
      "AUC": 0.9368423780645831
    },
    "8": {
      "User": 3,
      "n": 8,
      "EER": 0.11764705882353031,
      "AUC": 0.94058229352347
    },
    "9": {
      "User": 3,
      "n": 9,
      "EER": 0.13063063063153835,
      "AUC": 0.9377454377454378
    },
    "10": {
      "User": 3,
      "n": 10,
      "EER": 0.10326086956363303,
      "AUC": 0.947463768115942
    }
  },
  "4": {
    "1": {
      "User": 4,
      "n": 1,
      "EER": 0.24536079984061798,
      "AUC": 0.8712047760122094
    },
    "2": {
      "User": 4,
      "n": 2,
      "EER": 0.1636564777181886,
      "AUC": 0.9337910857688747
    },
    "3": {
      "User": 4,
      "n": 3,
      "EER": 0.12769842122221028,
      "AUC": 0.9555065607153247
    },
    "4": {
      "User": 4,
      "n": 4,
      "EER": 0.05128205128205487,
      "AUC": 0.9802486008069764
    },
    "5": {
      "User": 4,
      "n": 5,
      "EER": 0.071428571428572,
      "AUC": 0.9846338535414166
    },
    "6": {
      "User": 4,
      "n": 6,
      "EER": 0.05263157894737077,
      "AUC": 0.985759854180907
    },
    "7": {
      "User": 4,
      "n": 7,
      "EER": 0.048257372653230025,
      "AUC": 0.9934007011755001
    },
    "8": {
      "User": 4,
      "n": 8,
      "EER": 0.0032786885260691666,
      "AUC": 0.9973770491803279
    },
    "9": {
      "User": 4,
      "n": 9,
      "EER": 0.003952569170108903,
      "AUC": 0.9970355731225296
    },
    "10": {
      "User": 4,
      "n": 10,
      "EER": 0.0046728971966797875,
      "AUC": 0.9984423676012462
    }
  },
  "5": {
    "1": {
      "User": 5,
      "n": 1,
      "EER": 0.2739095315024233,
      "AUC": 0.8364945824344158
    },
    "2": {
      "User": 5,
      "n": 2,
      "EER": 0.19012780144471197,
      "AUC": 0.913430115635998
    },
    "3": {
      "User": 5,
      "n": 3,
      "EER": 0.1361673107528014,
      "AUC": 0.9455152655579854
    },
    "4": {
      "User": 5,
      "n": 4,
      "EER": 0.09611451942740223,
      "AUC": 0.9700668238993712
    },
    "5": {
      "User": 5,
      "n": 5,
      "EER": 0.07407407407433617,
      "AUC": 0.9737757892120308
    },
    "6": {
      "User": 5,
      "n": 6,
      "EER": 0.05882352941176481,
      "AUC": 0.9850405679513184
    },
    "7": {
      "User": 5,
      "n": 7,
      "EER": 0.04289544235830062,
      "AUC": 0.9892761394101877
    },
    "8": {
      "User": 5,
      "n": 8,
      "EER": 0.029411764706248053,
      "AUC": 0.9934640522875817
    },
    "9": {
      "User": 5,
      "n": 9,
      "EER": 0.023715415020633013,
      "AUC": 0.9950592885375494
    },
    "10": {
      "User": 5,
      "n": 10,
      "EER": 0.018779342723673962,
      "AUC": 0.9953051643192488
    }
  },
  "6": {
    "1": {
      "User": 6,
      "n": 1,
      "EER": 0.27894857317259275,
      "AUC": 0.835676621469573
    },
    "2": {
      "User": 6,
      "n": 2,
      "EER": 0.19576316732353993,
      "AUC": 0.8978069587743981
    },
    "3": {
      "User": 6,
      "n": 3,
      "EER": 0.18425391591059606,
      "AUC": 0.9169680530440024
    },
    "4": {
      "User": 6,
      "n": 4,
      "EER": 0.15541401273745686,
      "AUC": 0.9337276311798605
    },
    "5": {
      "User": 6,
      "n": 5,
      "EER": 0.1333333333333651,
      "AUC": 0.9408656548622821
    },
    "6": {
      "User": 6,
      "n": 6,
      "EER": 0.16919739696438407,
      "AUC": 0.9273318872017354
    },
    "7": {
      "User": 6,
      "n": 7,
      "EER": 0.14285714285714293,
      "AUC": 0.9498847926267281
    },
    "8": {
      "User": 6,
      "n": 8,
      "EER": 0.12500000000000003,
      "AUC": 0.9499185667752442
    },
    "9": {
      "User": 6,
      "n": 9,
      "EER": 0.07751937984548782,