{
  "n": [
    1,
    2,
    3,
    4,
    5,
    6,
    7,
    8,
    9,
    10,
    11,
    12,
    13,
    14,
    15,
    16,
    17,
    18,
    19,
    20,
    21,
    22,
    23,
    24,
    25,
    26,
    27,
    28,
    29,
    30
  ],
  "avg_eer": [
    0.13397190211945723,
    0.10693585679237567,
    0.09154515767589434,
    0.08259656160158513,
    0.07943979100739398,
    0.066990027747049,
    0.06573090213671402,
    0.0629821554734938,
    0.056275108060101185,
    0.05948401470702393,
    0.06065444359553608,
    0.056784107946084926,
    0.05584986366503904,
    0.05428457869633213,
    0.04835526315798051,
    0.04506410256406123,
    0.049806466302367944,
    0.047450980392132795,
    0.045161290322487155,
    0.04230769230750142,
    0.03976190476181442,
    0.0312500000000873,
    0.021428571428627207,
    0.019999999999999997,
    0.024999999999999002,
    0.027272727272701452,
    0.0,
    0.0,
    0.0,
    0.0
  ],
  "avg_auc": [
    0.9166785932864097,
    0.9360224347496023,
    0.9444967760049116,
    0.9499228568313246,
    0.9508255510687361,
    0.9553923489122891,
    0.9570822193019397,
    0.9587585101508223,
    0.9598557346097643,
    0.9574502789231143,
    0.9590597662678494,
    0.9623722023648597,
    0.9608632692921815,
    0.9621333133598465,
    0.9606737859140605,
    0.9610225885225885,
    0.962751085394528,
    0.9628342245989305,
    0.9627565982404691,
    0.9634615384615385,
    0.9679563492063492,
    0.9739583333333333,
    0.9828571428571429,
    0.9876923076923078,
    0.9895833333333334,
    0.9818181818181818,
    1.0,
    1.0,
    1.0,
    1.0
  ]
}