{
  "n": [
    1,
    2,
    3,
    4,
    5,
    6,
    7,
    8,
    9,
    10,
    11,
    12,
    13,
    14,
    15,
    16,
    17,
    18,
    19,
    20,
    21,
    22,
    23,
    24,
    25,
    26,
    27,
    28,
    29,
    30
  ],
  "avg_eer": [
    0.10501207699597429,
    0.07878534720007732,
    0.062056523926657246,
    0.05506202632881341,
    0.04730031542608286,
    0.04408058081707774,
    0.04178058949686904,
    0.0384531119030256,
    0.03338459587067257,
    0.033556919843076224,
    0.03096093679078248,
    0.028551305839743652,
    0.02656963335884238,
    0.025517110224412155,
    0.027772295520926756,
    0.02836580562456052,
    0.024945576139342736,
    0.02018424885347097,
    0.019585893996643188,
    0.014778858725238587,
    0.011537613957639827,
    0.00983376705674395,
    0.007958976188211262,
    0.009966626964223405,
    0.008486251698274199,
    0.00567039808032121,
    0.0011566877278491566,
    0.0006493506493768961,
    0.0006711409396178969,
    0.000719424460566394
  ],
  "avg_auc": [
    0.9574627861089618,
    0.9734466860996625,
    0.9812569719411386,
    0.9853066518154314,
    0.98787943685271,
    0.990311435356598,
    0.9916111869643801,
    0.9920606151395746,
    0.9938124620640284,
    0.9941052789339284,
    0.9945071258346534,
    0.9952762566819141,
    0.9960230223811916,
    0.9961719189315905,
    0.9959948420738363,
    0.9956247476863762,
    0.996101675871054,
    0.9969588229224335,
    0.9969970810390008,
    0.9978868919675756,
    0.998002036982092,
    0.9977358615303407,
    0.9983261314119218,
    0.99806545462943,
    0.9979967750420601,
    0.9978277654464577,
    0.9997040913598931,
    0.9999350649350649,
    0.9999328859060401,
    0.9999200639488409
  ]
}