{
  "n": [
    1,
    2,
    3,
    4,
    5,
    6,
    7,
    8,
    9,
    10,
    11,
    12,
    13,
    14,
    15,
    16,
    17,
    18,
    19,
    20,
    21,
    22,
    23,
    24,
    25,
    26,
    27,
    28,
    29,
    30,
    31,
    32,
    33,
    34,
    35,
    36,
    37,
    38,
    39,
    40,
    41,
    42,
    43,
    44,
    45,
    46,
    47,
    48,
    49
  ],
  "avg_eer": [
    0.1456230247912154,
    0.10965546488813142,
    0.09046215176895195,
    0.06668847992095164,
    0.05757601904932406,
    0.0444254778443504,
    0.0326251935380573,
    0.029675945693624202,
    0.022771069287274192,
    0.015796361471229876,
    0.011604236937029342,
    0.01049031477014228,
    0.01089030206691271,
    0.000990099009934529,
    0.0,
    0.0,
    0.0,
    0.0,
    0.0,
    0.0,
    0.0,
    0.0,
    0.0,
    0.0,
    0.0,
    0.0,
    0.0,
    0.0,
    0.0,
    0.0,
    0.0,
    0.0,
    0.0,
    0.0,
    0.0,
    0.0,
    0.0,
    0.0,
    0.0,
    0.0,
    0.0,
    0.0,
    0.0,
    0.0,
    0.0,
    0.0,
    0.0,
    0.0,
    0.0
  ],
  "avg_auc": [
    0.9244463995623384,
    0.9549350880367908,
    0.965279734943288,
    0.9762854325676844,
    0.9818582654272472,
    0.9878738757993556,
    0.989592456409546,
    0.992383024098743,
    0.9950588082015065,
    0.997383171415885,
    0.9971195041126695,
    0.9988594541052167,
    0.99704170233582,
    0.9998349834983499,
    1.0,
    1.0,
    1.0,
    1.0,
    1.0,
    1.0,
    1.0,
    1.0,
    1.0,
    1.0,
    1.0,
    1.0,
    1.0,
    1.0,
    1.0,
    1.0,
    1.0,
    1.0,
    1.0,
    1.0,
    1.0,
    1.0,
    1.0,
    1.0,
    1.0,
    1.0,
    1.0,
    1.0,
    1.0,
    1.0,
    1.0,
    1.0,
    1.0,
    1.0,
    1.0
  ]
}