{
  "n": [
    1,
    2,
    3,
    4,
    5,
    6,
    7,
    8,
    9,
    10,
    11,
    12,
    13,
    14,
    15,
    16,
    17,
    18,
    19,
    20,
    21,
    22,
    23,
    24,
    25,
    26,
    27,
    28,
    29,
    30,
    31,
    32,
    33,
    34,
    35,
    36,
    37,
    38,
    39,
    40,
    41,
    42,
    43,
    44,
    45,
    46,
    47,
    48,
    49
  ],
  "avg_eer": [
    0.226270237951207,
    0.13210189624722038,
    0.08453095377376263,
    0.059778162590932014,
    0.041851965256282965,
    0.03193404983493611,
    0.022085814968503325,
    0.01699343979515793,
    0.010747860863154234,
    0.009036854386630478,
    0.006535850398530001,
    0.0053234897174226385,
    0.0041787142988822705,
    0.0030411809408894055,
    0.002284616951556547,
    0.0010817218561187101,
    0.0005685535866146175,
    0.000657378827618875,
    0.000591469392207883,
    0.00014451235300052902,
    0.000453987545940086,
    0.00010791283291046038,
    0.00010678056599032742,
    0.0,
    0.0,
    0.0,
    0.0,
    0.0,
    0.0,
    0.0,
    0.0,
    0.0,
    0.0,
    0.0,
    0.0,
    0.0,
    0.0,
    0.0,
    0.0,
    0.0,
    0.0,
    0.0,
    0.0,
    0.0,
    0.0,
    0.0,
    0.0,
    0.0,
    0.0
  ],
  "avg_auc": [
    0.8575896191530272,
    0.9351525595591326,
    0.9675071086270239,
    0.9820057885756679,
    0.9903316140086978,
    0.994560038238711,
    0.9968809140145142,
    0.9980764285112246,
    0.9989724844292915,
    0.9993623995767411,
    0.9995888806668611,
    0.9997848790110468,
    0.9998223268907255,
    0.9999287250801114,
    0.9999365243151763,
    0.99996049401528,
    0.9999770477205633,
    0.999984325995815,
    0.999988312544863,
    0.9999972048418234,
    0.9999965066424619,
    0.9999979909632799,
    0.9999987583655123,
    1.0,
    1.0,
    1.0,
    1.0,
    1.0,
    1.0,
    1.0,
    1.0,
    1.0,
    1.0,
    1.0,
    1.0,
    1.0,
    1.0,
    1.0,
    1.0,
    1.0,
    1.0,
    1.0,
    1.0,
    1.0,
    1.0,
    1.0,
    1.0,
    1.0,
    1.0
  ]
}