{
  "n": [
    1,
    2,
    3,
    4,
    5,
    6,
    7,
    8,
    9,
    10,
    11,
    12,
    13,
    14,
    15,
    16,
    17,
    18,
    19,
    20,
    21,
    22,
    23,
    24,
    25,
    26,
    27,
    28,
    29,
    30,
    31,
    32,
    33,
    34,
    35,
    36,
    37,
    38,
    39,
    40,
    41,
    42,
    43,
    44,
    45,
    46,
    47,
    48,
    49
  ],
  "avg_eer": [
    0.16360038902069396,
    0.07846470118047535,
    0.051740085790229186,
    0.031113087172582855,
    0.01922973310152829,
    0.013055607791993006,
    0.008992295525811215,
    0.005141102190508369,
    0.0039973732476960245,
    0.0030736416674543472,
    0.0024955454431332355,
    0.001042543645001678,
    0.0006746836905355471,
    0.00010752688177589637,
    0.00023041474660289015,
    0.0,
    0.00012019230777677754,
    0.00012722646313425185,
    0.0,
    0.0,
    0.0,
    0.0,
    0.0,
    0.0,
    0.0,
    0.0,
    0.0,
    0.0,
    0.0,
    0.0,
    0.0,
    0.0,
    0.0,
    0.0,
    0.0,
    0.0,
    0.0,
    0.0,
    0.0,
    0.0,
    0.0,
    0.0,
    0.0,
    0.0,
    0.0,
    0.0,
    0.0,
    0.0,
    0.0
  ],
  "avg_auc": [
    0.9165613804529487,
    0.9689736691473497,
    0.9868756550870905,
    0.9943471107434421,
    0.9972581212734883,
    0.9985059959436203,
    0.9991739859069387,
    0.9997611082415642,
    0.999792237649382,
    0.999914586456843,
    0.9999466097773795,
    0.9999771625850398,
    0.9999932961087991,
    0.9999992480637643,
    0.9999982675582967,
    1.0,
    0.9999905731523379,
    0.9999973494486852,
    1.0,
    1.0,
    1.0,
    1.0,
    1.0,
    1.0,
    1.0,
    1.0,
    1.0,
    1.0,
    1.0,
    1.0,
    1.0,
    1.0,
    1.0,
    1.0,
    1.0,
    1.0,
    1.0,
    1.0,
    1.0,
    1.0,
    1.0,
    1.0,
    1.0,
    1.0,
    1.0,
    1.0,
    1.0,
    1.0,
    1.0
  ]
}