{
  "n": [
    1,
    2,
    3,
    4,
    5,
    6,
    7,
    8,
    9,
    10,
    11,
    12,
    13,
    14,
    15,
    16,
    17,
    18,
    19,
    20,
    21,
    22,
    23,
    24,
    25,
    26,
    27,
    28,
    29,
    30,
    31,
    32,
    33,
    34,
    35,
    36,
    37,
    38,
    39,
    40,
    41,
    42,
    43,
    44,
    45,
    46,
    47,
    48,
    49
  ],
  "avg_eer": [
    0.19933651232249638,
    0.10646936328776799,
    0.07213493589253597,
    0.04924095637982233,
    0.032224877886115964,
    0.02334764048134447,
    0.01817979770247554,
    0.011614029691029506,
    0.007252395470031178,
    0.007521412549641908,
    0.005296900414196752,
    0.0031924151471044103,
    0.0023269249908061925,
    0.0012598711813724068,
    0.0011279334591549792,
    0.0009772769062376411,
    0.000319453865983879,
    6.891798764285918e-05,
    0.0004975051721547761,
    0.00014620756163357174,
    0.0,
    0.0,
    0.0,
    0.0,
    0.0,
    0.0,
    0.0,
    0.0,
    0.0,
    0.0,
    0.0,
    0.0,
    0.0,
    0.0,
    0.0,
    0.0,
    0.0,
    0.0,
    0.0,
    0.0,
    0.0,
    0.0,
    0.0,
    0.0,
    0.0,
    0.0,
    0.0,
    0.0,
    0.0
  ],
  "avg_auc": [
    0.8835201905306859,
    0.9494147844910511,
    0.9762645858025388,
    0.9878339828851154,
    0.9940858421709471,
    0.9968449365473797,
    0.9980836933898827,
    0.9989101217015174,
    0.9995106870436146,
    0.9995867971080921,
    0.9998134429745491,
    0.9998954520093861,
    0.999940865135043,
    0.9999701185053655,
    0.9999660593487103,
    0.999979855964708,
    0.9999895548891828,
    0.9999993677248845,
    0.9999924962031391,
    0.999998554218936,
    1.0,
    1.0,
    1.0,
    1.0,
    1.0,
    1.0,
    1.0,
    1.0,
    1.0,
    1.0,
    1.0,
    1.0,
    1.0,
    1.0,
    1.0,
    1.0,
    1.0,
    1.0,
    1.0,
    1.0,
    1.0,
    1.0,
    1.0,
    1.0,
    1.0,
    1.0,
    1.0,
    1.0,
    1.0
  ]
}