{
  "n": [
    1,
    2,
    3,
    4,
    5,
    6,
    7,
    8,
    9,
    10,
    11,
    12,
    13,
    14,
    15,
    16,
    17,
    18,
    19,
    20,
    21,
    22,
    23,
    24,
    25,
    26,
    27,
    28,
    29,
    30,
    31,
    32,
    33,
    34,
    35,
    36,
    37,
    38,
    39,
    40,
    41,
    42,
    43,
    44,
    45,
    46,
    47,
    48,
    49
  ],
  "avg_eer": [
    0.1449671008638215,
    0.0747503624454372,
    0.04194833685135076,
    0.022772860968737832,
    0.017152017602031455,
    0.008899826364631366,
    0.0059048527617109265,
    0.002860460827948266,
    0.0017738279381508248,
    0.0004315383500951675,
    0.0007656967841742787,
    0.0003338898164478345,
    0.00018083182651245348,
    0.0,
    0.0,
    0.0,
    0.0002364066194479264,
    0.0,
    0.0,
    0.0,
    0.0,
    0.0,
    0.0,
    0.0,
    0.0,
    0.0,
    0.0,
    0.0,
    0.0,
    0.0,
    0.0,
    0.0,
    0.0,
    0.0,
    0.0,
    0.0,
    0.0,
    0.0,
    0.0,
    0.0,
    0.0,
    0.0,
    0.0,
    0.0,
    0.0,
    0.0,
    0.0,
    0.0,
    0.0
  ],
  "avg_auc": [
    0.9303942328600991,
    0.9739850656109986,
    0.9896440997084813,
    0.9962752080102479,
    0.9982522240790139,
    0.9992277278055939,
    0.9995095425898581,
    0.999786158481544,
    0.9999087797702468,
    0.9999286083464061,
    0.99994191265776,
    0.9999629011315154,
    0.9999855334538879,
    1.0,
    1.0,
    1.0,
    0.999987557546348,
    1.0,
    1.0,
    1.0,
    1.0,
    1.0,
    1.0,
    1.0,
    1.0,
    1.0,
    1.0,
    1.0,
    1.0,
    1.0,
    1.0,
    1.0,
    1.0,
    1.0,
    1.0,
    1.0,
    1.0,
    1.0,
    1.0,
    1.0,
    1.0,
    1.0,
    1.0,
    1.0,
    1.0,
    1.0,
    1.0,
    1.0,
    1.0
  ]
}