{
  "n": [
    1,
    2,
    3,
    4,
    5,
    6,
    7,
    8,
    9,
    10,
    11,
    12,
    13,
    14,
    15,
    16,
    17,
    18,
    19,
    20,
    21,
    22,
    23,
    24,
    25,
    26,
    27,
    28,
    29,
    30,
    31,
    32,
    33,
    34,
    35,
    36,
    37,
    38,
    39,
    40,
    41,
    42,
    43,
    44,
    45,
    46,
    47,
    48,
    49,
    50,
    51,
    52,
    53,
    54,
    55,
    56,
    57,
    58,
    59,
    60,
    61,
    62,
    63,
    64,
    65,
    66,
    67,
    68,
    69,
    70,
    71,
    72,
    73,
    74,
    75,
    76,
    77,
    78,
    79,
    80,
    81,
    82,
    83,
    84,
    85,
    86,
    87,
    88,
    89,
    90,
    91,
    92,
    93,
    94,
    95,
    96,
    97,
    98,
    99,
    100
  ],
  "avg_eer": [
    0.1944414182913725,
    0.17234851803588985,
    0.15443519285883064,
    0.13598784326728436,
    0.12958756079845185,
    0.11662192826863238,
    0.11697059974020915,
    0.10606643777731936,
    0.10800020582003941,
    0.10043688811196075,
    0.10218118882279378,
    0.09438214715409207,
    0.09170572082075126,
    0.08645752816382031,
    0.07810969139300115,
    0.07843290577696294,
    0.07910138495277837,
    0.08439913887291847,
    0.07707373244512276,
    0.06828692352317957,
    0.07064303727146931,
    0.07362489982176092,
    0.06835785796943247,
    0.07516469038214448,
    0.06216283716287284,
    0.06830018726260706,
    0.06073896631835475,
    0.06164637831306076,
    0.07261192754633213,
    0.07154208720018806,
    0.06242601853261043,
    0.06716995769986846,
    0.06025400945620553,
    0.06217134581125248,
    0.056373926619984985,
    0.06065791871720609,
    0.058223069626768195,
    0.06364693513462402,
    0.05516569200793566,
    0.056329331046412044,
    0.05754716981133995,
    0.05762116167241636,
    0.059769230769329294,
    0.056748822606117064,
    0.05379901960789857,
    0.05416666666682742,
    0.05110993657509111,
    0.049944629014623175,
    0.049944629014623175,
    0.04993902439038042,
    0.05121794871824313,
    0.05121794871824313,
    0.05121794871824313,
    0.04993252361667698,
    0.04993252361667698,
    0.0472222222221347,
    0.04857142857129791,
    0.04857142857129791,
    0.047058823529592474,
    0.04545454545460359,
    0.04545454545460359,
    0.04545454545460359,
    0.04545454545460359,
    0.048387096774246,
    0.046666666666771515,
    0.04666666666673043,
    0.05,
    0.05,
    0.04827586206903707,
    0.04827586206903707,
    0.048275862069044814,
    0.05172413793120193,
    0.049999999999816185,
    0.049999999999816185,
    0.049999999999816185,
    0.049999999999816185,
    0.049999999999816185,
    0.048000000000085564,
    0.048000000000085564,
    0.04583333333340793,
    0.04347826086956911,
    0.04347826086956911,
    0.04347826086956911,
    0.04090909090911482,
    0.04285714285730739,
    0.04285714285730739,
    0.04285714285730739,
    0.04285714285730739,
    0.04285714285730739,
    0.045000000000059014,
    0.045000000000059014,
    0.05,
    0.05,
    0.05,
    0.05,
    0.05,
    0.05,
    0.05,
    0.05,
    0.05
  ],
  "avg_auc": [
    0.8753245844507251,
    0.8986945105170877,
    0.9107186991140589,
    0.9193458673659027,
    0.9252339361687103,
    0.9291663356663719,
    0.9325290184374986,
    0.936387167010501,
    0.9375821056172899,
    0.9402288545215342,
    0.9410501121520036,
    0.9418204722935679,
    0.9446908233018464,
    0.9471960839368192,
    0.9468021666887199,
    0.9456498138293726,
    0.9451480854435722,
    0.9468611598291703,
    0.9484633208306947,
    0.9491651548909685,
    0.9532545244848949,
    0.9513491654187499,
    0.9464904650442953,
    0.9527808982271224,
    0.9530755097615563,
    0.9505208791001494,
    0.9517438056523423,
    0.9522466576633244,
    0.9481002506265664,
    0.9487763327237012,
    0.9502626486426891,
    0.9490817449345913,
    0.9516022302378564,
    0.9490966951296649,
    0.9485454072339319,
    0.9482498676525466,
    0.9473516863606065,
    0.9490493030396816,
    0.9513366750208856,
    0.9501029159519725,
    0.953378961647552,
    0.9528342582315945,
    0.9523789638932495,
    0.9516986917844061,
    0.9515114379084967,
    0.9525241545893721,
    0.9557108879492601,
    0.9508471760797341,
    0.9508471760797341,
    0.9508902439024389,
    0.9506570512820514,
    0.9506570512820514,
    0.9506570512820514,
    0.9546221322537111,
    0.9546221322537111,
    0.95625,
    0.9550000000000001,
    0.9550000000000001,
    0.9529411764705882,
    0.9545454545454545,
    0.9545454545454545,
    0.9553030303030303,
    0.9545454545454545,
    0.9516129032258064,
    0.9533333333333334,
    0.9516666666666665,
    0.95,
    0.95,
    0.9505747126436781,
    0.9505747126436781,
    0.9517241379310345,
    0.9494252873563219,
    0.9511904761904763,
    0.9511904761904763,
    0.9512820512820512,
    0.9512820512820512,
    0.9512820512820512,
    0.9506666666666668,
    0.9506666666666668,
    0.9527777777777778,
    0.955072463768116,
    0.955072463768116,
    0.955072463768116,
    0.9575757575757576,
    0.9555555555555555,
    0.9555555555555555,
    0.9555555555555555,
    0.9555555555555555,
    0.9555555555555555,
    0.9533333333333334,
    0.9533333333333334,
    0.9525,
    0.9525,
    0.95,
    0.9526315789473685,
    0.95,
    0.95,
    0.95,
    0.95,
    0.95
  ]
}