{
  "0": {
    "1": {
      "User": 0,
      "n": 1,
      "EER": 0.1272004542874483,
      "AUC": 0.9535814070728912
    },
    "2": {
      "User": 0,
      "n": 2,
      "EER": 0.1030557219893399,
      "AUC": 0.9699278153442323
    },
    "3": {
      "User": 0,
      "n": 3,
      "EER": 0.068965517241252,
      "AUC": 0.9815106732348112
    },
    "4": {
      "User": 0,
      "n": 4,
      "EER": 0.07516778523635587,
      "AUC": 0.9823211654935342
    },
    "5": {
      "User": 0,
      "n": 5,
      "EER": 0.0687830687836527,
      "AUC": 0.9855442176870748
    },
    "6": {
      "User": 0,
      "n": 6,
      "EER": 0.04545454545367783,
      "AUC": 0.9904101995565411
    },
    "7": {
      "User": 0,
      "n": 7,
      "EER": 0.02832861189879119,
      "AUC": 0.9936475233925658
    },
    "8": {
      "User": 0,
      "n": 8,
      "EER": 0.020833333332188553,
      "AUC": 0.9948559670781892
    },
    "9": {
      "User": 0,
      "n": 9,
      "EER": 0.012552301255302144,
      "AUC": 0.998668695321415
    },
    "10": {
      "User": 0,
      "n": 10,
      "EER": 0.01951219512268432,
      "AUC": 0.9977235772357723
    }
  },
  "1": {
    "1": {
      "User": 1,
      "n": 1,
      "EER": 0.09333333333336945,
      "AUC": 0.9600769184544198
    },
    "2": {
      "User": 1,
      "n": 2,
      "EER": 0.06841505131146697,
      "AUC": 0.9785051749846505
    },
    "3": {
      "User": 1,
      "n": 3,
      "EER": 0.0517241379310345,
      "AUC": 0.9898387899912859
    },
    "4": {
      "User": 1,
      "n": 4,
      "EER": 0.04878048780487927,
      "AUC": 0.9903804381555266
    },
    "5": {
      "User": 1,
      "n": 5,
      "EER": 0.037037037036969825,
      "AUC": 0.9966442953020135
    },
    "6": {
      "User": 1,
      "n": 6,
      "EER": 0.052631578947364026,
      "AUC": 0.9940760993392572
    },
    "7": {
      "User": 1,
      "n": 7,
      "EER": 0.06666666666666657,
      "AUC": 0.9938903863432166
    },
    "8": {
      "User": 1,
      "n": 8,
      "EER": 0.032786885246355625,
      "AUC": 0.9954098360655738
    },
    "9": {
      "User": 1,
      "n": 9,
      "EER": 0.0,
      "AUC": 1.0
    },
    "10": {
      "User": 1,
      "n": 10,
      "EER": 0.0,
      "AUC": 1.0
    }
  },
  "2": {
    "1": {
      "User": 2,
      "n": 1,
      "EER": 0.13756764454501164,
      "AUC": 0.9402177069017486
    },
    "2": {
      "User": 2,
      "n": 2,
      "EER": 0.10526315789473661,
      "AUC": 0.9625268206487442
    },
    "3": {
      "User": 2,
      "n": 3,
      "EER": 0.08849557522121475,
      "AUC": 0.9734681357100237
    },
    "4": {
      "User": 2,
      "n": 4,
      "EER": 0.07894736842105465,
      "AUC": 0.9783621837549933
    },
    "5": {
      "User": 2,
      "n": 5,
      "EER": 0.05633802817022618,
      "AUC": 0.9835467349551856
    },
    "6": {
      "User": 2,
      "n": 6,
      "EER": 0.06666666666666664,
      "AUC": 0.9827726809378186
    },
    "7": {
      "User": 2,
      "n": 7,
      "EER": 0.07932011331372393,
      "AUC": 0.9830886771396686
    },
    "8": {
      "User": 2,
      "n": 8,
      "EER": 0.04545454545454537,
      "AUC": 0.9891405522804839
    },
    "9": {
      "User": 2,
      "n": 9,
      "EER": 0.05555555555555974,
      "AUC": 0.9917695473251028
    },
    "10": {
      "User": 2,
      "n": 10,
      "EER": 0.0634146341450068,
      "AUC": 0.9944715447154471
    }
  },
  "3": {
    "1": {
      "User": 3,
      "n": 1,
      "EER": 0.08396501457771319,
      "AUC": 0.9715196423396946
    },
    "2": {
      "User": 3,
      "n": 2,
      "EER": 0.04756022235943891,
      "AUC": 0.9870884708521455
    },
    "3": {
      "User": 3,
      "n": 3,
      "EER": 0.038709677419354716,
      "AUC": 0.9934973357582719
    },
    "4": {
      "User": 3,
      "n": 4,
      "EER": 0.026785714285716383,
      "AUC": 0.996078921078921
    },
    "5": {
      "User": 3,
      "n": 5,
      "EER": 0.02238805970109436,
      "AUC": 0.9980485503516898
    },
    "6": {
      "User": 3,
      "n": 6,
      "EER": 0.019464720195169892,
      "AUC": 0.9984011122697254
    },
    "7": {
      "User": 3,
      "n": 7,
      "EER": 0.012232415902322392,
      "AUC": 0.9994298450215104
    },
    "8": {
      "User": 3,
      "n": 8,
      "EER": 0.019607843137254895,
      "AUC": 0.9991087344028521
    },
    "9": {
      "User": 3,
      "n": 9,
      "EER": 0.004504504505023895,
      "AUC": 0.9998844998844999
    },
    "10": {
      "User": 3,
      "n": 10,
      "EER": 0.010869565219250981,
      "AUC": 0.9996980676328502
    }
  },
  "4": {
    "1": {
      "User": 4,
      "n": 1,
      "EER": 0.06666666666665448,
      "AUC": 0.979934079745553
    },
    "2": {
      "User": 4,
      "n": 2,
      "EER": 0.06239364719123364,
      "AUC": 0.9906917037346628
    },
    "3": {
      "User": 4,
      "n": 3,
      "EER": 0.03252032520264485,
      "AUC": 0.995789505917658
    },
    "4": {
      "User": 4,
      "n": 4,
      "EER": 0.025641025641025654,
      "AUC": 0.9978849407783418
    },
    "5": {
      "User": 4,
      "n": 5,
      "EER": 0.030252100838655257,
      "AUC": 0.9983193277310924
    },
    "6": {
      "User": 4,
      "n": 6,
      "EER": 0.00432900433055032,
      "AUC": 0.9995443153337891
    },
    "7": {
      "User": 4,
      "n": 7,
      "EER": 0.0026809651476800054,
      "AUC": 0.9995875438234687
    },
    "8": {
      "User": 4,
      "n": 8,
      "EER": 0.003278688525478568,
      "AUC": 0.999672131147541
    },
    "9": {
      "User": 4,
      "n": 9,
      "EER": 0.0039525691712320584,
      "AUC": 0.999505928853755
    },
    "10": {
      "User": 4,
      "n": 10,
      "EER": 0.0,
      "AUC": 1.0
    }
  },
  "5": {
    "1": {
      "User": 5,
      "n": 1,
      "EER": 0.11442786069653384,
      "AUC": 0.9489267793220891
    },
    "2": {
      "User": 5,
      "n": 2,
      "EER": 0.08710407239767716,
      "AUC": 0.9701294620412266
    },
    "3": {
      "User": 5,
      "n": 3,
      "EER": 0.06469002695433697,
      "AUC": 0.9794198918442422
    },
    "4": {
      "User": 5,
      "n": 4,
      "EER": 0.08176100628866462,
      "AUC": 0.9821147798742138
    },
    "5": {
      "User": 5,
      "n": 5,
      "EER": 0.07407407407375619,
      "AUC": 0.9871364653243848
    },
    "6": {
      "User": 5,
      "n": 6,
      "EER": 0.058823529411593446,
      "AUC": 0.9934077079107505
    },
    "7": {
      "User": 5,
      "n": 7,
      "EER": 0.05093833780049482,
      "AUC": 0.9936069292637657
    },
    "8": {
      "User": 5,
      "n": 8,
      "EER": 0.006535947712692894,
      "AUC": 0.9981844589687727
    },
    "9": {
      "User": 5,
      "n": 9,
      "EER": 0.00395256917110904,
      "AUC": 0.9980237154150198
    },
    "10": {
      "User": 5,
      "n": 10,
      "EER": 0.0,
      "AUC": 1.0
    }
  },
  "6": {
    "1": {
      "User": 6,
      "n": 1,
      "EER": 0.12040043290085822,
      "AUC": 0.9577552586913819
    },
    "2": {
      "User": 6,
      "n": 2,
      "EER": 0.09965831435122942,
      "AUC": 0.9672048773951494
    },
    "3": {
      "User": 6,
      "n": 3,
      "EER": 0.08333333333311675,
      "AUC": 0.9791289933694998
    },
    "4": {
      "User": 6,
      "n": 4,
      "EER": 0.07142857142853215,
      "AUC": 0.9801637852593267
    },
    "5": {
      "User": 6,
      "n": 5,
      "EER": 0.07251264755597099,
      "AUC": 0.9828555368184373
    },
    "6": {
      "User": 6,
      "n": 6,
      "EER": 0.05206073752792725,
      "AUC": 0.984056399132321
    },
    "7": {
      "User": 6,
      "n": 7,
      "EER": 0.07142857142857106,
      "AUC": 0.983678955453149
    },
    "8": {
      "User": 6,
      "n": 8,
      "EER": 0.055374592834864976,
      "AUC": 0.9841205211726384
    },
    "9": {
      "User": 6,
      "n": 9,
      "EER": 0.046511627907569936,
      "AUC": 0.979328165374677
    },
    "10": {
      "User": 6,
      "n": 10,
      "EER": 0.041284403670318146,