{
  "n": [
    1,
    2,
    3,
    4,
    5,
    6,
    7,
    8,
    9,
    10,
    11,
    12,
    13,
    14,
    15,
    16,
    17,
    18,
    19,
    20,
    21,
    22,
    23,
    24,
    25,
    26,
    27,
    28,
    29,
    30,
    31,
    32,
    33,
    34,
    35,
    36,
    37,
    38,
    39,
    40,
    41,
    42,
    43,
    44,
    45,
    46,
    47,
    48,
    49
  ],
  "avg_eer": [
    0.15324423246813873,
    0.07991283914863953,
    0.05097293524129366,
    0.031831894753378755,
    0.0213825082933539,
    0.015161281094154006,
    0.007346325921534907,
    0.004695604469932176,
    0.002778577361070408,
    0.0024999999999999996,
    0.0007220216607298805,
    0.001574803149542787,
    0.003225806451612906,
    0.0009174311927650418,
    0.0,
    0.0,
    0.0,
    0.0,
    0.0,
    0.0,
    0.0,
    0.0,
    0.0,
    0.0,
    0.0,
    0.0,
    0.0,
    0.0,
    0.0,
    0.0,
    0.0,
    0.0,
    0.0,
    0.0,
    0.0,
    0.0,
    0.0,
    0.0,
    0.0,
    0.0,
    0.0,
    0.0,
    0.0,
    0.0,
    0.0,
    0.0,
    0.0,
    0.0,
    0.0
  ],
  "avg_auc": [
    0.921207097048374,
    0.9688831401071873,
    0.9865767181468028,
    0.9932298120610292,
    0.996710671673424,
    0.9988061381410279,
    0.9991726928078709,
    0.999485052459583,
    0.9998980072220155,
    0.9997459016393442,
    0.9999699157641396,
    0.9999522786924363,
    0.9998483595257788,
    0.9999672346002623,
    1.0,
    1.0,
    1.0,
    1.0,
    1.0,
    1.0,
    1.0,
    1.0,
    1.0,
    1.0,
    1.0,
    1.0,
    1.0,
    1.0,
    1.0,
    1.0,
    1.0,
    1.0,
    1.0,
    1.0,
    1.0,
    1.0,
    1.0,
    1.0,
    1.0,
    1.0,
    1.0,
    1.0,
    1.0,
    1.0,
    1.0,
    1.0,
    1.0,
    1.0,
    1.0
  ]
}