{
  "n": [
    1,
    2,
    3,
    4,
    5,
    6,
    7,
    8,
    9,
    10,
    11,
    12,
    13,
    14,
    15,
    16,
    17,
    18,
    19,
    20,
    21,
    22,
    23,
    24,
    25,
    26,
    27,
    28,
    29,
    30
  ],
  "avg_eer": [
    0.21987165085701274,
    0.19199713852760136,
    0.18248633979888354,
    0.1762694073556316,
    0.17150339531156794,
    0.15867014364706777,
    0.15945692696617209,
    0.16052642125055266,
    0.14972131525001892,
    0.15261779340476508,
    0.1395601967158548,
    0.13559300478307565,
    0.14188118992677806,
    0.13807444811869102,
    0.13402763677687923,
    0.12616929591153364,
    0.12282804100280546,
    0.10853428905772991,
    0.10515916681339174,
    0.1039730286653017,
    0.10648269975604178,
    0.10977372019545424,
    0.09375062179285923,
    0.08906816325548605,
    0.07632057281290076,
    0.06962752003283937,
    0.0521866690242304,
    0.04438630216763902,
    0.046278733923597486,
    0.03957260159796071
  ],
  "avg_auc": [
    0.8597847785158065,
    0.8849446074315029,
    0.8981258839780668,
    0.9059972339948242,
    0.9105011485923263,
    0.9155100358972307,
    0.9196560115541699,
    0.920629719190288,
    0.9273917493337291,
    0.9270153602084703,
    0.9308371325206644,
    0.935154272171356,
    0.93816748954847,
    0.9409794889231584,
    0.9411435441012463,
    0.9422376226234027,
    0.9444037853832258,
    0.9498179240282489,
    0.9522941964845236,
    0.9535467849927614,
    0.9527496013210733,
    0.9530615605498454,
    0.9586256663755408,
    0.9597598731911298,
    0.965919763587921,
    0.9699310593987855,
    0.9761028190098451,
    0.9779243728900813,
    0.9763173685409564,
    0.9790837749153601
  ]
}