{
    "n": [
      1,
      2,
      3,
      4,
      5,
      6,
      7,
      8,
      9,
      10,
      11,
      12,
      13,
      14,
      15
    ],
    "avg_eer": [
      0.10610807177864043,
      0.07487431649123424,
      0.05774332452039639,
      0.048157787325208354,
      0.03711344844303454,
      0.025977124922027632,
      0.024061887450346934,
      0.02046943306449423,
      0.014082472072824773,
      0.010562000260991737,
      0.009442079599472856,
      0.01002271144072825,
      0.007517702285997569,
      0.0025890238795498823,
      0.0028572886372045603
    ],
    "avg_auc": [
      0.9563884588981347,
      0.9758476101399802,
      0.9837379015228944,
      0.9876330393915961,
      0.9917497330188668,
      0.9944072214021038,
      0.996042373949782,
      0.9957457074034881,
      0.9973916999172623,
      0.998154983858601,
      0.9973343431853527,
      0.9972200366540106,
      0.9976452737729898,
      0.9995968905646325,
      0.9995575576013354
    ]
  }