{
    "n": [
      1,
      2,
      3,
      4,
      5,
      6,
      7,
      8,
      9,
      10,
      11,
      12,
      13,
      14,
      15
    ],
    "avg_eer": [
      0.10679478939462421,
      0.0758883410048696,
      0.05605739443092043,
      0.051078183662820076,
      0.04211532061843035,
      0.028410009322241785,
      0.02306050936664394,
      0.020067387419436332,
      0.014582316450148982,
      0.012002712877713474,
      0.011153087902089078,
      0.009438092838658372,
      0.0061728059939414655,
      0.0012987012987915579,
      0.001428644318726974
    ],
    "avg_auc": [
      0.9578658245920767,
      0.9763263377028919,
      0.9845423777754249,
      0.9876643566483043,
      0.9918353123534835,
      0.99512938332519,
      0.9954400629228315,
      0.995292011672676,
      0.9975665405167724,
      0.9981117793950602,
      0.9974868804491139,
      0.9975841485760701,
      0.9974929196413221,
      0.9998701298701299,
      0.9998187468262472
    ]
  }