{
  "n": [
    1,
    2,
    3,
    4,
    5,
    6,
    7,
    8,
    9,
    10,
    11,
    12,
    13,
    14,
    15,
    16,
    17,
    18,
    19,
    20,
    21,
    22,
    23,
    24,
    25,
    26,
    27,
    28,
    29,
    30
  ],
  "avg_eer": [
    0.1618020041466352,
    0.13811352609449434,
    0.12378153061534017,
    0.11445670116545181,
    0.10619004099292821,
    0.10314478376141067,
    0.10100252687528977,
    0.10197541278027825,
    0.08841225951749662,
    0.08745342149730198,
    0.08781758532183728,
    0.08281635842620508,
    0.07442006818957778,
    0.07879493413066743,
    0.07906875691602665,
    0.0770823470643984,
    0.07230957426269675,
    0.06499723825612821,
    0.06170881498630648,
    0.05830834070309528,
    0.05728700193736126,
    0.05460363005342478,
    0.05113938729296574,
    0.04747301463508163,
    0.039701689830717896,
    0.03429030556292674,
    0.02424024867526947,
    0.023276082562843067,
    0.021954309857105194,
    0.01918410640782418
  ],
  "avg_auc": [
    0.9120759880487954,
    0.9304016490762121,
    0.9402124574361688,
    0.9458100774476182,
    0.9499312085677294,
    0.9538947938879749,
    0.9555020306180724,
    0.955556118804209,
    0.9613872186667894,
    0.9604302974052876,
    0.9616812111015663,
    0.9636563052983622,
    0.9660595313057803,
    0.9655401890609566,
    0.9659267186392562,
    0.9665344961744704,
    0.9696199658159081,
    0.9732649509471862,
    0.9740862298335633,
    0.9746739400203058,
    0.9746484539609069,
    0.9727675691795195,
    0.9747368074502895,
    0.9758745899583949,
    0.9802532877230116,
    0.9828804045973589,
    0.9881818312313388,
    0.9871509660397232,
    0.9868964679433649,
    0.9874418511831282
  ]
}