timestamp,event,x,y,user,screen_width,screen_height
1490174561503,Mouse Moved,396.0,445.0,User17,766.0,766.0
1490174561503,Mouse Moved,387.0,428.0,User17,,
1490174561503,Mouse Moved,376.0,410.0,User17,,
1490174561505,Mouse Moved,365.0,387.0,User17,,
1490174561506,Mouse Moved,357.0,375.0,User17,,
1490174561506,Mouse Moved,346.0,357.0,User17,,
1490174561507,Mouse Moved,340.0,348.0,User17,,
1490174561507,Mouse Moved,332.0,335.0,User17,,
1490174561509,Mouse Moved,326.0,326.0,User17,,
1490174561509,Mouse Moved,323.0,319.0,User17,,
1490174561509,Mouse Moved,317.0,310.0,User17,,
1490174561510,Mouse Moved,313.0,300.0,User17,,
1490174561510,Mouse Moved,309.0,291.0,User17,,
1490174561517,Mouse Moved,304.0,281.0,User17,,
1490174561523,Mouse Moved,300.0,272.0,User17,,
1490174561523,Mouse Moved,297.0,268.0,User17,,
1490174561526,Mouse Moved,292.0,259.0,User17,,
1490174561526,Mouse Moved,289.0,254.0,User17,,
1490174561528,Mouse Moved,283.0,245.0,User17,,
1490174561528,Mouse Moved,278.0,236.0,User17,,
1490174561529,Mouse Moved,275.0,231.0,User17,,
1490174561529,Mouse Moved,271.0,227.0,User17,,
1490174561530,Mouse Moved,264.0,218.0,User17,,
1490174561532,Mouse Moved,261.0,211.0,User17,,
1490174561533,Mouse Moved,256.0,204.0,User17,,
1490174561549,Mouse Moved,250.0,197.0,User17,,
1490174561549,Mouse Moved,243.0,189.0,User17,,
1490174561553,Mouse Moved,239.0,182.0,User17,,
1490174561553,Mouse Moved,232.0,177.0,User17,,
1490174561556,Mouse Moved,228.0,172.0,User17,,
1490174561559,Mouse Moved,225.0,168.0,User17,,
1490174561559,Mouse Moved,222.0,166.0,User17,,
1490174561561,Mouse Moved,219.0,162.0,User17,,
1490174561573,Mouse Moved,217.0,161.0,User17,,
1490174561573,Mouse Moved,216.0,159.0,User17,,
1490174561752,Mouse Moved,216.0,158.0,User17,,
1490174562075,Mouse Moved,215.0,158.0,User17,,
1490174562085,Mouse Moved,214.0,159.0,User17,,
1490174562085,Mouse Moved,213.0,159.0,User17,,
1490174562107,Mouse Moved,212.0,159.0,User17,,
1490174562385,Mouse Moved,212.0,161.0,User17,,
1490174563006,Mouse Moved,212.0,160.0,User17,,
1490174563010,Mouse Moved,212.0,160.0,User17,,
1490174563019,Mouse Button.left Pressed,212.0,160.0,User17,,
1490174563081,Mouse Moved,212.0,160.0,User17,,
1490174563117,Mouse Button.left Released,212.0,160.0,User17,,
1490174563434,Mouse Moved,212.0,173.0,User17,,
1490174563496,Mouse Moved,213.0,178.0,User17,,
1490174563507,Mouse Moved,216.0,185.0,User17,,
1490174563512,Mouse Moved,218.0,186.0,User17,,
1490174563532,Mouse Moved,219.0,190.0,User17,,
1490174563621,Mouse Moved,222.0,194.0,User17,,
1490174563686,Mouse Moved,222.0,197.0,User17,,
1490174563704,Mouse Moved,223.0,198.0,User17,,
1490174563707,Mouse Moved,224.0,201.0,User17,,
1490174563734,Mouse Moved,224.0,202.0,User17,,
1490174563744,Mouse Moved,226.0,204.0,User17,,
1490174563765,Mouse Moved,227.0,206.0,User17,,
1490174563908,Mouse Moved,228.0,208.0,User17,,
1490174564023,Mouse Moved,229.0,209.0,User17,,
1490174564176,Mouse Moved,231.0,212.0,User17,,
1490174564426,Mouse Moved,232.0,215.0,User17,,
1490174564476,Mouse Moved,233.0,216.0,User17,,
1490174564486,Mouse Moved,233.0,217.0,User17,,
1490174564517,Mouse Moved,234.0,217.0,User17,,
1490174564519,Mouse Moved,234.0,218.0,User17,,
1490174564525,Mouse Moved,234.0,219.0,User17,,
1490174564526,Mouse Moved,236.0,219.0,User17,,
1490174564562,Mouse Moved,237.0,223.0,User17,,
1490174564644,Mouse Moved,240.0,230.0,User17,,
1490174564724,Mouse Moved,241.0,233.0,User17,,
1490174564734,Mouse Moved,245.0,239.0,User17,,
1490174564740,Mouse Moved,253.0,249.0,User17,,
1490174564752,Mouse Moved,258.0,259.0,User17,,
1490174564759,Mouse Moved,261.0,263.0,User17,,
1490174564765,Mouse Moved,269.0,272.0,User17,,
1490174564767,Mouse Moved,276.0,282.0,User17,,
1490174564769,Mouse Moved,287.0,292.0,User17,,
1490174564778,Mouse Moved,294.0,302.0,User17,,
1490174564832,Mouse Moved,309.0,314.0,User17,,
1490174564845,Mouse Moved,312.0,319.0,User17,,
1490174564848,Mouse Moved,315.0,320.0,User17,,
1490174564858,Mouse Moved,315.0,322.0,User17,,
1490174564921,Mouse Moved,316.0,320.0,User17,,
1490174564924,Mouse Moved,317.0,320.0,User17,,
1490174564940,Mouse Moved,317.0,321.0,User17,,
1490174565023,Mouse Moved,317.0,321.0,User17,,
1490174565039,Mouse Button.left Pressed,317.0,321.0,User17,,
1490174565055,Mouse Moved,317.0,321.0,User17,,
1490174565061,Mouse Button.left Released,317.0,321.0,User17,,
1490174565068,Mouse Moved,317.0,322.0,User17,,
1490174565092,Mouse Moved,313.0,329.0,User17,,
1490174565117,Mouse Moved,310.0,335.0,User17,,
1490174565121,Mouse Moved,299.0,349.0,User17,,
1490174565125,Mouse Moved,291.0,367.0,User17,,
1490174565130,Mouse Moved,281.0,385.0,User17,,
1490174565144,Mouse Moved,275.0,400.0,User17,,
1490174565148,Mouse Moved,275.0,408.0,User17,,
1490174565180,Mouse Moved,273.0,425.0,User17,,
1490174565319,Mouse Moved,273.0,439.0,User17,,
1490174565323,Mouse Moved,273.0,453.0,User17,,
1490174565367,Mouse Moved,275.0,469.0,User17,,
1490174565407,Mouse Moved,277.0,486.0,User17,,
1490174565578,Mouse Moved,282.0,511.0,User17,,
1490174565664,Mouse Moved,286.0,528.0,User17,,
1490174565746,Mouse Moved,293.0,550.0,User17,,
1490174565756,Mouse Moved,297.0,567.0,User17,,
1490174565760,Mouse Moved,303.0,585.0,User17,,
1490174565766,Mouse Moved,309.0,603.0,User17,,
1490174565766,Mouse Moved,311.0,612.0,User17,,
1490174565769,Mouse Moved,311.0,618.0,User17,,
1490174565776,Mouse Moved,311.0,619.0,User17,,
1490174565778,Mouse Moved,311.0,620.0,User17,,
1490174565792,Mouse Moved,311.0,621.0,User17,,
1490174565795,Mouse Moved,306.0,625.0,User17,,
1490174565823,Mouse Moved,292.0,630.0,User17,,
1490174565828,Mouse Moved,283.0,631.0,User17,,
1490174565829,Mouse Moved,274.0,633.0,User17,,
1490174565832,Mouse Moved,260.0,633.0,User17,,
1490174565858,Mouse Moved,252.0,633.0,User17,,
1490174565862,Mouse Moved,241.0,633.0,User17,,
1490174565871,Mouse Moved,232.0,633.0,User17,,
1490174565913,Mouse Moved,226.0,633.0,User17,,
1490174565923,Mouse Moved,222.0,633.0,User17,,
1490174565930,Mouse Moved,219.0,633.0,User17,,
1490174565933,Mouse Moved,218.0,633.0,User17,,
1490174565940,Mouse Moved,217.0,633.0,User17,,
1490174565964,Mouse Moved,216.0,633.0,User17,,
1490174565967,Mouse Moved,215.0,633.0,User17,,
1490174565980,Mouse Moved,209.0,630.0,User17,,
1490174566039,Mouse Moved,202.0,627.0,User17,,
1490174566045,Mouse Moved,201.0,627.0,User17,,
1490174566052,Mouse Moved,200.0,626.0,User17,,
1490174566095,Mouse Moved,197.0,624.0,User17,,
1490174566104,Mouse Moved,194.0,622.0,User17,,
1490174566131,Mouse Moved,192.0,620.0,User17,,
1490174566134,Mouse Moved,189.0,617.0,User17,,
1490174566135,Mouse Moved,182.0,614.0,User17,,
1490174566144,Mouse Moved,175.0,611.0,User17,,
1490174566147,Mouse Moved,168.0,605.0,User17,,
1490174566157,Mouse Moved,159.0,602.0,User17,,
1490174566158,Mouse Moved,154.0,598.0,User17,,
1490174566161,Mouse Moved,150.0,595.0,User17,,
1490174566171,Mouse Moved,147.0,594.0,User17,,
1490174566173,Mouse Moved,146.0,593.0,User17,,
1490174566191,Mouse Moved,145.0,592.0,User17,,
1490174566194,Mouse Moved,145.0,591.0,User17,,
1490174566209,Mouse Moved,144.0,591.0,User17,,
1490174566214,Mouse Moved,144.0,589.0,User17,,
1490174566229,Mouse Moved,144.0,588.0,User17,,
1490174566250,Mouse Moved,144.0,586.0,User17,,
1490174566256,Mouse Moved,144.0,585.0,User17,,
1490174566259,Mouse Moved,144.0,582.0,User17,,
1490174566269,Mouse Moved,144.0,578.0,User17,,
1490174566270,Mouse Moved,144.0,575.0,User17,,
1490174566273,Mouse Moved,144.0,569.0,User17,,
1490174566286,Mouse Moved,144.0,566.0,User17,,
1490174566286,Mouse Moved,144.0,562.0,User17,,
1490174566298,Mouse Moved,144.0,561.0,User17,,
1490174566318,Mouse Moved,144.0,560.0,User17,,
1490174566325,Mouse Moved,144.0,558.0,User17,,
1490174566326,Mouse Moved,144.0,557.0,User17,,
1490174566336,Mouse Moved,144.0,555.0,User17,,
1490174566338,Mouse Moved,144.0,552.0,User17,,
1490174566339,Mouse Moved,144.0,550.0,User17,,
1490174566348,Mouse Moved,144.0,545.0,User17,,
1490174566351,Mouse Moved,145.0,542.0,User17,,
1490174566361,Mouse Moved,145.0,540.0,User17,,
1490174566365,Mouse Moved,145.0,535.0,User17,,
1490174566375,Mouse Moved,145.0,533.0,User17,,
1490174566388,Mouse Moved,145.0,528.0,User17,,
1490174566391,Mouse Moved,145.0,526.0,User17,,
1490174566401,Mouse Moved,146.0,521.0,User17,,
1490174566428,Mouse Moved,146.0,519.0,User17,,
1490174566431,Mouse Moved,146.0,508.0,User17,,
1490174566434,Mouse Moved,148.0,499.0,User17,,
1490174566434,Mouse Moved,148.0,491.0,User17,,
1490174566446,Mouse Moved,152.0,482.0,User17,,
1490174566447,Mouse Moved,154.0,468.0,User17,,
1490174566460,Mouse Moved,158.0,456.0,User17,,
1490174566473,Mouse Moved,162.0,441.0,User17,,
1490174566476,Mouse Moved,166.0,422.0,User17,,
1490174566486,Mouse Moved,168.0,410.0,User17,,
1490174566490,Mouse Moved,172.0,396.0,User17,,
1490174566503,Mouse Moved,176.0,384.0,User17,,
1490174566516,Mouse Moved,180.0,370.0,User17,,
1490174566540,Mouse Moved,185.0,353.0,User17,,
1490174566615,Mouse Moved,187.0,341.0,User17,,
1490174566618,Mouse Moved,191.0,327.0,User17,,
1490174566624,Mouse Moved,197.0,315.0,User17,,
1490174566637,Mouse Moved,198.0,306.0,User17,,
1490174566671,Mouse Moved,202.0,294.0,User17,,
1490174566684,Mouse Moved,206.0,285.0,User17,,
1490174566710,Mouse Moved,208.0,280.0,User17,,
1490174566749,Mouse Moved,211.0,272.0,User17,,
1490174566802,Mouse Moved,213.0,267.0,User17,,
1490174566823,Mouse Moved,214.0,263.0,User17,,
1490174567053,Mouse Moved,215.0,262.0,User17,,
1490174567135,Mouse Moved,215.0,259.0,User17,,
1490174567239,Mouse Moved,216.0,258.0,User17,,
1490174567306,Mouse Moved,218.0,257.0,User17,,
1490174567450,Mouse Moved,218.0,256.0,User17,,
1490174567523,Mouse Moved,219.0,254.0,User17,,
1490174567654,Mouse Moved,222.0,247.0,User17,,
1490174567934,Mouse Moved,225.0,240.0,User17,,
1490174568121,Mouse Moved,459.0,234.0,User17,1536.0,775.0
1490174568151,Mouse Moved,471.0,216.0,User17,,
1490174568153,Mouse Moved,485.0,193.0,User17,,
1490174568154,Mouse Moved,509.0,168.0,User17,,
1490174568163,Mouse Moved,536.0,126.0,User17,,
1490174568164,Mouse Moved,564.0,86.0,User17,,
1490174568164,Mouse Moved,602.0,39.0,User17,,
1490174568165,Mouse Moved,624.0,4.0,User17,,
1490174568165,Mouse Moved,648.0,0.0,User17,,
1490174568167,Mouse Moved,644.0,14.0,User17,,
1490174568167,Mouse Moved,644.0,25.0,User17,,
1490174568217,Mouse Moved,640.0,39.0,User17,,
1490174568223,Mouse Moved,640.0,53.0,User17,,
1490174568240,Mouse Moved,640.0,67.0,User17,,
1490174568242,Mouse Moved,640.0,84.0,User17,,
1490174568243,Mouse Moved,640.0,98.0,User17,,
1490174568250,Mouse Moved,640.0,109.0,User17,,
1490174568255,Mouse Moved,640.0,120.0,User17,,
1490174568260,Mouse Moved,640.0,134.0,User17,,
1490174568303,Mouse Moved,636.0,140.0,User17,,
1490174568398,Mouse Moved,636.0,149.0,User17,,
1490174568401,Mouse Moved,636.0,150.0,User17,,
1490174568410,Mouse Moved,636.0,151.0,User17,,
1490174568415,Mouse Moved,636.0,152.0,User17,,
1490174568421,Mouse Moved,636.0,156.0,User17,,
1490174568430,Mouse Moved,636.0,157.0,User17,,
1490174568446,Mouse Moved,634.0,158.0,User17,,
1490174568448,Mouse Moved,634.0,159.0,User17,,
1490174568482,Mouse Moved,634.0,160.0,User17,,
1490174568535,Mouse Moved,634.0,162.0,User17,,
1490174568552,Mouse Moved,634.0,163.0,User17,,
1490174568553,Mouse Moved,634.0,164.0,User17,,
1490174568561,Mouse Moved,634.0,165.0,User17,,
1490174569742,Mouse Moved,700.0,167.0,User17,,
1490174569756,Mouse Moved,696.0,171.0,User17,,
1490174569762,Mouse Moved,695.0,172.0,User17,,
1490174569780,Mouse Moved,691.0,174.0,User17,,
1490174569782,Mouse Moved,688.0,177.0,User17,,
1490174569788,Mouse Moved,681.0,180.0,User17,,
1490174569808,Mouse Moved,676.0,185.0,User17,,
1490174569812,Mouse Moved,667.0,190.0,User17,,
1490174569822,Mouse Moved,660.0,194.0,User17,,
1490174569865,Mouse Moved,650.0,202.0,User17,,
1490174569891,Mouse Moved,640.0,210.0,User17,,
1490174569904,Mouse Moved,631.0,217.0,User17,,
1490174569914,Mouse Moved,610.0,236.0,User17,,
1490174569915,Mouse Moved,592.0,254.0,User17,,
1490174569918,Mouse Moved,576.0,272.0,User17,,
1490174569927,Mouse Moved,565.0,287.0,User17,,
1490174569957,Mouse Moved,557.0,304.0,User17,,
1490174569960,Mouse Moved,551.0,316.0,User17,,
1490174569966,Mouse Moved,544.0,331.0,User17,,
1490174569974,Mouse Moved,538.0,343.0,User17,,
1490174569976,Mouse Moved,532.0,363.0,User17,,
1490174569979,Mouse Moved,530.0,374.0,User17,,
1490174569982,Mouse Moved,528.0,394.0,User17,,
1490174569983,Mouse Moved,526.0,410.0,User17,,
1490174569986,Mouse Moved,523.0,432.0,User17,,
1490174569986,Mouse Moved,523.0,459.0,User17,,
1490174569990,Mouse Moved,521.0,479.0,User17,,
1490174569992,Mouse Moved,519.0,501.0,User17,,
1490174569996,Mouse Moved,517.0,520.0,User17,,
1490174570013,Mouse Moved,512.0,542.0,User17,,
1490174570015,Mouse Moved,510.0,562.0,User17,,
1490174570056,Mouse Moved,506.0,579.0,User17,,
1490174570059,Mouse Moved,504.0,595.0,User17,,
1490174570068,Mouse Moved,502.0,612.0,User17,,
1490174570076,Mouse Moved,498.0,632.0,User17,,
1490174570088,Mouse Moved,496.0,646.0,User17,,
1490174570089,Mouse Moved,492.0,658.0,User17,,
1490174570092,Mouse Moved,490.0,666.0,User17,,
1490174570094,Mouse Moved,488.0,680.0,User17,,
1490174570095,Mouse Moved,486.0,689.0,User17,,
1490174570098,Mouse Moved,482.0,701.0,User17,,
1490174570099,Mouse Moved,476.0,716.0,User17,,
1490174570125,Mouse Moved,467.0,731.0,User17,,
1490174570147,Mouse Moved,459.0,743.0,User17,,
1490174570171,Mouse Moved,446.0,763.0,User17,,
1490174570747,Mouse Moved,505.0,724.0,User17,,
1490174570765,Mouse Moved,528.0,715.0,User17,,
1490174570767,Mouse Moved,551.0,703.0,User17,,
1490174570786,Mouse Moved,574.0,692.0,User17,,
1490174570796,Mouse Moved,594.0,681.0,User17,,
1490174570798,Mouse Moved,614.0,670.0,User17,,
1490174570799,Mouse Moved,631.0,661.0,User17,,
1490174570806,Mouse Moved,643.0,655.0,User17,,
1490174570808,Mouse Moved,648.0,653.0,User17,,
1490174570831,Mouse Moved,651.0,650.0,User17,,
1490174570849,Mouse Moved,652.0,649.0,User17,,
1490174570852,Mouse Moved,652.0,648.0,User17,,
1490174570900,Mouse Moved,651.0,649.0,User17,,
1490174570904,Mouse Moved,651.0,649.0,User17,,
1490174570910,Mouse Button.left Pressed,651.0,649.0,User17,,
1490174570984,Mouse Moved,651.0,649.0,User17,,
1490174570989,Mouse Button.left Released,651.0,649.0,User17,,
1490174571098,Mouse Moved,647.0,649.0,User17,,
1490174571118,Mouse Moved,641.0,651.0,User17,,
1490174571125,Mouse Moved,640.0,651.0,User17,,
1490174571161,Mouse Moved,636.0,652.0,User17,,
1490174571163,Mouse Moved,634.0,652.0,User17,,
1490174571184,Mouse Moved,632.0,652.0,User17,,
1490174571233,Mouse Moved,630.0,652.0,User17,,
1490174571526,Mouse Moved,630.0,653.0,User17,,
1490174571556,Mouse Moved,620.0,656.0,User17,,
1490174571572,Mouse Moved,601.0,661.0,User17,,
1490174571586,Mouse Moved,588.0,665.0,User17,,
1490174571601,Mouse Moved,579.0,666.0,User17,,
1490174571618,Mouse Moved,564.0,671.0,User17,,
1490174571631,Mouse Moved,551.0,674.0,User17,,
1490174571648,Mouse Moved,533.0,682.0,User17,,
1490174571663,Mouse Moved,517.0,689.0,User17,,
1490174571683,Mouse Moved,499.0,694.0,User17,,
1490174571691,Mouse Moved,486.0,699.0,User17,,
1490174571709,Mouse Moved,481.0,701.0,User17,,
1490174571721,Mouse Moved,472.0,704.0,User17,,
1490174571736,Mouse Moved,467.0,705.0,User17,,
1490174571759,Mouse Moved,463.0,706.0,User17,,
1490174571767,Mouse Moved,460.0,708.0,User17,,
1490174571782,Mouse Moved,451.0,711.0,User17,,
1490174571798,Mouse Moved,444.0,712.0,User17,,
1490174571815,Mouse Moved,433.0,715.0,User17,,
1490174571828,Mouse Moved,424.0,718.0,User17,,
1490174571842,Mouse Moved,409.0,721.0,User17,,
1490174571862,Mouse Moved,400.0,723.0,User17,,
1490174571871,Mouse Moved,391.0,724.0,User17,,
1490174571887,Mouse Moved,387.0,726.0,User17,,
1490174571903,Mouse Moved,383.0,726.0,User17,,
1490174571918,Mouse Moved,378.0,727.0,User17,,
1490174571930,Mouse Moved,377.0,727.0,User17,,
1490174571947,Mouse Moved,373.0,729.0,User17,,
1490174571964,Mouse Moved,369.0,730.0,User17,,
1490174571980,Mouse Moved,368.0,730.0,User17,,
1490174572022,Mouse Moved,367.0,730.0,User17,,
1490174572039,Mouse Moved,364.0,730.0,User17,,
1490174572052,Mouse Moved,360.0,733.0,User17,,
1490174572066,Mouse Moved,351.0,736.0,User17,,
1490174572082,Mouse Moved,347.0,737.0,User17,,
1490174572098,Mouse Moved,346.0,737.0,User17,,
1490174572111,Mouse Moved,345.0,738.0,User17,,
1490174572130,Mouse Moved,344.0,738.0,User17,,
1490174572157,Mouse Moved,342.0,739.0,User17,,
1490174572173,Mouse Moved,341.0,739.0,User17,,
1490174572969,Mouse Moved,337.0,739.0,User17,,
1490174572993,Mouse Moved,326.0,730.0,User17,,
1490174573078,Mouse Moved,319.0,725.0,User17,,
1490174573098,Mouse Moved,296.0,702.0,User17,,
1490174573101,Mouse Moved,266.0,674.0,User17,,
1490174573101,Mouse Moved,234.0,640.0,User17,,
1490174573112,Mouse Moved,219.0,620.0,User17,,
1490174573118,Mouse Moved,208.0,607.0,User17,,
1490174573121,Mouse Moved,195.0,589.0,User17,,
1490174573122,Mouse Moved,187.0,580.0,User17,,
1490174573124,Mouse Moved,179.0,567.0,User17,,
1490174573132,Mouse Moved,170.0,552.0,User17,,
1490174573181,Mouse Moved,165.0,545.0,User17,,
1490174573206,Mouse Moved,159.0,536.0,User17,,
1490174573286,Mouse Moved,158.0,531.0,User17,,
1490174573289,Mouse Moved,154.0,523.0,User17,,
1490174573292,Mouse Moved,153.0,518.0,User17,,
1490174573306,Mouse Moved,149.0,509.0,User17,,
1490174573311,Mouse Moved,146.0,505.0,User17,,
1490174573312,Mouse Moved,145.0,499.0,User17,,
1490174573329,Mouse Moved,141.0,489.0,User17,,
1490174573346,Mouse Moved,137.0,480.0,User17,,
1490174573369,Mouse Moved,136.0,476.0,User17,,
1490174573380,Mouse Moved,132.0,467.0,User17,,
1490174573404,Mouse Moved,131.0,462.0,User17,,
1490174573407,Mouse Moved,129.0,458.0,User17,,
1490174573480,Mouse Moved,128.0,453.0,User17,,
1490174573507,Mouse Moved,128.0,452.0,User17,,
1490174573513,Mouse Moved,128.0,450.0,User17,,
1490174573515,Mouse Moved,127.0,449.0,User17,,
1490174573516,Mouse Moved,127.0,446.0,User17,,
1490174573529,Mouse Moved,127.0,445.0,User17,,
1490174573532,Mouse Moved,127.0,444.0,User17,,
1490174573533,Mouse Moved,127.0,443.0,User17,,
1490174573618,Mouse Moved,125.0,447.0,User17,,
1490174573624,Mouse Moved,117.0,466.0,User17,,
1490174573651,Mouse Moved,113.0,486.0,User17,,
1490174573727,Mouse Moved,111.0,503.0,User17,,
1490174573750,Mouse Moved,106.0,525.0,User17,,
1490174573766,Mouse Moved,102.0,552.0,User17,,
1490174573773,Mouse Moved,98.0,572.0,User17,,
1490174573782,Mouse Moved,95.0,591.0,User17,,
1490174573788,Mouse Moved,91.0,608.0,User17,,
1490174573790,Mouse Moved,89.0,625.0,User17,,
1490174573796,Mouse Moved,87.0,642.0,User17,,
1490174573803,Mouse Moved,83.0,656.0,User17,,
1490174573812,Mouse Moved,79.0,668.0,User17,,
1490174573819,Mouse Moved,75.0,677.0,User17,,
1490174573848,Mouse Moved,72.0,680.0,User17,,
1490174573855,Mouse Moved,69.0,685.0,User17,,
1490174573855,Mouse Moved,68.0,687.0,User17,,
1490174573858,Mouse Moved,65.0,692.0,User17,,
1490174573868,Mouse Moved,64.0,693.0,User17,,
1490174573872,Mouse Moved,62.0,694.0,User17,,
1490174573881,Mouse Moved,62.0,696.0,User17,,
1490174573898,Mouse Moved,61.0,696.0,User17,,
1490174573901,Mouse Moved,59.0,700.0,User17,,
1490174573904,Mouse Moved,57.0,702.0,User17,,
1490174573908,Mouse Moved,54.0,705.0,User17,,
1490174573911,Mouse Moved,49.0,712.0,User17,,
1490174574092,Mouse Moved,48.0,713.0,User17,,
1490174574115,Mouse Moved,47.0,714.0,User17,,
1490174574134,Mouse Moved,46.0,717.0,User17,,
1490174574134,Mouse Moved,44.0,718.0,User17,,
1490174574138,Mouse Moved,43.0,721.0,User17,,
1490174574138,Mouse Moved,40.0,724.0,User17,,
1490174574144,Mouse Moved,39.0,726.0,User17,,
1490174574148,Mouse Moved,39.0,728.0,User17,,
1490174574150,Mouse Moved,38.0,730.0,User17,,
1490174574151,Mouse Moved,36.0,731.0,User17,,
1490174574151,Mouse Moved,35.0,734.0,User17,,
1490174574154,Mouse Moved,34.0,737.0,User17,,
1490174574157,Mouse Moved,34.0,739.0,User17,,
1490174574164,Mouse Moved,32.0,742.0,User17,,
1490174574171,Mouse Moved,31.0,743.0,User17,,
1490174574177,Mouse Moved,31.0,744.0,User17,,
1490174574183,Mouse Moved,30.0,747.0,User17,,
1490174574201,Mouse Moved,30.0,748.0,User17,,
1490174574209,Mouse Moved,30.0,749.0,User17,,
1490174574210,Mouse Moved,30.0,750.0,User17,,
1490174574279,Mouse Moved,30.0,750.0,User17,,
1490174574364,Mouse Moved,30.0,750.0,User17,,
1490174574365,Mouse Button.left Released,30.0,750.0,User17,,
1490174575486,Mouse Moved,31.0,749.0,User17,,
1490174575506,Mouse Moved,45.0,729.0,User17,,
1490174575529,Mouse Moved,56.0,710.0,User17,,
1490174575533,Mouse Moved,64.0,700.0,User17,,
1490174575552,Mouse Moved,79.0,676.0,User17,,
1490174575572,Mouse Moved,108.0,633.0,User17,,
1490174575576,Mouse Moved,119.0,618.0,User17,,
1490174575592,Mouse Moved,132.0,601.0,User17,,
1490174575594,Mouse Moved,146.0,585.0,User17,,
1490174575615,Mouse Moved,161.0,567.0,User17,,
1490174575615,Mouse Moved,175.0,550.0,User17,,
1490174575622,Mouse Moved,187.0,537.0,User17,,
1490174575624,Mouse Moved,195.0,527.0,User17,,
1490174575637,Mouse Moved,203.0,517.0,User17,,
1490174575638,Mouse Moved,206.0,513.0,User17,,
1490174575651,Mouse Moved,215.0,504.0,User17,,
1490174575653,Mouse Moved,220.0,499.0,User17,,
1490174575667,Mouse Moved,225.0,494.0,User17,,
1490174575667,Mouse Moved,228.0,487.0,User17,,
1490174575687,Mouse Moved,235.0,482.0,User17,,
1490174575688,Mouse Moved,240.0,477.0,User17,,
1490174575710,Mouse Moved,243.0,473.0,User17,,
1490174575737,Mouse Moved,246.0,470.0,User17,,
1490174575740,Mouse Moved,249.0,467.0,User17,,
1490174575740,Mouse Moved,252.0,464.0,User17,,
1490174575742,Mouse Moved,253.0,463.0,User17,,
1490174575743,Mouse Moved,255.0,460.0,User17,,
1490174575744,Mouse Moved,257.0,459.0,User17,,
1490174575756,Mouse Moved,259.0,458.0,User17,,
1490174575773,Mouse Moved,261.0,455.0,User17,,
1490174575790,Mouse Moved,264.0,452.0,User17,,
1490174575802,Mouse Moved,265.0,451.0,User17,,
1490174575821,Mouse Moved,266.0,450.0,User17,,
1490174575835,Mouse Moved,267.0,450.0,User17,,
1490174575877,Mouse Moved,268.0,448.0,User17,,
1490174575894,Mouse Moved,272.0,444.0,User17,,
1490174575907,Mouse Moved,277.0,441.0,User17,,
1490174575907,Mouse Moved,278.0,440.0,User17,,
1490174575921,Mouse Moved,281.0,438.0,User17,,
1490174575924,Mouse Moved,282.0,436.0,User17,,
1490174575937,Mouse Moved,284.0,435.0,User17,,
1490174575950,Mouse Moved,286.0,434.0,User17,,
1490174575956,Mouse Moved,287.0,433.0,User17,,
1490174575969,Mouse Moved,288.0,433.0,User17,,
1490174575983,Mouse Moved,289.0,432.0,User17,,
1490174576086,Mouse Moved,290.0,430.0,User17,,
1490174576157,Mouse Moved,291.0,429.0,User17,,
1490174576161,Mouse Moved,294.0,427.0,User17,,
1490174576181,Mouse Moved,299.0,422.0,User17,,
1490174576200,Mouse Moved,306.0,414.0,User17,,
1490174576207,Mouse Moved,308.0,412.0,User17,,
1490174576210,Mouse Moved,312.0,407.0,User17,,
1490174576224,Mouse Moved,314.0,404.0,User17,,
1490174576239,Mouse Moved,315.0,403.0,User17,,
1490174576240,Mouse Moved,316.0,400.0,User17,,
1490174576252,Mouse Moved,317.0,399.0,User17,,
1490174576253,Mouse Moved,319.0,397.0,User17,,
1490174576267,Mouse Moved,320.0,396.0,User17,,
1490174576286,Mouse Moved,320.0,394.0,User17,,
1490174576289,Mouse Moved,321.0,392.0,User17,,
1490174576305,Mouse Moved,322.0,391.0,User17,,
1490174576312,Mouse Moved,323.0,388.0,User17,,
1490174576328,Mouse Moved,325.0,385.0,User17,,
1490174576395,Mouse Moved,326.0,384.0,User17,,
1490174576440,Mouse Moved,327.0,379.0,User17,,
1490174576453,Mouse Moved,329.0,377.0,User17,,
1490174576457,Mouse Moved,330.0,373.0,User17,,
1490174576461,Mouse Moved,331.0,372.0,User17,,
1490174576476,Mouse Moved,332.0,370.0,User17,,
1490174576477,Mouse Moved,332.0,369.0,User17,,
1490174576479,Mouse Moved,333.0,367.0,User17,,
1490174576497,Mouse Moved,333.0,365.0,User17,,
1490174576515,Mouse Moved,335.0,364.0,User17,,
1490174576522,Mouse Moved,335.0,363.0,User17,,
1490174576657,Mouse Moved,335.0,372.0,User17,,
1490174576671,Mouse Moved,335.0,379.0,User17,,
1490174576687,Mouse Moved,335.0,386.0,User17,,
1490174576701,Mouse Moved,335.0,390.0,User17,,
1490174576703,Mouse Moved,335.0,393.0,User17,,
1490174576719,Mouse Moved,335.0,399.0,User17,,
1490174576720,Mouse Moved,335.0,403.0,User17,,
1490174576740,Mouse Moved,335.0,408.0,User17,,
1490174576740,Mouse Moved,335.0,412.0,User17,,
1490174576747,Mouse Moved,335.0,415.0,User17,,
1490174576749,Mouse Moved,335.0,417.0,User17,,
1490174576763,Mouse Moved,335.0,418.0,User17,,
1490174576776,Mouse Moved,335.0,419.0,User17,,
1490174578181,Mouse Moved,336.0,419.0,User17,,
1490174578187,Mouse Moved,341.0,419.0,User17,,
1490174578203,Mouse Moved,345.0,418.0,User17,,
1490174578217,Mouse Moved,349.0,417.0,User17,,
1490174578237,Mouse Moved,350.0,417.0,User17,,
1490174578263,Mouse Moved,351.0,417.0,User17,,
1490174578512,Mouse Moved,351.0,418.0,User17,,
1490174578528,Mouse Moved,351.0,419.0,User17,,
1490174578546,Mouse Moved,350.0,425.0,User17,,
1490174578548,Mouse Moved,347.0,434.0,User17,,
1490174578562,Mouse Moved,345.0,437.0,User17,,
1490174578578,Mouse Moved,345.0,441.0,User17,,
1490174578581,Mouse Moved,344.0,451.0,User17,,
1490174578586,Mouse Moved,340.0,461.0,User17,,
1490174578601,Mouse Moved,336.0,470.0,User17,,
1490174578604,Mouse Moved,330.0,487.0,User17,,
1490174578618,Mouse Moved,321.0,505.0,User17,,
1490174578619,Mouse Moved,312.0,527.0,User17,,
1490174578622,Mouse Moved,301.0,547.0,User17,,
1490174578624,Mouse Moved,292.0,565.0,User17,,
1490174578644,Mouse Moved,284.0,577.0,User17,,
1490174578651,Mouse Moved,278.0,592.0,User17,,
1490174578654,Mouse Moved,270.0,604.0,User17,,
1490174578667,Mouse Moved,266.0,609.0,User17,,
1490174578668,Mouse Moved,261.0,615.0,User17,,
1490174578681,Mouse Moved,256.0,622.0,User17,,
1490174578684,Mouse Moved,251.0,627.0,User17,,
1490174578698,Mouse Moved,248.0,632.0,User17,,
1490174578700,Mouse Moved,244.0,637.0,User17,,
1490174578711,Mouse Moved,242.0,639.0,User17,,
1490174578713,Mouse Moved,241.0,640.0,User17,,
1490174578730,Mouse Moved,237.0,645.0,User17,,
1490174578730,Mouse Moved,236.0,646.0,User17,,
1490174578742,Mouse Moved,234.0,648.0,User17,,
1490174578756,Mouse Moved,232.0,650.0,User17,,
1490174578776,Mouse Moved,229.0,654.0,User17,,
1490174578779,Mouse Moved,226.0,657.0,User17,,
1490174578786,Mouse Moved,222.0,661.0,User17,,
1490174578802,Mouse Moved,218.0,665.0,User17,,
1490174578816,Mouse Moved,217.0,666.0,User17,,
1490174578832,Mouse Moved,214.0,669.0,User17,,
1490174578848,Mouse Moved,213.0,670.0,User17,,
1490174578878,Mouse Moved,209.0,674.0,User17,,
1490174578891,Mouse Moved,202.0,680.0,User17,,
1490174578914,Mouse Moved,196.0,686.0,User17,,
1490174578923,Mouse Moved,192.0,688.0,User17,,
1490174578937,Mouse Moved,192.0,689.0,User17,,
1490174578953,Mouse Moved,189.0,692.0,User17,,
1490174579118,Mouse Moved,190.0,692.0,User17,,
1490174584457,Mouse Moved,194.0,689.0,User17,,
1490174584460,Mouse Moved,205.0,684.0,User17,,
1490174584484,Mouse Moved,212.0,680.0,User17,,
1490174584487,Mouse Moved,221.0,677.0,User17,,
1490174584489,Mouse Moved,236.0,673.0,User17,,
1490174584490,Mouse Moved,248.0,669.0,User17,,
1490174584503,Mouse Moved,262.0,667.0,User17,,
1490174584505,Mouse Moved,279.0,662.0,User17,,
1490174584519,Mouse Moved,293.0,660.0,User17,,
1490174584528,Mouse Moved,307.0,660.0,User17,,
1490174584535,Mouse Moved,318.0,660.0,User17,,
1490174584548,Mouse Moved,329.0,660.0,User17,,
1490174584549,Mouse Moved,343.0,660.0,User17,,
1490174584562,Mouse Moved,354.0,660.0,User17,,
1490174584563,Mouse Moved,362.0,660.0,User17,,
1490174584582,Mouse Moved,371.0,662.0,User17,,
1490174584582,Mouse Moved,377.0,664.0,User17,,
1490174584592,Mouse Moved,382.0,667.0,User17,,
1490174584592,Mouse Moved,386.0,668.0,User17,,
1490174584607,Mouse Moved,390.0,671.0,User17,,
1490174584622,Mouse Moved,394.0,675.0,User17,,
1490174584638,Mouse Moved,399.0,678.0,User17,,
1490174584640,Mouse Moved,404.0,685.0,User17,,
1490174584653,Mouse Moved,409.0,692.0,User17,,
1490174584654,Mouse Moved,415.0,701.0,User17,,
1490174584670,Mouse Moved,420.0,706.0,User17,,
1490174584671,Mouse Moved,424.0,715.0,User17,,
1490174584684,Mouse Moved,429.0,725.0,User17,,
1490174584690,Mouse Moved,435.0,735.0,User17,,
1490174584697,Mouse Moved,440.0,742.0,User17,,
1490174584713,Mouse Moved,448.0,752.0,User17,,
1490174584717,Mouse Moved,451.0,756.0,User17,,
1490174584727,Mouse Moved,454.0,761.0,User17,,
1490174584730,Mouse Moved,456.0,762.0,User17,,
1490174584732,Mouse Moved,457.0,762.0,User17,,
1490174584759,Mouse Moved,457.0,763.0,User17,,
1490174584844,Mouse Moved,454.0,766.0,User17,,
1490174584846,Mouse Moved,448.0,769.0,User17,,
1490174584862,Mouse Moved,444.0,771.0,User17,,
1490174584878,Mouse Moved,443.0,773.0,User17,,
1490174584878,Mouse Moved,440.0,774.0,User17,,
1490174584892,Mouse Moved,437.0,774.0,User17,,
1490174586515,Mouse Moved,415.0,772.0,User17,,
1490174586542,Mouse Moved,414.0,769.0,User17,,
1490174586546,Mouse Moved,412.0,768.0,User17,,
1490174586572,Mouse Moved,411.0,767.0,User17,,
1490174586586,Mouse Moved,410.0,767.0,User17,,
1490174586611,Mouse Moved,410.0,766.0,User17,,
1490174586635,Mouse Moved,410.0,764.0,User17,,
1490174586661,Mouse Moved,410.0,763.0,User17,,
1490174586677,Mouse Moved,410.0,762.0,User17,,
1490174586709,Mouse Moved,410.0,760.0,User17,,
1490174586723,Mouse Moved,410.0,755.0,User17,,
1490174586724,Mouse Moved,412.0,749.0,User17,,
1490174586739,Mouse Moved,413.0,748.0,User17,,
1490174586740,Mouse Moved,414.0,745.0,User17,,
1490174586752,Mouse Moved,414.0,744.0,User17,,
1490174586775,Mouse Moved,415.0,741.0,User17,,
1490174586782,Mouse Moved,417.0,740.0,User17,,
1490174586790,Mouse Moved,418.0,738.0,User17,,
1490174586808,Mouse Moved,419.0,733.0,User17,,
1490174586809,Mouse Moved,422.0,732.0,User17,,
1490174586812,Mouse Moved,425.0,725.0,User17,,
1490174586813,Mouse Moved,429.0,719.0,User17,,
1490174586828,Mouse Moved,432.0,714.0,User17,,
1490174586829,Mouse Moved,435.0,709.0,User17,,
1490174586842,Mouse Moved,438.0,705.0,User17,,
1490174586845,Mouse Moved,439.0,702.0,User17,,
1490174586858,Mouse Moved,441.0,699.0,User17,,
1490174586864,Mouse Moved,442.0,696.0,User17,,
1490174586875,Mouse Moved,443.0,695.0,User17,,
1490174586888,Mouse Moved,445.0,694.0,User17,,
1490174586903,Mouse Moved,446.0,693.0,User17,,
1490174586938,Mouse Moved,446.0,692.0,User17,,
1490174586948,Mouse Moved,446.0,691.0,User17,,
1490174589709,Mouse Moved,443.0,696.0,User17,,
1490174589713,Mouse Moved,440.0,698.0,User17,,
1490174589734,Mouse Moved,439.0,702.0,User17,,
1490174589736,Mouse Moved,437.0,703.0,User17,,
1490174589737,Mouse Moved,433.0,709.0,User17,,
1490174589739,Mouse Moved,432.0,710.0,User17,,
1490174589756,Mouse Moved,429.0,714.0,User17,,
1490174589756,Mouse Moved,428.0,717.0,User17,,
1490174589769,Mouse Moved,425.0,720.0,User17,,
1490174589780,Mouse Moved,424.0,721.0,User17,,
1490174589786,Mouse Moved,422.0,722.0,User17,,
1490174589789,Mouse Moved,422.0,724.0,User17,,
1490174589812,Mouse Moved,421.0,726.0,User17,,
1490174589835,Mouse Moved,418.0,728.0,User17,,
1490174589845,Mouse Moved,415.0,734.0,User17,,
1490174589857,Mouse Moved,412.0,737.0,User17,,
1490174589858,Mouse Moved,411.0,738.0,User17,,
1490174589885,Mouse Moved,410.0,741.0,User17,,
1490174589887,Mouse Moved,409.0,742.0,User17,,
1490174589888,Mouse Moved,409.0,743.0,User17,,
1490174589926,Mouse Moved,407.0,743.0,User17,,
1490174589931,Mouse Moved,407.0,744.0,User17,,
1490174590013,Mouse Moved,408.0,744.0,User17,,
1490174590016,Mouse Moved,408.0,744.0,User17,,
1490174590023,Mouse Button.left Pressed,408.0,744.0,User17,,
1490174590127,Mouse Moved,408.0,744.0,User17,,
1490174590134,Mouse Button.left Released,408.0,744.0,User17,,
1490174590443,Mouse Moved,407.0,745.0,User17,,
1490174590473,Mouse Moved,406.0,748.0,User17,,
1490174590486,Mouse Moved,406.0,749.0,User17,,
1490174590503,Mouse Moved,406.0,750.0,User17,,
1490174590532,Mouse Moved,405.0,751.0,User17,,
1490174590548,Mouse Moved,405.0,753.0,User17,,
1490174590562,Mouse Moved,405.0,755.0,User17,,
1490174590578,Mouse Moved,404.0,756.0,User17,,
1490174590608,Mouse Moved,404.0,757.0,User17,,
1490174590625,Mouse Moved,404.0,759.0,User17,,
1490174590664,Mouse Moved,404.0,760.0,User17,,
1490174590678,Mouse Moved,404.0,761.0,User17,,
1490174590714,Mouse Moved,403.0,762.0,User17,,
1490174591033,Mouse Moved,403.0,761.0,User17,,
1490174591046,Mouse Moved,403.0,761.0,User17,,
1490174591048,Mouse Button.left Pressed,403.0,761.0,User17,,
1490174591122,Mouse Moved,403.0,761.0,User17,,
1490174591124,Mouse Button.left Released,403.0,761.0,User17,,
1490174591387,Mouse Moved,403.0,763.0,User17,,
1490174591944,Mouse Moved,403.0,762.0,User17,,
1490174591957,Mouse Moved,398.0,747.0,User17,,
1490174591960,Mouse Moved,392.0,696.0,User17,,
1490174591973,Mouse Moved,385.0,627.0,User17,,
1490174591973,Mouse Moved,374.0,541.0,User17,,
1490174591987,Mouse Moved,363.0,466.0,User17,,
1490174591989,Mouse Moved,348.0,379.0,User17,,
1490174592003,Mouse Moved,333.0,287.0,User17,,
1490174592005,Mouse Moved,321.0,201.0,User17,,
1490174592017,Mouse Moved,311.0,137.0,User17,,
1490174592032,Mouse Moved,308.0,80.0,User17,,
1490174592033,Mouse Moved,308.0,30.0,User17,,
1490174592302,Mouse Moved,530.0,0.0,User17,,
1490174592303,Mouse Moved,533.0,1.0,User17,,
1490174592316,Mouse Moved,534.0,3.0,User17,,
1490174592332,Mouse Moved,537.0,5.0,User17,,
1490174592348,Mouse Moved,538.0,8.0,User17,,
1490174592362,Mouse Moved,538.0,10.0,User17,,
1490174592364,Mouse Moved,538.0,15.0,User17,,
1490174592378,Mouse Moved,538.0,19.0,User17,,
1490174592380,Mouse Moved,537.0,27.0,User17,,
1490174592391,Mouse Moved,533.0,37.0,User17,,
1490174592392,Mouse Moved,527.0,46.0,User17,,
1490174592407,Mouse Moved,524.0,55.0,User17,,
1490174592407,Mouse Moved,518.0,65.0,User17,,
1490174592424,Mouse Moved,509.0,80.0,User17,,
1490174592424,Mouse Moved,504.0,89.0,User17,,
1490174592437,Mouse Moved,490.0,105.0,User17,,
1490174592453,Mouse Moved,483.0,115.0,User17,,
1490174592453,Mouse Moved,465.0,133.0,User17,,
1490174592467,Mouse Moved,454.0,148.0,User17,,
1490174592469,Mouse Moved,441.0,160.0,User17,,
1490174592482,Mouse Moved,433.0,170.0,User17,,
1490174592483,Mouse Moved,426.0,178.0,User17,,
1490174592496,Mouse Moved,418.0,187.0,User17,,
1490174592497,Mouse Moved,410.0,197.0,User17,,
1490174592512,Mouse Moved,405.0,202.0,User17,,
1490174592513,Mouse Moved,402.0,207.0,User17,,
1490174592526,Mouse Moved,398.0,211.0,User17,,
1490174592528,Mouse Moved,394.0,218.0,User17,,
1490174592542,Mouse Moved,393.0,219.0,User17,,
1490174592543,Mouse Moved,390.0,223.0,User17,,
1490174592558,Mouse Moved,389.0,226.0,User17,,
1490174592559,Mouse Moved,388.0,227.0,User17,,
1490174592573,Mouse Moved,388.0,228.0,User17,,
1490174592575,Mouse Moved,386.0,231.0,User17,,
1490174592588,Mouse Moved,385.0,232.0,User17,,
1490174592601,Mouse Moved,383.0,235.0,User17,,
1490174592618,Mouse Moved,374.0,244.0,User17,,
1490174592631,Mouse Moved,372.0,245.0,User17,,
1490174592632,Mouse Moved,366.0,251.0,User17,,
1490174592634,Mouse Moved,362.0,256.0,User17,,
1490174592648,Mouse Moved,357.0,259.0,User17,,
1490174592648,Mouse Moved,356.0,262.0,User17,,
1490174592663,Mouse Moved,353.0,263.0,User17,,
1490174592677,Mouse Moved,348.0,268.0,User17,,
1490174592678,Mouse Moved,345.0,269.0,User17,,
1490174592691,Mouse Moved,344.0,270.0,User17,,
1490174592693,Mouse Moved,342.0,272.0,User17,,
1490174592707,Mouse Moved,339.0,273.0,User17,,
1490174592709,Mouse Moved,338.0,274.0,User17,,
1490174592723,Mouse Moved,336.0,275.0,User17,,
1490174592723,Mouse Moved,335.0,275.0,User17,,
1490174592785,Mouse Moved,334.0,277.0,User17,,
1490174592813,Mouse Moved,333.0,277.0,User17,,
1490174592828,Mouse Moved,330.0,278.0,User17,,
1490174593007,Mouse Moved,329.0,278.0,User17,,
1490174593217,Mouse Moved,329.0,277.0,User17,,
1490174593250,Mouse Moved,329.0,276.0,User17,,
1490174593292,Mouse Moved,329.0,274.0,User17,,
1490174593308,Mouse Moved,329.0,273.0,User17,,
1490174593328,Mouse Moved,329.0,271.0,User17,,
1490174593338,Mouse Moved,329.0,270.0,User17,,
1490174593368,Mouse Moved,329.0,268.0,User17,,
1490174593382,Mouse Moved,330.0,267.0,User17,,
1490174593401,Mouse Moved,330.0,265.0,User17,,
1490174593428,Mouse Moved,332.0,262.0,User17,,
1490174593443,Mouse Moved,333.0,261.0,User17,,
1490174594644,Mouse Moved,334.0,255.0,User17,,
1490174594658,Mouse Moved,342.0,239.0,User17,,
1490174594673,Mouse Moved,350.0,226.0,User17,,
1490174594688,Mouse Moved,360.0,214.0,User17,,
1490174594703,Mouse Moved,370.0,204.0,User17,,
1490174594717,Mouse Moved,390.0,186.0,User17,,
1490174594733,Mouse Moved,416.0,165.0,User17,,
1490174594747,Mouse Moved,432.0,152.0,User17,,
1490174594763,Mouse Moved,462.0,133.0,User17,,
1490174594779,Mouse Moved,477.0,124.0,User17,,
1490174594779,Mouse Moved,495.0,113.0,User17,,
1490174594792,Mouse Moved,512.0,102.0,User17,,
1490174594792,Mouse Moved,525.0,96.0,User17,,
1490174594808,Mouse Moved,534.0,91.0,User17,,
1490174594809,Mouse Moved,541.0,85.0,User17,,
1490174594825,Mouse Moved,546.0,82.0,User17,,
1490174594825,Mouse Moved,555.0,77.0,User17,,
1490174594838,Mouse Moved,559.0,74.0,User17,,
1490174594839,Mouse Moved,562.0,72.0,User17,,
1490174594852,Mouse Moved,567.0,69.0,User17,,
1490174594854,Mouse Moved,571.0,66.0,User17,,
1490174594868,Mouse Moved,574.0,66.0,User17,,
1490174594882,Mouse Moved,578.0,63.0,User17,,
1490174594884,Mouse Moved,580.0,62.0,User17,,
1490174594898,Mouse Moved,582.0,62.0,User17,,
1490174594900,Mouse Moved,587.0,59.0,User17,,
1490174594901,Mouse Moved,589.0,59.0,User17,,
1490174594911,Mouse Moved,590.0,58.0,User17,,
1490174594927,Mouse Moved,593.0,57.0,User17,,
1490174594928,Mouse Moved,596.0,57.0,User17,,
1490174594941,Mouse Moved,597.0,55.0,User17,,
1490174594943,Mouse Moved,601.0,54.0,User17,,
1490174594957,Mouse Moved,603.0,54.0,User17,,
1490174594959,Mouse Moved,606.0,54.0,User17,,
1490174594973,Mouse Moved,609.0,53.0,User17,,
1490174594973,Mouse Moved,613.0,53.0,User17,,
1490174594987,Mouse Moved,616.0,53.0,User17,,
1490174594989,Mouse Moved,617.0,51.0,User17,,
1490174595003,Mouse Moved,618.0,51.0,User17,,
1490174595003,Mouse Moved,619.0,51.0,User17,,
1490174595019,Mouse Moved,622.0,51.0,User17,,
1490174595032,Mouse Moved,624.0,51.0,User17,,
1490174595048,Mouse Moved,627.0,51.0,User17,,
1490174595062,Mouse Moved,628.0,51.0,User17,,
1490174595078,Mouse Moved,632.0,53.0,User17,,
1490174595094,Mouse Moved,637.0,54.0,User17,,
1490174595108,Mouse Moved,639.0,54.0,User17,,
1490174595108,Mouse Moved,648.0,56.0,User17,,
1490174595121,Mouse Moved,654.0,58.0,User17,,
1490174595122,Mouse Moved,658.0,58.0,User17,,
1490174595138,Mouse Moved,667.0,59.0,User17,,
1490174595138,Mouse Moved,675.0,59.0,User17,,
1490174595153,Mouse Moved,684.0,59.0,User17,,
1490174595154,Mouse Moved,688.0,59.0,User17,,
1490174595168,Mouse Moved,697.0,59.0,User17,,
1490174595184,Mouse Moved,706.0,59.0,User17,,
1490174595197,Mouse Moved,711.0,59.0,User17,,
1490174595213,Mouse Moved,712.0,58.0,User17,,
1490174595227,Mouse Moved,714.0,58.0,User17,,
1490174595243,Mouse Moved,715.0,57.0,User17,,
1490174595259,Mouse Moved,716.0,57.0,User17,,
1490174595289,Mouse Moved,719.0,53.0,User17,,
1490174595305,Mouse Moved,720.0,52.0,User17,,
1490174595316,Mouse Moved,721.0,49.0,User17,,
1490174595334,Mouse Moved,721.0,48.0,User17,,
1490174595351,Mouse Moved,722.0,47.0,User17,,
1490174595364,Mouse Moved,724.0,43.0,User17,,
1490174595378,Mouse Moved,725.0,40.0,User17,,
1490174595392,Mouse Moved,728.0,34.0,User17,,
1490174595394,Mouse Moved,730.0,31.0,User17,,
1490174595410,Mouse Moved,731.0,24.0,User17,,
1490174595421,Mouse Moved,734.0,20.0,User17,,
1490174595438,Mouse Moved,735.0,16.0,User17,,
1490174595453,Mouse Moved,737.0,12.0,User17,,
1490174595470,Mouse Moved,740.0,11.0,User17,,
1490174595483,Mouse Moved,743.0,7.0,User17,,
1490174595499,Mouse Moved,743.0,6.0,User17,,
1490174595753,Mouse Moved,743.0,7.0,User17,,
1490174595795,Mouse Moved,743.0,10.0,User17,,
1490174595798,Mouse Moved,741.0,12.0,User17,,
1490174595812,Mouse Moved,741.0,15.0,User17,,
1490174595828,Mouse Moved,740.0,16.0,User17,,
1490174595844,Mouse Moved,740.0,19.0,User17,,
1490174595858,Mouse Moved,739.0,20.0,User17,,
1490174595974,Mouse Moved,739.0,19.0,User17,,
1490174595976,Mouse Moved,739.0,19.0,User17,,
1490174596058,Mouse Moved,739.0,19.0,User17,,
1490174596059,Mouse Button.left Released,739.0,19.0,User17,,
1490174597283,Mouse Moved,738.0,21.0,User17,,
1490174597299,Mouse Moved,735.0,24.0,User17,,
1490174597312,Mouse Moved,731.0,27.0,User17,,
1490174597328,Mouse Moved,728.0,30.0,User17,,
1490174597329,Mouse Moved,721.0,33.0,User17,,
1490174597342,Mouse Moved,709.0,39.0,User17,,
1490174597358,Mouse Moved,700.0,43.0,User17,,
1490174597358,Mouse Moved,690.0,48.0,User17,,
1490174597374,Mouse Moved,661.0,61.0,User17,,
1490174597388,Mouse Moved,634.0,73.0,User17,,
1490174597403,Mouse Moved,614.0,82.0,User17,,
1490174597404,Mouse Moved,597.0,88.0,User17,,
1490174597418,Mouse Moved,575.0,97.0,User17,,
1490174597420,Mouse Moved,545.0,110.0,User17,,
1490174597433,Mouse Moved,525.0,118.0,User17,,
1490174597434,Mouse Moved,496.0,131.0,User17,,
1490174597448,Mouse Moved,476.0,139.0,User17,,
1490174597450,Mouse Moved,456.0,148.0,User17,,
1490174597463,Mouse Moved,442.0,155.0,User17,,
1490174597463,Mouse Moved,430.0,159.0,User17,,
1490174597480,Mouse Moved,418.0,165.0,User17,,
1490174597480,Mouse Moved,409.0,168.0,User17,,
1490174597493,Mouse Moved,404.0,170.0,User17,,
1490174597493,Mouse Moved,400.0,173.0,User17,,
1490174597509,Mouse Moved,395.0,174.0,User17,,
1490174597509,Mouse Moved,390.0,177.0,User17,,
1490174597525,Mouse Moved,386.0,179.0,User17,,
1490174597526,Mouse Moved,379.0,182.0,User17,,
1490174597538,Mouse Moved,378.0,182.0,User17,,
1490174597553,Mouse Moved,374.0,185.0,User17,,
1490174597555,Mouse Moved,368.0,188.0,User17,,
1490174597568,Mouse Moved,367.0,188.0,User17,,
1490174597569,Mouse Moved,362.0,191.0,User17,,
1490174597582,Mouse Moved,360.0,192.0,User17,,
1490174597584,Mouse Moved,358.0,192.0,User17,,
1490174597598,Mouse Moved,356.0,194.0,User17,,
1490174597598,Mouse Moved,355.0,195.0,User17,,
1490174597612,Mouse Moved,352.0,196.0,User17,,
1490174597614,Mouse Moved,349.0,197.0,User17,,
1490174597628,Mouse Moved,347.0,199.0,User17,,
1490174597628,Mouse Moved,345.0,200.0,User17,,
1490174597642,Mouse Moved,343.0,201.0,User17,,
1490174597644,Mouse Moved,340.0,203.0,User17,,
1490174597657,Mouse Moved,339.0,204.0,User17,,
1490174597658,Mouse Moved,336.0,205.0,User17,,
1490174597671,Mouse Moved,335.0,206.0,User17,,
1490174597673,Mouse Moved,334.0,207.0,User17,,
1490174597687,Mouse Moved,333.0,209.0,User17,,
1490174597709,Mouse Moved,332.0,209.0,User17,,
1490174597747,Mouse Moved,332.0,210.0,User17,,
1490174597778,Mouse Moved,331.0,210.0,User17,,
1490174597792,Mouse Moved,328.0,211.0,User17,,
1490174597808,Mouse Moved,327.0,212.0,User17,,
1490174597838,Mouse Moved,326.0,213.0,User17,,
1490174597852,Mouse Moved,324.0,215.0,User17,,
1490174597884,Mouse Moved,323.0,216.0,User17,,
1490174598634,Mouse Moved,322.0,218.0,User17,,
1490174598648,Mouse Moved,311.0,234.0,User17,,
1490174598664,Mouse Moved,303.0,246.0,User17,,
1490174598680,Mouse Moved,298.0,257.0,User17,,
1490174598691,Mouse Moved,296.0,262.0,User17,,
1490174598707,Mouse Moved,293.0,266.0,User17,,
1490174598723,Mouse Moved,292.0,275.0,User17,,
1490174598740,Mouse Moved,287.0,285.0,User17,,
1490174598753,Mouse Moved,285.0,294.0,User17,,
1490174598767,Mouse Moved,282.0,303.0,User17,,
1490174598782,Mouse Moved,281.0,310.0,User17,,
1490174598799,Mouse Moved,278.0,316.0,User17,,
1490174598813,Mouse Moved,278.0,317.0,User17,,
1490174598828,Mouse Moved,278.0,318.0,User17,,
1490174620473,Mouse Moved,328.0,311.0,User17,,
1490174620490,Mouse Moved,370.0,306.0,User17,,
1490174620490,Mouse Moved,397.0,306.0,User17,,
1490174620503,Mouse Moved,416.0,306.0,User17,,
1490174620505,Mouse Moved,422.0,306.0,User17,,
1490174620519,Mouse Moved,426.0,306.0,User17,,
1490174620519,Mouse Moved,431.0,304.0,User17,,
1490174620532,Mouse Moved,432.0,304.0,User17,,
1490174620533,Mouse Moved,435.0,304.0,User17,,
1490174620548,Mouse Moved,441.0,304.0,User17,,
1490174620565,Mouse Moved,447.0,306.0,User17,,
1490174620566,Mouse Moved,456.0,308.0,User17,,
1490174620578,Mouse Moved,465.0,311.0,User17,,
1490174620578,Mouse Moved,470.0,314.0,User17,,
1490174620594,Mouse Moved,478.0,318.0,User17,,
1490174620595,Mouse Moved,488.0,323.0,User17,,
1490174620608,Mouse Moved,493.0,327.0,User17,,
1490174620609,Mouse Moved,502.0,334.0,User17,,
1490174620622,Mouse Moved,506.0,338.0,User17,,
1490174620624,Mouse Moved,512.0,346.0,User17,,
1490174620638,Mouse Moved,516.0,350.0,User17,,
1490174620638,Mouse Moved,521.0,355.0,User17,,
1490174620654,Mouse Moved,526.0,360.0,User17,,
1490174620654,Mouse Moved,529.0,361.0,User17,,
1490174620667,Mouse Moved,535.0,366.0,User17,,
1490174620668,Mouse Moved,545.0,372.0,User17,,
1490174620684,Mouse Moved,554.0,376.0,User17,,
1490174620684,Mouse Moved,564.0,381.0,User17,,
1490174620697,Mouse Moved,573.0,385.0,User17,,
1490174620698,Mouse Moved,576.0,388.0,User17,,
1490174620714,Mouse Moved,580.0,390.0,User17,,
1490174620716,Mouse Moved,582.0,392.0,User17,,
1490174620744,Mouse Moved,583.0,395.0,User17,,
1490174620746,Mouse Moved,585.0,398.0,User17,,
1490174620746,Mouse Moved,592.0,409.0,User17,,
1490174620757,Mouse Moved,600.0,421.0,User17,,
1490174620776,Mouse Moved,610.0,429.0,User17,,
1490174620776,Mouse Moved,625.0,442.0,User17,,
1490174620789,Mouse Moved,640.0,453.0,User17,,
1490174620789,Mouse Moved,648.0,458.0,User17,,
1490174620802,Mouse Moved,657.0,464.0,User17,,
1490174620803,Mouse Moved,662.0,467.0,User17,,
1490174620818,Mouse Moved,671.0,473.0,User17,,
1490174620819,Mouse Moved,672.0,474.0,User17,,
1490174620834,Mouse Moved,676.0,476.0,User17,,
1490174620835,Mouse Moved,677.0,478.0,User17,,
1490174620848,Mouse Moved,680.0,480.0,User17,,
1490174620849,Mouse Moved,681.0,481.0,User17,,
1490174620864,Mouse Moved,682.0,481.0,User17,,
1490174620894,Mouse Moved,683.0,483.0,User17,,
1490174620940,Mouse Moved,684.0,484.0,User17,,
1490174620969,Mouse Moved,685.0,484.0,User17,,
1490174621000,Mouse Moved,689.0,486.0,User17,,
1490174621000,Mouse Moved,691.0,486.0,User17,,
1490174621058,Mouse Moved,695.0,488.0,User17,,
1490174621073,Mouse Moved,699.0,489.0,User17,,
1490174621075,Mouse Moved,702.0,489.0,User17,,
1490174621088,Mouse Moved,703.0,489.0,User17,,
1490174621088,Mouse Moved,705.0,490.0,User17,,
1490174621105,Mouse Moved,707.0,490.0,User17,,
1490174621105,Mouse Moved,708.0,490.0,User17,,
1490174621118,Mouse Moved,709.0,490.0,User17,,
1490174621132,Mouse Moved,710.0,490.0,User17,,
1490174621203,Mouse Moved,710.0,490.0,User17,,
1490174621204,Mouse Button.left Pressed,710.0,490.0,User17,,
1490174621289,Mouse Moved,710.0,490.0,User17,,
1490174621480,Mouse Moved,705.0,489.0,User17,,
1490174621480,Mouse Moved,700.0,488.0,User17,,
1490174621496,Mouse Moved,680.0,478.0,User17,,
1490174621509,Mouse Moved,656.0,468.0,User17,,
1490174621523,Mouse Moved,644.0,462.0,User17,,
1490174621525,Mouse Moved,634.0,459.0,User17,,
1490174621539,Mouse Moved,620.0,450.0,User17,,
1490174621539,Mouse Moved,608.0,444.0,User17,,
1490174621553,Mouse Moved,593.0,438.0,User17,,
1490174621555,Mouse Moved,581.0,432.0,User17,,
1490174621569,Mouse Moved,566.0,423.0,User17,,
1490174621582,Mouse Moved,551.0,417.0,User17,,
1490174621584,Mouse Moved,537.0,411.0,User17,,
1490174621598,Mouse Moved,530.0,405.0,User17,,
1490174621598,Mouse Moved,515.0,399.0,User17,,
1490174621614,Mouse Moved,501.0,395.0,User17,,
1490174621615,Mouse Moved,489.0,389.0,User17,,
1490174621630,Mouse Moved,474.0,383.0,User17,,
1490174621630,Mouse Moved,464.0,377.0,User17,,
1490174621644,Mouse Moved,452.0,371.0,User17,,
1490174621644,Mouse Moved,443.0,367.0,User17,,
1490174621658,Mouse Moved,436.0,364.0,User17,,
1490174621660,Mouse Moved,432.0,361.0,User17,,
1490174621674,Mouse Moved,425.0,357.0,User17,,
1490174621674,Mouse Moved,421.0,356.0,User17,,
1490174621694,Mouse Moved,412.0,351.0,User17,,
1490174621694,Mouse Moved,400.0,345.0,User17,,
1490174621706,Mouse Moved,388.0,339.0,User17,,
1490174621720,Mouse Moved,373.0,332.0,User17,,
1490174621720,Mouse Moved,353.0,319.0,User17,,
1490174621733,Mouse Moved,343.0,315.0,User17,,
1490174621734,Mouse Moved,339.0,312.0,User17,,
1490174621749,Mouse Moved,334.0,307.0,User17,,
1490174621750,Mouse Moved,329.0,304.0,User17,,
1490174621766,Mouse Moved,323.0,301.0,User17,,
1490174621767,Mouse Moved,318.0,298.0,User17,,
1490174621779,Mouse Moved,314.0,295.0,User17,,
1490174621779,Mouse Moved,309.0,292.0,User17,,
1490174621795,Mouse Moved,308.0,291.0,User17,,
1490174621809,Mouse Moved,307.0,291.0,User17,,
1490174621825,Mouse Moved,306.0,289.0,User17,,
1490174621838,Mouse Moved,305.0,288.0,User17,,
1490174621852,Mouse Moved,303.0,286.0,User17,,
1490174621868,Mouse Moved,302.0,281.0,User17,,
1490174621884,Mouse Moved,300.0,278.0,User17,,
1490174621900,Mouse Moved,300.0,277.0,User17,,
1490174621901,Mouse Moved,299.0,276.0,User17,,
1490174621913,Mouse Moved,299.0,274.0,User17,,
1490174621927,Mouse Moved,301.0,271.0,User17,,
1490174621943,Mouse Moved,305.0,268.0,User17,,
1490174621944,Mouse Moved,308.0,266.0,User17,,
1490174621960,Mouse Moved,314.0,265.0,User17,,
1490174621960,Mouse Moved,321.0,263.0,User17,,
1490174621976,Mouse Moved,329.0,263.0,User17,,
1490174621977,Mouse Moved,337.0,263.0,User17,,
1490174621989,Mouse Moved,351.0,263.0,User17,,
1490174621990,Mouse Moved,365.0,265.0,User17,,
1490174622003,Mouse Moved,380.0,271.0,User17,,
1490174622019,Mouse Moved,392.0,278.0,User17,,
1490174622019,Mouse Moved,412.0,286.0,User17,,
1490174622033,Mouse Moved,430.0,297.0,User17,,
1490174622035,Mouse Moved,450.0,306.0,User17,,
1490174622049,Mouse Moved,470.0,322.0,User17,,
1490174622051,Mouse Moved,491.0,338.0,User17,,
1490174622063,Mouse Moved,503.0,351.0,User17,,
1490174622065,Mouse Moved,521.0,369.0,User17,,
1490174622079,Mouse Moved,537.0,382.0,User17,,
1490174622081,Mouse Moved,547.0,397.0,User17,,
1490174622094,Mouse Moved,558.0,410.0,User17,,
1490174622095,Mouse Moved,566.0,419.0,User17,,
1490174622108,Mouse Moved,573.0,427.0,User17,,
1490174622109,Mouse Moved,576.0,434.0,User17,,
1490174622124,Mouse Moved,584.0,441.0,User17,,
1490174622125,Mouse Moved,589.0,446.0,User17,,
1490174622140,Mouse Moved,592.0,450.0,User17,,
1490174622141,Mouse Moved,593.0,451.0,User17,,
1490174622154,Mouse Moved,594.0,454.0,User17,,
1490174622154,Mouse Moved,595.0,455.0,User17,,
1490174622168,Mouse Moved,596.0,456.0,User17,,
1490174622183,Mouse Moved,598.0,459.0,User17,,
1490174622198,Mouse Moved,599.0,462.0,User17,,
1490174622200,Mouse Moved,602.0,465.0,User17,,
1490174622213,Mouse Moved,603.0,467.0,User17,,
1490174622229,Mouse Moved,605.0,469.0,User17,,
1490174622243,Mouse Moved,606.0,470.0,User17,,
1490174622259,Mouse Moved,610.0,471.0,User17,,
1490174622275,Mouse Moved,611.0,471.0,User17,,
1490174622289,Mouse Moved,616.0,472.0,User17,,
1490174622290,Mouse Moved,625.0,474.0,User17,,
1490174622303,Mouse Moved,634.0,476.0,User17,,
1490174622305,Mouse Moved,646.0,478.0,User17,,
1490174622319,Mouse Moved,657.0,480.0,User17,,
1490174622319,Mouse Moved,666.0,482.0,User17,,
1490174622334,Mouse Moved,672.0,483.0,User17,,
1490174622335,Mouse Moved,681.0,483.0,User17,,
1490174622348,Mouse Moved,690.0,485.0,User17,,
1490174622349,Mouse Moved,692.0,486.0,User17,,
1490174622365,Mouse Moved,695.0,486.0,User17,,
1490174622365,Mouse Moved,696.0,486.0,User17,,
1490174622392,Mouse Moved,697.0,486.0,User17,,
1490174622483,Mouse Moved,699.0,486.0,User17,,
1490174622499,Mouse Moved,700.0,486.0,User17,,
1490174622513,Mouse Moved,701.0,486.0,User17,,
1490174622573,Mouse Moved,702.0,486.0,User17,,
1490174622602,Mouse Moved,705.0,486.0,User17,,
1490174622618,Mouse Moved,706.0,486.0,User17,,
1490174622632,Mouse Moved,708.0,486.0,User17,,
1490174622678,Mouse Moved,711.0,485.0,User17,,
1490174622694,Mouse Moved,712.0,485.0,User17,,
1490174622709,Mouse Moved,715.0,484.0,User17,,
1490174622737,Mouse Moved,716.0,483.0,User17,,
1490174622769,Mouse Moved,717.0,483.0,User17,,
1490174623536,Mouse Moved,718.0,481.0,User17,,
1490174623549,Mouse Moved,721.0,480.0,User17,,
1490174623563,Mouse Moved,724.0,479.0,User17,,
1490174623578,Mouse Moved,725.0,478.0,User17,,
1490174623622,Mouse Moved,726.0,476.0,User17,,
1490174623858,Mouse Moved,726.0,477.0,User17,,
1490174623861,Mouse Moved,726.0,477.0,User17,,
1490174623950,Mouse Moved,726.0,477.0,User17,,
1490174623951,Mouse Button.left Released,726.0,477.0,User17,,
1490174624105,Mouse Moved,726.0,478.0,User17,,
1490174624118,Mouse Moved,726.0,479.0,User17,,
1490174624177,Mouse Moved,726.0,478.0,User17,,
1490174624178,Mouse Button.left Pressed,726.0,478.0,User17,,
1490174624270,Mouse Moved,726.0,478.0,User17,,
1490174624272,Mouse Button.left Released,726.0,478.0,User17,,
1490174624315,Mouse Moved,726.0,480.0,User17,,
1490174624344,Mouse Moved,727.0,482.0,User17,,
1490174624345,Mouse Moved,727.0,485.0,User17,,
1490174624358,Mouse Moved,727.0,488.0,User17,,
1490174624375,Mouse Moved,728.0,489.0,User17,,
1490174624375,Mouse Moved,728.0,490.0,User17,,
1490174624388,Mouse Moved,728.0,491.0,User17,,
1490174624480,Mouse Moved,728.0,491.0,User17,,
1490174624482,Mouse Button.left Pressed,728.0,491.0,User17,,
1490174624551,Mouse Moved,728.0,491.0,User17,,
1490174624552,Mouse Button.left Released,728.0,491.0,User17,,
1490174625138,Mouse Moved,727.0,491.0,User17,,
1490174625140,Mouse Moved,722.0,490.0,User17,,
1490174625155,Mouse Moved,715.0,488.0,User17,,
1490174625157,Mouse Moved,711.0,485.0,User17,,
1490174625167,Mouse Moved,704.0,484.0,User17,,
1490174625168,Mouse Moved,700.0,481.0,User17,,
1490174625183,Mouse Moved,695.0,477.0,User17,,
1490174625184,Mouse Moved,684.0,472.0,User17,,
1490174625200,Mouse Moved,675.0,464.0,User17,,
1490174625201,Mouse Moved,665.0,458.0,User17,,
1490174625213,Mouse Moved,655.0,453.0,User17,,
1490174625214,Mouse Moved,640.0,442.0,User17,,
1490174625230,Mouse Moved,628.0,434.0,User17,,
1490174625230,Mouse Moved,608.0,422.0,User17,,
1490174625243,Mouse Moved,585.0,411.0,User17,,
1490174625259,Mouse Moved,568.0,402.0,User17,,
1490174625259,Mouse Moved,545.0,393.0,User17,,
1490174625276,Mouse Moved,530.0,385.0,User17,,
1490174625276,Mouse Moved,515.0,376.0,User17,,
1490174625288,Mouse Moved,503.0,368.0,User17,,
1490174625289,Mouse Moved,496.0,361.0,User17,,
1490174625303,Mouse Moved,491.0,356.0,User17,,
1490174625305,Mouse Moved,484.0,353.0,User17,,
1490174625319,Mouse Moved,474.0,343.0,User17,,
1490174625319,Mouse Moved,470.0,340.0,User17,,
1490174625332,Mouse Moved,460.0,330.0,User17,,
1490174625334,Mouse Moved,451.0,323.0,User17,,
1490174625348,Mouse Moved,446.0,318.0,User17,,
1490174625349,Mouse Moved,438.0,308.0,User17,,
1490174625364,Mouse Moved,435.0,307.0,User17,,
1490174625365,Mouse Moved,430.0,302.0,User17,,
1490174625381,Mouse Moved,423.0,294.0,User17,,
1490174625381,Mouse Moved,416.0,289.0,User17,,
1490174625394,Mouse Moved,401.0,281.0,User17,,
1490174625394,Mouse Moved,392.0,277.0,User17,,
1490174625408,Mouse Moved,374.0,268.0,User17,,
1490174625410,Mouse Moved,360.0,262.0,User17,,
1490174625424,Mouse Moved,347.0,254.0,User17,,
1490174625426,Mouse Moved,333.0,247.0,User17,,
1490174625438,Mouse Moved,321.0,241.0,User17,,
1490174625456,Mouse Moved,316.0,238.0,User17,,
1490174625457,Mouse Moved,310.0,235.0,User17,,
1490174625469,Mouse Moved,305.0,232.0,User17,,
1490174625470,Mouse Moved,301.0,230.0,User17,,
1490174625470,Mouse Moved,298.0,229.0,User17,,
1490174625483,Mouse Moved,297.0,228.0,User17,,
1490174625499,Mouse Moved,294.0,227.0,User17,,
1490174625500,Mouse Moved,291.0,225.0,User17,,
1490174625513,Mouse Moved,290.0,224.0,User17,,
1490174625515,Mouse Moved,288.0,224.0,User17,,
1490174625529,Mouse Moved,286.0,223.0,User17,,
1490174625529,Mouse Moved,285.0,223.0,User17,,
1490174625543,Mouse Moved,284.0,222.0,User17,,
1490174625559,Mouse Moved,283.0,222.0,User17,,
1490174625634,Mouse Moved,282.0,223.0,User17,,
1490174625664,Mouse Moved,278.0,227.0,User17,,
1490174625680,Mouse Moved,275.0,230.0,User17,,
1490174625680,Mouse Moved,275.0,233.0,User17,,
1490174625694,Mouse Moved,274.0,234.0,User17,,
1490174625709,Mouse Moved,274.0,235.0,User17,,
1490174625724,Mouse Moved,272.0,236.0,User17,,
1490174625769,Mouse Moved,272.0,237.0,User17,,
1490174625786,Mouse Moved,271.0,238.0,User17,,
1490174625901,Mouse Moved,272.0,238.0,User17,,
1490174625903,Mouse Button.left Pressed,272.0,238.0,User17,,
1490174625976,Mouse Moved,272.0,238.0,User17,,
1490174625977,Mouse Button.left Released,272.0,238.0,User17,,
1490174626263,Mouse Moved,271.0,242.0,User17,,
1490174626279,Mouse Moved,273.0,248.0,User17,,
1490174626293,Mouse Moved,274.0,253.0,User17,,
1490174626309,Mouse Moved,275.0,260.0,User17,,
1490174626323,Mouse Moved,277.0,271.0,User17,,
1490174626338,Mouse Moved,278.0,278.0,User17,,
1490174626354,Mouse Moved,281.0,285.0,User17,,
1490174626368,Mouse Moved,283.0,296.0,User17,,
1490174626384,Mouse Moved,283.0,300.0,User17,,
1490174626398,Mouse Moved,284.0,305.0,User17,,
1490174626414,Mouse Moved,284.0,309.0,User17,,
1490174626430,Mouse Moved,284.0,313.0,User17,,
1490174626444,Mouse Moved,284.0,314.0,User17,,
1490174626473,Mouse Moved,284.0,315.0,User17,,
1490174626490,Mouse Moved,284.0,316.0,User17,,
1490174626519,Mouse Moved,284.0,317.0,User17,,
1490174626549,Mouse Moved,284.0,319.0,User17,,
1490174626910,Mouse Moved,284.0,320.0,User17,,
1490174626924,Mouse Moved,284.0,322.0,User17,,
1490174626938,Mouse Moved,284.0,323.0,User17,,
1490174626954,Mouse Moved,284.0,326.0,User17,,
1490174626970,Mouse Moved,284.0,327.0,User17,,
1490174626983,Mouse Moved,284.0,329.0,User17,,
1490174627013,Mouse Moved,284.0,331.0,User17,,
1490174627029,Mouse Moved,284.0,332.0,User17,,
1490174627045,Mouse Moved,284.0,333.0,User17,,
1490174627075,Mouse Moved,284.0,335.0,User17,,
1490174627089,Mouse Moved,284.0,337.0,User17,,
1490174627119,Mouse Moved,284.0,338.0,User17,,
1490174627150,Mouse Moved,284.0,339.0,User17,,
1490174627839,Mouse Moved,284.0,340.0,User17,,
1490174627884,Mouse Moved,284.0,341.0,User17,,
1490174627914,Mouse Moved,285.0,341.0,User17,,
1490174627950,Mouse Moved,285.0,342.0,User17,,
1490174627959,Mouse Moved,285.0,344.0,User17,,
1490174627990,Mouse Moved,285.0,345.0,User17,,
1490174628019,Mouse Moved,285.0,346.0,User17,,
1490174628063,Mouse Moved,285.0,347.0,User17,,
1490174628079,Mouse Moved,285.0,348.0,User17,,
1490174628543,Mouse Moved,289.0,348.0,User17,,
1490174628546,Mouse Moved,300.0,348.0,User17,,
1490174628565,Mouse Moved,316.0,348.0,User17,,
1490174628566,Mouse Moved,338.0,348.0,User17,,
1490174628568,Mouse Moved,365.0,351.0,User17,,
1490174628575,Mouse Moved,396.0,355.0,User17,,
1490174628595,Mouse Moved,434.0,363.0,User17,,
1490174628598,Mouse Moved,467.0,371.0,User17,,
1490174628599,Mouse Moved,500.0,379.0,User17,,
1490174628604,Mouse Moved,527.0,385.0,User17,,
1490174628618,Mouse Moved,584.0,400.0,User17,,
1490174628634,Mouse Moved,607.0,407.0,User17,,
1490174628635,Mouse Moved,626.0,409.0,User17,,
1490174628655,Mouse Moved,648.0,413.0,User17,,
1490174628657,Mouse Moved,660.0,415.0,User17,,
1490174628664,Mouse Moved,671.0,415.0,User17,,
1490174628665,Mouse Moved,682.0,417.0,User17,,
1490174628680,Mouse Moved,691.0,419.0,User17,,
1490174628680,Mouse Moved,696.0,419.0,User17,,
1490174628694,Mouse Moved,700.0,419.0,User17,,
1490174628696,Mouse Moved,703.0,419.0,User17,,
1490174628717,Mouse Moved,704.0,419.0,User17,,
1490174628736,Mouse Moved,705.0,419.0,User17,,
1490174629892,Mouse Moved,705.0,416.0,User17,,
1490174629901,Mouse Moved,705.0,415.0,User17,,
1490174629933,Mouse Moved,704.0,414.0,User17,,
1490174629953,Mouse Moved,704.0,413.0,User17,,
1490174629967,Mouse Moved,704.0,412.0,User17,,
1490174630848,Mouse Moved,701.0,408.0,User17,,
1490174630861,Mouse Moved,699.0,403.0,User17,,
1490174630861,Mouse Moved,692.0,394.0,User17,,
1490174630875,Mouse Moved,688.0,389.0,User17,,
1490174630875,Mouse Moved,677.0,379.0,User17,,
1490174630891,Mouse Moved,670.0,374.0,User17,,
1490174630892,Mouse Moved,661.0,366.0,User17,,
1490174630911,Mouse Moved,645.0,355.0,User17,,
1490174630911,Mouse Moved,631.0,347.0,User17,,
1490174630921,Mouse Moved,613.0,338.0,User17,,
1490174630940,Mouse Moved,596.0,332.0,User17,,
1490174630941,Mouse Moved,573.0,323.0,User17,,
1490174630943,Mouse Moved,556.0,316.0,User17,,
1490174630950,Mouse Moved,544.0,312.0,User17,,
1490174630971,Mouse Moved,530.0,306.0,User17,,
1490174630973,Mouse Moved,518.0,302.0,User17,,
1490174630973,Mouse Moved,509.0,298.0,User17,,
1490174630986,Mouse Moved,497.0,294.0,User17,,
1490174631005,Mouse Moved,488.0,291.0,User17,,
1490174631006,Mouse Moved,473.0,284.0,User17,,
1490174631006,Mouse Moved,467.0,283.0,User17,,
1490174631015,Mouse Moved,452.0,279.0,User17,,
1490174631016,Mouse Moved,443.0,275.0,User17,,
1490174631036,Mouse Moved,420.0,271.0,User17,,
1490174631046,Mouse Moved,395.0,269.0,User17,,
1490174631059,Mouse Moved,378.0,269.0,User17,,
1490174631072,Mouse Moved,359.0,267.0,User17,,
1490174631088,Mouse Moved,350.0,267.0,User17,,
1490174631088,Mouse Moved,342.0,267.0,User17,,
1490174631102,Mouse Moved,333.0,267.0,User17,,
1490174631104,Mouse Moved,324.0,266.0,User17,,
1490174631122,Mouse Moved,316.0,266.0,User17,,
1490174631124,Mouse Moved,307.0,266.0,User17,,
1490174631142,Mouse Moved,301.0,266.0,User17,,
1490174631144,Mouse Moved,297.0,266.0,User17,,
1490174631144,Mouse Moved,293.0,266.0,User17,,
1490174631154,Mouse Moved,288.0,266.0,User17,,
1490174631174,Mouse Moved,284.0,266.0,User17,,
1490174631176,Mouse Moved,281.0,266.0,User17,,
1490174631177,Mouse Moved,277.0,266.0,User17,,
1490174631181,Mouse Moved,274.0,266.0,User17,,
1490174631198,Mouse Moved,273.0,267.0,User17,,
1490174631200,Mouse Moved,272.0,267.0,User17,,
1490174631219,Mouse Moved,271.0,267.0,User17,,
1490174631220,Mouse Moved,268.0,268.0,User17,,
1490174631249,Mouse Moved,264.0,270.0,User17,,
1490174631250,Mouse Moved,255.0,271.0,User17,,
1490174631250,Mouse Moved,251.0,273.0,User17,,
1490174631257,Mouse Moved,246.0,276.0,User17,,
1490174631273,Mouse Moved,240.0,277.0,User17,,
1490174631275,Mouse Moved,235.0,280.0,User17,,
1490174631288,Mouse Moved,231.0,282.0,User17,,
1490174631289,Mouse Moved,230.0,283.0,User17,,
1490174631302,Mouse Moved,225.0,286.0,User17,,
1490174631318,Mouse Moved,223.0,287.0,User17,,
1490174631319,Mouse Moved,221.0,290.0,User17,,
1490174631336,Mouse Moved,218.0,293.0,User17,,
1490174631338,Mouse Moved,217.0,296.0,User17,,
1490174631348,Mouse Moved,216.0,298.0,User17,,
1490174631362,Mouse Moved,214.0,301.0,User17,,
1490174631364,Mouse Moved,213.0,306.0,User17,,
1490174631378,Mouse Moved,212.0,307.0,User17,,
1490174631380,Mouse Moved,212.0,311.0,User17,,
1490174631401,Mouse Moved,210.0,312.0,User17,,
1490174631401,Mouse Moved,210.0,313.0,User17,,
1490174631428,Mouse Moved,209.0,313.0,User17,,
1490174631459,Mouse Moved,209.0,314.0,User17,,
1490174631483,Mouse Moved,209.0,316.0,User17,,
1490174631499,Mouse Moved,208.0,320.0,User17,,
1490174631533,Mouse Moved,208.0,321.0,User17,,
1490174631535,Mouse Moved,207.0,322.0,User17,,
1490174631601,Mouse Moved,207.0,321.0,User17,,
1490174631602,Mouse Moved,207.0,321.0,User17,,
1490174631604,Mouse Button.left Pressed,207.0,321.0,User17,,
1490174631691,Mouse Moved,207.0,321.0,User17,,
1490174631693,Mouse Button.left Released,207.0,321.0,User17,,
1490174631851,Mouse Moved,207.0,319.0,User17,,
1490174631861,Mouse Moved,210.0,315.0,User17,,
1490174631875,Mouse Moved,213.0,308.0,User17,,
1490174631875,Mouse Moved,215.0,304.0,User17,,
1490174631891,Mouse Moved,218.0,297.0,User17,,
1490174631891,Mouse Moved,221.0,288.0,User17,,
1490174631915,Mouse Moved,229.0,274.0,User17,,
1490174631924,Mouse Moved,231.0,271.0,User17,,
1490174631944,Mouse Moved,234.0,263.0,User17,,
1490174631956,Mouse Moved,236.0,260.0,User17,,
1490174631976,Mouse Moved,240.0,252.0,User17,,
1490174631983,Mouse Moved,241.0,251.0,User17,,
1490174631997,Mouse Moved,241.0,250.0,User17,,
1490174632013,Mouse Moved,242.0,247.0,User17,,
1490174632026,Mouse Moved,244.0,245.0,User17,,
1490174632046,Mouse Moved,245.0,243.0,User17,,
1490174632056,Mouse Moved,246.0,241.0,User17,,
1490174632072,Mouse Moved,247.0,238.0,User17,,
1490174632085,Mouse Moved,249.0,234.0,User17,,
1490174632117,Mouse Moved,250.0,234.0,User17,,
1490174632134,Mouse Moved,250.0,233.0,User17,,
1490174632151,Mouse Moved,250.0,233.0,User17,,
1490174632184,Mouse Moved,250.0,232.0,User17,,
1490174632246,Mouse Moved,250.0,232.0,User17,,
1490174632440,Mouse Moved,249.0,233.0,User17,,
1490174632473,Mouse Moved,237.0,239.0,User17,,
1490174632480,Mouse Moved,233.0,241.0,User17,,
1490174632494,Mouse Moved,219.0,247.0,User17,,
1490174632509,Mouse Moved,212.0,249.0,User17,,
1490174632532,Mouse Moved,205.0,251.0,User17,,
1490174632542,Mouse Moved,201.0,253.0,User17,,
1490174632562,Mouse Moved,194.0,254.0,User17,,
1490174632573,Mouse Moved,187.0,255.0,User17,,
1490174632592,Mouse Moved,183.0,257.0,User17,,
1490174632601,Mouse Moved,181.0,257.0,User17,,
1490174632615,Mouse Moved,178.0,257.0,User17,,
1490174632615,Mouse Moved,177.0,258.0,User17,,
1490174632631,Mouse Moved,176.0,258.0,User17,,
1490174632644,Mouse Moved,175.0,258.0,User17,,
1490174632660,Mouse Moved,172.0,258.0,User17,,
1490174632677,Mouse Moved,171.0,258.0,User17,,
1490174632690,Mouse Moved,167.0,258.0,User17,,
1490174632704,Mouse Moved,163.0,255.0,User17,,
1490174632720,Mouse Moved,156.0,250.0,User17,,
1490174632720,Mouse Moved,155.0,247.0,User17,,
1490174632737,Mouse Moved,152.0,245.0,User17,,
1490174632739,Mouse Moved,149.0,241.0,User17,,
1490174632757,Mouse Moved,146.0,238.0,User17,,
1490174632759,Mouse Moved,145.0,237.0,User17,,
1490174632767,Mouse Moved,142.0,234.0,User17,,
1490174632769,Mouse Moved,139.0,231.0,User17,,
1490174632788,Mouse Moved,136.0,230.0,User17,,
1490174632789,Mouse Moved,135.0,227.0,User17,,
1490174632798,Mouse Moved,132.0,226.0,User17,,
1490174632799,Mouse Moved,129.0,224.0,User17,,
1490174632818,Mouse Moved,128.0,223.0,User17,,
1490174632819,Mouse Moved,126.0,222.0,User17,,
1490174632826,Mouse Moved,124.0,221.0,User17,,
1490174632841,Mouse Moved,122.0,221.0,User17,,
1490174632857,Mouse Moved,121.0,219.0,User17,,
1490174632871,Mouse Moved,120.0,218.0,User17,,
1490174632891,Mouse Moved,120.0,217.0,User17,,
1490174632901,Mouse Moved,118.0,217.0,User17,,
1490174632915,Mouse Moved,116.0,216.0,User17,,
1490174633082,Mouse Moved,115.0,215.0,User17,,
1490174633138,Mouse Moved,115.0,213.0,User17,,
1490174633188,Mouse Moved,115.0,214.0,User17,,
1490174633190,Mouse Moved,115.0,214.0,User17,,
1490174633282,Mouse Moved,115.0,214.0,User17,,
1490174633519,Mouse Moved,115.0,212.0,User17,,
1490174633572,Mouse Moved,117.0,212.0,User17,,
1490174633573,Mouse Moved,122.0,212.0,User17,,
1490174633582,Mouse Moved,130.0,212.0,User17,,
1490174633602,Mouse Moved,131.0,212.0,User17,,
1490174633604,Mouse Moved,136.0,212.0,User17,,
1490174633605,Mouse Moved,141.0,212.0,User17,,
1490174633612,Mouse Moved,145.0,212.0,User17,,
1490174633632,Mouse Moved,151.0,212.0,User17,,
1490174633634,Mouse Moved,156.0,214.0,User17,,
1490174633634,Mouse Moved,164.0,214.0,User17,,
1490174633648,Mouse Moved,168.0,214.0,User17,,
1490174633657,Mouse Moved,174.0,215.0,User17,,
1490174633657,Mouse Moved,176.0,215.0,User17,,
1490174633677,Mouse Moved,182.0,215.0,User17,,
1490174633687,Mouse Moved,186.0,215.0,User17,,
1490174633701,Mouse Moved,187.0,215.0,User17,,
1490174633703,Mouse Moved,189.0,215.0,User17,,
1490174633716,Mouse Moved,192.0,215.0,User17,,
1490174633730,Mouse Moved,193.0,215.0,User17,,
1490174633732,Mouse Moved,199.0,217.0,User17,,
1490174633750,Mouse Moved,201.0,217.0,User17,,
1490174633750,Mouse Moved,202.0,217.0,User17,,
1490174633752,Mouse Moved,208.0,218.0,User17,,
1490174633767,Mouse Moved,209.0,218.0,User17,,
1490174633769,Mouse Moved,213.0,221.0,User17,,
1490174633778,Mouse Moved,216.0,221.0,User17,,
1490174633798,Mouse Moved,217.0,222.0,User17,,
1490174633799,Mouse Moved,218.0,222.0,User17,,
1490174633808,Mouse Moved,219.0,222.0,User17,,
1490174633828,Mouse Moved,220.0,222.0,User17,,
1490174633855,Mouse Moved,222.0,223.0,User17,,
1490174633897,Mouse Moved,226.0,226.0,User17,,
1490174633898,Mouse Moved,228.0,227.0,User17,,
1490174633911,Mouse Moved,230.0,228.0,User17,,
1490174633926,Mouse Moved,232.0,230.0,User17,,
1490174633940,Mouse Moved,233.0,230.0,User17,,
1490174633963,Mouse Moved,236.0,231.0,User17,,
1490174633973,Mouse Moved,237.0,234.0,User17,,
1490174633993,Mouse Moved,239.0,235.0,User17,,
1490174634023,Mouse Moved,241.0,238.0,User17,,
1490174634033,Mouse Moved,241.0,239.0,User17,,
1490174634062,Mouse Moved,242.0,240.0,User17,,
1490174634076,Mouse Moved,243.0,241.0,User17,,
1490174634094,Mouse Moved,243.0,245.0,User17,,
1490174634107,Mouse Moved,245.0,250.0,User17,,
1490174634121,Mouse Moved,246.0,254.0,User17,,
1490174634161,Mouse Moved,249.0,263.0,User17,,
1490174634171,Mouse Moved,249.0,266.0,User17,,
1490174634186,Mouse Moved,250.0,269.0,User17,,
1490174634203,Mouse Moved,250.0,271.0,User17,,
1490174634223,Mouse Moved,251.0,274.0,User17,,
1490174634253,Mouse Moved,251.0,275.0,User17,,
1490174634282,Mouse Moved,251.0,277.0,User17,,
1490174634312,Mouse Moved,251.0,278.0,User17,,
1490174634378,Mouse Moved,250.0,277.0,User17,,
1490174634380,Mouse Button.left Pressed,250.0,277.0,User17,,
1490174634479,Mouse Moved,250.0,277.0,User17,,
1490174634480,Mouse Button.left Released,250.0,277.0,User17,,
1490174635023,Mouse Moved,252.0,275.0,User17,,
1490174635042,Mouse Moved,257.0,265.0,User17,,
1490174635052,Mouse Moved,258.0,264.0,User17,,
1490174635073,Mouse Moved,261.0,256.0,User17,,
1490174635082,Mouse Moved,262.0,253.0,User17,,
1490174635096,Mouse Moved,265.0,249.0,User17,,
1490174635112,Mouse Moved,266.0,244.0,User17,,
1490174635135,Mouse Moved,270.0,237.0,User17,,
1490174635145,Mouse Moved,271.0,236.0,User17,,
1490174635165,Mouse Moved,272.0,233.0,User17,,
1490174635176,Mouse Moved,273.0,232.0,User17,,
1490174635190,Mouse Moved,273.0,229.0,User17,,
1490174635210,Mouse Moved,275.0,226.0,User17,,
1490174635220,Mouse Moved,276.0,225.0,User17,,
1490174635240,Mouse Moved,276.0,223.0,User17,,
1490174635269,Mouse Moved,277.0,221.0,User17,,
1490174635309,Mouse Moved,277.0,220.0,User17,,
1490174635325,Mouse Moved,278.0,220.0,User17,,
1490174635348,Mouse Moved,278.0,219.0,User17,,
1490174635355,Mouse Moved,279.0,218.0,User17,,
1490174635375,Mouse Moved,281.0,215.0,User17,,
1490174635401,Mouse Moved,282.0,213.0,User17,,
1490174635421,Mouse Moved,283.0,211.0,User17,,
1490174635430,Mouse Moved,284.0,210.0,User17,,
1490174635450,Mouse Moved,284.0,209.0,User17,,
1490174636388,Mouse Moved,284.0,208.0,User17,,
1490174636388,Mouse Moved,284.0,209.0,User17,,
1490174636390,Mouse Moved,284.0,209.0,User17,,
1490174636489,Mouse Moved,284.0,209.0,User17,,
1490174636490,Mouse Button.left Released,284.0,209.0,User17,,
1490174638049,Mouse Moved,284.0,210.0,User17,,
1490174638072,Mouse Moved,284.0,213.0,User17,,
1490174638461,Mouse Moved,284.0,218.0,User17,,
1490174638463,Mouse Moved,284.0,219.0,User17,,
1490174638463,Mouse Moved,284.0,222.0,User17,,
1490174638464,Mouse Moved,284.0,230.0,User17,,
1490174638466,Mouse Moved,284.0,231.0,User17,,
1490174638467,Mouse Moved,284.0,236.0,User17,,
1490174638467,Mouse Moved,284.0,240.0,User17,,
1490174638467,Mouse Moved,284.0,245.0,User17,,
1490174638469,Mouse Moved,284.0,252.0,User17,,
1490174638470,Mouse Moved,284.0,253.0,User17,,
1490174638470,Mouse Moved,284.0,260.0,User17,,
1490174638471,Mouse Moved,284.0,269.0,User17,,
1490174638473,Mouse Moved,284.0,270.0,User17,,
1490174638473,Mouse Moved,284.0,280.0,User17,,
1490174638474,Mouse Moved,284.0,281.0,User17,,
1490174638476,Mouse Moved,284.0,286.0,User17,,
1490174638476,Mouse Moved,284.0,290.0,User17,,
1490174638476,Mouse Moved,284.0,293.0,User17,,
1490174638477,Mouse Moved,284.0,300.0,User17,,
1490174638479,Mouse Moved,284.0,302.0,User17,,
1490174638480,Mouse Moved,284.0,303.0,User17,,
1490174638480,Mouse Moved,286.0,307.0,User17,,
1490174638480,Mouse Moved,286.0,310.0,User17,,
1490174638482,Mouse Moved,286.0,311.0,User17,,
1490174638483,Mouse Moved,286.0,312.0,User17,,
1490174638489,Mouse Moved,286.0,314.0,User17,,
1490174638503,Mouse Moved,286.0,317.0,User17,,
1490174638517,Mouse Moved,286.0,318.0,User17,,
1490174638532,Mouse Moved,286.0,319.0,User17,,
1490174638572,Mouse Moved,286.0,320.0,User17,,
1490174638581,Mouse Moved,286.0,322.0,User17,,
1490174638842,Mouse Moved,286.0,321.0,User17,,
1490174638844,Mouse Moved,286.0,321.0,User17,,
1490174638845,Mouse Button.left Pressed,286.0,321.0,User17,,
1490174638926,Mouse Moved,286.0,321.0,User17,,
1490174638927,Mouse Button.left Released,286.0,321.0,User17,,
1490174639875,Mouse Moved,288.0,318.0,User17,,
1490174639888,Mouse Moved,288.0,315.0,User17,,
1490174639890,Mouse Moved,290.0,314.0,User17,,
1490174639911,Mouse Moved,291.0,311.0,User17,,
1490174639911,Mouse Moved,292.0,310.0,User17,,
1490174639936,Mouse Moved,293.0,307.0,User17,,
1490174639950,Mouse Moved,295.0,305.0,User17,,
1490174639950,Mouse Moved,296.0,302.0,User17,,
1490174639964,Mouse Moved,297.0,299.0,User17,,
1490174639966,Mouse Moved,299.0,296.0,User17,,
1490174639980,Mouse Moved,300.0,295.0,User17,,
1490174639980,Mouse Moved,301.0,293.0,User17,,
1490174639993,Mouse Moved,303.0,290.0,User17,,
1490174639994,Mouse Moved,304.0,289.0,User17,,
1490174640015,Mouse Moved,304.0,287.0,User17,,
1490174640025,Mouse Moved,305.0,286.0,User17,,
1490174640045,Mouse Moved,306.0,285.0,User17,,
1490174640069,Mouse Moved,306.0,284.0,User17,,
1490174640084,Mouse Moved,307.0,283.0,User17,,
1490174640104,Mouse Moved,307.0,282.0,User17,,
1490174640118,Mouse Moved,307.0,282.0,User17,,
1490174640203,Mouse Moved,307.0,282.0,User17,,
1490174640204,Mouse Button.left Released,307.0,282.0,User17,,
1490174640302,Mouse Moved,309.0,280.0,User17,,
1490174640332,Mouse Moved,310.0,275.0,User17,,
1490174640334,Mouse Moved,311.0,274.0,User17,,
1490174640342,Mouse Moved,312.0,271.0,User17,,
1490174640357,Mouse Moved,312.0,270.0,User17,,
1490174640371,Mouse Moved,314.0,267.0,User17,,
1490174640392,Mouse Moved,314.0,266.0,User17,,
1490174640394,Mouse Moved,314.0,265.0,User17,,
1490174640423,Mouse Moved,314.0,264.0,User17,,
1490174640437,Mouse Moved,315.0,263.0,User17,,
1490174640447,Mouse Moved,315.0,262.0,User17,,
1490174640477,Mouse Moved,315.0,260.0,User17,,
1490174640490,Mouse Moved,316.0,259.0,User17,,
1490174640513,Mouse Moved,316.0,258.0,User17,,
1490174640538,Mouse Moved,315.0,258.0,User17,,
1490174640539,Mouse Moved,315.0,258.0,User17,,
1490174640545,Mouse Moved,316.0,257.0,User17,,
1490174640625,Mouse Moved,315.0,257.0,User17,,
1490174640627,Mouse Button.left Released,315.0,257.0,User17,,
1490174640750,Mouse Moved,317.0,253.0,User17,,
1490174640763,Mouse Moved,319.0,250.0,User17,,
1490174640778,Mouse Moved,319.0,248.0,User17,,
1490174640799,Mouse Moved,320.0,246.0,User17,,
1490174640799,Mouse Moved,320.0,244.0,User17,,
1490174640809,Mouse Moved,321.0,241.0,User17,,
1490174640828,Mouse Moved,323.0,238.0,User17,,
1490174640829,Mouse Moved,323.0,237.0,User17,,
1490174640831,Mouse Moved,324.0,235.0,User17,,
1490174640838,Mouse Moved,324.0,233.0,User17,,
1490174640858,Mouse Moved,325.0,228.0,User17,,
1490174640888,Mouse Moved,326.0,225.0,User17,,
1490174640898,Mouse Moved,328.0,223.0,User17,,
1490174640923,Mouse Moved,328.0,222.0,User17,,
1490174640951,Mouse Moved,328.0,221.0,User17,,
1490174640992,Mouse Moved,328.0,220.0,User17,,
1490174641013,Mouse Moved,328.0,219.0,User17,,
1490174641015,Mouse Moved,328.0,219.0,User17,,
1490174641016,Mouse Button.left Pressed,328.0,219.0,User17,,
1490174641101,Mouse Moved,327.0,219.0,User17,,
1490174641598,Mouse Moved,326.0,226.0,User17,,
1490174641599,Mouse Moved,324.0,243.0,User17,,
1490174641608,Mouse Moved,320.0,262.0,User17,,
1490174641621,Mouse Moved,317.0,282.0,User17,,
1490174641624,Mouse Moved,317.0,298.0,User17,,
1490174641647,Mouse Moved,315.0,320.0,User17,,
1490174641648,Mouse Moved,315.0,337.0,User17,,
1490174641648,Mouse Moved,315.0,353.0,User17,,
1490174641654,Mouse Moved,315.0,375.0,User17,,
1490174641677,Mouse Moved,315.0,391.0,User17,,
1490174641678,Mouse Moved,315.0,408.0,User17,,
1490174641680,Mouse Moved,315.0,422.0,User17,,
1490174641684,Mouse Moved,315.0,438.0,User17,,
1490174641700,Mouse Moved,315.0,449.0,User17,,
1490174641700,Mouse Moved,315.0,465.0,User17,,
1490174641714,Mouse Moved,315.0,477.0,User17,,
1490174641716,Mouse Moved,315.0,485.0,User17,,
1490174641729,Mouse Moved,315.0,499.0,User17,,
1490174641746,Mouse Moved,315.0,507.0,User17,,
1490174641747,Mouse Moved,315.0,516.0,User17,,
1490174641759,Mouse Moved,315.0,524.0,User17,,
1490174641759,Mouse Moved,315.0,530.0,User17,,
1490174641760,Mouse Moved,315.0,538.0,User17,,
1490174641775,Mouse Moved,315.0,547.0,User17,,
1490174641796,Mouse Moved,315.0,555.0,User17,,
1490174641798,Mouse Moved,315.0,564.0,User17,,
1490174641799,Mouse Moved,315.0,572.0,User17,,
1490174641805,Mouse Moved,315.0,577.0,User17,,
1490174641819,Mouse Moved,315.0,583.0,User17,,
1490174641821,Mouse Moved,315.0,589.0,User17,,
1490174641835,Mouse Moved,315.0,593.0,User17,,
1490174641835,Mouse Moved,315.0,598.0,User17,,
1490174641857,Mouse Moved,315.0,599.0,User17,,
1490174641857,Mouse Moved,315.0,603.0,User17,,
1490174641858,Mouse Moved,315.0,605.0,User17,,
1490174641867,Mouse Moved,315.0,608.0,User17,,
1490174641887,Mouse Moved,315.0,614.0,User17,,
1490174641888,Mouse Moved,315.0,618.0,User17,,
1490174641888,Mouse Moved,315.0,623.0,User17,,
1490174641897,Mouse Moved,315.0,629.0,User17,,
1490174641917,Mouse Moved,315.0,633.0,User17,,
1490174641917,Mouse Moved,315.0,638.0,User17,,
1490174641917,Mouse Moved,315.0,642.0,User17,,
1490174641931,Mouse Moved,315.0,648.0,User17,,
1490174641933,Mouse Moved,315.0,653.0,User17,,
1490174641941,Mouse Moved,315.0,654.0,User17,,
1490174641961,Mouse Moved,315.0,658.0,User17,,
1490174641963,Mouse Moved,315.0,660.0,User17,,
1490174641971,Mouse Moved,315.0,661.0,User17,,
1490174641984,Mouse Moved,315.0,663.0,User17,,
1490174642000,Mouse Moved,315.0,665.0,User17,,
1490174642032,Mouse Moved,315.0,666.0,User17,,
1490174642084,Mouse Moved,315.0,667.0,User17,,
1490174642094,Mouse Moved,315.0,670.0,User17,,
1490174642121,Mouse Moved,312.0,663.0,User17,,
1490174642122,Mouse Moved,311.0,659.0,User17,,
1490174642124,Mouse Moved,308.0,659.0,User17,,
1490174642137,Mouse Moved,303.0,662.0,User17,,
1490174642138,Mouse Moved,299.0,663.0,User17,,
1490174642153,Mouse Moved,291.0,675.0,User17,,
1490174642153,Mouse Moved,282.0,680.0,User17,,
1490174642167,Mouse Moved,277.0,682.0,User17,,
1490174642167,Mouse Moved,269.0,685.0,User17,,
1490174642188,Mouse Moved,264.0,685.0,User17,,
1490174642190,Mouse Moved,256.0,685.0,User17,,
1490174642190,Mouse Moved,247.0,683.0,User17,,
1490174642200,Mouse Moved,238.0,678.0,User17,,
1490174642217,Mouse Moved,228.0,670.0,User17,,
1490174642219,Mouse Moved,218.0,662.0,User17,,
1490174642233,Mouse Moved,210.0,652.0,User17,,
1490174642233,Mouse Moved,202.0,640.0,User17,,
1490174642243,Mouse Moved,200.0,628.0,User17,,
1490174642263,Mouse Moved,198.0,614.0,User17,,
1490174642263,Mouse Moved,198.0,600.0,User17,,
1490174642265,Mouse Moved,198.0,592.0,User17,,
1490174642273,Mouse Moved,199.0,589.0,User17,,
1490174642292,Mouse Moved,202.0,586.0,User17,,
1490174642293,Mouse Moved,205.0,583.0,User17,,
1490174642295,Mouse Moved,208.0,580.0,User17,,
1490174642305,Mouse Moved,213.0,576.0,User17,,
1490174642316,Mouse Moved,220.0,572.0,User17,,
1490174642318,Mouse Moved,229.0,565.0,User17,,
1490174642332,Mouse Moved,245.0,554.0,User17,,
1490174642334,Mouse Moved,267.0,542.0,User17,,
1490174642355,Mouse Moved,293.0,531.0,User17,,
1490174642357,Mouse Moved,318.0,519.0,User17,,
1490174642358,Mouse Moved,351.0,507.0,User17,,
1490174642365,Mouse Moved,376.0,495.0,User17,,
1490174642385,Mouse Moved,401.0,486.0,User17,,
1490174642387,Mouse Moved,426.0,477.0,User17,,
1490174642388,Mouse Moved,451.0,470.0,User17,,
1490174642395,Mouse Moved,474.0,463.0,User17,,
1490174642415,Mouse Moved,491.0,459.0,User17,,
1490174642417,Mouse Moved,508.0,455.0,User17,,
1490174642417,Mouse Moved,520.0,451.0,User17,,
1490174642426,Mouse Moved,531.0,449.0,User17,,
1490174642438,Mouse Moved,540.0,447.0,User17,,
1490174642440,Mouse Moved,544.0,447.0,User17,,
1490174642460,Mouse Moved,549.0,447.0,User17,,
1490174642460,Mouse Moved,551.0,447.0,User17,,
1490174642470,Mouse Moved,553.0,447.0,User17,,
1490174642490,Mouse Moved,554.0,447.0,User17,,
1490174642500,Mouse Moved,555.0,447.0,User17,,
1490174642545,Mouse Moved,560.0,447.0,User17,,
1490174642546,Mouse Moved,575.0,447.0,User17,,
1490174642562,Mouse Moved,594.0,449.0,User17,,
1490174642563,Mouse Moved,617.0,454.0,User17,,
1490174642575,Mouse Moved,636.0,458.0,User17,,
1490174642576,Mouse Moved,648.0,462.0,User17,,
1490174642595,Mouse Moved,665.0,469.0,User17,,
1490174642595,Mouse Moved,674.0,472.0,User17,,
1490174642595,Mouse Moved,681.0,476.0,User17,,
1490174642615,Mouse Moved,691.0,481.0,User17,,
1490174642615,Mouse Moved,692.0,481.0,User17,,
1490174642625,Mouse Moved,693.0,483.0,User17,,
1490174642625,Mouse Moved,694.0,484.0,User17,,
1490174642638,Mouse Moved,695.0,485.0,User17,,
1490174642667,Mouse Moved,697.0,489.0,User17,,
1490174642683,Mouse Moved,697.0,490.0,User17,,
1490174642684,Mouse Moved,698.0,493.0,User17,,
1490174642809,Mouse Moved,701.0,493.0,User17,,
1490174642838,Mouse Moved,702.0,493.0,User17,,
1490174642890,Mouse Moved,702.0,493.0,User17,,
1490174642891,Mouse Button.left Pressed,702.0,493.0,User17,,
1490174642969,Mouse Moved,702.0,493.0,User17,,
1490174642970,Mouse Button.left Released,702.0,493.0,User17,,
1490174643451,Mouse Moved,693.0,493.0,User17,,
1490174643453,Mouse Moved,681.0,495.0,User17,,
1490174643466,Mouse Moved,653.0,492.0,User17,,
1490174643489,Mouse Moved,614.0,484.0,User17,,
1490174643506,Mouse Moved,536.0,456.0,User17,,
1490174643513,Mouse Moved,516.0,445.0,User17,,
1490174643533,Mouse Moved,499.0,436.0,User17,,
1490174643535,Mouse Moved,486.0,428.0,User17,,
1490174643543,Mouse Moved,472.0,419.0,User17,,
1490174643545,Mouse Moved,464.0,412.0,User17,,
1490174643563,Mouse Moved,455.0,403.0,User17,,
1490174643572,Mouse Moved,453.0,401.0,User17,,
1490174643588,Mouse Moved,452.0,399.0,User17,,
1490174643588,Mouse Moved,451.0,398.0,User17,,
1490174643608,Mouse Moved,448.0,395.0,User17,,
1490174643608,Mouse Moved,445.0,392.0,User17,,
1490174643608,Mouse Moved,439.0,385.0,User17,,
1490174643617,Mouse Moved,434.0,380.0,User17,,
1490174643638,Mouse Moved,424.0,370.0,User17,,
1490174643638,Mouse Moved,417.0,367.0,User17,,
1490174643647,Mouse Moved,412.0,362.0,User17,,
1490174643648,Mouse Moved,407.0,357.0,User17,,
1490174643667,Mouse Moved,398.0,350.0,User17,,
1490174643667,Mouse Moved,396.0,348.0,User17,,
1490174643681,Mouse Moved,392.0,344.0,User17,,
1490174643683,Mouse Moved,390.0,343.0,User17,,
1490174643700,Mouse Moved,385.0,340.0,User17,,
1490174643700,Mouse Moved,378.0,337.0,User17,,
1490174643711,Mouse Moved,374.0,332.0,User17,,
1490174643713,Mouse Moved,367.0,330.0,User17,,
1490174643723,Mouse Moved,363.0,327.0,User17,,
1490174643724,Mouse Moved,358.0,324.0,User17,,
1490174643746,Mouse Moved,354.0,321.0,User17,,
1490174643746,Mouse Moved,351.0,320.0,User17,,
1490174643755,Mouse Moved,348.0,318.0,User17,,
1490174643755,Mouse Moved,345.0,317.0,User17,,
1490174643773,Mouse Moved,344.0,316.0,User17,,
1490174643789,Mouse Moved,343.0,316.0,User17,,
1490174643819,Mouse Moved,343.0,315.0,User17,,
1490174643878,Mouse Moved,343.0,315.0,User17,,
1490174643963,Mouse Moved,343.0,315.0,User17,,
1490174643964,Mouse Button.left Released,343.0,315.0,User17,,
1490174644114,Mouse Moved,343.0,312.0,User17,,
1490174644144,Mouse Moved,343.0,308.0,User17,,
1490174644158,Mouse Moved,343.0,305.0,User17,,
1490174644160,Mouse Moved,344.0,304.0,User17,,
1490174644160,Mouse Moved,344.0,301.0,User17,,
1490174644174,Mouse Moved,345.0,299.0,User17,,
1490174644174,Mouse Moved,345.0,297.0,User17,,
1490174644187,Mouse Moved,347.0,295.0,User17,,
1490174644203,Mouse Moved,347.0,294.0,User17,,
1490174644219,Mouse Moved,348.0,290.0,User17,,
1490174644233,Mouse Moved,349.0,288.0,User17,,
1490174644249,Mouse Moved,349.0,286.0,User17,,
1490174644279,Mouse Moved,349.0,285.0,User17,,
1490174644293,Mouse Moved,349.0,284.0,User17,,
1490174644322,Mouse Moved,349.0,285.0,User17,,
1490174644323,Mouse Button.left Pressed,349.0,285.0,User17,,
1490174644407,Mouse Moved,349.0,285.0,User17,,
1490174644408,Mouse Button.left Released,349.0,285.0,User17,,
1490174644489,Mouse Moved,350.0,283.0,User17,,
1490174644505,Mouse Moved,350.0,279.0,User17,,
1490174644520,Mouse Moved,352.0,274.0,User17,,
1490174644533,Mouse Moved,353.0,270.0,User17,,
1490174644535,Mouse Moved,353.0,267.0,User17,,
1490174644549,Mouse Moved,353.0,266.0,User17,,
1490174644551,Mouse Moved,355.0,264.0,User17,,
1490174644565,Mouse Moved,355.0,262.0,User17,,
1490174644579,Mouse Moved,355.0,261.0,User17,,
1490174644595,Mouse Moved,356.0,259.0,User17,,
1490174644596,Mouse Moved,356.0,258.0,User17,,
1490174644632,Mouse Moved,356.0,256.0,User17,,
1490174644638,Mouse Moved,357.0,255.0,User17,,
1490174644696,Mouse Moved,357.0,256.0,User17,,
1490174644697,Mouse Moved,357.0,256.0,User17,,
1490174644720,Mouse Moved,357.0,254.0,User17,,
1490174644789,Mouse Moved,357.0,254.0,User17,,
1490174644790,Mouse Button.left Released,357.0,254.0,User17,,
1490174644950,Mouse Moved,357.0,252.0,User17,,
1490174644960,Mouse Moved,361.0,243.0,User17,,
1490174644980,Mouse Moved,361.0,240.0,User17,,
1490174644982,Mouse Moved,362.0,236.0,User17,,
1490174644983,Mouse Moved,362.0,233.0,User17,,
1490174644989,Mouse Moved,364.0,229.0,User17,,
1490174645010,Mouse Moved,365.0,221.0,User17,,
1490174645020,Mouse Moved,365.0,220.0,User17,,
1490174645040,Mouse Moved,365.0,219.0,User17,,
1490174645051,Mouse Moved,366.0,217.0,User17,,
1490174645063,Mouse Moved,366.0,216.0,User17,,
1490174645094,Mouse Moved,366.0,217.0,User17,,
1490174645095,Mouse Moved,366.0,217.0,User17,,
1490174645186,Mouse Moved,366.0,217.0,User17,,
1490174645187,Mouse Button.left Released,366.0,217.0,User17,,
1490174646476,Mouse Moved,365.0,223.0,User17,,
1490174646500,Mouse Moved,365.0,225.0,User17,,
1490174646515,Mouse Moved,365.0,228.0,User17,,
1490174646529,Mouse Moved,363.0,231.0,User17,,
1490174646549,Mouse Moved,363.0,232.0,User17,,
1490174646569,Mouse Moved,363.0,234.0,User17,,
1490174646578,Mouse Moved,363.0,235.0,User17,,
1490174646598,Mouse Moved,363.0,236.0,User17,,
1490174646717,Mouse Moved,364.0,236.0,User17,,
1490174646720,Mouse Moved,364.0,236.0,User17,,
1490174646805,Mouse Moved,363.0,238.0,User17,,
1490174646806,Mouse Moved,363.0,238.0,User17,,
1490174646808,Mouse Button.left Released,363.0,238.0,User17,,
1490174646836,Mouse Moved,363.0,240.0,User17,,
1490174646854,Mouse Moved,362.0,245.0,User17,,
1490174646874,Mouse Moved,362.0,252.0,User17,,
1490174646884,Mouse Moved,362.0,254.0,User17,,
1490174646904,Mouse Moved,362.0,255.0,User17,,
1490174646904,Mouse Moved,360.0,257.0,User17,,
1490174646905,Mouse Moved,360.0,259.0,User17,,
1490174646934,Mouse Moved,360.0,260.0,User17,,
1490174647016,Mouse Moved,361.0,259.0,User17,,
1490174647017,Mouse Moved,361.0,259.0,User17,,
1490174647101,Mouse Moved,361.0,259.0,User17,,
1490174647102,Mouse Button.left Released,361.0,259.0,User17,,
1490174647148,Mouse Moved,360.0,261.0,User17,,
1490174647191,Mouse Moved,360.0,263.0,User17,,
1490174647201,Mouse Moved,360.0,268.0,User17,,
1490174647220,Mouse Moved,360.0,272.0,User17,,
1490174647230,Mouse Moved,360.0,273.0,User17,,
1490174647246,Mouse Moved,360.0,275.0,User17,,
1490174647270,Mouse Moved,360.0,276.0,User17,,
1490174647282,Mouse Moved,359.0,279.0,User17,,
1490174647311,Mouse Moved,359.0,283.0,User17,,
1490174647341,Mouse Moved,359.0,284.0,User17,,
1490174647446,Mouse Moved,359.0,284.0,User17,,
1490174647447,Mouse Button.left Pressed,359.0,284.0,User17,,
1490174647522,Mouse Moved,359.0,284.0,User17,,
1490174647523,Mouse Button.left Released,359.0,284.0,User17,,
1490174647553,Mouse Moved,359.0,285.0,User17,,
1490174647591,Mouse Moved,359.0,287.0,User17,,
1490174647621,Mouse Moved,359.0,289.0,User17,,
1490174647641,Mouse Moved,359.0,291.0,User17,,
1490174647651,Mouse Moved,359.0,292.0,User17,,
1490174647700,Mouse Moved,359.0,293.0,User17,,
1490174647720,Mouse Moved,359.0,295.0,User17,,
1490174647730,Mouse Moved,359.0,297.0,User17,,
1490174647750,Mouse Moved,359.0,302.0,User17,,
1490174647773,Mouse Moved,358.0,308.0,User17,,
1490174647790,Mouse Moved,358.0,311.0,User17,,
1490174647812,Mouse Moved,358.0,313.0,User17,,
1490174647821,Mouse Moved,358.0,314.0,User17,,
1490174647842,Mouse Moved,358.0,315.0,User17,,
1490174647865,Mouse Moved,358.0,314.0,User17,,
1490174647867,Mouse Moved,358.0,314.0,User17,,
1490174647868,Mouse Button.left Pressed,358.0,314.0,User17,,
1490174647944,Mouse Moved,358.0,314.0,User17,,
1490174648078,Mouse Moved,358.0,317.0,User17,,
1490174648096,Mouse Moved,356.0,322.0,User17,,
1490174648117,Mouse Moved,356.0,326.0,User17,,
1490174648118,Mouse Moved,355.0,333.0,User17,,
1490174648118,Mouse Moved,355.0,341.0,User17,,
1490174648127,Mouse Moved,353.0,355.0,User17,,
1490174648153,Mouse Moved,351.0,364.0,User17,,
1490174648154,Mouse Moved,351.0,383.0,User17,,
1490174648154,Mouse Moved,349.0,397.0,User17,,
1490174648157,Mouse Moved,349.0,414.0,User17,,
1490174648170,Mouse Moved,347.0,449.0,User17,,
1490174648184,Mouse Moved,347.0,482.0,User17,,
1490174648207,Mouse Moved,347.0,515.0,User17,,
1490174648217,Mouse Moved,345.0,540.0,User17,,
1490174648237,Mouse Moved,345.0,551.0,User17,,
1490174648239,Mouse Moved,345.0,560.0,User17,,
1490174648247,Mouse Moved,345.0,571.0,User17,,
1490174648262,Mouse Moved,345.0,575.0,User17,,
1490174648263,Mouse Moved,345.0,584.0,User17,,
1490174648285,Mouse Moved,345.0,588.0,User17,,
1490174648286,Mouse Moved,345.0,592.0,User17,,
1490174648286,Mouse Moved,345.0,595.0,User17,,
1490174648299,Mouse Moved,345.0,599.0,User17,,
1490174648301,Mouse Moved,345.0,600.0,User17,,
1490174648309,Mouse Moved,345.0,606.0,User17,,
1490174648329,Mouse Moved,345.0,610.0,User17,,
1490174648331,Mouse Moved,343.0,616.0,User17,,
1490174648332,Mouse Moved,343.0,621.0,User17,,
1490174648339,Mouse Moved,343.0,625.0,User17,,
1490174648359,Mouse Moved,340.0,637.0,User17,,
1490174648369,Mouse Moved,340.0,642.0,User17,,
1490174648384,Mouse Moved,339.0,648.0,User17,,
1490174648400,Mouse Moved,337.0,658.0,User17,,
1490174648420,Mouse Moved,337.0,669.0,User17,,
1490174648434,Mouse Moved,337.0,672.0,User17,,
1490174648453,Mouse Moved,336.0,680.0,User17,,
1490174648460,Mouse Moved,336.0,682.0,User17,,
1490174648476,Mouse Moved,335.0,686.0,User17,,
1490174648490,Mouse Moved,335.0,687.0,User17,,
1490174648513,Mouse Moved,341.0,716.0,User17,,
1490174648523,Mouse Moved,343.0,722.0,User17,,
1490174648543,Mouse Moved,346.0,738.0,User17,,
1490174648553,Mouse Moved,346.0,740.0,User17,,
1490174648573,Mouse Moved,348.0,742.0,User17,,
1490174648612,Mouse Moved,348.0,737.0,User17,,
1490174648614,Mouse Moved,348.0,736.0,User17,,
1490174648634,Mouse Moved,348.0,735.0,User17,,
1490174648634,Mouse Moved,348.0,729.0,User17,,
1490174648644,Mouse Moved,348.0,728.0,User17,,
1490174648657,Mouse Moved,348.0,719.0,User17,,
1490174648658,Mouse Moved,348.0,711.0,User17,,
1490174648671,Mouse Moved,350.0,702.0,User17,,
1490174648673,Mouse Moved,350.0,688.0,User17,,
1490174648687,Mouse Moved,350.0,672.0,User17,,
1490174648687,Mouse Moved,350.0,660.0,User17,,
1490174648703,Mouse Moved,350.0,659.0,User17,,
1490174648704,Mouse Moved,350.0,658.0,User17,,
1490174648723,Mouse Moved,353.0,654.0,User17,,
1490174648724,Mouse Moved,353.0,646.0,User17,,
1490174648726,Mouse Moved,351.0,637.0,User17,,
1490174648733,Mouse Moved,347.0,628.0,User17,,
1490174648753,Mouse Moved,344.0,619.0,User17,,
1490174648755,Mouse Moved,335.0,606.0,User17,,
1490174648763,Mouse Moved,330.0,597.0,User17,,
1490174648765,Mouse Moved,321.0,582.0,User17,,
1490174648783,Mouse Moved,313.0,567.0,User17,,
1490174648785,Mouse Moved,299.0,549.0,User17,,
1490174648793,Mouse Moved,289.0,537.0,User17,,
1490174648795,Mouse Moved,276.0,519.0,User17,,
1490174648808,Mouse Moved,265.0,509.0,User17,,
1490174648809,Mouse Moved,253.0,496.0,User17,,
1490174648822,Mouse Moved,245.0,486.0,User17,,
1490174648838,Mouse Moved,240.0,481.0,User17,,
1490174648838,Mouse Moved,235.0,477.0,User17,,
1490174648852,Mouse Moved,232.0,474.0,User17,,
1490174648875,Mouse Moved,231.0,473.0,User17,,
1490174648877,Mouse Moved,231.0,471.0,User17,,
1490174648983,Mouse Moved,233.0,474.0,User17,,
1490174649006,Mouse Moved,233.0,478.0,User17,,
1490174649007,Mouse Moved,236.0,489.0,User17,,
1490174649028,Mouse Moved,238.0,498.0,User17,,
1490174649029,Mouse Moved,240.0,507.0,User17,,
1490174649029,Mouse Moved,241.0,513.0,User17,,
1490174649038,Mouse Moved,243.0,518.0,User17,,
1490174649055,Mouse Moved,243.0,519.0,User17,,
1490174649056,Mouse Moved,243.0,520.0,User17,,
1490174649095,Mouse Moved,243.0,523.0,User17,,
1490174649118,Mouse Moved,241.0,529.0,User17,,
1490174649119,Mouse Moved,240.0,532.0,User17,,
1490174649121,Mouse Moved,240.0,538.0,User17,,
1490174649128,Mouse Moved,238.0,542.0,User17,,
1490174649148,Mouse Moved,238.0,548.0,User17,,
1490174649150,Mouse Moved,238.0,550.0,User17,,
1490174649158,Mouse Moved,238.0,555.0,User17,,
1490174649160,Mouse Moved,238.0,565.0,User17,,
1490174649178,Mouse Moved,242.0,577.0,User17,,
1490174649180,Mouse Moved,249.0,592.0,User17,,
1490174649187,Mouse Moved,255.0,606.0,User17,,
1490174649201,Mouse Moved,264.0,624.0,User17,,
1490174649203,Mouse Moved,270.0,638.0,User17,,
1490174649220,Mouse Moved,278.0,651.0,User17,,
1490174649221,Mouse Moved,286.0,663.0,User17,,
1490174649223,Mouse Moved,289.0,668.0,User17,,
1490174649240,Mouse Moved,295.0,677.0,User17,,
1490174649242,Mouse Moved,299.0,681.0,User17,,
1490174649250,Mouse Moved,302.0,686.0,User17,,
1490174649270,Mouse Moved,304.0,689.0,User17,,
1490174649272,Mouse Moved,307.0,693.0,User17,,
1490174649273,Mouse Moved,310.0,698.0,User17,,
1490174649280,Mouse Moved,310.0,701.0,User17,,
1490174649301,Mouse Moved,311.0,702.0,User17,,
1490174649302,Mouse Moved,311.0,704.0,User17,,
1490174649302,Mouse Moved,313.0,709.0,User17,,
1490174649311,Mouse Moved,313.0,710.0,User17,,
1490174649323,Mouse Moved,314.0,712.0,User17,,
1490174649325,Mouse Moved,314.0,714.0,User17,,
1490174649338,Mouse Moved,314.0,717.0,User17,,
1490174649339,Mouse Moved,314.0,724.0,User17,,
1490174649355,Mouse Moved,315.0,728.0,User17,,
1490174649355,Mouse Moved,317.0,741.0,User17,,
1490174649375,Mouse Moved,319.0,750.0,User17,,
1490174649375,Mouse Moved,321.0,759.0,User17,,
1490174649385,Mouse Moved,324.0,768.0,User17,,
1490174649387,Mouse Moved,326.0,774.0,User17,,
1490174650020,Mouse Moved,148.0,773.0,User17,,
1490174650065,Mouse Moved,146.0,772.0,User17,,
1490174650081,Mouse Moved,145.0,771.0,User17,,
1490174650125,Mouse Moved,144.0,770.0,User17,,
1490174650140,Mouse Moved,140.0,767.0,User17,,
1490174650155,Mouse Moved,131.0,764.0,User17,,
1490174650157,Mouse Moved,127.0,762.0,User17,,
1490174650171,Mouse Moved,121.0,761.0,User17,,
1490174650173,Mouse Moved,119.0,761.0,User17,,
1490174650187,Mouse Moved,115.0,758.0,User17,,
1490174650210,Mouse Moved,113.0,758.0,User17,,
1490174650211,Mouse Moved,108.0,756.0,User17,,
1490174650213,Mouse Moved,107.0,755.0,User17,,
1490174650213,Mouse Moved,105.0,754.0,User17,,
1490174650220,Mouse Moved,103.0,754.0,User17,,
1490174650233,Mouse Moved,101.0,754.0,User17,,
1490174650234,Mouse Moved,98.0,754.0,User17,,
1490174650249,Mouse Moved,97.0,753.0,User17,,
1490174650263,Mouse Moved,95.0,753.0,User17,,
1490174650265,Mouse Moved,93.0,753.0,User17,,
1490174650286,Mouse Moved,92.0,753.0,User17,,
1490174650299,Mouse Moved,92.0,752.0,User17,,
1490174650349,Mouse Moved,93.0,752.0,User17,,
1490174650351,Mouse Moved,93.0,752.0,User17,,
1490174650443,Mouse Moved,93.0,752.0,User17,,
1490174650444,Mouse Button.left Released,93.0,752.0,User17,,
1490174650658,Mouse Moved,92.0,749.0,User17,,
1490174650681,Mouse Moved,98.0,749.0,User17,,
1490174650690,Mouse Moved,102.0,736.0,User17,,
1490174650690,Mouse Moved,106.0,717.0,User17,,
1490174650704,Mouse Moved,115.0,694.0,User17,,
1490174650706,Mouse Moved,127.0,669.0,User17,,
1490174650723,Mouse Moved,138.0,649.0,User17,,
1490174650723,Mouse Moved,150.0,623.0,User17,,
1490174650744,Mouse Moved,163.0,603.0,User17,,
1490174650782,Mouse Moved,177.0,585.0,User17,,
1490174650782,Mouse Moved,187.0,570.0,User17,,
1490174650789,Mouse Moved,203.0,555.0,User17,,
1490174650803,Mouse Moved,216.0,540.0,User17,,
1490174650815,Mouse Moved,224.0,530.0,User17,,
1490174650826,Mouse Moved,236.0,517.0,User17,,
1490174650829,Mouse Moved,241.0,512.0,User17,,
1490174650832,Mouse Moved,251.0,504.0,User17,,
1490174650835,Mouse Moved,256.0,497.0,User17,,
1490174650838,Mouse Moved,261.0,493.0,User17,,
1490174650888,Mouse Moved,266.0,490.0,User17,,
1490174650904,Mouse Moved,267.0,487.0,User17,,
1490174650908,Mouse Moved,268.0,486.0,User17,,
1490174650910,Mouse Moved,271.0,483.0,User17,,
1490174650911,Mouse Moved,272.0,482.0,User17,,
1490174650911,Mouse Moved,273.0,481.0,User17,,
1490174650913,Mouse Moved,274.0,479.0,User17,,
1490174650914,Mouse Moved,275.0,478.0,User17,,
1490174651994,Mouse Moved,277.0,479.0,User17,,
1490174652006,Mouse Moved,279.0,485.0,User17,,
1490174652026,Mouse Moved,282.0,507.0,User17,,
1490174652028,Mouse Moved,282.0,529.0,User17,,
1490174652029,Mouse Moved,286.0,551.0,User17,,
1490174652036,Mouse Moved,291.0,573.0,User17,,
1490174652055,Mouse Moved,295.0,595.0,User17,,
1490174652055,Mouse Moved,299.0,615.0,User17,,
1490174652056,Mouse Moved,302.0,637.0,User17,,
1490174652065,Mouse Moved,305.0,649.0,User17,,
1490174652082,Mouse Moved,307.0,660.0,User17,,
1490174652082,Mouse Moved,309.0,667.0,User17,,
1490174652095,Mouse Moved,309.0,671.0,User17,,
1490174652096,Mouse Moved,310.0,676.0,User17,,
1490174652109,Mouse Moved,310.0,678.0,User17,,
1490174652125,Mouse Moved,312.0,681.0,User17,,
1490174652127,Mouse Moved,312.0,682.0,User17,,
1490174652141,Mouse Moved,313.0,685.0,User17,,
1490174652170,Mouse Moved,313.0,686.0,User17,,
1490174652187,Mouse Moved,315.0,690.0,User17,,
1490174652200,Mouse Moved,317.0,693.0,User17,,
1490174652200,Mouse Moved,319.0,696.0,User17,,
1490174652216,Mouse Moved,322.0,698.0,User17,,
1490174652217,Mouse Moved,329.0,705.0,User17,,
1490174652230,Mouse Moved,336.0,711.0,User17,,
1490174652230,Mouse Moved,340.0,714.0,User17,,
1490174652244,Mouse Moved,349.0,721.0,User17,,
1490174652246,Mouse Moved,354.0,724.0,User17,,
1490174652259,Mouse Moved,359.0,727.0,User17,,
1490174652260,Mouse Moved,365.0,730.0,User17,,
1490174652275,Mouse Moved,368.0,732.0,User17,,
1490174652276,Mouse Moved,371.0,733.0,User17,,
1490174652289,Mouse Moved,372.0,733.0,User17,,
1490174652290,Mouse Moved,373.0,733.0,User17,,
1490174652305,Mouse Moved,374.0,733.0,User17,,
1490174652349,Mouse Moved,377.0,734.0,User17,,
1490174652365,Mouse Moved,385.0,738.0,User17,,
1490174652380,Mouse Moved,390.0,739.0,User17,,
1490174652381,Mouse Moved,394.0,741.0,User17,,
1490174652394,Mouse Moved,399.0,742.0,User17,,
1490174652397,Mouse Moved,403.0,744.0,User17,,
1490174652411,Mouse Moved,406.0,744.0,User17,,
1490174652411,Mouse Moved,407.0,745.0,User17,,
1490174652426,Mouse Moved,408.0,745.0,User17,,
1490174652426,Mouse Moved,409.0,745.0,User17,,
1490174652484,Mouse Moved,411.0,745.0,User17,,
1490174652516,Mouse Moved,412.0,748.0,User17,,
1490174652530,Mouse Moved,413.0,749.0,User17,,
1490174652561,Mouse Moved,414.0,750.0,User17,,
1490174652562,Mouse Moved,414.0,751.0,User17,,
1490174652591,Mouse Moved,415.0,751.0,User17,,
1490174652612,Mouse Moved,415.0,752.0,User17,,
1490174652622,Mouse Moved,417.0,752.0,User17,,
1490174652642,Mouse Moved,417.0,753.0,User17,,
1490174652990,Mouse Moved,412.0,740.0,User17,,
1490174653000,Mouse Moved,404.0,730.0,User17,,
1490174653000,Mouse Moved,395.0,716.0,User17,,
1490174653013,Mouse Moved,384.0,698.0,User17,,
1490174653015,Mouse Moved,373.0,680.0,User17,,
1490174653038,Mouse Moved,356.0,650.0,User17,,
1490174653039,Mouse Moved,344.0,627.0,User17,,
1490174653039,Mouse Moved,333.0,602.0,User17,,
1490174653048,Mouse Moved,321.0,579.0,User17,,
1490174653061,Mouse Moved,310.0,554.0,User17,,
1490174653062,Mouse Moved,303.0,534.0,User17,,
1490174653075,Mouse Moved,296.0,512.0,User17,,
1490174653075,Mouse Moved,292.0,495.0,User17,,
1490174653091,Mouse Moved,286.0,475.0,User17,,
1490174653092,Mouse Moved,279.0,458.0,User17,,
1490174653105,Mouse Moved,275.0,443.0,User17,,
1490174653107,Mouse Moved,269.0,431.0,User17,,
1490174653127,Mouse Moved,267.0,425.0,User17,,
1490174653128,Mouse Moved,262.0,415.0,User17,,
1490174653137,Mouse Moved,260.0,411.0,User17,,
1490174653138,Mouse Moved,257.0,406.0,User17,,
1490174653157,Mouse Moved,254.0,402.0,User17,,
1490174653158,Mouse Moved,253.0,399.0,User17,,
1490174653167,Mouse Moved,248.0,394.0,User17,,
1490174653187,Mouse Moved,245.0,391.0,User17,,
1490174653187,Mouse Moved,238.0,386.0,User17,,
1490174653188,Mouse Moved,234.0,381.0,User17,,
1490174653197,Mouse Moved,224.0,376.0,User17,,
1490174653210,Mouse Moved,219.0,373.0,User17,,
1490174653211,Mouse Moved,215.0,370.0,User17,,
1490174653233,Mouse Moved,206.0,362.0,User17,,
1490174653233,Mouse Moved,203.0,361.0,User17,,
1490174653234,Mouse Moved,198.0,356.0,User17,,
1490174653247,Mouse Moved,191.0,351.0,User17,,
1490174653249,Mouse Moved,186.0,346.0,User17,,
1490174653260,Mouse Moved,179.0,341.0,User17,,
1490174653278,Mouse Moved,171.0,331.0,User17,,
1490174653279,Mouse Moved,167.0,328.0,User17,,
1490174653288,Mouse Moved,162.0,325.0,User17,,
1490174653289,Mouse Moved,160.0,323.0,User17,,
1490174653301,Mouse Moved,158.0,322.0,User17,,
1490174653443,Mouse Moved,157.0,322.0,User17,,
1490174653474,Mouse Moved,155.0,321.0,User17,,
1490174653483,Mouse Moved,148.0,321.0,User17,,
1490174653496,Mouse Moved,142.0,319.0,User17,,
1490174653497,Mouse Moved,138.0,318.0,User17,,
1490174653512,Mouse Moved,137.0,317.0,User17,,
1490174653513,Mouse Moved,133.0,315.0,User17,,
1490174653533,Mouse Moved,131.0,315.0,User17,,
1490174653543,Mouse Moved,130.0,315.0,User17,,
1490174653563,Mouse Moved,129.0,315.0,User17,,
1490174653700,Mouse Moved,128.0,314.0,User17,,
1490174653707,Mouse Moved,125.0,312.0,User17,,
1490174653723,Mouse Moved,121.0,309.0,User17,,
1490174653739,Mouse Moved,118.0,306.0,User17,,
1490174653740,Mouse Moved,116.0,303.0,User17,,
1490174653759,Mouse Moved,113.0,300.0,User17,,
1490174653759,Mouse Moved,110.0,293.0,User17,,
1490174653769,Mouse Moved,109.0,292.0,User17,,
1490174653769,Mouse Moved,106.0,287.0,User17,,
1490174653789,Mouse Moved,105.0,282.0,User17,,
1490174653789,Mouse Moved,103.0,278.0,User17,,
1490174653799,Mouse Moved,102.0,271.0,User17,,
1490174653799,Mouse Moved,102.0,267.0,User17,,
1490174653819,Mouse Moved,100.0,262.0,User17,,
1490174653819,Mouse Moved,100.0,258.0,User17,,
1490174653829,Mouse Moved,100.0,257.0,User17,,
1490174653844,Mouse Moved,100.0,254.0,User17,,
1490174653845,Mouse Moved,100.0,253.0,User17,,
1490174653859,Mouse Moved,100.0,251.0,User17,,
1490174653861,Mouse Moved,100.0,248.0,User17,,
1490174653882,Mouse Moved,100.0,246.0,User17,,
1490174653884,Mouse Moved,100.0,244.0,User17,,
1490174653884,Mouse Moved,100.0,242.0,User17,,
1490174653892,Mouse Moved,102.0,237.0,User17,,
1490174653894,Mouse Moved,103.0,235.0,User17,,
1490174653905,Mouse Moved,104.0,233.0,User17,,
1490174653921,Mouse Moved,105.0,231.0,User17,,
1490174653921,Mouse Moved,108.0,229.0,User17,,
1490174653936,Mouse Moved,111.0,227.0,User17,,
1490174653937,Mouse Moved,114.0,225.0,User17,,
1490174653953,Mouse Moved,120.0,222.0,User17,,
1490174653954,Mouse Moved,130.0,214.0,User17,,
1490174653971,Mouse Moved,140.0,210.0,User17,,
1490174653973,Mouse Moved,149.0,207.0,User17,,
1490174653973,Mouse Moved,158.0,201.0,User17,,
1490174653982,Mouse Moved,168.0,197.0,User17,,
1490174653996,Mouse Moved,172.0,194.0,User17,,
1490174653996,Mouse Moved,177.0,193.0,User17,,
1490174654010,Mouse Moved,181.0,190.0,User17,,
1490174654012,Mouse Moved,183.0,190.0,User17,,
1490174654028,Mouse Moved,185.0,188.0,User17,,
1490174654029,Mouse Moved,186.0,187.0,User17,,
1490174654046,Mouse Moved,189.0,186.0,User17,,
1490174654046,Mouse Moved,190.0,185.0,User17,,
1490174654055,Mouse Moved,192.0,185.0,User17,,
1490174654071,Mouse Moved,194.0,183.0,User17,,
1490174654072,Mouse Moved,196.0,182.0,User17,,
1490174654085,Mouse Moved,199.0,181.0,User17,,
1490174654101,Mouse Moved,205.0,179.0,User17,,
1490174654101,Mouse Moved,208.0,178.0,User17,,
1490174654115,Mouse Moved,213.0,175.0,User17,,
1490174654117,Mouse Moved,214.0,175.0,User17,,
1490174654137,Mouse Moved,216.0,173.0,User17,,
1490174654138,Mouse Moved,218.0,172.0,User17,,
1490174654140,Mouse Moved,219.0,171.0,User17,,
1490174654167,Mouse Moved,220.0,171.0,User17,,
1490174654168,Mouse Moved,221.0,170.0,User17,,
1490174654197,Mouse Moved,222.0,169.0,User17,,
1490174654207,Mouse Moved,223.0,169.0,User17,,
1490174654236,Mouse Moved,223.0,168.0,User17,,
1490174654242,Mouse Moved,223.0,168.0,User17,,
1490174654243,Mouse Button.left Pressed,223.0,168.0,User17,,
1490174654328,Mouse Moved,223.0,168.0,User17,,
1490174654329,Mouse Button.left Released,223.0,168.0,User17,,
1490174654375,Mouse Moved,223.0,168.0,User17,,
1490174654387,Mouse Button.left Pressed,223.0,168.0,User17,,
1490174654459,Mouse Moved,223.0,168.0,User17,,
1490174654467,Mouse Button.left Released,223.0,168.0,User17,,
1490174655015,Mouse Moved,225.0,172.0,User17,,
1490174655016,Mouse Moved,225.0,178.0,User17,,
1490174655023,Mouse Moved,226.0,181.0,User17,,
1490174655036,Mouse Moved,226.0,182.0,User17,,
1490174655038,Mouse Moved,227.0,184.0,User17,,
1490174655052,Mouse Moved,227.0,185.0,User17,,
1490174655073,Mouse Moved,229.0,188.0,User17,,
1490174655075,Mouse Moved,230.0,191.0,User17,,
1490174655104,Mouse Moved,231.0,194.0,User17,,
1490174655105,Mouse Moved,233.0,198.0,User17,,
1490174655105,Mouse Moved,233.0,201.0,User17,,
1490174655114,Mouse Moved,234.0,204.0,User17,,
1490174655128,Mouse Moved,236.0,207.0,User17,,
1490174655144,Mouse Moved,237.0,211.0,User17,,
1490174655157,Mouse Moved,238.0,215.0,User17,,
1490174655178,Mouse Moved,240.0,218.0,User17,,
1490174655180,Mouse Moved,240.0,219.0,User17,,
1490174655188,Mouse Moved,241.0,221.0,User17,,
1490174655209,Mouse Moved,241.0,224.0,User17,,
1490174655210,Mouse Moved,242.0,227.0,User17,,
1490174655210,Mouse Moved,242.0,229.0,User17,,
1490174655219,Mouse Moved,243.0,230.0,User17,,
1490174655239,Mouse Moved,243.0,233.0,User17,,
1490174655240,Mouse Moved,243.0,234.0,User17,,
1490174655249,Mouse Moved,243.0,235.0,User17,,
1490174655263,Mouse Moved,243.0,236.0,User17,,
1490174655282,Mouse Moved,245.0,238.0,User17,,
1490174655312,Mouse Moved,245.0,239.0,User17,,
1490174655322,Mouse Moved,245.0,240.0,User17,,
1490174655352,Mouse Moved,245.0,241.0,User17,,
1490174655374,Mouse Moved,245.0,242.0,User17,,
1490174655459,Mouse Moved,245.0,243.0,User17,,
1490174655473,Mouse Moved,245.0,245.0,User17,,
1490174655548,Mouse Moved,245.0,246.0,User17,,
1490174655571,Mouse Moved,246.0,253.0,User17,,
1490174655581,Mouse Moved,246.0,254.0,User17,,
1490174655601,Mouse Moved,246.0,255.0,User17,,
1490174655609,Mouse Moved,246.0,256.0,User17,,
1490174656082,Mouse Moved,246.0,257.0,User17,,
1490174656130,Mouse Moved,246.0,260.0,User17,,
1490174656150,Mouse Moved,248.0,266.0,User17,,
1490174656158,Mouse Moved,248.0,273.0,User17,,
1490174656173,Mouse Moved,248.0,276.0,User17,,
1490174656190,Mouse Moved,249.0,284.0,User17,,
1490174656210,Mouse Moved,249.0,287.0,User17,,
1490174656220,Mouse Moved,249.0,288.0,User17,,
1490174656240,Mouse Moved,250.0,292.0,User17,,
1490174656269,Mouse Moved,250.0,296.0,User17,,
1490174656308,Mouse Moved,250.0,297.0,User17,,
1490174656354,Mouse Moved,250.0,298.0,User17,,
1490174656796,Mouse Moved,251.0,298.0,User17,,
1490174656819,Mouse Moved,254.0,280.0,User17,,
1490174656829,Mouse Moved,256.0,273.0,User17,,
1490174656849,Mouse Moved,256.0,262.0,User17,,
1490174656858,Mouse Moved,257.0,258.0,User17,,
1490174656872,Mouse Moved,257.0,249.0,User17,,
1490174656888,Mouse Moved,259.0,242.0,User17,,
1490174656903,Mouse Moved,259.0,232.0,User17,,
1490174656918,Mouse Moved,259.0,227.0,User17,,
1490174656920,Mouse Moved,259.0,226.0,User17,,
1490174656936,Mouse Moved,259.0,224.0,User17,,
1490174656937,Mouse Moved,259.0,222.0,User17,,
1490174656956,Mouse Moved,259.0,220.0,User17,,
1490174656957,Mouse Moved,259.0,219.0,User17,,
1490174656957,Mouse Moved,259.0,216.0,User17,,
1490174656966,Mouse Moved,261.0,210.0,User17,,
1490174656977,Mouse Moved,261.0,209.0,User17,,
1490174656979,Mouse Moved,261.0,208.0,User17,,
1490174656993,Mouse Moved,261.0,207.0,User17,,
1490174657007,Mouse Moved,261.0,205.0,User17,,
1490174657039,Mouse Moved,261.0,204.0,User17,,
1490174657053,Mouse Moved,261.0,202.0,User17,,
1490174657072,Mouse Moved,261.0,199.0,User17,,
1490174657092,Mouse Moved,261.0,198.0,User17,,
1490174657104,Mouse Moved,261.0,197.0,User17,,
1490174657342,Mouse Moved,261.0,196.0,User17,,
1490174657367,Mouse Moved,262.0,194.0,User17,,
1490174657392,Mouse Moved,263.0,192.0,User17,,
1490174657413,Mouse Moved,263.0,191.0,User17,,
1490174657423,Mouse Moved,263.0,190.0,User17,,
1490174657467,Mouse Moved,264.0,188.0,User17,,
1490174657536,Mouse Moved,264.0,189.0,User17,,
1490174657538,Mouse Moved,264.0,189.0,User17,,
1490174657539,Mouse Button.left Pressed,264.0,189.0,User17,,
1490174657614,Mouse Moved,264.0,189.0,User17,,
1490174657615,Mouse Button.left Released,264.0,189.0,User17,,
1490174657944,Mouse Moved,264.0,189.0,User17,,
1490174657946,Mouse Moved,264.0,189.0,User17,,
1490174657947,Mouse Button.left Released,264.0,189.0,User17,,
1490174658844,Mouse Moved,273.0,190.0,User17,,
1490174658845,Mouse Moved,285.0,194.0,User17,,
1490174658845,Mouse Moved,302.0,198.0,User17,,
1490174658846,Mouse Moved,331.0,208.0,User17,,
1490174658848,Mouse Moved,377.0,226.0,User17,,
1490174658848,Mouse Moved,433.0,243.0,User17,,
1490174658849,Mouse Moved,496.0,267.0,User17,,
1490174658849,Mouse Moved,558.0,288.0,User17,,
1490174658851,Mouse Moved,621.0,312.0,User17,,
1490174658851,Mouse Moved,661.0,327.0,User17,,
1490174658852,Mouse Moved,707.0,345.0,User17,,
1490174658854,Mouse Moved,747.0,356.0,User17,,
1490174658855,Mouse Moved,786.0,368.0,User17,,
1490174658855,Mouse Moved,811.0,374.0,User17,,
1490174658857,Mouse Moved,836.0,381.0,User17,,
1490174658858,Mouse Moved,858.0,386.0,User17,,
1490174658858,Mouse Moved,878.0,390.0,User17,,
1490174658858,Mouse Moved,910.0,400.0,User17,,
1490174658859,Mouse Moved,919.0,403.0,User17,,
1490174658861,Mouse Moved,921.0,403.0,User17,,
1490174659151,Mouse Moved,919.0,403.0,User17,,
1490174659153,Mouse Moved,916.0,403.0,User17,,
1490174659154,Mouse Moved,915.0,403.0,User17,,
1490174659154,Mouse Moved,913.0,403.0,User17,,
1490174659163,Mouse Moved,912.0,403.0,User17,,
1490174659459,Mouse Moved,910.0,403.0,User17,,
1490174659460,Mouse Moved,909.0,403.0,User17,,
1490174659460,Mouse Moved,908.0,403.0,User17,,
1490174659461,Mouse Moved,907.0,403.0,User17,,
1490174659470,Mouse Moved,906.0,403.0,User17,,
1490174659766,Mouse Moved,906.0,401.0,User17,,
1490174659766,Mouse Moved,906.0,400.0,User17,,
1490174659773,Mouse Moved,906.0,399.0,User17,,
1490174659773,Mouse Moved,906.0,400.0,User17,,
1490174659776,Mouse Button.left Pressed,906.0,400.0,User17,,
1490174659778,Mouse Moved,906.0,400.0,User17,,
1490174659779,Mouse Button.left Released,906.0,400.0,User17,,
1490174660089,Mouse Moved,905.0,399.0,User17,,
1490174660091,Mouse Moved,877.0,393.0,User17,,
1490174660096,Mouse Moved,854.0,387.0,User17,,
1490174660098,Mouse Moved,815.0,379.0,User17,,
1490174660098,Mouse Moved,736.0,360.0,User17,,
1490174660098,Mouse Moved,699.0,355.0,User17,,
1490174660099,Mouse Moved,576.0,333.0,User17,,
1490174660101,Mouse Moved,534.0,327.0,User17,,
1490174660101,Mouse Moved,459.0,314.0,User17,,
1490174660101,Mouse Moved,407.0,304.0,User17,,
1490174660102,Mouse Moved,385.0,300.0,User17,,
1490174660104,Mouse Moved,348.0,291.0,User17,,
1490174660105,Mouse Moved,316.0,284.0,User17,,
1490174660105,Mouse Moved,312.0,282.0,User17,,
1490174660105,Mouse Moved,309.0,282.0,User17,,
1490174660357,Mouse Moved,308.0,281.0,User17,,
1490174660358,Mouse Moved,296.0,280.0,User17,,
1490174660358,Mouse Moved,290.0,278.0,User17,,
1490174660359,Mouse Moved,284.0,277.0,User17,,
1490174660361,Mouse Moved,282.0,277.0,User17,,
1490174660374,Mouse Moved,293.0,275.0,User17,,
1490174660375,Mouse Moved,312.0,275.0,User17,,
1490174660375,Mouse Moved,337.0,275.0,User17,,
1490174660377,Mouse Moved,359.0,275.0,User17,,
1490174660378,Mouse Moved,368.0,277.0,User17,,
1490174660378,Mouse Moved,369.0,277.0,User17,,
1490174660378,Mouse Moved,371.0,277.0,User17,,
1490174660424,Mouse Moved,368.0,277.0,User17,,
1490174660438,Mouse Moved,347.0,278.0,User17,,
1490174660453,Mouse Moved,330.0,278.0,User17,,
1490174660470,Mouse Moved,305.0,278.0,User17,,
1490174660484,Mouse Moved,274.0,270.0,User17,,
1490174660499,Mouse Moved,248.0,262.0,User17,,
1490174660513,Mouse Moved,231.0,255.0,User17,,
1490174660530,Mouse Moved,226.0,251.0,User17,,
1490174660543,Mouse Moved,222.0,249.0,User17,,
1490174660559,Mouse Moved,221.0,248.0,User17,,
1490174660575,Mouse Moved,218.0,248.0,User17,,
1490174660588,Mouse Moved,216.0,247.0,User17,,
1490174660605,Mouse Moved,202.0,244.0,User17,,
1490174660618,Mouse Moved,193.0,242.0,User17,,
1490174660634,Mouse Moved,164.0,232.0,User17,,
1490174660651,Mouse Moved,143.0,224.0,User17,,
1490174660671,Mouse Moved,103.0,214.0,User17,,
1490174660683,Mouse Moved,91.0,210.0,User17,,
1490174660700,Mouse Moved,87.0,209.0,User17,,
1490174660701,Mouse Moved,80.0,207.0,User17,,
1490174660703,Mouse Moved,78.0,207.0,User17,,
1490174660709,Mouse Moved,77.0,206.0,User17,,
1490174660724,Mouse Moved,75.0,206.0,User17,,
1490174660789,Mouse Moved,74.0,206.0,User17,,
1490174660816,Mouse Moved,73.0,205.0,User17,,
1490174660838,Mouse Moved,72.0,203.0,User17,,
1490174660848,Mouse Moved,71.0,203.0,User17,,
1490174660887,Mouse Moved,71.0,202.0,User17,,
1490174660927,Mouse Moved,71.0,200.0,User17,,
1490174660928,Mouse Moved,71.0,197.0,User17,,
1490174660957,Mouse Moved,72.0,196.0,User17,,
1490174660959,Mouse Moved,73.0,193.0,User17,,
1490174660987,Mouse Moved,74.0,192.0,User17,,
1490174660997,Mouse Moved,76.0,191.0,User17,,
1490174661019,Mouse Moved,77.0,190.0,User17,,
1490174661052,Mouse Moved,79.0,187.0,User17,,
1490174661052,Mouse Moved,84.0,186.0,User17,,
1490174661072,Mouse Moved,85.0,183.0,User17,,
1490174661088,Mouse Moved,88.0,182.0,User17,,
1490174661089,Mouse Moved,89.0,179.0,User17,,
1490174661119,Mouse Moved,95.0,175.0,User17,,
1490174661141,Mouse Moved,96.0,173.0,User17,,
1490174661151,Mouse Moved,97.0,172.0,User17,,
1490174661213,Mouse Moved,97.0,173.0,User17,,
1490174661214,Mouse Button.left Pressed,97.0,173.0,User17,,
1490174661236,Mouse Moved,97.0,171.0,User17,,
1490174661290,Mouse Moved,97.0,172.0,User17,,
1490174661292,Mouse Moved,97.0,172.0,User17,,
1490174661760,Mouse Moved,97.0,173.0,User17,,
1490174661770,Mouse Moved,96.0,175.0,User17,,
1490174661799,Mouse Moved,95.0,176.0,User17,,
1490174661815,Mouse Moved,94.0,178.0,User17,,
1490174661868,Mouse Moved,94.0,179.0,User17,,
1490174661898,Mouse Moved,96.0,182.0,User17,,
1490174661911,Mouse Moved,112.0,189.0,User17,,
1490174661921,Mouse Moved,134.0,199.0,User17,,
1490174661944,Mouse Moved,163.0,211.0,User17,,
1490174661953,Mouse Moved,175.0,215.0,User17,,
1490174661974,Mouse Moved,181.0,219.0,User17,,
1490174661976,Mouse Moved,186.0,220.0,User17,,
1490174661976,Mouse Moved,191.0,223.0,User17,,
1490174661983,Mouse Moved,192.0,223.0,User17,,
1490174662193,Mouse Moved,193.0,223.0,User17,,
1490174662213,Mouse Moved,198.0,223.0,User17,,
1490174662224,Mouse Moved,201.0,222.0,User17,,
1490174662240,Mouse Moved,204.0,220.0,User17,,
1490174662240,Mouse Moved,210.0,219.0,User17,,
1490174662259,Mouse Moved,215.0,216.0,User17,,
1490174662260,Mouse Moved,219.0,214.0,User17,,
1490174662262,Mouse Moved,224.0,214.0,User17,,
1490174662275,Mouse Moved,230.0,214.0,User17,,
1490174662276,Mouse Moved,231.0,213.0,User17,,
1490174662285,Mouse Moved,235.0,213.0,User17,,
1490174662305,Mouse Moved,237.0,213.0,User17,,
1490174662335,Mouse Moved,238.0,213.0,User17,,
1490174662480,Mouse Moved,238.0,212.0,User17,,
1490174662494,Mouse Moved,240.0,212.0,User17,,
1490174662545,Mouse Moved,241.0,211.0,User17,,
1490174662619,Mouse Moved,242.0,211.0,User17,,
1490174662644,Mouse Moved,243.0,210.0,User17,,
1490174662661,Mouse Moved,246.0,208.0,User17,,
1490174662680,Mouse Moved,248.0,207.0,User17,,
1490174662690,Mouse Moved,251.0,207.0,User17,,
1490174662710,Mouse Moved,254.0,205.0,User17,,
1490174662711,Mouse Moved,257.0,204.0,User17,,
1490174662713,Mouse Moved,259.0,204.0,User17,,
1490174662719,Mouse Moved,260.0,203.0,User17,,
1490174662734,Mouse Moved,263.0,203.0,User17,,
1490174662736,Mouse Moved,266.0,202.0,User17,,
1490174662750,Mouse Moved,268.0,200.0,User17,,
1490174662750,Mouse Moved,275.0,197.0,User17,,
1490174662770,Mouse Moved,285.0,189.0,User17,,
1490174662772,Mouse Moved,300.0,174.0,User17,,
1490174662773,Mouse Moved,315.0,161.0,User17,,
1490174662780,Mouse Moved,328.0,145.0,User17,,
1490174662801,Mouse Moved,366.0,95.0,User17,,
1490174662811,Mouse Moved,377.0,77.0,User17,,
1490174662825,Mouse Moved,385.0,65.0,User17,,
1490174662826,Mouse Moved,391.0,53.0,User17,,
1490174662838,Mouse Moved,395.0,43.0,User17,,
1490174662861,Mouse Moved,399.0,34.0,User17,,
1490174662862,Mouse Moved,400.0,31.0,User17,,
1490174662864,Mouse Moved,401.0,27.0,User17,,
1490174662871,Mouse Moved,401.0,26.0,User17,,
1490174662901,Mouse Moved,403.0,25.0,User17,,
1490174663236,Mouse Moved,403.0,23.0,User17,,
1490174663273,Mouse Moved,401.0,23.0,User17,,
1490174663273,Mouse Moved,390.0,28.0,User17,,
1490174663282,Mouse Moved,381.0,32.0,User17,,
1490174663302,Mouse Moved,355.0,45.0,User17,,
1490174663312,Mouse Moved,346.0,51.0,User17,,
1490174663332,Mouse Moved,334.0,57.0,User17,,
1490174663335,Mouse Moved,324.0,62.0,User17,,
1490174663335,Mouse Moved,309.0,69.0,User17,,
1490174663344,Mouse Moved,300.0,72.0,User17,,
1490174663357,Mouse Moved,293.0,78.0,User17,,
1490174663358,Mouse Moved,284.0,81.0,User17,,
1490174663374,Mouse Moved,274.0,89.0,User17,,
1490174663375,Mouse Moved,269.0,92.0,User17,,
1490174663394,Mouse Moved,260.0,99.0,User17,,
1490174663394,Mouse Moved,256.0,104.0,User17,,
1490174663395,Mouse Moved,246.0,112.0,User17,,
1490174663404,Mouse Moved,240.0,119.0,User17,,
1490174663424,Mouse Moved,237.0,124.0,User17,,
1490174663426,Mouse Moved,232.0,133.0,User17,,
1490174663434,Mouse Moved,229.0,139.0,User17,,
1490174663434,Mouse Moved,225.0,149.0,User17,,
1490174663448,Mouse Moved,219.0,163.0,User17,,
1490174663450,Mouse Moved,215.0,178.0,User17,,
1490174663461,Mouse Moved,211.0,189.0,User17,,
1490174663483,Mouse Moved,209.0,209.0,User17,,
1490174663484,Mouse Moved,207.0,220.0,User17,,
1490174663486,Mouse Moved,207.0,231.0,User17,,
1490174663493,Mouse Moved,205.0,240.0,User17,,
1490174663506,Mouse Moved,205.0,246.0,User17,,
1490174663507,Mouse Moved,205.0,251.0,User17,,
1490174663522,Mouse Moved,204.0,252.0,User17,,
1490174663523,Mouse Moved,204.0,254.0,User17,,
1490174663536,Mouse Moved,204.0,256.0,User17,,
1490174663538,Mouse Moved,202.0,257.0,User17,,
1490174663552,Mouse Moved,200.0,259.0,User17,,
1490174663575,Mouse Moved,197.0,262.0,User17,,
1490174663576,Mouse Moved,190.0,267.0,User17,,
1490174663578,Mouse Moved,187.0,269.0,User17,,
1490174663586,Mouse Moved,183.0,272.0,User17,,
1490174663607,Mouse Moved,180.0,273.0,User17,,
1490174663608,Mouse Moved,176.0,275.0,User17,,
1490174663608,Mouse Moved,173.0,276.0,User17,,
1490174663615,Mouse Moved,168.0,278.0,User17,,
1490174663635,Mouse Moved,164.0,279.0,User17,,
1490174663637,Mouse Moved,161.0,281.0,User17,,
1490174663638,Mouse Moved,157.0,281.0,User17,,
1490174663644,Mouse Moved,155.0,281.0,User17,,
1490174663658,Mouse Moved,153.0,281.0,User17,,
1490174663677,Mouse Moved,152.0,281.0,User17,,
1490174663678,Mouse Moved,149.0,279.0,User17,,
1490174663680,Mouse Moved,146.0,276.0,User17,,
1490174663696,Mouse Moved,143.0,273.0,User17,,
1490174663697,Mouse Moved,142.0,271.0,User17,,
1490174663706,Mouse Moved,137.0,266.0,User17,,
1490174663707,Mouse Moved,134.0,263.0,User17,,
1490174663726,Mouse Moved,133.0,262.0,User17,,
1490174663726,Mouse Moved,130.0,258.0,User17,,
1490174663736,Mouse Moved,129.0,255.0,User17,,
1490174663756,Mouse Moved,128.0,254.0,User17,,
1490174663757,Mouse Moved,127.0,251.0,User17,,
1490174663766,Mouse Moved,124.0,250.0,User17,,
1490174663780,Mouse Moved,124.0,249.0,User17,,
1490174663801,Mouse Moved,121.0,246.0,User17,,
1490174663802,Mouse Moved,116.0,241.0,User17,,
1490174663831,Mouse Moved,104.0,227.0,User17,,
1490174663841,Mouse Moved,102.0,224.0,User17,,
1490174663854,Mouse Moved,95.0,218.0,User17,,
1490174663869,Mouse Moved,90.0,212.0,User17,,
1490174663888,Mouse Moved,89.0,211.0,User17,,
1490174663890,Mouse Moved,88.0,208.0,User17,,
1490174663898,Mouse Moved,87.0,207.0,User17,,
1490174663918,Mouse Moved,86.0,206.0,User17,,
1490174663921,Mouse Moved,86.0,205.0,User17,,
1490174663950,Mouse Moved,84.0,202.0,User17,,
1490174663951,Mouse Moved,83.0,201.0,User17,,
1490174663969,Mouse Moved,82.0,197.0,User17,,
1490174663992,Mouse Moved,82.0,196.0,User17,,
1490174664006,Mouse Moved,81.0,195.0,User17,,
1490174664038,Mouse Moved,81.0,194.0,User17,,
1490174664052,Mouse Moved,81.0,192.0,User17,,
1490174664095,Mouse Moved,81.0,193.0,User17,,
1490174664096,Mouse Button.left Pressed,81.0,193.0,User17,,
1490174664117,Mouse Moved,81.0,191.0,User17,,
1490174664178,Mouse Moved,81.0,192.0,User17,,
1490174664180,Mouse Moved,81.0,192.0,User17,,
1490174664256,Mouse Moved,81.0,192.0,User17,,
1490174664259,Mouse Button.left Pressed,81.0,192.0,User17,,
1490174664328,Mouse Moved,81.0,192.0,User17,,
1490174664783,Mouse Moved,81.0,194.0,User17,,
1490174664799,Mouse Moved,81.0,196.0,User17,,
1490174664829,Mouse Moved,79.0,200.0,User17,,
1490174664848,Mouse Moved,79.0,201.0,User17,,
1490174664888,Mouse Moved,79.0,202.0,User17,,
1490174664891,Mouse Moved,79.0,204.0,User17,,
1490174664918,Mouse Moved,78.0,205.0,User17,,
1490174664937,Mouse Moved,78.0,206.0,User17,,
1490174664970,Mouse Moved,77.0,207.0,User17,,
1490174665066,Mouse Moved,78.0,206.0,User17,,
1490174665069,Mouse Moved,78.0,206.0,User17,,
1490174665153,Mouse Moved,78.0,206.0,User17,,
1490174665154,Mouse Button.left Released,78.0,206.0,User17,,
1490174665367,Mouse Moved,77.0,208.0,User17,,
1490174665368,Mouse Moved,77.0,212.0,User17,,
1490174665375,Mouse Moved,77.0,215.0,User17,,
1490174665395,Mouse Moved,78.0,216.0,User17,,
1490174665397,Mouse Moved,78.0,218.0,User17,,
1490174665398,Mouse Moved,78.0,221.0,User17,,
1490174665405,Mouse Moved,79.0,222.0,User17,,
1490174665420,Mouse Moved,79.0,225.0,User17,,
1490174665434,Mouse Moved,79.0,226.0,User17,,
1490174665450,Mouse Moved,79.0,227.0,User17,,
1490174665499,Mouse Moved,79.0,228.0,User17,,
1490174665509,Mouse Moved,79.0,229.0,User17,,
1490174665526,Mouse Moved,79.0,230.0,User17,,
1490174665559,Mouse Moved,79.0,232.0,User17,,
1490174665589,Mouse Moved,79.0,233.0,User17,,
1490174665653,Mouse Moved,78.0,233.0,User17,,
1490174665654,Mouse Moved,78.0,233.0,User17,,
1490174665750,Mouse Moved,78.0,233.0,User17,,
1490174665835,Mouse Moved,79.0,234.0,User17,,
1490174665845,Mouse Moved,79.0,235.0,User17,,
1490174665865,Mouse Moved,79.0,238.0,User17,,
1490174665895,Mouse Moved,79.0,240.0,User17,,
1490174665897,Mouse Moved,79.0,243.0,User17,,
1490174665898,Mouse Moved,79.0,244.0,User17,,
1490174665917,Mouse Moved,79.0,246.0,User17,,
1490174665934,Mouse Moved,79.0,248.0,User17,,
1490174665936,Mouse Moved,79.0,250.0,User17,,
1490174665953,Mouse Moved,79.0,253.0,User17,,
1490174665963,Mouse Moved,79.0,254.0,User17,,
1490174665993,Mouse Moved,79.0,255.0,User17,,
1490174666023,Mouse Moved,79.0,256.0,User17,,
1490174666072,Mouse Moved,78.0,256.0,User17,,
1490174666073,Mouse Moved,78.0,256.0,User17,,
1490174666075,Mouse Button.left Pressed,78.0,256.0,User17,,
1490174666157,Mouse Moved,78.0,256.0,User17,,
1490174666815,Mouse Moved,81.0,246.0,User17,,
1490174666822,Mouse Moved,81.0,240.0,User17,,
1490174666838,Mouse Moved,82.0,233.0,User17,,
1490174666854,Mouse Moved,84.0,224.0,User17,,
1490174666868,Mouse Moved,85.0,217.0,User17,,
1490174666882,Mouse Moved,85.0,210.0,User17,,
1490174666898,Mouse Moved,85.0,209.0,User17,,
1490174666898,Mouse Moved,85.0,206.0,User17,,
1490174666913,Mouse Moved,85.0,205.0,User17,,
1490174666914,Mouse Moved,86.0,203.0,User17,,
1490174666927,Mouse Moved,86.0,201.0,User17,,
1490174666943,Mouse Moved,86.0,199.0,User17,,
1490174666957,Mouse Moved,86.0,198.0,User17,,
1490174666959,Mouse Moved,88.0,197.0,User17,,
1490174666987,Mouse Moved,88.0,195.0,User17,,
1490174667138,Mouse Moved,86.0,203.0,User17,,
1490174667153,Mouse Moved,86.0,212.0,User17,,
1490174667167,Mouse Moved,84.0,239.0,User17,,
1490174667184,Mouse Moved,84.0,250.0,User17,,
1490174667184,Mouse Moved,84.0,259.0,User17,,
1490174667200,Mouse Moved,84.0,270.0,User17,,
1490174667200,Mouse Moved,84.0,278.0,User17,,
1490174667220,Mouse Moved,84.0,292.0,User17,,
1490174667221,Mouse Moved,84.0,298.0,User17,,
1490174667223,Mouse Moved,86.0,307.0,User17,,
1490174667230,Mouse Moved,86.0,315.0,User17,,
1490174667250,Mouse Moved,86.0,319.0,User17,,
1490174667252,Mouse Moved,86.0,324.0,User17,,
1490174667253,Mouse Moved,87.0,325.0,User17,,
1490174667265,Mouse Moved,87.0,326.0,User17,,
1490174667273,Mouse Moved,87.0,327.0,User17,,
1490174667553,Mouse Moved,88.0,327.0,User17,,
1490174667615,Mouse Moved,90.0,327.0,User17,,
1490174667617,Mouse Button.left Pressed,90.0,327.0,User17,,
1490174667698,Mouse Moved,89.0,327.0,User17,,
1490174667700,Mouse Moved,89.0,327.0,User17,,
1490174668186,Mouse Moved,90.0,325.0,User17,,
1490174668194,Mouse Moved,93.0,318.0,User17,,
1490174668210,Mouse Moved,96.0,308.0,User17,,
1490174668223,Mouse Moved,102.0,295.0,User17,,
1490174668240,Mouse Moved,111.0,277.0,User17,,
1490174668253,Mouse Moved,119.0,258.0,User17,,
1490174668269,Mouse Moved,124.0,249.0,User17,,
1490174668269,Mouse Moved,127.0,244.0,User17,,
1490174668283,Mouse Moved,131.0,239.0,User17,,
1490174668299,Mouse Moved,135.0,235.0,User17,,
1490174668301,Mouse Moved,141.0,228.0,User17,,
1490174668302,Mouse Moved,148.0,222.0,User17,,
1490174668313,Mouse Moved,152.0,218.0,User17,,
1490174668331,Mouse Moved,160.0,212.0,User17,,
1490174668332,Mouse Moved,164.0,207.0,User17,,
1490174668344,Mouse Moved,165.0,206.0,User17,,
1490174668345,Mouse Moved,170.0,202.0,User17,,
1490174668358,Mouse Moved,172.0,201.0,User17,,
1490174668359,Mouse Moved,177.0,196.0,User17,,
1490174668375,Mouse Moved,180.0,193.0,User17,,
1490174668375,Mouse Moved,185.0,190.0,User17,,
1490174668388,Mouse Moved,188.0,187.0,User17,,
1490174668390,Mouse Moved,189.0,186.0,User17,,
1490174668404,Mouse Moved,190.0,185.0,User17,,
1490174668405,Mouse Moved,191.0,185.0,User17,,
1490174668434,Mouse Moved,192.0,184.0,User17,,
1490174668450,Mouse Moved,193.0,182.0,User17,,
1490174668466,Mouse Moved,195.0,181.0,User17,,
1490174668493,Mouse Moved,197.0,177.0,User17,,
1490174668509,Mouse Moved,203.0,171.0,User17,,
1490174668525,Mouse Moved,204.0,170.0,User17,,
1490174668539,Mouse Moved,207.0,168.0,User17,,
1490174668555,Mouse Moved,213.0,158.0,User17,,
1490174668569,Mouse Moved,217.0,154.0,User17,,
1490174668584,Mouse Moved,223.0,146.0,User17,,
1490174668607,Mouse Moved,231.0,134.0,User17,,
1490174668615,Mouse Moved,233.0,130.0,User17,,
1490174668635,Mouse Moved,235.0,128.0,User17,,
1490174668638,Mouse Moved,236.0,126.0,User17,,
1490174668645,Mouse Moved,236.0,125.0,User17,,
1490174668665,Mouse Moved,237.0,124.0,User17,,
1490174669069,Mouse Moved,237.0,125.0,User17,,
1490174669084,Mouse Moved,237.0,129.0,User17,,
1490174669085,Mouse Moved,237.0,132.0,User17,,
1490174669099,Mouse Moved,237.0,134.0,User17,,
1490174669101,Mouse Moved,237.0,136.0,User17,,
1490174669119,Mouse Moved,237.0,138.0,User17,,
1490174669121,Mouse Moved,237.0,139.0,User17,,
1490174669121,Mouse Moved,237.0,142.0,User17,,
1490174669130,Mouse Moved,237.0,144.0,User17,,
1490174669150,Mouse Moved,236.0,148.0,User17,,
1490174669158,Mouse Moved,236.0,149.0,User17,,
1490174669174,Mouse Moved,236.0,154.0,User17,,
1490174669187,Mouse Moved,236.0,156.0,User17,,
1490174669213,Mouse Moved,236.0,159.0,User17,,
1490174669221,Mouse Moved,236.0,160.0,User17,,
1490174669246,Mouse Moved,235.0,162.0,User17,,
1490174669279,Mouse Moved,235.0,163.0,User17,,
1490174669293,Mouse Moved,235.0,164.0,User17,,
1490174669325,Mouse Moved,235.0,165.0,User17,,
1490174669355,Mouse Moved,235.0,166.0,User17,,
1490174669368,Mouse Moved,235.0,169.0,User17,,
1490174669384,Mouse Moved,235.0,170.0,User17,,
1490174669759,Mouse Moved,232.0,170.0,User17,,
1490174669775,Mouse Moved,210.0,170.0,User17,,
1490174669789,Mouse Moved,185.0,170.0,User17,,
1490174669803,Mouse Moved,160.0,170.0,User17,,
1490174669819,Mouse Moved,135.0,168.0,User17,,
1490174669834,Mouse Moved,125.0,168.0,User17,,
1490174669849,Mouse Moved,122.0,169.0,User17,,
1490174669851,Mouse Moved,117.0,171.0,User17,,
1490174669864,Mouse Moved,113.0,174.0,User17,,
1490174669878,Mouse Moved,106.0,177.0,User17,,
1490174669880,Mouse Moved,101.0,182.0,User17,,
1490174669894,Mouse Moved,97.0,187.0,User17,,
1490174669894,Mouse Moved,92.0,190.0,User17,,
1490174669914,Mouse Moved,89.0,191.0,User17,,
1490174669914,Mouse Moved,88.0,192.0,User17,,
1490174669915,Mouse Moved,86.0,195.0,User17,,
1490174669924,Mouse Moved,84.0,195.0,User17,,
1490174669944,Mouse Moved,84.0,196.0,User17,,
1490174669957,Mouse Moved,82.0,197.0,User17,,
1490174670125,Mouse Moved,80.0,194.0,User17,,
1490174670137,Mouse Moved,79.0,190.0,User17,,
1490174670157,Mouse Moved,78.0,187.0,User17,,
1490174670158,Mouse Moved,76.0,184.0,User17,,
1490174670158,Mouse Moved,76.0,182.0,User17,,
1490174670165,Mouse Moved,75.0,177.0,User17,,
1490174670180,Mouse Moved,72.0,170.0,User17,,
1490174670194,Mouse Moved,72.0,163.0,User17,,
1490174670213,Mouse Moved,71.0,159.0,User17,,
1490174670233,Mouse Moved,71.0,158.0,User17,,
1490174670233,Mouse Moved,71.0,157.0,User17,,
1490174670242,Mouse Moved,71.0,156.0,User17,,
1490174670263,Mouse Moved,71.0,155.0,User17,,
1490174670286,Mouse Moved,71.0,153.0,User17,,
1490174670438,Mouse Moved,71.0,152.0,User17,,
1490174670448,Mouse Moved,71.0,153.0,User17,,
1490174670450,Mouse Moved,71.0,153.0,User17,,
1490174670542,Mouse Moved,71.0,153.0,User17,,
1490174670543,Mouse Button.left Released,71.0,153.0,User17,,
1490174671269,Mouse Moved,74.0,152.0,User17,,
1490174671279,Mouse Moved,79.0,152.0,User17,,
1490174671292,Mouse Moved,91.0,152.0,User17,,
1490174671308,Mouse Moved,108.0,154.0,User17,,
1490174671322,Mouse Moved,126.0,156.0,User17,,
1490174671339,Mouse Moved,143.0,158.0,User17,,
1490174671352,Mouse Moved,147.0,158.0,User17,,
1490174671368,Mouse Moved,156.0,159.0,User17,,
1490174671369,Mouse Moved,160.0,159.0,User17,,
1490174671369,Mouse Moved,164.0,159.0,User17,,
1490174671382,Mouse Moved,169.0,159.0,User17,,
1490174671384,Mouse Moved,171.0,161.0,User17,,
1490174671401,Mouse Moved,174.0,161.0,User17,,
1490174671413,Mouse Moved,175.0,161.0,User17,,
1490174671437,Mouse Moved,176.0,161.0,User17,,
1490174671476,Mouse Moved,176.0,161.0,User17,,
1490174671477,Mouse Button.left Pressed,176.0,161.0,User17,,
1490174671539,Mouse Moved,176.0,161.0,User17,,
1490174671703,Mouse Moved,177.0,161.0,User17,,
1490174671736,Mouse Moved,181.0,161.0,User17,,
1490174671736,Mouse Moved,184.0,161.0,User17,,
1490174671756,Mouse Moved,188.0,161.0,User17,,
1490174671757,Mouse Moved,191.0,161.0,User17,,
1490174671769,Mouse Moved,193.0,161.0,User17,,
1490174671770,Mouse Moved,196.0,161.0,User17,,
1490174671786,Mouse Moved,200.0,161.0,User17,,
1490174671786,Mouse Moved,202.0,161.0,User17,,
1490174671796,Mouse Moved,203.0,161.0,User17,,
1490174671815,Mouse Moved,205.0,161.0,User17,,
1490174671816,Mouse Moved,206.0,161.0,User17,,
1490174671844,Mouse Moved,208.0,161.0,User17,,
1490174672434,Mouse Moved,207.0,161.0,User17,,
1490174672437,Mouse Moved,207.0,161.0,User17,,
1490174672480,Mouse Moved,207.0,161.0,User17,,
1490174672482,Mouse Button.left Released,207.0,161.0,User17,,
1490174672566,Mouse Moved,207.0,161.0,User17,,
1490174672568,Mouse Button.left Pressed,207.0,161.0,User17,,
1490174672634,Mouse Moved,207.0,161.0,User17,,
1490174672644,Mouse Button.left Released,207.0,161.0,User17,,
1490174673368,Mouse Moved,208.0,165.0,User17,,
1490174673391,Mouse Moved,212.0,199.0,User17,,
1490174673401,Mouse Moved,219.0,260.0,User17,,
1490174673421,Mouse Moved,236.0,323.0,User17,,
1490174673434,Mouse Moved,248.0,368.0,User17,,
1490174673434,Mouse Moved,264.0,418.0,User17,,
1490174673451,Mouse Moved,277.0,454.0,User17,,
1490174673453,Mouse Moved,300.0,506.0,User17,,
1490174673461,Mouse Moved,316.0,538.0,User17,,
1490174673476,Mouse Moved,334.0,579.0,User17,,
1490174673476,Mouse Moved,351.0,615.0,User17,,
1490174673490,Mouse Moved,362.0,638.0,User17,,
1490174673492,Mouse Moved,372.0,667.0,User17,,
1490174673506,Mouse Moved,380.0,681.0,User17,,
1490174673506,Mouse Moved,384.0,698.0,User17,,
1490174673520,Mouse Moved,388.0,708.0,User17,,
1490174673522,Mouse Moved,390.0,714.0,User17,,
1490174673542,Mouse Moved,393.0,723.0,User17,,
1490174673543,Mouse Moved,395.0,728.0,User17,,
1490174673551,Mouse Moved,398.0,736.0,User17,,
1490174673552,Mouse Moved,400.0,741.0,User17,,
1490174673573,Mouse Moved,401.0,745.0,User17,,
1490174673575,Mouse Moved,403.0,748.0,User17,,
1490174673575,Mouse Moved,406.0,751.0,User17,,
1490174673584,Mouse Moved,407.0,754.0,User17,,
1490174673601,Mouse Moved,408.0,757.0,User17,,
1490174673601,Mouse Moved,409.0,758.0,User17,,
1490174673621,Mouse Moved,411.0,760.0,User17,,
1490174673621,Mouse Moved,412.0,763.0,User17,,
1490174673622,Mouse Moved,413.0,764.0,User17,,
1490174673631,Mouse Moved,414.0,766.0,User17,,
1490174673651,Mouse Moved,414.0,767.0,User17,,
1490174673661,Mouse Moved,416.0,768.0,User17,,
1490174673680,Mouse Moved,416.0,769.0,User17,,
1490174673716,Mouse Moved,417.0,769.0,User17,,
1490174673720,Mouse Moved,418.0,770.0,User17,,
1490174673742,Mouse Moved,418.0,771.0,User17,,
1490174673769,Mouse Moved,419.0,773.0,User17,,
1490174673779,Mouse Moved,420.0,774.0,User17,,
1490174676733,Mouse Moved,324.0,770.0,User17,,
1490174676747,Mouse Moved,320.0,768.0,User17,,
1490174676765,Mouse Moved,311.0,764.0,User17,,
1490174676779,Mouse Moved,290.0,755.0,User17,,
1490174676792,Mouse Moved,286.0,752.0,User17,,
1490174676809,Mouse Moved,279.0,750.0,User17,,
1490174676809,Mouse Moved,275.0,749.0,User17,,
1490174676832,Mouse Moved,270.0,747.0,User17,,
1490174676832,Mouse Moved,266.0,746.0,User17,,
1490174676834,Mouse Moved,263.0,745.0,User17,,
1490174676839,Mouse Moved,259.0,745.0,User17,,
1490174676865,Mouse Moved,258.0,743.0,User17,,
1490174676865,Mouse Moved,255.0,743.0,User17,,
1490174676867,Mouse Moved,252.0,742.0,User17,,
1490174676875,Mouse Moved,251.0,742.0,User17,,
1490174676875,Mouse Moved,249.0,742.0,User17,,
1490174676894,Mouse Moved,246.0,741.0,User17,,
1490174676895,Mouse Moved,243.0,741.0,User17,,
1490174676907,Mouse Moved,242.0,741.0,User17,,
1490174676908,Mouse Moved,237.0,739.0,User17,,
1490174676918,Mouse Moved,235.0,739.0,User17,,
1490174676937,Mouse Moved,233.0,738.0,User17,,
1490174676940,Mouse Moved,227.0,738.0,User17,,
1490174676940,Mouse Moved,226.0,738.0,User17,,
1490174676947,Mouse Moved,220.0,737.0,User17,,
1490174676963,Mouse Moved,216.0,737.0,User17,,
1490174676963,Mouse Moved,211.0,737.0,User17,,
1490174676979,Mouse Moved,209.0,737.0,User17,,
1490174676980,Mouse Moved,207.0,737.0,User17,,
1490174676993,Mouse Moved,206.0,737.0,User17,,
1490174676993,Mouse Moved,204.0,737.0,User17,,
1490174677007,Mouse Moved,203.0,737.0,User17,,
1490174677009,Mouse Moved,200.0,737.0,User17,,
1490174677023,Mouse Moved,198.0,737.0,User17,,
1490174677038,Mouse Moved,195.0,737.0,User17,,
1490174677039,Mouse Moved,191.0,737.0,User17,,
1490174677052,Mouse Moved,188.0,738.0,User17,,
1490174677068,Mouse Moved,187.0,738.0,User17,,
1490174677069,Mouse Moved,184.0,738.0,User17,,
1490174677069,Mouse Moved,182.0,738.0,User17,,
1490174677084,Mouse Moved,180.0,739.0,User17,,
1490174677085,Mouse Moved,179.0,739.0,User17,,
1490174677112,Mouse Moved,178.0,739.0,User17,,
1490174677130,Mouse Moved,178.0,740.0,User17,,
1490174677173,Mouse Moved,176.0,740.0,User17,,
1490174677174,Mouse Moved,171.0,742.0,User17,,
1490174677187,Mouse Moved,168.0,743.0,User17,,
1490174677188,Mouse Moved,164.0,743.0,User17,,
1490174677203,Mouse Moved,160.0,743.0,User17,,
1490174677203,Mouse Moved,157.0,743.0,User17,,
1490174677217,Mouse Moved,153.0,743.0,User17,,
1490174677219,Mouse Moved,148.0,743.0,User17,,
1490174677232,Mouse Moved,144.0,743.0,User17,,
1490174677233,Mouse Moved,141.0,743.0,User17,,
1490174677247,Mouse Moved,140.0,743.0,User17,,
1490174677249,Mouse Moved,139.0,743.0,User17,,
1490174677292,Mouse Moved,139.0,744.0,User17,,
1490174677338,Mouse Moved,154.0,739.0,User17,,
1490174677352,Mouse Moved,166.0,735.0,User17,,
1490174677354,Mouse Moved,185.0,735.0,User17,,
1490174677367,Mouse Moved,207.0,733.0,User17,,
1490174677368,Mouse Moved,229.0,733.0,User17,,
1490174677382,Mouse Moved,253.0,733.0,User17,,
1490174677384,Mouse Moved,277.0,733.0,User17,,
1490174677405,Mouse Moved,297.0,735.0,User17,,
1490174677407,Mouse Moved,311.0,735.0,User17,,
1490174677407,Mouse Moved,317.0,737.0,User17,,
1490174677415,Mouse Moved,320.0,737.0,User17,,
1490174677436,Mouse Moved,321.0,737.0,User17,,
1490174677437,Mouse Moved,322.0,737.0,User17,,
1490174677549,Mouse Moved,319.0,737.0,User17,,
1490174677569,Mouse Moved,317.0,738.0,User17,,
1490174677572,Mouse Moved,312.0,738.0,User17,,
1490174677572,Mouse Moved,308.0,740.0,User17,,
1490174677581,Mouse Moved,305.0,740.0,User17,,
1490174677602,Mouse Moved,302.0,740.0,User17,,
1490174677604,Mouse Moved,298.0,740.0,User17,,
1490174677605,Mouse Moved,295.0,741.0,User17,,
1490174677609,Mouse Moved,289.0,741.0,User17,,
1490174677624,Mouse Moved,281.0,741.0,User17,,
1490174677625,Mouse Moved,273.0,741.0,User17,,
1490174677644,Mouse Moved,268.0,741.0,User17,,
1490174677644,Mouse Moved,260.0,741.0,User17,,
1490174677654,Mouse Moved,256.0,741.0,User17,,
1490174677654,Mouse Moved,254.0,741.0,User17,,
1490174677829,Mouse Moved,253.0,741.0,User17,,
1490174677831,Mouse Moved,252.0,741.0,User17,,
1490174677832,Mouse Moved,251.0,741.0,User17,,
1490174677838,Mouse Moved,252.0,741.0,User17,,
1490174677839,Mouse Moved,258.0,741.0,User17,,
1490174677841,Mouse Moved,262.0,741.0,User17,,
1490174677842,Mouse Moved,270.0,741.0,User17,,
1490174677842,Mouse Moved,281.0,741.0,User17,,
1490174677842,Mouse Moved,292.0,741.0,User17,,
1490174677844,Mouse Moved,306.0,741.0,User17,,
1490174677845,Mouse Moved,325.0,741.0,User17,,
1490174677845,Mouse Moved,342.0,741.0,User17,,
1490174677846,Mouse Moved,356.0,743.0,User17,,
1490174677848,Mouse Moved,367.0,745.0,User17,,
1490174677848,Mouse Moved,372.0,745.0,User17,,
1490174677848,Mouse Moved,374.0,747.0,User17,,
1490174677849,Mouse Moved,376.0,747.0,User17,,
1490174678186,Mouse Moved,377.0,747.0,User17,,
1490174678187,Mouse Moved,379.0,747.0,User17,,
1490174678187,Mouse Moved,382.0,747.0,User17,,
1490174678188,Mouse Moved,383.0,747.0,User17,,
1490174678191,Mouse Moved,385.0,747.0,User17,,
1490174678191,Mouse Moved,387.0,747.0,User17,,
1490174678193,Mouse Moved,388.0,747.0,User17,,
1490174678194,Mouse Moved,390.0,747.0,User17,,
1490174678194,Mouse Moved,391.0,747.0,User17,,
1490174678194,Mouse Moved,391.0,745.0,User17,,
1490174678196,Mouse Moved,391.0,745.0,User17,,
1490174678197,Mouse Button.left Pressed,391.0,745.0,User17,,
1490174678512,Mouse Moved,391.0,745.0,User17,,
1490174678513,Mouse Button.left Released,391.0,745.0,User17,,
1490174678823,Mouse Moved,386.0,747.0,User17,,
1490174678825,Mouse Moved,383.0,748.0,User17,,
1490174678826,Mouse Moved,382.0,748.0,User17,,
1490174678828,Mouse Moved,379.0,749.0,User17,,
1490174678838,Mouse Moved,378.0,749.0,User17,,
1490174678838,Mouse Moved,377.0,751.0,User17,,
1490174678848,Mouse Moved,376.0,751.0,User17,,
1490174679125,Mouse Moved,376.0,750.0,User17,,
1490174679127,Mouse Moved,376.0,750.0,User17,,
1490174679128,Mouse Button.left Pressed,376.0,750.0,User17,,
1490174679131,Mouse Moved,376.0,750.0,User17,,
1490174679668,Mouse Moved,376.0,749.0,User17,,
1490174679671,Mouse Moved,374.0,742.0,User17,,
1490174679671,Mouse Moved,374.0,728.0,User17,,
1490174679671,Mouse Moved,372.0,712.0,User17,,
1490174679673,Mouse Moved,368.0,689.0,User17,,
1490174679674,Mouse Moved,366.0,667.0,User17,,
1490174679674,Mouse Moved,363.0,645.0,User17,,
1490174679676,Mouse Moved,359.0,618.0,User17,,
1490174679677,Mouse Moved,354.0,596.0,User17,,
1490174679677,Mouse Moved,348.0,571.0,User17,,
1490174679680,Mouse Moved,343.0,551.0,User17,,
1490174679700,Mouse Moved,337.0,534.0,User17,,
1490174679700,Mouse Moved,333.0,522.0,User17,,
1490174679716,Mouse Moved,328.0,505.0,User17,,
1490174679740,Mouse Moved,328.0,504.0,User17,,
1490174679742,Mouse Moved,328.0,505.0,User17,,
1490174679743,Mouse Moved,328.0,505.0,User17,,
1490174679775,Mouse Moved,328.0,503.0,User17,,
1490174680052,Mouse Moved,328.0,503.0,User17,,
1490174680053,Mouse Button.left Released,328.0,503.0,User17,,
1490174680378,Mouse Moved,327.0,503.0,User17,,
1490174680380,Mouse Moved,323.0,502.0,User17,,
1490174680568,Mouse Moved,320.0,502.0,User17,,
1490174680569,Mouse Moved,319.0,500.0,User17,,
1490174680569,Mouse Moved,318.0,500.0,User17,,
1490174680571,Mouse Moved,317.0,500.0,User17,,
1490174680572,Mouse Moved,315.0,500.0,User17,,
1490174680572,Mouse Moved,314.0,500.0,User17,,
1490174680573,Mouse Moved,314.0,503.0,User17,,
1490174680585,Mouse Moved,309.0,508.0,User17,,
1490174680586,Mouse Moved,314.0,525.0,User17,,
1490174680601,Mouse Moved,323.0,547.0,User17,,
1490174680602,Mouse Moved,329.0,570.0,User17,,
1490174680624,Mouse Moved,342.0,599.0,User17,,
1490174680625,Mouse Moved,351.0,624.0,User17,,
1490174680625,Mouse Moved,360.0,646.0,User17,,
1490174680647,Mouse Moved,369.0,672.0,User17,,
1490174680653,Mouse Moved,378.0,692.0,User17,,
1490174680654,Mouse Moved,384.0,709.0,User17,,
1490174680654,Mouse Moved,388.0,715.0,User17,,
1490174680664,Mouse Moved,391.0,725.0,User17,,
1490174680677,Mouse Moved,393.0,728.0,User17,,
1490174680678,Mouse Moved,393.0,729.0,User17,,
1490174680693,Mouse Moved,394.0,730.0,User17,,
1490174680694,Mouse Moved,394.0,731.0,User17,,
1490174680835,Mouse Moved,395.0,731.0,User17,,
1490174680931,Mouse Moved,394.0,731.0,User17,,
1490174680933,Mouse Moved,394.0,731.0,User17,,
1490174680934,Mouse Button.left Pressed,394.0,731.0,User17,,
1490174681002,Mouse Moved,394.0,731.0,User17,,
1490174681003,Mouse Button.left Released,394.0,731.0,User17,,
1490174681115,Mouse Moved,396.0,732.0,User17,,
1490174681131,Mouse Moved,396.0,733.0,User17,,
1490174681151,Mouse Moved,396.0,735.0,User17,,
1490174681194,Mouse Moved,396.0,736.0,User17,,
1490174681256,Mouse Moved,396.0,735.0,User17,,
1490174681259,Mouse Moved,396.0,735.0,User17,,
1490174681335,Mouse Moved,396.0,735.0,User17,,
1490174681336,Mouse Button.left Released,396.0,735.0,User17,,
1490174681691,Mouse Moved,396.0,737.0,User17,,
1490174681701,Mouse Moved,396.0,738.0,User17,,
1490174681721,Mouse Moved,396.0,739.0,User17,,
1490174681747,Mouse Moved,396.0,740.0,User17,,
1490174681767,Mouse Moved,396.0,741.0,User17,,
1490174681798,Mouse Moved,396.0,743.0,User17,,
1490174681808,Mouse Moved,396.0,744.0,User17,,
1490174681828,Mouse Moved,396.0,745.0,User17,,
1490174681874,Mouse Moved,396.0,745.0,User17,,
1490174681875,Mouse Button.left Pressed,396.0,745.0,User17,,
1490174681936,Mouse Moved,396.0,745.0,User17,,
1490174681937,Mouse Button.left Released,396.0,745.0,User17,,
1490174682694,Mouse Moved,395.0,745.0,User17,,
1490174682703,Mouse Moved,384.0,722.0,User17,,
1490174682717,Mouse Moved,335.0,621.0,User17,,
1490174682733,Mouse Moved,278.0,514.0,User17,,
1490174682747,Mouse Moved,246.0,454.0,User17,,
1490174682749,Mouse Moved,216.0,400.0,User17,,
1490174682762,Mouse Moved,190.0,352.0,User17,,
1490174682763,Mouse Moved,159.0,297.0,User17,,
1490174682778,Mouse Moved,138.0,255.0,User17,,
1490174682779,Mouse Moved,121.0,218.0,User17,,
1490174682799,Mouse Moved,112.0,198.0,User17,,
1490174682801,Mouse Moved,104.0,181.0,User17,,
1490174682802,Mouse Moved,95.0,164.0,User17,,
1490174682811,Mouse Moved,91.0,152.0,User17,,
1490174682829,Mouse Moved,88.0,145.0,User17,,
1490174682831,Mouse Moved,85.0,140.0,User17,,
1490174682839,Mouse Moved,83.0,138.0,User17,,
1490174682841,Mouse Moved,83.0,137.0,User17,,
1490174682859,Mouse Moved,83.0,135.0,User17,,
1490174682861,Mouse Moved,82.0,133.0,User17,,
1490174682875,Mouse Moved,82.0,132.0,User17,,
1490174682904,Mouse Moved,82.0,130.0,User17,,
1490174682937,Mouse Moved,81.0,129.0,User17,,
1490174682967,Mouse Moved,81.0,128.0,User17,,
1490174683052,Mouse Moved,80.0,128.0,User17,,
1490174683082,Mouse Moved,77.0,132.0,User17,,
1490174683084,Mouse Moved,74.0,137.0,User17,,
1490174683096,Mouse Moved,74.0,139.0,User17,,
1490174683098,Mouse Moved,71.0,144.0,User17,,
1490174683118,Mouse Moved,69.0,148.0,User17,,
1490174683119,Mouse Moved,68.0,155.0,User17,,
1490174683128,Mouse Moved,66.0,159.0,User17,,
1490174683130,Mouse Moved,66.0,164.0,User17,,
1490174683141,Mouse Moved,65.0,166.0,User17,,
1490174683157,Mouse Moved,65.0,169.0,User17,,
1490174683158,Mouse Moved,65.0,172.0,User17,,
1490174683173,Mouse Moved,65.0,173.0,User17,,
1490174683193,Mouse Moved,64.0,174.0,User17,,
1490174683203,Mouse Moved,64.0,175.0,User17,,
1490174683223,Mouse Moved,64.0,178.0,User17,,
1490174683253,Mouse Moved,62.0,179.0,User17,,
1490174683329,Mouse Moved,63.0,178.0,User17,,
1490174683331,Mouse Moved,63.0,178.0,User17,,
1490174683332,Mouse Button.left Pressed,63.0,178.0,User17,,
1490174683415,Mouse Moved,63.0,178.0,User17,,
1490174683417,Mouse Button.left Released,63.0,178.0,User17,,
1490174683595,Mouse Moved,65.0,179.0,User17,,
1490174683624,Mouse Moved,68.0,176.0,User17,,
1490174683644,Mouse Moved,69.0,175.0,User17,,
1490174683654,Mouse Moved,72.0,173.0,User17,,
1490174683670,Mouse Moved,73.0,172.0,User17,,
1490174683704,Mouse Moved,74.0,171.0,User17,,
1490174683736,Mouse Moved,75.0,170.0,User17,,
1490174683798,Mouse Moved,74.0,170.0,User17,,
1490174683799,Mouse Moved,74.0,170.0,User17,,
1490174683805,Mouse Moved,75.0,169.0,User17,,
1490174683881,Mouse Moved,74.0,169.0,User17,,
1490174683882,Mouse Moved,74.0,169.0,User17,,
1490174683884,Mouse Button.left Released,74.0,169.0,User17,,
1490174684601,Mouse Moved,78.0,169.0,User17,,
1490174684621,Mouse Moved,93.0,174.0,User17,,
1490174684622,Mouse Moved,102.0,178.0,User17,,
1490174684631,Mouse Moved,117.0,184.0,User17,,
1490174684651,Mouse Moved,131.0,191.0,User17,,
1490174684653,Mouse Moved,149.0,199.0,User17,,
1490174684661,Mouse Moved,166.0,206.0,User17,,
1490174684663,Mouse Moved,188.0,215.0,User17,,
1490174684676,Mouse Moved,211.0,226.0,User17,,
1490174684698,Mouse Moved,284.0,258.0,User17,,
1490174684713,Mouse Moved,324.0,276.0,User17,,
1490174684723,Mouse Moved,342.0,285.0,User17,,
1490174684742,Mouse Moved,359.0,294.0,User17,,
1490174684743,Mouse Moved,368.0,297.0,User17,,
1490174684743,Mouse Moved,376.0,303.0,User17,,
1490174684753,Mouse Moved,385.0,306.0,User17,,
1490174684773,Mouse Moved,386.0,307.0,User17,,
1490174684775,Mouse Moved,389.0,309.0,User17,,
1490174684776,Mouse Moved,390.0,310.0,User17,,
1490174685072,Mouse Moved,390.0,311.0,User17,,
1490174685086,Mouse Moved,387.0,315.0,User17,,
1490174685109,Mouse Moved,384.0,318.0,User17,,
1490174685109,Mouse Moved,381.0,321.0,User17,,
1490174685118,Mouse Moved,378.0,322.0,User17,,
1490174685134,Mouse Moved,377.0,325.0,User17,,
1490174685135,Mouse Moved,376.0,326.0,User17,,
1490174685154,Mouse Moved,375.0,327.0,User17,,
1490174685155,Mouse Moved,373.0,327.0,User17,,
1490174685164,Mouse Moved,373.0,329.0,User17,,
1490174685184,Mouse Moved,372.0,330.0,User17,,
1490174685209,Mouse Moved,372.0,331.0,User17,,
1490174685390,Mouse Moved,370.0,335.0,User17,,
1490174685407,Mouse Moved,370.0,338.0,User17,,
1490174685407,Mouse Moved,368.0,342.0,User17,,
1490174685427,Mouse Moved,365.0,359.0,User17,,
1490174685441,Mouse Moved,363.0,376.0,User17,,
1490174685451,Mouse Moved,363.0,381.0,User17,,
1490174685471,Mouse Moved,362.0,389.0,User17,,
1490174685473,Mouse Moved,362.0,398.0,User17,,
1490174685473,Mouse Moved,360.0,406.0,User17,,
1490174685482,Mouse Moved,360.0,415.0,User17,,
1490174685496,Mouse Moved,360.0,421.0,User17,,
1490174685496,Mouse Moved,360.0,427.0,User17,,
1490174685519,Mouse Moved,360.0,435.0,User17,,
1490174685520,Mouse Moved,360.0,444.0,User17,,
1490174685522,Mouse Moved,358.0,448.0,User17,,
1490174685529,Mouse Moved,358.0,456.0,User17,,
1490174685543,Mouse Moved,358.0,461.0,User17,,
1490174685545,Mouse Moved,358.0,465.0,User17,,
1490174685563,Mouse Moved,358.0,468.0,User17,,
1490174685565,Mouse Moved,358.0,472.0,User17,,
1490174685565,Mouse Moved,358.0,477.0,User17,,
1490174685573,Mouse Moved,358.0,478.0,User17,,
1490174685588,Mouse Moved,358.0,480.0,User17,,
1490174685588,Mouse Moved,358.0,481.0,User17,,
1490174685611,Mouse Moved,358.0,484.0,User17,,
1490174685611,Mouse Moved,358.0,485.0,User17,,
1490174685619,Mouse Moved,358.0,487.0,User17,,
1490174685638,Mouse Moved,358.0,490.0,User17,,
1490174685640,Mouse Moved,358.0,491.0,User17,,
1490174685654,Mouse Moved,358.0,494.0,User17,,
1490174685654,Mouse Moved,358.0,496.0,User17,,
1490174685664,Mouse Moved,358.0,498.0,User17,,
1490174685684,Mouse Moved,358.0,499.0,User17,,
1490174685697,Mouse Moved,358.0,500.0,User17,,
1490174685799,Mouse Moved,358.0,483.0,User17,,
1490174685799,Mouse Moved,358.0,461.0,User17,,
1490174685815,Mouse Moved,358.0,437.0,User17,,
1490174685816,Mouse Moved,358.0,404.0,User17,,
1490174685828,Mouse Moved,358.0,374.0,User17,,
1490174685842,Mouse Moved,358.0,347.0,User17,,
1490174685844,Mouse Moved,358.0,320.0,User17,,
1490174685858,Mouse Moved,356.0,286.0,User17,,
1490174685859,Mouse Moved,356.0,259.0,User17,,
1490174685880,Mouse Moved,354.0,234.0,User17,,
1490174685880,Mouse Moved,354.0,213.0,User17,,
1490174685881,Mouse Moved,354.0,188.0,User17,,
1490174685888,Mouse Moved,354.0,169.0,User17,,
1490174685901,Mouse Moved,354.0,158.0,User17,,
1490174685903,Mouse Moved,354.0,147.0,User17,,
1490174685917,Mouse Moved,354.0,138.0,User17,,
1490174685918,Mouse Moved,354.0,134.0,User17,,
1490174685940,Mouse Moved,354.0,131.0,User17,,
1490174685940,Mouse Moved,354.0,130.0,User17,,
1490174685950,Mouse Moved,354.0,129.0,User17,,
1490174685964,Mouse Moved,354.0,128.0,User17,,
1490174685994,Mouse Moved,354.0,127.0,User17,,
1490174686012,Mouse Moved,354.0,123.0,User17,,
1490174686032,Mouse Moved,351.0,118.0,User17,,
1490174686032,Mouse Moved,346.0,115.0,User17,,
1490174686033,Mouse Moved,341.0,112.0,User17,,
1490174686042,Mouse Moved,337.0,109.0,User17,,
1490174686055,Mouse Moved,331.0,107.0,User17,,
1490174686069,Mouse Moved,310.0,100.0,User17,,
1490174686085,Mouse Moved,300.0,96.0,User17,,
1490174686085,Mouse Moved,289.0,94.0,User17,,
1490174686099,Mouse Moved,274.0,90.0,User17,,
1490174686101,Mouse Moved,263.0,88.0,User17,,
1490174686122,Mouse Moved,255.0,88.0,User17,,
1490174686124,Mouse Moved,252.0,87.0,User17,,
1490174686124,Mouse Moved,251.0,87.0,User17,,
1490174686131,Mouse Moved,249.0,87.0,User17,,
1490174686250,Mouse Moved,249.0,92.0,User17,,
1490174686252,Mouse Moved,249.0,104.0,User17,,
1490174686269,Mouse Moved,249.0,109.0,User17,,
1490174686269,Mouse Moved,249.0,113.0,User17,,
1490174686282,Mouse Moved,249.0,116.0,User17,,
1490174686282,Mouse Moved,249.0,124.0,User17,,
1490174686296,Mouse Moved,249.0,130.0,User17,,
1490174686296,Mouse Moved,251.0,136.0,User17,,
1490174686313,Mouse Moved,253.0,151.0,User17,,
1490174686334,Mouse Moved,256.0,169.0,User17,,
1490174686348,Mouse Moved,258.0,178.0,User17,,
1490174686358,Mouse Moved,262.0,187.0,User17,,
1490174686358,Mouse Moved,263.0,196.0,User17,,
1490174686378,Mouse Moved,265.0,200.0,User17,,
1490174686380,Mouse Moved,268.0,207.0,User17,,
1490174686381,Mouse Moved,270.0,213.0,User17,,
1490174686390,Mouse Moved,271.0,218.0,User17,,
1490174686408,Mouse Moved,271.0,219.0,User17,,
1490174686411,Mouse Moved,274.0,225.0,User17,,
1490174686411,Mouse Moved,276.0,229.0,User17,,
1490174686424,Mouse Moved,276.0,230.0,User17,,
1490174686426,Mouse Moved,277.0,234.0,User17,,
1490174686434,Mouse Moved,278.0,237.0,User17,,
1490174686454,Mouse Moved,278.0,238.0,User17,,
1490174686456,Mouse Moved,280.0,241.0,User17,,
1490174686457,Mouse Moved,281.0,244.0,User17,,
1490174686470,Mouse Moved,281.0,245.0,User17,,
1490174686470,Mouse Moved,282.0,247.0,User17,,
1490174686480,Mouse Moved,284.0,250.0,User17,,
1490174686500,Mouse Moved,285.0,255.0,User17,,
1490174686500,Mouse Moved,287.0,257.0,User17,,
1490174686502,Mouse Moved,287.0,260.0,User17,,
1490174686509,Mouse Moved,288.0,261.0,User17,,
1490174686523,Mouse Moved,289.0,265.0,User17,,
1490174686525,Mouse Moved,291.0,268.0,User17,,
1490174686538,Mouse Moved,291.0,269.0,User17,,
1490174686539,Mouse Moved,292.0,272.0,User17,,
1490174686562,Mouse Moved,292.0,273.0,User17,,
1490174686562,Mouse Moved,293.0,274.0,User17,,
1490174686571,Mouse Moved,294.0,277.0,User17,,
1490174686585,Mouse Moved,294.0,279.0,User17,,
1490174686607,Mouse Moved,296.0,282.0,User17,,
1490174686608,Mouse Moved,296.0,285.0,User17,,
1490174686619,Mouse Moved,297.0,287.0,User17,,
1490174686619,Mouse Moved,297.0,290.0,User17,,
1490174686638,Mouse Moved,298.0,291.0,User17,,
1490174686640,Mouse Moved,300.0,297.0,User17,,
1490174686648,Mouse Moved,300.0,301.0,User17,,
1490174686650,Mouse Moved,301.0,304.0,User17,,
1490174686668,Mouse Moved,301.0,305.0,User17,,
1490174686670,Mouse Moved,301.0,306.0,User17,,
1490174686684,Mouse Moved,302.0,307.0,User17,,
1490174686696,Mouse Moved,302.0,310.0,User17,,
1490174686707,Mouse Moved,302.0,311.0,User17,,
1490174686721,Mouse Moved,302.0,312.0,User17,,
1490174686753,Mouse Moved,302.0,313.0,User17,,
1490174686773,Mouse Moved,302.0,316.0,User17,,
1490174686789,Mouse Moved,302.0,317.0,User17,,
1490174686819,Mouse Moved,302.0,318.0,User17,,
1490174686842,Mouse Moved,302.0,319.0,User17,,
1490174686927,Mouse Moved,302.0,319.0,User17,,
1490174686928,Mouse Button.left Pressed,302.0,319.0,User17,,
1490174687006,Mouse Moved,302.0,319.0,User17,,
1490174687023,Mouse Moved,302.0,320.0,User17,,
1490174687984,Mouse Moved,303.0,322.0,User17,,
1490174687994,Mouse Moved,306.0,330.0,User17,,
1490174688007,Mouse Moved,310.0,339.0,User17,,
1490174688023,Mouse Moved,316.0,352.0,User17,,
1490174688038,Mouse Moved,329.0,378.0,User17,,
1490174688053,Mouse Moved,343.0,405.0,User17,,
1490174688069,Mouse Moved,358.0,437.0,User17,,
1490174688084,Mouse Moved,373.0,469.0,User17,,
1490174688108,Mouse Moved,394.0,514.0,User17,,
1490174688117,Mouse Moved,400.0,526.0,User17,,
1490174688130,Mouse Moved,410.0,547.0,User17,,
1490174688145,Mouse Moved,417.0,563.0,User17,,
1490174688161,Mouse Moved,420.0,572.0,User17,,
1490174688174,Mouse Moved,421.0,579.0,User17,,
1490174688196,Mouse Moved,422.0,581.0,User17,,
1490174688204,Mouse Moved,424.0,583.0,User17,,
1490174688224,Mouse Moved,424.0,584.0,User17,,
1490174688269,Mouse Moved,424.0,585.0,User17,,
1490174688279,Mouse Moved,424.0,587.0,User17,,
1490174688299,Mouse Moved,425.0,590.0,User17,,
1490174688301,Mouse Moved,425.0,591.0,User17,,
1490174688319,Mouse Moved,425.0,593.0,User17,,
1490174688358,Mouse Moved,422.0,587.0,User17,,
1490174688358,Mouse Moved,421.0,590.0,User17,,
1490174688372,Mouse Moved,419.0,592.0,User17,,
1490174688374,Mouse Moved,419.0,595.0,User17,,
1490174688410,Mouse Moved,419.0,592.0,User17,,
1490174688539,Mouse Moved,418.0,592.0,User17,,
1490174688552,Mouse Moved,417.0,594.0,User17,,
1490174688553,Mouse Moved,414.0,599.0,User17,,
1490174688568,Mouse Moved,412.0,608.0,User17,,
1490174688569,Mouse Moved,411.0,620.0,User17,,
1490174688584,Mouse Moved,409.0,631.0,User17,,
1490174688584,Mouse Moved,407.0,640.0,User17,,
1490174688605,Mouse Moved,405.0,645.0,User17,,
1490174688607,Mouse Moved,404.0,653.0,User17,,
1490174688608,Mouse Moved,400.0,662.0,User17,,
1490174688615,Mouse Moved,398.0,671.0,User17,,
1490174688615,Mouse Moved,395.0,678.0,User17,,
1490174688635,Mouse Moved,393.0,682.0,User17,,
1490174688637,Mouse Moved,392.0,691.0,User17,,
1490174688645,Mouse Moved,390.0,694.0,User17,,
1490174688667,Mouse Moved,389.0,696.0,User17,,
1490174688667,Mouse Moved,387.0,699.0,User17,,
1490174688667,Mouse Moved,386.0,700.0,User17,,
1490174688676,Mouse Moved,385.0,703.0,User17,,
1490174688696,Mouse Moved,384.0,706.0,User17,,
1490174688697,Mouse Moved,381.0,707.0,User17,,
1490174688706,Mouse Moved,379.0,710.0,User17,,
1490174688726,Mouse Moved,378.0,713.0,User17,,
1490174688726,Mouse Moved,377.0,714.0,User17,,
1490174688727,Mouse Moved,376.0,717.0,User17,,
1490174688733,Mouse Moved,373.0,719.0,User17,,
1490174688749,Mouse Moved,366.0,724.0,User17,,
1490174688767,Mouse Moved,363.0,726.0,User17,,
1490174688769,Mouse Moved,358.0,729.0,User17,,
1490174688769,Mouse Moved,354.0,732.0,User17,,
1490174688786,Mouse Moved,353.0,733.0,User17,,
1490174688788,Mouse Moved,350.0,734.0,User17,,
1490174688798,Mouse Moved,349.0,736.0,User17,,
1490174688818,Mouse Moved,345.0,738.0,User17,,
1490174688846,Mouse Moved,344.0,738.0,User17,,
1490174688855,Mouse Moved,343.0,739.0,User17,,
1490174688875,Mouse Moved,340.0,743.0,User17,,
1490174688885,Mouse Moved,336.0,746.0,User17,,
1490174688905,Mouse Moved,334.0,749.0,User17,,
1490174688907,Mouse Moved,331.0,752.0,User17,,
1490174688915,Mouse Moved,330.0,753.0,User17,,
1490174688917,Mouse Moved,329.0,756.0,User17,,
1490174688936,Mouse Moved,328.0,757.0,User17,,
1490174688937,Mouse Moved,327.0,758.0,User17,,
1490174688994,Mouse Moved,327.0,757.0,User17,,
1490174688996,Mouse Moved,327.0,757.0,User17,,
1490174689099,Mouse Moved,327.0,757.0,User17,,
1490174689101,Mouse Button.left Released,327.0,757.0,User17,,
1490174689454,Mouse Moved,327.0,756.0,User17,,
1490174689470,Mouse Moved,327.0,747.0,User17,,
1490174689471,Mouse Moved,327.0,734.0,User17,,
1490174689486,Mouse Moved,327.0,715.0,User17,,
1490174689487,Mouse Moved,327.0,696.0,User17,,
1490174689506,Mouse Moved,327.0,674.0,User17,,
1490174689506,Mouse Moved,327.0,652.0,User17,,
1490174689507,Mouse Moved,327.0,633.0,User17,,
1490174689516,Mouse Moved,327.0,611.0,User17,,
1490174689536,Mouse Moved,327.0,595.0,User17,,
1490174689538,Mouse Moved,327.0,578.0,User17,,
1490174689539,Mouse Moved,327.0,567.0,User17,,
1490174689546,Mouse Moved,327.0,559.0,User17,,
1490174689559,Mouse Moved,327.0,553.0,User17,,
1490174689561,Mouse Moved,327.0,548.0,User17,,
1490174689588,Mouse Moved,327.0,547.0,User17,,
1490174689589,Mouse Moved,327.0,546.0,User17,,
1490174689595,Mouse Moved,327.0,545.0,User17,,
1490174689625,Mouse Moved,327.0,544.0,User17,,
1490174690441,Mouse Moved,321.0,559.0,User17,,
1490174690453,Mouse Moved,320.0,570.0,User17,,
1490174690473,Mouse Moved,318.0,584.0,User17,,
1490174690473,Mouse Moved,315.0,601.0,User17,,
1490174690474,Mouse Moved,313.0,620.0,User17,,
1490174690480,Mouse Moved,309.0,637.0,User17,,
1490174690496,Mouse Moved,309.0,654.0,User17,,
1490174690496,Mouse Moved,307.0,670.0,User17,,
1490174690516,Mouse Moved,305.0,682.0,User17,,
1490174690516,Mouse Moved,305.0,696.0,User17,,
1490174690526,Mouse Moved,305.0,707.0,User17,,
1490174690526,Mouse Moved,305.0,715.0,User17,,
1490174690546,Mouse Moved,305.0,724.0,User17,,
1490174690546,Mouse Moved,305.0,730.0,User17,,
1490174690555,Mouse Moved,305.0,734.0,User17,,
1490174690556,Mouse Moved,305.0,740.0,User17,,
1490174690569,Mouse Moved,305.0,745.0,User17,,
1490174690591,Mouse Moved,305.0,749.0,User17,,
1490174690592,Mouse Moved,305.0,750.0,User17,,
1490174690605,Mouse Moved,305.0,754.0,User17,,
1490174690607,Mouse Moved,305.0,757.0,User17,,
1490174690608,Mouse Moved,305.0,758.0,User17,,
1490174690615,Mouse Moved,305.0,760.0,User17,,
1490174690635,Mouse Moved,305.0,762.0,User17,,
1490174690638,Mouse Moved,305.0,764.0,User17,,
1490174690647,Mouse Moved,305.0,765.0,User17,,
1490174690665,Mouse Moved,305.0,766.0,User17,,
1490174690676,Mouse Moved,305.0,768.0,User17,,
1490174690713,Mouse Moved,305.0,769.0,User17,,
1490174690877,Mouse Moved,306.0,769.0,User17,,
1490174690878,Mouse Moved,306.0,769.0,User17,,
1490174690928,Mouse Moved,306.0,769.0,User17,,
1490174690930,Mouse Button.left Released,306.0,769.0,User17,,
1490174691200,Mouse Moved,304.0,769.0,User17,,
1490174691203,Mouse Moved,301.0,769.0,User17,,
1490174691204,Mouse Moved,300.0,769.0,User17,,
1490174691207,Mouse Moved,298.0,769.0,User17,,
1490174691207,Mouse Moved,295.0,769.0,User17,,
1490174691210,Mouse Moved,294.0,769.0,User17,,
1490174691328,Mouse Moved,294.0,769.0,User17,,
1490174691420,Mouse Moved,294.0,769.0,User17,,
1490174691421,Mouse Button.left Released,294.0,769.0,User17,,
1490174692483,Mouse Moved,295.0,766.0,User17,,
1490174692497,Mouse Moved,298.0,765.0,User17,,
1490174692513,Mouse Moved,303.0,763.0,User17,,
1490174692529,Mouse Moved,305.0,762.0,User17,,
1490174692532,Mouse Moved,307.0,761.0,User17,,
1490174692542,Mouse Moved,312.0,759.0,User17,,
1490174692543,Mouse Moved,318.0,758.0,User17,,
1490174692558,Mouse Moved,323.0,756.0,User17,,
1490174692573,Mouse Moved,329.0,753.0,User17,,
1490174692578,Mouse Moved,338.0,751.0,User17,,
1490174692588,Mouse Moved,348.0,748.0,User17,,
1490174692588,Mouse Moved,359.0,744.0,User17,,
1490174692594,Mouse Moved,369.0,740.0,User17,,
1490174692602,Mouse Moved,378.0,738.0,User17,,
1490174692625,Mouse Moved,386.0,738.0,User17,,
1490174692625,Mouse Moved,390.0,737.0,User17,,
1490174692627,Mouse Moved,395.0,737.0,User17,,
1490174692634,Mouse Moved,396.0,737.0,User17,,
1490174692654,Mouse Moved,397.0,735.0,User17,,
1490174692688,Mouse Moved,398.0,735.0,User17,,
1490174692970,Mouse Moved,398.0,733.0,User17,,
1490174692971,Mouse Moved,398.0,725.0,User17,,
1490174692990,Mouse Moved,400.0,705.0,User17,,
1490174692993,Mouse Moved,400.0,689.0,User17,,
1490174692999,Mouse Moved,400.0,667.0,User17,,
1490174693013,Mouse Moved,400.0,646.0,User17,,
1490174693015,Mouse Moved,398.0,618.0,User17,,
1490174693036,Mouse Moved,394.0,593.0,User17,,
1490174693038,Mouse Moved,384.0,565.0,User17,,
1490174693039,Mouse Moved,375.0,540.0,User17,,
1490174693046,Mouse Moved,366.0,511.0,User17,,
1490174693058,Mouse Moved,357.0,489.0,User17,,
1490174693059,Mouse Moved,345.0,464.0,User17,,
1490174693073,Mouse Moved,336.0,441.0,User17,,
1490174693075,Mouse Moved,323.0,408.0,User17,,
1490174693088,Mouse Moved,312.0,383.0,User17,,
1490174693089,Mouse Moved,303.0,360.0,User17,,
1490174693105,Mouse Moved,291.0,335.0,User17,,
1490174693107,Mouse Moved,283.0,317.0,User17,,
1490174693118,Mouse Moved,272.0,300.0,User17,,
1490174693119,Mouse Moved,263.0,282.0,User17,,
1490174693138,Mouse Moved,255.0,270.0,User17,,
1490174693138,Mouse Moved,247.0,258.0,User17,,
1490174693157,Mouse Moved,241.0,248.0,User17,,
1490174693157,Mouse Moved,235.0,239.0,User17,,
1490174693164,Mouse Moved,230.0,234.0,User17,,
1490174693167,Mouse Moved,226.0,229.0,User17,,
1490174693186,Mouse Moved,215.0,219.0,User17,,
1490174693187,Mouse Moved,211.0,214.0,User17,,
1490174693197,Mouse Moved,201.0,207.0,User17,,
1490174693198,Mouse Moved,191.0,199.0,User17,,
1490174693210,Mouse Moved,181.0,193.0,User17,,
1490174693224,Mouse Moved,172.0,187.0,User17,,
1490174693226,Mouse Moved,162.0,181.0,User17,,
1490174693240,Mouse Moved,148.0,175.0,User17,,
1490174693242,Mouse Moved,128.0,166.0,User17,,
1490174693257,Mouse Moved,110.0,158.0,User17,,
1490174693259,Mouse Moved,88.0,146.0,User17,,
1490174693259,Mouse Moved,62.0,135.0,User17,,
1490174693278,Mouse Moved,40.0,126.0,User17,,
1490174693279,Mouse Moved,19.0,114.0,User17,,
1490174693289,Mouse Moved,6.0,108.0,User17,,
1490174693309,Mouse Moved,0.0,100.0,User17,,
1490174693312,Mouse Moved,0.0,95.0,User17,,
1490174693319,Mouse Moved,0.0,91.0,User17,,
1490174693332,Mouse Moved,0.0,90.0,User17,,
1490174693357,Mouse Moved,0.0,89.0,User17,,
1490174693367,Mouse Moved,0.0,85.0,User17,,
1490174693387,Mouse Moved,0.0,83.0,User17,,
1490174693388,Mouse Moved,0.0,80.0,User17,,
1490174693397,Mouse Moved,4.0,73.0,User17,,
1490174693413,Mouse Moved,6.0,70.0,User17,,
1490174693414,Mouse Moved,10.0,66.0,User17,,
1490174693424,Mouse Moved,12.0,65.0,User17,,
1490174693426,Mouse Moved,13.0,62.0,User17,,
1490174693447,Mouse Moved,16.0,61.0,User17,,
1490174693448,Mouse Moved,16.0,60.0,User17,,
1490174693450,Mouse Moved,18.0,58.0,User17,,
1490174693562,Mouse Moved,19.0,57.0,User17,,
1490174693582,Mouse Moved,19.0,56.0,User17,,
1490174693592,Mouse Moved,21.0,55.0,User17,,
1490174693611,Mouse Moved,22.0,52.0,User17,,
1490174693638,Mouse Moved,24.0,51.0,User17,,
1490174693674,Mouse Moved,27.0,49.0,User17,,
1490174693674,Mouse Moved,28.0,46.0,User17,,
1490174693703,Mouse Moved,29.0,42.0,User17,,
1490174693713,Mouse Moved,29.0,41.0,User17,,
1490174693733,Mouse Moved,30.0,40.0,User17,,
1490174693756,Mouse Moved,32.0,37.0,User17,,
1490174693795,Mouse Moved,32.0,36.0,User17,,
1490174693871,Mouse Moved,32.0,35.0,User17,,
1490174693874,Mouse Moved,31.0,35.0,User17,,
1490174693875,Mouse Button.left Pressed,31.0,35.0,User17,,
1490174693967,Mouse Moved,31.0,35.0,User17,,
1490174693969,Mouse Button.left Released,31.0,35.0,User17,,
1490174694135,Mouse Moved,33.0,39.0,User17,,
1490174694155,Mouse Moved,33.0,41.0,User17,,
1490174694157,Mouse Moved,34.0,46.0,User17,,
1490174694157,Mouse Moved,36.0,50.0,User17,,
1490174694171,Mouse Moved,38.0,57.0,User17,,
1490174694171,Mouse Moved,39.0,61.0,User17,,
1490174694180,Mouse Moved,41.0,70.0,User17,,
1490174694194,Mouse Moved,45.0,81.0,User17,,
1490174694196,Mouse Moved,46.0,88.0,User17,,
1490174694216,Mouse Moved,53.0,102.0,User17,,
1490174694217,Mouse Moved,56.0,112.0,User17,,
1490174694226,Mouse Moved,60.0,126.0,User17,,
1490174694226,Mouse Moved,67.0,141.0,User17,,
1490174694240,Mouse Moved,71.0,152.0,User17,,
1490174694255,Mouse Moved,77.0,165.0,User17,,
1490174694256,Mouse Moved,78.0,173.0,User17,,
1490174694273,Mouse Moved,82.0,183.0,User17,,
1490174694273,Mouse Moved,83.0,185.0,User17,,
1490174694275,Mouse Moved,85.0,188.0,User17,,
1490174694292,Mouse Moved,86.0,193.0,User17,,
1490174694292,Mouse Moved,86.0,194.0,User17,,
1490174694302,Mouse Moved,88.0,197.0,User17,,
1490174694303,Mouse Moved,89.0,203.0,User17,,
1490174694323,Mouse Moved,90.0,204.0,User17,,
1490174694325,Mouse Moved,92.0,209.0,User17,,
1490174694334,Mouse Moved,92.0,214.0,User17,,
1490174694335,Mouse Moved,93.0,217.0,User17,,
1490174694345,Mouse Moved,93.0,221.0,User17,,
1490174694361,Mouse Moved,95.0,227.0,User17,,
1490174694361,Mouse Moved,96.0,232.0,User17,,
1490174694381,Mouse Moved,96.0,233.0,User17,,
1490174694382,Mouse Moved,96.0,237.0,User17,,
1490174694384,Mouse Moved,98.0,240.0,User17,,
1490174694391,Mouse Moved,98.0,241.0,User17,,
1490174694411,Mouse Moved,98.0,242.0,User17,,
1490174694413,Mouse Moved,98.0,243.0,User17,,
1490174694437,Mouse Moved,98.0,246.0,User17,,
1490174694476,Mouse Moved,98.0,247.0,User17,,
1490174694505,Mouse Moved,98.0,248.0,User17,,
1490174694516,Mouse Moved,98.0,249.0,User17,,
1490174694535,Mouse Moved,98.0,250.0,User17,,
1490174694573,Mouse Moved,98.0,251.0,User17,,
1490174694611,Mouse Moved,98.0,253.0,User17,,
1490174694849,Mouse Moved,98.0,250.0,User17,,
1490174694862,Mouse Moved,98.0,249.0,User17,,
1490174694884,Mouse Moved,98.0,248.0,User17,,
1490174694924,Mouse Moved,98.0,247.0,User17,,
1490174694944,Mouse Moved,98.0,244.0,User17,,
1490174694970,Mouse Moved,98.0,242.0,User17,,
1490174694983,Mouse Moved,98.0,240.0,User17,,
1490174694999,Mouse Moved,98.0,238.0,User17,,
1490174695028,Mouse Moved,98.0,237.0,User17,,
1490174695043,Mouse Moved,98.0,234.0,User17,,
1490174695059,Mouse Moved,98.0,233.0,User17,,
1490174695095,Mouse Moved,99.0,232.0,User17,,
1490174695354,Mouse Moved,98.0,233.0,User17,,
1490174695355,Mouse Moved,98.0,233.0,User17,,
1490174695437,Mouse Moved,98.0,233.0,User17,,
1490174695438,Mouse Button.left Released,98.0,233.0,User17,,
1490174696390,Mouse Moved,116.0,222.0,User17,,
1490174696400,Mouse Moved,151.0,200.0,User17,,
1490174696414,Mouse Moved,210.0,169.0,User17,,
1490174696414,Mouse Moved,297.0,126.0,User17,,
1490174696428,Mouse Moved,405.0,71.0,User17,,
1490174696430,Mouse Moved,529.0,16.0,User17,,
1490174704358,Mouse Moved,236.0,422.0,User17,766.0,766.0
1490174704737,Mouse Moved,234.0,422.0,User17,,
1490174704739,Mouse Moved,233.0,422.0,User17,,
1490174704746,Mouse Moved,230.0,420.0,User17,,
1490174704769,Mouse Moved,228.0,415.0,User17,,
1490174704770,Mouse Moved,225.0,408.0,User17,,
1490174704772,Mouse Moved,222.0,398.0,User17,,
1490174704783,Mouse Moved,217.0,384.0,User17,,
1490174704793,Mouse Moved,213.0,370.0,User17,,
1490174704795,Mouse Moved,209.0,352.0,User17,,
1490174704806,Mouse Moved,203.0,335.0,User17,,
1490174704809,Mouse Moved,198.0,317.0,User17,,
1490174704822,Mouse Moved,193.0,297.0,User17,,
1490174704836,Mouse Moved,188.0,281.0,User17,,
1490174704838,Mouse Moved,183.0,258.0,User17,,
1490174704861,Mouse Moved,178.0,240.0,User17,,
1490174704861,Mouse Moved,173.0,223.0,User17,,
1490174704862,Mouse Moved,170.0,206.0,User17,,
1490174704868,Mouse Moved,166.0,193.0,User17,,
1490174704884,Mouse Moved,163.0,182.0,User17,,
1490174704885,Mouse Moved,161.0,173.0,User17,,
1490174704904,Mouse Moved,159.0,166.0,User17,,
1490174704904,Mouse Moved,157.0,159.0,User17,,
1490174704905,Mouse Moved,154.0,154.0,User17,,
1490174704914,Mouse Moved,152.0,150.0,User17,,
1490174704934,Mouse Moved,149.0,146.0,User17,,
1490174704940,Mouse Moved,144.0,141.0,User17,,
1490174704941,Mouse Moved,142.0,139.0,User17,,
1490174704944,Mouse Moved,137.0,136.0,User17,,
1490174704957,Mouse Moved,130.0,134.0,User17,,
1490174704959,Mouse Moved,126.0,130.0,User17,,
1490174704976,Mouse Moved,120.0,126.0,User17,,
1490174704977,Mouse Moved,115.0,124.0,User17,,
1490174704992,Mouse Moved,108.0,122.0,User17,,
1490174704993,Mouse Moved,101.0,120.0,User17,,
1490174705003,Mouse Moved,95.0,118.0,User17,,
1490174705005,Mouse Moved,88.0,116.0,User17,,
1490174705026,Mouse Moved,83.0,114.0,User17,,
1490174705026,Mouse Moved,78.0,114.0,User17,,
1490174705028,Mouse Moved,71.0,112.0,User17,,
1490174705035,Mouse Moved,67.0,112.0,User17,,
1490174705062,Mouse Moved,63.0,112.0,User17,,
1490174705069,Mouse Moved,60.0,111.0,User17,,
1490174705071,Mouse Moved,56.0,111.0,User17,,
1490174705078,Mouse Moved,51.0,109.0,User17,,
1490174705082,Mouse Moved,49.0,107.0,User17,,
1490174705094,Mouse Moved,47.0,104.0,User17,,
1490174705095,Mouse Moved,44.0,103.0,User17,,
1490174705108,Mouse Moved,43.0,102.0,User17,,
1490174705114,Mouse Moved,41.0,98.0,User17,,
1490174705127,Mouse Moved,40.0,98.0,User17,,
1490174705130,Mouse Moved,37.0,96.0,User17,,
1490174705145,Mouse Moved,37.0,96.0,User17,,
1490174705147,Mouse Moved,36.0,95.0,User17,,
1490174705148,Mouse Moved,35.0,94.0,User17,,
1490174705155,Mouse Moved,34.0,94.0,User17,,
1490174705168,Mouse Moved,34.0,93.0,User17,,
1490174705233,Mouse Moved,34.0,92.0,User17,,
1490174705255,Mouse Moved,33.0,89.0,User17,,
1490174705276,Mouse Moved,32.0,86.0,User17,,
1490174705295,Mouse Moved,31.0,84.0,User17,,
1490174705296,Mouse Moved,30.0,81.0,User17,,
1490174705305,Mouse Moved,30.0,78.0,User17,,
1490174705321,Mouse Moved,29.0,75.0,User17,,
1490174705322,Mouse Moved,29.0,73.0,User17,,
1490174705323,Mouse Moved,28.0,71.0,User17,,
1490174705344,Mouse Moved,28.0,69.0,User17,,
1490174705349,Mouse Moved,28.0,68.0,User17,,
1490174705354,Mouse Moved,28.0,67.0,User17,,
1490174705355,Mouse Moved,28.0,64.0,User17,,
1490174705382,Mouse Moved,57.0,64.0,User17,,
1490174705385,Mouse Moved,55.0,61.0,User17,,
1490174705417,Mouse Moved,55.0,60.0,User17,,
1490174705417,Mouse Moved,55.0,59.0,User17,,
1490174705545,Mouse Moved,55.0,58.0,User17,,
1490174705546,Mouse Moved,56.0,58.0,User17,,
1490174705548,Mouse Moved,56.0,58.0,User17,,
1490174705549,Mouse Button.left Pressed,56.0,58.0,User17,,
1490174705571,Mouse Moved,56.0,58.0,User17,,
1490174705572,Mouse Button.left Released,56.0,58.0,User17,,
1490174706456,Mouse Moved,58.0,67.0,User17,,
1490174706469,Mouse Moved,60.0,70.0,User17,,
1490174706480,Mouse Moved,60.0,71.0,User17,,
1490174706492,Mouse Moved,61.0,74.0,User17,,
1490174706496,Mouse Moved,62.0,75.0,User17,,
1490174706522,Mouse Moved,64.0,78.0,User17,,
1490174706532,Mouse Moved,64.0,80.0,User17,,
1490174706535,Mouse Moved,65.0,81.0,User17,,
1490174706538,Mouse Moved,66.0,84.0,User17,,
1490174706540,Mouse Moved,66.0,85.0,User17,,
1490174706562,Mouse Moved,67.0,86.0,User17,,
1490174706565,Mouse Moved,67.0,87.0,User17,,
1490174706599,Mouse Moved,67.0,89.0,User17,,
1490174706969,Mouse Moved,68.0,89.0,User17,,
1490174707006,Mouse Moved,76.0,90.0,User17,,
1490174707010,Mouse Moved,87.0,92.0,User17,,
1490174707085,Mouse Moved,107.0,96.0,User17,,
1490174707131,Mouse Moved,134.0,99.0,User17,,
1490174707134,Mouse Moved,159.0,103.0,User17,,
1490174707134,Mouse Moved,194.0,108.0,User17,,
1490174707138,Mouse Moved,223.0,110.0,User17,,
1490174707140,Mouse Moved,262.0,115.0,User17,,
1490174707141,Mouse Moved,289.0,118.0,User17,,
1490174707144,Mouse Moved,317.0,118.0,User17,,
1490174707147,Mouse Moved,341.0,118.0,User17,,
1490174707148,Mouse Moved,360.0,118.0,User17,,
1490174707148,Mouse Moved,376.0,118.0,User17,,
1490174707154,Mouse Moved,391.0,116.0,User17,,
1490174707155,Mouse Moved,405.0,112.0,User17,,
1490174707158,Mouse Moved,414.0,108.0,User17,,
1490174707160,Mouse Moved,423.0,104.0,User17,,
1490174707163,Mouse Moved,438.0,100.0,User17,,
1490174707164,Mouse Moved,445.0,95.0,User17,,
1490174707165,Mouse Moved,451.0,93.0,User17,,
1490174707167,Mouse Moved,466.0,87.0,User17,,
1490174707177,Mouse Moved,481.0,81.0,User17,,
1490174707178,Mouse Moved,492.0,77.0,User17,,
1490174707187,Mouse Moved,512.0,68.0,User17,,
1490174707187,Mouse Moved,524.0,62.0,User17,,
1490174707190,Mouse Moved,536.0,56.0,User17,,
1490174707219,Mouse Moved,546.0,52.0,User17,,
1490174707226,Mouse Moved,550.0,51.0,User17,,
1490174707229,Mouse Moved,555.0,47.0,User17,,
1490174707237,Mouse Moved,559.0,46.0,User17,,
1490174707239,Mouse Moved,564.0,43.0,User17,,
1490174707240,Mouse Moved,567.0,42.0,User17,,
1490174707242,Mouse Moved,570.0,39.0,User17,,
1490174707246,Mouse Moved,572.0,37.0,User17,,
1490174707259,Mouse Moved,576.0,36.0,User17,,
1490174707273,Mouse Moved,578.0,35.0,User17,,
1490174707292,Mouse Moved,580.0,33.0,User17,,
1490174707322,Mouse Moved,581.0,32.0,User17,,
1490174707352,Mouse Moved,585.0,31.0,User17,,
1490174707354,Mouse Moved,594.0,28.0,User17,,
1490174707367,Mouse Moved,600.0,26.0,User17,,
1490174707369,Mouse Moved,605.0,24.0,User17,,
1490174707375,Mouse Moved,609.0,23.0,User17,,
1490174707390,Mouse Moved,610.0,23.0,User17,,
1490174707392,Mouse Moved,611.0,23.0,User17,,
1490174707407,Mouse Moved,614.0,23.0,User17,,
1490174707408,Mouse Moved,615.0,23.0,User17,,
1490174707436,Mouse Moved,616.0,22.0,User17,,
1490174707437,Mouse Moved,619.0,22.0,User17,,
1490174707457,Mouse Moved,620.0,22.0,User17,,
1490174707640,Mouse Moved,620.0,21.0,User17,,
1490174707664,Mouse Moved,617.0,21.0,User17,,
1490174707686,Mouse Moved,616.0,21.0,User17,,
1490174707716,Mouse Moved,612.0,21.0,User17,,
1490174707717,Mouse Moved,608.0,21.0,User17,,
1490174707717,Mouse Moved,602.0,21.0,User17,,
1490174707730,Mouse Moved,597.0,21.0,User17,,
1490174707744,Mouse Moved,593.0,21.0,User17,,
1490174707746,Mouse Moved,592.0,21.0,User17,,
1490174707750,Mouse Moved,591.0,21.0,User17,,
1490174707868,Mouse Moved,591.0,21.0,User17,,
1490174707872,Mouse Button.left Pressed,591.0,21.0,User17,,
1490174707961,Mouse Moved,591.0,21.0,User17,,
1490174707963,Mouse Button.left Released,591.0,21.0,User17,,
1490174708086,Mouse Moved,596.0,19.0,User17,,
1490174708104,Mouse Moved,608.0,13.0,User17,,
1490174708107,Mouse Moved,623.0,7.0,User17,,
1490174708121,Mouse Moved,632.0,3.0,User17,,
1490174714311,Mouse Moved,357.0,238.0,User17,,
1490174714328,Mouse Moved,356.0,230.0,User17,,
1490174714328,Mouse Moved,356.0,226.0,User17,,
1490174714329,Mouse Moved,356.0,223.0,User17,,
1490174714331,Mouse Moved,356.0,219.0,User17,,
1490174714331,Mouse Moved,356.0,214.0,User17,,
1490174714332,Mouse Moved,356.0,212.0,User17,,
1490174714332,Mouse Moved,356.0,210.0,User17,,
1490174714334,Mouse Moved,355.0,209.0,User17,,
1490174714354,Mouse Moved,355.0,207.0,User17,,
1490174714355,Mouse Moved,355.0,204.0,User17,,
1490174714361,Mouse Moved,355.0,203.0,User17,,
1490174714388,Mouse Moved,355.0,198.0,User17,,
1490174714392,Mouse Moved,355.0,195.0,User17,,
1490174714394,Mouse Moved,355.0,191.0,User17,,
1490174714394,Mouse Moved,355.0,188.0,User17,,
1490174714407,Mouse Moved,355.0,184.0,User17,,
1490174714407,Mouse Moved,355.0,181.0,User17,,
1490174714424,Mouse Moved,355.0,180.0,User17,,
1490174714427,Mouse Moved,355.0,174.0,User17,,
1490174714444,Mouse Moved,355.0,173.0,User17,,
1490174714447,Mouse Moved,355.0,168.0,User17,,
1490174714448,Mouse Moved,355.0,167.0,User17,,
1490174714453,Mouse Moved,355.0,163.0,User17,,
1490174714471,Mouse Moved,355.0,162.0,User17,,
1490174714483,Mouse Moved,355.0,160.0,User17,,
1490174714507,Mouse Moved,355.0,159.0,User17,,
1490174714765,Mouse Moved,369.0,156.0,User17,,
1490174714773,Mouse Moved,375.0,155.0,User17,,
1490174714788,Mouse Moved,384.0,153.0,User17,,
1490174714789,Mouse Moved,393.0,151.0,User17,,
1490174714809,Mouse Moved,402.0,150.0,User17,,
1490174714812,Mouse Moved,421.0,147.0,User17,,
1490174714818,Mouse Moved,438.0,143.0,User17,,
1490174714819,Mouse Moved,460.0,141.0,User17,,
1490174714834,Mouse Moved,482.0,141.0,User17,,
1490174714835,Mouse Moved,506.0,139.0,User17,,
1490174714848,Mouse Moved,528.0,139.0,User17,,
1490174714848,Mouse Moved,542.0,137.0,User17,,
1490174714871,Mouse Moved,556.0,137.0,User17,,
1490174714894,Mouse Moved,568.0,135.0,User17,,
1490174714914,Mouse Moved,576.0,133.0,User17,,
1490174714914,Mouse Moved,586.0,129.0,User17,,
1490174714921,Mouse Moved,595.0,126.0,User17,,
1490174714924,Mouse Moved,607.0,122.0,User17,,
1490174714926,Mouse Moved,616.0,116.0,User17,,
1490174714927,Mouse Moved,626.0,112.0,User17,,
1490174714928,Mouse Moved,630.0,109.0,User17,,
1490174714931,Mouse Moved,639.0,104.0,User17,,
1490174714940,Mouse Moved,644.0,99.0,User17,,
1490174714946,Mouse Moved,648.0,94.0,User17,,
1490174714953,Mouse Moved,653.0,90.0,User17,,
1490174714970,Mouse Moved,658.0,85.0,User17,,
1490174714977,Mouse Moved,661.0,83.0,User17,,
1490174714983,Mouse Moved,666.0,77.0,User17,,
1490174714986,Mouse Moved,669.0,75.0,User17,,
1490174715006,Mouse Moved,674.0,69.0,User17,,
1490174715009,Mouse Moved,678.0,64.0,User17,,
1490174715013,Mouse Moved,684.0,57.0,User17,,
1490174715016,Mouse Moved,687.0,52.0,User17,,
1490174715019,Mouse Moved,692.0,47.0,User17,,
1490174715038,Mouse Moved,695.0,43.0,User17,,
1490174715040,Mouse Moved,696.0,40.0,User17,,
1490174715046,Mouse Moved,699.0,37.0,User17,,
1490174715061,Mouse Moved,700.0,36.0,User17,,
1490174715078,Mouse Moved,701.0,33.0,User17,,
1490174715091,Mouse Moved,703.0,32.0,User17,,
1490174715105,Mouse Moved,704.0,28.0,User17,,
1490174715108,Mouse Moved,707.0,25.0,User17,,
1490174715125,Mouse Moved,708.0,22.0,User17,,
1490174715128,Mouse Moved,711.0,18.0,User17,,
1490174715145,Mouse Moved,715.0,11.0,User17,,
1490174715154,Mouse Moved,715.0,10.0,User17,,
1490174715176,Mouse Moved,716.0,9.0,User17,,
1490174715184,Mouse Moved,717.0,8.0,User17,,
1490174715220,Mouse Moved,717.0,7.0,User17,,
1490174715230,Mouse Moved,720.0,3.0,User17,,
1490174715250,Mouse Moved,721.0,0.0,User17,,
1490174715280,Mouse Moved,721.0,0.0,User17,,
1490174715384,Mouse Moved,723.0,0.0,User17,,
1490174715420,Mouse Moved,724.0,0.0,User17,,
1490174715428,Mouse Moved,724.0,1.0,User17,,
1490174715470,Mouse Moved,725.0,1.0,User17,,
1490174715486,Mouse Moved,725.0,3.0,User17,,
1490174715500,Mouse Moved,726.0,3.0,User17,,
1490174715660,Mouse Moved,727.0,3.0,User17,,
1490174715684,Mouse Moved,728.0,5.0,User17,,
1490174715720,Mouse Moved,730.0,5.0,User17,,
1490174715730,Mouse Moved,734.0,6.0,User17,,
1490174715752,Mouse Moved,735.0,6.0,User17,,
1490174715811,Mouse Moved,736.0,6.0,User17,,
1490174715835,Mouse Moved,737.0,6.0,User17,,
1490174715848,Mouse Moved,738.0,6.0,User17,,
1490174715869,Mouse Moved,741.0,7.0,User17,,
1490174715900,Mouse Moved,743.0,7.0,User17,,
1490174715924,Mouse Moved,745.0,7.0,User17,,
1490174716045,Mouse Moved,744.0,7.0,User17,,
1490174716046,Mouse Moved,744.0,7.0,User17,,
1490174716121,Mouse Moved,744.0,7.0,User17,,
1490174716124,Mouse Button.left Released,744.0,7.0,User17,,
1490174716525,Mouse Moved,743.0,7.0,User17,,
1490174716542,Mouse Moved,741.0,9.0,User17,,
1490174716569,Mouse Moved,740.0,9.0,User17,,
1490174716773,Mouse Moved,739.0,10.0,User17,,
1490174716785,Mouse Moved,723.0,17.0,User17,,
1490174716805,Mouse Moved,717.0,20.0,User17,,
1490174716806,Mouse Moved,703.0,27.0,User17,,
1490174716813,Mouse Moved,693.0,33.0,User17,,
1490174716832,Mouse Moved,654.0,55.0,User17,,
1490174716845,Mouse Moved,642.0,66.0,User17,,
1490174716858,Mouse Moved,621.0,79.0,User17,,
1490174716859,Mouse Moved,603.0,95.0,User17,,
1490174716875,Mouse Moved,580.0,114.0,User17,,
1490174716878,Mouse Moved,559.0,132.0,User17,,
1490174716895,Mouse Moved,535.0,154.0,User17,,
1490174716901,Mouse Moved,514.0,175.0,User17,,
1490174716901,Mouse Moved,496.0,190.0,User17,,
1490174716905,Mouse Moved,478.0,208.0,User17,,
1490174716920,Mouse Moved,466.0,221.0,User17,,
1490174716921,Mouse Moved,455.0,236.0,User17,,
1490174716934,Mouse Moved,447.0,244.0,User17,,
1490174716937,Mouse Moved,444.0,248.0,User17,,
1490174716959,Mouse Moved,441.0,253.0,User17,,
1490174716960,Mouse Moved,438.0,259.0,User17,,
1490174716966,Mouse Moved,435.0,264.0,User17,,
1490174716970,Mouse Moved,430.0,271.0,User17,,
1490174716993,Mouse Moved,425.0,275.0,User17,,
1490174717000,Mouse Moved,420.0,280.0,User17,,
1490174717010,Mouse Moved,412.0,290.0,User17,,
1490174717016,Mouse Moved,407.0,297.0,User17,,
1490174717026,Mouse Moved,397.0,307.0,User17,,
1490174717026,Mouse Moved,394.0,312.0,User17,,
1490174717029,Mouse Moved,389.0,316.0,User17,,
1490174717043,Mouse Moved,387.0,318.0,User17,,
1490174717046,Mouse Moved,382.0,323.0,User17,,
1490174717055,Mouse Moved,379.0,325.0,User17,,
1490174717059,Mouse Moved,372.0,331.0,User17,,
1490174717078,Mouse Moved,368.0,334.0,User17,,
1490174717082,Mouse Moved,363.0,337.0,User17,,
1490174717091,Mouse Moved,360.0,338.0,User17,,
1490174717098,Mouse Moved,356.0,341.0,User17,,
1490174717117,Mouse Moved,354.0,342.0,User17,,
1490174717122,Mouse Moved,353.0,343.0,User17,,
1490174717132,Mouse Moved,351.0,345.0,User17,,
1490174717134,Mouse Moved,350.0,345.0,User17,,
1490174717138,Mouse Moved,347.0,346.0,User17,,
1490174717145,Mouse Moved,344.0,347.0,User17,,
1490174717148,Mouse Moved,343.0,349.0,User17,,
1490174717167,Mouse Moved,340.0,350.0,User17,,
1490174717171,Mouse Moved,338.0,350.0,User17,,
1490174717177,Mouse Moved,335.0,351.0,User17,,
1490174717197,Mouse Moved,332.0,353.0,User17,,
1490174717197,Mouse Moved,328.0,354.0,User17,,
1490174717207,Mouse Moved,325.0,354.0,User17,,
1490174717207,Mouse Moved,319.0,354.0,User17,,
1490174717221,Mouse Moved,314.0,356.0,User17,,
1490174717223,Mouse Moved,308.0,356.0,User17,,
1490174717236,Mouse Moved,304.0,356.0,User17,,
1490174717260,Mouse Moved,296.0,354.0,User17,,
1490174717262,Mouse Moved,287.0,352.0,User17,,
1490174717263,Mouse Moved,277.0,348.0,User17,,
1490174717273,Mouse Moved,268.0,345.0,User17,,
1490174717273,Mouse Moved,264.0,343.0,User17,,
1490174717290,Mouse Moved,255.0,338.0,User17,,
1490174717292,Mouse Moved,250.0,336.0,User17,,
1490174717301,Mouse Moved,241.0,331.0,User17,,
1490174717302,Mouse Moved,237.0,328.0,User17,,
1490174717315,Mouse Moved,232.0,323.0,User17,,
1490174717328,Mouse Moved,231.0,322.0,User17,,
1490174717329,Mouse Moved,225.0,319.0,User17,,
1490174717342,Mouse Moved,224.0,318.0,User17,,
1490174717345,Mouse Moved,223.0,317.0,User17,,
1490174717368,Mouse Moved,222.0,314.0,User17,,
1490174717368,Mouse Moved,221.0,313.0,User17,,
1490174717377,Mouse Moved,219.0,312.0,User17,,
1490174717397,Mouse Moved,218.0,310.0,User17,,
1490174717407,Mouse Moved,217.0,305.0,User17,,
1490174717430,Mouse Moved,217.0,302.0,User17,,
1490174717430,Mouse Moved,217.0,300.0,User17,,
1490174717431,Mouse Moved,217.0,294.0,User17,,
1490174717434,Mouse Moved,217.0,293.0,User17,,
1490174717454,Mouse Moved,217.0,289.0,User17,,
1490174717457,Mouse Moved,217.0,286.0,User17,,
1490174717473,Mouse Moved,218.0,283.0,User17,,
1490174717474,Mouse Moved,221.0,279.0,User17,,
1490174717476,Mouse Moved,221.0,277.0,User17,,
1490174717483,Mouse Moved,222.0,275.0,User17,,
1490174717503,Mouse Moved,223.0,274.0,User17,,
1490174717505,Mouse Moved,226.0,271.0,User17,,
1490174717512,Mouse Moved,229.0,270.0,User17,,
1490174717528,Mouse Moved,230.0,269.0,User17,,
1490174717542,Mouse Moved,231.0,267.0,User17,,
1490174717575,Mouse Moved,232.0,267.0,User17,,
1490174717713,Mouse Moved,232.0,268.0,User17,,
1490174717714,Mouse Moved,232.0,268.0,User17,,
1490174717716,Mouse Button.left Pressed,232.0,268.0,User17,,
1490174717796,Mouse Moved,232.0,268.0,User17,,
1490174717798,Mouse Button.left Released,232.0,268.0,User17,,
1490174717938,Mouse Moved,232.0,269.0,User17,,
1490174717959,Mouse Moved,232.0,272.0,User17,,
1490174717974,Mouse Moved,232.0,275.0,User17,,
1490174717983,Mouse Moved,232.0,278.0,User17,,
1490174718005,Mouse Moved,232.0,280.0,User17,,
1490174718006,Mouse Moved,232.0,285.0,User17,,
1490174718007,Mouse Moved,232.0,287.0,User17,,
1490174718015,Mouse Moved,232.0,290.0,User17,,
1490174718035,Mouse Moved,234.0,301.0,User17,,
1490174718046,Mouse Moved,234.0,304.0,User17,,
1490174718058,Mouse Moved,235.0,309.0,User17,,
1490174718061,Mouse Moved,235.0,310.0,User17,,
1490174718076,Mouse Moved,235.0,312.0,User17,,
1490174718078,Mouse Moved,235.0,313.0,User17,,
1490174718086,Mouse Moved,235.0,315.0,User17,,
1490174718102,Mouse Moved,237.0,316.0,User17,,
1490174718119,Mouse Moved,237.0,317.0,User17,,
1490174718171,Mouse Moved,236.0,317.0,User17,,
1490174718174,Mouse Moved,236.0,317.0,User17,,
1490174718256,Mouse Moved,236.0,317.0,User17,,
1490174718259,Mouse Button.left Released,236.0,317.0,User17,,
1490174718496,Mouse Moved,239.0,317.0,User17,,
1490174718516,Mouse Moved,244.0,314.0,User17,,
1490174718517,Mouse Moved,250.0,312.0,User17,,
1490174718519,Mouse Moved,254.0,311.0,User17,,
1490174718529,Mouse Moved,263.0,307.0,User17,,
1490174718530,Mouse Moved,275.0,303.0,User17,,
1490174718562,Mouse Moved,289.0,299.0,User17,,
1490174718563,Mouse Moved,306.0,297.0,User17,,
1490174718565,Mouse Moved,328.0,295.0,User17,,
1490174718579,Mouse Moved,362.0,293.0,User17,,
1490174718582,Mouse Moved,397.0,290.0,User17,,
1490174718582,Mouse Moved,447.0,290.0,User17,,
1490174718595,Mouse Moved,492.0,290.0,User17,,
1490174718595,Mouse Moved,538.0,293.0,User17,,
1490174718605,Mouse Moved,583.0,293.0,User17,,
1490174718627,Mouse Moved,657.0,300.0,User17,,
1490174718635,Mouse Moved,664.0,301.0,User17,,
1490174718655,Mouse Moved,666.0,301.0,User17,,
1490174718688,Mouse Moved,667.0,302.0,User17,,
1490174718710,Mouse Moved,668.0,305.0,User17,,
1490174718730,Mouse Moved,668.0,306.0,User17,,
1490174718753,Mouse Moved,669.0,307.0,User17,,
1490174718775,Mouse Moved,669.0,308.0,User17,,
1490174718822,Mouse Moved,669.0,310.0,User17,,
1490174718823,Mouse Moved,669.0,311.0,User17,,
1490174718832,Mouse Moved,669.0,312.0,User17,,
1490174718868,Mouse Moved,669.0,313.0,User17,,
1490174718892,Mouse Moved,669.0,314.0,User17,,
1490174718914,Mouse Moved,669.0,317.0,User17,,
1490174718938,Mouse Moved,668.0,317.0,User17,,
1490174718953,Mouse Moved,668.0,318.0,User17,,
1490174719529,Mouse Moved,667.0,329.0,User17,,
1490174719529,Mouse Moved,665.0,343.0,User17,,
1490174719551,Mouse Moved,662.0,365.0,User17,,
1490174719552,Mouse Moved,660.0,382.0,User17,,
1490174719552,Mouse Moved,660.0,401.0,User17,,
1490174719561,Mouse Moved,658.0,418.0,User17,,
1490174719585,Mouse Moved,658.0,439.0,User17,,
1490174719585,Mouse Moved,658.0,467.0,User17,,
1490174719592,Mouse Moved,656.0,491.0,User17,,
1490174719592,Mouse Moved,656.0,516.0,User17,,
1490174719611,Mouse Moved,654.0,546.0,User17,,
1490174719611,Mouse Moved,654.0,570.0,User17,,
1490174719627,Mouse Moved,652.0,611.0,User17,,
1490174719635,Mouse Moved,650.0,644.0,User17,,
1490174719654,Mouse Moved,650.0,650.0,User17,,
1490174719657,Mouse Moved,650.0,659.0,User17,,
1490174719667,Mouse Moved,650.0,663.0,User17,,
1490174719687,Mouse Moved,650.0,667.0,User17,,
1490174719690,Mouse Moved,650.0,672.0,User17,,
1490174719690,Mouse Moved,648.0,674.0,User17,,
1490174719694,Mouse Moved,648.0,679.0,User17,,
1490174719716,Mouse Moved,648.0,680.0,User17,,
1490174719717,Mouse Moved,648.0,682.0,User17,,
1490174719717,Mouse Moved,648.0,684.0,User17,,
1490174719723,Mouse Moved,648.0,686.0,User17,,
1490174719737,Mouse Moved,648.0,687.0,User17,,
1490174719739,Mouse Moved,648.0,688.0,User17,,
1490174719760,Mouse Moved,648.0,691.0,User17,,
1490174719770,Mouse Moved,648.0,692.0,User17,,
1490174719792,Mouse Moved,648.0,693.0,User17,,
1490174719936,Mouse Moved,648.0,694.0,User17,,
1490174719951,Mouse Moved,648.0,696.0,User17,,
1490174720002,Mouse Moved,648.0,697.0,User17,,
1490174720213,Mouse Moved,648.0,696.0,User17,,
1490174720223,Mouse Moved,648.0,683.0,User17,,
1490174720236,Mouse Moved,655.0,627.0,User17,,
1490174720257,Mouse Moved,660.0,545.0,User17,,
1490174720267,Mouse Moved,663.0,510.0,User17,,
1490174720269,Mouse Moved,663.0,465.0,User17,,
1490174720288,Mouse Moved,666.0,419.0,User17,,
1490174720289,Mouse Moved,668.0,392.0,User17,,
1490174720296,Mouse Moved,668.0,367.0,User17,,
1490174720298,Mouse Moved,670.0,351.0,User17,,
1490174720309,Mouse Moved,670.0,339.0,User17,,
1490174720325,Mouse Moved,670.0,333.0,User17,,
1490174720325,Mouse Moved,670.0,327.0,User17,,
1490174720341,Mouse Moved,670.0,326.0,User17,,
1490174720342,Mouse Moved,670.0,325.0,User17,,
1490174720355,Mouse Moved,670.0,322.0,User17,,
1490174720661,Mouse Moved,671.0,322.0,User17,,
1490174720671,Mouse Moved,671.0,324.0,User17,,
1490174720701,Mouse Moved,674.0,324.0,User17,,
1490174720721,Mouse Moved,676.0,345.0,User17,,
1490174720723,Mouse Moved,676.0,346.0,User17,,
1490174720730,Mouse Moved,676.0,347.0,User17,,
1490174720744,Mouse Moved,676.0,353.0,User17,,
1490174720746,Mouse Moved,677.0,359.0,User17,,
1490174720760,Mouse Moved,677.0,363.0,User17,,
1490174720760,Mouse Moved,677.0,368.0,User17,,
1490174720785,Mouse Moved,677.0,374.0,User17,,
1490174720786,Mouse Moved,677.0,382.0,User17,,
1490174720786,Mouse Moved,677.0,396.0,User17,,
1490174720795,Mouse Moved,677.0,410.0,User17,,
1490174720815,Mouse Moved,677.0,421.0,User17,,
1490174720815,Mouse Moved,677.0,437.0,User17,,
1490174720815,Mouse Moved,677.0,438.0,User17,,
1490174720845,Mouse Moved,677.0,477.0,User17,,
1490174720846,Mouse Moved,677.0,479.0,User17,,
1490174721279,Mouse Moved,677.0,478.0,User17,,
1490174721293,Mouse Moved,677.0,477.0,User17,,
1490174721318,Mouse Moved,676.0,475.0,User17,,
1490174721391,Mouse Moved,675.0,476.0,User17,,
1490174721421,Mouse Moved,674.0,476.0,User17,,
1490174721431,Mouse Moved,674.0,477.0,User17,,
1490174721451,Mouse Moved,673.0,478.0,User17,,
1490174721471,Mouse Moved,673.0,479.0,User17,,
1490174721482,Mouse Moved,672.0,481.0,User17,,
1490174721516,Mouse Moved,672.0,483.0,User17,,
1490174721526,Mouse Moved,670.0,484.0,User17,,
1490174721546,Mouse Moved,669.0,485.0,User17,,
1490174721573,Mouse Moved,669.0,486.0,User17,,
1490174721586,Mouse Moved,668.0,488.0,User17,,
1490174721618,Mouse Moved,671.0,486.0,User17,,
1490174721641,Mouse Moved,682.0,476.0,User17,,
1490174721651,Mouse Moved,683.0,474.0,User17,,
1490174721671,Mouse Moved,685.0,469.0,User17,,
1490174721694,Mouse Moved,687.0,464.0,User17,,
1490174721719,Mouse Moved,688.0,457.0,User17,,
1490174721720,Mouse Moved,688.0,451.0,User17,,
1490174721720,Mouse Moved,688.0,447.0,User17,,
1490174721726,Mouse Moved,690.0,442.0,User17,,
1490174721746,Mouse Moved,690.0,430.0,User17,,
1490174721747,Mouse Moved,690.0,421.0,User17,,
1490174721749,Mouse Moved,690.0,413.0,User17,,
1490174721756,Mouse Moved,690.0,399.0,User17,,
1490174721769,Mouse Moved,688.0,385.0,User17,,
1490174721772,Mouse Moved,686.0,374.0,User17,,
1490174721792,Mouse Moved,684.0,357.0,User17,,
1490174721792,Mouse Moved,680.0,342.0,User17,,
1490174721806,Mouse Moved,676.0,331.0,User17,,
1490174721808,Mouse Moved,674.0,322.0,User17,,
1490174721816,Mouse Moved,668.0,310.0,User17,,
1490174721818,Mouse Moved,664.0,300.0,User17,,
1490174721838,Mouse Moved,658.0,286.0,User17,,
1490174721841,Mouse Moved,652.0,276.0,User17,,
1490174721846,Mouse Moved,646.0,264.0,User17,,
1490174721861,Mouse Moved,628.0,239.0,User17,,
1490174721875,Mouse Moved,609.0,217.0,User17,,
1490174721891,Mouse Moved,599.0,204.0,User17,,
1490174721891,Mouse Moved,593.0,195.0,User17,,
1490174721907,Mouse Moved,590.0,190.0,User17,,
1490174721908,Mouse Moved,589.0,186.0,User17,,
1490174721928,Mouse Moved,587.0,181.0,User17,,
1490174721930,Mouse Moved,586.0,177.0,User17,,
1490174721930,Mouse Moved,586.0,174.0,User17,,
1490174721938,Mouse Moved,586.0,170.0,User17,,
1490174721959,Mouse Moved,586.0,168.0,User17,,
1490174721960,Mouse Moved,586.0,167.0,User17,,
1490174721960,Mouse Moved,586.0,165.0,User17,,
1490174721984,Mouse Moved,586.0,164.0,User17,,
1490174721996,Mouse Moved,586.0,163.0,User17,,
1490174724043,Mouse Moved,584.0,165.0,User17,,
1490174724045,Mouse Moved,581.0,170.0,User17,,
1490174724052,Mouse Moved,580.0,172.0,User17,,
1490174724066,Mouse Moved,577.0,180.0,User17,,
1490174724081,Mouse Moved,576.0,181.0,User17,,
1490174724099,Mouse Moved,576.0,183.0,User17,,
1490174724101,Mouse Moved,575.0,185.0,User17,,
1490174724101,Mouse Moved,575.0,187.0,User17,,
1490174724111,Mouse Moved,573.0,188.0,User17,,
1490174724125,Mouse Moved,573.0,191.0,User17,,
1490174724141,Mouse Moved,573.0,192.0,User17,,
1490174724155,Mouse Moved,573.0,193.0,User17,,
1490174724217,Mouse Moved,572.0,194.0,User17,,
1490174724230,Mouse Moved,572.0,197.0,User17,,
1490174724246,Mouse Moved,572.0,198.0,User17,,
1490174724262,Mouse Moved,571.0,199.0,User17,,
1490174724290,Mouse Moved,571.0,201.0,User17,,
1490174724306,Mouse Moved,570.0,206.0,User17,,
1490174724321,Mouse Moved,568.0,207.0,User17,,
1490174724335,Mouse Moved,568.0,210.0,User17,,
1490174724351,Mouse Moved,568.0,212.0,User17,,
1490174724352,Mouse Moved,567.0,213.0,User17,,
1490174724368,Mouse Moved,567.0,216.0,User17,,
1490174724381,Mouse Moved,567.0,217.0,User17,,
1490174724395,Mouse Moved,567.0,220.0,User17,,
1490174724413,Mouse Moved,567.0,222.0,User17,,
1490174724426,Mouse Moved,566.0,223.0,User17,,
1490174724441,Mouse Moved,566.0,224.0,User17,,
1490174724456,Mouse Moved,566.0,226.0,User17,,
1490174724930,Mouse Moved,569.0,226.0,User17,,
1490174724950,Mouse Moved,573.0,224.0,User17,,
1490174724951,Mouse Moved,576.0,224.0,User17,,
1490174724960,Mouse Moved,579.0,223.0,User17,,
1490174724961,Mouse Moved,581.0,223.0,User17,,
1490174724970,Mouse Moved,584.0,223.0,User17,,
1490174724990,Mouse Moved,588.0,221.0,User17,,
1490174724990,Mouse Moved,589.0,221.0,User17,,
1490174724992,Mouse Moved,592.0,221.0,User17,,
1490174724997,Mouse Moved,593.0,221.0,User17,,
1490174725020,Mouse Moved,596.0,221.0,User17,,
1490174725022,Mouse Moved,597.0,221.0,User17,,
1490174725029,Mouse Moved,598.0,220.0,User17,,
1490174725055,Mouse Moved,599.0,220.0,User17,,
1490174725585,Mouse Moved,599.0,227.0,User17,,
1490174725585,Mouse Moved,599.0,233.0,User17,,
1490174725594,Mouse Moved,599.0,239.0,User17,,
1490174725595,Mouse Moved,599.0,244.0,User17,,
1490174725608,Mouse Moved,599.0,252.0,User17,,
1490174725621,Mouse Moved,599.0,272.0,User17,,
1490174725642,Mouse Moved,599.0,278.0,User17,,
1490174725644,Mouse Moved,597.0,286.0,User17,,
1490174725644,Mouse Moved,597.0,300.0,User17,,
1490174725661,Mouse Moved,597.0,308.0,User17,,
1490174725661,Mouse Moved,597.0,314.0,User17,,
1490174725670,Mouse Moved,597.0,321.0,User17,,
1490174725690,Mouse Moved,596.0,329.0,User17,,
1490174725690,Mouse Moved,596.0,343.0,User17,,
1490174725691,Mouse Moved,596.0,349.0,User17,,
1490174725700,Mouse Moved,596.0,353.0,User17,,
1490174725713,Mouse Moved,594.0,358.0,User17,,
1490174725713,Mouse Moved,594.0,362.0,User17,,
1490174725736,Mouse Moved,594.0,368.0,User17,,
1490174725736,Mouse Moved,594.0,373.0,User17,,
1490174725737,Mouse Moved,594.0,374.0,User17,,
1490174725743,Mouse Moved,594.0,378.0,User17,,
1490174725763,Mouse Moved,594.0,380.0,User17,,
1490174725765,Mouse Moved,593.0,382.0,User17,,
1490174725773,Mouse Moved,593.0,383.0,User17,,
1490174725793,Mouse Moved,593.0,384.0,User17,,
1490174725803,Mouse Moved,593.0,385.0,User17,,
1490174725835,Mouse Moved,593.0,386.0,User17,,
1490174725848,Mouse Moved,593.0,387.0,User17,,
1490174725871,Mouse Moved,593.0,389.0,User17,,
1490174725901,Mouse Moved,593.0,390.0,User17,,
1490174725903,Mouse Moved,593.0,391.0,User17,,
1490174726480,Mouse Moved,590.0,392.0,User17,,
1490174726493,Mouse Moved,576.0,394.0,User17,,
1490174726509,Mouse Moved,548.0,394.0,User17,,
1490174726525,Mouse Moved,507.0,389.0,User17,,
1490174726539,Mouse Moved,459.0,371.0,User17,,
1490174726562,Mouse Moved,387.0,332.0,User17,,
1490174726572,Mouse Moved,364.0,320.0,User17,,
1490174726592,Mouse Moved,296.0,269.0,User17,,
1490174726608,Mouse Moved,251.0,225.0,User17,,
1490174726618,Mouse Moved,226.0,204.0,User17,,
1490174726638,Mouse Moved,214.0,191.0,User17,,
1490174726640,Mouse Moved,201.0,178.0,User17,,
1490174726641,Mouse Moved,191.0,170.0,User17,,
1490174726648,Mouse Moved,188.0,166.0,User17,,
1490174726663,Mouse Moved,183.0,163.0,User17,,
1490174726664,Mouse Moved,179.0,160.0,User17,,
1490174726677,Mouse Moved,176.0,158.0,User17,,
1490174726678,Mouse Moved,175.0,157.0,User17,,
1490174726697,Mouse Moved,172.0,156.0,User17,,
1490174726698,Mouse Moved,171.0,155.0,User17,,
1490174726707,Mouse Moved,170.0,153.0,User17,,
1490174726727,Mouse Moved,167.0,152.0,User17,,
1490174726737,Mouse Moved,155.0,147.0,User17,,
1490174726753,Mouse Moved,148.0,144.0,User17,,
1490174726753,Mouse Moved,143.0,142.0,User17,,
1490174726766,Mouse Moved,140.0,141.0,User17,,
1490174726782,Mouse Moved,136.0,139.0,User17,,
1490174726783,Mouse Moved,135.0,139.0,User17,,
1490174726802,Mouse Moved,134.0,138.0,User17,,
1490174726803,Mouse Moved,131.0,138.0,User17,,
1490174726812,Mouse Moved,130.0,137.0,User17,,
1490174726832,Mouse Moved,128.0,137.0,User17,,
1490174726842,Mouse Moved,125.0,135.0,User17,,
1490174726858,Mouse Moved,122.0,134.0,User17,,
1490174726859,Mouse Moved,119.0,134.0,User17,,
1490174726872,Mouse Moved,118.0,133.0,User17,,
1490174726891,Mouse Moved,116.0,130.0,User17,,
1490174726901,Mouse Moved,113.0,125.0,User17,,
1490174726921,Mouse Moved,112.0,122.0,User17,,
1490174726923,Mouse Moved,110.0,120.0,User17,,
1490174726931,Mouse Moved,110.0,118.0,User17,,
1490174726951,Mouse Moved,109.0,113.0,User17,,
1490174726953,Mouse Moved,107.0,107.0,User17,,
1490174726953,Mouse Moved,106.0,102.0,User17,,
1490174726969,Mouse Moved,106.0,96.0,User17,,
1490174726970,Mouse Moved,104.0,91.0,User17,,
1490174726976,Mouse Moved,103.0,87.0,User17,,
1490174726993,Mouse Moved,101.0,82.0,User17,,
1490174726993,Mouse Moved,101.0,81.0,User17,,
1490174727006,Mouse Moved,100.0,80.0,User17,,
1490174727007,Mouse Moved,100.0,79.0,User17,,
1490174727023,Mouse Moved,99.0,76.0,User17,,
1490174727038,Mouse Moved,99.0,75.0,User17,,
1490174727053,Mouse Moved,99.0,73.0,User17,,
1490174727068,Mouse Moved,99.0,72.0,User17,,
1490174727178,Mouse Moved,109.0,65.0,User17,,
1490174727180,Mouse Moved,115.0,64.0,User17,,
1490174727180,Mouse Moved,127.0,60.0,User17,,
1490174727190,Mouse Moved,136.0,56.0,User17,,
1490174727191,Mouse Moved,145.0,54.0,User17,,
1490174727210,Mouse Moved,165.0,48.0,User17,,
1490174727219,Mouse Moved,170.0,47.0,User17,,
1490174727233,Mouse Moved,174.0,47.0,User17,,
1490174727233,Mouse Moved,176.0,46.0,User17,,
1490174727249,Mouse Moved,179.0,46.0,User17,,
1490174727250,Mouse Moved,181.0,46.0,User17,,
1490174727263,Mouse Moved,182.0,45.0,User17,,
1490174727323,Mouse Moved,183.0,45.0,User17,,
1490174727338,Mouse Moved,184.0,43.0,User17,,
1490174727354,Mouse Moved,187.0,43.0,User17,,
1490174727391,Mouse Moved,188.0,42.0,User17,,
1490174727401,Mouse Moved,189.0,42.0,User17,,
1490174727526,Mouse Moved,190.0,42.0,User17,,
1490174727556,Mouse Moved,190.0,43.0,User17,,
1490174727572,Mouse Moved,191.0,43.0,User17,,
1490174727601,Mouse Moved,191.0,45.0,User17,,
1490174727611,Mouse Moved,192.0,45.0,User17,,
1490174727631,Mouse Moved,192.0,47.0,User17,,
1490174727661,Mouse Moved,194.0,48.0,User17,,
1490174727668,Mouse Moved,195.0,49.0,User17,,
1490174727694,Mouse Moved,196.0,51.0,User17,,
1490174727703,Mouse Moved,196.0,53.0,User17,,
1490174727736,Mouse Moved,197.0,56.0,User17,,
1490174727737,Mouse Moved,198.0,57.0,User17,,
1490174727766,Mouse Moved,200.0,58.0,User17,,
1490174727780,Mouse Moved,200.0,59.0,User17,,
1490174728007,Mouse Moved,200.0,60.0,User17,,
1490174728290,Mouse Moved,200.0,62.0,User17,,
1490174728309,Mouse Moved,201.0,67.0,User17,,
1490174728328,Mouse Moved,203.0,73.0,User17,,
1490174728329,Mouse Moved,204.0,82.0,User17,,
1490174728331,Mouse Moved,204.0,87.0,User17,,
1490174728335,Mouse Moved,206.0,95.0,User17,,
1490174728351,Mouse Moved,207.0,101.0,User17,,
1490174728365,Mouse Moved,207.0,105.0,User17,,
1490174728388,Mouse Moved,207.0,106.0,User17,,
1490174728733,Mouse Moved,208.0,106.0,User17,,
1490174728842,Mouse Moved,210.0,103.0,User17,,
1490174728865,Mouse Moved,210.0,102.0,User17,,
1490174729023,Mouse Moved,211.0,101.0,User17,,
1490174729052,Mouse Moved,212.0,99.0,User17,,
1490174729062,Mouse Moved,212.0,97.0,User17,,
1490174729125,Mouse Moved,213.0,96.0,User17,,
1490174729145,Mouse Moved,214.0,94.0,User17,,
1490174729168,Mouse Moved,214.0,93.0,User17,,
1490174729388,Mouse Moved,214.0,91.0,User17,,
1490174729408,Mouse Moved,214.0,92.0,User17,,
1490174729410,Mouse Moved,214.0,92.0,User17,,
1490174729411,Mouse Button.left Pressed,214.0,92.0,User17,,
1490174729479,Mouse Moved,214.0,92.0,User17,,
1490174729480,Mouse Button.left Released,214.0,92.0,User17,,
1490174741250,Mouse Moved,222.0,88.0,User17,,
1490174741266,Mouse Moved,246.0,76.0,User17,,
1490174741286,Mouse Moved,262.0,69.0,User17,,
1490174741296,Mouse Moved,269.0,64.0,User17,,
1490174741296,Mouse Moved,272.0,64.0,User17,,
1490174741315,Mouse Moved,275.0,61.0,User17,,
1490174741325,Mouse Moved,276.0,61.0,User17,,
1490174741326,Mouse Moved,277.0,60.0,User17,,
1490174741355,Mouse Moved,278.0,60.0,User17,,
1490174741371,Mouse Moved,282.0,57.0,User17,,
1490174741384,Mouse Moved,287.0,56.0,User17,,
1490174741401,Mouse Moved,290.0,54.0,User17,,
1490174741424,Mouse Moved,291.0,53.0,User17,,
1490174741424,Mouse Moved,292.0,52.0,User17,,
1490174741453,Mouse Moved,304.0,45.0,User17,,
1490174741454,Mouse Moved,319.0,35.0,User17,,
1490174741456,Mouse Moved,331.0,26.0,User17,,
1490174741463,Mouse Moved,343.0,18.0,User17,,
1490174741477,Mouse Moved,352.0,14.0,User17,,
1490174741479,Mouse Moved,357.0,11.0,User17,,
1490174741497,Mouse Moved,360.0,10.0,User17,,
1490174741499,Mouse Moved,361.0,9.0,User17,,
1490174741509,Mouse Moved,362.0,8.0,User17,,
1490174741538,Mouse Moved,363.0,10.0,User17,,
1490174741559,Mouse Moved,363.0,29.0,User17,,
1490174741559,Mouse Moved,361.0,51.0,User17,,
1490174741568,Mouse Moved,359.0,76.0,User17,,
1490174741569,Mouse Moved,354.0,107.0,User17,,
1490174741585,Mouse Moved,349.0,149.0,User17,,
1490174741595,Mouse Moved,344.0,180.0,User17,,
1490174741596,Mouse Moved,339.0,217.0,User17,,
1490174741612,Mouse Moved,331.0,284.0,User17,,
1490174741628,Mouse Moved,327.0,327.0,User17,,
1490174741648,Mouse Moved,325.0,342.0,User17,,
1490174741651,Mouse Moved,323.0,353.0,User17,,
1490174741651,Mouse Moved,323.0,362.0,User17,,
1490174741658,Mouse Moved,323.0,366.0,User17,,
1490174741673,Mouse Moved,321.0,370.0,User17,,
1490174741674,Mouse Moved,321.0,372.0,User17,,
1490174741694,Mouse Moved,321.0,373.0,User17,,
1490174741696,Mouse Moved,321.0,374.0,User17,,
1490174741802,Mouse Moved,321.0,373.0,User17,,
1490174741812,Mouse Moved,321.0,367.0,User17,,
1490174741825,Mouse Moved,321.0,357.0,User17,,
1490174741841,Mouse Moved,320.0,356.0,User17,,
1490174741842,Mouse Moved,320.0,353.0,User17,,
1490174741859,Mouse Moved,319.0,352.0,User17,,
1490174741861,Mouse Moved,318.0,349.0,User17,,
1490174741881,Mouse Moved,313.0,348.0,User17,,
1490174741881,Mouse Moved,312.0,348.0,User17,,
1490174741881,Mouse Moved,310.0,348.0,User17,,
1490174741895,Mouse Moved,309.0,348.0,User17,,
1490174741982,Mouse Moved,307.0,347.0,User17,,
1490174741996,Mouse Moved,305.0,341.0,User17,,
1490174742009,Mouse Moved,303.0,338.0,User17,,
1490174742028,Mouse Moved,302.0,337.0,User17,,
1490174742046,Mouse Moved,301.0,336.0,User17,,
1490174742048,Mouse Moved,301.0,332.0,User17,,
1490174742078,Mouse Moved,298.0,325.0,User17,,
1490174742079,Mouse Moved,298.0,323.0,User17,,
1490174742081,Mouse Moved,296.0,318.0,User17,,
1490174742088,Mouse Moved,295.0,316.0,User17,,
1490174742101,Mouse Moved,292.0,308.0,User17,,
1490174742121,Mouse Moved,287.0,303.0,User17,,
1490174742131,Mouse Moved,286.0,301.0,User17,,
1490174742196,Mouse Moved,285.0,300.0,User17,,
1490174742243,Mouse Moved,285.0,298.0,User17,,
1490174742244,Mouse Moved,285.0,295.0,User17,,
1490174742253,Mouse Moved,284.0,292.0,User17,,
1490174742509,Mouse Moved,282.0,292.0,User17,,
1490174742553,Mouse Moved,281.0,294.0,User17,,
1490174742617,Mouse Moved,279.0,295.0,User17,,
1490174742634,Mouse Moved,276.0,296.0,User17,,
1490174742651,Mouse Moved,275.0,296.0,User17,,
1490174742661,Mouse Moved,272.0,297.0,User17,,
1490174742680,Mouse Moved,272.0,299.0,User17,,
1490174742710,Mouse Moved,271.0,299.0,User17,,
1490174742720,Mouse Moved,270.0,300.0,User17,,
1490174742736,Mouse Moved,269.0,300.0,User17,,
1490174742822,Mouse Moved,269.0,300.0,User17,,
1490174742823,Mouse Button.left Pressed,269.0,300.0,User17,,
1490174742915,Mouse Moved,268.0,300.0,User17,,
1490174742940,Mouse Moved,260.0,301.0,User17,,
1490174742947,Mouse Moved,246.0,303.0,User17,,
1490174742953,Mouse Moved,237.0,305.0,User17,,
1490174742961,Mouse Moved,226.0,307.0,User17,,
1490174742970,Mouse Moved,206.0,309.0,User17,,
1490174742977,Mouse Moved,195.0,309.0,User17,,
1490174742984,Mouse Moved,178.0,311.0,User17,,
1490174742993,Mouse Moved,170.0,311.0,User17,,
1490174742999,Mouse Moved,164.0,313.0,User17,,
1490174743007,Mouse Moved,163.0,313.0,User17,,
1490174743016,Mouse Moved,159.0,313.0,User17,,
1490174743032,Mouse Moved,157.0,313.0,User17,,
1490174743039,Mouse Moved,155.0,314.0,User17,,
1490174743055,Mouse Moved,154.0,314.0,User17,,
1490174743071,Mouse Moved,151.0,314.0,User17,,
1490174743085,Mouse Moved,148.0,315.0,User17,,
1490174743094,Mouse Moved,146.0,315.0,User17,,
1490174743125,Mouse Moved,145.0,315.0,User17,,
1490174743257,Mouse Moved,145.0,315.0,User17,,
1490174743259,Mouse Button.left Released,145.0,315.0,User17,,
1490174743927,Mouse Moved,144.0,314.0,User17,,
1490174743928,Mouse Moved,137.0,299.0,User17,,
1490174743947,Mouse Moved,128.0,277.0,User17,,
1490174743948,Mouse Moved,116.0,254.0,User17,,
1490174743957,Mouse Moved,102.0,228.0,User17,,
1490174743979,Mouse Moved,88.0,205.0,User17,,
1490174743980,Mouse Moved,75.0,187.0,User17,,
1490174743980,Mouse Moved,60.0,172.0,User17,,
1490174743989,Mouse Moved,50.0,162.0,User17,,
1490174744003,Mouse Moved,42.0,152.0,User17,,
1490174744003,Mouse Moved,34.0,144.0,User17,,
1490174744016,Mouse Moved,30.0,140.0,User17,,
1490174744016,Mouse Moved,25.0,135.0,User17,,
1490174744032,Mouse Moved,23.0,132.0,User17,,
1490174744033,Mouse Moved,19.0,127.0,User17,,
1490174744046,Mouse Moved,16.0,125.0,User17,,
1490174744048,Mouse Moved,11.0,120.0,User17,,
1490174744061,Mouse Moved,8.0,118.0,User17,,
1490174744061,Mouse Moved,7.0,117.0,User17,,
1490174744076,Mouse Moved,3.0,113.0,User17,,
1490174744078,Mouse Moved,0.0,112.0,User17,,
1490174744091,Mouse Moved,0.0,111.0,User17,,
1490174744316,Mouse Moved,13.0,135.0,User17,,
1490174744332,Mouse Moved,16.0,140.0,User17,,
1490174744332,Mouse Moved,17.0,142.0,User17,,
1490174744345,Mouse Moved,17.0,145.0,User17,,
1490174744361,Mouse Moved,18.0,145.0,User17,,
1490174744377,Mouse Moved,18.0,146.0,User17,,
1490174744407,Mouse Moved,18.0,150.0,User17,,
1490174744427,Mouse Moved,20.0,155.0,User17,,
1490174744428,Mouse Moved,21.0,157.0,User17,,
1490174744663,Mouse Moved,21.0,159.0,User17,,
1490174744683,Mouse Moved,22.0,160.0,User17,,
1490174744713,Mouse Moved,24.0,162.0,User17,,
1490174744723,Mouse Moved,25.0,167.0,User17,,
1490174744723,Mouse Moved,25.0,169.0,User17,,
1490174744743,Mouse Moved,26.0,171.0,User17,,
1490174744743,Mouse Moved,28.0,175.0,User17,,
1490174744753,Mouse Moved,29.0,179.0,User17,,
1490174744773,Mouse Moved,30.0,180.0,User17,,
1490174744773,Mouse Moved,32.0,183.0,User17,,
1490174744775,Mouse Moved,32.0,185.0,User17,,
1490174744782,Mouse Moved,33.0,187.0,User17,,
1490174744798,Mouse Moved,36.0,192.0,User17,,
1490174744799,Mouse Moved,36.0,195.0,User17,,
1490174744812,Mouse Moved,39.0,202.0,User17,,
1490174744835,Mouse Moved,40.0,210.0,User17,,
1490174744858,Mouse Moved,40.0,211.0,User17,,
1490174744872,Mouse Moved,40.0,212.0,User17,,
1490174744888,Mouse Moved,40.0,215.0,User17,,
1490174744908,Mouse Moved,38.0,223.0,User17,,
1490174744938,Mouse Moved,37.0,225.0,User17,,
1490174744969,Mouse Moved,37.0,227.0,User17,,
1490174744979,Mouse Moved,37.0,228.0,User17,,
1490174745017,Mouse Moved,30.0,251.0,User17,,
1490174745026,Mouse Moved,30.0,252.0,User17,,
1490174745042,Mouse Moved,30.0,258.0,User17,,
1490174745056,Mouse Moved,30.0,263.0,User17,,
1490174745094,Mouse Moved,33.0,270.0,User17,,
1490174745104,Mouse Moved,36.0,276.0,User17,,
1490174745128,Mouse Moved,37.0,279.0,User17,,
1490174745128,Mouse Moved,38.0,280.0,User17,,
1490174745134,Mouse Moved,41.0,283.0,User17,,
1490174745134,Mouse Moved,44.0,288.0,User17,,
1490174745154,Mouse Moved,45.0,289.0,User17,,
1490174745154,Mouse Moved,45.0,291.0,User17,,
1490174745184,Mouse Moved,46.0,291.0,User17,,
1490174745332,Mouse Moved,46.0,294.0,User17,,
1490174745349,Mouse Moved,46.0,295.0,User17,,
1490174745391,Mouse Moved,46.0,294.0,User17,,
1490174745392,Mouse Moved,46.0,294.0,User17,,
1490174745394,Mouse Button.left Pressed,46.0,294.0,User17,,
1490174745453,Mouse Moved,46.0,294.0,User17,,
1490174745454,Mouse Button.left Released,46.0,294.0,User17,,
1490174746338,Mouse Moved,48.0,295.0,User17,,
1490174746348,Mouse Moved,55.0,295.0,User17,,
1490174746362,Mouse Moved,63.0,295.0,User17,,
1490174746364,Mouse Moved,77.0,295.0,User17,,
1490174746380,Mouse Moved,99.0,295.0,User17,,
1490174746381,Mouse Moved,126.0,297.0,User17,,
1490174746390,Mouse Moved,157.0,302.0,User17,,
1490174746391,Mouse Moved,188.0,307.0,User17,,
1490174746404,Mouse Moved,216.0,311.0,User17,,
1490174746405,Mouse Moved,243.0,314.0,User17,,
1490174746427,Mouse Moved,265.0,316.0,User17,,
1490174746428,Mouse Moved,279.0,316.0,User17,,
1490174746437,Mouse Moved,285.0,317.0,User17,,
1490174746438,Mouse Moved,288.0,317.0,User17,,
1490174746457,Mouse Moved,289.0,317.0,User17,,
1490174746578,Mouse Moved,290.0,317.0,User17,,
1490174746579,Mouse Moved,291.0,319.0,User17,,
1490174746647,Mouse Moved,291.0,320.0,User17,,
1490174746677,Mouse Moved,292.0,320.0,User17,,
1490174746707,Mouse Moved,295.0,322.0,User17,,
1490174746730,Mouse Moved,296.0,324.0,User17,,
1490174746739,Mouse Moved,299.0,326.0,User17,,
1490174746759,Mouse Moved,300.0,327.0,User17,,
1490174746789,Mouse Moved,301.0,327.0,User17,,
1490174746979,Mouse Moved,301.0,328.0,User17,,
1490174746993,Mouse Moved,304.0,333.0,User17,,
1490174747009,Mouse Moved,305.0,334.0,User17,,
1490174747023,Mouse Moved,305.0,335.0,User17,,
1490174747046,Mouse Moved,306.0,336.0,User17,,
1490174747053,Mouse Moved,306.0,337.0,User17,,
1490174747084,Mouse Moved,307.0,338.0,User17,,
1490174747099,Mouse Moved,308.0,340.0,User17,,
1490174747240,Mouse Moved,308.0,341.0,User17,,
1490174747415,Mouse Moved,308.0,341.0,User17,,
1490174747417,Mouse Button.left Pressed,308.0,341.0,User17,,
1490174747493,Mouse Moved,308.0,341.0,User17,,
1490174747494,Mouse Button.left Released,308.0,341.0,User17,,
1490174748105,Mouse Moved,308.0,342.0,User17,,
1490174748270,Mouse Moved,309.0,342.0,User17,,
1490174748316,Mouse Moved,405.0,342.0,User17,,
1490174748332,Mouse Moved,572.0,345.0,User17,,
1490174748346,Mouse Moved,733.0,345.0,User17,,
1490174748775,Mouse Moved,764.0,268.0,User17,,
1490174748805,Mouse Moved,742.0,275.0,User17,,
1490174748815,Mouse Moved,740.0,276.0,User17,,
1490174748835,Mouse Moved,734.0,279.0,User17,,
1490174748842,Mouse Moved,733.0,279.0,User17,,
1490174748859,Mouse Moved,731.0,279.0,User17,,
1490174748881,Mouse Moved,729.0,280.0,User17,,
1490174749076,Mouse Moved,728.0,280.0,User17,,
1490174749078,Mouse Moved,727.0,280.0,User17,,
1490174749086,Mouse Moved,723.0,280.0,User17,,
1490174749107,Mouse Moved,721.0,280.0,User17,,
1490174749108,Mouse Moved,719.0,280.0,User17,,
1490174749108,Mouse Moved,718.0,280.0,User17,,
1490174749137,Mouse Moved,717.0,280.0,User17,,
1490174749190,Mouse Moved,716.0,280.0,User17,,
1490174749213,Mouse Moved,715.0,279.0,User17,,
1490174749240,Mouse Moved,714.0,279.0,User17,,
1490174749266,Mouse Moved,711.0,277.0,User17,,
1490174749279,Mouse Moved,708.0,277.0,User17,,
1490174749302,Mouse Moved,707.0,277.0,User17,,
1490174749303,Mouse Moved,705.0,277.0,User17,,
1490174749312,Mouse Moved,702.0,277.0,User17,,
1490174749332,Mouse Moved,701.0,277.0,User17,,
1490174749342,Mouse Moved,700.0,277.0,User17,,
1490174749986,Mouse Moved,700.0,277.0,User17,,
1490174750094,Mouse Moved,696.0,277.0,User17,,
1490174750101,Mouse Moved,690.0,279.0,User17,,
1490174750109,Mouse Moved,683.0,279.0,User17,,
1490174750118,Mouse Moved,677.0,280.0,User17,,
1490174750125,Mouse Moved,669.0,280.0,User17,,
1490174750134,Mouse Moved,660.0,282.0,User17,,
1490174750141,Mouse Moved,654.0,282.0,User17,,
1490174750151,Mouse Moved,649.0,282.0,User17,,
1490174750157,Mouse Moved,645.0,282.0,User17,,
1490174750165,Mouse Moved,644.0,282.0,User17,,
1490174750171,Mouse Moved,643.0,282.0,User17,,
1490174750187,Mouse Moved,641.0,282.0,User17,,
1490174750211,Mouse Moved,640.0,282.0,User17,,
1490174750227,Mouse Moved,638.0,282.0,User17,,
1490174750250,Mouse Moved,627.0,282.0,User17,,
1490174750257,Mouse Moved,625.0,284.0,User17,,
1490174750266,Mouse Moved,620.0,284.0,User17,,
1490174750276,Mouse Moved,619.0,284.0,User17,,
1490174750282,Mouse Moved,615.0,284.0,User17,,
1490174750289,Mouse Moved,613.0,284.0,User17,,
1490174750298,Mouse Moved,611.0,284.0,User17,,
1490174750305,Mouse Moved,609.0,284.0,User17,,
1490174750315,Mouse Moved,608.0,284.0,User17,,
1490174750328,Mouse Moved,607.0,284.0,User17,,
1490174750344,Mouse Moved,605.0,284.0,User17,,
1490174750384,Mouse Moved,604.0,284.0,User17,,
1490174750405,Mouse Moved,602.0,284.0,User17,,
1490174750421,Mouse Moved,599.0,284.0,User17,,
1490174750430,Mouse Moved,597.0,284.0,User17,,
1490174750461,Mouse Moved,595.0,284.0,User17,,
1490174750483,Mouse Moved,594.0,284.0,User17,,
1490174750500,Mouse Moved,593.0,284.0,User17,,
1490174750523,Mouse Moved,592.0,284.0,User17,,
1490174751059,Mouse Moved,589.0,284.0,User17,,
1490174751075,Mouse Moved,585.0,285.0,User17,,
1490174751082,Mouse Moved,582.0,286.0,User17,,
1490174751092,Mouse Moved,579.0,286.0,User17,,
1490174751099,Mouse Moved,578.0,286.0,User17,,
1490174751115,Mouse Moved,576.0,288.0,User17,,
1490174751121,Mouse Moved,575.0,288.0,User17,,
1490174751138,Mouse Moved,573.0,289.0,User17,,
1490174751170,Mouse Moved,572.0,289.0,User17,,
1490174751536,Mouse Moved,571.0,289.0,User17,,
1490174751573,Mouse Moved,568.0,285.0,User17,,
1490174751589,Mouse Moved,567.0,284.0,User17,,
1490174751598,Mouse Moved,566.0,281.0,User17,,
1490174751621,Mouse Moved,566.0,280.0,User17,,
1490174751635,Mouse Moved,565.0,279.0,User17,,
1490174751651,Mouse Moved,565.0,278.0,User17,,
1490174751700,Mouse Moved,564.0,276.0,User17,,
1490174751737,Mouse Moved,564.0,275.0,User17,,
1490174751753,Mouse Moved,562.0,275.0,User17,,
1490174752502,Mouse Moved,563.0,276.0,User17,,
1490174752503,Mouse Moved,563.0,276.0,User17,,
1490174752619,Mouse Moved,564.0,270.0,User17,,
1490174752621,Mouse Moved,564.0,259.0,User17,,
1490174752628,Mouse Moved,564.0,254.0,User17,,
1490174752651,Mouse Moved,564.0,237.0,User17,,
1490174752661,Mouse Moved,562.0,229.0,User17,,
1490174752681,Mouse Moved,558.0,220.0,User17,,
1490174752683,Mouse Moved,555.0,213.0,User17,,
1490174752684,Mouse Moved,550.0,206.0,User17,,
1490174752691,Mouse Moved,545.0,201.0,User17,,
1490174752706,Mouse Moved,535.0,193.0,User17,,
1490174752707,Mouse Moved,526.0,188.0,User17,,
1490174752720,Mouse Moved,516.0,182.0,User17,,
1490174752720,Mouse Moved,504.0,178.0,User17,,
1490174752740,Mouse Moved,495.0,176.0,User17,,
1490174752742,Mouse Moved,483.0,172.0,User17,,
1490174752752,Mouse Moved,469.0,170.0,User17,,
1490174752752,Mouse Moved,458.0,168.0,User17,,
1490174752770,Mouse Moved,444.0,166.0,User17,,
1490174752772,Mouse Moved,432.0,164.0,User17,,
1490174752780,Mouse Moved,423.0,162.0,User17,,
1490174752795,Mouse Moved,415.0,161.0,User17,,
1490174752796,Mouse Moved,412.0,161.0,User17,,
1490174752809,Mouse Moved,408.0,161.0,User17,,
1490174752811,Mouse Moved,403.0,161.0,User17,,
1490174752825,Mouse Moved,401.0,161.0,User17,,
1490174752825,Mouse Moved,399.0,161.0,User17,,
1490174752841,Mouse Moved,398.0,161.0,User17,,
1490174753674,Mouse Moved,397.0,161.0,User17,,
1490174753691,Mouse Moved,397.0,162.0,User17,,
1490174753720,Mouse Moved,396.0,164.0,User17,,
1490174753720,Mouse Moved,392.0,173.0,User17,,
1490174753723,Mouse Moved,392.0,182.0,User17,,
1490174753734,Mouse Moved,391.0,190.0,User17,,
1490174753747,Mouse Moved,391.0,213.0,User17,,
1490174753769,Mouse Moved,391.0,243.0,User17,,
1490174753779,Mouse Moved,389.0,268.0,User17,,
1490174753799,Mouse Moved,389.0,282.0,User17,,
1490174753799,Mouse Moved,387.0,293.0,User17,,
1490174753809,Mouse Moved,387.0,302.0,User17,,
1490174753809,Mouse Moved,385.0,308.0,User17,,
1490174753831,Mouse Moved,383.0,317.0,User17,,
1490174753832,Mouse Moved,382.0,326.0,User17,,
1490174753836,Mouse Moved,378.0,335.0,User17,,
1490174753841,Mouse Moved,374.0,344.0,User17,,
1490174753861,Mouse Moved,365.0,363.0,User17,,
1490174753871,Mouse Moved,359.0,370.0,User17,,
1490174753891,Mouse Moved,354.0,377.0,User17,,
1490174753892,Mouse Moved,349.0,382.0,User17,,
1490174753892,Mouse Moved,339.0,390.0,User17,,
1490174753901,Mouse Moved,335.0,393.0,User17,,
1490174753921,Mouse Moved,332.0,396.0,User17,,
1490174753921,Mouse Moved,327.0,399.0,User17,,
1490174753923,Mouse Moved,326.0,400.0,User17,,
1490174753930,Mouse Moved,324.0,400.0,User17,,
1490174753950,Mouse Moved,323.0,401.0,User17,,
1490174753976,Mouse Moved,321.0,403.0,User17,,
1490174753990,Mouse Moved,320.0,403.0,User17,,
1490174754006,Mouse Moved,319.0,403.0,User17,,
1490174754035,Mouse Moved,306.0,399.0,User17,,
1490174754036,Mouse Moved,301.0,396.0,User17,,
1490174754049,Mouse Moved,295.0,393.0,User17,,
1490174754065,Mouse Moved,290.0,390.0,User17,,
1490174754065,Mouse Moved,282.0,387.0,User17,,
1490174754086,Mouse Moved,272.0,381.0,User17,,
1490174754088,Mouse Moved,262.0,373.0,User17,,
1490174754088,Mouse Moved,250.0,365.0,User17,,
1490174754096,Mouse Moved,237.0,356.0,User17,,
1490174754117,Mouse Moved,223.0,348.0,User17,,
1490174754118,Mouse Moved,210.0,338.0,User17,,
1490174754118,Mouse Moved,195.0,327.0,User17,,
1490174754127,Mouse Moved,177.0,311.0,User17,,
1490174754147,Mouse Moved,164.0,298.0,User17,,
1490174754148,Mouse Moved,155.0,290.0,User17,,
1490174754148,Mouse Moved,142.0,278.0,User17,,
1490174754157,Mouse Moved,132.0,270.0,User17,,
1490174754161,Mouse Moved,122.0,262.0,User17,,
1490174754170,Mouse Moved,113.0,256.0,User17,,
1490174754191,Mouse Moved,103.0,251.0,User17,,
1490174754193,Mouse Moved,98.0,247.0,User17,,
1490174754194,Mouse Moved,94.0,244.0,User17,,
1490174754204,Mouse Moved,89.0,240.0,User17,,
1490174754221,Mouse Moved,88.0,239.0,User17,,
1490174754223,Mouse Moved,85.0,233.0,User17,,
1490174754232,Mouse Moved,84.0,232.0,User17,,
1490174754233,Mouse Moved,81.0,226.0,User17,,
1490174754246,Mouse Moved,80.0,221.0,User17,,
1490174754259,Mouse Moved,78.0,219.0,User17,,
1490174754260,Mouse Moved,77.0,214.0,User17,,
1490174754262,Mouse Moved,73.0,208.0,User17,,
1490174754285,Mouse Moved,72.0,203.0,User17,,
1490174754286,Mouse Moved,68.0,194.0,User17,,
1490174754292,Mouse Moved,67.0,188.0,User17,,
1490174754293,Mouse Moved,65.0,179.0,User17,,
1490174754312,Mouse Moved,65.0,175.0,User17,,
1490174754313,Mouse Moved,63.0,166.0,User17,,
1490174754322,Mouse Moved,62.0,162.0,User17,,
1490174754322,Mouse Moved,62.0,158.0,User17,,
1490174754344,Mouse Moved,61.0,155.0,User17,,
1490174754345,Mouse Moved,61.0,152.0,User17,,
1490174754352,Mouse Moved,61.0,151.0,User17,,
1490174754367,Mouse Moved,59.0,150.0,User17,,
1490174754388,Mouse Moved,59.0,149.0,User17,,
1490174754430,Mouse Moved,59.0,148.0,User17,,
1490174754441,Mouse Moved,57.0,145.0,User17,,
1490174754460,Mouse Moved,54.0,142.0,User17,,
1490174754474,Mouse Moved,51.0,141.0,User17,,
1490174754494,Mouse Moved,50.0,139.0,User17,,
1490174754496,Mouse Moved,49.0,138.0,User17,,
1490174754532,Mouse Moved,48.0,137.0,User17,,
1490174754548,Mouse Moved,46.0,136.0,User17,,
1490174754585,Mouse Moved,45.0,135.0,User17,,
1490174754630,Mouse Moved,41.0,129.0,User17,,
1490174754631,Mouse Moved,39.0,126.0,User17,,
1490174754632,Mouse Moved,38.0,123.0,User17,,
1490174754641,Mouse Moved,37.0,122.0,User17,,
1490174754654,Mouse Moved,36.0,118.0,User17,,
1490174754677,Mouse Moved,34.0,115.0,User17,,
1490174754687,Mouse Moved,33.0,112.0,User17,,
1490174754707,Mouse Moved,33.0,111.0,User17,,
1490174754707,Mouse Moved,32.0,110.0,User17,,
1490174754736,Mouse Moved,32.0,109.0,User17,,
1490174754746,Mouse Moved,32.0,106.0,User17,,
1490174754766,Mouse Moved,30.0,102.0,User17,,
1490174754773,Mouse Moved,30.0,101.0,User17,,
1490174754805,Mouse Moved,29.0,99.0,User17,,
1490174755062,Mouse Moved,29.0,105.0,User17,,
1490174755062,Mouse Moved,31.0,115.0,User17,,
1490174755076,Mouse Moved,33.0,127.0,User17,,
1490174755078,Mouse Moved,33.0,133.0,User17,,
1490174755098,Mouse Moved,36.0,159.0,User17,,
1490174755109,Mouse Moved,38.0,173.0,User17,,
1490174755128,Mouse Moved,40.0,182.0,User17,,
1490174755130,Mouse Moved,42.0,191.0,User17,,
1490174755131,Mouse Moved,44.0,205.0,User17,,
1490174755138,Mouse Moved,46.0,216.0,User17,,
1490174755153,Mouse Moved,48.0,225.0,User17,,
1490174755154,Mouse Moved,48.0,229.0,User17,,
1490174755167,Mouse Moved,49.0,234.0,User17,,
1490174755168,Mouse Moved,49.0,238.0,User17,,
1490174755190,Mouse Moved,50.0,239.0,User17,,
1490174755400,Mouse Moved,53.0,239.0,User17,,
1490174755430,Mouse Moved,57.0,236.0,User17,,
1490174755430,Mouse Moved,66.0,231.0,User17,,
1490174755440,Mouse Moved,67.0,230.0,User17,,
1490174755453,Mouse Moved,73.0,226.0,User17,,
1490174755453,Mouse Moved,78.0,221.0,User17,,
1490174755470,Mouse Moved,81.0,218.0,User17,,
1490174755470,Mouse Moved,86.0,215.0,User17,,
1490174755486,Mouse Moved,90.0,210.0,User17,,
1490174755486,Mouse Moved,91.0,209.0,User17,,
1490174755509,Mouse Moved,93.0,208.0,User17,,
1490174755509,Mouse Moved,94.0,207.0,User17,,
1490174755517,Mouse Moved,95.0,205.0,User17,,
1490174755538,Mouse Moved,95.0,204.0,User17,,
1490174755704,Mouse Moved,96.0,203.0,User17,,
1490174755717,Mouse Moved,97.0,198.0,User17,,
1490174755726,Mouse Moved,99.0,195.0,User17,,
1490174755727,Mouse Moved,99.0,194.0,User17,,
1490174755746,Mouse Moved,100.0,193.0,User17,,
1490174755756,Mouse Moved,100.0,190.0,User17,,
1490174755757,Mouse Moved,100.0,189.0,User17,,
1490174755778,Mouse Moved,101.0,188.0,User17,,
1490174755812,Mouse Moved,101.0,187.0,User17,,
1490174755812,Mouse Moved,101.0,185.0,User17,,
1490174755842,Mouse Moved,101.0,184.0,User17,,
1490174755851,Mouse Moved,101.0,183.0,User17,,
1490174755855,Mouse Moved,101.0,184.0,User17,,
1490174755857,Mouse Moved,101.0,184.0,User17,,
1490174755858,Mouse Button.left Pressed,101.0,184.0,User17,,
1490174755957,Mouse Moved,101.0,184.0,User17,,
1490174755960,Mouse Button.left Released,101.0,184.0,User17,,
1490174756315,Mouse Moved,104.0,183.0,User17,,
1490174756331,Mouse Moved,112.0,183.0,User17,,
1490174756332,Mouse Moved,116.0,185.0,User17,,
1490174756345,Mouse Moved,129.0,186.0,User17,,
1490174756345,Mouse Moved,143.0,190.0,User17,,
1490174756359,Mouse Moved,158.0,192.0,User17,,
1490174756361,Mouse Moved,180.0,199.0,User17,,
1490174756375,Mouse Moved,197.0,203.0,User17,,
1490174756375,Mouse Moved,214.0,208.0,User17,,
1490174756391,Mouse Moved,236.0,212.0,User17,,
1490174756391,Mouse Moved,253.0,216.0,User17,,
1490174756404,Mouse Moved,270.0,221.0,User17,,
1490174756405,Mouse Moved,290.0,225.0,User17,,
1490174756420,Mouse Moved,307.0,229.0,User17,,
1490174756421,Mouse Moved,318.0,233.0,User17,,
1490174756434,Mouse Moved,330.0,238.0,User17,,
1490174756450,Mouse Moved,334.0,240.0,User17,,
1490174756463,Mouse Moved,335.0,240.0,User17,,
1490174756602,Mouse Moved,335.0,241.0,User17,,
1490174756630,Mouse Moved,335.0,243.0,User17,,
1490174756645,Mouse Moved,335.0,248.0,User17,,
1490174756667,Mouse Moved,335.0,251.0,User17,,
1490174756667,Mouse Moved,335.0,252.0,User17,,
1490174756680,Mouse Moved,335.0,255.0,User17,,
1490174756698,Mouse Moved,335.0,256.0,User17,,
1490174756710,Mouse Moved,335.0,258.0,User17,,
1490174756724,Mouse Moved,334.0,259.0,User17,,
1490174756755,Mouse Moved,334.0,262.0,User17,,
1490174756756,Mouse Moved,334.0,263.0,User17,,
1490174756788,Mouse Moved,334.0,266.0,User17,,
1490174756798,Mouse Moved,333.0,267.0,User17,,
1490174756825,Mouse Moved,333.0,268.0,User17,,
1490174756848,Mouse Moved,333.0,269.0,User17,,
1490174756855,Mouse Moved,333.0,270.0,User17,,
1490174756901,Mouse Moved,333.0,271.0,User17,,
1490174756937,Mouse Moved,333.0,273.0,User17,,
1490174756976,Mouse Moved,332.0,273.0,User17,,
1490174757006,Mouse Moved,332.0,274.0,User17,,
1490174757029,Mouse Moved,332.0,275.0,User17,,
1490174757039,Mouse Moved,332.0,276.0,User17,,
1490174757056,Mouse Moved,331.0,279.0,User17,,
1490174757065,Mouse Moved,329.0,281.0,User17,,
1490174757091,Mouse Moved,326.0,284.0,User17,,
1490174757095,Mouse Moved,326.0,287.0,User17,,
1490174757101,Mouse Moved,325.0,288.0,User17,,
1490174757121,Mouse Moved,324.0,289.0,User17,,
1490174757128,Mouse Moved,324.0,290.0,User17,,
1490174757165,Mouse Moved,324.0,290.0,User17,,
1490174757167,Mouse Button.left Pressed,324.0,290.0,User17,,
1490174757250,Mouse Moved,324.0,290.0,User17,,
1490174757355,Mouse Moved,323.0,290.0,User17,,
1490174757371,Mouse Moved,314.0,290.0,User17,,
1490174757371,Mouse Moved,308.0,290.0,User17,,
1490174757391,Mouse Moved,297.0,290.0,User17,,
1490174757392,Mouse Moved,283.0,290.0,User17,,
1490174757401,Mouse Moved,266.0,286.0,User17,,
1490174757403,Mouse Moved,244.0,282.0,User17,,
1490174757424,Mouse Moved,222.0,277.0,User17,,
1490174757426,Mouse Moved,202.0,271.0,User17,,
1490174757431,Mouse Moved,185.0,264.0,User17,,
1490174757433,Mouse Moved,173.0,258.0,User17,,
1490174757446,Mouse Moved,166.0,255.0,User17,,
1490174757460,Mouse Moved,157.0,250.0,User17,,
1490174757476,Mouse Moved,154.0,249.0,User17,,
1490174757476,Mouse Moved,153.0,248.0,User17,,
1490174757490,Mouse Moved,152.0,247.0,User17,,
1490174757493,Mouse Moved,149.0,244.0,User17,,
1490174757505,Mouse Moved,148.0,243.0,User17,,
1490174757506,Mouse Moved,146.0,242.0,User17,,
1490174757520,Mouse Moved,144.0,240.0,User17,,
1490174757542,Mouse Moved,142.0,239.0,User17,,
1490174757542,Mouse Moved,141.0,238.0,User17,,
1490174757565,Mouse Moved,140.0,238.0,User17,,
1490174757586,Mouse Moved,136.0,235.0,User17,,
1490174757596,Mouse Moved,131.0,234.0,User17,,
1490174757615,Mouse Moved,125.0,230.0,User17,,
1490174757617,Mouse Moved,123.0,229.0,User17,,
1490174757618,Mouse Moved,121.0,229.0,User17,,
1490174757628,Mouse Moved,120.0,228.0,User17,,
1490174757648,Mouse Moved,120.0,227.0,User17,,
1490174757671,Mouse Moved,119.0,227.0,User17,,
1490174757691,Mouse Moved,119.0,226.0,User17,,
1490174757701,Mouse Moved,117.0,225.0,User17,,
1490174757717,Mouse Moved,116.0,222.0,User17,,
1490174757736,Mouse Moved,115.0,221.0,User17,,
1490174757760,Mouse Moved,114.0,220.0,User17,,
1490174757782,Mouse Moved,113.0,219.0,User17,,
1490174757790,Mouse Moved,111.0,216.0,User17,,
1490174757821,Mouse Moved,110.0,213.0,User17,,
1490174757835,Mouse Moved,110.0,212.0,User17,,
1490174757851,Mouse Moved,109.0,212.0,User17,,
1490174757960,Mouse Moved,109.0,213.0,User17,,
1490174757961,Mouse Button.left Pressed,109.0,213.0,User17,,
1490174758013,Mouse Moved,109.0,213.0,User17,,
1490174758015,Mouse Button.left Released,109.0,213.0,User17,,
1490174758582,Mouse Moved,109.0,211.0,User17,,
1490174758609,Mouse Moved,113.0,211.0,User17,,
1490174758611,Mouse Moved,119.0,209.0,User17,,
1490174758631,Mouse Moved,128.0,208.0,User17,,
1490174758632,Mouse Moved,137.0,206.0,User17,,
1490174758634,Mouse Moved,151.0,204.0,User17,,
1490174758641,Mouse Moved,165.0,204.0,User17,,
1490174758655,Mouse Moved,181.0,204.0,User17,,
1490174758657,Mouse Moved,200.0,206.0,User17,,
1490174758677,Mouse Moved,222.0,208.0,User17,,
1490174758678,Mouse Moved,244.0,210.0,User17,,
1490174758678,Mouse Moved,264.0,212.0,User17,,
1490174758691,Mouse Moved,286.0,215.0,User17,,
1490174758693,Mouse Moved,305.0,217.0,User17,,
1490174758701,Mouse Moved,322.0,219.0,User17,,
1490174758721,Mouse Moved,333.0,219.0,User17,,
1490174758723,Mouse Moved,344.0,219.0,User17,,
1490174758723,Mouse Moved,347.0,220.0,User17,,
1490174758734,Mouse Moved,348.0,220.0,User17,,
1490174758921,Mouse Moved,349.0,220.0,User17,,
1490174758933,Mouse Moved,353.0,216.0,User17,,
1490174758951,Mouse Moved,356.0,213.0,User17,,
1490174758953,Mouse Moved,358.0,210.0,User17,,
1490174758953,Mouse Moved,360.0,209.0,User17,,
1490174758982,Mouse Moved,362.0,208.0,User17,,
1490174758983,Mouse Moved,363.0,207.0,User17,,
1490174759006,Mouse Moved,364.0,206.0,User17,,
1490174759045,Mouse Moved,364.0,204.0,User17,,
1490174759046,Mouse Moved,363.0,205.0,User17,,
1490174759048,Mouse Button.left Pressed,363.0,205.0,User17,,
1490174759144,Mouse Moved,363.0,205.0,User17,,
1490174759278,Mouse Moved,363.0,208.0,User17,,
1490174759290,Mouse Moved,360.0,211.0,User17,,
1490174759308,Mouse Moved,358.0,214.0,User17,,
1490174759309,Mouse Moved,355.0,221.0,User17,,
1490174759328,Mouse Moved,354.0,223.0,User17,,
1490174759328,Mouse Moved,351.0,228.0,User17,,
1490174759338,Mouse Moved,349.0,231.0,User17,,
1490174759338,Mouse Moved,348.0,235.0,User17,,
1490174759358,Mouse Moved,346.0,238.0,User17,,
1490174759358,Mouse Moved,346.0,239.0,User17,,
1490174759367,Mouse Moved,345.0,242.0,User17,,
1490174759381,Mouse Moved,344.0,244.0,User17,,
1490174759397,Mouse Moved,344.0,245.0,User17,,
1490174759411,Mouse Moved,343.0,245.0,User17,,
1490174759427,Mouse Moved,343.0,247.0,User17,,
1490174759453,Mouse Moved,343.0,246.0,User17,,
1490174759456,Mouse Moved,343.0,246.0,User17,,
1490174759556,Mouse Moved,343.0,246.0,User17,,
1490174759558,Mouse Button.left Released,343.0,246.0,User17,,
1490174759644,Mouse Moved,343.0,248.0,User17,,
1490174759664,Mouse Moved,341.0,250.0,User17,,
1490174759673,Mouse Moved,341.0,251.0,User17,,
1490174759674,Mouse Moved,340.0,253.0,User17,,
1490174759687,Mouse Moved,339.0,254.0,User17,,
1490174759700,Mouse Moved,338.0,255.0,User17,,
1490174759701,Mouse Moved,337.0,257.0,User17,,
1490174759723,Mouse Moved,335.0,259.0,User17,,
1490174759733,Mouse Moved,334.0,261.0,User17,,
1490174759752,Mouse Moved,333.0,262.0,User17,,
1490174759763,Mouse Moved,332.0,265.0,User17,,
1490174759782,Mouse Moved,330.0,268.0,User17,,
1490174759789,Mouse Moved,329.0,269.0,User17,,
1490174759828,Mouse Moved,328.0,269.0,User17,,
1490174759851,Mouse Moved,328.0,269.0,User17,,
1490174759852,Mouse Button.left Pressed,328.0,269.0,User17,,
1490174759953,Mouse Moved,328.0,269.0,User17,,
1490174759954,Mouse Button.left Released,328.0,269.0,User17,,
1490174760022,Mouse Moved,328.0,270.0,User17,,
1490174760032,Mouse Moved,328.0,271.0,User17,,
1490174760052,Mouse Moved,325.0,277.0,User17,,
1490174760062,Mouse Moved,325.0,278.0,User17,,
1490174760078,Mouse Moved,324.0,281.0,User17,,
1490174760078,Mouse Moved,322.0,283.0,User17,,
1490174760091,Mouse Moved,322.0,285.0,User17,,
1490174760105,Mouse Moved,321.0,287.0,User17,,
1490174760107,Mouse Moved,320.0,288.0,User17,,
1490174760121,Mouse Moved,319.0,291.0,User17,,
1490174760121,Mouse Moved,317.0,294.0,User17,,
1490174760145,Mouse Moved,316.0,296.0,User17,,
1490174760147,Mouse Moved,315.0,298.0,User17,,
1490174760147,Mouse Moved,315.0,300.0,User17,,
1490174760153,Mouse Moved,314.0,301.0,User17,,
1490174760173,Mouse Moved,312.0,302.0,User17,,
1490174760174,Mouse Moved,312.0,305.0,User17,,
1490174760203,Mouse Moved,311.0,306.0,User17,,
1490174760227,Mouse Moved,310.0,307.0,User17,,
1490174760247,Mouse Moved,309.0,308.0,User17,,
1490174760279,Mouse Moved,310.0,308.0,User17,,
1490174760280,Mouse Moved,310.0,308.0,User17,,
1490174760282,Mouse Button.left Pressed,310.0,308.0,User17,,
1490174760375,Mouse Moved,310.0,308.0,User17,,
1490174760377,Mouse Button.left Released,310.0,308.0,User17,,
1490174760687,Mouse Moved,306.0,310.0,User17,,
1490174760688,Mouse Moved,302.0,310.0,User17,,
1490174760690,Mouse Moved,301.0,310.0,User17,,
1490174760697,Mouse Moved,295.0,310.0,User17,,
1490174760717,Mouse Moved,285.0,310.0,User17,,
1490174760717,Mouse Moved,280.0,308.0,User17,,
1490174760719,Mouse Moved,272.0,307.0,User17,,
1490174760727,Mouse Moved,260.0,300.0,User17,,
1490174760740,Mouse Moved,251.0,297.0,User17,,
1490174760740,Mouse Moved,242.0,295.0,User17,,
1490174760755,Mouse Moved,233.0,291.0,User17,,
1490174760776,Mouse Moved,228.0,290.0,User17,,
1490174760776,Mouse Moved,224.0,290.0,User17,,
1490174760778,Mouse Moved,219.0,288.0,User17,,
1490174760786,Mouse Moved,215.0,288.0,User17,,
1490174760805,Mouse Moved,212.0,288.0,User17,,
1490174760815,Mouse Moved,211.0,287.0,User17,,
1490174760832,Mouse Moved,210.0,287.0,User17,,
1490174760884,Mouse Moved,209.0,287.0,User17,,
1490174760894,Mouse Moved,208.0,287.0,User17,,
1490174760914,Mouse Moved,207.0,287.0,User17,,
1490174760938,Mouse Moved,203.0,287.0,User17,,
1490174760953,Mouse Moved,187.0,282.0,User17,,
1490174760976,Mouse Moved,163.0,275.0,User17,,
1490174760986,Mouse Moved,151.0,269.0,User17,,
1490174761006,Mouse Moved,142.0,265.0,User17,,
1490174761007,Mouse Moved,132.0,262.0,User17,,
1490174761009,Mouse Moved,123.0,258.0,User17,,
1490174761016,Mouse Moved,119.0,255.0,User17,,
1490174761030,Mouse Moved,112.0,252.0,User17,,
1490174761032,Mouse Moved,109.0,250.0,User17,,
1490174761051,Mouse Moved,108.0,249.0,User17,,
1490174761052,Mouse Moved,107.0,248.0,User17,,
1490174761062,Mouse Moved,106.0,247.0,User17,,
1490174761075,Mouse Moved,105.0,245.0,User17,,
1490174761099,Mouse Moved,102.0,243.0,User17,,
1490174761101,Mouse Moved,101.0,240.0,User17,,
1490174761128,Mouse Moved,99.0,239.0,User17,,
1490174761140,Mouse Moved,99.0,236.0,User17,,
1490174761154,Mouse Moved,98.0,235.0,User17,,
1490174761174,Mouse Moved,97.0,233.0,User17,,
1490174761203,Mouse Moved,97.0,231.0,User17,,
1490174761213,Mouse Moved,97.0,230.0,User17,,
1490174761233,Mouse Moved,97.0,229.0,User17,,
1490174761259,Mouse Moved,96.0,228.0,User17,,
1490174761282,Mouse Moved,96.0,227.0,User17,,
1490174761290,Mouse Moved,94.0,224.0,User17,,
1490174761306,Mouse Moved,93.0,220.0,User17,,
1490174761319,Mouse Moved,92.0,219.0,User17,,
1490174761335,Mouse Moved,91.0,216.0,User17,,
1490174761335,Mouse Moved,89.0,215.0,User17,,
1490174761348,Mouse Moved,88.0,212.0,User17,,
1490174761365,Mouse Moved,88.0,210.0,User17,,
1490174761365,Mouse Moved,87.0,209.0,User17,,
1490174761384,Mouse Moved,86.0,206.0,User17,,
1490174761394,Mouse Moved,84.0,203.0,User17,,
1490174761394,Mouse Moved,83.0,200.0,User17,,
1490174761414,Mouse Moved,82.0,199.0,User17,,
1490174761424,Mouse Moved,82.0,197.0,User17,,
1490174761424,Mouse Moved,80.0,194.0,User17,,
1490174761444,Mouse Moved,79.0,193.0,User17,,
1490174761444,Mouse Moved,79.0,190.0,User17,,
1490174761463,Mouse Moved,79.0,189.0,User17,,
1490174761470,Mouse Moved,78.0,188.0,User17,,
1490174761492,Mouse Moved,78.0,185.0,User17,,
1490174761515,Mouse Moved,78.0,183.0,User17,,
1490174761529,Mouse Moved,77.0,180.0,User17,,
1490174761543,Mouse Moved,77.0,179.0,User17,,
1490174761545,Mouse Moved,77.0,176.0,User17,,
1490174761561,Mouse Moved,77.0,175.0,User17,,
1490174761581,Mouse Moved,77.0,173.0,User17,,
1490174761611,Mouse Moved,77.0,172.0,User17,,
1490174761621,Mouse Moved,75.0,169.0,User17,,
1490174761641,Mouse Moved,75.0,166.0,User17,,
1490174761665,Mouse Moved,75.0,164.0,User17,,
1490174761680,Mouse Moved,75.0,163.0,User17,,
1490174761701,Mouse Moved,75.0,161.0,User17,,
1490174761891,Mouse Moved,74.0,161.0,User17,,
1490174761892,Mouse Moved,71.0,169.0,User17,,
1490174761907,Mouse Moved,70.0,172.0,User17,,
1490174761907,Mouse Moved,68.0,180.0,User17,,
1490174761923,Mouse Moved,66.0,185.0,User17,,
1490174761924,Mouse Moved,65.0,193.0,User17,,
1490174761937,Mouse Moved,63.0,202.0,User17,,
1490174761937,Mouse Moved,62.0,207.0,User17,,
1490174761950,Mouse Moved,62.0,211.0,User17,,
1490174761951,Mouse Moved,62.0,217.0,User17,,
1490174761971,Mouse Moved,62.0,221.0,User17,,
1490174761973,Mouse Moved,62.0,223.0,User17,,
1490174761973,Mouse Moved,60.0,227.0,User17,,
1490174761982,Mouse Moved,60.0,229.0,User17,,
1490174761996,Mouse Moved,60.0,234.0,User17,,
1490174761996,Mouse Moved,59.0,236.0,User17,,
1490174762010,Mouse Moved,59.0,243.0,User17,,
1490174762012,Mouse Moved,57.0,247.0,User17,,
1490174762026,Mouse Moved,56.0,252.0,User17,,
1490174762026,Mouse Moved,54.0,256.0,User17,,
1490174762040,Mouse Moved,54.0,257.0,User17,,
1490174762042,Mouse Moved,54.0,260.0,User17,,
1490174762056,Mouse Moved,53.0,261.0,User17,,
1490174762076,Mouse Moved,53.0,262.0,User17,,
1490174762092,Mouse Moved,52.0,265.0,User17,,
1490174762101,Mouse Moved,52.0,266.0,User17,,
1490174762145,Mouse Moved,52.0,267.0,User17,,
1490174762243,Mouse Moved,52.0,268.0,User17,,
1490174762312,Mouse Moved,52.0,268.0,User17,,
1490174762414,Mouse Moved,52.0,268.0,User17,,
1490174762891,Mouse Moved,57.0,265.0,User17,,
1490174763292,Mouse Moved,85.0,250.0,User17,,
1490174763293,Mouse Moved,112.0,235.0,User17,,
1490174763295,Mouse Moved,158.0,216.0,User17,,
1490174763295,Mouse Moved,175.0,214.0,User17,,
1490174763296,Mouse Moved,227.0,210.0,User17,,
1490174763296,Mouse Moved,244.0,210.0,User17,,
1490174763298,Mouse Moved,274.0,210.0,User17,,
1490174763298,Mouse Moved,296.0,210.0,User17,,
1490174763299,Mouse Moved,305.0,210.0,User17,,
1490174763299,Mouse Moved,307.0,210.0,User17,,
1490174763301,Mouse Moved,309.0,210.0,User17,,
1490174763851,Mouse Moved,310.0,212.0,User17,,
1490174763871,Mouse Moved,315.0,215.0,User17,,
1490174763872,Mouse Moved,321.0,221.0,User17,,
1490174763882,Mouse Moved,325.0,230.0,User17,,
1490174763901,Mouse Moved,332.0,235.0,User17,,
1490174763911,Mouse Moved,339.0,213.0,User17,,
1490174763911,Mouse Moved,339.0,212.0,User17,,
1490174763926,Mouse Moved,340.0,206.0,User17,,
1490174763927,Mouse Moved,343.0,206.0,User17,,
1490174763947,Mouse Moved,349.0,206.0,User17,,
1490174763948,Mouse Moved,355.0,203.0,User17,,
1490174763957,Mouse Moved,360.0,200.0,User17,,
1490174763957,Mouse Moved,363.0,195.0,User17,,
1490174763976,Mouse Moved,364.0,194.0,User17,,
1490174763977,Mouse Moved,364.0,193.0,User17,,
1490174763986,Mouse Moved,364.0,192.0,User17,,
1490174764035,Mouse Moved,363.0,182.0,User17,,
1490174764036,Mouse Moved,361.0,180.0,User17,,
1490174764036,Mouse Moved,360.0,184.0,User17,,
1490174764055,Mouse Moved,357.0,178.0,User17,,
1490174764055,Mouse Moved,353.0,168.0,User17,,
1490174764065,Mouse Moved,351.0,164.0,User17,,
1490174764065,Mouse Moved,350.0,159.0,User17,,
1490174764078,Mouse Moved,345.0,156.0,User17,,
1490174764094,Mouse Moved,328.0,155.0,User17,,
1490174764108,Mouse Moved,297.0,151.0,User17,,
1490174764124,Mouse Moved,258.0,142.0,User17,,
1490174764138,Mouse Moved,236.0,137.0,User17,,
1490174764138,Mouse Moved,211.0,131.0,User17,,
1490174764154,Mouse Moved,188.0,122.0,User17,,
1490174764154,Mouse Moved,163.0,115.0,User17,,
1490174764167,Mouse Moved,141.0,110.0,User17,,
1490174764167,Mouse Moved,121.0,106.0,User17,,
1490174764183,Mouse Moved,104.0,102.0,User17,,
1490174764198,Mouse Moved,93.0,98.0,User17,,
1490174764200,Mouse Moved,86.0,94.0,User17,,
1490174764200,Mouse Moved,81.0,94.0,User17,,
1490174764213,Mouse Moved,80.0,93.0,User17,,
1490174764214,Mouse Moved,78.0,93.0,User17,,
1490174764227,Mouse Moved,77.0,93.0,User17,,
1490174764243,Mouse Moved,75.0,93.0,User17,,
1490174764257,Mouse Moved,73.0,93.0,User17,,
1490174764273,Mouse Moved,70.0,95.0,User17,,
1490174764288,Mouse Moved,66.0,95.0,User17,,
1490174764302,Mouse Moved,63.0,96.0,User17,,
1490174764303,Mouse Moved,58.0,98.0,User17,,
1490174764319,Mouse Moved,56.0,98.0,User17,,
1490174764319,Mouse Moved,55.0,98.0,User17,,
1490174764332,Mouse Moved,54.0,98.0,User17,,
1490174764378,Mouse Moved,52.0,99.0,User17,,
1490174764392,Mouse Moved,43.0,102.0,User17,,
1490174764410,Mouse Moved,42.0,103.0,User17,,
1490174764411,Mouse Moved,39.0,103.0,User17,,
1490174764423,Mouse Moved,38.0,103.0,User17,,
1490174764437,Mouse Moved,36.0,103.0,User17,,
1490174764578,Mouse Moved,36.0,103.0,User17,,
1490174764579,Mouse Button.left Pressed,36.0,103.0,User17,,
1490174764673,Mouse Moved,36.0,103.0,User17,,
1490174764674,Mouse Button.left Released,36.0,103.0,User17,,
1490174765151,Mouse Moved,36.0,104.0,User17,,
1490174765165,Mouse Moved,36.0,110.0,User17,,
1490174765188,Mouse Moved,44.0,127.0,User17,,
1490174765190,Mouse Moved,55.0,150.0,User17,,
1490174765190,Mouse Moved,64.0,170.0,User17,,
1490174765197,Mouse Moved,77.0,190.0,User17,,
1490174765217,Mouse Moved,86.0,202.0,User17,,
1490174765217,Mouse Moved,93.0,212.0,User17,,
1490174765226,Mouse Moved,101.0,222.0,User17,,
1490174765227,Mouse Moved,109.0,230.0,User17,,
1490174765246,Mouse Moved,116.0,235.0,User17,,
1490174765247,Mouse Moved,121.0,240.0,User17,,
1490174765256,Mouse Moved,125.0,243.0,User17,,
1490174765257,Mouse Moved,130.0,244.0,User17,,
1490174765273,Mouse Moved,134.0,247.0,User17,,
1490174765273,Mouse Moved,135.0,247.0,User17,,
1490174765292,Mouse Moved,137.0,247.0,User17,,
1490174765322,Mouse Moved,138.0,247.0,User17,,
1490174765323,Mouse Moved,139.0,247.0,User17,,
1490174765394,Mouse Moved,140.0,247.0,User17,,
1490174765411,Mouse Moved,141.0,247.0,User17,,
1490174765421,Mouse Moved,142.0,247.0,User17,,
1490174765638,Mouse Moved,144.0,247.0,User17,,
1490174765641,Mouse Moved,145.0,247.0,User17,,
1490174765677,Mouse Moved,147.0,249.0,User17,,
1490174765697,Mouse Moved,150.0,250.0,User17,,
1490174765698,Mouse Moved,153.0,251.0,User17,,
1490174765710,Mouse Moved,156.0,253.0,User17,,
1490174765720,Mouse Moved,162.0,256.0,User17,,
1490174765737,Mouse Moved,165.0,257.0,User17,,
1490174765753,Mouse Moved,170.0,260.0,User17,,
1490174765755,Mouse Moved,172.0,262.0,User17,,
1490174765766,Mouse Moved,174.0,263.0,User17,,
1490174765767,Mouse Moved,175.0,263.0,User17,,
1490174765790,Mouse Moved,177.0,264.0,User17,,
1490174765792,Mouse Moved,179.0,265.0,User17,,
1490174765805,Mouse Moved,181.0,267.0,User17,,
1490174765821,Mouse Moved,184.0,268.0,User17,,
1490174765831,Mouse Moved,185.0,271.0,User17,,
1490174765844,Mouse Moved,188.0,274.0,User17,,
1490174765859,Mouse Moved,190.0,277.0,User17,,
1490174765861,Mouse Moved,191.0,279.0,User17,,
1490174765881,Mouse Moved,193.0,284.0,User17,,
1490174765881,Mouse Moved,193.0,287.0,User17,,
1490174765882,Mouse Moved,194.0,288.0,User17,,
1490174765891,Mouse Moved,194.0,289.0,User17,,
1490174765911,Mouse Moved,194.0,290.0,User17,,
1490174765940,Mouse Moved,195.0,291.0,User17,,
1490174765980,Mouse Moved,195.0,292.0,User17,,
1490174766019,Mouse Moved,195.0,294.0,User17,,
1490174766049,Mouse Moved,195.0,295.0,User17,,
1490174766086,Mouse Moved,194.0,296.0,User17,,
1490174766111,Mouse Moved,190.0,299.0,User17,,
1490174766119,Mouse Moved,187.0,302.0,User17,,
1490174766140,Mouse Moved,186.0,303.0,User17,,
1490174766140,Mouse Moved,184.0,304.0,User17,,
1490174766170,Mouse Moved,183.0,305.0,User17,,
1490174766186,Mouse Moved,182.0,305.0,User17,,
1490174766194,Mouse Moved,181.0,306.0,User17,,
1490174766519,Mouse Moved,180.0,307.0,User17,,
1490174766586,Mouse Moved,179.0,308.0,User17,,
1490174766601,Mouse Moved,177.0,308.0,User17,,
1490174766624,Mouse Moved,176.0,310.0,User17,,
1490174766654,Mouse Moved,175.0,311.0,User17,,
1490174766654,Mouse Moved,174.0,311.0,User17,,
1490174766684,Mouse Moved,173.0,312.0,User17,,
1490174766694,Mouse Moved,170.0,313.0,User17,,
1490174766729,Mouse Moved,167.0,315.0,User17,,
1490174766730,Mouse Moved,165.0,316.0,User17,,
1490174766812,Mouse Moved,163.0,316.0,User17,,
1490174766835,Mouse Moved,159.0,319.0,User17,,
1490174766835,Mouse Moved,157.0,320.0,User17,,
1490174766842,Mouse Moved,155.0,320.0,User17,,
1490174766862,Mouse Moved,154.0,321.0,User17,,
1490174766864,Mouse Moved,153.0,321.0,User17,,
1490174766894,Mouse Moved,152.0,321.0,User17,,
1490174766895,Mouse Moved,148.0,323.0,User17,,
1490174766897,Mouse Moved,145.0,323.0,User17,,
1490174766903,Mouse Moved,144.0,324.0,User17,,
1490174766917,Mouse Moved,142.0,324.0,User17,,
1490174766917,Mouse Moved,140.0,324.0,User17,,
1490174766938,Mouse Moved,138.0,324.0,User17,,
1490174766957,Mouse Moved,137.0,324.0,User17,,
1490174766957,Mouse Moved,136.0,324.0,User17,,
1490174766996,Mouse Moved,135.0,324.0,User17,,
1490174767049,Mouse Moved,132.0,324.0,User17,,
1490174767072,Mouse Moved,126.0,324.0,User17,,
1490174767088,Mouse Moved,123.0,322.0,User17,,
1490174767089,Mouse Moved,119.0,321.0,User17,,
1490174767109,Mouse Moved,116.0,320.0,User17,,
1490174767111,Mouse Moved,111.0,315.0,User17,,
1490174767118,Mouse Moved,104.0,311.0,User17,,
1490174767119,Mouse Moved,100.0,307.0,User17,,
1490174767134,Mouse Moved,95.0,304.0,User17,,
1490174767157,Mouse Moved,92.0,301.0,User17,,
1490174767158,Mouse Moved,88.0,298.0,User17,,
1490174767160,Mouse Moved,83.0,295.0,User17,,
1490174767161,Mouse Moved,82.0,295.0,User17,,
1490174767187,Mouse Moved,81.0,293.0,User17,,
1490174767188,Mouse Moved,79.0,292.0,User17,,
1490174767211,Mouse Moved,78.0,291.0,User17,,
1490174767226,Mouse Moved,77.0,290.0,User17,,
1490174767483,Mouse Moved,76.0,292.0,User17,,
1490174767512,Mouse Moved,74.0,295.0,User17,,
1490174767533,Mouse Moved,73.0,296.0,User17,,
1490174767563,Mouse Moved,73.0,298.0,User17,,
1490174767594,Mouse Moved,73.0,299.0,User17,,
1490174767619,Mouse Moved,72.0,300.0,User17,,
1490174767667,Mouse Moved,72.0,301.0,User17,,
1490174767881,Mouse Moved,72.0,302.0,User17,,
1490174768826,Mouse Moved,73.0,302.0,User17,,
1490174768828,Mouse Moved,79.0,299.0,User17,,
1490174768828,Mouse Moved,82.0,298.0,User17,,
1490174768829,Mouse Moved,85.0,297.0,User17,,
1490174768831,Mouse Moved,86.0,295.0,User17,,
1490174768832,Mouse Moved,88.0,294.0,User17,,
1490174768832,Mouse Moved,95.0,291.0,User17,,
1490174768844,Mouse Moved,100.0,287.0,User17,,
1490174768846,Mouse Moved,103.0,286.0,User17,,
1490174768848,Mouse Moved,112.0,282.0,User17,,
1490174768848,Mouse Moved,114.0,279.0,User17,,
1490174768848,Mouse Moved,123.0,274.0,User17,,
1490174768849,Mouse Moved,130.0,269.0,User17,,
1490174768851,Mouse Moved,142.0,258.0,User17,,
1490174768851,Mouse Moved,147.0,253.0,User17,,
1490174768851,Mouse Moved,159.0,242.0,User17,,
1490174768852,Mouse Moved,162.0,241.0,User17,,
1490174768854,Mouse Moved,171.0,232.0,User17,,
1490174768855,Mouse Moved,172.0,231.0,User17,,
1490174768858,Mouse Moved,173.0,230.0,User17,,
1490174769132,Mouse Moved,175.0,229.0,User17,,
1490174769157,Mouse Moved,175.0,228.0,User17,,
1490174769443,Mouse Moved,175.0,229.0,User17,,
1490174769444,Mouse Moved,173.0,238.0,User17,,
1490174769444,Mouse Moved,171.0,247.0,User17,,
1490174769446,Mouse Moved,171.0,255.0,User17,,
1490174769447,Mouse Moved,171.0,264.0,User17,,
1490174769447,Mouse Moved,171.0,268.0,User17,,
1490174769448,Mouse Moved,171.0,276.0,User17,,
1490174769450,Mouse Moved,171.0,281.0,User17,,
1490174769450,Mouse Moved,171.0,289.0,User17,,
1490174769450,Mouse Moved,171.0,293.0,User17,,
1490174769451,Mouse Moved,171.0,298.0,User17,,
1490174769453,Mouse Moved,172.0,299.0,User17,,
1490174769453,Mouse Moved,172.0,301.0,User17,,
1490174769453,Mouse Moved,172.0,302.0,User17,,
1490174769456,Mouse Moved,172.0,305.0,User17,,
1490174769457,Mouse Moved,172.0,307.0,User17,,
1490174769457,Mouse Moved,172.0,310.0,User17,,
1490174769457,Mouse Moved,172.0,311.0,User17,,
1490174769459,Mouse Moved,172.0,315.0,User17,,
1490174769460,Mouse Moved,172.0,318.0,User17,,
1490174769460,Mouse Moved,172.0,319.0,User17,,
1490174769460,Mouse Moved,172.0,321.0,User17,,
1490174769461,Mouse Moved,172.0,323.0,User17,,
1490174769463,Mouse Moved,172.0,324.0,User17,,
1490174769658,Mouse Moved,172.0,326.0,User17,,
1490174769660,Mouse Moved,172.0,327.0,User17,,
1490174769661,Mouse Moved,172.0,329.0,User17,,
1490174769661,Mouse Moved,172.0,331.0,User17,,
1490174769663,Mouse Moved,171.0,332.0,User17,,
1490174769664,Mouse Moved,171.0,335.0,User17,,
1490174769759,Mouse Moved,172.0,334.0,User17,,
1490174769760,Mouse Button.left Pressed,172.0,334.0,User17,,
1490174769766,Mouse Moved,172.0,334.0,User17,,
1490174770644,Mouse Moved,176.0,335.0,User17,,
1490174770664,Mouse Moved,189.0,344.0,User17,,
1490174770664,Mouse Moved,201.0,352.0,User17,,
1490174770674,Mouse Moved,214.0,365.0,User17,,
1490174770694,Mouse Moved,275.0,472.0,User17,,
1490174770703,Mouse Moved,293.0,549.0,User17,,
1490174770719,Mouse Moved,316.0,726.0,User17,,
1490174775490,Mouse Moved,638.0,761.0,User17,,
1490174775506,Mouse Moved,660.0,755.0,User17,,
1490174775506,Mouse Moved,677.0,751.0,User17,,
1490174775520,Mouse Moved,689.0,747.0,User17,,
1490174775522,Mouse Moved,701.0,743.0,User17,,
1490174775542,Mouse Moved,715.0,741.0,User17,,
1490174775543,Mouse Moved,721.0,739.0,User17,,
1490174775545,Mouse Moved,730.0,737.0,User17,,
1490174775553,Mouse Moved,739.0,737.0,User17,,
1490174775553,Mouse Moved,743.0,736.0,User17,,
1490174775572,Mouse Moved,744.0,736.0,User17,,
1490174775575,Mouse Moved,745.0,736.0,User17,,
1490174775602,Mouse Moved,747.0,736.0,User17,,
1490174775618,Mouse Moved,748.0,736.0,User17,,
1490174775628,Mouse Moved,755.0,736.0,User17,,
1490174775648,Mouse Moved,763.0,736.0,User17,,
1490174776426,Mouse Moved,764.0,750.0,User17,,
1490174776591,Mouse Moved,763.0,750.0,User17,,
1490174776687,Mouse Moved,762.0,750.0,User17,,
1490174776697,Mouse Moved,761.0,750.0,User17,,
1490174776877,Mouse Moved,761.0,750.0,User17,,
1490174776878,Mouse Button.left Pressed,761.0,750.0,User17,,
1490174776947,Mouse Moved,761.0,750.0,User17,,
1490174777145,Mouse Moved,759.0,750.0,User17,,
1490174777167,Mouse Moved,744.0,743.0,User17,,
1490174777176,Mouse Moved,714.0,724.0,User17,,
1490174777190,Mouse Moved,676.0,697.0,User17,,
1490174777207,Mouse Moved,635.0,660.0,User17,,
1490174777220,Mouse Moved,611.0,641.0,User17,,
1490174777221,Mouse Moved,593.0,623.0,User17,,
1490174777236,Mouse Moved,575.0,605.0,User17,,
1490174777237,Mouse Moved,557.0,590.0,User17,,
1490174777256,Mouse Moved,542.0,577.0,User17,,
1490174777256,Mouse Moved,524.0,559.0,User17,,
1490174777282,Mouse Moved,499.0,537.0,User17,,
1490174777282,Mouse Moved,474.0,514.0,User17,,
1490174777282,Mouse Moved,456.0,498.0,User17,,
1490174777296,Mouse Moved,431.0,474.0,User17,,
1490174777298,Mouse Moved,411.0,453.0,User17,,
1490174777299,Mouse Moved,386.0,428.0,User17,,
1490174777312,Mouse Moved,360.0,402.0,User17,,
1490174777328,Mouse Moved,339.0,381.0,User17,,
1490174777328,Mouse Moved,314.0,356.0,User17,,
1490174777342,Mouse Moved,293.0,336.0,User17,,
1490174777342,Mouse Moved,275.0,318.0,User17,,
1490174777361,Mouse Moved,252.0,299.0,User17,,
1490174777362,Mouse Moved,234.0,281.0,User17,,
1490174777364,Mouse Moved,210.0,262.0,User17,,
1490174777371,Mouse Moved,192.0,248.0,User17,,
1490174777391,Mouse Moved,175.0,237.0,User17,,
1490174777391,Mouse Moved,157.0,226.0,User17,,
1490174777392,Mouse Moved,145.0,220.0,User17,,
1490174777401,Mouse Moved,133.0,212.0,User17,,
1490174777417,Mouse Moved,128.0,207.0,User17,,
1490174777417,Mouse Moved,125.0,204.0,User17,,
1490174777434,Mouse Moved,122.0,203.0,User17,,
1490174777436,Mouse Moved,121.0,202.0,User17,,
1490174777453,Mouse Moved,120.0,199.0,User17,,
1490174777454,Mouse Moved,118.0,197.0,User17,,
1490174777463,Mouse Moved,117.0,194.0,User17,,
1490174777483,Mouse Moved,116.0,193.0,User17,,
1490174777493,Mouse Moved,111.0,187.0,User17,,
1490174777494,Mouse Moved,109.0,184.0,User17,,
1490174777506,Mouse Moved,103.0,177.0,User17,,
1490174777507,Mouse Moved,100.0,170.0,User17,,
1490174777523,Mouse Moved,92.0,160.0,User17,,
1490174777523,Mouse Moved,89.0,151.0,User17,,
1490174777536,Mouse Moved,85.0,147.0,User17,,
1490174777555,Mouse Moved,84.0,142.0,User17,,
1490174777555,Mouse Moved,84.0,138.0,User17,,
1490174777556,Mouse Moved,83.0,137.0,User17,,
1490174777575,Mouse Moved,83.0,134.0,User17,,
1490174777575,Mouse Moved,82.0,133.0,User17,,
1490174777585,Mouse Moved,80.0,127.0,User17,,
1490174777585,Mouse Moved,79.0,125.0,User17,,
1490174777605,Mouse Moved,77.0,120.0,User17,,
1490174777607,Mouse Moved,76.0,114.0,User17,,
1490174777615,Mouse Moved,73.0,109.0,User17,,
1490174777628,Mouse Moved,68.0,98.0,User17,,
1490174777644,Mouse Moved,62.0,87.0,User17,,
1490174777664,Mouse Moved,58.0,82.0,User17,,
1490174777664,Mouse Moved,53.0,73.0,User17,,
1490174777665,Mouse Moved,52.0,69.0,User17,,
1490174777684,Mouse Moved,49.0,64.0,User17,,
1490174777684,Mouse Moved,47.0,63.0,User17,,
1490174777694,Mouse Moved,47.0,62.0,User17,,
1490174777707,Mouse Moved,46.0,61.0,User17,,
1490174777721,Mouse Moved,46.0,59.0,User17,,
1490174777819,Mouse Moved,46.0,58.0,User17,,
1490174777821,Mouse Button.left Pressed,46.0,58.0,User17,,
1490174777897,Mouse Moved,46.0,59.0,User17,,
1490174777898,Mouse Moved,46.0,59.0,User17,,
1490174777967,Mouse Moved,46.0,59.0,User17,,
1490174777969,Mouse Button.left Pressed,46.0,59.0,User17,,
1490174778029,Mouse Moved,46.0,59.0,User17,,
1490174778290,Mouse Moved,54.0,60.0,User17,,
1490174778292,Mouse Moved,60.0,61.0,User17,,
1490174778292,Mouse Moved,69.0,65.0,User17,,
1490174778301,Mouse Moved,84.0,71.0,User17,,
1490174778313,Mouse Moved,104.0,78.0,User17,,
1490174778315,Mouse Moved,121.0,87.0,User17,,
1490174778328,Mouse Moved,141.0,93.0,User17,,
1490174778329,Mouse Moved,166.0,102.0,User17,,
1490174778345,Mouse Moved,194.0,112.0,User17,,
1490174778345,Mouse Moved,220.0,121.0,User17,,
1490174778361,Mouse Moved,245.0,128.0,User17,,
1490174778362,Mouse Moved,264.0,134.0,User17,,
1490174778381,Mouse Moved,287.0,139.0,User17,,
1490174778382,Mouse Moved,298.0,143.0,User17,,
1490174778384,Mouse Moved,305.0,143.0,User17,,
1490174778391,Mouse Moved,309.0,144.0,User17,,
1490174778411,Mouse Moved,313.0,144.0,User17,,
1490174778413,Mouse Moved,315.0,144.0,User17,,
1490174778441,Mouse Moved,316.0,144.0,User17,,
1490174778809,Mouse Moved,318.0,144.0,User17,,
1490174778832,Mouse Moved,321.0,143.0,User17,,
1490174778846,Mouse Moved,326.0,140.0,User17,,
1490174778848,Mouse Moved,334.0,135.0,User17,,
1490174778862,Mouse Moved,344.0,131.0,User17,,
1490174778864,Mouse Moved,358.0,125.0,User17,,
1490174778878,Mouse Moved,368.0,121.0,User17,,
1490174778891,Mouse Moved,379.0,117.0,User17,,
1490174778892,Mouse Moved,389.0,113.0,User17,,
1490174778907,Mouse Moved,393.0,112.0,User17,,
1490174778907,Mouse Moved,402.0,108.0,User17,,
1490174778923,Mouse Moved,406.0,107.0,User17,,
1490174778924,Mouse Moved,411.0,105.0,User17,,
1490174778937,Mouse Moved,412.0,105.0,User17,,
1490174778937,Mouse Moved,413.0,104.0,User17,,
1490174778967,Mouse Moved,414.0,104.0,User17,,
1490174779088,Mouse Moved,417.0,103.0,User17,,
1490174779118,Mouse Moved,420.0,100.0,User17,,
1490174779134,Mouse Moved,422.0,100.0,User17,,
1490174779148,Mouse Moved,424.0,99.0,User17,,
1490174779164,Mouse Moved,426.0,97.0,User17,,
1490174779194,Mouse Moved,427.0,96.0,User17,,
1490174779209,Mouse Moved,430.0,95.0,User17,,
1490174779223,Mouse Moved,431.0,94.0,User17,,
1490174779253,Mouse Moved,430.0,94.0,User17,,
1490174779255,Mouse Moved,430.0,94.0,User17,,
1490174779256,Mouse Button.left Pressed,430.0,94.0,User17,,
1490174779260,Mouse Moved,431.0,93.0,User17,,
1490174779322,Mouse Moved,430.0,94.0,User17,,
1490174779336,Mouse Moved,420.0,100.0,User17,,
1490174779344,Mouse Moved,405.0,109.0,User17,,
1490174779354,Mouse Moved,391.0,115.0,User17,,
1490174779367,Mouse Moved,376.0,121.0,User17,,
1490174779368,Mouse Moved,361.0,130.0,User17,,
1490174779384,Mouse Moved,349.0,134.0,User17,,
1490174779390,Mouse Moved,337.0,140.0,User17,,
1490174779398,Mouse Moved,331.0,143.0,User17,,
1490174779401,Mouse Moved,328.0,143.0,User17,,
1490174779405,Mouse Moved,325.0,145.0,User17,,
1490174779424,Mouse Moved,324.0,145.0,User17,,
1490174779821,Mouse Moved,324.0,144.0,User17,,
1490174779822,Mouse Moved,324.0,144.0,User17,,
1490174779918,Mouse Moved,325.0,145.0,User17,,
1490174779940,Mouse Moved,329.0,145.0,User17,,
1490174779948,Mouse Moved,335.0,143.0,User17,,
1490174779970,Mouse Moved,341.0,143.0,User17,,
1490174779970,Mouse Moved,350.0,141.0,User17,,
1490174779971,Mouse Moved,358.0,141.0,User17,,
1490174779980,Mouse Moved,372.0,141.0,User17,,
1490174779993,Mouse Moved,386.0,141.0,User17,,
1490174779993,Mouse Moved,402.0,141.0,User17,,
1490174780010,Mouse Moved,419.0,141.0,User17,,
1490174780012,Mouse Moved,433.0,141.0,User17,,
1490174780029,Mouse Moved,449.0,141.0,User17,,
1490174780029,Mouse Moved,463.0,141.0,User17,,
1490174780039,Mouse Moved,479.0,141.0,User17,,
1490174780039,Mouse Moved,493.0,141.0,User17,,
1490174780055,Mouse Moved,509.0,141.0,User17,,
1490174780056,Mouse Moved,526.0,141.0,User17,,
1490174780068,Mouse Moved,542.0,141.0,User17,,
1490174780082,Mouse Moved,556.0,141.0,User17,,
1490174780084,Mouse Moved,567.0,141.0,User17,,
1490174780098,Mouse Moved,592.0,143.0,User17,,
1490174780112,Mouse Moved,607.0,143.0,User17,,
1490174780128,Mouse Moved,613.0,143.0,User17,,
1490174780128,Mouse Moved,617.0,143.0,User17,,
1490174780142,Mouse Moved,622.0,145.0,User17,,
1490174780144,Mouse Moved,624.0,145.0,User17,,
1490174780157,Mouse Moved,629.0,145.0,User17,,
1490174780157,Mouse Moved,631.0,145.0,User17,,
1490174780171,Mouse Moved,633.0,145.0,User17,,
1490174780173,Mouse Moved,638.0,145.0,User17,,
1490174780187,Mouse Moved,642.0,145.0,User17,,
1490174780188,Mouse Moved,645.0,145.0,User17,,
1490174780203,Mouse Moved,646.0,146.0,User17,,
1490174780217,Mouse Moved,649.0,146.0,User17,,
1490174780219,Mouse Moved,650.0,146.0,User17,,
1490174780220,Mouse Moved,651.0,146.0,User17,,
1490174780246,Mouse Moved,652.0,146.0,User17,,
1490174780338,Mouse Moved,653.0,146.0,User17,,
1490174780503,Mouse Moved,652.0,146.0,User17,,
1490174780516,Mouse Moved,651.0,146.0,User17,,
1490174780562,Mouse Moved,650.0,146.0,User17,,
1490174780578,Mouse Moved,649.0,146.0,User17,,
1490174780608,Mouse Moved,647.0,145.0,User17,,
1490174780628,Mouse Moved,646.0,145.0,User17,,
1490174780657,Mouse Moved,644.0,143.0,User17,,
1490174780687,Mouse Moved,642.0,143.0,User17,,
1490174780739,Mouse Moved,643.0,144.0,User17,,
1490174780740,Mouse Moved,643.0,144.0,User17,,
1490174780756,Mouse Moved,642.0,142.0,User17,,
1490174780851,Mouse Moved,643.0,142.0,User17,,
1490174780852,Mouse Button.left Released,643.0,142.0,User17,,
1490174781121,Mouse Moved,641.0,143.0,User17,,
1490174781137,Mouse Moved,639.0,146.0,User17,,
1490174781151,Mouse Moved,634.0,151.0,User17,,
1490174781165,Mouse Moved,631.0,154.0,User17,,
1490174781167,Mouse Moved,630.0,156.0,User17,,
1490174781180,Mouse Moved,625.0,163.0,User17,,
1490174781181,Mouse Moved,619.0,173.0,User17,,
1490174781196,Mouse Moved,616.0,179.0,User17,,
1490174781197,Mouse Moved,610.0,189.0,User17,,
1490174781210,Mouse Moved,604.0,199.0,User17,,
1490174781211,Mouse Moved,598.0,208.0,User17,,
1490174781226,Mouse Moved,595.0,213.0,User17,,
1490174781226,Mouse Moved,592.0,221.0,User17,,
1490174781240,Mouse Moved,589.0,226.0,User17,,
1490174781240,Mouse Moved,587.0,230.0,User17,,
1490174781255,Mouse Moved,584.0,235.0,User17,,
1490174781256,Mouse Moved,584.0,236.0,User17,,
1490174781270,Mouse Moved,583.0,239.0,User17,,
1490174781272,Mouse Moved,583.0,240.0,User17,,
1490174781286,Mouse Moved,582.0,243.0,User17,,
1490174781293,Mouse Moved,582.0,242.0,User17,,
1490174781295,Mouse Moved,582.0,242.0,User17,,
1490174781309,Mouse Moved,582.0,244.0,User17,,
1490174781403,Mouse Moved,582.0,243.0,User17,,
1490174781404,Mouse Moved,582.0,243.0,User17,,
1490174782776,Mouse Moved,561.0,244.0,User17,,
1490174782786,Mouse Moved,553.0,244.0,User17,,
1490174782802,Mouse Moved,517.0,242.0,User17,,
1490174782816,Mouse Moved,473.0,237.0,User17,,
1490174782831,Mouse Moved,416.0,230.0,User17,,
1490174782846,Mouse Moved,358.0,223.0,User17,,
1490174782861,Mouse Moved,309.0,217.0,User17,,
1490174782880,Mouse Moved,272.0,210.0,User17,,
1490174782892,Mouse Moved,244.0,206.0,User17,,
1490174782914,Mouse Moved,218.0,201.0,User17,,
1490174782923,Mouse Moved,209.0,199.0,User17,,
1490174782944,Mouse Moved,185.0,195.0,User17,,
1490174782953,Mouse Moved,181.0,194.0,User17,,
1490174782969,Mouse Moved,172.0,191.0,User17,,
1490174782990,Mouse Moved,165.0,189.0,User17,,
1490174782999,Mouse Moved,158.0,188.0,User17,,
1490174783012,Mouse Moved,148.0,185.0,User17,,
1490174783026,Mouse Moved,134.0,181.0,User17,,
1490174783042,Mouse Moved,117.0,178.0,User17,,
1490174783058,Mouse Moved,103.0,174.0,User17,,
1490174783078,Mouse Moved,89.0,168.0,User17,,
1490174783088,Mouse Moved,88.0,168.0,User17,,
1490174783109,Mouse Moved,87.0,167.0,User17,,
1490174783131,Mouse Moved,86.0,167.0,User17,,
1490174783151,Mouse Moved,82.0,167.0,User17,,
1490174783161,Mouse Moved,74.0,165.0,User17,,
1490174783184,Mouse Moved,70.0,163.0,User17,,
1490174783194,Mouse Moved,67.0,163.0,User17,,
1490174783213,Mouse Moved,67.0,162.0,User17,,
1490174783437,Mouse Moved,66.0,162.0,User17,,
1490174783447,Mouse Moved,63.0,162.0,User17,,
1490174783469,Mouse Moved,53.0,162.0,User17,,
1490174783476,Mouse Moved,50.0,162.0,User17,,
1490174783497,Mouse Moved,45.0,162.0,User17,,
1490174783509,Mouse Moved,43.0,162.0,User17,,
1490174783529,Mouse Moved,42.0,162.0,User17,,
1490174783813,Mouse Moved,42.0,160.0,User17,,
1490174783815,Mouse Moved,42.0,161.0,User17,,
1490174783816,Mouse Button.left Pressed,42.0,161.0,User17,,
1490174783901,Mouse Moved,42.0,161.0,User17,,
1490174783903,Mouse Button.left Released,42.0,161.0,User17,,
1490174783963,Mouse Moved,42.0,161.0,User17,,
1490174784040,Mouse Moved,42.0,161.0,User17,,
1490174784042,Mouse Button.left Released,42.0,161.0,User17,,
1490174784331,Mouse Moved,51.0,159.0,User17,,
1490174784332,Mouse Moved,63.0,159.0,User17,,
1490174784351,Mouse Moved,77.0,157.0,User17,,
1490174784351,Mouse Moved,93.0,157.0,User17,,
1490174784361,Mouse Moved,112.0,155.0,User17,,
1490174784381,Mouse Moved,134.0,155.0,User17,,
1490174784381,Mouse Moved,159.0,155.0,User17,,
1490174784381,Mouse Moved,180.0,155.0,User17,,
1490174784391,Mouse Moved,207.0,155.0,User17,,
1490174784404,Mouse Moved,227.0,155.0,User17,,
1490174784405,Mouse Moved,248.0,155.0,User17,,
1490174784427,Mouse Moved,267.0,155.0,User17,,
1490174784428,Mouse Moved,284.0,155.0,User17,,
1490174784430,Mouse Moved,295.0,153.0,User17,,
1490174784437,Mouse Moved,306.0,153.0,User17,,
1490174784459,Mouse Moved,311.0,153.0,User17,,
1490174784460,Mouse Moved,313.0,153.0,User17,,
1490174784460,Mouse Moved,315.0,153.0,User17,,
1490174784487,Mouse Moved,317.0,153.0,User17,,
1490174786512,Mouse Moved,326.0,137.0,User17,,
1490174786532,Mouse Moved,336.0,117.0,User17,,
1490174786542,Mouse Moved,337.0,112.0,User17,,
1490174786565,Mouse Moved,342.0,103.0,User17,,
1490174786578,Mouse Moved,344.0,100.0,User17,,
1490174786588,Mouse Moved,344.0,98.0,User17,,
1490174786601,Mouse Moved,347.0,95.0,User17,,
1490174786617,Mouse Moved,349.0,89.0,User17,,
1490174786638,Mouse Moved,361.0,71.0,User17,,
1490174786650,Mouse Moved,366.0,62.0,User17,,
1490174786663,Mouse Moved,373.0,46.0,User17,,
1490174786681,Mouse Moved,383.0,28.0,User17,,
1490174786703,Mouse Moved,389.0,19.0,User17,,
1490174786711,Mouse Moved,389.0,18.0,User17,,
1490174786733,Mouse Moved,392.0,15.0,User17,,
1490174786740,Mouse Moved,392.0,14.0,User17,,
1490174786769,Mouse Moved,393.0,13.0,User17,,
1490174787055,Mouse Moved,392.0,16.0,User17,,
1490174787056,Mouse Moved,390.0,20.0,User17,,
1490174787058,Mouse Moved,389.0,23.0,User17,,
1490174787069,Mouse Moved,388.0,24.0,User17,,
1490174787085,Mouse Moved,386.0,27.0,User17,,
1490174787086,Mouse Moved,386.0,28.0,User17,,
1490174787099,Mouse Moved,385.0,30.0,User17,,
1490174787101,Mouse Moved,385.0,32.0,User17,,
1490174787130,Mouse Moved,385.0,33.0,User17,,
1490174787382,Mouse Moved,386.0,33.0,User17,,
1490174787384,Mouse Moved,386.0,33.0,User17,,
1490174787453,Mouse Moved,384.0,33.0,User17,,
1490174787469,Mouse Moved,367.0,45.0,User17,,
1490174787474,Mouse Moved,354.0,51.0,User17,,
1490174787483,Mouse Moved,342.0,59.0,User17,,
1490174787490,Mouse Moved,330.0,65.0,User17,,
1490174787500,Mouse Moved,321.0,71.0,User17,,
1490174787506,Mouse Moved,314.0,74.0,User17,,
1490174787515,Mouse Moved,304.0,78.0,User17,,
1490174787523,Mouse Moved,303.0,79.0,User17,,
1490174787530,Mouse Moved,299.0,82.0,User17,,
1490174787539,Mouse Moved,297.0,82.0,User17,,
1490174787545,Mouse Moved,295.0,83.0,User17,,
1490174787552,Mouse Moved,294.0,83.0,User17,,
1490174787576,Mouse Moved,293.0,84.0,User17,,
1490174787647,Mouse Moved,294.0,84.0,User17,,
1490174787648,Mouse Moved,294.0,84.0,User17,,
1490174787714,Mouse Moved,306.0,79.0,User17,,
1490174787730,Mouse Moved,312.0,76.0,User17,,
1490174787732,Mouse Moved,327.0,72.0,User17,,
1490174787744,Mouse Moved,339.0,66.0,User17,,
1490174787746,Mouse Moved,359.0,59.0,User17,,
1490174787759,Mouse Moved,381.0,52.0,User17,,
1490174787760,Mouse Moved,404.0,46.0,User17,,
1490174787775,Mouse Moved,448.0,37.0,User17,,
1490174787796,Mouse Moved,497.0,32.0,User17,,
1490174787811,Mouse Moved,536.0,28.0,User17,,
1490174787821,Mouse Moved,558.0,28.0,User17,,
1490174787822,Mouse Moved,574.0,26.0,User17,,
1490174787835,Mouse Moved,591.0,26.0,User17,,
1490174787849,Mouse Moved,608.0,24.0,User17,,
1490174787851,Mouse Moved,619.0,24.0,User17,,
1490174787851,Mouse Moved,632.0,24.0,User17,,
1490174787868,Mouse Moved,644.0,24.0,User17,,
1490174787868,Mouse Moved,655.0,24.0,User17,,
1490174787880,Mouse Moved,663.0,24.0,User17,,
1490174787895,Mouse Moved,667.0,24.0,User17,,
1490174787897,Mouse Moved,672.0,24.0,User17,,
1490174787911,Mouse Moved,682.0,24.0,User17,,
1490174787924,Mouse Moved,688.0,24.0,User17,,
1490174787940,Mouse Moved,694.0,24.0,User17,,
1490174787956,Mouse Moved,700.0,24.0,User17,,
1490174787970,Mouse Moved,702.0,24.0,User17,,
1490174787983,Mouse Moved,706.0,24.0,User17,,
1490174788000,Mouse Moved,709.0,24.0,User17,,
1490174788016,Mouse Moved,712.0,24.0,User17,,
1490174788029,Mouse Moved,716.0,24.0,User17,,
1490174788046,Mouse Moved,724.0,24.0,User17,,
1490174788061,Mouse Moved,728.0,24.0,User17,,
1490174788076,Mouse Moved,735.0,24.0,User17,,
1490174788089,Mouse Moved,739.0,24.0,User17,,
1490174788105,Mouse Moved,743.0,24.0,User17,,
1490174788119,Mouse Moved,746.0,24.0,User17,,
1490174788165,Mouse Moved,748.0,24.0,User17,,
1490174788272,Mouse Moved,747.0,25.0,User17,,
1490174788273,Mouse Moved,747.0,25.0,User17,,
1490174788374,Mouse Moved,747.0,25.0,User17,,
1490174788375,Mouse Button.left Released,747.0,25.0,User17,,
1490174788523,Mouse Moved,746.0,24.0,User17,,
1490174788526,Mouse Moved,741.0,28.0,User17,,
1490174788539,Mouse Moved,733.0,34.0,User17,,
1490174788539,Mouse Moved,729.0,38.0,User17,,
1490174788553,Mouse Moved,717.0,44.0,User17,,
1490174788555,Mouse Moved,707.0,52.0,User17,,
1490174788569,Mouse Moved,697.0,60.0,User17,,
1490174788571,Mouse Moved,687.0,70.0,User17,,
1490174788585,Mouse Moved,672.0,81.0,User17,,
1490174788585,Mouse Moved,659.0,96.0,User17,,
1490174788601,Mouse Moved,638.0,114.0,User17,,
1490174788602,Mouse Moved,613.0,139.0,User17,,
1490174788615,Mouse Moved,580.0,176.0,User17,,
1490174788615,Mouse Moved,544.0,209.0,User17,,
1490174788630,Mouse Moved,491.0,259.0,User17,,
1490174788631,Mouse Moved,449.0,293.0,User17,,
1490174788650,Mouse Moved,404.0,326.0,User17,,
1490174788651,Mouse Moved,361.0,350.0,User17,,
1490174788660,Mouse Moved,323.0,371.0,User17,,
1490174788661,Mouse Moved,301.0,382.0,User17,,
1490174788680,Mouse Moved,278.0,393.0,User17,,
1490174788680,Mouse Moved,261.0,402.0,User17,,
1490174788693,Mouse Moved,248.0,408.0,User17,,
1490174788704,Mouse Moved,242.0,411.0,User17,,
1490174788706,Mouse Moved,232.0,415.0,User17,,
1490174788726,Mouse Moved,228.0,417.0,User17,,
1490174788726,Mouse Moved,223.0,418.0,User17,,
1490174788727,Mouse Moved,213.0,422.0,User17,,
1490174788734,Mouse Moved,208.0,425.0,User17,,
1490174788756,Mouse Moved,204.0,426.0,User17,,
1490174788756,Mouse Moved,195.0,430.0,User17,,
1490174788757,Mouse Moved,186.0,433.0,User17,,
1490174788765,Mouse Moved,179.0,437.0,User17,,
1490174788779,Mouse Moved,167.0,443.0,User17,,
1490174788780,Mouse Moved,158.0,447.0,User17,,
1490174788796,Mouse Moved,142.0,457.0,User17,,
1490174788796,Mouse Moved,133.0,465.0,User17,,
1490174788809,Mouse Moved,123.0,475.0,User17,,
1490174788811,Mouse Moved,112.0,490.0,User17,,
1490174788825,Mouse Moved,100.0,513.0,User17,,
1490174788826,Mouse Moved,92.0,530.0,User17,,
1490174788841,Mouse Moved,83.0,553.0,User17,,
1490174788842,Mouse Moved,78.0,570.0,User17,,
1490174788862,Mouse Moved,72.0,587.0,User17,,
1490174788864,Mouse Moved,68.0,599.0,User17,,
1490174788865,Mouse Moved,65.0,606.0,User17,,
1490174788871,Mouse Moved,62.0,610.0,User17,,
1490174788885,Mouse Moved,60.0,615.0,User17,,
1490174788887,Mouse Moved,59.0,619.0,User17,,
1490174788907,Mouse Moved,57.0,622.0,User17,,
1490174788908,Mouse Moved,56.0,623.0,User17,,
1490174788917,Mouse Moved,55.0,627.0,User17,,
1490174788937,Mouse Moved,53.0,630.0,User17,,
1490174788937,Mouse Moved,53.0,631.0,User17,,
1490174788938,Mouse Moved,52.0,634.0,User17,,
1490174788950,Mouse Moved,52.0,636.0,User17,,
1490174788967,Mouse Moved,51.0,638.0,User17,,
1490174788967,Mouse Moved,51.0,640.0,User17,,
1490174788974,Mouse Moved,50.0,641.0,User17,,
1490174788990,Mouse Moved,50.0,644.0,User17,,
1490174789007,Mouse Moved,50.0,646.0,User17,,
1490174789009,Mouse Moved,50.0,649.0,User17,,
1490174789026,Mouse Moved,51.0,652.0,User17,,
1490174789028,Mouse Moved,53.0,655.0,User17,,
1490174789029,Mouse Moved,57.0,659.0,User17,,
1490174789036,Mouse Moved,60.0,662.0,User17,,
1490174789052,Mouse Moved,69.0,668.0,User17,,
1490174789053,Mouse Moved,81.0,674.0,User17,,
1490174789065,Mouse Moved,96.0,680.0,User17,,
1490174789066,Mouse Moved,118.0,689.0,User17,,
1490174789082,Mouse Moved,141.0,698.0,User17,,
1490174789082,Mouse Moved,166.0,707.0,User17,,
1490174789096,Mouse Moved,191.0,716.0,User17,,
1490174789098,Mouse Moved,208.0,723.0,User17,,
1490174789119,Mouse Moved,220.0,727.0,User17,,
1490174789121,Mouse Moved,232.0,731.0,User17,,
1490174789130,Mouse Moved,236.0,731.0,User17,,
1490174789131,Mouse Moved,238.0,732.0,User17,,
1490174789151,Mouse Moved,240.0,732.0,User17,,
1490174789282,Mouse Moved,242.0,732.0,User17,,
1490174789302,Mouse Moved,255.0,732.0,User17,,
1490174789302,Mouse Moved,264.0,733.0,User17,,
1490174789309,Mouse Moved,273.0,735.0,User17,,
1490174789325,Mouse Moved,282.0,737.0,User17,,
1490174789325,Mouse Moved,288.0,739.0,User17,,
1490174789339,Mouse Moved,294.0,740.0,User17,,
1490174789342,Mouse Moved,303.0,742.0,User17,,
1490174789357,Mouse Moved,312.0,744.0,User17,,
1490174789358,Mouse Moved,319.0,747.0,User17,,
1490174789371,Mouse Moved,330.0,749.0,User17,,
1490174789371,Mouse Moved,337.0,751.0,User17,,
1490174789385,Mouse Moved,345.0,752.0,User17,,
1490174789387,Mouse Moved,350.0,754.0,User17,,
1490174789400,Mouse Moved,358.0,756.0,User17,,
1490174789401,Mouse Moved,367.0,757.0,User17,,
1490174789415,Mouse Moved,372.0,759.0,User17,,
1490174789417,Mouse Moved,380.0,761.0,User17,,
1490174789431,Mouse Moved,385.0,762.0,User17,,
1490174789433,Mouse Moved,391.0,762.0,User17,,
1490174789447,Mouse Moved,395.0,764.0,User17,,
1490174789447,Mouse Moved,400.0,764.0,User17,,
1490174789460,Mouse Moved,401.0,764.0,User17,,
1490174789474,Mouse Moved,402.0,764.0,User17,,
1490174789490,Mouse Moved,403.0,764.0,User17,,
1490174789535,Mouse Moved,406.0,764.0,User17,,
1490174789536,Mouse Moved,410.0,764.0,User17,,
1490174789549,Mouse Moved,413.0,764.0,User17,,
1490174789551,Mouse Moved,415.0,764.0,User17,,
1490174789565,Mouse Moved,418.0,764.0,User17,,
1490174789579,Mouse Moved,419.0,764.0,User17,,
1490174789641,Mouse Moved,419.0,762.0,User17,,
1490174789655,Mouse Moved,420.0,758.0,User17,,
1490174789670,Mouse Moved,420.0,756.0,User17,,
1490174789684,Mouse Moved,422.0,755.0,User17,,
1490174789698,Mouse Moved,422.0,753.0,User17,,
1490174789716,Mouse Moved,422.0,751.0,User17,,
1490174789730,Mouse Moved,420.0,750.0,User17,,
1490174789744,Mouse Moved,420.0,749.0,User17,,
1490174789759,Mouse Moved,419.0,749.0,User17,,
1490174789790,Mouse Moved,418.0,749.0,User17,,
1490174789803,Mouse Moved,417.0,747.0,User17,,
1490174789819,Mouse Moved,416.0,747.0,User17,,
1490174789882,Mouse Moved,416.0,748.0,User17,,
1490174789884,Mouse Moved,416.0,748.0,User17,,
1490174789976,Mouse Moved,416.0,748.0,User17,,
1490174790334,Mouse Moved,412.0,745.0,User17,,
1490174790348,Mouse Moved,409.0,743.0,User17,,
1490174790362,Mouse Moved,402.0,738.0,User17,,
1490174790378,Mouse Moved,395.0,732.0,User17,,
1490174790398,Mouse Moved,394.0,731.0,User17,,
1490174790400,Mouse Moved,391.0,728.0,User17,,
1490174790400,Mouse Moved,390.0,727.0,User17,,
1490174790408,Mouse Moved,388.0,725.0,User17,,
1490174790423,Mouse Moved,387.0,722.0,User17,,
1490174790424,Mouse Moved,386.0,721.0,User17,,
1490174790440,Mouse Moved,385.0,718.0,User17,,
1490174790441,Mouse Moved,383.0,715.0,User17,,
1490174790460,Mouse Moved,383.0,714.0,User17,,
1490174790461,Mouse Moved,382.0,712.0,User17,,
1490174790463,Mouse Moved,381.0,709.0,User17,,
1490174790470,Mouse Moved,381.0,708.0,User17,,
1490174790492,Mouse Moved,379.0,705.0,User17,,
1490174790493,Mouse Moved,379.0,702.0,User17,,
1490174790493,Mouse Moved,378.0,700.0,User17,,
1490174790500,Mouse Moved,378.0,699.0,User17,,
1490174790515,Mouse Moved,376.0,693.0,User17,,
1490174790516,Mouse Moved,376.0,690.0,User17,,
1490174790529,Mouse Moved,376.0,686.0,User17,,
1490174790529,Mouse Moved,376.0,682.0,User17,,
1490174790551,Mouse Moved,376.0,680.0,User17,,
1490174790552,Mouse Moved,375.0,678.0,User17,,
1490174790561,Mouse Moved,375.0,677.0,User17,,
1490174790581,Mouse Moved,375.0,674.0,User17,,
1490174790582,Mouse Moved,375.0,673.0,User17,,
1490174790595,Mouse Moved,375.0,671.0,User17,,
1490174790621,Mouse Moved,375.0,668.0,User17,,
1490174790641,Mouse Moved,375.0,667.0,User17,,
1490174790642,Mouse Moved,375.0,664.0,User17,,
1490174790671,Mouse Moved,375.0,663.0,User17,,
1490174790785,Mouse Moved,375.0,664.0,User17,,
1490174790786,Mouse Moved,375.0,664.0,User17,,
1490174790887,Mouse Moved,375.0,664.0,User17,,
1490174790888,Mouse Button.left Released,375.0,664.0,User17,,
1490174791184,Mouse Moved,375.0,661.0,User17,,
1490174791209,Mouse Moved,366.0,647.0,User17,,
1490174791223,Mouse Moved,361.0,643.0,User17,,
1490174791224,Mouse Moved,356.0,636.0,User17,,
1490174791239,Mouse Moved,351.0,631.0,User17,,
1490174791240,Mouse Moved,343.0,621.0,User17,,
1490174791256,Mouse Moved,333.0,608.0,User17,,
1490174791257,Mouse Moved,327.0,599.0,User17,,
1490174791276,Mouse Moved,316.0,586.0,User17,,
1490174791276,Mouse Moved,308.0,571.0,User17,,
1490174791286,Mouse Moved,302.0,557.0,User17,,
1490174791286,Mouse Moved,296.0,545.0,User17,,
1490174791306,Mouse Moved,287.0,525.0,User17,,
1490174791308,Mouse Moved,278.0,502.0,User17,,
1490174791315,Mouse Moved,273.0,485.0,User17,,
1490174791316,Mouse Moved,267.0,468.0,User17,,
1490174791335,Mouse Moved,265.0,451.0,User17,,
1490174791336,Mouse Moved,263.0,435.0,User17,,
1490174791345,Mouse Moved,263.0,418.0,User17,,
1490174791361,Mouse Moved,263.0,404.0,User17,,
1490174791361,Mouse Moved,263.0,393.0,User17,,
1490174791381,Mouse Moved,263.0,385.0,User17,,
1490174791381,Mouse Moved,263.0,379.0,User17,,
1490174791382,Mouse Moved,263.0,371.0,User17,,
1490174791391,Mouse Moved,263.0,366.0,User17,,
1490174791411,Mouse Moved,264.0,362.0,User17,,
1490174791411,Mouse Moved,264.0,357.0,User17,,
1490174791413,Mouse Moved,264.0,353.0,User17,,
1490174791421,Mouse Moved,264.0,350.0,User17,,
1490174791436,Mouse Moved,264.0,349.0,User17,,
1490174791437,Mouse Moved,264.0,348.0,User17,,
1490174791450,Mouse Moved,264.0,345.0,User17,,
1490174791473,Mouse Moved,264.0,344.0,User17,,
1490174791473,Mouse Moved,264.0,342.0,User17,,
1490174791503,Mouse Moved,264.0,339.0,User17,,
1490174791505,Mouse Moved,266.0,336.0,User17,,
1490174791513,Mouse Moved,266.0,332.0,User17,,
1490174791533,Mouse Moved,266.0,326.0,User17,,
1490174791535,Mouse Moved,267.0,321.0,User17,,
1490174791542,Mouse Moved,267.0,311.0,User17,,
1490174791543,Mouse Moved,269.0,302.0,User17,,
1490174791559,Mouse Moved,271.0,293.0,User17,,
1490174791578,Mouse Moved,271.0,282.0,User17,,
1490174791579,Mouse Moved,273.0,268.0,User17,,
1490174791579,Mouse Moved,273.0,254.0,User17,,
1490174791588,Mouse Moved,275.0,238.0,User17,,
1490174791589,Mouse Moved,277.0,226.0,User17,,
1490174791609,Mouse Moved,279.0,212.0,User17,,
1490174791611,Mouse Moved,281.0,200.0,User17,,
1490174791619,Mouse Moved,283.0,186.0,User17,,
1490174791631,Mouse Moved,285.0,175.0,User17,,
1490174791632,Mouse Moved,287.0,161.0,User17,,
1490174791647,Mouse Moved,289.0,144.0,User17,,
1490174791648,Mouse Moved,289.0,130.0,User17,,
1490174791670,Mouse Moved,290.0,106.0,User17,,
1490174791680,Mouse Moved,290.0,101.0,User17,,
1490174791700,Mouse Moved,290.0,95.0,User17,,
1490174791730,Mouse Moved,290.0,92.0,User17,,
1490174791740,Mouse Moved,289.0,87.0,User17,,
1490174791759,Mouse Moved,278.0,71.0,User17,,
1490174791769,Mouse Moved,274.0,64.0,User17,,
1490174791789,Mouse Moved,267.0,60.0,User17,,
1490174791799,Mouse Moved,265.0,59.0,User17,,
1490174791940,Mouse Moved,265.0,60.0,User17,,
1490174791963,Mouse Moved,267.0,60.0,User17,,
1490174791963,Mouse Moved,276.0,62.0,User17,,
1490174791979,Mouse Moved,282.0,63.0,User17,,
1490174791980,Mouse Moved,291.0,65.0,User17,,
1490174791993,Mouse Moved,300.0,69.0,User17,,
1490174792007,Mouse Moved,325.0,71.0,User17,,
1490174792023,Mouse Moved,339.0,73.0,User17,,
1490174792025,Mouse Moved,342.0,73.0,User17,,
1490174792026,Mouse Moved,346.0,73.0,User17,,
1490174792039,Mouse Moved,349.0,73.0,User17,,
1490174792052,Mouse Moved,350.0,73.0,User17,,
1490174792105,Mouse Moved,353.0,73.0,User17,,
1490174792105,Mouse Moved,357.0,73.0,User17,,
1490174792131,Mouse Moved,365.0,73.0,User17,,
1490174792131,Mouse Moved,371.0,73.0,User17,,
1490174792142,Mouse Moved,379.0,73.0,User17,,
1490174792144,Mouse Moved,388.0,73.0,User17,,
1490174792157,Mouse Moved,397.0,74.0,User17,,
1490174792158,Mouse Moved,411.0,74.0,User17,,
1490174792177,Mouse Moved,417.0,74.0,User17,,
1490174792177,Mouse Moved,429.0,76.0,User17,,
1490174792197,Mouse Moved,438.0,76.0,User17,,
1490174792197,Mouse Moved,454.0,76.0,User17,,
1490174792197,Mouse Moved,468.0,78.0,User17,,
1490174792207,Mouse Moved,490.0,81.0,User17,,
1490174792226,Mouse Moved,510.0,81.0,User17,,
1490174792227,Mouse Moved,529.0,83.0,User17,,
1490174792236,Mouse Moved,546.0,85.0,User17,,
1490174792237,Mouse Moved,562.0,87.0,User17,,
1490174792250,Mouse Moved,574.0,89.0,User17,,
1490174792252,Mouse Moved,580.0,89.0,User17,,
1490174792266,Mouse Moved,584.0,89.0,User17,,
1490174792266,Mouse Moved,585.0,89.0,User17,,
1490174792288,Mouse Moved,587.0,90.0,User17,,
1490174792415,Mouse Moved,588.0,90.0,User17,,
1490174792447,Mouse Moved,592.0,90.0,User17,,
1490174792447,Mouse Moved,596.0,91.0,User17,,
1490174792460,Mouse Moved,601.0,93.0,User17,,
1490174792461,Mouse Moved,603.0,93.0,User17,,
1490174792479,Mouse Moved,606.0,93.0,User17,,
1490174792480,Mouse Moved,610.0,93.0,User17,,
1490174792500,Mouse Moved,616.0,93.0,User17,,
1490174792500,Mouse Moved,621.0,94.0,User17,,
1490174792509,Mouse Moved,627.0,94.0,User17,,
1490174792509,Mouse Moved,635.0,94.0,User17,,
1490174792529,Mouse Moved,640.0,94.0,User17,,
1490174792529,Mouse Moved,648.0,96.0,User17,,
1490174792539,Mouse Moved,661.0,96.0,User17,,
1490174792559,Mouse Moved,666.0,98.0,User17,,
1490174792584,Mouse Moved,667.0,98.0,User17,,
1490174792788,Mouse Moved,667.0,97.0,User17,,
1490174792789,Mouse Moved,667.0,97.0,User17,,
1490174792865,Mouse Moved,667.0,97.0,User17,,
1490174792867,Mouse Button.left Released,667.0,97.0,User17,,
1490174796769,Mouse Moved,665.0,99.0,User17,,
1490174796779,Mouse Moved,665.0,96.0,User17,,
1490174796792,Mouse Moved,654.0,106.0,User17,,
1490174796792,Mouse Moved,641.0,118.0,User17,,
1490174796805,Mouse Moved,628.0,133.0,User17,,
1490174796806,Mouse Moved,613.0,147.0,User17,,
1490174796825,Mouse Moved,588.0,168.0,User17,,
1490174796826,Mouse Moved,571.0,184.0,User17,,
1490174796835,Mouse Moved,553.0,197.0,User17,,
1490174796851,Mouse Moved,535.0,211.0,User17,,
1490174796851,Mouse Moved,517.0,222.0,User17,,
1490174796867,Mouse Moved,505.0,230.0,User17,,
1490174796868,Mouse Moved,490.0,241.0,User17,,
1490174796881,Mouse Moved,478.0,249.0,User17,,
1490174796882,Mouse Moved,468.0,257.0,User17,,
1490174796904,Mouse Moved,463.0,260.0,User17,,
1490174796904,Mouse Moved,459.0,263.0,User17,,
1490174796905,Mouse Moved,454.0,266.0,User17,,
1490174796993,Mouse Moved,453.0,267.0,User17,,
1490174796994,Mouse Moved,452.0,268.0,User17,,
1490174796996,Mouse Moved,449.0,270.0,User17,,
1490174796996,Mouse Moved,443.0,273.0,User17,,
1490174796996,Mouse Moved,441.0,274.0,User17,,
1490174797035,Mouse Moved,439.0,275.0,User17,,
1490174797036,Mouse Moved,433.0,277.0,User17,,
1490174797036,Mouse Moved,428.0,278.0,User17,,
1490174797036,Mouse Moved,424.0,281.0,User17,,
1490174797038,Mouse Moved,421.0,281.0,User17,,
1490174797039,Mouse Moved,416.0,283.0,User17,,
1490174797039,Mouse Moved,415.0,284.0,User17,,
1490174797040,Mouse Moved,414.0,285.0,User17,,
1490174797040,Mouse Moved,412.0,286.0,User17,,
1490174797042,Mouse Moved,409.0,286.0,User17,,
1490174797042,Mouse Moved,402.0,290.0,User17,,
1490174797046,Mouse Moved,396.0,291.0,User17,,
1490174797062,Mouse Moved,392.0,291.0,User17,,
1490174797062,Mouse Moved,381.0,293.0,User17,,
1490174797078,Mouse Moved,377.0,293.0,User17,,
1490174797079,Mouse Moved,372.0,293.0,User17,,
1490174797092,Mouse Moved,368.0,293.0,User17,,
1490174797094,Mouse Moved,364.0,293.0,User17,,
1490174797107,Mouse Moved,362.0,293.0,User17,,
1490174797108,Mouse Moved,360.0,293.0,User17,,
1490174797130,Mouse Moved,359.0,292.0,User17,,
1490174797131,Mouse Moved,358.0,291.0,User17,,
1490174797131,Mouse Moved,356.0,291.0,User17,,
1490174797171,Mouse Moved,354.0,288.0,User17,,
1490174797171,Mouse Moved,349.0,279.0,User17,,
1490174797190,Mouse Moved,347.0,278.0,User17,,
1490174797191,Mouse Moved,346.0,276.0,User17,,
1490174797193,Mouse Moved,346.0,273.0,User17,,
1490174797200,Mouse Moved,345.0,268.0,User17,,
1490174797214,Mouse Moved,345.0,267.0,User17,,
1490174797229,Mouse Moved,343.0,265.0,User17,,
1490174797230,Mouse Moved,343.0,264.0,User17,,
1490174797243,Mouse Moved,343.0,262.0,User17,,
1490174797263,Mouse Moved,343.0,260.0,User17,,
1490174797289,Mouse Moved,343.0,257.0,User17,,
1490174797312,Mouse Moved,343.0,255.0,User17,,
1490174797312,Mouse Moved,344.0,254.0,User17,,
1490174797319,Mouse Moved,346.0,251.0,User17,,
1490174797335,Mouse Moved,346.0,250.0,User17,,
1490174797371,Mouse Moved,347.0,249.0,User17,,
1490174797371,Mouse Moved,348.0,249.0,User17,,
1490174797394,Mouse Moved,348.0,247.0,User17,,
1490174798075,Mouse Moved,348.0,248.0,User17,,
1490174798076,Mouse Moved,348.0,248.0,User17,,
1490174798078,Mouse Button.left Pressed,348.0,248.0,User17,,
1490174798178,Mouse Moved,348.0,248.0,User17,,
1490174798180,Mouse Button.left Released,348.0,248.0,User17,,
1490174798240,Mouse Moved,348.0,248.0,User17,,
1490174798316,Mouse Moved,348.0,248.0,User17,,
1490174798318,Mouse Button.left Released,348.0,248.0,User17,,
1490174801726,Mouse Moved,348.0,248.0,User17,,
1490174802092,Mouse Moved,348.0,249.0,User17,,
1490174802111,Mouse Moved,347.0,253.0,User17,,
1490174802121,Mouse Moved,347.0,255.0,User17,,
1490174802134,Mouse Moved,347.0,258.0,User17,,
1490174802135,Mouse Moved,347.0,264.0,User17,,
1490174802151,Mouse Moved,345.0,272.0,User17,,
1490174802153,Mouse Moved,345.0,281.0,User17,,
1490174802167,Mouse Moved,343.0,295.0,User17,,
1490174802167,Mouse Moved,343.0,311.0,User17,,
1490174802180,Mouse Moved,341.0,325.0,User17,,
1490174802180,Mouse Moved,341.0,342.0,User17,,
1490174802203,Mouse Moved,339.0,356.0,User17,,
1490174802203,Mouse Moved,339.0,367.0,User17,,
1490174802213,Mouse Moved,337.0,379.0,User17,,
1490174802213,Mouse Moved,335.0,393.0,User17,,
1490174802233,Mouse Moved,335.0,401.0,User17,,
1490174802233,Mouse Moved,331.0,416.0,User17,,
1490174802243,Mouse Moved,329.0,424.0,User17,,
1490174802243,Mouse Moved,325.0,436.0,User17,,
1490174802263,Mouse Moved,323.0,450.0,User17,,
1490174802263,Mouse Moved,317.0,468.0,User17,,
1490174802273,Mouse Moved,313.0,482.0,User17,,
1490174802293,Mouse Moved,309.0,494.0,User17,,
1490174802295,Mouse Moved,305.0,506.0,User17,,
1490174802296,Mouse Moved,301.0,515.0,User17,,
1490174802303,Mouse Moved,295.0,527.0,User17,,
1490174802305,Mouse Moved,293.0,533.0,User17,,
1490174802323,Mouse Moved,288.0,540.0,User17,,
1490174802325,Mouse Moved,287.0,545.0,User17,,
1490174802335,Mouse Moved,283.0,551.0,User17,,
1490174802354,Mouse Moved,280.0,556.0,User17,,
1490174802355,Mouse Moved,279.0,560.0,User17,,
1490174802355,Mouse Moved,278.0,562.0,User17,,
1490174802362,Mouse Moved,275.0,567.0,User17,,
1490174802377,Mouse Moved,274.0,568.0,User17,,
1490174802378,Mouse Moved,272.0,571.0,User17,,
1490174802392,Mouse Moved,272.0,572.0,User17,,
1490174802394,Mouse Moved,271.0,573.0,User17,,
1490174802415,Mouse Moved,271.0,575.0,User17,,
1490174802426,Mouse Moved,270.0,576.0,User17,,
1490174802529,Mouse Moved,270.0,573.0,User17,,
1490174802530,Mouse Moved,272.0,567.0,User17,,
1490174802549,Mouse Moved,273.0,561.0,User17,,
1490174802551,Mouse Moved,276.0,556.0,User17,,
1490174802559,Mouse Moved,280.0,547.0,User17,,
1490174802579,Mouse Moved,281.0,546.0,User17,,
1490174802581,Mouse Moved,282.0,542.0,User17,,
1490174802582,Mouse Moved,283.0,541.0,User17,,
1490174802609,Mouse Moved,283.0,539.0,User17,,
1490174802611,Mouse Moved,285.0,537.0,User17,,
1490174802634,Mouse Moved,285.0,536.0,User17,,
1490174802684,Mouse Moved,284.0,537.0,User17,,
1490174802686,Mouse Scrolled (0 -1),284.0,537.0,User17,,
1490174802862,Mouse Moved,282.0,538.0,User17,,
1490174802884,Mouse Moved,277.0,539.0,User17,,
1490174802892,Mouse Moved,276.0,539.0,User17,,
1490174802907,Mouse Moved,274.0,540.0,User17,,
1490174802927,Mouse Moved,273.0,540.0,User17,,
1490174802928,Mouse Moved,271.0,541.0,User17,,
1490174802960,Mouse Moved,270.0,541.0,User17,,
1490174803279,Mouse Moved,269.0,539.0,User17,,
1490174803309,Mouse Moved,269.0,535.0,User17,,
1490174803316,Mouse Moved,269.0,532.0,User17,,
1490174803318,Mouse Moved,269.0,529.0,User17,,
1490174803339,Mouse Moved,269.0,528.0,User17,,
1490174803341,Mouse Moved,268.0,526.0,User17,,
1490174803348,Mouse Moved,268.0,524.0,User17,,
1490174803368,Mouse Moved,268.0,522.0,User17,,
1490174803371,Mouse Moved,268.0,521.0,User17,,
1490174803378,Mouse Moved,266.0,518.0,User17,,
1490174803391,Mouse Moved,266.0,517.0,User17,,
1490174803407,Mouse Moved,266.0,515.0,User17,,
1490174803408,Mouse Moved,266.0,512.0,User17,,
1490174803421,Mouse Moved,266.0,511.0,User17,,
1490174803438,Mouse Moved,265.0,508.0,User17,,
1490174803457,Mouse Moved,265.0,506.0,User17,,
1490174803457,Mouse Moved,265.0,504.0,User17,,
1490174803467,Mouse Moved,265.0,502.0,User17,,
1490174803487,Mouse Moved,265.0,501.0,User17,,
1490174803497,Mouse Moved,264.0,500.0,User17,,
1490174803513,Mouse Moved,264.0,497.0,User17,,
1490174803543,Mouse Moved,264.0,496.0,User17,,
1490174803594,Mouse Moved,264.0,495.0,User17,,
1490174804878,Mouse Moved,264.0,495.0,User17,,
1490174805734,Mouse Moved,264.0,496.0,User17,,
1490174805759,Mouse Moved,264.0,498.0,User17,,
1490174805779,Mouse Moved,265.0,501.0,User17,,
1490174805795,Mouse Moved,265.0,504.0,User17,,
1490174805819,Mouse Moved,267.0,505.0,User17,,
1490174805819,Mouse Moved,267.0,508.0,User17,,
1490174805838,Mouse Moved,267.0,509.0,User17,,
1490174805852,Mouse Moved,268.0,511.0,User17,,
1490174805868,Mouse Moved,268.0,512.0,User17,,
1490174805888,Mouse Moved,269.0,514.0,User17,,
1490174805901,Mouse Moved,269.0,515.0,User17,,
1490174805911,Mouse Moved,269.0,516.0,User17,,
1490174805941,Mouse Moved,269.0,517.0,User17,,
1490174805961,Mouse Moved,270.0,518.0,User17,,
1490174805986,Mouse Moved,270.0,519.0,User17,,
1490174806002,Mouse Moved,270.0,521.0,User17,,
1490174806016,Mouse Moved,270.0,522.0,User17,,
1490174806035,Mouse Moved,270.0,523.0,User17,,
1490174806055,Mouse Moved,271.0,524.0,User17,,
1490174806275,Mouse Moved,271.0,525.0,User17,,
1490174806295,Mouse Moved,271.0,526.0,User17,,
1490174806309,Mouse Moved,271.0,530.0,User17,,
1490174806334,Mouse Moved,273.0,533.0,User17,,
1490174806335,Mouse Moved,273.0,536.0,User17,,
1490174806349,Mouse Moved,273.0,538.0,User17,,
1490174806351,Mouse Moved,274.0,540.0,User17,,
1490174806365,Mouse Moved,274.0,542.0,User17,,
1490174806365,Mouse Moved,275.0,548.0,User17,,
1490174806384,Mouse Moved,275.0,553.0,User17,,
1490174806385,Mouse Moved,277.0,557.0,User17,,
1490174806394,Mouse Moved,277.0,560.0,User17,,
1490174806395,Mouse Moved,278.0,564.0,User17,,
1490174806410,Mouse Moved,278.0,565.0,User17,,
1490174806430,Mouse Moved,278.0,567.0,User17,,
1490174806440,Mouse Moved,280.0,567.0,User17,,
1490174808283,Mouse Moved,293.0,560.0,User17,,
1490174808302,Mouse Moved,294.0,559.0,User17,,
1490174808303,Mouse Moved,297.0,557.0,User17,,
1490174808319,Mouse Moved,303.0,556.0,User17,,
1490174808321,Mouse Moved,313.0,550.0,User17,,
1490174808322,Mouse Moved,322.0,546.0,User17,,
1490174808328,Mouse Moved,331.0,543.0,User17,,
1490174808342,Mouse Moved,340.0,539.0,User17,,
1490174808344,Mouse Moved,345.0,538.0,User17,,
1490174808358,Mouse Moved,356.0,534.0,User17,,
1490174808359,Mouse Moved,365.0,530.0,User17,,
1490174808374,Mouse Moved,377.0,526.0,User17,,
1490174808375,Mouse Moved,386.0,523.0,User17,,
1490174808388,Mouse Moved,395.0,521.0,User17,,
1490174808388,Mouse Moved,404.0,517.0,User17,,
1490174808407,Mouse Moved,413.0,515.0,User17,,
1490174808407,Mouse Moved,417.0,514.0,User17,,
1490174808421,Mouse Moved,422.0,512.0,User17,,
1490174808424,Mouse Moved,426.0,511.0,User17,,
1490174808433,Mouse Moved,431.0,509.0,User17,,
1490174808447,Mouse Moved,434.0,509.0,User17,,
1490174808448,Mouse Moved,438.0,508.0,User17,,
1490174808471,Mouse Moved,441.0,506.0,User17,,
1490174808473,Mouse Moved,445.0,505.0,User17,,
1490174808473,Mouse Moved,450.0,503.0,User17,,
1490174808484,Mouse Moved,453.0,502.0,User17,,
1490174808486,Mouse Moved,457.0,501.0,User17,,
1490174808494,Mouse Moved,460.0,501.0,User17,,
1490174808515,Mouse Moved,464.0,499.0,User17,,
1490174808516,Mouse Moved,467.0,498.0,User17,,
1490174808516,Mouse Moved,471.0,498.0,User17,,
1490174808525,Mouse Moved,478.0,496.0,User17,,
1490174808545,Mouse Moved,482.0,495.0,User17,,
1490174808546,Mouse Moved,491.0,493.0,User17,,
1490174808546,Mouse Moved,495.0,493.0,User17,,
1490174808555,Mouse Moved,503.0,493.0,User17,,
1490174808578,Mouse Moved,509.0,493.0,User17,,
1490174808579,Mouse Moved,517.0,493.0,User17,,
1490174808579,Mouse Moved,524.0,493.0,User17,,
1490174808594,Mouse Moved,530.0,493.0,User17,,
1490174808595,Mouse Moved,536.0,493.0,User17,,
1490174808604,Mouse Moved,537.0,493.0,User17,,
1490174808624,Mouse Moved,540.0,493.0,User17,,
1490174808625,Mouse Moved,541.0,493.0,User17,,
1490174808625,Mouse Moved,542.0,493.0,User17,,
1490174808664,Mouse Moved,543.0,493.0,User17,,
1490174808677,Mouse Moved,543.0,494.0,User17,,
1490174808691,Mouse Moved,546.0,495.0,User17,,
1490174808726,Mouse Moved,549.0,500.0,User17,,
1490174808727,Mouse Moved,550.0,503.0,User17,,
1490174808736,Mouse Moved,551.0,504.0,User17,,
1490174808759,Mouse Moved,552.0,506.0,User17,,
1490174808759,Mouse Moved,554.0,509.0,User17,,
1490174808760,Mouse Moved,555.0,510.0,User17,,
1490174808782,Mouse Moved,555.0,512.0,User17,,
1490174808805,Mouse Moved,556.0,513.0,User17,,
1490174808858,Mouse Moved,557.0,514.0,User17,,
1490174808878,Mouse Moved,557.0,515.0,User17,,
1490174808888,Mouse Moved,557.0,516.0,User17,,
1490174808924,Mouse Moved,559.0,517.0,User17,,
1490174808926,Mouse Moved,559.0,519.0,User17,,
1490174808953,Mouse Moved,559.0,520.0,User17,,
1490174808963,Mouse Moved,560.0,522.0,User17,,
1490174808993,Mouse Moved,561.0,525.0,User17,,
1490174809009,Mouse Moved,563.0,528.0,User17,,
1490174809030,Mouse Moved,563.0,531.0,User17,,
1490174809032,Mouse Moved,563.0,532.0,User17,,
1490174809040,Mouse Moved,564.0,534.0,User17,,
1490174809042,Mouse Moved,564.0,535.0,User17,,
1490174809071,Mouse Moved,564.0,538.0,User17,,
1490174809084,Mouse Moved,564.0,539.0,User17,,
1490174809105,Mouse Moved,564.0,542.0,User17,,
1490174809107,Mouse Moved,564.0,543.0,User17,,
1490174809135,Mouse Moved,564.0,544.0,User17,,
1490174809753,Mouse Moved,565.0,544.0,User17,,
1490174809762,Mouse Moved,565.0,543.0,User17,,
1490174809782,Mouse Moved,566.0,542.0,User17,,
1490174809805,Mouse Moved,567.0,540.0,User17,,
1490174809838,Mouse Moved,569.0,539.0,User17,,
1490174809864,Mouse Moved,570.0,538.0,User17,,
1490174809913,Mouse Moved,570.0,537.0,User17,,
1490174809920,Mouse Moved,570.0,537.0,User17,,
1490174809921,Mouse Button.left Pressed,570.0,537.0,User17,,
1490174810053,Mouse Moved,570.0,534.0,User17,,
1490174810075,Mouse Moved,570.0,530.0,User17,,
1490174810084,Mouse Moved,570.0,529.0,User17,,
1490174810101,Mouse Moved,570.0,525.0,User17,,
1490174810108,Mouse Moved,570.0,524.0,User17,,
1490174810119,Mouse Moved,570.0,521.0,User17,,
1490174810124,Mouse Moved,570.0,517.0,User17,,
1490174810138,Mouse Moved,570.0,514.0,User17,,
1490174810145,Mouse Moved,570.0,513.0,User17,,
1490174810154,Mouse Moved,570.0,511.0,User17,,
1490174810161,Mouse Moved,570.0,509.0,User17,,
1490174810170,Mouse Moved,570.0,507.0,User17,,
1490174810186,Mouse Moved,570.0,506.0,User17,,
1490174810197,Mouse Moved,570.0,503.0,User17,,
1490174810207,Mouse Moved,570.0,501.0,User17,,
1490174810217,Mouse Moved,570.0,500.0,User17,,
1490174810232,Mouse Moved,571.0,498.0,User17,,
1490174810256,Mouse Moved,571.0,496.0,User17,,
1490174810272,Mouse Moved,571.0,495.0,User17,,
1490174810293,Mouse Moved,571.0,492.0,User17,,
1490174810319,Mouse Moved,571.0,491.0,User17,,
1490174810334,Mouse Moved,571.0,490.0,User17,,
1490174810355,Mouse Moved,571.0,488.0,User17,,
1490174810395,Mouse Moved,572.0,486.0,User17,,
1490174810411,Mouse Moved,572.0,485.0,User17,,
1490174810434,Mouse Moved,572.0,484.0,User17,,
1490174810474,Mouse Moved,572.0,483.0,User17,,
1490174810937,Mouse Moved,572.0,485.0,User17,,
1490174810947,Mouse Moved,572.0,490.0,User17,,
1490174810956,Mouse Moved,573.0,492.0,User17,,
1490174810964,Mouse Moved,573.0,495.0,User17,,
1490174810971,Mouse Moved,573.0,498.0,User17,,
1490174810980,Mouse Moved,573.0,500.0,User17,,
1490174810987,Mouse Moved,573.0,502.0,User17,,
1490174810996,Mouse Moved,573.0,504.0,User17,,
1490174811003,Mouse Moved,573.0,505.0,User17,,
1490174811009,Mouse Moved,573.0,508.0,User17,,
1490174811017,Mouse Moved,575.0,512.0,User17,,
1490174811026,Mouse Moved,575.0,515.0,User17,,
1490174811033,Mouse Moved,575.0,516.0,User17,,
1490174811042,Mouse Moved,575.0,518.0,User17,,
1490174811049,Mouse Moved,575.0,521.0,User17,,
1490174811068,Mouse Moved,575.0,522.0,User17,,
1490174811075,Mouse Moved,575.0,525.0,User17,,
1490174811079,Mouse Moved,575.0,526.0,User17,,
1490174811095,Mouse Moved,575.0,528.0,User17,,
1490174811105,Mouse Moved,575.0,531.0,User17,,
1490174811119,Mouse Moved,576.0,532.0,User17,,
1490174811128,Mouse Moved,576.0,533.0,User17,,
1490174811153,Mouse Moved,576.0,534.0,User17,,
1490174811165,Mouse Moved,576.0,537.0,User17,,
1490174811190,Mouse Moved,576.0,538.0,User17,,
1490174811206,Mouse Moved,576.0,541.0,User17,,
1490174811227,Mouse Moved,576.0,542.0,User17,,
1490174811243,Mouse Moved,576.0,543.0,User17,,
1490174811267,Mouse Moved,576.0,544.0,User17,,
1490174811305,Mouse Moved,576.0,545.0,User17,,
1490174811509,Mouse Moved,576.0,545.0,User17,,
1490174811512,Mouse Button.left Released,576.0,545.0,User17,,
1490174811551,Mouse Moved,576.0,546.0,User17,,
1490174811565,Mouse Moved,576.0,548.0,User17,,
1490174811595,Mouse Moved,572.0,552.0,User17,,
1490174811595,Mouse Moved,567.0,555.0,User17,,
1490174811605,Mouse Moved,564.0,558.0,User17,,
1490174811625,Mouse Moved,563.0,559.0,User17,,
1490174811625,Mouse Moved,559.0,563.0,User17,,
1490174811634,Mouse Moved,555.0,564.0,User17,,
1490174811635,Mouse Moved,550.0,569.0,User17,,
1490174811657,Mouse Moved,545.0,572.0,User17,,
1490174811658,Mouse Moved,543.0,574.0,User17,,
1490174811668,Mouse Moved,538.0,575.0,User17,,
1490174811670,Mouse Moved,537.0,576.0,User17,,
1490174811681,Mouse Moved,536.0,576.0,User17,,
1490174811700,Mouse Moved,533.0,578.0,User17,,
1490174811700,Mouse Moved,530.0,579.0,User17,,
1490174811709,Mouse Moved,529.0,580.0,User17,,
1490174811721,Mouse Moved,527.0,581.0,User17,,
1490174811723,Mouse Moved,524.0,583.0,User17,,
1490174811737,Mouse Moved,523.0,584.0,User17,,
1490174811739,Mouse Moved,520.0,584.0,User17,,
1490174811756,Mouse Moved,519.0,585.0,User17,,
1490174811770,Mouse Moved,518.0,585.0,User17,,
1490174811772,Mouse Moved,517.0,586.0,User17,,
1490174811793,Mouse Moved,514.0,588.0,User17,,
1490174811805,Mouse Moved,513.0,588.0,User17,,
1490174811821,Mouse Moved,510.0,589.0,User17,,
1490174811851,Mouse Moved,508.0,590.0,User17,,
1490174811862,Mouse Moved,506.0,591.0,User17,,
1490174811878,Mouse Moved,505.0,593.0,User17,,
1490174811927,Mouse Moved,504.0,593.0,User17,,
1490174812016,Mouse Moved,504.0,594.0,User17,,
1490174812046,Mouse Moved,503.0,594.0,User17,,
1490174812085,Mouse Moved,503.0,595.0,User17,,
1490174812101,Mouse Moved,502.0,595.0,User17,,
1490174812147,Mouse Moved,501.0,595.0,User17,,
1490174812160,Mouse Moved,501.0,596.0,User17,,
1490174812326,Mouse Moved,502.0,596.0,User17,,
1490174812342,Mouse Moved,503.0,596.0,User17,,
1490174812371,Mouse Moved,505.0,596.0,User17,,
1490174812385,Mouse Moved,507.0,595.0,User17,,
1490174812401,Mouse Moved,508.0,595.0,User17,,
1490174812415,Mouse Moved,509.0,595.0,User17,,
1490174812447,Mouse Moved,509.0,594.0,User17,,
1490174812476,Mouse Moved,510.0,593.0,User17,,
1490174812490,Mouse Moved,513.0,590.0,User17,,
1490174812520,Mouse Moved,517.0,587.0,User17,,
1490174812536,Mouse Moved,520.0,584.0,User17,,
1490174812538,Mouse Moved,522.0,581.0,User17,,
1490174812552,Mouse Moved,525.0,578.0,User17,,
1490174812552,Mouse Moved,526.0,577.0,User17,,
1490174812565,Mouse Moved,528.0,574.0,User17,,
1490174812581,Mouse Moved,530.0,573.0,User17,,
1490174812582,Mouse Moved,532.0,571.0,User17,,
1490174812602,Mouse Moved,533.0,570.0,User17,,
1490174812604,Mouse Moved,536.0,567.0,User17,,
1490174812614,Mouse Moved,537.0,566.0,User17,,
1490174812634,Mouse Moved,538.0,563.0,User17,,
1490174812634,Mouse Moved,541.0,560.0,User17,,
1490174812657,Mouse Moved,543.0,557.0,User17,,
1490174812657,Mouse Moved,544.0,556.0,User17,,
1490174812674,Mouse Moved,545.0,554.0,User17,,
1490174812687,Mouse Moved,546.0,554.0,User17,,
1490174812710,Mouse Moved,546.0,553.0,User17,,
1490174812720,Mouse Moved,547.0,551.0,User17,,
1490174812749,Mouse Moved,550.0,550.0,User17,,
1490174812763,Mouse Moved,553.0,545.0,User17,,
1490174812779,Mouse Moved,555.0,543.0,User17,,
1490174812780,Mouse Moved,556.0,542.0,User17,,
1490174812816,Mouse Moved,557.0,540.0,User17,,
1490174812818,Mouse Moved,557.0,539.0,User17,,
1490174812838,Mouse Moved,558.0,539.0,User17,,
1490174812868,Mouse Moved,559.0,537.0,User17,,
1490174812882,Mouse Moved,560.0,537.0,User17,,
1490174812937,Mouse Moved,562.0,535.0,User17,,
1490174812961,Mouse Moved,563.0,534.0,User17,,
1490174812974,Mouse Moved,564.0,533.0,User17,,
1490174813022,Mouse Moved,565.0,532.0,User17,,
1490174813042,Mouse Moved,566.0,531.0,User17,,
1490174813084,Mouse Moved,567.0,530.0,User17,,
1490174813095,Mouse Moved,567.0,528.0,User17,,
1490174813128,Mouse Moved,567.0,529.0,User17,,
1490174813130,Mouse Button.left Pressed,567.0,529.0,User17,,
1490174813230,Mouse Moved,567.0,527.0,User17,,
1490174813246,Mouse Moved,567.0,525.0,User17,,
1490174813253,Mouse Moved,567.0,524.0,User17,,
1490174813259,Mouse Moved,569.0,520.0,User17,,
1490174813269,Mouse Moved,569.0,517.0,User17,,
1490174813276,Mouse Moved,569.0,513.0,User17,,
1490174813285,Mouse Moved,569.0,512.0,User17,,
1490174813292,Mouse Moved,569.0,508.0,User17,,
1490174813299,Mouse Moved,570.0,505.0,User17,,
1490174813315,Mouse Moved,570.0,504.0,User17,,
1490174813323,Mouse Moved,570.0,502.0,User17,,
1490174813345,Mouse Moved,570.0,501.0,User17,,
1490174813361,Mouse Moved,570.0,500.0,User17,,
1490174813401,Mouse Moved,570.0,499.0,User17,,
1490174813424,Mouse Moved,570.0,496.0,User17,,
1490174813447,Mouse Moved,570.0,495.0,User17,,
1490174813464,Mouse Moved,570.0,493.0,User17,,
1490174813486,Mouse Moved,571.0,492.0,User17,,
1490174813502,Mouse Moved,571.0,489.0,User17,,
1490174813526,Mouse Moved,571.0,487.0,User17,,
1490174813542,Mouse Moved,571.0,484.0,User17,,
1490174813555,Mouse Moved,571.0,483.0,User17,,
1490174813572,Mouse Moved,571.0,482.0,User17,,
1490174813588,Mouse Moved,571.0,480.0,User17,,
1490174813611,Mouse Moved,571.0,479.0,User17,,
1490174814405,Mouse Moved,571.0,480.0,User17,,
1490174814407,Mouse Moved,571.0,480.0,User17,,
1490174814516,Mouse Moved,567.0,483.0,User17,,
1490174814516,Mouse Moved,560.0,492.0,User17,,
1490174814530,Mouse Moved,550.0,502.0,User17,,
1490174814532,Mouse Moved,544.0,512.0,User17,,
1490174814546,Mouse Moved,536.0,522.0,User17,,
1490174814546,Mouse Moved,535.0,526.0,User17,,
1490174814562,Mouse Moved,530.0,535.0,User17,,
1490174814575,Mouse Moved,528.0,539.0,User17,,
1490174814576,Mouse Moved,527.0,541.0,User17,,
1490174814591,Mouse Moved,524.0,545.0,User17,,
1490174814592,Mouse Moved,524.0,547.0,User17,,
1490174814605,Mouse Moved,521.0,552.0,User17,,
1490174814607,Mouse Moved,521.0,553.0,User17,,
1490174814625,Mouse Moved,521.0,556.0,User17,,
1490174814627,Mouse Moved,520.0,557.0,User17,,
1490174814635,Mouse Moved,520.0,558.0,User17,,
1490174814635,Mouse Moved,519.0,560.0,User17,,
1490174814651,Mouse Moved,519.0,562.0,User17,,
1490174814653,Mouse Moved,517.0,564.0,User17,,
1490174814665,Mouse Moved,517.0,567.0,User17,,
1490174814667,Mouse Moved,517.0,569.0,User17,,
1490174814680,Mouse Moved,517.0,571.0,User17,,
1490174814681,Mouse Moved,517.0,573.0,User17,,
1490174814700,Mouse Moved,517.0,576.0,User17,,
1490174814701,Mouse Moved,517.0,578.0,User17,,
1490174814710,Mouse Moved,517.0,581.0,User17,,
1490174814711,Mouse Moved,517.0,587.0,User17,,
1490174814726,Mouse Moved,519.0,592.0,User17,,
1490174814726,Mouse Moved,520.0,596.0,User17,,
1490174814740,Mouse Moved,522.0,599.0,User17,,
1490174814740,Mouse Moved,522.0,603.0,User17,,
1490174814755,Mouse Moved,523.0,608.0,User17,,
1490174814772,Mouse Moved,525.0,610.0,User17,,
1490174814773,Mouse Moved,526.0,613.0,User17,,
1490174814786,Mouse Moved,526.0,614.0,User17,,
1490174814786,Mouse Moved,527.0,616.0,User17,,
1490174814815,Mouse Moved,529.0,617.0,User17,,
1490174814875,Mouse Moved,531.0,615.0,User17,,
1490174814891,Mouse Moved,532.0,614.0,User17,,
1490174814927,Mouse Moved,535.0,613.0,User17,,
1490174814937,Mouse Moved,538.0,612.0,User17,,
1490174814959,Mouse Moved,539.0,610.0,User17,,
1490174814970,Mouse Moved,539.0,609.0,User17,,
1490174814997,Mouse Moved,539.0,608.0,User17,,
1490174816530,Mouse Moved,540.0,608.0,User17,,
1490174817190,Mouse Moved,536.0,609.0,User17,,
1490174817210,Mouse Moved,535.0,611.0,User17,,
1490174817213,Mouse Moved,532.0,611.0,User17,,
1490174817220,Mouse Moved,529.0,612.0,User17,,
1490174817244,Mouse Moved,527.0,612.0,User17,,
1490174817246,Mouse Moved,521.0,614.0,User17,,
1490174817247,Mouse Moved,519.0,614.0,User17,,
1490174817256,Mouse Moved,517.0,614.0,User17,,
1490174817275,Mouse Moved,516.0,614.0,User17,,
1490174817276,Mouse Moved,515.0,614.0,User17,,
1490174817276,Mouse Moved,513.0,614.0,User17,,
1490174817305,Mouse Moved,512.0,614.0,User17,,
1490174817306,Mouse Moved,511.0,614.0,User17,,
1490174817358,Mouse Moved,509.0,614.0,User17,,
1490174817358,Mouse Moved,507.0,614.0,User17,,
1490174817546,Mouse Moved,511.0,612.0,User17,,
1490174817549,Mouse Moved,518.0,611.0,User17,,
1490174817549,Mouse Moved,521.0,609.0,User17,,
1490174817556,Mouse Moved,523.0,608.0,User17,,
1490174817576,Mouse Moved,526.0,608.0,User17,,
1490174817578,Mouse Moved,527.0,608.0,User17,,
1490174817599,Mouse Moved,528.0,607.0,User17,,
1490174817622,Mouse Moved,529.0,607.0,User17,,
1490174817632,Mouse Moved,532.0,607.0,User17,,
1490174817667,Mouse Moved,533.0,607.0,User17,,
1490174817677,Mouse Moved,534.0,607.0,User17,,
1490174817739,Mouse Moved,534.0,607.0,User17,,
1490174817740,Mouse Button.left Pressed,534.0,607.0,User17,,
1490174817832,Mouse Moved,534.0,607.0,User17,,
1490174817834,Mouse Button.left Released,534.0,607.0,User17,,
1490174818119,Mouse Moved,530.0,605.0,User17,,
1490174818121,Mouse Moved,521.0,600.0,User17,,
1490174818130,Mouse Moved,517.0,595.0,User17,,
1490174818131,Mouse Moved,507.0,585.0,User17,,
1490174818151,Mouse Moved,491.0,572.0,User17,,
1490174818151,Mouse Moved,481.0,562.0,User17,,
1490174818164,Mouse Moved,466.0,549.0,User17,,
1490174818165,Mouse Moved,446.0,531.0,User17,,
1490174818174,Mouse Moved,432.0,516.0,User17,,
1490174818176,Mouse Moved,414.0,498.0,User17,,
1490174818194,Mouse Moved,396.0,479.0,User17,,
1490174818198,Mouse Moved,378.0,461.0,User17,,
1490174818203,Mouse Moved,366.0,449.0,User17,,
1490174818217,Mouse Moved,353.0,433.0,User17,,
1490174818219,Mouse Moved,340.0,421.0,User17,,
1490174818233,Mouse Moved,330.0,413.0,User17,,
1490174818233,Mouse Moved,327.0,408.0,User17,,
1490174818253,Mouse Moved,322.0,404.0,User17,,
1490174818255,Mouse Moved,322.0,402.0,User17,,
1490174818262,Mouse Moved,321.0,402.0,User17,,
1490174818401,Mouse Moved,322.0,402.0,User17,,
1490174818430,Mouse Moved,325.0,401.0,User17,,
1490174818450,Mouse Moved,329.0,401.0,User17,,
1490174818450,Mouse Moved,333.0,401.0,User17,,
1490174818453,Mouse Moved,336.0,401.0,User17,,
1490174818460,Mouse Moved,340.0,401.0,User17,,
1490174818473,Mouse Moved,343.0,401.0,User17,,
1490174818474,Mouse Moved,348.0,400.0,User17,,
1490174818489,Mouse Moved,349.0,400.0,User17,,
1490174818490,Mouse Moved,350.0,400.0,User17,,
1490174818503,Mouse Moved,351.0,400.0,User17,,
1490174818520,Mouse Moved,352.0,400.0,User17,,
1490174818563,Mouse Moved,353.0,400.0,User17,,
1490174818632,Mouse Moved,355.0,401.0,User17,,
1490174818641,Mouse Moved,356.0,402.0,User17,,
1490174818661,Mouse Moved,358.0,406.0,User17,,
1490174818677,Mouse Moved,360.0,407.0,User17,,
1490174818707,Mouse Moved,361.0,410.0,User17,,
1490174818709,Mouse Moved,362.0,411.0,User17,,
1490174818740,Mouse Moved,365.0,414.0,User17,,
1490174818742,Mouse Moved,368.0,416.0,User17,,
1490174818769,Mouse Moved,369.0,419.0,User17,,
1490174818770,Mouse Moved,372.0,421.0,User17,,
1490174818785,Mouse Moved,375.0,424.0,User17,,
1490174818795,Mouse Moved,376.0,425.0,User17,,
1490174818815,Mouse Moved,377.0,426.0,User17,,
1490174818854,Mouse Moved,378.0,426.0,User17,,
1490174818884,Mouse Moved,378.0,427.0,User17,,
1490174819233,Mouse Moved,378.0,427.0,User17,,
1490174819236,Mouse Button.left Pressed,378.0,427.0,User17,,
1490174819305,Mouse Moved,379.0,427.0,User17,,
1490174819326,Mouse Moved,379.0,427.0,User17,,
1490174819328,Mouse Button.left Released,379.0,427.0,User17,,
1490174819479,Mouse Moved,379.0,430.0,User17,,
1490174819480,Mouse Moved,377.0,453.0,User17,,
1490174819489,Mouse Moved,377.0,470.0,User17,,
1490174819503,Mouse Moved,377.0,489.0,User17,,
1490174819503,Mouse Moved,377.0,505.0,User17,,
1490174819526,Mouse Moved,379.0,522.0,User17,,
1490174819526,Mouse Moved,384.0,539.0,User17,,
1490174819528,Mouse Moved,388.0,551.0,User17,,
1490174819536,Mouse Moved,392.0,565.0,User17,,
1490174819558,Mouse Moved,396.0,577.0,User17,,
1490174819559,Mouse Moved,397.0,583.0,User17,,
1490174819559,Mouse Moved,397.0,588.0,User17,,
1490174819568,Mouse Moved,398.0,589.0,User17,,
1490174819586,Mouse Moved,398.0,590.0,User17,,
1490174819588,Mouse Moved,398.0,591.0,User17,,
1490174819588,Mouse Moved,398.0,592.0,User17,,
1490174819612,Mouse Moved,400.0,592.0,User17,,
1490174819625,Mouse Moved,400.0,593.0,User17,,
1490174819657,Mouse Moved,400.0,595.0,User17,,
1490174819677,Mouse Moved,398.0,595.0,User17,,
1490174819687,Mouse Moved,398.0,596.0,User17,,
1490174819733,Mouse Moved,398.0,595.0,User17,,
1490174819780,Mouse Moved,400.0,591.0,User17,,
1490174819782,Mouse Moved,404.0,586.0,User17,,
1490174819801,Mouse Moved,414.0,578.0,User17,,
1490174819802,Mouse Moved,421.0,575.0,User17,,
1490174819809,Mouse Moved,426.0,572.0,User17,,
1490174819823,Mouse Moved,430.0,569.0,User17,,
1490174819825,Mouse Moved,435.0,565.0,User17,,
1490174819838,Mouse Moved,439.0,562.0,User17,,
1490174819838,Mouse Moved,442.0,561.0,User17,,
1490174819852,Mouse Moved,446.0,554.0,User17,,
1490174819854,Mouse Moved,447.0,553.0,User17,,
1490174819875,Mouse Moved,447.0,552.0,User17,,
1490174819877,Mouse Moved,447.0,550.0,User17,,
1490174819877,Mouse Moved,447.0,547.0,User17,,
1490174819884,Mouse Moved,445.0,541.0,User17,,
1490174819904,Mouse Moved,440.0,536.0,User17,,
1490174819905,Mouse Moved,433.0,529.0,User17,,
1490174819907,Mouse Moved,428.0,524.0,User17,,
1490174819914,Mouse Moved,418.0,514.0,User17,,
1490174819928,Mouse Moved,408.0,504.0,User17,,
1490174819930,Mouse Moved,396.0,493.0,User17,,
1490174819950,Mouse Moved,385.0,483.0,User17,,
1490174819950,Mouse Moved,375.0,473.0,User17,,
1490174819960,Mouse Moved,360.0,460.0,User17,,
1490174819960,Mouse Moved,350.0,450.0,User17,,
1490174819973,Mouse Moved,338.0,440.0,User17,,
1490174819987,Mouse Moved,328.0,429.0,User17,,
1490174819989,Mouse Moved,312.0,419.0,User17,,
1490174820003,Mouse Moved,303.0,411.0,User17,,
1490174820005,Mouse Moved,295.0,401.0,User17,,
1490174820017,Mouse Moved,290.0,398.0,User17,,
1490174820019,Mouse Moved,281.0,391.0,User17,,
1490174820036,Mouse Moved,276.0,386.0,User17,,
1490174820036,Mouse Moved,275.0,383.0,User17,,
1490174820055,Mouse Moved,274.0,382.0,User17,,
1490174820056,Mouse Moved,273.0,379.0,User17,,
1490174820058,Mouse Moved,271.0,378.0,User17,,
1490174820063,Mouse Moved,270.0,376.0,User17,,
1490174820078,Mouse Moved,269.0,373.0,User17,,
1490174820079,Mouse Moved,268.0,372.0,User17,,
1490174820094,Mouse Moved,265.0,368.0,User17,,
1490174820095,Mouse Moved,264.0,367.0,User17,,
1490174820109,Mouse Moved,259.0,361.0,User17,,
1490174820111,Mouse Moved,258.0,358.0,User17,,
1490174820124,Mouse Moved,255.0,353.0,User17,,
1490174820125,Mouse Moved,250.0,349.0,User17,,
1490174820138,Mouse Moved,249.0,346.0,User17,,
1490174820140,Mouse Moved,244.0,341.0,User17,,
1490174820154,Mouse Moved,241.0,340.0,User17,,
1490174820155,Mouse Moved,240.0,339.0,User17,,
1490174820171,Mouse Moved,239.0,337.0,User17,,
1490174820184,Mouse Moved,238.0,336.0,User17,,
1490174820198,Mouse Moved,237.0,335.0,User17,,
1490174820244,Mouse Moved,235.0,335.0,User17,,
1490174820259,Mouse Moved,233.0,332.0,User17,,
1490174820273,Mouse Moved,228.0,329.0,User17,,
1490174820275,Mouse Moved,225.0,326.0,User17,,
1490174820289,Mouse Moved,224.0,325.0,User17,,
1490174820290,Mouse Moved,220.0,319.0,User17,,
1490174820303,Mouse Moved,219.0,318.0,User17,,
1490174820305,Mouse Moved,216.0,316.0,User17,,
1490174820319,Mouse Moved,215.0,314.0,User17,,
1490174820335,Mouse Moved,213.0,312.0,User17,,
1490174820335,Mouse Moved,211.0,309.0,User17,,
1490174820348,Mouse Moved,209.0,308.0,User17,,
1490174820349,Mouse Moved,207.0,305.0,User17,,
1490174820364,Mouse Moved,204.0,302.0,User17,,
1490174820365,Mouse Moved,201.0,299.0,User17,,
1490174820378,Mouse Moved,200.0,298.0,User17,,
1490174820380,Mouse Moved,195.0,292.0,User17,,
1490174820394,Mouse Moved,193.0,291.0,User17,,
1490174820410,Mouse Moved,191.0,288.0,User17,,
1490174820411,Mouse Moved,188.0,287.0,User17,,
1490174820411,Mouse Moved,187.0,286.0,User17,,
1490174820438,Mouse Moved,186.0,284.0,User17,,
1490174820453,Mouse Moved,186.0,283.0,User17,,
1490174820469,Mouse Moved,185.0,283.0,User17,,
1490174820483,Mouse Moved,185.0,282.0,User17,,
1490174820513,Mouse Moved,184.0,281.0,User17,,
1490174820529,Mouse Moved,183.0,280.0,User17,,
1490174820543,Mouse Moved,183.0,279.0,User17,,
1490174820559,Mouse Moved,183.0,277.0,User17,,
1490174820619,Mouse Moved,181.0,277.0,User17,,
1490174820637,Mouse Moved,181.0,276.0,User17,,
1490174820657,Mouse Moved,181.0,275.0,User17,,
1490174820667,Mouse Moved,181.0,274.0,User17,,
1490174820694,Mouse Moved,181.0,273.0,User17,,
1490174820724,Mouse Moved,181.0,272.0,User17,,
1490174820744,Mouse Moved,182.0,272.0,User17,,
1490174820746,Mouse Moved,182.0,272.0,User17,,
1490174820846,Mouse Moved,182.0,272.0,User17,,
1490174820848,Mouse Button.left Released,182.0,272.0,User17,,
1490174821147,Mouse Moved,181.0,274.0,User17,,
1490174821167,Mouse Moved,181.0,275.0,User17,,
1490174821181,Mouse Moved,180.0,278.0,User17,,
1490174821211,Mouse Moved,180.0,280.0,User17,,
1490174821221,Mouse Moved,179.0,282.0,User17,,
1490174821256,Mouse Moved,179.0,283.0,User17,,
1490174821296,Mouse Moved,179.0,284.0,User17,,
1490174821316,Mouse Moved,178.0,285.0,User17,,
1490174821346,Mouse Moved,178.0,286.0,User17,,
1490174821414,Mouse Moved,178.0,285.0,User17,,
1490174821415,Mouse Moved,178.0,285.0,User17,,
1490174821417,Mouse Button.left Pressed,178.0,285.0,User17,,
1490174821513,Mouse Moved,178.0,285.0,User17,,
1490174821516,Mouse Button.left Released,178.0,285.0,User17,,
1490174821832,Mouse Moved,178.0,284.0,User17,,
1490174821855,Mouse Moved,179.0,281.0,User17,,
1490174821871,Mouse Moved,181.0,278.0,User17,,
1490174821884,Mouse Moved,183.0,275.0,User17,,
1490174821885,Mouse Moved,185.0,272.0,User17,,
1490174821908,Mouse Moved,185.0,271.0,User17,,
1490174821910,Mouse Moved,186.0,269.0,User17,,
1490174821918,Mouse Moved,187.0,268.0,User17,,
1490174821938,Mouse Moved,189.0,265.0,User17,,
1490174821948,Mouse Moved,191.0,264.0,User17,,
1490174821970,Mouse Moved,193.0,261.0,User17,,
1490174821970,Mouse Moved,196.0,258.0,User17,,
1490174821983,Mouse Moved,197.0,255.0,User17,,
1490174821984,Mouse Moved,197.0,254.0,User17,,
1490174821993,Mouse Moved,198.0,253.0,User17,,
1490174822032,Mouse Moved,198.0,252.0,User17,,
1490174822053,Mouse Moved,199.0,250.0,User17,,
1490174822105,Mouse Moved,201.0,250.0,User17,,
1490174822316,Mouse Moved,201.0,249.0,User17,,
1490174822346,Mouse Moved,202.0,249.0,User17,,
1490174822355,Mouse Moved,202.0,248.0,User17,,
1490174822384,Mouse Moved,204.0,248.0,User17,,
1490174822400,Mouse Moved,207.0,247.0,User17,,
1490174822414,Mouse Moved,208.0,245.0,User17,,
1490174822473,Mouse Moved,208.0,246.0,User17,,
1490174822474,Mouse Button.left Pressed,208.0,246.0,User17,,
1490174822542,Mouse Moved,208.0,246.0,User17,,
1490174822543,Mouse Button.left Released,208.0,246.0,User17,,
1490174826211,Mouse Moved,208.0,246.0,User17,,
1490174826213,Mouse Button.right Pressed,208.0,246.0,User17,,
1490174826361,Mouse Moved,208.0,246.0,User17,,
1490174827101,Mouse Moved,208.0,246.0,User17,,
1490174827184,Mouse Moved,208.0,246.0,User17,,
1490174827186,Mouse Button.left Released,208.0,246.0,User17,,
1490174827256,Mouse Moved,208.0,246.0,User17,,
1490174827325,Mouse Moved,208.0,246.0,User17,,
1490174828045,Mouse Moved,209.0,247.0,User17,,
1490174828068,Mouse Moved,212.0,252.0,User17,,
1490174828082,Mouse Moved,229.0,285.0,User17,,
1490174828098,Mouse Moved,250.0,330.0,User17,,
1490174828114,Mouse Moved,273.0,382.0,User17,,
1490174828128,Mouse Moved,282.0,407.0,User17,,
1490174828142,Mouse Moved,302.0,469.0,User17,,
1490174828157,Mouse Moved,304.0,483.0,User17,,
1490174828173,Mouse Moved,308.0,506.0,User17,,
1490174828188,Mouse Moved,308.0,519.0,User17,,
1490174828203,Mouse Moved,308.0,528.0,User17,,
1490174828220,Mouse Moved,308.0,530.0,User17,,
1490174828233,Mouse Moved,308.0,531.0,User17,,
1490174828308,Mouse Moved,316.0,530.0,User17,,
1490174828323,Mouse Moved,325.0,527.0,User17,,
1490174828338,Mouse Moved,346.0,523.0,User17,,
1490174828354,Mouse Moved,379.0,519.0,User17,,
1490174828368,Mouse Moved,396.0,519.0,User17,,
1490174828384,Mouse Moved,415.0,517.0,User17,,
1490174828384,Mouse Moved,434.0,517.0,User17,,
1490174828398,Mouse Moved,451.0,517.0,User17,,
1490174828398,Mouse Moved,465.0,515.0,User17,,
1490174828414,Mouse Moved,471.0,515.0,User17,,
1490174828414,Mouse Moved,475.0,515.0,User17,,
1490174828427,Mouse Moved,478.0,515.0,User17,,
1490174828428,Mouse Moved,479.0,513.0,User17,,
1490174828444,Mouse Moved,480.0,513.0,User17,,
1490174828444,Mouse Moved,483.0,512.0,User17,,
1490174828459,Mouse Moved,485.0,512.0,User17,,
1490174828474,Mouse Moved,486.0,512.0,User17,,
1490174828476,Mouse Moved,489.0,511.0,User17,,
1490174828489,Mouse Moved,492.0,511.0,User17,,
1490174828490,Mouse Moved,494.0,509.0,User17,,
1490174828516,Mouse Moved,501.0,508.0,User17,,
1490174828516,Mouse Moved,505.0,506.0,User17,,
1490174828519,Mouse Moved,511.0,506.0,User17,,
1490174828519,Mouse Moved,516.0,506.0,User17,,
1490174828533,Mouse Moved,522.0,505.0,User17,,
1490174828535,Mouse Moved,530.0,505.0,User17,,
1490174828549,Mouse Moved,539.0,505.0,User17,,
1490174828563,Mouse Moved,543.0,505.0,User17,,
1490174828563,Mouse Moved,552.0,503.0,User17,,
1490174828579,Mouse Moved,558.0,503.0,User17,,
1490174828581,Mouse Moved,562.0,503.0,User17,,
1490174828582,Mouse Moved,568.0,503.0,User17,,
1490174828605,Mouse Moved,569.0,502.0,User17,,
1490174828605,Mouse Moved,573.0,502.0,User17,,
1490174828611,Mouse Moved,575.0,502.0,User17,,
1490174828612,Mouse Moved,576.0,502.0,User17,,
1490174828641,Mouse Moved,577.0,501.0,User17,,
1490174828851,Mouse Moved,576.0,501.0,User17,,
1490174828895,Mouse Moved,575.0,501.0,User17,,
1490174828910,Mouse Moved,573.0,502.0,User17,,
1490174828924,Mouse Moved,571.0,502.0,User17,,
1490174828960,Mouse Moved,570.0,503.0,User17,,
1490174828961,Mouse Moved,567.0,504.0,User17,,
1490174829016,Mouse Moved,566.0,504.0,User17,,
1490174829048,Mouse Moved,565.0,506.0,User17,,
1490174829105,Mouse Moved,564.0,506.0,User17,,
1490174829224,Mouse Moved,564.0,505.0,User17,,
1490174829226,Mouse Moved,564.0,505.0,User17,,
1490174829421,Mouse Moved,564.0,508.0,User17,,
1490174829434,Mouse Moved,564.0,509.0,User17,,
1490174829459,Mouse Moved,564.0,512.0,User17,,
1490174829474,Mouse Moved,564.0,513.0,User17,,
1490174829500,Mouse Moved,564.0,514.0,User17,,
1490174829536,Mouse Moved,564.0,515.0,User17,,
1490174829576,Mouse Moved,564.0,516.0,User17,,
1490174829615,Mouse Moved,564.0,518.0,User17,,
1490174829638,Mouse Moved,564.0,519.0,User17,,
1490174829654,Mouse Moved,564.0,520.0,User17,,
1490174829694,Mouse Moved,563.0,521.0,User17,,
1490174829739,Mouse Moved,563.0,522.0,User17,,
1490174830153,Mouse Moved,563.0,523.0,User17,,
1490174830190,Mouse Moved,563.0,525.0,User17,,
1490174830217,Mouse Moved,563.0,526.0,User17,,
1490174830230,Mouse Moved,563.0,527.0,User17,,
1490174830309,Mouse Moved,563.0,528.0,User17,,
1490174830394,Mouse Moved,563.0,529.0,User17,,
1490174830433,Mouse Moved,563.0,530.0,User17,,
1490174830470,Mouse Moved,563.0,532.0,User17,,
1490174830510,Mouse Moved,563.0,533.0,User17,,
1490174830549,Mouse Moved,563.0,534.0,User17,,
1490174830588,Mouse Moved,563.0,535.0,User17,,
1490174830611,Mouse Moved,563.0,536.0,User17,,
1490174830651,Mouse Moved,563.0,537.0,User17,,
1490174830729,Mouse Moved,563.0,539.0,User17,,
1490174830790,Mouse Moved,563.0,540.0,User17,,
1490174830831,Mouse Moved,563.0,541.0,User17,,
1490174830868,Mouse Moved,563.0,542.0,User17,,
1490174830884,Mouse Moved,563.0,543.0,User17,,
1490174830907,Mouse Moved,561.0,543.0,User17,,
1490174830923,Mouse Moved,561.0,544.0,User17,,
1490174830947,Mouse Moved,561.0,546.0,User17,,
1490174830984,Mouse Moved,561.0,547.0,User17,,
1490174831009,Mouse Moved,561.0,548.0,User17,,
1490174831025,Mouse Moved,561.0,549.0,User17,,
1490174831062,Mouse Moved,560.0,550.0,User17,,
1490174831148,Mouse Moved,560.0,551.0,User17,,
1490174832986,Mouse Moved,560.0,550.0,User17,,
1490174833010,Mouse Moved,561.0,548.0,User17,,
1490174833025,Mouse Moved,561.0,543.0,User17,,
1490174833032,Mouse Moved,561.0,541.0,User17,,
1490174833040,Mouse Moved,563.0,538.0,User17,,
1490174833049,Mouse Moved,563.0,535.0,User17,,
1490174833055,Mouse Moved,563.0,534.0,User17,,
1490174833065,Mouse Moved,563.0,532.0,User17,,
1490174833072,Mouse Moved,563.0,530.0,User17,,
1490174833081,Mouse Moved,564.0,528.0,User17,,
1490174833088,Mouse Moved,564.0,527.0,User17,,
1490174833096,Mouse Moved,564.0,524.0,User17,,
1490174833102,Mouse Moved,564.0,523.0,User17,,
1490174833118,Mouse Moved,564.0,522.0,User17,,
1490174833134,Mouse Moved,564.0,521.0,User17,,
1490174833158,Mouse Moved,564.0,520.0,User17,,
1490174833173,Mouse Moved,564.0,518.0,User17,,
1490174833197,Mouse Moved,565.0,517.0,User17,,
1490174833220,Mouse Moved,565.0,515.0,User17,,
1490174833236,Mouse Moved,565.0,514.0,User17,,
1490174833275,Mouse Moved,565.0,511.0,User17,,
1490174833299,Mouse Moved,565.0,508.0,User17,,
1490174833313,Mouse Moved,567.0,506.0,User17,,
1490174833322,Mouse Moved,567.0,504.0,User17,,
1490174833345,Mouse Moved,567.0,503.0,User17,,
1490174833384,Mouse Moved,567.0,502.0,User17,,
1490174833423,Mouse Moved,567.0,501.0,User17,,
1490174833447,Mouse Moved,567.0,500.0,User17,,
1490174833461,Mouse Moved,567.0,497.0,User17,,
1490174833484,Mouse Moved,567.0,496.0,User17,,
1490174833503,Mouse Moved,567.0,495.0,User17,,
1490174833525,Mouse Moved,567.0,493.0,User17,,
1490174833539,Mouse Moved,568.0,493.0,User17,,
1490174833562,Mouse Moved,568.0,491.0,User17,,
1490174833586,Mouse Moved,568.0,490.0,User17,,
1490174833605,Mouse Moved,568.0,489.0,User17,,
1490174833780,Mouse Moved,567.0,489.0,User17,,
1490174833782,Mouse Moved,567.0,489.0,User17,,
1490174833875,Mouse Moved,565.0,489.0,User17,,
1490174833884,Mouse Moved,559.0,491.0,User17,,
1490174833884,Mouse Moved,547.0,495.0,User17,,
1490174833898,Mouse Moved,533.0,499.0,User17,,
1490174833900,Mouse Moved,516.0,501.0,User17,,
1490174833918,Mouse Moved,497.0,503.0,User17,,
1490174833920,Mouse Moved,475.0,505.0,User17,,
1490174833928,Mouse Moved,450.0,507.0,User17,,
1490174833930,Mouse Moved,431.0,507.0,User17,,
1490174833948,Mouse Moved,409.0,507.0,User17,,
1490174833950,Mouse Moved,390.0,507.0,User17,,
1490174833957,Mouse Moved,379.0,507.0,User17,,
1490174833973,Mouse Moved,368.0,507.0,User17,,
1490174833973,Mouse Moved,360.0,507.0,User17,,
1490174833986,Mouse Moved,355.0,507.0,User17,,
1490174833987,Mouse Moved,347.0,507.0,User17,,
1490174834003,Mouse Moved,343.0,507.0,User17,,
1490174834003,Mouse Moved,338.0,507.0,User17,,
1490174834017,Mouse Moved,334.0,507.0,User17,,
1490174834019,Mouse Moved,331.0,507.0,User17,,
1490174834033,Mouse Moved,327.0,507.0,User17,,
1490174834035,Mouse Moved,321.0,507.0,User17,,
1490174834048,Mouse Moved,316.0,507.0,User17,,
1490174834049,Mouse Moved,310.0,507.0,User17,,
1490174834062,Mouse Moved,306.0,507.0,User17,,
1490174834062,Mouse Moved,302.0,507.0,User17,,
1490174834081,Mouse Moved,295.0,507.0,User17,,
1490174834082,Mouse Moved,293.0,507.0,User17,,
1490174834092,Mouse Moved,292.0,507.0,User17,,
1490174834094,Mouse Moved,291.0,507.0,User17,,
1490174834138,Mouse Moved,289.0,507.0,User17,,
1490174834190,Mouse Moved,289.0,510.0,User17,,
1490174834207,Mouse Moved,303.0,528.0,User17,,
1490174834216,Mouse Moved,311.0,537.0,User17,,
1490174834229,Mouse Moved,324.0,548.0,User17,,
1490174834230,Mouse Moved,341.0,561.0,User17,,
1490174834243,Mouse Moved,359.0,572.0,User17,,
1490174834244,Mouse Moved,374.0,581.0,User17,,
1490174834262,Mouse Moved,386.0,587.0,User17,,
1490174834263,Mouse Moved,393.0,590.0,User17,,
1490174834282,Mouse Moved,402.0,592.0,User17,,
1490174834282,Mouse Moved,406.0,593.0,User17,,
1490174834282,Mouse Moved,410.0,593.0,User17,,
1490174834290,Mouse Moved,412.0,593.0,User17,,
1490174834305,Mouse Moved,414.0,593.0,User17,,
1490174834306,Mouse Moved,415.0,593.0,User17,,
1490174834395,Mouse Moved,416.0,593.0,User17,,
1490174834440,Mouse Moved,418.0,593.0,User17,,
1490174834490,Mouse Moved,420.0,593.0,User17,,
1490174834515,Mouse Moved,426.0,592.0,User17,,
1490174834529,Mouse Moved,435.0,592.0,User17,,
1490174834529,Mouse Moved,439.0,592.0,User17,,
1490174834552,Mouse Moved,440.0,592.0,User17,,
1490174834552,Mouse Moved,446.0,593.0,User17,,
1490174834562,Mouse Moved,450.0,595.0,User17,,
1490174834563,Mouse Moved,461.0,596.0,User17,,
1490174834582,Mouse Moved,465.0,596.0,User17,,
1490174834582,Mouse Moved,470.0,598.0,User17,,
1490174834595,Mouse Moved,474.0,599.0,User17,,
1490174834595,Mouse Moved,479.0,599.0,User17,,
1490174834605,Mouse Moved,481.0,601.0,User17,,
1490174834621,Mouse Moved,483.0,601.0,User17,,
1490174834621,Mouse Moved,484.0,602.0,User17,,
1490174834635,Mouse Moved,486.0,602.0,User17,,
1490174834637,Mouse Moved,487.0,602.0,User17,,
1490174834650,Mouse Moved,489.0,602.0,User17,,
1490174834680,Mouse Moved,490.0,602.0,User17,,
1490174834694,Mouse Moved,495.0,602.0,User17,,
1490174834696,Mouse Moved,500.0,602.0,User17,,
1490174834716,Mouse Moved,504.0,604.0,User17,,
1490174834717,Mouse Moved,508.0,604.0,User17,,
1490174834717,Mouse Moved,513.0,604.0,User17,,
1490174834730,Mouse Moved,515.0,604.0,User17,,
1490174834740,Mouse Moved,517.0,605.0,User17,,
1490174834740,Mouse Moved,518.0,605.0,User17,,
1490174834769,Mouse Moved,519.0,605.0,User17,,
1490174834825,Mouse Moved,520.0,605.0,User17,,
1490174834834,Mouse Moved,521.0,605.0,User17,,
1490174834848,Mouse Moved,522.0,605.0,User17,,
1490174834983,Mouse Moved,525.0,605.0,User17,,
1490174834984,Mouse Moved,527.0,605.0,User17,,
1490174835000,Mouse Moved,530.0,605.0,User17,,
1490174835013,Mouse Moved,533.0,605.0,User17,,
1490174835013,Mouse Moved,535.0,605.0,User17,,
1490174835029,Mouse Moved,538.0,605.0,User17,,
1490174835030,Mouse Moved,539.0,605.0,User17,,
1490174835046,Mouse Moved,540.0,605.0,User17,,
1490174835121,Mouse Moved,540.0,605.0,User17,,
1490174835134,Mouse Moved,541.0,605.0,User17,,
1490174835213,Mouse Moved,541.0,605.0,User17,,
1490174835214,Mouse Button.left Released,541.0,605.0,User17,,
1490174835650,Mouse Moved,540.0,606.0,User17,,
1490174835680,Mouse Moved,533.0,607.0,User17,,
1490174835700,Mouse Moved,524.0,607.0,User17,,
1490174835700,Mouse Moved,516.0,606.0,User17,,
1490174835701,Mouse Moved,506.0,602.0,User17,,
1490174835710,Mouse Moved,491.0,593.0,User17,,
1490174835730,Mouse Moved,474.0,582.0,User17,,
1490174835730,Mouse Moved,459.0,569.0,User17,,
1490174835732,Mouse Moved,446.0,554.0,User17,,
1490174835739,Mouse Moved,435.0,542.0,User17,,
1490174835760,Mouse Moved,427.0,529.0,User17,,
1490174835762,Mouse Moved,421.0,520.0,User17,,
1490174835763,Mouse Moved,417.0,510.0,User17,,
1490174835770,Mouse Moved,414.0,501.0,User17,,
1490174835790,Mouse Moved,412.0,497.0,User17,,
1490174835792,Mouse Moved,409.0,488.0,User17,,
1490174835792,Mouse Moved,409.0,484.0,User17,,
1490174835812,Mouse Moved,405.0,475.0,User17,,
1490174835821,Mouse Moved,404.0,470.0,User17,,
1490174835822,Mouse Moved,401.0,466.0,User17,,
1490174835822,Mouse Moved,397.0,457.0,User17,,
1490174835831,Mouse Moved,396.0,453.0,User17,,
1490174835844,Mouse Moved,394.0,448.0,User17,,
1490174835859,Mouse Moved,391.0,442.0,User17,,
1490174835861,Mouse Moved,391.0,441.0,User17,,
1490174835875,Mouse Moved,391.0,439.0,User17,,
1490174835875,Mouse Moved,390.0,438.0,User17,,
1490174835877,Mouse Moved,390.0,436.0,User17,,
1490174835911,Mouse Moved,389.0,433.0,User17,,
1490174835913,Mouse Moved,387.0,430.0,User17,,
1490174835926,Mouse Moved,387.0,429.0,User17,,
1490174835941,Mouse Moved,386.0,428.0,User17,,
1490174836086,Mouse Moved,386.0,427.0,User17,,
1490174836088,Mouse Moved,386.0,425.0,User17,,
1490174836117,Mouse Moved,386.0,423.0,User17,,
1490174836157,Mouse Moved,386.0,422.0,User17,,
1490174836158,Mouse Button.left Pressed,386.0,422.0,User17,,
1490174836250,Mouse Moved,386.0,422.0,User17,,
1490174836565,Mouse Moved,386.0,418.0,User17,,
1490174836589,Mouse Moved,386.0,412.0,User17,,
1490174836591,Mouse Moved,384.0,406.0,User17,,
1490174836592,Mouse Moved,382.0,394.0,User17,,
1490174836599,Mouse Moved,379.0,385.0,User17,,
1490174836601,Mouse Moved,377.0,376.0,User17,,
1490174836621,Mouse Moved,373.0,367.0,User17,,
1490174836621,Mouse Moved,372.0,358.0,User17,,
1490174836630,Mouse Moved,368.0,346.0,User17,,
1490174836650,Mouse Moved,364.0,337.0,User17,,
1490174836651,Mouse Moved,362.0,328.0,User17,,
1490174836651,Mouse Moved,360.0,319.0,User17,,
1490174836660,Mouse Moved,359.0,310.0,User17,,
1490174836677,Mouse Moved,357.0,301.0,User17,,
1490174836678,Mouse Moved,357.0,295.0,User17,,
1490174836694,Mouse Moved,357.0,291.0,User17,,
1490174836696,Mouse Moved,357.0,284.0,User17,,
1490174836697,Mouse Moved,357.0,280.0,User17,,
1490174836704,Mouse Moved,357.0,276.0,User17,,
1490174836720,Mouse Moved,357.0,271.0,User17,,
1490174836721,Mouse Moved,357.0,267.0,User17,,
1490174836743,Mouse Moved,357.0,264.0,User17,,
1490174836743,Mouse Moved,357.0,263.0,User17,,
1490174836744,Mouse Moved,357.0,261.0,User17,,
1490174836752,Mouse Moved,358.0,260.0,User17,,
1490174836763,Mouse Moved,358.0,257.0,User17,,
1490174836765,Mouse Moved,358.0,256.0,User17,,
1490174836786,Mouse Moved,359.0,255.0,User17,,
1490174836795,Mouse Moved,359.0,252.0,User17,,
1490174836809,Mouse Moved,359.0,251.0,User17,,
1490174836832,Mouse Moved,360.0,249.0,User17,,
1490174836842,Mouse Moved,360.0,246.0,User17,,
1490174836861,Mouse Moved,362.0,243.0,User17,,
1490174836877,Mouse Moved,362.0,241.0,User17,,
1490174836887,Mouse Moved,362.0,239.0,User17,,
1490174836907,Mouse Moved,363.0,238.0,User17,,
1490174836960,Mouse Moved,363.0,237.0,User17,,
1490174837009,Mouse Moved,363.0,236.0,User17,,
1490174837204,Mouse Moved,363.0,235.0,User17,,
1490174837224,Mouse Moved,363.0,232.0,User17,,
1490174837226,Mouse Moved,363.0,231.0,User17,,
1490174837249,Mouse Moved,364.0,228.0,User17,,
1490174837265,Mouse Moved,364.0,226.0,User17,,
1490174837279,Mouse Moved,365.0,225.0,User17,,
1490174837302,Mouse Moved,365.0,224.0,User17,,
1490174837328,Mouse Moved,365.0,222.0,User17,,
1490174837346,Mouse Moved,365.0,221.0,User17,,
1490174837369,Mouse Moved,365.0,220.0,User17,,
1490174837388,Mouse Moved,367.0,219.0,User17,,
1490174837398,Mouse Moved,367.0,218.0,User17,,
1490174837453,Mouse Moved,367.0,217.0,User17,,
1490174837476,Mouse Moved,368.0,215.0,User17,,
1490174837512,Mouse Moved,368.0,214.0,User17,,
1490174837555,Mouse Moved,368.0,213.0,User17,,
1490174837575,Mouse Moved,369.0,213.0,User17,,
1490174837605,Mouse Moved,369.0,212.0,User17,,
1490174837611,Mouse Moved,369.0,213.0,User17,,
1490174837612,Mouse Button.left Pressed,369.0,213.0,User17,,
1490174837903,Mouse Moved,369.0,213.0,User17,,
1490174837904,Mouse Button.left Released,369.0,213.0,User17,,
1490174838242,Mouse Moved,370.0,216.0,User17,,
1490174838243,Mouse Moved,375.0,220.0,User17,,
1490174838243,Mouse Moved,380.0,225.0,User17,,
1490174838244,Mouse Moved,386.0,228.0,User17,,
1490174838246,Mouse Moved,396.0,236.0,User17,,
1490174838246,Mouse Moved,406.0,242.0,User17,,
1490174838247,Mouse Moved,416.0,250.0,User17,,
1490174838249,Mouse Moved,425.0,256.0,User17,,
1490174838250,Mouse Moved,435.0,264.0,User17,,
1490174838250,Mouse Moved,450.0,272.0,User17,,
1490174838250,Mouse Moved,457.0,277.0,User17,,
1490174838256,Mouse Moved,467.0,283.0,User17,,
1490174838256,Mouse Moved,471.0,286.0,User17,,
1490174838257,Mouse Moved,476.0,289.0,User17,,
1490174838259,Mouse Moved,477.0,290.0,User17,,
1490174838259,Mouse Moved,478.0,292.0,User17,,
1490174838260,Mouse Moved,479.0,293.0,User17,,
1490174838260,Mouse Moved,479.0,294.0,User17,,
1490174838262,Mouse Moved,479.0,296.0,User17,,
1490174838263,Mouse Moved,478.0,301.0,User17,,
1490174838263,Mouse Moved,475.0,305.0,User17,,
1490174838263,Mouse Moved,468.0,312.0,User17,,
1490174838265,Mouse Moved,458.0,320.0,User17,,
1490174838266,Mouse Moved,451.0,326.0,User17,,
1490174838269,Mouse Moved,441.0,333.0,User17,,
1490174838269,Mouse Moved,431.0,341.0,User17,,
1490174838285,Mouse Moved,421.0,349.0,User17,,
1490174838286,Mouse Moved,411.0,357.0,User17,,
1490174838565,Mouse Moved,407.0,360.0,User17,,
1490174838565,Mouse Moved,404.0,363.0,User17,,
1490174838566,Mouse Moved,401.0,366.0,User17,,
1490174838568,Mouse Moved,396.0,369.0,User17,,
1490174838569,Mouse Moved,395.0,372.0,User17,,
1490174838569,Mouse Moved,394.0,373.0,User17,,
1490174838571,Mouse Moved,391.0,374.0,User17,,
1490174838572,Mouse Moved,390.0,377.0,User17,,
1490174838572,Mouse Moved,387.0,380.0,User17,,
1490174838575,Mouse Moved,384.0,383.0,User17,,
1490174838575,Mouse Moved,383.0,386.0,User17,,
1490174838575,Mouse Moved,380.0,389.0,User17,,
1490174838575,Mouse Moved,378.0,391.0,User17,,
1490174838576,Mouse Moved,373.0,398.0,User17,,
1490174838576,Mouse Moved,372.0,399.0,User17,,
1490174838578,Mouse Moved,368.0,405.0,User17,,
1490174838578,Mouse Moved,365.0,407.0,User17,,
1490174838579,Mouse Moved,360.0,411.0,User17,,
1490174838579,Mouse Moved,355.0,418.0,User17,,
1490174838581,Mouse Moved,350.0,423.0,User17,,
1490174838582,Mouse Moved,349.0,424.0,User17,,
1490174838582,Mouse Moved,348.0,427.0,User17,,
1490174838582,Mouse Moved,345.0,428.0,User17,,
1490174838584,Mouse Moved,344.0,431.0,User17,,
1490174838585,Mouse Moved,342.0,432.0,User17,,
1490174838585,Mouse Moved,342.0,433.0,User17,,
1490174838877,Mouse Moved,344.0,433.0,User17,,
1490174838878,Mouse Moved,345.0,431.0,User17,,
1490174838878,Mouse Moved,346.0,431.0,User17,,
1490174838880,Mouse Moved,346.0,430.0,User17,,
1490174838881,Mouse Moved,349.0,428.0,User17,,
1490174838881,Mouse Moved,351.0,425.0,User17,,
1490174838881,Mouse Moved,353.0,424.0,User17,,
1490174838882,Mouse Moved,354.0,424.0,User17,,
1490174838884,Mouse Moved,354.0,423.0,User17,,
1490174838884,Mouse Moved,355.0,423.0,User17,,
1490174839180,Mouse Moved,355.0,422.0,User17,,
1490174839181,Mouse Moved,354.0,422.0,User17,,
1490174839183,Mouse Moved,354.0,422.0,User17,,
1490174839184,Mouse Button.left Pressed,354.0,422.0,User17,,
1490174839186,Mouse Button.left Released,354.0,422.0,User17,,
1490174839210,Mouse Moved,356.0,422.0,User17,,
1490174839487,Mouse Moved,356.0,420.0,User17,,
1490174839489,Mouse Moved,356.0,393.0,User17,,
1490174839490,Mouse Moved,356.0,387.0,User17,,
1490174839490,Mouse Moved,354.0,374.0,User17,,
1490174839492,Mouse Moved,353.0,365.0,User17,,
1490174839493,Mouse Moved,353.0,360.0,User17,,
1490174839493,Mouse Moved,351.0,351.0,User17,,
1490174839493,Mouse Moved,350.0,342.0,User17,,
1490174839494,Mouse Moved,349.0,339.0,User17,,
1490174839496,Mouse Moved,349.0,332.0,User17,,
1490174839496,Mouse Moved,349.0,322.0,User17,,
1490174839496,Mouse Moved,349.0,320.0,User17,,
1490174839796,Mouse Moved,349.0,305.0,User17,,
1490174839796,Mouse Moved,349.0,304.0,User17,,
1490174839798,Mouse Moved,350.0,298.0,User17,,
1490174839799,Mouse Moved,351.0,297.0,User17,,
1490174839799,Mouse Moved,352.0,292.0,User17,,
1490174839801,Mouse Moved,354.0,288.0,User17,,
1490174839801,Mouse Moved,356.0,281.0,User17,,
1490174839802,Mouse Moved,359.0,271.0,User17,,
1490174839802,Mouse Moved,359.0,270.0,User17,,
1490174839803,Mouse Moved,361.0,263.0,User17,,
1490174839805,Mouse Moved,362.0,260.0,User17,,
1490174839805,Mouse Moved,362.0,256.0,User17,,
1490174839805,Mouse Moved,362.0,255.0,User17,,
1490174839806,Mouse Moved,363.0,251.0,User17,,
1490174839808,Mouse Moved,365.0,246.0,User17,,
1490174839809,Mouse Moved,366.0,242.0,User17,,
1490174839809,Mouse Moved,366.0,241.0,User17,,
1490174839809,Mouse Moved,366.0,240.0,User17,,
1490174839811,Mouse Moved,366.0,238.0,User17,,
1490174839812,Mouse Moved,367.0,237.0,User17,,
1490174839815,Mouse Moved,367.0,236.0,User17,,
1490174839822,Mouse Moved,367.0,234.0,User17,,
1490174840118,Mouse Moved,367.0,232.0,User17,,
1490174840118,Mouse Moved,367.0,231.0,User17,,
1490174840119,Mouse Moved,367.0,229.0,User17,,
1490174840121,Mouse Moved,367.0,224.0,User17,,
1490174840121,Mouse Moved,367.0,221.0,User17,,
1490174840122,Mouse Moved,368.0,217.0,User17,,
1490174840122,Mouse Moved,368.0,214.0,User17,,
1490174840124,Mouse Moved,371.0,209.0,User17,,
1490174840125,Mouse Moved,374.0,205.0,User17,,
1490174840125,Mouse Moved,374.0,204.0,User17,,
1490174840125,Mouse Moved,375.0,203.0,User17,,
1490174840390,Mouse Moved,375.0,202.0,User17,,
1490174840391,Mouse Moved,376.0,200.0,User17,,
1490174840392,Mouse Button.left Pressed,376.0,200.0,User17,,
1490174840394,Mouse Moved,375.0,201.0,User17,,
1490174840395,Mouse Moved,376.0,203.0,User17,,
1490174840414,Mouse Moved,378.0,211.0,User17,,
1490174840434,Mouse Moved,381.0,221.0,User17,,
1490174840436,Mouse Moved,385.0,227.0,User17,,
1490174840437,Mouse Moved,390.0,237.0,User17,,
1490174840536,Mouse Moved,396.0,247.0,User17,,
1490174840536,Mouse Moved,405.0,261.0,User17,,
1490174840538,Mouse Moved,410.0,271.0,User17,,
1490174840539,Mouse Moved,416.0,283.0,User17,,
1490174840539,Mouse Moved,422.0,293.0,User17,,
1490174840539,Mouse Moved,426.0,302.0,User17,,
1490174840540,Mouse Moved,429.0,309.0,User17,,
1490174840542,Mouse Moved,431.0,313.0,User17,,
1490174840542,Mouse Moved,432.0,318.0,User17,,
1490174840542,Mouse Moved,432.0,320.0,User17,,
1490174840543,Mouse Moved,434.0,323.0,User17,,
1490174840545,Mouse Moved,434.0,324.0,User17,,
1490174840558,Mouse Moved,434.0,327.0,User17,,
1490174840569,Mouse Moved,434.0,328.0,User17,,
1490174840586,Mouse Moved,432.0,332.0,User17,,
1490174840598,Mouse Moved,431.0,335.0,User17,,
1490174840617,Mouse Moved,429.0,337.0,User17,,
1490174840618,Mouse Moved,429.0,340.0,User17,,
1490174840619,Mouse Moved,428.0,341.0,User17,,
1490174840634,Mouse Moved,426.0,343.0,User17,,
1490174840645,Mouse Moved,423.0,345.0,User17,,
1490174840655,Mouse Moved,420.0,347.0,User17,,
1490174840676,Mouse Moved,419.0,348.0,User17,,
1490174840677,Mouse Moved,416.0,349.0,User17,,
1490174840686,Mouse Moved,415.0,350.0,User17,,
1490174840706,Mouse Moved,413.0,352.0,User17,,
1490174840707,Mouse Moved,411.0,353.0,User17,,
1490174840716,Mouse Moved,410.0,353.0,User17,,
1490174840753,Mouse Moved,409.0,354.0,User17,,
1490174840755,Mouse Moved,408.0,354.0,User17,,
1490174840783,Mouse Moved,408.0,355.0,User17,,
1490174840792,Mouse Moved,405.0,356.0,User17,,
1490174840812,Mouse Moved,401.0,361.0,User17,,
1490174840823,Mouse Moved,395.0,371.0,User17,,
1490174840838,Mouse Moved,392.0,375.0,User17,,
1490174840839,Mouse Moved,389.0,380.0,User17,,
1490174840851,Mouse Moved,387.0,386.0,User17,,
1490174840865,Mouse Moved,384.0,391.0,User17,,
1490174840867,Mouse Moved,383.0,395.0,User17,,
1490174840881,Mouse Moved,377.0,404.0,User17,,
1490174840882,Mouse Moved,376.0,409.0,User17,,
1490174840895,Mouse Moved,374.0,411.0,User17,,
1490174840897,Mouse Moved,371.0,416.0,User17,,
1490174840911,Mouse Moved,370.0,417.0,User17,,
1490174840911,Mouse Moved,369.0,418.0,User17,,
1490174840927,Mouse Moved,368.0,421.0,User17,,
1490174840948,Mouse Moved,365.0,422.0,User17,,
1490174840959,Mouse Moved,364.0,424.0,User17,,
1490174841012,Mouse Moved,363.0,424.0,User17,,
1490174841035,Mouse Moved,363.0,425.0,User17,,
1490174841058,Mouse Moved,361.0,425.0,User17,,
1490174841122,Mouse Moved,362.0,425.0,User17,,
1490174841124,Mouse Moved,362.0,425.0,User17,,
1490174841125,Mouse Button.left Pressed,362.0,425.0,User17,,
1490174841209,Mouse Moved,362.0,425.0,User17,,
1490174841210,Mouse Button.left Released,362.0,425.0,User17,,
1490174841336,Mouse Moved,361.0,421.0,User17,,
1490174841338,Mouse Moved,361.0,415.0,User17,,
1490174841352,Mouse Moved,361.0,408.0,User17,,
1490174841354,Mouse Moved,361.0,400.0,User17,,
1490174841368,Mouse Moved,361.0,387.0,User17,,
1490174841368,Mouse Moved,361.0,373.0,User17,,
1490174841382,Mouse Moved,361.0,359.0,User17,,
1490174841384,Mouse Moved,361.0,343.0,User17,,
1490174841403,Mouse Moved,361.0,331.0,User17,,
1490174841404,Mouse Moved,361.0,315.0,User17,,
1490174841413,Mouse Moved,361.0,307.0,User17,,
1490174841414,Mouse Moved,361.0,295.0,User17,,
1490174841433,Mouse Moved,361.0,289.0,User17,,
1490174841434,Mouse Moved,361.0,283.0,User17,,
1490174841441,Mouse Moved,361.0,279.0,User17,,
1490174841457,Mouse Moved,361.0,274.0,User17,,
1490174841459,Mouse Moved,361.0,270.0,User17,,
1490174841482,Mouse Moved,361.0,269.0,User17,,
1490174841483,Mouse Moved,361.0,266.0,User17,,
1490174841483,Mouse Moved,363.0,262.0,User17,,
1490174841490,Mouse Moved,363.0,259.0,User17,,
1490174841490,Mouse Moved,364.0,258.0,User17,,
1490174841505,Mouse Moved,364.0,256.0,User17,,
1490174841519,Mouse Moved,366.0,251.0,User17,,
1490174841519,Mouse Moved,366.0,249.0,User17,,
1490174841533,Mouse Moved,366.0,246.0,User17,,
1490174841535,Mouse Moved,366.0,245.0,User17,,
1490174841559,Mouse Moved,367.0,239.0,User17,,
1490174841559,Mouse Moved,367.0,238.0,User17,,
1490174841561,Mouse Moved,367.0,233.0,User17,,
1490174841569,Mouse Moved,367.0,227.0,User17,,
1490174841569,Mouse Moved,368.0,225.0,User17,,
1490174841588,Mouse Moved,368.0,222.0,User17,,
1490174841589,Mouse Moved,368.0,217.0,User17,,
1490174841601,Mouse Moved,368.0,215.0,User17,,
1490174841618,Mouse Moved,368.0,213.0,User17,,
1490174841619,Mouse Moved,368.0,212.0,User17,,
1490174841628,Mouse Moved,368.0,211.0,User17,,
1490174841811,Mouse Moved,368.0,210.0,User17,,
1490174841816,Mouse Moved,368.0,210.0,User17,,
1490174841818,Mouse Button.left Pressed,368.0,210.0,User17,,
1490174841894,Mouse Moved,368.0,210.0,User17,,
1490174841895,Mouse Button.left Released,368.0,210.0,User17,,
1490174842019,Mouse Moved,368.0,212.0,User17,,
1490174842055,Mouse Moved,368.0,217.0,User17,,
1490174842056,Mouse Moved,367.0,219.0,User17,,
1490174842068,Mouse Moved,367.0,230.0,User17,,
1490174842069,Mouse Moved,367.0,238.0,User17,,
1490174842079,Mouse Moved,367.0,247.0,User17,,
1490174842102,Mouse Moved,367.0,258.0,User17,,
1490174842104,Mouse Moved,367.0,269.0,User17,,
1490174842105,Mouse Moved,367.0,280.0,User17,,
1490174842112,Mouse Moved,369.0,294.0,User17,,
1490174842134,Mouse Moved,369.0,303.0,User17,,
1490174842134,Mouse Moved,371.0,317.0,User17,,
1490174842135,Mouse Moved,371.0,331.0,User17,,
1490174842142,Mouse Moved,371.0,337.0,User17,,
1490174842144,Mouse Moved,373.0,349.0,User17,,
1490174842157,Mouse Moved,373.0,361.0,User17,,
1490174842173,Mouse Moved,374.0,369.0,User17,,
1490174842174,Mouse Moved,374.0,383.0,User17,,
1490174842194,Mouse Moved,376.0,395.0,User17,,
1490174842194,Mouse Moved,376.0,408.0,User17,,
1490174842196,Mouse Moved,376.0,420.0,User17,,
1490174842203,Mouse Moved,378.0,434.0,User17,,
1490174842223,Mouse Moved,378.0,454.0,User17,,
1490174842234,Mouse Moved,378.0,456.0,User17,,
1490174842253,Mouse Moved,378.0,457.0,User17,,
1490174842404,Mouse Moved,378.0,455.0,User17,,
1490174842414,Mouse Moved,377.0,446.0,User17,,
1490174842434,Mouse Moved,377.0,440.0,User17,,
1490174842436,Mouse Moved,375.0,436.0,User17,,
1490174842437,Mouse Moved,374.0,429.0,User17,,
1490174842444,Mouse Moved,374.0,428.0,User17,,
1490174842464,Mouse Moved,372.0,424.0,User17,,
1490174842467,Mouse Moved,372.0,422.0,User17,,
1490174842467,Mouse Moved,371.0,417.0,User17,,
1490174842480,Mouse Moved,371.0,416.0,User17,,
1490174842487,Mouse Moved,370.0,415.0,User17,,
1490174842503,Mouse Moved,370.0,414.0,User17,,
1490174842517,Mouse Moved,370.0,413.0,User17,,
1490174842615,Mouse Moved,370.0,411.0,User17,,
1490174842749,Mouse Moved,368.0,411.0,User17,,
1490174842779,Mouse Moved,366.0,414.0,User17,,
1490174842779,Mouse Moved,363.0,415.0,User17,,
1490174842789,Mouse Moved,362.0,417.0,User17,,
1490174842802,Mouse Moved,359.0,418.0,User17,,
1490174842825,Mouse Moved,358.0,419.0,User17,,
1490174842855,Mouse Moved,357.0,419.0,User17,,
1490174842884,Mouse Moved,358.0,419.0,User17,,
1490174842885,Mouse Button.left Pressed,358.0,419.0,User17,,
1490174842976,Mouse Moved,358.0,419.0,User17,,
1490174842977,Mouse Button.left Released,358.0,419.0,User17,,
1490174843019,Mouse Moved,357.0,420.0,User17,,
1490174843894,Mouse Moved,381.0,451.0,User17,,
1490174843914,Mouse Moved,394.0,467.0,User17,,
1490174843915,Mouse Moved,413.0,485.0,User17,,
1490174843917,Mouse Moved,437.0,509.0,User17,,
1490174843924,Mouse Moved,460.0,535.0,User17,,
1490174843940,Mouse Moved,481.0,555.0,User17,,
1490174843940,Mouse Moved,499.0,573.0,User17,,
1490174843961,Mouse Moved,537.0,612.0,User17,,
1490174843971,Mouse Moved,542.0,615.0,User17,,
1490174844153,Mouse Moved,543.0,615.0,User17,,
1490174844180,Mouse Moved,543.0,612.0,User17,,
1490174844196,Mouse Moved,544.0,606.0,User17,,
1490174844197,Mouse Moved,544.0,603.0,User17,,
1490174844211,Mouse Moved,546.0,599.0,User17,,
1490174844213,Mouse Moved,546.0,596.0,User17,,
1490174844226,Mouse Moved,546.0,592.0,User17,,
1490174844227,Mouse Moved,546.0,589.0,User17,,
1490174844240,Mouse Moved,546.0,588.0,User17,,
1490174844240,Mouse Moved,546.0,587.0,User17,,
1490174844255,Mouse Moved,546.0,584.0,User17,,
1490174844256,Mouse Moved,546.0,583.0,User17,,
1490174844269,Mouse Moved,546.0,582.0,User17,,
1490174844299,Mouse Moved,546.0,581.0,User17,,
1490174844329,Mouse Moved,546.0,580.0,User17,,
1490174844359,Mouse Moved,547.0,579.0,User17,,
1490174844388,Mouse Moved,547.0,577.0,User17,,
1490174844404,Mouse Moved,548.0,576.0,User17,,
1490174844434,Mouse Moved,551.0,574.0,User17,,
1490174844450,Mouse Moved,554.0,571.0,User17,,
1490174844464,Mouse Moved,555.0,569.0,User17,,
1490174844480,Mouse Moved,556.0,568.0,User17,,
1490174844494,Mouse Moved,556.0,567.0,User17,,
1490174844509,Mouse Moved,557.0,566.0,User17,,
1490174844525,Mouse Moved,565.0,561.0,User17,,
1490174844540,Mouse Moved,568.0,560.0,User17,,
1490174844542,Mouse Moved,569.0,560.0,User17,,
1490174844555,Mouse Moved,575.0,557.0,User17,,
1490174844555,Mouse Moved,576.0,557.0,User17,,
1490174844569,Mouse Moved,577.0,556.0,User17,,
1490174844571,Mouse Moved,579.0,555.0,User17,,
1490174844585,Mouse Moved,581.0,555.0,User17,,
1490174844599,Mouse Moved,583.0,555.0,User17,,
1490174844601,Mouse Moved,586.0,553.0,User17,,
1490174844621,Mouse Moved,588.0,553.0,User17,,
1490174844622,Mouse Moved,590.0,552.0,User17,,
1490174844631,Mouse Moved,592.0,552.0,User17,,
1490174844644,Mouse Moved,593.0,552.0,User17,,
1490174844645,Mouse Moved,596.0,551.0,User17,,
1490174844670,Mouse Moved,597.0,551.0,User17,,
1490174844678,Mouse Moved,598.0,551.0,User17,,
1490174844698,Mouse Moved,601.0,551.0,User17,,
1490174844730,Mouse Moved,602.0,550.0,User17,,
1490174844739,Mouse Moved,603.0,550.0,User17,,
1490174844752,Mouse Moved,605.0,550.0,User17,,
1490174844785,Mouse Moved,607.0,550.0,User17,,
1490174844806,Mouse Moved,608.0,551.0,User17,,
1490174844815,Mouse Moved,610.0,553.0,User17,,
1490174844835,Mouse Moved,612.0,556.0,User17,,
1490174844845,Mouse Moved,613.0,557.0,User17,,
1490174844878,Mouse Moved,614.0,559.0,User17,,
1490174844880,Mouse Moved,614.0,561.0,User17,,
1490174844910,Mouse Moved,615.0,562.0,User17,,
1490174844930,Mouse Moved,615.0,563.0,User17,,
1490174844953,Mouse Moved,616.0,565.0,User17,,
1490174845016,Mouse Moved,616.0,564.0,User17,,
1490174845017,Mouse Moved,616.0,564.0,User17,,
1490174845019,Mouse Button.left Pressed,616.0,564.0,User17,,
1490174845111,Mouse Moved,616.0,564.0,User17,,
1490174845112,Mouse Button.left Released,616.0,564.0,User17,,
1490174846062,Mouse Moved,616.0,566.0,User17,,
1490174846081,Mouse Moved,615.0,568.0,User17,,
1490174846091,Mouse Moved,612.0,571.0,User17,,
1490174846117,Mouse Moved,606.0,576.0,User17,,
1490174846118,Mouse Moved,603.0,578.0,User17,,
1490174846125,Mouse Moved,600.0,579.0,User17,,
1490174846125,Mouse Moved,589.0,585.0,User17,,
1490174846144,Mouse Moved,580.0,586.0,User17,,
1490174846145,Mouse Moved,576.0,586.0,User17,,
1490174846157,Mouse Moved,571.0,588.0,User17,,
1490174846157,Mouse Moved,569.0,588.0,User17,,
1490174846167,Mouse Moved,566.0,588.0,User17,,
1490174846183,Mouse Moved,565.0,588.0,User17,,
1490174846184,Mouse Moved,562.0,588.0,User17,,
1490174846207,Mouse Moved,560.0,588.0,User17,,
1490174846207,Mouse Moved,559.0,588.0,User17,,
1490174846209,Mouse Moved,556.0,587.0,User17,,
1490174846220,Mouse Moved,552.0,585.0,User17,,
1490174846246,Mouse Moved,547.0,583.0,User17,,
1490174846266,Mouse Moved,541.0,579.0,User17,,
1490174846276,Mouse Moved,538.0,579.0,User17,,
1490174846296,Mouse Moved,533.0,576.0,User17,,
1490174846298,Mouse Moved,532.0,576.0,User17,,
1490174846299,Mouse Moved,530.0,575.0,User17,,
1490174846311,Mouse Moved,527.0,575.0,User17,,
1490174846312,Mouse Moved,524.0,573.0,User17,,
1490174846321,Mouse Moved,518.0,572.0,User17,,
1490174846341,Mouse Moved,517.0,572.0,User17,,
1490174846342,Mouse Moved,511.0,570.0,User17,,
1490174846351,Mouse Moved,507.0,569.0,User17,,
1490174846351,Mouse Moved,506.0,569.0,User17,,
1490174846365,Mouse Moved,502.0,567.0,User17,,
1490174846365,Mouse Moved,500.0,567.0,User17,,
1490174846381,Mouse Moved,498.0,567.0,User17,,
1490174846397,Mouse Moved,497.0,566.0,User17,,
1490174846411,Mouse Moved,496.0,566.0,User17,,
1490174846430,Mouse Moved,493.0,566.0,User17,,
1490174846440,Mouse Moved,491.0,566.0,User17,,
1490174846460,Mouse Moved,488.0,565.0,User17,,
1490174846471,Mouse Moved,487.0,565.0,User17,,
1490174846492,Mouse Moved,484.0,564.0,User17,,
1490174846529,Mouse Moved,485.0,564.0,User17,,
1490174846530,Mouse Button.left Pressed,485.0,564.0,User17,,
1490174846614,Mouse Moved,485.0,564.0,User17,,
1490174846615,Mouse Button.left Released,485.0,564.0,User17,,
1490174847000,Mouse Moved,480.0,564.0,User17,,
1490174847000,Mouse Moved,469.0,562.0,User17,,
1490174847013,Mouse Moved,455.0,558.0,User17,,
1490174847015,Mouse Moved,443.0,554.0,User17,,
1490174847036,Mouse Moved,380.0,527.0,User17,,
1490174847046,Mouse Moved,360.0,516.0,User17,,
1490174847062,Mouse Moved,330.0,496.0,User17,,
1490174847073,Mouse Moved,323.0,491.0,User17,,
1490174847088,Mouse Moved,313.0,481.0,User17,,
1490174847089,Mouse Moved,307.0,471.0,User17,,
1490174847112,Mouse Moved,304.0,462.0,User17,,
1490174847114,Mouse Moved,302.0,448.0,User17,,
1490174847115,Mouse Moved,300.0,434.0,User17,,
1490174847115,Mouse Moved,297.0,412.0,User17,,
1490174847128,Mouse Moved,295.0,390.0,User17,,
1490174847128,Mouse Moved,293.0,360.0,User17,,
1490174847138,Mouse Moved,291.0,333.0,User17,,
1490174847157,Mouse Moved,286.0,308.0,User17,,
1490174847158,Mouse Moved,284.0,283.0,User17,,
1490174847167,Mouse Moved,277.0,264.0,User17,,
1490174847168,Mouse Moved,275.0,252.0,User17,,
1490174847187,Mouse Moved,274.0,243.0,User17,,
1490174847188,Mouse Moved,270.0,236.0,User17,,
1490174847197,Mouse Moved,269.0,232.0,User17,,
1490174847198,Mouse Moved,267.0,227.0,User17,,
1490174847210,Mouse Moved,267.0,226.0,User17,,
1490174847230,Mouse Moved,266.0,225.0,User17,,
1490174847232,Mouse Moved,265.0,224.0,User17,,
1490174847260,Mouse Moved,265.0,223.0,User17,,
1490174847269,Mouse Moved,264.0,223.0,User17,,
1490174847460,Mouse Moved,261.0,224.0,User17,,
1490174847470,Mouse Moved,258.0,229.0,User17,,
1490174847493,Mouse Moved,255.0,232.0,User17,,
1490174847500,Mouse Moved,254.0,234.0,User17,,
1490174847513,Mouse Moved,251.0,237.0,User17,,
1490174847515,Mouse Moved,250.0,238.0,User17,,
1490174847529,Mouse Moved,250.0,240.0,User17,,
1490174847543,Mouse Moved,249.0,241.0,User17,,
1490174847568,Mouse Moved,249.0,242.0,User17,,
1490174847578,Mouse Moved,247.0,242.0,User17,,
1490174847598,Mouse Moved,246.0,243.0,User17,,
1490174847621,Mouse Moved,246.0,244.0,User17,,
1490174847635,Mouse Moved,245.0,244.0,User17,,
1490174847641,Mouse Moved,246.0,244.0,User17,,
1490174847642,Mouse Moved,246.0,244.0,User17,,
1490174847736,Mouse Moved,246.0,244.0,User17,,
1490174847832,Mouse Moved,245.0,245.0,User17,,
1490174847864,Mouse Moved,245.0,249.0,User17,,
1490174847865,Mouse Moved,245.0,254.0,User17,,
1490174847884,Mouse Moved,245.0,256.0,User17,,
1490174847884,Mouse Moved,245.0,261.0,User17,,
1490174847885,Mouse Moved,245.0,265.0,User17,,
1490174847894,Mouse Moved,245.0,271.0,User17,,
1490174847907,Mouse Moved,245.0,276.0,User17,,
1490174847908,Mouse Moved,245.0,277.0,User17,,
1490174847923,Mouse Moved,245.0,282.0,User17,,
1490174847924,Mouse Moved,245.0,283.0,User17,,
1490174847941,Mouse Moved,246.0,287.0,User17,,
1490174847943,Mouse Moved,246.0,289.0,User17,,
1490174847961,Mouse Moved,246.0,292.0,User17,,
1490174847986,Mouse Moved,246.0,293.0,User17,,
1490174848000,Mouse Moved,246.0,295.0,User17,,
1490174848053,Mouse Moved,246.0,297.0,User17,,
1490174848085,Mouse Moved,246.0,299.0,User17,,
1490174848095,Mouse Moved,245.0,302.0,User17,,
1490174848115,Mouse Moved,245.0,305.0,User17,,
1490174848125,Mouse Moved,244.0,309.0,User17,,
1490174848144,Mouse Moved,244.0,311.0,User17,,
1490174848154,Mouse Moved,244.0,314.0,User17,,
1490174848174,Mouse Moved,244.0,317.0,User17,,
1490174848184,Mouse Moved,244.0,318.0,User17,,
1490174848257,Mouse Moved,244.0,318.0,User17,,
1490174848259,Mouse Button.left Pressed,244.0,318.0,User17,,
1490174848328,Mouse Moved,244.0,318.0,User17,,
1490174848457,Mouse Moved,244.0,322.0,User17,,
1490174848474,Mouse Moved,244.0,328.0,User17,,
1490174848490,Mouse Moved,244.0,331.0,User17,,
1490174848492,Mouse Moved,244.0,335.0,User17,,
1490174848493,Mouse Moved,244.0,340.0,User17,,
1490174848500,Mouse Moved,244.0,344.0,User17,,
1490174848516,Mouse Moved,244.0,347.0,User17,,
1490174848517,Mouse Moved,244.0,348.0,User17,,
1490174848530,Mouse Moved,244.0,352.0,User17,,
1490174848532,Mouse Moved,244.0,355.0,User17,,
1490174848546,Mouse Moved,244.0,362.0,User17,,
1490174848562,Mouse Moved,244.0,363.0,User17,,
1490174848576,Mouse Moved,244.0,364.0,User17,,
1490174848592,Mouse Moved,244.0,365.0,User17,,
1490174848644,Mouse Moved,244.0,365.0,User17,,
1490174848645,Mouse Button.left Pressed,244.0,365.0,User17,,
1490174848740,Mouse Moved,244.0,365.0,User17,,
1490174848996,Mouse Moved,244.0,368.0,User17,,
1490174849010,Mouse Moved,242.0,374.0,User17,,
1490174849026,Mouse Moved,242.0,378.0,User17,,
1490174849028,Mouse Moved,242.0,384.0,User17,,
1490174849040,Mouse Moved,242.0,389.0,User17,,
1490174849042,Mouse Moved,242.0,393.0,User17,,
1490174849059,Mouse Moved,242.0,399.0,User17,,
1490174849061,Mouse Moved,242.0,404.0,User17,,
1490174849062,Mouse Moved,242.0,408.0,User17,,
1490174849072,Mouse Moved,242.0,412.0,User17,,
1490174849085,Mouse Moved,242.0,413.0,User17,,
1490174849086,Mouse Moved,242.0,415.0,User17,,
1490174849102,Mouse Moved,242.0,416.0,User17,,
1490174849176,Mouse Moved,242.0,416.0,User17,,
1490174849177,Mouse Button.left Pressed,242.0,416.0,User17,,
1490174849292,Mouse Moved,242.0,416.0,User17,,
1490174849589,Mouse Moved,245.0,413.0,User17,,
1490174849609,Mouse Moved,246.0,410.0,User17,,
1490174849618,Mouse Moved,249.0,407.0,User17,,
1490174849637,Mouse Moved,253.0,405.0,User17,,
1490174849647,Mouse Moved,256.0,404.0,User17,,
1490174849663,Mouse Moved,257.0,402.0,User17,,
1490174849677,Mouse Moved,259.0,401.0,User17,,
1490174849693,Mouse Moved,261.0,400.0,User17,,
1490174849709,Mouse Moved,262.0,399.0,User17,,
1490174849721,Mouse Moved,262.0,398.0,User17,,
1490174849743,Mouse Moved,262.0,398.0,User17,,
1490174849744,Mouse Button.left Pressed,262.0,398.0,User17,,
1490174849836,Mouse Moved,262.0,398.0,User17,,
1490174849838,Mouse Button.left Released,262.0,398.0,User17,,
1490174850493,Mouse Moved,262.0,402.0,User17,,
1490174850512,Mouse Moved,262.0,406.0,User17,,
1490174850522,Mouse Moved,262.0,414.0,User17,,
1490174850542,Mouse Moved,262.0,431.0,User17,,
1490174850552,Mouse Moved,262.0,437.0,User17,,
1490174850572,Mouse Moved,262.0,460.0,User17,,
1490174850582,Mouse Moved,268.0,472.0,User17,,
1490174850605,Mouse Moved,287.0,519.0,User17,,
1490174850617,Mouse Moved,299.0,543.0,User17,,
1490174850635,Mouse Moved,306.0,561.0,User17,,
1490174850647,Mouse Moved,310.0,571.0,User17,,
1490174850658,Mouse Moved,313.0,583.0,User17,,
1490174850674,Mouse Moved,315.0,596.0,User17,,
1490174850690,Mouse Moved,316.0,605.0,User17,,
1490174850709,Mouse Moved,316.0,616.0,User17,,
1490174850729,Mouse Moved,316.0,624.0,User17,,
1490174850739,Mouse Moved,318.0,628.0,User17,,
1490174850757,Mouse Moved,318.0,634.0,User17,,
1490174850767,Mouse Moved,318.0,636.0,User17,,
1490174850789,Mouse Moved,318.0,642.0,User17,,
1490174850803,Mouse Moved,318.0,643.0,User17,,
1490174850813,Mouse Moved,318.0,645.0,User17,,
1490174850858,Mouse Moved,318.0,646.0,User17,,
1490174850871,Mouse Moved,318.0,649.0,User17,,
1490174850903,Mouse Moved,316.0,662.0,User17,,
1490174850917,Mouse Moved,315.0,675.0,User17,,
1490174850930,Mouse Moved,313.0,687.0,User17,,
1490174850950,Mouse Moved,308.0,703.0,User17,,
1490174850960,Mouse Moved,300.0,726.0,User17,,
1490174850980,Mouse Moved,293.0,742.0,User17,,
1490174850990,Mouse Moved,287.0,756.0,User17,,
1490174851013,Mouse Moved,284.0,765.0,User17,,
1490174853733,Mouse Moved,485.0,746.0,User17,,
1490174853753,Mouse Moved,473.0,722.0,User17,,
1490174853763,Mouse Moved,456.0,689.0,User17,,
1490174853782,Mouse Moved,436.0,652.0,User17,,
1490174853799,Mouse Moved,427.0,634.0,User17,,
1490174853799,Mouse Moved,414.0,611.0,User17,,
1490174853806,Mouse Moved,402.0,589.0,User17,,
1490174853828,Mouse Moved,391.0,566.0,User17,,
1490174853828,Mouse Moved,382.0,549.0,User17,,
1490174853829,Mouse Moved,373.0,529.0,User17,,
1490174853838,Mouse Moved,365.0,511.0,User17,,
1490174853851,Mouse Moved,359.0,502.0,User17,,
1490174853851,Mouse Moved,356.0,495.0,User17,,
1490174853867,Mouse Moved,352.0,486.0,User17,,
1490174853868,Mouse Moved,349.0,481.0,User17,,
1490174853881,Mouse Moved,347.0,476.0,User17,,
1490174853881,Mouse Moved,344.0,470.0,User17,,
1490174853898,Mouse Moved,340.0,461.0,User17,,
1490174853900,Mouse Moved,337.0,451.0,User17,,
1490174853918,Mouse Moved,332.0,432.0,User17,,
1490174853920,Mouse Moved,328.0,417.0,User17,,
1490174853921,Mouse Moved,324.0,406.0,User17,,
1490174853928,Mouse Moved,320.0,391.0,User17,,
1490174853948,Mouse Moved,319.0,385.0,User17,,
1490174853950,Mouse Moved,315.0,376.0,User17,,
1490174853959,Mouse Moved,311.0,366.0,User17,,
1490174853960,Mouse Moved,308.0,362.0,User17,,
1490174853979,Mouse Moved,307.0,357.0,User17,,
1490174853980,Mouse Moved,307.0,356.0,User17,,
1490174853989,Mouse Moved,305.0,355.0,User17,,
1490174853990,Mouse Moved,305.0,354.0,User17,,
1490174854012,Mouse Moved,304.0,353.0,User17,,
1490174854022,Mouse Moved,304.0,351.0,User17,,
1490174854065,Mouse Moved,304.0,349.0,User17,,
1490174854104,Mouse Moved,303.0,346.0,User17,,
1490174854105,Mouse Moved,303.0,345.0,User17,,
1490174854115,Mouse Moved,302.0,345.0,User17,,
1490174854233,Mouse Moved,302.0,344.0,User17,,
1490174854345,Mouse Moved,301.0,345.0,User17,,
1490174854358,Mouse Moved,296.0,348.0,User17,,
1490174854368,Mouse Moved,294.0,349.0,User17,,
1490174854392,Mouse Moved,291.0,349.0,User17,,
1490174854394,Mouse Moved,290.0,350.0,User17,,
1490174854395,Mouse Moved,289.0,351.0,User17,,
1490174854401,Mouse Moved,288.0,351.0,User17,,
1490174854430,Mouse Moved,286.0,351.0,User17,,
1490174854450,Mouse Moved,285.0,351.0,User17,,
1490174854460,Mouse Moved,284.0,351.0,User17,,
1490174854477,Mouse Moved,285.0,351.0,User17,,
1490174854479,Mouse Moved,285.0,351.0,User17,,
1490174854549,Mouse Moved,285.0,351.0,User17,,
1490174854551,Mouse Button.left Released,285.0,351.0,User17,,
1490174854588,Mouse Moved,284.0,353.0,User17,,
1490174854720,Mouse Moved,298.0,342.0,User17,,
1490174854720,Mouse Moved,302.0,338.0,User17,,
1490174854740,Mouse Moved,312.0,330.0,User17,,
1490174854740,Mouse Moved,322.0,320.0,User17,,
1490174854750,Mouse Moved,337.0,307.0,User17,,
1490174854769,Mouse Moved,376.0,269.0,User17,,
1490174854780,Mouse Moved,386.0,261.0,User17,,
1490174854802,Mouse Moved,413.0,233.0,User17,,
1490174854812,Mouse Moved,418.0,228.0,User17,,
1490174854826,Mouse Moved,423.0,223.0,User17,,
1490174854828,Mouse Moved,427.0,218.0,User17,,
1490174854846,Mouse Moved,428.0,217.0,User17,,
1490174854848,Mouse Moved,430.0,216.0,User17,,
1490174854857,Mouse Moved,431.0,216.0,User17,,
1490174854885,Mouse Moved,432.0,215.0,User17,,
1490174854900,Mouse Moved,433.0,214.0,User17,,
1490174854914,Mouse Moved,436.0,214.0,User17,,
1490174854937,Mouse Moved,437.0,213.0,User17,,
1490174854967,Mouse Moved,438.0,213.0,User17,,
1490174854976,Mouse Moved,438.0,211.0,User17,,
1490174855039,Mouse Moved,437.0,211.0,User17,,
1490174855059,Mouse Moved,436.0,211.0,User17,,
1490174855082,Mouse Moved,434.0,210.0,User17,,
1490174855102,Mouse Moved,431.0,210.0,User17,,
1490174855111,Mouse Moved,428.0,209.0,User17,,
1490174855131,Mouse Moved,422.0,206.0,User17,,
1490174855141,Mouse Moved,415.0,202.0,User17,,
1490174855161,Mouse Moved,414.0,199.0,User17,,
1490174855171,Mouse Moved,412.0,193.0,User17,,
1490174855190,Mouse Moved,411.0,188.0,User17,,
1490174855200,Mouse Moved,410.0,187.0,User17,,
1490174855220,Mouse Moved,410.0,186.0,User17,,
1490174855250,Mouse Moved,410.0,185.0,User17,,
1490174855338,Mouse Moved,410.0,184.0,User17,,
1490174855358,Mouse Moved,409.0,182.0,User17,,
1490174855372,Mouse Moved,407.0,180.0,User17,,
1490174855404,Mouse Moved,400.0,174.0,User17,,
1490174855413,Mouse Moved,397.0,174.0,User17,,
1490174855426,Mouse Moved,394.0,173.0,User17,,
1490174855447,Mouse Moved,391.0,172.0,User17,,
1490174855483,Mouse Moved,390.0,170.0,User17,,
1490174855492,Mouse Moved,389.0,170.0,User17,,
1490174855512,Mouse Moved,385.0,169.0,User17,,
1490174855519,Mouse Moved,382.0,168.0,User17,,
1490174855539,Mouse Moved,379.0,165.0,User17,,
1490174855559,Mouse Moved,376.0,164.0,User17,,
1490174855569,Mouse Moved,373.0,161.0,User17,,
1490174855588,Mouse Moved,361.0,153.0,User17,,
1490174855598,Mouse Moved,358.0,152.0,User17,,
1490174855612,Mouse Moved,349.0,146.0,User17,,
1490174855628,Mouse Moved,347.0,145.0,User17,,
1490174855628,Mouse Moved,346.0,143.0,User17,,
1490174855650,Mouse Moved,345.0,143.0,User17,,
1490174855651,Mouse Moved,344.0,142.0,User17,,
1490174855681,Mouse Moved,343.0,141.0,User17,,
1490174855687,Mouse Moved,340.0,139.0,User17,,
1490174855703,Mouse Moved,335.0,134.0,User17,,
1490174855704,Mouse Moved,333.0,132.0,User17,,
1490174855717,Mouse Moved,330.0,128.0,User17,,
1490174855740,Mouse Moved,328.0,125.0,User17,,
1490174855750,Mouse Moved,323.0,121.0,User17,,
1490174855769,Mouse Moved,322.0,121.0,User17,,
1490174855799,Mouse Moved,320.0,118.0,User17,,
1490174855809,Mouse Moved,317.0,117.0,User17,,
1490174855822,Mouse Moved,314.0,114.0,User17,,
1490174855838,Mouse Moved,307.0,110.0,User17,,
1490174855852,Mouse Moved,306.0,109.0,User17,,
1490174855871,Mouse Moved,305.0,109.0,User17,,
1490174855888,Mouse Moved,304.0,108.0,User17,,
1490174855944,Mouse Moved,301.0,107.0,User17,,
1490174855959,Mouse Moved,282.0,99.0,User17,,
1490174855979,Mouse Moved,268.0,97.0,User17,,
1490174855980,Mouse Moved,259.0,95.0,User17,,
1490174855989,Mouse Moved,250.0,93.0,User17,,
1490174856009,Mouse Moved,238.0,89.0,User17,,
1490174856009,Mouse Moved,229.0,88.0,User17,,
1490174856010,Mouse Moved,220.0,86.0,User17,,
1490174856017,Mouse Moved,216.0,86.0,User17,,
1490174856033,Mouse Moved,207.0,84.0,User17,,
1490174856035,Mouse Moved,199.0,84.0,User17,,
1490174856056,Mouse Moved,190.0,82.0,User17,,
1490174856058,Mouse Moved,182.0,82.0,User17,,
1490174856059,Mouse Moved,167.0,80.0,User17,,
1490174856065,Mouse Moved,156.0,78.0,User17,,
1490174856078,Mouse Moved,147.0,77.0,User17,,
1490174856079,Mouse Moved,143.0,75.0,User17,,
1490174856104,Mouse Moved,138.0,74.0,User17,,
1490174856105,Mouse Moved,134.0,74.0,User17,,
1490174856105,Mouse Moved,133.0,72.0,User17,,
1490174856114,Mouse Moved,131.0,72.0,User17,,
1490174856128,Mouse Moved,130.0,72.0,User17,,
1490174856223,Mouse Moved,129.0,72.0,User17,,
1490174856247,Mouse Moved,116.0,74.0,User17,,
1490174856250,Mouse Moved,107.0,76.0,User17,,
1490174856267,Mouse Moved,97.0,77.0,User17,,
1490174856279,Mouse Moved,88.0,77.0,User17,,
1490174856299,Mouse Moved,82.0,79.0,User17,,
1490174856305,Mouse Moved,81.0,79.0,User17,,
1490174856322,Mouse Moved,80.0,79.0,User17,,
1490174856335,Mouse Moved,79.0,79.0,User17,,
1490174856351,Mouse Moved,76.0,79.0,User17,,
1490174856374,Mouse Moved,70.0,79.0,User17,,
1490174856375,Mouse Moved,66.0,79.0,User17,,
1490174856375,Mouse Moved,64.0,79.0,User17,,
1490174856384,Mouse Moved,61.0,79.0,User17,,
1490174856395,Mouse Moved,59.0,79.0,User17,,
1490174856415,Mouse Moved,58.0,79.0,User17,,
1490174856426,Mouse Moved,57.0,79.0,User17,,
1490174856450,Mouse Moved,56.0,79.0,User17,,
1490174856480,Mouse Moved,53.0,79.0,User17,,
1490174856482,Mouse Moved,47.0,79.0,User17,,
1490174856490,Mouse Moved,43.0,79.0,User17,,
1490174856510,Mouse Moved,38.0,79.0,User17,,
1490174856520,Mouse Moved,37.0,79.0,User17,,
1490174857035,Mouse Moved,42.0,77.0,User17,,
1490174857055,Mouse Moved,48.0,76.0,User17,,
1490174857063,Mouse Moved,54.0,75.0,User17,,
1490174857078,Mouse Moved,68.0,69.0,User17,,
1490174857092,Mouse Moved,79.0,66.0,User17,,
1490174857114,Mouse Moved,92.0,63.0,User17,,
1490174857124,Mouse Moved,102.0,61.0,User17,,
1490174857142,Mouse Moved,112.0,58.0,User17,,
1490174857144,Mouse Moved,121.0,56.0,User17,,
1490174857144,Mouse Moved,137.0,54.0,User17,,
1490174857153,Mouse Moved,151.0,52.0,User17,,
1490174857171,Mouse Moved,168.0,52.0,User17,,
1490174857171,Mouse Moved,184.0,52.0,User17,,
1490174857190,Mouse Moved,209.0,52.0,User17,,
1490174857191,Mouse Moved,228.0,52.0,User17,,
1490174857193,Mouse Moved,250.0,52.0,User17,,
1490174857200,Mouse Moved,271.0,52.0,User17,,
1490174857221,Mouse Moved,296.0,52.0,User17,,
1490174857224,Mouse Moved,315.0,52.0,User17,,
1490174857226,Mouse Moved,337.0,52.0,User17,,
1490174857230,Mouse Moved,353.0,52.0,User17,,
1490174857252,Mouse Moved,370.0,52.0,User17,,
1490174857253,Mouse Moved,386.0,52.0,User17,,
1490174857253,Mouse Moved,408.0,54.0,User17,,
1490174857260,Mouse Moved,424.0,54.0,User17,,
1490174857275,Mouse Moved,441.0,56.0,User17,,
1490174857276,Mouse Moved,458.0,56.0,User17,,
1490174857295,Mouse Moved,477.0,58.0,User17,,
1490174857296,Mouse Moved,494.0,60.0,User17,,
1490174857305,Mouse Moved,510.0,63.0,User17,,
1490174857325,Mouse Moved,524.0,65.0,User17,,
1490174857326,Mouse Moved,541.0,67.0,User17,,
1490174857328,Mouse Moved,552.0,67.0,User17,,
1490174857335,Mouse Moved,559.0,68.0,User17,,
1490174857348,Mouse Moved,563.0,68.0,User17,,
1490174857348,Mouse Moved,567.0,68.0,User17,,
1490174857362,Mouse Moved,572.0,70.0,User17,,
1490174857364,Mouse Moved,574.0,70.0,User17,,
1490174857385,Mouse Moved,576.0,70.0,User17,,
1490174857388,Mouse Moved,577.0,70.0,User17,,
1490174857388,Mouse Moved,579.0,70.0,User17,,
1490174857395,Mouse Moved,582.0,70.0,User17,,
1490174857415,Mouse Moved,583.0,70.0,User17,,
1490174857417,Mouse Moved,586.0,71.0,User17,,
1490174857427,Mouse Moved,587.0,71.0,User17,,
1490174857457,Mouse Moved,588.0,71.0,User17,,
1490174857476,Mouse Moved,589.0,71.0,User17,,
1490174857486,Mouse Moved,592.0,71.0,User17,,
1490174857506,Mouse Moved,594.0,71.0,User17,,
1490174857516,Mouse Moved,597.0,71.0,User17,,
1490174857536,Mouse Moved,598.0,71.0,User17,,
1490174857641,Mouse Moved,597.0,71.0,User17,,
1490174857671,Mouse Moved,585.0,76.0,User17,,
1490174857678,Mouse Moved,576.0,80.0,User17,,
1490174857680,Mouse Moved,562.0,86.0,User17,,
1490174857696,Mouse Moved,547.0,90.0,User17,,
1490174857696,Mouse Moved,533.0,92.0,User17,,
1490174857717,Mouse Moved,483.0,98.0,User17,,
1490174857727,Mouse Moved,464.0,98.0,User17,,
1490174857749,Mouse Moved,447.0,100.0,User17,,
1490174857750,Mouse Moved,425.0,100.0,User17,,
1490174857750,Mouse Moved,409.0,100.0,User17,,
1490174857756,Mouse Moved,392.0,100.0,User17,,
1490174857775,Mouse Moved,381.0,100.0,User17,,
1490174857776,Mouse Moved,375.0,100.0,User17,,
1490174857796,Mouse Moved,371.0,100.0,User17,,
1490174857796,Mouse Moved,368.0,100.0,User17,,
1490174857865,Mouse Moved,367.0,100.0,User17,,
1490174857888,Mouse Moved,366.0,100.0,User17,,
1490174857898,Mouse Moved,363.0,100.0,User17,,
1490174857918,Mouse Moved,361.0,100.0,User17,,
1490174857956,Mouse Moved,360.0,100.0,User17,,
1490174858032,Mouse Moved,360.0,101.0,User17,,
1490174858076,Mouse Moved,360.0,104.0,User17,,
1490174858098,Mouse Moved,360.0,107.0,User17,,
1490174858108,Mouse Moved,360.0,111.0,User17,,
1490174858128,Mouse Moved,361.0,117.0,User17,,
1490174858130,Mouse Moved,364.0,119.0,User17,,
1490174858138,Mouse Moved,365.0,121.0,User17,,
1490174858140,Mouse Moved,367.0,123.0,User17,,
1490174858153,Mouse Moved,369.0,124.0,User17,,
1490174858168,Mouse Moved,375.0,128.0,User17,,
1490174858188,Mouse Moved,377.0,128.0,User17,,
1490174858190,Mouse Moved,379.0,129.0,User17,,
1490174858191,Mouse Moved,381.0,129.0,User17,,
1490174858200,Mouse Moved,382.0,129.0,User17,,
1490174858220,Mouse Moved,385.0,129.0,User17,,
1490174858220,Mouse Moved,386.0,129.0,User17,,
1490174858230,Mouse Moved,387.0,129.0,User17,,
1490174858250,Mouse Moved,390.0,128.0,User17,,
1490174858250,Mouse Moved,392.0,127.0,User17,,
1490174858259,Mouse Moved,399.0,122.0,User17,,
1490174858276,Mouse Moved,411.0,113.0,User17,,
1490174858276,Mouse Moved,429.0,100.0,User17,,
1490174858290,Mouse Moved,467.0,71.0,User17,,
1490174858311,Mouse Moved,528.0,18.0,User17,,
1490174858321,Mouse Moved,540.0,7.0,User17,,
1490174860536,Mouse Moved,1534.0,392.0,User17,1536.0,775.0
1490174860776,Mouse Moved,650.0,9.0,User17,,
1490174860799,Mouse Moved,668.0,27.0,User17,,
1490174860801,Mouse Moved,680.0,47.0,User17,,
1490174860802,Mouse Moved,698.0,64.0,User17,,
1490174860802,Mouse Moved,720.0,88.0,User17,,
1490174860809,Mouse Moved,734.0,105.0,User17,,
1490174860829,Mouse Moved,756.0,122.0,User17,,
1490174860831,Mouse Moved,779.0,148.0,User17,,
1490174860839,Mouse Moved,813.0,194.0,User17,,
1490174860841,Mouse Moved,845.0,225.0,User17,,
1490174860855,Mouse Moved,875.0,258.0,User17,,
1490174860868,Mouse Moved,899.0,280.0,User17,,
1490174860869,Mouse Moved,927.0,303.0,User17,,
1490174860887,Mouse Moved,939.0,322.0,User17,,
1490174860888,Mouse Moved,961.0,342.0,User17,,
1490174860888,Mouse Moved,973.0,356.0,User17,,
1490174860913,Mouse Moved,987.0,368.0,User17,,
1490174860914,Mouse Moved,999.0,381.0,User17,,
1490174860915,Mouse Moved,1001.0,385.0,User17,,
1490174860937,Mouse Moved,1005.0,391.0,User17,,
1490174860938,Mouse Moved,1007.0,393.0,User17,,
1490174860938,Mouse Moved,1009.0,394.0,User17,,
1490174860960,Mouse Moved,1009.0,396.0,User17,,
1490174860974,Mouse Moved,1009.0,397.0,User17,,
1490174860990,Mouse Moved,1009.0,398.0,User17,,
1490174861013,Mouse Moved,1011.0,398.0,User17,,
1490174861022,Mouse Moved,1011.0,399.0,User17,,
1490174861042,Mouse Moved,1011.0,400.0,User17,,
1490174861818,Mouse Moved,889.0,400.0,User17,,
1490174861845,Mouse Moved,889.0,402.0,User17,,
1490174861898,Mouse Moved,889.0,403.0,User17,,
1490174861918,Mouse Moved,888.0,407.0,User17,,
1490174861948,Mouse Moved,888.0,411.0,User17,,
1490174861950,Mouse Moved,887.0,414.0,User17,,
1490174861950,Mouse Moved,887.0,418.0,User17,,
1490174861959,Mouse Moved,887.0,421.0,User17,,
1490174861973,Mouse Moved,887.0,427.0,User17,,
1490174861974,Mouse Moved,887.0,431.0,User17,,
1490174861989,Mouse Moved,887.0,433.0,User17,,
1490174861990,Mouse Moved,887.0,434.0,User17,,
1490174862016,Mouse Moved,887.0,436.0,User17,,
1490174862017,Mouse Moved,887.0,437.0,User17,,
1490174862022,Mouse Moved,887.0,439.0,User17,,
1490174862042,Mouse Moved,887.0,444.0,User17,,
1490174862065,Mouse Moved,887.0,446.0,User17,,
1490174862085,Mouse Moved,887.0,449.0,User17,,
1490174862085,Mouse Moved,887.0,455.0,User17,,
1490174862095,Mouse Moved,885.0,458.0,User17,,
1490174862096,Mouse Moved,885.0,459.0,User17,,
1490174862115,Mouse Moved,885.0,462.0,User17,,
1490174862117,Mouse Moved,885.0,466.0,User17,,
1490174862125,Mouse Moved,885.0,469.0,User17,,
1490174862141,Mouse Moved,884.0,470.0,User17,,
1490174862141,Mouse Moved,884.0,471.0,User17,,
1490174862171,Mouse Moved,883.0,472.0,User17,,
1490174862186,Mouse Moved,883.0,473.0,User17,,
1490174862207,Mouse Moved,882.0,474.0,User17,,
1490174862381,Mouse Moved,882.0,476.0,User17,,
1490174862417,Mouse Moved,876.0,477.0,User17,,
1490174862418,Mouse Moved,864.0,481.0,User17,,
1490174862420,Mouse Moved,850.0,485.0,User17,,
1490174862427,Mouse Moved,836.0,489.0,User17,,
1490174862447,Mouse Moved,819.0,493.0,User17,,
1490174862447,Mouse Moved,802.0,495.0,User17,,
1490174862448,Mouse Moved,780.0,500.0,User17,,
1490174862457,Mouse Moved,758.0,502.0,User17,,
1490174862476,Mouse Moved,741.0,504.0,User17,,
1490174862479,Mouse Moved,719.0,506.0,User17,,
1490174862480,Mouse Moved,702.0,511.0,User17,,
1490174862486,Mouse Moved,691.0,512.0,User17,,
1490174862502,Mouse Moved,678.0,518.0,User17,,
1490174862503,Mouse Moved,664.0,523.0,User17,,
1490174862523,Mouse Moved,649.0,531.0,User17,,
1490174862523,Mouse Moved,634.0,540.0,User17,,
1490174862525,Mouse Moved,622.0,552.0,User17,,
1490174862532,Mouse Moved,604.0,570.0,User17,,
1490174862553,Mouse Moved,588.0,583.0,User17,,
1490174862555,Mouse Moved,575.0,604.0,User17,,
1490174862555,Mouse Moved,569.0,616.0,User17,,
1490174862562,Mouse Moved,560.0,636.0,User17,,
1490174862582,Mouse Moved,556.0,648.0,User17,,
1490174862584,Mouse Moved,552.0,667.0,User17,,
1490174862596,Mouse Moved,547.0,684.0,User17,,
1490174862608,Mouse Moved,544.0,702.0,User17,,
1490174862628,Mouse Moved,541.0,719.0,User17,,
1490174862638,Mouse Moved,538.0,728.0,User17,,
1490174862651,Mouse Moved,536.0,731.0,User17,,
1490174862665,Mouse Moved,536.0,732.0,User17,,
1490174862667,Mouse Moved,535.0,734.0,User17,,
1490174862681,Mouse Moved,534.0,735.0,User17,,
1490174862698,Mouse Moved,533.0,736.0,User17,,
1490174862719,Mouse Moved,517.0,740.0,User17,,
1490174862730,Mouse Moved,508.0,740.0,User17,,
1490174862749,Mouse Moved,500.0,740.0,User17,,
1490174862750,Mouse Moved,491.0,740.0,User17,,
1490174862750,Mouse Moved,483.0,740.0,User17,,
1490174862759,Mouse Moved,477.0,742.0,User17,,
1490174862779,Mouse Moved,472.0,742.0,User17,,
1490174862779,Mouse Moved,468.0,742.0,User17,,
1490174862780,Mouse Moved,467.0,742.0,User17,,
1490174862790,Mouse Moved,464.0,742.0,User17,,
1490174862802,Mouse Moved,463.0,742.0,User17,,
1490174862818,Mouse Moved,462.0,743.0,User17,,
1490174862842,Mouse Moved,455.0,743.0,User17,,
1490174862842,Mouse Moved,449.0,743.0,User17,,
1490174862851,Mouse Moved,444.0,743.0,User17,,
1490174862865,Mouse Moved,442.0,743.0,User17,,
1490174862865,Mouse Moved,437.0,743.0,User17,,
1490174862880,Mouse Moved,433.0,742.0,User17,,
1490174862881,Mouse Moved,428.0,742.0,User17,,
1490174862894,Mouse Moved,426.0,742.0,User17,,
1490174862914,Mouse Moved,414.0,742.0,User17,,
1490174862924,Mouse Moved,413.0,742.0,User17,,
1490174862944,Mouse Moved,412.0,742.0,User17,,
1490174862946,Mouse Moved,409.0,742.0,User17,,
1490174862954,Mouse Moved,408.0,742.0,User17,,
1490174862974,Mouse Moved,406.0,742.0,User17,,
1490174862987,Mouse Moved,403.0,742.0,User17,,
1490174863000,Mouse Moved,400.0,743.0,User17,,
1490174863000,Mouse Moved,398.0,743.0,User17,,
1490174863015,Mouse Moved,392.0,745.0,User17,,
1490174863016,Mouse Moved,387.0,746.0,User17,,
1490174863030,Mouse Moved,384.0,746.0,User17,,
1490174863032,Mouse Moved,380.0,748.0,User17,,
1490174863048,Mouse Moved,376.0,748.0,User17,,
1490174863049,Mouse Moved,373.0,748.0,User17,,
1490174863061,Mouse Moved,372.0,748.0,User17,,
1490174863062,Mouse Moved,371.0,748.0,User17,,
1490174863091,Mouse Moved,369.0,748.0,User17,,
1490174863092,Mouse Moved,368.0,749.0,User17,,
1490174863119,Mouse Moved,364.0,749.0,User17,,
1490174863135,Mouse Moved,360.0,750.0,User17,,
1490174863138,Mouse Moved,357.0,750.0,User17,,
1490174863138,Mouse Moved,356.0,751.0,User17,,
1490174863157,Mouse Moved,354.0,751.0,User17,,
1490174863157,Mouse Moved,352.0,751.0,User17,,
1490174863165,Mouse Moved,351.0,751.0,User17,,
1490174863180,Mouse Moved,350.0,751.0,User17,,
1490174863267,Mouse Moved,350.0,751.0,User17,,
1490174863269,Mouse Button.left Pressed,350.0,751.0,User17,,
1490174863361,Mouse Moved,350.0,751.0,User17,,
1490174863362,Mouse Button.left Released,350.0,751.0,User17,,
1490174863624,Mouse Moved,347.0,753.0,User17,,
1490174863625,Mouse Moved,342.0,754.0,User17,,
1490174863627,Mouse Moved,338.0,756.0,User17,,
1490174863628,Mouse Moved,325.0,756.0,User17,,
1490174863638,Mouse Moved,310.0,757.0,User17,,
1490174863648,Mouse Moved,302.0,757.0,User17,,
1490174863670,Mouse Moved,298.0,757.0,User17,,
1490174863671,Mouse Moved,297.0,757.0,User17,,
1490174863673,Mouse Moved,294.0,757.0,User17,,
1490174863678,Mouse Moved,293.0,758.0,User17,,
1490174863698,Mouse Moved,292.0,758.0,User17,,
1490174863808,Mouse Moved,291.0,758.0,User17,,
1490174863815,Mouse Moved,289.0,758.0,User17,,
1490174863834,Mouse Moved,287.0,758.0,User17,,
1490174863845,Mouse Moved,283.0,758.0,User17,,
1490174863859,Mouse Moved,281.0,758.0,User17,,
1490174863881,Mouse Moved,280.0,759.0,User17,,
1490174863891,Mouse Moved,279.0,759.0,User17,,
1490174864457,Mouse Moved,278.0,759.0,User17,,
1490174864467,Mouse Moved,277.0,758.0,User17,,
1490174864487,Mouse Moved,274.0,752.0,User17,,
1490174864489,Mouse Moved,272.0,748.0,User17,,
1490174864496,Mouse Moved,269.0,737.0,User17,,
1490174864510,Mouse Moved,266.0,726.0,User17,,
1490174864526,Mouse Moved,266.0,712.0,User17,,
1490174864549,Mouse Moved,266.0,707.0,User17,,
1490174864549,Mouse Moved,266.0,699.0,User17,,
1490174864551,Mouse Moved,268.0,690.0,User17,,
1490174864556,Mouse Moved,271.0,681.0,User17,,
1490174864576,Mouse Moved,277.0,671.0,User17,,
1490174864578,Mouse Moved,283.0,662.0,User17,,
1490174864578,Mouse Moved,291.0,652.0,User17,,
1490174864588,Mouse Moved,295.0,647.0,User17,,
1490174864608,Mouse Moved,300.0,642.0,User17,,
1490174864609,Mouse Moved,305.0,638.0,User17,,
1490174864617,Mouse Moved,315.0,630.0,User17,,
1490174864618,Mouse Moved,319.0,627.0,User17,,
1490174864631,Mouse Moved,326.0,622.0,User17,,
1490174864648,Mouse Moved,331.0,620.0,User17,,
1490174864650,Mouse Moved,332.0,619.0,User17,,
1490174864651,Mouse Moved,333.0,618.0,User17,,
1490174864667,Mouse Moved,334.0,617.0,User17,,
1490174864668,Mouse Moved,335.0,616.0,User17,,
1490174864687,Mouse Moved,336.0,614.0,User17,,
1490174864687,Mouse Moved,336.0,615.0,User17,,
1490174864688,Mouse Moved,336.0,615.0,User17,,
1490174864690,Mouse Button.left Pressed,336.0,615.0,User17,,
1490174864793,Mouse Moved,336.0,615.0,User17,,
1490174864795,Mouse Button.left Released,336.0,615.0,User17,,
1490174865092,Mouse Moved,336.0,610.0,User17,,
1490174865101,Mouse Moved,336.0,589.0,User17,,
1490174865121,Mouse Moved,336.0,562.0,User17,,
1490174865122,Mouse Moved,336.0,525.0,User17,,
1490174865131,Mouse Moved,343.0,467.0,User17,,
1490174865132,Mouse Moved,353.0,408.0,User17,,
1490174865151,Mouse Moved,364.0,327.0,User17,,
1490174865153,Mouse Moved,382.0,250.0,User17,,
1490174865161,Mouse Moved,403.0,183.0,User17,,
1490174865161,Mouse Moved,432.0,114.0,User17,,
1490174865180,Mouse Moved,478.0,28.0,User17,,
1490174865372,Mouse Moved,692.0,0.0,User17,,
1490174865394,Mouse Moved,701.0,5.0,User17,,
1490174865394,Mouse Moved,711.0,10.0,User17,,
1490174865403,Mouse Moved,720.0,14.0,User17,,
1490174865404,Mouse Moved,732.0,20.0,User17,,
1490174865418,Mouse Moved,742.0,24.0,User17,,
1490174865433,Mouse Moved,751.0,27.0,User17,,
1490174865434,Mouse Moved,755.0,29.0,User17,,
1490174865447,Mouse Moved,760.0,32.0,User17,,
1490174865447,Mouse Moved,763.0,33.0,User17,,
1490174865467,Mouse Moved,766.0,35.0,User17,,
1490174865467,Mouse Moved,767.0,36.0,User17,,
1490174865469,Mouse Moved,769.0,36.0,User17,,
1490174865476,Mouse Moved,771.0,39.0,User17,,
1490174865492,Mouse Moved,773.0,40.0,User17,,
1490174865493,Mouse Moved,775.0,43.0,User17,,
1490174865513,Mouse Moved,776.0,46.0,User17,,
1490174865513,Mouse Moved,780.0,52.0,User17,,
1490174865513,Mouse Moved,781.0,53.0,User17,,
1490174865523,Mouse Moved,782.0,56.0,User17,,
1490174865536,Mouse Moved,782.0,60.0,User17,,
1490174865552,Mouse Moved,782.0,63.0,User17,,
1490174865576,Mouse Moved,781.0,68.0,User17,,
1490174865585,Mouse Moved,778.0,71.0,User17,,
1490174865605,Mouse Moved,769.0,80.0,User17,,
1490174865615,Mouse Moved,766.0,82.0,User17,,
1490174865628,Mouse Moved,762.0,84.0,User17,,
1490174865644,Mouse Moved,761.0,87.0,User17,,
1490174865667,Mouse Moved,759.0,88.0,User17,,
1490174865743,Mouse Moved,759.0,88.0,User17,,
1490174865744,Mouse Button.left Pressed,759.0,88.0,User17,,
1490174865845,Mouse Moved,759.0,88.0,User17,,
1490174865846,Mouse Button.left Released,759.0,88.0,User17,,
1490174866040,Mouse Moved,760.0,91.0,User17,,
1490174866069,Mouse Moved,767.0,102.0,User17,,
1490174866071,Mouse Moved,773.0,114.0,User17,,
1490174866091,Mouse Moved,784.0,129.0,User17,,
1490174866092,Mouse Moved,791.0,136.0,User17,,
1490174866092,Mouse Moved,797.0,146.0,User17,,
1490174866101,Mouse Moved,803.0,155.0,User17,,
1490174866121,Mouse Moved,812.0,169.0,User17,,
1490174866132,Mouse Moved,812.0,170.0,User17,,
1490174866153,Mouse Moved,813.0,172.0,User17,,
1490174866154,Mouse Moved,813.0,173.0,User17,,
1490174866161,Mouse Moved,814.0,174.0,User17,,
1490174866407,Mouse Moved,817.0,173.0,User17,,
1490174866417,Mouse Moved,820.0,171.0,User17,,
1490174866440,Mouse Moved,821.0,168.0,User17,,
1490174866460,Mouse Moved,824.0,165.0,User17,,
1490174866479,Mouse Moved,827.0,164.0,User17,,
1490174866499,Mouse Moved,830.0,161.0,User17,,
1490174866509,Mouse Moved,833.0,158.0,User17,,
1490174866522,Mouse Moved,836.0,155.0,User17,,
1490174866538,Mouse Moved,837.0,154.0,User17,,
1490174866552,Mouse Moved,838.0,152.0,User17,,
1490174866568,Mouse Moved,839.0,150.0,User17,,
1490174866588,Mouse Moved,842.0,149.0,User17,,
1490174866619,Mouse Moved,845.0,145.0,User17,,
1490174866644,Mouse Moved,848.0,143.0,User17,,
1490174866657,Mouse Moved,849.0,141.0,User17,,
1490174866681,Mouse Moved,851.0,140.0,User17,,
1490174866710,Mouse Moved,855.0,136.0,User17,,
1490174867709,Mouse Moved,855.0,137.0,User17,,
1490174867752,Mouse Moved,855.0,139.0,User17,,
1490174867766,Mouse Moved,855.0,141.0,User17,,
1490174867789,Mouse Moved,855.0,144.0,User17,,
1490174867805,Mouse Moved,855.0,147.0,User17,,
1490174867835,Mouse Moved,855.0,151.0,User17,,
1490174867858,Mouse Moved,855.0,154.0,User17,,
1490174867874,Mouse Moved,855.0,155.0,User17,,
1490174867888,Mouse Moved,855.0,157.0,User17,,
1490174867927,Mouse Moved,855.0,160.0,User17,,
1490174867956,Mouse Moved,855.0,161.0,User17,,
1490174867966,Mouse Moved,855.0,162.0,User17,,
1490174867996,Mouse Moved,855.0,164.0,User17,,
1490174868013,Mouse Moved,855.0,166.0,User17,,
1490174868032,Mouse Moved,855.0,169.0,User17,,
1490174868042,Mouse Moved,855.0,173.0,User17,,
1490174868071,Mouse Moved,855.0,176.0,User17,,
1490174868072,Mouse Moved,855.0,177.0,User17,,
1490174868085,Mouse Moved,855.0,179.0,User17,,
1490174868101,Mouse Moved,856.0,179.0,User17,,
1490174868117,Mouse Moved,856.0,181.0,User17,,
1490174868147,Mouse Moved,856.0,182.0,User17,,
1490174868161,Mouse Moved,856.0,186.0,User17,,
1490174868176,Mouse Moved,856.0,188.0,User17,,
1490174868177,Mouse Moved,856.0,189.0,User17,,
1490174868191,Mouse Moved,856.0,191.0,User17,,
1490174868221,Mouse Moved,856.0,192.0,User17,,
1490174868493,Mouse Moved,858.0,190.0,User17,,
1490174868506,Mouse Moved,861.0,188.0,User17,,
1490174868536,Mouse Moved,863.0,186.0,User17,,
1490174868552,Mouse Moved,864.0,185.0,User17,,
1490174868568,Mouse Moved,865.0,184.0,User17,,
1490174868841,Mouse Moved,865.0,187.0,User17,,
1490174868861,Mouse Moved,863.0,189.0,User17,,
1490174868869,Mouse Moved,863.0,192.0,User17,,
1490174868884,Mouse Moved,862.0,193.0,User17,,
1490174868900,Mouse Moved,862.0,194.0,User17,,
1490174868915,Mouse Moved,862.0,195.0,User17,,
1490174868963,Mouse Moved,862.0,197.0,User17,,
1490174868982,Mouse Moved,862.0,199.0,User17,,
1490174869005,Mouse Moved,861.0,202.0,User17,,
1490174869019,Mouse Moved,861.0,203.0,User17,,
1490174869036,Mouse Moved,861.0,204.0,User17,,
1490174869457,Mouse Moved,864.0,202.0,User17,,
1490174869482,Mouse Moved,870.0,192.0,User17,,
1490174869506,Mouse Moved,871.0,191.0,User17,,
1490174869520,Mouse Moved,871.0,190.0,User17,,
1490174869536,Mouse Moved,873.0,189.0,User17,,
1490174869598,Mouse Moved,873.0,187.0,User17,,
1490174869621,Mouse Moved,874.0,186.0,User17,,
1490174869630,Mouse Moved,875.0,185.0,User17,,
1490174869658,Mouse Moved,876.0,184.0,User17,,
1490174869674,Mouse Moved,876.0,183.0,User17,,
1490174869697,Mouse Moved,877.0,183.0,User17,,
1490174869727,Mouse Moved,877.0,182.0,User17,,
1490174869750,Mouse Moved,877.0,180.0,User17,,
1490174870552,Mouse Moved,876.0,183.0,User17,,
1490174870565,Mouse Moved,874.0,186.0,User17,,
1490174870576,Mouse Moved,869.0,190.0,User17,,
1490174870598,Mouse Moved,863.0,197.0,User17,,
1490174870608,Mouse Moved,862.0,197.0,User17,,
1490174870622,Mouse Moved,861.0,198.0,User17,,
1490174870642,Mouse Moved,858.0,201.0,User17,,
1490174870644,Mouse Moved,855.0,204.0,User17,,
1490174870667,Mouse Moved,854.0,205.0,User17,,
1490174870667,Mouse Moved,853.0,206.0,User17,,
1490174870698,Mouse Moved,852.0,206.0,User17,,
1490174870813,Mouse Moved,852.0,205.0,User17,,
1490174870815,Mouse Moved,852.0,205.0,User17,,
1490174870816,Mouse Button.left Pressed,852.0,205.0,User17,,
1490174870907,Mouse Moved,852.0,205.0,User17,,
1490174870910,Mouse Button.left Released,852.0,205.0,User17,,
1490174871407,Mouse Moved,853.0,206.0,User17,,
1490174871447,Mouse Moved,865.0,199.0,User17,,
1490174871457,Mouse Moved,870.0,196.0,User17,,
1490174871476,Mouse Moved,893.0,184.0,User17,,
1490174871486,Mouse Moved,900.0,180.0,User17,,
1490174871500,Mouse Moved,916.0,173.0,User17,,
1490174871523,Mouse Moved,929.0,167.0,User17,,
1490174871539,Mouse Moved,930.0,166.0,User17,,
1490174871555,Mouse Moved,934.0,165.0,User17,,
1490174871563,Mouse Moved,936.0,164.0,User17,,
1490174871592,Mouse Moved,942.0,162.0,User17,,
1490174871615,Mouse Moved,947.0,161.0,User17,,
1490174871625,Mouse Moved,948.0,160.0,User17,,
1490174871645,Mouse Moved,951.0,159.0,User17,,
1490174871655,Mouse Moved,953.0,159.0,User17,,
1490174871676,Mouse Moved,958.0,157.0,User17,,
1490174871686,Mouse Moved,960.0,156.0,User17,,
1490174871700,Mouse Moved,965.0,156.0,User17,,
1490174871713,Mouse Moved,968.0,155.0,User17,,
1490174871736,Mouse Moved,981.0,155.0,User17,,
1490174871743,Mouse Moved,988.0,155.0,User17,,
1490174871765,Mouse Moved,999.0,155.0,User17,,
1490174871776,Mouse Moved,1001.0,155.0,User17,,
1490174871789,Mouse Moved,1007.0,155.0,User17,,
1490174871809,Mouse Moved,1012.0,155.0,User17,,
1490174871825,Mouse Moved,1013.0,155.0,User17,,
1490174871835,Mouse Moved,1015.0,155.0,User17,,
1490174871864,Mouse Moved,1016.0,155.0,User17,,
1490174871908,Mouse Moved,1019.0,155.0,User17,,
1490174871927,Mouse Moved,1021.0,155.0,User17,,
1490174871938,Mouse Moved,1022.0,155.0,User17,,
1490174871963,Mouse Moved,1024.0,155.0,User17,,
1490174872003,Mouse Moved,1025.0,155.0,User17,,
1490174872016,Mouse Moved,1026.0,155.0,User17,,
1490174872038,Mouse Moved,1028.0,155.0,User17,,
1490174872062,Mouse Moved,1030.0,155.0,User17,,
1490174872076,Mouse Moved,1031.0,154.0,User17,,
1490174872089,Mouse Moved,1033.0,154.0,User17,,
1490174872121,Mouse Moved,1034.0,154.0,User17,,
1490174872154,Mouse Moved,1036.0,154.0,User17,,
1490174872155,Mouse Moved,1036.0,154.0,User17,,
1490174872191,Mouse Moved,1036.0,153.0,User17,,
1490174872246,Mouse Moved,1035.0,153.0,User17,,
1490174872247,Mouse Moved,1035.0,153.0,User17,,
1490174872565,Mouse Moved,1037.0,153.0,User17,,
1490174872566,Mouse Moved,1038.0,151.0,User17,,
1490174872568,Mouse Moved,1040.0,150.0,User17,,
1490174872569,Mouse Moved,1054.0,143.0,User17,,
1490174872569,Mouse Moved,1076.0,131.0,User17,,
1490174872569,Mouse Moved,1094.0,125.0,User17,,
1490174872571,Mouse Moved,1114.0,116.0,User17,,
1490174872572,Mouse Moved,1134.0,107.0,User17,,
1490174872572,Mouse Moved,1151.0,101.0,User17,,
1490174872581,Mouse Moved,1168.0,94.0,User17,,
1490174872582,Mouse Moved,1190.0,87.0,User17,,
1490174872588,Mouse Moved,1208.0,81.0,User17,,
1490174872608,Mouse Moved,1237.0,71.0,User17,,
1490174872621,Mouse Moved,1242.0,70.0,User17,,
1490174872631,Mouse Moved,1243.0,69.0,User17,,
1490174872632,Mouse Moved,1244.0,69.0,User17,,
1490174873128,Mouse Moved,1244.0,70.0,User17,,
1490174873151,Mouse Moved,1242.0,71.0,User17,,
1490174873153,Mouse Moved,1233.0,75.0,User17,,
1490174873165,Mouse Moved,1218.0,81.0,User17,,
1490174873176,Mouse Moved,1196.0,90.0,User17,,
1490174873177,Mouse Moved,1167.0,102.0,User17,,
1490174873198,Mouse Moved,1071.0,133.0,User17,,
1490174873206,Mouse Moved,901.0,171.0,User17,,
1490174873226,Mouse Moved,663.0,203.0,User17,,
1490174873236,Mouse Moved,538.0,220.0,User17,,
1490174873256,Mouse Moved,414.0,232.0,User17,,
1490174873256,Mouse Moved,307.0,240.0,User17,,
1490174873257,Mouse Moved,207.0,244.0,User17,,
1490174873270,Mouse Moved,127.0,251.0,User17,,
1490174873272,Mouse Moved,75.0,254.0,User17,,
1490174873280,Mouse Moved,45.0,257.0,User17,,
1490174873302,Mouse Moved,32.0,257.0,User17,,
1490174873302,Mouse Moved,27.0,258.0,User17,,
1490174873303,Mouse Moved,26.0,258.0,User17,,
1490174873325,Mouse Moved,25.0,258.0,User17,,
1490174873421,Mouse Moved,25.0,259.0,User17,,
1490174873493,Mouse Moved,26.0,262.0,User17,,
1490174873509,Mouse Moved,33.0,267.0,User17,,
1490174873522,Mouse Moved,46.0,272.0,User17,,
1490174873536,Mouse Moved,59.0,272.0,User17,,
1490174873552,Mouse Moved,73.0,272.0,User17,,
1490174873568,Mouse Moved,86.0,272.0,User17,,
1490174873588,Mouse Moved,105.0,265.0,User17,,
1490174873598,Mouse Moved,112.0,262.0,User17,,
1490174873618,Mouse Moved,131.0,252.0,User17,,
1490174873628,Mouse Moved,147.0,243.0,User17,,
1490174873648,Mouse Moved,162.0,232.0,User17,,
1490174873657,Mouse Moved,171.0,225.0,User17,,
1490174873671,Mouse Moved,176.0,220.0,User17,,
1490174873693,Mouse Moved,177.0,217.0,User17,,
1490174873694,Mouse Moved,182.0,212.0,User17,,
1490174873694,Mouse Moved,183.0,209.0,User17,,
1490174873711,Mouse Moved,186.0,208.0,User17,,
1490174873713,Mouse Moved,186.0,207.0,User17,,
1490174873723,Mouse Moved,187.0,206.0,User17,,
1490174873778,Mouse Moved,187.0,205.0,User17,,
1490174873881,Mouse Moved,188.0,206.0,User17,,
1490174873913,Mouse Moved,190.0,211.0,User17,,
1490174873914,Mouse Moved,195.0,218.0,User17,,
1490174873914,Mouse Moved,197.0,221.0,User17,,
1490174873934,Mouse Moved,209.0,233.0,User17,,
1490174873944,Mouse Moved,226.0,247.0,User17,,
1490174873964,Mouse Moved,235.0,252.0,User17,,
1490174873966,Mouse Moved,240.0,255.0,User17,,
1490174873974,Mouse Moved,249.0,261.0,User17,,
1490174873990,Mouse Moved,253.0,264.0,User17,,
1490174873992,Mouse Moved,256.0,267.0,User17,,
1490174873993,Mouse Moved,259.0,267.0,User17,,
1490174874010,Mouse Moved,259.0,268.0,User17,,
1490174874019,Mouse Moved,260.0,268.0,User17,,
1490174874125,Mouse Moved,259.0,267.0,User17,,
1490174874127,Mouse Button.left Pressed,259.0,267.0,User17,,
1490174874223,Mouse Moved,259.0,267.0,User17,,
1490174874224,Mouse Button.left Released,259.0,267.0,User17,,
1490174874364,Mouse Moved,260.0,272.0,User17,,
1490174874371,Mouse Moved,260.0,276.0,User17,,
1490174874391,Mouse Moved,260.0,279.0,User17,,
1490174874391,Mouse Moved,260.0,285.0,User17,,
1490174874392,Mouse Moved,260.0,289.0,User17,,
1490174874401,Mouse Moved,260.0,292.0,User17,,
1490174874427,Mouse Moved,260.0,296.0,User17,,
1490174874428,Mouse Moved,258.0,301.0,User17,,
1490174874430,Mouse Moved,258.0,307.0,User17,,
1490174874436,Mouse Moved,258.0,311.0,User17,,
1490174874437,Mouse Moved,258.0,316.0,User17,,
1490174874456,Mouse Moved,257.0,321.0,User17,,
1490174874480,Mouse Moved,257.0,322.0,User17,,
1490174874609,Mouse Moved,257.0,323.0,User17,,
1490174874670,Mouse Moved,258.0,322.0,User17,,
1490174874671,Mouse Moved,258.0,322.0,User17,,
1490174874755,Mouse Moved,258.0,322.0,User17,,
1490174874756,Mouse Button.left Released,258.0,322.0,User17,,
1490174874884,Mouse Moved,259.0,320.0,User17,,
1490174874907,Mouse Moved,262.0,316.0,User17,,
1490174874907,Mouse Moved,263.0,311.0,User17,,
1490174874908,Mouse Moved,266.0,308.0,User17,,
1490174874917,Mouse Moved,269.0,300.0,User17,,
1490174874933,Mouse Moved,271.0,295.0,User17,,
1490174874934,Mouse Moved,276.0,286.0,User17,,
1490174874934,Mouse Moved,278.0,282.0,User17,,
1490174874947,Mouse Moved,281.0,277.0,User17,,
1490174874967,Mouse Moved,285.0,269.0,User17,,
1490174874976,Mouse Moved,285.0,268.0,User17,,
1490174874996,Mouse Moved,286.0,267.0,User17,,
1490174875013,Mouse Moved,286.0,264.0,User17,,
1490174875049,Mouse Moved,286.0,265.0,User17,,
1490174875051,Mouse Moved,286.0,265.0,User17,,
1490174875052,Mouse Button.left Pressed,286.0,265.0,User17,,
1490174875153,Mouse Moved,286.0,265.0,User17,,
1490174875154,Mouse Button.left Released,286.0,265.0,User17,,
1490174875983,Mouse Moved,287.0,263.0,User17,,
1490174876005,Mouse Moved,288.0,260.0,User17,,
1490174876019,Mouse Moved,292.0,254.0,User17,,
1490174876043,Mouse Moved,294.0,251.0,User17,,
1490174876066,Mouse Moved,294.0,250.0,User17,,
1490174876078,Mouse Moved,295.0,249.0,User17,,
1490174876079,Mouse Button.left Pressed,295.0,249.0,User17,,
1490174876171,Mouse Moved,295.0,249.0,User17,,
1490174876173,Mouse Button.left Released,295.0,249.0,User17,,
1490174877532,Mouse Moved,295.0,252.0,User17,,
1490174877552,Mouse Moved,295.0,253.0,User17,,
1490174877562,Mouse Moved,291.0,259.0,User17,,
1490174877582,Mouse Moved,285.0,268.0,User17,,
1490174877592,Mouse Moved,284.0,270.0,User17,,
1490174877605,Mouse Moved,280.0,276.0,User17,,
1490174877625,Mouse Moved,277.0,283.0,User17,,
1490174877641,Mouse Moved,273.0,291.0,User17,,
1490174877651,Mouse Moved,272.0,293.0,User17,,
1490174877665,Mouse Moved,271.0,295.0,User17,,
1490174877681,Mouse Moved,271.0,297.0,User17,,
1490174877696,Mouse Moved,269.0,299.0,User17,,
1490174877717,Mouse Moved,266.0,305.0,User17,,
1490174877726,Mouse Moved,265.0,306.0,User17,,
1490174877746,Mouse Moved,265.0,307.0,User17,,
1490174878164,Mouse Moved,266.0,307.0,User17,,
1490174878184,Mouse Moved,268.0,307.0,User17,,
1490174878232,Mouse Moved,269.0,306.0,User17,,
1490174878262,Mouse Moved,270.0,306.0,User17,,
1490174878664,Mouse Moved,270.0,313.0,User17,,
1490174878686,Mouse Moved,267.0,330.0,User17,,
1490174878696,Mouse Moved,264.0,339.0,User17,,
1490174878716,Mouse Moved,263.0,345.0,User17,,
1490174878726,Mouse Moved,263.0,347.0,User17,,
1490174878760,Mouse Moved,263.0,348.0,User17,,
1490174878905,Mouse Moved,264.0,347.0,User17,,
1490174878921,Mouse Moved,267.0,344.0,User17,,
1490174878941,Mouse Moved,270.0,340.0,User17,,
1490174878956,Mouse Moved,272.0,338.0,User17,,
1490174878957,Mouse Moved,274.0,336.0,User17,,
1490174878966,Mouse Moved,275.0,335.0,User17,,
1490174878986,Mouse Moved,276.0,332.0,User17,,
1490174878986,Mouse Moved,277.0,331.0,User17,,
1490174879019,Mouse Moved,279.0,330.0,User17,,
1490174879019,Mouse Moved,280.0,327.0,User17,,
1490174879075,Mouse Moved,280.0,326.0,User17,,
1490174880267,Mouse Moved,279.0,326.0,User17,,
1490174880269,Mouse Moved,279.0,326.0,User17,,
1490174880346,Mouse Moved,279.0,326.0,User17,,
1490174880348,Mouse Button.left Released,279.0,326.0,User17,,
1490174880992,Mouse Moved,282.0,325.0,User17,,
1490174881002,Mouse Moved,286.0,316.0,User17,,
1490174881016,Mouse Moved,293.0,302.0,User17,,
1490174881032,Mouse Moved,300.0,284.0,User17,,
1490174881046,Mouse Moved,305.0,270.0,User17,,
1490174881061,Mouse Moved,306.0,268.0,User17,,
1490174881086,Mouse Moved,308.0,259.0,User17,,
1490174881111,Mouse Moved,309.0,257.0,User17,,
1490174881145,Mouse Moved,309.0,256.0,User17,,
1490174881161,Mouse Moved,309.0,255.0,User17,,
1490174881224,Mouse Moved,309.0,253.0,User17,,
1490174881226,Mouse Moved,309.0,253.0,User17,,
1490174881326,Mouse Moved,309.0,254.0,User17,,
1490174881328,Mouse Moved,309.0,254.0,User17,,
1490174881655,Mouse Moved,309.0,255.0,User17,,
1490174881671,Mouse Moved,309.0,261.0,User17,,
1490174881694,Mouse Moved,305.0,283.0,User17,,
1490174881703,Mouse Moved,304.0,287.0,User17,,
1490174881726,Mouse Moved,304.0,293.0,User17,,
1490174881736,Mouse Moved,304.0,299.0,User17,,
1490174881750,Mouse Moved,303.0,306.0,User17,,
1490174881770,Mouse Moved,303.0,310.0,User17,,
1490174881780,Mouse Moved,301.0,314.0,User17,,
1490174881801,Mouse Moved,301.0,315.0,User17,,
1490174881811,Mouse Moved,301.0,318.0,User17,,
1490174881831,Mouse Moved,301.0,321.0,User17,,
1490174881855,Mouse Moved,301.0,322.0,User17,,
1490174881868,Mouse Moved,300.0,323.0,User17,,
1490174883789,Mouse Moved,300.0,322.0,User17,,
1490174883901,Mouse Moved,300.0,321.0,User17,,
1490174883914,Mouse Moved,300.0,320.0,User17,,
1490174883944,Mouse Moved,300.0,318.0,User17,,
1490174883954,Mouse Moved,299.0,316.0,User17,,
1490174883974,Mouse Moved,299.0,313.0,User17,,
1490174884005,Mouse Moved,299.0,311.0,User17,,
1490174884006,Mouse Moved,299.0,308.0,User17,,
1490174884013,Mouse Moved,299.0,305.0,User17,,
1490174884049,Mouse Moved,299.0,303.0,User17,,
1490174884051,Mouse Moved,299.0,302.0,User17,,
1490174884052,Mouse Moved,299.0,299.0,User17,,
1490174884059,Mouse Moved,299.0,297.0,User17,,
1490174884072,Mouse Moved,299.0,295.0,User17,,
1490174884088,Mouse Moved,299.0,293.0,User17,,
1490174884089,Mouse Moved,300.0,292.0,User17,,
1490174884104,Mouse Moved,300.0,289.0,User17,,
1490174884118,Mouse Moved,301.0,286.0,User17,,
1490174884118,Mouse Moved,305.0,280.0,User17,,
1490174884134,Mouse Moved,308.0,273.0,User17,,
1490174884134,Mouse Moved,311.0,269.0,User17,,
1490174884148,Mouse Moved,314.0,262.0,User17,,
1490174884150,Mouse Moved,316.0,261.0,User17,,
1490174884163,Mouse Moved,320.0,257.0,User17,,
1490174884164,Mouse Moved,323.0,250.0,User17,,
1490174884178,Mouse Moved,328.0,245.0,User17,,
1490174884180,Mouse Moved,329.0,242.0,User17,,
1490174884194,Mouse Moved,334.0,238.0,User17,,
1490174884196,Mouse Moved,337.0,233.0,User17,,
1490174884209,Mouse Moved,346.0,226.0,User17,,
1490174884210,Mouse Moved,367.0,208.0,User17,,
1490174884223,Mouse Moved,382.0,197.0,User17,,
1490174884224,Mouse Moved,399.0,186.0,User17,,
1490174884237,Mouse Moved,417.0,173.0,User17,,
1490174884255,Mouse Moved,435.0,162.0,User17,,
1490174884256,Mouse Moved,458.0,148.0,User17,,
1490174884269,Mouse Moved,493.0,121.0,User17,,
1490174884283,Mouse Moved,520.0,102.0,User17,,
1490174884299,Mouse Moved,543.0,86.0,User17,,
1490174884312,Mouse Moved,555.0,78.0,User17,,
1490174884315,Mouse Moved,565.0,70.0,User17,,
1490174884328,Mouse Moved,574.0,66.0,User17,,
1490174884328,Mouse Moved,584.0,61.0,User17,,
1490174884342,Mouse Moved,591.0,55.0,User17,,
1490174884342,Mouse Moved,597.0,52.0,User17,,
1490174884361,Mouse Moved,602.0,49.0,User17,,
1490174884361,Mouse Moved,607.0,47.0,User17,,
1490174884372,Mouse Moved,608.0,46.0,User17,,
1490174884374,Mouse Moved,609.0,45.0,User17,,
1490174884388,Mouse Moved,610.0,44.0,User17,,
1490174884404,Mouse Moved,611.0,43.0,User17,,
1490174884434,Mouse Moved,614.0,41.0,User17,,
1490174884441,Mouse Moved,618.0,40.0,User17,,
1490174884443,Mouse Moved,621.0,39.0,User17,,
1490174884450,Mouse Moved,627.0,37.0,User17,,
1490174884467,Mouse Moved,630.0,36.0,User17,,
1490174884479,Mouse Moved,635.0,36.0,User17,,
1490174884480,Mouse Moved,636.0,34.0,User17,,
1490174884493,Mouse Moved,638.0,34.0,User17,,
1490174884494,Mouse Moved,639.0,33.0,User17,,
1490174884509,Mouse Moved,642.0,32.0,User17,,
1490174884509,Mouse Moved,648.0,30.0,User17,,
1490174884523,Mouse Moved,649.0,30.0,User17,,
1490174884525,Mouse Moved,652.0,29.0,User17,,
1490174884532,Mouse Moved,658.0,28.0,User17,,
1490174884539,Mouse Moved,663.0,28.0,User17,,
1490174884553,Mouse Moved,670.0,28.0,User17,,
1490174884568,Mouse Moved,680.0,28.0,User17,,
1490174884584,Mouse Moved,687.0,28.0,User17,,
1490174884599,Mouse Moved,692.0,28.0,User17,,
1490174884614,Mouse Moved,696.0,28.0,User17,,
1490174884615,Mouse Moved,699.0,28.0,User17,,
1490174884628,Mouse Moved,700.0,28.0,User17,,
1490174884648,Mouse Moved,701.0,28.0,User17,,
1490174884650,Mouse Moved,702.0,28.0,User17,,
1490174884660,Mouse Moved,705.0,28.0,User17,,
1490174884661,Mouse Moved,708.0,30.0,User17,,
1490174884674,Mouse Moved,710.0,32.0,User17,,
1490174884688,Mouse Moved,713.0,35.0,User17,,
1490174884690,Mouse Moved,716.0,36.0,User17,,
1490174884711,Mouse Moved,728.0,47.0,User17,,
1490174884727,Mouse Moved,732.0,49.0,User17,,
1490174884734,Mouse Moved,735.0,51.0,User17,,
1490174884757,Mouse Moved,740.0,53.0,User17,,
1490174884767,Mouse Moved,741.0,53.0,User17,,
1490174884788,Mouse Moved,742.0,53.0,User17,,
1490174884789,Mouse Moved,745.0,55.0,User17,,
1490174884819,Mouse Moved,747.0,55.0,User17,,
1490174884819,Mouse Moved,750.0,55.0,User17,,
1490174884832,Mouse Moved,754.0,53.0,User17,,
1490174884832,Mouse Moved,756.0,52.0,User17,,
1490174884841,Mouse Moved,758.0,51.0,User17,,
1490174884855,Mouse Moved,759.0,49.0,User17,,
1490174884869,Mouse Moved,760.0,48.0,User17,,
1490174884884,Mouse Moved,762.0,47.0,User17,,
1490174884885,Mouse Moved,764.0,45.0,User17,,
1490174884907,Mouse Moved,764.0,42.0,User17,,
1490174884907,Mouse Moved,765.0,41.0,User17,,
1490174884917,Mouse Moved,765.0,38.0,User17,,
1490174884951,Mouse Moved,765.0,37.0,User17,,
1490174884961,Mouse Moved,765.0,35.0,User17,,
1490174884982,Mouse Moved,765.0,32.0,User17,,
1490174884992,Mouse Moved,762.0,27.0,User17,,
1490174885013,Mouse Moved,758.0,24.0,User17,,
1490174885015,Mouse Moved,747.0,19.0,User17,,
1490174885015,Mouse Moved,738.0,15.0,User17,,
1490174885023,Mouse Moved,731.0,12.0,User17,,
1490174885036,Mouse Moved,725.0,8.0,User17,,
1490174885058,Mouse Moved,723.0,6.0,User17,,
1490174885066,Mouse Moved,721.0,5.0,User17,,
1490174885082,Mouse Moved,720.0,3.0,User17,,
1490174885341,Mouse Moved,721.0,5.0,User17,,
1490174885364,Mouse Moved,724.0,7.0,User17,,
1490174885394,Mouse Moved,728.0,8.0,User17,,
1490174885424,Mouse Moved,731.0,9.0,User17,,
1490174885434,Mouse Moved,732.0,9.0,User17,,
1490174885447,Mouse Moved,732.0,10.0,User17,,
1490174885483,Mouse Moved,733.0,10.0,User17,,
1490174885493,Mouse Moved,734.0,10.0,User17,,
1490174885516,Mouse Moved,735.0,12.0,User17,,
1490174885543,Mouse Moved,741.0,17.0,User17,,
1490174885568,Mouse Moved,742.0,18.0,User17,,
1490174885592,Mouse Moved,743.0,19.0,User17,,
1490174885602,Mouse Moved,743.0,21.0,User17,,
1490174885653,Mouse Moved,744.0,21.0,User17,,
1490174885676,Mouse Moved,744.0,22.0,User17,,
1490174885734,Mouse Moved,744.0,21.0,User17,,
1490174885736,Mouse Moved,744.0,21.0,User17,,
1490174885812,Mouse Moved,744.0,23.0,User17,,
1490174885835,Mouse Moved,744.0,22.0,User17,,
1490174885836,Mouse Button.left Released,744.0,22.0,User17,,
1490174886410,Mouse Moved,744.0,24.0,User17,,
1490174886420,Mouse Moved,742.0,25.0,User17,,
1490174886440,Mouse Moved,737.0,30.0,User17,,
1490174886440,Mouse Moved,734.0,33.0,User17,,
1490174886450,Mouse Moved,731.0,36.0,User17,,
1490174886470,Mouse Moved,724.0,43.0,User17,,
1490174886470,Mouse Moved,719.0,50.0,User17,,
1490174886470,Mouse Moved,709.0,60.0,User17,,
1490174886480,Mouse Moved,702.0,65.0,User17,,
1490174886493,Mouse Moved,679.0,91.0,User17,,
1490174886507,Mouse Moved,648.0,124.0,User17,,
1490174886522,Mouse Moved,627.0,142.0,User17,,
1490174886523,Mouse Moved,599.0,168.0,User17,,
1490174886539,Mouse Moved,573.0,191.0,User17,,
1490174886539,Mouse Moved,542.0,222.0,User17,,
1490174886556,Mouse Moved,517.0,242.0,User17,,
1490174886558,Mouse Moved,497.0,258.0,User17,,
1490174886576,Mouse Moved,484.0,268.0,User17,,
1490174886578,Mouse Moved,472.0,278.0,User17,,
1490174886578,Mouse Moved,462.0,284.0,User17,,
1490174886586,Mouse Moved,453.0,292.0,User17,,
1490174886601,Mouse Moved,448.0,295.0,User17,,
1490174886601,Mouse Moved,439.0,300.0,User17,,
1490174886617,Mouse Moved,435.0,304.0,User17,,
1490174886618,Mouse Moved,428.0,307.0,User17,,
1490174886631,Mouse Moved,418.0,313.0,User17,,
1490174886632,Mouse Moved,404.0,319.0,User17,,
1490174886651,Mouse Moved,386.0,328.0,User17,,
1490174886653,Mouse Moved,364.0,334.0,User17,,
1490174886661,Mouse Moved,342.0,339.0,User17,,
1490174886663,Mouse Moved,320.0,343.0,User17,,
1490174886681,Mouse Moved,295.0,345.0,User17,,
1490174886683,Mouse Moved,273.0,348.0,User17,,
1490174886691,Mouse Moved,257.0,348.0,User17,,
1490174886713,Mouse Moved,245.0,348.0,User17,,
1490174886714,Mouse Moved,239.0,348.0,User17,,
1490174886714,Mouse Moved,231.0,348.0,User17,,
1490174886723,Mouse Moved,223.0,348.0,User17,,
1490174886723,Mouse Moved,214.0,348.0,User17,,
1490174886736,Mouse Moved,210.0,348.0,User17,,
1490174886759,Mouse Moved,205.0,346.0,User17,,
1490174886760,Mouse Moved,201.0,345.0,User17,,
1490174886762,Mouse Moved,200.0,345.0,User17,,
1490174886769,Mouse Moved,199.0,345.0,User17,,
1490174886770,Mouse Moved,196.0,343.0,User17,,
1490174886789,Mouse Moved,195.0,343.0,User17,,
1490174886790,Mouse Moved,192.0,343.0,User17,,
1490174886803,Mouse Moved,191.0,342.0,User17,,
1490174886813,Mouse Moved,189.0,342.0,User17,,
1490174886828,Mouse Moved,186.0,342.0,User17,,
1490174886844,Mouse Moved,183.0,342.0,User17,,
1490174886845,Mouse Moved,175.0,344.0,User17,,
1490174886857,Mouse Moved,171.0,345.0,User17,,
1490174886858,Mouse Moved,162.0,347.0,User17,,
1490174886872,Mouse Moved,156.0,349.0,User17,,
1490174886874,Mouse Moved,149.0,352.0,User17,,
1490174886888,Mouse Moved,143.0,354.0,User17,,
1490174886888,Mouse Moved,138.0,355.0,User17,,
1490174886907,Mouse Moved,135.0,358.0,User17,,
1490174886908,Mouse Moved,133.0,358.0,User17,,
1490174886917,Mouse Moved,131.0,359.0,User17,,
1490174886918,Mouse Moved,130.0,360.0,User17,,
1490174886937,Mouse Moved,129.0,361.0,User17,,
1490174886963,Mouse Moved,125.0,363.0,User17,,
1490174886976,Mouse Moved,122.0,366.0,User17,,
1490174886977,Mouse Moved,118.0,369.0,User17,,
1490174886992,Mouse Moved,111.0,372.0,User17,,
1490174886993,Mouse Moved,107.0,374.0,User17,,
1490174887015,Mouse Moved,102.0,377.0,User17,,
1490174887016,Mouse Moved,96.0,378.0,User17,,
1490174887016,Mouse Moved,91.0,380.0,User17,,
1490174887025,Mouse Moved,90.0,381.0,User17,,
1490174887043,Mouse Moved,89.0,381.0,User17,,
1490174887046,Mouse Moved,86.0,381.0,User17,,
1490174887046,Mouse Moved,85.0,381.0,User17,,
1490174887068,Mouse Moved,84.0,382.0,User17,,
1490174887082,Mouse Moved,83.0,382.0,User17,,
1490174887098,Mouse Moved,79.0,382.0,User17,,
1490174887119,Mouse Moved,78.0,382.0,User17,,
1490174887130,Mouse Moved,77.0,383.0,User17,,
1490174887346,Mouse Moved,77.0,383.0,User17,,
1490174887348,Mouse Button.left Pressed,77.0,383.0,User17,,
1490174887463,Mouse Moved,77.0,383.0,User17,,
1490174888025,Mouse Moved,77.0,382.0,User17,,
1490174888026,Mouse Moved,77.0,381.0,User17,,
1490174888028,Mouse Moved,77.0,377.0,User17,,
1490174888029,Mouse Moved,75.0,364.0,User17,,
1490174888029,Mouse Moved,75.0,358.0,User17,,
1490174888030,Mouse Moved,74.0,347.0,User17,,
1490174888030,Mouse Moved,74.0,334.0,User17,,
1490174888322,Mouse Moved,74.0,330.0,User17,,
1490174888322,Mouse Moved,74.0,326.0,User17,,
1490174888323,Mouse Moved,74.0,319.0,User17,,
1490174888325,Mouse Moved,74.0,317.0,User17,,
1490174888325,Mouse Moved,74.0,314.0,User17,,
1490174888326,Mouse Moved,74.0,310.0,User17,,
1490174888328,Mouse Moved,74.0,309.0,User17,,
1490174888328,Mouse Moved,74.0,306.0,User17,,
1490174888328,Mouse Moved,74.0,304.0,User17,,
1490174888329,Mouse Moved,74.0,302.0,User17,,
1490174888331,Mouse Moved,74.0,300.0,User17,,
1490174888331,Mouse Moved,74.0,299.0,User17,,
1490174888332,Mouse Moved,74.0,298.0,User17,,
1490174888332,Mouse Moved,74.0,296.0,User17,,
1490174888334,Mouse Moved,74.0,294.0,User17,,
1490174888335,Mouse Moved,75.0,293.0,User17,,
1490174888335,Mouse Moved,75.0,290.0,User17,,
1490174888335,Mouse Moved,76.0,286.0,User17,,
1490174888336,Mouse Moved,76.0,283.0,User17,,
1490174888338,Mouse Moved,76.0,282.0,User17,,
1490174888338,Mouse Moved,76.0,281.0,User17,,
1490174888338,Mouse Moved,77.0,281.0,User17,,
1490174888339,Mouse Moved,77.0,280.0,User17,,
1490174888339,Mouse Moved,77.0,279.0,User17,,
1490174888341,Mouse Moved,79.0,276.0,User17,,
1490174888342,Mouse Moved,79.0,273.0,User17,,
1490174888342,Mouse Moved,80.0,272.0,User17,,
1490174888342,Mouse Moved,80.0,270.0,User17,,
1490174888344,Mouse Moved,81.0,267.0,User17,,
1490174888365,Mouse Moved,82.0,266.0,User17,,
1490174888642,Mouse Moved,82.0,265.0,User17,,
1490174888644,Mouse Moved,82.0,263.0,User17,,
1490174888644,Mouse Moved,82.0,264.0,User17,,
1490174888645,Mouse Moved,82.0,264.0,User17,,
1490174888647,Mouse Button.left Pressed,82.0,264.0,User17,,
1490174888648,Mouse Moved,82.0,264.0,User17,,
1490174889563,Mouse Moved,82.0,265.0,User17,,
1490174889565,Mouse Moved,82.0,266.0,User17,,
1490174889565,Mouse Moved,82.0,267.0,User17,,
1490174889566,Mouse Moved,82.0,268.0,User17,,
1490174889568,Mouse Moved,82.0,269.0,User17,,
1490174889588,Mouse Moved,82.0,270.0,User17,,
1490174889871,Mouse Moved,82.0,273.0,User17,,
1490174889871,Mouse Moved,82.0,275.0,User17,,
1490174889872,Mouse Moved,81.0,277.0,User17,,
1490174889874,Mouse Moved,81.0,279.0,User17,,
1490174889875,Mouse Moved,81.0,282.0,User17,,
1490174889875,Mouse Moved,81.0,284.0,User17,,
1490174889877,Mouse Moved,81.0,287.0,User17,,
1490174889878,Mouse Moved,80.0,288.0,User17,,
1490174889878,Mouse Moved,80.0,289.0,User17,,
1490174890167,Mouse Moved,80.0,290.0,User17,,
1490174890167,Mouse Moved,81.0,290.0,User17,,
1490174890168,Mouse Button.left Pressed,81.0,290.0,User17,,
1490174890170,Mouse Moved,81.0,290.0,User17,,
1490174890171,Mouse Button.left Released,81.0,290.0,User17,,
1490174890183,Mouse Moved,79.0,292.0,User17,,
1490174890200,Mouse Moved,78.0,294.0,User17,,
1490174890490,Mouse Moved,76.0,295.0,User17,,
1490174890493,Mouse Moved,75.0,298.0,User17,,
1490174890493,Mouse Moved,75.0,299.0,User17,,
1490174890494,Mouse Moved,74.0,300.0,User17,,
1490174890496,Mouse Moved,73.0,301.0,User17,,
1490174890523,Mouse Moved,73.0,303.0,User17,,
1490174890585,Mouse Moved,72.0,303.0,User17,,
1490174890595,Mouse Moved,72.0,304.0,User17,,
1490174890630,Mouse Moved,72.0,305.0,User17,,
1490174890983,Mouse Moved,72.0,305.0,User17,,
1490174891069,Mouse Moved,72.0,305.0,User17,,
1490174891071,Mouse Button.left Released,72.0,305.0,User17,,
1490174891486,Mouse Moved,72.0,306.0,User17,,
1490174891535,Mouse Moved,70.0,309.0,User17,,
1490174891543,Mouse Moved,70.0,311.0,User17,,
1490174891566,Mouse Moved,69.0,312.0,User17,,
1490174891595,Mouse Moved,69.0,316.0,User17,,
1490174891618,Mouse Moved,69.0,317.0,User17,,
1490174891634,Mouse Moved,69.0,318.0,User17,,
1490174891670,Mouse Moved,68.0,321.0,User17,,
1490174891680,Mouse Moved,68.0,322.0,User17,,
1490174891724,Mouse Moved,68.0,323.0,User17,,
1490174891750,Mouse Moved,68.0,324.0,User17,,
1490174891757,Mouse Moved,68.0,326.0,User17,,
1490174891778,Mouse Moved,67.0,327.0,User17,,
1490174892398,Mouse Moved,67.0,326.0,User17,,
1490174892400,Mouse Moved,67.0,326.0,User17,,
1490174892401,Mouse Button.left Pressed,67.0,326.0,User17,,
1490174892493,Mouse Moved,67.0,326.0,User17,,
1490174893125,Mouse Moved,69.0,324.0,User17,,
1490174893150,Mouse Moved,71.0,323.0,User17,,
1490174893170,Mouse Moved,72.0,323.0,User17,,
1490174893180,Mouse Moved,73.0,320.0,User17,,
1490174893210,Mouse Moved,76.0,319.0,User17,,
1490174893230,Mouse Moved,77.0,316.0,User17,,
1490174893260,Mouse Moved,78.0,315.0,User17,,
1490174893292,Mouse Moved,80.0,314.0,User17,,
1490174893322,Mouse Moved,80.0,313.0,User17,,
1490174893323,Mouse Moved,82.0,311.0,User17,,
1490174893345,Mouse Moved,83.0,309.0,User17,,
1490174893364,Mouse Moved,85.0,308.0,User17,,
1490174893384,Mouse Moved,86.0,308.0,User17,,
1490174893407,Mouse Moved,86.0,306.0,User17,,
1490174893421,Mouse Moved,87.0,305.0,User17,,
1490174893453,Mouse Moved,86.0,305.0,User17,,
1490174893454,Mouse Button.left Pressed,86.0,305.0,User17,,
1490174893568,Mouse Moved,86.0,305.0,User17,,
1490174893569,Mouse Button.left Released,86.0,305.0,User17,,
1490174894829,Mouse Moved,88.0,303.0,User17,,
1490174894858,Mouse Moved,90.0,298.0,User17,,
1490174894872,Mouse Moved,90.0,297.0,User17,,
1490174894874,Mouse Moved,91.0,294.0,User17,,
1490174894888,Mouse Moved,91.0,292.0,User17,,
1490174894911,Mouse Moved,91.0,289.0,User17,,
1490174894913,Mouse Moved,92.0,286.0,User17,,
1490174894913,Mouse Moved,92.0,284.0,User17,,
1490174894917,Mouse Moved,92.0,283.0,User17,,
1490174894937,Mouse Moved,94.0,277.0,User17,,
1490174894938,Mouse Moved,94.0,273.0,User17,,
1490174894957,Mouse Moved,94.0,267.0,User17,,
1490174894957,Mouse Moved,95.0,262.0,User17,,
1490174894959,Mouse Moved,95.0,256.0,User17,,
1490174894967,Mouse Moved,97.0,248.0,User17,,
1490174894986,Mouse Moved,99.0,239.0,User17,,
1490174894987,Mouse Moved,102.0,229.0,User17,,
1490174894996,Mouse Moved,107.0,215.0,User17,,
1490174894996,Mouse Moved,113.0,195.0,User17,,
1490174895012,Mouse Moved,125.0,166.0,User17,,
1490174895013,Mouse Moved,142.0,130.0,User17,,
1490174895026,Mouse Moved,159.0,93.0,User17,,
1490174895028,Mouse Moved,178.0,47.0,User17,,
1490174895266,Mouse Moved,241.0,0.0,User17,,
1490174895290,Mouse Moved,241.0,5.0,User17,,
1490174895292,Mouse Moved,241.0,9.0,User17,,
1490174895292,Mouse Moved,241.0,12.0,User17,,
1490174895305,Mouse Moved,241.0,16.0,User17,,
1490174895315,Mouse Moved,239.0,17.0,User17,,
1490174895315,Mouse Moved,239.0,20.0,User17,,
1490174895335,Mouse Moved,239.0,21.0,User17,,
1490174895335,Mouse Moved,239.0,23.0,User17,,
1490174895346,Mouse Moved,238.0,26.0,User17,,
1490174895348,Mouse Moved,238.0,29.0,User17,,
1490174895365,Mouse Moved,235.0,36.0,User17,,
1490174895375,Mouse Moved,232.0,41.0,User17,,
1490174895391,Mouse Moved,228.0,45.0,User17,,
1490174895405,Mouse Moved,226.0,48.0,User17,,
1490174895428,Mouse Moved,224.0,49.0,User17,,
1490174895430,Mouse Moved,222.0,52.0,User17,,
1490174895437,Mouse Moved,219.0,55.0,User17,,
1490174895463,Mouse Moved,216.0,56.0,User17,,
1490174895464,Mouse Moved,213.0,59.0,User17,,
1490174895466,Mouse Moved,207.0,62.0,User17,,
1490174895480,Mouse Moved,205.0,64.0,User17,,
1490174895482,Mouse Moved,201.0,66.0,User17,,
1490174895494,Mouse Moved,200.0,67.0,User17,,
1490174895513,Mouse Moved,199.0,69.0,User17,,
1490174895525,Mouse Moved,198.0,69.0,User17,,
1490174895542,Mouse Moved,197.0,70.0,User17,,
1490174896141,Mouse Moved,197.0,69.0,User17,,
1490174896142,Mouse Button.left Pressed,197.0,69.0,User17,,
1490174896144,Mouse Moved,197.0,69.0,User17,,
1490174896150,Mouse Moved,196.0,71.0,User17,,
1490174896170,Mouse Moved,193.0,77.0,User17,,
1490174896180,Mouse Moved,187.0,84.0,User17,,
1490174896191,Mouse Moved,186.0,88.0,User17,,
1490174896193,Mouse Moved,181.0,97.0,User17,,
1490174896210,Mouse Moved,179.0,102.0,User17,,
1490174896210,Mouse Moved,178.0,106.0,User17,,
1490174896223,Mouse Moved,176.0,109.0,User17,,
1490174896224,Mouse Moved,176.0,110.0,User17,,
1490174896243,Mouse Moved,175.0,114.0,User17,,
1490174896244,Mouse Moved,174.0,117.0,User17,,
1490174896255,Mouse Moved,174.0,118.0,User17,,
1490174896276,Mouse Moved,172.0,121.0,User17,,
1490174896278,Mouse Moved,172.0,123.0,User17,,
1490174896279,Mouse Moved,171.0,126.0,User17,,
1490174896282,Mouse Moved,171.0,129.0,User17,,
1490174896302,Mouse Moved,170.0,130.0,User17,,
1490174896302,Mouse Moved,170.0,135.0,User17,,
1490174896303,Mouse Moved,168.0,138.0,User17,,
1490174896312,Mouse Moved,168.0,142.0,User17,,
1490174896335,Mouse Moved,167.0,154.0,User17,,
1490174896345,Mouse Moved,167.0,158.0,User17,,
1490174896359,Mouse Moved,165.0,161.0,User17,,
1490174896361,Mouse Moved,165.0,162.0,User17,,
1490174896381,Mouse Moved,165.0,163.0,User17,,
1490174896382,Mouse Moved,164.0,166.0,User17,,
1490174896384,Mouse Moved,164.0,167.0,User17,,
1490174896391,Mouse Moved,163.0,170.0,User17,,
1490174896404,Mouse Moved,161.0,172.0,User17,,
1490174896421,Mouse Moved,160.0,175.0,User17,,
1490174896421,Mouse Moved,159.0,178.0,User17,,
1490174896444,Mouse Moved,156.0,179.0,User17,,
1490174896446,Mouse Moved,153.0,182.0,User17,,
1490174896447,Mouse Moved,150.0,185.0,User17,,
1490174896453,Mouse Moved,147.0,187.0,User17,,
1490174896473,Mouse Moved,142.0,191.0,User17,,
1490174896473,Mouse Moved,141.0,192.0,User17,,
1490174896483,Mouse Moved,139.0,192.0,User17,,
1490174896483,Mouse Moved,138.0,194.0,User17,,
1490174896496,Mouse Moved,135.0,195.0,User17,,
1490174896496,Mouse Moved,134.0,196.0,User17,,
1490174896513,Mouse Moved,133.0,197.0,User17,,
1490174896529,Mouse Moved,132.0,197.0,User17,,
1490174896674,Mouse Moved,132.0,197.0,User17,,
1490174896676,Mouse Button.left Pressed,132.0,197.0,User17,,
1490174896729,Mouse Moved,130.0,198.0,User17,,
1490174896746,Mouse Moved,128.0,201.0,User17,,
1490174896747,Mouse Button.left Released,128.0,201.0,User17,,
1490174896775,Mouse Moved,125.0,204.0,User17,,
1490174896776,Mouse Moved,124.0,205.0,User17,,
1490174896855,Mouse Moved,123.0,206.0,User17,,
1490174896881,Mouse Moved,121.0,207.0,User17,,
1490174896923,Mouse Moved,120.0,209.0,User17,,
1490174896947,Mouse Moved,121.0,209.0,User17,,
1490174896948,Mouse Button.left Pressed,121.0,209.0,User17,,
1490174897051,Mouse Moved,121.0,209.0,User17,,
1490174897052,Mouse Button.left Released,121.0,209.0,User17,,
1490174897394,Mouse Moved,120.0,207.0,User17,,
1490174897395,Mouse Moved,123.0,202.0,User17,,
1490174897404,Mouse Moved,129.0,192.0,User17,,
1490174897424,Mouse Moved,132.0,188.0,User17,,
1490174897426,Mouse Moved,137.0,179.0,User17,,
1490174897427,Mouse Moved,142.0,174.0,User17,,
1490174897434,Mouse Moved,150.0,164.0,User17,,
1490174897450,Mouse Moved,153.0,160.0,User17,,
1490174897450,Mouse Moved,158.0,155.0,User17,,
1490174897470,Mouse Moved,160.0,153.0,User17,,
1490174897470,Mouse Moved,162.0,151.0,User17,,
1490174897471,Mouse Moved,163.0,150.0,User17,,
1490174897477,Mouse Moved,165.0,148.0,User17,,
1490174897493,Mouse Moved,167.0,147.0,User17,,
1490174897516,Mouse Moved,168.0,144.0,User17,,
1490174897526,Mouse Moved,171.0,143.0,User17,,
1490174897562,Mouse Moved,175.0,140.0,User17,,
1490174897563,Mouse Moved,177.0,137.0,User17,,
1490174897572,Mouse Moved,180.0,134.0,User17,,
1490174897572,Mouse Moved,182.0,133.0,User17,,
1490174897598,Mouse Moved,184.0,130.0,User17,,
1490174897605,Mouse Moved,185.0,129.0,User17,,
1490174897605,Mouse Moved,186.0,126.0,User17,,
1490174897617,Mouse Moved,188.0,124.0,User17,,
1490174897637,Mouse Moved,188.0,122.0,User17,,
1490174897638,Mouse Moved,189.0,120.0,User17,,
1490174897638,Mouse Moved,189.0,119.0,User17,,
1490174897651,Mouse Moved,190.0,118.0,User17,,
1490174897681,Mouse Moved,190.0,115.0,User17,,
1490174897690,Mouse Moved,190.0,114.0,User17,,
1490174897720,Mouse Moved,191.0,110.0,User17,,
1490174897720,Mouse Moved,191.0,109.0,User17,,
1490174897736,Mouse Moved,191.0,108.0,User17,,
1490174897773,Mouse Moved,191.0,106.0,User17,,
1490174897812,Mouse Moved,193.0,102.0,User17,,
1490174897834,Mouse Moved,194.0,94.0,User17,,
1490174897845,Mouse Moved,194.0,93.0,User17,,
1490174897845,Mouse Moved,196.0,90.0,User17,,
1490174897858,Mouse Moved,196.0,89.0,User17,,
1490174897878,Mouse Moved,197.0,87.0,User17,,
1490174897880,Mouse Moved,197.0,85.0,User17,,
1490174897888,Mouse Moved,198.0,83.0,User17,,
1490174897907,Mouse Moved,200.0,82.0,User17,,
1490174897910,Mouse Moved,200.0,80.0,User17,,
1490174897934,Mouse Moved,201.0,79.0,User17,,
1490174898134,Mouse Moved,202.0,92.0,User17,,
1490174898135,Mouse Moved,202.0,98.0,User17,,
1490174898144,Mouse Moved,204.0,109.0,User17,,
1490174898167,Mouse Moved,206.0,118.0,User17,,
1490174898167,Mouse Moved,208.0,127.0,User17,,
1490174898168,Mouse Moved,211.0,136.0,User17,,
1490174898183,Mouse Moved,215.0,145.0,User17,,
1490174898184,Mouse Moved,217.0,150.0,User17,,
1490174898193,Mouse Moved,220.0,156.0,User17,,
1490174898213,Mouse Moved,223.0,165.0,User17,,
1490174898223,Mouse Moved,224.0,166.0,User17,,
1490174898243,Mouse Moved,225.0,169.0,User17,,
1490174898243,Mouse Moved,225.0,170.0,User17,,
1490174898253,Mouse Moved,226.0,172.0,User17,,
1490174898273,Mouse Moved,228.0,173.0,User17,,
1490174898288,Mouse Moved,228.0,176.0,User17,,
1490174898296,Mouse Moved,231.0,179.0,User17,,
1490174898312,Mouse Moved,232.0,180.0,User17,,
1490174898335,Mouse Moved,234.0,183.0,User17,,
1490174898336,Mouse Moved,236.0,185.0,User17,,
1490174898338,Mouse Moved,237.0,188.0,User17,,
1490174898342,Mouse Moved,238.0,189.0,User17,,
1490174898364,Mouse Moved,238.0,192.0,User17,,
1490174898374,Mouse Moved,240.0,195.0,User17,,
1490174898390,Mouse Moved,241.0,197.0,User17,,
1490174898391,Mouse Moved,242.0,199.0,User17,,
1490174898408,Mouse Moved,242.0,201.0,User17,,
1490174898427,Mouse Moved,243.0,202.0,User17,,
1490174898443,Mouse Moved,243.0,203.0,User17,,
1490174898444,Mouse Moved,243.0,205.0,User17,,
1490174898470,Mouse Moved,245.0,205.0,User17,,
1490174898479,Mouse Moved,245.0,206.0,User17,,
1490174898523,Mouse Moved,245.0,207.0,User17,,
1490174898589,Mouse Moved,244.0,206.0,User17,,
1490174898591,Mouse Moved,244.0,206.0,User17,,
1490174898592,Mouse Button.left Pressed,244.0,206.0,User17,,
1490174898653,Mouse Moved,245.0,208.0,User17,,
1490174898654,Mouse Moved,245.0,208.0,User17,,
1490174898799,Mouse Moved,242.0,208.0,User17,,
1490174898813,Mouse Moved,237.0,203.0,User17,,
1490174898834,Mouse Moved,236.0,202.0,User17,,
1490174898835,Mouse Moved,230.0,194.0,User17,,
1490174898835,Mouse Moved,227.0,190.0,User17,,
1490174898844,Mouse Moved,223.0,181.0,User17,,
1490174898859,Mouse Moved,220.0,172.0,User17,,
1490174898861,Mouse Moved,216.0,163.0,User17,,
1490174898875,Mouse Moved,211.0,150.0,User17,,
1490174898888,Mouse Moved,208.0,136.0,User17,,
1490174898904,Mouse Moved,203.0,123.0,User17,,
1490174898917,Mouse Moved,201.0,119.0,User17,,
1490174898918,Mouse Moved,201.0,116.0,User17,,
1490174898936,Mouse Moved,200.0,115.0,User17,,
1490174898937,Mouse Moved,199.0,111.0,User17,,
1490174898954,Mouse Moved,199.0,108.0,User17,,
1490174898956,Mouse Moved,199.0,107.0,User17,,
1490174898964,Mouse Moved,198.0,104.0,User17,,
1490174898984,Mouse Moved,198.0,103.0,User17,,
1490174898994,Mouse Moved,198.0,101.0,User17,,
1490174899013,Mouse Moved,198.0,98.0,User17,,
1490174899029,Mouse Moved,196.0,95.0,User17,,
1490174899030,Mouse Moved,196.0,93.0,User17,,
1490174899032,Mouse Moved,195.0,90.0,User17,,
1490174899039,Mouse Moved,195.0,89.0,User17,,
1490174899055,Mouse Moved,195.0,88.0,User17,,
1490174899069,Mouse Moved,195.0,87.0,User17,,
1490174899085,Mouse Moved,195.0,85.0,User17,,
1490174899329,Mouse Moved,195.0,85.0,User17,,
1490174899331,Mouse Button.left Pressed,195.0,85.0,User17,,
1490174899414,Mouse Moved,195.0,85.0,User17,,
1490174899415,Mouse Button.left Released,195.0,85.0,User17,,
1490174899908,Mouse Moved,196.0,85.0,User17,,
1490174899918,Mouse Moved,203.0,87.0,User17,,
1490174899931,Mouse Moved,218.0,93.0,User17,,
1490174899933,Mouse Moved,241.0,107.0,User17,,
1490174899947,Mouse Moved,272.0,127.0,User17,,
1490174899947,Mouse Moved,305.0,150.0,User17,,
1490174899963,Mouse Moved,351.0,186.0,User17,,
1490174899963,Mouse Moved,396.0,218.0,User17,,
1490174899984,Mouse Moved,447.0,252.0,User17,,
1490174899986,Mouse Moved,490.0,276.0,User17,,
1490174899986,Mouse Moved,543.0,303.0,User17,,
1490174899993,Mouse Moved,575.0,319.0,User17,,
1490174900015,Mouse Moved,600.0,330.0,User17,,
1490174900016,Mouse Moved,623.0,339.0,User17,,
1490174900025,Mouse Moved,643.0,346.0,User17,,
1490174900026,Mouse Moved,654.0,350.0,User17,,
1490174900039,Mouse Moved,669.0,354.0,User17,,
1490174900052,Mouse Moved,675.0,354.0,User17,,
1490174900052,Mouse Moved,683.0,356.0,User17,,
1490174900066,Mouse Moved,688.0,356.0,User17,,
1490174900068,Mouse Moved,689.0,356.0,User17,,
1490174900082,Mouse Moved,693.0,357.0,User17,,
1490174900096,Mouse Moved,694.0,357.0,User17,,
1490174900127,Mouse Moved,695.0,357.0,User17,,
1490174900158,Mouse Moved,696.0,358.0,User17,,
1490174900187,Mouse Moved,700.0,362.0,User17,,
1490174900188,Mouse Moved,703.0,365.0,User17,,
1490174900201,Mouse Moved,706.0,368.0,User17,,
1490174900201,Mouse Moved,708.0,371.0,User17,,
1490174900217,Mouse Moved,708.0,372.0,User17,,
1490174900233,Mouse Moved,709.0,375.0,User17,,
1490174900247,Mouse Moved,710.0,376.0,User17,,
1490174900249,Mouse Moved,711.0,380.0,User17,,
1490174900262,Mouse Moved,711.0,381.0,User17,,
1490174900263,Mouse Moved,711.0,384.0,User17,,
1490174900278,Mouse Moved,713.0,386.0,User17,,
1490174900279,Mouse Moved,713.0,389.0,User17,,
1490174900292,Mouse Moved,714.0,395.0,User17,,
1490174900292,Mouse Moved,714.0,396.0,User17,,
1490174900306,Mouse Moved,716.0,399.0,User17,,
1490174900308,Mouse Moved,717.0,403.0,User17,,
1490174900322,Mouse Moved,719.0,406.0,User17,,
1490174900322,Mouse Moved,719.0,407.0,User17,,
1490174900336,Mouse Moved,720.0,410.0,User17,,
1490174900338,Mouse Moved,721.0,411.0,User17,,
1490174900352,Mouse Moved,722.0,414.0,User17,,
1490174900354,Mouse Moved,724.0,415.0,User17,,
1490174900367,Mouse Moved,725.0,419.0,User17,,
1490174900591,Mouse Moved,724.0,418.0,User17,,
1490174900592,Mouse Moved,724.0,418.0,User17,,
1490174900677,Mouse Moved,724.0,418.0,User17,,
1490174900678,Mouse Button.left Released,724.0,418.0,User17,,
1490174900868,Mouse Moved,725.0,420.0,User17,,
1490174900895,Mouse Moved,725.0,422.0,User17,,
1490174900918,Mouse Moved,726.0,423.0,User17,,
1490174901023,Mouse Moved,719.0,425.0,User17,,
1490174901033,Mouse Moved,716.0,425.0,User17,,
1490174901049,Mouse Moved,710.0,425.0,User17,,
1490174901049,Mouse Moved,699.0,425.0,User17,,
1490174901065,Mouse Moved,682.0,421.0,User17,,
1490174901068,Mouse Moved,663.0,416.0,User17,,
1490174901076,Mouse Moved,638.0,407.0,User17,,
1490174901078,Mouse Moved,596.0,391.0,User17,,
1490174901092,Mouse Moved,561.0,377.0,User17,,
1490174901092,Mouse Moved,524.0,357.0,User17,,
1490174901109,Mouse Moved,454.0,318.0,User17,,
1490174901131,Mouse Moved,425.0,297.0,User17,,
1490174901131,Mouse Moved,395.0,273.0,User17,,
1490174901132,Mouse Moved,374.0,252.0,User17,,
1490174901141,Mouse Moved,356.0,234.0,User17,,
1490174901154,Mouse Moved,340.0,216.0,User17,,
1490174901155,Mouse Moved,325.0,198.0,User17,,
1490174901167,Mouse Moved,314.0,185.0,User17,,
1490174901168,Mouse Moved,306.0,173.0,User17,,
1490174901183,Mouse Moved,300.0,164.0,User17,,
1490174901197,Mouse Moved,295.0,154.0,User17,,
1490174901198,Mouse Moved,289.0,147.0,User17,,
1490174901217,Mouse Moved,286.0,142.0,User17,,
1490174901219,Mouse Moved,283.0,138.0,User17,,
1490174901220,Mouse Moved,283.0,135.0,User17,,
1490174901227,Mouse Moved,280.0,130.0,User17,,
1490174901247,Mouse Moved,277.0,129.0,User17,,
1490174901250,Mouse Moved,276.0,126.0,User17,,
1490174901257,Mouse Moved,275.0,125.0,User17,,
1490174901273,Mouse Moved,272.0,122.0,User17,,
1490174901273,Mouse Moved,269.0,121.0,User17,,
1490174901295,Mouse Moved,268.0,120.0,User17,,
1490174901296,Mouse Moved,266.0,120.0,User17,,
1490174901322,Mouse Moved,266.0,119.0,User17,,
1490174901332,Mouse Moved,264.0,119.0,User17,,
1490174901354,Mouse Moved,264.0,118.0,User17,,
1490174901364,Mouse Moved,262.0,118.0,User17,,
1490174901394,Mouse Moved,259.0,118.0,User17,,
1490174901394,Mouse Moved,255.0,118.0,User17,,
1490174901414,Mouse Moved,254.0,118.0,User17,,
1490174901426,Mouse Moved,253.0,118.0,User17,,
1490174901444,Mouse Moved,250.0,118.0,User17,,
1490174901444,Mouse Moved,248.0,118.0,User17,,
1490174901453,Mouse Moved,245.0,116.0,User17,,
1490174901469,Mouse Moved,242.0,116.0,User17,,
1490174901470,Mouse Moved,241.0,116.0,User17,,
1490174901484,Mouse Moved,239.0,116.0,User17,,
1490174901486,Mouse Moved,236.0,115.0,User17,,
1490174901497,Mouse Moved,235.0,115.0,User17,,
1490174901513,Mouse Moved,233.0,115.0,User17,,
1490174901529,Mouse Moved,232.0,114.0,User17,,
1490174901625,Mouse Moved,231.0,114.0,User17,,
1490174901671,Mouse Moved,229.0,112.0,User17,,
1490174901678,Mouse Moved,224.0,109.0,User17,,
1490174901700,Mouse Moved,218.0,108.0,User17,,
1490174901714,Mouse Moved,212.0,105.0,User17,,
1490174901724,Mouse Moved,211.0,105.0,User17,,
1490174901746,Mouse Moved,210.0,105.0,User17,,
1490174901746,Mouse Moved,208.0,104.0,User17,,
1490174901861,Mouse Moved,208.0,103.0,User17,,
1490174901900,Mouse Moved,211.0,102.0,User17,,
1490174901911,Mouse Moved,212.0,99.0,User17,,
1490174901927,Mouse Moved,219.0,96.0,User17,,
1490174901930,Mouse Moved,223.0,94.0,User17,,
1490174901937,Mouse Moved,226.0,93.0,User17,,
1490174901957,Mouse Moved,252.0,80.0,User17,,
1490174901967,Mouse Moved,272.0,73.0,User17,,
1490174901982,Mouse Moved,317.0,53.0,User17,,
1490174901996,Mouse Moved,362.0,39.0,User17,,
1490174901996,Mouse Moved,407.0,23.0,User17,,
1490174902012,Mouse Moved,467.0,10.0,User17,,
1490174902013,Mouse Moved,515.0,3.0,User17,,
1490174902969,Mouse Moved,1535.0,6.0,User17,,
1490174902999,Mouse Moved,1535.0,8.0,User17,,
1490174903181,Mouse Moved,1530.0,11.0,User17,,
1490174903191,Mouse Moved,1528.0,12.0,User17,,
1490174903204,Mouse Moved,1526.0,12.0,User17,,
1490174903232,Mouse Moved,1525.0,12.0,User17,,
1490174903796,Mouse Moved,1524.0,12.0,User17,,
1490174903825,Mouse Moved,1462.0,28.0,User17,,
1490174903835,Mouse Moved,1423.0,36.0,User17,,
1490174903849,Mouse Moved,1294.0,57.0,User17,,
1490174903867,Mouse Moved,1073.0,81.0,User17,,
1490174903887,Mouse Moved,956.0,89.0,User17,,
1490174903888,Mouse Moved,832.0,97.0,User17,,
1490174903888,Mouse Moved,715.0,105.0,User17,,
1490174903900,Mouse Moved,587.0,109.0,User17,,
1490174903910,Mouse Moved,464.0,113.0,User17,,
1490174903911,Mouse Moved,363.0,117.0,User17,,
1490174903924,Mouse Moved,263.0,121.0,User17,,
1490174903926,Mouse Moved,195.0,124.0,User17,,
1490174903943,Mouse Moved,138.0,128.0,User17,,
1490174903944,Mouse Moved,111.0,130.0,User17,,
1490174903963,Mouse Moved,97.0,130.0,User17,,
1490174903963,Mouse Moved,94.0,130.0,User17,,
1490174903973,Mouse Moved,92.0,130.0,User17,,
1490174904065,Mouse Moved,87.0,130.0,User17,,
1490174904075,Mouse Moved,85.0,130.0,User17,,
1490174904092,Mouse Moved,80.0,128.0,User17,,
1490174904092,Mouse Moved,70.0,128.0,User17,,
1490174904115,Mouse Moved,61.0,127.0,User17,,
1490174904117,Mouse Moved,57.0,127.0,User17,,
1490174904118,Mouse Moved,50.0,125.0,User17,,
1490174904125,Mouse Moved,48.0,125.0,User17,,
1490174904142,Mouse Moved,47.0,124.0,User17,,
1490174904144,Mouse Moved,45.0,124.0,User17,,
1490174904174,Mouse Moved,45.0,123.0,User17,,
1490174904184,Mouse Moved,49.0,119.0,User17,,
1490174904204,Mouse Moved,59.0,111.0,User17,,
1490174904206,Mouse Moved,66.0,107.0,User17,,
1490174904216,Mouse Moved,71.0,104.0,User17,,
1490174904234,Mouse Moved,86.0,97.0,User17,,
1490174904243,Mouse Moved,101.0,91.0,User17,,
1490174904259,Mouse Moved,110.0,87.0,User17,,
1490174904260,Mouse Moved,117.0,84.0,User17,,
1490174904262,Mouse Moved,126.0,80.0,User17,,
1490174904279,Mouse Moved,131.0,79.0,User17,,
1490174904280,Mouse Moved,134.0,77.0,User17,,
1490174904289,Mouse Moved,136.0,77.0,User17,,
1490174904290,Mouse Moved,137.0,76.0,User17,,
1490174904309,Mouse Moved,139.0,76.0,User17,,
1490174904339,Mouse Moved,140.0,75.0,User17,,
1490174904341,Mouse Moved,144.0,75.0,User17,,
1490174904367,Mouse Moved,147.0,74.0,User17,,
1490174904368,Mouse Moved,151.0,74.0,User17,,
1490174904385,Mouse Moved,154.0,72.0,User17,,
1490174904387,Mouse Moved,158.0,72.0,User17,,
1490174904387,Mouse Moved,159.0,71.0,User17,,
1490174904395,Mouse Moved,160.0,71.0,User17,,
1490174904415,Mouse Moved,163.0,71.0,User17,,
1490174904467,Mouse Moved,164.0,71.0,User17,,
1490174904484,Mouse Moved,165.0,70.0,User17,,
1490174904503,Mouse Moved,166.0,70.0,User17,,
1490174904528,Mouse Moved,167.0,70.0,User17,,
1490174904543,Mouse Moved,169.0,70.0,User17,,
1490174904566,Mouse Moved,170.0,69.0,User17,,
1490174904596,Mouse Moved,176.0,67.0,User17,,
1490174904615,Mouse Moved,177.0,66.0,User17,,
1490174904621,Mouse Moved,179.0,66.0,User17,,
1490174904641,Mouse Moved,180.0,66.0,User17,,
1490174904680,Mouse Moved,180.0,65.0,User17,,
1490174906766,Mouse Moved,179.0,65.0,User17,,
1490174906767,Mouse Button.left Pressed,179.0,65.0,User17,,
1490174906859,Mouse Moved,179.0,65.0,User17,,
1490174906861,Mouse Button.left Released,179.0,65.0,User17,,
1490174907453,Mouse Moved,181.0,66.0,User17,,
1490174907483,Mouse Moved,198.0,78.0,User17,,
1490174907484,Mouse Moved,222.0,97.0,User17,,
1490174907493,Mouse Moved,253.0,125.0,User17,,
1490174907493,Mouse Moved,299.0,161.0,User17,,
1490174907509,Mouse Moved,346.0,201.0,User17,,
1490174907509,Mouse Moved,408.0,249.0,User17,,
1490174907523,Mouse Moved,464.0,288.0,User17,,
1490174907523,Mouse Moved,534.0,325.0,User17,,
1490174907545,Mouse Moved,604.0,362.0,User17,,
1490174907546,Mouse Moved,658.0,388.0,User17,,
1490174907555,Mouse Moved,711.0,415.0,User17,,
1490174907555,Mouse Moved,743.0,431.0,User17,,
1490174907575,Mouse Moved,763.0,442.0,User17,,
1490174907575,Mouse Moved,775.0,448.0,User17,,
1490174907585,Mouse Moved,787.0,453.0,User17,,
1490174907607,Mouse Moved,790.0,454.0,User17,,
1490174907615,Mouse Moved,791.0,454.0,User17,,
1490174907635,Mouse Moved,791.0,453.0,User17,,
1490174907790,Mouse Moved,791.0,452.0,User17,,
1490174907816,Mouse Moved,791.0,448.0,User17,,
1490174907818,Mouse Moved,791.0,447.0,User17,,
1490174907825,Mouse Moved,792.0,442.0,User17,,
1490174907839,Mouse Moved,794.0,437.0,User17,,
1490174907841,Mouse Moved,794.0,434.0,User17,,
1490174907855,Mouse Moved,795.0,433.0,User17,,
1490174907855,Mouse Moved,796.0,431.0,User17,,
1490174907878,Mouse Moved,796.0,429.0,User17,,
1490174907880,Mouse Moved,797.0,428.0,User17,,
1490174907917,Mouse Moved,797.0,427.0,User17,,
1490174907930,Mouse Moved,799.0,427.0,User17,,
1490174907953,Mouse Moved,800.0,426.0,User17,,
1490174908098,Mouse Moved,799.0,426.0,User17,,
1490174908099,Mouse Moved,795.0,426.0,User17,,
1490174908112,Mouse Moved,790.0,426.0,User17,,
1490174908128,Mouse Moved,788.0,426.0,User17,,
1490174908128,Mouse Moved,786.0,426.0,User17,,
1490174908142,Mouse Moved,781.0,426.0,User17,,
1490174908144,Mouse Moved,780.0,426.0,User17,,
1490174908157,Mouse Moved,777.0,426.0,User17,,
1490174908158,Mouse Moved,776.0,426.0,User17,,
1490174908173,Mouse Moved,775.0,426.0,User17,,
1490174908174,Mouse Moved,773.0,426.0,User17,,
1490174908187,Mouse Moved,771.0,426.0,User17,,
1490174908203,Mouse Moved,767.0,426.0,User17,,
1490174908224,Mouse Moved,765.0,426.0,User17,,
1490174908226,Mouse Moved,762.0,426.0,User17,,
1490174908233,Mouse Moved,758.0,426.0,User17,,
1490174908233,Mouse Moved,755.0,426.0,User17,,
1490174908250,Mouse Moved,751.0,426.0,User17,,
1490174908252,Mouse Moved,748.0,425.0,User17,,
1490174908263,Mouse Moved,747.0,425.0,User17,,
1490174908279,Mouse Moved,744.0,425.0,User17,,
1490174908323,Mouse Moved,743.0,425.0,User17,,
1490174908378,Mouse Moved,744.0,425.0,User17,,
1490174908380,Mouse Moved,744.0,425.0,User17,,
1490174908381,Mouse Button.left Pressed,744.0,425.0,User17,,
1490174908487,Mouse Moved,744.0,425.0,User17,,
1490174908489,Mouse Button.left Released,744.0,425.0,User17,,
1490174908806,Mouse Moved,742.0,425.0,User17,,
1490174908822,Mouse Moved,735.0,423.0,User17,,
1490174908838,Mouse Moved,721.0,421.0,User17,,
1490174908839,Mouse Moved,698.0,414.0,User17,,
1490174908851,Mouse Moved,671.0,407.0,User17,,
1490174908867,Mouse Moved,635.0,397.0,User17,,
1490174908868,Mouse Moved,579.0,381.0,User17,,
1490174908881,Mouse Moved,527.0,361.0,User17,,
1490174908882,Mouse Moved,460.0,340.0,User17,,
1490174908898,Mouse Moved,345.0,297.0,User17,,
1490174908911,Mouse Moved,284.0,268.0,User17,,
1490174908927,Mouse Moved,269.0,260.0,User17,,
1490174908927,Mouse Moved,254.0,251.0,User17,,
1490174908941,Mouse Moved,244.0,243.0,User17,,
1490174908943,Mouse Moved,239.0,239.0,User17,,
1490174908957,Mouse Moved,238.0,237.0,User17,,
1490174908959,Mouse Moved,236.0,235.0,User17,,
1490174908974,Mouse Moved,236.0,232.0,User17,,
1490174908993,Mouse Moved,234.0,231.0,User17,,
1490174908994,Mouse Moved,234.0,229.0,User17,,
1490174909003,Mouse Moved,234.0,226.0,User17,,
1490174909003,Mouse Moved,233.0,225.0,User17,,
1490174909017,Mouse Moved,233.0,222.0,User17,,
1490174909019,Mouse Moved,233.0,220.0,User17,,
1490174909032,Mouse Moved,232.0,216.0,User17,,
1490174909048,Mouse Moved,230.0,207.0,User17,,
1490174909062,Mouse Moved,230.0,204.0,User17,,
1490174909082,Mouse Moved,229.0,196.0,User17,,
1490174909092,Mouse Moved,229.0,190.0,User17,,
1490174909108,Mouse Moved,229.0,176.0,User17,,
1490174909122,Mouse Moved,229.0,163.0,User17,,
1490174909138,Mouse Moved,229.0,151.0,User17,,
1490174909151,Mouse Moved,229.0,142.0,User17,,
1490174909167,Mouse Moved,229.0,136.0,User17,,
1490174909167,Mouse Moved,229.0,131.0,User17,,
1490174909186,Mouse Moved,229.0,130.0,User17,,
1490174909187,Mouse Moved,229.0,126.0,User17,,
1490174909204,Mouse Moved,229.0,124.0,User17,,
1490174909206,Mouse Moved,229.0,117.0,User17,,
1490174909207,Mouse Moved,229.0,113.0,User17,,
1490174909214,Mouse Moved,229.0,112.0,User17,,
1490174909234,Mouse Moved,229.0,107.0,User17,,
1490174909236,Mouse Moved,229.0,102.0,User17,,
1490174909236,Mouse Moved,229.0,101.0,User17,,
1490174909249,Mouse Moved,229.0,100.0,User17,,
1490174909263,Mouse Moved,229.0,97.0,User17,,
1490174909273,Mouse Moved,229.0,96.0,User17,,
1490174909292,Mouse Moved,228.0,94.0,User17,,
1490174909302,Mouse Moved,227.0,92.0,User17,,
1490174909316,Mouse Moved,222.0,90.0,User17,,
1490174909332,Mouse Moved,220.0,87.0,User17,,
1490174909334,Mouse Moved,211.0,83.0,User17,,
1490174909348,Mouse Moved,202.0,79.0,User17,,
1490174909362,Mouse Moved,196.0,76.0,User17,,
1490174909378,Mouse Moved,195.0,75.0,User17,,
1490174909378,Mouse Moved,194.0,73.0,User17,,
1490174909392,Mouse Moved,193.0,73.0,User17,,
1490174909664,Mouse Moved,193.0,74.0,User17,,
1490174909665,Mouse Button.left Pressed,193.0,74.0,User17,,
1490174909763,Mouse Moved,193.0,74.0,User17,,
1490174909766,Mouse Button.left Released,193.0,74.0,User17,,
1490174909933,Mouse Moved,195.0,73.0,User17,,
1490174909947,Mouse Moved,200.0,78.0,User17,,
1490174909963,Mouse Moved,212.0,86.0,User17,,
1490174909963,Mouse Moved,224.0,95.0,User17,,
1490174909977,Mouse Moved,237.0,105.0,User17,,
1490174909979,Mouse Moved,257.0,121.0,User17,,
1490174909993,Mouse Moved,275.0,134.0,User17,,
1490174909993,Mouse Moved,299.0,153.0,User17,,
1490174910009,Mouse Moved,324.0,176.0,User17,,
1490174910009,Mouse Moved,354.0,200.0,User17,,
1490174910022,Mouse Moved,379.0,223.0,User17,,
1490174910023,Mouse Moved,409.0,247.0,User17,,
1490174910036,Mouse Moved,432.0,264.0,User17,,
1490174910039,Mouse Moved,453.0,282.0,User17,,
1490174910052,Mouse Moved,470.0,295.0,User17,,
1490174910052,Mouse Moved,488.0,311.0,User17,,
1490174910068,Mouse Moved,501.0,324.0,User17,,
1490174910086,Mouse Moved,516.0,332.0,User17,,
1490174910088,Mouse Moved,528.0,342.0,User17,,
1490174910099,Mouse Moved,538.0,350.0,User17,,
1490174910101,Mouse Moved,545.0,356.0,User17,,
1490174910101,Mouse Moved,555.0,359.0,User17,,
1490174910112,Mouse Moved,559.0,362.0,User17,,
1490174910127,Mouse Moved,568.0,366.0,User17,,
1490174910128,Mouse Moved,577.0,372.0,User17,,
1490174910150,Mouse Moved,582.0,373.0,User17,,
1490174910151,Mouse Moved,586.0,375.0,User17,,
1490174910151,Mouse Moved,591.0,376.0,User17,,
1490174910160,Mouse Moved,597.0,378.0,User17,,
1490174910174,Mouse Moved,598.0,379.0,User17,,
1490174910176,Mouse Moved,604.0,379.0,User17,,
1490174910194,Mouse Moved,608.0,380.0,User17,,
1490174910197,Mouse Moved,613.0,380.0,User17,,
1490174910197,Mouse Moved,617.0,382.0,User17,,
1490174910204,Mouse Moved,623.0,382.0,User17,,
1490174910224,Mouse Moved,624.0,383.0,User17,,
1490174910226,Mouse Moved,628.0,384.0,User17,,
1490174910226,Mouse Moved,631.0,384.0,User17,,
1490174910234,Mouse Moved,632.0,386.0,User17,,
1490174910255,Mouse Moved,635.0,386.0,User17,,
1490174910256,Mouse Moved,637.0,387.0,User17,,
1490174910256,Mouse Moved,639.0,388.0,User17,,
1490174910265,Mouse Moved,641.0,388.0,User17,,
1490174910282,Mouse Moved,644.0,390.0,User17,,
1490174910283,Mouse Moved,645.0,391.0,User17,,
1490174910293,Mouse Moved,648.0,392.0,User17,,
1490174910293,Mouse Moved,652.0,393.0,User17,,
1490174910309,Mouse Moved,655.0,395.0,User17,,
1490174910331,Mouse Moved,658.0,396.0,User17,,
1490174910332,Mouse Moved,662.0,398.0,User17,,
1490174910332,Mouse Moved,665.0,399.0,User17,,
1490174910341,Mouse Moved,670.0,402.0,User17,,
1490174910342,Mouse Moved,672.0,404.0,User17,,
1490174910355,Mouse Moved,679.0,407.0,User17,,
1490174910371,Mouse Moved,683.0,410.0,User17,,
1490174910372,Mouse Moved,692.0,413.0,User17,,
1490174910391,Mouse Moved,697.0,416.0,User17,,
1490174910392,Mouse Moved,703.0,420.0,User17,,
1490174910394,Mouse Moved,708.0,423.0,User17,,
1490174910401,Mouse Moved,712.0,424.0,User17,,
1490174910403,Mouse Moved,714.0,425.0,User17,,
1490174910421,Mouse Moved,717.0,427.0,User17,,
1490174910430,Mouse Moved,718.0,427.0,User17,,
1490174910444,Mouse Moved,721.0,428.0,User17,,
1490174910463,Mouse Moved,722.0,428.0,User17,,
1490174910476,Mouse Moved,725.0,428.0,User17,,
1490174910497,Mouse Moved,726.0,428.0,User17,,
1490174910499,Mouse Moved,728.0,428.0,User17,,
1490174910523,Mouse Moved,729.0,428.0,User17,,
1490174910591,Mouse Moved,729.0,428.0,User17,,
1490174910592,Mouse Button.left Pressed,729.0,428.0,User17,,
1490174910681,Mouse Moved,729.0,429.0,User17,,
1490174910683,Mouse Moved,729.0,429.0,User17,,
1490174910684,Mouse Button.left Released,729.0,429.0,User17,,
1490174910782,Mouse Moved,720.0,429.0,User17,,
1490174910799,Mouse Moved,709.0,429.0,User17,,
1490174910801,Mouse Moved,695.0,427.0,User17,,
1490174910809,Mouse Moved,678.0,425.0,User17,,
1490174910811,Mouse Moved,653.0,418.0,User17,,
1490174910829,Mouse Moved,628.0,409.0,User17,,
1490174910831,Mouse Moved,588.0,395.0,User17,,
1490174910838,Mouse Moved,537.0,380.0,User17,,
1490174910841,Mouse Moved,475.0,359.0,User17,,
1490174910855,Mouse Moved,412.0,335.0,User17,,
1490174910855,Mouse Moved,360.0,315.0,User17,,
1490174910874,Mouse Moved,266.0,271.0,User17,,
1490174910884,Mouse Moved,233.0,252.0,User17,,
1490174910900,Mouse Moved,193.0,229.0,User17,,
1490174910914,Mouse Moved,180.0,219.0,User17,,
1490174910914,Mouse Moved,170.0,209.0,User17,,
1490174910930,Mouse Moved,165.0,204.0,User17,,
1490174910930,Mouse Moved,162.0,199.0,User17,,
1490174910950,Mouse Moved,161.0,195.0,User17,,
1490174910951,Mouse Moved,159.0,192.0,User17,,
1490174910953,Mouse Moved,156.0,188.0,User17,,
1490174910960,Mouse Moved,155.0,183.0,User17,,
1490174910973,Mouse Moved,155.0,180.0,User17,,
1490174910973,Mouse Moved,153.0,176.0,User17,,
1490174910989,Mouse Moved,153.0,170.0,User17,,
1490174910990,Mouse Moved,153.0,165.0,User17,,
1490174911003,Mouse Moved,153.0,161.0,User17,,
1490174911003,Mouse Moved,153.0,155.0,User17,,
1490174911025,Mouse Moved,153.0,151.0,User17,,
1490174911026,Mouse Moved,153.0,146.0,User17,,
1490174911036,Mouse Moved,153.0,136.0,User17,,
1490174911055,Mouse Moved,153.0,127.0,User17,,
1490174911065,Mouse Moved,153.0,116.0,User17,,
1490174911085,Mouse Moved,153.0,112.0,User17,,
1490174911086,Mouse Moved,153.0,108.0,User17,,
1490174911101,Mouse Moved,153.0,105.0,User17,,
1490174911101,Mouse Moved,153.0,101.0,User17,,
1490174911111,Mouse Moved,153.0,100.0,User17,,
1490174911132,Mouse Moved,153.0,96.0,User17,,
1490174911134,Mouse Moved,153.0,94.0,User17,,
1490174911142,Mouse Moved,153.0,92.0,User17,,
1490174911144,Mouse Moved,153.0,89.0,User17,,
1490174911164,Mouse Moved,153.0,88.0,User17,,
1490174911193,Mouse Moved,153.0,86.0,User17,,
1490174911194,Mouse Moved,153.0,85.0,User17,,
1490174911207,Mouse Moved,153.0,82.0,User17,,
1490174911220,Mouse Moved,153.0,79.0,User17,,
1490174911237,Mouse Moved,153.0,78.0,User17,,
1490174911247,Mouse Moved,153.0,77.0,User17,,
1490174911260,Mouse Moved,154.0,76.0,User17,,
1490174911285,Mouse Moved,156.0,73.0,User17,,
1490174911311,Mouse Moved,159.0,70.0,User17,,
1490174911331,Mouse Moved,173.0,61.0,User17,,
1490174911348,Mouse Moved,178.0,58.0,User17,,
1490174911358,Mouse Moved,181.0,57.0,User17,,
1490174911378,Mouse Moved,187.0,53.0,User17,,
1490174911401,Mouse Moved,188.0,53.0,User17,,
1490174911424,Mouse Moved,189.0,51.0,User17,,
1490174911453,Mouse Moved,189.0,50.0,User17,,
1490174911483,Mouse Moved,189.0,51.0,User17,,
1490174911484,Mouse Moved,189.0,51.0,User17,,
1490174911486,Mouse Button.left Pressed,189.0,51.0,User17,,
1490174911507,Mouse Moved,189.0,49.0,User17,,
1490174911585,Mouse Moved,189.0,49.0,User17,,
1490174911588,Mouse Button.left Released,189.0,49.0,User17,,
1490174911733,Mouse Moved,189.0,50.0,User17,,
1490174911750,Mouse Moved,193.0,54.0,User17,,
1490174911772,Mouse Moved,213.0,72.0,User17,,
1490174911783,Mouse Moved,239.0,95.0,User17,,
1490174911792,Mouse Moved,254.0,111.0,User17,,
1490174911809,Mouse Moved,264.0,121.0,User17,,
1490174911809,Mouse Moved,282.0,139.0,User17,,
1490174911834,Mouse Moved,297.0,154.0,User17,,
1490174911835,Mouse Moved,316.0,172.0,User17,,
1490174911835,Mouse Moved,326.0,187.0,User17,,
1490174911842,Mouse Moved,339.0,200.0,User17,,
1490174911844,Mouse Moved,352.0,213.0,User17,,
1490174911862,Mouse Moved,360.0,228.0,User17,,
1490174911864,Mouse Moved,363.0,232.0,User17,,
1490174911871,Mouse Moved,368.0,239.0,User17,,
1490174911887,Mouse Moved,371.0,244.0,User17,,
1490174911890,Mouse Moved,375.0,250.0,User17,,
1490174911901,Mouse Moved,376.0,255.0,User17,,
1490174911903,Mouse Moved,379.0,259.0,User17,,
1490174911926,Mouse Moved,382.0,264.0,User17,,
1490174911927,Mouse Moved,382.0,265.0,User17,,
1490174911927,Mouse Moved,383.0,266.0,User17,,
1490174911941,Mouse Moved,383.0,267.0,User17,,
1490174911970,Mouse Moved,382.0,268.0,User17,,
1490174911980,Mouse Moved,378.0,271.0,User17,,
1490174912000,Mouse Moved,370.0,273.0,User17,,
1490174912002,Mouse Moved,353.0,273.0,User17,,
1490174912003,Mouse Moved,329.0,271.0,User17,,
1490174912009,Mouse Moved,293.0,260.0,User17,,
1490174912023,Mouse Moved,246.0,242.0,User17,,
1490174912025,Mouse Moved,193.0,215.0,User17,,
1490174912049,Mouse Moved,89.0,142.0,User17,,
1490174912059,Mouse Moved,71.0,127.0,User17,,
1490174912072,Mouse Moved,55.0,109.0,User17,,
1490174912072,Mouse Moved,47.0,96.0,User17,,
1490174912086,Mouse Moved,42.0,87.0,User17,,
1490174912088,Mouse Moved,40.0,84.0,User17,,
1490174912105,Mouse Moved,39.0,83.0,User17,,
1490174912107,Mouse Moved,39.0,82.0,User17,,
1490174912117,Mouse Moved,39.0,79.0,User17,,
1490174912147,Mouse Moved,39.0,78.0,User17,,
1490174912163,Mouse Moved,42.0,75.0,User17,,
1490174912184,Mouse Moved,48.0,72.0,User17,,
1490174912193,Mouse Moved,55.0,67.0,User17,,
1490174912214,Mouse Moved,67.0,58.0,User17,,
1490174912229,Mouse Moved,75.0,53.0,User17,,
1490174912239,Mouse Moved,76.0,52.0,User17,,
1490174912259,Mouse Moved,85.0,48.0,User17,,
1490174912269,Mouse Moved,86.0,47.0,User17,,
1490174912289,Mouse Moved,92.0,44.0,User17,,
1490174912290,Mouse Moved,93.0,44.0,User17,,
1490174912292,Mouse Moved,96.0,43.0,User17,,
1490174912299,Mouse Moved,99.0,41.0,User17,,
1490174912312,Mouse Moved,103.0,40.0,User17,,
1490174912312,Mouse Moved,106.0,40.0,User17,,
1490174912326,Mouse Moved,110.0,38.0,User17,,
1490174912328,Mouse Moved,113.0,38.0,User17,,
1490174912348,Mouse Moved,116.0,38.0,User17,,
1490174912349,Mouse Moved,120.0,38.0,User17,,
1490174912351,Mouse Moved,126.0,38.0,User17,,
1490174912358,Mouse Moved,131.0,40.0,User17,,
1490174912378,Mouse Moved,135.0,41.0,User17,,
1490174912380,Mouse Moved,144.0,47.0,User17,,
1490174912387,Mouse Moved,150.0,48.0,User17,,
1490174912401,Mouse Moved,155.0,51.0,User17,,
1490174912401,Mouse Moved,163.0,55.0,User17,,
1490174912417,Mouse Moved,168.0,58.0,User17,,
1490174912418,Mouse Moved,173.0,59.0,User17,,
1490174912430,Mouse Moved,175.0,61.0,User17,,
1490174912431,Mouse Moved,177.0,62.0,User17,,
1490174912451,Mouse Moved,181.0,64.0,User17,,
1490174912453,Mouse Moved,183.0,66.0,User17,,
1490174912453,Mouse Moved,185.0,67.0,User17,,
1490174912461,Mouse Moved,187.0,68.0,User17,,
1490174912480,Mouse Moved,188.0,70.0,User17,,
1490174912483,Mouse Moved,191.0,71.0,User17,,
1490174912500,Mouse Moved,192.0,71.0,User17,,
1490174912510,Mouse Moved,193.0,71.0,User17,,
1490174912614,Mouse Moved,193.0,70.0,User17,,
1490174912615,Mouse Moved,193.0,70.0,User17,,
1490174912707,Mouse Moved,193.0,70.0,User17,,
1490174912709,Mouse Button.left Released,193.0,70.0,User17,,
1490174912821,Mouse Moved,194.0,71.0,User17,,
1490174912845,Mouse Moved,194.0,72.0,User17,,
1490174912867,Mouse Moved,204.0,80.0,User17,,
1490174912882,Mouse Moved,217.0,91.0,User17,,
1490174912884,Mouse Moved,232.0,106.0,User17,,
1490174912892,Mouse Moved,247.0,119.0,User17,,
1490174912913,Mouse Moved,265.0,137.0,User17,,
1490174912914,Mouse Moved,283.0,155.0,User17,,
1490174912914,Mouse Moved,301.0,173.0,User17,,
1490174912921,Mouse Moved,319.0,189.0,User17,,
1490174912936,Mouse Moved,332.0,202.0,User17,,
1490174912937,Mouse Moved,342.0,212.0,User17,,
1490174912960,Mouse Moved,350.0,219.0,User17,,
1490174912960,Mouse Moved,354.0,224.0,User17,,
1490174912961,Mouse Moved,359.0,229.0,User17,,
1490174912970,Mouse Moved,360.0,230.0,User17,,
1490174912990,Mouse Moved,363.0,231.0,User17,,
1490174912990,Mouse Moved,364.0,234.0,User17,,
1490174912992,Mouse Moved,367.0,235.0,User17,,
1490174913000,Mouse Moved,370.0,238.0,User17,,
1490174913013,Mouse Moved,377.0,245.0,User17,,
1490174913013,Mouse Moved,387.0,253.0,User17,,
1490174913036,Mouse Moved,399.0,261.0,User17,,
1490174913038,Mouse Moved,406.0,268.0,User17,,
1490174913039,Mouse Moved,421.0,277.0,User17,,
1490174913049,Mouse Moved,436.0,285.0,User17,,
1490174913059,Mouse Moved,443.0,289.0,User17,,
1490174913059,Mouse Moved,458.0,297.0,User17,,
1490174913075,Mouse Moved,467.0,301.0,User17,,
1490174913075,Mouse Moved,474.0,304.0,User17,,
1490174913089,Mouse Moved,480.0,308.0,User17,,
1490174913091,Mouse Moved,490.0,312.0,User17,,
1490174913105,Mouse Moved,499.0,315.0,User17,,
1490174913105,Mouse Moved,508.0,319.0,User17,,
1490174913128,Mouse Moved,523.0,325.0,User17,,
1490174913130,Mouse Moved,530.0,329.0,User17,,
1490174913131,Mouse Moved,539.0,334.0,User17,,
1490174913138,Mouse Moved,548.0,338.0,User17,,
1490174913161,Mouse Moved,558.0,342.0,User17,,
1490174913161,Mouse Moved,562.0,343.0,User17,,
1490174913163,Mouse Moved,567.0,345.0,User17,,
1490174913170,Mouse Moved,571.0,348.0,User17,,
1490174913190,Mouse Moved,576.0,349.0,User17,,
1490174913190,Mouse Moved,579.0,351.0,User17,,
1490174913191,Mouse Moved,585.0,354.0,User17,,
1490174913200,Mouse Moved,594.0,358.0,User17,,
1490174913220,Mouse Moved,604.0,361.0,User17,,
1490174913220,Mouse Moved,613.0,365.0,User17,,
1490174913223,Mouse Moved,628.0,371.0,User17,,
1490174913229,Mouse Moved,640.0,377.0,User17,,
1490174913244,Mouse Moved,649.0,381.0,User17,,
1490174913246,Mouse Moved,663.0,387.0,User17,,
1490174913265,Mouse Moved,672.0,389.0,User17,,
1490174913266,Mouse Moved,675.0,391.0,User17,,
1490174913276,Mouse Moved,680.0,391.0,User17,,
1490174913295,Mouse Moved,684.0,392.0,User17,,
1490174913296,Mouse Moved,685.0,392.0,User17,,
1490174913296,Mouse Moved,688.0,392.0,User17,,
1490174913303,Mouse Moved,689.0,392.0,User17,,
1490174913348,Mouse Moved,690.0,392.0,User17,,
1490174913384,Mouse Moved,693.0,393.0,User17,,
1490174913418,Mouse Moved,694.0,393.0,User17,,
1490174913424,Mouse Moved,694.0,394.0,User17,,
1490174913460,Mouse Moved,695.0,394.0,User17,,
1490174913461,Mouse Moved,697.0,396.0,User17,,
1490174913471,Mouse Moved,704.0,399.0,User17,,
1490174913490,Mouse Moved,709.0,402.0,User17,,
1490174913492,Mouse Moved,713.0,405.0,User17,,
1490174913500,Mouse Moved,722.0,409.0,User17,,
1490174913513,Mouse Moved,726.0,412.0,User17,,
1490174913515,Mouse Moved,729.0,413.0,User17,,
1490174913529,Mouse Moved,734.0,416.0,User17,,
1490174913529,Mouse Moved,735.0,417.0,User17,,
1490174913543,Mouse Moved,736.0,418.0,User17,,
1490174913559,Mouse Moved,737.0,420.0,User17,,
1490174913584,Mouse Moved,738.0,420.0,User17,,
1490174913592,Mouse Moved,738.0,421.0,User17,,
1490174913630,Mouse Moved,740.0,421.0,User17,,
1490174913780,Mouse Moved,740.0,422.0,User17,,
1490174913809,Mouse Moved,741.0,422.0,User17,,
1490174913828,Mouse Moved,741.0,421.0,User17,,
1490174913829,Mouse Button.left Pressed,741.0,421.0,User17,,
1490174913914,Mouse Moved,741.0,421.0,User17,,
1490174914015,Mouse Moved,722.0,422.0,User17,,
1490174914036,Mouse Moved,705.0,420.0,User17,,
1490174914036,Mouse Moved,683.0,413.0,User17,,
1490174914038,Mouse Moved,655.0,404.0,User17,,
1490174914045,Mouse Moved,618.0,387.0,User17,,
1490174914444,Mouse Moved,542.0,356.0,User17,,
1490174914444,Mouse Moved,474.0,323.0,User17,,
1490174914446,Mouse Moved,420.0,281.0,User17,,
1490174914447,Mouse Moved,408.0,268.0,User17,,
1490174914447,Mouse Moved,371.0,225.0,User17,,
1490174914447,Mouse Moved,361.0,213.0,User17,,
1490174914448,Mouse Moved,345.0,190.0,User17,,
1490174914450,Mouse Moved,326.0,166.0,User17,,
1490174914450,Mouse Moved,322.0,161.0,User17,,
1490174914451,Mouse Moved,311.0,150.0,User17,,
1490174914451,Mouse Moved,308.0,144.0,User17,,
1490174914453,Mouse Moved,302.0,137.0,User17,,
1490174914453,Mouse Moved,299.0,133.0,User17,,
1490174914454,Mouse Moved,292.0,126.0,User17,,
1490174914454,Mouse Moved,289.0,123.0,User17,,
1490174914456,Mouse Moved,280.0,116.0,User17,,
1490174914457,Mouse Moved,274.0,111.0,User17,,
1490174914457,Mouse Moved,261.0,105.0,User17,,
1490174914457,Mouse Moved,257.0,104.0,User17,,
1490174914459,Mouse Moved,243.0,101.0,User17,,
1490174914459,Mouse Moved,242.0,101.0,User17,,
1490174914460,Mouse Moved,239.0,101.0,User17,,
1490174914460,Mouse Moved,238.0,100.0,User17,,
1490174914461,Mouse Moved,236.0,97.0,User17,,
1490174914461,Mouse Moved,229.0,92.0,User17,,
1490174914463,Mouse Moved,217.0,85.0,User17,,
1490174914469,Mouse Moved,212.0,83.0,User17,,
1490174914482,Mouse Moved,211.0,82.0,User17,,
1490174914483,Mouse Moved,209.0,79.0,User17,,
1490174914513,Mouse Moved,207.0,79.0,User17,,
1490174914515,Mouse Moved,206.0,78.0,User17,,
1490174914542,Mouse Moved,205.0,77.0,User17,,
1490174914558,Mouse Moved,201.0,74.0,User17,,
1490174914572,Mouse Moved,200.0,73.0,User17,,
1490174914605,Mouse Moved,199.0,72.0,User17,,
1490174914607,Mouse Moved,198.0,72.0,User17,,
1490174914621,Mouse Moved,198.0,73.0,User17,,
1490174914622,Mouse Moved,198.0,73.0,User17,,
1490174914624,Mouse Button.left Pressed,198.0,73.0,User17,,
1490174914710,Mouse Moved,198.0,73.0,User17,,
1490174914711,Mouse Button.left Released,198.0,73.0,User17,,
1490174914823,Mouse Moved,200.0,72.0,User17,,
1490174914845,Mouse Moved,203.0,73.0,User17,,
1490174914846,Mouse Moved,207.0,75.0,User17,,
1490174914858,Mouse Moved,210.0,76.0,User17,,
1490174914859,Mouse Moved,221.0,82.0,User17,,
1490174914875,Mouse Moved,226.0,86.0,User17,,
1490174914875,Mouse Moved,241.0,97.0,User17,,
1490174914891,Mouse Moved,256.0,110.0,User17,,
1490174914892,Mouse Moved,277.0,129.0,User17,,
1490174914911,Mouse Moved,300.0,147.0,User17,,
1490174914913,Mouse Moved,326.0,170.0,User17,,
1490174914913,Mouse Moved,350.0,189.0,User17,,
1490174914921,Mouse Moved,370.0,208.0,User17,,
1490174914941,Mouse Moved,391.0,226.0,User17,,
1490174914943,Mouse Moved,409.0,242.0,User17,,
1490174914951,Mouse Moved,429.0,260.0,User17,,
1490174914953,Mouse Moved,442.0,270.0,User17,,
1490174914966,Mouse Moved,455.0,283.0,User17,,
1490174914983,Mouse Moved,465.0,291.0,User17,,
1490174914983,Mouse Moved,469.0,296.0,User17,,
1490174914984,Mouse Moved,477.0,303.0,User17,,
1490174914994,Mouse Moved,480.0,306.0,User17,,
1490174915009,Mouse Moved,484.0,309.0,User17,,
1490174915009,Mouse Moved,486.0,312.0,User17,,
1490174915023,Mouse Moved,487.0,313.0,User17,,
1490174915025,Mouse Moved,489.0,316.0,User17,,
1490174915042,Mouse Moved,491.0,317.0,User17,,
1490174915043,Mouse Moved,493.0,320.0,User17,,
1490174915056,Mouse Moved,495.0,322.0,User17,,
1490174915069,Mouse Moved,501.0,327.0,User17,,
1490174915069,Mouse Moved,514.0,336.0,User17,,
1490174915084,Mouse Moved,523.0,344.0,User17,,
1490174915085,Mouse Moved,533.0,349.0,User17,,
1490174915101,Mouse Moved,548.0,358.0,User17,,
1490174915101,Mouse Moved,555.0,363.0,User17,,
1490174915121,Mouse Moved,565.0,369.0,User17,,
1490174915121,Mouse Moved,574.0,373.0,User17,,
1490174915122,Mouse Moved,583.0,378.0,User17,,
1490174915131,Mouse Moved,593.0,382.0,User17,,
1490174915151,Mouse Moved,607.0,386.0,User17,,
1490174915151,Mouse Moved,616.0,390.0,User17,,
1490174915163,Mouse Moved,631.0,396.0,User17,,
1490174915164,Mouse Moved,643.0,400.0,User17,,
1490174915176,Mouse Moved,657.0,406.0,User17,,
1490174915190,Mouse Moved,669.0,410.0,User17,,
1490174915191,Mouse Moved,678.0,412.0,User17,,
1490174915193,Mouse Moved,685.0,415.0,User17,,
1490174915213,Mouse Moved,689.0,415.0,User17,,
1490174915214,Mouse Moved,694.0,415.0,User17,,
1490174915220,Mouse Moved,695.0,417.0,User17,,
1490174915250,Mouse Moved,696.0,417.0,User17,,
1490174915270,Mouse Moved,697.0,417.0,User17,,
1490174915295,Mouse Moved,698.0,417.0,User17,,
1490174915309,Mouse Moved,699.0,417.0,User17,,
1490174915368,Mouse Moved,705.0,417.0,User17,,
1490174915384,Mouse Moved,706.0,417.0,User17,,
1490174915407,Mouse Moved,712.0,417.0,User17,,
1490174915417,Mouse Moved,713.0,418.0,User17,,
1490174915467,Mouse Moved,715.0,418.0,User17,,
1490174915476,Mouse Moved,717.0,418.0,User17,,
1490174915496,Mouse Moved,722.0,421.0,User17,,
1490174915506,Mouse Moved,728.0,422.0,User17,,
1490174915522,Mouse Moved,729.0,423.0,User17,,
1490174915523,Mouse Moved,732.0,423.0,User17,,
1490174915559,Mouse Moved,733.0,423.0,User17,,
1490174915604,Mouse Moved,732.0,423.0,User17,,
1490174915605,Mouse Moved,732.0,423.0,User17,,
1490174915681,Mouse Moved,732.0,423.0,User17,,
1490174915683,Mouse Button.left Released,732.0,423.0,User17,,
1490174915717,Mouse Moved,733.0,425.0,User17,,
1490174915796,Mouse Moved,727.0,425.0,User17,,
1490174915815,Mouse Moved,719.0,425.0,User17,,
1490174915815,Mouse Moved,710.0,423.0,User17,,
1490174915816,Mouse Moved,691.0,419.0,User17,,
1490174915835,Mouse Moved,666.0,412.0,User17,,
1490174915836,Mouse Moved,633.0,399.0,User17,,
1490174915845,Mouse Moved,599.0,389.0,User17,,
1490174915845,Mouse Moved,552.0,370.0,User17,,
1490174915865,Mouse Moved,517.0,356.0,User17,,
1490174915868,Mouse Moved,477.0,342.0,User17,,
1490174915872,Mouse Moved,429.0,320.0,User17,,
1490174915888,Mouse Moved,393.0,303.0,User17,,
1490174915890,Mouse Moved,350.0,282.0,User17,,
1490174915904,Mouse Moved,286.0,247.0,User17,,
1490174915924,Mouse Moved,260.0,233.0,User17,,
1490174915926,Mouse Moved,240.0,224.0,User17,,
1490174915927,Mouse Moved,222.0,213.0,User17,,
1490174915936,Mouse Moved,205.0,204.0,User17,,
1490174915954,Mouse Moved,193.0,198.0,User17,,
1490174915956,Mouse Moved,186.0,195.0,User17,,
1490174915956,Mouse Moved,176.0,189.0,User17,,
1490174915964,Mouse Moved,172.0,187.0,User17,,
1490174915984,Mouse Moved,167.0,184.0,User17,,
1490174915986,Mouse Moved,166.0,183.0,User17,,
1490174915986,Mouse Moved,165.0,183.0,User17,,
1490174915993,Mouse Moved,164.0,183.0,User17,,
1490174916053,Mouse Moved,163.0,183.0,User17,,
1490174916084,Mouse Moved,157.0,182.0,User17,,
1490174916085,Mouse Moved,153.0,182.0,User17,,
1490174916098,Mouse Moved,150.0,182.0,User17,,
1490174916101,Mouse Moved,146.0,182.0,User17,,
1490174916121,Mouse Moved,145.0,182.0,User17,,
1490174916122,Mouse Moved,143.0,181.0,User17,,
1490174916128,Mouse Moved,142.0,181.0,User17,,
1490174916144,Mouse Moved,140.0,181.0,User17,,
1490174916174,Mouse Moved,129.0,181.0,User17,,
1490174916174,Mouse Moved,123.0,181.0,User17,,
1490174916188,Mouse Moved,111.0,181.0,User17,,
1490174916206,Mouse Moved,102.0,179.0,User17,,
1490174916219,Mouse Moved,91.0,178.0,User17,,
1490174916233,Mouse Moved,84.0,176.0,User17,,
1490174916249,Mouse Moved,80.0,176.0,User17,,
1490174916265,Mouse Moved,77.0,175.0,User17,,
1490174916279,Mouse Moved,75.0,175.0,User17,,
1490174916296,Mouse Moved,71.0,173.0,User17,,
1490174916309,Mouse Moved,68.0,173.0,User17,,
1490174916325,Mouse Moved,64.0,170.0,User17,,
1490174916338,Mouse Moved,63.0,169.0,User17,,
1490174916355,Mouse Moved,62.0,169.0,User17,,
1490174916374,Mouse Moved,62.0,169.0,User17,,
1490174916375,Mouse Button.left Pressed,62.0,169.0,User17,,
1490174916476,Mouse Moved,62.0,169.0,User17,,
1490174916753,Mouse Moved,62.0,170.0,User17,,
1490174916783,Mouse Moved,62.0,171.0,User17,,
1490174916806,Mouse Moved,62.0,172.0,User17,,
1490174916826,Mouse Moved,62.0,175.0,User17,,
1490174916852,Mouse Moved,64.0,179.0,User17,,
1490174916867,Mouse Moved,64.0,181.0,User17,,
1490174916868,Mouse Moved,64.0,183.0,User17,,
1490174916897,Mouse Moved,64.0,184.0,User17,,
1490174916917,Mouse Moved,64.0,187.0,User17,,
1490174916927,Mouse Moved,64.0,188.0,User17,,
1490174916948,Mouse Moved,64.0,189.0,User17,,
1490174917075,Mouse Moved,63.0,189.0,User17,,
1490174917076,Mouse Moved,63.0,189.0,User17,,
1490174917078,Mouse Button.left Pressed,63.0,189.0,User17,,
1490174917151,Mouse Moved,63.0,189.0,User17,,
1490174917153,Mouse Button.left Released,63.0,189.0,User17,,
1490174917407,Mouse Moved,64.0,190.0,User17,,
1490174917430,Mouse Moved,66.0,193.0,User17,,
1490174917430,Mouse Moved,68.0,196.0,User17,,
1490174917447,Mouse Moved,71.0,199.0,User17,,
1490174917467,Mouse Moved,72.0,200.0,User17,,
1490174917467,Mouse Moved,73.0,201.0,User17,,
1490174917496,Mouse Moved,74.0,202.0,User17,,
1490174917614,Mouse Moved,74.0,203.0,User17,,
1490174917630,Mouse Moved,75.0,203.0,User17,,
1490174917648,Mouse Moved,75.0,206.0,User17,,
1490174917680,Mouse Moved,80.0,211.0,User17,,
1490174917697,Mouse Moved,81.0,215.0,User17,,
1490174917785,Mouse Moved,80.0,215.0,User17,,
1490174917786,Mouse Moved,80.0,215.0,User17,,
1490174917854,Mouse Moved,80.0,215.0,User17,,
1490174917855,Mouse Button.left Released,80.0,215.0,User17,,
1490174918128,Mouse Moved,81.0,214.0,User17,,
1490174918141,Mouse Moved,81.0,213.0,User17,,
1490174918176,Mouse Moved,81.0,209.0,User17,,
1490174918177,Mouse Moved,81.0,205.0,User17,,
1490174918196,Mouse Moved,81.0,203.0,User17,,
1490174918197,Mouse Moved,81.0,201.0,User17,,
1490174918207,Mouse Moved,81.0,198.0,User17,,
1490174918209,Mouse Moved,81.0,196.0,User17,,
1490174918219,Mouse Moved,81.0,194.0,User17,,
1490174918233,Mouse Moved,81.0,189.0,User17,,
1490174918234,Mouse Moved,81.0,188.0,User17,,
1490174918247,Mouse Moved,81.0,184.0,User17,,
1490174918249,Mouse Moved,81.0,181.0,User17,,
1490174918270,Mouse Moved,81.0,180.0,User17,,
1490174918272,Mouse Moved,81.0,179.0,User17,,
1490174918280,Mouse Moved,81.0,177.0,User17,,
1490174918301,Mouse Moved,81.0,175.0,User17,,
1490174918311,Mouse Moved,81.0,173.0,User17,,
1490174918332,Mouse Moved,81.0,172.0,User17,,
1490174918355,Mouse Moved,81.0,171.0,User17,,
1490174918377,Mouse Moved,81.0,169.0,User17,,
1490174918388,Mouse Moved,81.0,167.0,User17,,
1490174918407,Mouse Moved,81.0,164.0,User17,,
1490174918430,Mouse Moved,81.0,163.0,User17,,
1490174918463,Mouse Moved,81.0,161.0,User17,,
1490174918463,Mouse Moved,81.0,158.0,User17,,
1490174918493,Mouse Moved,81.0,157.0,User17,,
1490174918513,Mouse Moved,81.0,156.0,User17,,
1490174918523,Mouse Moved,80.0,156.0,User17,,
1490174918526,Mouse Moved,80.0,156.0,User17,,
1490174918642,Mouse Moved,80.0,156.0,User17,,
1490174918644,Mouse Button.left Released,80.0,156.0,User17,,
1490174918994,Mouse Moved,81.0,157.0,User17,,
1490174919032,Mouse Moved,80.0,158.0,User17,,
1490174919051,Mouse Moved,78.0,158.0,User17,,
1490174919062,Mouse Moved,78.0,159.0,User17,,
1490174919082,Mouse Moved,76.0,162.0,User17,,
1490174919114,Mouse Moved,73.0,163.0,User17,,
1490174919135,Mouse Moved,72.0,164.0,User17,,
1490174919142,Mouse Moved,71.0,166.0,User17,,
1490174919167,Mouse Moved,70.0,166.0,User17,,
1490174919240,Mouse Moved,70.0,165.0,User17,,
1490174919242,Mouse Button.left Pressed,70.0,165.0,User17,,
1490174919348,Mouse Moved,70.0,165.0,User17,,
1490174919772,Mouse Moved,70.0,167.0,User17,,
1490174919788,Mouse Moved,72.0,168.0,User17,,
1490174919802,Mouse Moved,77.0,170.0,User17,,
1490174919818,Mouse Moved,79.0,171.0,User17,,
1490174919819,Mouse Moved,88.0,174.0,User17,,
1490174919832,Mouse Moved,109.0,184.0,User17,,
1490174919848,Mouse Moved,147.0,204.0,User17,,
1490174919862,Mouse Moved,170.0,213.0,User17,,
1490174919864,Mouse Moved,195.0,224.0,User17,,
1490174919878,Mouse Moved,215.0,233.0,User17,,
1490174919898,Mouse Moved,241.0,248.0,User17,,
1490174919900,Mouse Moved,261.0,254.0,User17,,
1490174919907,Mouse Moved,278.0,263.0,User17,,
1490174919908,Mouse Moved,287.0,265.0,User17,,
1490174919924,Mouse Moved,294.0,268.0,User17,,
1490174919924,Mouse Moved,298.0,269.0,User17,,
1490174919937,Mouse Moved,299.0,271.0,User17,,
1490174919938,Mouse Moved,301.0,271.0,User17,,
1490174919953,Mouse Moved,302.0,272.0,User17,,
1490174920013,Mouse Moved,303.0,273.0,User17,,
1490174920028,Mouse Moved,303.0,275.0,User17,,
1490174920043,Mouse Moved,301.0,278.0,User17,,
1490174920058,Mouse Moved,298.0,283.0,User17,,
1490174920073,Mouse Moved,295.0,286.0,User17,,
1490174920088,Mouse Moved,289.0,291.0,User17,,
1490174920088,Mouse Moved,288.0,292.0,User17,,
1490174920102,Mouse Moved,285.0,293.0,User17,,
1490174920104,Mouse Moved,280.0,298.0,User17,,
1490174920118,Mouse Moved,273.0,303.0,User17,,
1490174920118,Mouse Moved,270.0,305.0,User17,,
1490174920132,Mouse Moved,266.0,308.0,User17,,
1490174920132,Mouse Moved,261.0,311.0,User17,,
1490174920148,Mouse Moved,258.0,312.0,User17,,
1490174920148,Mouse Moved,254.0,315.0,User17,,
1490174920163,Mouse Moved,252.0,318.0,User17,,
1490174920164,Mouse Moved,250.0,319.0,User17,,
1490174920177,Mouse Moved,248.0,321.0,User17,,
1490174920193,Mouse Moved,247.0,322.0,User17,,
1490174920194,Mouse Moved,246.0,323.0,User17,,
1490174920285,Mouse Moved,246.0,322.0,User17,,
1490174920286,Mouse Moved,246.0,322.0,User17,,
1490174920391,Mouse Moved,246.0,322.0,User17,,
1490174920392,Mouse Button.left Released,246.0,322.0,User17,,
1490174920601,Mouse Moved,246.0,321.0,User17,,
1490174920622,Mouse Moved,246.0,318.0,User17,,
1490174920632,Mouse Moved,248.0,312.0,User17,,
1490174920651,Mouse Moved,252.0,301.0,User17,,
1490174920661,Mouse Moved,253.0,300.0,User17,,
1490174920676,Mouse Moved,256.0,293.0,User17,,
1490174920691,Mouse Moved,258.0,289.0,User17,,
1490174920717,Mouse Moved,258.0,287.0,User17,,
1490174920720,Mouse Moved,260.0,284.0,User17,,
1490174920743,Mouse Moved,260.0,282.0,User17,,
1490174920752,Mouse Moved,261.0,280.0,User17,,
1490174920782,Mouse Moved,261.0,279.0,User17,,
1490174920799,Mouse Moved,262.0,278.0,User17,,
1490174920819,Mouse Moved,262.0,276.0,User17,,
1490174920848,Mouse Moved,262.0,275.0,User17,,
1490174920858,Mouse Moved,263.0,274.0,User17,,
1490174920888,Mouse Moved,263.0,273.0,User17,,
1490174920898,Mouse Moved,262.0,273.0,User17,,
1490174920900,Mouse Moved,262.0,273.0,User17,,
1490174920901,Mouse Button.left Pressed,262.0,273.0,User17,,
1490174921000,Mouse Moved,262.0,273.0,User17,,
1490174921002,Mouse Button.left Released,262.0,273.0,User17,,
1490174921414,Mouse Moved,266.0,272.0,User17,,
1490174921428,Mouse Moved,270.0,269.0,User17,,
1490174921444,Mouse Moved,275.0,266.0,User17,,
1490174921460,Mouse Moved,279.0,261.0,User17,,
1490174921473,Mouse Moved,284.0,256.0,User17,,
1490174921503,Mouse Moved,288.0,252.0,User17,,
1490174921519,Mouse Moved,290.0,250.0,User17,,
1490174921533,Mouse Moved,292.0,247.0,User17,,
1490174921563,Mouse Moved,294.0,246.0,User17,,
1490174921578,Mouse Moved,294.0,244.0,User17,,
1490174921599,Mouse Moved,293.0,245.0,User17,,
1490174921601,Mouse Moved,293.0,245.0,User17,,
1490174921686,Mouse Moved,293.0,245.0,User17,,
1490174921687,Mouse Button.left Released,293.0,245.0,User17,,
1490174921819,Mouse Moved,294.0,247.0,User17,,
1490174921835,Mouse Moved,292.0,250.0,User17,,
1490174921864,Mouse Moved,291.0,254.0,User17,,
1490174921880,Mouse Moved,287.0,265.0,User17,,
1490174921880,Mouse Moved,283.0,274.0,User17,,
1490174921894,Mouse Moved,282.0,283.0,User17,,
1490174921895,Mouse Moved,282.0,292.0,User17,,
1490174921908,Mouse Moved,280.0,300.0,User17,,
1490174921910,Mouse Moved,280.0,307.0,User17,,
1490174921924,Mouse Moved,280.0,321.0,User17,,
1490174921944,Mouse Moved,280.0,337.0,User17,,
1490174921953,Mouse Moved,280.0,354.0,User17,,
1490174921967,Mouse Moved,280.0,365.0,User17,,
1490174921983,Mouse Moved,281.0,377.0,User17,,
1490174921999,Mouse Moved,281.0,384.0,User17,,
1490174922013,Mouse Moved,283.0,388.0,User17,,
1490174922029,Mouse Moved,283.0,392.0,User17,,
1490174922046,Mouse Moved,284.0,395.0,User17,,
1490174922058,Mouse Moved,284.0,397.0,User17,,
1490174922194,Mouse Moved,285.0,397.0,User17,,
1490174922232,Mouse Moved,286.0,395.0,User17,,
1490174922239,Mouse Moved,291.0,389.0,User17,,
1490174922253,Mouse Moved,293.0,383.0,User17,,
1490174922269,Mouse Moved,295.0,380.0,User17,,
1490174922282,Mouse Moved,297.0,377.0,User17,,
1490174922299,Mouse Moved,299.0,373.0,User17,,
1490174922313,Mouse Moved,299.0,369.0,User17,,
1490174922331,Mouse Moved,299.0,368.0,User17,,
1490174922344,Mouse Moved,300.0,366.0,User17,,
1490174922358,Mouse Moved,301.0,364.0,User17,,
1490174922391,Mouse Moved,301.0,362.0,User17,,
1490174922404,Mouse Moved,301.0,361.0,User17,,
1490174922420,Mouse Moved,301.0,360.0,User17,,
1490174922440,Mouse Moved,301.0,359.0,User17,,
1490174922463,Mouse Moved,301.0,359.0,User17,,
1490174922464,Mouse Button.left Pressed,301.0,359.0,User17,,
1490174922519,Mouse Moved,301.0,359.0,User17,,
1490174922653,Mouse Moved,301.0,360.0,User17,,
1490174922654,Mouse Moved,301.0,362.0,User17,,
1490174922677,Mouse Moved,300.0,365.0,User17,,
1490174922693,Mouse Moved,298.0,368.0,User17,,
1490174922710,Mouse Moved,297.0,371.0,User17,,
1490174922726,Mouse Moved,296.0,372.0,User17,,
1490174922726,Mouse Moved,294.0,374.0,User17,,
1490174922746,Mouse Moved,290.0,384.0,User17,,
1490174922755,Mouse Moved,289.0,387.0,User17,,
1490174922776,Mouse Moved,287.0,391.0,User17,,
1490174922786,Mouse Moved,287.0,395.0,User17,,
1490174922806,Mouse Moved,286.0,398.0,User17,,
1490174922815,Mouse Moved,286.0,400.0,User17,,
1490174922829,Mouse Moved,286.0,401.0,User17,,
1490174922849,Mouse Moved,285.0,403.0,User17,,
1490174922888,Mouse Moved,285.0,405.0,User17,,
1490174922970,Mouse Moved,285.0,404.0,User17,,
1490174922971,Mouse Moved,285.0,404.0,User17,,
1490174922973,Mouse Button.left Pressed,285.0,404.0,User17,,
1490174923063,Mouse Moved,285.0,404.0,User17,,
1490174923065,Mouse Button.left Released,285.0,404.0,User17,,
1490174923312,Mouse Moved,285.0,406.0,User17,,
1490174923326,Mouse Moved,285.0,410.0,User17,,
1490174923342,Mouse Moved,285.0,412.0,User17,,
1490174923358,Mouse Moved,285.0,416.0,User17,,
1490174923371,Mouse Moved,285.0,419.0,User17,,
1490174923387,Mouse Moved,285.0,422.0,User17,,
1490174923401,Mouse Moved,285.0,425.0,User17,,
1490174923417,Mouse Moved,285.0,426.0,User17,,
1490174923431,Mouse Moved,285.0,428.0,User17,,
1490174923447,Mouse Moved,283.0,431.0,User17,,
1490174923461,Mouse Moved,283.0,435.0,User17,,
1490174923480,Mouse Moved,283.0,437.0,User17,,
1490174923492,Mouse Moved,283.0,439.0,User17,,
1490174923507,Mouse Moved,283.0,441.0,User17,,
1490174923523,Mouse Moved,283.0,442.0,User17,,
1490174923586,Mouse Moved,284.0,442.0,User17,,
1490174923588,Mouse Moved,284.0,442.0,User17,,
1490174923687,Mouse Moved,284.0,442.0,User17,,
1490174923941,Mouse Moved,283.0,443.0,User17,,
1490174923957,Mouse Moved,283.0,447.0,User17,,
1490174923971,Mouse Moved,283.0,454.0,User17,,
1490174923986,Mouse Moved,283.0,461.0,User17,,
1490174924002,Mouse Moved,283.0,472.0,User17,,
1490174924019,Mouse Moved,283.0,477.0,User17,,
1490174924032,Mouse Moved,283.0,481.0,User17,,
1490174924046,Mouse Moved,283.0,482.0,User17,,
1490174924062,Mouse Moved,283.0,485.0,User17,,
1490174924094,Mouse Moved,283.0,487.0,User17,,
1490174924137,Mouse Moved,283.0,488.0,User17,,
1490174924224,Mouse Moved,284.0,487.0,User17,,
1490174924226,Mouse Moved,284.0,487.0,User17,,
1490174924341,Mouse Moved,284.0,487.0,User17,,
1490174924342,Mouse Button.left Released,284.0,487.0,User17,,
1490174924572,Mouse Moved,283.0,494.0,User17,,
1490174924586,Mouse Moved,283.0,498.0,User17,,
1490174924608,Mouse Moved,283.0,508.0,User17,,
1490174924625,Mouse Moved,283.0,517.0,User17,,
1490174924634,Mouse Moved,283.0,522.0,User17,,
1490174924648,Mouse Moved,282.0,529.0,User17,,
1490174924668,Mouse Moved,282.0,534.0,User17,,
1490174924678,Mouse Moved,282.0,535.0,User17,,
1490174924700,Mouse Moved,280.0,540.0,User17,,
1490174924792,Mouse Moved,280.0,541.0,User17,,
1490174924792,Mouse Moved,280.0,545.0,User17,,
1490174924805,Mouse Moved,280.0,546.0,User17,,
1490174924806,Mouse Moved,279.0,547.0,User17,,
1490174924808,Mouse Moved,279.0,549.0,User17,,
1490174924848,Mouse Moved,280.0,548.0,User17,,
1490174924849,Mouse Button.left Pressed,280.0,548.0,User17,,
1490174924964,Mouse Moved,280.0,548.0,User17,,
1490174924966,Mouse Button.left Released,280.0,548.0,User17,,
1490174925164,Mouse Moved,279.0,536.0,User17,,
1490174925174,Mouse Moved,279.0,517.0,User17,,
1490174925194,Mouse Moved,279.0,481.0,User17,,
1490174925204,Mouse Moved,277.0,454.0,User17,,
1490174925224,Mouse Moved,277.0,429.0,User17,,
1490174925257,Mouse Moved,277.0,391.0,User17,,
1490174925263,Mouse Moved,277.0,383.0,User17,,
1490174925278,Mouse Moved,277.0,371.0,User17,,
1490174925296,Mouse Moved,277.0,362.0,User17,,
1490174925315,Mouse Moved,277.0,349.0,User17,,
1490174925325,Mouse Moved,277.0,346.0,User17,,
1490174925338,Mouse Moved,277.0,343.0,User17,,
1490174925352,Mouse Moved,277.0,339.0,User17,,
1490174925371,Mouse Moved,279.0,334.0,User17,,
1490174925391,Mouse Moved,279.0,327.0,User17,,
1490174925401,Mouse Moved,279.0,321.0,User17,,
1490174925423,Mouse Moved,279.0,317.0,User17,,
1490174925431,Mouse Moved,280.0,316.0,User17,,
1490174925500,Mouse Moved,279.0,317.0,User17,,
1490174925502,Mouse Button.left Pressed,279.0,317.0,User17,,
1490174925601,Mouse Moved,279.0,317.0,User17,,
1490174925604,Mouse Button.left Released,279.0,317.0,User17,,
1490174925760,Mouse Moved,280.0,317.0,User17,,
1490174925769,Mouse Moved,280.0,319.0,User17,,
1490174925805,Mouse Moved,278.0,321.0,User17,,
1490174925806,Mouse Moved,278.0,324.0,User17,,
1490174925842,Mouse Moved,278.0,332.0,User17,,
1490174925858,Mouse Moved,278.0,337.0,User17,,
1490174925872,Mouse Moved,278.0,338.0,User17,,
1490174925897,Mouse Moved,278.0,341.0,User17,,
1490174925907,Mouse Moved,278.0,342.0,User17,,
1490174925957,Mouse Moved,278.0,343.0,User17,,
1490174925966,Mouse Moved,277.0,346.0,User17,,
1490174925982,Mouse Moved,277.0,348.0,User17,,
1490174925996,Mouse Moved,277.0,350.0,User17,,
1490174926026,Mouse Moved,277.0,351.0,User17,,
1490174926049,Mouse Moved,276.0,353.0,User17,,
1490174926068,Mouse Moved,276.0,355.0,User17,,
1490174926079,Mouse Moved,276.0,356.0,User17,,
1490174929286,Mouse Moved,276.0,357.0,User17,,
1490174929316,Mouse Moved,277.0,362.0,User17,,
1490174929832,Mouse Moved,277.0,355.0,User17,,
1490174929842,Mouse Moved,282.0,352.0,User17,,
1490174929862,Mouse Moved,290.0,311.0,User17,,
1490174929871,Mouse Moved,290.0,303.0,User17,,
1490174929884,Mouse Moved,288.0,292.0,User17,,
1490174929908,Mouse Moved,287.0,292.0,User17,,
1490174930052,Mouse Moved,287.0,293.0,User17,,
1490174930082,Mouse Moved,286.0,295.0,User17,,
1490174930121,Mouse Moved,286.0,296.0,User17,,
1490174930190,Mouse Moved,286.0,297.0,User17,,
1490174930269,Mouse Moved,287.0,299.0,User17,,
1490174930295,Mouse Moved,289.0,303.0,User17,,
1490174930315,Mouse Moved,292.0,309.0,User17,,
1490174930325,Mouse Moved,293.0,310.0,User17,,
1490174930346,Mouse Moved,296.0,314.0,User17,,
1490174930368,Mouse Moved,296.0,316.0,User17,,
1490174930384,Mouse Moved,297.0,316.0,User17,,
1490174930407,Mouse Moved,297.0,318.0,User17,,
1490174930546,Mouse Moved,297.0,319.0,User17,,
1490174930598,Mouse Moved,298.0,320.0,User17,,
1490174930630,Mouse Moved,335.0,322.0,User17,,
1490174930650,Mouse Moved,462.0,333.0,User17,,
1490174930660,Mouse Moved,514.0,337.0,User17,,
1490174930680,Mouse Moved,629.0,346.0,User17,,
1490174930690,Mouse Moved,671.0,352.0,User17,,
1490174930690,Mouse Moved,698.0,356.0,User17,,
1490174930703,Mouse Moved,715.0,358.0,User17,,
1490174930703,Mouse Moved,727.0,360.0,User17,,
1490174930717,Mouse Moved,733.0,362.0,User17,,
1490174930733,Mouse Moved,739.0,362.0,User17,,
1490174930734,Mouse Moved,740.0,362.0,User17,,
1490174930783,Mouse Moved,740.0,361.0,User17,,
1490174931380,Mouse Moved,740.0,362.0,User17,,
1490174931395,Mouse Moved,740.0,363.0,User17,,
1490174931434,Mouse Moved,740.0,365.0,User17,,
1490174931444,Mouse Moved,740.0,368.0,User17,,
1490174931463,Mouse Moved,740.0,372.0,User17,,
1490174931464,Mouse Moved,740.0,379.0,User17,,
1490174931473,Mouse Moved,740.0,389.0,User17,,
1490174931496,Mouse Moved,737.0,420.0,User17,,
1490174931505,Mouse Moved,735.0,427.0,User17,,
1490174931763,Mouse Moved,732.0,434.0,User17,,
1490174931773,Mouse Moved,738.0,434.0,User17,,
1490174931786,Mouse Moved,747.0,431.0,User17,,
1490174931802,Mouse Moved,758.0,425.0,User17,,
1490174931816,Mouse Moved,769.0,418.0,User17,,
1490174931832,Mouse Moved,774.0,415.0,User17,,
1490174931855,Mouse Moved,783.0,404.0,User17,,
1490174931865,Mouse Moved,784.0,396.0,User17,,
1490174931885,Mouse Moved,781.0,387.0,User17,,
1490174931895,Mouse Moved,775.0,380.0,User17,,
1490174931908,Mouse Moved,774.0,379.0,User17,,
1490174931931,Mouse Moved,766.0,374.0,User17,,
1490174931947,Mouse Moved,765.0,372.0,User17,,
1490174932066,Mouse Moved,765.0,371.0,User17,,
1490174932756,Mouse Moved,763.0,371.0,User17,,
1490174932809,Mouse Moved,763.0,372.0,User17,,
1490174932855,Mouse Moved,762.0,372.0,User17,,
1490174933344,Mouse Moved,762.0,374.0,User17,,
1490174933607,Mouse Moved,763.0,374.0,User17,,
1490174933622,Mouse Moved,766.0,372.0,User17,,
1490174933638,Mouse Moved,770.0,371.0,User17,,
1490174933661,Mouse Moved,774.0,368.0,User17,,
1490174933676,Mouse Moved,780.0,364.0,User17,,
1490174933687,Mouse Moved,781.0,361.0,User17,,
1490174933706,Mouse Moved,785.0,359.0,User17,,
1490174933716,Mouse Moved,786.0,358.0,User17,,
1490174933884,Mouse Moved,786.0,356.0,User17,,
1490174933944,Mouse Moved,789.0,358.0,User17,,
1490174933964,Mouse Moved,792.0,361.0,User17,,
1490174933974,Mouse Moved,793.0,363.0,User17,,
1490174933990,Mouse Moved,796.0,367.0,User17,,
1490174934009,Mouse Moved,796.0,370.0,User17,,
1490174934033,Mouse Moved,796.0,371.0,User17,,
1490174934055,Mouse Moved,796.0,372.0,User17,,
1490174934111,Mouse Moved,796.0,373.0,User17,,
1490174934674,Mouse Moved,796.0,375.0,User17,,
1490174934710,Mouse Moved,796.0,376.0,User17,,
1490174934740,Mouse Moved,793.0,384.0,User17,,
1490174934750,Mouse Moved,790.0,390.0,User17,,
1490174934769,Mouse Moved,786.0,405.0,User17,,
1490174934776,Mouse Moved,786.0,413.0,User17,,
1490174934799,Mouse Moved,784.0,434.0,User17,,
1490174934806,Mouse Moved,784.0,445.0,User17,,
1490174934825,Mouse Moved,784.0,465.0,User17,,
1490174934838,Mouse Moved,784.0,474.0,User17,,
1490174934852,Mouse Moved,784.0,492.0,User17,,
1490174934868,Mouse Moved,789.0,516.0,User17,,
1490174935335,Mouse Moved,791.0,513.0,User17,,
1490174935355,Mouse Moved,796.0,503.0,User17,,
1490174935365,Mouse Moved,798.0,500.0,User17,,
1490174935387,Mouse Moved,798.0,495.0,User17,,
1490174935395,Mouse Moved,798.0,493.0,User17,,
1490174935411,Mouse Moved,798.0,489.0,User17,,
1490174935427,Mouse Moved,798.0,484.0,User17,,
1490174935447,Mouse Moved,798.0,464.0,User17,,
1490174935457,Mouse Moved,798.0,459.0,User17,,
1490174935486,Mouse Moved,798.0,446.0,User17,,
1490174935489,Mouse Moved,798.0,445.0,User17,,
1490174935500,Mouse Moved,798.0,443.0,User17,,
1490174935515,Mouse Moved,798.0,436.0,User17,,
1490174935539,Mouse Moved,795.0,430.0,User17,,
1490174935549,Mouse Moved,794.0,427.0,User17,,
1490174935569,Mouse Moved,791.0,420.0,User17,,
1490174935579,Mouse Moved,786.0,412.0,User17,,
1490174935592,Mouse Moved,782.0,405.0,User17,,
1490174935608,Mouse Moved,781.0,402.0,User17,,
1490174935622,Mouse Moved,773.0,393.0,User17,,
1490174935641,Mouse Moved,769.0,390.0,User17,,
1490174935657,Mouse Moved,753.0,390.0,User17,,
1490174935667,Mouse Moved,745.0,390.0,User17,,
1490174935687,Mouse Moved,714.0,392.0,User17,,
1490174935697,Mouse Moved,700.0,394.0,User17,,
1490174935721,Mouse Moved,658.0,394.0,User17,,
1490174935736,Mouse Moved,628.0,394.0,User17,,
1490174935746,Mouse Moved,617.0,394.0,User17,,
1490174935767,Mouse Moved,598.0,392.0,User17,,
1490174935776,Mouse Moved,589.0,394.0,User17,,
1490174935796,Mouse Moved,572.0,398.0,User17,,
1490174935805,Mouse Moved,543.0,404.0,User17,,
1490174935819,Mouse Moved,518.0,406.0,User17,,
1490174935838,Mouse Moved,498.0,406.0,User17,,
1490174935849,Mouse Moved,490.0,406.0,User17,,
1490174935871,Mouse Moved,473.0,406.0,User17,,
1490174935878,Mouse Moved,472.0,406.0,User17,,
1490174935898,Mouse Moved,458.0,406.0,User17,,
1490174935908,Mouse Moved,455.0,406.0,User17,,
1490174935928,Mouse Moved,443.0,406.0,User17,,
1490174935944,Mouse Moved,434.0,406.0,User17,,
1490174935963,Mouse Moved,430.0,406.0,User17,,
1490174935963,Mouse Moved,422.0,406.0,User17,,
1490174935964,Mouse Moved,417.0,406.0,User17,,
1490174935973,Mouse Moved,409.0,406.0,User17,,
1490174935987,Mouse Moved,401.0,406.0,User17,,
1490174935987,Mouse Moved,396.0,404.0,User17,,
1490174936002,Mouse Moved,388.0,404.0,User17,,
1490174936003,Mouse Moved,377.0,402.0,User17,,
1490174936020,Mouse Moved,368.0,402.0,User17,,
1490174936022,Mouse Moved,357.0,400.0,User17,,
1490174936023,Mouse Moved,348.0,398.0,User17,,
1490174936030,Mouse Moved,339.0,397.0,User17,,
1490174936055,Mouse Moved,330.0,393.0,User17,,
1490174936056,Mouse Moved,320.0,389.0,User17,,
1490174936058,Mouse Moved,314.0,386.0,User17,,
1490174936063,Mouse Moved,309.0,384.0,User17,,
1490174936078,Mouse Moved,303.0,383.0,User17,,
1490174936079,Mouse Moved,298.0,380.0,User17,,
1490174936092,Mouse Moved,296.0,380.0,User17,,
1490174936094,Mouse Moved,291.0,377.0,User17,,
1490174936108,Mouse Moved,287.0,375.0,User17,,
1490174936109,Mouse Moved,282.0,374.0,User17,,
1490174936124,Mouse Moved,278.0,372.0,User17,,
1490174936125,Mouse Moved,275.0,372.0,User17,,
1490174936138,Mouse Moved,274.0,371.0,User17,,
1490174936184,Mouse Moved,273.0,370.0,User17,,
1490174936229,Mouse Moved,273.0,369.0,User17,,
1490174936257,Mouse Moved,274.0,368.0,User17,,
1490174936506,Mouse Moved,274.0,366.0,User17,,
1490174936575,Mouse Moved,274.0,367.0,User17,,
1490174936576,Mouse Button.left Released,274.0,367.0,User17,,
1490174936637,Mouse Moved,274.0,368.0,User17,,
1490174936734,Mouse Moved,274.0,369.0,User17,,
1490174936760,Mouse Moved,273.0,371.0,User17,,
1490174936780,Mouse Moved,271.0,376.0,User17,,
1490174936782,Mouse Moved,271.0,380.0,User17,,
1490174936789,Mouse Moved,270.0,385.0,User17,,
1490174936809,Mouse Moved,270.0,396.0,User17,,
1490174936819,Mouse Moved,270.0,397.0,User17,,
1490174936832,Mouse Moved,270.0,401.0,User17,,
1490174936848,Mouse Moved,270.0,402.0,User17,,
1490174936862,Mouse Moved,270.0,403.0,User17,,
1490174937049,Mouse Moved,270.0,403.0,User17,,
1490174937158,Mouse Moved,270.0,403.0,User17,,
1490174937160,Mouse Button.left Released,270.0,403.0,User17,,
1490174937424,Mouse Moved,273.0,396.0,User17,,
1490174937444,Mouse Moved,275.0,390.0,User17,,
1490174937453,Mouse Moved,277.0,389.0,User17,,
1490174937471,Mouse Moved,281.0,380.0,User17,,
1490174937493,Mouse Moved,284.0,373.0,User17,,
1490174937503,Mouse Moved,285.0,366.0,User17,,
1490174937515,Mouse Moved,285.0,365.0,User17,,
1490174937538,Mouse Moved,286.0,357.0,User17,,
1490174937546,Mouse Moved,286.0,354.0,User17,,
1490174937559,Mouse Moved,288.0,353.0,User17,,
1490174937579,Mouse Moved,288.0,349.0,User17,,
1490174937604,Mouse Moved,288.0,348.0,User17,,
1490174937641,Mouse Moved,287.0,349.0,User17,,
1490174937642,Mouse Button.left Pressed,287.0,349.0,User17,,
1490174937743,Mouse Moved,287.0,349.0,User17,,
1490174937838,Mouse Moved,286.0,352.0,User17,,
1490174937839,Mouse Moved,283.0,357.0,User17,,
1490174937848,Mouse Moved,282.0,360.0,User17,,
1490174937861,Mouse Moved,280.0,364.0,User17,,
1490174937862,Mouse Moved,279.0,369.0,User17,,
1490174937877,Mouse Moved,277.0,373.0,User17,,
1490174937878,Mouse Moved,276.0,379.0,User17,,
1490174937897,Mouse Moved,274.0,384.0,User17,,
1490174937898,Mouse Moved,273.0,388.0,User17,,
1490174937918,Mouse Moved,271.0,391.0,User17,,
1490174937920,Mouse Moved,270.0,396.0,User17,,
1490174937921,Mouse Moved,270.0,397.0,User17,,
1490174937927,Mouse Moved,269.0,399.0,User17,,
1490174937940,Mouse Moved,269.0,404.0,User17,,
1490174937957,Mouse Moved,267.0,405.0,User17,,
1490174937957,Mouse Moved,267.0,407.0,User17,,
1490174937969,Mouse Moved,266.0,410.0,User17,,
1490174937984,Mouse Moved,266.0,414.0,User17,,
1490174938005,Mouse Moved,265.0,415.0,User17,,
1490174938015,Mouse Moved,265.0,416.0,User17,,
1490174938035,Mouse Moved,265.0,417.0,User17,,
1490174938045,Mouse Moved,265.0,419.0,User17,,
1490174938075,Mouse Moved,265.0,420.0,User17,,
1490174938089,Mouse Moved,265.0,421.0,User17,,
1490174938194,Mouse Moved,265.0,421.0,User17,,
1490174938196,Mouse Button.left Pressed,265.0,421.0,User17,,
1490174938273,Mouse Moved,265.0,421.0,User17,,
1490174938801,Mouse Moved,264.0,422.0,User17,,
1490174938815,Mouse Moved,258.0,428.0,User17,,
1490174938829,Mouse Moved,255.0,434.0,User17,,
1490174938849,Mouse Moved,252.0,438.0,User17,,
1490174938861,Mouse Moved,252.0,440.0,User17,,
1490174938875,Mouse Moved,251.0,446.0,User17,,
1490174938891,Mouse Moved,251.0,453.0,User17,,
1490174938911,Mouse Moved,251.0,454.0,User17,,
1490174938989,Mouse Moved,251.0,453.0,User17,,
1490174938990,Mouse Moved,251.0,453.0,User17,,
1490174939088,Mouse Moved,251.0,453.0,User17,,
1490174939089,Mouse Button.left Released,251.0,453.0,User17,,
1490174939213,Mouse Moved,251.0,455.0,User17,,
1490174939223,Mouse Moved,251.0,459.0,User17,,
1490174939237,Mouse Moved,251.0,461.0,User17,,
1490174939259,Mouse Moved,251.0,463.0,User17,,
1490174939259,Mouse Moved,251.0,465.0,User17,,
1490174939282,Mouse Moved,252.0,468.0,User17,,
1490174939283,Mouse Moved,253.0,471.0,User17,,
1490174939298,Mouse Moved,253.0,475.0,User17,,
1490174939299,Mouse Moved,255.0,479.0,User17,,
1490174939315,Mouse Moved,265.0,505.0,User17,,
1490174939332,Mouse Moved,270.0,525.0,User17,,
1490174939344,Mouse Moved,271.0,526.0,User17,,
1490174939357,Mouse Moved,272.0,531.0,User17,,
1490174939515,Mouse Moved,274.0,531.0,User17,,
1490174939539,Mouse Moved,279.0,520.0,User17,,
1490174939553,Mouse Moved,283.0,509.0,User17,,
1490174939573,Mouse Moved,289.0,494.0,User17,,
1490174939585,Mouse Moved,291.0,489.0,User17,,
1490174939604,Mouse Moved,293.0,484.0,User17,,
1490174939614,Mouse Moved,293.0,483.0,User17,,
1490174939950,Mouse Moved,293.0,484.0,User17,,
1490174940230,Mouse Moved,292.0,484.0,User17,,
1490174940244,Mouse Moved,287.0,483.0,User17,,
1490174940246,Mouse Moved,284.0,483.0,User17,,
1490174940259,Mouse Moved,278.0,481.0,User17,,
1490174940259,Mouse Moved,266.0,479.0,User17,,
1490174940275,Mouse Moved,255.0,477.0,User17,,
1490174940275,Mouse Moved,248.0,474.0,User17,,
1490174940289,Mouse Moved,241.0,471.0,User17,,
1490174940305,Mouse Moved,236.0,462.0,User17,,
1490174940319,Mouse Moved,236.0,459.0,User17,,
1490174940334,Mouse Moved,246.0,436.0,User17,,
1490174940349,Mouse Moved,280.0,402.0,User17,,
1490174940365,Mouse Moved,316.0,369.0,User17,,
1490174940380,Mouse Moved,359.0,337.0,User17,,
1490174940394,Mouse Moved,420.0,306.0,User17,,
1490174940408,Mouse Moved,499.0,268.0,User17,,
1490174940424,Mouse Moved,576.0,237.0,User17,,
1490174940438,Mouse Moved,601.0,225.0,User17,,
1490174940440,Mouse Moved,619.0,217.0,User17,,
1490174940453,Mouse Moved,634.0,208.0,User17,,
1490174940454,Mouse Moved,643.0,204.0,User17,,
1490174940470,Mouse Moved,646.0,202.0,User17,,
1490174940470,Mouse Moved,647.0,200.0,User17,,
1490174940484,Mouse Moved,647.0,199.0,User17,,
1490174940500,Mouse Moved,647.0,198.0,User17,,
1490174940516,Mouse Moved,643.0,197.0,User17,,
1490174940545,Mouse Moved,634.0,195.0,User17,,
1490174940546,Mouse Moved,632.0,194.0,User17,,
1490174940559,Mouse Moved,627.0,192.0,User17,,
1490174940559,Mouse Moved,621.0,189.0,User17,,
1490174940573,Mouse Moved,614.0,186.0,User17,,
1490174940575,Mouse Moved,605.0,182.0,User17,,
1490174940588,Mouse Moved,590.0,173.0,User17,,
1490174940591,Mouse Moved,583.0,170.0,User17,,
1490174940605,Mouse Moved,568.0,161.0,User17,,
1490174940605,Mouse Moved,561.0,158.0,User17,,
1490174940618,Mouse Moved,557.0,157.0,User17,,
1490174940619,Mouse Moved,556.0,155.0,User17,,
1490174940634,Mouse Moved,555.0,155.0,User17,,
1490174940665,Mouse Moved,555.0,154.0,User17,,
1490174940688,Mouse Moved,559.0,152.0,User17,,
1490174940690,Mouse Moved,563.0,150.0,User17,,
1490174940698,Mouse Moved,564.0,150.0,User17,,
1490174940713,Mouse Moved,570.0,147.0,User17,,
1490174940726,Mouse Moved,587.0,144.0,User17,,
1490174940750,Mouse Moved,596.0,142.0,User17,,
1490174940750,Mouse Moved,608.0,140.0,User17,,
1490174940752,Mouse Moved,622.0,138.0,User17,,
1490174940759,Mouse Moved,636.0,136.0,User17,,
1490174940779,Mouse Moved,652.0,136.0,User17,,
1490174940780,Mouse Moved,667.0,134.0,User17,,
1490174940782,Mouse Moved,683.0,134.0,User17,,
1490174940793,Mouse Moved,694.0,134.0,User17,,
1490174940805,Mouse Moved,708.0,134.0,User17,,
1490174940805,Mouse Moved,719.0,134.0,User17,,
1490174940825,Mouse Moved,727.0,134.0,User17,,
1490174940825,Mouse Moved,734.0,134.0,User17,,
1490174940834,Mouse Moved,738.0,134.0,User17,,
1490174940855,Mouse Moved,742.0,134.0,User17,,
1490174940855,Mouse Moved,747.0,133.0,User17,,
1490174940857,Mouse Moved,749.0,133.0,User17,,
1490174940862,Mouse Moved,751.0,131.0,User17,,
1490174940878,Mouse Moved,755.0,130.0,User17,,
1490174940892,Mouse Moved,757.0,129.0,User17,,
1490174940907,Mouse Moved,758.0,129.0,User17,,
1490174940921,Mouse Moved,765.0,128.0,User17,,
1490174940937,Mouse Moved,774.0,125.0,User17,,
1490174940957,Mouse Moved,787.0,123.0,User17,,
1490174940967,Mouse Moved,792.0,122.0,User17,,
1490174940987,Mouse Moved,794.0,122.0,User17,,
1490174941003,Mouse Moved,795.0,120.0,User17,,
1490174941105,Mouse Moved,795.0,119.0,User17,,
1490174941119,Mouse Moved,795.0,118.0,User17,,
1490174941137,Mouse Moved,797.0,114.0,User17,,
1490174941157,Mouse Moved,799.0,111.0,User17,,
1490174941167,Mouse Moved,800.0,110.0,User17,,
1490174941187,Mouse Moved,801.0,109.0,User17,,
1490174941211,Mouse Moved,801.0,108.0,User17,,
1490174941226,Mouse Moved,801.0,107.0,User17,,
1490174941246,Mouse Moved,796.0,107.0,User17,,
1490174941256,Mouse Moved,790.0,107.0,User17,,
1490174941276,Mouse Moved,775.0,110.0,User17,,
1490174941286,Mouse Moved,770.0,110.0,User17,,
1490174941301,Mouse Moved,764.0,111.0,User17,,
1490174941316,Mouse Moved,749.0,113.0,User17,,
1490174941332,Mouse Moved,743.0,114.0,User17,,
1490174941345,Mouse Moved,739.0,114.0,User17,,
1490174941346,Mouse Moved,734.0,114.0,User17,,
1490174941361,Mouse Moved,730.0,116.0,User17,,
1490174941362,Mouse Moved,728.0,116.0,User17,,
1490174941381,Mouse Moved,724.0,117.0,User17,,
1490174941382,Mouse Moved,722.0,117.0,User17,,
1490174941384,Mouse Moved,721.0,118.0,User17,,
1490174941391,Mouse Moved,720.0,118.0,User17,,
1490174941404,Mouse Moved,718.0,119.0,User17,,
1490174941430,Mouse Moved,717.0,119.0,User17,,
1490174941459,Mouse Moved,717.0,121.0,User17,,
1490174941460,Mouse Moved,717.0,125.0,User17,,
1490174941490,Mouse Moved,717.0,129.0,User17,,
1490174941492,Mouse Moved,717.0,132.0,User17,,
1490174941493,Mouse Moved,719.0,136.0,User17,,
1490174941499,Mouse Moved,720.0,139.0,User17,,
1490174941512,Mouse Moved,723.0,146.0,User17,,
1490174941526,Mouse Moved,728.0,161.0,User17,,
1490174941542,Mouse Moved,732.0,170.0,User17,,
1490174941562,Mouse Moved,733.0,179.0,User17,,
1490174941562,Mouse Moved,737.0,188.0,User17,,
1490174941563,Mouse Moved,739.0,197.0,User17,,
1490174941572,Mouse Moved,741.0,206.0,User17,,
1490174941573,Mouse Moved,741.0,210.0,User17,,
1490174941594,Mouse Moved,741.0,215.0,User17,,
1490174941595,Mouse Moved,742.0,216.0,User17,,
1490174941605,Mouse Moved,742.0,218.0,User17,,
1490174941617,Mouse Moved,742.0,220.0,User17,,
1490174941618,Mouse Moved,742.0,222.0,User17,,
1490174941634,Mouse Moved,742.0,223.0,User17,,
1490174941635,Mouse Moved,742.0,226.0,User17,,
1490174941648,Mouse Moved,742.0,232.0,User17,,
1490174941648,Mouse Moved,740.0,235.0,User17,,
1490174941663,Mouse Moved,740.0,239.0,User17,,
1490174941667,Mouse Moved,739.0,245.0,User17,,
1490174941677,Mouse Moved,739.0,250.0,User17,,
1490174941677,Mouse Moved,739.0,258.0,User17,,
1490174941693,Mouse Moved,737.0,262.0,User17,,
1490174941694,Mouse Moved,737.0,267.0,User17,,
1490174941707,Mouse Moved,737.0,269.0,User17,,
1490174941709,Mouse Moved,736.0,274.0,User17,,
1490174941726,Mouse Moved,736.0,275.0,User17,,
1490174941726,Mouse Moved,735.0,276.0,User17,,
1490174941746,Mouse Moved,735.0,277.0,User17,,
1490174941776,Mouse Moved,731.0,280.0,User17,,
1490174941786,Mouse Moved,726.0,283.0,User17,,
1490174941786,Mouse Moved,719.0,286.0,User17,,
1490174941799,Mouse Moved,718.0,287.0,User17,,
1490174941801,Mouse Moved,714.0,289.0,User17,,
1490174941819,Mouse Moved,712.0,289.0,User17,,
1490174941821,Mouse Moved,711.0,290.0,User17,,
1490174941835,Mouse Moved,709.0,290.0,User17,,
1490174941838,Mouse Moved,707.0,291.0,User17,,
1490174941858,Mouse Moved,704.0,291.0,User17,,
1490174941859,Mouse Moved,693.0,297.0,User17,,
1490174941880,Mouse Moved,687.0,298.0,User17,,
1490174941881,Mouse Moved,677.0,304.0,User17,,
1490174941881,Mouse Moved,673.0,306.0,User17,,
1490174941890,Mouse Moved,664.0,309.0,User17,,
1490174941910,Mouse Moved,655.0,313.0,User17,,
1490174941911,Mouse Moved,646.0,314.0,User17,,
1490174941911,Mouse Moved,635.0,316.0,User17,,
1490174941917,Mouse Moved,620.0,318.0,User17,,
1490174941934,Mouse Moved,609.0,320.0,User17,,
1490174941937,Mouse Moved,595.0,322.0,User17,,
1490174941956,Mouse Moved,576.0,322.0,User17,,
1490174941957,Mouse Moved,559.0,322.0,User17,,
1490174941957,Mouse Moved,548.0,322.0,User17,,
1490174941966,Mouse Moved,532.0,322.0,User17,,
1490174941986,Mouse Moved,518.0,320.0,User17,,
1490174941986,Mouse Moved,501.0,318.0,User17,,
1490174941996,Mouse Moved,481.0,314.0,User17,,
1490174941996,Mouse Moved,464.0,307.0,User17,,
1490174942016,Mouse Moved,425.0,294.0,User17,,
1490174942026,Mouse Moved,395.0,282.0,User17,,
1490174942039,Mouse Moved,378.0,273.0,User17,,
1490174942059,Mouse Moved,363.0,265.0,User17,,
1490174942061,Mouse Moved,345.0,254.0,User17,,
1490174942062,Mouse Moved,333.0,243.0,User17,,
1490174942069,Mouse Moved,313.0,230.0,User17,,
1490174942091,Mouse Moved,295.0,216.0,User17,,
1490174942092,Mouse Moved,271.0,197.0,User17,,
1490174942092,Mouse Moved,253.0,182.0,User17,,
1490174942101,Mouse Moved,235.0,164.0,User17,,
1490174942121,Mouse Moved,222.0,151.0,User17,,
1490174942121,Mouse Moved,209.0,136.0,User17,,
1490174942122,Mouse Moved,197.0,123.0,User17,,
1490174942131,Mouse Moved,189.0,113.0,User17,,
1490174942144,Mouse Moved,181.0,106.0,User17,,
1490174942145,Mouse Moved,177.0,101.0,User17,,
1490174942158,Mouse Moved,167.0,91.0,User17,,
1490174942160,Mouse Moved,162.0,86.0,User17,,
1490174942180,Mouse Moved,161.0,85.0,User17,,
1490174942181,Mouse Moved,157.0,81.0,User17,,
1490174942183,Mouse Moved,154.0,78.0,User17,,
1490174942193,Mouse Moved,152.0,77.0,User17,,
1490174942213,Mouse Moved,150.0,74.0,User17,,
1490174942214,Mouse Moved,149.0,73.0,User17,,
1490174942467,Mouse Moved,150.0,72.0,User17,,
1490174942467,Mouse Moved,152.0,72.0,User17,,
1490174942476,Mouse Moved,155.0,70.0,User17,,
1490174942490,Mouse Moved,168.0,69.0,User17,,
1490174942506,Mouse Moved,178.0,67.0,User17,,
1490174942519,Mouse Moved,183.0,66.0,User17,,
1490174942520,Mouse Moved,187.0,64.0,User17,,
1490174942536,Mouse Moved,192.0,64.0,User17,,
1490174942536,Mouse Moved,198.0,63.0,User17,,
1490174942549,Mouse Moved,202.0,61.0,User17,,
1490174942551,Mouse Moved,205.0,61.0,User17,,
1490174942571,Mouse Moved,209.0,61.0,User17,,
1490174942572,Mouse Moved,212.0,61.0,User17,,
1490174942581,Mouse Moved,215.0,61.0,User17,,
1490174942595,Mouse Moved,216.0,61.0,User17,,
1490174942595,Mouse Moved,217.0,61.0,User17,,
1490174942624,Mouse Moved,219.0,61.0,User17,,
1490174942647,Mouse Moved,222.0,61.0,User17,,
1490174942648,Mouse Moved,225.0,61.0,User17,,
1490174942657,Mouse Moved,227.0,61.0,User17,,
1490174942670,Mouse Moved,228.0,61.0,User17,,
1490174942690,Mouse Moved,231.0,61.0,User17,,
1490174942690,Mouse Moved,234.0,61.0,User17,,
1490174942691,Mouse Moved,235.0,61.0,User17,,
1490174942926,Mouse Moved,229.0,63.0,User17,,
1490174942941,Mouse Moved,222.0,67.0,User17,,
1490174942954,Mouse Moved,218.0,68.0,User17,,
1490174942970,Mouse Moved,216.0,69.0,User17,,
1490174943000,Mouse Moved,215.0,69.0,User17,,
1490174943019,Mouse Moved,213.0,69.0,User17,,
1490174943092,Mouse Moved,212.0,71.0,User17,,
1490174945469,Mouse Moved,212.0,78.0,User17,,
1490174945479,Mouse Moved,214.0,94.0,User17,,
1490174945499,Mouse Moved,235.0,169.0,User17,,
1490174945509,Mouse Moved,244.0,198.0,User17,,
1490174945529,Mouse Moved,299.0,357.0,User17,,
1490174945539,Mouse Moved,316.0,393.0,User17,,
1490174945552,Mouse Moved,325.0,416.0,User17,,
1490174945569,Mouse Moved,336.0,450.0,User17,,
1490174945592,Mouse Moved,344.0,477.0,User17,,
1490174945601,Mouse Moved,346.0,480.0,User17,,
1490174945615,Mouse Moved,346.0,482.0,User17,,
1490174945638,Mouse Moved,347.0,485.0,User17,,
1490174945647,Mouse Moved,347.0,486.0,User17,,
1490174945661,Mouse Moved,347.0,490.0,User17,,
1490174945681,Mouse Moved,347.0,492.0,User17,,
1490174945691,Mouse Moved,347.0,495.0,User17,,
1490174945711,Mouse Moved,348.0,501.0,User17,,
1490174945721,Mouse Moved,348.0,503.0,User17,,
1490174945742,Mouse Moved,348.0,505.0,User17,,
1490174945766,Mouse Moved,348.0,506.0,User17,,
1490174945783,Mouse Moved,348.0,507.0,User17,,
1490174945881,Mouse Moved,348.0,507.0,User17,,
1490174945959,Mouse Moved,348.0,507.0,User17,,
1490174945960,Mouse Button.left Released,348.0,507.0,User17,,
1490174946214,Mouse Moved,330.0,484.0,User17,,
1490174946224,Mouse Moved,316.0,461.0,User17,,
1490174946244,Mouse Moved,288.0,411.0,User17,,
1490174946255,Mouse Moved,252.0,342.0,User17,,
1490174946267,Mouse Moved,230.0,295.0,User17,,
1490174946286,Mouse Moved,183.0,187.0,User17,,
1490174946296,Mouse Moved,169.0,151.0,User17,,
1490174946316,Mouse Moved,153.0,90.0,User17,,
1490174946326,Mouse Moved,153.0,76.0,User17,,
1490174946342,Mouse Moved,152.0,70.0,User17,,
1490174946342,Mouse Moved,152.0,65.0,User17,,
1490174946358,Mouse Moved,152.0,61.0,User17,,
1490174946359,Mouse Moved,152.0,57.0,User17,,
1490174946374,Mouse Moved,152.0,52.0,User17,,
1490174946375,Mouse Moved,152.0,50.0,User17,,
1490174946387,Mouse Moved,152.0,45.0,User17,,
1490174946388,Mouse Moved,152.0,44.0,User17,,
1490174946417,Mouse Moved,152.0,43.0,User17,,
1490174946418,Mouse Moved,152.0,42.0,User17,,
1490174946437,Mouse Moved,152.0,41.0,User17,,
1490174948262,Mouse Moved,153.0,41.0,User17,,
1490174948275,Mouse Moved,156.0,41.0,User17,,
1490174948552,Mouse Moved,157.0,42.0,User17,,
1490174948553,Mouse Moved,159.0,42.0,User17,,
1490174948555,Mouse Moved,162.0,42.0,User17,,
1490174948555,Mouse Moved,163.0,42.0,User17,,
1490174948556,Mouse Moved,165.0,42.0,User17,,
1490174948558,Mouse Moved,167.0,42.0,User17,,
1490174948849,Mouse Moved,168.0,42.0,User17,,
1490174948851,Mouse Moved,169.0,42.0,User17,,
1490174948851,Mouse Moved,170.0,42.0,User17,,
1490174948862,Mouse Moved,170.0,43.0,User17,,
1490174948864,Mouse Moved,171.0,43.0,User17,,
1490174949167,Mouse Moved,171.0,44.0,User17,,
1490174949168,Mouse Moved,171.0,45.0,User17,,
1490174949168,Mouse Moved,172.0,45.0,User17,,
1490174949170,Mouse Moved,174.0,46.0,User17,,
1490174949171,Mouse Moved,174.0,48.0,User17,,
1490174949171,Mouse Moved,175.0,49.0,User17,,
1490174949171,Mouse Moved,176.0,51.0,User17,,
1490174949183,Mouse Moved,177.0,53.0,User17,,
1490174949184,Mouse Moved,180.0,55.0,User17,,
1490174949184,Mouse Moved,181.0,56.0,User17,,
1490174949186,Mouse Moved,184.0,62.0,User17,,
1490174949187,Mouse Moved,184.0,65.0,User17,,
1490174949187,Mouse Moved,185.0,68.0,User17,,
1490174949188,Mouse Moved,188.0,72.0,User17,,
1490174949188,Mouse Moved,188.0,75.0,User17,,
1490174949190,Mouse Moved,189.0,78.0,User17,,
1490174949471,Mouse Moved,189.0,81.0,User17,,
1490174949473,Mouse Moved,189.0,82.0,User17,,
1490174949474,Mouse Moved,190.0,85.0,User17,,
1490174949476,Mouse Moved,190.0,86.0,User17,,
1490174949476,Mouse Moved,190.0,87.0,User17,,
1490174949476,Mouse Moved,190.0,88.0,User17,,
1490174949477,Mouse Moved,193.0,94.0,User17,,
1490174949479,Mouse Moved,193.0,97.0,User17,,
1490174949479,Mouse Moved,196.0,101.0,User17,,
1490174949480,Mouse Moved,197.0,104.0,User17,,
1490174949480,Mouse Moved,197.0,105.0,User17,,
1490174949482,Mouse Moved,199.0,108.0,User17,,
1490174949494,Mouse Moved,202.0,114.0,User17,,
1490174949496,Mouse Moved,205.0,116.0,User17,,
1490174949496,Mouse Moved,208.0,122.0,User17,,
1490174949497,Mouse Moved,211.0,129.0,User17,,
1490174949499,Mouse Moved,217.0,139.0,User17,,
1490174949500,Mouse Moved,223.0,148.0,User17,,
1490174949500,Mouse Moved,234.0,163.0,User17,,
1490174949500,Mouse Moved,242.0,173.0,User17,,
1490174949502,Mouse Moved,252.0,186.0,User17,,
1490174949503,Mouse Moved,263.0,206.0,User17,,
1490174949503,Mouse Moved,271.0,218.0,User17,,
1490174949503,Mouse Moved,281.0,226.0,User17,,
1490174949505,Mouse Moved,284.0,229.0,User17,,
1490174949506,Mouse Moved,286.0,232.0,User17,,
1490174949506,Mouse Moved,290.0,237.0,User17,,
1490174949506,Mouse Moved,291.0,240.0,User17,,
1490174949690,Mouse Moved,291.0,241.0,User17,,
1490174949690,Mouse Moved,292.0,241.0,User17,,
1490174949691,Mouse Moved,294.0,230.0,User17,,
1490174949693,Mouse Moved,297.0,212.0,User17,,
1490174949693,Mouse Moved,301.0,189.0,User17,,
1490174949694,Mouse Moved,301.0,155.0,User17,,
1490174949694,Mouse Moved,295.0,143.0,User17,,
1490174949799,Mouse Moved,284.0,124.0,User17,,
1490174949801,Mouse Moved,279.0,121.0,User17,,
1490174949802,Mouse Moved,275.0,117.0,User17,,
1490174949802,Mouse Moved,274.0,116.0,User17,,
1490174949803,Mouse Moved,273.0,115.0,User17,,
1490174949803,Mouse Moved,270.0,114.0,User17,,
1490174949805,Mouse Moved,269.0,114.0,User17,,
1490174950089,Mouse Moved,268.0,114.0,User17,,
1490174950092,Mouse Moved,267.0,114.0,User17,,
1490174950092,Mouse Moved,267.0,113.0,User17,,
1490174950092,Mouse Moved,267.0,109.0,User17,,
1490174950094,Mouse Moved,267.0,106.0,User17,,
1490174950095,Mouse Moved,267.0,105.0,User17,,
1490174950095,Mouse Moved,266.0,101.0,User17,,
1490174950096,Mouse Moved,266.0,96.0,User17,,
1490174950380,Mouse Moved,264.0,95.0,User17,,
1490174950381,Mouse Moved,264.0,92.0,User17,,
1490174950381,Mouse Moved,264.0,91.0,User17,,
1490174950382,Mouse Moved,263.0,90.0,User17,,
1490174950384,Mouse Moved,263.0,89.0,User17,,
1490174950384,Mouse Moved,263.0,86.0,User17,,
1490174950384,Mouse Moved,263.0,85.0,User17,,
1490174950385,Mouse Moved,262.0,84.0,User17,,
1490174950387,Mouse Moved,262.0,85.0,User17,,
1490174950388,Mouse Moved,262.0,85.0,User17,,
1490174950390,Mouse Button.left Released,262.0,85.0,User17,,
1490174950391,Mouse Moved,263.0,84.0,User17,,
1490174950391,Mouse Moved,266.0,85.0,User17,,
1490174950405,Mouse Moved,305.0,125.0,User17,,
1490174950415,Mouse Moved,321.0,141.0,User17,,
1490174950608,Mouse Moved,336.0,154.0,User17,,
1490174950609,Mouse Moved,349.0,167.0,User17,,
1490174950611,Mouse Moved,364.0,182.0,User17,,
1490174950611,Mouse Moved,372.0,189.0,User17,,
1490174950611,Mouse Moved,387.0,200.0,User17,,
1490174950612,Mouse Moved,396.0,206.0,User17,,
1490174950614,Mouse Moved,403.0,207.0,User17,,
1490174950615,Mouse Moved,407.0,206.0,User17,,
1490174950615,Mouse Moved,410.0,206.0,User17,,
1490174950615,Mouse Moved,414.0,206.0,User17,,
1490174950617,Mouse Moved,417.0,206.0,User17,,
1490174955387,Mouse Moved,415.0,206.0,User17,,
1490174955388,Mouse Moved,414.0,206.0,User17,,
1490174955470,Mouse Moved,413.0,206.0,User17,,
1490174955489,Mouse Moved,407.0,215.0,User17,,
1490174955509,Mouse Moved,393.0,241.0,User17,,
1490174955517,Mouse Moved,387.0,248.0,User17,,
1490174955538,Mouse Moved,384.0,253.0,User17,,
1490174955539,Mouse Moved,381.0,257.0,User17,,
1490174955551,Mouse Moved,378.0,264.0,User17,,
1490174955552,Mouse Moved,378.0,272.0,User17,,
1490174955566,Mouse Moved,378.0,277.0,User17,,
1490174955568,Mouse Moved,379.0,281.0,User17,,
1490174955581,Mouse Moved,382.0,284.0,User17,,
1490174955582,Mouse Moved,385.0,284.0,User17,,
1490174955595,Mouse Moved,386.0,284.0,User17,,
1490174955621,Mouse Moved,386.0,285.0,User17,,
1490174955654,Mouse Moved,386.0,288.0,User17,,
1490174955667,Mouse Moved,379.0,297.0,User17,,
1490174955681,Mouse Moved,370.0,301.0,User17,,
1490174955697,Mouse Moved,346.0,307.0,User17,,
1490174955721,Mouse Moved,332.0,309.0,User17,,
1490174955723,Mouse Moved,316.0,311.0,User17,,
1490174955723,Mouse Moved,294.0,313.0,User17,,
1490174955732,Mouse Moved,272.0,313.0,User17,,
1490174955733,Mouse Moved,258.0,313.0,User17,,
1490174955752,Mouse Moved,241.0,311.0,User17,,
1490174955753,Mouse Moved,230.0,307.0,User17,,
1490174955762,Mouse Moved,220.0,301.0,User17,,
1490174955782,Mouse Moved,217.0,298.0,User17,,
1490174955782,Mouse Moved,214.0,295.0,User17,,
1490174955783,Mouse Moved,211.0,292.0,User17,,
1490174955789,Mouse Moved,210.0,290.0,User17,,
1490174955809,Mouse Moved,209.0,288.0,User17,,
1490174955811,Mouse Moved,206.0,286.0,User17,,
1490174955812,Mouse Moved,200.0,284.0,User17,,
1490174955819,Mouse Moved,195.0,284.0,User17,,
1490174955839,Mouse Moved,189.0,284.0,User17,,
1490174955841,Mouse Moved,181.0,284.0,User17,,
1490174955854,Mouse Moved,177.0,283.0,User17,,
1490174955855,Mouse Moved,172.0,283.0,User17,,
1490174955868,Mouse Moved,168.0,283.0,User17,,
1490174955868,Mouse Moved,164.0,283.0,User17,,
1490174955880,Mouse Moved,161.0,283.0,User17,,
1490174955881,Mouse Moved,155.0,283.0,User17,,
1490174955894,Mouse Moved,146.0,281.0,User17,,
1490174955910,Mouse Moved,140.0,281.0,User17,,
1490174955911,Mouse Moved,132.0,279.0,User17,,
1490174955926,Mouse Moved,126.0,279.0,User17,,
1490174955927,Mouse Moved,121.0,279.0,User17,,
1490174955927,Mouse Moved,117.0,279.0,User17,,
1490174955946,Mouse Moved,114.0,279.0,User17,,
1490174955947,Mouse Moved,112.0,279.0,User17,,
1490174955976,Mouse Moved,109.0,279.0,User17,,
1490174955976,Mouse Moved,108.0,279.0,User17,,
1490174955986,Mouse Moved,105.0,281.0,User17,,
1490174956000,Mouse Moved,101.0,282.0,User17,,
1490174956000,Mouse Moved,95.0,284.0,User17,,
1490174956016,Mouse Moved,86.0,286.0,User17,,
1490174956016,Mouse Moved,81.0,287.0,User17,,
1490174956036,Mouse Moved,75.0,287.0,User17,,
1490174956036,Mouse Moved,72.0,288.0,User17,,
1490174956038,Mouse Moved,71.0,288.0,User17,,
1490174956119,Mouse Moved,68.0,290.0,User17,,
1490174956134,Mouse Moved,62.0,293.0,User17,,
1490174956135,Mouse Moved,61.0,293.0,User17,,
1490174956150,Mouse Moved,60.0,293.0,User17,,
1490174956210,Mouse Moved,56.0,296.0,User17,,
1490174956224,Mouse Moved,47.0,299.0,User17,,
1490174956226,Mouse Moved,44.0,299.0,User17,,
1490174956240,Mouse Moved,43.0,299.0,User17,,
1490174956242,Mouse Moved,42.0,299.0,User17,,
1490174956301,Mouse Moved,40.0,299.0,User17,,
1490174956329,Mouse Moved,33.0,301.0,User17,,
1490174956331,Mouse Moved,29.0,304.0,User17,,
1490174956345,Mouse Moved,27.0,304.0,User17,,
1490174956410,Mouse Moved,28.0,303.0,User17,,
1490174956411,Mouse Moved,28.0,303.0,User17,,
1490174956526,Mouse Moved,28.0,303.0,User17,,
1490174956871,Mouse Moved,29.0,304.0,User17,,
1490174956887,Mouse Moved,42.0,304.0,User17,,
1490174956903,Mouse Moved,69.0,298.0,User17,,
1490174956917,Mouse Moved,97.0,292.0,User17,,
1490174956933,Mouse Moved,133.0,290.0,User17,,
1490174956947,Mouse Moved,175.0,285.0,User17,,
1490174956970,Mouse Moved,243.0,281.0,User17,,
1490174956977,Mouse Moved,262.0,281.0,User17,,
1490174956993,Mouse Moved,295.0,283.0,User17,,
1490174957016,Mouse Moved,316.0,289.0,User17,,
1490174957026,Mouse Moved,317.0,292.0,User17,,
1490174957040,Mouse Moved,317.0,303.0,User17,,
1490174957059,Mouse Moved,317.0,313.0,User17,,
1490174957072,Mouse Moved,317.0,318.0,User17,,
1490174957084,Mouse Moved,317.0,320.0,User17,,
1490174957256,Mouse Moved,326.0,335.0,User17,,
1490174957266,Mouse Moved,329.0,335.0,User17,,
1490174957286,Mouse Moved,330.0,333.0,User17,,
1490174957309,Mouse Moved,330.0,332.0,User17,,
1490174957335,Mouse Moved,326.0,328.0,User17,,
1490174957345,Mouse Moved,325.0,327.0,User17,,
1490174957365,Mouse Moved,322.0,327.0,User17,,
1490174957375,Mouse Moved,321.0,327.0,User17,,
1490174957394,Mouse Moved,317.0,337.0,User17,,
1490174957404,Mouse Moved,315.0,345.0,User17,,
1490174957418,Mouse Moved,315.0,359.0,User17,,
1490174957438,Mouse Moved,314.0,376.0,User17,,
1490174957450,Mouse Moved,314.0,381.0,User17,,
1490174957463,Mouse Moved,312.0,394.0,User17,,
1490174957477,Mouse Moved,312.0,404.0,User17,,
1490174957494,Mouse Moved,312.0,413.0,User17,,
1490174957509,Mouse Moved,314.0,423.0,User17,,
1490174957523,Mouse Moved,314.0,430.0,User17,,
1490174957538,Mouse Moved,314.0,440.0,User17,,
1490174957559,Mouse Moved,314.0,446.0,User17,,
1490174957569,Mouse Moved,314.0,453.0,User17,,
1490174957589,Mouse Moved,314.0,456.0,User17,,
1490174957601,Mouse Moved,314.0,460.0,User17,,
1490174957612,Mouse Moved,314.0,462.0,User17,,
1490174957634,Mouse Moved,314.0,469.0,User17,,
1490174957644,Mouse Moved,314.0,470.0,User17,,
1490174957664,Mouse Moved,314.0,472.0,User17,,
1490174957726,Mouse Moved,314.0,474.0,User17,,
1490174957756,Mouse Moved,314.0,477.0,User17,,
1490174957786,Mouse Moved,314.0,478.0,User17,,
1490174957796,Mouse Moved,314.0,479.0,User17,,
1490174957900,Mouse Moved,313.0,477.0,User17,,
1490174957915,Mouse Moved,307.0,450.0,User17,,
1490174957936,Mouse Moved,279.0,379.0,User17,,
1490174957946,Mouse Moved,267.0,350.0,User17,,
1490174957967,Mouse Moved,223.0,219.0,User17,,
1490174957976,Mouse Moved,213.0,190.0,User17,,
1490174957996,Mouse Moved,195.0,141.0,User17,,
1490174958006,Mouse Moved,185.0,117.0,User17,,
1490174958019,Mouse Moved,183.0,113.0,User17,,
1490174958033,Mouse Moved,178.0,103.0,User17,,
1490174958049,Mouse Moved,178.0,99.0,User17,,
1490174958065,Mouse Moved,178.0,96.0,User17,,
1490174958085,Mouse Moved,180.0,93.0,User17,,
1490174958085,Mouse Moved,183.0,90.0,User17,,
1490174958086,Mouse Moved,184.0,89.0,User17,,
1490174958111,Mouse Moved,185.0,88.0,User17,,
1490174958111,Mouse Moved,186.0,88.0,User17,,
1490174958148,Mouse Moved,187.0,86.0,User17,,
1490174958157,Mouse Moved,189.0,86.0,User17,,
1490174958286,Mouse Moved,190.0,85.0,User17,,
1490174958288,Mouse Moved,191.0,86.0,User17,,
1490174958289,Mouse Moved,193.0,99.0,User17,,
1490174958289,Mouse Moved,195.0,113.0,User17,,
1490174958290,Mouse Moved,195.0,130.0,User17,,
1490174958305,Mouse Moved,195.0,144.0,User17,,
1490174958306,Mouse Moved,195.0,155.0,User17,,
1490174958319,Mouse Moved,195.0,170.0,User17,,
1490174958342,Mouse Moved,195.0,178.0,User17,,
1490174958344,Mouse Moved,195.0,183.0,User17,,
1490174958345,Mouse Moved,195.0,187.0,User17,,
1490174958352,Mouse Moved,195.0,188.0,User17,,
1490174958374,Mouse Moved,195.0,192.0,User17,,
1490174958375,Mouse Moved,195.0,193.0,User17,,
1490174958385,Mouse Moved,195.0,195.0,User17,,
1490174958405,Mouse Moved,195.0,196.0,User17,,
1490174958450,Mouse Moved,196.0,198.0,User17,,
1490174958480,Mouse Moved,199.0,201.0,User17,,
1490174958480,Mouse Moved,203.0,204.0,User17,,
1490174958482,Mouse Moved,206.0,206.0,User17,,
1490174958490,Mouse Moved,209.0,207.0,User17,,
1490174958509,Mouse Moved,210.0,207.0,User17,,
1490174958510,Mouse Moved,211.0,207.0,User17,,
1490174958540,Mouse Moved,212.0,207.0,User17,,
1490174958585,Mouse Moved,211.0,208.0,User17,,
1490174958599,Mouse Moved,206.0,211.0,User17,,
1490174958609,Mouse Moved,194.0,213.0,User17,,
1490174958632,Mouse Moved,172.0,218.0,User17,,
1490174958644,Mouse Moved,163.0,220.0,User17,,
1490174958654,Mouse Moved,159.0,220.0,User17,,
1490174958674,Mouse Moved,156.0,221.0,User17,,
1490174958684,Mouse Moved,155.0,221.0,User17,,
1490174958686,Mouse Moved,153.0,221.0,User17,,
1490174958825,Mouse Moved,153.0,222.0,User17,,
1490174958851,Mouse Moved,151.0,228.0,User17,,
1490174958851,Mouse Moved,151.0,244.0,User17,,
1490174958864,Mouse Moved,153.0,266.0,User17,,
1490174958865,Mouse Moved,158.0,293.0,User17,,
1490174958882,Mouse Moved,166.0,333.0,User17,,
1490174958884,Mouse Moved,171.0,370.0,User17,,
1490174958903,Mouse Moved,186.0,468.0,User17,,
1490174958914,Mouse Moved,191.0,493.0,User17,,
1490174958927,Mouse Moved,195.0,526.0,User17,,
1490174958941,Mouse Moved,197.0,543.0,User17,,
1490174958943,Mouse Moved,199.0,552.0,User17,,
1490174958956,Mouse Moved,199.0,558.0,User17,,
1490174958957,Mouse Moved,199.0,562.0,User17,,
1490174958971,Mouse Moved,199.0,566.0,User17,,
1490174958973,Mouse Moved,199.0,573.0,User17,,
1490174958986,Mouse Moved,199.0,577.0,User17,,
1490174958989,Mouse Moved,199.0,581.0,User17,,
1490174959002,Mouse Moved,199.0,583.0,User17,,
1490174959003,Mouse Moved,199.0,585.0,User17,,
1490174959016,Mouse Moved,199.0,586.0,User17,,
1490174959032,Mouse Moved,199.0,587.0,User17,,
1490174959033,Mouse Moved,197.0,588.0,User17,,
1490174959046,Mouse Moved,197.0,590.0,User17,,
1490174959125,Mouse Moved,194.0,590.0,User17,,
1490174959148,Mouse Moved,190.0,585.0,User17,,
1490174959148,Mouse Moved,179.0,576.0,User17,,
1490174959161,Mouse Moved,169.0,568.0,User17,,
1490174959163,Mouse Moved,157.0,560.0,User17,,
1490174959173,Mouse Moved,148.0,554.0,User17,,
1490174959194,Mouse Moved,132.0,544.0,User17,,
1490174959203,Mouse Moved,127.0,541.0,User17,,
1490174959223,Mouse Moved,124.0,540.0,User17,,
1490174959223,Mouse Moved,121.0,539.0,User17,,
1490174959224,Mouse Moved,117.0,535.0,User17,,
1490174959232,Mouse Moved,116.0,534.0,User17,,
1490174959252,Mouse Moved,113.0,534.0,User17,,
1490174959253,Mouse Moved,112.0,534.0,User17,,
1490174959253,Mouse Moved,109.0,534.0,User17,,
1490174959301,Mouse Moved,108.0,534.0,User17,,
1490174959331,Mouse Moved,108.0,533.0,User17,,
1490174959338,Mouse Moved,108.0,532.0,User17,,
1490174959342,Mouse Moved,109.0,533.0,User17,,
1490174959344,Mouse Moved,109.0,533.0,User17,,
1490174959345,Mouse Button.left Pressed,109.0,533.0,User17,,
1490174959437,Mouse Moved,109.0,533.0,User17,,
1490174959438,Mouse Button.left Released,109.0,533.0,User17,,
1490174959691,Mouse Moved,108.0,533.0,User17,,
1490174959960,Mouse Moved,111.0,534.0,User17,,
1490174959973,Mouse Moved,126.0,542.0,User17,,
1490174959989,Mouse Moved,142.0,557.0,User17,,
1490174959990,Mouse Moved,157.0,571.0,User17,,
1490174960003,Mouse Moved,175.0,586.0,User17,,
1490174960005,Mouse Moved,198.0,605.0,User17,,
1490174960026,Mouse Moved,254.0,648.0,User17,,
1490174960038,Mouse Moved,267.0,658.0,User17,,
1490174960056,Mouse Moved,274.0,665.0,User17,,
1490174960058,Mouse Moved,279.0,670.0,User17,,
1490174960059,Mouse Moved,281.0,675.0,User17,,
1490174960066,Mouse Moved,282.0,678.0,User17,,
1490174960088,Mouse Moved,282.0,682.0,User17,,
1490174960089,Mouse Moved,282.0,688.0,User17,,
1490174960091,Mouse Moved,282.0,692.0,User17,,
1490174960099,Mouse Moved,282.0,701.0,User17,,
1490174960101,Mouse Moved,280.0,707.0,User17,,
1490174960119,Mouse Moved,279.0,716.0,User17,,
1490174960121,Mouse Moved,279.0,720.0,User17,,
1490174960131,Mouse Moved,277.0,725.0,User17,,
1490174960144,Mouse Moved,277.0,729.0,User17,,
1490174960144,Mouse Moved,277.0,730.0,User17,,
1490174960158,Mouse Moved,277.0,731.0,User17,,
1490174960160,Mouse Moved,277.0,733.0,User17,,
1490174960197,Mouse Moved,276.0,734.0,User17,,
1490174960197,Mouse Moved,276.0,736.0,User17,,
1490174960226,Mouse Moved,276.0,739.0,User17,,
1490174960236,Mouse Moved,276.0,740.0,User17,,
1490174960256,Mouse Moved,279.0,743.0,User17,,
1490174960280,Mouse Moved,289.0,746.0,User17,,
1490174960282,Mouse Moved,294.0,748.0,User17,,
1490174960305,Mouse Moved,300.0,748.0,User17,,
1490174960306,Mouse Moved,313.0,751.0,User17,,
1490174960308,Mouse Moved,327.0,755.0,User17,,
1490174960315,Mouse Moved,339.0,757.0,User17,,
1490174960334,Mouse Moved,356.0,762.0,User17,,
1490174960335,Mouse Moved,370.0,764.0,User17,,
1490174960335,Mouse Moved,382.0,768.0,User17,,
1490174960349,Mouse Moved,388.0,769.0,User17,,
1490174960358,Mouse Moved,393.0,771.0,User17,,
1490174960358,Mouse Moved,397.0,772.0,User17,,
1490174960374,Mouse Moved,398.0,772.0,User17,,
1490174960375,Mouse Moved,399.0,773.0,User17,,
1490174960510,Mouse Moved,399.0,774.0,User17,,
1490175581642,Mouse Moved,459.0,722.0,User17,1536.0,775.0
1490175581655,Mouse Moved,406.0,620.0,User17,,
1490175581671,Mouse Moved,358.0,524.0,User17,,
1490175581686,Mouse Moved,319.0,440.0,User17,,
1490175581700,Mouse Moved,308.0,418.0,User17,,
1490175581703,Mouse Moved,299.0,398.0,User17,,
1490175581714,Mouse Moved,291.0,380.0,User17,,
1490175581730,Mouse Moved,282.0,368.0,User17,,
1490175581732,Mouse Moved,279.0,359.0,User17,,
1490175581746,Mouse Moved,270.0,344.0,User17,,
1490175581746,Mouse Moved,267.0,337.0,User17,,
1490175581759,Mouse Moved,261.0,327.0,User17,,
1490175581760,Mouse Moved,253.0,313.0,User17,,
1490175581778,Mouse Moved,245.0,303.0,User17,,
1490175581779,Mouse Moved,237.0,295.0,User17,,
1490175581790,Mouse Moved,227.0,285.0,User17,,
1490175581792,Mouse Moved,217.0,275.0,User17,,
1490175581805,Mouse Moved,208.0,269.0,User17,,
1490175581806,Mouse Moved,198.0,264.0,User17,,
1490175581823,Mouse Moved,193.0,261.0,User17,,
1490175581825,Mouse Moved,182.0,255.0,User17,,
1490175581835,Mouse Moved,173.0,251.0,User17,,
1490175581835,Mouse Moved,164.0,246.0,User17,,
1490175581851,Mouse Moved,154.0,242.0,User17,,
1490175581851,Mouse Moved,145.0,238.0,User17,,
1490175581865,Mouse Moved,138.0,233.0,User17,,
1490175581867,Mouse Moved,129.0,229.0,User17,,
1490175581880,Mouse Moved,119.0,224.0,User17,,
1490175581881,Mouse Moved,114.0,219.0,User17,,
1490175581895,Mouse Moved,110.0,216.0,User17,,
1490175581910,Mouse Moved,105.0,211.0,User17,,
1490175581911,Mouse Moved,104.0,210.0,User17,,
1490175581926,Mouse Moved,103.0,209.0,User17,,
1490175581927,Mouse Moved,102.0,208.0,User17,,
1490175582135,Mouse Moved,102.0,200.0,User17,,
1490175582137,Mouse Moved,102.0,199.0,User17,,
1490175582138,Mouse Moved,102.0,195.0,User17,,
1490175582150,Mouse Moved,102.0,194.0,User17,,
1490175582164,Mouse Moved,102.0,193.0,User17,,
1490175582180,Mouse Moved,102.0,192.0,User17,,
1490175582196,Mouse Moved,102.0,191.0,User17,,
1490175582299,Mouse Moved,102.0,189.0,User17,,
1490175582325,Mouse Moved,102.0,190.0,User17,,
1490175582326,Mouse Button.left Pressed,102.0,190.0,User17,,
1490175582332,Mouse Moved,102.0,188.0,User17,,
1490175582401,Mouse Moved,102.0,189.0,User17,,
1490175582404,Mouse Moved,102.0,189.0,User17,,
1490175582516,Mouse Moved,102.0,184.0,User17,,
1490175582535,Mouse Moved,100.0,182.0,User17,,
1490175582542,Mouse Moved,100.0,180.0,User17,,
1490175582542,Mouse Moved,100.0,178.0,User17,,
1490175582545,Mouse Moved,100.0,177.0,User17,,
1490175582565,Mouse Moved,100.0,174.0,User17,,
1490175582565,Mouse Moved,100.0,173.0,User17,,
1490175582598,Mouse Moved,100.0,168.0,User17,,
1490175582609,Mouse Moved,100.0,165.0,User17,,
1490175582622,Mouse Moved,100.0,164.0,User17,,
1490175582641,Mouse Moved,100.0,163.0,User17,,
1490175582651,Mouse Moved,100.0,162.0,User17,,
1490175582664,Mouse Moved,100.0,161.0,User17,,
1490175582681,Mouse Moved,100.0,160.0,User17,,
1490175582683,Mouse Moved,100.0,160.0,User17,,
1490175582684,Mouse Button.left Pressed,100.0,160.0,User17,,
1490175582785,Mouse Moved,101.0,160.0,User17,,
1490175582786,Mouse Moved,101.0,160.0,User17,,
1490175583265,Mouse Moved,99.0,162.0,User17,,
1490175583275,Mouse Moved,96.0,162.0,User17,,
1490175583293,Mouse Moved,96.0,163.0,User17,,
1490175583305,Mouse Moved,95.0,163.0,User17,,
1490175583368,Mouse Moved,94.0,163.0,User17,,
1490175583392,Mouse Moved,94.0,164.0,User17,,
1490175583410,Mouse Moved,93.0,164.0,User17,,
1490175583460,Mouse Moved,90.0,166.0,User17,,
1490175583470,Mouse Moved,87.0,167.0,User17,,
1490175583490,Mouse Moved,86.0,168.0,User17,,
1490175583500,Mouse Moved,84.0,170.0,User17,,
1490175583530,Mouse Moved,81.0,170.0,User17,,
1490175583532,Mouse Moved,80.0,171.0,User17,,
1490175583559,Mouse Moved,79.0,171.0,User17,,
1490175583571,Mouse Moved,79.0,170.0,User17,,
1490175583572,Mouse Moved,79.0,170.0,User17,,
1490175583655,Mouse Moved,79.0,170.0,User17,,
1490175583657,Mouse Button.left Released,79.0,170.0,User17,,
1490175583674,Mouse Moved,79.0,172.0,User17,,
1490175583964,Mouse Moved,79.0,173.0,User17,,
1490175583986,Mouse Moved,83.0,173.0,User17,,
1490175584009,Mouse Moved,87.0,173.0,User17,,
1490175584010,Mouse Moved,93.0,175.0,User17,,
1490175584025,Mouse Moved,105.0,179.0,User17,,
1490175584026,Mouse Moved,115.0,184.0,User17,,
1490175584039,Mouse Moved,124.0,190.0,User17,,
1490175584040,Mouse Moved,145.0,204.0,User17,,
1490175584055,Mouse Moved,157.0,216.0,User17,,
1490175584056,Mouse Moved,177.0,228.0,User17,,
1490175584071,Mouse Moved,195.0,243.0,User17,,
1490175584071,Mouse Moved,210.0,254.0,User17,,
1490175584088,Mouse Moved,228.0,270.0,User17,,
1490175584088,Mouse Moved,246.0,283.0,User17,,
1490175584104,Mouse Moved,259.0,293.0,User17,,
1490175584105,Mouse Moved,269.0,301.0,User17,,
1490175584124,Mouse Moved,278.0,309.0,User17,,
1490175584125,Mouse Moved,286.0,317.0,User17,,
1490175584125,Mouse Moved,290.0,320.0,User17,,
1490175584134,Mouse Moved,295.0,324.0,User17,,
1490175584154,Mouse Moved,302.0,329.0,User17,,
1490175584167,Mouse Moved,305.0,331.0,User17,,
1490175584177,Mouse Moved,306.0,331.0,User17,,
1490175584240,Mouse Moved,306.0,332.0,User17,,
1490175584286,Mouse Moved,306.0,333.0,User17,,
1490175584426,Mouse Moved,306.0,332.0,User17,,
1490175584427,Mouse Moved,306.0,333.0,User17,,
1490175584428,Mouse Button.left Pressed,306.0,333.0,User17,,
1490175584503,Mouse Moved,306.0,333.0,User17,,
1490175584505,Mouse Button.left Released,306.0,333.0,User17,,
1490175584990,Mouse Moved,306.0,336.0,User17,,
1490175584990,Mouse Moved,306.0,343.0,User17,,
1490175584992,Mouse Moved,306.0,345.0,User17,,
1490175584993,Mouse Moved,306.0,348.0,User17,,
1490175584993,Mouse Moved,306.0,349.0,User17,,
1490175584994,Mouse Moved,306.0,351.0,User17,,
1490175584994,Mouse Moved,306.0,353.0,User17,,
1490175584996,Mouse Moved,306.0,355.0,User17,,
1490175584996,Mouse Moved,306.0,358.0,User17,,
1490175585010,Mouse Moved,306.0,359.0,User17,,
1490175585571,Mouse Moved,306.0,358.0,User17,,
1490175585572,Mouse Moved,306.0,358.0,User17,,
1490175585635,Mouse Moved,306.0,358.0,User17,,
1490175585637,Mouse Button.left Released,306.0,358.0,User17,,
1490175585664,Mouse Moved,306.0,360.0,User17,,
1490175586128,Mouse Moved,306.0,359.0,User17,,
1490175586164,Mouse Moved,306.0,358.0,User17,,
1490175586196,Mouse Moved,306.0,353.0,User17,,
1490175586223,Mouse Moved,307.0,350.0,User17,,
1490175586233,Mouse Moved,307.0,349.0,User17,,
1490175586247,Mouse Moved,307.0,346.0,User17,,
1490175586269,Mouse Moved,307.0,345.0,User17,,
1490175586298,Mouse Moved,307.0,344.0,User17,,
1490175586328,Mouse Moved,307.0,343.0,User17,,
1490175586338,Mouse Moved,308.0,342.0,User17,,
1490175586413,Mouse Moved,308.0,341.0,User17,,
1490175586459,Mouse Moved,308.0,339.0,User17,,
1490175586460,Mouse Moved,308.0,339.0,User17,,
1490175586529,Mouse Moved,308.0,340.0,User17,,
1490175586578,Mouse Moved,308.0,341.0,User17,,
1490175586858,Mouse Moved,308.0,339.0,User17,,
1490175586875,Mouse Moved,310.0,335.0,User17,,
1490175586884,Mouse Moved,311.0,334.0,User17,,
1490175586937,Mouse Moved,311.0,333.0,User17,,
1490175586946,Mouse Moved,311.0,332.0,User17,,
1490175586966,Mouse Moved,311.0,331.0,User17,,
1490175586987,Mouse Moved,311.0,330.0,User17,,
1490175586989,Mouse Moved,310.0,330.0,User17,,
1490175586990,Mouse Moved,310.0,330.0,User17,,
1490175587051,Mouse Moved,310.0,330.0,User17,,
1490175587052,Mouse Button.left Released,310.0,330.0,User17,,
1490175587094,Mouse Moved,311.0,331.0,User17,,
1490175587278,Mouse Moved,311.0,333.0,User17,,
1490175587311,Mouse Moved,306.0,341.0,User17,,
1490175587321,Mouse Moved,305.0,343.0,User17,,
1490175587344,Mouse Moved,300.0,355.0,User17,,
1490175587354,Mouse Moved,298.0,358.0,User17,,
1490175587374,Mouse Moved,295.0,369.0,User17,,
1490175587384,Mouse Moved,294.0,374.0,User17,,
1490175587397,Mouse Moved,292.0,377.0,User17,,
1490175587418,Mouse Moved,290.0,384.0,User17,,
1490175587428,Mouse Moved,288.0,390.0,User17,,
1490175587448,Mouse Moved,286.0,395.0,User17,,
1490175587459,Mouse Moved,285.0,396.0,User17,,
1490175587479,Mouse Moved,285.0,397.0,User17,,
1490175587579,Mouse Moved,286.0,397.0,User17,,
1490175587581,Mouse Moved,286.0,397.0,User17,,
1490175587582,Mouse Button.left Pressed,286.0,397.0,User17,,
1490175587588,Mouse Moved,285.0,396.0,User17,,
1490175587667,Mouse Moved,286.0,397.0,User17,,
1490175587668,Mouse Button.left Released,286.0,397.0,User17,,
1490175587697,Mouse Moved,285.0,397.0,User17,,
1490175587884,Mouse Moved,285.0,396.0,User17,,
1490175587894,Mouse Moved,289.0,388.0,User17,,
1490175587908,Mouse Moved,290.0,384.0,User17,,
1490175587928,Mouse Moved,292.0,382.0,User17,,
1490175587938,Mouse Moved,293.0,379.0,User17,,
1490175587969,Mouse Moved,293.0,378.0,User17,,
1490175587990,Mouse Moved,294.0,375.0,User17,,
1490175588032,Mouse Moved,294.0,374.0,User17,,
1490175588088,Mouse Moved,295.0,373.0,User17,,
1490175588102,Mouse Moved,295.0,372.0,User17,,
1490175588109,Mouse Moved,295.0,372.0,User17,,
1490175588111,Mouse Button.left Pressed,295.0,372.0,User17,,
1490175588118,Mouse Moved,295.0,371.0,User17,,
1490175588187,Mouse Moved,295.0,371.0,User17,,
1490175588200,Mouse Moved,295.0,372.0,User17,,
1490175588260,Mouse Moved,295.0,373.0,User17,,
1490175588276,Mouse Moved,297.0,370.0,User17,,
1490175588285,Mouse Moved,297.0,368.0,User17,,
1490175588298,Mouse Moved,298.0,365.0,User17,,
1490175588312,Mouse Moved,299.0,360.0,User17,,
1490175588335,Mouse Moved,302.0,354.0,User17,,
1490175588348,Mouse Moved,303.0,349.0,User17,,
1490175588358,Mouse Moved,303.0,347.0,User17,,
1490175588378,Mouse Moved,306.0,340.0,User17,,
1490175588388,Mouse Moved,306.0,339.0,User17,,
1490175588404,Mouse Moved,306.0,338.0,User17,,
1490175588427,Mouse Moved,307.0,337.0,User17,,
1490175588457,Mouse Moved,307.0,336.0,User17,,
1490175588539,Mouse Moved,306.0,336.0,User17,,
1490175588540,Mouse Button.left Pressed,306.0,336.0,User17,,
1490175588631,Mouse Moved,306.0,336.0,User17,,
1490175588880,Mouse Moved,307.0,337.0,User17,,
1490175588890,Mouse Moved,307.0,338.0,User17,,
1490175588910,Mouse Moved,306.0,339.0,User17,,
1490175588920,Mouse Moved,305.0,339.0,User17,,
1490175588956,Mouse Moved,305.0,340.0,User17,,
1490175588966,Mouse Moved,303.0,341.0,User17,,
1490175588986,Mouse Moved,302.0,344.0,User17,,
1490175589016,Mouse Moved,301.0,345.0,User17,,
1490175589026,Mouse Moved,298.0,348.0,User17,,
1490175589039,Mouse Moved,297.0,350.0,User17,,
1490175589062,Mouse Moved,296.0,352.0,User17,,
1490175589089,Mouse Moved,296.0,353.0,User17,,
1490175589099,Mouse Moved,296.0,354.0,User17,,
1490175589115,Mouse Moved,295.0,354.0,User17,,
1490175589963,Mouse Moved,295.0,356.0,User17,,
1490175589964,Mouse Moved,300.0,363.0,User17,,
1490175589964,Mouse Moved,301.0,366.0,User17,,
1490175589973,Mouse Moved,308.0,377.0,User17,,
1490175589987,Mouse Moved,319.0,392.0,User17,,
1490175589989,Mouse Moved,328.0,407.0,User17,,
1490175590007,Mouse Moved,343.0,439.0,User17,,
1490175590017,Mouse Moved,358.0,481.0,User17,,
1490175590038,Mouse Moved,367.0,528.0,User17,,
1490175590048,Mouse Moved,369.0,550.0,User17,,
1490175590068,Mouse Moved,372.0,611.0,User17,,
1490175590078,Mouse Moved,372.0,624.0,User17,,
1490175590094,Mouse Moved,372.0,652.0,User17,,
1490175590107,Mouse Moved,372.0,666.0,User17,,
1490175590124,Mouse Moved,372.0,679.0,User17,,
1490175590137,Mouse Moved,372.0,685.0,User17,,
1490175590154,Mouse Moved,372.0,691.0,User17,,
1490175590167,Mouse Moved,373.0,693.0,User17,,
1490175590181,Mouse Moved,373.0,696.0,User17,,
1490175590203,Mouse Moved,374.0,697.0,User17,,
1490175590211,Mouse Moved,374.0,700.0,User17,,
1490175590233,Mouse Moved,377.0,704.0,User17,,
1490175590243,Mouse Moved,383.0,713.0,User17,,
1490175590263,Mouse Moved,389.0,720.0,User17,,
1490175590273,Mouse Moved,394.0,727.0,User17,,
1490175590286,Mouse Moved,402.0,739.0,User17,,
1490175590308,Mouse Moved,412.0,754.0,User17,,
1490175590318,Mouse Moved,413.0,758.0,User17,,
1490175590341,Mouse Moved,415.0,761.0,User17,,
1490175590342,Mouse Moved,416.0,762.0,User17,,
1490175590342,Mouse Moved,417.0,766.0,User17,,
1490175590348,Mouse Moved,417.0,769.0,User17,,
1490175590368,Mouse Moved,419.0,771.0,User17,,
1490175590369,Mouse Moved,419.0,772.0,User17,,
1490175599681,Mouse Moved,924.0,198.0,User17,,
1490175601306,Mouse Moved,925.0,198.0,User17,,
1490175601308,Mouse Moved,940.0,198.0,User17,,
1490175601309,Mouse Moved,969.0,208.0,User17,,
1490175601309,Mouse Moved,1009.0,228.0,User17,,
1490175601311,Mouse Moved,1055.0,248.0,User17,,
1490175601311,Mouse Moved,1097.0,269.0,User17,,
1490175601312,Mouse Moved,1127.0,286.0,User17,,
1490175601323,Mouse Moved,1148.0,295.0,User17,,
1490175601345,Mouse Moved,1157.0,302.0,User17,,
1490175601355,Mouse Moved,1161.0,305.0,User17,,
1490175601355,Mouse Moved,1163.0,305.0,User17,,
1490175601369,Mouse Moved,1165.0,306.0,User17,,
1490175601391,Mouse Moved,1167.0,307.0,User17,,
1490175601392,Mouse Moved,1170.0,308.0,User17,,
1490175601786,Mouse Moved,1171.0,310.0,User17,,
1490175601788,Mouse Moved,1177.0,312.0,User17,,
1490175601789,Mouse Moved,1180.0,314.0,User17,,
1490175601789,Mouse Moved,1184.0,317.0,User17,,
1490175601789,Mouse Moved,1187.0,318.0,User17,,
1490175601790,Mouse Moved,1192.0,321.0,User17,,
1490175601792,Mouse Moved,1194.0,323.0,User17,,
1490175601793,Mouse Moved,1199.0,324.0,User17,,
1490175601796,Mouse Moved,1202.0,326.0,User17,,
1490175601796,Mouse Moved,1206.0,329.0,User17,,
1490175601796,Mouse Moved,1207.0,330.0,User17,,
1490175601798,Mouse Moved,1209.0,331.0,User17,,
1490175601799,Mouse Moved,1210.0,332.0,User17,,
1490175601802,Mouse Moved,1210.0,333.0,User17,,
1490175601802,Mouse Moved,1211.0,333.0,User17,,
1490175601803,Mouse Moved,1211.0,335.0,User17,,
1490175602190,Mouse Moved,1205.0,339.0,User17,,
1490175602190,Mouse Moved,1202.0,340.0,User17,,
1490175602191,Mouse Moved,1196.0,344.0,User17,,
1490175602200,Mouse Moved,1184.0,346.0,User17,,
1490175602216,Mouse Moved,1173.0,347.0,User17,,
1490175602219,Mouse Moved,1159.0,347.0,User17,,
1490175602227,Mouse Moved,1137.0,347.0,User17,,
1490175602229,Mouse Moved,1107.0,343.0,User17,,
1490175602243,Mouse Moved,1063.0,334.0,User17,,
1490175602259,Mouse Moved,1014.0,322.0,User17,,
1490175602259,Mouse Moved,958.0,305.0,User17,,
1490175602260,Mouse Moved,897.0,288.0,User17,,
1490175602273,Mouse Moved,830.0,267.0,User17,,
1490175602275,Mouse Moved,773.0,247.0,User17,,
1490175602288,Mouse Moved,726.0,228.0,User17,,
1490175602303,Mouse Moved,685.0,211.0,User17,,
1490175602305,Mouse Moved,659.0,199.0,User17,,
1490175602319,Mouse Moved,645.0,191.0,User17,,
1490175602319,Mouse Moved,632.0,180.0,User17,,
1490175602334,Mouse Moved,625.0,173.0,User17,,
1490175602335,Mouse Moved,622.0,168.0,User17,,
1490175602351,Mouse Moved,619.0,164.0,User17,,
1490175602352,Mouse Moved,617.0,159.0,User17,,
1490175602354,Mouse Moved,616.0,155.0,User17,,
1490175602371,Mouse Moved,614.0,152.0,User17,,
1490175602372,Mouse Moved,614.0,147.0,User17,,
1490175602381,Mouse Moved,614.0,145.0,User17,,
1490175602394,Mouse Moved,613.0,140.0,User17,,
1490175602395,Mouse Moved,613.0,139.0,User17,,
1490175602410,Mouse Moved,613.0,138.0,User17,,
1490175602426,Mouse Moved,613.0,136.0,User17,,
1490175602427,Mouse Moved,613.0,134.0,User17,,
1490175602443,Mouse Moved,613.0,132.0,User17,,
1490175602463,Mouse Moved,613.0,131.0,User17,,
1490175602473,Mouse Moved,611.0,127.0,User17,,
1490175602493,Mouse Moved,611.0,124.0,User17,,
1490175602493,Mouse Moved,611.0,121.0,User17,,
1490175602494,Mouse Moved,611.0,119.0,User17,,
1490175602503,Mouse Moved,611.0,114.0,User17,,
1490175602517,Mouse Moved,611.0,112.0,User17,,
1490175602519,Mouse Moved,613.0,107.0,User17,,
1490175602540,Mouse Moved,614.0,105.0,User17,,
1490175602542,Mouse Moved,615.0,103.0,User17,,
1490175602542,Mouse Moved,618.0,102.0,User17,,
1490175602551,Mouse Moved,619.0,101.0,User17,,
1490175602571,Mouse Moved,622.0,100.0,User17,,
1490175602572,Mouse Moved,624.0,98.0,User17,,
1490175602581,Mouse Moved,627.0,97.0,User17,,
1490175602594,Mouse Moved,630.0,95.0,User17,,
1490175602595,Mouse Moved,633.0,94.0,User17,,
1490175602609,Mouse Moved,637.0,93.0,User17,,
1490175602611,Mouse Moved,644.0,91.0,User17,,
1490175602625,Mouse Moved,648.0,90.0,User17,,
1490175602625,Mouse Moved,653.0,88.0,User17,,
1490175602638,Mouse Moved,659.0,86.0,User17,,
1490175602640,Mouse Moved,660.0,86.0,User17,,
1490175602661,Mouse Moved,661.0,86.0,User17,,
1490175602663,Mouse Moved,662.0,86.0,User17,,
1490175602671,Mouse Moved,664.0,86.0,User17,,
1490175602691,Mouse Moved,665.0,86.0,User17,,
1490175602737,Mouse Moved,669.0,86.0,User17,,
1490175602739,Mouse Moved,675.0,86.0,User17,,
1490175602747,Mouse Moved,677.0,86.0,User17,,
1490175602762,Mouse Moved,682.0,86.0,User17,,
1490175602763,Mouse Moved,684.0,86.0,User17,,
1490175602776,Mouse Moved,686.0,86.0,User17,,
1490175602778,Mouse Moved,688.0,88.0,User17,,
1490175602790,Mouse Moved,689.0,88.0,User17,,
1490175602792,Mouse Moved,691.0,88.0,User17,,
1490175602806,Mouse Moved,693.0,88.0,User17,,
1490175602821,Mouse Moved,697.0,88.0,User17,,
1490175602822,Mouse Moved,700.0,88.0,User17,,
1490175602835,Mouse Moved,703.0,88.0,User17,,
1490175602836,Mouse Moved,707.0,88.0,User17,,
1490175602851,Mouse Moved,710.0,88.0,User17,,
1490175602852,Mouse Moved,711.0,88.0,User17,,
1490175602874,Mouse Moved,712.0,89.0,User17,,
1490175602875,Mouse Moved,714.0,90.0,User17,,
1490175602881,Mouse Moved,716.0,90.0,User17,,
1490175602903,Mouse Moved,718.0,91.0,User17,,
1490175602904,Mouse Moved,721.0,91.0,User17,,
1490175602911,Mouse Moved,722.0,93.0,User17,,
1490175602937,Mouse Moved,724.0,93.0,User17,,
1490175602937,Mouse Moved,726.0,94.0,User17,,
1490175602996,Mouse Moved,726.0,95.0,User17,,
1490175603006,Mouse Moved,727.0,96.0,User17,,
1490175603042,Mouse Moved,727.0,97.0,User17,,
1490175603052,Mouse Moved,728.0,100.0,User17,,
1490175603072,Mouse Moved,729.0,103.0,User17,,
1490175603082,Mouse Moved,731.0,105.0,User17,,
1490175603095,Mouse Moved,732.0,107.0,User17,,
1490175603111,Mouse Moved,733.0,109.0,User17,,
1490175603155,Mouse Moved,734.0,110.0,User17,,
1490175603171,Mouse Moved,736.0,111.0,User17,,
1490175603200,Mouse Moved,736.0,113.0,User17,,
1490175603216,Mouse Moved,737.0,114.0,User17,,
1490175603230,Mouse Moved,738.0,115.0,User17,,
1490175603249,Mouse Moved,738.0,116.0,User17,,
1490175603387,Mouse Moved,738.0,116.0,User17,,
1490175603388,Mouse Button.left Pressed,738.0,116.0,User17,,
1490175603480,Mouse Moved,738.0,116.0,User17,,
1490175603482,Mouse Button.left Released,738.0,116.0,User17,,
1490175603950,Mouse Moved,740.0,131.0,User17,,
1490175603951,Mouse Moved,740.0,140.0,User17,,
1490175603964,Mouse Moved,742.0,154.0,User17,,
1490175603966,Mouse Moved,742.0,170.0,User17,,
1490175603980,Mouse Moved,744.0,192.0,User17,,
1490175603982,Mouse Moved,744.0,211.0,User17,,
1490175603996,Mouse Moved,744.0,233.0,User17,,
1490175603996,Mouse Moved,744.0,255.0,User17,,
1490175604010,Mouse Moved,742.0,277.0,User17,,
1490175604012,Mouse Moved,735.0,296.0,User17,,
1490175604025,Mouse Moved,728.0,319.0,User17,,
1490175604026,Mouse Moved,722.0,336.0,User17,,
1490175604040,Mouse Moved,718.0,348.0,User17,,
1490175604055,Mouse Moved,712.0,360.0,User17,,
1490175604056,Mouse Moved,708.0,369.0,User17,,
1490175604069,Mouse Moved,707.0,374.0,User17,,
1490175604071,Mouse Moved,705.0,380.0,User17,,
1490175604085,Mouse Moved,704.0,383.0,User17,,
1490175604086,Mouse Moved,702.0,386.0,User17,,
1490175604099,Mouse Moved,702.0,387.0,User17,,
1490175604115,Mouse Moved,702.0,388.0,User17,,
1490175604174,Mouse Moved,702.0,389.0,User17,,
1490175604190,Mouse Moved,710.0,391.0,User17,,
1490175604204,Mouse Moved,711.0,391.0,User17,,
1490175604220,Mouse Moved,713.0,391.0,User17,,
1490175604220,Mouse Moved,716.0,391.0,User17,,
1490175604234,Mouse Moved,720.0,392.0,User17,,
1490175604236,Mouse Moved,723.0,392.0,User17,,
1490175604236,Mouse Moved,727.0,392.0,User17,,
1490175604250,Mouse Moved,732.0,394.0,User17,,
1490175604270,Mouse Moved,735.0,394.0,User17,,
1490175604272,Mouse Moved,737.0,395.0,User17,,
1490175604273,Mouse Moved,739.0,395.0,User17,,
1490175604280,Mouse Moved,740.0,396.0,User17,,
1490175604301,Mouse Moved,742.0,397.0,User17,,
1490175604302,Mouse Moved,744.0,400.0,User17,,
1490175604312,Mouse Moved,744.0,403.0,User17,,
1490175604326,Mouse Moved,745.0,404.0,User17,,
1490175604341,Mouse Moved,746.0,407.0,User17,,
1490175604342,Mouse Moved,747.0,408.0,User17,,
1490175604371,Mouse Moved,747.0,409.0,User17,,
1490175604390,Mouse Moved,748.0,410.0,User17,,
1490175604403,Mouse Moved,748.0,414.0,User17,,
1490175604423,Mouse Moved,750.0,417.0,User17,,
1490175604433,Mouse Moved,750.0,418.0,User17,,
1490175604496,Mouse Moved,750.0,419.0,User17,,
1490175604536,Mouse Moved,751.0,420.0,User17,,
1490175604641,Mouse Moved,750.0,420.0,User17,,
1490175604642,Mouse Button.left Pressed,750.0,420.0,User17,,
1490175604740,Mouse Moved,750.0,420.0,User17,,
1490175604742,Mouse Button.left Released,750.0,420.0,User17,,
1490175605296,Mouse Moved,748.0,422.0,User17,,
1490175605315,Mouse Moved,740.0,423.0,User17,,
1490175605316,Mouse Moved,726.0,423.0,User17,,
1490175605325,Mouse Moved,704.0,423.0,User17,,
1490175605326,Mouse Moved,675.0,423.0,User17,,
1490175605339,Mouse Moved,644.0,418.0,User17,,
1490175605355,Mouse Moved,596.0,409.0,User17,,
1490175605355,Mouse Moved,556.0,398.0,User17,,
1490175605369,Mouse Moved,506.0,382.0,User17,,
1490175605371,Mouse Moved,458.0,360.0,User17,,
1490175605384,Mouse Moved,385.0,327.0,User17,,
1490175605401,Mouse Moved,328.0,295.0,User17,,
1490175605414,Mouse Moved,298.0,276.0,User17,,
1490175605436,Mouse Moved,280.0,266.0,User17,,
1490175605446,Mouse Moved,279.0,265.0,User17,,
1490175605466,Mouse Moved,278.0,264.0,User17,,
1490175605572,Mouse Moved,276.0,264.0,User17,,
1490175605841,Mouse Moved,278.0,260.0,User17,,
1490175605849,Mouse Moved,279.0,259.0,User17,,
1490175605864,Mouse Moved,279.0,257.0,User17,,
1490175605880,Mouse Moved,279.0,256.0,User17,,
1490175605908,Mouse Moved,279.0,255.0,User17,,
1490175605910,Mouse Moved,279.0,255.0,User17,,
1490175605911,Mouse Button.left Pressed,279.0,255.0,User17,,
1490175605986,Mouse Moved,278.0,256.0,User17,,
1490175605987,Mouse Moved,278.0,256.0,User17,,
1490175605989,Mouse Button.left Released,278.0,256.0,User17,,
1490175606085,Mouse Moved,276.0,255.0,User17,,
1490175606095,Mouse Moved,274.0,255.0,User17,,
1490175606117,Mouse Moved,269.0,255.0,User17,,
1490175606118,Mouse Moved,263.0,255.0,User17,,
1490175606131,Mouse Moved,259.0,255.0,User17,,
1490175606132,Mouse Moved,248.0,252.0,User17,,
1490175606134,Mouse Moved,236.0,246.0,User17,,
1490175606141,Mouse Moved,227.0,242.0,User17,,
1490175606161,Mouse Moved,212.0,238.0,User17,,
1490175606163,Mouse Moved,204.0,236.0,User17,,
1490175606164,Mouse Moved,197.0,233.0,User17,,
1490175606171,Mouse Moved,188.0,231.0,User17,,
1490175606191,Mouse Moved,179.0,229.0,User17,,
1490175606193,Mouse Moved,174.0,227.0,User17,,
1490175606194,Mouse Moved,170.0,227.0,User17,,
1490175606201,Mouse Moved,166.0,226.0,User17,,
1490175606221,Mouse Moved,150.0,225.0,User17,,
1490175606237,Mouse Moved,140.0,225.0,User17,,
1490175606246,Mouse Moved,139.0,225.0,User17,,
1490175606259,Mouse Moved,136.0,224.0,User17,,
1490175606276,Mouse Moved,134.0,224.0,User17,,
1490175606296,Mouse Moved,131.0,222.0,User17,,
1490175606305,Mouse Moved,128.0,221.0,User17,,
1490175606325,Mouse Moved,115.0,218.0,User17,,
1490175606341,Mouse Moved,107.0,215.0,User17,,
1490175606351,Mouse Moved,106.0,215.0,User17,,
1490175606365,Mouse Moved,103.0,214.0,User17,,
1490175606381,Mouse Moved,101.0,213.0,User17,,
1490175606463,Mouse Moved,102.0,213.0,User17,,
1490175606464,Mouse Button.left Pressed,102.0,213.0,User17,,
1490175606540,Mouse Moved,102.0,213.0,User17,,
1490175606542,Mouse Button.left Released,102.0,213.0,User17,,
1490175606637,Mouse Moved,105.0,213.0,User17,,
1490175606654,Mouse Moved,108.0,211.0,User17,,
1490175606654,Mouse Moved,114.0,210.0,User17,,
1490175606674,Mouse Moved,117.0,210.0,User17,,
1490175606674,Mouse Moved,123.0,208.0,User17,,
1490175606683,Mouse Moved,128.0,207.0,User17,,
1490175606684,Mouse Moved,132.0,207.0,User17,,
1490175606703,Mouse Moved,143.0,207.0,User17,,
1490175606703,Mouse Moved,154.0,207.0,User17,,
1490175606713,Mouse Moved,167.0,207.0,User17,,
1490175606714,Mouse Moved,182.0,209.0,User17,,
1490175606733,Mouse Moved,199.0,213.0,User17,,
1490175606733,Mouse Moved,210.0,217.0,User17,,
1490175606743,Mouse Moved,225.0,221.0,User17,,
1490175606743,Mouse Moved,237.0,225.0,User17,,
1490175606757,Mouse Moved,245.0,227.0,User17,,
1490175606778,Mouse Moved,255.0,230.0,User17,,
1490175606779,Mouse Moved,261.0,234.0,User17,,
1490175606779,Mouse Moved,268.0,235.0,User17,,
1490175606789,Mouse Moved,272.0,237.0,User17,,
1490175606808,Mouse Moved,277.0,237.0,User17,,
1490175606809,Mouse Moved,279.0,237.0,User17,,
1490175606818,Mouse Moved,280.0,237.0,User17,,
1490175607121,Mouse Moved,280.0,236.0,User17,,
1490175607167,Mouse Moved,280.0,234.0,User17,,
1490175607196,Mouse Moved,279.0,233.0,User17,,
1490175607211,Mouse Moved,274.0,230.0,User17,,
1490175607226,Mouse Moved,269.0,229.0,User17,,
1490175607230,Mouse Moved,268.0,228.0,User17,,
1490175607232,Mouse Moved,267.0,227.0,User17,,
1490175607242,Mouse Moved,264.0,225.0,User17,,
1490175607243,Mouse Moved,263.0,223.0,User17,,
1490175607256,Mouse Moved,262.0,221.0,User17,,
1490175607272,Mouse Moved,259.0,216.0,User17,,
1490175607286,Mouse Moved,258.0,212.0,User17,,
1490175607302,Mouse Moved,258.0,211.0,User17,,
1490175607325,Mouse Moved,258.0,210.0,User17,,
1490175607336,Mouse Moved,258.0,209.0,User17,,
1490175607361,Mouse Moved,258.0,206.0,User17,,
1490175607378,Mouse Moved,261.0,205.0,User17,,
1490175607391,Mouse Moved,262.0,204.0,User17,,
1490175607424,Mouse Moved,263.0,204.0,User17,,
1490175607473,Mouse Moved,265.0,204.0,User17,,
1490175607503,Mouse Moved,266.0,205.0,User17,,
1490175607513,Mouse Moved,271.0,209.0,User17,,
1490175607536,Mouse Moved,272.0,214.0,User17,,
1490175607536,Mouse Moved,273.0,215.0,User17,,
1490175607538,Mouse Moved,275.0,217.0,User17,,
1490175607545,Mouse Moved,276.0,219.0,User17,,
1490175607546,Mouse Moved,277.0,221.0,User17,,
1490175607565,Mouse Moved,278.0,224.0,User17,,
1490175607579,Mouse Moved,280.0,225.0,User17,,
1490175607581,Mouse Moved,283.0,233.0,User17,,
1490175607591,Mouse Moved,284.0,234.0,User17,,
1490175607604,Mouse Moved,285.0,239.0,User17,,
1490175607605,Mouse Moved,288.0,244.0,User17,,
1490175607618,Mouse Moved,290.0,250.0,User17,,
1490175607618,Mouse Moved,293.0,255.0,User17,,
1490175607632,Mouse Moved,294.0,259.0,User17,,
1490175607634,Mouse Moved,296.0,265.0,User17,,
1490175607648,Mouse Moved,297.0,270.0,User17,,
1490175607650,Mouse Moved,297.0,271.0,User17,,
1490175607664,Mouse Moved,299.0,272.0,User17,,
1490175607664,Mouse Moved,299.0,275.0,User17,,
1490175607700,Mouse Moved,299.0,276.0,User17,,
1490175607723,Mouse Moved,299.0,275.0,User17,,
1490175607724,Mouse Button.left Pressed,299.0,275.0,User17,,
1490175607809,Mouse Moved,298.0,275.0,User17,,
1490175607811,Mouse Button.left Released,298.0,275.0,User17,,
1490175607951,Mouse Moved,299.0,272.0,User17,,
1490175607969,Mouse Moved,300.0,266.0,User17,,
1490175607982,Mouse Moved,302.0,260.0,User17,,
1490175607983,Mouse Moved,303.0,253.0,User17,,
1490175608003,Mouse Moved,303.0,252.0,User17,,
1490175608003,Mouse Moved,303.0,247.0,User17,,
1490175608013,Mouse Moved,305.0,242.0,User17,,
1490175608032,Mouse Moved,305.0,238.0,User17,,
1490175608033,Mouse Moved,306.0,233.0,User17,,
1490175608042,Mouse Moved,306.0,232.0,User17,,
1490175608062,Mouse Moved,308.0,230.0,User17,,
1490175608063,Mouse Moved,308.0,229.0,User17,,
1490175608072,Mouse Moved,309.0,226.0,User17,,
1490175608088,Mouse Moved,309.0,223.0,User17,,
1490175608088,Mouse Moved,310.0,222.0,User17,,
1490175608108,Mouse Moved,311.0,220.0,User17,,
1490175608109,Mouse Moved,311.0,218.0,User17,,
1490175608170,Mouse Moved,311.0,217.0,User17,,
1490175608171,Mouse Moved,311.0,216.0,User17,,
1490175608184,Mouse Moved,311.0,217.0,User17,,
1490175608186,Mouse Button.left Pressed,311.0,217.0,User17,,
1490175608190,Mouse Moved,311.0,215.0,User17,,
1490175608269,Mouse Moved,311.0,215.0,User17,,
1490175608315,Mouse Moved,311.0,216.0,User17,,
1490175608874,Mouse Moved,311.0,217.0,User17,,
1490175608892,Mouse Moved,311.0,218.0,User17,,
1490175608917,Mouse Moved,309.0,221.0,User17,,
1490175608917,Mouse Moved,305.0,228.0,User17,,
1490175608933,Mouse Moved,304.0,230.0,User17,,
1490175608934,Mouse Moved,301.0,237.0,User17,,
1490175608947,Mouse Moved,298.0,242.0,User17,,
1490175608950,Mouse Moved,295.0,246.0,User17,,
1490175608969,Mouse Moved,293.0,251.0,User17,,
1490175608970,Mouse Moved,290.0,255.0,User17,,
1490175608979,Mouse Moved,290.0,258.0,User17,,
1490175608980,Mouse Moved,289.0,259.0,User17,,
1490175608999,Mouse Moved,288.0,260.0,User17,,
1490175609009,Mouse Moved,286.0,263.0,User17,,
1490175609023,Mouse Moved,286.0,264.0,User17,,
1490175609025,Mouse Moved,287.0,264.0,User17,,
1490175609026,Mouse Moved,287.0,264.0,User17,,
1490175609095,Mouse Moved,287.0,264.0,User17,,
1490175609096,Mouse Button.left Released,287.0,264.0,User17,,
1490175609148,Mouse Moved,286.0,265.0,User17,,
1490175609160,Mouse Moved,282.0,268.0,User17,,
1490175609178,Mouse Moved,280.0,269.0,User17,,
1490175609188,Mouse Moved,277.0,269.0,User17,,
1490175609190,Mouse Moved,274.0,271.0,User17,,
1490175609209,Mouse Moved,271.0,272.0,User17,,
1490175609210,Mouse Moved,270.0,273.0,User17,,
1490175609219,Mouse Moved,268.0,273.0,User17,,
1490175609233,Mouse Moved,261.0,275.0,User17,,
1490175609234,Mouse Moved,259.0,275.0,User17,,
1490175609253,Mouse Moved,254.0,275.0,User17,,
1490175609255,Mouse Moved,252.0,275.0,User17,,
1490175609255,Mouse Moved,247.0,275.0,User17,,
1490175609263,Mouse Moved,241.0,275.0,User17,,
1490175609286,Mouse Moved,237.0,275.0,User17,,
1490175609286,Mouse Moved,226.0,271.0,User17,,
1490175609288,Mouse Moved,217.0,267.0,User17,,
1490175609296,Mouse Moved,205.0,261.0,User17,,
1490175609315,Mouse Moved,169.0,248.0,User17,,
1490175609325,Mouse Moved,154.0,241.0,User17,,
1490175609341,Mouse Moved,152.0,240.0,User17,,
1490175609342,Mouse Moved,147.0,237.0,User17,,
1490175609361,Mouse Moved,143.0,235.0,User17,,
1490175609361,Mouse Moved,141.0,234.0,User17,,
1490175609362,Mouse Moved,140.0,233.0,User17,,
1490175609391,Mouse Moved,139.0,232.0,User17,,
1490175609430,Mouse Moved,138.0,231.0,User17,,
1490175609430,Mouse Moved,134.0,228.0,User17,,
1490175609444,Mouse Moved,127.0,225.0,User17,,
1490175609467,Mouse Moved,123.0,222.0,User17,,
1490175609469,Mouse Moved,116.0,218.0,User17,,
1490175609470,Mouse Moved,115.0,218.0,User17,,
1490175609477,Mouse Moved,111.0,216.0,User17,,
1490175609479,Mouse Moved,108.0,214.0,User17,,
1490175609497,Mouse Moved,107.0,213.0,User17,,
1490175609499,Mouse Moved,106.0,213.0,User17,,
1490175609507,Mouse Moved,103.0,212.0,User17,,
1490175609529,Mouse Moved,102.0,211.0,User17,,
1490175609542,Mouse Moved,100.0,208.0,User17,,
1490175609552,Mouse Moved,98.0,207.0,User17,,
1490175609573,Mouse Moved,94.0,203.0,User17,,
1490175609575,Mouse Moved,91.0,200.0,User17,,
1490175609582,Mouse Moved,90.0,199.0,User17,,
1490175609596,Mouse Moved,88.0,196.0,User17,,
1490175609611,Mouse Moved,86.0,195.0,User17,,
1490175609612,Mouse Moved,85.0,194.0,User17,,
1490175609632,Mouse Moved,84.0,194.0,User17,,
1490175609648,Mouse Moved,81.0,193.0,User17,,
1490175609678,Mouse Moved,79.0,191.0,User17,,
1490175609709,Mouse Moved,79.0,190.0,User17,,
1490175609710,Mouse Moved,79.0,190.0,User17,,
1490175609802,Mouse Moved,79.0,190.0,User17,,
1490175609803,Mouse Button.left Released,79.0,190.0,User17,,
1490175610003,Mouse Moved,79.0,191.0,User17,,
1490175610046,Mouse Moved,79.0,192.0,User17,,
1490175610076,Mouse Moved,77.0,193.0,User17,,
1490175610092,Mouse Moved,75.0,196.0,User17,,
1490175610121,Mouse Moved,74.0,197.0,User17,,
1490175610137,Mouse Moved,73.0,198.0,User17,,
1490175610167,Mouse Moved,73.0,200.0,User17,,
1490175610181,Mouse Moved,71.0,200.0,User17,,
1490175610220,Mouse Moved,71.0,201.0,User17,,
1490175610279,Mouse Moved,70.0,202.0,User17,,
1490175610280,Mouse Moved,69.0,203.0,User17,,
1490175610309,Mouse Moved,68.0,204.0,User17,,
1490175610319,Mouse Moved,68.0,205.0,User17,,
1490175610349,Mouse Moved,68.0,207.0,User17,,
1490175610417,Mouse Moved,67.0,207.0,User17,,
1490175610433,Mouse Moved,67.0,206.0,User17,,
1490175610434,Mouse Moved,67.0,206.0,User17,,
1490175610443,Mouse Moved,67.0,205.0,User17,,
1490175610522,Mouse Moved,67.0,205.0,User17,,
1490175610523,Mouse Button.left Released,67.0,205.0,User17,,
1490175610658,Mouse Moved,68.0,205.0,User17,,
1490175610668,Mouse Moved,75.0,205.0,User17,,
1490175610671,Mouse Moved,81.0,204.0,User17,,
1490175610684,Mouse Moved,86.0,204.0,User17,,
1490175610684,Mouse Moved,92.0,202.0,User17,,
1490175610703,Mouse Moved,96.0,202.0,User17,,
1490175610704,Mouse Moved,107.0,202.0,User17,,
1490175610713,Mouse Moved,118.0,202.0,User17,,
1490175610733,Mouse Moved,132.0,202.0,User17,,
1490175610733,Mouse Moved,145.0,202.0,User17,,
1490175610734,Mouse Moved,159.0,204.0,User17,,
1490175610743,Mouse Moved,171.0,206.0,User17,,
1490175610765,Mouse Moved,185.0,208.0,User17,,
1490175610766,Mouse Moved,199.0,210.0,User17,,
1490175610766,Mouse Moved,210.0,210.0,User17,,
1490175610773,Mouse Moved,222.0,212.0,User17,,
1490175610788,Mouse Moved,236.0,214.0,User17,,
1490175610789,Mouse Moved,242.0,214.0,User17,,
1490175610808,Mouse Moved,250.0,214.0,User17,,
1490175610809,Mouse Moved,255.0,214.0,User17,,
1490175610809,Mouse Moved,259.0,214.0,User17,,
1490175610818,Mouse Moved,263.0,214.0,User17,,
1490175610842,Mouse Moved,266.0,214.0,User17,,
1490175610842,Mouse Moved,270.0,214.0,User17,,
1490175610848,Mouse Moved,271.0,214.0,User17,,
1490175610848,Mouse Moved,273.0,214.0,User17,,
1490175610868,Mouse Moved,274.0,214.0,User17,,
1490175610878,Mouse Moved,275.0,214.0,User17,,
1490175610894,Mouse Moved,276.0,214.0,User17,,
1490175610969,Mouse Moved,276.0,212.0,User17,,
1490175610987,Mouse Moved,276.0,212.0,User17,,
1490175611073,Mouse Moved,276.0,212.0,User17,,
1490175611075,Mouse Button.left Released,276.0,212.0,User17,,
1490175611111,Mouse Moved,276.0,213.0,User17,,
1490175614186,Mouse Moved,279.0,212.0,User17,,
1490175614207,Mouse Moved,282.0,209.0,User17,,
1490175614209,Mouse Moved,283.0,207.0,User17,,
1490175614220,Mouse Moved,285.0,206.0,User17,,
1490175614220,Mouse Moved,292.0,199.0,User17,,
1490175614221,Mouse Moved,294.0,196.0,User17,,
1490175614230,Mouse Moved,297.0,194.0,User17,,
1490175614243,Mouse Moved,300.0,189.0,User17,,
1490175614243,Mouse Moved,300.0,188.0,User17,,
1490175614260,Mouse Moved,301.0,185.0,User17,,
1490175614262,Mouse Moved,302.0,179.0,User17,,
1490175614280,Mouse Moved,302.0,176.0,User17,,
1490175614282,Mouse Moved,302.0,172.0,User17,,
1490175614290,Mouse Moved,302.0,161.0,User17,,
1490175614305,Mouse Moved,302.0,157.0,User17,,
1490175614328,Mouse Moved,302.0,153.0,User17,,
1490175614328,Mouse Moved,302.0,147.0,User17,,
1490175614329,Mouse Moved,302.0,142.0,User17,,
1490175614331,Mouse Moved,304.0,134.0,User17,,
1490175614338,Mouse Moved,304.0,131.0,User17,,
1490175614357,Mouse Moved,304.0,123.0,User17,,
1490175614358,Mouse Moved,304.0,122.0,User17,,
1490175614368,Mouse Moved,305.0,118.0,User17,,
1490175614368,Mouse Moved,305.0,117.0,User17,,
1490175614381,Mouse Moved,305.0,115.0,User17,,
1490175614417,Mouse Moved,305.0,114.0,User17,,
1490175614418,Mouse Moved,307.0,113.0,User17,,
1490175614447,Mouse Moved,308.0,111.0,User17,,
1490175614457,Mouse Moved,309.0,109.0,User17,,
1490175614502,Mouse Moved,309.0,108.0,User17,,
1490175614594,Mouse Moved,308.0,107.0,User17,,
1490175614595,Mouse Moved,300.0,104.0,User17,,
1490175614605,Mouse Moved,296.0,101.0,User17,,
1490175614607,Mouse Moved,295.0,101.0,User17,,
1490175614621,Mouse Moved,291.0,98.0,User17,,
1490175614621,Mouse Moved,288.0,97.0,User17,,
1490175614637,Mouse Moved,287.0,96.0,User17,,
1490175614638,Mouse Moved,284.0,96.0,User17,,
1490175614651,Mouse Moved,278.0,96.0,User17,,
1490175614651,Mouse Moved,277.0,95.0,User17,,
1490175614665,Mouse Moved,271.0,95.0,User17,,
1490175614667,Mouse Moved,270.0,95.0,User17,,
1490175614681,Mouse Moved,264.0,95.0,User17,,
1490175614696,Mouse Moved,260.0,95.0,User17,,
1490175614710,Mouse Moved,258.0,95.0,User17,,
1490175614726,Mouse Moved,257.0,95.0,User17,,
1490175614815,Mouse Moved,255.0,95.0,User17,,
1490175614831,Mouse Moved,253.0,96.0,User17,,
1490175614845,Mouse Moved,250.0,96.0,User17,,
1490175614859,Mouse Moved,246.0,96.0,User17,,
1490175614905,Mouse Moved,245.0,96.0,User17,,
1490175615085,Mouse Moved,240.0,97.0,User17,,
1490175615101,Mouse Moved,233.0,97.0,User17,,
1490175615115,Mouse Moved,226.0,97.0,User17,,
1490175615203,Mouse Moved,219.0,97.0,User17,,
1490175615203,Mouse Moved,216.0,97.0,User17,,
1490175615204,Mouse Moved,211.0,97.0,User17,,
1490175615207,Mouse Moved,208.0,96.0,User17,,
1490175615207,Mouse Moved,207.0,96.0,User17,,
1490175615207,Mouse Moved,206.0,96.0,User17,,
1490175615209,Mouse Moved,204.0,96.0,User17,,
1490175615250,Mouse Moved,202.0,96.0,User17,,
1490175615328,Mouse Moved,202.0,95.0,User17,,
1490175615329,Mouse Button.left Pressed,202.0,95.0,User17,,
1490175615411,Mouse Moved,203.0,95.0,User17,,
1490175615413,Mouse Moved,203.0,95.0,User17,,
1490175615565,Mouse Moved,204.0,95.0,User17,,
1490175615581,Mouse Moved,209.0,93.0,User17,,
1490175615595,Mouse Moved,214.0,90.0,User17,,
1490175615596,Mouse Moved,220.0,87.0,User17,,
1490175615611,Mouse Moved,229.0,85.0,User17,,
1490175615611,Mouse Moved,238.0,82.0,User17,,
1490175615625,Mouse Moved,247.0,80.0,User17,,
1490175615627,Mouse Moved,256.0,78.0,User17,,
1490175615640,Mouse Moved,265.0,76.0,User17,,
1490175615641,Mouse Moved,279.0,74.0,User17,,
1490175615667,Mouse Moved,293.0,74.0,User17,,
1490175615667,Mouse Moved,312.0,74.0,User17,,
1490175615668,Mouse Moved,328.0,74.0,User17,,
1490175615674,Mouse Moved,350.0,76.0,User17,,
1490175615694,Mouse Moved,375.0,76.0,User17,,
1490175615694,Mouse Moved,405.0,79.0,User17,,
1490175615696,Mouse Moved,432.0,81.0,User17,,
1490175615704,Mouse Moved,462.0,83.0,User17,,
1490175615717,Mouse Moved,487.0,85.0,User17,,
1490175615717,Mouse Moved,506.0,88.0,User17,,
1490175615740,Mouse Moved,530.0,88.0,User17,,
1490175615740,Mouse Moved,550.0,90.0,User17,,
1490175615740,Mouse Moved,566.0,90.0,User17,,
1490175615753,Mouse Moved,580.0,92.0,User17,,
1490175615763,Mouse Moved,591.0,92.0,User17,,
1490175615763,Mouse Moved,597.0,92.0,User17,,
1490175615782,Mouse Moved,602.0,92.0,User17,,
1490175615783,Mouse Moved,606.0,92.0,User17,,
1490175615792,Mouse Moved,607.0,93.0,User17,,
1490175615812,Mouse Moved,609.0,93.0,User17,,
1490175615822,Mouse Moved,611.0,93.0,User17,,
1490175615839,Mouse Moved,619.0,93.0,User17,,
1490175615858,Mouse Moved,625.0,93.0,User17,,
1490175615858,Mouse Moved,630.0,93.0,User17,,
1490175615859,Mouse Moved,636.0,93.0,User17,,
1490175615869,Mouse Moved,644.0,95.0,User17,,
1490175615888,Mouse Moved,654.0,100.0,User17,,
1490175615888,Mouse Moved,663.0,104.0,User17,,
1490175615890,Mouse Moved,670.0,107.0,User17,,
1490175615898,Mouse Moved,680.0,115.0,User17,,
1490175615917,Mouse Moved,689.0,121.0,User17,,
1490175615918,Mouse Moved,695.0,128.0,User17,,
1490175615920,Mouse Moved,703.0,143.0,User17,,
1490175615927,Mouse Moved,709.0,153.0,User17,,
1490175615943,Mouse Moved,713.0,170.0,User17,,
1490175615944,Mouse Moved,715.0,189.0,User17,,
1490175615963,Mouse Moved,717.0,211.0,User17,,
1490175615963,Mouse Moved,720.0,238.0,User17,,
1490175615973,Mouse Moved,720.0,265.0,User17,,
1490175615973,Mouse Moved,720.0,292.0,User17,,
1490175615993,Mouse Moved,720.0,317.0,User17,,
1490175615993,Mouse Moved,720.0,333.0,User17,,
1490175616003,Mouse Moved,720.0,350.0,User17,,
1490175616003,Mouse Moved,720.0,361.0,User17,,
1490175616019,Mouse Moved,718.0,367.0,User17,,
1490175616019,Mouse Moved,718.0,373.0,User17,,
1490175616032,Mouse Moved,717.0,380.0,User17,,
1490175616048,Mouse Moved,717.0,381.0,User17,,
1490175616049,Mouse Moved,715.0,385.0,User17,,
1490175616062,Mouse Moved,714.0,386.0,User17,,
1490175616078,Mouse Moved,714.0,388.0,User17,,
1490175616078,Mouse Moved,713.0,389.0,User17,,
1490175616114,Mouse Moved,712.0,392.0,User17,,
1490175616115,Mouse Moved,710.0,395.0,User17,,
1490175616124,Mouse Moved,709.0,396.0,User17,,
1490175616138,Mouse Moved,709.0,397.0,User17,,
1490175616158,Mouse Moved,708.0,398.0,User17,,
1490175616188,Mouse Moved,708.0,401.0,User17,,
1490175616198,Mouse Moved,708.0,403.0,User17,,
1490175616200,Mouse Moved,708.0,406.0,User17,,
1490175616219,Mouse Moved,708.0,407.0,User17,,
1490175616296,Mouse Moved,708.0,408.0,User17,,
1490175616306,Mouse Moved,708.0,410.0,User17,,
1490175616326,Mouse Moved,708.0,411.0,User17,,
1490175616351,Mouse Moved,708.0,412.0,User17,,
1490175616365,Mouse Moved,708.0,413.0,User17,,
1490175616401,Mouse Moved,708.0,414.0,User17,,
1490175616404,Mouse Moved,708.0,415.0,User17,,
1490175616470,Mouse Moved,708.0,415.0,User17,,
1490175616562,Mouse Moved,708.0,415.0,User17,,
1490175616563,Mouse Button.left Released,708.0,415.0,User17,,
1490175616690,Mouse Moved,708.0,414.0,User17,,
1490175616691,Mouse Moved,708.0,405.0,User17,,
1490175616700,Mouse Moved,704.0,391.0,User17,,
1490175616720,Mouse Moved,702.0,377.0,User17,,
1490175616721,Mouse Moved,700.0,365.0,User17,,
1490175616723,Mouse Moved,698.0,341.0,User17,,
1490175616730,Mouse Moved,693.0,318.0,User17,,
1490175616750,Mouse Moved,691.0,299.0,User17,,
1490175616752,Mouse Moved,686.0,272.0,User17,,
1490175616753,Mouse Moved,684.0,250.0,User17,,
1490175616762,Mouse Moved,682.0,225.0,User17,,
1490175616776,Mouse Moved,680.0,206.0,User17,,
1490175616776,Mouse Moved,680.0,189.0,User17,,
1490175616796,Mouse Moved,678.0,155.0,User17,,
1490175616805,Mouse Moved,678.0,147.0,User17,,
1490175616826,Mouse Moved,678.0,139.0,User17,,
1490175616828,Mouse Moved,678.0,134.0,User17,,
1490175616835,Mouse Moved,678.0,130.0,User17,,
1490175616836,Mouse Moved,678.0,125.0,User17,,
1490175616857,Mouse Moved,678.0,121.0,User17,,
1490175616857,Mouse Moved,679.0,118.0,User17,,
1490175616865,Mouse Moved,679.0,117.0,User17,,
1490175616881,Mouse Moved,680.0,116.0,User17,,
1490175616881,Mouse Moved,680.0,113.0,User17,,
1490175616901,Mouse Moved,681.0,112.0,User17,,
1490175616904,Mouse Moved,683.0,110.0,User17,,
1490175616904,Mouse Moved,686.0,107.0,User17,,
1490175616930,Mouse Moved,687.0,106.0,User17,,
1490175616931,Mouse Moved,688.0,103.0,User17,,
1490175616940,Mouse Moved,689.0,102.0,User17,,
1490175616960,Mouse Moved,691.0,99.0,User17,,
1490175616961,Mouse Moved,694.0,95.0,User17,,
1490175616970,Mouse Moved,697.0,92.0,User17,,
1490175616986,Mouse Moved,703.0,87.0,User17,,
1490175616987,Mouse Moved,704.0,86.0,User17,,
1490175617006,Mouse Moved,707.0,83.0,User17,,
1490175617007,Mouse Moved,708.0,82.0,User17,,
1490175617015,Mouse Moved,711.0,82.0,User17,,
1490175617029,Mouse Moved,712.0,81.0,User17,,
1490175617030,Mouse Moved,713.0,80.0,User17,,
1490175617061,Mouse Moved,716.0,78.0,User17,,
1490175617075,Mouse Moved,719.0,75.0,User17,,
1490175617089,Mouse Moved,721.0,74.0,User17,,
1490175617091,Mouse Moved,724.0,73.0,User17,,
1490175617119,Mouse Moved,725.0,73.0,User17,,
1490175617240,Mouse Moved,726.0,73.0,User17,,
1490175617269,Mouse Moved,729.0,73.0,User17,,
1490175617286,Mouse Moved,732.0,73.0,User17,,
1490175617286,Mouse Moved,734.0,71.0,User17,,
1490175617299,Mouse Moved,737.0,71.0,User17,,
1490175617299,Mouse Moved,738.0,71.0,User17,,
1490175617315,Mouse Moved,739.0,71.0,User17,,
1490175617315,Mouse Moved,742.0,71.0,User17,,
1490175617329,Mouse Moved,743.0,71.0,User17,,
1490175617345,Mouse Moved,745.0,71.0,User17,,
1490175617361,Mouse Moved,748.0,70.0,User17,,
1490175617375,Mouse Moved,749.0,70.0,User17,,
1490175617377,Mouse Moved,751.0,70.0,User17,,
1490175617407,Mouse Moved,751.0,69.0,User17,,
1490175617450,Mouse Moved,752.0,69.0,User17,,
1490175617480,Mouse Moved,752.0,66.0,User17,,
1490175617489,Mouse Moved,751.0,66.0,User17,,
1490175617490,Mouse Moved,751.0,66.0,User17,,
1490175617575,Mouse Moved,751.0,66.0,User17,,
1490175617576,Mouse Button.left Released,751.0,66.0,User17,,
1490175617900,Mouse Moved,753.0,66.0,User17,,
1490175617917,Mouse Moved,754.0,67.0,User17,,
1490175617946,Mouse Moved,761.0,71.0,User17,,
1490175617960,Mouse Moved,766.0,75.0,User17,,
1490175617974,Mouse Moved,774.0,81.0,User17,,
1490175617990,Mouse Moved,778.0,84.0,User17,,
1490175618005,Mouse Moved,780.0,86.0,User17,,
1490175618020,Mouse Moved,783.0,88.0,User17,,
1490175618049,Mouse Moved,783.0,89.0,User17,,
1490175618122,Mouse Moved,782.0,89.0,User17,,
1490175618124,Mouse Moved,782.0,89.0,User17,,
1490175618125,Mouse Button.left Pressed,782.0,89.0,User17,,
1490175618197,Mouse Moved,784.0,89.0,User17,,
1490175618204,Mouse Moved,783.0,89.0,User17,,
1490175618206,Mouse Moved,783.0,89.0,User17,,
1490175618207,Mouse Button.left Released,783.0,89.0,User17,,
1490175618502,Mouse Moved,784.0,93.0,User17,,
1490175618516,Mouse Moved,784.0,97.0,User17,,
1490175618517,Mouse Moved,784.0,100.0,User17,,
1490175618532,Mouse Moved,785.0,102.0,User17,,
1490175618533,Mouse Moved,785.0,107.0,User17,,
1490175618545,Mouse Moved,787.0,111.0,User17,,
1490175618546,Mouse Moved,787.0,114.0,User17,,
1490175618559,Mouse Moved,788.0,120.0,User17,,
1490175618561,Mouse Moved,790.0,125.0,User17,,
1490175618575,Mouse Moved,791.0,129.0,User17,,
1490175618576,Mouse Moved,791.0,132.0,User17,,
1490175618589,Mouse Moved,793.0,136.0,User17,,
1490175618591,Mouse Moved,794.0,143.0,User17,,
1490175618605,Mouse Moved,794.0,147.0,User17,,
1490175618605,Mouse Moved,796.0,152.0,User17,,
1490175618619,Mouse Moved,797.0,162.0,User17,,
1490175618635,Mouse Moved,799.0,168.0,User17,,
1490175618648,Mouse Moved,800.0,172.0,User17,,
1490175618665,Mouse Moved,802.0,175.0,User17,,
1490175618667,Mouse Moved,802.0,176.0,User17,,
1490175618678,Mouse Moved,802.0,177.0,User17,,
1490175618680,Mouse Moved,803.0,180.0,User17,,
1490175618694,Mouse Moved,803.0,181.0,User17,,
1490175618881,Mouse Moved,804.0,181.0,User17,,
1490175618892,Mouse Moved,807.0,177.0,User17,,
1490175618905,Mouse Moved,808.0,175.0,User17,,
1490175618907,Mouse Moved,811.0,173.0,User17,,
1490175618926,Mouse Moved,812.0,172.0,User17,,
1490175618927,Mouse Moved,813.0,169.0,User17,,
1490175618956,Mouse Moved,814.0,168.0,User17,,
1490175618957,Mouse Moved,815.0,165.0,User17,,
1490175619040,Mouse Moved,815.0,164.0,User17,,
1490175619059,Mouse Moved,817.0,163.0,User17,,
1490175619117,Mouse Moved,817.0,162.0,User17,,
1490175619220,Mouse Moved,818.0,162.0,User17,,
1490175619236,Mouse Moved,820.0,161.0,User17,,
1490175619250,Mouse Moved,822.0,159.0,User17,,
1490175619275,Mouse Moved,823.0,158.0,User17,,
1490175619303,Mouse Moved,822.0,157.0,User17,,
1490175619305,Mouse Moved,822.0,157.0,User17,,
1490175619311,Mouse Moved,823.0,156.0,User17,,
1490175619398,Mouse Moved,822.0,157.0,User17,,
1490175619400,Mouse Button.left Released,822.0,157.0,User17,,
1490175619788,Mouse Moved,827.0,156.0,User17,,
1490175619818,Mouse Moved,831.0,154.0,User17,,
1490175619819,Mouse Moved,838.0,151.0,User17,,
1490175619819,Mouse Moved,842.0,151.0,User17,,
1490175619828,Mouse Moved,848.0,150.0,User17,,
1490175619842,Mouse Moved,853.0,150.0,User17,,
1490175619842,Mouse Moved,857.0,150.0,User17,,
1490175619861,Mouse Moved,865.0,150.0,User17,,
1490175619862,Mouse Moved,871.0,150.0,User17,,
1490175619874,Mouse Moved,876.0,150.0,User17,,
1490175619874,Mouse Moved,884.0,151.0,User17,,
1490175619891,Mouse Moved,888.0,151.0,User17,,
1490175619892,Mouse Moved,899.0,153.0,User17,,
1490175619901,Mouse Moved,908.0,157.0,User17,,
1490175619921,Mouse Moved,917.0,159.0,User17,,
1490175619923,Mouse Moved,926.0,160.0,User17,,
1490175619924,Mouse Moved,935.0,162.0,User17,,
1490175619931,Mouse Moved,943.0,162.0,User17,,
1490175619947,Mouse Moved,955.0,164.0,User17,,
1490175619947,Mouse Moved,964.0,166.0,User17,,
1490175619967,Mouse Moved,972.0,166.0,User17,,
1490175619967,Mouse Moved,984.0,168.0,User17,,
1490175619969,Mouse Moved,988.0,168.0,User17,,
1490175619976,Mouse Moved,997.0,169.0,User17,,
1490175619996,Mouse Moved,1001.0,169.0,User17,,
1490175619997,Mouse Moved,1005.0,169.0,User17,,
1490175620006,Mouse Moved,1006.0,169.0,User17,,
1490175620007,Mouse Moved,1008.0,169.0,User17,,
1490175620052,Mouse Moved,1008.0,168.0,User17,,
1490175620096,Mouse Moved,1008.0,167.0,User17,,
1490175620127,Mouse Moved,1008.0,166.0,User17,,
1490175620163,Mouse Moved,1009.0,166.0,User17,,
1490175620173,Mouse Moved,1012.0,162.0,User17,,
1490175620193,Mouse Moved,1013.0,159.0,User17,,
1490175620203,Mouse Moved,1014.0,158.0,User17,,
1490175620224,Mouse Moved,1015.0,157.0,User17,,
1490175620246,Mouse Moved,1016.0,156.0,User17,,
1490175620259,Mouse Moved,1019.0,154.0,User17,,
1490175620285,Mouse Moved,1020.0,153.0,User17,,
1490175620295,Mouse Moved,1021.0,152.0,User17,,
1490175620368,Mouse Moved,1021.0,151.0,User17,,
1490175620423,Mouse Moved,1021.0,150.0,User17,,
1490175620434,Mouse Moved,1021.0,150.0,User17,,
1490175620533,Mouse Moved,1021.0,150.0,User17,,
1490175620535,Mouse Button.left Released,1021.0,150.0,User17,,
1490175620844,Mouse Moved,1021.0,151.0,User17,,
1490175620871,Mouse Moved,1021.0,152.0,User17,,
1490175620898,Mouse Moved,1021.0,153.0,User17,,
1490175621167,Mouse Moved,1020.0,154.0,User17,,
1490175621170,Mouse Moved,1019.0,155.0,User17,,
1490175621171,Mouse Moved,1019.0,157.0,User17,,
1490175621174,Mouse Moved,1018.0,158.0,User17,,
1490175621176,Mouse Moved,1018.0,159.0,User17,,
1490175621177,Mouse Moved,1017.0,159.0,User17,,
1490175621242,Mouse Moved,1017.0,160.0,User17,,
1490175621275,Mouse Moved,1017.0,161.0,User17,,
1490175621276,Mouse Moved,1015.0,164.0,User17,,
1490175621299,Mouse Moved,1015.0,165.0,User17,,
1490175621319,Mouse Moved,1015.0,166.0,User17,,
1490175621329,Mouse Moved,1014.0,167.0,User17,,
1490175621346,Mouse Moved,1014.0,168.0,User17,,
1490175621391,Mouse Moved,1014.0,170.0,User17,,
1490175621450,Mouse Moved,1014.0,171.0,User17,,
1490175621908,Mouse Moved,1020.0,171.0,User17,,
1490175621918,Mouse Moved,1032.0,169.0,User17,,
1490175621934,Mouse Moved,1052.0,165.0,User17,,
1490175621934,Mouse Moved,1074.0,160.0,User17,,
1490175621953,Mouse Moved,1093.0,158.0,User17,,
1490175621954,Mouse Moved,1124.0,153.0,User17,,
1490175621956,Mouse Moved,1152.0,149.0,User17,,
1490175621963,Mouse Moved,1188.0,138.0,User17,,
1490175621983,Mouse Moved,1221.0,131.0,User17,,
1490175621984,Mouse Moved,1272.0,111.0,User17,,
1490175621986,Mouse Moved,1313.0,97.0,User17,,
1490175621993,Mouse Moved,1359.0,78.0,User17,,
1490175622013,Mouse Moved,1400.0,61.0,User17,,
1490175622015,Mouse Moved,1423.0,49.0,User17,,
1490175622016,Mouse Moved,1440.0,43.0,User17,,
1490175622023,Mouse Moved,1448.0,38.0,User17,,
1490175622038,Mouse Moved,1453.0,33.0,User17,,
1490175622059,Mouse Moved,1456.0,31.0,User17,,
1490175622069,Mouse Moved,1456.0,29.0,User17,,
1490175622085,Mouse Moved,1456.0,26.0,User17,,
1490175622086,Mouse Moved,1456.0,23.0,User17,,
1490175622101,Mouse Moved,1456.0,22.0,User17,,
1490175622101,Mouse Moved,1456.0,21.0,User17,,
1490175622121,Mouse Moved,1456.0,20.0,User17,,
1490175622144,Mouse Moved,1456.0,17.0,User17,,
1490175622158,Mouse Moved,1456.0,16.0,User17,,
1490175622194,Mouse Moved,1452.0,17.0,User17,,
1490175622196,Mouse Moved,1450.0,17.0,User17,,
1490175622204,Mouse Moved,1449.0,17.0,User17,,
1490175622263,Mouse Moved,1449.0,16.0,User17,,
1490175622285,Mouse Moved,1449.0,5.0,User17,,
1490175622295,Mouse Moved,1449.0,0.0,User17,,
1490175622779,Mouse Moved,1105.0,13.0,User17,,
1490175622799,Mouse Moved,893.0,49.0,User17,,
1490175622809,Mouse Moved,638.0,82.0,User17,,
1490175622828,Mouse Moved,411.0,115.0,User17,,
1490175622838,Mouse Moved,319.0,130.0,User17,,
1490175622858,Mouse Moved,84.0,204.0,User17,,
1490175622874,Mouse Moved,42.0,222.0,User17,,
1490175622875,Mouse Moved,22.0,230.0,User17,,
1490175622884,Mouse Moved,9.0,234.0,User17,,
1490175622905,Mouse Moved,6.0,237.0,User17,,
1490175622907,Mouse Moved,4.0,239.0,User17,,
1490175623019,Mouse Moved,4.0,240.0,User17,,
1490175623062,Mouse Moved,9.0,237.0,User17,,
1490175623078,Mouse Moved,22.0,233.0,User17,,
1490175623079,Mouse Moved,34.0,229.0,User17,,
1490175623094,Mouse Moved,46.0,223.0,User17,,
1490175623095,Mouse Moved,60.0,219.0,User17,,
1490175623115,Mouse Moved,75.0,213.0,User17,,
1490175623117,Mouse Moved,87.0,207.0,User17,,
1490175623118,Mouse Moved,99.0,201.0,User17,,
1490175623124,Mouse Moved,108.0,197.0,User17,,
1490175623141,Mouse Moved,113.0,195.0,User17,,
1490175623142,Mouse Moved,118.0,192.0,User17,,
1490175623153,Mouse Moved,126.0,189.0,User17,,
1490175623154,Mouse Moved,131.0,186.0,User17,,
1490175623167,Mouse Moved,135.0,184.0,User17,,
1490175623168,Mouse Moved,140.0,181.0,User17,,
1490175623184,Mouse Moved,141.0,181.0,User17,,
1490175623184,Mouse Moved,144.0,180.0,User17,,
1490175623201,Mouse Moved,145.0,179.0,User17,,
1490175623221,Mouse Moved,147.0,178.0,User17,,
1490175623223,Mouse Moved,150.0,176.0,User17,,
1490175623223,Mouse Moved,153.0,175.0,User17,,
1490175623232,Mouse Moved,156.0,173.0,User17,,
1490175623244,Mouse Moved,162.0,168.0,User17,,
1490175623246,Mouse Moved,164.0,167.0,User17,,
1490175623259,Mouse Moved,166.0,167.0,User17,,
1490175623260,Mouse Moved,169.0,164.0,User17,,
1490175623295,Mouse Moved,170.0,163.0,User17,,
1490175623296,Mouse Moved,170.0,162.0,User17,,
1490175623375,Mouse Moved,171.0,162.0,User17,,
1490175623404,Mouse Moved,174.0,162.0,User17,,
1490175623414,Mouse Moved,178.0,163.0,User17,,
1490175623434,Mouse Moved,183.0,166.0,User17,,
1490175623434,Mouse Moved,194.0,174.0,User17,,
1490175623436,Mouse Moved,201.0,181.0,User17,,
1490175623444,Mouse Moved,208.0,185.0,User17,,
1490175623463,Mouse Moved,216.0,192.0,User17,,
1490175623464,Mouse Moved,222.0,195.0,User17,,
1490175623466,Mouse Moved,227.0,200.0,User17,,
1490175623473,Mouse Moved,232.0,203.0,User17,,
1490175623487,Mouse Moved,233.0,204.0,User17,,
1490175623489,Mouse Moved,234.0,206.0,User17,,
1490175623507,Mouse Moved,235.0,207.0,User17,,
1490175623509,Mouse Moved,236.0,208.0,User17,,
1490175623529,Mouse Moved,239.0,210.0,User17,,
1490175623538,Mouse Moved,240.0,213.0,User17,,
1490175623559,Mouse Moved,242.0,216.0,User17,,
1490175623559,Mouse Moved,243.0,219.0,User17,,
1490175623561,Mouse Moved,243.0,221.0,User17,,
1490175623569,Mouse Moved,245.0,224.0,User17,,
1490175623595,Mouse Moved,246.0,225.0,User17,,
1490175623595,Mouse Moved,247.0,229.0,User17,,
1490175623596,Mouse Moved,247.0,232.0,User17,,
1490175623612,Mouse Moved,248.0,232.0,User17,,
1490175623628,Mouse Moved,248.0,233.0,User17,,
1490175623647,Mouse Moved,248.0,234.0,User17,,
1490175623687,Mouse Moved,248.0,236.0,User17,,
1490175623706,Mouse Moved,248.0,237.0,User17,,
1490175623756,Mouse Moved,248.0,238.0,User17,,
1490175623766,Mouse Moved,247.0,239.0,User17,,
1490175623786,Mouse Moved,247.0,240.0,User17,,
1490175623811,Mouse Moved,246.0,241.0,User17,,
1490175623823,Mouse Moved,245.0,244.0,User17,,
1490175623838,Mouse Moved,242.0,245.0,User17,,
1490175623861,Mouse Moved,240.0,248.0,User17,,
1490175623944,Mouse Moved,240.0,249.0,User17,,
1490175624746,Mouse Moved,240.0,248.0,User17,,
1490175624759,Mouse Moved,240.0,246.0,User17,,
1490175624775,Mouse Moved,242.0,245.0,User17,,
1490175624805,Mouse Moved,242.0,242.0,User17,,
1490175624821,Mouse Moved,243.0,241.0,User17,,
1490175624842,Mouse Moved,244.0,238.0,User17,,
1490175624851,Mouse Moved,244.0,236.0,User17,,
1490175624871,Mouse Moved,244.0,235.0,User17,,
1490175624881,Mouse Moved,245.0,233.0,User17,,
1490175624903,Mouse Moved,245.0,231.0,User17,,
1490175624924,Mouse Moved,247.0,226.0,User17,,
1490175624940,Mouse Moved,248.0,225.0,User17,,
1490175624959,Mouse Moved,248.0,223.0,User17,,
1490175624960,Mouse Moved,249.0,220.0,User17,,
1490175624979,Mouse Moved,250.0,219.0,User17,,
1490175624980,Mouse Moved,252.0,216.0,User17,,
1490175624989,Mouse Moved,252.0,214.0,User17,,
1490175625009,Mouse Moved,253.0,212.0,User17,,
1490175625009,Mouse Moved,254.0,210.0,User17,,
1490175625019,Mouse Moved,254.0,209.0,User17,,
1490175625032,Mouse Moved,255.0,208.0,User17,,
1490175625137,Mouse Moved,255.0,206.0,User17,,
1490175625144,Mouse Moved,255.0,205.0,User17,,
1490175625145,Mouse Button.left Pressed,255.0,205.0,User17,,
1490175625246,Mouse Moved,255.0,205.0,User17,,
1490175625247,Mouse Button.left Released,255.0,205.0,User17,,
1490175625301,Mouse Moved,255.0,205.0,User17,,
1490175625302,Mouse Button.left Pressed,255.0,205.0,User17,,
1490175625400,Mouse Moved,255.0,205.0,User17,,
1490175625403,Mouse Button.left Released,255.0,205.0,User17,,
1490175625684,Mouse Moved,258.0,205.0,User17,,
1490175625716,Mouse Moved,271.0,198.0,User17,,
1490175625717,Mouse Moved,281.0,192.0,User17,,
1490175625730,Mouse Moved,290.0,188.0,User17,,
1490175625730,Mouse Moved,299.0,184.0,User17,,
1490175625750,Mouse Moved,313.0,180.0,User17,,
1490175625752,Mouse Moved,328.0,178.0,User17,,
1490175625760,Mouse Moved,344.0,176.0,User17,,
1490175625762,Mouse Moved,369.0,176.0,User17,,
1490175625776,Mouse Moved,393.0,176.0,User17,,
1490175625776,Mouse Moved,431.0,179.0,User17,,
1490175625796,Mouse Moved,483.0,182.0,User17,,
1490175625796,Mouse Moved,541.0,188.0,User17,,
1490175625806,Mouse Moved,593.0,194.0,User17,,
1490175625808,Mouse Moved,641.0,200.0,User17,,
1490175625828,Mouse Moved,688.0,206.0,User17,,
1490175625828,Mouse Moved,737.0,215.0,User17,,
1490175625835,Mouse Moved,764.0,220.0,User17,,
1490175625857,Mouse Moved,789.0,225.0,User17,,
1490175625858,Mouse Moved,808.0,229.0,User17,,
1490175625858,Mouse Moved,815.0,230.0,User17,,
1490175625865,Mouse Moved,822.0,234.0,User17,,
1490175625881,Mouse Moved,823.0,234.0,User17,,
1490175625881,Mouse Moved,824.0,235.0,User17,,
1490175625900,Mouse Moved,825.0,235.0,User17,,
1490175625901,Mouse Moved,826.0,236.0,User17,,
1490175625930,Mouse Moved,826.0,237.0,User17,,
1490175625940,Mouse Moved,828.0,240.0,User17,,
1490175625960,Mouse Moved,829.0,243.0,User17,,
1490175625970,Mouse Moved,830.0,245.0,User17,,
1490175625993,Mouse Moved,830.0,248.0,User17,,
1490175625994,Mouse Moved,832.0,251.0,User17,,
1490175625996,Mouse Moved,832.0,254.0,User17,,
1490175626003,Mouse Moved,833.0,258.0,User17,,
1490175626023,Mouse Moved,834.0,264.0,User17,,
1490175626035,Mouse Moved,836.0,269.0,User17,,
1490175626053,Mouse Moved,836.0,278.0,User17,,
1490175626063,Mouse Moved,837.0,283.0,User17,,
1490175626081,Mouse Moved,837.0,285.0,User17,,
1490175626092,Mouse Moved,839.0,290.0,User17,,
1490175626092,Mouse Moved,840.0,293.0,User17,,
1490175626109,Mouse Moved,840.0,299.0,User17,,
1490175626109,Mouse Moved,841.0,300.0,User17,,
1490175626121,Mouse Moved,842.0,304.0,User17,,
1490175626122,Mouse Moved,844.0,310.0,User17,,
1490175626138,Mouse Moved,844.0,311.0,User17,,
1490175626138,Mouse Moved,845.0,314.0,User17,,
1490175626157,Mouse Moved,847.0,318.0,User17,,
1490175626158,Mouse Moved,848.0,321.0,User17,,
1490175626160,Mouse Moved,849.0,322.0,User17,,
1490175626170,Mouse Moved,851.0,325.0,User17,,
1490175626183,Mouse Moved,854.0,329.0,User17,,
1490175626184,Mouse Moved,855.0,332.0,User17,,
1490175626197,Mouse Moved,860.0,339.0,User17,,
1490175626198,Mouse Moved,861.0,340.0,User17,,
1490175626213,Mouse Moved,867.0,346.0,User17,,
1490175626213,Mouse Moved,870.0,349.0,User17,,
1490175626226,Mouse Moved,875.0,352.0,User17,,
1490175626227,Mouse Moved,880.0,357.0,User17,,
1490175626250,Mouse Moved,884.0,362.0,User17,,
1490175626252,Mouse Moved,891.0,365.0,User17,,
1490175626253,Mouse Moved,892.0,366.0,User17,,
1490175626259,Mouse Moved,896.0,369.0,User17,,
1490175626273,Mouse Moved,897.0,370.0,User17,,
1490175626275,Mouse Moved,900.0,371.0,User17,,
1490175626289,Mouse Moved,901.0,372.0,User17,,
1490175626290,Mouse Moved,902.0,375.0,User17,,
1490175626303,Mouse Moved,904.0,376.0,User17,,
1490175626322,Mouse Moved,906.0,378.0,User17,,
1490175626351,Mouse Moved,908.0,380.0,User17,,
1490175626369,Mouse Moved,909.0,383.0,User17,,
1490175626380,Mouse Moved,910.0,384.0,User17,,
1490175626417,Mouse Moved,910.0,385.0,User17,,
1490175626446,Mouse Moved,910.0,387.0,User17,,
1490175626969,Mouse Moved,910.0,388.0,User17,,
1490175627045,Mouse Moved,910.0,389.0,User17,,
1490175627513,Mouse Moved,910.0,389.0,User17,,
1490175627515,Mouse Button.left Pressed,910.0,389.0,User17,,
1490175627619,Mouse Moved,910.0,389.0,User17,,
1490175627621,Mouse Button.left Released,910.0,389.0,User17,,
1490175627704,Mouse Moved,906.0,392.0,User17,,
1490175627723,Mouse Moved,905.0,392.0,User17,,
1490175627724,Mouse Moved,902.0,393.0,User17,,
1490175627733,Mouse Moved,900.0,393.0,User17,,
1490175627733,Mouse Moved,893.0,394.0,User17,,
1490175627749,Mouse Moved,887.0,396.0,User17,,
1490175627750,Mouse Moved,878.0,398.0,User17,,
1490175627763,Mouse Moved,851.0,398.0,User17,,
1490175627785,Mouse Moved,764.0,395.0,User17,,
1490175627799,Mouse Moved,717.0,389.0,User17,,
1490175627813,Mouse Moved,648.0,383.0,User17,,
1490175627815,Mouse Moved,563.0,375.0,User17,,
1490175627815,Mouse Moved,478.0,371.0,User17,,
1490175627828,Mouse Moved,376.0,360.0,User17,,
1490175627842,Mouse Moved,264.0,352.0,User17,,
1490175627844,Mouse Moved,173.0,344.0,User17,,
1490175627852,Mouse Moved,87.0,333.0,User17,,
1490175627872,Mouse Moved,1.0,325.0,User17,,
1490175627874,Mouse Moved,0.0,319.0,User17,,
1490175627878,Mouse Moved,0.0,311.0,User17,,
1490175627882,Mouse Moved,0.0,306.0,User17,,
1490175627905,Mouse Moved,0.0,298.0,User17,,
1490175627913,Mouse Moved,0.0,296.0,User17,,
1490175627950,Mouse Moved,0.0,293.0,User17,,
1490175627980,Mouse Moved,0.0,280.0,User17,,
1490175627982,Mouse Moved,0.0,276.0,User17,,
1490175627990,Mouse Moved,0.0,271.0,User17,,
1490175628010,Mouse Moved,0.0,270.0,User17,,
1490175628012,Mouse Moved,0.0,267.0,User17,,
1490175628065,Mouse Moved,1.0,255.0,User17,,
1490175628066,Mouse Moved,9.0,248.0,User17,,
1490175628085,Mouse Moved,12.0,245.0,User17,,
1490175628086,Mouse Moved,21.0,238.0,User17,,
1490175628095,Mouse Moved,33.0,232.0,User17,,
1490175628109,Mouse Moved,40.0,226.0,User17,,
1490175628111,Mouse Moved,50.0,220.0,User17,,
1490175628124,Mouse Moved,59.0,215.0,User17,,
1490175628125,Mouse Moved,66.0,211.0,User17,,
1490175628147,Mouse Moved,71.0,208.0,User17,,
1490175628148,Mouse Moved,72.0,207.0,User17,,
1490175628148,Mouse Moved,73.0,206.0,User17,,
1490175628161,Mouse Moved,74.0,205.0,User17,,
1490175628177,Mouse Moved,75.0,205.0,User17,,
1490175628217,Mouse Moved,75.0,204.0,User17,,
1490175628413,Mouse Moved,74.0,205.0,User17,,
1490175628433,Mouse Moved,70.0,206.0,User17,,
1490175628443,Mouse Moved,67.0,208.0,User17,,
1490175628477,Mouse Moved,67.0,209.0,User17,,
1490175628579,Mouse Moved,67.0,205.0,User17,,
1490175628581,Mouse Moved,67.0,202.0,User17,,
1490175628614,Mouse Moved,67.0,201.0,User17,,
1490175628615,Mouse Moved,68.0,200.0,User17,,
1490175628644,Mouse Moved,70.0,196.0,User17,,
1490175628688,Mouse Moved,70.0,195.0,User17,,
1490175628694,Mouse Moved,70.0,195.0,User17,,
1490175628763,Mouse Moved,70.0,195.0,User17,,
1490175628765,Mouse Button.left Released,70.0,195.0,User17,,
1490175629417,Mouse Moved,70.0,196.0,User17,,
1490175629427,Mouse Moved,71.0,196.0,User17,,
1490175629447,Mouse Moved,73.0,195.0,User17,,
1490175629457,Mouse Moved,76.0,193.0,User17,,
1490175629476,Mouse Moved,80.0,191.0,User17,,
1490175629502,Mouse Moved,87.0,188.0,User17,,
1490175629520,Mouse Moved,97.0,185.0,User17,,
1490175629530,Mouse Moved,108.0,183.0,User17,,
1490175629552,Mouse Moved,126.0,180.0,User17,,
1490175629562,Mouse Moved,153.0,180.0,User17,,
1490175629582,Mouse Moved,164.0,180.0,User17,,
1490175629582,Mouse Moved,178.0,180.0,User17,,
1490175629592,Mouse Moved,184.0,180.0,User17,,
1490175629594,Mouse Moved,192.0,180.0,User17,,
1490175629605,Mouse Moved,206.0,180.0,User17,,
1490175629607,Mouse Moved,210.0,180.0,User17,,
1490175629627,Mouse Moved,219.0,180.0,User17,,
1490175629628,Mouse Moved,223.0,180.0,User17,,
1490175629637,Mouse Moved,226.0,180.0,User17,,
1490175629638,Mouse Moved,227.0,180.0,User17,,
1490175629657,Mouse Moved,228.0,180.0,User17,,
1490175629657,Mouse Moved,229.0,180.0,User17,,
1490175629971,Mouse Moved,229.0,180.0,User17,,
1490175629973,Mouse Button.left Pressed,229.0,180.0,User17,,
1490175630058,Mouse Moved,229.0,180.0,User17,,
1490175630059,Mouse Button.left Released,229.0,180.0,User17,,
1490175630108,Mouse Moved,229.0,180.0,User17,,
1490175630109,Mouse Button.left Pressed,229.0,180.0,User17,,
1490175630203,Mouse Moved,229.0,180.0,User17,,
1490175630210,Mouse Button.left Released,229.0,180.0,User17,,
1490175630562,Mouse Moved,232.0,180.0,User17,,
1490175630578,Mouse Moved,249.0,178.0,User17,,
1490175630588,Mouse Moved,271.0,173.0,User17,,
1490175630588,Mouse Moved,298.0,169.0,User17,,
1490175630608,Mouse Moved,336.0,166.0,User17,,
1490175630609,Mouse Moved,393.0,163.0,User17,,
1490175630615,Mouse Moved,450.0,160.0,User17,,
1490175630641,Mouse Moved,514.0,153.0,User17,,
1490175630642,Mouse Moved,560.0,150.0,User17,,
1490175630644,Mouse Moved,605.0,150.0,User17,,
1490175630648,Mouse Moved,638.0,150.0,User17,,
1490175630668,Mouse Moved,666.0,150.0,User17,,
1490175630670,Mouse Moved,682.0,150.0,User17,,
1490175630670,Mouse Moved,688.0,150.0,User17,,
1490175630678,Mouse Moved,689.0,150.0,User17,,
1490175630698,Mouse Moved,689.0,149.0,User17,,
1490175630798,Mouse Moved,676.0,156.0,User17,,
1490175630799,Mouse Moved,661.0,162.0,User17,,
1490175630812,Mouse Moved,652.0,166.0,User17,,
1490175630812,Mouse Moved,637.0,172.0,User17,,
1490175630813,Mouse Moved,620.0,179.0,User17,,
1490175630826,Mouse Moved,603.0,185.0,User17,,
1490175630841,Mouse Moved,583.0,189.0,User17,,
1490175630842,Mouse Moved,566.0,196.0,User17,,
1490175630861,Mouse Moved,544.0,203.0,User17,,
1490175630862,Mouse Moved,522.0,207.0,User17,,
1490175630864,Mouse Moved,494.0,214.0,User17,,
1490175630871,Mouse Moved,472.0,218.0,User17,,
1490175630894,Mouse Moved,444.0,223.0,User17,,
1490175630894,Mouse Moved,422.0,230.0,User17,,
1490175630895,Mouse Moved,405.0,234.0,User17,,
1490175630901,Mouse Moved,388.0,240.0,User17,,
1490175630915,Mouse Moved,371.0,247.0,User17,,
1490175630917,Mouse Moved,359.0,251.0,User17,,
1490175630931,Mouse Moved,347.0,257.0,User17,,
1490175630933,Mouse Moved,332.0,263.0,User17,,
1490175630953,Mouse Moved,317.0,269.0,User17,,
1490175630954,Mouse Moved,303.0,276.0,User17,,
1490175630956,Mouse Moved,291.0,282.0,User17,,
1490175630960,Mouse Moved,276.0,288.0,User17,,
1490175630976,Mouse Moved,264.0,292.0,User17,,
1490175630977,Mouse Moved,257.0,297.0,User17,,
1490175630996,Mouse Moved,253.0,299.0,User17,,
1490175630996,Mouse Moved,248.0,300.0,User17,,
1490175631006,Mouse Moved,247.0,301.0,User17,,
1490175631020,Mouse Moved,246.0,301.0,User17,,
1490175631040,Mouse Moved,245.0,302.0,User17,,
1490175631071,Mouse Moved,243.0,304.0,User17,,
1490175631108,Mouse Moved,244.0,303.0,User17,,
1490175631109,Mouse Moved,244.0,303.0,User17,,
1490175631217,Mouse Moved,244.0,303.0,User17,,
1490175631219,Mouse Button.left Released,244.0,303.0,User17,,
1490175631283,Mouse Moved,242.0,304.0,User17,,
1490175631309,Mouse Moved,237.0,302.0,User17,,
1490175631311,Mouse Moved,228.0,299.0,User17,,
1490175631323,Mouse Moved,218.0,293.0,User17,,
1490175631325,Mouse Moved,203.0,284.0,User17,,
1490175631338,Mouse Moved,186.0,273.0,User17,,
1490175631339,Mouse Moved,170.0,263.0,User17,,
1490175631361,Mouse Moved,153.0,252.0,User17,,
1490175631362,Mouse Moved,141.0,243.0,User17,,
1490175631362,Mouse Moved,123.0,232.0,User17,,
1490175631371,Mouse Moved,108.0,226.0,User17,,
1490175631392,Mouse Moved,79.0,209.0,User17,,
1490175631401,Mouse Moved,75.0,208.0,User17,,
1490175631421,Mouse Moved,70.0,205.0,User17,,
1490175631421,Mouse Moved,66.0,202.0,User17,,
1490175631423,Mouse Moved,65.0,202.0,User17,,
1490175631431,Mouse Moved,63.0,200.0,User17,,
1490175631466,Mouse Moved,62.0,199.0,User17,,
1490175631496,Mouse Moved,61.0,198.0,User17,,
1490175631507,Mouse Moved,60.0,197.0,User17,,
1490175631552,Mouse Moved,59.0,196.0,User17,,
1490175631612,Mouse Moved,59.0,195.0,User17,,
1490175631631,Mouse Moved,59.0,192.0,User17,,
1490175631655,Mouse Moved,57.0,189.0,User17,,
1490175631657,Mouse Moved,57.0,188.0,User17,,
1490175631676,Mouse Moved,57.0,187.0,User17,,
1490175631706,Mouse Moved,57.0,186.0,User17,,
1490175631707,Mouse Moved,58.0,186.0,User17,,
1490175631709,Mouse Moved,58.0,186.0,User17,,
1490175631710,Mouse Button.left Pressed,58.0,186.0,User17,,
1490175631717,Mouse Moved,57.0,185.0,User17,,
1490175631811,Mouse Moved,58.0,185.0,User17,,
1490175631812,Mouse Moved,58.0,185.0,User17,,
1490175632233,Mouse Moved,59.0,183.0,User17,,
1490175632250,Mouse Moved,63.0,176.0,User17,,
1490175632262,Mouse Moved,68.0,169.0,User17,,
1490175632273,Mouse Moved,77.0,157.0,User17,,
1490175632289,Mouse Moved,92.0,137.0,User17,,
1490175632305,Mouse Moved,100.0,128.0,User17,,
1490175632305,Mouse Moved,105.0,123.0,User17,,
1490175632319,Mouse Moved,113.0,113.0,User17,,
1490175632321,Mouse Moved,118.0,108.0,User17,,
1490175632334,Mouse Moved,122.0,104.0,User17,,
1490175632335,Mouse Moved,127.0,99.0,User17,,
1490175632351,Mouse Moved,132.0,92.0,User17,,
1490175632352,Mouse Moved,137.0,87.0,User17,,
1490175632371,Mouse Moved,142.0,82.0,User17,,
1490175632371,Mouse Moved,145.0,81.0,User17,,
1490175632372,Mouse Moved,150.0,74.0,User17,,
1490175632380,Mouse Moved,151.0,73.0,User17,,
1490175632403,Mouse Moved,155.0,69.0,User17,,
1490175632404,Mouse Moved,156.0,68.0,User17,,
1490175632404,Mouse Moved,157.0,66.0,User17,,
1490175632413,Mouse Moved,159.0,65.0,User17,,
1490175632433,Mouse Moved,160.0,64.0,User17,,
1490175632443,Mouse Moved,160.0,63.0,User17,,
1490175632631,Mouse Moved,158.0,65.0,User17,,
1490175632632,Mouse Moved,155.0,72.0,User17,,
1490175632641,Mouse Moved,154.0,78.0,User17,,
1490175632661,Mouse Moved,154.0,83.0,User17,,
1490175632661,Mouse Moved,154.0,87.0,User17,,
1490175632663,Mouse Moved,154.0,90.0,User17,,
1490175632671,Mouse Moved,154.0,94.0,User17,,
1490175632684,Mouse Moved,157.0,103.0,User17,,
1490175632707,Mouse Moved,161.0,113.0,User17,,
1490175632717,Mouse Moved,162.0,114.0,User17,,
1490175632736,Mouse Moved,167.0,120.0,User17,,
1490175632737,Mouse Moved,169.0,122.0,User17,,
1490175632739,Mouse Moved,176.0,127.0,User17,,
1490175632746,Mouse Moved,183.0,130.0,User17,,
1490175632766,Mouse Moved,192.0,134.0,User17,,
1490175632767,Mouse Moved,197.0,135.0,User17,,
1490175632779,Mouse Moved,201.0,137.0,User17,,
1490175632779,Mouse Moved,206.0,138.0,User17,,
1490175632789,Mouse Moved,210.0,140.0,User17,,
1490175632812,Mouse Moved,211.0,140.0,User17,,
1490175632812,Mouse Moved,213.0,140.0,User17,,
1490175632813,Mouse Moved,215.0,140.0,User17,,
1490175632849,Mouse Moved,216.0,138.0,User17,,
1490175632868,Mouse Moved,217.0,137.0,User17,,
1490175632888,Mouse Moved,220.0,133.0,User17,,
1490175632903,Mouse Moved,223.0,130.0,User17,,
1490175632904,Mouse Moved,224.0,128.0,User17,,
1490175632911,Mouse Moved,226.0,125.0,User17,,
1490175632933,Mouse Moved,229.0,120.0,User17,,
1490175632934,Mouse Moved,229.0,118.0,User17,,
1490175632934,Mouse Moved,232.0,113.0,User17,,
1490175632943,Mouse Moved,232.0,110.0,User17,,
1490175632957,Mouse Moved,233.0,109.0,User17,,
1490175632957,Mouse Moved,234.0,107.0,User17,,
1490175632971,Mouse Moved,236.0,102.0,User17,,
1490175632973,Mouse Moved,236.0,99.0,User17,,
1490175632986,Mouse Moved,237.0,98.0,User17,,
1490175632987,Mouse Moved,238.0,96.0,User17,,
1490175633009,Mouse Moved,238.0,93.0,User17,,
1490175633009,Mouse Moved,239.0,92.0,User17,,
1490175633010,Mouse Moved,241.0,89.0,User17,,
1490175633019,Mouse Moved,242.0,87.0,User17,,
1490175633039,Mouse Moved,242.0,85.0,User17,,
1490175633039,Mouse Moved,243.0,83.0,User17,,
1490175633049,Mouse Moved,245.0,82.0,User17,,
1490175633049,Mouse Moved,246.0,79.0,User17,,
1490175633069,Mouse Moved,247.0,75.0,User17,,
1490175633092,Mouse Moved,248.0,74.0,User17,,
1490175633107,Mouse Moved,248.0,73.0,User17,,
1490175633124,Mouse Moved,250.0,71.0,User17,,
1490175633151,Mouse Moved,250.0,69.0,User17,,
1490175633171,Mouse Moved,250.0,68.0,User17,,
1490175633173,Mouse Moved,250.0,68.0,User17,,
1490175633174,Mouse Button.left Pressed,250.0,68.0,User17,,
1490175633275,Mouse Moved,250.0,69.0,User17,,
1490175633276,Mouse Moved,250.0,69.0,User17,,
1490175633842,Mouse Moved,250.0,69.0,User17,,
1490175633844,Mouse Button.left Pressed,250.0,69.0,User17,,
1490175633950,Mouse Moved,250.0,69.0,User17,,
1490175634140,Mouse Moved,247.0,72.0,User17,,
1490175634141,Mouse Moved,242.0,75.0,User17,,
1490175634141,Mouse Moved,237.0,82.0,User17,,
1490175634154,Mouse Moved,230.0,87.0,User17,,
1490175634171,Mouse Moved,220.0,97.0,User17,,
1490175634171,Mouse Moved,210.0,108.0,User17,,
1490175634171,Mouse Moved,200.0,118.0,User17,,
1490175634180,Mouse Moved,185.0,131.0,User17,,
1490175634200,Mouse Moved,175.0,139.0,User17,,
1490175634200,Mouse Moved,167.0,148.0,User17,,
1490175634201,Mouse Moved,157.0,156.0,User17,,
1490175634210,Mouse Moved,152.0,161.0,User17,,
1490175634224,Mouse Moved,148.0,166.0,User17,,
1490175634226,Mouse Moved,147.0,167.0,User17,,
1490175634244,Mouse Moved,141.0,171.0,User17,,
1490175634246,Mouse Moved,139.0,172.0,User17,,
1490175634255,Mouse Moved,138.0,175.0,User17,,
1490175634256,Mouse Moved,135.0,176.0,User17,,
1490175634275,Mouse Moved,133.0,178.0,User17,,
1490175634276,Mouse Moved,131.0,181.0,User17,,
1490175634286,Mouse Moved,128.0,182.0,User17,,
1490175634305,Mouse Moved,125.0,185.0,User17,,
1490175634305,Mouse Moved,123.0,186.0,User17,,
1490175634306,Mouse Moved,118.0,191.0,User17,,
1490175634315,Mouse Moved,117.0,194.0,User17,,
1490175634329,Mouse Moved,114.0,195.0,User17,,
1490175634345,Mouse Moved,113.0,196.0,User17,,
1490175634345,Mouse Moved,110.0,198.0,User17,,
1490175634359,Mouse Moved,109.0,199.0,User17,,
1490175634375,Mouse Moved,106.0,200.0,User17,,
1490175634375,Mouse Moved,104.0,202.0,User17,,
1490175634390,Mouse Moved,101.0,203.0,User17,,
1490175634391,Mouse Moved,98.0,204.0,User17,,
1490175634404,Mouse Moved,97.0,205.0,User17,,
1490175634405,Mouse Moved,94.0,207.0,User17,,
1490175634418,Mouse Moved,93.0,207.0,User17,,
1490175634499,Mouse Moved,92.0,207.0,User17,,
1490175634526,Mouse Moved,91.0,204.0,User17,,
1490175634528,Mouse Moved,89.0,201.0,User17,,
1490175634549,Mouse Moved,88.0,197.0,User17,,
1490175634562,Mouse Moved,87.0,196.0,User17,,
1490175634563,Mouse Moved,85.0,193.0,User17,,
1490175634579,Mouse Moved,84.0,190.0,User17,,
1490175634581,Mouse Moved,84.0,188.0,User17,,
1490175634588,Mouse Moved,83.0,187.0,User17,,
1490175634609,Mouse Moved,81.0,184.0,User17,,
1490175634611,Mouse Moved,81.0,183.0,User17,,
1490175634611,Mouse Moved,81.0,180.0,User17,,
1490175634619,Mouse Moved,80.0,179.0,User17,,
1490175634632,Mouse Moved,80.0,177.0,User17,,
1490175634655,Mouse Moved,80.0,176.0,User17,,
1490175634657,Mouse Moved,80.0,173.0,User17,,
1490175634664,Mouse Moved,80.0,172.0,User17,,
1490175634684,Mouse Moved,80.0,169.0,User17,,
1490175634696,Mouse Moved,80.0,167.0,User17,,
1490175634737,Mouse Moved,80.0,166.0,User17,,
1490175634759,Mouse Moved,80.0,165.0,User17,,
1490175634789,Mouse Moved,80.0,163.0,User17,,
1490175634792,Mouse Moved,81.0,164.0,User17,,
1490175634793,Mouse Button.left Pressed,81.0,164.0,User17,,
1490175634892,Mouse Moved,81.0,164.0,User17,,
1490175634894,Mouse Button.left Released,81.0,164.0,User17,,
1490175635369,Mouse Moved,80.0,165.0,User17,,
1490175635401,Mouse Moved,79.0,166.0,User17,,
1490175635431,Mouse Moved,79.0,167.0,User17,,
1490175635450,Mouse Moved,78.0,171.0,User17,,
1490175635463,Mouse Moved,76.0,174.0,User17,,
1490175635474,Mouse Moved,76.0,176.0,User17,,
1490175635474,Mouse Moved,76.0,179.0,User17,,
1490175635490,Mouse Moved,76.0,180.0,User17,,
1490175635490,Mouse Moved,76.0,183.0,User17,,
1490175635509,Mouse Moved,75.0,189.0,User17,,
1490175635529,Mouse Moved,75.0,194.0,User17,,
1490175635540,Mouse Moved,73.0,201.0,User17,,
1490175635559,Mouse Moved,73.0,208.0,User17,,
1490175635569,Mouse Moved,73.0,209.0,User17,,
1490175635582,Mouse Moved,73.0,211.0,User17,,
1490175635584,Mouse Moved,73.0,212.0,User17,,
1490175635604,Mouse Moved,73.0,214.0,User17,,
1490175635637,Mouse Moved,73.0,215.0,User17,,
1490175635645,Mouse Moved,73.0,217.0,User17,,
1490175635665,Mouse Moved,73.0,218.0,User17,,
1490175635839,Mouse Moved,73.0,219.0,User17,,
1490175635871,Mouse Moved,73.0,221.0,User17,,
1490175635885,Mouse Moved,73.0,223.0,User17,,
1490175635901,Mouse Moved,72.0,227.0,User17,,
1490175635917,Mouse Moved,72.0,230.0,User17,,
1490175635937,Mouse Moved,72.0,234.0,User17,,
1490175635960,Mouse Moved,71.0,235.0,User17,,
1490175635976,Mouse Moved,71.0,236.0,User17,,
1490175635990,Mouse Moved,71.0,239.0,User17,,
1490175636029,Mouse Moved,71.0,240.0,User17,,
1490175636121,Mouse Moved,71.0,240.0,User17,,
1490175636122,Mouse Button.left Pressed,71.0,240.0,User17,,
1490175636217,Mouse Moved,71.0,240.0,User17,,
1490175636219,Mouse Button.left Released,71.0,240.0,User17,,
1490175636494,Mouse Moved,71.0,242.0,User17,,
1490175636507,Mouse Moved,71.0,245.0,User17,,
1490175636536,Mouse Moved,70.0,251.0,User17,,
1490175636552,Mouse Moved,70.0,253.0,User17,,
1490175636559,Mouse Moved,70.0,256.0,User17,,
1490175636561,Mouse Moved,70.0,257.0,User17,,
1490175636562,Mouse Moved,70.0,259.0,User17,,
1490175636571,Mouse Moved,70.0,261.0,User17,,
1490175636591,Mouse Moved,70.0,262.0,User17,,
1490175636755,Mouse Moved,70.0,261.0,User17,,
1490175636756,Mouse Moved,70.0,261.0,User17,,
1490175636832,Mouse Moved,70.0,261.0,User17,,
1490175636834,Mouse Button.left Released,70.0,261.0,User17,,
1490175637401,Mouse Moved,70.0,259.0,User17,,
1490175637430,Mouse Moved,70.0,258.0,User17,,
1490175637453,Mouse Moved,72.0,251.0,User17,,
1490175637464,Mouse Moved,72.0,250.0,User17,,
1490175637506,Mouse Moved,72.0,249.0,User17,,
1490175637944,Mouse Moved,72.0,252.0,User17,,
1490175637964,Mouse Moved,72.0,268.0,User17,,
1490175637977,Mouse Moved,74.0,285.0,User17,,
1490175637992,Mouse Moved,74.0,290.0,User17,,
1490175638012,Mouse Moved,74.0,294.0,User17,,
1490175638013,Mouse Moved,76.0,303.0,User17,,
1490175638013,Mouse Moved,76.0,307.0,User17,,
1490175638022,Mouse Moved,76.0,308.0,User17,,
1490175638042,Mouse Moved,76.0,311.0,User17,,
1490175638042,Mouse Moved,76.0,312.0,User17,,
1490175638052,Mouse Moved,76.0,313.0,User17,,
1490175638194,Mouse Moved,75.0,313.0,User17,,
1490175638196,Mouse Moved,75.0,313.0,User17,,
1490175638197,Mouse Button.left Pressed,75.0,313.0,User17,,
1490175638288,Mouse Moved,75.0,313.0,User17,,
1490175638289,Mouse Button.left Released,75.0,313.0,User17,,
1490175638487,Mouse Moved,77.0,312.0,User17,,
1490175638500,Mouse Moved,77.0,311.0,User17,,
1490175638538,Mouse Moved,77.0,309.0,User17,,
1490175638539,Mouse Moved,78.0,308.0,User17,,
1490175638569,Mouse Moved,78.0,307.0,User17,,
1490175638578,Mouse Moved,79.0,305.0,User17,,
1490175638608,Mouse Moved,79.0,303.0,User17,,
1490175638624,Mouse Moved,79.0,302.0,User17,,
1490175638657,Mouse Moved,79.0,300.0,User17,,
1490175638687,Mouse Moved,80.0,299.0,User17,,
1490175638697,Mouse Moved,80.0,296.0,User17,,
1490175638733,Mouse Moved,80.0,295.0,User17,,
1490175639348,Mouse Moved,85.0,291.0,User17,,
1490175639349,Mouse Moved,90.0,284.0,User17,,
1490175639358,Mouse Moved,95.0,277.0,User17,,
1490175639371,Mouse Moved,111.0,257.0,User17,,
1490175639385,Mouse Moved,119.0,247.0,User17,,
1490175639410,Mouse Moved,132.0,234.0,User17,,
1490175639410,Mouse Moved,142.0,224.0,User17,,
1490175639411,Mouse Moved,146.0,220.0,User17,,
1490175639411,Mouse Moved,157.0,209.0,User17,,
1490175639417,Mouse Moved,166.0,202.0,User17,,
1490175639431,Mouse Moved,171.0,197.0,User17,,
1490175639447,Mouse Moved,176.0,190.0,User17,,
1490175639447,Mouse Moved,179.0,188.0,User17,,
1490175639461,Mouse Moved,182.0,184.0,User17,,
1490175639463,Mouse Moved,183.0,183.0,User17,,
1490175639477,Mouse Moved,186.0,181.0,User17,,
1490175639479,Mouse Moved,187.0,180.0,User17,,
1490175639506,Mouse Moved,188.0,179.0,User17,,
1490175639520,Mouse Moved,192.0,176.0,User17,,
1490175639522,Mouse Moved,194.0,175.0,User17,,
1490175639536,Mouse Moved,195.0,174.0,User17,,
1490175639552,Mouse Moved,196.0,173.0,User17,,
1490175639604,Mouse Moved,197.0,173.0,User17,,
1490175639635,Mouse Moved,201.0,169.0,User17,,
1490175639638,Mouse Moved,206.0,166.0,User17,,
1490175639645,Mouse Moved,207.0,163.0,User17,,
1490175639660,Mouse Moved,210.0,160.0,User17,,
1490175639661,Mouse Moved,211.0,159.0,User17,,
1490175639683,Mouse Moved,217.0,148.0,User17,,
1490175639691,Mouse Moved,218.0,146.0,User17,,
1490175639713,Mouse Moved,226.0,134.0,User17,,
1490175639726,Mouse Moved,227.0,131.0,User17,,
1490175639737,Mouse Moved,227.0,130.0,User17,,
1490175639739,Mouse Moved,227.0,129.0,User17,,
1490175639756,Mouse Moved,228.0,128.0,User17,,
1490175639786,Mouse Moved,228.0,126.0,User17,,
1490175639861,Mouse Moved,228.0,125.0,User17,,
1490175639868,Mouse Moved,228.0,124.0,User17,,
1490175639869,Mouse Button.left Pressed,228.0,124.0,User17,,
1490175639954,Mouse Moved,228.0,125.0,User17,,
1490175639956,Mouse Moved,228.0,125.0,User17,,
1490175639957,Mouse Button.left Released,228.0,125.0,User17,,
1490175640016,Mouse Moved,228.0,125.0,User17,,
1490175640101,Mouse Moved,228.0,125.0,User17,,
1490175640102,Mouse Button.left Released,228.0,125.0,User17,,
1490175640604,Mouse Moved,229.0,125.0,User17,,
1490175640627,Mouse Moved,232.0,125.0,User17,,
1490175640645,Mouse Moved,236.0,127.0,User17,,
1490175640655,Mouse Moved,243.0,127.0,User17,,
1490175640657,Mouse Moved,249.0,128.0,User17,,
1490175640677,Mouse Moved,253.0,130.0,User17,,
1490175640677,Mouse Moved,258.0,131.0,User17,,
1490175640686,Mouse Moved,259.0,132.0,User17,,
1490175640710,Mouse Moved,262.0,132.0,User17,,
1490175640710,Mouse Moved,263.0,132.0,User17,,
1490175640711,Mouse Moved,264.0,132.0,User17,,
1490175641000,Mouse Moved,264.0,131.0,User17,,
1490175641028,Mouse Moved,263.0,132.0,User17,,
1490175641029,Mouse Moved,263.0,132.0,User17,,
1490175641084,Mouse Moved,263.0,132.0,User17,,
1490175641085,Mouse Button.left Released,263.0,132.0,User17,,
1490175641154,Mouse Moved,263.0,132.0,User17,,
1490175641155,Mouse Button.left Pressed,263.0,132.0,User17,,
1490175641223,Mouse Moved,263.0,132.0,User17,,
1490175641227,Mouse Button.left Released,263.0,132.0,User17,,
1490175642234,Mouse Moved,264.0,138.0,User17,,
1490175642250,Mouse Moved,266.0,153.0,User17,,
1490175642265,Mouse Moved,269.0,171.0,User17,,
1490175642279,Mouse Moved,273.0,189.0,User17,,
1490175642295,Mouse Moved,275.0,203.0,User17,,
1490175642296,Mouse Moved,276.0,212.0,User17,,
1490175642309,Mouse Moved,278.0,218.0,User17,,
1490175642311,Mouse Moved,280.0,227.0,User17,,
1490175642325,Mouse Moved,282.0,236.0,User17,,
1490175642325,Mouse Moved,283.0,240.0,User17,,
1490175642339,Mouse Moved,283.0,245.0,User17,,
1490175642341,Mouse Moved,285.0,249.0,User17,,
1490175642355,Mouse Moved,285.0,252.0,User17,,
1490175642355,Mouse Moved,285.0,256.0,User17,,
1490175642369,Mouse Moved,285.0,259.0,User17,,
1490175642371,Mouse Moved,286.0,260.0,User17,,
1490175642384,Mouse Moved,286.0,264.0,User17,,
1490175642385,Mouse Moved,286.0,266.0,User17,,
1490175642401,Mouse Moved,286.0,268.0,User17,,
1490175642414,Mouse Moved,286.0,270.0,User17,,
1490175642415,Mouse Moved,287.0,273.0,User17,,
1490175642417,Mouse Moved,287.0,274.0,User17,,
1490175642430,Mouse Moved,287.0,276.0,User17,,
1490175642444,Mouse Moved,287.0,278.0,User17,,
1490175642490,Mouse Moved,287.0,279.0,User17,,
1490175642519,Mouse Moved,287.0,280.0,User17,,
1490175642726,Mouse Moved,286.0,280.0,User17,,
1490175642727,Mouse Moved,286.0,280.0,User17,,
1490175642805,Mouse Moved,286.0,280.0,User17,,
1490175642875,Mouse Moved,286.0,280.0,User17,,
1490175642969,Mouse Moved,286.0,280.0,User17,,
1490175642970,Mouse Button.left Released,286.0,280.0,User17,,
1490175643709,Mouse Moved,286.0,280.0,User17,,
1490175643710,Mouse Button.left Pressed,286.0,280.0,User17,,
1490175643786,Mouse Moved,286.0,280.0,User17,,
1490175643788,Mouse Button.left Released,286.0,280.0,User17,,
1490175643941,Mouse Moved,287.0,275.0,User17,,
1490175643961,Mouse Moved,287.0,270.0,User17,,
1490175643963,Mouse Moved,287.0,264.0,User17,,
1490175643971,Mouse Moved,287.0,256.0,User17,,
1490175643992,Mouse Moved,287.0,247.0,User17,,
1490175643993,Mouse Moved,285.0,236.0,User17,,
1490175643993,Mouse Moved,285.0,228.0,User17,,
1490175644000,Mouse Moved,283.0,219.0,User17,,
1490175644013,Mouse Moved,282.0,210.0,User17,,
1490175644015,Mouse Moved,280.0,205.0,User17,,
1490175644030,Mouse Moved,280.0,201.0,User17,,
1490175644032,Mouse Moved,279.0,200.0,User17,,
1490175644045,Mouse Moved,279.0,196.0,User17,,
1490175644046,Mouse Moved,278.0,193.0,User17,,
1490175644061,Mouse Moved,278.0,192.0,User17,,
1490175644062,Mouse Moved,276.0,189.0,User17,,
1490175644075,Mouse Moved,276.0,188.0,User17,,
1490175644075,Mouse Moved,275.0,186.0,User17,,
1490175644089,Mouse Moved,275.0,184.0,User17,,
1490175644105,Mouse Moved,274.0,182.0,User17,,
1490175644105,Mouse Moved,274.0,181.0,User17,,
1490175644138,Mouse Moved,272.0,178.0,User17,,
1490175644138,Mouse Moved,271.0,175.0,User17,,
1490175644157,Mouse Moved,270.0,174.0,User17,,
1490175644167,Mouse Moved,269.0,172.0,User17,,
1490175644187,Mouse Moved,267.0,167.0,User17,,
1490175644188,Mouse Moved,264.0,160.0,User17,,
1490175644197,Mouse Moved,261.0,158.0,User17,,
1490175644217,Mouse Moved,254.0,147.0,User17,,
1490175644230,Mouse Moved,251.0,143.0,User17,,
1490175644240,Mouse Moved,250.0,142.0,User17,,
1490175644260,Mouse Moved,249.0,141.0,User17,,
1490175644270,Mouse Moved,249.0,140.0,User17,,
1490175644301,Mouse Moved,249.0,139.0,User17,,
1490175644322,Mouse Moved,248.0,139.0,User17,,
1490175644463,Mouse Moved,248.0,139.0,User17,,
1490175644556,Mouse Moved,248.0,139.0,User17,,
1490175644561,Mouse Button.left Released,248.0,139.0,User17,,
1490175644611,Mouse Moved,248.0,139.0,User17,,
1490175644624,Mouse Button.left Pressed,248.0,139.0,User17,,
1490175644693,Mouse Moved,248.0,139.0,User17,,
1490175644719,Mouse Button.left Released,248.0,139.0,User17,,
1490175646698,Mouse Moved,249.0,139.0,User17,,
1490175646729,Mouse Moved,257.0,133.0,User17,,
1490175646732,Mouse Moved,271.0,126.0,User17,,
1490175646742,Mouse Moved,289.0,115.0,User17,,
1490175646743,Mouse Moved,312.0,102.0,User17,,
1490175646757,Mouse Moved,335.0,88.0,User17,,
1490175646759,Mouse Moved,357.0,76.0,User17,,
1490175646767,Mouse Moved,378.0,65.0,User17,,
1490175646788,Mouse Moved,395.0,54.0,User17,,
1490175646788,Mouse Moved,413.0,46.0,User17,,
1490175646789,Mouse Moved,422.0,42.0,User17,,
1490175646801,Mouse Moved,434.0,36.0,User17,,
1490175646802,Mouse Moved,443.0,32.0,User17,,
1490175646812,Mouse Moved,458.0,24.0,User17,,
1490175646835,Mouse Moved,467.0,20.0,User17,,
1490175646836,Mouse Moved,482.0,14.0,User17,,
1490175646838,Mouse Moved,494.0,8.0,User17,,
1490175647400,Mouse Moved,724.0,0.0,User17,,
1490175647414,Mouse Moved,727.0,1.0,User17,,
1490175647430,Mouse Moved,728.0,3.0,User17,,
1490175647453,Mouse Moved,734.0,7.0,User17,,
1490175647463,Mouse Moved,737.0,9.0,User17,,
1490175647483,Mouse Moved,739.0,12.0,User17,,
1490175647484,Mouse Moved,741.0,12.0,User17,,
1490175647493,Mouse Moved,743.0,13.0,User17,,
1490175647493,Mouse Moved,744.0,14.0,User17,,
1490175647513,Mouse Moved,745.0,15.0,User17,,
1490175647523,Mouse Moved,747.0,15.0,User17,,
1490175647726,Mouse Moved,746.0,15.0,User17,,
1490175647727,Mouse Moved,746.0,15.0,User17,,
1490175647729,Mouse Button.left Pressed,746.0,15.0,User17,,
1490175647749,Mouse Moved,747.0,14.0,User17,,
1490175647828,Mouse Moved,746.0,14.0,User17,,
1490175647829,Mouse Button.left Released,746.0,14.0,User17,,
1490175648446,Mouse Moved,747.0,15.0,User17,,
1490175648522,Mouse Moved,754.0,15.0,User17,,
1490175648542,Mouse Moved,757.0,14.0,User17,,
1490175648542,Mouse Moved,765.0,12.0,User17,,
1490175648549,Mouse Moved,779.0,10.0,User17,,
1490175648565,Mouse Moved,820.0,6.0,User17,,
1490175648579,Mouse Moved,892.0,0.0,User17,,
1490175649137,Mouse Moved,1519.0,0.0,User17,,
1490175649157,Mouse Moved,1519.0,0.0,User17,,
1490175649167,Mouse Moved,1519.0,1.0,User17,,
1490175649220,Mouse Moved,1519.0,5.0,User17,,
1490175649221,Mouse Moved,1519.0,7.0,User17,,
1490175649232,Mouse Moved,1519.0,11.0,User17,,
1490175649262,Mouse Moved,1519.0,12.0,User17,,
1490175649272,Mouse Moved,1519.0,13.0,User17,,
1490175649292,Mouse Moved,1519.0,15.0,User17,,
1490175649463,Mouse Moved,1519.0,14.0,User17,,
1490175649464,Mouse Moved,1519.0,14.0,User17,,
1490175649466,Mouse Button.left Pressed,1519.0,14.0,User17,,
1490175649566,Mouse Moved,1519.0,14.0,User17,,
1490175649568,Mouse Button.left Released,1519.0,14.0,User17,,
1490175650115,Mouse Moved,1517.0,16.0,User17,,
1490175650130,Mouse Moved,1513.0,18.0,User17,,
1490175650144,Mouse Moved,1509.0,20.0,User17,,
1490175650145,Mouse Moved,1502.0,25.0,User17,,
1490175650167,Mouse Moved,1461.0,41.0,User17,,
1490175650177,Mouse Moved,1433.0,51.0,User17,,
1490175650197,Mouse Moved,1267.0,76.0,User17,,
1490175650207,Mouse Moved,1187.0,83.0,User17,,
1490175650229,Mouse Moved,1000.0,94.0,User17,,
1490175650236,Mouse Moved,950.0,94.0,User17,,
1490175650250,Mouse Moved,886.0,91.0,User17,,
1490175650266,Mouse Moved,845.0,89.0,User17,,
1490175650290,Mouse Moved,808.0,85.0,User17,,
1490175650301,Mouse Moved,802.0,85.0,User17,,
1490175650321,Mouse Moved,794.0,85.0,User17,,
1490175650331,Mouse Moved,788.0,84.0,User17,,
1490175650351,Mouse Moved,772.0,79.0,User17,,
1490175650359,Mouse Moved,766.0,77.0,User17,,
1490175650374,Mouse Moved,757.0,75.0,User17,,
1490175650394,Mouse Moved,727.0,66.0,User17,,
1490175650404,Mouse Moved,718.0,64.0,User17,,
1490175650424,Mouse Moved,710.0,59.0,User17,,
1490175650453,Mouse Moved,704.0,50.0,User17,,
1490175650467,Mouse Moved,702.0,41.0,User17,,
1490175650489,Mouse Moved,701.0,32.0,User17,,
1490175650497,Mouse Moved,701.0,31.0,User17,,
1490175650517,Mouse Moved,701.0,26.0,User17,,
1490175650528,Mouse Moved,701.0,24.0,User17,,
1490175650548,Mouse Moved,701.0,23.0,User17,,
1490175650562,Mouse Moved,702.0,20.0,User17,,
1490175650571,Mouse Moved,704.0,17.0,User17,,
1490175650585,Mouse Moved,709.0,13.0,User17,,
1490175650601,Mouse Moved,713.0,10.0,User17,,
1490175650615,Mouse Moved,716.0,9.0,User17,,
1490175650634,Mouse Moved,717.0,8.0,User17,,
1490175650654,Mouse Moved,721.0,7.0,User17,,
1490175650678,Mouse Moved,722.0,6.0,User17,,
1490175650698,Mouse Moved,724.0,6.0,User17,,
1490175650709,Mouse Moved,725.0,6.0,User17,,
1490175650743,Mouse Moved,727.0,6.0,User17,,
1490175650759,Mouse Moved,728.0,6.0,User17,,
1490175650785,Mouse Moved,729.0,6.0,User17,,
1490175650805,Mouse Moved,730.0,6.0,User17,,
1490175650815,Mouse Moved,731.0,6.0,User17,,
1490175650835,Mouse Moved,732.0,7.0,User17,,
1490175650865,Mouse Moved,736.0,8.0,User17,,
1490175650888,Mouse Moved,737.0,9.0,User17,,
1490175650920,Mouse Moved,739.0,10.0,User17,,
1490175650964,Mouse Moved,740.0,13.0,User17,,
1490175651000,Mouse Moved,741.0,13.0,User17,,
1490175651010,Mouse Moved,741.0,14.0,User17,,
1490175651029,Mouse Moved,741.0,15.0,User17,,
1490175651069,Mouse Moved,741.0,16.0,User17,,
1490175651144,Mouse Moved,741.0,16.0,User17,,
1490175651145,Mouse Button.left Pressed,741.0,16.0,User17,,
1490175651246,Mouse Moved,741.0,16.0,User17,,
1490175651247,Mouse Button.left Released,741.0,16.0,User17,,
1490175651654,Mouse Moved,741.0,18.0,User17,,
1490175651671,Mouse Moved,738.0,19.0,User17,,
1490175651687,Mouse Moved,734.0,24.0,User17,,
1490175651700,Mouse Moved,731.0,27.0,User17,,
1490175651701,Mouse Moved,728.0,29.0,User17,,
1490175651714,Mouse Moved,725.0,31.0,User17,,
1490175651717,Mouse Moved,718.0,36.0,User17,,
1490175651730,Mouse Moved,717.0,39.0,User17,,
1490175651730,Mouse Moved,712.0,42.0,User17,,
1490175651744,Mouse Moved,710.0,43.0,User17,,
1490175651746,Mouse Moved,707.0,46.0,User17,,
1490175651776,Mouse Moved,705.0,46.0,User17,,
1490175651835,Mouse Moved,707.0,46.0,User17,,
1490175651849,Mouse Moved,714.0,43.0,User17,,
1490175651851,Mouse Moved,720.0,41.0,User17,,
1490175651865,Mouse Moved,730.0,36.0,User17,,
1490175651867,Mouse Moved,744.0,32.0,User17,,
1490175651881,Mouse Moved,759.0,25.0,User17,,
1490175651881,Mouse Moved,781.0,19.0,User17,,
1490175651894,Mouse Moved,815.0,16.0,User17,,
1490175651895,Mouse Moved,862.0,13.0,User17,,
1490175651910,Mouse Moved,934.0,13.0,User17,,
1490175651911,Mouse Moved,1012.0,13.0,User17,,
1490175651926,Mouse Moved,1101.0,17.0,User17,,
1490175651927,Mouse Moved,1191.0,21.0,User17,,
1490175651940,Mouse Moved,1286.0,25.0,User17,,
1490175651940,Mouse Moved,1370.0,28.0,User17,,
1490175651954,Mouse Moved,1455.0,32.0,User17,,
1490175651970,Mouse Moved,1535.0,39.0,User17,,
1490175652000,Mouse Moved,1535.0,42.0,User17,,
1490175652016,Mouse Moved,1535.0,40.0,User17,,
1490175652029,Mouse Moved,1535.0,40.0,User17,,
1490175652150,Mouse Moved,1527.0,44.0,User17,,
1490175652164,Mouse Moved,1526.0,45.0,User17,,
1490175652180,Mouse Moved,1525.0,45.0,User17,,
1490175652196,Mouse Moved,1525.0,46.0,User17,,
1490175652269,Mouse Moved,1524.0,46.0,User17,,
1490175652413,Mouse Moved,1522.0,48.0,User17,,
1490175652443,Mouse Moved,1521.0,48.0,User17,,
1490175652453,Mouse Moved,1520.0,49.0,User17,,
1490175652548,Mouse Moved,1519.0,45.0,User17,,
1490175652571,Mouse Moved,1519.0,44.0,User17,,
1490175652585,Mouse Moved,1518.0,43.0,User17,,
1490175652617,Mouse Moved,1508.0,41.0,User17,,
1490175652634,Mouse Moved,1507.0,41.0,User17,,
1490175652645,Mouse Moved,1501.0,41.0,User17,,
1490175652647,Mouse Moved,1497.0,41.0,User17,,
1490175652667,Mouse Moved,1491.0,41.0,User17,,
1490175652668,Mouse Moved,1490.0,41.0,User17,,
1490175652670,Mouse Moved,1486.0,41.0,User17,,
1490175652677,Mouse Moved,1483.0,41.0,User17,,
1490175652697,Mouse Moved,1482.0,41.0,User17,,
1490175652698,Mouse Moved,1481.0,41.0,User17,,
1490175652707,Mouse Moved,1480.0,40.0,User17,,
1490175652721,Mouse Moved,1477.0,40.0,User17,,
1490175652744,Mouse Moved,1474.0,40.0,User17,,
1490175652746,Mouse Moved,1472.0,39.0,User17,,
1490175652752,Mouse Moved,1470.0,38.0,User17,,
1490175652772,Mouse Moved,1468.0,36.0,User17,,
1490175652802,Mouse Moved,1467.0,34.0,User17,,
1490175652813,Mouse Moved,1464.0,31.0,User17,,
1490175652815,Mouse Moved,1462.0,29.0,User17,,
1490175652826,Mouse Moved,1461.0,27.0,User17,,
1490175652848,Mouse Moved,1458.0,24.0,User17,,
1490175652857,Mouse Moved,1457.0,23.0,User17,,
1490175652877,Mouse Moved,1456.0,20.0,User17,,
1490175652907,Mouse Moved,1450.0,14.0,User17,,
1490175652931,Mouse Moved,1449.0,13.0,User17,,
1490175652951,Mouse Moved,1448.0,11.0,User17,,
1490175653098,Mouse Moved,1448.0,11.0,User17,,
1490175653099,Mouse Button.left Pressed,1448.0,11.0,User17,,
1490175653217,Mouse Moved,1448.0,11.0,User17,,
1490175653219,Mouse Button.left Released,1448.0,11.0,User17,,
1490175653473,Mouse Moved,1444.0,12.0,User17,,
1490175653473,Mouse Moved,1438.0,14.0,User17,,
1490175653477,Mouse Moved,1433.0,18.0,User17,,
1490175653484,Mouse Moved,1425.0,22.0,User17,,
1490175653487,Mouse Moved,1411.0,30.0,User17,,
1490175653493,Mouse Moved,1397.0,39.0,User17,,
1490175653493,Mouse Moved,1386.0,45.0,User17,,
1490175653494,Mouse Moved,1380.0,48.0,User17,,
1490175653496,Mouse Moved,1379.0,49.0,User17,,
1490175653506,Mouse Moved,1375.0,53.0,User17,,
1490175653517,Mouse Moved,1373.0,56.0,User17,,
1490175653536,Mouse Moved,1370.0,57.0,User17,,
1490175653538,Mouse Moved,1363.0,62.0,User17,,
1490175653539,Mouse Moved,1362.0,63.0,User17,,
1490175653546,Mouse Moved,1359.0,66.0,User17,,
1490175653569,Mouse Moved,1358.0,67.0,User17,,
1490175653569,Mouse Moved,1355.0,70.0,User17,,
1490175653571,Mouse Moved,1351.0,75.0,User17,,
1490175653578,Mouse Moved,1348.0,76.0,User17,,
1490175653592,Mouse Moved,1345.0,79.0,User17,,
1490175653594,Mouse Moved,1344.0,82.0,User17,,
1490175653608,Mouse Moved,1341.0,83.0,User17,,
1490175653608,Mouse Moved,1338.0,86.0,User17,,
1490175653622,Mouse Moved,1333.0,91.0,User17,,
1490175653624,Mouse Moved,1326.0,96.0,User17,,
1490175653637,Mouse Moved,1321.0,101.0,User17,,
1490175653638,Mouse Moved,1314.0,106.0,User17,,
1490175653653,Mouse Moved,1309.0,111.0,User17,,
1490175653654,Mouse Moved,1300.0,117.0,User17,,
1490175653667,Mouse Moved,1293.0,122.0,User17,,
1490175653667,Mouse Moved,1288.0,125.0,User17,,
1490175653690,Mouse Moved,1283.0,130.0,User17,,
1490175653691,Mouse Moved,1279.0,133.0,User17,,
1490175653700,Mouse Moved,1274.0,136.0,User17,,
1490175653701,Mouse Moved,1273.0,137.0,User17,,
1490175653723,Mouse Moved,1272.0,137.0,User17,,
1490175653730,Mouse Moved,1272.0,138.0,User17,,
1490175653871,Mouse Moved,1271.0,138.0,User17,,
1490175653901,Mouse Moved,1261.0,145.0,User17,,
1490175653901,Mouse Moved,1257.0,148.0,User17,,
1490175653903,Mouse Moved,1250.0,151.0,User17,,
1490175653911,Mouse Moved,1245.0,154.0,User17,,
1490175653924,Mouse Moved,1241.0,155.0,User17,,
1490175653940,Mouse Moved,1240.0,157.0,User17,,
1490175653940,Mouse Moved,1239.0,158.0,User17,,
1490175653941,Mouse Moved,1237.0,158.0,User17,,
1490175654006,Mouse Moved,1247.0,151.0,User17,,
1490175654006,Mouse Moved,1252.0,147.0,User17,,
1490175654016,Mouse Moved,1262.0,139.0,User17,,
1490175654036,Mouse Moved,1271.0,131.0,User17,,
1490175654038,Mouse Moved,1282.0,121.0,User17,,
1490175654039,Mouse Moved,1291.0,113.0,User17,,
1490175654046,Mouse Moved,1307.0,100.0,User17,,
1490175654066,Mouse Moved,1320.0,85.0,User17,,
1490175654068,Mouse Moved,1335.0,69.0,User17,,
1490175654069,Mouse Moved,1356.0,51.0,User17,,
1490175654075,Mouse Moved,1371.0,36.0,User17,,
1490175654088,Mouse Moved,1386.0,20.0,User17,,
1490175654089,Mouse Moved,1402.0,7.0,User17,,
1490175654104,Mouse Moved,1409.0,0.0,User17,,
1490175654289,Mouse Moved,1399.0,1.0,User17,,
1490175654289,Mouse Moved,1390.0,7.0,User17,,
1490175654309,Mouse Moved,1386.0,10.0,User17,,
1490175654309,Mouse Moved,1377.0,16.0,User17,,
1490175654311,Mouse Moved,1370.0,19.0,User17,,
1490175654319,Mouse Moved,1361.0,25.0,User17,,
1490175654338,Mouse Moved,1353.0,30.0,User17,,
1490175654339,Mouse Moved,1339.0,36.0,User17,,
1490175654341,Mouse Moved,1329.0,42.0,User17,,
1490175654348,Mouse Moved,1309.0,51.0,User17,,
1490175654368,Mouse Moved,1294.0,60.0,User17,,
1490175654369,Mouse Moved,1277.0,66.0,User17,,
1490175654371,Mouse Moved,1254.0,77.0,User17,,
1490175654378,Mouse Moved,1232.0,86.0,User17,,
1490175654391,Mouse Moved,1203.0,96.0,User17,,
1490175654392,Mouse Moved,1173.0,108.0,User17,,
1490175654411,Mouse Moved,1144.0,118.0,User17,,
1490175654411,Mouse Moved,1105.0,129.0,User17,,
1490175654430,Mouse Moved,1076.0,139.0,User17,,
1490175654431,Mouse Moved,1038.0,147.0,User17,,
1490175654433,Mouse Moved,1010.0,154.0,User17,,
1490175654440,Mouse Moved,980.0,159.0,User17,,
1490175654461,Mouse Moved,960.0,163.0,User17,,
1490175654463,Mouse Moved,941.0,167.0,User17,,
1490175654463,Mouse Moved,924.0,170.0,User17,,
1490175654470,Mouse Moved,918.0,171.0,User17,,
1490175654484,Mouse Moved,911.0,173.0,User17,,
1490175654506,Mouse Moved,910.0,173.0,User17,,
1490175654507,Mouse Moved,909.0,173.0,User17,,
1490175654509,Mouse Moved,910.0,173.0,User17,,
1490175654510,Mouse Button.left Pressed,910.0,173.0,User17,,
1490175654625,Mouse Moved,910.0,173.0,User17,,
1490175654627,Mouse Button.left Released,910.0,173.0,User17,,
1490175654713,Mouse Moved,905.0,175.0,User17,,
1490175654734,Mouse Moved,904.0,175.0,User17,,
1490175654742,Mouse Moved,901.0,176.0,User17,,
1490175654763,Mouse Moved,899.0,176.0,User17,,
1490175654772,Mouse Moved,898.0,178.0,User17,,
1490175654792,Mouse Moved,896.0,178.0,User17,,
1490175654806,Mouse Moved,894.0,179.0,User17,,
1490175654836,Mouse Moved,885.0,183.0,User17,,
1490175654846,Mouse Moved,879.0,185.0,User17,,
1490175654867,Mouse Moved,845.0,201.0,User17,,
1490175654878,Mouse Moved,836.0,204.0,User17,,
1490175654898,Mouse Moved,815.0,217.0,User17,,
1490175654911,Mouse Moved,811.0,218.0,User17,,
1490175654921,Mouse Moved,800.0,224.0,User17,,
1490175654941,Mouse Moved,794.0,229.0,User17,,
1490175654951,Mouse Moved,793.0,229.0,User17,,
1490175654971,Mouse Moved,791.0,231.0,User17,,
1490175655002,Mouse Moved,792.0,231.0,User17,,
1490175655003,Mouse Scrolled (0 1),792.0,231.0,User17,,
1490175655016,Mouse Moved,792.0,231.0,User17,,
1490175655046,Mouse Moved,792.0,231.0,User17,,
1490175655048,Mouse Scrolled (0 1),792.0,231.0,User17,,
1490175655085,Mouse Moved,792.0,231.0,User17,,
1490175655088,Mouse Scrolled (0 1),792.0,231.0,User17,,
1490175661990,Mouse Moved,772.0,235.0,User17,,
1490175662006,Mouse Moved,693.0,257.0,User17,,
1490175662023,Mouse Moved,593.0,293.0,User17,,
1490175662033,Mouse Moved,557.0,310.0,User17,,
1490175662055,Mouse Moved,534.0,324.0,User17,,
1490175662055,Mouse Moved,504.0,339.0,User17,,
1490175662065,Mouse Moved,484.0,352.0,User17,,
1490175662065,Mouse Moved,461.0,368.0,User17,,
1490175662084,Mouse Moved,440.0,387.0,User17,,
1490175662085,Mouse Moved,422.0,405.0,User17,,
1490175662094,Mouse Moved,409.0,418.0,User17,,
1490175662095,Mouse Moved,399.0,430.0,User17,,
1490175662108,Mouse Moved,393.0,440.0,User17,,
1490175662109,Mouse Moved,389.0,449.0,User17,,
1490175662127,Mouse Moved,386.0,456.0,User17,,
1490175662138,Mouse Moved,382.0,465.0,User17,,
1490175662138,Mouse Moved,382.0,471.0,User17,,
1490175662161,Mouse Moved,381.0,479.0,User17,,
1490175662161,Mouse Moved,379.0,484.0,User17,,
1490175662163,Mouse Moved,377.0,492.0,User17,,
1490175662171,Mouse Moved,375.0,506.0,User17,,
1490175662173,Mouse Moved,373.0,521.0,User17,,
1490175662190,Mouse Moved,367.0,552.0,User17,,
1490175662206,Mouse Moved,363.0,577.0,User17,,
1490175662216,Mouse Moved,359.0,589.0,User17,,
1490175662236,Mouse Moved,356.0,608.0,User17,,
1490175662246,Mouse Moved,355.0,613.0,User17,,
1490175662266,Mouse Moved,355.0,614.0,User17,,
1490175662267,Mouse Moved,353.0,617.0,User17,,
1490175662270,Mouse Moved,352.0,618.0,User17,,
1490175662275,Mouse Moved,348.0,624.0,User17,,
1490175662289,Mouse Moved,345.0,627.0,User17,,
1490175662290,Mouse Moved,338.0,633.0,User17,,
1490175662303,Mouse Moved,333.0,638.0,User17,,
1490175662305,Mouse Moved,323.0,646.0,User17,,
1490175662319,Mouse Moved,319.0,651.0,User17,,
1490175662321,Mouse Moved,314.0,656.0,User17,,
1490175662335,Mouse Moved,307.0,659.0,User17,,
1490175662335,Mouse Moved,304.0,662.0,User17,,
1490175662355,Mouse Moved,301.0,663.0,User17,,
1490175662355,Mouse Moved,300.0,666.0,User17,,
1490175662365,Mouse Moved,294.0,669.0,User17,,
1490175662384,Mouse Moved,292.0,672.0,User17,,
1490175662385,Mouse Moved,289.0,675.0,User17,,
1490175662387,Mouse Moved,288.0,676.0,User17,,
1490175662394,Mouse Moved,285.0,679.0,User17,,
1490175662417,Mouse Moved,284.0,682.0,User17,,
1490175662418,Mouse Moved,281.0,683.0,User17,,
1490175662420,Mouse Moved,276.0,690.0,User17,,
1490175662427,Mouse Moved,275.0,691.0,User17,,
1490175662447,Mouse Moved,274.0,693.0,User17,,
1490175662448,Mouse Moved,272.0,696.0,User17,,
1490175662450,Mouse Moved,271.0,701.0,User17,,
1490175662457,Mouse Moved,269.0,704.0,User17,,
1490175662477,Mouse Moved,268.0,705.0,User17,,
1490175662479,Mouse Moved,268.0,707.0,User17,,
1490175662480,Mouse Moved,267.0,710.0,User17,,
1490175662500,Mouse Moved,267.0,711.0,User17,,
1490175662523,Mouse Moved,266.0,714.0,User17,,
1490175662532,Mouse Moved,264.0,717.0,User17,,
1490175662552,Mouse Moved,263.0,719.0,User17,,
1490175662553,Mouse Moved,260.0,722.0,User17,,
1490175662562,Mouse Moved,257.0,729.0,User17,,
1490175662582,Mouse Moved,254.0,730.0,User17,,
1490175662584,Mouse Moved,252.0,733.0,User17,,
1490175662592,Mouse Moved,250.0,734.0,User17,,
1490175662594,Mouse Moved,248.0,737.0,User17,,
1490175662617,Mouse Moved,245.0,739.0,User17,,
1490175662625,Mouse Moved,242.0,742.0,User17,,
1490175662644,Mouse Moved,240.0,744.0,User17,,
1490175662657,Mouse Moved,238.0,745.0,User17,,
1490175662674,Mouse Moved,237.0,746.0,User17,,
1490175662750,Mouse Moved,236.0,747.0,User17,,
1490175662780,Mouse Moved,233.0,750.0,User17,,
1490175662789,Mouse Moved,232.0,751.0,User17,,
1490175662819,Mouse Moved,231.0,751.0,User17,,
1490175662834,Mouse Moved,231.0,752.0,User17,,
1490175662901,Mouse Moved,228.0,753.0,User17,,
1490175662913,Mouse Moved,228.0,755.0,User17,,
1490175663308,Mouse Moved,239.0,750.0,User17,,
1490175663323,Mouse Moved,254.0,746.0,User17,,
1490175663325,Mouse Moved,268.0,744.0,User17,,
1490175663325,Mouse Moved,279.0,742.0,User17,,
1490175663338,Mouse Moved,294.0,740.0,User17,,
1490175663352,Mouse Moved,309.0,736.0,User17,,
1490175663368,Mouse Moved,316.0,736.0,User17,,
1490175663388,Mouse Moved,317.0,735.0,User17,,
1490175663434,Mouse Moved,313.0,735.0,User17,,
1490175663444,Mouse Moved,300.0,737.0,User17,,
1490175663464,Mouse Moved,294.0,738.0,User17,,
1490175663466,Mouse Moved,288.0,738.0,User17,,
1490175663474,Mouse Moved,282.0,738.0,User17,,
1490175663476,Mouse Moved,275.0,738.0,User17,,
1490175663494,Mouse Moved,267.0,738.0,User17,,
1490175663496,Mouse Moved,263.0,738.0,User17,,
1490175663505,Mouse Moved,255.0,738.0,User17,,
1490175663506,Mouse Moved,250.0,738.0,User17,,
1490175663517,Mouse Moved,246.0,738.0,User17,,
1490175663549,Mouse Moved,245.0,738.0,User17,,
1490175663549,Mouse Moved,241.0,738.0,User17,,
1490175663555,Mouse Moved,240.0,740.0,User17,,
1490175663555,Mouse Moved,239.0,740.0,User17,,
1490175663582,Mouse Moved,236.0,741.0,User17,,
1490175663592,Mouse Moved,235.0,741.0,User17,,
1490175663644,Mouse Moved,234.0,742.0,User17,,
1490175663645,Mouse Moved,233.0,743.0,User17,,
1490175663674,Mouse Moved,230.0,745.0,User17,,
1490175663684,Mouse Moved,225.0,748.0,User17,,
1490175663704,Mouse Moved,223.0,749.0,User17,,
1490175663706,Mouse Moved,221.0,750.0,User17,,
1490175663714,Mouse Moved,220.0,751.0,User17,,
1490175663716,Mouse Moved,218.0,753.0,User17,,
1490175663736,Mouse Moved,217.0,754.0,User17,,
1490175663779,Mouse Moved,215.0,755.0,User17,,
1490175663838,Mouse Moved,216.0,754.0,User17,,
1490175663839,Mouse Button.left Pressed,216.0,754.0,User17,,
1490175663930,Mouse Moved,216.0,754.0,User17,,
1490175663931,Mouse Button.left Released,216.0,754.0,User17,,
1490175664086,Mouse Moved,215.0,750.0,User17,,
1490175664102,Mouse Moved,221.0,734.0,User17,,
1490175664118,Mouse Moved,228.0,715.0,User17,,
1490175664118,Mouse Moved,239.0,692.0,User17,,
1490175664131,Mouse Moved,255.0,658.0,User17,,
1490175664132,Mouse Moved,275.0,621.0,User17,,
1490175664151,Mouse Moved,301.0,572.0,User17,,
1490175664167,Mouse Moved,330.0,523.0,User17,,
1490175664171,Mouse Moved,365.0,468.0,User17,,
1490175664171,Mouse Moved,394.0,419.0,User17,,
1490175664173,Mouse Moved,421.0,379.0,User17,,
1490175664180,Mouse Moved,454.0,334.0,User17,,
1490175664200,Mouse Moved,477.0,296.0,User17,,
1490175664200,Mouse Moved,498.0,267.0,User17,,
1490175664200,Mouse Moved,517.0,246.0,User17,,
1490175664209,Mouse Moved,527.0,234.0,User17,,
1490175664230,Mouse Moved,540.0,221.0,User17,,
1490175664230,Mouse Moved,548.0,211.0,User17,,
1490175664232,Mouse Moved,555.0,204.0,User17,,
1490175664240,Mouse Moved,558.0,199.0,User17,,
1490175664253,Mouse Moved,559.0,198.0,User17,,
1490175664253,Mouse Moved,561.0,195.0,User17,,
1490175664278,Mouse Moved,562.0,194.0,User17,,
1490175664279,Mouse Moved,563.0,193.0,User17,,
1490175664345,Mouse Moved,564.0,192.0,User17,,
1490175667645,Mouse Moved,565.0,191.0,User17,,
1490175667647,Mouse Moved,577.0,184.0,User17,,
1490175667648,Mouse Moved,589.0,178.0,User17,,
1490175667655,Mouse Moved,601.0,170.0,User17,,
1490175667676,Mouse Moved,621.0,159.0,User17,,
1490175667677,Mouse Moved,636.0,150.0,User17,,
1490175667690,Mouse Moved,654.0,139.0,User17,,
1490175667690,Mouse Moved,676.0,128.0,User17,,
1490175667700,Mouse Moved,699.0,117.0,User17,,
1490175667720,Mouse Moved,722.0,105.0,User17,,
1490175667721,Mouse Moved,750.0,96.0,User17,,
1490175667721,Mouse Moved,775.0,87.0,User17,,
1490175667730,Mouse Moved,808.0,77.0,User17,,
1490175667750,Mouse Moved,863.0,64.0,User17,,
1490175667752,Mouse Moved,915.0,58.0,User17,,
1490175667752,Mouse Moved,996.0,47.0,User17,,
1490175667760,Mouse Moved,1087.0,35.0,User17,,
1490175667779,Mouse Moved,1183.0,27.0,User17,,
1490175667782,Mouse Moved,1285.0,20.0,User17,,
1490175667782,Mouse Moved,1398.0,8.0,User17,,
1490175667798,Mouse Moved,1482.0,3.0,User17,,
1490175668073,Mouse Moved,1530.0,3.0,User17,,
1490175668075,Mouse Moved,1529.0,3.0,User17,,
1490175668088,Mouse Moved,1527.0,6.0,User17,,
1490175668089,Mouse Moved,1526.0,8.0,User17,,
1490175668105,Mouse Moved,1525.0,10.0,User17,,
1490175668105,Mouse Moved,1525.0,11.0,User17,,
1490175668118,Mouse Moved,1524.0,13.0,User17,,
1490175668134,Mouse Moved,1522.0,15.0,User17,,
1490175668134,Mouse Moved,1521.0,16.0,User17,,
1490175668157,Mouse Moved,1521.0,17.0,User17,,
1490175668187,Mouse Moved,1521.0,19.0,User17,,
1490175668200,Mouse Moved,1521.0,21.0,User17,,
1490175668233,Mouse Moved,1520.0,24.0,User17,,
1490175668233,Mouse Moved,1520.0,27.0,User17,,
1490175668242,Mouse Moved,1518.0,29.0,User17,,
1490175668263,Mouse Moved,1518.0,32.0,User17,,
1490175668263,Mouse Moved,1518.0,33.0,User17,,
1490175668292,Mouse Moved,1518.0,34.0,User17,,
1490175668293,Mouse Moved,1517.0,37.0,User17,,
1490175668316,Mouse Moved,1517.0,41.0,User17,,
1490175668336,Mouse Moved,1516.0,44.0,User17,,
1490175668338,Mouse Moved,1516.0,45.0,User17,,
1490175668351,Mouse Moved,1516.0,48.0,User17,,
1490175668367,Mouse Moved,1516.0,49.0,User17,,
1490175668368,Mouse Moved,1516.0,50.0,User17,,
1490175668391,Mouse Moved,1516.0,51.0,User17,,
1490175668405,Mouse Moved,1516.0,52.0,User17,,
1490175668471,Mouse Moved,1516.0,52.0,User17,,
1490175668473,Mouse Button.left Pressed,1516.0,52.0,User17,,
1490175668572,Mouse Moved,1516.0,52.0,User17,,
1490175668789,Mouse Moved,1516.0,55.0,User17,,
1490175668799,Mouse Moved,1513.0,59.0,User17,,
1490175668799,Mouse Moved,1511.0,62.0,User17,,
1490175668819,Mouse Moved,1510.0,65.0,User17,,
1490175668819,Mouse Moved,1509.0,66.0,User17,,
1490175668828,Mouse Moved,1507.0,69.0,User17,,
1490175668842,Mouse Moved,1505.0,72.0,User17,,
1490175668842,Mouse Moved,1503.0,73.0,User17,,
1490175668871,Mouse Moved,1502.0,75.0,User17,,
1490175668872,Mouse Moved,1501.0,78.0,User17,,
1490175668874,Mouse Moved,1500.0,79.0,User17,,
1490175668874,Mouse Moved,1498.0,80.0,User17,,
1490175668891,Mouse Moved,1496.0,83.0,User17,,
1490175668901,Mouse Moved,1493.0,86.0,User17,,
1490175668903,Mouse Moved,1491.0,89.0,User17,,
1490175668917,Mouse Moved,1489.0,90.0,User17,,
1490175668917,Mouse Moved,1486.0,93.0,User17,,
1490175668931,Mouse Moved,1485.0,94.0,User17,,
1490175668933,Mouse Moved,1482.0,97.0,User17,,
1490175668947,Mouse Moved,1479.0,98.0,User17,,
1490175668963,Mouse Moved,1478.0,101.0,User17,,
1490175668977,Mouse Moved,1475.0,102.0,User17,,
1490175668979,Mouse Moved,1474.0,105.0,User17,,
1490175668979,Mouse Moved,1471.0,107.0,User17,,
1490175669006,Mouse Moved,1470.0,108.0,User17,,
1490175669026,Mouse Moved,1467.0,110.0,User17,,
1490175669035,Mouse Moved,1464.0,112.0,User17,,
1490175669045,Mouse Moved,1458.0,115.0,User17,,
1490175669046,Mouse Moved,1455.0,118.0,User17,,
1490175669049,Mouse Moved,1452.0,119.0,User17,,
1490175669055,Mouse Moved,1447.0,123.0,User17,,
1490175669056,Mouse Moved,1444.0,124.0,User17,,
1490175669075,Mouse Moved,1440.0,129.0,User17,,
1490175669076,Mouse Moved,1437.0,130.0,User17,,
1490175669085,Mouse Moved,1432.0,133.0,User17,,
1490175669088,Mouse Moved,1430.0,134.0,User17,,
1490175669099,Mouse Moved,1425.0,139.0,User17,,
1490175669115,Mouse Moved,1424.0,140.0,User17,,
1490175669121,Mouse Moved,1423.0,142.0,User17,,
1490175669131,Mouse Moved,1420.0,143.0,User17,,
1490175669131,Mouse Moved,1419.0,144.0,User17,,
1490175669151,Mouse Moved,1416.0,145.0,User17,,
1490175669163,Mouse Moved,1415.0,148.0,User17,,
1490175669183,Mouse Moved,1412.0,151.0,User17,,
1490175669184,Mouse Moved,1411.0,154.0,User17,,
1490175669193,Mouse Moved,1409.0,157.0,User17,,
1490175669213,Mouse Moved,1406.0,163.0,User17,,
1490175669220,Mouse Moved,1403.0,168.0,User17,,
1490175669223,Mouse Moved,1401.0,174.0,User17,,
1490175669232,Mouse Moved,1398.0,179.0,User17,,
1490175669243,Mouse Moved,1397.0,185.0,User17,,
1490175669247,Mouse Moved,1393.0,194.0,User17,,
1490175669249,Mouse Moved,1391.0,199.0,User17,,
1490175669256,Mouse Moved,1390.0,207.0,User17,,
1490175669266,Mouse Moved,1390.0,211.0,User17,,
1490175669269,Mouse Moved,1390.0,216.0,User17,,
1490175669286,Mouse Moved,1388.0,220.0,User17,,
1490175669288,Mouse Moved,1388.0,225.0,User17,,
1490175669296,Mouse Moved,1388.0,226.0,User17,,
1490175669316,Mouse Moved,1388.0,228.0,User17,,
1490175669319,Mouse Moved,1388.0,229.0,User17,,
1490175669319,Mouse Moved,1388.0,232.0,User17,,
1490175669348,Mouse Moved,1387.0,233.0,User17,,
1490175669349,Mouse Moved,1387.0,236.0,User17,,
1490175669351,Mouse Moved,1386.0,242.0,User17,,
1490175669355,Mouse Moved,1384.0,245.0,User17,,
1490175669369,Mouse Moved,1384.0,247.0,User17,,
1490175669371,Mouse Moved,1383.0,248.0,User17,,
1490175669385,Mouse Moved,1382.0,252.0,User17,,
1490175669387,Mouse Moved,1382.0,255.0,User17,,
1490175669403,Mouse Moved,1380.0,256.0,User17,,
1490175669418,Mouse Moved,1380.0,257.0,User17,,
1490175669420,Mouse Moved,1380.0,259.0,User17,,
1490175669453,Mouse Moved,1379.0,260.0,User17,,
1490175669486,Mouse Moved,1379.0,261.0,User17,,
1490175669486,Mouse Moved,1379.0,262.0,User17,,
1490175669509,Mouse Moved,1378.0,263.0,User17,,
1490175669803,Mouse Moved,1378.0,263.0,User17,,
1490175669805,Mouse Button.left Pressed,1378.0,263.0,User17,,
1490175669894,Mouse Moved,1378.0,263.0,User17,,
1490175669897,Mouse Button.left Released,1378.0,263.0,User17,,
1490175671066,Mouse Moved,1378.0,262.0,User17,,
1490175671086,Mouse Moved,1378.0,258.0,User17,,
1490175671095,Mouse Moved,1380.0,254.0,User17,,
1490175671109,Mouse Moved,1381.0,247.0,User17,,
1490175671124,Mouse Moved,1383.0,238.0,User17,,
1490175671125,Mouse Moved,1384.0,234.0,User17,,
1490175671148,Mouse Moved,1384.0,228.0,User17,,
1490175671150,Mouse Moved,1386.0,223.0,User17,,
1490175671151,Mouse Moved,1387.0,219.0,User17,,
1490175671158,Mouse Moved,1389.0,214.0,User17,,
1490175671171,Mouse Moved,1389.0,211.0,User17,,
1490175671193,Mouse Moved,1390.0,206.0,User17,,
1490175671223,Mouse Moved,1390.0,203.0,User17,,
1490175671240,Mouse Moved,1390.0,201.0,User17,,
1490175671502,Mouse Moved,1391.0,197.0,User17,,
1490175671522,Mouse Moved,1395.0,182.0,User17,,
1490175671532,Mouse Moved,1396.0,168.0,User17,,
1490175671555,Mouse Moved,1398.0,156.0,User17,,
1490175671565,Mouse Moved,1398.0,155.0,User17,,
1490175671578,Mouse Moved,1398.0,153.0,User17,,
1490175671598,Mouse Moved,1398.0,151.0,User17,,
1490175671617,Mouse Moved,1398.0,150.0,User17,,
1490175671627,Mouse Moved,1398.0,148.0,User17,,
1490175671647,Mouse Moved,1398.0,147.0,User17,,
1490175671677,Mouse Moved,1399.0,144.0,User17,,
1490175671690,Mouse Moved,1399.0,143.0,User17,,
1490175671707,Mouse Moved,1399.0,140.0,User17,,
1490175671737,Mouse Moved,1399.0,139.0,User17,,
1490175671763,Mouse Moved,1399.0,138.0,User17,,
1490175671812,Mouse Moved,1399.0,137.0,User17,,
1490175672131,Mouse Moved,1398.0,137.0,User17,,
1490175672132,Mouse Moved,1398.0,137.0,User17,,
1490175672210,Mouse Moved,1398.0,137.0,User17,,
1490175672792,Mouse Moved,1393.0,138.0,User17,,
1490175672806,Mouse Moved,1376.0,145.0,User17,,
1490175672808,Mouse Moved,1357.0,149.0,User17,,
1490175672816,Mouse Moved,1329.0,154.0,User17,,
1490175672818,Mouse Moved,1290.0,159.0,User17,,
1490175672836,Mouse Moved,1237.0,168.0,User17,,
1490175672838,Mouse Moved,1173.0,175.0,User17,,
1490175672846,Mouse Moved,1109.0,185.0,User17,,
1490175672868,Mouse Moved,1029.0,192.0,User17,,
1490175672868,Mouse Moved,949.0,200.0,User17,,
1490175672869,Mouse Moved,875.0,207.0,User17,,
1490175672878,Mouse Moved,783.0,222.0,User17,,
1490175672897,Mouse Moved,702.0,233.0,User17,,
1490175672898,Mouse Moved,621.0,248.0,User17,,
1490175672898,Mouse Moved,550.0,262.0,User17,,
1490175672911,Mouse Moved,484.0,279.0,User17,,
1490175672913,Mouse Moved,427.0,300.0,User17,,
1490175672921,Mouse Moved,387.0,314.0,User17,,
1490175672941,Mouse Moved,356.0,327.0,User17,,
1490175672943,Mouse Moved,334.0,338.0,User17,,
1490175672944,Mouse Moved,314.0,349.0,User17,,
1490175672951,Mouse Moved,301.0,357.0,User17,,
1490175672967,Mouse Moved,292.0,363.0,User17,,
1490175672967,Mouse Moved,285.0,368.0,User17,,
1490175672982,Mouse Moved,282.0,373.0,User17,,
1490175672982,Mouse Moved,279.0,374.0,User17,,
1490175672994,Mouse Moved,278.0,376.0,User17,,
1490175673016,Mouse Moved,276.0,377.0,User17,,
1490175673017,Mouse Moved,274.0,379.0,User17,,
1490175673019,Mouse Moved,269.0,382.0,User17,,
1490175673028,Mouse Moved,266.0,385.0,User17,,
1490175673046,Mouse Moved,260.0,390.0,User17,,
1490175673048,Mouse Moved,255.0,395.0,User17,,
1490175673058,Mouse Moved,250.0,400.0,User17,,
1490175673059,Mouse Moved,245.0,405.0,User17,,
1490175673078,Mouse Moved,238.0,410.0,User17,,
1490175673078,Mouse Moved,233.0,415.0,User17,,
1490175673088,Mouse Moved,229.0,419.0,User17,,
1490175673088,Mouse Moved,222.0,425.0,User17,,
1490175673099,Mouse Moved,217.0,430.0,User17,,
1490175673115,Mouse Moved,211.0,435.0,User17,,
1490175673131,Mouse Moved,207.0,438.0,User17,,
1490175673150,Mouse Moved,203.0,442.0,User17,,
1490175673176,Mouse Moved,203.0,445.0,User17,,
1490175673177,Mouse Moved,200.0,446.0,User17,,
1490175673180,Mouse Moved,195.0,451.0,User17,,
1490175673200,Mouse Moved,192.0,454.0,User17,,
1490175673200,Mouse Moved,187.0,460.0,User17,,
1490175673201,Mouse Moved,186.0,461.0,User17,,
1490175673217,Mouse Moved,182.0,467.0,User17,,
1490175673217,Mouse Moved,179.0,472.0,User17,,
1490175673226,Mouse Moved,176.0,477.0,User17,,
1490175673246,Mouse Moved,174.0,479.0,User17,,
1490175673247,Mouse Moved,171.0,484.0,User17,,
1490175673249,Mouse Moved,171.0,487.0,User17,,
1490175673255,Mouse Moved,170.0,491.0,User17,,
1490175673275,Mouse Moved,168.0,492.0,User17,,
1490175673276,Mouse Moved,168.0,495.0,User17,,
1490175673286,Mouse Moved,168.0,499.0,User17,,
1490175673286,Mouse Moved,168.0,502.0,User17,,
1490175673305,Mouse Moved,172.0,508.0,User17,,
1490175673306,Mouse Moved,173.0,511.0,User17,,
1490175673319,Mouse Moved,180.0,516.0,User17,,
1490175673321,Mouse Moved,190.0,524.0,User17,,
1490175673331,Mouse Moved,194.0,527.0,User17,,
1490175673332,Mouse Moved,203.0,532.0,User17,,
1490175673349,Mouse Moved,212.0,536.0,User17,,
1490175673351,Mouse Moved,217.0,538.0,User17,,
1490175673361,Mouse Moved,226.0,543.0,User17,,
1490175673380,Mouse Moved,230.0,544.0,User17,,
1490175673381,Mouse Moved,235.0,546.0,User17,,
1490175673381,Mouse Moved,239.0,547.0,User17,,
1490175673391,Mouse Moved,242.0,549.0,User17,,
1490175673404,Mouse Moved,246.0,549.0,User17,,
1490175673421,Mouse Moved,249.0,550.0,User17,,
1490175673441,Mouse Moved,259.0,553.0,User17,,
1490175673450,Mouse Moved,266.0,554.0,User17,,
1490175673464,Mouse Moved,270.0,556.0,User17,,
1490175673466,Mouse Moved,276.0,557.0,User17,,
1490175673480,Mouse Moved,281.0,560.0,User17,,
1490175673482,Mouse Moved,285.0,562.0,User17,,
1490175673494,Mouse Moved,290.0,563.0,User17,,
1490175673496,Mouse Moved,291.0,563.0,User17,,
1490175673509,Mouse Moved,294.0,563.0,User17,,
1490175673510,Mouse Moved,295.0,565.0,User17,,
1490175673525,Mouse Moved,297.0,565.0,User17,,
1490175673545,Mouse Moved,298.0,565.0,User17,,
1490175673575,Mouse Moved,300.0,565.0,User17,,
1490175673584,Mouse Moved,301.0,565.0,User17,,
1490175673631,Mouse Moved,302.0,563.0,User17,,
1490175673667,Mouse Moved,304.0,562.0,User17,,
1490175673697,Mouse Moved,306.0,561.0,User17,,
1490175673709,Mouse Moved,308.0,560.0,User17,,
1490175673720,Mouse Moved,311.0,558.0,User17,,
1490175673743,Mouse Moved,312.0,558.0,User17,,
1490175673753,Mouse Moved,313.0,557.0,User17,,
1490175673782,Mouse Moved,314.0,557.0,User17,,
1490175673812,Mouse Moved,314.0,557.0,User17,,
1490175673897,Mouse Moved,314.0,557.0,User17,,
1490175673898,Mouse Button.left Released,314.0,557.0,User17,,
1490175674269,Mouse Moved,314.0,556.0,User17,,
1490175674290,Mouse Moved,314.0,552.0,User17,,
1490175674299,Mouse Moved,314.0,548.0,User17,,
1490175674319,Mouse Moved,314.0,543.0,User17,,
1490175674319,Mouse Moved,314.0,535.0,User17,,
1490175674321,Mouse Moved,310.0,521.0,User17,,
1490175674328,Mouse Moved,306.0,506.0,User17,,
1490175674348,Mouse Moved,302.0,489.0,User17,,
1490175674349,Mouse Moved,295.0,470.0,User17,,
1490175674358,Mouse Moved,289.0,450.0,User17,,
1490175674358,Mouse Moved,282.0,427.0,User17,,
1490175674371,Mouse Moved,273.0,405.0,User17,,
1490175674387,Mouse Moved,264.0,380.0,User17,,
1490175674388,Mouse Moved,257.0,360.0,User17,,
1490175674401,Mouse Moved,246.0,335.0,User17,,
1490175674403,Mouse Moved,237.0,312.0,User17,,
1490175674424,Mouse Moved,225.0,283.0,User17,,
1490175674426,Mouse Moved,213.0,258.0,User17,,
1490175674427,Mouse Moved,206.0,235.0,User17,,
1490175674434,Mouse Moved,195.0,210.0,User17,,
1490175674454,Mouse Moved,175.0,151.0,User17,,
1490175674469,Mouse Moved,169.0,127.0,User17,,
1490175674480,Mouse Moved,169.0,119.0,User17,,
1490175674493,Mouse Moved,167.0,110.0,User17,,
1490175674493,Mouse Moved,167.0,104.0,User17,,
1490175674509,Mouse Moved,167.0,96.0,User17,,
1490175674509,Mouse Moved,167.0,91.0,User17,,
1490175674525,Mouse Moved,167.0,85.0,User17,,
1490175674526,Mouse Moved,167.0,77.0,User17,,
1490175674545,Mouse Moved,167.0,73.0,User17,,
1490175674546,Mouse Moved,167.0,68.0,User17,,
1490175674546,Mouse Moved,167.0,64.0,User17,,
1490175674553,Mouse Moved,167.0,59.0,User17,,
1490175674568,Mouse Moved,167.0,53.0,User17,,
1490175674591,Mouse Moved,167.0,49.0,User17,,
1490175674592,Mouse Moved,167.0,45.0,User17,,
1490175674592,Mouse Moved,167.0,40.0,User17,,
1490175674601,Mouse Moved,167.0,38.0,User17,,
1490175674601,Mouse Moved,167.0,33.0,User17,,
1490175674614,Mouse Moved,167.0,32.0,User17,,
1490175674615,Mouse Moved,167.0,30.0,User17,,
1490175674634,Mouse Moved,167.0,28.0,User17,,
1490175674635,Mouse Moved,167.0,26.0,User17,,
1490175674644,Mouse Moved,167.0,25.0,User17,,
1490175674661,Mouse Moved,167.0,22.0,User17,,
1490175674674,Mouse Moved,169.0,19.0,User17,,
1490175674676,Mouse Moved,170.0,17.0,User17,,
1490175674694,Mouse Moved,171.0,16.0,User17,,
1490175674696,Mouse Moved,173.0,13.0,User17,,
1490175674697,Mouse Moved,174.0,10.0,User17,,
1490175674704,Mouse Moved,175.0,9.0,User17,,
1490175674729,Mouse Moved,177.0,6.0,User17,,
1490175674730,Mouse Moved,179.0,5.0,User17,,
1490175674737,Mouse Moved,182.0,1.0,User17,,
1490175674757,Mouse Moved,183.0,0.0,User17,,
1490175674759,Mouse Moved,186.0,0.0,User17,,
1490175674960,Mouse Moved,197.0,3.0,User17,,
1490175674976,Mouse Moved,203.0,10.0,User17,,
1490175674977,Mouse Moved,204.0,13.0,User17,,
1490175674992,Mouse Moved,207.0,18.0,User17,,
1490175674993,Mouse Moved,208.0,19.0,User17,,
1490175675006,Mouse Moved,211.0,23.0,User17,,
1490175675020,Mouse Moved,212.0,24.0,User17,,
1490175675036,Mouse Moved,213.0,25.0,User17,,
1490175675302,Mouse Moved,214.0,24.0,User17,,
1490175675315,Mouse Moved,217.0,21.0,User17,,
1490175675331,Mouse Moved,218.0,20.0,User17,,
1490175675342,Mouse Moved,218.0,19.0,User17,,
1490175675371,Mouse Moved,218.0,18.0,User17,,
1490175675471,Mouse Moved,218.0,18.0,User17,,
1490175675473,Mouse Button.left Pressed,218.0,18.0,User17,,
1490175675572,Mouse Moved,218.0,18.0,User17,,
1490175675573,Mouse Button.left Released,218.0,18.0,User17,,
1490175675595,Mouse Moved,219.0,18.0,User17,,
1490175675862,Mouse Moved,217.0,19.0,User17,,
1490175675904,Mouse Moved,216.0,20.0,User17,,
1490175675917,Mouse Moved,214.0,21.0,User17,,
1490175675938,Mouse Moved,213.0,21.0,User17,,
1490175676101,Mouse Moved,214.0,21.0,User17,,
1490175676102,Mouse Moved,214.0,21.0,User17,,
1490175676194,Mouse Moved,214.0,21.0,User17,,
1490175676196,Mouse Button.left Released,214.0,21.0,User17,,
1490175676211,Mouse Moved,213.0,22.0,User17,,
1490175678009,Mouse Moved,213.0,24.0,User17,,
1490175678025,Mouse Moved,213.0,25.0,User17,,
1490175678039,Mouse Moved,213.0,26.0,User17,,
1490175678069,Mouse Moved,216.0,33.0,User17,,
1490175678071,Mouse Moved,218.0,36.0,User17,,
1490175678084,Mouse Moved,221.0,43.0,User17,,
1490175678085,Mouse Moved,222.0,44.0,User17,,
1490175678101,Mouse Moved,225.0,50.0,User17,,
1490175678102,Mouse Moved,225.0,51.0,User17,,
1490175678115,Mouse Moved,228.0,55.0,User17,,
1490175678115,Mouse Moved,231.0,58.0,User17,,
1490175678130,Mouse Moved,232.0,59.0,User17,,
1490175678131,Mouse Moved,234.0,60.0,User17,,
1490175678144,Mouse Moved,237.0,60.0,User17,,
1490175678144,Mouse Moved,238.0,61.0,User17,,
1490175678164,Mouse Moved,240.0,61.0,User17,,
1490175678164,Mouse Moved,243.0,63.0,User17,,
1490175678174,Mouse Moved,246.0,63.0,User17,,
1490175678174,Mouse Moved,251.0,66.0,User17,,
1490175678197,Mouse Moved,253.0,67.0,User17,,
1490175678198,Mouse Moved,258.0,72.0,User17,,
1490175678200,Mouse Moved,261.0,75.0,User17,,
1490175678209,Mouse Moved,266.0,84.0,User17,,
1490175678229,Mouse Moved,280.0,120.0,User17,,
1490175678237,Mouse Moved,284.0,139.0,User17,,
1490175678257,Mouse Moved,303.0,217.0,User17,,
1490175678269,Mouse Moved,317.0,265.0,User17,,
1490175678282,Mouse Moved,330.0,325.0,User17,,
1490175678302,Mouse Moved,397.0,611.0,User17,,
1490175678313,Mouse Moved,416.0,709.0,User17,,
1490176145423,Mouse Moved,425.0,773.0,User17,,
1490176145443,Mouse Moved,420.0,767.0,User17,,
1490176145453,Mouse Moved,418.0,766.0,User17,,
1490176145473,Mouse Moved,416.0,761.0,User17,,
1490176145497,Mouse Moved,415.0,758.0,User17,,
1490176145519,Mouse Moved,413.0,755.0,User17,,
1490176145519,Mouse Moved,412.0,754.0,User17,,
1490176145549,Mouse Moved,411.0,752.0,User17,,
1490176145558,Mouse Moved,411.0,750.0,User17,,
1490176145578,Mouse Moved,408.0,748.0,User17,,
1490176145602,Mouse Moved,407.0,745.0,User17,,
1490176145604,Mouse Moved,402.0,742.0,User17,,
1490176145622,Mouse Moved,401.0,741.0,User17,,
1490176145624,Mouse Moved,399.0,740.0,User17,,
1490176145632,Mouse Moved,397.0,740.0,User17,,
1490176145654,Mouse Moved,397.0,738.0,User17,,
1490176145674,Mouse Moved,398.0,739.0,User17,,
1490176145676,Mouse Button.left Pressed,398.0,739.0,User17,,
1490176145767,Mouse Moved,398.0,739.0,User17,,
1490176145769,Mouse Button.left Released,398.0,739.0,User17,,
1490176146470,Mouse Moved,396.0,738.0,User17,,
1490176146713,Mouse Moved,395.0,738.0,User17,,
1490176146723,Mouse Moved,391.0,736.0,User17,,
1490176146743,Mouse Moved,380.0,724.0,User17,,
1490176146744,Mouse Moved,359.0,704.0,User17,,
1490176146746,Mouse Moved,338.0,683.0,User17,,
1490176146757,Mouse Moved,316.0,655.0,User17,,
1490176146759,Mouse Moved,299.0,632.0,User17,,
1490176146767,Mouse Moved,278.0,597.0,User17,,
1490176146788,Mouse Moved,258.0,560.0,User17,,
1490176146788,Mouse Moved,236.0,512.0,User17,,
1490176146789,Mouse Moved,223.0,482.0,User17,,
1490176146799,Mouse Moved,205.0,436.0,User17,,
1490176146819,Mouse Moved,192.0,405.0,User17,,
1490176146819,Mouse Moved,179.0,375.0,User17,,
1490176146821,Mouse Moved,170.0,350.0,User17,,
1490176146828,Mouse Moved,161.0,327.0,User17,,
1490176146848,Mouse Moved,155.0,313.0,User17,,
1490176146849,Mouse Moved,148.0,296.0,User17,,
1490176146862,Mouse Moved,145.0,289.0,User17,,
1490176146864,Mouse Moved,144.0,284.0,User17,,
1490176146872,Mouse Moved,142.0,283.0,User17,,
1490176146874,Mouse Moved,142.0,281.0,User17,,
1490176146887,Mouse Moved,141.0,280.0,User17,,
1490176146901,Mouse Moved,141.0,278.0,User17,,
1490176146953,Mouse Moved,140.0,278.0,User17,,
1490176146967,Mouse Moved,134.0,276.0,User17,,
1490176146977,Mouse Moved,132.0,274.0,User17,,
1490176146997,Mouse Moved,129.0,273.0,User17,,
1490176146999,Mouse Moved,124.0,270.0,User17,,
1490176147000,Mouse Moved,121.0,267.0,User17,,
1490176147007,Mouse Moved,120.0,264.0,User17,,
1490176147028,Mouse Moved,117.0,257.0,User17,,
1490176147029,Mouse Moved,111.0,248.0,User17,,
1490176147029,Mouse Moved,107.0,239.0,User17,,
1490176147038,Mouse Moved,106.0,232.0,User17,,
1490176147058,Mouse Moved,102.0,223.0,User17,,
1490176147059,Mouse Moved,98.0,214.0,User17,,
1490176147072,Mouse Moved,96.0,205.0,User17,,
1490176147073,Mouse Moved,95.0,200.0,User17,,
1490176147082,Mouse Moved,93.0,196.0,User17,,
1490176147084,Mouse Moved,93.0,191.0,User17,,
1490176147102,Mouse Moved,92.0,187.0,User17,,
1490176147104,Mouse Moved,92.0,186.0,User17,,
1490176147121,Mouse Moved,92.0,183.0,User17,,
1490176147121,Mouse Moved,92.0,182.0,User17,,
1490176147130,Mouse Moved,92.0,181.0,User17,,
1490176147148,Mouse Moved,92.0,180.0,User17,,
1490176147344,Mouse Moved,92.0,179.0,User17,,
1490176147374,Mouse Moved,92.0,178.0,User17,,
1490176147392,Mouse Moved,92.0,178.0,User17,,
1490176147394,Mouse Button.left Pressed,92.0,178.0,User17,,
1490176147479,Mouse Moved,92.0,178.0,User17,,
1490176147480,Mouse Button.left Released,92.0,178.0,User17,,
1490176148062,Mouse Moved,91.0,178.0,User17,,
1490176148091,Mouse Moved,84.0,176.0,User17,,
1490176148105,Mouse Moved,83.0,176.0,User17,,
1490176148121,Mouse Moved,80.0,175.0,User17,,
1490176148137,Mouse Moved,73.0,173.0,User17,,
1490176148158,Mouse Moved,61.0,170.0,User17,,
1490176148168,Mouse Moved,57.0,169.0,User17,,
1490176148188,Mouse Moved,55.0,168.0,User17,,
1490176148214,Mouse Moved,54.0,168.0,User17,,
1490176148256,Mouse Moved,54.0,169.0,User17,,
1490176148257,Mouse Moved,54.0,169.0,User17,,
1490176148259,Mouse Button.left Pressed,54.0,169.0,User17,,
1490176148351,Mouse Moved,54.0,169.0,User17,,
1490176148776,Mouse Moved,58.0,167.0,User17,,
1490176148786,Mouse Moved,62.0,165.0,User17,,
1490176148808,Mouse Moved,67.0,162.0,User17,,
1490176148809,Mouse Moved,71.0,160.0,User17,,
1490176148809,Mouse Moved,78.0,157.0,User17,,
1490176148818,Mouse Moved,82.0,156.0,User17,,
1490176148819,Mouse Moved,91.0,152.0,User17,,
1490176148838,Mouse Moved,126.0,139.0,User17,,
1490176148852,Mouse Moved,170.0,128.0,User17,,
1490176148862,Mouse Moved,198.0,121.0,User17,,
1490176148882,Mouse Moved,228.0,117.0,User17,,
1490176148884,Mouse Moved,277.0,107.0,User17,,
1490176148884,Mouse Moved,346.0,101.0,User17,,
1490176148892,Mouse Moved,414.0,97.0,User17,,
1490176148907,Mouse Moved,498.0,93.0,User17,,
1490176148907,Mouse Moved,588.0,90.0,User17,,
1490176148920,Mouse Moved,671.0,90.0,User17,,
1490176148921,Mouse Moved,754.0,90.0,User17,,
1490176148944,Mouse Moved,843.0,90.0,User17,,
1490176148944,Mouse Moved,915.0,90.0,User17,,
1490176148946,Mouse Moved,983.0,86.0,User17,,
1490176148960,Mouse Moved,1045.0,86.0,User17,,
1490176148960,Mouse Moved,1107.0,83.0,User17,,
1490176148969,Mouse Moved,1153.0,80.0,User17,,
1490176148989,Mouse Moved,1200.0,74.0,User17,,
1490176148990,Mouse Moved,1244.0,66.0,User17,,
1490176148990,Mouse Moved,1275.0,61.0,User17,,
1490176149000,Mouse Moved,1300.0,52.0,User17,,
1490176149019,Mouse Moved,1320.0,45.0,User17,,
1490176149019,Mouse Moved,1337.0,41.0,User17,,
1490176149020,Mouse Moved,1349.0,35.0,User17,,
1490176149029,Mouse Moved,1361.0,31.0,User17,,
1490176149049,Mouse Moved,1370.0,27.0,User17,,
1490176149049,Mouse Moved,1385.0,21.0,User17,,
1490176149065,Mouse Moved,1391.0,19.0,User17,,
1490176149065,Mouse Moved,1398.0,16.0,User17,,
1490176149075,Mouse Moved,1405.0,13.0,User17,,
1490176149075,Mouse Moved,1409.0,11.0,User17,,
1490176149095,Mouse Moved,1412.0,10.0,User17,,
1490176149095,Mouse Moved,1417.0,7.0,User17,,
1490176149105,Mouse Moved,1418.0,7.0,User17,,
1490176149105,Mouse Moved,1422.0,3.0,User17,,
1490176149118,Mouse Moved,1425.0,1.0,User17,,
1490176149132,Mouse Moved,1427.0,0.0,User17,,
1490176149134,Mouse Moved,1429.0,0.0,User17,,
1490176152497,Mouse Moved,1534.0,392.0,User17,,
1490176261681,Mouse Moved,926.0,329.0,User17,1536.0,775.0
1490176261694,Mouse Moved,927.0,335.0,User17,,
1490176261714,Mouse Moved,933.0,348.0,User17,,
1490176261723,Mouse Moved,935.0,352.0,User17,,
1490176261746,Mouse Moved,939.0,363.0,User17,,
1490176261755,Mouse Moved,939.0,367.0,User17,,
1490176261953,Mouse Moved,930.0,360.0,User17,,
1490176261971,Mouse Moved,925.0,358.0,User17,,
1490176261973,Mouse Moved,924.0,355.0,User17,,
1490176261973,Mouse Moved,921.0,354.0,User17,,
1490176261982,Mouse Moved,920.0,351.0,User17,,
1490176261996,Mouse Moved,919.0,350.0,User17,,
1490176262010,Mouse Moved,918.0,349.0,User17,,
1490176262032,Mouse Moved,915.0,348.0,User17,,
1490176262033,Mouse Moved,912.0,346.0,User17,,
1490176262042,Mouse Moved,909.0,345.0,User17,,
1490176262062,Mouse Moved,903.0,345.0,User17,,
1490176262063,Mouse Moved,902.0,345.0,User17,,
1490176262065,Mouse Moved,900.0,346.0,User17,,
1490176262072,Mouse Moved,895.0,348.0,User17,,
1490176262094,Mouse Moved,892.0,349.0,User17,,
1490176262095,Mouse Moved,891.0,350.0,User17,,
1490176262101,Mouse Moved,889.0,350.0,User17,,
1490176262117,Mouse Moved,887.0,351.0,User17,,
1490176262118,Mouse Moved,885.0,353.0,User17,,
1490176262131,Mouse Moved,882.0,354.0,User17,,
1490176262131,Mouse Moved,881.0,354.0,User17,,
1490176262145,Mouse Moved,878.0,355.0,User17,,
1490176262147,Mouse Moved,877.0,356.0,User17,,
1490176262161,Mouse Moved,876.0,358.0,User17,,
1490176262181,Mouse Moved,873.0,359.0,User17,,
1490176262183,Mouse Moved,871.0,359.0,User17,,
1490176262184,Mouse Moved,870.0,360.0,User17,,
1490176262207,Mouse Moved,867.0,361.0,User17,,
1490176262209,Mouse Moved,866.0,363.0,User17,,
1490176262220,Mouse Moved,865.0,363.0,User17,,
1490176262289,Mouse Moved,864.0,363.0,User17,,
1490176262584,Mouse Moved,853.0,343.0,User17,,
1490176262604,Mouse Moved,750.0,197.0,User17,,
1490176262615,Mouse Moved,704.0,144.0,User17,,
1490176262634,Mouse Moved,672.0,99.0,User17,,
1490176262635,Mouse Moved,640.0,54.0,User17,,
1490176262637,Mouse Moved,611.0,10.0,User17,,
1490176263065,Mouse Moved,585.0,11.0,User17,,
1490176263085,Mouse Moved,595.0,21.0,User17,,
1490176263085,Mouse Moved,608.0,36.0,User17,,
1490176263086,Mouse Moved,621.0,51.0,User17,,
1490176263095,Mouse Moved,643.0,75.0,User17,,
1490176263109,Mouse Moved,661.0,94.0,User17,,
1490176263111,Mouse Moved,683.0,118.0,User17,,
1490176263125,Mouse Moved,702.0,142.0,User17,,
1490176263127,Mouse Moved,718.0,165.0,User17,,
1490176263141,Mouse Moved,732.0,183.0,User17,,
1490176263141,Mouse Moved,745.0,200.0,User17,,
1490176263161,Mouse Moved,756.0,216.0,User17,,
1490176263163,Mouse Moved,764.0,230.0,User17,,
1490176263164,Mouse Moved,768.0,240.0,User17,,
1490176263173,Mouse Moved,774.0,252.0,User17,,
1490176263191,Mouse Moved,780.0,266.0,User17,,
1490176263193,Mouse Moved,789.0,284.0,User17,,
1490176263194,Mouse Moved,793.0,298.0,User17,,
1490176263201,Mouse Moved,797.0,315.0,User17,,
1490176263221,Mouse Moved,799.0,332.0,User17,,
1490176263223,Mouse Moved,801.0,346.0,User17,,
1490176263232,Mouse Moved,801.0,357.0,User17,,
1490176263233,Mouse Moved,801.0,363.0,User17,,
1490176263246,Mouse Moved,800.0,369.0,User17,,
1490176263246,Mouse Moved,796.0,379.0,User17,,
1490176263267,Mouse Moved,790.0,388.0,User17,,
1490176263269,Mouse Moved,785.0,398.0,User17,,
1490176263278,Mouse Moved,777.0,408.0,User17,,
1490176263279,Mouse Moved,769.0,418.0,User17,,
1490176263298,Mouse Moved,756.0,433.0,User17,,
1490176263299,Mouse Moved,745.0,448.0,User17,,
1490176263308,Mouse Moved,729.0,466.0,User17,,
1490176263328,Mouse Moved,718.0,486.0,User17,,
1490176263328,Mouse Moved,703.0,504.0,User17,,
1490176263329,Mouse Moved,692.0,516.0,User17,,
1490176263338,Mouse Moved,677.0,529.0,User17,,
1490176263351,Mouse Moved,664.0,545.0,User17,,
1490176263351,Mouse Moved,651.0,557.0,User17,,
1490176263374,Mouse Moved,641.0,565.0,User17,,
1490176263375,Mouse Moved,628.0,580.0,User17,,
1490176263375,Mouse Moved,618.0,588.0,User17,,
1490176263384,Mouse Moved,614.0,593.0,User17,,
1490176263411,Mouse Moved,606.0,603.0,User17,,
1490176263413,Mouse Moved,600.0,610.0,User17,,
1490176263414,Mouse Moved,595.0,617.0,User17,,
1490176263414,Mouse Moved,590.0,622.0,User17,,
1490176263434,Mouse Moved,589.0,625.0,User17,,
1490176263434,Mouse Moved,586.0,629.0,User17,,
1490176263434,Mouse Moved,581.0,634.0,User17,,
1490176263444,Mouse Moved,578.0,637.0,User17,,
1490176263457,Mouse Moved,575.0,638.0,User17,,
1490176263457,Mouse Moved,570.0,645.0,User17,,
1490176263480,Mouse Moved,568.0,646.0,User17,,
1490176263482,Mouse Moved,562.0,653.0,User17,,
1490176263483,Mouse Moved,555.0,658.0,User17,,
1490176263490,Mouse Moved,551.0,663.0,User17,,
1490176263502,Mouse Moved,549.0,666.0,User17,,
1490176263517,Mouse Moved,544.0,675.0,User17,,
1490176263519,Mouse Moved,541.0,682.0,User17,,
1490176263530,Mouse Moved,537.0,686.0,User17,,
1490176263532,Mouse Moved,534.0,695.0,User17,,
1490176263553,Mouse Moved,532.0,706.0,User17,,
1490176263555,Mouse Moved,532.0,711.0,User17,,
1490176263555,Mouse Moved,532.0,719.0,User17,,
1490176263569,Mouse Moved,532.0,727.0,User17,,
1490176263569,Mouse Moved,534.0,732.0,User17,,
1490176263578,Mouse Moved,537.0,740.0,User17,,
1490176263598,Mouse Moved,540.0,745.0,User17,,
1490176263599,Mouse Moved,545.0,750.0,User17,,
1490176263601,Mouse Moved,548.0,753.0,User17,,
1490176263608,Mouse Moved,552.0,757.0,User17,,
1490176263624,Mouse Moved,557.0,762.0,User17,,
1490176263625,Mouse Moved,564.0,767.0,User17,,
1490176263638,Mouse Moved,569.0,772.0,User17,,
1490176263640,Mouse Moved,570.0,773.0,User17,,
1490176264283,Mouse Moved,699.0,486.0,User17,,
1490176264285,Mouse Moved,763.0,366.0,User17,,
1490176264299,Mouse Moved,833.0,230.0,User17,,
1490176264301,Mouse Moved,903.0,104.0,User17,,
1490177525007,Mouse Moved,487.0,757.0,User17,1536.0,775.0
1490177525009,Mouse Moved,481.0,747.0,User17,,
1490177525019,Mouse Moved,471.0,735.0,User17,,
1490177525020,Mouse Moved,464.0,723.0,User17,,
1490177525035,Mouse Moved,456.0,710.0,User17,,
1490177525036,Mouse Moved,447.0,690.0,User17,,
1490177525056,Mouse Moved,436.0,673.0,User17,,
1490177525058,Mouse Moved,428.0,655.0,User17,,
1490177525059,Mouse Moved,416.0,626.0,User17,,
1490177525066,Mouse Moved,400.0,595.0,User17,,
1490177525079,Mouse Moved,387.0,565.0,User17,,
1490177525081,Mouse Moved,366.0,522.0,User17,,
1490177525096,Mouse Moved,341.0,479.0,User17,,
1490177525096,Mouse Moved,312.0,430.0,User17,,
1490177525115,Mouse Moved,291.0,392.0,User17,,
1490177525115,Mouse Moved,275.0,356.0,User17,,
1490177525125,Mouse Moved,253.0,313.0,User17,,
1490177525125,Mouse Moved,241.0,283.0,User17,,
1490177525141,Mouse Moved,234.0,263.0,User17,,
1490177525141,Mouse Moved,225.0,238.0,User17,,
1490177525155,Mouse Moved,223.0,221.0,User17,,
1490177525171,Mouse Moved,221.0,210.0,User17,,
1490177525173,Mouse Moved,219.0,196.0,User17,,
1490177525193,Mouse Moved,218.0,189.0,User17,,
1490177525194,Mouse Moved,216.0,181.0,User17,,
1490177525194,Mouse Moved,214.0,174.0,User17,,
1490177525203,Mouse Moved,213.0,168.0,User17,,
1490177525203,Mouse Moved,211.0,165.0,User17,,
1490177525223,Mouse Moved,211.0,161.0,User17,,
1490177525223,Mouse Moved,210.0,158.0,User17,,
1490177525232,Mouse Moved,210.0,157.0,User17,,
1490177525252,Mouse Moved,210.0,156.0,User17,,
1490177525290,Mouse Moved,209.0,154.0,User17,,
1490177525398,Mouse Moved,209.0,153.0,User17,,
1490177525428,Mouse Moved,207.0,148.0,User17,,
1490177525430,Mouse Moved,206.0,145.0,User17,,
1490177525448,Mouse Moved,204.0,142.0,User17,,
1490177525450,Mouse Moved,204.0,141.0,User17,,
1490177525459,Mouse Moved,204.0,136.0,User17,,
1490177525460,Mouse Moved,204.0,125.0,User17,,
1490177525473,Mouse Moved,204.0,121.0,User17,,
1490177525490,Mouse Moved,204.0,113.0,User17,,
1490177525490,Mouse Moved,204.0,108.0,User17,,
1490177525492,Mouse Moved,204.0,104.0,User17,,
1490177525503,Mouse Moved,204.0,100.0,User17,,
1490177525519,Mouse Moved,204.0,95.0,User17,,
1490177525519,Mouse Moved,204.0,93.0,User17,,
1490177525532,Mouse Moved,204.0,91.0,User17,,
1490177525533,Mouse Moved,204.0,90.0,User17,,
1490177525548,Mouse Moved,204.0,89.0,User17,,
1490177525562,Mouse Moved,204.0,87.0,User17,,
1490177525592,Mouse Moved,204.0,85.0,User17,,
1490177525668,Mouse Moved,192.0,101.0,User17,,
1490177525670,Mouse Moved,182.0,116.0,User17,,
1490177525683,Mouse Moved,173.0,131.0,User17,,
1490177525698,Mouse Moved,164.0,148.0,User17,,
1490177525700,Mouse Moved,155.0,171.0,User17,,
1490177525713,Mouse Moved,149.0,196.0,User17,,
1490177525713,Mouse Moved,144.0,221.0,User17,,
1490177525727,Mouse Moved,142.0,245.0,User17,,
1490177525729,Mouse Moved,140.0,273.0,User17,,
1490177525743,Mouse Moved,137.0,302.0,User17,,
1490177525743,Mouse Moved,137.0,327.0,User17,,
1490177525759,Mouse Moved,135.0,357.0,User17,,
1490177525759,Mouse Moved,135.0,376.0,User17,,
1490177525773,Mouse Moved,135.0,406.0,User17,,
1490177525773,Mouse Moved,135.0,433.0,User17,,
1490177525788,Mouse Moved,139.0,458.0,User17,,
1490177525789,Mouse Moved,146.0,483.0,User17,,
1490177525802,Mouse Moved,153.0,502.0,User17,,
1490177525803,Mouse Moved,162.0,525.0,User17,,
1490177525818,Mouse Moved,170.0,540.0,User17,,
1490177525819,Mouse Moved,174.0,552.0,User17,,
1490177525832,Mouse Moved,178.0,561.0,User17,,
1490177525834,Mouse Moved,179.0,564.0,User17,,
1490177525857,Mouse Moved,179.0,570.0,User17,,
1490177525862,Mouse Moved,181.0,571.0,User17,,
1490177525864,Mouse Moved,181.0,575.0,User17,,
1490177525878,Mouse Moved,181.0,579.0,User17,,
1490177525878,Mouse Moved,181.0,583.0,User17,,
1490177525880,Mouse Moved,181.0,583.0,User17,,
1490177525885,Mouse Moved,181.0,585.0,User17,,
1490177525894,Mouse Moved,181.0,586.0,User17,,
1490177525910,Mouse Moved,182.0,589.0,User17,,
1490177525917,Mouse Moved,185.0,595.0,User17,,
1490177525926,Mouse Moved,187.0,598.0,User17,,
1490177525937,Mouse Moved,194.0,609.0,User17,,
1490177525941,Mouse Moved,201.0,615.0,User17,,
1490177525947,Mouse Moved,211.0,623.0,User17,,
1490177525956,Mouse Moved,221.0,630.0,User17,,
1490177525963,Mouse Moved,230.0,636.0,User17,,
1490177525971,Mouse Moved,245.0,645.0,User17,,
1490177525980,Mouse Moved,257.0,651.0,User17,,
1490177525993,Mouse Moved,272.0,659.0,User17,,
1490177525996,Mouse Moved,279.0,663.0,User17,,
1490177526003,Mouse Moved,288.0,668.0,User17,,
1490177526012,Mouse Moved,293.0,671.0,User17,,
1490177526017,Mouse Moved,302.0,677.0,User17,,
1490177526026,Mouse Moved,314.0,685.0,User17,,
1490177526035,Mouse Moved,319.0,686.0,User17,,
1490177526043,Mouse Moved,330.0,694.0,User17,,
1490177526049,Mouse Moved,339.0,696.0,User17,,
1490177526058,Mouse Moved,348.0,699.0,User17,,
1490177526065,Mouse Moved,351.0,699.0,User17,,
1490177526075,Mouse Moved,353.0,699.0,User17,,
1490177526076,Mouse Button.left Released,353.0,699.0,User17,,
1490177526088,Mouse Moved,358.0,701.0,User17,,
1490177526088,Mouse Moved,360.0,701.0,User17,,
1490177526102,Mouse Moved,365.0,701.0,User17,,
1490177526118,Mouse Moved,366.0,701.0,User17,,
1490177526118,Mouse Moved,367.0,702.0,User17,,
1490177526132,Mouse Moved,369.0,702.0,User17,,
1490177526148,Mouse Moved,372.0,702.0,User17,,
1490177526148,Mouse Moved,377.0,703.0,User17,,
1490177526163,Mouse Moved,381.0,705.0,User17,,
1490177526164,Mouse Moved,387.0,706.0,User17,,
1490177526177,Mouse Moved,392.0,708.0,User17,,
1490177526178,Mouse Moved,401.0,711.0,User17,,
1490177526193,Mouse Moved,410.0,717.0,User17,,
1490177526194,Mouse Moved,416.0,719.0,User17,,
1490177526207,Mouse Moved,424.0,724.0,User17,,
1490177526209,Mouse Moved,428.0,726.0,User17,,
1490177526223,Mouse Moved,429.0,727.0,User17,,
1490177526224,Mouse Moved,432.0,728.0,User17,,
1490177526240,Mouse Moved,433.0,729.0,User17,,
1490177526464,Mouse Moved,430.0,729.0,User17,,
1490177526479,Mouse Moved,426.0,729.0,User17,,
1490177526480,Mouse Moved,423.0,729.0,User17,,
1490177526493,Mouse Moved,417.0,728.0,User17,,
1490177526507,Mouse Moved,413.0,726.0,User17,,
1490177526509,Mouse Moved,408.0,726.0,User17,,
1490177526523,Mouse Moved,402.0,723.0,User17,,
1490177526525,Mouse Moved,393.0,721.0,User17,,
1490177526538,Mouse Moved,388.0,720.0,User17,,
1490177526539,Mouse Moved,375.0,716.0,User17,,
1490177526552,Mouse Moved,367.0,714.0,User17,,
1490177526553,Mouse Moved,362.0,713.0,User17,,
1490177526568,Mouse Moved,358.0,713.0,User17,,
1490177526569,Mouse Moved,355.0,713.0,User17,,
1490177526582,Mouse Moved,352.0,711.0,User17,,
1490177526584,Mouse Moved,349.0,710.0,User17,,
1490177526598,Mouse Moved,347.0,708.0,User17,,
1490177526598,Mouse Moved,340.0,703.0,User17,,
1490177526614,Mouse Moved,335.0,700.0,User17,,
1490177526615,Mouse Moved,331.0,697.0,User17,,
1490177526628,Mouse Moved,326.0,694.0,User17,,
1490177526628,Mouse Moved,322.0,691.0,User17,,
1490177526644,Mouse Moved,315.0,688.0,User17,,
1490177526644,Mouse Moved,312.0,686.0,User17,,
1490177526657,Mouse Moved,311.0,686.0,User17,,
1490177526658,Mouse Moved,310.0,686.0,User17,,
1490177526703,Mouse Moved,310.0,690.0,User17,,
1490177526717,Mouse Moved,310.0,703.0,User17,,
1490177526719,Mouse Moved,312.0,714.0,User17,,
1490177526733,Mouse Moved,313.0,719.0,User17,,
1490177526734,Mouse Moved,317.0,728.0,User17,,
1490177526736,Mouse Moved,317.0,729.0,User17,,
1490177526747,Mouse Moved,319.0,733.0,User17,,
1490177526763,Mouse Moved,319.0,734.0,User17,,
1490177526763,Mouse Moved,321.0,735.0,User17,,
1490177526778,Mouse Moved,323.0,738.0,User17,,
1490177526792,Mouse Moved,329.0,742.0,User17,,
1490177526809,Mouse Moved,335.0,745.0,User17,,
1490177526809,Mouse Moved,337.0,745.0,User17,,
1490177526822,Mouse Moved,342.0,748.0,User17,,
1490177526823,Mouse Moved,344.0,749.0,User17,,
1490177526838,Mouse Moved,349.0,751.0,User17,,
1490177526838,Mouse Moved,350.0,752.0,User17,,
1490177526855,Mouse Moved,356.0,753.0,User17,,
1490177526855,Mouse Moved,360.0,755.0,User17,,
1490177526868,Mouse Moved,365.0,756.0,User17,,
1490177526868,Mouse Moved,366.0,756.0,User17,,
1490177526882,Mouse Moved,368.0,758.0,User17,,
1490177526898,Mouse Moved,370.0,758.0,User17,,
1490177526930,Mouse Moved,371.0,758.0,User17,,
1490177526943,Mouse Moved,373.0,760.0,User17,,
1490177526957,Mouse Moved,378.0,763.0,User17,,
1490177526974,Mouse Moved,381.0,763.0,User17,,
1490177526976,Mouse Moved,382.0,764.0,User17,,
1490177526989,Mouse Moved,383.0,764.0,User17,,
1490177527005,Mouse Moved,385.0,764.0,User17,,
1490177527019,Mouse Moved,387.0,766.0,User17,,
1490177527049,Mouse Moved,389.0,766.0,User17,,
1490177527063,Mouse Moved,390.0,766.0,User17,,
1490177527092,Mouse Moved,391.0,766.0,User17,,
1490177527148,Mouse Moved,391.0,765.0,User17,,
1490177527150,Mouse Button.left Pressed,391.0,765.0,User17,,
1490177527210,Mouse Moved,391.0,765.0,User17,,
1490177527486,Mouse Moved,386.0,750.0,User17,,
1490177527494,Mouse Moved,358.0,690.0,User17,,
1490177527500,Mouse Moved,321.0,616.0,User17,,
1490177527506,Mouse Moved,286.0,547.0,User17,,
1490177527509,Mouse Moved,249.0,473.0,User17,,
1490177527513,Mouse Moved,232.0,437.0,User17,,
1490177527528,Mouse Moved,194.0,358.0,User17,,
1490177527543,Mouse Moved,173.0,316.0,User17,,
1490177527545,Mouse Moved,160.0,285.0,User17,,
1490177527558,Mouse Moved,148.0,260.0,User17,,
1490177527559,Mouse Moved,142.0,240.0,User17,,
1490177527572,Mouse Moved,135.0,223.0,User17,,
1490177527573,Mouse Moved,131.0,211.0,User17,,
1490177527588,Mouse Moved,128.0,202.0,User17,,
1490177527589,Mouse Moved,126.0,196.0,User17,,
1490177527602,Mouse Moved,125.0,191.0,User17,,
1490177527604,Mouse Moved,123.0,188.0,User17,,
1490177527619,Mouse Moved,120.0,184.0,User17,,
1490177527619,Mouse Moved,119.0,177.0,User17,,
1490177527632,Mouse Moved,111.0,168.0,User17,,
1490177527634,Mouse Moved,108.0,163.0,User17,,
1490177527648,Mouse Moved,104.0,156.0,User17,,
1490177527648,Mouse Moved,101.0,152.0,User17,,
1490177527664,Mouse Moved,98.0,149.0,User17,,
1490177527665,Mouse Moved,97.0,148.0,User17,,
1490177527678,Mouse Moved,96.0,147.0,User17,,
1490177527694,Mouse Moved,96.0,145.0,User17,,
1490177528028,Mouse Moved,95.0,147.0,User17,,
1490177528049,Mouse Moved,95.0,148.0,User17,,
1490177528059,Mouse Moved,95.0,150.0,User17,,
1490177528091,Mouse Moved,95.0,153.0,User17,,
1490177528111,Mouse Moved,95.0,157.0,User17,,
1490177528111,Mouse Moved,95.0,160.0,User17,,
1490177528125,Mouse Moved,95.0,166.0,User17,,
1490177528125,Mouse Moved,95.0,167.0,User17,,
1490177528134,Mouse Moved,96.0,173.0,User17,,
1490177528150,Mouse Moved,98.0,179.0,User17,,
1490177528151,Mouse Moved,99.0,183.0,User17,,
1490177528163,Mouse Moved,99.0,188.0,User17,,
1490177528164,Mouse Moved,101.0,192.0,User17,,
1490177528177,Mouse Moved,102.0,197.0,User17,,
1490177528178,Mouse Moved,104.0,201.0,User17,,
1490177528194,Mouse Moved,105.0,203.0,User17,,
1490177528194,Mouse Moved,105.0,204.0,User17,,
1490177528209,Mouse Moved,105.0,205.0,User17,,
1490177528237,Mouse Moved,105.0,206.0,User17,,
1490177528298,Mouse Moved,106.0,207.0,User17,,
1490177528312,Mouse Moved,106.0,208.0,User17,,
1490177528335,Mouse Moved,106.0,211.0,User17,,
1490177528365,Mouse Moved,109.0,212.0,User17,,
1490177528365,Mouse Moved,114.0,217.0,User17,,
1490177528367,Mouse Moved,121.0,220.0,User17,,
1490177528375,Mouse Moved,130.0,226.0,User17,,
1490177528394,Mouse Moved,139.0,230.0,User17,,
1490177528395,Mouse Moved,149.0,235.0,User17,,
1490177528397,Mouse Moved,159.0,241.0,User17,,
1490177528404,Mouse Moved,173.0,248.0,User17,,
1490177528418,Mouse Moved,180.0,251.0,User17,,
1490177528420,Mouse Moved,189.0,255.0,User17,,
1490177528440,Mouse Moved,203.0,261.0,User17,,
1490177528450,Mouse Moved,207.0,262.0,User17,,
1490177528470,Mouse Moved,210.0,262.0,User17,,
1490177528471,Mouse Moved,211.0,263.0,User17,,
1490177528473,Mouse Moved,214.0,265.0,User17,,
1490177528480,Mouse Moved,215.0,266.0,User17,,
1490177528500,Mouse Moved,217.0,267.0,User17,,
1490177528502,Mouse Moved,220.0,268.0,User17,,
1490177528510,Mouse Moved,221.0,270.0,User17,,
1490177528512,Mouse Moved,224.0,271.0,User17,,
1490177528523,Mouse Moved,225.0,272.0,User17,,
1490177528546,Mouse Moved,228.0,273.0,User17,,
1490177528546,Mouse Moved,229.0,275.0,User17,,
1490177528555,Mouse Moved,230.0,276.0,User17,,
1490177528575,Mouse Moved,231.0,276.0,User17,,
1490177528615,Mouse Moved,232.0,280.0,User17,,
1490177528630,Mouse Moved,237.0,286.0,User17,,
1490177528631,Mouse Moved,243.0,296.0,User17,,
1490177528644,Mouse Moved,246.0,301.0,User17,,
1490177528644,Mouse Moved,249.0,303.0,User17,,
1490177528661,Mouse Moved,252.0,308.0,User17,,
1490177528663,Mouse Moved,253.0,309.0,User17,,
1490177528674,Mouse Moved,255.0,310.0,User17,,
1490177528676,Mouse Moved,256.0,313.0,User17,,
1490177528690,Mouse Moved,257.0,314.0,User17,,
1490177528713,Mouse Moved,257.0,315.0,User17,,
1490177528723,Mouse Moved,258.0,318.0,User17,,
1490177528736,Mouse Moved,258.0,320.0,User17,,
1490177528759,Mouse Moved,260.0,323.0,User17,,
1490177528760,Mouse Moved,261.0,326.0,User17,,
1490177528770,Mouse Moved,261.0,327.0,User17,,
1490177528789,Mouse Moved,261.0,330.0,User17,,
1490177528799,Mouse Moved,263.0,333.0,User17,,
1490177528801,Mouse Moved,263.0,335.0,User17,,
1490177528819,Mouse Moved,263.0,336.0,User17,,
1490177528829,Mouse Moved,263.0,339.0,User17,,
1490177528831,Mouse Moved,263.0,340.0,User17,,
1490177528858,Mouse Moved,263.0,341.0,User17,,
1490177528914,Mouse Moved,262.0,341.0,User17,,
1490177528915,Mouse Button.left Pressed,262.0,341.0,User17,,
1490177528992,Mouse Moved,262.0,341.0,User17,,
1490177528993,Mouse Button.left Released,262.0,341.0,User17,,
1490177529092,Mouse Moved,263.0,336.0,User17,,
1490177529101,Mouse Moved,263.0,331.0,User17,,
1490177529101,Mouse Moved,263.0,327.0,User17,,
1490177529121,Mouse Moved,263.0,321.0,User17,,
1490177529122,Mouse Moved,263.0,315.0,User17,,
1490177529131,Mouse Moved,263.0,309.0,User17,,
1490177529151,Mouse Moved,264.0,304.0,User17,,
1490177529151,Mouse Moved,264.0,300.0,User17,,
1490177529153,Mouse Moved,264.0,295.0,User17,,
1490177529161,Mouse Moved,266.0,291.0,User17,,
1490177529174,Mouse Moved,266.0,288.0,User17,,
1490177529176,Mouse Moved,266.0,287.0,User17,,
1490177529190,Mouse Moved,267.0,284.0,User17,,
1490177529190,Mouse Moved,267.0,283.0,User17,,
1490177529204,Mouse Moved,270.0,277.0,User17,,
1490177529229,Mouse Moved,271.0,273.0,User17,,
1490177529239,Mouse Moved,271.0,272.0,User17,,
1490177529259,Mouse Moved,272.0,270.0,User17,,
1490177529273,Mouse Moved,272.0,268.0,User17,,
1490177529282,Mouse Moved,273.0,267.0,User17,,
1490177529321,Mouse Moved,274.0,264.0,User17,,
1490177529334,Mouse Moved,274.0,265.0,User17,,
1490177529335,Mouse Moved,274.0,265.0,User17,,
1490177529404,Mouse Moved,274.0,265.0,User17,,
1490177529516,Mouse Moved,269.0,263.0,User17,,
1490177529517,Mouse Moved,257.0,259.0,User17,,
1490177529519,Mouse Moved,243.0,255.0,User17,,
1490177529526,Mouse Moved,228.0,251.0,User17,,
1490177529546,Mouse Moved,211.0,244.0,User17,,
1490177529546,Mouse Moved,194.0,238.0,User17,,
1490177529548,Mouse Moved,177.0,232.0,User17,,
1490177529555,Mouse Moved,165.0,228.0,User17,,
1490177529568,Mouse Moved,153.0,224.0,User17,,
1490177529667,Mouse Moved,144.0,222.0,User17,,
1490177529668,Mouse Moved,140.0,220.0,User17,,
1490177529670,Mouse Moved,137.0,220.0,User17,,
1490177529671,Mouse Moved,134.0,219.0,User17,,
1490177529671,Mouse Moved,133.0,219.0,User17,,
1490177529673,Mouse Moved,132.0,219.0,User17,,
1490177529674,Mouse Moved,129.0,219.0,User17,,
1490177529674,Mouse Moved,127.0,219.0,User17,,
1490177529674,Mouse Moved,124.0,219.0,User17,,
1490177529676,Mouse Moved,123.0,219.0,User17,,
1490177529677,Mouse Moved,120.0,219.0,User17,,
1490177529677,Mouse Moved,118.0,218.0,User17,,
1490177529687,Mouse Moved,115.0,218.0,User17,,
1490177529688,Mouse Moved,114.0,218.0,User17,,
1490177529703,Mouse Moved,110.0,216.0,User17,,
1490177529703,Mouse Moved,107.0,216.0,User17,,
1490177529717,Mouse Moved,106.0,216.0,User17,,
1490177529733,Mouse Moved,104.0,216.0,User17,,
1490177529733,Mouse Moved,101.0,215.0,User17,,
1490177529747,Mouse Moved,98.0,215.0,User17,,
1490177529749,Mouse Moved,97.0,215.0,User17,,
1490177529763,Mouse Moved,95.0,215.0,User17,,
1490177529808,Mouse Moved,93.0,215.0,User17,,
1490177530400,Mouse Moved,94.0,215.0,User17,,
1490177530401,Mouse Moved,94.0,215.0,User17,,
1490177530486,Mouse Moved,94.0,215.0,User17,,
1490177530632,Mouse Moved,91.0,209.0,User17,,
1490177530651,Mouse Moved,91.0,208.0,User17,,
1490177530653,Mouse Moved,89.0,205.0,User17,,
1490177530654,Mouse Moved,88.0,203.0,User17,,
1490177530667,Mouse Moved,85.0,199.0,User17,,
1490177530693,Mouse Moved,84.0,195.0,User17,,
1490177530710,Mouse Moved,83.0,190.0,User17,,
1490177530733,Mouse Moved,83.0,187.0,User17,,
1490177530734,Mouse Moved,82.0,186.0,User17,,
1490177530747,Mouse Moved,82.0,185.0,User17,,
1490177530749,Mouse Moved,82.0,182.0,User17,,
1490177530755,Mouse Moved,82.0,181.0,User17,,
1490177530773,Mouse Moved,82.0,180.0,User17,,
1490177530782,Mouse Moved,80.0,177.0,User17,,
1490177530806,Mouse Moved,80.0,176.0,User17,,
1490177530836,Mouse Moved,80.0,174.0,User17,,
1490177530914,Mouse Moved,81.0,174.0,User17,,
1490177530915,Mouse Moved,81.0,174.0,User17,,
1490177530920,Mouse Button.left Pressed,81.0,174.0,User17,,
1490177531000,Mouse Moved,81.0,174.0,User17,,
1490177531336,Mouse Moved,80.0,176.0,User17,,
1490177531338,Mouse Moved,80.0,179.0,User17,,
1490177531346,Mouse Moved,80.0,182.0,User17,,
1490177531368,Mouse Moved,79.0,183.0,User17,,
1490177531369,Mouse Moved,79.0,185.0,User17,,
1490177531397,Mouse Moved,79.0,186.0,User17,,
1490177531398,Mouse Moved,79.0,189.0,User17,,
1490177531421,Mouse Moved,79.0,192.0,User17,,
1490177531440,Mouse Moved,79.0,194.0,User17,,
1490177531450,Mouse Moved,79.0,195.0,User17,,
1490177531470,Mouse Moved,79.0,197.0,User17,,
1490177531522,Mouse Moved,79.0,196.0,User17,,
1490177531523,Mouse Moved,79.0,196.0,User17,,
1490177531621,Mouse Moved,79.0,196.0,User17,,
1490177531622,Mouse Button.left Released,79.0,196.0,User17,,
1490177532299,Mouse Moved,87.0,203.0,User17,,
1490177532309,Mouse Moved,99.0,209.0,User17,,
1490177532309,Mouse Moved,111.0,217.0,User17,,
1490177532329,Mouse Moved,126.0,226.0,User17,,
1490177532331,Mouse Moved,146.0,234.0,User17,,
1490177532339,Mouse Moved,169.0,248.0,User17,,
1490177532341,Mouse Moved,196.0,265.0,User17,,
1490177532354,Mouse Moved,227.0,281.0,User17,,
1490177532355,Mouse Moved,255.0,298.0,User17,,
1490177532374,Mouse Moved,291.0,315.0,User17,,
1490177532375,Mouse Moved,318.0,330.0,User17,,
1490177532384,Mouse Moved,338.0,343.0,User17,,
1490177532404,Mouse Moved,358.0,355.0,User17,,
1490177532404,Mouse Moved,376.0,363.0,User17,,
1490177532405,Mouse Moved,393.0,374.0,User17,,
1490177532414,Mouse Moved,405.0,380.0,User17,,
1490177532434,Mouse Moved,415.0,386.0,User17,,
1490177532434,Mouse Moved,418.0,389.0,User17,,
1490177532436,Mouse Moved,419.0,390.0,User17,,
1490177532543,Mouse Moved,419.0,391.0,User17,,
1490177532568,Mouse Moved,418.0,392.0,User17,,
1490177532589,Mouse Moved,408.0,399.0,User17,,
1490177532601,Mouse Moved,399.0,403.0,User17,,
1490177532601,Mouse Moved,385.0,405.0,User17,,
1490177532611,Mouse Moved,371.0,407.0,User17,,
1490177532627,Mouse Moved,354.0,409.0,User17,,
1490177532628,Mouse Moved,338.0,409.0,User17,,
1490177532628,Mouse Moved,321.0,409.0,User17,,
1490177532641,Mouse Moved,315.0,410.0,User17,,
1490177532655,Mouse Moved,306.0,410.0,User17,,
1490177532657,Mouse Moved,302.0,410.0,User17,,
1490177532671,Mouse Moved,301.0,410.0,User17,,
1490177532696,Mouse Moved,302.0,410.0,User17,,
1490177532697,Mouse Moved,302.0,410.0,User17,,
1490177532782,Mouse Moved,302.0,410.0,User17,,
1490177532783,Mouse Button.left Released,302.0,410.0,User17,,
1490177536394,Mouse Moved,301.0,409.0,User17,,
1490177536408,Mouse Moved,300.0,405.0,User17,,
1490177536424,Mouse Moved,277.0,356.0,User17,,
1490177536438,Mouse Moved,270.0,341.0,User17,,
1490177536453,Mouse Moved,269.0,341.0,User17,,
1490177536513,Mouse Moved,267.0,338.0,User17,,
1490177536529,Mouse Moved,250.0,316.0,User17,,
1490177536546,Mouse Moved,230.0,271.0,User17,,
1490177536559,Mouse Moved,222.0,256.0,User17,,
1490177536573,Mouse Moved,222.0,253.0,User17,,
1490177537266,Mouse Moved,269.0,301.0,User17,,
1490177537279,Mouse Moved,329.0,354.0,User17,,
1490177537296,Mouse Moved,367.0,378.0,User17,,
1490177537309,Mouse Moved,397.0,395.0,User17,,
1490177537325,Mouse Moved,434.0,411.0,User17,,
1490177537339,Mouse Moved,458.0,425.0,User17,,
1490177537359,Mouse Moved,486.0,442.0,User17,,
1490177537369,Mouse Moved,506.0,459.0,User17,,
1490177537384,Mouse Moved,519.0,476.0,User17,,
1490177537401,Mouse Moved,526.0,490.0,User17,,
1490177537414,Mouse Moved,529.0,501.0,User17,,
1490177537430,Mouse Moved,531.0,506.0,User17,,
1490177537444,Mouse Moved,537.0,519.0,User17,,
1490177537460,Mouse Moved,547.0,530.0,User17,,
1490177537474,Mouse Moved,563.0,538.0,User17,,
1490177537490,Mouse Moved,574.0,542.0,User17,,
1490177537505,Mouse Moved,577.0,545.0,User17,,
1490177537519,Mouse Moved,578.0,545.0,User17,,
1490177537535,Mouse Moved,578.0,548.0,User17,,
1490177537549,Mouse Moved,580.0,565.0,User17,,
1490177537565,Mouse Moved,580.0,574.0,User17,,
1490177537579,Mouse Moved,582.0,589.0,User17,,
1490177537595,Mouse Moved,582.0,605.0,User17,,
1490177537609,Mouse Moved,582.0,630.0,User17,,
1490177537625,Mouse Moved,580.0,650.0,User17,,
1490177537640,Mouse Moved,578.0,659.0,User17,,
1490177537654,Mouse Moved,576.0,676.0,User17,,
1490177537671,Mouse Moved,573.0,690.0,User17,,
1490177537687,Mouse Moved,572.0,694.0,User17,,
1490177537700,Mouse Moved,567.0,705.0,User17,,
1490177537713,Mouse Moved,561.0,716.0,User17,,
1490177537729,Mouse Moved,555.0,725.0,User17,,
1490177537743,Mouse Moved,552.0,733.0,User17,,
1490177537762,Mouse Moved,550.0,738.0,User17,,
1490177537776,Mouse Moved,548.0,742.0,User17,,
1490177537789,Mouse Moved,548.0,747.0,User17,,
1490177537803,Mouse Moved,547.0,748.0,User17,,
1490177537821,Mouse Moved,546.0,749.0,User17,,
1490177537835,Mouse Moved,545.0,749.0,User17,,
1490177537864,Mouse Moved,543.0,744.0,User17,,
1490177537865,Mouse Moved,543.0,739.0,User17,,
1490177537878,Mouse Moved,545.0,735.0,User17,,
1490177537880,Mouse Moved,546.0,734.0,User17,,
1490177537924,Mouse Moved,549.0,724.0,User17,,
1490177538016,Mouse Moved,549.0,720.0,User17,,
1490177538040,Mouse Moved,549.0,707.0,User17,,
1490177538042,Mouse Moved,547.0,691.0,User17,,
1490177538046,Mouse Moved,541.0,678.0,User17,,
1490177538048,Mouse Moved,537.0,669.0,User17,,
1490177538059,Mouse Moved,529.0,652.0,User17,,
1490177538073,Mouse Moved,526.0,652.0,User17,,
1490177538075,Mouse Moved,525.0,653.0,User17,,
1490177538088,Mouse Moved,524.0,653.0,User17,,
1490177538089,Mouse Moved,521.0,654.0,User17,,
1490177538104,Mouse Moved,515.0,658.0,User17,,
1490177538105,Mouse Moved,508.0,661.0,User17,,
1490177538118,Mouse Moved,498.0,667.0,User17,,
1490177538119,Mouse Moved,484.0,675.0,User17,,
1490177538134,Mouse Moved,469.0,684.0,User17,,
1490177538135,Mouse Moved,451.0,695.0,User17,,
1490177538148,Mouse Moved,439.0,703.0,User17,,
1490177538150,Mouse Moved,424.0,709.0,User17,,
1490177538164,Mouse Moved,412.0,717.0,User17,,
1490177538164,Mouse Moved,407.0,720.0,User17,,
1490177538178,Mouse Moved,404.0,725.0,User17,,
1490177538180,Mouse Moved,399.0,730.0,User17,,
1490177538194,Mouse Moved,398.0,731.0,User17,,
1490177538194,Mouse Moved,398.0,732.0,User17,,
1490177538209,Mouse Moved,398.0,734.0,User17,,
1490177538226,Mouse Moved,401.0,737.0,User17,,
1490177538227,Mouse Moved,410.0,743.0,User17,,
1490177538239,Mouse Moved,434.0,751.0,User17,,
1490177538255,Mouse Moved,470.0,757.0,User17,,
1490177538269,Mouse Moved,489.0,759.0,User17,,
1490177538283,Mouse Moved,506.0,759.0,User17,,
1490177538285,Mouse Moved,522.0,759.0,User17,,
1490177538299,Mouse Moved,539.0,759.0,User17,,
1490177538301,Mouse Moved,552.0,759.0,User17,,
1490177538313,Mouse Moved,563.0,759.0,User17,,
1490177538315,Mouse Moved,566.0,758.0,User17,,
1490177538328,Mouse Moved,571.0,758.0,User17,,
1490177538420,Mouse Moved,575.0,759.0,User17,,
1490177538434,Mouse Moved,580.0,762.0,User17,,
1490177538436,Mouse Moved,584.0,765.0,User17,,
1490177538448,Mouse Moved,593.0,773.0,User17,,
1490177603155,Mouse Moved,886.0,735.0,User17,,
1490177603829,Mouse Moved,879.0,735.0,User17,,
1490177603845,Mouse Moved,874.0,735.0,User17,,
1490177603859,Mouse Moved,873.0,735.0,User17,,
1490177603875,Mouse Moved,870.0,736.0,User17,,
1490177603890,Mouse Moved,864.0,739.0,User17,,
1490177603905,Mouse Moved,857.0,742.0,User17,,
1490177603920,Mouse Moved,853.0,745.0,User17,,
1490177603934,Mouse Moved,849.0,746.0,User17,,
1490177603950,Mouse Moved,848.0,747.0,User17,,
1490177603966,Mouse Moved,842.0,752.0,User17,,
1490177603980,Mouse Moved,835.0,757.0,User17,,
1490177603980,Mouse Moved,825.0,763.0,User17,,
1490177603994,Mouse Moved,816.0,769.0,User17,,
1490177604115,Mouse Moved,564.0,774.0,User17,,
1490177604130,Mouse Moved,529.0,769.0,User17,,
1490177604131,Mouse Moved,502.0,766.0,User17,,
1490177604144,Mouse Moved,480.0,764.0,User17,,
1490177604145,Mouse Moved,455.0,764.0,User17,,
1490177604163,Mouse Moved,438.0,762.0,User17,,
1490177604164,Mouse Moved,427.0,762.0,User17,,
1490177604183,Mouse Moved,406.0,760.0,User17,,
1490177604197,Mouse Moved,402.0,760.0,User17,,
1490177604207,Mouse Moved,401.0,760.0,User17,,
1490177604227,Mouse Moved,401.0,759.0,User17,,
1490177604237,Mouse Moved,400.0,759.0,User17,,
1490177604288,Mouse Moved,398.0,759.0,User17,,
1490177604289,Mouse Moved,391.0,759.0,User17,,
1490177604302,Mouse Moved,385.0,759.0,User17,,
1490177604303,Mouse Moved,377.0,759.0,User17,,
1490177604312,Mouse Moved,371.0,759.0,User17,,
1490177604332,Mouse Moved,363.0,759.0,User17,,
1490177604334,Mouse Moved,358.0,758.0,User17,,
1490177604335,Mouse Moved,350.0,758.0,User17,,
1490177604342,Mouse Moved,349.0,758.0,User17,,
1490177604362,Mouse Moved,348.0,758.0,User17,,
1490177604520,Mouse Moved,348.0,757.0,User17,,
1490177604536,Mouse Moved,353.0,755.0,User17,,
1490177604536,Mouse Moved,359.0,755.0,User17,,
1490177604551,Mouse Moved,366.0,754.0,User17,,
1490177604552,Mouse Moved,370.0,754.0,User17,,
1490177604565,Mouse Moved,378.0,754.0,User17,,
1490177604566,Mouse Moved,384.0,754.0,User17,,
1490177604581,Mouse Moved,390.0,754.0,User17,,
1490177604582,Mouse Moved,395.0,754.0,User17,,
1490177604595,Mouse Moved,399.0,754.0,User17,,
1490177604596,Mouse Moved,400.0,754.0,User17,,
1490177604618,Mouse Moved,403.0,754.0,User17,,
1490177604619,Mouse Moved,404.0,752.0,User17,,
1490177606608,Mouse Moved,405.0,752.0,User17,,
1490177606608,Mouse Moved,423.0,752.0,User17,,
1490177606611,Mouse Moved,437.0,752.0,User17,,
1490177606614,Mouse Moved,451.0,752.0,User17,,
1490177606615,Mouse Moved,476.0,752.0,User17,,
1490177606617,Mouse Moved,489.0,752.0,User17,,
1490177606618,Mouse Moved,500.0,752.0,User17,,
1490177606618,Mouse Moved,520.0,752.0,User17,,
1490177606619,Mouse Moved,535.0,754.0,User17,,
1490177606621,Mouse Moved,543.0,754.0,User17,,
1490177606622,Mouse Moved,550.0,754.0,User17,,
1490177606624,Mouse Moved,556.0,754.0,User17,,
1490177606625,Mouse Moved,557.0,754.0,User17,,
1490177606627,Mouse Moved,560.0,754.0,User17,,
1490177606628,Mouse Moved,565.0,754.0,User17,,
1490177606628,Mouse Moved,571.0,754.0,User17,,
1490177606630,Mouse Moved,574.0,754.0,User17,,
1490177606631,Mouse Moved,585.0,754.0,User17,,
1490177606631,Mouse Moved,591.0,754.0,User17,,
1490177606638,Mouse Moved,598.0,754.0,User17,,
1490177606654,Mouse Moved,603.0,754.0,User17,,
1490177606655,Mouse Moved,607.0,754.0,User17,,
1490177606671,Mouse Moved,608.0,754.0,User17,,
1490177606684,Mouse Moved,609.0,754.0,User17,,
1490177606698,Mouse Moved,610.0,754.0,User17,,
1490177606713,Mouse Moved,612.0,754.0,User17,,
1490177606730,Mouse Moved,613.0,754.0,User17,,
1490177606759,Mouse Moved,614.0,753.0,User17,,
1490177606773,Mouse Moved,616.0,753.0,User17,,
1490177606789,Mouse Moved,618.0,752.0,User17,,
1490177606819,Mouse Moved,619.0,752.0,User17,,
1490177606835,Mouse Moved,620.0,752.0,User17,,
1490177606864,Mouse Moved,621.0,751.0,User17,,
1490177606878,Mouse Moved,622.0,749.0,User17,,
1490177606894,Mouse Moved,625.0,749.0,User17,,
1490177606911,Mouse Moved,627.0,748.0,User17,,
1490177606924,Mouse Moved,630.0,747.0,User17,,
1490177606940,Mouse Moved,631.0,745.0,User17,,
1490177606940,Mouse Moved,634.0,744.0,User17,,
1490177606953,Mouse Moved,635.0,744.0,User17,,
1490177606969,Mouse Moved,636.0,743.0,User17,,
1490177607013,Mouse Moved,637.0,742.0,User17,,
1490177607029,Mouse Moved,640.0,741.0,User17,,
1490177607043,Mouse Moved,645.0,736.0,User17,,
1490177607059,Mouse Moved,648.0,734.0,User17,,
1490177607073,Mouse Moved,652.0,730.0,User17,,
1490177607089,Mouse Moved,658.0,726.0,User17,,
1490177607089,Mouse Moved,659.0,723.0,User17,,
1490177607114,Mouse Moved,662.0,722.0,User17,,
1490177607115,Mouse Moved,665.0,719.0,User17,,
1490177607118,Mouse Moved,666.0,718.0,User17,,
1490177607119,Mouse Moved,667.0,717.0,User17,,
1490177607134,Mouse Moved,668.0,715.0,User17,,
1490177607150,Mouse Moved,669.0,715.0,User17,,
1490177607194,Mouse Moved,669.0,714.0,User17,,
1490177607315,Mouse Moved,667.0,714.0,User17,,
1490177607316,Mouse Moved,664.0,714.0,User17,,
1490177607328,Mouse Moved,658.0,714.0,User17,,
1490177607329,Mouse Moved,654.0,714.0,User17,,
1490177607348,Mouse Moved,649.0,714.0,User17,,
1490177607348,Mouse Moved,639.0,714.0,User17,,
1490177607358,Mouse Moved,631.0,714.0,User17,,
1490177607359,Mouse Moved,621.0,710.0,User17,,
1490177607374,Mouse Moved,612.0,709.0,User17,,
1490177607375,Mouse Moved,603.0,703.0,User17,,
1490177607388,Mouse Moved,596.0,700.0,User17,,
1490177607390,Mouse Moved,586.0,692.0,User17,,
1490177607404,Mouse Moved,581.0,687.0,User17,,
1490177607404,Mouse Moved,577.0,682.0,User17,,
1490177607420,Mouse Moved,564.0,672.0,User17,,
1490177607421,Mouse Moved,554.0,662.0,User17,,
1490177607434,Mouse Moved,544.0,652.0,User17,,
1490177607448,Mouse Moved,534.0,642.0,User17,,
1490177607450,Mouse Moved,521.0,626.0,User17,,
1490177607463,Mouse Moved,498.0,604.0,User17,,
1490177607479,Mouse Moved,483.0,589.0,User17,,
1490177607493,Mouse Moved,474.0,579.0,User17,,
1490177607509,Mouse Moved,470.0,575.0,User17,,
1490177607523,Mouse Moved,469.0,574.0,User17,,
1490177607525,Mouse Moved,468.0,573.0,User17,,
1490177607545,Mouse Moved,467.0,572.0,User17,,
1490177607584,Mouse Moved,465.0,571.0,User17,,
1490177607599,Mouse Moved,464.0,571.0,User17,,
1490177608082,Mouse Moved,464.0,568.0,User17,,
1490177608084,Mouse Moved,459.0,555.0,User17,,
1490177608098,Mouse Moved,452.0,541.0,User17,,
1490177608098,Mouse Moved,446.0,526.0,User17,,
1490177608117,Mouse Moved,437.0,509.0,User17,,
1490177608118,Mouse Moved,426.0,488.0,User17,,
1490177608128,Mouse Moved,415.0,466.0,User17,,
1490177608128,Mouse Moved,404.0,448.0,User17,,
1490177608142,Mouse Moved,393.0,430.0,User17,,
1490177608144,Mouse Moved,382.0,418.0,User17,,
1490177608158,Mouse Moved,367.0,405.0,User17,,
1490177608173,Mouse Moved,357.0,397.0,User17,,
1490177608174,Mouse Moved,350.0,392.0,User17,,
1490177608187,Mouse Moved,341.0,388.0,User17,,
1490177608188,Mouse Moved,332.0,388.0,User17,,
1490177608213,Mouse Moved,328.0,388.0,User17,,
1490177608213,Mouse Moved,324.0,388.0,User17,,
1490177608213,Mouse Moved,323.0,388.0,User17,,
1490177608214,Mouse Moved,318.0,396.0,User17,,
1490177608223,Mouse Moved,309.0,418.0,User17,,
1490177608243,Mouse Moved,309.0,455.0,User17,,
1490177608243,Mouse Moved,319.0,525.0,User17,,
1490177608256,Mouse Moved,342.0,603.0,User17,,
1490177608257,Mouse Moved,372.0,682.0,User17,,
1490177608267,Mouse Moved,390.0,759.0,User17,,
1490177608526,Mouse Moved,413.0,766.0,User17,,
1490177608526,Mouse Moved,399.0,760.0,User17,,
1490177608546,Mouse Moved,387.0,754.0,User17,,
1490177608548,Mouse Moved,372.0,748.0,User17,,
1490177608556,Mouse Moved,360.0,744.0,User17,,
1490177608558,Mouse Moved,351.0,740.0,User17,,
1490177608569,Mouse Moved,345.0,738.0,User17,,
1490177608584,Mouse Moved,336.0,737.0,User17,,
1490177608585,Mouse Moved,333.0,735.0,User17,,
1490177608599,Mouse Moved,330.0,735.0,User17,,
1490177608601,Mouse Moved,329.0,735.0,User17,,
1490177608617,Mouse Moved,328.0,735.0,User17,,
1490177608631,Mouse Moved,325.0,735.0,User17,,
1490177608651,Mouse Moved,324.0,735.0,User17,,
1490177608651,Mouse Moved,322.0,735.0,User17,,
1490177608677,Mouse Moved,321.0,735.0,User17,,
1490177608678,Mouse Moved,321.0,736.0,User17,,
1490177608690,Mouse Moved,319.0,736.0,User17,,
1490177608836,Mouse Moved,319.0,738.0,User17,,
1490177608838,Mouse Moved,322.0,739.0,User17,,
1490177608865,Mouse Moved,325.0,742.0,User17,,
1490177608865,Mouse Moved,328.0,742.0,User17,,
1490177608875,Mouse Moved,330.0,743.0,User17,,
1490177608891,Mouse Moved,331.0,744.0,User17,,
1490177608891,Mouse Moved,334.0,746.0,User17,,
1490177608910,Mouse Moved,337.0,747.0,User17,,
1490177608911,Mouse Moved,343.0,749.0,User17,,
1490177608911,Mouse Moved,344.0,750.0,User17,,
1490177608920,Mouse Moved,347.0,751.0,User17,,
1490177608933,Mouse Moved,348.0,751.0,User17,,
1490177608934,Mouse Moved,351.0,752.0,User17,,
1490177608950,Mouse Moved,352.0,752.0,User17,,
1490177608951,Mouse Moved,353.0,752.0,User17,,
1490177608993,Mouse Moved,354.0,752.0,User17,,
1490177609009,Mouse Moved,357.0,752.0,User17,,
1490177609028,Mouse Moved,361.0,752.0,User17,,
1490177609051,Mouse Moved,367.0,752.0,User17,,
1490177609052,Mouse Moved,370.0,752.0,User17,,
1490177609052,Mouse Moved,371.0,752.0,User17,,
1490177609059,Mouse Moved,372.0,752.0,User17,,
1490177609072,Mouse Moved,373.0,752.0,User17,,
1490177609115,Mouse Moved,374.0,752.0,User17,,
1490177609145,Mouse Moved,377.0,751.0,User17,,
1490177609147,Mouse Moved,380.0,750.0,User17,,
1490177609161,Mouse Moved,381.0,748.0,User17,,
1490177609358,Mouse Moved,382.0,748.0,User17,,
1490177609388,Mouse Moved,383.0,748.0,User17,,
1490177609403,Mouse Moved,386.0,750.0,User17,,
1490177609423,Mouse Moved,388.0,750.0,User17,,
1490177609431,Mouse Moved,391.0,750.0,User17,,
1490177609453,Mouse Moved,392.0,751.0,User17,,
1490177609461,Mouse Moved,393.0,751.0,User17,,
1490177609482,Mouse Moved,396.0,752.0,User17,,
1490177609500,Mouse Moved,399.0,752.0,User17,,
1490177609516,Mouse Moved,403.0,754.0,User17,,
1490177609526,Mouse Moved,409.0,755.0,User17,,
1490177609546,Mouse Moved,416.0,757.0,User17,,
1490177609548,Mouse Moved,422.0,758.0,User17,,
1490177609549,Mouse Moved,431.0,760.0,User17,,
1490177609559,Mouse Moved,440.0,762.0,User17,,
1490177609576,Mouse Moved,449.0,764.0,User17,,
1490177609578,Mouse Moved,458.0,767.0,User17,,
1490177609578,Mouse Moved,467.0,769.0,User17,,
1490177609585,Mouse Moved,471.0,771.0,User17,,
1490177609601,Mouse Moved,476.0,772.0,User17,,
1490177609601,Mouse Moved,480.0,774.0,User17,,
1490177609615,Mouse Moved,481.0,774.0,User17,,
1490177609617,Mouse Moved,484.0,774.0,User17,,
1490177609631,Mouse Moved,485.0,774.0,User17,,
1490177610282,Mouse Moved,318.0,774.0,User17,,
1490177610283,Mouse Moved,316.0,772.0,User17,,
1490177610299,Mouse Moved,315.0,771.0,User17,,
1490177610315,Mouse Moved,314.0,771.0,User17,,
1490177610325,Mouse Moved,311.0,770.0,User17,,
1490177610341,Mouse Moved,308.0,768.0,User17,,
1490177610357,Mouse Moved,307.0,768.0,User17,,
1490177610358,Mouse Moved,300.0,768.0,User17,,
1490177610381,Mouse Moved,294.0,767.0,User17,,
1490177610381,Mouse Moved,285.0,767.0,User17,,
1490177610382,Mouse Moved,271.0,767.0,User17,,
1490177610388,Mouse Moved,265.0,765.0,User17,,
1490177610403,Mouse Moved,257.0,765.0,User17,,
1490177610404,Mouse Moved,248.0,765.0,User17,,
1490177610417,Mouse Moved,247.0,765.0,User17,,
1490177610417,Mouse Moved,244.0,765.0,User17,,
1490177610436,Mouse Moved,242.0,764.0,User17,,
1490177610571,Mouse Moved,248.0,764.0,User17,,
1490177610585,Mouse Moved,252.0,764.0,User17,,
1490177610598,Mouse Moved,258.0,764.0,User17,,
1490177610599,Mouse Moved,267.0,766.0,User17,,
1490177610614,Mouse Moved,276.0,767.0,User17,,
1490177610615,Mouse Moved,295.0,769.0,User17,,
1490177610631,Mouse Moved,309.0,771.0,User17,,
1490177610631,Mouse Moved,320.0,771.0,User17,,
1490177610644,Mouse Moved,334.0,773.0,User17,,
1490177629417,Mouse Moved,815.0,184.0,User17,,
1490177630025,Mouse Moved,813.0,186.0,User17,,
1490177630026,Mouse Moved,802.0,193.0,User17,,
1490177630028,Mouse Moved,797.0,198.0,User17,,
1490177630028,Mouse Moved,787.0,206.0,User17,,
1490177630029,Mouse Moved,772.0,221.0,User17,,
1490177630029,Mouse Moved,762.0,231.0,User17,,
1490177630030,Mouse Moved,751.0,244.0,User17,,
1490177630032,Mouse Moved,738.0,259.0,User17,,
1490177630032,Mouse Moved,727.0,274.0,User17,,
1490177630032,Mouse Moved,716.0,291.0,User17,,
1490177630033,Mouse Moved,708.0,304.0,User17,,
1490177630035,Mouse Moved,699.0,324.0,User17,,
1490177630036,Mouse Moved,693.0,344.0,User17,,
1490177630036,Mouse Moved,686.0,361.0,User17,,
1490177630036,Mouse Moved,684.0,391.0,User17,,
1490177630038,Mouse Moved,684.0,424.0,User17,,
1490177630039,Mouse Moved,690.0,471.0,User17,,
1490177630039,Mouse Moved,700.0,530.0,User17,,
1490177630039,Mouse Moved,718.0,577.0,User17,,
1490177630040,Mouse Moved,733.0,622.0,User17,,
1490177630046,Mouse Moved,751.0,664.0,User17,,
1490177630046,Mouse Moved,760.0,689.0,User17,,
1490177630048,Mouse Moved,767.0,714.0,User17,,
1490177630335,Mouse Moved,774.0,731.0,User17,,
1490177630335,Mouse Moved,778.0,748.0,User17,,
1490177630336,Mouse Moved,782.0,765.0,User17,,
1490177631278,Mouse Moved,531.0,771.0,User17,,
1490177631292,Mouse Moved,527.0,772.0,User17,,
1490177631292,Mouse Moved,522.0,774.0,User17,,
1490177661417,Mouse Moved,511.0,386.0,User17,,
1490177661884,Mouse Moved,500.0,407.0,User17,,
1490177661887,Mouse Moved,493.0,426.0,User17,,
1490177661901,Mouse Moved,484.0,468.0,User17,,
1490177661921,Mouse Moved,477.0,553.0,User17,,
1490177661931,Mouse Moved,480.0,594.0,User17,,
1490177661953,Mouse Moved,522.0,743.0,User17,,
1490177663673,Mouse Moved,257.0,592.0,User17,,
1490177663687,Mouse Moved,248.0,583.0,User17,,
1490177663792,Mouse Moved,247.0,584.0,User17,,
1490177663808,Mouse Moved,247.0,588.0,User17,,
1490177663823,Mouse Moved,247.0,605.0,User17,,
1490177973859,Mouse Moved,883.0,774.0,User17,1536.0,775.0
1490177973871,Mouse Moved,896.0,761.0,User17,,
1490177973872,Mouse Moved,906.0,753.0,User17,,
1490177973887,Mouse Moved,924.0,733.0,User17,,
1490177973888,Mouse Moved,938.0,710.0,User17,,
1490177973901,Mouse Moved,949.0,687.0,User17,,
1490177973903,Mouse Moved,959.0,659.0,User17,,
1490177973918,Mouse Moved,963.0,634.0,User17,,
1490177973920,Mouse Moved,963.0,604.0,User17,,
1490177973933,Mouse Moved,963.0,585.0,User17,,
1490177973934,Mouse Moved,957.0,568.0,User17,,
1490177973948,Mouse Moved,946.0,555.0,User17,,
1490177973950,Mouse Moved,937.0,547.0,User17,,
1490177973964,Mouse Moved,922.0,543.0,User17,,
1490177973966,Mouse Moved,911.0,541.0,User17,,
1490177973976,Mouse Moved,900.0,541.0,User17,,
1490177973977,Mouse Moved,891.0,541.0,User17,,
1490177973993,Mouse Moved,890.0,543.0,User17,,
1490177973993,Mouse Moved,886.0,544.0,User17,,
1490177974006,Mouse Moved,883.0,545.0,User17,,
1490177974023,Mouse Moved,877.0,549.0,User17,,
1490177974023,Mouse Moved,872.0,552.0,User17,,
1490177974039,Mouse Moved,863.0,557.0,User17,,
1490177974039,Mouse Moved,859.0,560.0,User17,,
1490177974052,Mouse Moved,854.0,562.0,User17,,
1490177974052,Mouse Moved,848.0,565.0,User17,,
1490177974068,Mouse Moved,845.0,568.0,User17,,
1490177974069,Mouse Moved,842.0,569.0,User17,,
1490177974082,Mouse Moved,841.0,570.0,User17,,
1490177974082,Mouse Moved,838.0,573.0,User17,,
1490177974096,Mouse Moved,833.0,582.0,User17,,
1490177974098,Mouse Moved,825.0,592.0,User17,,
1490177974114,Mouse Moved,819.0,606.0,User17,,
1490177974115,Mouse Moved,810.0,624.0,User17,,
1490177974128,Mouse Moved,799.0,646.0,User17,,
1490177976121,Mouse Moved,351.0,745.0,User17,,
1490177976137,Mouse Moved,354.0,747.0,User17,,
1490177976138,Mouse Moved,355.0,749.0,User17,,
1490177976153,Mouse Moved,358.0,751.0,User17,,
1490177976168,Mouse Moved,359.0,752.0,User17,,
1490177976184,Mouse Moved,360.0,753.0,User17,,
1490177976211,Mouse Moved,361.0,755.0,User17,,
1490177976227,Mouse Moved,362.0,756.0,User17,,
1490177976242,Mouse Moved,362.0,757.0,User17,,
1490177976256,Mouse Moved,363.0,758.0,User17,,
1490177976377,Mouse Moved,366.0,758.0,User17,,
1490177976407,Mouse Moved,369.0,755.0,User17,,
1490177976423,Mouse Moved,370.0,754.0,User17,,
1490177976437,Mouse Moved,371.0,753.0,User17,,
1490177976451,Mouse Moved,372.0,752.0,User17,,
1490177976568,Mouse Moved,372.0,752.0,User17,,
1490177976569,Mouse Button.left Pressed,372.0,752.0,User17,,
1490177976571,Mouse Button.left Released,372.0,752.0,User17,,
1490177977595,Mouse Moved,359.0,717.0,User17,,
1490177977608,Mouse Moved,350.0,694.0,User17,,
1490177977609,Mouse Moved,341.0,666.0,User17,,
1490177977624,Mouse Moved,302.0,582.0,User17,,
1490177977638,Mouse Moved,251.0,471.0,User17,,
1490177977654,Mouse Moved,221.0,416.0,User17,,
1490177977655,Mouse Moved,195.0,368.0,User17,,
1490177977668,Mouse Moved,169.0,320.0,User17,,
1490177977670,Mouse Moved,144.0,276.0,User17,,
1490177977684,Mouse Moved,124.0,239.0,User17,,
1490177977684,Mouse Moved,113.0,219.0,User17,,
1490177977700,Mouse Moved,104.0,201.0,User17,,
1490177977703,Mouse Moved,95.0,184.0,User17,,
1490177977717,Mouse Moved,92.0,177.0,User17,,
1490177977719,Mouse Moved,88.0,168.0,User17,,
1490177977729,Mouse Moved,87.0,165.0,User17,,
1490177977730,Mouse Moved,86.0,164.0,User17,,
1490177977744,Mouse Moved,86.0,161.0,User17,,
1490177977746,Mouse Moved,85.0,161.0,User17,,
1490177977775,Mouse Moved,85.0,160.0,User17,,
1490177977835,Mouse Moved,85.0,158.0,User17,,
1490177977849,Mouse Moved,83.0,155.0,User17,,
1490177977865,Mouse Moved,83.0,154.0,User17,,
1490177977881,Mouse Moved,83.0,152.0,User17,,
1490177978016,Mouse Moved,83.0,158.0,User17,,
1490177978016,Mouse Moved,83.0,166.0,User17,,
1490177978029,Mouse Moved,83.0,167.0,User17,,
1490177978030,Mouse Moved,83.0,171.0,User17,,
1490177978045,Mouse Moved,83.0,174.0,User17,,
1490177978046,Mouse Moved,83.0,178.0,User17,,
1490177978059,Mouse Moved,83.0,179.0,User17,,
1490177978075,Mouse Moved,83.0,180.0,User17,,
1490177978155,Mouse Moved,83.0,179.0,User17,,
1490177978157,Mouse Moved,83.0,179.0,User17,,
1490177978272,Mouse Moved,83.0,180.0,User17,,
1490177978273,Mouse Moved,83.0,180.0,User17,,
1490177978361,Mouse Moved,84.0,183.0,User17,,
1490177978377,Mouse Moved,88.0,191.0,User17,,
1490177978391,Mouse Moved,90.0,198.0,User17,,
1490177978404,Mouse Moved,90.0,199.0,User17,,
1490177978421,Mouse Moved,92.0,205.0,User17,,
1490177978434,Mouse Moved,92.0,206.0,User17,,
1490177978450,Mouse Moved,92.0,207.0,User17,,
1490177978464,Mouse Moved,93.0,210.0,User17,,
1490177978546,Mouse Moved,93.0,209.0,User17,,
1490177978548,Mouse Moved,93.0,209.0,User17,,
1490177978549,Mouse Button.left Pressed,93.0,209.0,User17,,
1490177978647,Mouse Moved,93.0,209.0,User17,,
1490177978648,Mouse Button.left Released,93.0,209.0,User17,,
1490177979079,Mouse Moved,93.0,199.0,User17,,
1490177979094,Mouse Moved,93.0,183.0,User17,,
1490177979109,Mouse Moved,93.0,170.0,User17,,
1490177979125,Mouse Moved,93.0,163.0,User17,,
1490177979141,Mouse Moved,93.0,162.0,User17,,
1490177979154,Mouse Moved,93.0,160.0,User17,,
1490177979230,Mouse Moved,93.0,159.0,User17,,
1490177979253,Mouse Moved,93.0,160.0,User17,,
1490177979255,Mouse Moved,93.0,160.0,User17,,
1490177979256,Mouse Button.left Pressed,93.0,160.0,User17,,
1490177979348,Mouse Moved,93.0,160.0,User17,,
1490177979351,Mouse Button.left Released,93.0,160.0,User17,,
1490177979651,Mouse Moved,92.0,163.0,User17,,
1490177979651,Mouse Moved,92.0,166.0,User17,,
1490177979680,Mouse Moved,92.0,167.0,User17,,
1490177979694,Mouse Moved,92.0,168.0,User17,,
1490177979711,Mouse Moved,92.0,171.0,User17,,
1490177979767,Mouse Moved,92.0,170.0,User17,,
1490177979769,Mouse Moved,92.0,170.0,User17,,
1490177979868,Mouse Moved,92.0,170.0,User17,,
1490177979869,Mouse Button.left Released,92.0,170.0,User17,,
1490177980265,Mouse Moved,92.0,173.0,User17,,
1490177980279,Mouse Moved,92.0,181.0,User17,,
1490177980279,Mouse Moved,105.0,199.0,User17,,
1490177980295,Mouse Moved,130.0,224.0,User17,,
1490177980296,Mouse Moved,155.0,247.0,User17,,
1490177980309,Mouse Moved,198.0,289.0,User17,,
1490177980309,Mouse Moved,229.0,321.0,User17,,
1490177980325,Mouse Moved,277.0,369.0,User17,,
1490177980325,Mouse Moved,316.0,411.0,User17,,
1490177980339,Mouse Moved,391.0,499.0,User17,,
1490177980355,Mouse Moved,444.0,587.0,User17,,
1490177980369,Mouse Moved,493.0,688.0,User17,,
1490177980384,Mouse Moved,516.0,766.0,User17,,
1490177981539,Mouse Moved,292.0,549.0,User17,,
1490177981555,Mouse Moved,274.0,504.0,User17,,
1490177981569,Mouse Moved,272.0,500.0,User17,,
1490177981660,Mouse Moved,272.0,509.0,User17,,
1490177981674,Mouse Moved,272.0,533.0,User17,,
1490177981690,Mouse Moved,272.0,546.0,User17,,
1490177981703,Mouse Moved,274.0,572.0,User17,,
1490177981719,Mouse Moved,278.0,597.0,User17,,
1490177981734,Mouse Moved,280.0,606.0,User17,,
1490178016088,Mouse Moved,280.0,513.0,User17,,
1490178016417,Mouse Moved,281.0,504.0,User17,,
1490178016433,Mouse Moved,281.0,482.0,User17,,
1490178016447,Mouse Moved,279.0,462.0,User17,,
1490178016463,Mouse Moved,271.0,436.0,User17,,
1490178016477,Mouse Moved,263.0,412.0,User17,,
1490178016493,Mouse Moved,257.0,400.0,User17,,
1490178016509,Mouse Moved,249.0,379.0,User17,,
1490178016523,Mouse Moved,244.0,361.0,User17,,
1490178016538,Mouse Moved,239.0,352.0,User17,,
1490178016559,Mouse Moved,238.0,347.0,User17,,
1490178016569,Mouse Moved,235.0,343.0,User17,,
1490178016582,Mouse Moved,224.0,332.0,User17,,
1490178016598,Mouse Moved,216.0,325.0,User17,,
1490178016618,Mouse Moved,209.0,315.0,User17,,
1490178016628,Mouse Moved,206.0,304.0,User17,,
1490178016642,Mouse Moved,206.0,291.0,User17,,
1490178016660,Mouse Moved,206.0,280.0,User17,,
1490178016673,Mouse Moved,212.0,267.0,User17,,
1490178016688,Mouse Moved,217.0,256.0,User17,,
1490178016703,Mouse Moved,223.0,247.0,User17,,
1490178016717,Mouse Moved,229.0,238.0,User17,,
1490178016733,Mouse Moved,238.0,228.0,User17,,
1490178016749,Mouse Moved,248.0,216.0,User17,,
1490178016763,Mouse Moved,253.0,211.0,User17,,
1490178016778,Mouse Moved,256.0,209.0,User17,,
1490178016792,Mouse Moved,257.0,207.0,User17,,
1490178017032,Mouse Moved,259.0,207.0,User17,,
1490178017048,Mouse Moved,261.0,207.0,User17,,
1490178017078,Mouse Moved,265.0,205.0,User17,,
1490178017079,Mouse Moved,281.0,187.0,User17,,
1490178017098,Mouse Moved,294.0,167.0,User17,,
1490178017099,Mouse Moved,307.0,154.0,User17,,
1490178017108,Mouse Moved,322.0,136.0,User17,,
1490178017109,Mouse Moved,338.0,115.0,User17,,
1490178017121,Mouse Moved,352.0,93.0,User17,,
1490178017128,Mouse Moved,366.0,70.0,User17,,
1490178017138,Mouse Moved,380.0,47.0,User17,,
1490178017153,Mouse Moved,394.0,21.0,User17,,
1490178017365,Mouse Moved,485.0,3.0,User17,,
1490178017380,Mouse Moved,485.0,14.0,User17,,
1490178017381,Mouse Moved,485.0,28.0,User17,,
1490178017394,Mouse Moved,485.0,42.0,User17,,
1490178017394,Mouse Moved,485.0,53.0,User17,,
1490178017408,Mouse Moved,485.0,67.0,User17,,
1490178017410,Mouse Moved,483.0,81.0,User17,,
1490178017424,Mouse Moved,477.0,93.0,User17,,
1490178017424,Mouse Moved,468.0,113.0,User17,,
1490178017440,Mouse Moved,462.0,127.0,User17,,
1490178017441,Mouse Moved,454.0,140.0,User17,,
1490178017454,Mouse Moved,443.0,157.0,User17,,
1490178017456,Mouse Moved,426.0,184.0,User17,,
1490178017470,Mouse Moved,405.0,221.0,User17,,
1490178017470,Mouse Moved,389.0,258.0,User17,,
1490178017486,Mouse Moved,368.0,295.0,User17,,
1490178017486,Mouse Moved,342.0,349.0,User17,,
1490178017500,Mouse Moved,320.0,396.0,User17,,
1490178017500,Mouse Moved,298.0,439.0,User17,,
1490178017515,Mouse Moved,277.0,481.0,User17,,
1490178017516,Mouse Moved,261.0,513.0,User17,,
1490178017529,Mouse Moved,247.0,539.0,User17,,
1490178017530,Mouse Moved,232.0,566.0,User17,,
1490178017545,Mouse Moved,224.0,583.0,User17,,
1490178017546,Mouse Moved,215.0,598.0,User17,,
1490178017559,Mouse Moved,209.0,610.0,User17,,
1490178017561,Mouse Moved,207.0,624.0,User17,,
1490178017575,Mouse Moved,205.0,638.0,User17,,
1490178017589,Mouse Moved,205.0,649.0,User17,,
1490178017591,Mouse Moved,205.0,660.0,User17,,
1490178017605,Mouse Moved,205.0,672.0,User17,,
1490178017605,Mouse Moved,205.0,680.0,User17,,
1490178017619,Mouse Moved,205.0,684.0,User17,,
1490178017621,Mouse Moved,205.0,692.0,User17,,
1490178017634,Mouse Moved,205.0,697.0,User17,,
1490178017635,Mouse Moved,207.0,701.0,User17,,
1490178017651,Mouse Moved,210.0,706.0,User17,,
1490178017651,Mouse Moved,211.0,710.0,User17,,
1490178017664,Mouse Moved,213.0,713.0,User17,,
1490178017665,Mouse Moved,214.0,718.0,User17,,
1490178017680,Mouse Moved,217.0,724.0,User17,,
1490178017680,Mouse Moved,220.0,729.0,User17,,
1490178017694,Mouse Moved,223.0,733.0,User17,,
1490178017694,Mouse Moved,227.0,740.0,User17,,
1490178017710,Mouse Moved,230.0,745.0,User17,,
1490178017710,Mouse Moved,233.0,746.0,User17,,
1490178017724,Mouse Moved,235.0,748.0,User17,,
1490178017742,Mouse Moved,236.0,748.0,User17,,
1490178017755,Mouse Moved,237.0,748.0,User17,,
1490178017785,Mouse Moved,238.0,748.0,User17,,
1490178017799,Mouse Moved,240.0,748.0,User17,,
1490178017829,Mouse Moved,241.0,748.0,User17,,
1490178017845,Mouse Moved,245.0,750.0,User17,,
1490178017845,Mouse Moved,248.0,751.0,User17,,
1490178017861,Mouse Moved,250.0,752.0,User17,,
1490178017861,Mouse Moved,253.0,754.0,User17,,
1490178017875,Mouse Moved,258.0,755.0,User17,,
1490178017875,Mouse Moved,264.0,757.0,User17,,
1490178017890,Mouse Moved,268.0,758.0,User17,,
1490178017891,Mouse Moved,275.0,758.0,User17,,
1490178017904,Mouse Moved,283.0,760.0,User17,,
1490178017905,Mouse Moved,291.0,760.0,User17,,
1490178017920,Mouse Moved,300.0,762.0,User17,,
1490178017921,Mouse Moved,309.0,762.0,User17,,
1490178017934,Mouse Moved,318.0,764.0,User17,,
1490178017936,Mouse Moved,329.0,768.0,User17,,
1490178017963,Mouse Moved,334.0,769.0,User17,,
1490178017964,Mouse Moved,342.0,771.0,User17,,
1490178017964,Mouse Moved,347.0,772.0,User17,,
1490178017966,Mouse Moved,348.0,773.0,User17,,
1490178017980,Mouse Moved,349.0,773.0,User17,,
1490178062848,Mouse Moved,825.0,718.0,User17,,
1490178063562,Mouse Moved,824.0,720.0,User17,,
1490178063576,Mouse Moved,822.0,723.0,User17,,
1490178063592,Mouse Moved,813.0,734.0,User17,,
1490178063607,Mouse Moved,808.0,739.0,User17,,
1490178063608,Mouse Moved,798.0,749.0,User17,,
1490178063621,Mouse Moved,786.0,759.0,User17,,
1490178063622,Mouse Moved,773.0,770.0,User17,,
1490178067888,Mouse Moved,325.0,594.0,User17,,
1490178067888,Mouse Moved,332.0,571.0,User17,,
1490178067890,Mouse Moved,339.0,546.0,User17,,
1490178067898,Mouse Moved,349.0,514.0,User17,,
1490178067913,Mouse Moved,361.0,470.0,User17,,
1490178067914,Mouse Moved,369.0,432.0,User17,,
1490178067927,Mouse Moved,378.0,383.0,User17,,
1490178067943,Mouse Moved,383.0,352.0,User17,,
1490178067944,Mouse Moved,387.0,325.0,User17,,
1490178067944,Mouse Moved,387.0,291.0,User17,,
1490178067957,Mouse Moved,390.0,264.0,User17,,
1490178067959,Mouse Moved,390.0,231.0,User17,,
1490178067973,Mouse Moved,392.0,204.0,User17,,
1490178067987,Mouse Moved,392.0,179.0,User17,,
1490178067989,Mouse Moved,394.0,157.0,User17,,
1490178068003,Mouse Moved,396.0,133.0,User17,,
1490178068003,Mouse Moved,396.0,119.0,User17,,
1490178068023,Mouse Moved,398.0,107.0,User17,,
1490178068023,Mouse Moved,400.0,93.0,User17,,
1490178068032,Mouse Moved,402.0,82.0,User17,,
1490178068033,Mouse Moved,404.0,73.0,User17,,
1490178068048,Mouse Moved,406.0,67.0,User17,,
1490178068049,Mouse Moved,407.0,58.0,User17,,
1490178068062,Mouse Moved,409.0,53.0,User17,,
1490178068063,Mouse Moved,410.0,45.0,User17,,
1490178068078,Mouse Moved,410.0,40.0,User17,,
1490178068078,Mouse Moved,412.0,36.0,User17,,
1490178068092,Mouse Moved,412.0,30.0,User17,,
1490178068094,Mouse Moved,413.0,25.0,User17,,
1490178068108,Mouse Moved,415.0,17.0,User17,,
1490178068108,Mouse Moved,419.0,8.0,User17,,
1490178068125,Mouse Moved,420.0,3.0,User17,,
1490178068423,Mouse Moved,547.0,6.0,User17,,
1490178068438,Mouse Moved,541.0,28.0,User17,,
1490178068440,Mouse Moved,529.0,54.0,User17,,
1490178068451,Mouse Moved,520.0,76.0,User17,,
1490178068453,Mouse Moved,505.0,106.0,User17,,
1490178068467,Mouse Moved,491.0,132.0,User17,,
1490178068467,Mouse Moved,468.0,166.0,User17,,
1490178068483,Mouse Moved,453.0,197.0,User17,,
1490178068484,Mouse Moved,437.0,229.0,User17,,
1490178068497,Mouse Moved,417.0,266.0,User17,,
1490178068499,Mouse Moved,398.0,313.0,User17,,
1490178068512,Mouse Moved,388.0,342.0,User17,,
1490178068513,Mouse Moved,378.0,376.0,User17,,
1490178068526,Mouse Moved,373.0,413.0,User17,,
1490178068528,Mouse Moved,368.0,440.0,User17,,
1490178068542,Mouse Moved,366.0,467.0,User17,,
1490178068542,Mouse Moved,363.0,501.0,User17,,
1490178068556,Mouse Moved,361.0,529.0,User17,,
1490178068558,Mouse Moved,361.0,553.0,User17,,
1490178068572,Mouse Moved,359.0,578.0,User17,,
1490178068588,Mouse Moved,359.0,597.0,User17,,
1490178120655,Mouse Moved,986.0,737.0,User17,,
1490178122285,Mouse Moved,983.0,733.0,User17,,
1490178122303,Mouse Moved,978.0,728.0,User17,,
1490178122305,Mouse Moved,974.0,724.0,User17,,
1490178122313,Mouse Moved,960.0,713.0,User17,,
1490178122338,Mouse Moved,894.0,714.0,User17,,
1490178122348,Mouse Moved,861.0,733.0,User17,,
1490178122368,Mouse Moved,833.0,754.0,User17,,
1490178122368,Mouse Moved,825.0,759.0,User17,,
1490178122714,Mouse Moved,823.0,759.0,User17,,
1490178122716,Mouse Moved,808.0,753.0,User17,,
1490178122732,Mouse Moved,793.0,747.0,User17,,
1490178122733,Mouse Moved,781.0,743.0,User17,,
1490178122746,Mouse Moved,775.0,743.0,User17,,
1490178122747,Mouse Moved,771.0,743.0,User17,,
1490178122759,Mouse Moved,770.0,743.0,User17,,
1490178122776,Mouse Moved,767.0,743.0,User17,,
1490178122778,Mouse Moved,766.0,743.0,User17,,
1490178122779,Mouse Moved,763.0,743.0,User17,,
1490178122786,Mouse Moved,761.0,743.0,User17,,
1490178122801,Mouse Moved,760.0,743.0,User17,,
1490178122802,Mouse Moved,758.0,743.0,User17,,
1490178122845,Mouse Moved,757.0,743.0,User17,,
1490178122861,Mouse Moved,755.0,746.0,User17,,
1490178122877,Mouse Moved,753.0,750.0,User17,,
1490178122878,Mouse Moved,752.0,753.0,User17,,
1490178122891,Mouse Moved,749.0,756.0,User17,,
1490178122892,Mouse Moved,746.0,761.0,User17,,
1490178122905,Mouse Moved,741.0,767.0,User17,,
1490178122907,Mouse Moved,735.0,774.0,User17,,
1490178124016,Mouse Moved,288.0,771.0,User17,,
1490178124030,Mouse Moved,279.0,768.0,User17,,
1490178124032,Mouse Moved,275.0,765.0,User17,,
1490178124046,Mouse Moved,264.0,761.0,User17,,
1490178124048,Mouse Moved,259.0,760.0,User17,,
1490178124062,Mouse Moved,246.0,755.0,User17,,
1490178124076,Mouse Moved,237.0,752.0,User17,,
1490178124092,Mouse Moved,236.0,752.0,User17,,
1490178124092,Mouse Moved,234.0,752.0,User17,,
1490178124105,Mouse Moved,232.0,750.0,User17,,
1490178124107,Mouse Moved,231.0,750.0,User17,,
1490178124121,Mouse Moved,230.0,750.0,User17,,
1490178124135,Mouse Moved,229.0,750.0,User17,,
1490178124331,Mouse Moved,230.0,749.0,User17,,
1490178124332,Mouse Moved,240.0,746.0,User17,,
1490178124345,Mouse Moved,248.0,744.0,User17,,
1490178124345,Mouse Moved,267.0,744.0,User17,,
1490178124359,Mouse Moved,289.0,744.0,User17,,
1490178124375,Mouse Moved,314.0,744.0,User17,,
1490178124375,Mouse Moved,341.0,744.0,User17,,
1490178124377,Mouse Moved,379.0,747.0,User17,,
1490178124391,Mouse Moved,415.0,752.0,User17,,
1490178124404,Mouse Moved,452.0,757.0,User17,,
1490178124407,Mouse Moved,501.0,766.0,User17,,
1490178125022,Mouse Moved,520.0,770.0,User17,,
1490178125036,Mouse Moved,519.0,768.0,User17,,
1490178125038,Mouse Moved,517.0,763.0,User17,,
1490178125052,Mouse Moved,517.0,760.0,User17,,
1490178125052,Mouse Moved,516.0,756.0,User17,,
1490178125068,Mouse Moved,516.0,752.0,User17,,
1490178125069,Mouse Moved,516.0,749.0,User17,,
1490178125081,Mouse Moved,514.0,744.0,User17,,
1490178125082,Mouse Moved,514.0,743.0,User17,,
1490178125096,Mouse Moved,514.0,741.0,User17,,
1490178125098,Mouse Moved,514.0,740.0,User17,,
1490178125111,Mouse Moved,513.0,739.0,User17,,
1490178125111,Mouse Moved,513.0,736.0,User17,,
1490178125125,Mouse Moved,513.0,735.0,User17,,
1490178125141,Mouse Moved,511.0,734.0,User17,,
1490178125157,Mouse Moved,503.0,734.0,User17,,
1490178125171,Mouse Moved,491.0,734.0,User17,,
1490178125171,Mouse Moved,487.0,734.0,User17,,
1490178125187,Mouse Moved,479.0,734.0,User17,,
1490178125187,Mouse Moved,473.0,734.0,User17,,
1490178125200,Mouse Moved,468.0,735.0,User17,,
1490178125201,Mouse Moved,464.0,737.0,User17,,
1490178125217,Mouse Moved,461.0,738.0,User17,,
1490178125230,Mouse Moved,460.0,738.0,User17,,
1490178125232,Mouse Moved,459.0,739.0,User17,,
1490178125233,Mouse Moved,456.0,740.0,User17,,
1490178125246,Mouse Moved,453.0,743.0,User17,,
1490178125247,Mouse Moved,450.0,746.0,User17,,
1490178125260,Mouse Moved,447.0,749.0,User17,,
1490178125276,Mouse Moved,443.0,754.0,User17,,
1490178125278,Mouse Moved,439.0,761.0,User17,,
1490178125289,Mouse Moved,439.0,762.0,User17,,
1490178125290,Mouse Moved,437.0,766.0,User17,,
1490178125305,Mouse Moved,437.0,767.0,User17,,
1490178125305,Mouse Moved,435.0,768.0,User17,,
1490178125321,Mouse Moved,435.0,771.0,User17,,
1490178125335,Mouse Moved,435.0,772.0,User17,,
1490178125440,Mouse Moved,434.0,773.0,User17,,
1490178125440,Mouse Moved,434.0,774.0,User17,,
1490178934131,Mouse Moved,473.0,760.0,User17,1536.0,775.0
1490178934160,Mouse Moved,351.0,567.0,User17,,
1490178934174,Mouse Moved,289.0,473.0,User17,,
1490178934190,Mouse Moved,249.0,412.0,User17,,
1490178934211,Mouse Moved,215.0,349.0,User17,,
1490178934221,Mouse Moved,209.0,331.0,User17,,
1490178934236,Mouse Moved,199.0,310.0,User17,,
1490178934252,Mouse Moved,194.0,301.0,User17,,
1490178934265,Mouse Moved,193.0,296.0,User17,,
1490178934279,Mouse Moved,189.0,291.0,User17,,
1490178934296,Mouse Moved,185.0,285.0,User17,,
1490178934312,Mouse Moved,182.0,283.0,User17,,
1490178934323,Mouse Moved,176.0,277.0,User17,,
1490178934339,Mouse Moved,173.0,276.0,User17,,
1490178934341,Mouse Moved,170.0,274.0,User17,,
1490178934355,Mouse Moved,166.0,271.0,User17,,
1490178934357,Mouse Moved,163.0,270.0,User17,,
1490178934369,Mouse Moved,162.0,269.0,User17,,
1490178934371,Mouse Moved,161.0,267.0,User17,,
1490178934384,Mouse Moved,158.0,266.0,User17,,
1490178934384,Mouse Moved,158.0,265.0,User17,,
1490178934400,Mouse Moved,157.0,265.0,User17,,
1490178934430,Mouse Moved,157.0,261.0,User17,,
1490178934430,Mouse Moved,155.0,256.0,User17,,
1490178934444,Mouse Moved,155.0,254.0,User17,,
1490178934446,Mouse Moved,155.0,251.0,User17,,
1490178934461,Mouse Moved,155.0,247.0,User17,,
1490178934463,Mouse Moved,155.0,244.0,User17,,
1490178934483,Mouse Moved,155.0,240.0,User17,,
1490178934483,Mouse Moved,155.0,239.0,User17,,
1490178934492,Mouse Moved,158.0,236.0,User17,,
1490178934513,Mouse Moved,159.0,235.0,User17,,
1490178934513,Mouse Moved,162.0,232.0,User17,,
1490178934515,Mouse Moved,165.0,231.0,User17,,
1490178934519,Mouse Moved,171.0,228.0,User17,,
1490178934539,Mouse Moved,178.0,224.0,User17,,
1490178934559,Mouse Moved,182.0,224.0,User17,,
1490178934559,Mouse Moved,189.0,224.0,User17,,
1490178934561,Mouse Moved,193.0,224.0,User17,,
1490178934569,Mouse Moved,197.0,224.0,User17,,
1490178934594,Mouse Moved,206.0,227.0,User17,,
1490178934595,Mouse Moved,213.0,230.0,User17,,
1490178934596,Mouse Moved,217.0,234.0,User17,,
1490178934598,Mouse Moved,222.0,237.0,User17,,
1490178934621,Mouse Moved,227.0,241.0,User17,,
1490178934621,Mouse Moved,233.0,245.0,User17,,
1490178934622,Mouse Moved,235.0,246.0,User17,,
1490178934628,Mouse Moved,239.0,250.0,User17,,
1490178934642,Mouse Moved,242.0,253.0,User17,,
1490178934644,Mouse Moved,245.0,257.0,User17,,
1490178934661,Mouse Moved,248.0,260.0,User17,,
1490178934671,Mouse Moved,250.0,268.0,User17,,
1490178934673,Mouse Moved,252.0,269.0,User17,,
1490178934700,Mouse Moved,254.0,273.0,User17,,
1490178934701,Mouse Moved,255.0,278.0,User17,,
1490178934717,Mouse Moved,257.0,279.0,User17,,
1490178934719,Mouse Moved,257.0,282.0,User17,,
1490178934720,Mouse Moved,258.0,283.0,User17,,
1490178934736,Mouse Moved,258.0,284.0,User17,,
1490178934757,Mouse Moved,258.0,287.0,User17,,
1490178934759,Mouse Moved,259.0,289.0,User17,,
1490178934785,Mouse Moved,261.0,292.0,User17,,
1490178934786,Mouse Moved,261.0,295.0,User17,,
1490178934786,Mouse Moved,261.0,297.0,User17,,
1490178934795,Mouse Moved,261.0,303.0,User17,,
1490178934813,Mouse Moved,262.0,308.0,User17,,
1490178934815,Mouse Moved,262.0,314.0,User17,,
1490178934816,Mouse Moved,262.0,318.0,User17,,
1490178934825,Mouse Moved,262.0,323.0,User17,,
1490178934842,Mouse Moved,262.0,324.0,User17,,
1490178934842,Mouse Moved,263.0,325.0,User17,,
1490178934861,Mouse Moved,263.0,326.0,User17,,
1490178934861,Mouse Moved,263.0,328.0,User17,,
1490178934869,Mouse Moved,263.0,329.0,User17,,
1490178935059,Mouse Moved,271.0,333.0,User17,,
1490178935061,Mouse Moved,274.0,335.0,User17,,
1490178935071,Mouse Moved,277.0,338.0,User17,,
1490178935084,Mouse Moved,283.0,341.0,User17,,
1490178935085,Mouse Moved,293.0,347.0,User17,,
1490178935085,Mouse Moved,308.0,355.0,User17,,
1490178935098,Mouse Moved,317.0,361.0,User17,,
1490178935111,Mouse Moved,338.0,374.0,User17,,
1490178935112,Mouse Moved,350.0,383.0,User17,,
1490178935132,Mouse Moved,370.0,396.0,User17,,
1490178935134,Mouse Moved,388.0,409.0,User17,,
1490178935134,Mouse Moved,405.0,420.0,User17,,
1490178935141,Mouse Moved,429.0,439.0,User17,,
1490178935165,Mouse Moved,485.0,480.0,User17,,
1490178935170,Mouse Moved,500.0,493.0,User17,,
1490178935196,Mouse Moved,510.0,500.0,User17,,
1490178935197,Mouse Moved,517.0,508.0,User17,,
1490178935204,Mouse Moved,527.0,516.0,User17,,
1490178935207,Mouse Moved,530.0,520.0,User17,,
1490178935220,Mouse Moved,534.0,527.0,User17,,
1490178935220,Mouse Moved,537.0,530.0,User17,,
1490178935242,Mouse Moved,537.0,532.0,User17,,
1490178935243,Mouse Moved,538.0,535.0,User17,,
1490178935243,Mouse Moved,538.0,536.0,User17,,
1490178935250,Mouse Moved,541.0,542.0,User17,,
1490178935265,Mouse Moved,541.0,543.0,User17,,
1490178935266,Mouse Moved,544.0,549.0,User17,,
1490178935289,Mouse Moved,545.0,552.0,User17,,
1490178935289,Mouse Moved,547.0,556.0,User17,,
1490178935290,Mouse Moved,550.0,561.0,User17,,
1490178935299,Mouse Moved,551.0,565.0,User17,,
1490178935319,Mouse Moved,551.0,568.0,User17,,
1490178935319,Mouse Moved,553.0,572.0,User17,,
1490178935321,Mouse Moved,554.0,575.0,User17,,
1490178935328,Mouse Moved,556.0,580.0,User17,,
1490178935349,Mouse Moved,556.0,582.0,User17,,
1490178935351,Mouse Moved,557.0,587.0,User17,,
1490178935358,Mouse Moved,557.0,588.0,User17,,
1490178935359,Mouse Moved,557.0,591.0,User17,,
1490178935372,Mouse Moved,557.0,593.0,User17,,
1490178935404,Mouse Moved,557.0,594.0,User17,,
1490178935404,Mouse Moved,557.0,597.0,User17,,
1490178935405,Mouse Moved,557.0,603.0,User17,,
1490178935411,Mouse Moved,557.0,606.0,User17,,
1490178935411,Mouse Moved,557.0,610.0,User17,,
1490178935421,Mouse Moved,557.0,616.0,User17,,
1490178935421,Mouse Moved,557.0,620.0,User17,,
1490178935441,Mouse Moved,557.0,625.0,User17,,
1490178935443,Mouse Moved,557.0,631.0,User17,,
1490178935444,Mouse Moved,557.0,635.0,User17,,
1490178935450,Mouse Moved,557.0,640.0,User17,,
1490178935471,Mouse Moved,557.0,644.0,User17,,
1490178935473,Mouse Moved,557.0,650.0,User17,,
1490178935483,Mouse Moved,557.0,655.0,User17,,
1490178935493,Mouse Moved,557.0,659.0,User17,,
1490178935494,Mouse Moved,557.0,662.0,User17,,
1490178935516,Mouse Moved,559.0,670.0,User17,,
1490178935517,Mouse Moved,560.0,676.0,User17,,
1490178935519,Mouse Moved,563.0,681.0,User17,,
1490178935532,Mouse Moved,565.0,687.0,User17,,
1490178935533,Mouse Moved,570.0,694.0,User17,,
1490178935543,Mouse Moved,574.0,701.0,User17,,
1490178935545,Mouse Moved,578.0,706.0,User17,,
1490178935562,Mouse Moved,583.0,711.0,User17,,
1490178935563,Mouse Moved,586.0,713.0,User17,,
1490178935572,Mouse Moved,591.0,718.0,User17,,
1490178935588,Mouse Moved,595.0,723.0,User17,,
1490178935588,Mouse Moved,598.0,724.0,User17,,
1490178935608,Mouse Moved,599.0,725.0,User17,,
1490178935608,Mouse Moved,604.0,731.0,User17,,
1490178935609,Mouse Moved,607.0,733.0,User17,,
1490178935617,Mouse Moved,610.0,736.0,User17,,
1490178935638,Mouse Moved,615.0,743.0,User17,,
1490178935647,Mouse Moved,616.0,744.0,User17,,
1490178935667,Mouse Moved,618.0,746.0,User17,,
1490178935667,Mouse Moved,619.0,749.0,User17,,
1490178935668,Mouse Moved,619.0,750.0,User17,,
1490178935677,Mouse Moved,620.0,753.0,User17,,
1490178935691,Mouse Moved,620.0,754.0,User17,,
1490178935706,Mouse Moved,622.0,757.0,User17,,
1490178935720,Mouse Moved,622.0,759.0,User17,,
1490178935723,Mouse Moved,622.0,762.0,User17,,
1490178935723,Mouse Moved,622.0,765.0,User17,,
1490178935734,Mouse Moved,622.0,769.0,User17,,
1490178935756,Mouse Moved,622.0,772.0,User17,,
1490179022188,Mouse Moved,1141.0,0.0,User17,,
1490179022203,Mouse Moved,1133.0,15.0,User17,,
1490179022219,Mouse Moved,1100.0,59.0,User17,,
1490179022233,Mouse Moved,1024.0,158.0,User17,,
1490179022247,Mouse Moved,1010.0,181.0,User17,,
1490179022263,Mouse Moved,1003.0,198.0,User17,,
1490179022604,Mouse Moved,986.0,162.0,User17,,
1490179022617,Mouse Moved,985.0,162.0,User17,,
1490179022634,Mouse Moved,981.0,158.0,User17,,
1490179022664,Mouse Moved,980.0,158.0,User17,,
1490179022674,Mouse Moved,968.0,173.0,User17,,
1490179022697,Mouse Moved,769.0,483.0,User17,,
1490179022709,Mouse Moved,709.0,608.0,User17,,
1490179022726,Mouse Moved,644.0,733.0,User17,,
1490179067161,Mouse Moved,849.0,256.0,User17,,
1490179067858,Mouse Moved,848.0,257.0,User17,,
1490179068131,Mouse Moved,845.0,259.0,User17,,
1490179068134,Mouse Moved,842.0,261.0,User17,,
1490179068134,Mouse Moved,836.0,262.0,User17,,
1490179068135,Mouse Moved,830.0,264.0,User17,,
1490179068137,Mouse Moved,794.0,264.0,User17,,
1490179068138,Mouse Moved,777.0,264.0,User17,,
1490179068138,Mouse Moved,725.0,262.0,User17,,
1490179068138,Mouse Moved,686.0,258.0,User17,,
1490179068140,Mouse Moved,669.0,253.0,User17,,
1490179068141,Mouse Moved,638.0,245.0,User17,,
1490179068141,Mouse Moved,605.0,229.0,User17,,
1490179068141,Mouse Moved,597.0,219.0,User17,,
1490179068142,Mouse Moved,582.0,204.0,User17,,
1490179068144,Mouse Moved,566.0,181.0,User17,,
1490179068144,Mouse Moved,564.0,177.0,User17,,
1490179068147,Mouse Moved,554.0,159.0,User17,,
1490179068147,Mouse Moved,554.0,157.0,User17,,
1490179068148,Mouse Moved,553.0,153.0,User17,,
1490179068150,Mouse Moved,552.0,152.0,User17,,
1490179068161,Mouse Moved,551.0,144.0,User17,,
1490179068171,Mouse Moved,548.0,140.0,User17,,
1490179068191,Mouse Moved,547.0,134.0,User17,,
1490179068193,Mouse Moved,545.0,131.0,User17,,
1490179068201,Mouse Moved,541.0,127.0,User17,,
1490179068223,Mouse Moved,539.0,124.0,User17,,
1490179068224,Mouse Moved,536.0,119.0,User17,,
1490179068229,Mouse Moved,531.0,113.0,User17,,
1490179068230,Mouse Moved,521.0,102.0,User17,,
1490179068244,Mouse Moved,516.0,98.0,User17,,
1490179068246,Mouse Moved,511.0,93.0,User17,,
1490179068259,Mouse Moved,507.0,88.0,User17,,
1490179068260,Mouse Moved,502.0,83.0,User17,,
1490179068275,Mouse Moved,495.0,78.0,User17,,
1490179068276,Mouse Moved,494.0,77.0,User17,,
1490179068289,Mouse Moved,490.0,74.0,User17,,
1490179068290,Mouse Moved,489.0,73.0,User17,,
1490179068305,Mouse Moved,486.0,72.0,User17,,
1490179068321,Mouse Moved,485.0,71.0,User17,,
1490179068335,Mouse Moved,485.0,70.0,User17,,
1490179068545,Mouse Moved,483.0,67.0,User17,,
1490179068562,Mouse Moved,478.0,58.0,User17,,
1490179068562,Mouse Moved,475.0,54.0,User17,,
1490179068575,Mouse Moved,472.0,49.0,User17,,
1490179068595,Mouse Moved,465.0,39.0,User17,,
1490179068607,Mouse Moved,464.0,38.0,User17,,
1490179068619,Mouse Moved,464.0,37.0,User17,,
1490179068634,Mouse Moved,464.0,36.0,User17,,
1490179068812,Mouse Moved,465.0,40.0,User17,,
1490179068813,Mouse Moved,470.0,44.0,User17,,
1490179068813,Mouse Moved,472.0,49.0,User17,,
1490179068818,Mouse Moved,477.0,60.0,User17,,
1490179068839,Mouse Moved,483.0,69.0,User17,,
1490179068848,Mouse Moved,488.0,82.0,User17,,
1490179068862,Mouse Moved,491.0,87.0,User17,,
1490179068882,Mouse Moved,493.0,91.0,User17,,
1490179068884,Mouse Moved,494.0,97.0,User17,,
1490179068884,Mouse Moved,494.0,102.0,User17,,
1490179068892,Mouse Moved,496.0,106.0,User17,,
1490179068914,Mouse Moved,497.0,113.0,User17,,
1490179068914,Mouse Moved,497.0,119.0,User17,,
1490179068915,Mouse Moved,497.0,123.0,User17,,
1490179068923,Mouse Moved,497.0,136.0,User17,,
1490179068943,Mouse Moved,497.0,144.0,User17,,
1490179068944,Mouse Moved,497.0,158.0,User17,,
1490179068944,Mouse Moved,497.0,169.0,User17,,
1490179068953,Mouse Moved,495.0,181.0,User17,,
1490179068967,Mouse Moved,495.0,189.0,User17,,
1490179068967,Mouse Moved,491.0,203.0,User17,,
1490179068986,Mouse Moved,489.0,212.0,User17,,
1490179068987,Mouse Moved,488.0,221.0,User17,,
1490179068997,Mouse Moved,484.0,228.0,User17,,
1490179068999,Mouse Moved,483.0,237.0,User17,,
1490179069017,Mouse Moved,481.0,241.0,User17,,
1490179069019,Mouse Moved,478.0,250.0,User17,,
1490179069028,Mouse Moved,476.0,254.0,User17,,
1490179069028,Mouse Moved,475.0,261.0,User17,,
1490179069048,Mouse Moved,471.0,265.0,User17,,
1490179069049,Mouse Moved,470.0,270.0,User17,,
1490179069056,Mouse Moved,466.0,278.0,User17,,
1490179069073,Mouse Moved,463.0,283.0,User17,,
1490179069073,Mouse Moved,460.0,290.0,User17,,
1490179069092,Mouse Moved,459.0,294.0,User17,,
1490179069092,Mouse Moved,456.0,299.0,User17,,
1490179069094,Mouse Moved,453.0,303.0,User17,,
1490179069101,Mouse Moved,451.0,304.0,User17,,
1490179069125,Mouse Moved,450.0,306.0,User17,,
1490179069127,Mouse Moved,449.0,307.0,User17,,
1490179069131,Mouse Moved,446.0,308.0,User17,,
1490179069151,Mouse Moved,444.0,309.0,User17,,
1490179069153,Mouse Moved,441.0,311.0,User17,,
1490179069154,Mouse Moved,438.0,311.0,User17,,
1490179069161,Mouse Moved,432.0,311.0,User17,,
1490179069176,Mouse Moved,422.0,313.0,User17,,
1490179069177,Mouse Moved,413.0,313.0,User17,,
1490179069197,Mouse Moved,399.0,313.0,User17,,
1490179069197,Mouse Moved,388.0,313.0,User17,,
1490179069206,Mouse Moved,374.0,313.0,User17,,
1490179069207,Mouse Moved,358.0,313.0,User17,,
1490179069227,Mouse Moved,352.0,313.0,User17,,
1490179069229,Mouse Moved,342.0,313.0,User17,,
1490179069237,Mouse Moved,333.0,313.0,User17,,
1490179069239,Mouse Moved,325.0,313.0,User17,,
1490179069257,Mouse Moved,320.0,313.0,User17,,
1490179069259,Mouse Moved,316.0,313.0,User17,,
1490179069267,Mouse Moved,315.0,313.0,User17,,
1490179069269,Mouse Moved,312.0,313.0,User17,,
1490179069282,Mouse Moved,308.0,313.0,User17,,
1490179069302,Mouse Moved,307.0,314.0,User17,,
1490179069303,Mouse Moved,304.0,314.0,User17,,
1490179069312,Mouse Moved,303.0,315.0,User17,,
1490179069332,Mouse Moved,301.0,315.0,User17,,
1490179069334,Mouse Moved,299.0,316.0,User17,,
1490179069342,Mouse Moved,297.0,317.0,User17,,
1490179069362,Mouse Moved,296.0,319.0,User17,,
1490179069364,Mouse Moved,293.0,320.0,User17,,
1490179069387,Mouse Moved,290.0,321.0,User17,,
1490179069407,Mouse Moved,289.0,322.0,User17,,
1490179069407,Mouse Moved,287.0,324.0,User17,,
1490179069417,Mouse Moved,284.0,325.0,User17,,
1490179069437,Mouse Moved,283.0,326.0,User17,,
1490179069467,Mouse Moved,281.0,326.0,User17,,
1490179069467,Mouse Moved,281.0,327.0,User17,,
1490179069496,Mouse Moved,282.0,327.0,User17,,
1490179069497,Mouse Moved,282.0,327.0,User17,,
1490179069499,Mouse Button.left Pressed,282.0,327.0,User17,,
1490179069618,Mouse Moved,282.0,327.0,User17,,
1490179069688,Mouse Moved,278.0,311.0,User17,,
1490179069710,Mouse Moved,276.0,302.0,User17,,
1490179069710,Mouse Moved,276.0,294.0,User17,,
1490179069720,Mouse Moved,276.0,288.0,User17,,
1490179069739,Mouse Moved,276.0,282.0,User17,,
1490179069740,Mouse Moved,276.0,275.0,User17,,
1490179069740,Mouse Moved,276.0,271.0,User17,,
1490179069749,Mouse Moved,276.0,268.0,User17,,
1490179069769,Mouse Moved,276.0,264.0,User17,,
1490179069769,Mouse Moved,276.0,263.0,User17,,
1490179069770,Mouse Moved,276.0,260.0,User17,,
1490179069779,Mouse Moved,276.0,259.0,User17,,
1490179069795,Mouse Moved,276.0,258.0,User17,,
1490179069813,Mouse Moved,276.0,257.0,User17,,
1490179069815,Mouse Moved,276.0,256.0,User17,,
1490179069845,Mouse Moved,276.0,255.0,User17,,
1490179069858,Mouse Moved,276.0,253.0,User17,,
1490179069884,Mouse Moved,276.0,251.0,User17,,
1490179069921,Mouse Moved,278.0,248.0,User17,,
1490179069921,Mouse Moved,278.0,247.0,User17,,
1490179069930,Mouse Moved,279.0,244.0,User17,,
1490179069950,Mouse Moved,281.0,242.0,User17,,
1490179069980,Mouse Moved,281.0,240.0,User17,,
1490179069990,Mouse Moved,282.0,239.0,User17,,
1490179070007,Mouse Moved,282.0,240.0,User17,,
1490179070009,Mouse Moved,282.0,240.0,User17,,
1490179070023,Mouse Moved,282.0,238.0,User17,,
1490179070108,Mouse Moved,282.0,238.0,User17,,
1490179070460,Mouse Moved,282.0,261.0,User17,,
1490179070473,Mouse Moved,282.0,269.0,User17,,
1490179070492,Mouse Moved,283.0,295.0,User17,,
1490179070502,Mouse Moved,283.0,301.0,User17,,
1490179070516,Mouse Moved,285.0,306.0,User17,,
1490179070536,Mouse Moved,285.0,309.0,User17,,
1490179070578,Mouse Moved,285.0,310.0,User17,,
1490179070716,Mouse Moved,284.0,309.0,User17,,
1490179070717,Mouse Moved,284.0,309.0,User17,,
1490179070802,Mouse Moved,284.0,309.0,User17,,
1490179080099,Mouse Moved,285.0,322.0,User17,,
1490179080111,Mouse Moved,285.0,324.0,User17,,
1490179080130,Mouse Moved,290.0,330.0,User17,,
1490179080140,Mouse Moved,309.0,337.0,User17,,
1490179080153,Mouse Moved,329.0,346.0,User17,,
1490179080173,Mouse Moved,409.0,379.0,User17,,
1490179080191,Mouse Moved,474.0,405.0,User17,,
1490179080201,Mouse Moved,514.0,425.0,User17,,
1490179080216,Mouse Moved,522.0,432.0,User17,,
1490179080217,Mouse Moved,532.0,440.0,User17,,
1490179080232,Mouse Moved,538.0,452.0,User17,,
1490179080249,Mouse Moved,544.0,464.0,User17,,
1490179080250,Mouse Moved,546.0,476.0,User17,,
1490179080259,Mouse Moved,550.0,493.0,User17,,
1490179080260,Mouse Moved,552.0,504.0,User17,,
1490179080275,Mouse Moved,554.0,524.0,User17,,
1490179080276,Mouse Moved,558.0,541.0,User17,,
1490179080289,Mouse Moved,560.0,552.0,User17,,
1490179080290,Mouse Moved,563.0,555.0,User17,,
1490179080305,Mouse Moved,565.0,561.0,User17,,
1490179080305,Mouse Moved,566.0,564.0,User17,,
1490179080321,Mouse Moved,567.0,565.0,User17,,
1490179080351,Mouse Moved,567.0,566.0,User17,,
1490179080365,Mouse Moved,568.0,569.0,User17,,
1490179080395,Mouse Moved,561.0,582.0,User17,,
1490179080410,Mouse Moved,553.0,592.0,User17,,
1490179080411,Mouse Moved,545.0,602.0,User17,,
1490179080426,Mouse Moved,537.0,612.0,User17,,
1490179080427,Mouse Moved,532.0,621.0,User17,,
1490179080440,Mouse Moved,524.0,629.0,User17,,
1490179080443,Mouse Moved,513.0,644.0,User17,,
1490179080454,Mouse Moved,503.0,654.0,User17,,
1490179080456,Mouse Moved,493.0,669.0,User17,,
1490179080471,Mouse Moved,472.0,694.0,User17,,
1490179080486,Mouse Moved,448.0,727.0,User17,,
1490179080500,Mouse Moved,437.0,739.0,User17,,
1490179080502,Mouse Moved,427.0,752.0,User17,,
1490179080515,Mouse Moved,416.0,767.0,User17,,
1490179085632,Mouse Moved,566.0,217.0,User17,,
1490179085648,Mouse Moved,633.0,217.0,User17,,
1490179085664,Mouse Moved,690.0,222.0,User17,,
1490179085677,Mouse Moved,721.0,227.0,User17,,
1490179085677,Mouse Moved,746.0,229.0,User17,,
1490179085691,Mouse Moved,770.0,231.0,User17,,
1490179085693,Mouse Moved,798.0,234.0,User17,,
1490179085709,Mouse Moved,825.0,236.0,User17,,
1490179085710,Mouse Moved,847.0,240.0,User17,,
1490179085723,Mouse Moved,872.0,242.0,User17,,
1490179085723,Mouse Moved,891.0,247.0,User17,,
1490179085737,Mouse Moved,913.0,251.0,User17,,
1490179085739,Mouse Moved,930.0,253.0,User17,,
1490179085753,Mouse Moved,947.0,258.0,User17,,
1490179085753,Mouse Moved,959.0,262.0,User17,,
1490179085766,Mouse Moved,971.0,265.0,User17,,
1490179085782,Mouse Moved,983.0,272.0,User17,,
1490179085783,Mouse Moved,992.0,275.0,User17,,
1490179085785,Mouse Moved,1001.0,279.0,User17,,
1490179085798,Mouse Moved,1006.0,280.0,User17,,
1490179085812,Mouse Moved,1007.0,282.0,User17,,
1490179085813,Mouse Moved,1011.0,284.0,User17,,
1490179085828,Mouse Moved,1014.0,286.0,User17,,
1490179085828,Mouse Moved,1018.0,289.0,User17,,
1490179085842,Mouse Moved,1021.0,290.0,User17,,
1490179085844,Mouse Moved,1026.0,292.0,User17,,
1490179085858,Mouse Moved,1029.0,293.0,User17,,
1490179085859,Mouse Moved,1033.0,296.0,User17,,
1490179085874,Mouse Moved,1036.0,296.0,User17,,
1490179085874,Mouse Moved,1037.0,297.0,User17,,
1490179085888,Mouse Moved,1041.0,300.0,User17,,
1490179085888,Mouse Moved,1044.0,300.0,User17,,
1490179085903,Mouse Moved,1046.0,301.0,User17,,
1490179085904,Mouse Moved,1053.0,303.0,User17,,
1490179085924,Mouse Moved,1057.0,304.0,User17,,
1490179085926,Mouse Moved,1062.0,308.0,User17,,
1490179085927,Mouse Moved,1066.0,309.0,User17,,
1490179085936,Mouse Moved,1069.0,310.0,User17,,
1490179085954,Mouse Moved,1074.0,312.0,User17,,
1490179085956,Mouse Moved,1076.0,313.0,User17,,
1490179085956,Mouse Moved,1078.0,313.0,User17,,
1490179085963,Mouse Moved,1080.0,315.0,User17,,
1490179085977,Mouse Moved,1081.0,315.0,User17,,
1490179086000,Mouse Moved,1082.0,315.0,User17,,
1490179086082,Mouse Moved,1084.0,315.0,User17,,
1490179086313,Mouse Moved,1084.0,316.0,User17,,
1490179086332,Mouse Moved,1086.0,318.0,User17,,
1490179086362,Mouse Moved,1087.0,320.0,User17,,
1490179086372,Mouse Moved,1089.0,321.0,User17,,
1490179086392,Mouse Moved,1090.0,322.0,User17,,
1490179086497,Mouse Moved,1090.0,323.0,User17,,
1490179086753,Mouse Moved,1090.0,321.0,User17,,
1490179086773,Mouse Moved,1088.0,308.0,User17,,
1490179086773,Mouse Moved,1086.0,299.0,User17,,
1490179086775,Mouse Moved,1085.0,294.0,User17,,
1490179086782,Mouse Moved,1085.0,290.0,User17,,
1490179086802,Mouse Moved,1083.0,288.0,User17,,
1490179086813,Mouse Moved,1083.0,285.0,User17,,
1490179086826,Mouse Moved,1083.0,284.0,User17,,
1490179086846,Mouse Moved,1085.0,273.0,User17,,
1490179086858,Mouse Moved,1097.0,248.0,User17,,
1490179086878,Mouse Moved,1118.0,213.0,User17,,
1490179086878,Mouse Moved,1142.0,175.0,User17,,
1490179086880,Mouse Moved,1164.0,141.0,User17,,
1490179086914,Mouse Moved,1194.0,92.0,User17,,
1490179086914,Mouse Moved,1221.0,52.0,User17,,
1490179086915,Mouse Moved,1262.0,0.0,User17,,
1490179465961,Mouse Moved,499.0,748.0,User17,,
1490179465982,Mouse Moved,473.0,666.0,User17,,
1490179465997,Mouse Moved,442.0,569.0,User17,,
1490179466009,Mouse Moved,431.0,530.0,User17,,
1490179466028,Mouse Moved,416.0,465.0,User17,,
1490179466046,Mouse Moved,409.0,422.0,User17,,
1490179466056,Mouse Moved,409.0,418.0,User17,,
1490179466076,Mouse Moved,409.0,415.0,User17,,
1490179466078,Mouse Moved,408.0,414.0,User17,,
1490179466206,Mouse Moved,408.0,411.0,User17,,
1490179466220,Mouse Moved,407.0,405.0,User17,,
1490179466239,Mouse Moved,403.0,386.0,User17,,
1490179466259,Mouse Moved,399.0,377.0,User17,,
1490179466269,Mouse Moved,384.0,362.0,User17,,
1490179466289,Mouse Moved,377.0,358.0,User17,,
1490179466289,Mouse Moved,370.0,353.0,User17,,
1490179466299,Mouse Moved,361.0,347.0,User17,,
1490179466312,Mouse Moved,356.0,344.0,User17,,
1490179466313,Mouse Moved,351.0,340.0,User17,,
1490179466334,Mouse Moved,346.0,335.0,User17,,
1490179466334,Mouse Moved,342.0,330.0,User17,,
1490179466335,Mouse Moved,339.0,327.0,User17,,
1490179466342,Mouse Moved,336.0,323.0,User17,,
1490179466364,Mouse Moved,333.0,318.0,User17,,
1490179466364,Mouse Moved,331.0,315.0,User17,,
1490179466365,Mouse Moved,328.0,311.0,User17,,
1490179466371,Mouse Moved,327.0,308.0,User17,,
1490179466392,Mouse Moved,326.0,307.0,User17,,
1490179466394,Mouse Moved,324.0,304.0,User17,,
1490179466403,Mouse Moved,323.0,303.0,User17,,
1490179466404,Mouse Moved,322.0,300.0,User17,,
1490179466420,Mouse Moved,319.0,297.0,User17,,
1490179466420,Mouse Moved,316.0,293.0,User17,,
1490179466434,Mouse Moved,313.0,290.0,User17,,
1490179466436,Mouse Moved,312.0,287.0,User17,,
1490179466447,Mouse Moved,310.0,286.0,User17,,
1490179466461,Mouse Moved,309.0,283.0,User17,,
1490179466463,Mouse Moved,308.0,281.0,User17,,
1490179466479,Mouse Moved,305.0,276.0,User17,,
1490179466480,Mouse Moved,304.0,275.0,User17,,
1490179466499,Mouse Moved,302.0,272.0,User17,,
1490179466500,Mouse Moved,301.0,271.0,User17,,
1490179466509,Mouse Moved,300.0,269.0,User17,,
1490179466523,Mouse Moved,299.0,267.0,User17,,
1490179466546,Mouse Moved,297.0,265.0,User17,,
1490179466548,Mouse Moved,296.0,264.0,User17,,
1490179466556,Mouse Moved,295.0,262.0,User17,,
1490179466576,Mouse Moved,295.0,260.0,User17,,
1490179466607,Mouse Moved,294.0,259.0,User17,,
1490179466617,Mouse Moved,294.0,258.0,User17,,
1490179466641,Mouse Moved,294.0,258.0,User17,,
1490179466642,Mouse Button.left Pressed,294.0,258.0,User17,,
1490179466720,Mouse Moved,294.0,258.0,User17,,
1490179466796,Mouse Moved,293.0,258.0,User17,,
1490179466816,Mouse Moved,291.0,260.0,User17,,
1490179466841,Mouse Moved,291.0,265.0,User17,,
1490179466842,Mouse Moved,290.0,273.0,User17,,
1490179466861,Mouse Moved,290.0,277.0,User17,,
1490179466861,Mouse Moved,290.0,286.0,User17,,
1490179466862,Mouse Moved,288.0,290.0,User17,,
1490179466871,Mouse Moved,287.0,299.0,User17,,
1490179466891,Mouse Moved,285.0,307.0,User17,,
1490179466891,Mouse Moved,283.0,316.0,User17,,
1490179466901,Mouse Moved,282.0,321.0,User17,,
1490179466901,Mouse Moved,278.0,325.0,User17,,
1490179466921,Mouse Moved,277.0,330.0,User17,,
1490179466921,Mouse Moved,276.0,333.0,User17,,
1490179466931,Mouse Moved,276.0,334.0,User17,,
1490179466934,Mouse Moved,274.0,335.0,User17,,
1490179466946,Mouse Moved,273.0,336.0,User17,,
1490179467039,Mouse Moved,274.0,336.0,User17,,
1490179467040,Mouse Moved,274.0,336.0,User17,,
1490179467042,Mouse Button.left Pressed,274.0,336.0,User17,,
1490179467102,Mouse Moved,274.0,336.0,User17,,
1490179467104,Mouse Button.left Released,274.0,336.0,User17,,
1490179468865,Mouse Moved,281.0,351.0,User17,,
1490179468877,Mouse Moved,286.0,358.0,User17,,
1490179468895,Mouse Moved,308.0,390.0,User17,,
1490179468911,Mouse Moved,319.0,409.0,User17,,
1490179468921,Mouse Moved,321.0,413.0,User17,,
1490179468940,Mouse Moved,337.0,437.0,User17,,
1490179468950,Mouse Moved,340.0,441.0,User17,,
1490179468970,Mouse Moved,348.0,453.0,User17,,
1490179468980,Mouse Moved,351.0,456.0,User17,,
1490179469000,Mouse Moved,368.0,477.0,User17,,
1490179469016,Mouse Moved,389.0,497.0,User17,,
1490179469026,Mouse Moved,407.0,517.0,User17,,
1490179469046,Mouse Moved,417.0,529.0,User17,,
1490179469055,Mouse Moved,422.0,534.0,User17,,
1490179469075,Mouse Moved,425.0,541.0,User17,,
1490179469076,Mouse Moved,430.0,545.0,User17,,
1490179469078,Mouse Moved,433.0,548.0,User17,,
1490179469085,Mouse Moved,436.0,553.0,User17,,
1490179469105,Mouse Moved,441.0,560.0,User17,,
1490179469105,Mouse Moved,444.0,564.0,User17,,
1490179469107,Mouse Moved,447.0,569.0,User17,,
1490179469114,Mouse Moved,452.0,576.0,User17,,
1490179469128,Mouse Moved,455.0,580.0,User17,,
1490179469130,Mouse Moved,462.0,589.0,User17,,
1490179469144,Mouse Moved,466.0,594.0,User17,,
1490179469144,Mouse Moved,467.0,598.0,User17,,
1490179469160,Mouse Moved,468.0,601.0,User17,,
1490179469161,Mouse Moved,468.0,602.0,User17,,
1490179469176,Mouse Moved,470.0,605.0,User17,,
1490179469177,Mouse Moved,471.0,611.0,User17,,
1490179469188,Mouse Moved,473.0,622.0,User17,,
1490179469190,Mouse Moved,475.0,627.0,User17,,
1490179469204,Mouse Moved,476.0,635.0,User17,,
1490179469206,Mouse Moved,480.0,645.0,User17,,
1490179469219,Mouse Moved,484.0,654.0,User17,,
1490179469237,Mouse Moved,485.0,658.0,User17,,
1490179469239,Mouse Moved,489.0,667.0,User17,,
1490179469240,Mouse Moved,492.0,672.0,User17,,
1490179469257,Mouse Moved,497.0,681.0,User17,,
1490179469259,Mouse Moved,499.0,685.0,User17,,
1490179469265,Mouse Moved,504.0,694.0,User17,,
1490179469286,Mouse Moved,507.0,698.0,User17,,
1490179469286,Mouse Moved,510.0,703.0,User17,,
1490179469286,Mouse Moved,515.0,708.0,User17,,
1490179469295,Mouse Moved,518.0,714.0,User17,,
1490179469321,Mouse Moved,523.0,719.0,User17,,
1490179469322,Mouse Moved,526.0,724.0,User17,,
1490179469322,Mouse Moved,531.0,731.0,User17,,
1490179469332,Mouse Moved,534.0,735.0,User17,,
1490179469334,Mouse Moved,537.0,737.0,User17,,
1490179469339,Mouse Moved,540.0,743.0,User17,,
1490179469359,Mouse Moved,545.0,748.0,User17,,
1490179469361,Mouse Moved,548.0,749.0,User17,,
1490179469361,Mouse Moved,553.0,756.0,User17,,
1490179469371,Mouse Moved,560.0,761.0,User17,,
1490179469391,Mouse Moved,561.0,762.0,User17,,
1490179469391,Mouse Moved,567.0,767.0,User17,,
1490179469392,Mouse Moved,572.0,772.0,User17,,
1490180326395,Mouse Moved,328.0,765.0,User17,1536.0,775.0
1490180326405,Mouse Moved,322.0,755.0,User17,,
1490180326417,Mouse Moved,316.0,740.0,User17,,
1490180326430,Mouse Moved,307.0,720.0,User17,,
1490180326431,Mouse Moved,303.0,706.0,User17,,
1490180326447,Mouse Moved,297.0,686.0,User17,,
1490180326447,Mouse Moved,292.0,669.0,User17,,
1490180326461,Mouse Moved,288.0,650.0,User17,,
1490180326463,Mouse Moved,286.0,633.0,User17,,
1490180326476,Mouse Moved,284.0,616.0,User17,,
1490180326476,Mouse Moved,282.0,605.0,User17,,
1490180326490,Mouse Moved,282.0,594.0,User17,,
1490180326492,Mouse Moved,282.0,580.0,User17,,
1490180326509,Mouse Moved,282.0,574.0,User17,,
1490180326509,Mouse Moved,282.0,566.0,User17,,
1490180326522,Mouse Moved,282.0,557.0,User17,,
1490180326523,Mouse Moved,282.0,553.0,User17,,
1490180326536,Mouse Moved,282.0,545.0,User17,,
1490180326538,Mouse Moved,282.0,540.0,User17,,
1490180326553,Mouse Moved,283.0,536.0,User17,,
1490180326555,Mouse Moved,283.0,531.0,User17,,
1490180326565,Mouse Moved,283.0,525.0,User17,,
1490180326566,Mouse Moved,283.0,521.0,User17,,
1490180326582,Mouse Moved,283.0,516.0,User17,,
1490180326582,Mouse Moved,283.0,512.0,User17,,
1490180326605,Mouse Moved,283.0,506.0,User17,,
1490180326605,Mouse Moved,282.0,501.0,User17,,
1490180326607,Mouse Moved,282.0,493.0,User17,,
1490180326615,Mouse Moved,282.0,487.0,User17,,
1490180326634,Mouse Moved,280.0,474.0,User17,,
1490180326634,Mouse Moved,280.0,466.0,User17,,
1490180326650,Mouse Moved,278.0,454.0,User17,,
1490180326651,Mouse Moved,278.0,446.0,User17,,
1490180326667,Mouse Moved,278.0,432.0,User17,,
1490180326668,Mouse Moved,278.0,418.0,User17,,
1490180326670,Mouse Moved,278.0,405.0,User17,,
1490180326677,Mouse Moved,278.0,394.0,User17,,
1490180326693,Mouse Moved,278.0,374.0,User17,,
1490180326694,Mouse Moved,282.0,358.0,User17,,
1490180326711,Mouse Moved,284.0,341.0,User17,,
1490180326713,Mouse Moved,287.0,321.0,User17,,
1490180326724,Mouse Moved,289.0,307.0,User17,,
1490180326726,Mouse Moved,291.0,291.0,User17,,
1490180326744,Mouse Moved,291.0,282.0,User17,,
1490180326746,Mouse Moved,293.0,271.0,User17,,
1490180326760,Mouse Moved,293.0,266.0,User17,,
1490180326762,Mouse Moved,293.0,258.0,User17,,
1490180326775,Mouse Moved,293.0,257.0,User17,,
1490180326776,Mouse Moved,293.0,253.0,User17,,
1490180326782,Mouse Moved,293.0,252.0,User17,,
1490180326795,Mouse Moved,293.0,251.0,User17,,
1490180326819,Mouse Moved,293.0,250.0,User17,,
1490180326819,Mouse Moved,293.0,248.0,User17,,
1490180327078,Mouse Moved,292.0,249.0,User17,,
1490180327079,Mouse Moved,292.0,249.0,User17,,
1490180327081,Mouse Button.left Pressed,292.0,249.0,User17,,
1490180327148,Mouse Moved,292.0,249.0,User17,,
1490180327150,Mouse Button.left Released,292.0,249.0,User17,,
1490180327237,Mouse Moved,294.0,248.0,User17,,
1490180327263,Mouse Moved,294.0,250.0,User17,,
1490180327285,Mouse Moved,295.0,255.0,User17,,
1490180327286,Mouse Moved,295.0,259.0,User17,,
1490180327292,Mouse Moved,297.0,264.0,User17,,
1490180327312,Mouse Moved,298.0,270.0,User17,,
1490180327313,Mouse Moved,298.0,275.0,User17,,
1490180327326,Mouse Moved,298.0,279.0,User17,,
1490180327328,Mouse Moved,299.0,280.0,User17,,
1490180327328,Mouse Moved,299.0,283.0,User17,,
1490180327338,Mouse Moved,299.0,284.0,User17,,
1490180327357,Mouse Moved,299.0,286.0,User17,,
1490180327358,Mouse Moved,299.0,287.0,User17,,
1490180327367,Mouse Moved,301.0,291.0,User17,,
1490180327388,Mouse Moved,301.0,294.0,User17,,
1490180327398,Mouse Moved,301.0,296.0,User17,,
1490180327417,Mouse Moved,301.0,297.0,User17,,
1490180327434,Mouse Moved,301.0,299.0,User17,,
1490180327441,Mouse Moved,301.0,300.0,User17,,
1490180327492,Mouse Moved,301.0,306.0,User17,,
1490180327502,Mouse Moved,301.0,309.0,User17,,
1490180327532,Mouse Moved,301.0,310.0,User17,,
1490180327569,Mouse Moved,301.0,312.0,User17,,
1490180327578,Mouse Moved,301.0,317.0,User17,,
1490180327598,Mouse Moved,299.0,319.0,User17,,
1490180327608,Mouse Moved,299.0,320.0,User17,,
1490180327687,Mouse Moved,300.0,320.0,User17,,
1490180327690,Mouse Moved,300.0,320.0,User17,,
1490180327763,Mouse Moved,300.0,320.0,User17,,
1490180327765,Mouse Button.left Released,300.0,320.0,User17,,
1490180329697,Mouse Moved,301.0,320.0,User17,,
1490180329711,Mouse Moved,368.0,290.0,User17,,
1490180329730,Mouse Moved,457.0,263.0,User17,,
1490180329750,Mouse Moved,740.0,176.0,User17,,
1490180329762,Mouse Moved,910.0,110.0,User17,,
1490180329778,Mouse Moved,1060.0,43.0,User17,,
1490180329793,Mouse Moved,1113.0,17.0,User17,,
1490180331687,Mouse Moved,1290.0,12.0,User17,,
1490180331707,Mouse Moved,1164.0,55.0,User17,,
1490180331723,Mouse Moved,1083.0,84.0,User17,,
1490180331734,Mouse Moved,1048.0,98.0,User17,,
1490180331752,Mouse Moved,936.0,143.0,User17,,
1490180331763,Mouse Moved,894.0,164.0,User17,,
1490180331782,Mouse Moved,864.0,176.0,User17,,
1490180331783,Mouse Moved,827.0,193.0,User17,,
1490180331783,Mouse Moved,797.0,206.0,User17,,
1490180331792,Mouse Moved,772.0,217.0,User17,,
1490180331812,Mouse Moved,738.0,233.0,User17,,
1490180331812,Mouse Moved,718.0,242.0,User17,,
1490180331822,Mouse Moved,693.0,251.0,User17,,
1490180331822,Mouse Moved,675.0,260.0,User17,,
1490180331836,Mouse Moved,656.0,268.0,User17,,
1490180331858,Mouse Moved,636.0,275.0,User17,,
1490180331859,Mouse Moved,623.0,283.0,User17,,
1490180331861,Mouse Moved,606.0,292.0,User17,,
1490180331861,Mouse Moved,586.0,299.0,User17,,
1490180331868,Mouse Moved,574.0,307.0,User17,,
1490180331888,Mouse Moved,556.0,316.0,User17,,
1490180331890,Mouse Moved,544.0,322.0,User17,,
1490180331901,Mouse Moved,530.0,328.0,User17,,
1490180331901,Mouse Moved,523.0,331.0,User17,,
1490180331918,Mouse Moved,513.0,337.0,User17,,
1490180331920,Mouse Moved,507.0,340.0,User17,,
1490180331927,Mouse Moved,504.0,342.0,User17,,
1490180331946,Mouse Moved,499.0,343.0,User17,,
1490180331947,Mouse Moved,498.0,344.0,User17,,
1490180331963,Mouse Moved,492.0,347.0,User17,,
1490180331963,Mouse Moved,491.0,348.0,User17,,
1490180331964,Mouse Moved,485.0,353.0,User17,,
1490180331974,Mouse Moved,479.0,356.0,User17,,
1490180331993,Mouse Moved,474.0,359.0,User17,,
1490180331994,Mouse Moved,469.0,362.0,User17,,
1490180331996,Mouse Moved,468.0,363.0,User17,,
1490180332003,Mouse Moved,464.0,366.0,User17,,
1490180332025,Mouse Moved,462.0,367.0,User17,,
1490180332049,Mouse Moved,459.0,369.0,User17,,
1490180332068,Mouse Moved,453.0,372.0,User17,,
1490180332078,Mouse Moved,438.0,380.0,User17,,
1490180332078,Mouse Moved,429.0,384.0,User17,,
1490180332092,Mouse Moved,419.0,390.0,User17,,
1490180332108,Mouse Moved,410.0,394.0,User17,,
1490180332108,Mouse Moved,401.0,397.0,User17,,
1490180332131,Mouse Moved,391.0,401.0,User17,,
1490180332132,Mouse Moved,379.0,407.0,User17,,
1490180332134,Mouse Moved,370.0,411.0,User17,,
1490180332134,Mouse Moved,361.0,414.0,User17,,
1490180332147,Mouse Moved,356.0,416.0,User17,,
1490180332157,Mouse Moved,352.0,417.0,User17,,
1490180332158,Mouse Moved,347.0,419.0,User17,,
1490180332177,Mouse Moved,346.0,420.0,User17,,
1490180332177,Mouse Moved,344.0,421.0,User17,,
1490180332187,Mouse Moved,339.0,423.0,User17,,
1490180332207,Mouse Moved,336.0,424.0,User17,,
1490180332209,Mouse Moved,332.0,427.0,User17,,
1490180332210,Mouse Moved,329.0,427.0,User17,,
1490180332217,Mouse Moved,326.0,429.0,User17,,
1490180332236,Mouse Moved,325.0,429.0,User17,,
1490180332237,Mouse Moved,324.0,430.0,User17,,
1490180332418,Mouse Moved,324.0,431.0,User17,,
1490180332430,Mouse Moved,324.0,434.0,User17,,
1490180332464,Mouse Moved,324.0,435.0,User17,,
1490180332703,Mouse Moved,328.0,435.0,User17,,
1490180332733,Mouse Moved,332.0,433.0,User17,,
1490180332759,Mouse Moved,334.0,432.0,User17,,
1490180332773,Mouse Moved,335.0,431.0,User17,,
1490180332809,Mouse Moved,341.0,427.0,User17,,
1490180332819,Mouse Moved,343.0,425.0,User17,,
1490180332848,Mouse Moved,348.0,421.0,User17,,
1490180332862,Mouse Moved,350.0,419.0,User17,,
1490180332887,Mouse Moved,354.0,416.0,User17,,
1490180332894,Mouse Moved,355.0,415.0,User17,,
1490180332927,Mouse Moved,356.0,414.0,User17,,
1490180332937,Mouse Moved,358.0,413.0,User17,,
1490180332976,Mouse Moved,360.0,411.0,User17,,
1490180333006,Mouse Moved,360.0,410.0,User17,,
1490180333036,Mouse Moved,360.0,409.0,User17,,
1490180333066,Mouse Moved,361.0,409.0,User17,,
1490180333453,Mouse Moved,361.0,405.0,User17,,
1490180333453,Mouse Moved,361.0,402.0,User17,,
1490180333454,Mouse Moved,360.0,401.0,User17,,
1490180333456,Mouse Moved,355.0,397.0,User17,,
1490180333471,Mouse Moved,344.0,394.0,User17,,
1490180333473,Mouse Moved,335.0,394.0,User17,,
1490180333473,Mouse Moved,332.0,394.0,User17,,
1490180333474,Mouse Moved,331.0,394.0,User17,,
1490180333474,Mouse Moved,332.0,394.0,User17,,
1490180333476,Mouse Moved,332.0,394.0,User17,,
1490180333477,Mouse Moved,332.0,394.0,User17,,
1490180333479,Mouse Moved,330.0,391.0,User17,,
1490180333480,Mouse Moved,319.0,373.0,User17,,
1490180333483,Mouse Moved,315.0,364.0,User17,,
1490180333483,Mouse Moved,302.0,336.0,User17,,
1490180333484,Mouse Moved,300.0,327.0,User17,,
1490180333484,Mouse Moved,291.0,302.0,User17,,
1490180333486,Mouse Moved,287.0,293.0,User17,,
1490180333497,Mouse Moved,284.0,286.0,User17,,
1490180333499,Mouse Moved,282.0,277.0,User17,,
1490180333517,Mouse Moved,281.0,273.0,User17,,
1490180333519,Mouse Moved,279.0,268.0,User17,,
1490180333519,Mouse Moved,279.0,264.0,User17,,
1490180333529,Mouse Moved,279.0,261.0,User17,,
1490180333548,Mouse Moved,278.0,259.0,User17,,
1490180333559,Mouse Moved,278.0,257.0,User17,,
1490180333559,Mouse Moved,278.0,256.0,User17,,
1490180333586,Mouse Moved,278.0,254.0,User17,,
1490180333608,Mouse Moved,278.0,251.0,User17,,
1490180333608,Mouse Moved,278.0,249.0,User17,,
1490180333618,Mouse Moved,278.0,247.0,User17,,
1490180333638,Mouse Moved,278.0,245.0,User17,,
1490180333713,Mouse Moved,278.0,246.0,User17,,
1490180333888,Mouse Moved,278.0,245.0,User17,,
1490180333944,Mouse Moved,278.0,245.0,User17,,
1490180333946,Mouse Button.left Released,278.0,245.0,User17,,
1490180333961,Mouse Moved,278.0,246.0,User17,,
1490180334414,Mouse Moved,278.0,247.0,User17,,
1490180334467,Mouse Moved,278.0,248.0,User17,,
1490180334638,Mouse Moved,278.0,250.0,User17,,
1490180334674,Mouse Moved,278.0,252.0,User17,,
1490180334694,Mouse Moved,278.0,255.0,User17,,
1490180334704,Mouse Moved,278.0,257.0,User17,,
1490180334723,Mouse Moved,278.0,260.0,User17,,
1490180334733,Mouse Moved,278.0,264.0,User17,,
1490180334769,Mouse Moved,278.0,270.0,User17,,
1490180334778,Mouse Moved,279.0,272.0,User17,,
1490180334798,Mouse Moved,279.0,276.0,User17,,
1490180334808,Mouse Moved,279.0,279.0,User17,,
1490180334828,Mouse Moved,279.0,288.0,User17,,
1490180334838,Mouse Moved,279.0,291.0,User17,,
1490180334851,Mouse Moved,279.0,295.0,User17,,
1490180334872,Mouse Moved,279.0,298.0,User17,,
1490180334882,Mouse Moved,279.0,302.0,User17,,
1490180334903,Mouse Moved,279.0,305.0,User17,,
1490180334913,Mouse Moved,279.0,308.0,User17,,
1490180334933,Mouse Moved,279.0,309.0,User17,,
1490180334943,Mouse Moved,279.0,312.0,User17,,
1490180334963,Mouse Moved,279.0,313.0,User17,,
1490180334974,Mouse Moved,279.0,315.0,User17,,
1490180334993,Mouse Moved,279.0,317.0,User17,,
1490180335003,Mouse Moved,278.0,318.0,User17,,
1490180335358,Mouse Moved,277.0,320.0,User17,,
1490180335384,Mouse Moved,276.0,323.0,User17,,
1490180335457,Mouse Moved,276.0,322.0,User17,,
1490180335459,Mouse Button.left Pressed,276.0,322.0,User17,,
1490180335510,Mouse Moved,276.0,322.0,User17,,
1490180335512,Mouse Button.left Released,276.0,322.0,User17,,
1490180335642,Mouse Moved,273.0,321.0,User17,,
1490180335653,Mouse Moved,267.0,308.0,User17,,
1490180335654,Mouse Moved,261.0,299.0,User17,,
1490180335674,Mouse Moved,258.0,292.0,User17,,
1490180335674,Mouse Moved,258.0,289.0,User17,,
1490180335691,Mouse Moved,257.0,285.0,User17,,
1490180335693,Mouse Moved,255.0,280.0,User17,,
1490180335697,Mouse Moved,255.0,278.0,User17,,
1490180335698,Mouse Moved,254.0,276.0,User17,,
1490180335730,Mouse Moved,254.0,274.0,User17,,
1490180335746,Mouse Moved,254.0,272.0,User17,,
1490180335756,Mouse Moved,254.0,270.0,User17,,
1490180335776,Mouse Moved,254.0,269.0,User17,,
1490180335792,Mouse Moved,254.0,268.0,User17,,
1490180335822,Mouse Moved,254.0,266.0,User17,,
1490180335846,Mouse Moved,254.0,262.0,User17,,
1490180335897,Mouse Moved,250.0,262.0,User17,,
1490180335907,Mouse Moved,239.0,267.0,User17,,
1490180335930,Mouse Moved,185.0,289.0,User17,,
1490180335937,Mouse Moved,162.0,298.0,User17,,
1490180335957,Mouse Moved,145.0,302.0,User17,,
1490180335957,Mouse Moved,133.0,306.0,User17,,
1490180335959,Mouse Moved,121.0,310.0,User17,,
1490180335967,Mouse Moved,117.0,312.0,User17,,
1490180335987,Mouse Moved,112.0,313.0,User17,,
1490180335987,Mouse Moved,112.0,314.0,User17,,
1490180335989,Mouse Moved,111.0,314.0,User17,,
1490180336012,Mouse Moved,111.0,316.0,User17,,
1490180336032,Mouse Moved,107.0,317.0,User17,,
1490180336043,Mouse Moved,103.0,320.0,User17,,
1490180336069,Mouse Moved,95.0,325.0,User17,,
1490180336072,Mouse Moved,93.0,327.0,User17,,
1490180336094,Mouse Moved,92.0,328.0,User17,,
1490180336101,Mouse Moved,91.0,328.0,User17,,
1490180336253,Mouse Moved,91.0,328.0,User17,,
1490180336322,Mouse Moved,91.0,328.0,User17,,
1490180336358,Mouse Moved,91.0,329.0,User17,,
1490180336493,Mouse Moved,91.0,328.0,User17,,
1490180336529,Mouse Moved,91.0,324.0,User17,,
1490180336529,Mouse Moved,91.0,323.0,User17,,
1490180336539,Mouse Moved,91.0,322.0,User17,,
1490180336559,Mouse Moved,91.0,319.0,User17,,
1490180336798,Mouse Moved,91.0,315.0,User17,,
1490180336799,Mouse Moved,91.0,314.0,User17,,
1490180336808,Mouse Moved,91.0,311.0,User17,,
1490180336822,Mouse Moved,91.0,310.0,User17,,
1490180336822,Mouse Moved,89.0,308.0,User17,,
1490180336842,Mouse Moved,89.0,305.0,User17,,
1490180336842,Mouse Moved,89.0,304.0,User17,,
1490180336854,Mouse Moved,88.0,301.0,User17,,
1490180336872,Mouse Moved,88.0,299.0,User17,,
1490180336941,Mouse Moved,88.0,298.0,User17,,
1490180336967,Mouse Moved,89.0,298.0,User17,,
1490180336969,Mouse Moved,89.0,298.0,User17,,
1490180337055,Mouse Moved,89.0,298.0,User17,,
1490180337056,Mouse Button.left Released,89.0,298.0,User17,,
1490180337447,Mouse Moved,88.0,299.0,User17,,
1490180337447,Mouse Moved,88.0,302.0,User17,,
1490180337461,Mouse Moved,88.0,306.0,User17,,
1490180337471,Mouse Moved,88.0,307.0,User17,,
1490180337493,Mouse Moved,88.0,310.0,User17,,
1490180337493,Mouse Moved,87.0,312.0,User17,,
1490180337493,Mouse Moved,87.0,314.0,User17,,
1490180337503,Mouse Moved,87.0,316.0,User17,,
1490180337522,Mouse Moved,87.0,326.0,User17,,
1490180337542,Mouse Moved,87.0,328.0,User17,,
1490180337555,Mouse Moved,85.0,336.0,User17,,
1490180337569,Mouse Moved,85.0,341.0,User17,,
1490180337578,Mouse Moved,85.0,342.0,User17,,
1490180337598,Mouse Moved,85.0,345.0,User17,,
1490180337599,Mouse Moved,85.0,349.0,User17,,
1490180337601,Mouse Moved,85.0,352.0,User17,,
1490180337608,Mouse Moved,85.0,354.0,User17,,
1490180337630,Mouse Moved,85.0,356.0,User17,,
1490180337630,Mouse Moved,85.0,358.0,User17,,
1490180337638,Mouse Moved,85.0,362.0,User17,,
1490180337640,Mouse Moved,85.0,365.0,User17,,
1490180337658,Mouse Moved,85.0,366.0,User17,,
1490180337660,Mouse Moved,85.0,369.0,User17,,
1490180337674,Mouse Moved,84.0,375.0,User17,,
1490180337674,Mouse Moved,84.0,376.0,User17,,
1490180337683,Mouse Moved,82.0,382.0,User17,,
1490180337684,Mouse Moved,82.0,383.0,User17,,
1490180337703,Mouse Moved,82.0,385.0,User17,,
1490180337703,Mouse Moved,81.0,390.0,User17,,
1490180337713,Mouse Moved,80.0,391.0,User17,,
1490180337733,Mouse Moved,80.0,393.0,User17,,
1490180337734,Mouse Moved,80.0,395.0,User17,,
1490180337736,Mouse Moved,80.0,397.0,User17,,
1490180337763,Mouse Moved,80.0,398.0,User17,,
1490180337763,Mouse Moved,78.0,401.0,User17,,
1490180337766,Mouse Moved,78.0,403.0,User17,,
1490180337778,Mouse Moved,78.0,405.0,User17,,
1490180337809,Mouse Moved,78.0,406.0,User17,,
1490180337809,Mouse Moved,78.0,408.0,User17,,
1490180337842,Mouse Moved,78.0,411.0,User17,,
1490180337868,Mouse Moved,78.0,412.0,User17,,
1490180338269,Mouse Moved,80.0,409.0,User17,,
1490180338296,Mouse Moved,83.0,405.0,User17,,
1490180338298,Mouse Moved,86.0,402.0,User17,,
1490180338303,Mouse Moved,89.0,399.0,User17,,
1490180338305,Mouse Moved,96.0,392.0,User17,,
1490180338315,Mouse Moved,106.0,380.0,User17,,
1490180338335,Mouse Moved,121.0,366.0,User17,,
1490180338335,Mouse Moved,145.0,345.0,User17,,
1490180338336,Mouse Moved,181.0,315.0,User17,,
1490180338344,Mouse Moved,222.0,280.0,User17,,
1490180338362,Mouse Moved,278.0,242.0,User17,,
1490180338364,Mouse Moved,349.0,201.0,User17,,
1490180338365,Mouse Moved,419.0,164.0,User17,,
1490180338375,Mouse Moved,516.0,119.0,User17,,
1490180338388,Mouse Moved,715.0,34.0,User17,,
1490180835497,Mouse Moved,367.0,696.0,User17,1536.0,775.0
1490180835513,Mouse Moved,221.0,546.0,User17,,
1490180835528,Mouse Moved,154.0,446.0,User17,,
1490180835538,Mouse Moved,133.0,404.0,User17,,
1490180835558,Mouse Moved,114.0,362.0,User17,,
1490180835569,Mouse Moved,113.0,358.0,User17,,
1490180835588,Mouse Moved,111.0,346.0,User17,,
1490180835595,Mouse Moved,111.0,345.0,User17,,
1490180835611,Mouse Moved,110.0,344.0,User17,,
1490180835631,Mouse Moved,110.0,341.0,User17,,
1490180835650,Mouse Moved,109.0,333.0,User17,,
1490180835661,Mouse Moved,109.0,332.0,User17,,
1490180835674,Mouse Moved,109.0,328.0,User17,,
1490180835687,Mouse Moved,109.0,326.0,User17,,
1490180835703,Mouse Moved,109.0,319.0,User17,,
1490180835719,Mouse Moved,109.0,300.0,User17,,
1490180835740,Mouse Moved,103.0,258.0,User17,,
1490180835753,Mouse Moved,101.0,241.0,User17,,
1490180835775,Mouse Moved,97.0,217.0,User17,,
1490180835780,Mouse Moved,97.0,216.0,User17,,
1490180835801,Mouse Moved,97.0,211.0,User17,,
1490180835846,Mouse Moved,97.0,205.0,User17,,
1490180835874,Mouse Moved,97.0,204.0,User17,,
1490180835891,Mouse Moved,96.0,199.0,User17,,
1490180835901,Mouse Moved,93.0,188.0,User17,,
1490180835924,Mouse Moved,89.0,167.0,User17,,
1490180835934,Mouse Moved,89.0,166.0,User17,,
1490180835946,Mouse Moved,88.0,164.0,User17,,
1490180835996,Mouse Moved,88.0,162.0,User17,,
1490180836020,Mouse Moved,88.0,161.0,User17,,
1490180836042,Mouse Moved,88.0,160.0,User17,,
1490180836092,Mouse Moved,88.0,159.0,User17,,
1490180836101,Mouse Moved,88.0,158.0,User17,,
1490180836141,Mouse Moved,88.0,157.0,User17,,
1490180836142,Mouse Moved,88.0,157.0,User17,,
1490180836144,Mouse Button.left Pressed,88.0,157.0,User17,,
1490180836211,Mouse Moved,89.0,157.0,User17,,
1490180836213,Mouse Moved,89.0,157.0,User17,,
1490180836220,Mouse Moved,88.0,158.0,User17,,
1490180836282,Mouse Moved,88.0,159.0,User17,,
1490180836325,Mouse Moved,88.0,160.0,User17,,
1490180836380,Mouse Moved,88.0,161.0,User17,,
1490180836410,Mouse Moved,88.0,165.0,User17,,
1490180836411,Mouse Moved,87.0,170.0,User17,,
1490180836420,Mouse Moved,87.0,171.0,User17,,
1490180836440,Mouse Moved,85.0,172.0,User17,,
1490180836440,Mouse Moved,85.0,173.0,User17,,
1490180836456,Mouse Moved,85.0,174.0,User17,,
1490180836513,Mouse Moved,85.0,173.0,User17,,
1490180836546,Mouse Moved,85.0,169.0,User17,,
1490180836548,Mouse Moved,85.0,168.0,User17,,
1490180836549,Mouse Moved,85.0,168.0,User17,,
1490180836632,Mouse Moved,85.0,171.0,User17,,
1490180836634,Mouse Moved,85.0,171.0,User17,,
1490180836650,Mouse Moved,85.0,173.0,User17,,
1490180836674,Mouse Moved,85.0,174.0,User17,,
1490180836687,Mouse Moved,84.0,177.0,User17,,
1490180836825,Mouse Moved,84.0,178.0,User17,,
1490180836845,Mouse Moved,96.0,185.0,User17,,
1490180836854,Mouse Moved,100.0,188.0,User17,,
1490180836877,Mouse Moved,107.0,191.0,User17,,
1490180836878,Mouse Moved,116.0,197.0,User17,,
1490180836878,Mouse Moved,126.0,200.0,User17,,
1490180836887,Mouse Moved,135.0,206.0,User17,,
1490180836907,Mouse Moved,140.0,208.0,User17,,
1490180836907,Mouse Moved,148.0,213.0,User17,,
1490180836908,Mouse Moved,158.0,217.0,User17,,
1490180836917,Mouse Moved,162.0,218.0,User17,,
1490180836937,Mouse Moved,171.0,223.0,User17,,
1490180836937,Mouse Moved,176.0,225.0,User17,,
1490180836938,Mouse Moved,180.0,228.0,User17,,
1490180836947,Mouse Moved,186.0,230.0,User17,,
1490180836960,Mouse Moved,191.0,231.0,User17,,
1490180836961,Mouse Moved,196.0,234.0,User17,,
1490180836982,Mouse Moved,202.0,236.0,User17,,
1490180836983,Mouse Moved,206.0,239.0,User17,,
1490180836983,Mouse Moved,211.0,242.0,User17,,
1490180836992,Mouse Moved,214.0,243.0,User17,,
1490180837012,Mouse Moved,218.0,246.0,User17,,
1490180837013,Mouse Moved,223.0,248.0,User17,,
1490180837022,Mouse Moved,226.0,249.0,User17,,
1490180837023,Mouse Moved,227.0,250.0,User17,,
1490180837042,Mouse Moved,228.0,251.0,User17,,
1490180837043,Mouse Moved,231.0,253.0,User17,,
1490180837052,Mouse Moved,232.0,254.0,User17,,
1490180837066,Mouse Moved,236.0,255.0,User17,,
1490180837088,Mouse Moved,239.0,257.0,User17,,
1490180837088,Mouse Moved,243.0,258.0,User17,,
1490180837088,Mouse Moved,246.0,260.0,User17,,
1490180837101,Mouse Moved,247.0,260.0,User17,,
1490180837102,Mouse Moved,248.0,261.0,User17,,
1490180837114,Mouse Moved,249.0,261.0,User17,,
1490180837130,Mouse Moved,250.0,261.0,User17,,
1490180837207,Mouse Moved,252.0,261.0,User17,,
1490180837233,Mouse Moved,253.0,260.0,User17,,
1490180837253,Mouse Moved,253.0,258.0,User17,,
1490180837278,Mouse Moved,253.0,257.0,User17,,
1490180837279,Mouse Moved,253.0,257.0,User17,,
1490180837357,Mouse Moved,253.0,257.0,User17,,
1490180837358,Mouse Button.left Released,253.0,257.0,User17,,
1490180837404,Mouse Moved,253.0,258.0,User17,,
1490180837513,Mouse Moved,253.0,260.0,User17,,
1490180837522,Mouse Moved,254.0,265.0,User17,,
1490180837523,Mouse Moved,254.0,268.0,User17,,
1490180837539,Mouse Moved,254.0,272.0,User17,,
1490180837540,Mouse Moved,256.0,275.0,User17,,
1490180837549,Mouse Moved,256.0,279.0,User17,,
1490180837551,Mouse Moved,257.0,282.0,User17,,
1490180837571,Mouse Moved,257.0,285.0,User17,,
1490180837572,Mouse Moved,258.0,289.0,User17,,
1490180837579,Mouse Moved,258.0,290.0,User17,,
1490180837599,Mouse Moved,258.0,293.0,User17,,
1490180837631,Mouse Moved,258.0,295.0,User17,,
1490180841289,Mouse Moved,258.0,295.0,User17,,
1490180841595,Mouse Moved,258.0,295.0,User17,,
1490180841596,Mouse Button.left Released,258.0,295.0,User17,,
1490180841611,Mouse Moved,258.0,292.0,User17,,
1490180841618,Mouse Moved,257.0,288.0,User17,,
1490180841921,Mouse Moved,257.0,287.0,User17,,
1490180841923,Mouse Moved,256.0,286.0,User17,,
1490180841924,Mouse Moved,256.0,284.0,User17,,
1490180841924,Mouse Moved,256.0,283.0,User17,,
1490180841926,Mouse Moved,256.0,282.0,User17,,
1490180841927,Mouse Moved,256.0,281.0,User17,,
1490180841928,Mouse Moved,256.0,280.0,User17,,
1490180841933,Mouse Moved,256.0,279.0,User17,,
1490180841934,Mouse Moved,256.0,276.0,User17,,
1490180841937,Mouse Moved,256.0,272.0,User17,,
1490180841937,Mouse Moved,256.0,271.0,User17,,
1490180841937,Mouse Moved,256.0,268.0,User17,,
1490180841938,Mouse Moved,256.0,267.0,User17,,
1490180841940,Mouse Moved,256.0,266.0,User17,,
1490180841940,Mouse Moved,256.0,265.0,User17,,
1490180841941,Mouse Moved,256.0,264.0,User17,,
1490180841943,Mouse Moved,256.0,262.0,User17,,
1490180841943,Mouse Moved,256.0,261.0,User17,,
1490180842201,Mouse Moved,256.0,260.0,User17,,
1490180842203,Mouse Moved,256.0,259.0,User17,,
1490180842908,Mouse Moved,256.0,258.0,User17,,
1490180842910,Mouse Moved,256.0,258.0,User17,,
1490180842911,Mouse Button.left Pressed,256.0,258.0,User17,,
1490180843003,Mouse Moved,256.0,258.0,User17,,
1490180843085,Mouse Moved,256.0,259.0,User17,,
1490180843658,Mouse Moved,256.0,263.0,User17,,
1490180843667,Mouse Moved,256.0,265.0,User17,,
1490180843687,Mouse Moved,257.0,269.0,User17,,
1490180843703,Mouse Moved,257.0,271.0,User17,,
1490180843717,Mouse Moved,257.0,272.0,User17,,
1490180843727,Mouse Moved,257.0,274.0,User17,,
1490180843742,Mouse Moved,257.0,275.0,User17,,
1490180843762,Mouse Moved,257.0,276.0,User17,,
1490180844427,Mouse Moved,257.0,278.0,User17,,
1490180844457,Mouse Moved,257.0,279.0,User17,,
1490180844693,Mouse Moved,257.0,281.0,User17,,
1490180845256,Mouse Moved,257.0,282.0,User17,,
1490180845263,Mouse Moved,257.0,283.0,User17,,
1490180846358,Mouse Moved,257.0,284.0,User17,,
1490180846407,Mouse Moved,257.0,285.0,User17,,
1490180846575,Mouse Moved,257.0,286.0,User17,,
1490180846815,Mouse Moved,257.0,285.0,User17,,
1490180847059,Mouse Moved,257.0,288.0,User17,,
1490180847073,Mouse Moved,257.0,289.0,User17,,
1490180847094,Mouse Moved,257.0,290.0,User17,,
1490180847124,Mouse Moved,256.0,291.0,User17,,
1490180847148,Mouse Moved,256.0,292.0,User17,,
1490180847173,Mouse Moved,252.0,299.0,User17,,
1490180847187,Mouse Moved,249.0,303.0,User17,,
1490180847211,Mouse Moved,248.0,304.0,User17,,
1490180847234,Mouse Moved,247.0,305.0,User17,,
1490180847236,Mouse Moved,246.0,308.0,User17,,
1490180847265,Mouse Moved,241.0,313.0,User17,,
1490180847266,Mouse Moved,239.0,315.0,User17,,
1490180847288,Mouse Moved,237.0,318.0,User17,,
1490180847289,Mouse Moved,233.0,325.0,User17,,
1490180847308,Mouse Moved,230.0,326.0,User17,,
1490180847309,Mouse Moved,229.0,329.0,User17,,
1490180847309,Mouse Moved,228.0,330.0,User17,,
1490180847318,Mouse Moved,227.0,331.0,User17,,
1490180847338,Mouse Moved,224.0,334.0,User17,,
1490180847339,Mouse Moved,223.0,335.0,User17,,
1490180847365,Mouse Moved,222.0,336.0,User17,,
1490180847654,Mouse Moved,222.0,340.0,User17,,
1490180847671,Mouse Moved,220.0,345.0,User17,,
1490180847680,Mouse Moved,217.0,351.0,User17,,
1490180847694,Mouse Moved,217.0,352.0,User17,,
1490180847694,Mouse Moved,216.0,355.0,User17,,
1490180847717,Mouse Moved,215.0,356.0,User17,,
1490180847717,Mouse Moved,215.0,359.0,User17,,
1490180847719,Mouse Moved,213.0,360.0,User17,,
1490180847726,Mouse Moved,213.0,361.0,User17,,
1490180847927,Mouse Moved,213.0,362.0,User17,,
1490180847957,Mouse Moved,213.0,363.0,User17,,
1490180847967,Mouse Moved,213.0,366.0,User17,,
1490180847986,Mouse Moved,213.0,367.0,User17,,
1490180848012,Mouse Moved,213.0,369.0,User17,,
1490180848032,Mouse Moved,213.0,372.0,User17,,
1490180848042,Mouse Moved,213.0,375.0,User17,,
1490180848062,Mouse Moved,212.0,376.0,User17,,
1490180848072,Mouse Moved,212.0,377.0,User17,,
1490180848401,Mouse Moved,212.0,378.0,User17,,
1490180848417,Mouse Moved,212.0,379.0,User17,,
1490180848434,Mouse Moved,211.0,381.0,User17,,
1490180848555,Mouse Moved,211.0,382.0,User17,,
1490180848667,Mouse Moved,211.0,383.0,User17,,
1490180848871,Mouse Moved,211.0,384.0,User17,,
1490180849170,Mouse Moved,212.0,379.0,User17,,
1490180849186,Mouse Moved,214.0,375.0,User17,,
1490180849200,Mouse Moved,220.0,365.0,User17,,
1490180849213,Mouse Moved,223.0,360.0,User17,,
1490180849229,Mouse Moved,229.0,350.0,User17,,
1490180849244,Mouse Moved,232.0,346.0,User17,,
1490180849259,Mouse Moved,233.0,342.0,User17,,
1490180849280,Mouse Moved,235.0,340.0,User17,,
1490180849311,Mouse Moved,237.0,338.0,User17,,
1490180849321,Mouse Moved,241.0,336.0,User17,,
1490180849335,Mouse Moved,243.0,333.0,User17,,
1490180849355,Mouse Moved,244.0,332.0,User17,,
1490180849368,Mouse Moved,246.0,331.0,User17,,
1490180849394,Mouse Moved,251.0,328.0,User17,,
1490180849408,Mouse Moved,257.0,322.0,User17,,
1490180849433,Mouse Moved,263.0,310.0,User17,,
1490180849450,Mouse Moved,266.0,304.0,User17,,
1490180849457,Mouse Moved,267.0,302.0,User17,,
1490180849476,Mouse Moved,268.0,297.0,User17,,
1490180849507,Mouse Moved,269.0,294.0,User17,,
1490180849655,Mouse Moved,269.0,293.0,User17,,
1490180849664,Mouse Moved,269.0,292.0,User17,,
1490180849700,Mouse Moved,269.0,293.0,User17,,
1490180849701,Mouse Moved,269.0,293.0,User17,,
1490180849703,Mouse Button.left Pressed,269.0,293.0,User17,,
1490180849713,Mouse Moved,269.0,291.0,User17,,
1490180849776,Mouse Moved,269.0,291.0,User17,,
1490180849778,Mouse Button.left Released,269.0,291.0,User17,,
1490180849839,Mouse Moved,271.0,292.0,User17,,
1490180849862,Mouse Moved,272.0,292.0,User17,,
1490180849884,Mouse Moved,276.0,288.0,User17,,
1490180849892,Mouse Moved,279.0,285.0,User17,,
1490180849907,Mouse Moved,280.0,284.0,User17,,
1490180849908,Mouse Moved,283.0,281.0,User17,,
1490180849923,Mouse Moved,284.0,280.0,User17,,
1490180849946,Mouse Moved,285.0,277.0,User17,,
1490180849947,Mouse Moved,286.0,276.0,User17,,
1490180849970,Mouse Moved,286.0,275.0,User17,,
1490180849987,Mouse Moved,287.0,274.0,User17,,
1490180850028,Mouse Moved,289.0,273.0,User17,,
1490180850048,Mouse Moved,291.0,269.0,User17,,
1490180850058,Mouse Moved,301.0,261.0,User17,,
1490180850082,Mouse Moved,323.0,250.0,User17,,
1490180850092,Mouse Moved,332.0,250.0,User17,,
1490180850111,Mouse Moved,351.0,249.0,User17,,
1490180850121,Mouse Moved,355.0,249.0,User17,,
1490180850141,Mouse Moved,361.0,249.0,User17,,
1490180850355,Mouse Moved,360.0,249.0,User17,,
1490180850362,Mouse Moved,356.0,249.0,User17,,
1490180850377,Mouse Moved,352.0,249.0,User17,,
1490180850391,Mouse Moved,351.0,250.0,User17,,
1490180850421,Mouse Moved,349.0,250.0,User17,,
1490180850437,Mouse Moved,346.0,250.0,User17,,
1490180850451,Mouse Moved,342.0,252.0,User17,,
1490180850476,Mouse Moved,341.0,252.0,User17,,
1490180850530,Mouse Moved,340.0,252.0,User17,,
1490180850552,Mouse Moved,339.0,252.0,User17,,
1490180850571,Mouse Moved,339.0,251.0,User17,,
1490180850572,Mouse Moved,339.0,251.0,User17,,
1490180850632,Mouse Moved,339.0,251.0,User17,,
1490180850634,Mouse Button.left Released,339.0,251.0,User17,,
1490180850861,Mouse Moved,339.0,253.0,User17,,
1490180850884,Mouse Moved,343.0,255.0,User17,,
1490180850894,Mouse Moved,354.0,259.0,User17,,
1490180850908,Mouse Moved,382.0,265.0,User17,,
1490180850926,Mouse Moved,439.0,267.0,User17,,
1490180850937,Mouse Moved,527.0,273.0,User17,,
1490180850961,Mouse Moved,611.0,273.0,User17,,
1490180850970,Mouse Moved,625.0,271.0,User17,,
1490180850990,Mouse Moved,645.0,269.0,User17,,
1490180851000,Mouse Moved,649.0,268.0,User17,,
1490180851013,Mouse Moved,650.0,268.0,User17,,
1490180851029,Mouse Moved,650.0,266.0,User17,,
1490180851154,Mouse Moved,640.0,271.0,User17,,
1490180851163,Mouse Moved,638.0,271.0,User17,,
1490180851183,Mouse Moved,636.0,272.0,User17,,
1490180851194,Mouse Moved,635.0,273.0,User17,,
1490180851213,Mouse Moved,631.0,274.0,User17,,
1490180851423,Mouse Moved,635.0,274.0,User17,,
1490180851440,Mouse Moved,640.0,277.0,User17,,
1490180851453,Mouse Moved,643.0,277.0,User17,,
1490180851469,Mouse Moved,645.0,278.0,User17,,
1490180851490,Mouse Moved,646.0,278.0,User17,,
1490180851588,Mouse Moved,626.0,267.0,User17,,
1490180851596,Mouse Moved,601.0,246.0,User17,,
1490180851618,Mouse Moved,573.0,220.0,User17,,
1490180851627,Mouse Moved,545.0,197.0,User17,,
1490180851642,Mouse Moved,538.0,189.0,User17,,
1490180851644,Mouse Moved,533.0,184.0,User17,,
1490180851654,Mouse Moved,532.0,183.0,User17,,
1490180851671,Mouse Moved,531.0,182.0,User17,,
1490180851673,Mouse Moved,530.0,180.0,User17,,
1490180851674,Mouse Moved,530.0,178.0,User17,,
1490180851683,Mouse Moved,528.0,176.0,User17,,
1490180851703,Mouse Moved,527.0,173.0,User17,,
1490180851703,Mouse Moved,524.0,167.0,User17,,
1490180851711,Mouse Moved,524.0,165.0,User17,,
1490180851732,Mouse Moved,522.0,163.0,User17,,
1490180851733,Mouse Moved,521.0,162.0,User17,,
1490180851733,Mouse Moved,520.0,159.0,User17,,
1490180851749,Mouse Moved,519.0,158.0,User17,,
1490180851750,Mouse Moved,519.0,155.0,User17,,
1490180851778,Mouse Moved,518.0,154.0,User17,,
1490180851779,Mouse Moved,516.0,152.0,User17,,
1490180851790,Mouse Moved,513.0,150.0,User17,,
1490180851806,Mouse Moved,506.0,147.0,User17,,
1490180851816,Mouse Moved,491.0,144.0,User17,,
1490180851836,Mouse Moved,484.0,144.0,User17,,
1490180851845,Mouse Moved,482.0,143.0,User17,,
1490180851861,Mouse Moved,481.0,143.0,User17,,
1490180851861,Mouse Moved,478.0,143.0,User17,,
1490180851875,Mouse Moved,477.0,143.0,User17,,
1490180851875,Mouse Moved,474.0,141.0,User17,,
1490180851894,Mouse Moved,472.0,141.0,User17,,
1490180851895,Mouse Moved,469.0,141.0,User17,,
1490180851897,Mouse Moved,468.0,141.0,User17,,
1490180851905,Mouse Moved,467.0,140.0,User17,,
1490180851921,Mouse Moved,466.0,140.0,User17,,
1490180851937,Mouse Moved,464.0,138.0,User17,,
1490180851964,Mouse Moved,463.0,135.0,User17,,
1490180851983,Mouse Moved,462.0,134.0,User17,,
1490180852003,Mouse Moved,462.0,132.0,User17,,
1490180852013,Mouse Moved,460.0,130.0,User17,,
1490180852042,Mouse Moved,454.0,121.0,User17,,
1490180852063,Mouse Moved,434.0,108.0,User17,,
1490180852073,Mouse Moved,427.0,105.0,User17,,
1490180852094,Mouse Moved,418.0,101.0,User17,,
1490180852095,Mouse Moved,413.0,100.0,User17,,
1490180852095,Mouse Moved,405.0,98.0,User17,,
1490180852104,Mouse Moved,396.0,95.0,User17,,
1490180852124,Mouse Moved,387.0,93.0,User17,,
1490180852125,Mouse Moved,378.0,93.0,User17,,
1490180852125,Mouse Moved,369.0,91.0,User17,,
1490180852134,Mouse Moved,365.0,91.0,User17,,
1490180852148,Mouse Moved,357.0,91.0,User17,,
1490180852148,Mouse Moved,352.0,89.0,User17,,
1490180852167,Mouse Moved,348.0,89.0,User17,,
1490180852168,Mouse Moved,344.0,89.0,User17,,
1490180852170,Mouse Moved,339.0,89.0,User17,,
1490180852177,Mouse Moved,338.0,89.0,User17,,
1490180852207,Mouse Moved,337.0,89.0,User17,,
1490180852282,Mouse Moved,328.0,91.0,User17,,
1490180852283,Mouse Moved,319.0,93.0,User17,,
1490180852302,Mouse Moved,314.0,93.0,User17,,
1490180852303,Mouse Moved,306.0,94.0,User17,,
1490180852305,Mouse Moved,297.0,94.0,User17,,
1490180852312,Mouse Moved,293.0,94.0,User17,,
1490180852332,Mouse Moved,268.0,96.0,User17,,
1490180852342,Mouse Moved,259.0,96.0,User17,,
1490180852365,Mouse Moved,255.0,96.0,User17,,
1490180852367,Mouse Moved,251.0,96.0,User17,,
1490180852378,Mouse Moved,249.0,96.0,User17,,
1490180852378,Mouse Moved,248.0,96.0,User17,,
1490180852407,Mouse Moved,247.0,96.0,User17,,
1490180852493,Mouse Moved,258.0,91.0,User17,,
1490180852510,Mouse Moved,268.0,88.0,User17,,
1490180852512,Mouse Moved,272.0,86.0,User17,,
1490180852532,Mouse Moved,291.0,83.0,User17,,
1490180852539,Mouse Moved,296.0,82.0,User17,,
1490180852558,Mouse Moved,311.0,82.0,User17,,
1490180852569,Mouse Moved,312.0,82.0,User17,,
1490180852611,Mouse Moved,312.0,80.0,User17,,
1490180852644,Mouse Moved,306.0,83.0,User17,,
1490180852671,Mouse Moved,301.0,86.0,User17,,
1490180852693,Mouse Moved,299.0,86.0,User17,,
1490180852703,Mouse Moved,296.0,87.0,User17,,
1490180852723,Mouse Moved,278.0,92.0,User17,,
1490180852740,Mouse Moved,270.0,92.0,User17,,
1490180852753,Mouse Moved,260.0,92.0,User17,,
1490180852775,Mouse Moved,258.0,92.0,User17,,
1490180852910,Mouse Moved,257.0,92.0,User17,,
1490180852931,Mouse Moved,251.0,92.0,User17,,
1490180852947,Mouse Moved,249.0,92.0,User17,,
1490180853088,Mouse Moved,250.0,92.0,User17,,
1490180853089,Mouse Button.left Pressed,250.0,92.0,User17,,
1490180853178,Mouse Moved,250.0,92.0,User17,,
1490180853180,Mouse Button.left Released,250.0,92.0,User17,,
1490180853818,Mouse Moved,249.0,93.0,User17,,
1490180853838,Mouse Moved,252.0,96.0,User17,,
1490180853848,Mouse Moved,255.0,99.0,User17,,
1490180853849,Mouse Moved,256.0,100.0,User17,,
1490180853885,Mouse Moved,257.0,102.0,User17,,
1490180853888,Mouse Moved,258.0,105.0,User17,,
1490180853890,Mouse Moved,260.0,108.0,User17,,
1490180853895,Mouse Moved,261.0,109.0,User17,,
1490180853915,Mouse Moved,264.0,112.0,User17,,
1490180853917,Mouse Moved,265.0,113.0,User17,,
1490180853924,Mouse Moved,266.0,115.0,User17,,
1490180853938,Mouse Moved,267.0,117.0,User17,,
1490180853954,Mouse Moved,268.0,118.0,User17,,
1490180853970,Mouse Moved,270.0,120.0,User17,,
1490180853993,Mouse Moved,271.0,123.0,User17,,
1490180853994,Mouse Moved,272.0,124.0,User17,,
1490180854003,Mouse Moved,274.0,127.0,User17,,
1490180854023,Mouse Moved,274.0,129.0,User17,,
1490180854023,Mouse Moved,275.0,131.0,User17,,
1490180854045,Mouse Moved,276.0,133.0,User17,,
1490180854069,Mouse Moved,276.0,134.0,User17,,
1490180854071,Mouse Moved,277.0,135.0,User17,,
1490180854101,Mouse Moved,278.0,138.0,User17,,
1490180854111,Mouse Moved,280.0,141.0,User17,,
1490180854128,Mouse Moved,280.0,142.0,User17,,
1490180854154,Mouse Moved,281.0,143.0,User17,,
1490180854174,Mouse Moved,284.0,146.0,User17,,
1490180854184,Mouse Moved,285.0,147.0,User17,,
1490180854217,Mouse Moved,286.0,148.0,User17,,
1490180854233,Mouse Moved,290.0,152.0,User17,,
1490180854252,Mouse Moved,299.0,156.0,User17,,
1490180854253,Mouse Moved,306.0,159.0,User17,,
1490180854259,Mouse Moved,315.0,163.0,User17,,
1490180854279,Mouse Moved,325.0,169.0,User17,,
1490180854279,Mouse Moved,334.0,172.0,User17,,
1490180854280,Mouse Moved,346.0,176.0,User17,,
1490180854295,Mouse Moved,356.0,182.0,User17,,
1490180854296,Mouse Moved,360.0,184.0,User17,,
1490180854305,Mouse Moved,365.0,185.0,User17,,
1490180854326,Mouse Moved,369.0,187.0,User17,,
1490180854328,Mouse Moved,374.0,190.0,User17,,
1490180854328,Mouse Moved,376.0,190.0,User17,,
1490180854335,Mouse Moved,377.0,191.0,User17,,
1490180854351,Mouse Moved,379.0,192.0,User17,,
1490180854374,Mouse Moved,380.0,193.0,User17,,
1490180854381,Mouse Moved,382.0,194.0,User17,,
1490180854407,Mouse Moved,385.0,196.0,User17,,
1490180854407,Mouse Moved,388.0,196.0,User17,,
1490180854545,Mouse Moved,388.0,197.0,User17,,
1490180854565,Mouse Moved,389.0,198.0,User17,,
1490180854588,Mouse Moved,395.0,203.0,User17,,
1490180854589,Mouse Moved,410.0,211.0,User17,,
1490180854612,Mouse Moved,425.0,220.0,User17,,
1490180854614,Mouse Moved,445.0,231.0,User17,,
1490180854621,Mouse Moved,462.0,240.0,User17,,
1490180854621,Mouse Moved,482.0,248.0,User17,,
1490180854641,Mouse Moved,499.0,257.0,User17,,
1490180854641,Mouse Moved,517.0,266.0,User17,,
1490180854655,Mouse Moved,537.0,275.0,User17,,
1490180854657,Mouse Moved,551.0,281.0,User17,,
1490180854665,Mouse Moved,561.0,287.0,User17,,
1490180854667,Mouse Moved,570.0,290.0,User17,,
1490180854687,Mouse Moved,577.0,294.0,User17,,
1490180854687,Mouse Moved,578.0,295.0,User17,,
1490180854696,Mouse Moved,582.0,298.0,User17,,
1490180854720,Mouse Moved,583.0,299.0,User17,,
1490180854720,Mouse Moved,586.0,301.0,User17,,
1490180854730,Mouse Moved,589.0,303.0,User17,,
1490180854730,Mouse Moved,592.0,306.0,User17,,
1490180854753,Mouse Moved,595.0,309.0,User17,,
1490180854753,Mouse Moved,599.0,312.0,User17,,
1490180854769,Mouse Moved,600.0,313.0,User17,,
1490180854775,Mouse Moved,603.0,314.0,User17,,
1490180854776,Mouse Moved,603.0,315.0,User17,,
1490180854789,Mouse Moved,604.0,315.0,User17,,
1490180855423,Mouse Moved,603.0,313.0,User17,,
1490180855453,Mouse Moved,595.0,297.0,User17,,
1490180855453,Mouse Moved,592.0,293.0,User17,,
1490180855454,Mouse Moved,589.0,288.0,User17,,
1490180855467,Mouse Moved,586.0,280.0,User17,,
1490180855480,Mouse Moved,583.0,275.0,User17,,
1490180855482,Mouse Moved,581.0,270.0,User17,,
1490180855496,Mouse Moved,580.0,268.0,User17,,
1490180855497,Mouse Moved,577.0,263.0,User17,,
1490180855516,Mouse Moved,575.0,259.0,User17,,
1490180855517,Mouse Moved,574.0,252.0,User17,,
1490180855519,Mouse Moved,570.0,248.0,User17,,
1490180855526,Mouse Moved,569.0,243.0,User17,,
1490180855546,Mouse Moved,567.0,237.0,User17,,
1490180855546,Mouse Moved,566.0,232.0,User17,,
1490180855549,Mouse Moved,562.0,224.0,User17,,
1490180855555,Mouse Moved,559.0,217.0,User17,,
1490180855578,Mouse Moved,558.0,213.0,User17,,
1490180855579,Mouse Moved,556.0,208.0,User17,,
1490180855579,Mouse Moved,553.0,199.0,User17,,
1490180855591,Mouse Moved,551.0,195.0,User17,,
1490180855602,Mouse Moved,551.0,191.0,User17,,
1490180855604,Mouse Moved,550.0,188.0,User17,,
1490180855621,Mouse Moved,548.0,183.0,User17,,
1490180855621,Mouse Moved,548.0,182.0,User17,,
1490180855632,Mouse Moved,547.0,181.0,User17,,
1490180855634,Mouse Moved,547.0,178.0,User17,,
1490180855651,Mouse Moved,546.0,177.0,User17,,
1490180855680,Mouse Moved,545.0,176.0,User17,,
1490180855681,Mouse Moved,542.0,169.0,User17,,
1490180855696,Mouse Moved,540.0,166.0,User17,,
1490180855697,Mouse Moved,539.0,161.0,User17,,
1490180855706,Mouse Moved,537.0,155.0,User17,,
1490180855727,Mouse Moved,536.0,150.0,User17,,
1490180855729,Mouse Moved,534.0,146.0,User17,,
1490180855730,Mouse Moved,534.0,143.0,User17,,
1490180855743,Mouse Moved,534.0,142.0,User17,,
1490180855759,Mouse Moved,533.0,141.0,User17,,
1490180855759,Mouse Moved,533.0,140.0,User17,,
1490180855789,Mouse Moved,532.0,139.0,User17,,
1490180855790,Mouse Moved,532.0,136.0,User17,,
1490180855802,Mouse Moved,531.0,133.0,User17,,
1490180855832,Mouse Moved,529.0,131.0,User17,,
1490180855834,Mouse Moved,529.0,128.0,User17,,
1490180855857,Mouse Moved,529.0,127.0,User17,,
1490180856046,Mouse Moved,529.0,126.0,User17,,
1490180856056,Mouse Moved,529.0,124.0,User17,,
1490180856069,Mouse Moved,529.0,123.0,User17,,
1490180856071,Mouse Moved,529.0,123.0,User17,,
1490180856117,Mouse Moved,530.0,123.0,User17,,
1490180856140,Mouse Moved,533.0,123.0,User17,,
1490180856141,Mouse Moved,537.0,123.0,User17,,
1490180856141,Mouse Moved,548.0,122.0,User17,,
1490180856153,Mouse Moved,556.0,122.0,User17,,
1490180856154,Mouse Moved,565.0,122.0,User17,,
1490180856160,Mouse Moved,576.0,120.0,User17,,
1490180856168,Mouse Moved,587.0,120.0,User17,,
1490180856177,Mouse Moved,604.0,118.0,User17,,
1490180856184,Mouse Moved,620.0,118.0,User17,,
1490180856198,Mouse Moved,637.0,118.0,User17,,
1490180856200,Mouse Moved,659.0,115.0,User17,,
1490180856207,Mouse Moved,681.0,115.0,User17,,
1490180856213,Mouse Moved,697.0,115.0,User17,,
1490180856227,Mouse Moved,708.0,115.0,User17,,
1490180856230,Mouse Moved,720.0,113.0,User17,,
1490180856239,Mouse Moved,728.0,113.0,User17,,
1490180856247,Mouse Moved,734.0,113.0,User17,,
1490180856255,Mouse Moved,739.0,113.0,User17,,
1490180856265,Mouse Moved,740.0,113.0,User17,,
1490180856269,Mouse Moved,741.0,113.0,User17,,
1490180856551,Mouse Moved,741.0,114.0,User17,,
1490180856552,Mouse Moved,741.0,114.0,User17,,
1490180879240,Mouse Moved,741.0,106.0,User17,,
1490180879242,Mouse Moved,741.0,98.0,User17,,
1490180879250,Mouse Moved,741.0,93.0,User17,,
1490180879252,Mouse Moved,738.0,89.0,User17,,
1490180879265,Mouse Moved,737.0,88.0,User17,,
1490180879266,Mouse Moved,729.0,86.0,User17,,
1490180879280,Mouse Moved,721.0,86.0,User17,,
1490180879282,Mouse Moved,712.0,86.0,User17,,
1490180879303,Mouse Moved,701.0,86.0,User17,,
1490180879305,Mouse Moved,693.0,86.0,User17,,
1490180879318,Mouse Moved,688.0,85.0,User17,,
1490180879319,Mouse Moved,686.0,85.0,User17,,
1490180879332,Mouse Moved,685.0,85.0,User17,,
1490180879342,Mouse Moved,683.0,85.0,User17,,
1490180879369,Mouse Moved,682.0,85.0,User17,,
1490180879384,Mouse Moved,680.0,83.0,User17,,
1490180879483,Mouse Moved,678.0,83.0,User17,,
1490180879490,Mouse Moved,676.0,85.0,User17,,
1490180879510,Mouse Moved,649.0,100.0,User17,,
1490180879512,Mouse Moved,601.0,126.0,User17,,
1490180879520,Mouse Moved,549.0,145.0,User17,,
1490180879540,Mouse Moved,509.0,160.0,User17,,
1490180879542,Mouse Moved,471.0,168.0,User17,,
1490180879542,Mouse Moved,446.0,172.0,User17,,
1490180879551,Mouse Moved,427.0,177.0,User17,,
1490180879571,Mouse Moved,410.0,179.0,User17,,
1490180879572,Mouse Moved,398.0,181.0,User17,,
1490180879572,Mouse Moved,384.0,183.0,User17,,
1490180879588,Mouse Moved,370.0,185.0,User17,,
1490180879589,Mouse Moved,353.0,189.0,User17,,
1490180879598,Mouse Moved,336.0,193.0,User17,,
1490180879601,Mouse Moved,309.0,198.0,User17,,
1490180879618,Mouse Moved,289.0,202.0,User17,,
1490180879619,Mouse Moved,275.0,204.0,User17,,
1490180879630,Mouse Moved,266.0,208.0,User17,,
1490180879630,Mouse Moved,263.0,209.0,User17,,
1490180879650,Mouse Moved,262.0,211.0,User17,,
1490180879651,Mouse Moved,261.0,211.0,User17,,
1490180879680,Mouse Moved,260.0,212.0,User17,,
1490180879680,Mouse Moved,257.0,214.0,User17,,
1490180879694,Mouse Moved,254.0,217.0,User17,,
1490180879696,Mouse Moved,247.0,224.0,User17,,
1490180879704,Mouse Moved,242.0,229.0,User17,,
1490180879723,Mouse Moved,234.0,241.0,User17,,
1490180879724,Mouse Moved,231.0,246.0,User17,,
1490180879726,Mouse Moved,229.0,254.0,User17,,
1490180879733,Mouse Moved,226.0,263.0,User17,,
1490180879755,Mouse Moved,224.0,272.0,User17,,
1490180879756,Mouse Moved,222.0,281.0,User17,,
1490180879756,Mouse Moved,221.0,288.0,User17,,
1490180879763,Mouse Moved,219.0,296.0,User17,,
1490180879783,Mouse Moved,217.0,301.0,User17,,
1490180879785,Mouse Moved,216.0,305.0,User17,,
1490180879799,Mouse Moved,216.0,307.0,User17,,
1490180879974,Mouse Moved,216.0,308.0,User17,,
1490180880009,Mouse Moved,225.0,308.0,User17,,
1490180880009,Mouse Moved,228.0,308.0,User17,,
1490180880019,Mouse Moved,232.0,308.0,User17,,
1490180880039,Mouse Moved,233.0,308.0,User17,,
1490180880039,Mouse Moved,234.0,307.0,User17,,
1490180880049,Mouse Moved,235.0,307.0,User17,,
1490180880069,Mouse Moved,238.0,305.0,User17,,
1490180880098,Mouse Moved,241.0,304.0,User17,,
1490180880099,Mouse Moved,242.0,304.0,User17,,
1490180880128,Mouse Moved,245.0,303.0,User17,,
1490180880147,Mouse Moved,247.0,303.0,User17,,
1490180880148,Mouse Moved,248.0,303.0,User17,,
1490180880177,Mouse Moved,251.0,301.0,User17,,
1490180880177,Mouse Moved,255.0,298.0,User17,,
1490180880187,Mouse Moved,258.0,297.0,User17,,
1490180880207,Mouse Moved,259.0,296.0,User17,,
1490180880207,Mouse Moved,261.0,295.0,User17,,
1490180880252,Mouse Moved,261.0,293.0,User17,,
1490180880253,Mouse Moved,260.0,294.0,User17,,
1490180880255,Mouse Button.left Pressed,260.0,294.0,User17,,
1490180880260,Mouse Moved,262.0,293.0,User17,,
1490180880299,Mouse Moved,263.0,293.0,User17,,
1490180880336,Mouse Moved,262.0,294.0,User17,,
1490180880338,Mouse Moved,262.0,294.0,User17,,
1490180880641,Mouse Moved,263.0,296.0,User17,,
1490180880661,Mouse Moved,260.0,301.0,User17,,
1490180880670,Mouse Moved,258.0,303.0,User17,,
1490180880691,Mouse Moved,255.0,312.0,User17,,
1490180880693,Mouse Moved,253.0,316.0,User17,,
1490180880694,Mouse Moved,253.0,325.0,User17,,
1490180880700,Mouse Moved,253.0,329.0,User17,,
1490180880720,Mouse Moved,255.0,337.0,User17,,
1490180880721,Mouse Moved,257.0,349.0,User17,,
1490180880723,Mouse Moved,259.0,360.0,User17,,
1490180880736,Mouse Moved,263.0,396.0,User17,,
1490180880744,Mouse Moved,263.0,408.0,User17,,
1490180880765,Mouse Moved,265.0,410.0,User17,,
1490180880776,Mouse Moved,272.0,448.0,User17,,
1490180880796,Mouse Moved,272.0,451.0,User17,,
1490180881128,Mouse Moved,275.0,438.0,User17,,
1490180881128,Mouse Moved,275.0,432.0,User17,,
1490180881130,Mouse Moved,275.0,427.0,User17,,
1490180881138,Mouse Moved,275.0,423.0,User17,,
1490180881140,Mouse Moved,275.0,422.0,User17,,
1490180881148,Mouse Moved,275.0,418.0,User17,,
1490180881150,Mouse Moved,275.0,415.0,User17,,
1490180881173,Mouse Moved,275.0,414.0,User17,,
1490180881174,Mouse Moved,275.0,412.0,User17,,
1490180881174,Mouse Moved,275.0,407.0,User17,,
1490180881183,Mouse Moved,275.0,405.0,User17,,
1490180881203,Mouse Moved,275.0,404.0,User17,,
1490180881204,Mouse Moved,275.0,401.0,User17,,
1490180881213,Mouse Moved,275.0,398.0,User17,,
1490180881213,Mouse Moved,275.0,396.0,User17,,
1490180881233,Mouse Moved,275.0,391.0,User17,,
1490180881234,Mouse Moved,277.0,385.0,User17,,
1490180881249,Mouse Moved,279.0,379.0,User17,,
1490180881250,Mouse Moved,280.0,370.0,User17,,
1490180881257,Mouse Moved,282.0,356.0,User17,,
1490180881259,Mouse Moved,284.0,342.0,User17,,
1490180881278,Mouse Moved,284.0,331.0,User17,,
1490180881279,Mouse Moved,286.0,319.0,User17,,
1490180881286,Mouse Moved,288.0,310.0,User17,,
1490180881301,Mouse Moved,290.0,301.0,User17,,
1490180881302,Mouse Moved,290.0,297.0,User17,,
1490180881319,Mouse Moved,290.0,294.0,User17,,
1490180881321,Mouse Moved,290.0,293.0,User17,,
1490180881322,Mouse Moved,291.0,292.0,User17,,
1490180881339,Mouse Moved,291.0,291.0,User17,,
1490180882334,Mouse Moved,292.0,287.0,User17,,
1490180882365,Mouse Moved,292.0,286.0,User17,,
1490180882365,Mouse Moved,292.0,285.0,User17,,
1490180882398,Mouse Moved,294.0,285.0,User17,,
1490180882407,Mouse Moved,294.0,283.0,User17,,
1490180882436,Mouse Moved,294.0,282.0,User17,,
1490180882721,Mouse Moved,293.0,283.0,User17,,
1490180882723,Mouse Moved,293.0,283.0,User17,,
1490180882799,Mouse Moved,293.0,283.0,User17,,
1490180882801,Mouse Button.left Released,293.0,283.0,User17,,
1490180882901,Mouse Moved,295.0,278.0,User17,,
1490180882911,Mouse Moved,296.0,272.0,User17,,
1490180882924,Mouse Moved,296.0,271.0,User17,,
1490180882924,Mouse Moved,298.0,265.0,User17,,
1490180882940,Mouse Moved,299.0,261.0,User17,,
1490180882940,Mouse Moved,299.0,258.0,User17,,
1490180882954,Mouse Moved,301.0,254.0,User17,,
1490180882956,Mouse Moved,301.0,249.0,User17,,
1490180882970,Mouse Moved,302.0,246.0,User17,,
1490180882970,Mouse Moved,302.0,245.0,User17,,
1490180882993,Mouse Moved,302.0,244.0,User17,,
1490180882993,Mouse Moved,302.0,243.0,User17,,
1490180883003,Mouse Moved,302.0,242.0,User17,,
1490180883040,Mouse Moved,303.0,241.0,User17,,
1490180883048,Mouse Moved,303.0,238.0,User17,,
1490180883068,Mouse Moved,305.0,237.0,User17,,
1490180883098,Mouse Moved,305.0,235.0,User17,,
1490180883104,Mouse Moved,304.0,235.0,User17,,
1490180883105,Mouse Moved,304.0,235.0,User17,,
1490180883196,Mouse Moved,304.0,235.0,User17,,
1490180883197,Mouse Button.left Released,304.0,235.0,User17,,
1490180884969,Mouse Moved,305.0,245.0,User17,,
1490180884983,Mouse Moved,305.0,250.0,User17,,
1490180884996,Mouse Moved,305.0,257.0,User17,,
1490180885016,Mouse Moved,305.0,260.0,User17,,
1490180885038,Mouse Moved,305.0,261.0,User17,,
1490180885776,Mouse Moved,305.0,262.0,User17,,
1490180885789,Mouse Moved,305.0,265.0,User17,,
1490180885806,Mouse Moved,305.0,266.0,User17,,
1490180885836,Mouse Moved,305.0,268.0,User17,,
1490180885851,Mouse Moved,306.0,269.0,User17,,
1490180885861,Mouse Moved,307.0,271.0,User17,,
1490180885881,Mouse Moved,308.0,273.0,User17,,
1490180885911,Mouse Moved,313.0,276.0,User17,,
1490180885921,Mouse Moved,330.0,289.0,User17,,
1490180885940,Mouse Moved,343.0,296.0,User17,,
1490180885956,Mouse Moved,355.0,301.0,User17,,
1490180885966,Mouse Moved,363.0,306.0,User17,,
1490180885982,Mouse Moved,372.0,311.0,User17,,
1490180885994,Mouse Moved,382.0,315.0,User17,,
1490180886009,Mouse Moved,386.0,318.0,User17,,
1490180886032,Mouse Moved,392.0,321.0,User17,,
1490180886042,Mouse Moved,393.0,324.0,User17,,
1490180886058,Mouse Moved,399.0,329.0,User17,,
1490180886078,Mouse Moved,405.0,337.0,User17,,
1490180886088,Mouse Moved,409.0,342.0,User17,,
1490180886108,Mouse Moved,413.0,349.0,User17,,
1490180886121,Mouse Moved,417.0,353.0,User17,,
1490180886138,Mouse Moved,419.0,355.0,User17,,
1490180886138,Mouse Moved,422.0,358.0,User17,,
1490180886148,Mouse Moved,423.0,360.0,User17,,
1490180886148,Mouse Moved,424.0,362.0,User17,,
1490180886164,Mouse Moved,427.0,364.0,User17,,
1490180886183,Mouse Moved,430.0,366.0,User17,,
1490180886184,Mouse Moved,431.0,368.0,User17,,
1490180886184,Mouse Moved,434.0,370.0,User17,,
1490180886193,Mouse Moved,435.0,371.0,User17,,
1490180886213,Mouse Moved,437.0,373.0,User17,,
1490180886213,Mouse Moved,439.0,374.0,User17,,
1490180886244,Mouse Moved,439.0,375.0,User17,,
1490180887357,Mouse Moved,439.0,376.0,User17,,
1490180887367,Mouse Moved,439.0,379.0,User17,,
1490180888328,Mouse Moved,439.0,380.0,User17,,
1490180888372,Mouse Moved,439.0,381.0,User17,,
1490180890589,Mouse Moved,433.0,380.0,User17,,
1490180890591,Mouse Moved,411.0,373.0,User17,,
1490180890602,Mouse Moved,368.0,357.0,User17,,
1490180890618,Mouse Moved,334.0,342.0,User17,,
1490180890632,Mouse Moved,304.0,327.0,User17,,
1490180890653,Mouse Moved,292.0,319.0,User17,,
1490180890654,Mouse Moved,282.0,313.0,User17,,
1490180890663,Mouse Moved,273.0,306.0,User17,,
1490180890683,Mouse Moved,263.0,300.0,User17,,
1490180890684,Mouse Moved,258.0,297.0,User17,,
1490180890684,Mouse Moved,254.0,292.0,User17,,
1490180890703,Mouse Moved,249.0,287.0,User17,,
1490180890703,Mouse Moved,244.0,283.0,User17,,
1490180890713,Mouse Moved,241.0,281.0,User17,,
1490180890713,Mouse Moved,237.0,276.0,User17,,
1490180890727,Mouse Moved,235.0,274.0,User17,,
1490180890729,Mouse Moved,232.0,272.0,User17,,
1490180890740,Mouse Moved,227.0,265.0,User17,,
1490180890773,Mouse Moved,225.0,264.0,User17,,
1490180890775,Mouse Moved,223.0,261.0,User17,,
1490180890776,Mouse Moved,220.0,257.0,User17,,
1490180890779,Mouse Moved,219.0,256.0,User17,,
1490180890780,Mouse Moved,218.0,254.0,User17,,
1490180890811,Mouse Moved,217.0,252.0,User17,,
1490180891019,Mouse Moved,217.0,258.0,User17,,
1490180891029,Mouse Moved,217.0,261.0,User17,,
1490180891030,Mouse Moved,218.0,267.0,User17,,
1490180891042,Mouse Moved,220.0,271.0,User17,,
1490180891065,Mouse Moved,221.0,274.0,User17,,
1490180891065,Mouse Moved,222.0,279.0,User17,,
1490180891066,Mouse Moved,222.0,281.0,User17,,
1490180891073,Mouse Moved,226.0,286.0,User17,,
1490180891088,Mouse Moved,227.0,290.0,User17,,
1490180891089,Mouse Moved,229.0,295.0,User17,,
1490180891105,Mouse Moved,230.0,298.0,User17,,
1490180891105,Mouse Moved,230.0,299.0,User17,,
1490180891118,Mouse Moved,231.0,300.0,User17,,
1490180891119,Mouse Moved,231.0,301.0,User17,,
1490180891187,Mouse Moved,230.0,301.0,User17,,
1490180891188,Mouse Button.left Pressed,230.0,301.0,User17,,
1490180891302,Mouse Moved,230.0,301.0,User17,,
1490180891397,Mouse Moved,231.0,302.0,User17,,
1490180891430,Mouse Moved,232.0,306.0,User17,,
1490180891430,Mouse Moved,232.0,307.0,User17,,
1490180891437,Mouse Moved,232.0,309.0,User17,,
1490180891457,Mouse Moved,232.0,310.0,User17,,
1490180891471,Mouse Moved,234.0,311.0,User17,,
1490180891502,Mouse Moved,234.0,312.0,User17,,
1490180891526,Mouse Moved,234.0,315.0,User17,,
1490180891548,Mouse Moved,234.0,316.0,User17,,
1490180891569,Mouse Moved,234.0,317.0,User17,,
1490180891582,Mouse Moved,234.0,317.0,User17,,
1490180891691,Mouse Moved,234.0,317.0,User17,,
1490180891693,Mouse Button.left Released,234.0,317.0,User17,,
1490180891729,Mouse Moved,235.0,317.0,User17,,
1490180892153,Mouse Moved,232.0,310.0,User17,,
1490180892171,Mouse Moved,229.0,301.0,User17,,
1490180892178,Mouse Moved,228.0,300.0,User17,,
1490180892196,Mouse Moved,227.0,290.0,User17,,
1490180892219,Mouse Moved,224.0,278.0,User17,,
1490180892230,Mouse Moved,224.0,277.0,User17,,
1490180892247,Mouse Moved,224.0,276.0,User17,,
1490180892266,Mouse Moved,224.0,276.0,User17,,
1490180892269,Mouse Button.left Pressed,224.0,276.0,User17,,
1490180892391,Mouse Moved,224.0,276.0,User17,,
1490180892634,Mouse Moved,224.0,292.0,User17,,
1490180892648,Mouse Moved,226.0,307.0,User17,,
1490180892674,Mouse Moved,245.0,361.0,User17,,
1490180892687,Mouse Moved,263.0,401.0,User17,,
1490180892697,Mouse Moved,284.0,450.0,User17,,
1490180892711,Mouse Moved,299.0,480.0,User17,,
1490180892733,Mouse Moved,335.0,543.0,User17,,
1490180892742,Mouse Moved,355.0,583.0,User17,,
1490180892762,Mouse Moved,370.0,612.0,User17,,
1490180892773,Mouse Moved,379.0,630.0,User17,,
1490180892792,Mouse Moved,400.0,674.0,User17,,
1490180892802,Mouse Moved,405.0,681.0,User17,,
1490180892815,Mouse Moved,410.0,693.0,User17,,
1490180892836,Mouse Moved,411.0,695.0,User17,,
1490180892881,Mouse Moved,411.0,697.0,User17,,
1490180892897,Mouse Moved,414.0,698.0,User17,,
1490180892924,Mouse Moved,414.0,700.0,User17,,
1490180892941,Mouse Moved,414.0,702.0,User17,,
1490180892959,Mouse Moved,415.0,703.0,User17,,
1490180892980,Mouse Moved,415.0,707.0,User17,,
1490180893003,Mouse Moved,417.0,718.0,User17,,
1490180893015,Mouse Moved,417.0,720.0,User17,,
1490180893026,Mouse Moved,417.0,723.0,User17,,
1490180893051,Mouse Moved,417.0,731.0,User17,,
1490180893059,Mouse Moved,417.0,732.0,User17,,
1490180893079,Mouse Moved,417.0,748.0,User17,,
1490180893089,Mouse Moved,415.0,752.0,User17,,
1490180893102,Mouse Moved,415.0,759.0,User17,,
1490180893119,Mouse Moved,415.0,764.0,User17,,
1490180893134,Mouse Moved,415.0,765.0,User17,,
1490180893322,Mouse Moved,414.0,767.0,User17,,
1490180893346,Mouse Moved,407.0,767.0,User17,,
1490180893348,Mouse Moved,398.0,767.0,User17,,
1490180893367,Mouse Moved,394.0,767.0,User17,,
1490180893368,Mouse Moved,388.0,767.0,User17,,
1490180893368,Mouse Moved,385.0,767.0,User17,,
1490180893377,Mouse Moved,383.0,767.0,User17,,
1490180893397,Mouse Moved,381.0,767.0,User17,,
1490180893398,Mouse Moved,380.0,767.0,User17,,
1490180893595,Mouse Moved,378.0,767.0,User17,,
1490180893602,Mouse Moved,367.0,767.0,User17,,
1490180893618,Mouse Moved,354.0,765.0,User17,,
1490180893632,Mouse Moved,352.0,764.0,User17,,
1490180893648,Mouse Moved,349.0,762.0,User17,,
1490180893648,Mouse Moved,348.0,761.0,User17,,
1490180893663,Mouse Moved,347.0,761.0,User17,,
1490180893678,Mouse Moved,344.0,760.0,User17,,
1490180893697,Mouse Moved,343.0,759.0,User17,,
1490180893709,Mouse Moved,342.0,759.0,User17,,
1490180893732,Mouse Moved,341.0,759.0,User17,,
1490180893802,Mouse Moved,342.0,759.0,User17,,
1490180893803,Mouse Button.left Pressed,342.0,759.0,User17,,
1490180893910,Mouse Moved,342.0,759.0,User17,,
1490180893911,Mouse Button.left Released,342.0,759.0,User17,,
1490180894934,Mouse Moved,346.0,706.0,User17,,
1490180894953,Mouse Moved,355.0,684.0,User17,,
1490180894954,Mouse Moved,367.0,651.0,User17,,
1490180894964,Mouse Moved,395.0,592.0,User17,,
1490180894966,Mouse Moved,437.0,516.0,User17,,
1490180894977,Mouse Moved,483.0,439.0,User17,,
1490180894979,Mouse Moved,532.0,367.0,User17,,
1490180894997,Mouse Moved,578.0,290.0,User17,,
1490180894999,Mouse Moved,619.0,224.0,User17,,
1490180895013,Mouse Moved,661.0,148.0,User17,,
1490180895015,Mouse Moved,697.0,83.0,User17,,
1490180895033,Mouse Moved,723.0,29.0,User17,,
1490180895348,Mouse Moved,732.0,0.0,User17,,
1490180895348,Mouse Moved,729.0,5.0,User17,,
1490180895358,Mouse Moved,722.0,14.0,User17,,
1490180895378,Mouse Moved,720.0,18.0,User17,,
1490180895378,Mouse Moved,719.0,20.0,User17,,
1490180895380,Mouse Moved,716.0,24.0,User17,,
1490180895391,Mouse Moved,716.0,25.0,User17,,
1490180895392,Mouse Moved,715.0,26.0,User17,,
1490180895421,Mouse Moved,714.0,27.0,User17,,
1490180895437,Mouse Moved,714.0,28.0,User17,,
1490180895446,Mouse Moved,714.0,29.0,User17,,
1490180895631,Mouse Moved,715.0,29.0,User17,,
1490180895645,Mouse Moved,721.0,27.0,User17,,
1490180895661,Mouse Moved,723.0,27.0,User17,,
1490180895661,Mouse Moved,728.0,25.0,User17,,
1490180895674,Mouse Moved,732.0,23.0,User17,,
1490180895688,Mouse Moved,737.0,21.0,User17,,
1490180895704,Mouse Moved,739.0,20.0,User17,,
1490180895736,Mouse Moved,741.0,19.0,User17,,
1490180895757,Mouse Moved,742.0,18.0,User17,,
1490180895842,Mouse Moved,742.0,18.0,User17,,
1490180895950,Mouse Moved,742.0,18.0,User17,,
1490180895951,Mouse Button.left Released,742.0,18.0,User17,,
1490180896032,Mouse Moved,742.0,19.0,User17,,
1490180896036,Mouse Moved,737.0,28.0,User17,,
1490180896052,Mouse Moved,731.0,38.0,User17,,
1490180896075,Mouse Moved,727.0,52.0,User17,,
1490180896076,Mouse Moved,720.0,72.0,User17,,
1490180896078,Mouse Moved,711.0,97.0,User17,,
1490180896085,Mouse Moved,704.0,125.0,User17,,
1490180896086,Mouse Moved,698.0,150.0,User17,,
1490180896105,Mouse Moved,693.0,181.0,User17,,
1490180896107,Mouse Moved,688.0,212.0,User17,,
1490180896115,Mouse Moved,685.0,264.0,User17,,
1490180896115,Mouse Moved,685.0,308.0,User17,,
1490180896135,Mouse Moved,688.0,376.0,User17,,
1490180896137,Mouse Moved,695.0,445.0,User17,,
1490180896145,Mouse Moved,705.0,504.0,User17,,
1490180896158,Mouse Moved,715.0,569.0,User17,,
1490180896160,Mouse Moved,724.0,612.0,User17,,
1490180896174,Mouse Moved,729.0,639.0,User17,,
1490180896176,Mouse Moved,731.0,659.0,User17,,
1490180896190,Mouse Moved,733.0,670.0,User17,,
1490180896190,Mouse Moved,733.0,676.0,User17,,
1490180896203,Mouse Moved,733.0,681.0,User17,,
1490180896204,Mouse Moved,733.0,682.0,User17,,
1490180896219,Mouse Moved,733.0,683.0,User17,,
1490180896220,Mouse Moved,733.0,686.0,User17,,
1490180896243,Mouse Moved,730.0,687.0,User17,,
1490180896255,Mouse Moved,727.0,690.0,User17,,
1490180896267,Mouse Moved,724.0,691.0,User17,,
1490180896282,Mouse Moved,721.0,693.0,User17,,
1490180896282,Mouse Moved,719.0,693.0,User17,,
1490180896296,Mouse Moved,718.0,694.0,User17,,
1490180896298,Mouse Moved,712.0,694.0,User17,,
1490180896315,Mouse Moved,706.0,694.0,User17,,
1490180896315,Mouse Moved,701.0,692.0,User17,,
1490180896335,Mouse Moved,693.0,691.0,User17,,
1490180896335,Mouse Moved,687.0,691.0,User17,,
1490180896336,Mouse Moved,684.0,691.0,User17,,
1490180896345,Mouse Moved,682.0,691.0,User17,,
1490180896361,Mouse Moved,677.0,691.0,User17,,
1490180896362,Mouse Moved,675.0,691.0,User17,,
1490180896380,Mouse Moved,674.0,691.0,User17,,
1490180896381,Mouse Moved,668.0,691.0,User17,,
1490180896381,Mouse Moved,667.0,691.0,User17,,
1490180896390,Mouse Moved,664.0,692.0,User17,,
1490180896410,Mouse Moved,663.0,693.0,User17,,
1490180896411,Mouse Moved,661.0,693.0,User17,,
1490180896411,Mouse Moved,660.0,694.0,User17,,
1490180896420,Mouse Moved,658.0,695.0,User17,,
1490180896440,Mouse Moved,656.0,699.0,User17,,
1490180896450,Mouse Moved,653.0,702.0,User17,,
1490180896450,Mouse Moved,649.0,713.0,User17,,
1490180896463,Mouse Moved,647.0,722.0,User17,,
1490180896484,Mouse Moved,647.0,728.0,User17,,
1490180896486,Mouse Moved,647.0,736.0,User17,,
1490180896486,Mouse Moved,646.0,745.0,User17,,
1490180896494,Mouse Moved,646.0,754.0,User17,,
1490180896509,Mouse Moved,646.0,760.0,User17,,
1490180896509,Mouse Moved,646.0,766.0,User17,,
1490180896523,Mouse Moved,646.0,769.0,User17,,
1490180896523,Mouse Moved,646.0,771.0,User17,,
1490180896539,Mouse Moved,646.0,772.0,User17,,
1490180896540,Mouse Moved,646.0,774.0,User17,,
1490180903721,Mouse Moved,546.0,572.0,User17,,
1490180906415,Mouse Moved,535.0,584.0,User17,,
1490180906440,Mouse Moved,532.0,588.0,User17,,
1490180906441,Mouse Moved,531.0,589.0,User17,,
1490180906444,Mouse Moved,529.0,592.0,User17,,
1490180906447,Mouse Moved,528.0,598.0,User17,,
1490180906463,Mouse Moved,525.0,603.0,User17,,
1490180906463,Mouse Moved,523.0,611.0,User17,,
1490180906476,Mouse Moved,521.0,623.0,User17,,
1490180906477,Mouse Moved,521.0,631.0,User17,,
1490180906494,Mouse Moved,519.0,640.0,User17,,
1490180906496,Mouse Moved,519.0,648.0,User17,,
1490180906507,Mouse Moved,518.0,657.0,User17,,
1490180906529,Mouse Moved,518.0,663.0,User17,,
1490180906530,Mouse Moved,518.0,672.0,User17,,
1490180906532,Mouse Moved,518.0,676.0,User17,,
1490180906539,Mouse Moved,518.0,684.0,User17,,
1490180906552,Mouse Moved,518.0,688.0,User17,,
1490180906553,Mouse Moved,518.0,690.0,User17,,
1490180906568,Mouse Moved,516.0,694.0,User17,,
1490180906569,Mouse Moved,516.0,696.0,User17,,
1490180906584,Mouse Moved,516.0,699.0,User17,,
1490180906585,Mouse Moved,516.0,700.0,User17,,
1490180906598,Mouse Moved,516.0,703.0,User17,,
1490180906598,Mouse Moved,516.0,704.0,User17,,
1490180906611,Mouse Moved,515.0,705.0,User17,,
1490180906627,Mouse Moved,515.0,707.0,User17,,
1490180906647,Mouse Moved,515.0,709.0,User17,,
1490180906657,Mouse Moved,514.0,709.0,User17,,
1490180906687,Mouse Moved,511.0,710.0,User17,,
1490180906687,Mouse Moved,507.0,711.0,User17,,
1490180906704,Mouse Moved,504.0,713.0,User17,,
1490180906706,Mouse Moved,501.0,713.0,User17,,
1490180906717,Mouse Moved,487.0,713.0,User17,,
1490180906719,Mouse Moved,470.0,713.0,User17,,
1490180906733,Mouse Moved,443.0,708.0,User17,,
1490180906733,Mouse Moved,418.0,704.0,User17,,
1490180906749,Mouse Moved,393.0,697.0,User17,,
1490180906750,Mouse Moved,368.0,688.0,User17,,
1490180906762,Mouse Moved,343.0,678.0,User17,,
1490180906763,Mouse Moved,320.0,669.0,User17,,
1490180906776,Mouse Moved,300.0,661.0,User17,,
1490180906778,Mouse Moved,283.0,652.0,User17,,
1490180906792,Mouse Moved,270.0,644.0,User17,,
1490180906793,Mouse Moved,255.0,635.0,User17,,
1490180906806,Mouse Moved,243.0,627.0,User17,,
1490180906808,Mouse Moved,231.0,619.0,User17,,
1490180906822,Mouse Moved,221.0,611.0,User17,,
1490180906823,Mouse Moved,211.0,603.0,User17,,
1490180906846,Mouse Moved,202.0,597.0,User17,,
1490180906848,Mouse Moved,192.0,589.0,User17,,
1490180906851,Mouse Moved,185.0,584.0,User17,,
1490180906854,Mouse Moved,180.0,581.0,User17,,
1490180906867,Mouse Moved,175.0,578.0,User17,,
1490180906868,Mouse Moved,174.0,577.0,User17,,
1490180906884,Mouse Moved,173.0,576.0,User17,,
1490180906884,Mouse Moved,172.0,574.0,User17,,
1490180906898,Mouse Moved,171.0,573.0,User17,,
1490180906927,Mouse Moved,171.0,572.0,User17,,
1490180907078,Mouse Moved,171.0,571.0,User17,,
1490180907092,Mouse Moved,171.0,571.0,User17,,
1490180907115,Mouse Moved,171.0,570.0,User17,,
1490180907187,Mouse Moved,171.0,570.0,User17,,
1490180907346,Mouse Moved,171.0,571.0,User17,,
1490180907365,Mouse Moved,171.0,572.0,User17,,
1490180907395,Mouse Moved,172.0,572.0,User17,,
1490180907423,Mouse Moved,173.0,571.0,User17,,
1490180907443,Mouse Moved,174.0,570.0,User17,,
1490180907453,Mouse Moved,175.0,570.0,User17,,
1490180907489,Mouse Moved,177.0,569.0,User17,,
1490180907517,Mouse Moved,178.0,566.0,User17,,
1490180907548,Mouse Moved,179.0,563.0,User17,,
1490180907671,Mouse Moved,179.0,562.0,User17,,
1490180907671,Mouse Moved,182.0,561.0,User17,,
1490180907696,Mouse Moved,183.0,560.0,User17,,
1490180907716,Mouse Moved,186.0,557.0,User17,,
1490180907746,Mouse Moved,188.0,556.0,User17,,
1490180907746,Mouse Moved,191.0,554.0,User17,,
1490180907756,Mouse Moved,194.0,551.0,User17,,
1490180907776,Mouse Moved,195.0,550.0,User17,,
1490180907786,Mouse Moved,198.0,549.0,User17,,
1490180907801,Mouse Moved,199.0,548.0,User17,,
1490180907819,Mouse Moved,199.0,546.0,User17,,
1490180907845,Mouse Moved,200.0,546.0,User17,,
1490180907888,Mouse Moved,200.0,545.0,User17,,
1490180908026,Mouse Moved,199.0,549.0,User17,,
1490180908046,Mouse Moved,199.0,550.0,User17,,
1490180908055,Mouse Moved,198.0,552.0,User17,,
1490180908079,Mouse Moved,198.0,553.0,User17,,
1490180908098,Mouse Moved,198.0,554.0,User17,,
1490180908121,Mouse Moved,197.0,554.0,User17,,
1490180908450,Mouse Moved,198.0,551.0,User17,,
1490180908451,Mouse Moved,199.0,550.0,User17,,
1490180908482,Mouse Moved,199.0,548.0,User17,,
1490180908483,Mouse Moved,200.0,547.0,User17,,
1490180908918,Mouse Moved,199.0,551.0,User17,,
1490180908943,Mouse Moved,197.0,553.0,User17,,
1490180908944,Mouse Moved,196.0,555.0,User17,,
1490180908963,Mouse Moved,195.0,556.0,User17,,
1490180908973,Mouse Moved,195.0,557.0,User17,,
1490180908993,Mouse Moved,194.0,558.0,User17,,
1490180909028,Mouse Moved,193.0,561.0,User17,,
1490180909033,Mouse Moved,190.0,562.0,User17,,
1490180909049,Mouse Moved,188.0,565.0,User17,,
1490180909078,Mouse Moved,187.0,568.0,User17,,
1490180909107,Mouse Moved,187.0,569.0,User17,,
1490180909108,Mouse Moved,186.0,571.0,User17,,
1490180909128,Mouse Moved,184.0,574.0,User17,,
1490180909153,Mouse Moved,184.0,575.0,User17,,
1490180909167,Mouse Moved,184.0,578.0,User17,,
1490180909187,Mouse Moved,184.0,579.0,User17,,
1490180909234,Mouse Moved,184.0,581.0,User17,,
1490180909240,Mouse Moved,184.0,583.0,User17,,
1490180909282,Mouse Moved,184.0,584.0,User17,,
1490180909789,Mouse Moved,186.0,583.0,User17,,
1490180909799,Mouse Moved,188.0,580.0,User17,,
1490180909831,Mouse Moved,191.0,577.0,User17,,
1490180909845,Mouse Moved,192.0,576.0,User17,,
1490180909859,Mouse Moved,193.0,575.0,User17,,
1490180909943,Mouse Moved,195.0,574.0,User17,,
1490180909973,Mouse Moved,197.0,572.0,User17,,
1490180909973,Mouse Moved,199.0,569.0,User17,,
1490180909996,Mouse Moved,200.0,567.0,User17,,
1490180910016,Mouse Moved,201.0,567.0,User17,,
1490180913204,Mouse Moved,201.0,569.0,User17,,
1490180913233,Mouse Moved,203.0,574.0,User17,,
1490180913233,Mouse Moved,206.0,580.0,User17,,
1490180913250,Mouse Moved,217.0,592.0,User17,,
1490180913260,Mouse Moved,222.0,600.0,User17,,
1490180913282,Mouse Moved,227.0,604.0,User17,,
1490180913282,Mouse Moved,232.0,609.0,User17,,
1490180913292,Mouse Moved,233.0,612.0,User17,,
1490180913303,Mouse Moved,238.0,617.0,User17,,
1490180913305,Mouse Moved,241.0,623.0,User17,,
1490180913319,Mouse Moved,244.0,628.0,User17,,
1490180913321,Mouse Moved,245.0,631.0,User17,,
1490180913335,Mouse Moved,249.0,635.0,User17,,
1490180913335,Mouse Moved,250.0,636.0,User17,,
1490180913361,Mouse Moved,251.0,642.0,User17,,
1490180913362,Mouse Moved,252.0,643.0,User17,,
1490180913364,Mouse Moved,255.0,649.0,User17,,
1490180913365,Mouse Moved,258.0,653.0,User17,,
1490180913385,Mouse Moved,261.0,660.0,User17,,
1490180913387,Mouse Moved,264.0,665.0,User17,,
1490180913387,Mouse Moved,268.0,669.0,User17,,
1490180913395,Mouse Moved,273.0,678.0,User17,,
1490180913408,Mouse Moved,276.0,685.0,User17,,
1490180913410,Mouse Moved,279.0,689.0,User17,,
1490180913424,Mouse Moved,282.0,694.0,User17,,
1490180913426,Mouse Moved,285.0,699.0,User17,,
1490180913438,Mouse Moved,288.0,703.0,User17,,
1490180913440,Mouse Moved,292.0,708.0,User17,,
1490180913463,Mouse Moved,293.0,711.0,User17,,
1490180913463,Mouse Moved,294.0,712.0,User17,,
1490180913464,Mouse Moved,295.0,714.0,User17,,
1490180913473,Mouse Moved,297.0,715.0,User17,,
1490180913493,Mouse Moved,298.0,717.0,User17,,
1490180913503,Mouse Moved,299.0,718.0,User17,,
1490180913528,Mouse Moved,300.0,719.0,User17,,
1490180913539,Mouse Moved,303.0,720.0,User17,,
1490180913569,Mouse Moved,304.0,723.0,User17,,
1490180913575,Mouse Moved,307.0,726.0,User17,,
1490180913611,Mouse Moved,307.0,727.0,User17,,
1490180913612,Mouse Moved,308.0,727.0,User17,,
1490180916842,Mouse Moved,307.0,727.0,User17,,
1490180916867,Mouse Moved,307.0,726.0,User17,,
1490180916887,Mouse Moved,306.0,725.0,User17,,
1490180916897,Mouse Moved,303.0,722.0,User17,,
1490180916924,Mouse Moved,302.0,721.0,User17,,
1490180916944,Mouse Moved,301.0,720.0,User17,,
1490180916961,Mouse Moved,301.0,719.0,User17,,
1490180918184,Mouse Moved,300.0,719.0,User17,,
1490180918227,Mouse Moved,298.0,720.0,User17,,
1490180918242,Mouse Moved,297.0,721.0,User17,,
1490180918260,Mouse Moved,297.0,722.0,User17,,
1490180918295,Mouse Moved,296.0,723.0,User17,,
1490180918305,Mouse Moved,295.0,724.0,User17,,
1490180918325,Mouse Moved,294.0,726.0,User17,,
1490180918339,Mouse Moved,293.0,727.0,User17,,
1490180918369,Mouse Moved,291.0,728.0,User17,,
1490180918400,Mouse Moved,290.0,729.0,User17,,
1490180918401,Mouse Moved,289.0,730.0,User17,,
1490180918430,Mouse Moved,288.0,731.0,User17,,
1490180918444,Mouse Moved,287.0,733.0,User17,,
1490180918474,Mouse Moved,286.0,734.0,User17,,
1490180918483,Mouse Moved,284.0,735.0,User17,,
1490180918506,Mouse Moved,283.0,739.0,User17,,
1490180918528,Mouse Moved,282.0,743.0,User17,,
1490180918559,Mouse Moved,281.0,744.0,User17,,
1490180918582,Mouse Moved,280.0,746.0,User17,,
1490180918589,Mouse Moved,277.0,748.0,User17,,
1490180918609,Mouse Moved,274.0,751.0,User17,,
1490180918619,Mouse Moved,269.0,754.0,User17,,
1490180918640,Mouse Moved,268.0,755.0,User17,,
1490180918641,Mouse Moved,266.0,755.0,User17,,
1490180918664,Mouse Moved,264.0,756.0,User17,,
1490180918665,Mouse Moved,262.0,757.0,User17,,
1490180918684,Mouse Moved,261.0,757.0,User17,,
1490180918694,Mouse Moved,257.0,759.0,User17,,
1490180918713,Mouse Moved,254.0,760.0,User17,,
1490180918723,Mouse Moved,250.0,760.0,User17,,
1490180918743,Mouse Moved,247.0,761.0,User17,,
1490180918746,Mouse Moved,244.0,763.0,User17,,
1490180918759,Mouse Moved,243.0,763.0,User17,,
1490180918759,Mouse Moved,242.0,764.0,User17,,
1490180918789,Mouse Moved,240.0,764.0,User17,,
1490180918789,Mouse Moved,239.0,764.0,User17,,
1490180918819,Mouse Moved,238.0,765.0,User17,,
1490180918831,Mouse Moved,236.0,765.0,User17,,
1490180918848,Mouse Moved,234.0,765.0,User17,,
1490180919053,Mouse Moved,234.0,766.0,User17,,
1490180919068,Mouse Moved,234.0,770.0,User17,,
1490180919085,Mouse Moved,236.0,771.0,User17,,
1490180919105,Mouse Moved,237.0,774.0,User17,,
1490180920487,Mouse Moved,253.0,770.0,User17,,
1490180920490,Mouse Moved,254.0,767.0,User17,,
1490180920503,Mouse Moved,256.0,758.0,User17,,
1490180920525,Mouse Moved,257.0,752.0,User17,,
1490180920533,Mouse Moved,257.0,748.0,User17,,
1490180920548,Mouse Moved,258.0,745.0,User17,,
1490180920549,Mouse Moved,258.0,744.0,User17,,
1490180920566,Mouse Moved,258.0,741.0,User17,,
1490180920568,Mouse Moved,260.0,738.0,User17,,
1490180920578,Mouse Moved,260.0,736.0,User17,,
1490180920578,Mouse Moved,260.0,734.0,User17,,
1490180920594,Mouse Moved,261.0,733.0,User17,,
1490180920594,Mouse Moved,261.0,732.0,User17,,
1490180920615,Mouse Moved,261.0,731.0,User17,,
1490180920654,Mouse Moved,261.0,730.0,User17,,
1490180921007,Mouse Moved,261.0,729.0,User17,,
1490180921032,Mouse Moved,261.0,718.0,User17,,
1490180921032,Mouse Moved,257.0,701.0,User17,,
1490180921052,Mouse Moved,252.0,681.0,User17,,
1490180921053,Mouse Moved,248.0,664.0,User17,,
1490180921053,Mouse Moved,243.0,637.0,User17,,
1490180921062,Mouse Moved,239.0,612.0,User17,,
1490180921078,Mouse Moved,237.0,585.0,User17,,
1490180921079,Mouse Moved,234.0,557.0,User17,,
1490180921091,Mouse Moved,229.0,523.0,User17,,
1490180921118,Mouse Moved,227.0,495.0,User17,,
1490180921119,Mouse Moved,225.0,468.0,User17,,
1490180921121,Mouse Moved,225.0,438.0,User17,,
1490180921121,Mouse Moved,223.0,419.0,User17,,
1490180921138,Mouse Moved,223.0,397.0,User17,,
1490180921140,Mouse Moved,221.0,378.0,User17,,
1490180921141,Mouse Moved,221.0,367.0,User17,,
1490180921157,Mouse Moved,219.0,360.0,User17,,
1490180921157,Mouse Moved,219.0,356.0,User17,,
1490180921167,Mouse Moved,219.0,352.0,User17,,
1490180921190,Mouse Moved,219.0,349.0,User17,,
1490180921191,Mouse Moved,219.0,348.0,User17,,
1490180921227,Mouse Moved,219.0,347.0,User17,,
1490180921309,Mouse Moved,219.0,348.0,User17,,
1490180921319,Mouse Moved,219.0,350.0,User17,,
1490180921334,Mouse Moved,219.0,353.0,User17,,
1490180922372,Mouse Moved,219.0,354.0,User17,,
1490180922382,Mouse Moved,218.0,355.0,User17,,
1490180922838,Mouse Moved,215.0,362.0,User17,,
1490180922849,Mouse Moved,215.0,364.0,User17,,
1490180922868,Mouse Moved,214.0,388.0,User17,,
1490180922878,Mouse Moved,214.0,402.0,User17,,
1490180922898,Mouse Moved,220.0,446.0,User17,,
1490180922914,Mouse Moved,229.0,486.0,User17,,
1490180922924,Mouse Moved,233.0,508.0,User17,,
1490180922944,Mouse Moved,242.0,566.0,User17,,
1490180922953,Mouse Moved,244.0,577.0,User17,,
1490180922976,Mouse Moved,246.0,603.0,User17,,
1490180922984,Mouse Moved,246.0,613.0,User17,,
1490180923003,Mouse Moved,246.0,628.0,User17,,
1490180923019,Mouse Moved,246.0,644.0,User17,,
1490180923029,Mouse Moved,240.0,662.0,User17,,
1490180923049,Mouse Moved,235.0,680.0,User17,,
1490180923059,Mouse Moved,233.0,689.0,User17,,
1490180923078,Mouse Moved,228.0,713.0,User17,,
1490180923088,Mouse Moved,226.0,718.0,User17,,
1490180923104,Mouse Moved,226.0,727.0,User17,,
1490180923118,Mouse Moved,226.0,733.0,User17,,
1490180923132,Mouse Moved,225.0,737.0,User17,,
1490180923148,Mouse Moved,225.0,742.0,User17,,
1490180923171,Mouse Moved,225.0,748.0,User17,,
1490180923201,Mouse Moved,225.0,749.0,User17,,
1490180923203,Mouse Moved,225.0,752.0,User17,,
1490180923227,Mouse Moved,225.0,755.0,User17,,
1490180923229,Mouse Moved,225.0,757.0,User17,,
1490180923247,Mouse Moved,225.0,760.0,User17,,
1490180923249,Mouse Moved,225.0,762.0,User17,,
1490180923250,Mouse Moved,225.0,764.0,User17,,
1490180923259,Mouse Moved,225.0,766.0,User17,,
1490180923278,Mouse Moved,225.0,769.0,User17,,
1490180923279,Mouse Moved,225.0,770.0,User17,,
1490180923286,Mouse Moved,226.0,772.0,User17,,
1490180923299,Mouse Moved,226.0,774.0,User17,,
1490181821493,Mouse Moved,483.0,735.0,User17,1536.0,775.0
1490181821506,Mouse Moved,427.0,613.0,User17,,
1490181821519,Mouse Moved,369.0,475.0,User17,,
1490181821536,Mouse Moved,323.0,365.0,User17,,
1490181821551,Mouse Moved,301.0,323.0,User17,,
1490181821552,Mouse Moved,286.0,291.0,User17,,
1490181821569,Mouse Moved,274.0,266.0,User17,,
1490181821569,Mouse Moved,263.0,246.0,User17,,
1490181821581,Mouse Moved,252.0,228.0,User17,,
1490181821582,Mouse Moved,246.0,216.0,User17,,
1490181821595,Mouse Moved,240.0,204.0,User17,,
1490181821611,Mouse Moved,236.0,195.0,User17,,
1490181821611,Mouse Moved,234.0,186.0,User17,,
1490181821612,Mouse Moved,231.0,177.0,User17,,
1490181821625,Mouse Moved,229.0,162.0,User17,,
1490181821641,Mouse Moved,227.0,148.0,User17,,
1490181821641,Mouse Moved,225.0,137.0,User17,,
1490181821657,Mouse Moved,223.0,123.0,User17,,
1490181821657,Mouse Moved,223.0,112.0,User17,,
1490181821671,Mouse Moved,221.0,103.0,User17,,
1490181821673,Mouse Moved,219.0,96.0,User17,,
1490181821688,Mouse Moved,219.0,92.0,User17,,
1490181821690,Mouse Moved,218.0,89.0,User17,,
1490181821701,Mouse Moved,217.0,86.0,User17,,
1490181821750,Mouse Moved,213.0,95.0,User17,,
1490181821752,Mouse Moved,206.0,120.0,User17,,
1490181821760,Mouse Moved,202.0,148.0,User17,,
1490181821776,Mouse Moved,202.0,185.0,User17,,
1490181821778,Mouse Moved,202.0,230.0,User17,,
1490181821798,Mouse Moved,210.0,273.0,User17,,
1490181821799,Mouse Moved,230.0,330.0,User17,,
1490181821799,Mouse Moved,258.0,388.0,User17,,
1490181821806,Mouse Moved,295.0,458.0,User17,,
1490181821822,Mouse Moved,331.0,524.0,User17,,
1490181821835,Mouse Moved,376.0,590.0,User17,,
1490181821836,Mouse Moved,414.0,646.0,User17,,
1490181821851,Mouse Moved,451.0,697.0,User17,,
1490181821852,Mouse Moved,480.0,741.0,User17,,
1490181821854,Mouse Moved,494.0,768.0,User17,,
1490181822815,Mouse Moved,418.0,765.0,User17,,
1490181823838,Mouse Moved,411.0,760.0,User17,,
1490181823852,Mouse Moved,411.0,758.0,User17,,
1490181823868,Mouse Moved,410.0,757.0,User17,,
1490181823882,Mouse Moved,407.0,756.0,User17,,
1490181823904,Mouse Moved,406.0,755.0,User17,,
1490181823914,Mouse Moved,406.0,754.0,User17,,
1490181823943,Mouse Moved,405.0,754.0,User17,,
1490181824171,Mouse Moved,405.0,752.0,User17,,
1490181824176,Mouse Moved,406.0,753.0,User17,,
1490181824184,Mouse Moved,406.0,753.0,User17,,
1490181824242,Mouse Moved,406.0,753.0,User17,,
1490181824243,Mouse Button.left Released,406.0,753.0,User17,,
1490181825525,Mouse Moved,404.0,752.0,User17,,
1490181825535,Mouse Moved,397.0,737.0,User17,,
1490181825555,Mouse Moved,344.0,587.0,User17,,
1490181825565,Mouse Moved,323.0,520.0,User17,,
1490181825592,Mouse Moved,306.0,464.0,User17,,
1490181825594,Mouse Moved,293.0,409.0,User17,,
1490181825595,Mouse Moved,284.0,361.0,User17,,
1490181825595,Mouse Moved,276.0,323.0,User17,,
1490181825611,Mouse Moved,272.0,298.0,User17,,
1490181825611,Mouse Moved,269.0,278.0,User17,,
1490181825625,Mouse Moved,268.0,267.0,User17,,
1490181825627,Mouse Moved,264.0,255.0,User17,,
1490181825638,Mouse Moved,264.0,247.0,User17,,
1490181825638,Mouse Moved,262.0,242.0,User17,,
1490181825654,Mouse Moved,262.0,238.0,User17,,
1490181825655,Mouse Moved,262.0,237.0,User17,,
1490181825676,Mouse Moved,261.0,233.0,User17,,
1490181825677,Mouse Moved,261.0,231.0,User17,,
1490181825721,Mouse Moved,261.0,230.0,User17,,
1490181825848,Mouse Moved,261.0,229.0,User17,,
1490181825957,Mouse Moved,261.0,232.0,User17,,
1490181825957,Mouse Moved,261.0,238.0,User17,,
1490181825971,Mouse Moved,261.0,242.0,User17,,
1490181825987,Mouse Moved,261.0,245.0,User17,,
1490181825989,Mouse Moved,259.0,247.0,User17,,
1490181825999,Mouse Moved,259.0,250.0,User17,,
1490181826023,Mouse Moved,259.0,251.0,User17,,
1490181826023,Mouse Moved,259.0,254.0,User17,,
1490181826025,Mouse Moved,259.0,256.0,User17,,
1490181826046,Mouse Moved,259.0,258.0,User17,,
1490181826046,Mouse Moved,259.0,260.0,User17,,
1490181826065,Mouse Moved,259.0,261.0,User17,,
1490181826066,Mouse Moved,259.0,262.0,User17,,
1490181826174,Mouse Moved,260.0,262.0,User17,,
1490181826176,Mouse Button.left Pressed,260.0,262.0,User17,,
1490181826204,Mouse Moved,259.0,261.0,User17,,
1490181826250,Mouse Moved,260.0,261.0,User17,,
1490181826253,Mouse Moved,260.0,261.0,User17,,
1490181826286,Mouse Moved,259.0,262.0,User17,,
1490181826394,Mouse Moved,259.0,263.0,User17,,
1490181826407,Mouse Moved,259.0,266.0,User17,,
1490181826421,Mouse Moved,259.0,269.0,User17,,
1490181826437,Mouse Moved,258.0,271.0,User17,,
1490181826437,Mouse Moved,258.0,273.0,User17,,
1490181826457,Mouse Moved,258.0,275.0,User17,,
1490181826459,Mouse Moved,258.0,278.0,User17,,
1490181826460,Mouse Moved,258.0,284.0,User17,,
1490181826467,Mouse Moved,258.0,285.0,User17,,
1490181826487,Mouse Moved,258.0,293.0,User17,,
1490181826497,Mouse Moved,258.0,294.0,User17,,
1490181826517,Mouse Moved,258.0,295.0,User17,,
1490181826563,Mouse Moved,258.0,296.0,User17,,
1490181832053,Mouse Moved,258.0,296.0,User17,,
1490181832055,Mouse Button.left Pressed,258.0,296.0,User17,,
1490181832124,Mouse Moved,258.0,296.0,User17,,
1490181832125,Mouse Button.left Released,258.0,296.0,User17,,
1490181832819,Mouse Moved,257.0,295.0,User17,,
1490181832834,Mouse Moved,254.0,293.0,User17,,
1490181832871,Mouse Moved,253.0,292.0,User17,,
1490181832871,Mouse Moved,252.0,289.0,User17,,
1490181832901,Mouse Moved,249.0,286.0,User17,,
1490181832911,Mouse Moved,249.0,285.0,User17,,
1490181832930,Mouse Moved,248.0,282.0,User17,,
1490181832940,Mouse Moved,246.0,279.0,User17,,
1490181832957,Mouse Moved,245.0,277.0,User17,,
1490181832970,Mouse Moved,245.0,276.0,User17,,
1490181832984,Mouse Moved,243.0,273.0,User17,,
1490181832986,Mouse Moved,243.0,270.0,User17,,
1490181832999,Mouse Moved,242.0,269.0,User17,,
1490181833016,Mouse Moved,242.0,267.0,User17,,
1490181833016,Mouse Moved,241.0,264.0,User17,,
1490181833029,Mouse Moved,240.0,263.0,User17,,
1490181833045,Mouse Moved,240.0,260.0,User17,,
1490181833046,Mouse Moved,240.0,259.0,User17,,
1490181833059,Mouse Moved,238.0,257.0,User17,,
1490181833075,Mouse Moved,238.0,255.0,User17,,
1490181833089,Mouse Moved,238.0,254.0,User17,,
1490181833118,Mouse Moved,238.0,253.0,User17,,
1490181833138,Mouse Moved,237.0,252.0,User17,,
1490181833164,Mouse Moved,237.0,251.0,User17,,
1490181833214,Mouse Moved,237.0,250.0,User17,,
1490181833240,Mouse Moved,237.0,248.0,User17,,
1490181833253,Mouse Moved,237.0,247.0,User17,,
1490181833269,Mouse Moved,237.0,246.0,User17,,
1490181833315,Mouse Moved,237.0,245.0,User17,,
1490181833338,Mouse Moved,237.0,244.0,User17,,
1490181833384,Mouse Moved,237.0,243.0,User17,,
1490181833397,Mouse Moved,237.0,241.0,User17,,
1490181833499,Mouse Moved,237.0,240.0,User17,,
1490181833500,Mouse Moved,237.0,239.0,User17,,
1490181833634,Mouse Moved,237.0,238.0,User17,,
1490181834051,Mouse Moved,238.0,237.0,User17,,
1490181834059,Mouse Moved,241.0,235.0,User17,,
1490181834098,Mouse Moved,242.0,234.0,User17,,
1490181834098,Mouse Moved,242.0,233.0,User17,,
1490181834111,Mouse Moved,243.0,232.0,User17,,
1490181834229,Mouse Moved,243.0,231.0,User17,,
1490181836805,Mouse Moved,243.0,235.0,User17,,
1490181836828,Mouse Moved,245.0,249.0,User17,,
1490181836838,Mouse Moved,245.0,258.0,User17,,
1490181836858,Mouse Moved,248.0,270.0,User17,,
1490181836868,Mouse Moved,248.0,271.0,User17,,
1490181836884,Mouse Moved,249.0,274.0,User17,,
1490181836898,Mouse Moved,249.0,276.0,User17,,
1490181836913,Mouse Moved,249.0,277.0,User17,,
1490181837174,Mouse Moved,249.0,272.0,User17,,
1490181837194,Mouse Moved,249.0,268.0,User17,,
1490181837229,Mouse Moved,249.0,264.0,User17,,
1490181837239,Mouse Moved,249.0,261.0,User17,,
1490181837272,Mouse Moved,249.0,259.0,User17,,
1490181837278,Mouse Moved,249.0,257.0,User17,,
1490181837296,Mouse Moved,250.0,256.0,User17,,
1490181837305,Mouse Moved,250.0,255.0,User17,,
1490181837372,Mouse Moved,250.0,253.0,User17,,
1490181839576,Mouse Moved,259.0,283.0,User17,,
1490181839592,Mouse Moved,268.0,301.0,User17,,
1490181839607,Mouse Moved,280.0,328.0,User17,,
1490181839621,Mouse Moved,323.0,370.0,User17,,
1490181839644,Mouse Moved,356.0,392.0,User17,,
1490181839940,Mouse Moved,456.0,440.0,User17,,
1490181839941,Mouse Moved,504.0,461.0,User17,,
1490181839943,Mouse Moved,529.0,470.0,User17,,
1490181839943,Mouse Moved,563.0,483.0,User17,,
1490181839944,Mouse Moved,587.0,495.0,User17,,
1490181839950,Mouse Moved,593.0,502.0,User17,,
1490181839951,Mouse Moved,594.0,503.0,User17,,
1490181839953,Mouse Moved,596.0,507.0,User17,,
1490181839953,Mouse Moved,598.0,508.0,User17,,
1490181839954,Mouse Moved,597.0,508.0,User17,,
1490181839956,Mouse Moved,598.0,509.0,User17,,
1490181839957,Mouse Moved,597.0,509.0,User17,,
1490181840283,Mouse Moved,597.0,509.0,User17,,
1490181840285,Mouse Scrolled (0 -1),597.0,509.0,User17,,
1490181841812,Mouse Moved,595.0,507.0,User17,,
1490181842085,Mouse Moved,554.0,472.0,User17,,
1490181842085,Mouse Moved,531.0,459.0,User17,,
1490181842085,Mouse Moved,462.0,420.0,User17,,
1490181842086,Mouse Moved,419.0,395.0,User17,,
1490181842088,Mouse Moved,394.0,378.0,User17,,
1490181842088,Mouse Moved,382.0,370.0,User17,,
1490181842089,Mouse Moved,363.0,354.0,User17,,
1490181842089,Mouse Moved,351.0,344.0,User17,,
1490181842091,Mouse Moved,345.0,338.0,User17,,
1490181842092,Mouse Moved,341.0,334.0,User17,,
1490181842092,Mouse Moved,331.0,326.0,User17,,
1490181842094,Mouse Moved,319.0,314.0,User17,,
1490181842094,Mouse Moved,312.0,307.0,User17,,
1490181842095,Mouse Moved,297.0,292.0,User17,,
1490181842095,Mouse Moved,293.0,288.0,User17,,
1490181842096,Mouse Moved,290.0,284.0,User17,,
1490181842098,Mouse Moved,288.0,280.0,User17,,
1490181842098,Mouse Moved,286.0,279.0,User17,,
1490181842099,Mouse Moved,285.0,278.0,User17,,
1490181842119,Mouse Moved,285.0,276.0,User17,,
1490181842411,Mouse Moved,284.0,275.0,User17,,
1490181842411,Mouse Moved,283.0,274.0,User17,,
1490181842413,Mouse Moved,283.0,272.0,User17,,
1490181842414,Mouse Moved,281.0,267.0,User17,,
1490181842414,Mouse Moved,280.0,263.0,User17,,
1490181842414,Mouse Moved,280.0,262.0,User17,,
1490181842415,Mouse Moved,280.0,259.0,User17,,
1490181842417,Mouse Moved,280.0,258.0,User17,,
1490181842424,Mouse Moved,279.0,257.0,User17,,
1490181842426,Mouse Moved,279.0,256.0,User17,,
1490181842427,Mouse Moved,279.0,255.0,User17,,
1490181842427,Mouse Moved,279.0,254.0,User17,,
1490181842438,Mouse Moved,279.0,252.0,User17,,
1490181842450,Mouse Moved,279.0,252.0,User17,,
1490181842451,Mouse Moved,279.0,252.0,User17,,
1490181842453,Mouse Button.left Pressed,279.0,252.0,User17,,
1490181842463,Mouse Moved,279.0,250.0,User17,,
1490181842542,Mouse Moved,279.0,250.0,User17,,
1490181842624,Mouse Moved,279.0,251.0,User17,,
1490181842713,Mouse Moved,279.0,252.0,User17,,
1490181842737,Mouse Moved,279.0,254.0,User17,,
1490181842756,Mouse Moved,279.0,262.0,User17,,
1490181842767,Mouse Moved,280.0,265.0,User17,,
1490181842801,Mouse Moved,280.0,271.0,User17,,
1490181842802,Mouse Moved,280.0,274.0,User17,,
1490181842812,Mouse Moved,280.0,276.0,User17,,
1490181842828,Mouse Moved,280.0,278.0,User17,,
1490181842842,Mouse Moved,280.0,282.0,User17,,
1490181842872,Mouse Moved,280.0,283.0,User17,,
1490181842887,Mouse Moved,280.0,285.0,User17,,
1490181842908,Mouse Moved,280.0,286.0,User17,,
1490181842918,Mouse Moved,280.0,288.0,User17,,
1490181842948,Mouse Moved,280.0,289.0,User17,,
1490181842969,Mouse Moved,280.0,290.0,User17,,
1490181843213,Mouse Moved,280.0,289.0,User17,,
1490181843214,Mouse Button.left Pressed,280.0,289.0,User17,,
1490181843236,Mouse Moved,280.0,288.0,User17,,
1490181843305,Mouse Moved,280.0,288.0,User17,,
1490181843306,Mouse Button.left Released,280.0,288.0,User17,,
1490181843351,Mouse Moved,280.0,289.0,User17,,
1490181843499,Mouse Moved,280.0,290.0,User17,,
1490181843569,Mouse Moved,281.0,290.0,User17,,
1490181843599,Mouse Moved,299.0,288.0,User17,,
1490181843601,Mouse Moved,340.0,286.0,User17,,
1490181843612,Mouse Moved,391.0,286.0,User17,,
1490181843631,Mouse Moved,438.0,284.0,User17,,
1490181843651,Mouse Moved,473.0,284.0,User17,,
1490181843657,Mouse Moved,509.0,284.0,User17,,
1490181843673,Mouse Moved,539.0,284.0,User17,,
1490181843687,Mouse Moved,559.0,284.0,User17,,
1490181843701,Mouse Moved,574.0,284.0,User17,,
1490181843726,Mouse Moved,578.0,284.0,User17,,
1490181843726,Mouse Moved,583.0,285.0,User17,,
1490181843734,Mouse Moved,584.0,285.0,User17,,
1490181843770,Mouse Moved,585.0,285.0,User17,,
1490181843838,Mouse Moved,586.0,286.0,User17,,
1490181843875,Mouse Moved,588.0,288.0,User17,,
1490181843884,Mouse Moved,590.0,289.0,User17,,
1490181844440,Mouse Moved,590.0,289.0,User17,,
1490181844441,Mouse Scrolled (0 1),590.0,289.0,User17,,
1490181844734,Mouse Moved,590.0,284.0,User17,,
1490181844759,Mouse Moved,590.0,278.0,User17,,
1490181844782,Mouse Moved,589.0,275.0,User17,,
1490181844782,Mouse Moved,589.0,274.0,User17,,
1490181844783,Mouse Moved,587.0,272.0,User17,,
1490181844785,Mouse Moved,587.0,271.0,User17,,
1490181844801,Mouse Moved,587.0,268.0,User17,,
1490181844802,Mouse Moved,587.0,267.0,User17,,
1490181844802,Mouse Moved,586.0,264.0,User17,,
1490181844832,Mouse Moved,586.0,263.0,User17,,
1490181844842,Mouse Moved,586.0,262.0,User17,,
1490181844967,Mouse Moved,586.0,261.0,User17,,
1490181844990,Mouse Moved,586.0,260.0,User17,,
1490181845055,Mouse Moved,586.0,259.0,User17,,
1490181845101,Mouse Moved,586.0,257.0,User17,,
1490181845132,Mouse Moved,586.0,256.0,User17,,
1490181845161,Mouse Moved,586.0,255.0,User17,,
1490181845214,Mouse Moved,586.0,254.0,User17,,
1490181845267,Mouse Moved,586.0,254.0,User17,,
1490181845269,Mouse Button.left Pressed,586.0,254.0,User17,,
1490181845298,Mouse Moved,586.0,253.0,User17,,
1490181845371,Mouse Moved,586.0,253.0,User17,,
1490181846125,Mouse Moved,586.0,254.0,User17,,
1490181846153,Mouse Moved,586.0,255.0,User17,,
1490181846180,Mouse Moved,586.0,256.0,User17,,
1490181846562,Mouse Moved,586.0,257.0,User17,,
1490181846576,Mouse Moved,585.0,261.0,User17,,
1490181846599,Mouse Moved,583.0,266.0,User17,,
1490181846601,Mouse Moved,582.0,267.0,User17,,
1490181846617,Mouse Moved,582.0,270.0,User17,,
1490181846618,Mouse Moved,581.0,276.0,User17,,
1490181846618,Mouse Moved,579.0,280.0,User17,,
1490181846625,Mouse Moved,576.0,287.0,User17,,
1490181846688,Mouse Moved,574.0,291.0,User17,,
1490181846690,Mouse Moved,574.0,296.0,User17,,
1490181846690,Mouse Moved,573.0,300.0,User17,,
1490181846690,Mouse Moved,571.0,303.0,User17,,
1490181846691,Mouse Moved,571.0,304.0,User17,,
1490181846693,Mouse Moved,571.0,305.0,User17,,
1490181846694,Mouse Moved,570.0,308.0,User17,,
1490181846694,Mouse Moved,570.0,311.0,User17,,
1490181846700,Mouse Moved,569.0,312.0,User17,,
1490181846779,Mouse Moved,569.0,314.0,User17,,
1490181846779,Mouse Moved,569.0,317.0,User17,,
1490181846780,Mouse Moved,568.0,318.0,User17,,
1490181846782,Mouse Moved,568.0,320.0,User17,,
1490181846782,Mouse Moved,568.0,323.0,User17,,
1490181846783,Mouse Moved,567.0,324.0,User17,,
1490181846785,Mouse Moved,567.0,325.0,User17,,
1490181846858,Mouse Moved,567.0,327.0,User17,,
1490181846940,Mouse Moved,567.0,328.0,User17,,
1490181846940,Mouse Moved,565.0,330.0,User17,,
1490181846941,Mouse Moved,565.0,331.0,User17,,
1490181846944,Mouse Moved,565.0,333.0,User17,,
1490181847029,Mouse Moved,566.0,333.0,User17,,
1490181847030,Mouse Button.left Pressed,566.0,333.0,User17,,
1490181847114,Mouse Moved,566.0,333.0,User17,,
1490181847115,Mouse Button.left Released,566.0,333.0,User17,,
1490181849015,Mouse Moved,530.0,319.0,User17,,
1490181849035,Mouse Moved,478.0,298.0,User17,,
1490181849049,Mouse Moved,431.0,280.0,User17,,
1490181849059,Mouse Moved,411.0,271.0,User17,,
1490181849073,Mouse Moved,376.0,258.0,User17,,
1490181849095,Mouse Moved,357.0,249.0,User17,,
1490181849105,Mouse Moved,352.0,246.0,User17,,
1490181849127,Mouse Moved,350.0,246.0,User17,,
1490181849128,Mouse Moved,349.0,245.0,User17,,
1490181849128,Mouse Moved,347.0,244.0,User17,,
1490181849151,Mouse Moved,346.0,242.0,User17,,
1490181849171,Mouse Moved,344.0,241.0,User17,,
1490181849173,Mouse Moved,341.0,241.0,User17,,
1490181849194,Mouse Moved,332.0,238.0,User17,,
1490181849194,Mouse Moved,330.0,238.0,User17,,
1490181849210,Mouse Moved,325.0,235.0,User17,,
1490181849210,Mouse Moved,319.0,233.0,User17,,
1490181849230,Mouse Moved,315.0,233.0,User17,,
1490181849230,Mouse Moved,310.0,231.0,User17,,
1490181849244,Mouse Moved,306.0,231.0,User17,,
1490181849246,Mouse Moved,304.0,231.0,User17,,
1490181849253,Mouse Moved,303.0,231.0,User17,,
1490181849272,Mouse Moved,302.0,231.0,User17,,
1490181849329,Mouse Moved,301.0,231.0,User17,,
1490181849348,Mouse Moved,298.0,234.0,User17,,
1490181849365,Mouse Moved,293.0,241.0,User17,,
1490181849367,Mouse Moved,290.0,245.0,User17,,
1490181849377,Mouse Moved,286.0,250.0,User17,,
1490181849395,Mouse Moved,284.0,253.0,User17,,
1490181849397,Mouse Moved,283.0,254.0,User17,,
1490181849398,Mouse Moved,282.0,258.0,User17,,
1490181849404,Mouse Moved,280.0,259.0,User17,,
1490181849427,Mouse Moved,279.0,260.0,User17,,
1490181849450,Mouse Moved,278.0,263.0,User17,,
1490181849503,Mouse Moved,278.0,263.0,User17,,
1490181849505,Mouse Button.left Pressed,278.0,263.0,User17,,
1490181849520,Mouse Moved,278.0,262.0,User17,,
1490181849604,Mouse Moved,278.0,262.0,User17,,
1490181849605,Mouse Button.left Released,278.0,262.0,User17,,
1490181849667,Mouse Moved,278.0,263.0,User17,,
1490181850012,Mouse Moved,278.0,265.0,User17,,
1490181850040,Mouse Moved,278.0,268.0,User17,,
1490181850059,Mouse Moved,278.0,271.0,User17,,
1490181850072,Mouse Moved,278.0,272.0,User17,,
1490181850085,Mouse Moved,278.0,274.0,User17,,
1490181850099,Mouse Moved,278.0,276.0,User17,,
1490181850115,Mouse Moved,278.0,278.0,User17,,
1490181850150,Mouse Moved,278.0,279.0,User17,,
1490181850161,Mouse Moved,278.0,280.0,User17,,
1490181850191,Mouse Moved,278.0,282.0,User17,,
1490181850242,Mouse Moved,278.0,283.0,User17,,
1490181850579,Mouse Moved,278.0,282.0,User17,,
1490181850581,Mouse Moved,278.0,282.0,User17,,
1490181850618,Mouse Moved,278.0,280.0,User17,,
1490181850664,Mouse Moved,278.0,281.0,User17,,
1490181850665,Mouse Moved,278.0,281.0,User17,,
1490181850721,Mouse Moved,278.0,282.0,User17,,
1490181850752,Mouse Moved,278.0,283.0,User17,,
1490181850841,Mouse Moved,278.0,284.0,User17,,
1490181850868,Mouse Moved,279.0,283.0,User17,,
1490181850897,Mouse Moved,281.0,273.0,User17,,
1490181850917,Mouse Moved,282.0,260.0,User17,,
1490181850927,Mouse Moved,282.0,256.0,User17,,
1490181850941,Mouse Moved,282.0,252.0,User17,,
1490181850960,Mouse Moved,282.0,248.0,User17,,
1490181850993,Mouse Moved,283.0,243.0,User17,,
1490181851009,Mouse Moved,283.0,242.0,User17,,
1490181851042,Mouse Moved,283.0,240.0,User17,,
1490181851042,Mouse Moved,283.0,238.0,User17,,
1490181851046,Mouse Moved,283.0,239.0,User17,,
1490181851048,Mouse Button.left Pressed,283.0,239.0,User17,,
1490181851055,Mouse Moved,283.0,236.0,User17,,
1490181851092,Mouse Moved,283.0,235.0,User17,,
1490181851147,Mouse Moved,283.0,235.0,User17,,
1490181851148,Mouse Button.left Released,283.0,235.0,User17,,
1490181851171,Mouse Moved,283.0,236.0,User17,,
1490181851200,Mouse Moved,283.0,237.0,User17,,
1490181851680,Mouse Moved,283.0,238.0,User17,,
1490181851684,Mouse Moved,298.0,237.0,User17,,
1490181851684,Mouse Moved,323.0,234.0,User17,,
1490181851686,Mouse Moved,372.0,232.0,User17,,
1490181851687,Mouse Moved,424.0,228.0,User17,,
1490181851687,Mouse Moved,439.0,228.0,User17,,
1490181851724,Mouse Moved,443.0,227.0,User17,,
1490181851726,Mouse Moved,444.0,227.0,User17,,
1490181851861,Mouse Moved,445.0,229.0,User17,,
1490181851862,Mouse Moved,448.0,238.0,User17,,
1490181851864,Mouse Moved,447.0,253.0,User17,,
1490181851865,Mouse Moved,440.0,271.0,User17,,
1490181851865,Mouse Moved,424.0,291.0,User17,,
1490181851867,Mouse Moved,410.0,303.0,User17,,
1490181851878,Mouse Moved,401.0,308.0,User17,,
1490181851895,Mouse Moved,398.0,309.0,User17,,
1490181851927,Mouse Moved,396.0,310.0,User17,,
1490181851927,Mouse Moved,393.0,310.0,User17,,
1490181851928,Mouse Moved,390.0,312.0,User17,,
1490181851953,Mouse Moved,387.0,313.0,User17,,
1490181852002,Mouse Moved,381.0,315.0,User17,,
1490181852003,Mouse Moved,373.0,315.0,User17,,
1490181852003,Mouse Moved,366.0,316.0,User17,,
1490181852005,Mouse Moved,353.0,316.0,User17,,
1490181852006,Mouse Moved,342.0,316.0,User17,,
1490181852006,Mouse Moved,333.0,316.0,User17,,
1490181852012,Mouse Moved,322.0,314.0,User17,,
1490181852013,Mouse Moved,313.0,312.0,User17,,
1490181852013,Mouse Moved,303.0,309.0,User17,,
1490181852019,Mouse Moved,295.0,309.0,User17,,
1490181852019,Mouse Moved,290.0,307.0,User17,,
1490181852039,Mouse Moved,284.0,307.0,User17,,
1490181852039,Mouse Moved,280.0,307.0,User17,,
1490181852092,Mouse Moved,277.0,307.0,User17,,
1490181852092,Mouse Moved,273.0,307.0,User17,,
1490181852094,Mouse Moved,272.0,307.0,User17,,
1490181852095,Mouse Moved,271.0,307.0,User17,,
1490181852105,Mouse Moved,269.0,307.0,User17,,
1490181852107,Mouse Moved,266.0,307.0,User17,,
1490181852128,Mouse Moved,263.0,306.0,User17,,
1490181852130,Mouse Moved,260.0,306.0,User17,,
1490181852144,Mouse Moved,258.0,306.0,User17,,
1490181852144,Mouse Moved,256.0,306.0,User17,,
1490181852155,Mouse Moved,255.0,306.0,User17,,
1490181852176,Mouse Moved,254.0,306.0,User17,,
1490181852190,Mouse Moved,254.0,305.0,User17,,
1490181852223,Mouse Moved,254.0,305.0,User17,,
1490181852332,Mouse Moved,254.0,305.0,User17,,
1490181852334,Mouse Button.left Released,254.0,305.0,User17,,
1490181852569,Mouse Moved,254.0,301.0,User17,,
1490181852569,Mouse Moved,254.0,293.0,User17,,
1490181852571,Mouse Moved,254.0,292.0,User17,,
1490181852572,Mouse Moved,254.0,290.0,User17,,
1490181852579,Mouse Moved,254.0,289.0,User17,,
1490181852599,Mouse Moved,254.0,288.0,User17,,
1490181852630,Mouse Moved,254.0,287.0,User17,,
1490181852641,Mouse Moved,254.0,286.0,User17,,
1490181852642,Mouse Moved,254.0,286.0,User17,,
1490181852644,Mouse Button.left Pressed,254.0,286.0,User17,,
1490181852684,Mouse Moved,254.0,285.0,User17,,
1490181852736,Mouse Moved,254.0,285.0,User17,,
1490181852737,Mouse Button.left Released,254.0,285.0,User17,,
1490181853000,Mouse Moved,251.0,283.0,User17,,
1490181853000,Mouse Moved,247.0,274.0,User17,,
1490181853002,Mouse Moved,244.0,269.0,User17,,
1490181853023,Mouse Moved,240.0,263.0,User17,,
1490181853023,Mouse Moved,237.0,258.0,User17,,
1490181853023,Mouse Moved,237.0,257.0,User17,,
1490181853025,Mouse Moved,236.0,254.0,User17,,
1490181853061,Mouse Moved,235.0,253.0,User17,,
1490181853062,Mouse Moved,235.0,252.0,User17,,
1490181853062,Mouse Moved,234.0,251.0,User17,,
1490181853548,Mouse Moved,231.0,251.0,User17,,
1490181853568,Mouse Moved,224.0,252.0,User17,,
1490181853579,Mouse Moved,223.0,252.0,User17,,
1490181853598,Mouse Moved,222.0,252.0,User17,,
1490181853658,Mouse Moved,221.0,251.0,User17,,
1490181853668,Mouse Moved,219.0,247.0,User17,,
1490181853681,Mouse Moved,218.0,246.0,User17,,
1490181853683,Mouse Moved,217.0,241.0,User17,,
1490181853698,Mouse Moved,217.0,239.0,User17,,
1490181853700,Mouse Moved,215.0,237.0,User17,,
1490181853719,Mouse Moved,215.0,234.0,User17,,
1490181853720,Mouse Moved,215.0,233.0,User17,,
1490181853720,Mouse Moved,214.0,228.0,User17,,
1490181853732,Mouse Moved,214.0,225.0,User17,,
1490181853733,Mouse Moved,214.0,219.0,User17,,
1490181853743,Mouse Moved,216.0,214.0,User17,,
1490181853759,Mouse Moved,224.0,199.0,User17,,
1490181853780,Mouse Moved,237.0,182.0,User17,,
1490181853796,Mouse Moved,240.0,178.0,User17,,
1490181853802,Mouse Moved,243.0,174.0,User17,,
1490181853818,Mouse Moved,246.0,172.0,User17,,
1490181853832,Mouse Moved,247.0,171.0,User17,,
1490181853855,Mouse Moved,249.0,169.0,User17,,
1490181853855,Mouse Moved,252.0,167.0,User17,,
1490181853864,Mouse Moved,253.0,166.0,User17,,
1490181853882,Mouse Moved,255.0,165.0,User17,,
1490181854002,Mouse Moved,255.0,164.0,User17,,
1490181854066,Mouse Moved,255.0,163.0,User17,,
1490181854092,Mouse Moved,248.0,151.0,User17,,
1490181854092,Mouse Moved,242.0,142.0,User17,,
1490181854124,Mouse Moved,239.0,137.0,User17,,
1490181854125,Mouse Moved,236.0,130.0,User17,,
1490181854125,Mouse Moved,233.0,126.0,User17,,
1490181854127,Mouse Moved,230.0,121.0,User17,,
1490181854144,Mouse Moved,225.0,117.0,User17,,
1490181854145,Mouse Moved,224.0,114.0,User17,,
1490181854147,Mouse Moved,217.0,109.0,User17,,
1490181854209,Mouse Moved,212.0,104.0,User17,,
1490181854210,Mouse Moved,207.0,97.0,User17,,
1490181854210,Mouse Moved,202.0,94.0,User17,,
1490181854211,Mouse Moved,198.0,89.0,User17,,
1490181854229,Mouse Moved,195.0,88.0,User17,,
1490181854260,Mouse Moved,193.0,85.0,User17,,
1490181854263,Mouse Moved,192.0,84.0,User17,,
1490181854263,Mouse Moved,190.0,82.0,User17,,
1490181854265,Mouse Moved,190.0,81.0,User17,,
1490181854342,Mouse Moved,190.0,82.0,User17,,
1490181854371,Mouse Moved,197.0,82.0,User17,,
1490181854371,Mouse Moved,200.0,81.0,User17,,
1490181854382,Mouse Moved,208.0,81.0,User17,,
1490181854384,Mouse Moved,212.0,79.0,User17,,
1490181854392,Mouse Moved,220.0,79.0,User17,,
1490181854411,Mouse Moved,225.0,78.0,User17,,
1490181854413,Mouse Moved,229.0,78.0,User17,,
1490181854414,Mouse Moved,234.0,78.0,User17,,
1490181854421,Mouse Moved,235.0,78.0,User17,,
1490181854440,Mouse Moved,236.0,78.0,User17,,
1490181854460,Mouse Moved,237.0,78.0,User17,,
1490181854489,Mouse Moved,237.0,77.0,User17,,
1490181854611,Mouse Moved,237.0,76.0,User17,,
1490181854632,Mouse Moved,237.0,74.0,User17,,
1490181854644,Mouse Moved,237.0,75.0,User17,,
1490181854645,Mouse Moved,237.0,75.0,User17,,
1490181854647,Mouse Button.left Pressed,237.0,75.0,User17,,
1490181854736,Mouse Moved,237.0,75.0,User17,,
1490181871415,Mouse Moved,237.0,72.0,User17,,
1490181871424,Mouse Moved,236.0,68.0,User17,,
1490181871426,Mouse Moved,231.0,63.0,User17,,
1490181871454,Mouse Moved,223.0,53.0,User17,,
1490181871459,Mouse Moved,220.0,48.0,User17,,
1490181871460,Mouse Moved,215.0,40.0,User17,,
1490181871460,Mouse Moved,212.0,35.0,User17,,
1490181871469,Mouse Moved,210.0,32.0,User17,,
1490181871490,Mouse Moved,210.0,31.0,User17,,
1490181871569,Mouse Moved,209.0,31.0,User17,,
1490181871572,Mouse Moved,205.0,30.0,User17,,
1490181871573,Mouse Moved,204.0,28.0,User17,,
1490181871588,Mouse Moved,201.0,27.0,User17,,
1490181871611,Mouse Moved,199.0,27.0,User17,,
1490181871619,Mouse Moved,196.0,27.0,User17,,
1490181871621,Mouse Moved,193.0,27.0,User17,,
1490181871632,Mouse Moved,192.0,28.0,User17,,
1490181871634,Mouse Moved,186.0,34.0,User17,,
1490181871648,Mouse Moved,183.0,36.0,User17,,
1490181871663,Mouse Moved,179.0,41.0,User17,,
1490181871664,Mouse Moved,177.0,43.0,User17,,
1490181871684,Mouse Moved,176.0,44.0,User17,,
1490181871684,Mouse Moved,172.0,50.0,User17,,
1490181871684,Mouse Moved,166.0,57.0,User17,,
1490181871694,Mouse Moved,158.0,70.0,User17,,
1490181871717,Mouse Moved,145.0,85.0,User17,,
1490181871717,Mouse Moved,127.0,103.0,User17,,
1490181871719,Mouse Moved,108.0,127.0,User17,,
1490181871723,Mouse Moved,94.0,150.0,User17,,
1490181871737,Mouse Moved,88.0,164.0,User17,,
1490181871739,Mouse Moved,86.0,181.0,User17,,
1490181871760,Mouse Moved,95.0,208.0,User17,,
1490181871773,Mouse Moved,101.0,215.0,User17,,
1490181871789,Mouse Moved,112.0,222.0,User17,,
1490181871799,Mouse Moved,115.0,223.0,User17,,
1490181871823,Mouse Moved,127.0,231.0,User17,,
1490181871826,Mouse Moved,131.0,236.0,User17,,
1490181871842,Mouse Moved,153.0,250.0,User17,,
1490181871868,Mouse Moved,165.0,259.0,User17,,
1490181871875,Mouse Moved,167.0,260.0,User17,,
1490181871898,Mouse Moved,168.0,261.0,User17,,
1490181871907,Mouse Moved,176.0,273.0,User17,,
1490181871927,Mouse Moved,188.0,287.0,User17,,
1490181871937,Mouse Moved,198.0,297.0,User17,,
1490181871960,Mouse Moved,203.0,301.0,User17,,
1490181871961,Mouse Moved,207.0,304.0,User17,,
1490181871970,Mouse Moved,212.0,308.0,User17,,
1490181871990,Mouse Moved,212.0,309.0,User17,,
1490181872028,Mouse Moved,214.0,311.0,User17,,
1490181872052,Mouse Moved,219.0,314.0,User17,,
1490181872052,Mouse Moved,220.0,314.0,User17,,
1490181872061,Mouse Moved,223.0,314.0,User17,,
1490181872062,Mouse Moved,225.0,314.0,User17,,
1490181872079,Mouse Moved,226.0,313.0,User17,,
1490181872081,Mouse Moved,228.0,312.0,User17,,
1490181872091,Mouse Moved,230.0,311.0,User17,,
1490181872114,Mouse Moved,233.0,308.0,User17,,
1490181872115,Mouse Moved,236.0,306.0,User17,,
1490181872124,Mouse Moved,239.0,306.0,User17,,
1490181872132,Mouse Moved,245.0,303.0,User17,,
1490181872134,Mouse Moved,246.0,302.0,User17,,
1490181872148,Mouse Moved,249.0,301.0,User17,,
1490181872150,Mouse Moved,253.0,299.0,User17,,
1490181872173,Mouse Moved,254.0,298.0,User17,,
1490181872178,Mouse Moved,257.0,297.0,User17,,
1490181872180,Mouse Moved,257.0,296.0,User17,,
1490181872203,Mouse Moved,260.0,294.0,User17,,
1490181872204,Mouse Moved,261.0,293.0,User17,,
1490181872229,Mouse Moved,262.0,293.0,User17,,
1490181872240,Mouse Moved,262.0,292.0,User17,,
1490181872301,Mouse Moved,262.0,291.0,User17,,
1490181872318,Mouse Moved,262.0,290.0,User17,,
1490181872319,Mouse Moved,262.0,290.0,User17,,
1490181872321,Mouse Button.left Pressed,262.0,290.0,User17,,
1490181872404,Mouse Moved,262.0,290.0,User17,,
1490181872405,Mouse Button.left Released,262.0,290.0,User17,,
1490181873115,Mouse Moved,262.0,291.0,User17,,
1490181873130,Mouse Moved,262.0,295.0,User17,,
1490181873147,Mouse Moved,262.0,296.0,User17,,
1490181873161,Mouse Moved,262.0,297.0,User17,,
1490181873174,Mouse Moved,262.0,298.0,User17,,
1490181873207,Mouse Moved,262.0,299.0,User17,,
1490181873237,Mouse Moved,262.0,301.0,User17,,
1490181873250,Mouse Moved,262.0,302.0,User17,,
1490181873415,Mouse Moved,262.0,303.0,User17,,
1490181873430,Mouse Moved,262.0,305.0,User17,,
1490181873446,Mouse Moved,262.0,308.0,User17,,
1490181873490,Mouse Moved,262.0,309.0,User17,,
1490181873734,Mouse Moved,262.0,310.0,User17,,
1490181873799,Mouse Moved,262.0,312.0,User17,,
1490181873829,Mouse Moved,261.0,313.0,User17,,
1490181873841,Mouse Moved,261.0,314.0,User17,,
1490181873923,Mouse Moved,261.0,316.0,User17,,
1490181873950,Mouse Moved,261.0,317.0,User17,,
1490181874358,Mouse Moved,260.0,320.0,User17,,
1490181874368,Mouse Moved,260.0,321.0,User17,,
1490181874388,Mouse Moved,260.0,323.0,User17,,
1490181874410,Mouse Moved,258.0,323.0,User17,,
1490181874430,Mouse Moved,258.0,324.0,User17,,
1490181874460,Mouse Moved,258.0,326.0,User17,,
1490181874471,Mouse Moved,258.0,327.0,User17,,
1490181874490,Mouse Moved,258.0,328.0,User17,,
1490181874565,Mouse Moved,258.0,329.0,User17,,
1490181874585,Mouse Moved,257.0,329.0,User17,,
1490181874608,Mouse Moved,257.0,330.0,User17,,
1490181874641,Mouse Moved,257.0,331.0,User17,,
1490181874743,Mouse Moved,257.0,333.0,User17,,
1490181874760,Mouse Moved,256.0,334.0,User17,,
1490181874780,Mouse Moved,255.0,339.0,User17,,
1490181874790,Mouse Moved,255.0,341.0,User17,,
1490181874805,Mouse Moved,255.0,344.0,User17,,
1490181874826,Mouse Moved,254.0,345.0,User17,,
1490181874828,Mouse Moved,254.0,348.0,User17,,
1490181874836,Mouse Moved,254.0,349.0,User17,,
1490181874838,Mouse Moved,254.0,351.0,User17,,
1490181874855,Mouse Moved,254.0,352.0,User17,,
1490181874865,Mouse Moved,254.0,354.0,User17,,
1490181874904,Mouse Moved,254.0,356.0,User17,,
1490181874921,Mouse Moved,255.0,359.0,User17,,
1490181874934,Mouse Moved,255.0,360.0,User17,,
1490181874950,Mouse Moved,256.0,361.0,User17,,
1490181874971,Mouse Moved,258.0,361.0,User17,,
1490181874990,Mouse Moved,259.0,362.0,User17,,
1490181875013,Mouse Moved,261.0,362.0,User17,,
1490181875013,Mouse Moved,262.0,362.0,User17,,
1490181875025,Mouse Moved,265.0,362.0,User17,,
1490181875040,Mouse Moved,266.0,362.0,User17,,
1490181875055,Mouse Moved,268.0,362.0,User17,,
1490181875055,Mouse Moved,270.0,362.0,User17,,
1490181875085,Mouse Moved,271.0,364.0,User17,,
1490181875094,Mouse Moved,271.0,366.0,User17,,
1490181875115,Mouse Moved,271.0,370.0,User17,,
1490181875125,Mouse Moved,271.0,375.0,User17,,
1490181875128,Mouse Moved,271.0,376.0,User17,,
1490181875144,Mouse Moved,272.0,381.0,User17,,
1490181875145,Mouse Moved,272.0,386.0,User17,,
1490181875147,Mouse Moved,272.0,390.0,User17,,
1490181875154,Mouse Moved,272.0,396.0,User17,,
1490181875167,Mouse Moved,272.0,404.0,User17,,
1490181875184,Mouse Moved,272.0,409.0,User17,,
1490181875184,Mouse Moved,272.0,410.0,User17,,
1490181875197,Mouse Moved,272.0,414.0,User17,,
1490181875250,Mouse Moved,276.0,444.0,User17,,
1490181875250,Mouse Moved,276.0,447.0,User17,,
1490181875260,Mouse Moved,276.0,448.0,User17,,
1490181875289,Mouse Moved,276.0,449.0,User17,,
1490181875290,Mouse Moved,276.0,450.0,User17,,
1490181875292,Mouse Moved,276.0,453.0,User17,,
1490181875309,Mouse Moved,276.0,454.0,User17,,
1490181875335,Mouse Moved,276.0,458.0,User17,,
1490181875335,Mouse Moved,278.0,459.0,User17,,
1490181875351,Mouse Moved,280.0,463.0,User17,,
1490181875352,Mouse Moved,283.0,464.0,User17,,
1490181875371,Mouse Moved,286.0,464.0,User17,,
1490181875372,Mouse Moved,287.0,464.0,User17,,
1490181875374,Mouse Moved,287.0,468.0,User17,,
1490181875382,Mouse Moved,287.0,470.0,User17,,
1490181875400,Mouse Moved,287.0,471.0,User17,,
1490181875401,Mouse Moved,287.0,473.0,User17,,
1490181875418,Mouse Moved,289.0,484.0,User17,,
1490181875444,Mouse Moved,290.0,493.0,User17,,
1490181875444,Mouse Moved,290.0,504.0,User17,,
1490181875446,Mouse Moved,290.0,510.0,User17,,
1490181875447,Mouse Moved,290.0,522.0,User17,,
1490181875460,Mouse Moved,290.0,534.0,User17,,
1490181875460,Mouse Moved,290.0,542.0,User17,,
1490181875480,Mouse Moved,290.0,561.0,User17,,
1490181875480,Mouse Moved,289.0,567.0,User17,,
1490181875568,Mouse Moved,287.0,589.0,User17,,
1490181875569,Mouse Moved,287.0,598.0,User17,,
1490181875668,Mouse Moved,289.0,598.0,User17,,
1490181875670,Mouse Moved,292.0,596.0,User17,,
1490181875690,Mouse Moved,293.0,596.0,User17,,
1490181875691,Mouse Moved,294.0,595.0,User17,,
1490181875700,Mouse Moved,296.0,594.0,User17,,
1490181875714,Mouse Moved,298.0,594.0,User17,,
1490181875730,Mouse Moved,299.0,594.0,User17,,
1490181875766,Mouse Moved,302.0,593.0,User17,,
1490181875775,Mouse Moved,305.0,590.0,User17,,
1490181875790,Mouse Moved,306.0,585.0,User17,,
1490181875792,Mouse Moved,308.0,581.0,User17,,
1490181875803,Mouse Moved,308.0,578.0,User17,,
1490181875805,Mouse Moved,309.0,574.0,User17,,
1490181875822,Mouse Moved,310.0,574.0,User17,,
1490181875823,Mouse Moved,310.0,573.0,User17,,
1490181875878,Mouse Moved,309.0,574.0,User17,,
1490181875905,Mouse Moved,309.0,575.0,User17,,
1490181875959,Mouse Moved,307.0,578.0,User17,,
1490181875960,Mouse Moved,305.0,580.0,User17,,
1490181875971,Mouse Moved,302.0,583.0,User17,,
1490181875990,Mouse Moved,301.0,585.0,User17,,
1490181875992,Mouse Moved,297.0,589.0,User17,,
1490181876009,Mouse Moved,296.0,590.0,User17,,
1490181876009,Mouse Moved,295.0,590.0,User17,,
1490181876068,Mouse Moved,295.0,591.0,User17,,
1490181876082,Mouse Moved,291.0,594.0,User17,,
1490181876098,Mouse Moved,288.0,595.0,User17,,
1490181876118,Mouse Moved,287.0,596.0,User17,,
1490181876168,Mouse Moved,287.0,597.0,User17,,
1490181876203,Mouse Moved,285.0,599.0,User17,,
1490181876233,Mouse Moved,283.0,600.0,User17,,
1490181876250,Mouse Moved,281.0,603.0,User17,,
1490181876265,Mouse Moved,280.0,603.0,User17,,
1490181876642,Mouse Moved,280.0,566.0,User17,,
1490181876665,Mouse Moved,265.0,499.0,User17,,
1490181876674,Mouse Moved,260.0,482.0,User17,,
1490181876696,Mouse Moved,249.0,451.0,User17,,
1490181876706,Mouse Moved,247.0,447.0,User17,,
1490181876719,Mouse Moved,246.0,444.0,User17,,
1490181876733,Mouse Moved,246.0,443.0,User17,,
1490181876749,Mouse Moved,244.0,440.0,User17,,
1490181876809,Mouse Moved,243.0,434.0,User17,,
1490181876825,Mouse Moved,235.0,413.0,User17,,
1490181876839,Mouse Moved,230.0,397.0,User17,,
1490181876859,Mouse Moved,229.0,389.0,User17,,
1490181876875,Mouse Moved,227.0,388.0,User17,,
1490181876884,Mouse Moved,226.0,384.0,User17,,
1490181876898,Mouse Moved,226.0,373.0,User17,,
1490181876914,Mouse Moved,224.0,354.0,User17,,
1490181876938,Mouse Moved,224.0,337.0,User17,,
1490181876947,Mouse Moved,224.0,336.0,User17,,
1490181876967,Mouse Moved,224.0,334.0,User17,,
1490181876983,Mouse Moved,224.0,332.0,User17,,
1490181876993,Mouse Moved,224.0,331.0,User17,,
1490181877023,Mouse Moved,224.0,327.0,User17,,
1490181877042,Mouse Moved,224.0,325.0,User17,,
1490181877065,Mouse Moved,224.0,324.0,User17,,
1490181877119,Mouse Moved,238.0,298.0,User17,,
1490181877130,Mouse Moved,240.0,294.0,User17,,
1490181877148,Mouse Moved,246.0,284.0,User17,,
1490181877158,Mouse Moved,247.0,282.0,User17,,
1490181877174,Mouse Moved,247.0,281.0,User17,,
1490181877188,Mouse Moved,247.0,280.0,User17,,
1490181877217,Mouse Moved,252.0,273.0,User17,,
1490181877236,Mouse Moved,261.0,257.0,User17,,
1490181877250,Mouse Moved,266.0,252.0,User17,,
1490181877263,Mouse Moved,270.0,245.0,User17,,
1490181877286,Mouse Moved,270.0,244.0,User17,,
1490181877296,Mouse Moved,271.0,243.0,User17,,
1490181877316,Mouse Moved,271.0,240.0,User17,,
1490181877346,Mouse Moved,277.0,232.0,User17,,
1490181877381,Mouse Moved,277.0,231.0,User17,,
1490181877397,Mouse Moved,276.0,231.0,User17,,
1490181877398,Mouse Moved,276.0,231.0,User17,,
1490181877496,Mouse Moved,276.0,231.0,User17,,
1490181877497,Mouse Button.left Released,276.0,231.0,User17,,
1490181877721,Mouse Moved,277.0,235.0,User17,,
1490181877732,Mouse Moved,277.0,242.0,User17,,
1490181877750,Mouse Moved,277.0,244.0,User17,,
1490181877762,Mouse Moved,277.0,248.0,User17,,
1490181877776,Mouse Moved,277.0,255.0,User17,,
1490181877793,Mouse Moved,275.0,262.0,User17,,
1490181877806,Mouse Moved,275.0,266.0,User17,,
1490181877822,Mouse Moved,275.0,269.0,User17,,
1490181877836,Mouse Moved,274.0,269.0,User17,,
1490181877858,Mouse Moved,274.0,270.0,User17,,
1490181877911,Mouse Moved,274.0,270.0,User17,,
1490181877913,Mouse Button.left Pressed,274.0,270.0,User17,,
1490181878012,Mouse Moved,274.0,270.0,User17,,
1490181878013,Mouse Button.left Released,274.0,270.0,User17,,
1490181878417,Mouse Moved,274.0,272.0,User17,,
1490181878436,Mouse Moved,274.0,273.0,User17,,
1490181878447,Mouse Moved,273.0,273.0,User17,,
1490181878663,Mouse Moved,274.0,274.0,User17,,
1490181878678,Mouse Moved,291.0,275.0,User17,,
1490181878688,Mouse Moved,310.0,278.0,User17,,
1490181878709,Mouse Moved,379.0,284.0,User17,,
1490181878723,Mouse Moved,423.0,289.0,User17,,
1490181878733,Mouse Moved,444.0,289.0,User17,,
1490181878747,Mouse Moved,475.0,291.0,User17,,
1490181878763,Mouse Moved,495.0,291.0,User17,,
1490181878782,Mouse Moved,504.0,292.0,User17,,
1490181878792,Mouse Moved,509.0,292.0,User17,,
1490181878819,Mouse Moved,515.0,292.0,User17,,
1490181878825,Mouse Moved,523.0,292.0,User17,,
1490181878839,Mouse Moved,536.0,292.0,User17,,
1490181878859,Mouse Moved,553.0,292.0,User17,,
1490181878869,Mouse Moved,565.0,292.0,User17,,
1490181878884,Mouse Moved,578.0,292.0,User17,,
1490181878907,Mouse Moved,588.0,292.0,User17,,
1490181878918,Mouse Moved,589.0,292.0,User17,,
1490181878933,Mouse Moved,590.0,292.0,User17,,
1490181878946,Mouse Moved,591.0,292.0,User17,,
1490181879020,Mouse Moved,592.0,292.0,User17,,
1490181879045,Mouse Moved,594.0,291.0,User17,,
1490181879075,Mouse Moved,596.0,291.0,User17,,
1490181879173,Mouse Moved,596.0,290.0,User17,,
1490181881941,Mouse Moved,587.0,290.0,User17,,
1490181881961,Mouse Moved,571.0,290.0,User17,,
1490181881963,Mouse Moved,546.0,290.0,User17,,
1490181881963,Mouse Moved,519.0,288.0,User17,,
1490181881973,Mouse Moved,489.0,285.0,User17,,
1490181881990,Mouse Moved,448.0,281.0,User17,,
1490181882000,Mouse Moved,430.0,279.0,User17,,
1490181882019,Mouse Moved,424.0,278.0,User17,,
1490181882020,Mouse Moved,423.0,278.0,User17,,
1490181882036,Mouse Moved,422.0,278.0,User17,,
1490181882045,Mouse Moved,420.0,277.0,User17,,
1490181882061,Mouse Moved,416.0,277.0,User17,,
1490181882075,Mouse Moved,412.0,275.0,User17,,
1490181882091,Mouse Moved,406.0,273.0,User17,,
1490181882092,Mouse Moved,400.0,273.0,User17,,
1490181882111,Mouse Moved,395.0,272.0,User17,,
1490181882111,Mouse Moved,391.0,272.0,User17,,
1490181882112,Mouse Moved,386.0,272.0,User17,,
1490181882121,Mouse Moved,385.0,271.0,User17,,
1490181882134,Mouse Moved,384.0,271.0,User17,,
1490181882135,Mouse Moved,381.0,271.0,User17,,
1490181882154,Mouse Moved,380.0,270.0,User17,,
1490181882165,Mouse Moved,378.0,270.0,User17,,
1490181882167,Mouse Moved,373.0,268.0,User17,,
1490181882186,Mouse Moved,372.0,268.0,User17,,
1490181882187,Mouse Moved,370.0,268.0,User17,,
1490181882194,Mouse Moved,365.0,267.0,User17,,
1490181882196,Mouse Moved,363.0,267.0,User17,,
1490181882214,Mouse Moved,361.0,267.0,User17,,
1490181882216,Mouse Moved,359.0,267.0,User17,,
1490181882226,Mouse Moved,356.0,265.0,User17,,
1490181882240,Mouse Moved,352.0,265.0,User17,,
1490181882240,Mouse Moved,349.0,265.0,User17,,
1490181882260,Mouse Moved,347.0,265.0,User17,,
1490181882262,Mouse Moved,345.0,265.0,User17,,
1490181882263,Mouse Moved,344.0,265.0,User17,,
1490181882270,Mouse Moved,343.0,265.0,User17,,
1490181882295,Mouse Moved,341.0,265.0,User17,,
1490181882299,Mouse Moved,336.0,264.0,User17,,
1490181882315,Mouse Moved,330.0,264.0,User17,,
1490181882316,Mouse Moved,326.0,264.0,User17,,
1490181882328,Mouse Moved,319.0,264.0,User17,,
1490181882329,Mouse Moved,315.0,264.0,User17,,
1490181882345,Mouse Moved,312.0,264.0,User17,,
1490181882345,Mouse Moved,308.0,264.0,User17,,
1490181882365,Mouse Moved,307.0,264.0,User17,,
1490181882365,Mouse Moved,303.0,264.0,User17,,
1490181882375,Mouse Moved,302.0,264.0,User17,,
1490181882568,Mouse Moved,300.0,269.0,User17,,
1490181882575,Mouse Moved,300.0,274.0,User17,,
1490181882575,Mouse Moved,300.0,278.0,User17,,
1490181882595,Mouse Moved,302.0,289.0,User17,,
1490181882596,Mouse Moved,304.0,293.0,User17,,
1490181882605,Mouse Moved,307.0,302.0,User17,,
1490181882618,Mouse Moved,309.0,306.0,User17,,
1490181882619,Mouse Moved,312.0,311.0,User17,,
1490181882634,Mouse Moved,313.0,315.0,User17,,
1490181882634,Mouse Moved,316.0,322.0,User17,,
1490181882655,Mouse Moved,321.0,325.0,User17,,
1490181882657,Mouse Moved,322.0,328.0,User17,,
1490181882657,Mouse Moved,325.0,329.0,User17,,
1490181882665,Mouse Moved,332.0,331.0,User17,,
1490181882678,Mouse Moved,338.0,332.0,User17,,
1490181882680,Mouse Moved,342.0,332.0,User17,,
1490181882703,Mouse Moved,350.0,332.0,User17,,
1490181882703,Mouse Moved,362.0,332.0,User17,,
1490181882710,Mouse Moved,373.0,332.0,User17,,
1490181882711,Mouse Moved,386.0,332.0,User17,,
1490181882723,Mouse Moved,403.0,330.0,User17,,
1490181882724,Mouse Moved,422.0,330.0,User17,,
1490181882740,Mouse Moved,456.0,326.0,User17,,
1490181882760,Mouse Moved,484.0,320.0,User17,,
1490181882772,Mouse Moved,501.0,316.0,User17,,
1490181882783,Mouse Moved,516.0,312.0,User17,,
1490181882785,Mouse Moved,533.0,307.0,User17,,
1490181882799,Mouse Moved,547.0,303.0,User17,,
1490181882801,Mouse Moved,564.0,299.0,User17,,
1490181882813,Mouse Moved,581.0,295.0,User17,,
1490181882813,Mouse Moved,593.0,291.0,User17,,
1490181882831,Mouse Moved,602.0,289.0,User17,,
1490181882832,Mouse Moved,611.0,285.0,User17,,
1490181882849,Mouse Moved,615.0,284.0,User17,,
1490181882851,Mouse Moved,620.0,281.0,User17,,
1490181882851,Mouse Moved,624.0,279.0,User17,,
1490181882871,Mouse Moved,626.0,279.0,User17,,
1490181882871,Mouse Moved,627.0,278.0,User17,,
1490181882894,Mouse Moved,628.0,277.0,User17,,
1490181882904,Mouse Moved,629.0,276.0,User17,,
1490181883299,Mouse Moved,625.0,277.0,User17,,
1490181883309,Mouse Moved,622.0,277.0,User17,,
1490181883325,Mouse Moved,620.0,279.0,User17,,
1490181883326,Mouse Moved,618.0,279.0,User17,,
1490181883339,Mouse Moved,616.0,280.0,User17,,
1490181883341,Mouse Moved,615.0,280.0,User17,,
1490181883354,Mouse Moved,612.0,281.0,User17,,
1490181883368,Mouse Moved,608.0,282.0,User17,,
1490181883391,Mouse Moved,606.0,282.0,User17,,
1490181883401,Mouse Moved,605.0,282.0,User17,,
1490181883469,Mouse Moved,604.0,282.0,User17,,
1490181883697,Mouse Moved,603.0,282.0,User17,,
1490181883707,Mouse Moved,601.0,282.0,User17,,
1490181883726,Mouse Moved,600.0,282.0,User17,,
1490181883750,Mouse Moved,599.0,282.0,User17,,
1490181883773,Mouse Moved,598.0,282.0,User17,,
1490181883796,Mouse Moved,597.0,282.0,User17,,
1490181883838,Mouse Moved,596.0,282.0,User17,,
1490181883891,Mouse Moved,593.0,282.0,User17,,
1490181883900,Mouse Moved,592.0,283.0,User17,,
1490181884227,Mouse Moved,592.0,283.0,User17,,
1490181884230,Mouse Button.left Pressed,592.0,283.0,User17,,
1490181884309,Mouse Moved,592.0,283.0,User17,,
1490181884311,Mouse Button.left Released,592.0,283.0,User17,,
1490181884474,Mouse Moved,592.0,283.0,User17,,
1490181884476,Mouse Button.left Pressed,592.0,283.0,User17,,
1490181884523,Mouse Moved,592.0,283.0,User17,,
1490181884539,Mouse Button.left Released,592.0,283.0,User17,,
1490181886134,Mouse Moved,607.0,273.0,User17,,
1490181886134,Mouse Moved,617.0,267.0,User17,,
1490181886135,Mouse Moved,632.0,259.0,User17,,
1490181886137,Mouse Moved,647.0,250.0,User17,,
1490181886138,Mouse Moved,664.0,244.0,User17,,
1490181886138,Mouse Moved,684.0,235.0,User17,,
1490181886140,Mouse Moved,701.0,229.0,User17,,
1490181886141,Mouse Moved,721.0,222.0,User17,,
1490181886171,Mouse Moved,738.0,216.0,User17,,
1490181886174,Mouse Moved,752.0,212.0,User17,,
1490181886174,Mouse Moved,767.0,207.0,User17,,
1490181886174,Mouse Moved,774.0,204.0,User17,,
1490181886176,Mouse Moved,778.0,203.0,User17,,
1490181886178,Mouse Moved,783.0,201.0,User17,,
1490181886180,Mouse Moved,784.0,200.0,User17,,
1490181886203,Mouse Moved,785.0,199.0,User17,,
1490181886204,Mouse Moved,787.0,197.0,User17,,
1490181886394,Mouse Moved,781.0,199.0,User17,,
1490181886394,Mouse Moved,778.0,200.0,User17,,
1490181886395,Mouse Moved,776.0,200.0,User17,,
1490181886407,Mouse Moved,775.0,200.0,User17,,
1490181886430,Mouse Moved,773.0,202.0,User17,,
1490181886430,Mouse Moved,772.0,202.0,User17,,
1490181886440,Mouse Moved,770.0,203.0,User17,,
1490181886470,Mouse Moved,768.0,203.0,User17,,
1490181886490,Mouse Moved,766.0,204.0,User17,,
1490181886513,Mouse Moved,763.0,206.0,User17,,
1490181886528,Mouse Moved,760.0,207.0,User17,,
1490181886542,Mouse Moved,759.0,207.0,User17,,
1490181886561,Mouse Moved,758.0,207.0,User17,,
1490181886910,Mouse Moved,757.0,208.0,User17,,
1490181886933,Mouse Moved,752.0,209.0,User17,,
1490181886947,Mouse Moved,750.0,211.0,User17,,
1490181886974,Mouse Moved,748.0,211.0,User17,,
1490181886977,Mouse Moved,747.0,212.0,User17,,
1490181887010,Mouse Moved,746.0,212.0,User17,,
1490181887257,Mouse Moved,746.0,211.0,User17,,
1490181887259,Mouse Moved,746.0,211.0,User17,,
1490181887349,Mouse Moved,746.0,213.0,User17,,
1490181887365,Mouse Moved,746.0,214.0,User17,,
1490181887391,Mouse Moved,746.0,223.0,User17,,
1490181887397,Mouse Moved,746.0,227.0,User17,,
1490181887404,Mouse Moved,747.0,229.0,User17,,
1490181887413,Mouse Moved,747.0,231.0,User17,,
1490181887418,Mouse Moved,747.0,234.0,User17,,
1490181887430,Mouse Moved,747.0,235.0,User17,,
1490181887436,Mouse Moved,747.0,236.0,User17,,
1490181887443,Mouse Moved,748.0,239.0,User17,,
1490181887476,Mouse Moved,748.0,240.0,User17,,
1490181887520,Mouse Moved,748.0,241.0,User17,,
1490181887539,Mouse Moved,748.0,242.0,User17,,
1490181887561,Mouse Moved,748.0,245.0,User17,,
1490181887601,Mouse Moved,748.0,246.0,User17,,
1490181887615,Mouse Moved,748.0,247.0,User17,,
1490181887641,Mouse Moved,748.0,248.0,User17,,
1490181887694,Mouse Moved,748.0,249.0,User17,,
1490181887716,Mouse Moved,749.0,249.0,User17,,
1490181887733,Mouse Moved,749.0,252.0,User17,,
1490181887756,Mouse Moved,749.0,253.0,User17,,
1490181887802,Mouse Moved,749.0,254.0,User17,,
1490181887802,Mouse Moved,749.0,255.0,User17,,
1490181887818,Mouse Moved,749.0,256.0,User17,,
1490181887836,Mouse Moved,749.0,259.0,User17,,
1490181887855,Mouse Moved,751.0,262.0,User17,,
1490181887871,Mouse Moved,751.0,263.0,User17,,
1490181887894,Mouse Moved,751.0,265.0,User17,,
1490181887911,Mouse Moved,752.0,268.0,User17,,
1490181887934,Mouse Moved,752.0,271.0,User17,,
1490181887940,Mouse Moved,752.0,273.0,User17,,
1490181887957,Mouse Moved,753.0,275.0,User17,,
1490181887973,Mouse Moved,753.0,277.0,User17,,
1490181887990,Mouse Moved,753.0,278.0,User17,,
1490181887996,Mouse Moved,753.0,281.0,User17,,
1490181888012,Mouse Moved,755.0,283.0,User17,,
1490181888029,Mouse Moved,755.0,286.0,User17,,
1490181888036,Mouse Moved,756.0,289.0,User17,,
1490181888052,Mouse Moved,756.0,290.0,User17,,
1490181888059,Mouse Moved,756.0,293.0,User17,,
1490181888066,Mouse Moved,757.0,295.0,User17,,
1490181888072,Mouse Moved,757.0,296.0,User17,,
1490181888092,Mouse Moved,757.0,299.0,User17,,
1490181888105,Mouse Moved,757.0,300.0,User17,,
1490181888121,Mouse Moved,759.0,303.0,User17,,
1490181888138,Mouse Moved,759.0,304.0,User17,,
1490181888151,Mouse Moved,759.0,306.0,User17,,
1490181888167,Mouse Moved,760.0,309.0,User17,,
1490181888176,Mouse Moved,760.0,312.0,User17,,
1490181888191,Mouse Moved,760.0,313.0,User17,,
1490181888207,Mouse Moved,760.0,315.0,User17,,
1490181888220,Mouse Moved,761.0,317.0,User17,,
1490181888236,Mouse Moved,761.0,319.0,User17,,
1490181888253,Mouse Moved,761.0,322.0,User17,,
1490181888262,Mouse Moved,763.0,324.0,User17,,
1490181888276,Mouse Moved,763.0,327.0,User17,,
1490181888285,Mouse Moved,763.0,328.0,User17,,
1490181888292,Mouse Moved,764.0,331.0,User17,,
1490181888302,Mouse Moved,764.0,333.0,User17,,
1490181888306,Mouse Moved,764.0,336.0,User17,,
1490181888315,Mouse Moved,765.0,339.0,User17,,
1490181888323,Mouse Moved,765.0,340.0,User17,,
1490181888331,Mouse Moved,765.0,342.0,User17,,
1490181888338,Mouse Moved,767.0,344.0,User17,,
1490181888348,Mouse Moved,767.0,346.0,User17,,
1490181888355,Mouse Moved,767.0,349.0,User17,,
1490181888368,Mouse Moved,768.0,350.0,User17,,
1490181888369,Mouse Moved,768.0,352.0,User17,,
1490181888377,Mouse Moved,768.0,354.0,User17,,
1490181888384,Mouse Moved,769.0,356.0,User17,,
1490181888404,Mouse Moved,769.0,359.0,User17,,
1490181888408,Mouse Moved,769.0,360.0,User17,,
1490181888418,Mouse Moved,770.0,362.0,User17,,
1490181888427,Mouse Moved,770.0,365.0,User17,,
1490181888438,Mouse Moved,770.0,366.0,User17,,
1490181888447,Mouse Moved,772.0,369.0,User17,,
1490181888456,Mouse Moved,772.0,371.0,User17,,
1490181888464,Mouse Moved,772.0,373.0,User17,,
1490181888471,Mouse Moved,773.0,375.0,User17,,
1490181888486,Mouse Moved,773.0,378.0,User17,,
1490181888500,Mouse Moved,774.0,379.0,User17,,
1490181888500,Mouse Moved,774.0,381.0,User17,,
1490181888509,Mouse Moved,775.0,384.0,User17,,
1490181888517,Mouse Moved,775.0,387.0,User17,,
1490181888526,Mouse Moved,775.0,388.0,User17,,
1490181888532,Mouse Moved,777.0,391.0,User17,,
1490181888540,Mouse Moved,777.0,393.0,User17,,
1490181888549,Mouse Moved,777.0,394.0,User17,,
1490181888558,Mouse Moved,778.0,397.0,User17,,
1490181888566,Mouse Moved,778.0,400.0,User17,,
1490181888572,Mouse Moved,779.0,402.0,User17,,
1490181888579,Mouse Moved,779.0,405.0,User17,,
1490181888586,Mouse Moved,781.0,409.0,User17,,
1490181888595,Mouse Moved,781.0,411.0,User17,,
1490181888602,Mouse Moved,782.0,416.0,User17,,
1490181888611,Mouse Moved,782.0,419.0,User17,,
1490181888618,Mouse Moved,784.0,423.0,User17,,
1490181888627,Mouse Moved,784.0,426.0,User17,,
1490181888634,Mouse Moved,785.0,427.0,User17,,
1490181888642,Mouse Moved,785.0,431.0,User17,,
1490181888650,Mouse Moved,785.0,434.0,User17,,
1490181888657,Mouse Moved,786.0,435.0,User17,,
1490181888664,Mouse Moved,786.0,437.0,User17,,
1490181888673,Mouse Moved,786.0,438.0,User17,,
1490181888681,Mouse Moved,787.0,441.0,User17,,
1490181888697,Mouse Moved,787.0,442.0,User17,,
1490181888704,Mouse Moved,787.0,445.0,User17,,
1490181888714,Mouse Moved,789.0,447.0,User17,,
1490181888726,Mouse Moved,790.0,452.0,User17,,
1490181888744,Mouse Moved,790.0,455.0,User17,,
1490181888750,Mouse Moved,790.0,457.0,User17,,
1490181888759,Mouse Moved,791.0,458.0,User17,,
1490181888766,Mouse Moved,791.0,461.0,User17,,
1490181888775,Mouse Moved,793.0,462.0,User17,,
1490181888782,Mouse Moved,793.0,464.0,User17,,
1490181888790,Mouse Moved,794.0,467.0,User17,,
1490181888805,Mouse Moved,794.0,472.0,User17,,
1490181888821,Mouse Moved,795.0,474.0,User17,,
1490181888828,Mouse Moved,795.0,477.0,User17,,
1490181888836,Mouse Moved,795.0,480.0,User17,,
1490181888848,Mouse Moved,795.0,481.0,User17,,
1490181888854,Mouse Moved,797.0,483.0,User17,,
1490181888861,Mouse Moved,797.0,485.0,User17,,
1490181888868,Mouse Moved,797.0,487.0,User17,,
1490181888884,Mouse Moved,798.0,488.0,User17,,
1490181888891,Mouse Moved,798.0,491.0,User17,,
1490181888901,Mouse Moved,799.0,493.0,User17,,
1490181888917,Mouse Moved,799.0,495.0,User17,,
1490181888923,Mouse Moved,799.0,497.0,User17,,
1490181888940,Mouse Moved,799.0,498.0,User17,,
1490181888944,Mouse Moved,801.0,501.0,User17,,
1490181888961,Mouse Moved,801.0,503.0,User17,,
1490181888969,Mouse Moved,801.0,506.0,User17,,
1490181888976,Mouse Moved,802.0,507.0,User17,,
1490181888993,Mouse Moved,802.0,510.0,User17,,
1490181889002,Mouse Moved,802.0,511.0,User17,,
1490181889009,Mouse Moved,802.0,513.0,User17,,
1490181889023,Mouse Moved,803.0,514.0,User17,,
1490181889039,Mouse Moved,803.0,516.0,User17,,
1490181889065,Mouse Moved,803.0,517.0,User17,,
1490181889085,Mouse Moved,803.0,519.0,User17,,
1490181889101,Mouse Moved,804.0,520.0,User17,,
1490181889125,Mouse Moved,804.0,522.0,User17,,
1490181889164,Mouse Moved,804.0,523.0,User17,,
1490181889242,Mouse Moved,804.0,524.0,User17,,
1490181890114,Mouse Moved,801.0,520.0,User17,,
1490181890121,Mouse Moved,798.0,513.0,User17,,
1490181890130,Mouse Moved,798.0,511.0,User17,,
1490181890138,Mouse Moved,795.0,506.0,User17,,
1490181890154,Mouse Moved,795.0,504.0,User17,,
1490181890155,Mouse Moved,793.0,499.0,User17,,
1490181890161,Mouse Moved,792.0,495.0,User17,,
1490181890170,Mouse Moved,790.0,488.0,User17,,
1490181890178,Mouse Moved,790.0,484.0,User17,,
1490181890183,Mouse Moved,789.0,479.0,User17,,
1490181890191,Mouse Moved,789.0,477.0,User17,,
1490181890200,Mouse Moved,787.0,472.0,User17,,
1490181890207,Mouse Moved,786.0,466.0,User17,,
1490181890216,Mouse Moved,786.0,462.0,User17,,
1490181890223,Mouse Moved,784.0,455.0,User17,,
1490181890232,Mouse Moved,783.0,451.0,User17,,
1490181890240,Mouse Moved,783.0,446.0,User17,,
1490181890249,Mouse Moved,781.0,436.0,User17,,
1490181890255,Mouse Moved,781.0,432.0,User17,,
1490181890262,Mouse Moved,781.0,423.0,User17,,
1490181890269,Mouse Moved,780.0,419.0,User17,,
1490181890276,Mouse Moved,780.0,411.0,User17,,
1490181890289,Mouse Moved,780.0,405.0,User17,,
1490181890293,Mouse Moved,778.0,396.0,User17,,
1490181890302,Mouse Moved,778.0,385.0,User17,,
1490181890309,Mouse Moved,778.0,374.0,User17,,
1490181890316,Mouse Moved,776.0,365.0,User17,,
1490181890325,Mouse Moved,776.0,357.0,User17,,
1490181890331,Mouse Moved,776.0,348.0,User17,,
1490181890339,Mouse Moved,774.0,342.0,User17,,
1490181890349,Mouse Moved,774.0,333.0,User17,,
1490181890355,Mouse Moved,774.0,325.0,User17,,
1490181890364,Mouse Moved,773.0,316.0,User17,,
1490181890371,Mouse Moved,773.0,308.0,User17,,
1490181890378,Mouse Moved,773.0,303.0,User17,,
1490181890387,Mouse Moved,771.0,295.0,User17,,
1490181890395,Mouse Moved,771.0,286.0,User17,,
1490181890401,Mouse Moved,769.0,277.0,User17,,
1490181890413,Mouse Moved,769.0,269.0,User17,,
1490181890417,Mouse Moved,769.0,261.0,User17,,
1490181890460,Mouse Moved,768.0,254.0,User17,,
1490181890461,Mouse Moved,768.0,248.0,User17,,
1490181890463,Mouse Moved,768.0,242.0,User17,,
1490181890463,Mouse Moved,766.0,234.0,User17,,
1490181890464,Mouse Moved,766.0,225.0,User17,,
1490181890464,Mouse Moved,766.0,221.0,User17,,
1490181890473,Mouse Moved,764.0,212.0,User17,,
1490181890480,Mouse Moved,764.0,208.0,User17,,
1490181890486,Mouse Moved,764.0,204.0,User17,,
1490181890499,Mouse Moved,763.0,195.0,User17,,
1490181890503,Mouse Moved,763.0,192.0,User17,,
1490181890516,Mouse Moved,763.0,188.0,User17,,
1490181890519,Mouse Moved,761.0,184.0,User17,,
1490181890526,Mouse Moved,761.0,181.0,User17,,
1490181890536,Mouse Moved,760.0,176.0,User17,,
1490181890549,Mouse Moved,760.0,174.0,User17,,
1490181890552,Mouse Moved,760.0,169.0,User17,,
1490181890556,Mouse Moved,758.0,163.0,User17,,
1490181890565,Mouse Moved,758.0,162.0,User17,,
1490181890575,Mouse Moved,757.0,157.0,User17,,
1490181890581,Mouse Moved,757.0,155.0,User17,,
1490181890595,Mouse Moved,757.0,151.0,User17,,
1490181890601,Mouse Moved,755.0,145.0,User17,,
1490181890605,Mouse Moved,754.0,142.0,User17,,
1490181890618,Mouse Moved,752.0,138.0,User17,,
1490181890625,Mouse Moved,752.0,134.0,User17,,
1490181890627,Mouse Moved,751.0,132.0,User17,,
1490181890637,Mouse Moved,751.0,130.0,User17,,
1490181890644,Mouse Moved,750.0,125.0,User17,,
1490181890667,Mouse Moved,750.0,123.0,User17,,
1490181890668,Mouse Moved,748.0,122.0,User17,,
1490181890670,Mouse Moved,748.0,119.0,User17,,
1490181890680,Mouse Moved,748.0,118.0,User17,,
1490181890684,Mouse Moved,747.0,115.0,User17,,
1490181890691,Mouse Moved,747.0,113.0,User17,,
1490181890697,Mouse Moved,747.0,112.0,User17,,
1490181890713,Mouse Moved,746.0,109.0,User17,,
1490181890721,Mouse Moved,746.0,108.0,User17,,
1490181890736,Mouse Moved,746.0,107.0,User17,,
1490181891230,Mouse Moved,746.0,107.0,User17,,
1490181891369,Mouse Moved,743.0,101.0,User17,,
1490181891394,Mouse Moved,740.0,89.0,User17,,
1490181891414,Mouse Moved,737.0,83.0,User17,,
1490181891417,Mouse Moved,731.0,69.0,User17,,
1490181891430,Mouse Moved,727.0,58.0,User17,,
1490181891446,Mouse Moved,725.0,52.0,User17,,
1490181891460,Mouse Moved,722.0,48.0,User17,,
1490181891476,Mouse Moved,721.0,41.0,User17,,
1490181891490,Mouse Moved,721.0,40.0,User17,,
1490181891506,Mouse Moved,720.0,36.0,User17,,
1490181891526,Mouse Moved,719.0,35.0,User17,,
1490181891536,Mouse Moved,718.0,34.0,User17,,
1490181891549,Mouse Moved,718.0,33.0,User17,,
1490181891582,Mouse Moved,718.0,32.0,User17,,
1490181891605,Mouse Moved,716.0,31.0,User17,,
1490181891611,Mouse Moved,715.0,29.0,User17,,
1490181891640,Mouse Moved,714.0,27.0,User17,,
1490181891657,Mouse Moved,713.0,26.0,User17,,
1490181891970,Mouse Moved,714.0,27.0,User17,,
1490181891989,Mouse Moved,715.0,29.0,User17,,
1490181892019,Mouse Moved,716.0,31.0,User17,,
1490181892036,Mouse Moved,718.0,33.0,User17,,
1490181892046,Mouse Moved,721.0,36.0,User17,,
1490181892061,Mouse Moved,722.0,39.0,User17,,
1490181892075,Mouse Moved,722.0,40.0,User17,,
1490181892105,Mouse Moved,723.0,41.0,User17,,
1490181892121,Mouse Moved,723.0,42.0,User17,,
1490181892165,Mouse Moved,723.0,44.0,User17,,
1490181892183,Mouse Moved,726.0,42.0,User17,,
1490181892196,Mouse Moved,727.0,41.0,User17,,
1490181892210,Mouse Moved,728.0,41.0,User17,,
1490181892240,Mouse Moved,729.0,40.0,User17,,
1490181892256,Mouse Moved,730.0,39.0,User17,,
1490181892286,Mouse Moved,732.0,36.0,User17,,
1490181892299,Mouse Moved,734.0,35.0,User17,,
1490181892316,Mouse Moved,736.0,34.0,User17,,
1490181892335,Mouse Moved,738.0,31.0,User17,,
1490181892367,Mouse Moved,738.0,30.0,User17,,
1490181892375,Mouse Moved,741.0,27.0,User17,,
1490181892391,Mouse Moved,742.0,24.0,User17,,
1490181892417,Mouse Moved,743.0,23.0,User17,,
1490181892426,Mouse Moved,743.0,22.0,User17,,
1490181892446,Mouse Moved,743.0,21.0,User17,,
1490181892467,Mouse Moved,743.0,20.0,User17,,
1490181892483,Mouse Moved,745.0,19.0,User17,,
1490181893851,Mouse Moved,745.0,20.0,User17,,
1490181893868,Mouse Moved,743.0,21.0,User17,,
1490181894841,Mouse Moved,743.0,25.0,User17,,
1490181894849,Mouse Moved,743.0,42.0,User17,,
1490181894869,Mouse Moved,746.0,99.0,User17,,
1490181894880,Mouse Moved,752.0,136.0,User17,,
1490181894894,Mouse Moved,756.0,153.0,User17,,
1490181894915,Mouse Moved,760.0,167.0,User17,,
1490181894917,Mouse Moved,764.0,181.0,User17,,
1490181894917,Mouse Moved,771.0,193.0,User17,,
1490181894924,Mouse Moved,774.0,203.0,User17,,
1490181894940,Mouse Moved,778.0,209.0,User17,,
1490181894941,Mouse Moved,781.0,219.0,User17,,
1490181894960,Mouse Moved,787.0,228.0,User17,,
1490181894961,Mouse Moved,791.0,238.0,User17,,
1490181894963,Mouse Moved,796.0,247.0,User17,,
1490181894970,Mouse Moved,800.0,252.0,User17,,
1490181894983,Mouse Moved,805.0,261.0,User17,,
1490181894984,Mouse Moved,811.0,270.0,User17,,
1490181895006,Mouse Moved,812.0,275.0,User17,,
1490181895006,Mouse Moved,820.0,288.0,User17,,
1490181895007,Mouse Moved,823.0,295.0,User17,,
1490181895013,Mouse Moved,826.0,301.0,User17,,
1490181895029,Mouse Moved,832.0,308.0,User17,,
1490181895029,Mouse Moved,835.0,315.0,User17,,
1490181895043,Mouse Moved,838.0,320.0,User17,,
1490181895061,Mouse Moved,840.0,324.0,User17,,
1490181895062,Mouse Moved,843.0,329.0,User17,,
1490181895082,Mouse Moved,846.0,334.0,User17,,
1490181895084,Mouse Moved,847.0,335.0,User17,,
1490181895085,Mouse Moved,848.0,337.0,User17,,
1490181895091,Mouse Moved,850.0,340.0,User17,,
1490181895107,Mouse Moved,851.0,341.0,User17,,
1490181895108,Mouse Moved,852.0,342.0,User17,,
1490181895125,Mouse Moved,853.0,345.0,User17,,
1490181895127,Mouse Moved,855.0,348.0,User17,,
1490181895128,Mouse Moved,856.0,349.0,User17,,
1490181895135,Mouse Moved,857.0,350.0,User17,,
1490181895155,Mouse Moved,857.0,351.0,User17,,
1490181895186,Mouse Moved,858.0,351.0,User17,,
1490181895289,Mouse Moved,859.0,350.0,User17,,
1490181895302,Mouse Moved,861.0,346.0,User17,,
1490181895316,Mouse Moved,864.0,341.0,User17,,
1490181895318,Mouse Moved,865.0,340.0,User17,,
1490181895331,Mouse Moved,866.0,338.0,User17,,
1490181895332,Mouse Moved,867.0,337.0,User17,,
1490181895349,Mouse Moved,867.0,334.0,User17,,
1490181895351,Mouse Moved,869.0,333.0,User17,,
1490181895351,Mouse Moved,870.0,332.0,User17,,
1490181895384,Mouse Moved,870.0,331.0,User17,,
1490181895385,Mouse Moved,870.0,329.0,User17,,
1490181895387,Mouse Moved,870.0,329.0,User17,,
1490181895388,Mouse Button.left Pressed,870.0,329.0,User17,,
1490181895496,Mouse Moved,870.0,330.0,User17,,
1490181895497,Mouse Moved,870.0,330.0,User17,,
1490181895499,Mouse Button.left Released,870.0,330.0,User17,,
1490181896240,Mouse Moved,866.0,331.0,User17,,
1490181896242,Mouse Moved,851.0,331.0,User17,,
1490181896260,Mouse Moved,829.0,331.0,User17,,
1490181896262,Mouse Moved,796.0,331.0,User17,,
1490181896263,Mouse Moved,769.0,331.0,User17,,
1490181896270,Mouse Moved,731.0,328.0,User17,,
1490181896290,Mouse Moved,701.0,326.0,User17,,
1490181896292,Mouse Moved,674.0,324.0,User17,,
1490181896292,Mouse Moved,643.0,319.0,User17,,
1490181896301,Mouse Moved,626.0,315.0,User17,,
1490181896315,Mouse Moved,605.0,307.0,User17,,
1490181896329,Mouse Moved,600.0,306.0,User17,,
1490181896345,Mouse Moved,593.0,303.0,User17,,
1490181896359,Mouse Moved,579.0,297.0,User17,,
1490181896381,Mouse Moved,566.0,291.0,User17,,
1490181896382,Mouse Moved,552.0,285.0,User17,,
1490181896391,Mouse Moved,534.0,278.0,User17,,
1490181896404,Mouse Moved,520.0,272.0,User17,,
1490181896405,Mouse Moved,503.0,266.0,User17,,
1490181896427,Mouse Moved,496.0,262.0,User17,,
1490181896427,Mouse Moved,481.0,258.0,User17,,
1490181896428,Mouse Moved,477.0,255.0,User17,,
1490181896437,Mouse Moved,470.0,252.0,User17,,
1490181896459,Mouse Moved,461.0,250.0,User17,,
1490181896460,Mouse Moved,457.0,249.0,User17,,
1490181896470,Mouse Moved,451.0,247.0,User17,,
1490181896471,Mouse Moved,442.0,245.0,User17,,
1490181896473,Mouse Moved,437.0,244.0,User17,,
1490181896480,Mouse Moved,433.0,244.0,User17,,
1490181896500,Mouse Moved,425.0,244.0,User17,,
1490181896502,Mouse Moved,418.0,242.0,User17,,
1490181896503,Mouse Moved,410.0,242.0,User17,,
1490181896513,Mouse Moved,401.0,242.0,User17,,
1490181896525,Mouse Moved,397.0,242.0,User17,,
1490181896526,Mouse Moved,393.0,242.0,User17,,
1490181896539,Mouse Moved,388.0,242.0,User17,,
1490181896559,Mouse Moved,387.0,242.0,User17,,
1490181896559,Mouse Moved,382.0,242.0,User17,,
1490181896569,Mouse Moved,379.0,242.0,User17,,
1490181896569,Mouse Moved,375.0,242.0,User17,,
1490181896589,Mouse Moved,364.0,242.0,User17,,
1490181896591,Mouse Moved,360.0,242.0,User17,,
1490181896608,Mouse Moved,352.0,240.0,User17,,
1490181896608,Mouse Moved,345.0,240.0,User17,,
1490181896609,Mouse Moved,339.0,240.0,User17,,
1490181896618,Mouse Moved,335.0,240.0,User17,,
1490181896619,Mouse Moved,331.0,240.0,User17,,
1490181896631,Mouse Moved,326.0,240.0,User17,,
1490181896632,Mouse Moved,325.0,240.0,User17,,
1490181896653,Mouse Moved,320.0,240.0,User17,,
1490181896654,Mouse Moved,319.0,240.0,User17,,
1490181896663,Mouse Moved,315.0,240.0,User17,,
1490181896677,Mouse Moved,312.0,240.0,User17,,
1490181896677,Mouse Moved,306.0,242.0,User17,,
1490181896691,Mouse Moved,305.0,242.0,User17,,
1490181896693,Mouse Moved,299.0,242.0,User17,,
1490181896710,Mouse Moved,295.0,242.0,User17,,
1490181896711,Mouse Moved,289.0,242.0,User17,,
1490181896713,Mouse Moved,284.0,242.0,User17,,
1490181896721,Mouse Moved,283.0,242.0,User17,,
1490181896736,Mouse Moved,282.0,242.0,User17,,
1490181896736,Mouse Moved,281.0,242.0,User17,,
1490181896788,Mouse Moved,281.0,241.0,User17,,
1490181896789,Mouse Moved,281.0,241.0,User17,,
1490181896790,Mouse Button.left Pressed,281.0,241.0,User17,,
1490181896890,Mouse Moved,281.0,241.0,User17,,
1490181896891,Mouse Button.left Released,281.0,241.0,User17,,
1490181897040,Mouse Moved,281.0,246.0,User17,,
1490181897042,Mouse Moved,281.0,247.0,User17,,
1490181897055,Mouse Moved,279.0,250.0,User17,,
1490181897056,Mouse Moved,279.0,254.0,User17,,
1490181897072,Mouse Moved,279.0,257.0,User17,,
1490181897072,Mouse Moved,279.0,258.0,User17,,
1490181897085,Mouse Moved,278.0,260.0,User17,,
1490181897086,Mouse Moved,278.0,262.0,User17,,
1490181897109,Mouse Moved,278.0,265.0,User17,,
1490181897118,Mouse Moved,278.0,266.0,User17,,
1490181897132,Mouse Moved,277.0,268.0,User17,,
1490181897161,Mouse Moved,277.0,270.0,User17,,
1490181897177,Mouse Moved,277.0,273.0,User17,,
1490181897207,Mouse Moved,276.0,275.0,User17,,
1490181897223,Mouse Moved,274.0,281.0,User17,,
1490181897236,Mouse Moved,274.0,282.0,User17,,
1490181897255,Mouse Moved,274.0,283.0,User17,,
1490181897325,Mouse Moved,274.0,283.0,User17,,
1490181897328,Mouse Button.left Pressed,274.0,283.0,User17,,
1490181897444,Mouse Moved,274.0,283.0,User17,,
1490181897703,Mouse Moved,273.0,282.0,User17,,
1490181897717,Mouse Moved,268.0,266.0,User17,,
1490181897740,Mouse Moved,266.0,229.0,User17,,
1490181897750,Mouse Moved,266.0,218.0,User17,,
1490181897763,Mouse Moved,274.0,192.0,User17,,
1490181897786,Mouse Moved,287.0,166.0,User17,,
1490181897795,Mouse Moved,292.0,157.0,User17,,
1490181897811,Mouse Moved,299.0,148.0,User17,,
1490181897825,Mouse Moved,307.0,137.0,User17,,
1490181897841,Mouse Moved,309.0,135.0,User17,,
1490181897842,Mouse Moved,314.0,130.0,User17,,
1490181897861,Mouse Moved,316.0,128.0,User17,,
1490181897861,Mouse Moved,318.0,126.0,User17,,
1490181897875,Mouse Moved,320.0,123.0,User17,,
1490181897877,Mouse Moved,324.0,119.0,User17,,
1490181897885,Mouse Moved,326.0,116.0,User17,,
1490181897905,Mouse Moved,327.0,113.0,User17,,
1490181897907,Mouse Moved,330.0,112.0,User17,,
1490181897907,Mouse Moved,331.0,109.0,User17,,
1490181897921,Mouse Moved,333.0,108.0,User17,,
1490181897936,Mouse Moved,334.0,105.0,User17,,
1490181897937,Mouse Moved,337.0,102.0,User17,,
1490181897937,Mouse Moved,338.0,101.0,User17,,
1490181897948,Mouse Moved,341.0,98.0,User17,,
1490181897961,Mouse Moved,342.0,97.0,User17,,
1490181897963,Mouse Moved,344.0,96.0,User17,,
1490181897976,Mouse Moved,345.0,95.0,User17,,
1490181897997,Mouse Moved,347.0,94.0,User17,,
1490181897999,Mouse Moved,348.0,94.0,User17,,
1490181898026,Mouse Moved,349.0,93.0,User17,,
1490181898134,Mouse Moved,349.0,91.0,User17,,
1490181898187,Mouse Moved,334.0,91.0,User17,,
1490181898190,Mouse Moved,325.0,93.0,User17,,
1490181898211,Mouse Moved,314.0,93.0,User17,,
1490181898213,Mouse Moved,300.0,93.0,User17,,
1490181898213,Mouse Moved,289.0,95.0,User17,,
1490181898221,Mouse Moved,280.0,95.0,User17,,
1490181898243,Mouse Moved,269.0,95.0,User17,,
1490181898255,Mouse Moved,265.0,95.0,User17,,
1490181898301,Mouse Moved,264.0,95.0,User17,,
1490181898334,Mouse Moved,263.0,95.0,User17,,
1490181898371,Mouse Moved,262.0,95.0,User17,,
1490181901476,Mouse Moved,259.0,104.0,User17,,
1490181901486,Mouse Moved,257.0,109.0,User17,,
1490181901502,Mouse Moved,256.0,113.0,User17,,
1490181901503,Mouse Moved,254.0,120.0,User17,,
1490181901520,Mouse Moved,252.0,129.0,User17,,
1490181901523,Mouse Moved,252.0,137.0,User17,,
1490181901532,Mouse Moved,252.0,151.0,User17,,
1490181901552,Mouse Moved,252.0,195.0,User17,,
1490181901561,Mouse Moved,254.0,206.0,User17,,
1490181901575,Mouse Moved,256.0,226.0,User17,,
1490181901576,Mouse Moved,261.0,243.0,User17,,
1490181901592,Mouse Moved,265.0,260.0,User17,,
1490181901594,Mouse Moved,269.0,277.0,User17,,
1490181901608,Mouse Moved,271.0,288.0,User17,,
1490181901608,Mouse Moved,275.0,302.0,User17,,
1490181901621,Mouse Moved,277.0,314.0,User17,,
1490181901622,Mouse Moved,279.0,323.0,User17,,
1490181901637,Mouse Moved,280.0,329.0,User17,,
1490181901638,Mouse Moved,280.0,338.0,User17,,
1490181901651,Mouse Moved,282.0,339.0,User17,,
1490181901653,Mouse Moved,282.0,343.0,User17,,
1490181901683,Mouse Moved,282.0,344.0,User17,,
1490181901779,Mouse Moved,282.0,343.0,User17,,
1490181901805,Mouse Moved,280.0,332.0,User17,,
1490181901806,Mouse Moved,277.0,327.0,User17,,
1490181901808,Mouse Moved,273.0,318.0,User17,,
1490181901815,Mouse Moved,272.0,312.0,User17,,
1490181901831,Mouse Moved,268.0,303.0,User17,,
1490181901832,Mouse Moved,267.0,298.0,User17,,
1490181901851,Mouse Moved,264.0,294.0,User17,,
1490181901854,Mouse Moved,262.0,289.0,User17,,
1490181901854,Mouse Moved,259.0,285.0,User17,,
1490181901861,Mouse Moved,258.0,280.0,User17,,
1490181901881,Mouse Moved,258.0,277.0,User17,,
1490181901882,Mouse Moved,256.0,276.0,User17,,
1490181901891,Mouse Moved,256.0,275.0,User17,,
1490181901911,Mouse Moved,255.0,273.0,User17,,
1490181901913,Mouse Moved,255.0,271.0,User17,,
1490181901921,Mouse Moved,254.0,269.0,User17,,
1490181901940,Mouse Moved,254.0,268.0,User17,,
1490181901970,Mouse Moved,254.0,266.0,User17,,
1490181902030,Mouse Moved,253.0,266.0,User17,,
1490181902042,Mouse Moved,253.0,264.0,User17,,
1490181902056,Mouse Moved,251.0,261.0,User17,,
1490181902071,Mouse Moved,251.0,260.0,User17,,
1490181902101,Mouse Moved,251.0,259.0,User17,,
1490181902131,Mouse Moved,251.0,258.0,User17,,
1490181902161,Mouse Moved,252.0,258.0,User17,,
1490181902163,Mouse Moved,252.0,258.0,User17,,
1490181902164,Mouse Button.left Pressed,252.0,258.0,User17,,
1490181902216,Mouse Moved,252.0,258.0,User17,,
1490181902217,Mouse Button.left Released,252.0,258.0,User17,,
1490181902312,Mouse Moved,251.0,260.0,User17,,
1490181902328,Mouse Moved,251.0,266.0,User17,,
1490181902329,Mouse Moved,253.0,271.0,User17,,
1490181902351,Mouse Moved,254.0,277.0,User17,,
1490181902351,Mouse Moved,256.0,282.0,User17,,
1490181902352,Mouse Moved,259.0,290.0,User17,,
1490181902358,Mouse Moved,261.0,295.0,User17,,
1490181902375,Mouse Moved,262.0,299.0,User17,,
1490181902375,Mouse Moved,264.0,304.0,User17,,
1490181902391,Mouse Moved,267.0,308.0,User17,,
1490181902392,Mouse Moved,268.0,315.0,User17,,
1490181902404,Mouse Moved,268.0,316.0,User17,,
1490181902427,Mouse Moved,270.0,320.0,User17,,
1490181902428,Mouse Moved,271.0,321.0,User17,,
1490181902430,Mouse Moved,271.0,322.0,User17,,
1490181902503,Mouse Moved,270.0,321.0,User17,,
1490181902505,Mouse Moved,270.0,321.0,User17,,
1490181902506,Mouse Button.left Pressed,270.0,321.0,User17,,
1490181902598,Mouse Moved,270.0,321.0,User17,,
1490181902905,Mouse Moved,271.0,321.0,User17,,
1490181902928,Mouse Moved,264.0,309.0,User17,,
1490181902930,Mouse Moved,263.0,305.0,User17,,
1490181902941,Mouse Moved,260.0,300.0,User17,,
1490181902943,Mouse Moved,258.0,294.0,User17,,
1490181902956,Mouse Moved,255.0,289.0,User17,,
1490181902957,Mouse Moved,255.0,288.0,User17,,
1490181902971,Mouse Moved,252.0,284.0,User17,,
1490181902973,Mouse Moved,252.0,282.0,User17,,
1490181902980,Mouse Moved,251.0,280.0,User17,,
1490181903002,Mouse Moved,250.0,279.0,User17,,
1490181903003,Mouse Moved,250.0,278.0,User17,,
1490181903032,Mouse Moved,249.0,277.0,User17,,
1490181903104,Mouse Moved,250.0,277.0,User17,,
1490181903105,Mouse Moved,250.0,277.0,User17,,
1490181903197,Mouse Moved,250.0,277.0,User17,,
1490181903198,Mouse Button.left Released,250.0,277.0,User17,,
1490181903342,Mouse Moved,248.0,276.0,User17,,
1490181903344,Mouse Moved,246.0,270.0,User17,,
1490181903357,Mouse Moved,245.0,266.0,User17,,
1490181903358,Mouse Moved,244.0,265.0,User17,,
1490181903371,Mouse Moved,241.0,259.0,User17,,
1490181903372,Mouse Moved,241.0,258.0,User17,,
1490181903388,Mouse Moved,240.0,255.0,User17,,
1490181903390,Mouse Moved,238.0,251.0,User17,,
1490181903401,Mouse Moved,237.0,248.0,User17,,
1490181903403,Mouse Moved,236.0,247.0,User17,,
1490181903415,Mouse Moved,236.0,246.0,User17,,
1490181903453,Mouse Moved,236.0,246.0,User17,,
1490181903454,Mouse Button.left Pressed,236.0,246.0,User17,,
1490181903581,Mouse Moved,236.0,246.0,User17,,
1490181903582,Mouse Button.left Released,236.0,246.0,User17,,
1490181904153,Mouse Moved,236.0,247.0,User17,,
1490181904168,Mouse Moved,238.0,254.0,User17,,
1490181904184,Mouse Moved,241.0,261.0,User17,,
1490181904197,Mouse Moved,244.0,264.0,User17,,
1490181904216,Mouse Moved,245.0,268.0,User17,,
1490181904236,Mouse Moved,246.0,275.0,User17,,
1490181904246,Mouse Moved,247.0,276.0,User17,,
1490181904270,Mouse Moved,247.0,277.0,User17,,
1490181905315,Mouse Moved,247.0,278.0,User17,,
1490181905361,Mouse Moved,290.0,278.0,User17,,
1490181905371,Mouse Moved,350.0,281.0,User17,,
1490181905401,Mouse Moved,414.0,281.0,User17,,
1490181905401,Mouse Moved,444.0,283.0,User17,,
1490181905421,Mouse Moved,529.0,285.0,User17,,
1490181905430,Mouse Moved,548.0,285.0,User17,,
1490181905451,Mouse Moved,567.0,285.0,User17,,
1490181905453,Mouse Moved,584.0,285.0,User17,,
1490181905453,Mouse Moved,597.0,285.0,User17,,
1490181905464,Mouse Moved,609.0,285.0,User17,,
1490181905482,Mouse Moved,620.0,285.0,User17,,
1490181905483,Mouse Moved,634.0,287.0,User17,,
1490181905483,Mouse Moved,640.0,287.0,User17,,
1490181905490,Mouse Moved,648.0,287.0,User17,,
1490181905509,Mouse Moved,657.0,289.0,User17,,
1490181905510,Mouse Moved,663.0,289.0,User17,,
1490181905519,Mouse Moved,666.0,289.0,User17,,
1490181905520,Mouse Moved,670.0,289.0,User17,,
1490181905536,Mouse Moved,675.0,290.0,User17,,
1490181905536,Mouse Moved,676.0,290.0,User17,,
1490181905552,Mouse Moved,678.0,290.0,User17,,
1490181905552,Mouse Moved,679.0,290.0,User17,,
1490181905654,Mouse Moved,679.0,293.0,User17,,
1490181905671,Mouse Moved,683.0,306.0,User17,,
1490181905684,Mouse Moved,683.0,310.0,User17,,
1490181905686,Mouse Moved,683.0,315.0,User17,,
1490181905700,Mouse Moved,683.0,317.0,User17,,
1490181905701,Mouse Moved,683.0,322.0,User17,,
1490181905716,Mouse Moved,683.0,326.0,User17,,
1490181905717,Mouse Moved,683.0,329.0,User17,,
1490181905732,Mouse Moved,683.0,331.0,User17,,
1490181905733,Mouse Moved,683.0,336.0,User17,,
1490181905747,Mouse Moved,683.0,337.0,User17,,
1490181905747,Mouse Moved,683.0,339.0,User17,,
1490181905767,Mouse Moved,683.0,340.0,User17,,
1490181905769,Mouse Moved,683.0,343.0,User17,,
1490181905778,Mouse Moved,683.0,344.0,User17,,
1490181905792,Mouse Moved,682.0,347.0,User17,,
1490181905792,Mouse Moved,682.0,349.0,User17,,
1490181905808,Mouse Moved,682.0,352.0,User17,,
1490181905822,Mouse Moved,682.0,355.0,User17,,
1490181905822,Mouse Moved,682.0,356.0,User17,,
1490181905835,Mouse Moved,682.0,358.0,User17,,
1490181905836,Mouse Moved,682.0,361.0,User17,,
1490181905859,Mouse Moved,682.0,362.0,User17,,
1490181905861,Mouse Moved,682.0,367.0,User17,,
1490181905861,Mouse Moved,682.0,369.0,User17,,
1490181905869,Mouse Moved,682.0,371.0,User17,,
1490181905871,Mouse Moved,682.0,374.0,User17,,
1490181905890,Mouse Moved,682.0,378.0,User17,,
1490181905891,Mouse Moved,682.0,381.0,User17,,
1490181905898,Mouse Moved,682.0,382.0,User17,,
1490181905923,Mouse Moved,682.0,384.0,User17,,
1490181905924,Mouse Moved,682.0,390.0,User17,,
1490181905924,Mouse Moved,682.0,392.0,User17,,
1490181905930,Mouse Moved,682.0,394.0,User17,,
1490181905931,Mouse Moved,682.0,397.0,User17,,
1490181905944,Mouse Moved,683.0,401.0,User17,,
1490181905960,Mouse Moved,683.0,404.0,User17,,
1490181905961,Mouse Moved,683.0,405.0,User17,,
1490181905976,Mouse Moved,683.0,406.0,User17,,
1490181905976,Mouse Moved,683.0,409.0,User17,,
1490181905996,Mouse Moved,683.0,410.0,User17,,
1490181905996,Mouse Moved,683.0,411.0,User17,,
1490181906122,Mouse Moved,683.0,410.0,User17,,
1490181906124,Mouse Moved,683.0,410.0,User17,,
1490181906125,Mouse Button.left Pressed,683.0,410.0,User17,,
1490181906233,Mouse Moved,671.0,395.0,User17,,
1490181906243,Mouse Moved,663.0,383.0,User17,,
1490181906250,Mouse Moved,655.0,368.0,User17,,
1490181906295,Mouse Moved,646.0,353.0,User17,,
1490181906296,Mouse Moved,638.0,341.0,User17,,
1490181906296,Mouse Moved,632.0,326.0,User17,,
1490181906296,Mouse Moved,626.0,319.0,User17,,
1490181906298,Mouse Moved,621.0,310.0,User17,,
1490181906299,Mouse Moved,617.0,300.0,User17,,
1490181906305,Mouse Moved,611.0,293.0,User17,,
1490181906328,Mouse Moved,611.0,291.0,User17,,
1490181906328,Mouse Moved,609.0,288.0,User17,,
1490181906329,Mouse Moved,607.0,285.0,User17,,
1490181906371,Mouse Moved,607.0,284.0,User17,,
1490181906372,Mouse Moved,606.0,284.0,User17,,
1490181907743,Mouse Moved,606.0,285.0,User17,,
1490181907744,Mouse Button.left Released,606.0,285.0,User17,,
1490181907845,Mouse Moved,606.0,289.0,User17,,
1490181907864,Mouse Moved,608.0,296.0,User17,,
1490181907865,Mouse Moved,611.0,305.0,User17,,
1490181907865,Mouse Moved,613.0,311.0,User17,,
1490181907872,Mouse Moved,615.0,320.0,User17,,
1490181907891,Mouse Moved,618.0,325.0,User17,,
1490181907891,Mouse Moved,619.0,329.0,User17,,
1490181907911,Mouse Moved,621.0,334.0,User17,,
1490181907911,Mouse Moved,621.0,338.0,User17,,
1490181907913,Mouse Moved,622.0,339.0,User17,,
1490181907921,Mouse Moved,622.0,340.0,User17,,
1490181907963,Mouse Moved,622.0,340.0,User17,,
1490181907964,Mouse Button.left Pressed,622.0,340.0,User17,,
1490181908079,Mouse Moved,622.0,340.0,User17,,
1490181908081,Mouse Button.left Released,622.0,340.0,User17,,
1490181908341,Mouse Moved,622.0,341.0,User17,,
1490181908365,Mouse Moved,622.0,344.0,User17,,
1490181908374,Mouse Moved,622.0,350.0,User17,,
1490181908388,Mouse Moved,619.0,357.0,User17,,
1490181908388,Mouse Moved,619.0,358.0,User17,,
1490181908404,Mouse Moved,619.0,362.0,User17,,
1490181908404,Mouse Moved,619.0,364.0,User17,,
1490181908421,Mouse Moved,619.0,365.0,User17,,
1490181908434,Mouse Moved,621.0,367.0,User17,,
1490181908434,Mouse Moved,624.0,368.0,User17,,
1490181908457,Mouse Moved,624.0,373.0,User17,,
1490181908625,Mouse Moved,633.0,369.0,User17,,
1490181908627,Mouse Moved,637.0,369.0,User17,,
1490181908631,Mouse Moved,638.0,369.0,User17,,
1490181908648,Mouse Moved,641.0,369.0,User17,,
1490181908687,Mouse Moved,642.0,368.0,User17,,
1490181908687,Mouse Moved,639.0,368.0,User17,,
1490181908688,Mouse Moved,637.0,367.0,User17,,
1490181908690,Mouse Moved,634.0,365.0,User17,,
1490181908691,Mouse Moved,631.0,364.0,User17,,
1490181908706,Mouse Moved,616.0,362.0,User17,,
1490181908707,Mouse Moved,594.0,360.0,User17,,
1490181908723,Mouse Moved,560.0,357.0,User17,,
1490181908723,Mouse Moved,514.0,354.0,User17,,
1490181908736,Mouse Moved,455.0,345.0,User17,,
1490181908736,Mouse Moved,383.0,327.0,User17,,
1490181908753,Mouse Moved,252.0,299.0,User17,,
1490181908773,Mouse Moved,171.0,283.0,User17,,
1490181908782,Mouse Moved,151.0,278.0,User17,,
1490181908802,Mouse Moved,141.0,275.0,User17,,
1490181908887,Mouse Moved,140.0,275.0,User17,,
1490181908907,Mouse Moved,131.0,275.0,User17,,
1490181908920,Mouse Moved,129.0,275.0,User17,,
1490181908930,Mouse Moved,124.0,275.0,User17,,
1490181908931,Mouse Moved,120.0,275.0,User17,,
1490181908946,Mouse Moved,115.0,273.0,User17,,
1490181908947,Mouse Moved,114.0,273.0,User17,,
1490181908967,Mouse Moved,113.0,273.0,User17,,
1490181909071,Mouse Moved,115.0,273.0,User17,,
1490181909082,Mouse Moved,121.0,273.0,User17,,
1490181909098,Mouse Moved,128.0,273.0,User17,,
1490181909098,Mouse Moved,132.0,275.0,User17,,
1490181909112,Mouse Moved,138.0,275.0,User17,,
1490181909114,Mouse Moved,143.0,275.0,User17,,
1490181909128,Mouse Moved,147.0,275.0,User17,,
1490181909130,Mouse Moved,151.0,275.0,User17,,
1490181909144,Mouse Moved,156.0,275.0,User17,,
1490181909144,Mouse Moved,160.0,275.0,User17,,
1490181909158,Mouse Moved,163.0,275.0,User17,,
1490181909160,Mouse Moved,164.0,275.0,User17,,
1490181909178,Mouse Moved,167.0,275.0,User17,,
1490181909193,Mouse Moved,169.0,275.0,User17,,
1490181909203,Mouse Moved,171.0,276.0,User17,,
1490181909234,Mouse Moved,174.0,276.0,User17,,
1490181909236,Mouse Moved,178.0,276.0,User17,,
1490181909236,Mouse Moved,181.0,276.0,User17,,
1490181909247,Mouse Moved,185.0,278.0,User17,,
1490181909249,Mouse Moved,188.0,278.0,User17,,
1490181909275,Mouse Moved,192.0,278.0,User17,,
1490181909276,Mouse Moved,195.0,278.0,User17,,
1490181909276,Mouse Moved,198.0,279.0,User17,,
1490181909282,Mouse Moved,200.0,279.0,User17,,
1490181909298,Mouse Moved,202.0,279.0,User17,,
1490181909311,Mouse Moved,204.0,279.0,User17,,
1490181909312,Mouse Moved,207.0,279.0,User17,,
1490181909328,Mouse Moved,209.0,280.0,User17,,
1490181909328,Mouse Moved,212.0,280.0,User17,,
1490181909351,Mouse Moved,218.0,282.0,User17,,
1490181909351,Mouse Moved,227.0,282.0,User17,,
1490181909365,Mouse Moved,231.0,283.0,User17,,
1490181909365,Mouse Moved,240.0,285.0,User17,,
1490181909375,Mouse Moved,249.0,287.0,User17,,
1490181909375,Mouse Moved,257.0,287.0,User17,,
1490181909390,Mouse Moved,262.0,288.0,User17,,
1490181909391,Mouse Moved,266.0,290.0,User17,,
1490181909411,Mouse Moved,270.0,290.0,User17,,
1490181909413,Mouse Moved,273.0,290.0,User17,,
1490181909443,Mouse Moved,276.0,291.0,User17,,
1490181909523,Mouse Moved,275.0,291.0,User17,,
1490181909631,Mouse Moved,275.0,291.0,User17,,
1490181910180,Mouse Moved,274.0,277.0,User17,,
1490181910183,Mouse Moved,274.0,272.0,User17,,
1490181910183,Mouse Moved,273.0,267.0,User17,,
1490181910184,Mouse Moved,273.0,265.0,User17,,
1490181910184,Mouse Moved,273.0,260.0,User17,,
1490181910186,Mouse Moved,273.0,256.0,User17,,
1490181910213,Mouse Moved,273.0,255.0,User17,,
1490181910214,Mouse Moved,274.0,256.0,User17,,
1490181910216,Mouse Moved,274.0,256.0,User17,,
1490181910217,Mouse Button.left Pressed,274.0,256.0,User17,,
1490181910219,Mouse Button.left Released,274.0,256.0,User17,,
1490181911119,Mouse Moved,272.0,255.0,User17,,
1490181911121,Mouse Moved,265.0,277.0,User17,,
1490181911121,Mouse Moved,256.0,308.0,User17,,
1490181911122,Mouse Moved,252.0,355.0,User17,,
1490181911124,Mouse Moved,252.0,422.0,User17,,
1490181911134,Mouse Moved,252.0,540.0,User17,,
1490181911142,Mouse Moved,254.0,570.0,User17,,
1490181911426,Mouse Moved,259.0,621.0,User17,,
1490181911427,Mouse Moved,263.0,661.0,User17,,
1490181911427,Mouse Moved,263.0,669.0,User17,,
1490181911428,Mouse Moved,263.0,682.0,User17,,
1490181911430,Mouse Moved,263.0,691.0,User17,,
1490181911430,Mouse Moved,263.0,696.0,User17,,
1490181911431,Mouse Moved,263.0,699.0,User17,,
1490181911431,Mouse Moved,260.0,702.0,User17,,
1490181911433,Mouse Moved,256.0,706.0,User17,,
1490181911434,Mouse Moved,247.0,713.0,User17,,
1490181911434,Mouse Moved,236.0,717.0,User17,,
1490181911440,Mouse Moved,232.0,718.0,User17,,
1490181911441,Mouse Moved,231.0,718.0,User17,,
1490181911441,Mouse Moved,226.0,719.0,User17,,
1490181911443,Mouse Moved,222.0,721.0,User17,,
1490181911444,Mouse Moved,220.0,722.0,User17,,
1490181911444,Mouse Moved,218.0,722.0,User17,,
1490181911446,Mouse Moved,217.0,723.0,User17,,
1490181911450,Mouse Moved,216.0,723.0,User17,,
1490181911732,Mouse Moved,216.0,724.0,User17,,
1490181911733,Mouse Moved,221.0,738.0,User17,,
1490181911733,Mouse Moved,222.0,743.0,User17,,
1490181911734,Mouse Moved,227.0,754.0,User17,,
1490181911736,Mouse Moved,234.0,767.0,User17,,
1490181911736,Mouse Moved,236.0,773.0,User17,,
1490181911736,Mouse Moved,236.0,774.0,User17,,
1490181912052,Mouse Moved,238.0,774.0,User17,,
1490181912053,Mouse Moved,240.0,772.0,User17,,
1490181912055,Mouse Moved,243.0,769.0,User17,,
1490181912055,Mouse Moved,246.0,768.0,User17,,
1490181912055,Mouse Moved,249.0,766.0,User17,,
1490181912056,Mouse Moved,255.0,763.0,User17,,
1490181912058,Mouse Moved,260.0,761.0,User17,,
1490181912059,Mouse Moved,270.0,760.0,User17,,
1490181912059,Mouse Moved,277.0,760.0,User17,,
1490181912059,Mouse Moved,285.0,758.0,User17,,
1490181912061,Mouse Moved,293.0,758.0,User17,,
1490181912062,Mouse Moved,298.0,758.0,User17,,
1490181912062,Mouse Moved,302.0,758.0,User17,,
1490181912063,Mouse Moved,303.0,758.0,User17,,
1490181912552,Mouse Moved,302.0,758.0,User17,,
1490181912572,Mouse Moved,290.0,760.0,User17,,
1490181912595,Mouse Moved,284.0,761.0,User17,,
1490181912595,Mouse Moved,280.0,761.0,User17,,
1490181912596,Mouse Moved,275.0,763.0,User17,,
1490181912601,Mouse Moved,271.0,763.0,User17,,
1490181912621,Mouse Moved,270.0,763.0,User17,,
1490181912622,Mouse Moved,269.0,763.0,User17,,
1490181912631,Mouse Moved,267.0,763.0,User17,,
1490181913536,Mouse Moved,262.0,746.0,User17,,
1490181913536,Mouse Moved,260.0,731.0,User17,,
1490181913558,Mouse Moved,256.0,676.0,User17,,
1490181913565,Mouse Moved,251.0,608.0,User17,,
1490181913581,Mouse Moved,245.0,526.0,User17,,
1490181913596,Mouse Moved,243.0,486.0,User17,,
1490181913598,Mouse Moved,240.0,450.0,User17,,
1490181913612,Mouse Moved,238.0,423.0,User17,,
1490181913614,Mouse Moved,236.0,398.0,User17,,
1490181913632,Mouse Moved,236.0,382.0,User17,,
1490181913634,Mouse Moved,236.0,371.0,User17,,
1490181913641,Mouse Moved,234.0,365.0,User17,,
1490181913658,Mouse Moved,234.0,356.0,User17,,
1490181913660,Mouse Moved,234.0,352.0,User17,,
1490181913680,Mouse Moved,234.0,347.0,User17,,
1490181913680,Mouse Moved,234.0,346.0,User17,,
1490181913681,Mouse Moved,234.0,341.0,User17,,
1490181913694,Mouse Moved,233.0,336.0,User17,,
1490181913694,Mouse Moved,233.0,335.0,User17,,
1490181914082,Mouse Moved,233.0,331.0,User17,,
1490181914082,Mouse Moved,233.0,329.0,User17,,
1490181914084,Mouse Moved,233.0,327.0,User17,,
1490181914085,Mouse Moved,233.0,326.0,User17,,
1490181914085,Mouse Moved,231.0,324.0,User17,,
1490181914086,Mouse Moved,231.0,322.0,User17,,
1490181914086,Mouse Moved,231.0,319.0,User17,,
1490181914088,Mouse Moved,230.0,314.0,User17,,
1490181914088,Mouse Moved,230.0,311.0,User17,,
1490181914089,Mouse Moved,228.0,301.0,User17,,
1490181914089,Mouse Moved,228.0,296.0,User17,,
1490181914091,Mouse Moved,228.0,292.0,User17,,
1490181914092,Mouse Moved,226.0,288.0,User17,,
1490181914092,Mouse Moved,226.0,286.0,User17,,
1490181914094,Mouse Moved,226.0,285.0,User17,,
1490181914094,Mouse Moved,226.0,284.0,User17,,
1490181914102,Mouse Moved,227.0,285.0,User17,,
1490181914104,Mouse Moved,227.0,285.0,User17,,
1490181914105,Mouse Button.left Pressed,227.0,285.0,User17,,
1490181914108,Mouse Moved,227.0,285.0,User17,,
1490181914206,Mouse Moved,226.0,279.0,User17,,
1490181914220,Mouse Moved,226.0,274.0,User17,,
1490181914221,Mouse Moved,228.0,272.0,User17,,
1490181914233,Mouse Moved,229.0,269.0,User17,,
1490181914233,Mouse Moved,231.0,264.0,User17,,
1490181914250,Mouse Moved,231.0,262.0,User17,,
1490181914253,Mouse Moved,232.0,260.0,User17,,
1490181914270,Mouse Moved,232.0,258.0,User17,,
1490181914272,Mouse Moved,233.0,257.0,User17,,
1490181914280,Mouse Moved,233.0,254.0,User17,,
1490181914282,Mouse Moved,234.0,253.0,User17,,
1490181914293,Mouse Moved,234.0,251.0,User17,,
1490181914309,Mouse Moved,234.0,250.0,User17,,
1490181914335,Mouse Moved,234.0,248.0,User17,,
1490181914342,Mouse Moved,234.0,249.0,User17,,
1490181914344,Mouse Moved,234.0,249.0,User17,,
1490181914345,Mouse Button.left Pressed,234.0,249.0,User17,,
1490181914437,Mouse Moved,234.0,249.0,User17,,
1490181914875,Mouse Moved,235.0,248.0,User17,,
1490181914901,Mouse Moved,235.0,252.0,User17,,
1490181914921,Mouse Moved,237.0,256.0,User17,,
1490181914950,Mouse Moved,237.0,260.0,User17,,
1490181914980,Mouse Moved,237.0,261.0,User17,,
1490181914990,Mouse Moved,238.0,263.0,User17,,
1490181915010,Mouse Moved,238.0,266.0,User17,,
1490181915022,Mouse Moved,239.0,269.0,User17,,
1490181915040,Mouse Moved,239.0,271.0,User17,,
1490181915056,Mouse Moved,241.0,273.0,User17,,
1490181915066,Mouse Moved,241.0,274.0,User17,,
1490181915101,Mouse Moved,241.0,275.0,User17,,
1490181915336,Mouse Moved,242.0,279.0,User17,,
1490181915351,Mouse Moved,242.0,282.0,User17,,
1490181915369,Mouse Moved,242.0,283.0,User17,,
1490181915388,Mouse Moved,243.0,285.0,User17,,
1490181915428,Mouse Moved,243.0,286.0,User17,,
1490181915486,Mouse Moved,242.0,285.0,User17,,
1490181915487,Mouse Moved,242.0,285.0,User17,,
1490181915489,Mouse Button.left Pressed,242.0,285.0,User17,,
1490181915588,Mouse Moved,242.0,285.0,User17,,
1490181915589,Mouse Button.left Released,242.0,285.0,User17,,
1490181915721,Mouse Moved,243.0,284.0,User17,,
1490181915750,Mouse Moved,245.0,273.0,User17,,
1490181915752,Mouse Moved,245.0,272.0,User17,,
1490181915762,Mouse Moved,246.0,268.0,User17,,
1490181915762,Mouse Moved,246.0,265.0,User17,,
1490181915780,Mouse Moved,248.0,261.0,User17,,
1490181915782,Mouse Moved,248.0,258.0,User17,,
1490181915796,Mouse Moved,248.0,254.0,User17,,
1490181915796,Mouse Moved,248.0,251.0,User17,,
1490181915805,Mouse Moved,249.0,250.0,User17,,
1490181915819,Mouse Moved,249.0,248.0,User17,,
1490181915835,Mouse Moved,249.0,247.0,User17,,
1490181915908,Mouse Moved,249.0,247.0,User17,,
1490181915910,Mouse Button.left Pressed,249.0,247.0,User17,,
1490181916025,Mouse Moved,249.0,247.0,User17,,
1490181916026,Mouse Button.left Released,249.0,247.0,User17,,
1490181919029,Mouse Moved,249.0,253.0,User17,,
1490181919039,Mouse Moved,249.0,257.0,User17,,
1490181919061,Mouse Moved,250.0,261.0,User17,,
1490181919069,Mouse Moved,253.0,269.0,User17,,
1490181919092,Mouse Moved,254.0,273.0,User17,,
1490181919105,Mouse Moved,257.0,284.0,User17,,
1490181919132,Mouse Moved,259.0,290.0,User17,,
1490181919135,Mouse Moved,267.0,308.0,User17,,
1490181919150,Mouse Moved,272.0,323.0,User17,,
1490181919160,Mouse Moved,275.0,328.0,User17,,
1490181919174,Mouse Moved,280.0,341.0,User17,,
1490181919190,Mouse Moved,287.0,354.0,User17,,
1490181919211,Mouse Moved,295.0,372.0,User17,,
1490181919221,Mouse Moved,298.0,377.0,User17,,
1490181919246,Mouse Moved,301.0,387.0,User17,,
1490181919256,Mouse Moved,302.0,388.0,User17,,
1490181919267,Mouse Moved,302.0,390.0,User17,,
1490181919286,Mouse Moved,305.0,398.0,User17,,
1490181919296,Mouse Moved,307.0,402.0,User17,,
1490181919311,Mouse Moved,308.0,404.0,User17,,
1490181919331,Mouse Moved,309.0,410.0,User17,,
1490181919348,Mouse Moved,311.0,414.0,User17,,
1490181919358,Mouse Moved,313.0,423.0,User17,,
1490181919371,Mouse Moved,313.0,424.0,User17,,
1490181919387,Mouse Moved,313.0,431.0,User17,,
1490181919401,Mouse Moved,315.0,438.0,User17,,
1490181919417,Mouse Moved,315.0,442.0,User17,,
1490181919433,Mouse Moved,315.0,449.0,User17,,
1490181919453,Mouse Moved,316.0,455.0,User17,,
1490181919461,Mouse Moved,316.0,456.0,User17,,
1490181919483,Mouse Moved,316.0,459.0,User17,,
1490181919500,Mouse Moved,316.0,463.0,User17,,
1490181919516,Mouse Moved,316.0,468.0,User17,,
1490181919539,Mouse Moved,316.0,470.0,User17,,
1490181919552,Mouse Moved,316.0,473.0,User17,,
1490181919572,Mouse Moved,316.0,475.0,User17,,
1490181919592,Mouse Moved,316.0,476.0,User17,,
1490181919601,Mouse Moved,316.0,479.0,User17,,
1490181919615,Mouse Moved,316.0,481.0,User17,,
1490181919632,Mouse Moved,316.0,483.0,User17,,
1490181919648,Mouse Moved,316.0,484.0,User17,,
1490181919664,Mouse Moved,316.0,485.0,User17,,
1490181919759,Mouse Moved,319.0,485.0,User17,,
1490181919783,Mouse Moved,333.0,482.0,User17,,
1490181919799,Mouse Moved,350.0,482.0,User17,,
1490181919812,Mouse Moved,364.0,482.0,User17,,
1490181919828,Mouse Moved,385.0,485.0,User17,,
1490181919851,Mouse Moved,432.0,490.0,User17,,
1490181919861,Mouse Moved,448.0,490.0,User17,,
1490181919881,Mouse Moved,477.0,493.0,User17,,
1490181919890,Mouse Moved,478.0,499.0,User17,,
1490181919904,Mouse Moved,478.0,505.0,User17,,
1490181919905,Mouse Moved,478.0,518.0,User17,,
1490181919920,Mouse Moved,472.0,530.0,User17,,
1490181919921,Mouse Moved,466.0,544.0,User17,,
1490181919943,Mouse Moved,460.0,554.0,User17,,
1490181920190,Mouse Moved,475.0,546.0,User17,,
1490181920206,Mouse Moved,593.0,476.0,User17,,
1490181920220,Mouse Moved,755.0,395.0,User17,,
1490181920234,Mouse Moved,978.0,316.0,User17,,
1490181920252,Mouse Moved,1254.0,282.0,User17,,
1490181920272,Mouse Moved,1399.0,274.0,User17,,
1490181920272,Mouse Moved,1534.0,265.0,User17,,
1490181920273,Mouse Moved,1535.0,261.0,User17,,
1490181920280,Mouse Moved,1535.0,258.0,User17,,
1490181920312,Mouse Moved,1535.0,252.0,User17,,
1490181920325,Mouse Moved,1535.0,252.0,User17,,
1490181920401,Mouse Moved,1525.0,249.0,User17,,
1490181920415,Mouse Moved,1516.0,247.0,User17,,
1490181920417,Mouse Moved,1504.0,243.0,User17,,
1490181920430,Mouse Moved,1492.0,241.0,User17,,
1490181920430,Mouse Moved,1478.0,237.0,User17,,
1490181920447,Mouse Moved,1457.0,232.0,User17,,
1490181920467,Mouse Moved,1451.0,228.0,User17,,
1490181920467,Mouse Moved,1441.0,224.0,User17,,
1490181920469,Mouse Moved,1437.0,223.0,User17,,
1490181920476,Mouse Moved,1428.0,220.0,User17,,
1490181920492,Mouse Moved,1424.0,216.0,User17,,
1490181920493,Mouse Moved,1422.0,215.0,User17,,
1490181920512,Mouse Moved,1421.0,214.0,User17,,
1490181920513,Mouse Moved,1420.0,213.0,User17,,
1490181920522,Mouse Moved,1419.0,210.0,User17,,
1490181920536,Mouse Moved,1417.0,208.0,User17,,
1490181920538,Mouse Moved,1417.0,205.0,User17,,
1490181920555,Mouse Moved,1417.0,202.0,User17,,
1490181920566,Mouse Moved,1417.0,196.0,User17,,
1490181920568,Mouse Moved,1417.0,194.0,User17,,
1490181920582,Mouse Moved,1419.0,189.0,User17,,
1490181920582,Mouse Moved,1422.0,183.0,User17,,
1490181920595,Mouse Moved,1424.0,178.0,User17,,
1490181920595,Mouse Moved,1429.0,169.0,User17,,
1490181920611,Mouse Moved,1432.0,165.0,User17,,
1490181920612,Mouse Moved,1435.0,156.0,User17,,
1490181920625,Mouse Moved,1439.0,147.0,User17,,
1490181920641,Mouse Moved,1441.0,142.0,User17,,
1490181920641,Mouse Moved,1444.0,136.0,User17,,
1490181920664,Mouse Moved,1446.0,127.0,User17,,
1490181920665,Mouse Moved,1448.0,113.0,User17,,
1490181920667,Mouse Moved,1450.0,99.0,User17,,
1490181920667,Mouse Moved,1452.0,77.0,User17,,
1490181920676,Mouse Moved,1454.0,60.0,User17,,
1490181920687,Mouse Moved,1454.0,38.0,User17,,
1490181920703,Mouse Moved,1454.0,16.0,User17,,
1490182137760,Mouse Moved,504.0,764.0,User17,,
1490182137776,Mouse Moved,496.0,754.0,User17,,
1490182137790,Mouse Moved,491.0,749.0,User17,,
1490182137792,Mouse Moved,487.0,745.0,User17,,
1490182137792,Mouse Moved,484.0,740.0,User17,,
1490182137805,Mouse Moved,479.0,735.0,User17,,
1490182137822,Mouse Moved,478.0,734.0,User17,,
1490182137822,Mouse Moved,476.0,732.0,User17,,
1490182137835,Mouse Moved,475.0,729.0,User17,,
1490182137835,Mouse Moved,472.0,724.0,User17,,
1490182137849,Mouse Moved,470.0,721.0,User17,,
1490182137851,Mouse Moved,467.0,715.0,User17,,
1490182137867,Mouse Moved,464.0,710.0,User17,,
1490182137868,Mouse Moved,461.0,704.0,User17,,
1490182137881,Mouse Moved,458.0,699.0,User17,,
1490182137881,Mouse Moved,453.0,692.0,User17,,
1490182137895,Mouse Moved,445.0,685.0,User17,,
1490182137897,Mouse Moved,442.0,678.0,User17,,
1490182137911,Mouse Moved,434.0,668.0,User17,,
1490182137911,Mouse Moved,426.0,659.0,User17,,
1490182137927,Mouse Moved,421.0,649.0,User17,,
1490182137928,Mouse Moved,415.0,639.0,User17,,
1490182137947,Mouse Moved,409.0,630.0,User17,,
1490182137950,Mouse Moved,401.0,618.0,User17,,
1490182137950,Mouse Moved,395.0,603.0,User17,,
1490182137956,Mouse Moved,383.0,583.0,User17,,
1490182137970,Mouse Moved,375.0,568.0,User17,,
1490182137971,Mouse Moved,364.0,548.0,User17,,
1490182137986,Mouse Moved,352.0,528.0,User17,,
1490182138010,Mouse Moved,346.0,510.0,User17,,
1490182138012,Mouse Moved,335.0,488.0,User17,,
1490182138013,Mouse Moved,328.0,465.0,User17,,
1490182138017,Mouse Moved,323.0,443.0,User17,,
1490182138019,Mouse Moved,321.0,421.0,User17,,
1490182138038,Mouse Moved,321.0,394.0,User17,,
1490182138039,Mouse Moved,321.0,375.0,User17,,
1490182138048,Mouse Moved,321.0,353.0,User17,,
1490182138061,Mouse Moved,321.0,337.0,User17,,
1490182138062,Mouse Moved,321.0,318.0,User17,,
1490182138075,Mouse Moved,321.0,301.0,User17,,
1490182138076,Mouse Moved,321.0,290.0,User17,,
1490182138089,Mouse Moved,323.0,276.0,User17,,
1490182138091,Mouse Moved,325.0,270.0,User17,,
1490182138114,Mouse Moved,325.0,261.0,User17,,
1490182138115,Mouse Moved,327.0,252.0,User17,,
1490182138115,Mouse Moved,330.0,243.0,User17,,
1490182138121,Mouse Moved,330.0,239.0,User17,,
1490182138134,Mouse Moved,332.0,234.0,User17,,
1490182138135,Mouse Moved,333.0,230.0,User17,,
1490182138151,Mouse Moved,333.0,229.0,User17,,
1490182138151,Mouse Moved,335.0,223.0,User17,,
1490182138164,Mouse Moved,335.0,222.0,User17,,
1490182138165,Mouse Moved,335.0,219.0,User17,,
1490182138180,Mouse Moved,335.0,218.0,User17,,
1490182138180,Mouse Moved,335.0,217.0,User17,,
1490182138196,Mouse Moved,335.0,215.0,User17,,
1490182138210,Mouse Moved,335.0,213.0,User17,,
1490182138226,Mouse Moved,336.0,213.0,User17,,
1490182138346,Mouse Moved,335.0,213.0,User17,,
1490182138348,Mouse Moved,331.0,218.0,User17,,
1490182138361,Mouse Moved,324.0,221.0,User17,,
1490182138362,Mouse Moved,322.0,224.0,User17,,
1490182138377,Mouse Moved,316.0,229.0,User17,,
1490182138378,Mouse Moved,311.0,234.0,User17,,
1490182138391,Mouse Moved,308.0,236.0,User17,,
1490182138392,Mouse Moved,303.0,241.0,User17,,
1490182138414,Mouse Moved,302.0,244.0,User17,,
1490182138414,Mouse Moved,297.0,249.0,User17,,
1490182138421,Mouse Moved,296.0,250.0,User17,,
1490182138441,Mouse Moved,295.0,251.0,User17,,
1490182138443,Mouse Moved,294.0,252.0,User17,,
1490182138451,Mouse Moved,293.0,253.0,User17,,
1490182138826,Mouse Moved,293.0,253.0,User17,,
1490182138828,Mouse Button.left Pressed,293.0,253.0,User17,,
1490182138928,Mouse Moved,293.0,253.0,User17,,
1490182138931,Mouse Button.left Released,293.0,253.0,User17,,
1490182140138,Mouse Moved,291.0,255.0,User17,,
1490182140163,Mouse Moved,290.0,256.0,User17,,
1490182140177,Mouse Moved,290.0,257.0,User17,,
1490182140194,Mouse Moved,289.0,258.0,User17,,
1490182140253,Mouse Moved,289.0,259.0,User17,,
1490182140342,Mouse Moved,288.0,260.0,User17,,
1490182140420,Mouse Moved,287.0,261.0,User17,,
1490182140448,Mouse Moved,287.0,263.0,User17,,
1490182140492,Mouse Moved,286.0,263.0,User17,,
1490182140509,Mouse Moved,286.0,264.0,User17,,
1490182140532,Mouse Moved,286.0,265.0,User17,,
1490182140562,Mouse Moved,284.0,265.0,User17,,
1490182140572,Mouse Moved,284.0,266.0,User17,,
1490182140637,Mouse Moved,283.0,267.0,User17,,
1490182140645,Mouse Moved,283.0,268.0,User17,,
1490182140665,Mouse Moved,282.0,270.0,User17,,
1490182140721,Mouse Moved,282.0,272.0,User17,,
1490182140750,Mouse Moved,281.0,273.0,User17,,
1490182140782,Mouse Moved,281.0,274.0,User17,,
1490182140796,Mouse Moved,280.0,277.0,User17,,
1490182140811,Mouse Moved,280.0,278.0,User17,,
1490182140835,Mouse Moved,280.0,279.0,User17,,
1490182140845,Mouse Moved,278.0,281.0,User17,,
1490182140867,Mouse Moved,278.0,282.0,User17,,
1490182140888,Mouse Moved,278.0,283.0,User17,,
1490182140903,Mouse Moved,277.0,285.0,User17,,
1490182140936,Mouse Moved,277.0,287.0,User17,,
1490182140966,Mouse Moved,276.0,288.0,User17,,
1490182141256,Mouse Moved,277.0,287.0,User17,,
1490182141257,Mouse Moved,277.0,287.0,User17,,
1490182141259,Mouse Button.left Pressed,277.0,287.0,User17,,
1490182141365,Mouse Moved,277.0,287.0,User17,,
1490182141444,Mouse Moved,276.0,289.0,User17,,
1490182141460,Mouse Moved,275.0,290.0,User17,,
1490182141490,Mouse Moved,275.0,291.0,User17,,
1490182142174,Mouse Moved,275.0,294.0,User17,,
1490182142190,Mouse Moved,275.0,295.0,User17,,
1490182142203,Mouse Moved,275.0,296.0,User17,,
1490182142220,Mouse Moved,274.0,299.0,User17,,
1490182142233,Mouse Moved,274.0,300.0,User17,,
1490182142249,Mouse Moved,274.0,302.0,User17,,
1490182142263,Mouse Moved,274.0,303.0,User17,,
1490182142278,Mouse Moved,274.0,306.0,User17,,
1490182142299,Mouse Moved,272.0,307.0,User17,,
1490182142344,Mouse Moved,272.0,308.0,User17,,
1490182142374,Mouse Moved,272.0,309.0,User17,,
1490182145102,Mouse Moved,272.0,311.0,User17,,
1490182145125,Mouse Moved,271.0,312.0,User17,,
1490182145154,Mouse Moved,271.0,313.0,User17,,
1490182146063,Mouse Moved,270.0,313.0,User17,,
1490182146088,Mouse Moved,270.0,314.0,User17,,
1490182146102,Mouse Moved,270.0,315.0,User17,,
1490182146118,Mouse Moved,269.0,315.0,User17,,
1490182150359,Mouse Moved,270.0,315.0,User17,,
1490182150361,Mouse Moved,270.0,315.0,User17,,
1490182150428,Mouse Moved,270.0,315.0,User17,,
1490182150430,Mouse Button.left Released,270.0,315.0,User17,,
1490182150805,Mouse Moved,269.0,314.0,User17,,
1490182150828,Mouse Moved,266.0,304.0,User17,,
1490182150838,Mouse Moved,266.0,301.0,User17,,
1490182150858,Mouse Moved,265.0,298.0,User17,,
1490182150868,Mouse Moved,265.0,296.0,User17,,
1490182150881,Mouse Moved,265.0,294.0,User17,,
1490182150911,Mouse Moved,265.0,293.0,User17,,
1490182150927,Mouse Moved,265.0,292.0,User17,,
1490182150941,Mouse Moved,265.0,291.0,User17,,
1490182150974,Mouse Moved,265.0,288.0,User17,,
1490182151006,Mouse Moved,265.0,287.0,User17,,
1490182151040,Mouse Moved,265.0,285.0,User17,,
1490182151071,Mouse Moved,265.0,283.0,User17,,
1490182151081,Mouse Moved,265.0,282.0,User17,,
1490182151109,Mouse Moved,265.0,280.0,User17,,
1490182151124,Mouse Moved,265.0,279.0,User17,,
1490182151141,Mouse Moved,265.0,277.0,User17,,
1490182151161,Mouse Moved,265.0,276.0,User17,,
1490182151184,Mouse Moved,265.0,275.0,User17,,
1490182151240,Mouse Moved,266.0,276.0,User17,,
1490182151242,Mouse Button.left Pressed,266.0,276.0,User17,,
1490182151316,Mouse Moved,266.0,276.0,User17,,
1490182151318,Mouse Button.left Released,266.0,276.0,User17,,
1490182151463,Mouse Moved,265.0,273.0,User17,,
1490182151479,Mouse Moved,265.0,268.0,User17,,
1490182151489,Mouse Moved,265.0,266.0,User17,,
1490182151490,Mouse Moved,266.0,263.0,User17,,
1490182151503,Mouse Moved,266.0,262.0,User17,,
1490182151505,Mouse Moved,266.0,259.0,User17,,
1490182151506,Mouse Moved,266.0,257.0,User17,,
1490182151519,Mouse Moved,266.0,255.0,User17,,
1490182151538,Mouse Moved,268.0,249.0,User17,,
1490182151549,Mouse Moved,268.0,246.0,User17,,
1490182151569,Mouse Moved,268.0,240.0,User17,,
1490182151578,Mouse Moved,268.0,239.0,User17,,
1490182151592,Mouse Moved,268.0,238.0,User17,,
1490182151608,Mouse Moved,268.0,235.0,User17,,
1490182151631,Mouse Moved,269.0,234.0,User17,,
1490182152361,Mouse Moved,269.0,238.0,User17,,
1490182152375,Mouse Moved,268.0,239.0,User17,,
1490182152390,Mouse Moved,268.0,240.0,User17,,
1490182152404,Mouse Moved,268.0,243.0,User17,,
1490182152421,Mouse Moved,267.0,244.0,User17,,
1490182152434,Mouse Moved,267.0,247.0,User17,,
1490182152451,Mouse Moved,267.0,254.0,User17,,
1490182152469,Mouse Moved,265.0,267.0,User17,,
1490182152480,Mouse Moved,265.0,286.0,User17,,
1490182152497,Mouse Moved,265.0,303.0,User17,,
1490182152509,Mouse Moved,265.0,312.0,User17,,
1490182152526,Mouse Moved,265.0,317.0,User17,,
1490182152540,Mouse Moved,265.0,320.0,User17,,
1490182152569,Mouse Moved,265.0,321.0,User17,,
1490182152648,Mouse Moved,265.0,321.0,User17,,
1490182152650,Mouse Button.left Pressed,265.0,321.0,User17,,
1490182152749,Mouse Moved,265.0,321.0,User17,,
1490182152750,Mouse Button.left Released,265.0,321.0,User17,,
1490182154845,Mouse Moved,265.0,320.0,User17,,
1490182154858,Mouse Moved,265.0,317.0,User17,,
1490182154888,Mouse Moved,265.0,314.0,User17,,
1490182154908,Mouse Moved,265.0,311.0,User17,,
1490182154933,Mouse Moved,265.0,308.0,User17,,
1490182154948,Mouse Moved,265.0,307.0,User17,,
1490182154964,Mouse Moved,265.0,305.0,User17,,
1490182154979,Mouse Moved,265.0,302.0,User17,,
1490182155009,Mouse Moved,265.0,298.0,User17,,
1490182155026,Mouse Moved,265.0,296.0,User17,,
1490182155053,Mouse Moved,265.0,295.0,User17,,
1490182155068,Mouse Moved,265.0,293.0,User17,,
1490182156072,Mouse Moved,269.0,292.0,User17,,
1490182156094,Mouse Moved,298.0,288.0,User17,,
1490182156108,Mouse Moved,390.0,270.0,User17,,
1490182156125,Mouse Moved,490.0,258.0,User17,,
1490182156144,Mouse Moved,577.0,252.0,User17,,
1490182156154,Mouse Moved,628.0,252.0,User17,,
1490182156171,Mouse Moved,648.0,250.0,User17,,
1490182156171,Mouse Moved,659.0,250.0,User17,,
1490182156184,Mouse Moved,663.0,250.0,User17,,
1490182156198,Mouse Moved,666.0,250.0,User17,,
1490182156200,Mouse Moved,667.0,250.0,User17,,
1490182156213,Mouse Moved,667.0,249.0,User17,,
1490182156410,Mouse Moved,664.0,250.0,User17,,
1490182156431,Mouse Moved,660.0,252.0,User17,,
1490182156433,Mouse Moved,653.0,254.0,User17,,
1490182156440,Mouse Moved,652.0,255.0,User17,,
1490182156456,Mouse Moved,647.0,258.0,User17,,
1490182156457,Mouse Moved,644.0,259.0,User17,,
1490182156470,Mouse Moved,635.0,265.0,User17,,
1490182156484,Mouse Moved,627.0,268.0,User17,,
1490182156506,Mouse Moved,620.0,272.0,User17,,
1490182156515,Mouse Moved,618.0,274.0,User17,,
1490182156538,Mouse Moved,615.0,275.0,User17,,
1490182156539,Mouse Moved,614.0,276.0,User17,,
1490182156548,Mouse Moved,611.0,277.0,User17,,
1490182156568,Mouse Moved,609.0,277.0,User17,,
1490182156575,Mouse Moved,607.0,278.0,User17,,
1490182156598,Mouse Moved,602.0,281.0,User17,,
1490182156599,Mouse Moved,595.0,283.0,User17,,
1490182156607,Mouse Moved,584.0,285.0,User17,,
1490182156608,Mouse Moved,575.0,287.0,User17,,
1490182156631,Mouse Moved,561.0,289.0,User17,,
1490182156631,Mouse Moved,544.0,291.0,User17,,
1490182156631,Mouse Moved,528.0,293.0,User17,,
1490182156641,Mouse Moved,508.0,293.0,User17,,
1490182156653,Mouse Moved,486.0,295.0,User17,,
1490182156654,Mouse Moved,465.0,295.0,User17,,
1490182156670,Mouse Moved,418.0,297.0,User17,,
1490182156684,Mouse Moved,391.0,297.0,User17,,
1490182156698,Mouse Moved,337.0,300.0,User17,,
1490182156700,Mouse Moved,321.0,300.0,User17,,
1490182156713,Mouse Moved,307.0,302.0,User17,,
1490182156713,Mouse Moved,298.0,302.0,User17,,
1490182156732,Mouse Moved,294.0,302.0,User17,,
1490182156733,Mouse Moved,291.0,304.0,User17,,
1490182156752,Mouse Moved,290.0,304.0,User17,,
1490182156753,Mouse Moved,289.0,304.0,User17,,
1490182158729,Mouse Moved,290.0,301.0,User17,,
1490182158749,Mouse Moved,296.0,291.0,User17,,
1490182158759,Mouse Moved,297.0,290.0,User17,,
1490182158773,Mouse Moved,299.0,286.0,User17,,
1490182158789,Mouse Moved,301.0,285.0,User17,,
1490182158802,Mouse Moved,301.0,284.0,User17,,
1490182158994,Mouse Moved,300.0,284.0,User17,,
1490182158996,Mouse Moved,300.0,284.0,User17,,
1490182159042,Mouse Moved,300.0,284.0,User17,,
1490182159165,Mouse Moved,302.0,281.0,User17,,
1490182159181,Mouse Moved,303.0,275.0,User17,,
1490182159183,Mouse Moved,303.0,270.0,User17,,
1490182159203,Mouse Moved,305.0,266.0,User17,,
1490182159203,Mouse Moved,306.0,265.0,User17,,
1490182159213,Mouse Moved,306.0,261.0,User17,,
1490182159233,Mouse Moved,307.0,258.0,User17,,
1490182159233,Mouse Moved,307.0,257.0,User17,,
1490182159234,Mouse Moved,307.0,256.0,User17,,
1490182159259,Mouse Moved,307.0,254.0,User17,,
1490182159270,Mouse Moved,309.0,252.0,User17,,
1490182159302,Mouse Moved,309.0,251.0,User17,,
1490182159316,Mouse Moved,310.0,248.0,User17,,
1490182159384,Mouse Moved,310.0,249.0,User17,,
1490182159387,Mouse Moved,310.0,249.0,User17,,
1490182159454,Mouse Moved,310.0,249.0,User17,,
1490182159456,Mouse Button.left Released,310.0,249.0,User17,,
1490182159915,Mouse Moved,308.0,255.0,User17,,
1490182159926,Mouse Moved,307.0,256.0,User17,,
1490182159946,Mouse Moved,306.0,263.0,User17,,
1490182159956,Mouse Moved,305.0,264.0,User17,,
1490182159970,Mouse Moved,305.0,265.0,User17,,
1490182159983,Mouse Moved,305.0,266.0,User17,,
1490182160013,Mouse Moved,304.0,269.0,User17,,
1490182160029,Mouse Moved,304.0,270.0,User17,,
1490182160065,Mouse Moved,302.0,275.0,User17,,
1490182160088,Mouse Moved,301.0,278.0,User17,,
1490182160109,Mouse Moved,300.0,279.0,User17,,
1490182160119,Mouse Moved,300.0,281.0,User17,,
1490182160138,Mouse Moved,298.0,284.0,User17,,
1490182160150,Mouse Moved,298.0,285.0,User17,,
1490182160168,Mouse Moved,297.0,288.0,User17,,
1490182160194,Mouse Moved,296.0,292.0,User17,,
1490182160233,Mouse Moved,296.0,293.0,User17,,
1490182160260,Mouse Moved,295.0,294.0,User17,,
1490182160285,Mouse Moved,295.0,297.0,User17,,
1490182160299,Mouse Moved,293.0,298.0,User17,,
1490182160323,Mouse Moved,293.0,299.0,User17,,
1490182165779,Mouse Moved,294.0,299.0,User17,,
1490182165780,Mouse Button.left Pressed,294.0,299.0,User17,,
1490182165881,Mouse Moved,294.0,299.0,User17,,
1490182165960,Mouse Moved,283.0,307.0,User17,,
1490182166052,Mouse Moved,280.0,309.0,User17,,
1490182166082,Mouse Moved,275.0,320.0,User17,,
1490182166082,Mouse Moved,273.0,321.0,User17,,
1490182166095,Mouse Moved,272.0,324.0,User17,,
1490182166112,Mouse Moved,271.0,326.0,User17,,
1490182166127,Mouse Moved,270.0,327.0,User17,,
1490182166197,Mouse Moved,270.0,327.0,User17,,
1490182166198,Mouse Button.left Pressed,270.0,327.0,User17,,
1490182166276,Mouse Moved,270.0,327.0,User17,,
1490182166342,Mouse Moved,269.0,329.0,User17,,
1490182166367,Mouse Moved,269.0,330.0,User17,,
1490182166381,Mouse Moved,267.0,330.0,User17,,
1490182168368,Mouse Moved,264.0,322.0,User17,,
1490182168384,Mouse Moved,258.0,311.0,User17,,
1490182168400,Mouse Moved,255.0,307.0,User17,,
1490182168414,Mouse Moved,255.0,306.0,User17,,
1490182168450,Mouse Moved,255.0,305.0,User17,,
1490182168476,Mouse Moved,255.0,303.0,User17,,
1490182168687,Mouse Moved,255.0,302.0,User17,,
1490182168700,Mouse Moved,255.0,300.0,User17,,
1490182168734,Mouse Moved,264.0,292.0,User17,,
1490182168746,Mouse Moved,271.0,284.0,User17,,
1490182168762,Mouse Moved,273.0,280.0,User17,,
1490182168778,Mouse Moved,277.0,277.0,User17,,
1490182168789,Mouse Moved,278.0,274.0,User17,,
1490182168805,Mouse Moved,281.0,270.0,User17,,
1490182168819,Mouse Moved,282.0,269.0,User17,,
1490182168835,Mouse Moved,283.0,266.0,User17,,
1490182168857,Mouse Moved,286.0,263.0,User17,,
1490182168865,Mouse Moved,287.0,260.0,User17,,
1490182168882,Mouse Moved,288.0,259.0,User17,,
1490182168904,Mouse Moved,288.0,258.0,User17,,
1490182168990,Mouse Moved,288.0,258.0,User17,,
1490182168992,Mouse Button.left Pressed,288.0,258.0,User17,,
1490182169072,Mouse Moved,288.0,258.0,User17,,
1490182169242,Mouse Moved,288.0,252.0,User17,,
1490182169243,Mouse Moved,288.0,240.0,User17,,
1490182169256,Mouse Moved,288.0,229.0,User17,,
1490182169257,Mouse Moved,288.0,215.0,User17,,
1490182169273,Mouse Moved,290.0,203.0,User17,,
1490182169273,Mouse Moved,290.0,190.0,User17,,
1490182169286,Mouse Moved,290.0,168.0,User17,,
1490182169288,Mouse Moved,290.0,151.0,User17,,
1490182169303,Mouse Moved,290.0,118.0,User17,,
1490182169322,Mouse Moved,288.0,87.0,User17,,
1490182169332,Mouse Moved,285.0,83.0,User17,,
1490182169346,Mouse Moved,284.0,78.0,User17,,
1490182169348,Mouse Moved,281.0,74.0,User17,,
1490182169362,Mouse Moved,279.0,73.0,User17,,
1490182169364,Mouse Moved,278.0,70.0,User17,,
1490182169377,Mouse Moved,277.0,69.0,User17,,
1490182169378,Mouse Moved,274.0,67.0,User17,,
1490182169391,Mouse Moved,272.0,66.0,User17,,
1490182169394,Mouse Moved,270.0,65.0,User17,,
1490182169407,Mouse Moved,269.0,65.0,User17,,
1490182169407,Mouse Moved,268.0,64.0,User17,,
1490182169438,Mouse Moved,267.0,61.0,User17,,
1490182169450,Mouse Moved,265.0,58.0,User17,,
1490182169482,Mouse Moved,264.0,57.0,User17,,
1490182169503,Mouse Moved,263.0,56.0,User17,,
1490182169513,Mouse Moved,262.0,56.0,User17,,
1490182169532,Mouse Moved,259.0,56.0,User17,,
1490182169542,Mouse Moved,255.0,56.0,User17,,
1490182169555,Mouse Moved,253.0,56.0,User17,,
1490182169572,Mouse Moved,250.0,57.0,User17,,
1490182169586,Mouse Moved,249.0,57.0,User17,,
1490182169602,Mouse Moved,248.0,59.0,User17,,
1490182169622,Mouse Moved,247.0,59.0,User17,,
1490182169647,Mouse Moved,246.0,60.0,User17,,
1490182169661,Mouse Moved,244.0,61.0,User17,,
1490182171028,Mouse Moved,246.0,63.0,User17,,
1490182171029,Mouse Moved,254.0,67.0,User17,,
1490182171029,Mouse Moved,259.0,68.0,User17,,
1490182171029,Mouse Moved,263.0,70.0,User17,,
1490182171030,Mouse Moved,268.0,71.0,User17,,
1490182171032,Mouse Moved,271.0,73.0,User17,,
1490182171032,Mouse Moved,275.0,74.0,User17,,
1490182171033,Mouse Moved,278.0,74.0,User17,,
1490182171035,Mouse Moved,282.0,74.0,User17,,
1490182171035,Mouse Moved,283.0,75.0,User17,,
1490182171036,Mouse Moved,286.0,75.0,User17,,
1490182171036,Mouse Moved,287.0,75.0,User17,,
1490182171049,Mouse Moved,288.0,75.0,User17,,
1490182171332,Mouse Moved,289.0,75.0,User17,,
1490182171334,Mouse Moved,292.0,75.0,User17,,
1490182171335,Mouse Moved,300.0,75.0,User17,,
1490182171335,Mouse Moved,304.0,77.0,User17,,
1490182171336,Mouse Moved,306.0,77.0,User17,,
1490182171338,Mouse Moved,307.0,77.0,User17,,
1490182171338,Mouse Moved,308.0,77.0,User17,,
1490182171341,Mouse Moved,308.0,76.0,User17,,
1490182171342,Mouse Moved,308.0,76.0,User17,,
1490182171351,Mouse Moved,308.0,76.0,User17,,
1490182171354,Mouse Button.left Released,308.0,76.0,User17,,
1490182171644,Mouse Moved,310.0,84.0,User17,,
1490182171645,Mouse Moved,311.0,88.0,User17,,
1490182171647,Mouse Moved,317.0,97.0,User17,,
1490182171648,Mouse Moved,322.0,104.0,User17,,
1490182171648,Mouse Moved,332.0,114.0,User17,,
1490182171650,Mouse Moved,339.0,122.0,User17,,
1490182171650,Mouse Moved,349.0,126.0,User17,,
1490182200085,Mouse Moved,345.0,111.0,User17,,
1490182200098,Mouse Moved,341.0,99.0,User17,,
1490182200102,Mouse Moved,335.0,90.0,User17,,
1490182200114,Mouse Moved,332.0,87.0,User17,,
1490182200115,Mouse Moved,329.0,84.0,User17,,
1490182200150,Mouse Moved,325.0,82.0,User17,,
1490182200151,Mouse Moved,325.0,81.0,User17,,
1490182200151,Mouse Moved,323.0,81.0,User17,,
1490182200240,Mouse Moved,321.0,84.0,User17,,
1490182200252,Mouse Moved,319.0,90.0,User17,,
1490182200253,Mouse Moved,313.0,110.0,User17,,
1490182200273,Mouse Moved,306.0,127.0,User17,,
1490182200276,Mouse Moved,300.0,144.0,User17,,
1490182200278,Mouse Moved,291.0,167.0,User17,,
1490182200295,Mouse Moved,281.0,195.0,User17,,
1490182200296,Mouse Moved,264.0,232.0,User17,,
1490182200311,Mouse Moved,248.0,268.0,User17,,
1490182200312,Mouse Moved,236.0,313.0,User17,,
1490182200332,Mouse Moved,231.0,340.0,User17,,
1490182200334,Mouse Moved,229.0,359.0,User17,,
1490182200335,Mouse Moved,229.0,373.0,User17,,
1490182200342,Mouse Moved,229.0,382.0,User17,,
1490182200364,Mouse Moved,229.0,384.0,User17,,
1490182200365,Mouse Moved,229.0,385.0,User17,,
1490182200545,Mouse Moved,230.0,384.0,User17,,
1490182200555,Mouse Moved,233.0,380.0,User17,,
1490182200556,Mouse Moved,236.0,372.0,User17,,
1490182200575,Mouse Moved,240.0,362.0,User17,,
1490182200576,Mouse Moved,244.0,353.0,User17,,
1490182200582,Mouse Moved,246.0,344.0,User17,,
1490182200598,Mouse Moved,247.0,340.0,User17,,
1490182200598,Mouse Moved,249.0,335.0,User17,,
1490182200612,Mouse Moved,250.0,334.0,User17,,
1490182200614,Mouse Moved,250.0,333.0,User17,,
1490182200634,Mouse Moved,251.0,332.0,User17,,
1490182200637,Mouse Moved,251.0,329.0,User17,,
1490182200642,Mouse Moved,252.0,328.0,User17,,
1490182200658,Mouse Moved,252.0,327.0,User17,,
1490182200673,Mouse Moved,252.0,326.0,User17,,
1490182200862,Mouse Moved,252.0,327.0,User17,,
1490182200875,Mouse Moved,273.0,352.0,User17,,
1490182200877,Mouse Moved,282.0,359.0,User17,,
1490182200888,Mouse Moved,300.0,375.0,User17,,
1490182200901,Mouse Moved,321.0,389.0,User17,,
1490182200901,Mouse Moved,344.0,408.0,User17,,
1490182200917,Mouse Moved,365.0,421.0,User17,,
1490182200918,Mouse Moved,382.0,430.0,User17,,
1490182200940,Mouse Moved,402.0,443.0,User17,,
1490182200941,Mouse Moved,423.0,455.0,User17,,
1490182200943,Mouse Moved,445.0,468.0,User17,,
1490182200959,Mouse Moved,463.0,479.0,User17,,
1490182200966,Mouse Moved,481.0,490.0,User17,,
1490182200967,Mouse Moved,493.0,501.0,User17,,
1490182200980,Mouse Moved,501.0,508.0,User17,,
1490182200980,Mouse Moved,505.0,510.0,User17,,
1490182200993,Mouse Moved,505.0,511.0,User17,,
1490182201009,Mouse Moved,508.0,512.0,User17,,
1490182201025,Mouse Moved,509.0,513.0,User17,,
1490182201042,Mouse Moved,509.0,514.0,User17,,
1490182201265,Mouse Moved,511.0,512.0,User17,,
1490182201280,Mouse Moved,514.0,509.0,User17,,
1490182201293,Mouse Moved,515.0,508.0,User17,,
1490182201295,Mouse Moved,517.0,507.0,User17,,
1490182202154,Mouse Moved,517.0,505.0,User17,,
1490182208553,Mouse Moved,520.0,513.0,User17,,
1490182208555,Mouse Moved,562.0,510.0,User17,,
1490182208555,Mouse Moved,589.0,503.0,User17,,
1490182208559,Mouse Moved,609.0,497.0,User17,,
1490182208575,Mouse Moved,626.0,490.0,User17,,
1490182208576,Mouse Moved,644.0,479.0,User17,,
1490182208591,Mouse Moved,662.0,464.0,User17,,
1490182208615,Mouse Moved,677.0,451.0,User17,,
1490182208617,Mouse Moved,695.0,433.0,User17,,
1490182208618,Mouse Moved,713.0,414.0,User17,,
1490182208618,Mouse Moved,726.0,397.0,User17,,
1490182208625,Mouse Moved,732.0,385.0,User17,,
1490182208638,Mouse Moved,738.0,375.0,User17,,
1490182208640,Mouse Moved,742.0,368.0,User17,,
1490182208653,Mouse Moved,743.0,359.0,User17,,
1490182208667,Mouse Moved,745.0,351.0,User17,,
1490182208668,Mouse Moved,745.0,346.0,User17,,
1490182208683,Mouse Moved,745.0,342.0,User17,,
1490182208684,Mouse Moved,742.0,337.0,User17,,
1490182208684,Mouse Moved,737.0,332.0,User17,,
1490182208704,Mouse Moved,731.0,329.0,User17,,
1490182208706,Mouse Moved,721.0,325.0,User17,,
1490182208714,Mouse Moved,707.0,323.0,User17,,
1490182208727,Mouse Moved,691.0,321.0,User17,,
1490182208729,Mouse Moved,671.0,319.0,User17,,
1490182208743,Mouse Moved,655.0,319.0,User17,,
1490182208743,Mouse Moved,638.0,319.0,User17,,
1490182208757,Mouse Moved,622.0,319.0,User17,,
1490182208759,Mouse Moved,610.0,321.0,User17,,
1490182208773,Mouse Moved,599.0,321.0,User17,,
1490182208773,Mouse Moved,595.0,321.0,User17,,
1490182208789,Mouse Moved,591.0,321.0,User17,,
1490182208790,Mouse Moved,580.0,317.0,User17,,
1490182208805,Mouse Moved,575.0,314.0,User17,,
1490182208805,Mouse Moved,571.0,311.0,User17,,
1490182208825,Mouse Moved,562.0,304.0,User17,,
1490182208825,Mouse Moved,552.0,298.0,User17,,
1490182208826,Mouse Moved,547.0,295.0,User17,,
1490182208835,Mouse Moved,543.0,291.0,User17,,
1490182208848,Mouse Moved,538.0,288.0,User17,,
1490182208848,Mouse Moved,533.0,283.0,User17,,
1490182208871,Mouse Moved,531.0,280.0,User17,,
1490182208871,Mouse Moved,528.0,277.0,User17,,
1490182208880,Mouse Moved,523.0,272.0,User17,,
1490182208881,Mouse Moved,520.0,268.0,User17,,
1490182208894,Mouse Moved,519.0,267.0,User17,,
1490182208917,Mouse Moved,518.0,265.0,User17,,
1490182208977,Mouse Moved,512.0,264.0,User17,,
1490182208980,Mouse Moved,501.0,264.0,User17,,
1490182208980,Mouse Moved,486.0,270.0,User17,,
1490182208984,Mouse Moved,477.0,276.0,User17,,
1490182209000,Mouse Moved,467.0,280.0,User17,,
1490182209000,Mouse Moved,458.0,285.0,User17,,
1490182209023,Mouse Moved,449.0,289.0,User17,,
1490182209025,Mouse Moved,439.0,295.0,User17,,
1490182209032,Mouse Moved,432.0,298.0,User17,,
1490182209033,Mouse Moved,423.0,302.0,User17,,
1490182209049,Mouse Moved,419.0,304.0,User17,,
1490182209049,Mouse Moved,408.0,305.0,User17,,
1490182209062,Mouse Moved,399.0,307.0,User17,,
1490182209065,Mouse Moved,393.0,307.0,User17,,
1490182209075,Mouse Moved,389.0,307.0,User17,,
1490182209075,Mouse Moved,386.0,307.0,User17,,
1490182209089,Mouse Moved,381.0,309.0,User17,,
1490182209091,Mouse Moved,376.0,315.0,User17,,
1490182209127,Mouse Moved,375.0,322.0,User17,,
1490182209128,Mouse Moved,375.0,333.0,User17,,
1490182209131,Mouse Moved,379.0,345.0,User17,,
1490182209132,Mouse Moved,379.0,349.0,User17,,
1490182209138,Mouse Moved,390.0,354.0,User17,,
1490182209158,Mouse Moved,399.0,356.0,User17,,
1490182209160,Mouse Moved,407.0,356.0,User17,,
1490182209173,Mouse Moved,412.0,355.0,User17,,
1490182209174,Mouse Moved,418.0,351.0,User17,,
1490182209187,Mouse Moved,440.0,351.0,User17,,
1490182209187,Mouse Moved,464.0,354.0,User17,,
1490182209198,Mouse Moved,489.0,351.0,User17,,
1490182209211,Mouse Moved,495.0,339.0,User17,,
1490182209213,Mouse Moved,501.0,339.0,User17,,
1490182209226,Mouse Moved,506.0,339.0,User17,,
1490182209309,Mouse Moved,507.0,335.0,User17,,
1490182209312,Mouse Moved,507.0,330.0,User17,,
1490182209319,Mouse Moved,507.0,329.0,User17,,
1490182209336,Mouse Moved,506.0,328.0,User17,,
1490182209348,Mouse Moved,500.0,322.0,User17,,
1490182209348,Mouse Moved,499.0,321.0,User17,,
1490182209362,Mouse Moved,495.0,318.0,User17,,
1490182209364,Mouse Moved,492.0,318.0,User17,,
1490182209378,Mouse Moved,488.0,317.0,User17,,
1490182209380,Mouse Moved,485.0,317.0,User17,,
1490182209394,Mouse Moved,479.0,317.0,User17,,
1490182209394,Mouse Moved,468.0,317.0,User17,,
1490182209414,Mouse Moved,455.0,317.0,User17,,
1490182209414,Mouse Moved,438.0,319.0,User17,,
1490182209424,Mouse Moved,416.0,319.0,User17,,
1490182209424,Mouse Moved,400.0,319.0,User17,,
1490182209447,Mouse Moved,381.0,319.0,User17,,
1490182209447,Mouse Moved,364.0,319.0,User17,,
1490182209457,Mouse Moved,353.0,317.0,User17,,
1490182209457,Mouse Moved,347.0,317.0,User17,,
1490182209474,Mouse Moved,338.0,313.0,User17,,
1490182209476,Mouse Moved,333.0,312.0,User17,,
1490182209484,Mouse Moved,329.0,310.0,User17,,
1490182209500,Mouse Moved,326.0,310.0,User17,,
1490182209506,Mouse Moved,324.0,309.0,User17,,
1490182209516,Mouse Moved,322.0,308.0,User17,,
1490182209519,Mouse Moved,321.0,307.0,User17,,
1490182209546,Mouse Moved,320.0,307.0,User17,,
1490182209575,Mouse Moved,316.0,305.0,User17,,
1490182209575,Mouse Moved,312.0,305.0,User17,,
1490182209592,Mouse Moved,307.0,304.0,User17,,
1490182209594,Mouse Moved,304.0,302.0,User17,,
1490182209614,Mouse Moved,303.0,301.0,User17,,
1490182209615,Mouse Moved,301.0,301.0,User17,,
1490182209615,Mouse Moved,294.0,296.0,User17,,
1490182209625,Mouse Moved,291.0,295.0,User17,,
1490182209640,Mouse Moved,283.0,291.0,User17,,
1490182209641,Mouse Moved,273.0,288.0,User17,,
1490182209651,Mouse Moved,267.0,286.0,User17,,
1490182209653,Mouse Moved,260.0,283.0,User17,,
1490182209676,Mouse Moved,256.0,283.0,User17,,
1490182209688,Mouse Moved,255.0,283.0,User17,,
1490182209690,Mouse Moved,254.0,282.0,User17,,
1490182210029,Mouse Moved,254.0,282.0,User17,,
1490182210038,Mouse Moved,254.0,282.0,User17,,
1490182210039,Mouse Button.left Released,254.0,282.0,User17,,
1490182211269,Mouse Moved,254.0,282.0,User17,,
1490182211270,Mouse Button.left Pressed,254.0,282.0,User17,,
1490182211272,Mouse Moved,254.0,282.0,User17,,
1490182211273,Mouse Button.left Released,254.0,282.0,User17,,
1490182211576,Mouse Moved,257.0,271.0,User17,,
1490182211578,Mouse Moved,257.0,270.0,User17,,
1490182211579,Mouse Moved,258.0,270.0,User17,,
1490182211581,Mouse Moved,258.0,269.0,User17,,
1490182211582,Mouse Moved,258.0,268.0,User17,,
1490182211582,Mouse Moved,258.0,266.0,User17,,
1490182211584,Mouse Moved,259.0,266.0,User17,,
1490182211884,Mouse Moved,260.0,264.0,User17,,
1490182211885,Mouse Moved,262.0,259.0,User17,,
1490182211887,Mouse Moved,264.0,255.0,User17,,
1490182211888,Mouse Moved,267.0,252.0,User17,,
1490182211888,Mouse Moved,268.0,250.0,User17,,
1490182211890,Mouse Moved,269.0,248.0,User17,,
1490182211898,Mouse Moved,270.0,247.0,User17,,
1490182211898,Mouse Moved,270.0,246.0,User17,,
1490182211900,Mouse Button.left Pressed,270.0,246.0,User17,,
1490182211901,Mouse Moved,270.0,246.0,User17,,
1490182212486,Mouse Moved,269.0,246.0,User17,,
1490182212487,Mouse Moved,267.0,246.0,User17,,
1490182212489,Mouse Moved,266.0,246.0,User17,,
1490182212490,Mouse Moved,263.0,246.0,User17,,
1490182212492,Mouse Moved,257.0,247.0,User17,,
1490182212493,Mouse Moved,256.0,248.0,User17,,
1490182212493,Mouse Moved,255.0,248.0,User17,,
1490182212494,Mouse Moved,255.0,251.0,User17,,
1490182212496,Mouse Moved,252.0,260.0,User17,,
1490182212496,Mouse Moved,252.0,263.0,User17,,
1490182212497,Mouse Moved,251.0,279.0,User17,,
1490182212499,Mouse Moved,251.0,288.0,User17,,
1490182212499,Mouse Moved,251.0,293.0,User17,,
1490182212500,Mouse Moved,251.0,301.0,User17,,
1490182212730,Mouse Moved,251.0,300.0,User17,,
1490182212742,Mouse Moved,253.0,296.0,User17,,
1490182212753,Mouse Moved,253.0,289.0,User17,,
1490182212767,Mouse Moved,255.0,287.0,User17,,
1490182212960,Mouse Moved,254.0,287.0,User17,,
1490182212961,Mouse Button.left Pressed,254.0,287.0,User17,,
1490182213056,Mouse Moved,254.0,287.0,User17,,
1490182213058,Mouse Button.left Released,254.0,287.0,User17,,
1490182213769,Mouse Moved,261.0,287.0,User17,,
1490182213779,Mouse Moved,278.0,287.0,User17,,
1490182213792,Mouse Moved,327.0,287.0,User17,,
1490182213808,Mouse Moved,390.0,287.0,User17,,
1490182213823,Mouse Moved,480.0,287.0,User17,,
1490182213838,Mouse Moved,519.0,287.0,User17,,
1490182213858,Mouse Moved,626.0,290.0,User17,,
1490182213872,Mouse Moved,662.0,290.0,User17,,
1490182213884,Mouse Moved,668.0,290.0,User17,,
1490182213898,Mouse Moved,673.0,290.0,User17,,
1490182214239,Mouse Moved,645.0,305.0,User17,,
1490182214252,Mouse Moved,630.0,312.0,User17,,
1490182214262,Mouse Moved,593.0,327.0,User17,,
1490182214276,Mouse Moved,551.0,338.0,User17,,
1490182214309,Mouse Moved,529.0,342.0,User17,,
1490182214311,Mouse Moved,507.0,345.0,User17,,
1490182214312,Mouse Moved,482.0,347.0,User17,,
1490182214312,Mouse Moved,460.0,349.0,User17,,
1490182214322,Mouse Moved,436.0,349.0,User17,,
1490182214322,Mouse Moved,414.0,351.0,User17,,
1490182214336,Mouse Moved,389.0,351.0,User17,,
1490182214338,Mouse Moved,376.0,351.0,User17,,
1490182214352,Mouse Moved,359.0,353.0,User17,,
1490182214354,Mouse Moved,348.0,353.0,User17,,
1490182214444,Mouse Moved,339.0,353.0,User17,,
1490182214446,Mouse Moved,337.0,353.0,User17,,
1490182214447,Mouse Moved,334.0,353.0,User17,,
1490182214447,Mouse Moved,331.0,353.0,User17,,
1490182214482,Mouse Moved,330.0,353.0,User17,,
1490182214490,Mouse Moved,326.0,353.0,User17,,
1490182214513,Mouse Moved,324.0,353.0,User17,,
1490182214515,Mouse Moved,323.0,353.0,User17,,
1490182214516,Mouse Moved,321.0,352.0,User17,,
1490182214523,Mouse Moved,320.0,351.0,User17,,
1490182214543,Mouse Moved,319.0,351.0,User17,,
1490182214573,Mouse Moved,318.0,350.0,User17,,
1490182214582,Mouse Moved,317.0,349.0,User17,,
1490182214611,Mouse Moved,315.0,346.0,User17,,
1490182214632,Mouse Moved,314.0,343.0,User17,,
1490182214634,Mouse Moved,313.0,341.0,User17,,
1490182214644,Mouse Moved,312.0,339.0,User17,,
1490182214657,Mouse Moved,312.0,338.0,User17,,
1490182214703,Mouse Moved,312.0,336.0,User17,,
1490182214724,Mouse Moved,308.0,331.0,User17,,
1490182214733,Mouse Moved,308.0,330.0,User17,,
1490182214736,Mouse Moved,307.0,327.0,User17,,
1490182214753,Mouse Moved,306.0,326.0,User17,,
1490182214778,Mouse Moved,306.0,325.0,User17,,
1490182214792,Mouse Moved,306.0,324.0,User17,,
1490182214819,Mouse Moved,306.0,325.0,User17,,
1490182214821,Mouse Moved,306.0,325.0,User17,,
1490182214928,Mouse Moved,306.0,325.0,User17,,
1490182214930,Mouse Button.left Released,306.0,325.0,User17,,
1490182215289,Mouse Moved,300.0,335.0,User17,,
1490182215303,Mouse Moved,296.0,344.0,User17,,
1490182215319,Mouse Moved,291.0,358.0,User17,,
1490182215338,Mouse Moved,284.0,380.0,User17,,
1490182215348,Mouse Moved,283.0,389.0,User17,,
1490182215365,Mouse Moved,282.0,390.0,User17,,
1490182215380,Mouse Moved,282.0,394.0,User17,,
1490182215411,Mouse Moved,282.0,393.0,User17,,
1490182215413,Mouse Moved,282.0,393.0,User17,,
1490182215414,Mouse Button.left Pressed,282.0,393.0,User17,,
1490182215522,Mouse Moved,282.0,393.0,User17,,
1490182215523,Mouse Button.left Released,282.0,393.0,User17,,
1490182215592,Mouse Moved,282.0,395.0,User17,,
1490182215960,Mouse Moved,275.0,415.0,User17,,
1490182215970,Mouse Moved,273.0,424.0,User17,,
1490182215983,Mouse Moved,272.0,437.0,User17,,
1490182215999,Mouse Moved,272.0,449.0,User17,,
1490182216013,Mouse Moved,271.0,454.0,User17,,
1490182216032,Mouse Moved,271.0,455.0,User17,,
1490182216046,Mouse Moved,271.0,458.0,User17,,
1490182216322,Mouse Moved,271.0,457.0,User17,,
1490182216351,Mouse Moved,271.0,434.0,User17,,
1490182216367,Mouse Moved,269.0,408.0,User17,,
1490182216381,Mouse Moved,264.0,378.0,User17,,
1490182216398,Mouse Moved,260.0,347.0,User17,,
1490182216411,Mouse Moved,254.0,318.0,User17,,
1490182216427,Mouse Moved,251.0,303.0,User17,,
1490182216448,Mouse Moved,246.0,274.0,User17,,
1490182216459,Mouse Moved,246.0,269.0,User17,,
1490182216477,Mouse Moved,244.0,260.0,User17,,
1490182216486,Mouse Moved,244.0,253.0,User17,,
1490182216505,Mouse Moved,243.0,251.0,User17,,
1490182216516,Mouse Moved,243.0,249.0,User17,,
1490182216566,Mouse Moved,243.0,247.0,User17,,
1490182216690,Mouse Moved,243.0,248.0,User17,,
1490182216693,Mouse Moved,243.0,248.0,User17,,
1490182216694,Mouse Button.left Pressed,243.0,248.0,User17,,
1490182216798,Mouse Moved,243.0,248.0,User17,,
1490182216799,Mouse Button.left Released,243.0,248.0,User17,,
1490182217329,Mouse Moved,246.0,229.0,User17,,
1490182217344,Mouse Moved,252.0,198.0,User17,,
1490182217359,Mouse Moved,259.0,166.0,User17,,
1490182217375,Mouse Moved,272.0,127.0,User17,,
1490182217391,Mouse Moved,287.0,87.0,User17,,
1490182217404,Mouse Moved,296.0,67.0,User17,,
1490182217426,Mouse Moved,303.0,50.0,User17,,
1490182217427,Mouse Moved,309.0,35.0,User17,,
1490182217430,Mouse Moved,313.0,23.0,User17,,
1490182217444,Mouse Moved,319.0,14.0,User17,,
1490182217444,Mouse Moved,322.0,7.0,User17,,
1490182217453,Mouse Moved,324.0,3.0,User17,,
1490182218220,Mouse Moved,345.0,1.0,User17,,
1490182218223,Mouse Moved,347.0,16.0,User17,,
1490182218223,Mouse Moved,347.0,24.0,User17,,
1490182218236,Mouse Moved,348.0,33.0,User17,,
1490182218246,Mouse Moved,354.0,45.0,User17,,
1490182218247,Mouse Moved,358.0,54.0,User17,,
1490182218249,Mouse Moved,362.0,64.0,User17,,
1490182218259,Mouse Moved,368.0,73.0,User17,,
1490182218269,Mouse Moved,371.0,83.0,User17,,
1490182218285,Mouse Moved,385.0,102.0,User17,,
1490182218309,Mouse Moved,391.0,112.0,User17,,
1490182218311,Mouse Moved,395.0,116.0,User17,,
1490182218312,Mouse Moved,403.0,124.0,User17,,
1490182218315,Mouse Moved,408.0,128.0,User17,,
1490182218318,Mouse Moved,411.0,133.0,User17,,
1490182218329,Mouse Moved,412.0,136.0,User17,,
1490182218344,Mouse Moved,417.0,141.0,User17,,
1490182218345,Mouse Moved,418.0,143.0,User17,,
1490182218359,Mouse Moved,419.0,144.0,User17,,
1490182218361,Mouse Moved,424.0,150.0,User17,,
1490182218374,Mouse Moved,425.0,157.0,User17,,
1490182218375,Mouse Moved,428.0,161.0,User17,,
1490182218398,Mouse Moved,432.0,168.0,User17,,
1490182218400,Mouse Moved,435.0,172.0,User17,,
1490182218404,Mouse Moved,436.0,177.0,User17,,
1490182218405,Mouse Moved,438.0,183.0,User17,,
1490182218424,Mouse Moved,439.0,188.0,User17,,
1490182218427,Mouse Moved,439.0,189.0,User17,,
1490182218434,Mouse Moved,439.0,193.0,User17,,
1490182218434,Mouse Moved,439.0,195.0,User17,,
1490182218450,Mouse Moved,439.0,197.0,User17,,
1490182218450,Mouse Moved,439.0,199.0,User17,,
1490182218464,Mouse Moved,439.0,202.0,User17,,
1490182218466,Mouse Moved,438.0,206.0,User17,,
1490182218479,Mouse Moved,438.0,209.0,User17,,
1490182218493,Mouse Moved,436.0,212.0,User17,,
1490182218494,Mouse Moved,435.0,216.0,User17,,
1490182218517,Mouse Moved,433.0,219.0,User17,,
1490182218519,Mouse Moved,433.0,225.0,User17,,
1490182218519,Mouse Moved,432.0,226.0,User17,,
1490182218526,Mouse Moved,432.0,230.0,User17,,
1490182218529,Mouse Moved,431.0,236.0,User17,,
1490182218549,Mouse Moved,431.0,238.0,User17,,
1490182218549,Mouse Moved,431.0,243.0,User17,,
1490182218563,Mouse Moved,431.0,247.0,User17,,
1490182218565,Mouse Moved,431.0,253.0,User17,,
1490182218572,Mouse Moved,431.0,258.0,User17,,
1490182218588,Mouse Moved,432.0,266.0,User17,,
1490182218592,Mouse Moved,434.0,275.0,User17,,
1490182218607,Mouse Moved,436.0,281.0,User17,,
1490182218611,Mouse Moved,437.0,288.0,User17,,
1490182218615,Mouse Moved,441.0,297.0,User17,,
1490182218627,Mouse Moved,443.0,303.0,User17,,
1490182218632,Mouse Moved,446.0,310.0,User17,,
1490182218638,Mouse Moved,452.0,322.0,User17,,
1490182218644,Mouse Moved,456.0,331.0,User17,,
1490182218650,Mouse Moved,461.0,341.0,User17,,
1490182218667,Mouse Moved,465.0,350.0,User17,,
1490182218671,Mouse Moved,469.0,360.0,User17,,
1490182218677,Mouse Moved,473.0,369.0,User17,,
1490182218680,Mouse Moved,476.0,378.0,User17,,
1490182218694,Mouse Moved,478.0,387.0,User17,,
1490182218700,Mouse Moved,482.0,396.0,User17,,
1490182218717,Mouse Moved,484.0,405.0,User17,,
1490182218720,Mouse Moved,485.0,414.0,User17,,
1490182218724,Mouse Moved,485.0,420.0,User17,,
1490182218729,Mouse Moved,487.0,429.0,User17,,
1490182218747,Mouse Moved,487.0,433.0,User17,,
1490182218749,Mouse Moved,487.0,437.0,User17,,
1490182218750,Mouse Moved,487.0,440.0,User17,,
1490182218757,Mouse Moved,487.0,444.0,User17,,
1490182218773,Mouse Moved,486.0,447.0,User17,,
1490182218773,Mouse Moved,483.0,452.0,User17,,
1490182218786,Mouse Moved,481.0,453.0,User17,,
1490182218786,Mouse Moved,480.0,455.0,User17,,
1490182218799,Mouse Moved,479.0,457.0,User17,,
1490182218801,Mouse Moved,476.0,458.0,User17,,
1490182218825,Mouse Moved,475.0,461.0,User17,,
1490182218826,Mouse Moved,472.0,462.0,User17,,
1490182218836,Mouse Moved,471.0,463.0,User17,,
1490182218852,Mouse Moved,470.0,463.0,User17,,
1490182218861,Mouse Moved,467.0,466.0,User17,,
1490182218957,Mouse Moved,467.0,465.0,User17,,
1490182218957,Mouse Moved,473.0,459.0,User17,,
1490182218969,Mouse Moved,476.0,456.0,User17,,
1490182218986,Mouse Moved,483.0,451.0,User17,,
1490182218987,Mouse Moved,488.0,446.0,User17,,
1490182218996,Mouse Moved,495.0,441.0,User17,,
1490182218997,Mouse Moved,500.0,436.0,User17,,
1490182219013,Mouse Moved,505.0,429.0,User17,,
1490182219015,Mouse Moved,512.0,423.0,User17,,
1490182219032,Mouse Moved,520.0,414.0,User17,,
1490182219033,Mouse Moved,524.0,404.0,User17,,
1490182219035,Mouse Moved,527.0,395.0,User17,,
1490182219042,Mouse Moved,529.0,381.0,User17,,
1490182219063,Mouse Moved,531.0,367.0,User17,,
1490182219065,Mouse Moved,531.0,348.0,User17,,
1490182219066,Mouse Moved,531.0,326.0,User17,,
1490182219075,Mouse Moved,531.0,302.0,User17,,
1490182219088,Mouse Moved,531.0,280.0,User17,,
1490182219088,Mouse Moved,529.0,250.0,User17,,
1490182219104,Mouse Moved,524.0,225.0,User17,,
1490182219105,Mouse Moved,518.0,197.0,User17,,
1490182219124,Mouse Moved,511.0,172.0,User17,,
1490182219125,Mouse Moved,504.0,147.0,User17,,
1490182219134,Mouse Moved,486.0,110.0,User17,,
1490182219148,Mouse Moved,480.0,98.0,User17,,
1490182219164,Mouse Moved,474.0,83.0,User17,,
1490182219165,Mouse Moved,469.0,76.0,User17,,
1490182219177,Mouse Moved,466.0,72.0,User17,,
1490182219178,Mouse Moved,460.0,63.0,User17,,
1490182219193,Mouse Moved,457.0,58.0,User17,,
1490182219196,Mouse Moved,454.0,54.0,User17,,
1490182219207,Mouse Moved,451.0,51.0,User17,,
1490182219209,Mouse Moved,447.0,46.0,User17,,
1490182219223,Mouse Moved,445.0,43.0,User17,,
1490182219223,Mouse Moved,440.0,39.0,User17,,
1490182219246,Mouse Moved,433.0,33.0,User17,,
1490182219247,Mouse Moved,432.0,32.0,User17,,
1490182219249,Mouse Moved,428.0,29.0,User17,,
1490182219256,Mouse Moved,425.0,28.0,User17,,
1490182219276,Mouse Moved,424.0,27.0,User17,,
1490182219276,Mouse Moved,423.0,27.0,User17,,
1490182219290,Mouse Moved,422.0,26.0,User17,,
1490182219316,Mouse Moved,421.0,26.0,User17,,
1490182219344,Mouse Moved,420.0,26.0,User17,,
1490182219374,Mouse Moved,418.0,26.0,User17,,
1490182219403,Mouse Moved,418.0,27.0,User17,,
1490182219640,Mouse Moved,418.0,26.0,User17,,
1490182219641,Mouse Moved,418.0,26.0,User17,,
1490182219720,Mouse Moved,418.0,26.0,User17,,
1490182219721,Mouse Button.left Released,418.0,26.0,User17,,
1490182219825,Mouse Moved,418.0,26.0,User17,,
1490182219826,Mouse Button.left Pressed,418.0,26.0,User17,,
1490182220112,Mouse Moved,418.0,26.0,User17,,
1490182220114,Mouse Button.left Released,418.0,26.0,User17,,
1490182221115,Mouse Moved,417.0,28.0,User17,,
1490182221131,Mouse Moved,417.0,32.0,User17,,
1490182221131,Mouse Moved,417.0,33.0,User17,,
1490182221407,Mouse Moved,417.0,38.0,User17,,
1490182221410,Mouse Moved,417.0,41.0,User17,,
1490182221411,Mouse Moved,417.0,45.0,User17,,
1490182221411,Mouse Moved,417.0,48.0,User17,,
1490182221414,Mouse Moved,417.0,52.0,User17,,
1490182221415,Mouse Moved,417.0,61.0,User17,,
1490182221417,Mouse Moved,417.0,67.0,User17,,
1490182221417,Mouse Moved,419.0,75.0,User17,,
1490182221418,Mouse Moved,419.0,79.0,User17,,
1490182221418,Mouse Moved,419.0,88.0,User17,,
1490182221421,Mouse Moved,419.0,96.0,User17,,
1490182221421,Mouse Moved,421.0,108.0,User17,,
1490182221423,Mouse Moved,421.0,119.0,User17,,
1490182221424,Mouse Moved,421.0,132.0,User17,,
1490182221424,Mouse Moved,423.0,147.0,User17,,
1490182221424,Mouse Moved,423.0,155.0,User17,,
1490182221427,Mouse Moved,425.0,180.0,User17,,
1490182221428,Mouse Moved,425.0,191.0,User17,,
1490182221430,Mouse Moved,425.0,211.0,User17,,
1490182221430,Mouse Moved,427.0,228.0,User17,,
1490182221431,Mouse Moved,430.0,251.0,User17,,
1490182221433,Mouse Moved,438.0,277.0,User17,,
1490182221433,Mouse Moved,451.0,303.0,User17,,
1490182221434,Mouse Moved,453.0,307.0,User17,,
1490182221434,Mouse Moved,461.0,321.0,User17,,
1490182221436,Mouse Moved,474.0,337.0,User17,,
1490182221437,Mouse Moved,483.0,346.0,User17,,
1490182221437,Mouse Moved,493.0,356.0,User17,,
1490182221719,Mouse Moved,498.0,363.0,User17,,
1490182221720,Mouse Moved,503.0,368.0,User17,,
1490182221721,Mouse Moved,511.0,378.0,User17,,
1490182221721,Mouse Moved,519.0,390.0,User17,,
1490182221723,Mouse Moved,522.0,399.0,User17,,
1490182221723,Mouse Moved,531.0,412.0,User17,,
1490182221724,Mouse Moved,539.0,424.0,User17,,
1490182221726,Mouse Moved,547.0,434.0,User17,,
1490182221726,Mouse Moved,555.0,444.0,User17,,
1490182221726,Mouse Moved,559.0,448.0,User17,,
1490182221727,Mouse Moved,565.0,458.0,User17,,
1490182221729,Mouse Moved,571.0,467.0,User17,,
1490182221729,Mouse Moved,574.0,472.0,User17,,
1490182221730,Mouse Moved,575.0,473.0,User17,,
1490182221730,Mouse Moved,576.0,477.0,User17,,
1490182221732,Mouse Moved,578.0,480.0,User17,,
1490182221733,Mouse Moved,579.0,481.0,User17,,
1490182221733,Mouse Moved,579.0,484.0,User17,,
1490182221740,Mouse Moved,580.0,485.0,User17,,
1490182221740,Mouse Moved,581.0,487.0,User17,,
1490182221742,Mouse Moved,581.0,489.0,User17,,
1490182221743,Mouse Moved,583.0,491.0,User17,,
1490182221743,Mouse Moved,584.0,492.0,User17,,
1490182221743,Mouse Moved,584.0,495.0,User17,,
1490182221744,Mouse Moved,585.0,496.0,User17,,
1490182221746,Mouse Moved,585.0,497.0,User17,,
1490182221746,Mouse Moved,585.0,498.0,User17,,
1490182221747,Mouse Moved,586.0,501.0,User17,,
1490182221747,Mouse Moved,586.0,502.0,User17,,
1490182222029,Mouse Moved,586.0,504.0,User17,,
1490182222030,Mouse Moved,586.0,506.0,User17,,
1490182222035,Mouse Moved,586.0,507.0,User17,,
1490182222315,Mouse Moved,586.0,506.0,User17,,
1490182222316,Mouse Moved,586.0,508.0,User17,,
1490182222318,Mouse Moved,586.0,509.0,User17,,
1490182222319,Mouse Moved,586.0,510.0,User17,,
1490182222319,Mouse Moved,588.0,511.0,User17,,
1490182222319,Mouse Moved,587.0,511.0,User17,,
1490182222321,Mouse Scrolled (0 -1),587.0,511.0,User17,,
1490182222322,Mouse Moved,587.0,511.0,User17,,
1490182222331,Mouse Moved,587.0,511.0,User17,,
1490182222332,Mouse Scrolled (0 -1),587.0,511.0,User17,,
1490182222548,Mouse Moved,587.0,511.0,User17,,
1490182222549,Mouse Scrolled (0 1),587.0,511.0,User17,,
1490182222559,Mouse Moved,587.0,511.0,User17,,
1490182222592,Mouse Moved,587.0,511.0,User17,,
1490182222594,Mouse Scrolled (0 1),587.0,511.0,User17,,
1490182223066,Mouse Moved,588.0,513.0,User17,,
1490182223076,Mouse Moved,588.0,522.0,User17,,
1490182223092,Mouse Moved,590.0,538.0,User17,,
1490182223094,Mouse Moved,594.0,555.0,User17,,
1490182223107,Mouse Moved,600.0,567.0,User17,,
1490182223108,Mouse Moved,606.0,587.0,User17,,
1490182223131,Mouse Moved,613.0,599.0,User17,,
1490182223131,Mouse Moved,619.0,617.0,User17,,
1490182223131,Mouse Moved,625.0,629.0,User17,,
1490182223141,Mouse Moved,629.0,643.0,User17,,
1490182223168,Mouse Moved,633.0,652.0,User17,,
1490182223170,Mouse Moved,636.0,659.0,User17,,
1490182223171,Mouse Moved,638.0,668.0,User17,,
1490182223171,Mouse Moved,640.0,677.0,User17,,
1490182223184,Mouse Moved,640.0,685.0,User17,,
1490182223184,Mouse Moved,640.0,690.0,User17,,
1490182223204,Mouse Moved,641.0,694.0,User17,,
1490182223207,Mouse Moved,641.0,698.0,User17,,
1490182223214,Mouse Moved,641.0,709.0,User17,,
1490182223230,Mouse Moved,641.0,718.0,User17,,
1490182223243,Mouse Moved,640.0,724.0,User17,,
1490182223259,Mouse Moved,640.0,731.0,User17,,
