{
  "n": [
    1,
    2,
    3,
    4,
    5,
    6,
    7,
    8,
    9,
    10
  ],
  "avg_eer": [
    0.173355327322235,
    0.14526641116557862,
    0.13108809086280657,
    0.1241700935076372,
    0.11811077971472408,
    0.11299685476891207,
    0.11020822925307305,
    0.10686972344677657,
    0.10537699501804565,
    0.1019542792191528
  ],
  "avg_auc": [
    0.903729752579317,
    0.9259062349166355,
    0.9360176854894189,
    0.942198148789514,
    0.9462465250572085,
    0.9493993771576543,
    0.9517297173580606,
    0.9540652671730406,
    0.9554198672683455,
    0.9568500314458703
  ]
}