{
  "n": [
    1,
    2,
    3,
    4,
    5,
    6,
    7,
    8,
    9,
    10
  ],
  "avg_eer": [
    0.17435762135852198,
    0.14681687505713523,
    0.13375235944376618,
    0.1262134392117466,
    0.11993111547099412,
    0.11597276741053487,
    0.11252068773672157,
    0.10945657171653826,
    0.10735526336928676,
    0.10578637469134429
  ],
  "avg_auc": [
    0.9029220844189091,
    0.9247511888264299,
    0.9346596179464927,
    0.9406162040625041,
    0.9445635428960812,
    0.947638793301398,
    0.9499008025543783,
    0.9521749035948297,
    0.9535816595546633,
    0.9548745116237043
  ]
}