{
  "n": [
    1,
    2,
    3,
    4,
    5,
    6,
    7,
    8,
    9,
    10
  ],
  "avg_eer": [
    0.18717182740983013,
    0.15585340392212063,
    0.13827373839872978,
    0.12939117945630962,
    0.12157290112731338,
    0.11495272429548009,
    0.11071165345198056,
    0.10686837833164253,
    0.10348629571301358,
    0.1023942412001491
  ],
  "avg_auc": [
    0.8953892595261916,
    0.9204448046854925,
    0.9322170586651009,
    0.9393564265512377,
    0.9441333232867567,
    0.9479301178029048,
    0.9506419703837564,
    0.9530206305888972,
    0.9548477652887389,
    0.956565084306621
  ]
}