{
  "user12": {
    "1": {
      "User": "user12",
      "n": 1,
      "EER": 0.12556962025263133,
      "AUC": 0.9488696424605818
    },
    "2": {
      "User": "user12",
      "n": 2,
      "EER": 0.09713024282461771,
      "AUC": 0.9723406115445982
    }
  },
  "user15": {
    "1": {
      "User": "user15",
      "n": 1,
      "EER": 0.08521906596001017,
      "AUC": 0.9732883203032456
    },
    "2": {
      "User": "user15",
      "n": 2,
      "EER": 0.04192872117409609,
      "AUC": 0.9890431549384915
    }
  },
  "user16": {
    "1": {
      "User": "user16",
      "n": 1,
      "EER": 0.12288786482450412,
      "AUC": 0.9442498719918074
    },
    "2": {
      "User": "user16",
      "n": 2,
      "EER": 0.10122358175836339,
      "AUC": 0.9628393688460428
    }
  },
  "user20": {
    "1": {
      "User": "user20",
      "n": 1,
      "EER": 0.08783783783782659,
      "AUC": 0.9735141867089954
    },
    "2": {
      "User": "user20",
      "n": 2,
      "EER": 0.052023121388612585,
      "AUC": 0.9886265570300415
    }
  },
  "user21": {
    "1": {
      "User": "user21",
      "n": 1,
      "EER": 0.04406130268218579,
      "AUC": 0.9904422788605697
    },
    "2": {
      "User": "user21",
      "n": 2,
      "EER": 0.02189781021991972,
      "AUC": 0.9957855404935696
    }
  },
  "user23": {
    "1": {
      "User": "user23",
      "n": 1,
      "EER": 0.09717568214483545,
      "AUC": 0.9685487054160054
    },
    "2": {
      "User": "user23",
      "n": 2,
      "EER": 0.07999999999999846,
      "AUC": 0.9826332288401254
    }
  },
  "user29": {
    "1": {
      "User": "user29",
      "n": 1,
      "EER": 0.09477756286193467,
      "AUC": 0.9708610932015187
    },
    "2": {
      "User": "user29",
      "n": 2,
      "EER": 0.06896551724137938,
      "AUC": 0.9797790777951383
    }
  },
  "user35": {
    "1": {
      "User": "user35",
      "n": 1,
      "EER": 0.09433962264155267,
      "AUC": 0.9730882392636381
    },
    "2": {
      "User": "user35",
      "n": 2,
      "EER": 0.04545454545454568,
      "AUC": 0.98878976682715
    }
  },
  "user7": {
    "1": {
      "User": "user7",
      "n": 1,
      "EER": 0.020833333333349607,
      "AUC": 0.9971911140389401
    },
    "2": {
      "User": "user7",
      "n": 2,
      "EER": 0.01882057716392115,
      "AUC": 0.9987632192149131
    }
  },
  "user9": {
    "1": {
      "User": "user9",
      "n": 1,
      "EER": 0.01720310765738263,
      "AUC": 0.999060340270301
    },
    "2": {
      "User": "user9",
      "n": 2,
      "EER": 0.0036855036843125343,
      "AUC": 0.9999236165039274
    }
  }
}