{
    "n": [
      1,
      2,
      3,
      4,
      5,
      6,
      7,
      8,
      9,
      10,
      11,
      12,
      13,
      14,
      15
    ],
    "avg_eer": [
      0.07866779711810482,
      0.05154503305148437,
      0.035278495753212194,
      0.02943307701276223,
      0.020471554194694364,
      0.02124961129334253,
      0.014443518685346829,
      0.015463342376935718,
      0.012707507230374875,
      0.011075022318802145,
      0.011139275805830424,
      0.005013151184056522,
      0.0025704225108295286,
      0.0006172839506344441,
      0.0
    ],
    "avg_auc": [
      0.9747210319806194,
      0.9879869190698409,
      0.9926046640710953,
      0.9945013127718951,
      0.9967524499288094,
      0.9975046716559488,
      0.9977474629402794,
      0.9976164147835572,
      0.9982924211921802,
      0.9984603806007157,
      0.9978037659010279,
      0.9989018321067462,
      0.9990658102721405,
      0.9996913580246914,
      1.0
    ]
  }