{
  "n": [
    1,
    2,
    3,
    4,
    5,
    6,
    7,
    8,
    9,
    10,
    11,
    12,
    13,
    14,
    15,
    16,
    17,
    18,
    19,
    20,
    21,
    22,
    23,
    24,
    25,
    26,
    27,
    28,
    29,
    30
  ],
  "avg_eer": [
    0.14759525337600313,
    0.12199482538371989,
    0.10409076490214864,
    0.09698722116012101,
    0.08920626408889726,
    0.08455648994863338,
    0.07935991673959496,
    0.0726437212340167,
    0.06508130862226649,
    0.06947780876399408,
    0.06253885094028978,
    0.058128427009403606,
    0.05771419565830804,
    0.057542885022331715,
    0.06041929292890652,
    0.06265418246463478,
    0.06161406609130678,
    0.050994360147689786,
    0.048745170878578346,
    0.04208135874599282,
    0.04155587442563889,
    0.03524687398802683,
    0.0333114870320147,
    0.02775593056316361,
    0.025718891079788093,
    0.023574923094258845,
    0.012925774054339062,
    0.012748531448910966,
    0.01158040883255767,
    0.011081818561252808
  ],
  "avg_auc": [
    0.9250518648346411,
    0.9438452781029791,
    0.95442429104084,
    0.960664490114784,
    0.9640571221812829,
    0.9685402460184183,
    0.9709499950897491,
    0.9718323464080362,
    0.9757416863606568,
    0.9756450669030678,
    0.9775938909589531,
    0.9800464477452376,
    0.9813640467016587,
    0.9807404855043493,
    0.9805166957442684,
    0.980223093088487,
    0.9813453643593271,
    0.9856534239614184,
    0.9867609529000229,
    0.9875245485740172,
    0.9867609676593002,
    0.9874376095610502,
    0.9879606636179655,
    0.9888945624472896,
    0.9899831010364025,
    0.9910934285192564,
    0.9953850603037102,
    0.9957103919151912,
    0.9955412983848866,
    0.9957031475977247
  ]
}