{
  "n": [
    1,
    2,
    3,
    4,
    5,
    6,
    7,
    8,
    9,
    10,
    11,
    12,
    13,
    14,
    15,
    16,
    17,
    18,
    19,
    20,
    21,
    22,
    23,
    24,
    25,
    26,
    27,
    28,
    29,
    30,
    31,
    32,
    33,
    34,
    35,
    36,
    37,
    38,
    39,
    40,
    41,
    42,
    43,
    44,
    45,
    46,
    47,
    48,
    49
  ],
  "avg_eer": [
    0.22284792723496855,
    0.1285138652371632,
    0.08453913209827693,
    0.058400286324541154,
    0.041599974445724525,
    0.031280590981745286,
    0.021967211693598755,
    0.016563051352864778,
    0.011986680735074905,
    0.009221321596255456,
    0.005455235309089114,
    0.00527464509186199,
    0.003539395420662805,
    0.003556147687596304,
    0.002918991341461489,
    0.0018876590673558027,
    0.001445218721513672,
    0.0008763891539610078,
    0.0003946955057470429,
    0.00015113350127643095,
    0.00031822712994477914,
    0.00011167534225135687,
    0.0001738122828644761,
    0.00012091898439931996,
    6.389776367348942e-05,
    0.0,
    0.0,
    0.0,
    0.0,
    0.0,
    0.0,
    0.0,
    0.0,
    0.0,
    0.0,
    0.0,
    0.0,
    0.0,
    0.0,
    0.0,
    0.0,
    0.0,
    0.0,
    0.0,
    0.0,
    0.0,
    0.0,
    0.0,
    0.0
  ],
  "avg_auc": [
    0.8610785886909553,
    0.9362972240669493,
    0.9678280454744523,
    0.9828407589748777,
    0.9906354510453508,
    0.994555823569726,
    0.9969001154015753,
    0.998162067794301,
    0.9989228508673905,
    0.9993372866072001,
    0.9996738066533254,
    0.9997240559161273,
    0.9998598894130509,
    0.999877025064761,
    0.9998849724098424,
    0.9999576369464396,
    0.999982407743504,
    0.9999843236236673,
    0.999995529410393,
    0.9999983749085886,
    0.9999965647935202,
    0.9999983344676011,
    0.999997854169349,
    0.9999984296235809,
    0.9999993412601693,
    1.0,
    1.0,
    1.0,
    1.0,
    1.0,
    1.0,
    1.0,
    1.0,
    1.0,
    1.0,
    1.0,
    1.0,
    1.0,
    1.0,
    1.0,
    1.0,
    1.0,
    1.0,
    1.0,
    1.0,
    1.0,
    1.0,
    1.0,
    1.0
  ]
}