{
  "n": [
    1,
    2,
    3,
    4,
    5,
    6,
    7,
    8,
    9,
    10,
    11,
    12,
    13,
    14,
    15,
    16,
    17,
    18,
    19,
    20,
    21,
    22,
    23,
    24,
    25,
    26,
    27,
    28,
    29,
    30,
    31,
    32,
    33,
    34,
    35,
    36,
    37,
    38,
    39,
    40,
    41,
    42,
    43,
    44,
    45,
    46,
    47,
    48,
    49
  ],
  "avg_eer": [
    0.15193756542033704,
    0.08392599450536482,
    0.05287140422195804,
    0.035351576028005,
    0.023380179587961347,
    0.01599986497602554,
    0.0075561664700809356,
    0.008140029046647382,
    0.0036862627607141692,
    0.0015017345931192395,
    0.0013250359833617842,
    0.0001953125000857641,
    0.00023310023319926695,
    0.00047841699928398375,
    0.0002444987775744036,
    0.0,
    0.00027700831028946857,
    0.00029325513215721786,
    0.0,
    0.0,
    0.0,
    0.0,
    0.0,
    0.0,
    0.0,
    0.0,
    0.0,
    0.0,
    0.0,
    0.0,
    0.0,
    0.0,
    0.0,
    0.0,
    0.0,
    0.0,
    0.0,
    0.0,
    0.0,
    0.0,
    0.0,
    0.0,
    0.0,
    0.0,
    0.0,
    0.0,
    0.0,
    0.0,
    0.0
  ],
  "avg_auc": [
    0.9222349200978087,
    0.967484255491469,
    0.9862508495155368,
    0.9930787320725016,
    0.9967051639601812,
    0.9984024653191412,
    0.9992367980863925,
    0.9994350001779141,
    0.9996108524313865,
    0.9999256289103737,
    0.9999394491011204,
    0.9999733664772726,
    0.9999925999925999,
    0.999983763121947,
    0.999972833469166,
    1.0,
    0.9999815327793167,
    0.999980449657869,
    1.0,
    1.0,
    1.0,
    1.0,
    1.0,
    1.0,
    1.0,
    1.0,
    1.0,
    1.0,
    1.0,
    1.0,
    1.0,
    1.0,
    1.0,
    1.0,
    1.0,
    1.0,
    1.0,
    1.0,
    1.0,
    1.0,
    1.0,
    1.0,
    1.0,
    1.0,
    1.0,
    1.0,
    1.0,
    1.0,
    1.0
  ]
}