{
  "n": [
    1,
    2,
    3,
    4,
    5,
    6,
    7,
    8,
    9,
    10,
    11,
    12,
    13,
    14,
    15,
    16,
    17,
    18,
    19,
    20,
    21,
    22,
    23,
    24,
    25,
    26,
    27,
    28,
    29,
    30,
    31,
    32,
    33,
    34,
    35,
    36,
    37,
    38,
    39,
    40,
    41,
    42,
    43,
    44,
    45,
    46,
    47,
    48,
    49
  ],
  "avg_eer": [
    0.17487560869523006,
    0.0905086659152048,
    0.058906250375343236,
    0.03877410631657714,
    0.025949779988467224,
    0.015965809507513487,
    0.013757684333389687,
    0.007515566036832564,
    0.00574907975867531,
    0.003266157782127085,
    0.0015067982502450258,
    0.0005131474716802246,
    0.00010822510826085596,
    0.0,
    0.0002666666667067597,
    0.0001422475107488264,
    0.0001510574018394421,
    0.0,
    0.0,
    0.0,
    0.0,
    0.0,
    0.0,
    0.0,
    0.0,
    0.0,
    0.0,
    0.0,
    0.0,
    0.0,
    0.0,
    0.0,
    0.0,
    0.0,
    0.0,
    0.0,
    0.0,
    0.0,
    0.0,
    0.0,
    0.0,
    0.0,
    0.0,
    0.0,
    0.0,
    0.0,
    0.0,
    0.0,
    0.0
  ],
  "avg_auc": [
    0.9051815083512528,
    0.96136295191717,
    0.9828241889711894,
    0.9919003253560819,
    0.9962691405623957,
    0.9980115022089858,
    0.9987066213713465,
    0.9995553992123348,
    0.9998244139603069,
    0.9999102512795677,
    0.9999785564050641,
    0.9999861863083032,
    0.9999982544337384,
    1.0,
    0.9999961904761905,
    0.9999956894693737,
    0.9999967514537245,
    1.0,
    1.0,
    1.0,
    1.0,
    1.0,
    1.0,
    1.0,
    1.0,
    1.0,
    1.0,
    1.0,
    1.0,
    1.0,
    1.0,
    1.0,
    1.0,
    1.0,
    1.0,
    1.0,
    1.0,
    1.0,
    1.0,
    1.0,
    1.0,
    1.0,
    1.0,
    1.0,
    1.0,
    1.0,
    1.0,
    1.0,
    1.0
  ]
}