{
  "n": [
    1,
    2,
    3,
    4,
    5,
    6,
    7,
    8,
    9,
    10,
    11,
    12,
    13,
    14,
    15,
    16,
    17,
    18,
    19,
    20,
    21,
    22,
    23,
    24,
    25,
    26,
    27,
    28,
    29,
    30
  ],
  "avg_eer": [
    0.14000986311203487,
    0.11782334881950576,
    0.09921473792969891,
    0.09178968350768184,
    0.08750187050052878,
    0.08142687236074586,
    0.07865537706140686,
    0.07375257172581001,
    0.07278359127230669,
    0.07097467464571397,
    0.07017706879505572,
    0.057864138985469514,
    0.06314138626050045,
    0.0619916609191679,
    0.0581644000974821,
    0.05508667551149633,
    0.05520240187785567,
    0.04751796829117669,
    0.049773204343402835,
    0.045698039682729716,
    0.04469217476050726,
    0.039221873604519904,
    0.03620665286669526,
    0.03514435730804452,
    0.03434564959332133,
    0.032920197774374486,
    0.023897065334918283,
    0.02384332997534736,
    0.02130590392958672,
    0.02069246885598739
  ],
  "avg_auc": [
    0.932904039353368,
    0.9505904346154732,
    0.9598061902069629,
    0.9648619250600534,
    0.9691538629970218,
    0.9722267138558676,
    0.9745324459722318,
    0.9749425894613932,
    0.9780641191588961,
    0.9790642345924674,
    0.9795717702097597,
    0.9821748602791288,
    0.9824599352133385,
    0.9826335257837456,
    0.9823551754036031,
    0.9822966313235655,
    0.9842525163496211,
    0.9869127257785303,
    0.9863415321959937,
    0.9874758432018094,
    0.9888627666418721,
    0.9896042399722036,
    0.9893810033353019,
    0.9900871291710549,
    0.9903521949451999,
    0.9896384493502159,
    0.993110364958191,
    0.9922938424073736,
    0.9937464998666818,
    0.9947432506766389
  ]
}