{
  "n": [
    1,
    2,
    3,
    4,
    5,
    6,
    7,
    8,
    9,
    10,
    11,
    12,
    13,
    14,
    15,
    16,
    17,
    18,
    19,
    20,
    21,
    22,
    23,
    24,
    25,
    26,
    27,
    28,
    29,
    30
  ],
  "avg_eer": [
    0.14186413948874294,
    0.11922634075844252,
    0.10278660967875553,
    0.09764548452128843,
    0.08981323034661719,
    0.08326401809297194,
    0.0806556369314223,
    0.0800113521200416,
    0.07381275520304117,
    0.07048082160835525,
    0.07018865689589089,
    0.0666078529277567,
    0.06307898516762964,
    0.061624768793687834,
    0.06086004952292336,
    0.055969464133375516,
    0.054555223849729585,
    0.0536008762316869,
    0.05762114762668822,
    0.0547447107482867,
    0.05511407435237298,
    0.04464395053324081,
    0.04111650788805558,
    0.04250798121358997,
    0.03422296523812762,
    0.027935628291523285,
    0.020002835810315884,
    0.019824707088946604,
    0.018690544609671032,
    0.014782717205404899
  ],
  "avg_auc": [
    0.9314065702710076,
    0.9486458321354677,
    0.9579957113731851,
    0.9630045657156664,
    0.9667761296811127,
    0.9704929177535195,
    0.9734284248863252,
    0.9734594265424121,
    0.9767023832591161,
    0.9773352652741408,
    0.9784962121362971,
    0.9801514717484933,
    0.9808719732390166,
    0.9807562354519277,
    0.9808024732808625,
    0.9814642862203262,
    0.9830361598258263,
    0.9851492376579598,
    0.9853903364166111,
    0.986283142251963,
    0.987915296649304,
    0.9885817998947809,
    0.9891991823744417,
    0.9894005100719794,
    0.9908784798964578,
    0.9910589104499433,
    0.994080508805026,
    0.9937756120275543,
    0.9943699211759359,
    0.996021356817335
  ]
}