{
  "n": [
    1,
    2,
    3,
    4,
    5,
    6,
    7,
    8,
    9,
    10,
    11,
    12,
    13,
    14,
    15,
    16,
    17,
    18,
    19,
    20,
    21,
    22,
    23,
    24,
    25,
    26,
    27,
    28,
    29,
    30
  ],
  "avg_eer": [
    0.19935264837213532,
    0.17756398003166854,
    0.15885107191467956,
    0.14935472965720023,
    0.1406758309657144,
    0.12272725710989048,
    0.11481638283424471,
    0.10335889883971135,
    0.10691860389238983,
    0.09909107084535099,
    0.06297641492398813,
    0.05376503551315938,
    0.043710869627345,
    0.03189063165891205,
    0.029018492176414407,
    0.030718954248346066,
    0.03295647258342749,
    0.031014492753752437,
    0.03284734133795581,
    0.029140958708906328,
    0.024999999999957157,
    0.02558139534891486,
    0.03333333333323158,
    0.027777777777705726,
    0.024999999999999994,
    0.02000000000002104,
    0.02121212121228386,
    0.02413793103449248,
    0.03333333333327456,
    0.02692307692318515
  ],
  "avg_auc": [
    0.8752905092615691,
    0.8989680445505502,
    0.9128455563834361,
    0.9208318792456183,
    0.9267487151772137,
    0.9344601323907893,
    0.9396333996838429,
    0.9460855952577182,
    0.9499057095835731,
    0.9566270014498428,
    0.9703554228221426,
    0.9728204402567393,
    0.9762430128867168,
    0.9773397930890679,
    0.9762928110296532,
    0.9751696234049175,
    0.9764601374750013,
    0.9845439965577265,
    0.9856964405569819,
    0.986123805003729,
    0.9868881118881119,
    0.982687338501292,
    0.9831908831908832,
    0.9848765432098766,
    0.985,
    0.9864705882352942,
    0.9824242424242424,
    0.983448275862069,
    0.9837037037037037,
    0.9846153846153847
  ]
}