timestamp,event,x,y,user,screen_width,screen_height
1490037018980,Mouse Moved,398.0,286.0,User24,800.0,578.0
1490037018996,Mouse Moved,396.0,283.0,User24,,
1490037019713,Mouse Moved,393.0,276.0,User24,,
1490037019729,Mouse Moved,394.0,276.0,User24,,
1490037019744,Mouse Moved,394.0,277.0,User24,,
1490037019759,Mouse Moved,395.0,277.0,User24,,
1490037019776,Mouse Moved,395.0,278.0,User24,,
1490037019806,Mouse Moved,396.0,279.0,User24,,
1490037019838,Mouse Moved,397.0,280.0,User24,,
1490037019854,Mouse Moved,397.0,281.0,User24,,
1490037019869,Mouse Moved,398.0,282.0,User24,,
1490037019884,Mouse Moved,399.0,284.0,User24,,
1490037019931,Mouse Moved,400.0,285.0,User24,,
1490037019979,Mouse Moved,401.0,288.0,User24,,
1490037020026,Mouse Moved,401.0,289.0,User24,,
1490037020040,Mouse Moved,403.0,292.0,User24,,
1490037020072,Mouse Moved,403.0,293.0,User24,,
1490037020088,Mouse Moved,404.0,295.0,User24,,
1490037020104,Mouse Moved,405.0,296.0,User24,,
1490037020118,Mouse Moved,406.0,297.0,User24,,
1490037020165,Mouse Moved,405.0,298.0,User24,,
1490037020181,Mouse Moved,406.0,298.0,User24,,
1490037020243,Mouse Moved,406.0,299.0,User24,,
1490037020259,Mouse Moved,407.0,300.0,User24,,
1490037020275,Mouse Moved,407.0,301.0,User24,,
1490037020338,Mouse Moved,407.0,302.0,User24,,
1490037020368,Mouse Moved,407.0,303.0,User24,,
1490037020400,Mouse Moved,408.0,305.0,User24,,
1490037020415,Mouse Moved,409.0,311.0,User24,,
1490037020430,Mouse Moved,411.0,314.0,User24,,
1490037020447,Mouse Moved,412.0,315.0,User24,,
1490037020477,Mouse Moved,412.0,316.0,User24,,
1490037020509,Mouse Moved,413.0,316.0,User24,,
1490037035969,Mouse Moved,413.0,316.0,User24,,
1490037035983,Mouse Moved,414.0,315.0,User24,,
1490037036000,Mouse Moved,443.0,302.0,User24,,
1490037036016,Mouse Moved,464.0,296.0,User24,,
1490037036030,Mouse Moved,481.0,296.0,User24,,
1490037036265,Mouse Moved,488.0,294.0,User24,,
1490037036280,Mouse Moved,496.0,291.0,User24,,
1490037036296,Mouse Moved,509.0,283.0,User24,,
1490037036312,Mouse Moved,545.0,255.0,User24,,
1490037036328,Mouse Moved,611.0,206.0,User24,,
1490037036592,Mouse Moved,660.0,160.0,User24,,
1490037036608,Mouse Moved,677.0,134.0,User24,,
1490037036624,Mouse Moved,682.0,124.0,User24,,
1490037036640,Mouse Moved,697.0,101.0,User24,,
1490037036654,Mouse Moved,713.0,73.0,User24,,
1490037036671,Mouse Moved,719.0,52.0,User24,,
1490037036686,Mouse Moved,720.0,45.0,User24,,
1490037036701,Mouse Moved,721.0,20.0,User24,,
1490037036717,Mouse Moved,721.0,2.0,User24,,
1490037036967,Mouse Moved,673.0,2.0,User24,,
1490037036983,Mouse Moved,664.0,11.0,User24,,
1490037036997,Mouse Moved,645.0,24.0,User24,,
1490037037013,Mouse Moved,636.0,29.0,User24,,
1490037037029,Mouse Moved,625.0,35.0,User24,,
1490037037045,Mouse Moved,619.0,37.0,User24,,
1490037037061,Mouse Moved,614.0,38.0,User24,,
1490037037482,Mouse Moved,1024.0,359.0,User24,1280.0,644.0
1490037038137,Mouse Moved,980.0,42.0,User24,,
1490037038153,Mouse Moved,975.0,42.0,User24,,
1490037038184,Mouse Moved,969.0,41.0,User24,,
1490037038200,Mouse Moved,940.0,39.0,User24,,
1490037038214,Mouse Moved,924.0,39.0,User24,,
1490037038230,Mouse Moved,909.0,39.0,User24,,
1490037038246,Mouse Moved,893.0,39.0,User24,,
1490037038262,Mouse Moved,865.0,41.0,User24,,
1490037038278,Mouse Moved,852.0,42.0,User24,,
1490037038292,Mouse Moved,834.0,44.0,User24,,
1490037038323,Mouse Moved,820.0,47.0,User24,,
1490037038339,Mouse Moved,796.0,52.0,User24,,
1490037038760,Mouse Moved,735.0,82.0,User24,,
1490037038776,Mouse Moved,728.0,88.0,User24,,
1490037038792,Mouse Moved,725.0,91.0,User24,,
1490037038808,Mouse Moved,721.0,95.0,User24,,
1490037038823,Mouse Moved,717.0,99.0,User24,,
1490037038838,Mouse Moved,713.0,103.0,User24,,
1490037038855,Mouse Moved,707.0,108.0,User24,,
1490037038869,Mouse Moved,698.0,117.0,User24,,
1490037038885,Mouse Moved,694.0,121.0,User24,,
1490037038901,Mouse Moved,690.0,124.0,User24,,
1490037038917,Mouse Moved,686.0,128.0,User24,,
1490037043924,Mouse Moved,675.0,139.0,User24,,
1490037043940,Mouse Moved,673.0,141.0,User24,,
1490037043986,Mouse Moved,671.0,143.0,User24,,
1490037044003,Mouse Moved,671.0,143.0,User24,,
1490037051927,Mouse Moved,670.0,143.0,User24,,
1490037051943,Mouse Moved,668.0,143.0,User24,,
1490037051959,Mouse Moved,396.0,213.0,User24,,
1490037052098,Mouse Moved,220.0,359.0,User24,,
1490037052115,Mouse Moved,233.0,501.0,User24,,
1490037052223,Mouse Moved,254.0,568.0,User24,,
1490037052505,Mouse Moved,237.0,589.0,User24,,
1490037052519,Mouse Moved,211.0,615.0,User24,,
1490037052536,Mouse Moved,118.0,626.0,User24,,
1490037052552,Mouse Moved,109.0,626.0,User24,,
1490037052566,Mouse Moved,202.0,617.0,User24,,
1490037052582,Mouse Moved,406.0,621.0,User24,,
1490037052816,Mouse Moved,403.0,622.0,User24,,
1490037068042,Mouse Moved,408.0,626.0,User24,,
1490037068058,Mouse Moved,589.0,629.0,User24,,
1490037068073,Mouse Moved,773.0,528.0,User24,,
1490037068183,Mouse Moved,818.0,531.0,User24,,
1490037068197,Mouse Moved,831.0,523.0,User24,,
1490037068213,Mouse Moved,876.0,460.0,User24,,
1490037068308,Mouse Moved,892.0,437.0,User24,,
1490037071115,Mouse Moved,901.0,422.0,User24,,
1490037071147,Mouse Moved,900.0,421.0,User24,,
1490037071161,Mouse Moved,894.0,421.0,User24,,
1490037076170,Mouse Moved,887.0,420.0,User24,,
1490037076186,Mouse Moved,884.0,421.0,User24,,
1490037076200,Mouse Moved,857.0,421.0,User24,,
1490037076217,Mouse Moved,807.0,431.0,User24,,
1490037076263,Mouse Moved,723.0,415.0,User24,,
1490037076279,Mouse Moved,869.0,503.0,User24,,
1490037076295,Mouse Button.left Pressed,855.0,511.0,User24,,
1490037076309,Mouse Moved,815.0,532.0,User24,,
1490037076325,Mouse Moved,819.0,538.0,User24,,
1490037076342,Mouse Moved,821.0,539.0,User24,,
1490037076357,Mouse Moved,823.0,538.0,User24,,
1490037076372,Mouse Moved,825.0,537.0,User24,,
1490037076388,Mouse Moved,830.0,534.0,User24,,
1490037076404,Mouse Moved,832.0,532.0,User24,,
1490037076420,Mouse Moved,834.0,530.0,User24,,
1490037076434,Mouse Moved,838.0,526.0,User24,,
1490037076450,Mouse Moved,840.0,524.0,User24,,
1490037076466,Mouse Moved,841.0,522.0,User24,,
1490037076482,Mouse Moved,842.0,520.0,User24,,
1490037076497,Mouse Moved,842.0,519.0,User24,,
1490037076513,Mouse Moved,843.0,518.0,User24,,
1490037076654,Mouse Moved,843.0,517.0,User24,,
1490037076668,Mouse Moved,843.0,516.0,User24,,
1490037077401,Mouse Moved,843.0,515.0,User24,,
1490037084187,Mouse Moved,843.0,514.0,User24,,
1490037084203,Mouse Moved,843.0,513.0,User24,,
1490037084220,Mouse Moved,843.0,507.0,User24,,
1490037084234,Mouse Moved,846.0,502.0,User24,,
1490037084250,Mouse Moved,851.0,496.0,User24,,
1490037084266,Mouse Moved,852.0,493.0,User24,,
1490037084282,Mouse Moved,855.0,490.0,User24,,
1490037084298,Mouse Moved,859.0,485.0,User24,,
1490037084312,Mouse Moved,822.0,487.0,User24,,
1490037084328,Mouse Moved,782.0,481.0,User24,,
1490037084344,Mouse Moved,708.0,474.0,User24,,
1490037084359,Mouse Moved,644.0,463.0,User24,,
1490037087167,Mouse Moved,639.0,461.0,User24,,
1490037087198,Mouse Moved,638.0,460.0,User24,,
1490037092190,Mouse Moved,637.0,459.0,User24,,
1490037092207,Mouse Moved,618.0,439.0,User24,,
1490037092221,Mouse Moved,613.0,430.0,User24,,
1490037092237,Mouse Moved,612.0,428.0,User24,,
1490037092332,Mouse Moved,612.0,428.0,User24,,
1490037092440,Mouse Moved,612.0,428.0,User24,,
1490037094328,Mouse Moved,613.0,429.0,User24,,
1490037094344,Mouse Moved,615.0,429.0,User24,,
1490037094359,Mouse Moved,624.0,432.0,User24,,
1490037094375,Mouse Moved,632.0,435.0,User24,,
1490037094391,Mouse Moved,642.0,438.0,User24,,
1490037094405,Mouse Moved,667.0,446.0,User24,,
1490037094421,Mouse Moved,680.0,450.0,User24,,
1490037094437,Mouse Moved,692.0,454.0,User24,,
1490037094453,Mouse Moved,704.0,457.0,User24,,
1490037094469,Mouse Moved,715.0,460.0,User24,,
1490037094483,Mouse Moved,726.0,462.0,User24,,
1490037094500,Mouse Moved,733.0,463.0,User24,,
1490037094703,Mouse Moved,735.0,464.0,User24,,
1490037094717,Mouse Moved,738.0,465.0,User24,,
1490037094733,Mouse Moved,753.0,468.0,User24,,
1490037094750,Mouse Moved,758.0,469.0,User24,,
1490037094765,Mouse Moved,763.0,470.0,User24,,
1490037094780,Mouse Moved,767.0,471.0,User24,,
1490037094796,Mouse Moved,770.0,472.0,User24,,
1490037094812,Mouse Moved,774.0,472.0,User24,,
1490037094828,Mouse Moved,780.0,473.0,User24,,
1490037094842,Mouse Moved,782.0,473.0,User24,,
1490037094858,Mouse Moved,783.0,474.0,User24,,
1490037094874,Mouse Moved,785.0,474.0,User24,,
1490037094890,Mouse Moved,787.0,475.0,User24,,
1490037094905,Mouse Moved,789.0,475.0,User24,,
1490037094921,Mouse Moved,793.0,476.0,User24,,
1490037094937,Mouse Moved,794.0,476.0,User24,,
1490037094951,Mouse Moved,796.0,477.0,User24,,
1490037094967,Mouse Moved,798.0,478.0,User24,,
1490037094983,Mouse Moved,800.0,478.0,User24,,
1490037094999,Mouse Moved,802.0,479.0,User24,,
1490037095015,Mouse Moved,805.0,480.0,User24,,
1490037095029,Mouse Moved,806.0,480.0,User24,,
1490037095046,Mouse Moved,807.0,481.0,User24,,
1490037095062,Mouse Moved,807.0,482.0,User24,,
1490037095076,Mouse Moved,808.0,482.0,User24,,
1490037095092,Mouse Moved,809.0,483.0,User24,,
1490037095108,Mouse Moved,810.0,485.0,User24,,
1490037095124,Mouse Moved,813.0,488.0,User24,,
1490037095140,Mouse Moved,814.0,489.0,User24,,
1490037095154,Mouse Moved,815.0,490.0,User24,,
1490037095171,Mouse Moved,817.0,491.0,User24,,
1490037095201,Mouse Moved,821.0,495.0,User24,,
1490037100194,Mouse Moved,823.0,496.0,User24,,
1490037100210,Mouse Moved,828.0,502.0,User24,,
1490037100224,Mouse Moved,839.0,515.0,User24,,
1490037100240,Mouse Moved,839.0,516.0,User24,,
1490037110256,Mouse Moved,835.0,515.0,User24,,
1490037110272,Mouse Moved,828.0,513.0,User24,,
1490037110286,Mouse Moved,818.0,509.0,User24,,
1490037110302,Mouse Moved,806.0,505.0,User24,,
1490037110318,Mouse Moved,766.0,489.0,User24,,
1490037110349,Mouse Moved,705.0,461.0,User24,,
1490037110365,Mouse Moved,644.0,427.0,User24,,
1490037110381,Mouse Moved,617.0,410.0,User24,,
1490037110395,Mouse Moved,591.0,391.0,User24,,
1490037110411,Mouse Moved,553.0,362.0,User24,,
1490037110427,Mouse Moved,542.0,354.0,User24,,
1490037110443,Mouse Moved,538.0,350.0,User24,,
1490037110473,Mouse Moved,535.0,347.0,User24,,
1490037110723,Mouse Moved,528.0,346.0,User24,,
1490037110740,Mouse Moved,511.0,342.0,User24,,
1490037110755,Mouse Moved,483.0,334.0,User24,,
1490037110770,Mouse Moved,412.0,312.0,User24,,
1490037110786,Mouse Moved,384.0,303.0,User24,,
1490037110802,Mouse Moved,361.0,295.0,User24,,
1490037110818,Mouse Moved,347.0,291.0,User24,,
1490037110832,Mouse Moved,338.0,288.0,User24,,
1490037110848,Mouse Moved,323.0,283.0,User24,,
1490037110864,Mouse Moved,317.0,281.0,User24,,
1490037110880,Mouse Moved,312.0,279.0,User24,,
1490037110895,Mouse Moved,308.0,277.0,User24,,
1490037110911,Mouse Moved,304.0,275.0,User24,,
1490037110927,Mouse Moved,302.0,274.0,User24,,
1490037110957,Mouse Moved,302.0,275.0,User24,,
1490037110989,Mouse Moved,300.0,273.0,User24,,
1490037111005,Mouse Moved,299.0,272.0,User24,,
1490037111019,Mouse Moved,298.0,272.0,User24,,
1490037111052,Mouse Moved,297.0,272.0,User24,,
1490037111503,Mouse Moved,297.0,272.0,User24,,
1490037111519,Mouse Button.left Released,297.0,272.0,User24,,
1490037117010,Mouse Moved,298.0,271.0,User24,,
1490037117026,Mouse Moved,310.0,254.0,User24,,
1490037117042,Mouse Moved,329.0,235.0,User24,,
1490037117058,Mouse Moved,644.0,214.0,User24,,
1490037117072,Mouse Moved,648.0,206.0,User24,,
1490037117088,Mouse Moved,670.0,169.0,User24,,
1490037117104,Mouse Button.left Pressed,671.0,174.0,User24,,
1490037119178,Mouse Moved,670.0,175.0,User24,,
1490037119194,Mouse Moved,667.0,177.0,User24,,
1490037119210,Mouse Moved,646.0,190.0,User24,,
1490037119226,Mouse Moved,628.0,200.0,User24,,
1490037119242,Mouse Moved,602.0,214.0,User24,,
1490037119256,Mouse Moved,576.0,228.0,User24,,
1490037119273,Mouse Moved,543.0,247.0,User24,,
1490037119288,Mouse Moved,513.0,267.0,User24,,
1490037119303,Mouse Moved,458.0,304.0,User24,,
1490037119335,Mouse Moved,426.0,327.0,User24,,
1490037119351,Mouse Moved,403.0,344.0,User24,,
1490037119381,Mouse Moved,395.0,351.0,User24,,
1490037119599,Mouse Moved,388.0,357.0,User24,,
1490037119615,Mouse Moved,386.0,357.0,User24,,
1490037119631,Mouse Moved,378.0,359.0,User24,,
1490037119647,Mouse Moved,372.0,361.0,User24,,
1490037119663,Mouse Moved,364.0,362.0,User24,,
1490037119677,Mouse Moved,356.0,364.0,User24,,
1490037119694,Mouse Moved,348.0,366.0,User24,,
1490037119710,Mouse Moved,337.0,368.0,User24,,
1490037119724,Mouse Moved,329.0,370.0,User24,,
1490037119740,Mouse Moved,326.0,370.0,User24,,
1490037119756,Mouse Moved,323.0,371.0,User24,,
1490037119772,Mouse Moved,321.0,372.0,User24,,
1490037119788,Mouse Moved,320.0,372.0,User24,,
1490037119802,Mouse Moved,318.0,372.0,User24,,
1490037119849,Mouse Moved,317.0,372.0,User24,,
1490037119944,Mouse Moved,318.0,371.0,User24,,
1490037119959,Mouse Moved,319.0,371.0,User24,,
1490037119974,Mouse Moved,320.0,370.0,User24,,
1490037119990,Mouse Moved,321.0,368.0,User24,,
1490037120006,Mouse Moved,323.0,367.0,User24,,
1490037125170,Mouse Moved,323.0,367.0,User24,,
1490037125184,Mouse Button.left Pressed,323.0,367.0,User24,,
1490037126433,Mouse Moved,324.0,367.0,User24,,
1490037126448,Mouse Moved,374.0,373.0,User24,,
1490037126496,Mouse Moved,380.0,375.0,User24,,
1490037126510,Mouse Moved,397.0,382.0,User24,,
1490037126526,Mouse Moved,400.0,383.0,User24,,
1490037126542,Mouse Moved,406.0,384.0,User24,,
1490037126558,Mouse Moved,408.0,384.0,User24,,
1490037126573,Mouse Moved,409.0,385.0,User24,,
1490037126588,Mouse Moved,409.0,384.0,User24,,
1490037134545,Mouse Moved,408.0,383.0,User24,,
1490037134561,Mouse Moved,394.0,356.0,User24,,
1490037134575,Mouse Moved,372.0,257.0,User24,,
1490037134592,Mouse Moved,378.0,246.0,User24,,
1490037134608,Mouse Moved,380.0,244.0,User24,,
1490037143000,Mouse Moved,380.0,246.0,User24,,
1490037143016,Mouse Moved,377.0,281.0,User24,,
1490037143032,Mouse Moved,468.0,327.0,User24,,
1490037143046,Mouse Moved,615.0,316.0,User24,,
1490037143062,Mouse Moved,615.0,314.0,User24,,
1490037143078,Mouse Moved,604.0,317.0,User24,,
1490037143094,Mouse Moved,598.0,319.0,User24,,
1490037143515,Mouse Moved,597.0,320.0,User24,,
1490037146213,Mouse Moved,597.0,320.0,User24,,
1490037151221,Mouse Moved,599.0,319.0,User24,,
1490037151236,Mouse Moved,631.0,288.0,User24,,
1490037151253,Mouse Moved,717.0,254.0,User24,,
1490037151267,Mouse Moved,740.0,268.0,User24,,
1490037151283,Mouse Moved,792.0,266.0,User24,,
1490037151299,Mouse Moved,805.0,267.0,User24,,
1490037151315,Mouse Moved,803.0,279.0,User24,,
1490037151331,Mouse Moved,780.0,308.0,User24,,
1490037151345,Mouse Moved,756.0,332.0,User24,,
1490037151361,Mouse Moved,750.0,335.0,User24,,
1490037151440,Mouse Moved,759.0,301.0,User24,,
1490037151456,Mouse Moved,838.0,210.0,User24,,
1490037151470,Mouse Moved,829.0,210.0,User24,,
1490037151486,Mouse Moved,761.0,289.0,User24,,
1490037151502,Mouse Moved,779.0,282.0,User24,,
1490037151517,Mouse Moved,788.0,280.0,User24,,
1490037151533,Mouse Moved,791.0,279.0,User24,,
1490037151565,Mouse Moved,795.0,278.0,User24,,
1490037151579,Mouse Moved,798.0,277.0,User24,,
1490037151595,Mouse Moved,799.0,277.0,User24,,
1490037151611,Mouse Moved,801.0,276.0,User24,,
1490037151627,Mouse Moved,800.0,276.0,User24,,
1490037151642,Mouse Moved,799.0,277.0,User24,,
1490037151657,Mouse Moved,793.0,276.0,User24,,
1490037151690,Mouse Moved,786.0,274.0,User24,,
1490037151704,Mouse Moved,767.0,271.0,User24,,
1490037151720,Mouse Moved,748.0,266.0,User24,,
1490037151736,Mouse Moved,721.0,260.0,User24,,
1490037151767,Mouse Moved,664.0,249.0,User24,,
1490037151782,Mouse Moved,614.0,243.0,User24,,
1490037151799,Mouse Moved,594.0,242.0,User24,,
1490037151813,Mouse Moved,579.0,243.0,User24,,
1490037151829,Mouse Moved,558.0,243.0,User24,,
1490037151845,Mouse Moved,553.0,244.0,User24,,
1490037152079,Mouse Moved,549.0,243.0,User24,,
1490037152095,Mouse Moved,545.0,241.0,User24,,
1490037152111,Mouse Moved,540.0,239.0,User24,,
1490037152125,Mouse Moved,532.0,236.0,User24,,
1490037152141,Mouse Moved,523.0,234.0,User24,,
1490037152157,Mouse Moved,504.0,229.0,User24,,
1490037152173,Mouse Moved,497.0,227.0,User24,,
1490037152188,Mouse Moved,487.0,225.0,User24,,
1490037152203,Mouse Moved,479.0,223.0,User24,,
1490037152220,Mouse Moved,471.0,222.0,User24,,
1490037152236,Mouse Moved,463.0,220.0,User24,,
1490037152250,Mouse Moved,458.0,219.0,User24,,
1490037152266,Mouse Moved,447.0,216.0,User24,,
1490037152282,Mouse Moved,442.0,215.0,User24,,
1490037152298,Mouse Moved,438.0,213.0,User24,,
1490037152313,Mouse Moved,436.0,212.0,User24,,
1490037152328,Mouse Moved,434.0,212.0,User24,,
1490037152345,Mouse Moved,432.0,211.0,User24,,
1490037152359,Mouse Moved,428.0,210.0,User24,,
1490037152375,Mouse Moved,426.0,209.0,User24,,
1490037152391,Mouse Moved,425.0,209.0,User24,,
1490037152407,Mouse Moved,424.0,208.0,User24,,
1490037152423,Mouse Moved,421.0,207.0,User24,,
1490037152437,Mouse Moved,420.0,206.0,User24,,
1490037152453,Mouse Moved,420.0,205.0,User24,,
1490037152470,Mouse Moved,418.0,204.0,User24,,
1490037152484,Mouse Moved,418.0,203.0,User24,,
1490037152500,Mouse Moved,417.0,202.0,User24,,
1490037152532,Mouse Moved,416.0,202.0,User24,,
1490037152548,Mouse Moved,416.0,201.0,User24,,
1490037152562,Mouse Moved,415.0,200.0,User24,,
1490037152578,Mouse Moved,414.0,200.0,User24,,
1490037152969,Mouse Moved,414.0,200.0,User24,,
1490037153904,Mouse Moved,416.0,200.0,User24,,
1490037153920,Mouse Moved,418.0,200.0,User24,,
1490037153936,Mouse Moved,421.0,201.0,User24,,
1490037153951,Mouse Moved,423.0,201.0,User24,,
1490037153967,Mouse Moved,427.0,201.0,User24,,
1490037153983,Mouse Moved,432.0,202.0,User24,,
1490037153997,Mouse Moved,446.0,203.0,User24,,
1490037154013,Mouse Moved,454.0,204.0,User24,,
1490037154029,Mouse Moved,470.0,206.0,User24,,
1490037154045,Mouse Moved,480.0,208.0,User24,,
1490037154061,Mouse Moved,491.0,210.0,User24,,
1490037154075,Mouse Moved,503.0,213.0,User24,,
1490037154092,Mouse Moved,526.0,218.0,User24,,
1490037154108,Mouse Moved,538.0,221.0,User24,,
1490037154122,Mouse Moved,550.0,225.0,User24,,
1490037154138,Mouse Moved,561.0,229.0,User24,,
1490037154154,Mouse Moved,571.0,233.0,User24,,
1490037154170,Mouse Moved,582.0,236.0,User24,,
1490037154186,Mouse Moved,586.0,237.0,User24,,
1490037159223,Mouse Moved,587.0,237.0,User24,,
1490037159240,Mouse Moved,638.0,237.0,User24,,
1490037159256,Mouse Moved,653.0,239.0,User24,,
1490037159318,Mouse Moved,664.0,267.0,User24,,
1490037159334,Mouse Moved,669.0,293.0,User24,,
1490037159348,Mouse Moved,616.0,390.0,User24,,
1490037159365,Mouse Moved,602.0,422.0,User24,,
1490037167226,Mouse Moved,601.0,424.0,User24,,
1490037167243,Mouse Moved,601.0,424.0,User24,,
1490037167569,Mouse Moved,603.0,424.0,User24,,
1490037167585,Mouse Moved,605.0,423.0,User24,,
1490037167601,Mouse Moved,609.0,422.0,User24,,
1490037167617,Mouse Moved,614.0,421.0,User24,,
1490037167632,Mouse Moved,621.0,418.0,User24,,
1490037167648,Mouse Moved,642.0,413.0,User24,,
1490037167664,Mouse Moved,659.0,409.0,User24,,
1490037167680,Mouse Moved,677.0,405.0,User24,,
1490037167694,Mouse Moved,696.0,401.0,User24,,
1490037167710,Mouse Moved,722.0,397.0,User24,,
1490037167742,Mouse Moved,734.0,394.0,User24,,
1490037167773,Mouse Moved,768.0,390.0,User24,,
1490037167789,Mouse Moved,780.0,389.0,User24,,
1490037167803,Mouse Moved,783.0,388.0,User24,,
1490037167819,Mouse Moved,786.0,387.0,User24,,
1490037167835,Mouse Moved,788.0,386.0,User24,,
1490037167851,Mouse Moved,790.0,387.0,User24,,
1490037167867,Mouse Moved,790.0,386.0,User24,,
1490037168834,Mouse Moved,790.0,387.0,User24,,
1490037168849,Mouse Moved,789.0,389.0,User24,,
1490037168927,Mouse Moved,789.0,389.0,User24,,
1490037168943,Mouse Moved,789.0,389.0,User24,,
1490037168973,Mouse Moved,789.0,389.0,User24,,
1490037168990,Mouse Moved,789.0,389.0,User24,,
1490037169006,Mouse Moved,789.0,389.0,User24,,
1490037169020,Mouse Moved,789.0,389.0,User24,,
1490037169036,Mouse Moved,789.0,389.0,User24,,
1490037169052,Mouse Moved,789.0,389.0,User24,,
1490037169068,Mouse Moved,789.0,389.0,User24,,
1490037169084,Mouse Moved,789.0,389.0,User24,,
1490037169098,Mouse Moved,789.0,389.0,User24,,
1490037169115,Mouse Moved,789.0,389.0,User24,,
1490037169130,Mouse Moved,789.0,389.0,User24,,
1490037169145,Mouse Moved,789.0,389.0,User24,,
1490037169161,Mouse Moved,789.0,389.0,User24,,
1490037169193,Mouse Moved,789.0,389.0,User24,,
1490037169207,Mouse Moved,789.0,389.0,User24,,
1490037169223,Mouse Moved,789.0,389.0,User24,,
1490037169240,Mouse Moved,789.0,389.0,User24,,
1490037187974,Mouse Moved,791.0,388.0,User24,,
1490037187990,Mouse Moved,795.0,386.0,User24,,
1490037188006,Mouse Moved,807.0,379.0,User24,,
1490037188038,Mouse Moved,814.0,375.0,User24,,
1490037188052,Mouse Moved,830.0,368.0,User24,,
1490037188069,Mouse Moved,841.0,363.0,User24,,
1490037188084,Mouse Moved,865.0,352.0,User24,,
1490037188099,Mouse Moved,878.0,348.0,User24,,
1490037188115,Mouse Moved,888.0,345.0,User24,,
1490037188131,Mouse Moved,898.0,342.0,User24,,
1490037188147,Mouse Moved,909.0,339.0,User24,,
1490037188161,Mouse Moved,928.0,335.0,User24,,
1490037188177,Mouse Moved,937.0,334.0,User24,,
1490037188194,Mouse Moved,942.0,334.0,User24,,
1490037188209,Mouse Moved,947.0,334.0,User24,,
1490037188224,Mouse Moved,951.0,334.0,User24,,
1490037188240,Mouse Moved,953.0,334.0,User24,,
1490037193420,Mouse Moved,954.0,334.0,User24,,
1490037193434,Mouse Moved,956.0,334.0,User24,,
1490037193450,Mouse Moved,1002.0,324.0,User24,,
1490037193482,Mouse Moved,1008.0,316.0,User24,,
1490037193497,Mouse Moved,1008.0,309.0,User24,,
1490037193513,Mouse Moved,1002.0,272.0,User24,,
1490037204760,Mouse Moved,1001.0,256.0,User24,,
1490037204792,Mouse Moved,1002.0,256.0,User24,,
1490037204808,Mouse Moved,1010.0,255.0,User24,,
1490037204822,Mouse Moved,1014.0,254.0,User24,,
1490037204838,Mouse Moved,1018.0,253.0,User24,,
1490037204854,Mouse Moved,1022.0,252.0,User24,,
1490037209861,Mouse Moved,1025.0,252.0,User24,,
1490037216881,Mouse Moved,1044.0,246.0,User24,,
1490037216898,Mouse Moved,1043.0,248.0,User24,,
1490037216913,Mouse Moved,1042.0,248.0,User24,,
1490037216928,Mouse Moved,1042.0,249.0,User24,,
1490037216944,Mouse Moved,1041.0,250.0,User24,,
1490037216960,Mouse Moved,1041.0,251.0,User24,,
1490037216976,Mouse Moved,1040.0,252.0,User24,,
1490037217006,Mouse Moved,1040.0,253.0,User24,,
1490037217022,Mouse Moved,1040.0,254.0,User24,,
1490037217038,Mouse Moved,1039.0,255.0,User24,,
1490037217053,Mouse Moved,1039.0,254.0,User24,,
1490037222061,Mouse Moved,1038.0,255.0,User24,,
1490037222076,Mouse Moved,1040.0,246.0,User24,,
1490037223885,Mouse Moved,1041.0,241.0,User24,,
1490037224058,Mouse Moved,1041.0,240.0,User24,,
1490037224073,Mouse Moved,1041.0,238.0,User24,,
1490037224088,Mouse Moved,1041.0,237.0,User24,,
1490037224119,Mouse Moved,1041.0,236.0,User24,,
1490037224135,Mouse Moved,1041.0,235.0,User24,,
1490037224151,Mouse Moved,1041.0,234.0,User24,,
1490037224167,Mouse Moved,1041.0,233.0,User24,,
1490037224197,Mouse Moved,1041.0,232.0,User24,,
1490037224213,Mouse Moved,1041.0,231.0,User24,,
1490037224230,Mouse Moved,1041.0,230.0,User24,,
1490037224292,Mouse Moved,1041.0,229.0,User24,,
1490037224385,Mouse Moved,1041.0,228.0,User24,,
1490037224401,Mouse Moved,1041.0,227.0,User24,,
1490037224417,Mouse Moved,1041.0,226.0,User24,,
1490037224447,Mouse Moved,1042.0,225.0,User24,,
1490037224463,Mouse Moved,1041.0,224.0,User24,,
1490037224479,Mouse Moved,1042.0,224.0,User24,,
1490037224509,Mouse Moved,1043.0,223.0,User24,,
1490037224542,Mouse Moved,1043.0,222.0,User24,,
1490037224556,Mouse Moved,1043.0,221.0,User24,,
1490037224572,Mouse Moved,1044.0,220.0,User24,,
1490037224588,Mouse Moved,1044.0,219.0,User24,,
1490037224604,Mouse Moved,1044.0,218.0,User24,,
1490037224634,Mouse Moved,1044.0,217.0,User24,,
1490037224743,Mouse Moved,1044.0,217.0,User24,,
1490037230095,Mouse Moved,1037.0,220.0,User24,,
1490037230111,Mouse Moved,977.0,255.0,User24,,
1490037239174,Mouse Moved,968.0,262.0,User24,,
1490037239190,Mouse Moved,967.0,262.0,User24,,
1490037239206,Mouse Moved,962.0,260.0,User24,,
1490037239220,Mouse Moved,959.0,260.0,User24,,
1490037239236,Mouse Moved,956.0,259.0,User24,,
1490037239252,Mouse Moved,952.0,258.0,User24,,
1490037239267,Mouse Moved,940.0,257.0,User24,,
1490037239283,Mouse Moved,931.0,257.0,User24,,
1490037239299,Mouse Moved,920.0,257.0,User24,,
1490037244306,Mouse Moved,906.0,256.0,User24,,
1490037244322,Mouse Moved,730.0,275.0,User24,,
1490037244338,Mouse Moved,455.0,261.0,User24,,
1490037244447,Mouse Moved,418.0,260.0,User24,,
1490037244463,Mouse Moved,401.0,258.0,User24,,
1490037246552,Mouse Moved,387.0,262.0,User24,,
1490037246569,Mouse Moved,386.0,299.0,User24,,
1490037246584,Mouse Moved,385.0,309.0,User24,,
1490037246599,Mouse Moved,385.0,317.0,User24,,
1490037246615,Mouse Moved,385.0,334.0,User24,,
1490037246631,Mouse Moved,385.0,340.0,User24,,
1490037246647,Mouse Moved,385.0,346.0,User24,,
1490037246661,Mouse Moved,384.0,357.0,User24,,
1490037246677,Mouse Moved,384.0,363.0,User24,,
1490037246694,Mouse Moved,384.0,366.0,User24,,
1490037246973,Mouse Moved,383.0,372.0,User24,,
1490037247006,Mouse Moved,381.0,379.0,User24,,
1490037247020,Mouse Moved,379.0,400.0,User24,,
1490037247036,Mouse Moved,377.0,426.0,User24,,
1490037247052,Mouse Moved,377.0,447.0,User24,,
1490037247068,Mouse Moved,378.0,457.0,User24,,
1490037247084,Mouse Moved,378.0,466.0,User24,,
1490037247098,Mouse Moved,379.0,475.0,User24,,
1490037247115,Mouse Moved,379.0,482.0,User24,,
1490037247130,Mouse Moved,379.0,487.0,User24,,
1490037247145,Mouse Moved,379.0,486.0,User24,,
1490037247380,Mouse Moved,379.0,487.0,User24,,
1490037252388,Mouse Moved,380.0,488.0,User24,,
1490037252403,Mouse Moved,383.0,559.0,User24,,
1490037252450,Mouse Moved,352.0,634.0,User24,,
1490037253901,Mouse Moved,351.0,633.0,User24,,
1490037253915,Mouse Moved,353.0,624.0,User24,,
1490037253931,Mouse Moved,354.0,618.0,User24,,
1490037253947,Mouse Moved,356.0,610.0,User24,,
1490037253963,Mouse Moved,359.0,600.0,User24,,
1490037253979,Mouse Moved,362.0,589.0,User24,,
1490037253993,Mouse Moved,366.0,577.0,User24,,
1490037254009,Mouse Moved,377.0,545.0,User24,,
1490037254026,Mouse Moved,382.0,531.0,User24,,
1490037254040,Mouse Moved,386.0,518.0,User24,,
1490037254056,Mouse Moved,389.0,509.0,User24,,
1490037254072,Mouse Moved,392.0,500.0,User24,,
1490037254088,Mouse Moved,397.0,485.0,User24,,
1490037254104,Mouse Moved,399.0,479.0,User24,,
1490037254118,Mouse Moved,400.0,476.0,User24,,
1490037254134,Mouse Moved,401.0,474.0,User24,,
1490037254150,Mouse Moved,402.0,472.0,User24,,
1490037254836,Mouse Moved,398.0,472.0,User24,,
1490037254851,Mouse Moved,392.0,472.0,User24,,
1490037254868,Mouse Moved,385.0,473.0,User24,,
1490037254884,Mouse Moved,379.0,473.0,User24,,
1490037254898,Mouse Moved,362.0,473.0,User24,,
1490037254930,Mouse Moved,352.0,474.0,User24,,
1490037254946,Mouse Moved,332.0,476.0,User24,,
1490037254961,Mouse Moved,320.0,478.0,User24,,
1490037254976,Mouse Moved,310.0,480.0,User24,,
1490037254993,Mouse Moved,300.0,482.0,User24,,
1490037255007,Mouse Moved,287.0,485.0,User24,,
1490037255023,Mouse Moved,283.0,486.0,User24,,
1490037255039,Mouse Moved,280.0,487.0,User24,,
1490037255913,Mouse Moved,281.0,487.0,User24,,
1490037255928,Mouse Moved,282.0,487.0,User24,,
1490037255944,Mouse Moved,285.0,487.0,User24,,
1490037255960,Mouse Moved,289.0,486.0,User24,,
1490037255976,Mouse Moved,294.0,486.0,User24,,
1490037255990,Mouse Moved,302.0,485.0,User24,,
1490037260999,Mouse Moved,311.0,484.0,User24,,
1490037261013,Mouse Moved,602.0,505.0,User24,,
1490037261046,Mouse Moved,818.0,522.0,User24,,
1490037261061,Mouse Moved,875.0,530.0,User24,,
1490037261076,Mouse Moved,1029.0,559.0,User24,,
1490037261092,Mouse Moved,277.0,472.0,User24,,
1490037261108,Mouse Moved,248.0,478.0,User24,,
1490037261124,Mouse Moved,244.0,479.0,User24,,
1490037261138,Mouse Moved,240.0,480.0,User24,,
1490037261154,Mouse Moved,237.0,482.0,User24,,
1490037262573,Mouse Moved,235.0,483.0,User24,,
1490037262589,Mouse Moved,224.0,490.0,User24,,
1490037262605,Mouse Moved,217.0,493.0,User24,,
1490037262621,Mouse Moved,209.0,497.0,User24,,
1490037262637,Mouse Moved,201.0,501.0,User24,,
1490037262651,Mouse Moved,191.0,506.0,User24,,
1490037262667,Mouse Moved,168.0,519.0,User24,,
1490037262684,Mouse Moved,156.0,526.0,User24,,
1490037262698,Mouse Moved,141.0,537.0,User24,,
1490037262714,Mouse Moved,127.0,547.0,User24,,
1490037262730,Mouse Moved,114.0,557.0,User24,,
1490037262746,Mouse Moved,94.0,573.0,User24,,
1490037262762,Mouse Moved,87.0,579.0,User24,,
1490037262776,Mouse Moved,79.0,587.0,User24,,
1490037262792,Mouse Moved,72.0,594.0,User24,,
1490037262808,Mouse Moved,65.0,600.0,User24,,
1490037262823,Mouse Moved,59.0,606.0,User24,,
1490037262839,Mouse Moved,53.0,613.0,User24,,
1490037262855,Mouse Moved,49.0,617.0,User24,,
1490037262871,Mouse Moved,46.0,620.0,User24,,
1490037262901,Mouse Moved,40.0,626.0,User24,,
1490037262917,Mouse Moved,35.0,631.0,User24,,
1490037262933,Mouse Moved,34.0,633.0,User24,,
1490037262948,Mouse Moved,33.0,634.0,User24,,
1490037262963,Mouse Moved,32.0,634.0,User24,,
1490037262980,Mouse Moved,31.0,635.0,User24,,
1490037263010,Mouse Moved,29.0,637.0,User24,,
1490037263026,Mouse Moved,28.0,637.0,User24,,
1490037263042,Mouse Moved,28.0,636.0,User24,,
1490037263073,Mouse Moved,27.0,636.0,User24,,
1490037263292,Mouse Moved,27.0,635.0,User24,,
1490037263322,Mouse Moved,28.0,634.0,User24,,
1490037263806,Mouse Moved,27.0,634.0,User24,,
1490037263822,Mouse Moved,27.0,634.0,User24,,
1490037269095,Mouse Moved,27.0,634.0,User24,,
1490037269111,Mouse Moved,55.0,627.0,User24,,
1490037269125,Mouse Moved,127.0,605.0,User24,,
1490037269141,Mouse Moved,220.0,582.0,User24,,
1490037269157,Mouse Moved,448.0,501.0,User24,,
1490037269236,Mouse Moved,483.0,491.0,User24,,
1490037269250,Mouse Moved,511.0,483.0,User24,,
1490037277051,Mouse Moved,538.0,476.0,User24,,
1490037277066,Mouse Moved,490.0,504.0,User24,,
1490037428823,Mouse Moved,403.0,510.0,User24,,
1490037428838,Mouse Moved,424.0,447.0,User24,,
1490037428855,Mouse Moved,294.0,555.0,User24,,
1490037428869,Mouse Moved,320.0,602.0,User24,,
1490037428885,Mouse Moved,349.0,603.0,User24,,
1490037428901,Mouse Moved,353.0,604.0,User24,,
1490037428917,Mouse Moved,355.0,604.0,User24,,
1490037428933,Mouse Moved,361.0,605.0,User24,,
1490037428947,Mouse Moved,365.0,606.0,User24,,
1490037428963,Mouse Moved,368.0,606.0,User24,,
1490037428980,Mouse Moved,370.0,607.0,User24,,
1490037428994,Mouse Moved,372.0,608.0,User24,,
1490037429010,Mouse Moved,375.0,609.0,User24,,
1490037429026,Mouse Moved,380.0,612.0,User24,,
1490037429042,Mouse Moved,382.0,613.0,User24,,
1490037429058,Mouse Moved,383.0,614.0,User24,,
1490037429072,Mouse Moved,385.0,615.0,User24,,
1490037429088,Mouse Moved,387.0,615.0,User24,,
1490037429540,Mouse Moved,387.0,616.0,User24,,
1490037429556,Mouse Button.left Released,387.0,616.0,User24,,
1490037430289,Mouse Moved,387.0,614.0,User24,,
1490037430305,Mouse Moved,388.0,613.0,User24,,
1490037430321,Mouse Moved,389.0,605.0,User24,,
1490037430336,Mouse Moved,391.0,601.0,User24,,
1490037430351,Mouse Moved,394.0,594.0,User24,,
1490037430368,Mouse Moved,398.0,586.0,User24,,
1490037430384,Mouse Moved,407.0,571.0,User24,,
1490037430398,Mouse Moved,436.0,530.0,User24,,
1490037430414,Mouse Moved,454.0,506.0,User24,,
1490037430430,Mouse Moved,470.0,488.0,User24,,
1490037430446,Mouse Moved,486.0,471.0,User24,,
1490037430461,Mouse Moved,504.0,453.0,User24,,
1490037430476,Mouse Moved,518.0,440.0,User24,,
1490037430493,Mouse Moved,537.0,423.0,User24,,
1490037430507,Mouse Moved,541.0,418.0,User24,,
1490037430523,Mouse Moved,545.0,415.0,User24,,
1490037430539,Mouse Moved,547.0,412.0,User24,,
1490037430555,Mouse Moved,549.0,410.0,User24,,
1490037446186,Mouse Moved,548.0,410.0,User24,,
1490037446201,Mouse Moved,548.0,409.0,User24,,
1490037446217,Mouse Moved,544.0,407.0,User24,,
1490037446233,Mouse Moved,542.0,406.0,User24,,
1490037446249,Mouse Moved,538.0,401.0,User24,,
1490037446263,Mouse Moved,531.0,393.0,User24,,
1490037446296,Mouse Moved,526.0,387.0,User24,,
1490037446311,Mouse Moved,516.0,371.0,User24,,
1490037446326,Mouse Moved,510.0,363.0,User24,,
1490037451334,Mouse Moved,506.0,356.0,User24,,
1490037451349,Mouse Moved,487.0,324.0,User24,,
1490037451365,Mouse Moved,424.0,268.0,User24,,
1490037451381,Mouse Moved,416.0,260.0,User24,,
1490037451397,Mouse Moved,411.0,247.0,User24,,
1490037459352,Mouse Moved,408.0,237.0,User24,,
1490037459368,Mouse Moved,408.0,242.0,User24,,
1490037459384,Mouse Moved,432.0,264.0,User24,,
1490037459400,Mouse Moved,458.0,287.0,User24,,
1490037459414,Mouse Moved,540.0,321.0,User24,,
1490037459430,Mouse Moved,595.0,360.0,User24,,
1490037470319,Mouse Moved,594.0,360.0,User24,,
1490037470335,Mouse Moved,406.0,302.0,User24,,
1490037470351,Mouse Moved,376.0,298.0,User24,,
1490037478431,Mouse Moved,368.0,299.0,User24,,
1490037478447,Mouse Moved,326.0,262.0,User24,,
1490037478463,Mouse Moved,219.0,130.0,User24,,
1490037478493,Mouse Moved,105.0,67.0,User24,,
1490037478509,Mouse Moved,79.0,49.0,User24,,
1490037480256,Mouse Moved,70.0,37.0,User24,,
1490037480272,Mouse Moved,71.0,37.0,User24,,
1490037480303,Mouse Moved,73.0,37.0,User24,,
1490037480319,Mouse Moved,74.0,37.0,User24,,
1490037480349,Mouse Moved,75.0,37.0,User24,,
1490037480365,Mouse Moved,76.0,37.0,User24,,
1490037480381,Mouse Moved,77.0,37.0,User24,,
1490037480397,Mouse Moved,81.0,37.0,User24,,
1490037480413,Mouse Moved,82.0,36.0,User24,,
1490037480427,Mouse Moved,84.0,36.0,User24,,
1490037480444,Mouse Moved,85.0,37.0,User24,,
1490037480460,Mouse Moved,88.0,37.0,User24,,
1490037480474,Mouse Moved,90.0,36.0,User24,,
1490037480490,Mouse Moved,92.0,37.0,User24,,
1490037480506,Mouse Moved,94.0,37.0,User24,,
1490037480522,Mouse Moved,96.0,37.0,User24,,
1490037480538,Mouse Moved,98.0,37.0,User24,,
1490037480552,Mouse Moved,99.0,38.0,User24,,
1490037480584,Mouse Moved,100.0,38.0,User24,,
1490037480927,Mouse Moved,100.0,39.0,User24,,
1490037480943,Mouse Moved,100.0,40.0,User24,,
1490037480959,Mouse Moved,100.0,41.0,User24,,
1490037480990,Mouse Moved,99.0,46.0,User24,,
1490037481006,Mouse Moved,98.0,48.0,User24,,
1490037481020,Mouse Moved,98.0,49.0,User24,,
1490037481036,Mouse Moved,97.0,51.0,User24,,
1490037481052,Mouse Moved,96.0,54.0,User24,,
1490037481068,Mouse Moved,95.0,56.0,User24,,
1490037481084,Mouse Moved,94.0,58.0,User24,,
1490037481098,Mouse Moved,94.0,61.0,User24,,
1490037481115,Mouse Moved,93.0,62.0,User24,,
1490037481130,Mouse Moved,92.0,65.0,User24,,
1490037481145,Mouse Moved,91.0,66.0,User24,,
1490037481161,Mouse Moved,91.0,67.0,User24,,
1490037481177,Mouse Moved,90.0,68.0,User24,,
1490037481207,Mouse Moved,90.0,69.0,User24,,
1490037481223,Mouse Moved,89.0,69.0,User24,,
1490037486543,Mouse Moved,89.0,68.0,User24,,
1490037486559,Mouse Moved,95.0,39.0,User24,,
1490037486621,Mouse Moved,95.0,37.0,User24,,
1490037488914,Mouse Moved,95.0,38.0,User24,,
1490037488930,Mouse Moved,94.0,38.0,User24,,
1490037488946,Mouse Moved,90.0,40.0,User24,,
1490037488961,Mouse Moved,86.0,42.0,User24,,
1490037488976,Mouse Moved,82.0,43.0,User24,,
1490037488993,Mouse Moved,78.0,45.0,User24,,
1490037489007,Mouse Moved,75.0,47.0,User24,,
1490037489023,Mouse Moved,66.0,52.0,User24,,
1490037489039,Mouse Moved,61.0,54.0,User24,,
1490037489055,Mouse Moved,57.0,57.0,User24,,
1490037489071,Mouse Moved,53.0,59.0,User24,,
1490037489085,Mouse Moved,50.0,60.0,User24,,
1490037489101,Mouse Moved,47.0,62.0,User24,,
1490037489118,Mouse Moved,44.0,63.0,User24,,
1490037489132,Mouse Moved,38.0,66.0,User24,,
1490037489148,Mouse Moved,36.0,67.0,User24,,
1490037489164,Mouse Moved,34.0,68.0,User24,,
1490037489180,Mouse Moved,31.0,70.0,User24,,
1490037489196,Mouse Moved,29.0,70.0,User24,,
1490037489210,Mouse Moved,28.0,71.0,User24,,
1490037489242,Mouse Moved,27.0,71.0,User24,,
1490037494546,Mouse Moved,27.0,71.0,User24,,
1490037494562,Mouse Moved,33.0,75.0,User24,,
1490037494578,Mouse Moved,48.0,85.0,User24,,
1490037494592,Mouse Moved,84.0,114.0,User24,,
1490037494608,Mouse Moved,92.0,122.0,User24,,
1490037494624,Mouse Moved,136.0,165.0,User24,,
1490037494640,Mouse Moved,167.0,203.0,User24,,
1490037494655,Mouse Moved,167.0,209.0,User24,,
1490037494671,Mouse Moved,157.0,211.0,User24,,
1490037494687,Mouse Moved,116.0,210.0,User24,,
1490037494701,Mouse Moved,22.0,128.0,User24,,
1490037494812,Mouse Moved,11.0,115.0,User24,,
1490037494904,Mouse Moved,10.0,114.0,User24,,
1490037494921,Mouse Moved,37.0,92.0,User24,,
1490037494936,Mouse Moved,38.0,93.0,User24,,
1490037494951,Mouse Moved,38.0,92.0,User24,,
1490037495638,Mouse Moved,39.0,93.0,User24,,
1490037495654,Mouse Moved,40.0,93.0,User24,,
1490037495670,Mouse Moved,42.0,94.0,User24,,
1490037495684,Mouse Moved,44.0,95.0,User24,,
1490037495700,Mouse Moved,51.0,98.0,User24,,
1490037495716,Mouse Moved,56.0,101.0,User24,,
1490037495747,Mouse Moved,62.0,104.0,User24,,
1490037495763,Mouse Moved,74.0,111.0,User24,,
1490037495779,Mouse Moved,81.0,115.0,User24,,
1490037495793,Mouse Moved,95.0,123.0,User24,,
1490037495809,Mouse Moved,108.0,132.0,User24,,
1490037495825,Mouse Moved,115.0,137.0,User24,,
1490037495841,Mouse Moved,127.0,147.0,User24,,
1490037495857,Mouse Moved,140.0,156.0,User24,,
1490037495871,Mouse Moved,152.0,167.0,User24,,
1490037495888,Mouse Moved,162.0,176.0,User24,,
1490037495904,Mouse Moved,170.0,184.0,User24,,
1490037495918,Mouse Moved,177.0,191.0,User24,,
1490037495934,Mouse Moved,189.0,202.0,User24,,
1490037495950,Mouse Moved,194.0,207.0,User24,,
1490037495966,Mouse Moved,197.0,211.0,User24,,
1490037495982,Mouse Moved,200.0,213.0,User24,,
1490037495996,Mouse Moved,202.0,215.0,User24,,
1490037496013,Mouse Moved,201.0,215.0,User24,,
1490037502657,Mouse Moved,200.0,215.0,User24,,
1490037502674,Mouse Moved,196.0,215.0,User24,,
1490037502690,Mouse Moved,142.0,211.0,User24,,
1490037502704,Mouse Moved,162.0,212.0,User24,,
1490037502720,Mouse Moved,188.0,213.0,User24,,
1490037512627,Mouse Moved,184.0,213.0,User24,,
1490037512641,Mouse Moved,176.0,213.0,User24,,
1490037512657,Mouse Moved,153.0,208.0,User24,,
1490037512674,Mouse Moved,137.0,204.0,User24,,
1490037512720,Mouse Moved,120.0,199.0,User24,,
1490037512736,Mouse Moved,39.0,171.0,User24,,
1490037512766,Mouse Moved,29.0,167.0,User24,,
1490037512782,Mouse Moved,15.0,161.0,User24,,
1490037512798,Mouse Moved,10.0,159.0,User24,,
1490037513016,Mouse Moved,14.0,161.0,User24,,
1490037513032,Mouse Moved,15.0,163.0,User24,,
1490037513048,Mouse Moved,19.0,164.0,User24,,
1490037513063,Mouse Moved,22.0,167.0,User24,,
1490037513078,Mouse Moved,27.0,170.0,User24,,
1490037513095,Mouse Moved,33.0,173.0,User24,,
1490037513109,Mouse Moved,40.0,177.0,User24,,
1490037513125,Mouse Moved,56.0,182.0,User24,,
1490037513141,Mouse Moved,64.0,185.0,User24,,
1490037513157,Mouse Moved,70.0,187.0,User24,,
1490037513173,Mouse Moved,82.0,190.0,User24,,
1490037513187,Mouse Moved,88.0,192.0,User24,,
1490037513203,Mouse Moved,93.0,193.0,User24,,
1490037513220,Mouse Moved,100.0,195.0,User24,,
1490037513234,Mouse Moved,106.0,197.0,User24,,
1490037513250,Mouse Moved,112.0,198.0,User24,,
1490037513266,Mouse Moved,116.0,199.0,User24,,
1490037513282,Mouse Moved,120.0,200.0,User24,,
1490037513298,Mouse Moved,121.0,201.0,User24,,
1490037513312,Mouse Moved,122.0,201.0,User24,,
1490037513328,Mouse Moved,123.0,202.0,User24,,
1490037513344,Mouse Moved,125.0,202.0,User24,,
1490037513359,Mouse Moved,127.0,205.0,User24,,
1490037513375,Mouse Moved,128.0,206.0,User24,,
1490037513391,Mouse Moved,128.0,207.0,User24,,
1490037513407,Mouse Moved,129.0,208.0,User24,,
1490037513437,Mouse Moved,130.0,209.0,User24,,
1490037513453,Mouse Moved,130.0,210.0,User24,,
1490037513500,Mouse Moved,130.0,211.0,User24,,
1490037513516,Mouse Moved,130.0,210.0,User24,,
1490037513532,Mouse Moved,130.0,211.0,User24,,
1490037513578,Mouse Moved,130.0,212.0,User24,,
1490037513594,Mouse Moved,130.0,213.0,User24,,
1490037513609,Mouse Moved,130.0,215.0,User24,,
1490037513625,Mouse Moved,130.0,214.0,User24,,
1490037513641,Mouse Moved,130.0,215.0,User24,,
1490037513671,Mouse Moved,129.0,215.0,User24,,
1490037514000,Mouse Moved,129.0,215.0,User24,,
1490037519194,Mouse Moved,131.0,215.0,User24,,
1490037519210,Mouse Moved,188.0,213.0,User24,,
1490037519226,Mouse Moved,553.0,242.0,User24,,
1490037519240,Mouse Moved,619.0,241.0,User24,,
1490037519256,Mouse Moved,667.0,238.0,User24,,
1490037519272,Mouse Moved,728.0,228.0,User24,,
1490037519288,Mouse Moved,770.0,228.0,User24,,
1490037519303,Mouse Moved,786.0,233.0,User24,,
1490037519474,Mouse Moved,781.0,235.0,User24,,
1490037519538,Mouse Moved,781.0,236.0,User24,,
1490037519552,Mouse Moved,781.0,237.0,User24,,
1490037519569,Mouse Moved,782.0,238.0,User24,,
1490037519615,Mouse Moved,782.0,239.0,User24,,
1490037519647,Mouse Moved,782.0,239.0,User24,,
1490037519677,Mouse Moved,782.0,240.0,User24,,
1490037519694,Mouse Moved,782.0,241.0,User24,,
1490037519709,Mouse Moved,782.0,240.0,User24,,
1490037519724,Mouse Moved,782.0,241.0,User24,,
1490037519756,Mouse Moved,782.0,242.0,User24,,
1490037519834,Mouse Moved,782.0,243.0,User24,,
1490037519849,Mouse Moved,781.0,243.0,User24,,
1490037519881,Mouse Moved,781.0,244.0,User24,,
1490037519895,Mouse Moved,782.0,244.0,User24,,
1490037519911,Mouse Moved,781.0,244.0,User24,,
1490037519990,Mouse Moved,781.0,245.0,User24,,
1490037520006,Mouse Moved,781.0,246.0,User24,,
1490037520020,Mouse Moved,782.0,247.0,User24,,
1490037520036,Mouse Moved,781.0,247.0,User24,,
1490037520052,Mouse Moved,782.0,248.0,User24,,
1490037520084,Mouse Moved,782.0,249.0,User24,,
1490037520098,Mouse Moved,782.0,248.0,User24,,
1490037520177,Mouse Moved,782.0,249.0,User24,,
1490037520270,Mouse Moved,782.0,250.0,User24,,
1490037520286,Mouse Moved,781.0,250.0,User24,,
1490037520302,Mouse Moved,782.0,250.0,User24,,
1490037520318,Mouse Moved,781.0,250.0,User24,,
1490037520332,Mouse Moved,781.0,251.0,User24,,
1490037520348,Mouse Moved,782.0,252.0,User24,,
1490037520380,Mouse Moved,781.0,252.0,User24,,
1490037520395,Mouse Moved,781.0,253.0,User24,,
1490037520582,Mouse Moved,781.0,254.0,User24,,
1490037520598,Mouse Moved,781.0,258.0,User24,,
1490037520723,Mouse Moved,780.0,258.0,User24,,
1490037520864,Mouse Moved,780.0,261.0,User24,,
1490037520878,Mouse Moved,779.0,268.0,User24,,
1490037520987,Mouse Moved,779.0,269.0,User24,,
1490037521003,Mouse Moved,779.0,280.0,User24,,
1490037521035,Mouse Moved,779.0,281.0,User24,,
1490037521315,Mouse Moved,779.0,281.0,User24,,
1490037521332,Mouse Moved,780.0,306.0,User24,,
1490037521346,Mouse Moved,779.0,308.0,User24,,
1490037521362,Mouse Moved,779.0,313.0,User24,,
1490037521378,Mouse Moved,779.0,315.0,User24,,
1490037521487,Mouse Moved,779.0,316.0,User24,,
1490037521503,Mouse Moved,778.0,318.0,User24,,
1490037521644,Mouse Moved,777.0,329.0,User24,,
1490037521658,Mouse Moved,777.0,335.0,User24,,
1490037521799,Mouse Moved,777.0,336.0,User24,,
1490037528289,Mouse Moved,777.0,336.0,User24,,
1490037528305,Mouse Button.left Pressed,777.0,336.0,User24,,
1490037528382,Mouse Moved,777.0,334.0,User24,,
1490037528398,Mouse Moved,778.0,331.0,User24,,
1490037528414,Mouse Moved,779.0,330.0,User24,,
1490037528430,Mouse Moved,779.0,329.0,User24,,
1490037528444,Mouse Moved,779.0,328.0,User24,,
1490037528476,Mouse Moved,780.0,326.0,User24,,
1490037528492,Mouse Moved,780.0,325.0,User24,,
1490037528507,Mouse Moved,780.0,324.0,User24,,
1490037528523,Mouse Moved,779.0,324.0,User24,,
1490037528617,Mouse Moved,780.0,324.0,User24,,
1490037528803,Mouse Moved,780.0,323.0,User24,,
1490037528819,Mouse Moved,780.0,322.0,User24,,
1490037528851,Mouse Moved,780.0,320.0,User24,,
1490037529085,Mouse Moved,780.0,321.0,User24,,
1490037529099,Mouse Moved,779.0,320.0,User24,,
1490037529444,Mouse Moved,780.0,321.0,User24,,
1490037529474,Mouse Moved,779.0,321.0,User24,,
1490037529802,Mouse Moved,779.0,322.0,User24,,
1490037529818,Mouse Moved,779.0,322.0,User24,,
1490037543421,Mouse Moved,779.0,322.0,User24,,
1490037543858,Mouse Button.left Pressed,779.0,322.0,User24,,
1490037544092,Mouse Moved,779.0,321.0,User24,,
1490037544108,Mouse Moved,780.0,320.0,User24,,
1490037560082,Mouse Moved,784.0,307.0,User24,,
1490037560176,Mouse Moved,784.0,306.0,User24,,
1490037560190,Mouse Moved,783.0,303.0,User24,,
1490037560207,Mouse Moved,783.0,300.0,User24,,
1490037560221,Mouse Moved,782.0,299.0,User24,,
1490037560237,Mouse Moved,782.0,298.0,User24,,
1490037560253,Mouse Moved,782.0,296.0,User24,,
1490037560269,Mouse Moved,781.0,293.0,User24,,
1490037560285,Mouse Moved,782.0,292.0,User24,,
1490037560299,Mouse Moved,782.0,291.0,User24,,
1490037560315,Mouse Moved,781.0,290.0,User24,,
1490037560332,Mouse Moved,781.0,289.0,User24,,
1490037560362,Mouse Moved,781.0,288.0,User24,,
1490037560378,Mouse Moved,782.0,286.0,User24,,
1490037560394,Mouse Moved,781.0,283.0,User24,,
1490037560410,Mouse Moved,782.0,281.0,User24,,
1490037560424,Mouse Moved,782.0,280.0,User24,,
1490037560440,Mouse Moved,783.0,279.0,User24,,
1490037560456,Mouse Moved,783.0,277.0,User24,,
1490037560471,Mouse Moved,784.0,276.0,User24,,
1490037560487,Mouse Moved,783.0,276.0,User24,,
1490037560503,Mouse Moved,783.0,275.0,User24,,
1490037560519,Mouse Moved,784.0,274.0,User24,,
1490037560533,Mouse Moved,784.0,273.0,User24,,
1490037560549,Mouse Moved,785.0,269.0,User24,,
1490037560565,Mouse Moved,786.0,266.0,User24,,
1490037560581,Mouse Moved,787.0,263.0,User24,,
1490037560596,Mouse Moved,787.0,261.0,User24,,
1490037560611,Mouse Moved,788.0,258.0,User24,,
1490037560628,Mouse Moved,789.0,257.0,User24,,
1490037560644,Mouse Moved,789.0,256.0,User24,,
1490037560658,Mouse Moved,789.0,255.0,User24,,
1490037560690,Mouse Moved,790.0,255.0,User24,,
1490037560706,Mouse Moved,789.0,254.0,User24,,
1490037560721,Mouse Moved,790.0,254.0,User24,,
1490037560736,Mouse Moved,790.0,253.0,User24,,
1490037560753,Mouse Moved,790.0,252.0,User24,,
1490037560767,Mouse Moved,790.0,249.0,User24,,
1490037560783,Mouse Moved,790.0,248.0,User24,,
1490037560799,Mouse Moved,791.0,246.0,User24,,
1490037560815,Mouse Moved,792.0,244.0,User24,,
1490037560831,Mouse Moved,792.0,242.0,User24,,
1490037560845,Mouse Moved,793.0,240.0,User24,,
1490037560861,Mouse Moved,794.0,239.0,User24,,
1490037560878,Mouse Moved,794.0,238.0,User24,,
1490037560892,Mouse Moved,795.0,237.0,User24,,
1490037560908,Mouse Moved,795.0,236.0,User24,,
1490037560970,Mouse Moved,795.0,236.0,User24,,
1490037563497,Mouse Moved,788.0,239.0,User24,,
1490037568131,Mouse Moved,693.0,301.0,User24,1280.0,644.0
1490037568147,Mouse Moved,269.0,594.0,User24,,
1490037568240,Mouse Moved,109.0,639.0,User24,,
1490037568256,Mouse Moved,288.0,611.0,User24,,
1490037568272,Mouse Moved,595.0,526.0,User24,,
1490037568288,Mouse Moved,625.0,519.0,User24,,
1490037568302,Mouse Moved,684.0,486.0,User24,,
1490037568319,Mouse Moved,720.0,375.0,User24,,
1490037568334,Mouse Moved,722.0,365.0,User24,,
1490037568349,Mouse Moved,723.0,357.0,User24,,
1490037568365,Mouse Moved,724.0,350.0,User24,,
1490037568381,Mouse Moved,725.0,346.0,User24,,
1490037568631,Mouse Moved,726.0,341.0,User24,,
1490037568645,Mouse Moved,727.0,338.0,User24,,
1490037568661,Mouse Moved,730.0,335.0,User24,,
1490037568677,Mouse Moved,734.0,328.0,User24,,
1490037568693,Mouse Moved,737.0,325.0,User24,,
1490037568709,Mouse Moved,740.0,320.0,User24,,
1490037568723,Mouse Moved,743.0,316.0,User24,,
1490037568740,Mouse Moved,752.0,305.0,User24,,
1490037568756,Mouse Moved,756.0,299.0,User24,,
1490037568865,Mouse Moved,760.0,294.0,User24,,
1490037568880,Mouse Moved,774.0,274.0,User24,,
1490037568895,Mouse Moved,778.0,267.0,User24,,
1490037568911,Mouse Moved,779.0,266.0,User24,,
1490037576165,Mouse Moved,779.0,265.0,User24,,
1490037576180,Mouse Moved,780.0,260.0,User24,,
1490037576197,Mouse Moved,782.0,263.0,User24,,
1490037576259,Mouse Moved,782.0,263.0,User24,,
1490037584184,Mouse Moved,782.0,263.0,User24,,
1490037584200,Mouse Moved,781.0,266.0,User24,,
1490037585588,Mouse Moved,780.0,273.0,User24,,
1490037585604,Mouse Moved,780.0,275.0,User24,,
1490037585665,Mouse Moved,781.0,276.0,User24,,
1490037585805,Mouse Moved,781.0,277.0,User24,,
1490037592654,Mouse Moved,781.0,277.0,User24,,
1490037592686,Mouse Moved,780.0,280.0,User24,,
1490037592701,Mouse Moved,708.0,310.0,User24,,
1490037592717,Mouse Moved,585.0,376.0,User24,,
1490037592733,Mouse Moved,310.0,375.0,User24,,
1490037592747,Mouse Moved,256.0,366.0,User24,,
1490037594105,Mouse Moved,254.0,364.0,User24,,
1490037594121,Mouse Moved,259.0,346.0,User24,,
1490037594151,Mouse Moved,259.0,343.0,User24,,
1490037594167,Mouse Moved,262.0,337.0,User24,,
1490037594184,Mouse Moved,262.0,334.0,User24,,
1490037594262,Mouse Moved,263.0,332.0,User24,,
1490037594276,Mouse Moved,266.0,323.0,User24,,
1490037594401,Mouse Moved,267.0,316.0,User24,,
1490037594417,Mouse Moved,269.0,302.0,User24,,
1490037594448,Mouse Moved,270.0,299.0,User24,,
1490037594463,Mouse Moved,269.0,299.0,User24,,
1490037594480,Mouse Moved,270.0,298.0,User24,,
1490037594619,Mouse Moved,269.0,296.0,User24,,
1490037594760,Mouse Moved,267.0,294.0,User24,,
1490037594776,Mouse Moved,266.0,293.0,User24,,
1490037594931,Mouse Moved,266.0,292.0,User24,,
1490037595338,Mouse Moved,265.0,288.0,User24,,
1490037600657,Mouse Moved,266.0,288.0,User24,,
1490037600673,Mouse Moved,283.0,291.0,User24,,
1490037600688,Mouse Moved,419.0,367.0,User24,,
1490037600798,Mouse Moved,460.0,386.0,User24,,
1490037600813,Mouse Moved,492.0,403.0,User24,,
1490037600828,Mouse Moved,361.0,402.0,User24,,
1490037601062,Mouse Moved,322.0,403.0,User24,,
1490037601078,Mouse Moved,289.0,407.0,User24,,
1490037601094,Mouse Moved,272.0,409.0,User24,,
1490037601109,Mouse Moved,317.0,408.0,User24,,
1490037601125,Mouse Moved,320.0,408.0,User24,,
1490037601141,Mouse Moved,324.0,409.0,User24,,
1490037601171,Mouse Moved,332.0,410.0,User24,,
1490037601203,Mouse Moved,342.0,413.0,User24,,
1490037601219,Mouse Moved,360.0,418.0,User24,,
1490037601234,Mouse Moved,368.0,421.0,User24,,
1490037601250,Mouse Moved,375.0,423.0,User24,,
1490037601266,Mouse Moved,381.0,425.0,User24,,
1490037601282,Mouse Moved,395.0,431.0,User24,,
1490037601296,Mouse Moved,403.0,434.0,User24,,
1490037601312,Mouse Moved,411.0,437.0,User24,,
1490037601328,Mouse Moved,418.0,441.0,User24,,
1490037601344,Mouse Moved,423.0,443.0,User24,,
1490037601359,Mouse Moved,433.0,446.0,User24,,
1490037601375,Mouse Moved,436.0,448.0,User24,,
1490037601796,Mouse Moved,438.0,448.0,User24,,
1490037601812,Mouse Moved,444.0,450.0,User24,,
1490037601828,Mouse Moved,448.0,451.0,User24,,
1490037601842,Mouse Moved,450.0,451.0,User24,,
1490037601858,Mouse Moved,454.0,452.0,User24,,
1490037601874,Mouse Moved,457.0,452.0,User24,,
1490037601890,Mouse Moved,462.0,454.0,User24,,
1490037601905,Mouse Moved,465.0,454.0,User24,,
1490037601921,Mouse Moved,471.0,456.0,User24,,
1490037601937,Mouse Moved,475.0,457.0,User24,,
1490037601951,Mouse Moved,480.0,458.0,User24,,
1490037601967,Mouse Moved,485.0,460.0,User24,,
1490037601983,Mouse Moved,496.0,464.0,User24,,
1490037601999,Mouse Moved,501.0,465.0,User24,,
1490037602015,Mouse Moved,514.0,469.0,User24,,
1490037602029,Mouse Moved,521.0,471.0,User24,,
1490037602046,Mouse Moved,527.0,473.0,User24,,
1490037602062,Mouse Moved,531.0,474.0,User24,,
1490037602076,Mouse Moved,534.0,474.0,User24,,
1490037602092,Mouse Moved,536.0,475.0,User24,,
1490037602311,Mouse Moved,540.0,475.0,User24,,
1490037602326,Mouse Moved,546.0,476.0,User24,,
1490037602342,Mouse Moved,551.0,477.0,User24,,
1490037602358,Mouse Moved,565.0,478.0,User24,,
1490037602374,Mouse Moved,571.0,478.0,User24,,
1490037602388,Mouse Moved,578.0,479.0,User24,,
1490037602404,Mouse Moved,585.0,480.0,User24,,
1490037602420,Mouse Moved,596.0,481.0,User24,,
1490037602436,Mouse Moved,603.0,482.0,User24,,
1490037602451,Mouse Moved,609.0,482.0,User24,,
1490037602483,Mouse Moved,615.0,483.0,User24,,
1490037602497,Mouse Moved,625.0,484.0,User24,,
1490037602513,Mouse Moved,629.0,484.0,User24,,
1490037602529,Mouse Moved,636.0,485.0,User24,,
1490037602545,Mouse Moved,640.0,485.0,User24,,
1490037602561,Mouse Moved,642.0,485.0,User24,,
1490037602575,Mouse Moved,643.0,486.0,User24,,
1490037602592,Mouse Moved,645.0,486.0,User24,,
1490037602608,Mouse Moved,647.0,486.0,User24,,
1490037602622,Mouse Moved,650.0,487.0,User24,,
1490037602654,Mouse Moved,651.0,487.0,User24,,
1490037602700,Mouse Moved,652.0,487.0,User24,,
1490037603403,Mouse Moved,652.0,487.0,User24,,
1490037609440,Mouse Moved,651.0,487.0,User24,,
1490037609456,Mouse Moved,626.0,449.0,User24,,
1490037609471,Mouse Moved,623.0,440.0,User24,,
1490037609486,Mouse Moved,618.0,416.0,User24,,
1490037611233,Mouse Moved,615.0,387.0,User24,,
1490037611250,Mouse Moved,617.0,385.0,User24,,
1490037611266,Mouse Moved,619.0,384.0,User24,,
1490037611280,Mouse Moved,622.0,380.0,User24,,
1490037611296,Mouse Moved,624.0,378.0,User24,,
1490037611312,Mouse Moved,629.0,371.0,User24,,
1490037611328,Mouse Moved,632.0,367.0,User24,,
1490037611344,Mouse Moved,636.0,363.0,User24,,
1490037611358,Mouse Moved,643.0,354.0,User24,,
1490037611375,Mouse Moved,654.0,344.0,User24,,
1490037611390,Mouse Moved,685.0,313.0,User24,,
1490037611405,Mouse Moved,700.0,299.0,User24,,
1490037611421,Mouse Moved,716.0,285.0,User24,,
1490037611437,Mouse Moved,732.0,271.0,User24,,
1490037611453,Mouse Moved,748.0,259.0,User24,,
1490037611467,Mouse Moved,759.0,251.0,User24,,
1490037611483,Mouse Moved,778.0,238.0,User24,,
1490037611500,Mouse Moved,783.0,235.0,User24,,
1490037611515,Mouse Moved,788.0,232.0,User24,,
1490037611546,Mouse Moved,787.0,232.0,User24,,
1490037611779,Mouse Moved,789.0,231.0,User24,,
1490037611796,Mouse Moved,791.0,230.0,User24,,
1490037611812,Mouse Moved,795.0,226.0,User24,,
1490037611826,Mouse Moved,804.0,215.0,User24,,
1490037611842,Mouse Moved,811.0,209.0,User24,,
1490037611858,Mouse Moved,818.0,202.0,User24,,
1490037611874,Mouse Moved,826.0,194.0,User24,,
1490037611890,Mouse Moved,837.0,182.0,User24,,
1490037611904,Mouse Moved,849.0,170.0,User24,,
1490037611921,Mouse Moved,872.0,148.0,User24,,
1490037611936,Mouse Moved,878.0,142.0,User24,,
1490037611951,Mouse Moved,885.0,136.0,User24,,
1490037611967,Mouse Moved,891.0,130.0,User24,,
1490037611983,Mouse Moved,897.0,125.0,User24,,
1490037611999,Mouse Moved,901.0,121.0,User24,,
1490037612013,Mouse Moved,901.0,120.0,User24,,
1490037612233,Mouse Moved,901.0,119.0,User24,,
1490037612247,Mouse Moved,905.0,114.0,User24,,
1490037612263,Mouse Moved,907.0,110.0,User24,,
1490037612279,Mouse Moved,910.0,105.0,User24,,
1490037612295,Mouse Moved,912.0,101.0,User24,,
1490037612311,Mouse Moved,915.0,95.0,User24,,
1490037612325,Mouse Moved,917.0,91.0,User24,,
1490037612342,Mouse Moved,922.0,83.0,User24,,
1490037612358,Mouse Moved,926.0,78.0,User24,,
1490037612372,Mouse Moved,929.0,73.0,User24,,
1490037612388,Mouse Moved,932.0,69.0,User24,,
1490037612404,Mouse Moved,934.0,65.0,User24,,
1490037612420,Mouse Moved,937.0,61.0,User24,,
1490037612436,Mouse Moved,941.0,54.0,User24,,
1490037612450,Mouse Moved,944.0,50.0,User24,,
1490037617443,Mouse Moved,945.0,49.0,User24,,
1490037617459,Mouse Moved,949.0,41.0,User24,,
1490037617473,Mouse Moved,952.0,39.0,User24,,
1490037634789,Mouse Moved,953.0,45.0,User24,,
1490037635569,Mouse Moved,952.0,47.0,User24,,
1490037635585,Mouse Moved,951.0,48.0,User24,,
1490037635601,Mouse Moved,948.0,50.0,User24,,
1490037635617,Mouse Moved,934.0,63.0,User24,,
1490037635632,Mouse Moved,919.0,76.0,User24,,
1490037635648,Mouse Moved,896.0,97.0,User24,,
1490037635680,Mouse Moved,870.0,120.0,User24,,
1490037635694,Mouse Moved,824.0,166.0,User24,,
1490037635710,Mouse Moved,777.0,220.0,User24,,
1490037635726,Mouse Moved,758.0,243.0,User24,,
1490037635742,Mouse Moved,744.0,262.0,User24,,
1490037635773,Mouse Moved,736.0,273.0,User24,,
1490037635789,Mouse Moved,727.0,289.0,User24,,
1490037636023,Mouse Moved,721.0,296.0,User24,,
1490037636038,Mouse Moved,717.0,299.0,User24,,
1490037636053,Mouse Moved,713.0,301.0,User24,,
1490037636069,Mouse Moved,704.0,308.0,User24,,
1490037636085,Mouse Moved,700.0,311.0,User24,,
1490037636101,Mouse Moved,693.0,316.0,User24,,
1490037636115,Mouse Moved,687.0,321.0,User24,,
1490037636131,Mouse Moved,682.0,325.0,User24,,
1490037636148,Mouse Moved,674.0,333.0,User24,,
1490037636163,Mouse Moved,672.0,336.0,User24,,
1490037636178,Mouse Moved,668.0,339.0,User24,,
1490037636194,Mouse Moved,665.0,343.0,User24,,
1490037636210,Mouse Moved,662.0,345.0,User24,,
1490037636226,Mouse Moved,660.0,348.0,User24,,
1490037636240,Mouse Moved,659.0,350.0,User24,,
1490037636256,Mouse Moved,658.0,352.0,User24,,
1490037636272,Mouse Moved,656.0,354.0,User24,,
1490037636288,Mouse Moved,654.0,357.0,User24,,
1490037636303,Mouse Moved,653.0,360.0,User24,,
1490037636319,Mouse Moved,652.0,360.0,User24,,
1490037636335,Mouse Moved,652.0,361.0,User24,,
1490037636349,Mouse Moved,650.0,362.0,User24,,
1490037636365,Mouse Moved,649.0,363.0,User24,,
1490037636381,Mouse Moved,649.0,364.0,User24,,
1490037636990,Mouse Moved,649.0,364.0,User24,,
1490037637910,Mouse Moved,648.0,365.0,User24,,
1490037637926,Mouse Moved,647.0,365.0,User24,,
1490037637941,Mouse Moved,644.0,364.0,User24,,
1490037637957,Mouse Moved,638.0,363.0,User24,,
1490037637973,Mouse Moved,631.0,363.0,User24,,
1490037637987,Mouse Moved,623.0,362.0,User24,,
1490037638003,Mouse Moved,612.0,361.0,User24,,
1490037638019,Mouse Moved,601.0,360.0,User24,,
1490037643026,Mouse Moved,560.0,360.0,User24,,
1490037643073,Mouse Moved,438.0,366.0,User24,,
1490037643089,Mouse Moved,424.0,360.0,User24,,
1490037643121,Mouse Moved,392.0,310.0,User24,,
1490037643135,Mouse Moved,389.0,283.0,User24,,
1490037652651,Mouse Moved,389.0,275.0,User24,,
1490037652667,Mouse Moved,393.0,256.0,User24,,
1490037652839,Mouse Moved,394.0,228.0,User24,,
1490037652855,Mouse Moved,393.0,229.0,User24,,
1490037652871,Mouse Moved,393.0,231.0,User24,,
1490037652885,Mouse Moved,392.0,234.0,User24,,
1490037652901,Mouse Moved,389.0,238.0,User24,,
1490037652917,Mouse Moved,388.0,242.0,User24,,
1490037652933,Mouse Moved,387.0,246.0,User24,,
1490037652948,Mouse Moved,385.0,252.0,User24,,
1490037652963,Mouse Moved,382.0,259.0,User24,,
1490037652980,Mouse Moved,375.0,275.0,User24,,
1490037652996,Mouse Moved,372.0,284.0,User24,,
1490037653010,Mouse Moved,368.0,294.0,User24,,
1490037653026,Mouse Moved,355.0,328.0,User24,,
1490037653058,Mouse Moved,348.0,348.0,User24,,
1490037653073,Mouse Moved,334.0,391.0,User24,,
1490037653088,Mouse Moved,330.0,402.0,User24,,
1490037653105,Mouse Moved,328.0,411.0,User24,,
1490037653119,Mouse Moved,326.0,417.0,User24,,
1490037653135,Mouse Moved,325.0,417.0,User24,,
1490037653431,Mouse Moved,319.0,432.0,User24,,
1490037653447,Mouse Moved,286.0,540.0,User24,,
1490037653572,Mouse Moved,280.0,566.0,User24,,
1490037653743,Mouse Moved,267.0,620.0,User24,,
1490037653759,Mouse Moved,264.0,625.0,User24,,
1490037653776,Mouse Moved,262.0,626.0,User24,,
1490037653790,Mouse Moved,260.0,629.0,User24,,
1490037653900,Mouse Moved,257.0,631.0,User24,,
1490037683026,Mouse Moved,312.0,628.0,User24,,
1490037683040,Mouse Moved,410.0,440.0,User24,,
1490037683056,Mouse Moved,516.0,324.0,User24,,
1490037683104,Mouse Moved,570.0,287.0,User24,,
1490037683118,Mouse Moved,459.0,285.0,User24,,
1490037683884,Mouse Moved,441.0,277.0,User24,,
1490037683898,Mouse Moved,439.0,277.0,User24,,
1490037683914,Mouse Moved,435.0,278.0,User24,,
1490037683930,Mouse Moved,434.0,280.0,User24,,
1490037683946,Mouse Moved,431.0,281.0,User24,,
1490037683961,Mouse Moved,427.0,284.0,User24,,
1490037683976,Mouse Moved,423.0,287.0,User24,,
1490037683993,Mouse Moved,419.0,290.0,User24,,
1490037684007,Mouse Moved,415.0,294.0,User24,,
1490037684023,Mouse Moved,407.0,300.0,User24,,
1490037684039,Mouse Moved,404.0,304.0,User24,,
1490037684055,Mouse Moved,401.0,307.0,User24,,
1490037684071,Mouse Moved,397.0,311.0,User24,,
1490037684085,Mouse Moved,396.0,314.0,User24,,
1490037684101,Mouse Moved,394.0,316.0,User24,,
1490037684118,Mouse Moved,390.0,323.0,User24,,
1490037684132,Mouse Moved,389.0,327.0,User24,,
1490037684148,Mouse Moved,388.0,329.0,User24,,
1490037684164,Mouse Moved,386.0,331.0,User24,,
1490037684180,Mouse Moved,385.0,333.0,User24,,
1490037685038,Mouse Moved,385.0,333.0,User24,,
1490037685053,Mouse Button.left Pressed,385.0,333.0,User24,,
1490037685645,Mouse Moved,386.0,332.0,User24,,
1490037685661,Mouse Moved,387.0,328.0,User24,,
1490037685677,Mouse Moved,389.0,326.0,User24,,
1490037685693,Mouse Moved,390.0,324.0,User24,,
1490037685709,Mouse Moved,392.0,321.0,User24,,
1490037685723,Mouse Moved,394.0,313.0,User24,,
1490037685740,Mouse Moved,396.0,309.0,User24,,
1490037685756,Mouse Moved,398.0,305.0,User24,,
1490037685770,Mouse Moved,400.0,300.0,User24,,
1490037685786,Mouse Moved,402.0,296.0,User24,,
1490037685802,Mouse Moved,406.0,291.0,User24,,
1490037685818,Mouse Moved,406.0,288.0,User24,,
1490037685834,Mouse Moved,407.0,284.0,User24,,
1490037685848,Mouse Moved,408.0,283.0,User24,,
1490037685865,Mouse Moved,409.0,281.0,User24,,
1490037685880,Mouse Moved,410.0,279.0,User24,,
1490037685895,Mouse Moved,411.0,278.0,User24,,
1490037685911,Mouse Moved,412.0,277.0,User24,,
1490037685927,Mouse Moved,412.0,275.0,User24,,
1490037685943,Mouse Moved,413.0,275.0,User24,,
1490037685957,Mouse Moved,413.0,273.0,User24,,
1490037685973,Mouse Moved,414.0,272.0,User24,,
1490037685990,Mouse Moved,414.0,271.0,User24,,
1490037686005,Mouse Moved,414.0,269.0,User24,,
1490037691028,Mouse Moved,414.0,268.0,User24,,
1490037691059,Mouse Moved,414.0,268.0,User24,,
1490037691075,Mouse Moved,396.0,342.0,User24,,
1490037691168,Mouse Moved,396.0,347.0,User24,,
1490037691184,Mouse Moved,393.0,380.0,User24,,
1490037691200,Mouse Moved,393.0,380.0,User24,,
1490037691230,Mouse Button.left Released,393.0,380.0,User24,,
1490037692213,Mouse Moved,398.0,379.0,User24,,
1490037692230,Mouse Moved,416.0,370.0,User24,,
1490037692244,Mouse Moved,432.0,362.0,User24,,
1490037692260,Mouse Moved,465.0,346.0,User24,,
1490037692276,Mouse Moved,503.0,328.0,User24,,
1490037692292,Mouse Moved,549.0,308.0,User24,,
1490037692308,Mouse Moved,595.0,291.0,User24,,
1490037692322,Mouse Moved,631.0,278.0,User24,,
1490037692338,Mouse Moved,664.0,268.0,User24,,
1490037692354,Mouse Moved,686.0,263.0,User24,,
1490037692369,Mouse Moved,701.0,258.0,User24,,
1490037692385,Mouse Moved,711.0,255.0,User24,,
1490037692401,Mouse Moved,715.0,254.0,User24,,
1490037692604,Mouse Moved,720.0,253.0,User24,,
1490037692619,Mouse Moved,726.0,249.0,User24,,
1490037692634,Mouse Moved,736.0,244.0,User24,,
1490037692651,Mouse Moved,779.0,221.0,User24,,
1490037692665,Mouse Moved,807.0,205.0,User24,,
1490037692681,Mouse Moved,834.0,189.0,User24,,
1490037692697,Mouse Moved,860.0,174.0,User24,,
1490037692713,Mouse Moved,877.0,163.0,User24,,
1490037692729,Mouse Moved,891.0,155.0,User24,,
1490037692743,Mouse Moved,915.0,138.0,User24,,
1490037692759,Mouse Moved,924.0,131.0,User24,,
1490037692776,Mouse Moved,931.0,125.0,User24,,
1490037692790,Mouse Moved,935.0,122.0,User24,,
1490037692806,Mouse Moved,939.0,119.0,User24,,
1490037692977,Mouse Moved,939.0,118.0,User24,,
1490037693009,Mouse Moved,941.0,117.0,User24,,
1490037693025,Mouse Moved,945.0,112.0,User24,,
1490037693040,Mouse Moved,946.0,110.0,User24,,
1490037693055,Mouse Moved,947.0,108.0,User24,,
1490037693072,Mouse Moved,950.0,104.0,User24,,
1490037693088,Mouse Moved,952.0,98.0,User24,,
1490037693102,Mouse Moved,954.0,94.0,User24,,
1490037693118,Mouse Moved,956.0,91.0,User24,,
1490037693134,Mouse Moved,957.0,87.0,User24,,
1490037693150,Mouse Moved,958.0,83.0,User24,,
1490037693165,Mouse Moved,961.0,76.0,User24,,
1490037693180,Mouse Moved,962.0,73.0,User24,,
1490037693197,Mouse Moved,962.0,70.0,User24,,
1490037693211,Mouse Moved,962.0,67.0,User24,,
1490037693227,Mouse Moved,963.0,64.0,User24,,
1490037693243,Mouse Moved,963.0,63.0,User24,,
1490037693259,Mouse Moved,963.0,62.0,User24,,
1490037693275,Mouse Moved,963.0,61.0,User24,,
1490037693289,Mouse Moved,962.0,59.0,User24,,
1490037693305,Mouse Moved,962.0,57.0,User24,,
1490037693322,Mouse Moved,961.0,56.0,User24,,
1490037693336,Mouse Moved,961.0,55.0,User24,,
1490037693368,Mouse Moved,960.0,54.0,User24,,
1490037693384,Mouse Moved,960.0,53.0,User24,,
1490037693400,Mouse Moved,960.0,52.0,User24,,
1490037693414,Mouse Moved,959.0,51.0,User24,,
1490037693430,Mouse Moved,959.0,50.0,User24,,
1490037693446,Mouse Moved,958.0,50.0,User24,,
1490037693461,Mouse Moved,958.0,49.0,User24,,
1490037693960,Mouse Moved,958.0,49.0,User24,,
1490037699016,Mouse Moved,958.0,50.0,User24,,
1490037699030,Mouse Moved,690.0,294.0,User24,,
1490037699078,Mouse Moved,455.0,358.0,User24,,
1490037699094,Mouse Moved,372.0,365.0,User24,,
1490037701339,Mouse Moved,371.0,363.0,User24,,
1490037701355,Mouse Moved,372.0,361.0,User24,,
1490037701371,Mouse Moved,371.0,357.0,User24,,
1490037701387,Mouse Moved,371.0,352.0,User24,,
1490037701401,Mouse Moved,370.0,343.0,User24,,
1490037701417,Mouse Moved,370.0,338.0,User24,,
1490037701542,Mouse Moved,369.0,323.0,User24,,
1490037701683,Mouse Moved,372.0,260.0,User24,,
1490037701698,Mouse Moved,372.0,241.0,User24,,
1490037701823,Mouse Moved,372.0,240.0,User24,,
1490037702135,Mouse Moved,372.0,240.0,User24,,
1490037707142,Mouse Moved,375.0,241.0,User24,,
1490037707158,Mouse Moved,555.0,251.0,User24,,
1490037707174,Mouse Moved,621.0,265.0,User24,,
1490037707190,Mouse Moved,715.0,298.0,User24,,
1490037707206,Mouse Moved,867.0,370.0,User24,,
1490037707220,Mouse Moved,1011.0,358.0,User24,,
1490037707236,Mouse Moved,1033.0,349.0,User24,,
1490037707315,Mouse Moved,1041.0,350.0,User24,,
1490037707470,Mouse Moved,1041.0,351.0,User24,,
1490037707486,Mouse Moved,1041.0,352.0,User24,,
1490037707502,Mouse Moved,1041.0,353.0,User24,,
1490037707829,Mouse Moved,1041.0,353.0,User24,,
1490037707861,Mouse Moved,1041.0,354.0,User24,,
1490037707891,Mouse Moved,1040.0,354.0,User24,,
1490037707923,Mouse Moved,1040.0,356.0,User24,,
1490037707938,Mouse Moved,1040.0,358.0,User24,,
1490037707953,Mouse Moved,1040.0,363.0,User24,,
1490037707970,Mouse Moved,1040.0,366.0,User24,,
1490037707986,Mouse Moved,1041.0,370.0,User24,,
1490037708000,Mouse Moved,1041.0,373.0,User24,,
1490037708016,Mouse Moved,1042.0,379.0,User24,,
1490037708032,Mouse Moved,1042.0,382.0,User24,,
1490037708048,Mouse Moved,1042.0,385.0,User24,,
1490037708063,Mouse Moved,1042.0,389.0,User24,,
1490037708078,Mouse Moved,1042.0,390.0,User24,,
1490037708095,Mouse Moved,1043.0,395.0,User24,,
1490037708109,Mouse Moved,1043.0,399.0,User24,,
1490037708125,Mouse Moved,1043.0,402.0,User24,,
1490037708141,Mouse Moved,1043.0,406.0,User24,,
1490037708157,Mouse Moved,1043.0,410.0,User24,,
1490037708173,Mouse Moved,1043.0,416.0,User24,,
1490037708187,Mouse Moved,1043.0,419.0,User24,,
1490037708203,Mouse Moved,1043.0,423.0,User24,,
1490037708220,Mouse Moved,1043.0,426.0,User24,,
1490037708234,Mouse Moved,1043.0,431.0,User24,,
1490037708266,Mouse Moved,1043.0,433.0,User24,,
1490037708282,Mouse Moved,1043.0,437.0,User24,,
1490037708298,Mouse Moved,1043.0,441.0,User24,,
1490037708312,Mouse Moved,1043.0,442.0,User24,,
1490037708328,Mouse Moved,1043.0,444.0,User24,,
1490037708344,Mouse Moved,1043.0,445.0,User24,,
1490037708359,Mouse Moved,1043.0,447.0,User24,,
1490037708375,Mouse Moved,1043.0,448.0,User24,,
1490037709624,Mouse Moved,1043.0,447.0,User24,,
1490037709638,Mouse Moved,1043.0,445.0,User24,,
1490037709654,Mouse Moved,1043.0,444.0,User24,,
1490037709670,Mouse Moved,1043.0,443.0,User24,,
1490037709686,Mouse Moved,1042.0,440.0,User24,,
1490037709701,Mouse Moved,1042.0,439.0,User24,,
1490037709717,Mouse Moved,1042.0,437.0,User24,,
1490037709733,Mouse Moved,1042.0,436.0,User24,,
1490037709747,Mouse Moved,1042.0,434.0,User24,,
1490037709763,Mouse Moved,1042.0,433.0,User24,,
1490037709779,Mouse Moved,1042.0,431.0,User24,,
1490037709795,Mouse Moved,1042.0,429.0,User24,,
1490037709811,Mouse Moved,1042.0,428.0,User24,,
1490037709825,Mouse Moved,1042.0,424.0,User24,,
1490037709842,Mouse Moved,1042.0,422.0,User24,,
1490037709858,Mouse Moved,1042.0,420.0,User24,,
1490037709872,Mouse Moved,1042.0,418.0,User24,,
1490037709888,Mouse Moved,1042.0,416.0,User24,,
1490037709904,Mouse Moved,1042.0,414.0,User24,,
1490037709920,Mouse Moved,1042.0,412.0,User24,,
1490037709936,Mouse Moved,1042.0,410.0,User24,,
1490037709950,Mouse Moved,1042.0,408.0,User24,,
1490037709967,Mouse Moved,1042.0,407.0,User24,,
1490037709982,Mouse Moved,1042.0,406.0,User24,,
1490037709997,Mouse Moved,1042.0,403.0,User24,,
1490037710013,Mouse Moved,1042.0,402.0,User24,,
1490037710029,Mouse Moved,1042.0,401.0,User24,,
1490037710045,Mouse Moved,1042.0,398.0,User24,,
1490037710075,Mouse Moved,1042.0,396.0,User24,,
1490037710092,Mouse Moved,1042.0,395.0,User24,,
1490037710107,Mouse Moved,1042.0,394.0,User24,,
1490037710122,Mouse Moved,1042.0,393.0,User24,,
1490037710154,Mouse Moved,1042.0,392.0,User24,,
1490037710170,Mouse Moved,1042.0,391.0,User24,,
1490037710184,Mouse Moved,1042.0,390.0,User24,,
1490037710200,Mouse Moved,1042.0,389.0,User24,,
1490037710216,Mouse Moved,1042.0,388.0,User24,,
1490037710279,Mouse Moved,1042.0,387.0,User24,,
1490037715286,Mouse Moved,1041.0,387.0,User24,,
1490037715302,Mouse Moved,1042.0,377.0,User24,,
1490037715318,Mouse Moved,1041.0,358.0,User24,,
1490037724256,Mouse Moved,1041.0,357.0,User24,,
1490037724272,Mouse Moved,765.0,243.0,User24,,
1490037724288,Mouse Moved,475.0,178.0,User24,,
1490037724302,Mouse Moved,421.0,170.0,User24,,
1490037732352,Mouse Moved,416.0,170.0,User24,,
1490037732368,Mouse Moved,407.0,182.0,User24,,
1490037732384,Mouse Moved,406.0,185.0,User24,,
1490037732400,Mouse Moved,404.0,187.0,User24,,
1490037732414,Mouse Moved,403.0,191.0,User24,,
1490037732430,Mouse Moved,402.0,193.0,User24,,
1490037732446,Mouse Moved,402.0,195.0,User24,,
1490037732461,Mouse Moved,401.0,197.0,User24,,
1490037732477,Mouse Moved,400.0,199.0,User24,,
1490037732493,Mouse Moved,398.0,204.0,User24,,
1490037732509,Mouse Moved,396.0,206.0,User24,,
1490037732523,Mouse Moved,395.0,208.0,User24,,
1490037732539,Mouse Moved,394.0,209.0,User24,,
1490037732555,Mouse Moved,394.0,211.0,User24,,
1490037732571,Mouse Moved,392.0,214.0,User24,,
1490037732586,Mouse Moved,391.0,216.0,User24,,
1490037732601,Mouse Moved,391.0,218.0,User24,,
1490037732618,Mouse Moved,390.0,219.0,User24,,
1490037732634,Mouse Moved,390.0,221.0,User24,,
1490037732648,Mouse Moved,388.0,224.0,User24,,
1490037732680,Mouse Moved,387.0,226.0,User24,,
1490037732711,Mouse Moved,386.0,228.0,User24,,
1490037732726,Mouse Moved,386.0,229.0,User24,,
1490037732743,Mouse Moved,385.0,228.0,User24,,
1490037734194,Mouse Moved,385.0,228.0,User24,,
1490037735940,Mouse Moved,385.0,229.0,User24,,
1490037735956,Mouse Moved,386.0,229.0,User24,,
1490037735971,Mouse Moved,389.0,230.0,User24,,
1490037735987,Mouse Moved,390.0,231.0,User24,,
1490037736003,Mouse Moved,391.0,231.0,User24,,
1490037736019,Mouse Moved,395.0,232.0,User24,,
1490037736033,Mouse Moved,398.0,232.0,User24,,
1490037736049,Mouse Moved,401.0,234.0,User24,,
1490037736065,Mouse Moved,405.0,235.0,User24,,
1490037736081,Mouse Moved,410.0,237.0,User24,,
1490037736096,Mouse Moved,414.0,238.0,User24,,
1490037741104,Mouse Moved,426.0,241.0,User24,,
1490037741119,Mouse Moved,506.0,255.0,User24,,
1490037741151,Mouse Moved,570.0,273.0,User24,,
1490037755065,Mouse Moved,569.0,272.0,User24,,
1490037755082,Mouse Moved,250.0,244.0,User24,,
1490037755098,Mouse Moved,117.0,231.0,User24,,
1490037755112,Mouse Moved,104.0,226.0,User24,,
1490037755128,Mouse Moved,98.0,225.0,User24,,
1490037755144,Mouse Moved,94.0,223.0,User24,,
1490037755160,Mouse Moved,91.0,222.0,User24,,
1490037755176,Mouse Moved,87.0,220.0,User24,,
1490037755190,Mouse Moved,84.0,218.0,User24,,
1490037755207,Mouse Moved,80.0,217.0,User24,,
1490037755221,Mouse Moved,76.0,214.0,User24,,
1490037755237,Mouse Moved,75.0,213.0,User24,,
1490037755269,Mouse Moved,73.0,212.0,User24,,
1490037755285,Mouse Moved,72.0,211.0,User24,,
1490037755332,Mouse Moved,72.0,210.0,User24,,
1490037755346,Mouse Moved,71.0,208.0,User24,,
1490037755362,Mouse Moved,70.0,207.0,User24,,
1490037755378,Mouse Moved,70.0,207.0,User24,,
1490037755394,Mouse Moved,69.0,206.0,User24,,
1490037755410,Mouse Moved,69.0,205.0,User24,,
1490037755440,Mouse Moved,70.0,205.0,User24,,
1490037756236,Mouse Moved,69.0,204.0,User24,,
1490037756252,Mouse Moved,68.0,204.0,User24,,
1490037756267,Mouse Moved,67.0,203.0,User24,,
1490037756282,Mouse Moved,66.0,203.0,User24,,
1490037756299,Mouse Moved,65.0,202.0,User24,,
1490037756313,Mouse Moved,64.0,201.0,User24,,
1490037756345,Mouse Moved,63.0,200.0,User24,,
1490037756361,Mouse Moved,64.0,200.0,User24,,
1490037756377,Mouse Moved,63.0,200.0,User24,,
1490037756391,Mouse Moved,63.0,199.0,User24,,
1490037756407,Mouse Moved,62.0,199.0,User24,,
1490037756782,Mouse Moved,62.0,199.0,User24,,
1490037761430,Mouse Moved,65.0,198.0,User24,,
1490037761447,Mouse Moved,135.0,147.0,User24,,
1490037761461,Mouse Moved,173.0,123.0,User24,,
1490037761572,Mouse Moved,213.0,98.0,User24,,
1490037761586,Mouse Moved,399.0,3.0,User24,,
1490037766578,Mouse Moved,405.0,1.0,User24,,
1490037766595,Mouse Moved,370.0,41.0,User24,,
1490037766609,Mouse Moved,228.0,287.0,User24,,
1490037776328,Mouse Moved,226.0,292.0,User24,,
1490037776345,Mouse Moved,179.0,385.0,User24,,
1490037776359,Mouse Moved,139.0,468.0,User24,,
1490037776703,Mouse Moved,107.0,537.0,User24,,
1490037776734,Mouse Moved,107.0,538.0,User24,,
1490037776750,Mouse Moved,107.0,540.0,User24,,
1490037776796,Mouse Moved,106.0,542.0,User24,,
1490037776812,Mouse Moved,103.0,544.0,User24,,
1490037776828,Mouse Moved,103.0,545.0,User24,,
1490037776844,Mouse Moved,102.0,545.0,User24,,
1490037776859,Mouse Moved,102.0,546.0,User24,,
1490037776875,Mouse Moved,100.0,547.0,User24,,
1490037776891,Mouse Moved,99.0,547.0,User24,,
1490037776905,Mouse Moved,98.0,548.0,User24,,
1490037776921,Mouse Moved,95.0,549.0,User24,,
1490037776937,Mouse Moved,94.0,550.0,User24,,
1490037776953,Mouse Moved,93.0,551.0,User24,,
1490037776969,Mouse Moved,91.0,551.0,User24,,
1490037776983,Mouse Moved,91.0,552.0,User24,,
1490037777000,Mouse Moved,89.0,553.0,User24,,
1490037777046,Mouse Moved,88.0,553.0,User24,,
1490037777078,Mouse Moved,88.0,554.0,User24,,
1490037777094,Mouse Moved,87.0,554.0,User24,,
1490037777108,Mouse Moved,86.0,555.0,User24,,
1490037777125,Mouse Moved,85.0,556.0,User24,,
1490037777140,Mouse Moved,86.0,557.0,User24,,
1490037777187,Mouse Moved,85.0,557.0,User24,,
1490037777217,Mouse Moved,85.0,558.0,User24,,
1490037777250,Mouse Moved,85.0,558.0,User24,,
1490037777280,Mouse Moved,85.0,559.0,User24,,
1490037777312,Mouse Moved,84.0,560.0,User24,,
1490037777342,Mouse Moved,84.0,561.0,User24,,
1490037777701,Mouse Moved,84.0,560.0,User24,,
1490037777717,Mouse Button.left Released,84.0,560.0,User24,,
1490037787811,Mouse Moved,85.0,561.0,User24,,
1490037787825,Mouse Moved,86.0,560.0,User24,,
1490037787842,Mouse Moved,89.0,559.0,User24,,
1490037787858,Mouse Moved,94.0,556.0,User24,,
1490037787872,Mouse Moved,99.0,554.0,User24,,
1490037787888,Mouse Moved,112.0,547.0,User24,,
1490037787904,Mouse Moved,119.0,544.0,User24,,
1490037787920,Mouse Moved,131.0,538.0,User24,,
1490037792927,Mouse Moved,146.0,532.0,User24,,
1490037802490,Mouse Moved,249.0,489.0,User24,,
1490037802506,Mouse Moved,250.0,485.0,User24,,
1490037802522,Mouse Moved,281.0,379.0,User24,,
1490037802756,Mouse Moved,285.0,372.0,User24,,
1490037802770,Mouse Moved,287.0,372.0,User24,,
1490037802786,Mouse Moved,291.0,373.0,User24,,
1490037802802,Mouse Moved,294.0,372.0,User24,,
1490037802818,Mouse Moved,302.0,372.0,User24,,
1490037802834,Mouse Moved,308.0,372.0,User24,,
1490037802848,Mouse Moved,321.0,372.0,User24,,
1490037802865,Mouse Moved,328.0,372.0,User24,,
1490037802880,Mouse Moved,333.0,372.0,User24,,
1490037802895,Mouse Moved,343.0,372.0,User24,,
1490037802911,Mouse Moved,349.0,372.0,User24,,
1490037802927,Mouse Moved,355.0,373.0,User24,,
1490037802943,Mouse Moved,360.0,373.0,User24,,
1490037802957,Mouse Moved,363.0,373.0,User24,,
1490037802973,Mouse Moved,366.0,373.0,User24,,
1490037802990,Mouse Moved,370.0,374.0,User24,,
1490037803005,Mouse Moved,371.0,374.0,User24,,
1490037803020,Mouse Moved,372.0,374.0,User24,,
1490037803036,Mouse Moved,373.0,374.0,User24,,
1490037803068,Mouse Moved,374.0,374.0,User24,,
1490037803082,Mouse Moved,375.0,374.0,User24,,
1490037803161,Mouse Moved,376.0,374.0,User24,,
1490037803255,Mouse Moved,375.0,374.0,User24,,
1490037803269,Mouse Moved,372.0,373.0,User24,,
1490037803286,Mouse Moved,369.0,372.0,User24,,
1490037803302,Mouse Moved,364.0,369.0,User24,,
1490037803316,Mouse Moved,358.0,365.0,User24,,
1490037803332,Mouse Moved,343.0,354.0,User24,,
1490037803348,Mouse Moved,335.0,346.0,User24,,
1490037803364,Mouse Moved,328.0,339.0,User24,,
1490037803394,Mouse Moved,319.0,329.0,User24,,
1490037803411,Mouse Moved,298.0,305.0,User24,,
1490037803426,Mouse Moved,295.0,301.0,User24,,
1490037803441,Mouse Moved,291.0,297.0,User24,,
1490037803723,Mouse Moved,289.0,296.0,User24,,
1490037803737,Mouse Moved,284.0,293.0,User24,,
1490037803753,Mouse Moved,260.0,275.0,User24,,
1490037803769,Mouse Moved,241.0,260.0,User24,,
1490037803785,Mouse Moved,217.0,241.0,User24,,
1490037803801,Mouse Moved,197.0,224.0,User24,,
1490037803815,Mouse Moved,179.0,208.0,User24,,
1490037803832,Mouse Moved,165.0,195.0,User24,,
1490037803848,Mouse Moved,140.0,172.0,User24,,
1490037803862,Mouse Moved,132.0,165.0,User24,,
1490037803878,Mouse Moved,126.0,159.0,User24,,
1490037803894,Mouse Moved,124.0,157.0,User24,,
1490037803910,Mouse Moved,122.0,156.0,User24,,
1490037804096,Mouse Moved,120.0,154.0,User24,,
1490037804112,Mouse Moved,118.0,152.0,User24,,
1490037804128,Mouse Moved,114.0,148.0,User24,,
1490037804144,Mouse Moved,110.0,143.0,User24,,
1490037804160,Mouse Moved,106.0,137.0,User24,,
1490037804174,Mouse Moved,102.0,130.0,User24,,
1490037804190,Mouse Moved,98.0,124.0,User24,,
1490037804206,Mouse Moved,93.0,113.0,User24,,
1490037804221,Mouse Moved,91.0,108.0,User24,,
1490037804237,Mouse Moved,89.0,105.0,User24,,
1490037804253,Mouse Moved,87.0,100.0,User24,,
1490037804269,Mouse Moved,83.0,92.0,User24,,
1490037804283,Mouse Moved,81.0,89.0,User24,,
1490037804299,Mouse Moved,80.0,86.0,User24,,
1490037804315,Mouse Moved,80.0,84.0,User24,,
1490037804331,Mouse Moved,78.0,80.0,User24,,
1490037804346,Mouse Moved,78.0,78.0,User24,,
1490037804378,Mouse Moved,77.0,76.0,User24,,
1490037804394,Mouse Moved,76.0,72.0,User24,,
1490037804408,Mouse Moved,76.0,70.0,User24,,
1490037804424,Mouse Moved,76.0,68.0,User24,,
1490037804456,Mouse Moved,76.0,67.0,User24,,
1490037804486,Mouse Moved,77.0,64.0,User24,,
1490037804503,Mouse Moved,77.0,61.0,User24,,
1490037804517,Mouse Moved,78.0,59.0,User24,,
1490037804533,Mouse Moved,79.0,59.0,User24,,
1490037804549,Mouse Moved,79.0,58.0,User24,,
1490037804565,Mouse Moved,80.0,57.0,User24,,
1490037804581,Mouse Moved,80.0,55.0,User24,,
1490037804595,Mouse Moved,81.0,54.0,User24,,
1490037804611,Mouse Moved,82.0,53.0,User24,,
1490037804628,Mouse Moved,82.0,50.0,User24,,
1490037804642,Mouse Moved,82.0,49.0,User24,,
1490037804658,Mouse Moved,83.0,48.0,User24,,
1490037804674,Mouse Moved,83.0,47.0,User24,,
1490037804706,Mouse Moved,83.0,46.0,User24,,
1490037804720,Mouse Moved,84.0,45.0,User24,,
1490037804736,Mouse Moved,84.0,44.0,User24,,
1490037804752,Mouse Moved,84.0,43.0,User24,,
1490037804767,Mouse Moved,84.0,42.0,User24,,
1490037804799,Mouse Moved,84.0,41.0,User24,,
1490037805609,Mouse Moved,84.0,42.0,User24,,
1490037805625,Mouse Moved,84.0,44.0,User24,,
1490037805641,Mouse Moved,83.0,46.0,User24,,
1490037805657,Mouse Moved,83.0,48.0,User24,,
1490037805673,Mouse Moved,82.0,50.0,User24,,
1490037805687,Mouse Moved,81.0,52.0,User24,,
1490037805703,Mouse Moved,81.0,55.0,User24,,
1490037805720,Mouse Moved,80.0,57.0,User24,,
1490037805734,Mouse Moved,79.0,61.0,User24,,
1490037810743,Mouse Moved,78.0,63.0,User24,,
1490037810757,Mouse Moved,69.0,79.0,User24,,
1490037812802,Mouse Moved,67.0,81.0,User24,,
1490037812818,Mouse Moved,68.0,79.0,User24,,
1490037812832,Mouse Moved,69.0,77.0,User24,,
1490037812848,Mouse Moved,72.0,75.0,User24,,
1490037812864,Mouse Moved,72.0,74.0,User24,,
1490037812880,Mouse Moved,75.0,70.0,User24,,
1490037812895,Mouse Moved,76.0,69.0,User24,,
1490037812911,Mouse Moved,77.0,67.0,User24,,
1490037812927,Mouse Moved,79.0,66.0,User24,,
1490037812957,Mouse Moved,80.0,65.0,User24,,
1490037812973,Mouse Moved,82.0,60.0,User24,,
1490037812989,Mouse Moved,83.0,59.0,User24,,
1490037813005,Mouse Moved,83.0,58.0,User24,,
1490037813019,Mouse Moved,83.0,56.0,User24,,
1490037813036,Mouse Moved,85.0,54.0,User24,,
1490037813052,Mouse Moved,85.0,52.0,User24,,
1490037813066,Mouse Moved,85.0,51.0,User24,,
1490037813098,Mouse Moved,85.0,50.0,User24,,
1490037813114,Mouse Moved,85.0,49.0,User24,,
1490037813130,Mouse Moved,84.0,48.0,User24,,
1490037813144,Mouse Moved,84.0,47.0,User24,,
1490037813176,Mouse Moved,84.0,46.0,User24,,
1490037813191,Mouse Moved,83.0,45.0,User24,,
1490037813223,Mouse Moved,82.0,44.0,User24,,
1490037813239,Mouse Moved,82.0,43.0,User24,,
1490037813253,Mouse Moved,81.0,42.0,User24,,
1490037813269,Mouse Moved,82.0,42.0,User24,,
1490037813286,Mouse Moved,81.0,41.0,User24,,
1490037813785,Mouse Moved,81.0,41.0,User24,,
1490037813799,Mouse Moved,81.0,41.0,User24,,
1490037813815,Mouse Button.left Released,81.0,41.0,User24,,
1490037814299,Mouse Moved,80.0,43.0,User24,,
1490037814315,Mouse Moved,77.0,46.0,User24,,
1490037814331,Mouse Moved,74.0,49.0,User24,,
1490037814345,Mouse Moved,71.0,52.0,User24,,
1490037814361,Mouse Moved,68.0,55.0,User24,,
1490037814378,Mouse Moved,65.0,58.0,User24,,
1490037819384,Mouse Moved,58.0,65.0,User24,,
1490037819401,Mouse Moved,38.0,81.0,User24,,
1490037819415,Mouse Moved,37.0,81.0,User24,,
1490037819556,Mouse Moved,36.0,81.0,User24,,
1490037819759,Mouse Moved,35.0,81.0,User24,,
1490037819775,Mouse Moved,27.0,84.0,User24,,
1490037819790,Mouse Moved,17.0,91.0,User24,,
1490037819805,Mouse Moved,13.0,101.0,User24,,
1490037819822,Mouse Moved,20.0,115.0,User24,,
1490037819838,Mouse Moved,44.0,145.0,User24,,
1490037819852,Mouse Moved,69.0,169.0,User24,,
1490037819868,Mouse Moved,48.0,152.0,User24,,
1490037819884,Mouse Moved,29.0,107.0,User24,,
1490037820243,Mouse Moved,26.0,88.0,User24,,
1490037820259,Mouse Moved,29.0,88.0,User24,,
1490037820273,Mouse Moved,32.0,90.0,User24,,
1490037820289,Mouse Moved,44.0,94.0,User24,,
1490037820305,Mouse Moved,50.0,98.0,User24,,
1490037820321,Mouse Moved,57.0,102.0,User24,,
1490037820336,Mouse Moved,64.0,106.0,User24,,
1490037820351,Mouse Moved,71.0,111.0,User24,,
1490037820368,Mouse Moved,84.0,119.0,User24,,
1490037820384,Mouse Moved,116.0,143.0,User24,,
1490037820398,Mouse Moved,133.0,154.0,User24,,
1490037820414,Mouse Moved,143.0,163.0,User24,,
1490037820430,Mouse Moved,167.0,179.0,User24,,
1490037820446,Mouse Moved,177.0,186.0,User24,,
1490037820461,Mouse Moved,187.0,192.0,User24,,
1490037820476,Mouse Moved,193.0,196.0,User24,,
1490037822270,Mouse Moved,192.0,198.0,User24,,
1490037822286,Mouse Moved,140.0,207.0,User24,,
1490037822411,Mouse Moved,135.0,208.0,User24,,
1490037827418,Mouse Moved,114.0,213.0,User24,,
1490037827434,Mouse Moved,114.0,213.0,User24,,
1490037827450,Mouse Moved,137.0,212.0,User24,,
1490037827466,Mouse Moved,224.0,222.0,User24,,
1490037827482,Mouse Moved,293.0,248.0,User24,,
1490037828401,Mouse Moved,299.0,249.0,User24,,
1490037828417,Mouse Moved,301.0,247.0,User24,,
1490037828433,Mouse Moved,303.0,244.0,User24,,
1490037828448,Mouse Moved,305.0,242.0,User24,,
1490037828463,Mouse Moved,307.0,240.0,User24,,
1490037828480,Mouse Moved,311.0,236.0,User24,,
1490037828496,Mouse Moved,315.0,232.0,User24,,
1490037828510,Mouse Moved,323.0,224.0,User24,,
1490037828526,Mouse Moved,327.0,220.0,User24,,
1490037828542,Mouse Moved,330.0,217.0,User24,,
1490037828558,Mouse Moved,334.0,214.0,User24,,
1490037828573,Mouse Moved,338.0,210.0,User24,,
1490037828588,Mouse Moved,340.0,208.0,User24,,
1490037828605,Mouse Moved,344.0,204.0,User24,,
1490037828619,Mouse Moved,345.0,203.0,User24,,
1490037828635,Mouse Moved,345.0,202.0,User24,,
1490037828667,Mouse Moved,346.0,202.0,User24,,
1490037837013,Mouse Moved,342.0,202.0,User24,,
1490037837029,Mouse Moved,197.0,204.0,User24,,
1490037837091,Mouse Moved,172.0,206.0,User24,,
1490037837107,Mouse Moved,169.0,212.0,User24,,
1490037837121,Mouse Moved,191.0,202.0,User24,,
1490037837154,Mouse Moved,331.0,153.0,User24,,
1490037837168,Mouse Moved,338.0,152.0,User24,,
1490037837184,Mouse Moved,367.0,151.0,User24,,
1490037837200,Mouse Moved,380.0,150.0,User24,,
1490037837216,Mouse Moved,394.0,150.0,User24,,
1490037837232,Mouse Moved,412.0,149.0,User24,,
1490037837246,Mouse Moved,447.0,147.0,User24,,
1490037837263,Mouse Moved,462.0,145.0,User24,,
1490037837293,Mouse Moved,472.0,144.0,User24,,
1490037837309,Mouse Moved,492.0,143.0,User24,,
1490037837325,Mouse Moved,503.0,143.0,User24,,
1490037837341,Mouse Moved,512.0,142.0,User24,,
1490037837355,Mouse Moved,526.0,142.0,User24,,
1490037837371,Mouse Moved,531.0,142.0,User24,,
1490037837388,Mouse Moved,536.0,143.0,User24,,
1490037837403,Mouse Moved,541.0,142.0,User24,,
1490037837418,Mouse Moved,545.0,143.0,User24,,
1490037837434,Mouse Moved,548.0,143.0,User24,,
1490037837450,Mouse Moved,551.0,144.0,User24,,
1490037837466,Mouse Moved,552.0,144.0,User24,,
1490037837480,Mouse Moved,553.0,145.0,User24,,
1490037837496,Mouse Moved,554.0,145.0,User24,,
1490037837512,Mouse Moved,554.0,146.0,User24,,
1490037837528,Mouse Moved,554.0,148.0,User24,,
1490037837543,Mouse Moved,554.0,149.0,User24,,
1490037837559,Mouse Moved,554.0,150.0,User24,,
1490037837575,Mouse Moved,554.0,152.0,User24,,
1490037837589,Mouse Moved,554.0,154.0,User24,,
1490037837621,Mouse Moved,554.0,155.0,User24,,
1490037838089,Mouse Moved,554.0,155.0,User24,,
1490037838105,Mouse Button.left Released,554.0,155.0,User24,,
1490037839680,Mouse Moved,554.0,156.0,User24,,
1490037839696,Mouse Moved,553.0,158.0,User24,,
1490037839711,Mouse Moved,552.0,160.0,User24,,
1490037839727,Mouse Moved,551.0,162.0,User24,,
1490037839743,Mouse Moved,551.0,164.0,User24,,
1490037839759,Mouse Moved,550.0,166.0,User24,,
1490037839773,Mouse Moved,549.0,169.0,User24,,
1490037839789,Mouse Moved,546.0,175.0,User24,,
1490037839805,Mouse Moved,544.0,178.0,User24,,
1490037839821,Mouse Moved,543.0,182.0,User24,,
1490037839836,Mouse Moved,542.0,184.0,User24,,
1490037839851,Mouse Moved,540.0,188.0,User24,,
1490037839868,Mouse Moved,539.0,192.0,User24,,
1490037839884,Mouse Moved,536.0,201.0,User24,,
1490037839898,Mouse Moved,535.0,204.0,User24,,
1490037839914,Mouse Moved,535.0,207.0,User24,,
1490037839930,Mouse Moved,534.0,211.0,User24,,
1490037839946,Mouse Moved,534.0,214.0,User24,,
1490037839961,Mouse Moved,532.0,222.0,User24,,
1490037839976,Mouse Moved,531.0,225.0,User24,,
1490037839993,Mouse Moved,530.0,227.0,User24,,
1490037845000,Mouse Moved,530.0,229.0,User24,,
1490037845109,Mouse Moved,527.0,241.0,User24,,
1490037845125,Mouse Moved,526.0,247.0,User24,,
1490037845296,Mouse Moved,523.0,257.0,User24,,
1490037845312,Mouse Moved,523.0,258.0,User24,,
1490037845453,Mouse Moved,530.0,255.0,User24,,
1490037845467,Mouse Moved,533.0,250.0,User24,,
1490037845483,Mouse Moved,533.0,250.0,User24,,
1490037846700,Mouse Moved,532.0,251.0,User24,,
1490037846716,Mouse Moved,531.0,250.0,User24,,
1490037846841,Mouse Moved,526.0,249.0,User24,,
1490037846857,Mouse Moved,433.0,207.0,User24,,
1490037846982,Mouse Moved,423.0,202.0,User24,,
1490037847200,Mouse Moved,404.0,188.0,User24,,
1490037847216,Mouse Moved,398.0,178.0,User24,,
1490037847246,Mouse Moved,396.0,175.0,User24,,
1490037847262,Mouse Moved,390.0,166.0,User24,,
1490037847278,Mouse Moved,389.0,164.0,User24,,
1490037847293,Mouse Moved,387.0,162.0,User24,,
1490037847309,Mouse Moved,387.0,160.0,User24,,
1490037847325,Mouse Moved,385.0,158.0,User24,,
1490037847450,Mouse Moved,385.0,157.0,User24,,
1490037847512,Mouse Moved,381.0,154.0,User24,,
1490037847528,Mouse Moved,381.0,153.0,User24,,
1490037847542,Mouse Moved,380.0,153.0,User24,,
1490037847559,Mouse Moved,379.0,152.0,User24,,
1490037847573,Mouse Moved,379.0,151.0,User24,,
1490037848526,Mouse Moved,379.0,151.0,User24,,
1490037853549,Mouse Moved,380.0,151.0,User24,,
1490037853565,Mouse Moved,523.0,194.0,User24,,
1490037853579,Mouse Moved,731.0,141.0,User24,,
1490037853595,Mouse Moved,755.0,118.0,User24,,
1490037853611,Mouse Moved,767.0,108.0,User24,,
1490037853627,Mouse Moved,781.0,102.0,User24,,
1490037853642,Mouse Moved,778.0,105.0,User24,,
1490037853674,Mouse Moved,775.0,105.0,User24,,
1490037853690,Mouse Moved,725.0,132.0,User24,,
1490037853704,Mouse Moved,527.0,212.0,User24,,
1490037853720,Mouse Moved,506.0,211.0,User24,,
1490037853736,Mouse Moved,475.0,211.0,User24,,
1490037853752,Mouse Moved,430.0,209.0,User24,,
1490037853767,Mouse Moved,342.0,208.0,User24,,
1490037853782,Mouse Moved,304.0,209.0,User24,,
1490037853799,Mouse Moved,281.0,209.0,User24,,
1490037853813,Mouse Moved,264.0,209.0,User24,,
1490037853829,Mouse Moved,251.0,209.0,User24,,
1490037853845,Mouse Moved,243.0,209.0,User24,,
1490037854157,Mouse Moved,241.0,209.0,User24,,
1490037854173,Mouse Moved,236.0,210.0,User24,,
1490037854188,Mouse Moved,234.0,210.0,User24,,
1490037854203,Mouse Moved,231.0,210.0,User24,,
1490037854220,Mouse Moved,230.0,211.0,User24,,
1490037854236,Mouse Moved,227.0,211.0,User24,,
1490037854250,Mouse Moved,226.0,212.0,User24,,
1490037854266,Mouse Moved,224.0,212.0,User24,,
1490037854298,Mouse Moved,222.0,213.0,User24,,
1490037854313,Mouse Moved,219.0,213.0,User24,,
1490037854359,Mouse Moved,218.0,214.0,User24,,
1490037854391,Mouse Moved,217.0,214.0,User24,,
1490037854407,Mouse Moved,215.0,216.0,User24,,
1490037854423,Mouse Moved,215.0,217.0,User24,,
1490037854437,Mouse Moved,215.0,216.0,User24,,
1490037854453,Mouse Moved,214.0,217.0,User24,,
1490037854484,Mouse Moved,214.0,218.0,User24,,
1490037854516,Mouse Moved,213.0,218.0,User24,,
1490037854532,Mouse Moved,213.0,219.0,User24,,
1490037855000,Mouse Moved,213.0,219.0,User24,,
1490037861677,Mouse Moved,214.0,219.0,User24,,
1490037861691,Mouse Moved,235.0,218.0,User24,,
1490037869835,Mouse Moved,246.0,217.0,User24,,
1490037869851,Mouse Moved,246.0,218.0,User24,,
1490037869867,Mouse Moved,259.0,235.0,User24,,
1490037869881,Mouse Moved,317.0,210.0,User24,,
1490037869976,Mouse Moved,320.0,199.0,User24,,
1490037869992,Mouse Moved,320.0,192.0,User24,,
1490037870006,Mouse Moved,237.0,228.0,User24,,
1490037870023,Mouse Moved,295.0,291.0,User24,,
1490037871676,Mouse Moved,229.0,216.0,User24,,
1490037871707,Mouse Moved,231.0,216.0,User24,,
1490037871723,Mouse Moved,233.0,216.0,User24,,
1490037871739,Mouse Moved,234.0,215.0,User24,,
1490037871753,Mouse Moved,236.0,215.0,User24,,
1490037871769,Mouse Moved,237.0,215.0,User24,,
1490037871801,Mouse Moved,238.0,215.0,User24,,
1490037871816,Mouse Moved,239.0,214.0,User24,,
1490037871878,Mouse Moved,240.0,214.0,User24,,
1490037871894,Mouse Moved,241.0,213.0,User24,,
1490037871910,Mouse Moved,242.0,213.0,User24,,
1490037871926,Mouse Moved,243.0,213.0,User24,,
1490037872456,Mouse Moved,243.0,213.0,User24,,
1490037895607,Mouse Moved,241.0,214.0,User24,,
1490037895621,Mouse Moved,219.0,223.0,User24,,
1490037895638,Mouse Moved,180.0,233.0,User24,,
1490037895654,Mouse Moved,148.0,260.0,User24,,
1490037895668,Mouse Moved,157.0,263.0,User24,,
1490037895684,Mouse Moved,161.0,261.0,User24,,
1490037895700,Mouse Moved,164.0,257.0,User24,,
1490037895716,Mouse Moved,174.0,249.0,User24,,
1490037895732,Mouse Moved,180.0,245.0,User24,,
1490037895746,Mouse Moved,185.0,240.0,User24,,
1490037895763,Mouse Moved,196.0,230.0,User24,,
1490037895778,Mouse Moved,202.0,225.0,User24,,
1490037895809,Mouse Moved,208.0,220.0,User24,,
1490037895825,Mouse Moved,219.0,211.0,User24,,
1490037895841,Mouse Moved,227.0,202.0,User24,,
1490037895855,Mouse Moved,232.0,198.0,User24,,
1490037895871,Mouse Moved,237.0,194.0,User24,,
1490037895888,Mouse Moved,241.0,190.0,User24,,
1490037895903,Mouse Moved,245.0,187.0,User24,,
1490037895918,Mouse Moved,247.0,184.0,User24,,
1490037895934,Mouse Moved,254.0,180.0,User24,,
1490037895950,Mouse Moved,256.0,179.0,User24,,
1490037895966,Mouse Moved,257.0,177.0,User24,,
1490037895980,Mouse Moved,258.0,177.0,User24,,
1490037895996,Mouse Moved,258.0,176.0,User24,,
1490037896012,Mouse Moved,259.0,176.0,User24,,
1490037896028,Mouse Moved,259.0,177.0,User24,,
1490037896043,Mouse Moved,259.0,178.0,User24,,
1490037896059,Mouse Moved,258.0,180.0,User24,,
1490037896075,Mouse Moved,257.0,182.0,User24,,
1490037896089,Mouse Moved,257.0,184.0,User24,,
1490037896105,Mouse Moved,254.0,189.0,User24,,
1490037896121,Mouse Moved,253.0,192.0,User24,,
1490037896137,Mouse Moved,251.0,195.0,User24,,
1490037896153,Mouse Moved,250.0,198.0,User24,,
1490037896167,Mouse Moved,248.0,202.0,User24,,
1490037896184,Mouse Moved,247.0,206.0,User24,,
1490037896200,Mouse Moved,245.0,211.0,User24,,
1490037896214,Mouse Moved,244.0,213.0,User24,,
1490037896230,Mouse Moved,243.0,215.0,User24,,
1490037896246,Mouse Moved,242.0,219.0,User24,,
1490037896262,Mouse Moved,241.0,221.0,User24,,
1490037896278,Mouse Moved,241.0,224.0,User24,,
1490037896292,Mouse Moved,240.0,226.0,User24,,
1490037896309,Mouse Moved,239.0,230.0,User24,,
1490037896323,Mouse Moved,238.0,231.0,User24,,
1490037896339,Mouse Moved,238.0,233.0,User24,,
1490037896355,Mouse Moved,237.0,235.0,User24,,
1490037896371,Mouse Moved,236.0,237.0,User24,,
1490037896387,Mouse Moved,236.0,238.0,User24,,
1490037896401,Mouse Moved,235.0,241.0,User24,,
1490037896417,Mouse Moved,234.0,242.0,User24,,
1490037896434,Mouse Moved,234.0,244.0,User24,,
1490037896448,Mouse Moved,234.0,245.0,User24,,
1490037896464,Mouse Moved,233.0,247.0,User24,,
1490037896480,Mouse Moved,232.0,249.0,User24,,
1490037896496,Mouse Moved,231.0,251.0,User24,,
1490037896512,Mouse Moved,230.0,252.0,User24,,
1490037896526,Mouse Moved,229.0,252.0,User24,,
1490037896542,Mouse Moved,229.0,254.0,User24,,
1490037896573,Mouse Moved,229.0,255.0,User24,,
1490037896698,Mouse Moved,228.0,256.0,User24,,
1490037896713,Mouse Moved,227.0,257.0,User24,,
1490037896730,Mouse Moved,228.0,258.0,User24,,
1490037896746,Mouse Moved,227.0,258.0,User24,,
1490037896776,Mouse Moved,227.0,259.0,User24,,
1490037896792,Mouse Moved,227.0,258.0,User24,,
1490037896808,Mouse Moved,227.0,259.0,User24,,
1490037896823,Mouse Moved,227.0,260.0,User24,,
1490037896855,Mouse Moved,227.0,261.0,User24,,
1490037896869,Mouse Moved,227.0,262.0,User24,,
1490037896901,Mouse Moved,227.0,264.0,User24,,
1490037897401,Mouse Moved,227.0,264.0,User24,,
1490037919802,Mouse Moved,226.0,264.0,User24,,
1490037919818,Mouse Moved,223.0,263.0,User24,,
1490037919834,Mouse Moved,221.0,262.0,User24,,
1490037919848,Mouse Moved,214.0,262.0,User24,,
1490037919865,Mouse Moved,210.0,261.0,User24,,
1490037919895,Mouse Moved,203.0,260.0,User24,,
1490037919911,Mouse Moved,194.0,259.0,User24,,
1490037919927,Mouse Moved,185.0,257.0,User24,,
1490037919943,Mouse Moved,181.0,257.0,User24,,
1490037924950,Mouse Moved,178.0,256.0,User24,,
1490037924966,Mouse Moved,150.0,250.0,User24,,
1490037924982,Mouse Moved,131.0,243.0,User24,,
1490037924996,Mouse Moved,131.0,241.0,User24,,
1490037925980,Mouse Moved,132.0,241.0,User24,,
1490037925996,Mouse Moved,133.0,241.0,User24,,
1490037926010,Mouse Moved,136.0,241.0,User24,,
1490037926026,Mouse Moved,138.0,241.0,User24,,
1490037926042,Mouse Moved,142.0,242.0,User24,,
1490037926058,Mouse Moved,145.0,242.0,User24,,
1490037926073,Mouse Moved,150.0,242.0,User24,,
1490037926088,Mouse Moved,160.0,244.0,User24,,
1490037926105,Mouse Moved,166.0,246.0,User24,,
1490037926119,Mouse Moved,172.0,248.0,User24,,
1490037926135,Mouse Moved,179.0,252.0,User24,,
1490037926151,Mouse Moved,190.0,260.0,User24,,
1490037926167,Mouse Moved,196.0,265.0,User24,,
1490037926183,Mouse Moved,209.0,279.0,User24,,
1490037926197,Mouse Moved,215.0,287.0,User24,,
1490037926213,Mouse Moved,221.0,294.0,User24,,
1490037926230,Mouse Moved,226.0,301.0,User24,,
1490037926244,Mouse Moved,231.0,307.0,User24,,
1490037926260,Mouse Moved,235.0,312.0,User24,,
1490037926276,Mouse Moved,240.0,319.0,User24,,
1490037926292,Mouse Moved,239.0,319.0,User24,,
1490037926526,Mouse Moved,240.0,325.0,User24,,
1490037926542,Mouse Moved,240.0,333.0,User24,,
1490037926556,Mouse Moved,245.0,364.0,User24,,
1490037926572,Mouse Moved,247.0,374.0,User24,,
1490037926588,Mouse Moved,249.0,385.0,User24,,
1490037926604,Mouse Moved,252.0,398.0,User24,,
1490037926619,Mouse Moved,252.0,405.0,User24,,
1490037926634,Mouse Moved,253.0,410.0,User24,,
1490037926651,Mouse Moved,254.0,415.0,User24,,
1490037926665,Mouse Moved,254.0,418.0,User24,,
1490037926681,Mouse Moved,253.0,418.0,User24,,
1490037926884,Mouse Moved,254.0,420.0,User24,,
1490037926900,Mouse Moved,253.0,423.0,User24,,
1490037926915,Mouse Moved,252.0,428.0,User24,,
1490037926931,Mouse Moved,252.0,432.0,User24,,
1490037926947,Mouse Moved,252.0,440.0,User24,,
1490037926963,Mouse Moved,252.0,443.0,User24,,
1490037926977,Mouse Moved,251.0,445.0,User24,,
1490037926993,Mouse Moved,252.0,447.0,User24,,
1490037927009,Mouse Moved,252.0,449.0,User24,,
1490037927040,Mouse Moved,252.0,451.0,User24,,
1490037927055,Mouse Moved,252.0,456.0,User24,,
1490037927072,Mouse Moved,252.0,457.0,User24,,
1490037927088,Mouse Moved,252.0,458.0,User24,,
1490037927102,Mouse Moved,252.0,459.0,User24,,
1490037927134,Mouse Moved,253.0,459.0,User24,,
1490037927305,Mouse Moved,254.0,459.0,User24,,
1490037927336,Mouse Moved,255.0,459.0,User24,,
1490037927352,Mouse Moved,257.0,458.0,User24,,
1490037927368,Mouse Moved,257.0,457.0,User24,,
1490037927400,Mouse Moved,259.0,456.0,User24,,
1490037927414,Mouse Moved,259.0,455.0,User24,,
1490037927446,Mouse Moved,259.0,454.0,User24,,
1490037927461,Mouse Moved,260.0,455.0,User24,,
1490037927477,Mouse Moved,260.0,454.0,User24,,
1490037933030,Mouse Moved,260.0,453.0,User24,,
1490037933046,Mouse Moved,303.0,352.0,User24,,
1490037933062,Mouse Moved,489.0,293.0,User24,,
1490037933078,Mouse Moved,751.0,253.0,User24,,
1490037933094,Mouse Moved,767.0,250.0,User24,,
1490037933108,Mouse Moved,768.0,250.0,User24,,
1490037933125,Mouse Moved,769.0,249.0,User24,,
1490037933140,Mouse Moved,770.0,249.0,User24,,
1490037933155,Mouse Moved,773.0,249.0,User24,,
1490037933171,Mouse Moved,774.0,249.0,User24,,
1490037933358,Mouse Moved,776.0,249.0,User24,,
1490037933374,Mouse Moved,777.0,248.0,User24,,
1490037933405,Mouse Moved,778.0,248.0,User24,,
1490037933421,Mouse Moved,779.0,247.0,User24,,
1490037933437,Mouse Moved,780.0,247.0,User24,,
1490037933467,Mouse Moved,782.0,247.0,User24,,
1490037933499,Mouse Moved,782.0,246.0,User24,,
1490037933515,Mouse Moved,783.0,247.0,User24,,
1490037933529,Mouse Moved,783.0,246.0,User24,,
1490037934434,Mouse Moved,783.0,246.0,User24,,
1490037934529,Mouse Moved,783.0,247.0,User24,,
1490037934543,Mouse Moved,783.0,248.0,User24,,
1490037934559,Mouse Moved,783.0,250.0,User24,,
1490037934591,Mouse Moved,782.0,251.0,User24,,
1490037934607,Mouse Moved,782.0,252.0,User24,,
1490037934638,Mouse Moved,781.0,254.0,User24,,
1490037934654,Mouse Moved,781.0,255.0,User24,,
1490037934668,Mouse Moved,781.0,256.0,User24,,
1490037934684,Mouse Moved,780.0,257.0,User24,,
1490037934700,Mouse Moved,780.0,259.0,User24,,
1490037934716,Mouse Moved,779.0,261.0,User24,,
1490037934732,Mouse Moved,779.0,262.0,User24,,
1490037934746,Mouse Moved,779.0,263.0,User24,,
1490037934763,Mouse Moved,779.0,264.0,User24,,
1490037934778,Mouse Moved,779.0,265.0,User24,,
1490037934793,Mouse Moved,779.0,266.0,User24,,
1490037934809,Mouse Moved,779.0,267.0,User24,,
1490037934825,Mouse Moved,779.0,266.0,User24,,
1490037934841,Mouse Moved,779.0,267.0,User24,,
1490037934903,Mouse Moved,779.0,268.0,User24,,
1490037934918,Mouse Moved,779.0,269.0,User24,,
1490037934934,Mouse Moved,779.0,272.0,User24,,
1490037934950,Mouse Moved,779.0,273.0,User24,,
1490037934966,Mouse Moved,779.0,274.0,User24,,
1490037934980,Mouse Moved,780.0,276.0,User24,,
1490037934996,Mouse Moved,780.0,278.0,User24,,
1490037935012,Mouse Moved,780.0,280.0,User24,,
1490037935028,Mouse Moved,781.0,281.0,User24,,
1490037935043,Mouse Moved,781.0,282.0,User24,,
1490037935059,Mouse Moved,781.0,283.0,User24,,
1490037935075,Mouse Moved,782.0,284.0,User24,,
1490037935089,Mouse Moved,781.0,284.0,User24,,
1490037935105,Mouse Moved,781.0,285.0,User24,,
1490037935760,Mouse Moved,781.0,286.0,User24,,
1490037935792,Mouse Moved,782.0,288.0,User24,,
1490037935808,Mouse Moved,782.0,289.0,User24,,
1490037935823,Mouse Moved,782.0,291.0,User24,,
1490037935838,Mouse Moved,782.0,292.0,User24,,
1490037935855,Mouse Moved,782.0,294.0,User24,,
1490037935869,Mouse Moved,782.0,296.0,User24,,
1490037935885,Mouse Moved,782.0,297.0,User24,,
1490037935901,Mouse Moved,782.0,298.0,User24,,
1490037935917,Mouse Moved,782.0,300.0,User24,,
1490037935933,Mouse Moved,782.0,302.0,User24,,
1490037935947,Mouse Moved,782.0,304.0,User24,,
1490037935963,Mouse Moved,782.0,305.0,User24,,
1490037935980,Mouse Moved,783.0,307.0,User24,,
1490037940986,Mouse Moved,783.0,308.0,User24,,
1490037941299,Mouse Moved,782.0,313.0,User24,,
1490037941315,Mouse Moved,735.0,311.0,User24,,
1490037941424,Mouse Moved,720.0,310.0,User24,,
1490037941440,Mouse Moved,717.0,310.0,User24,,
1490037942890,Mouse Moved,700.0,313.0,User24,,
1490037942905,Mouse Moved,701.0,313.0,User24,,
1490037942921,Mouse Moved,702.0,312.0,User24,,
1490037942937,Mouse Moved,703.0,311.0,User24,,
1490037942953,Mouse Moved,704.0,311.0,User24,,
1490037942967,Mouse Moved,705.0,310.0,User24,,
1490037942983,Mouse Moved,708.0,309.0,User24,,
1490037943000,Mouse Moved,709.0,309.0,User24,,
1490037943015,Mouse Moved,711.0,308.0,User24,,
1490037943030,Mouse Moved,711.0,307.0,User24,,
1490037943046,Mouse Moved,712.0,307.0,User24,,
1490037943062,Mouse Moved,713.0,306.0,User24,,
1490037943078,Mouse Moved,714.0,304.0,User24,,
1490037943092,Mouse Moved,715.0,304.0,User24,,
1490037943108,Mouse Moved,715.0,303.0,User24,,
1490037943124,Mouse Moved,716.0,302.0,User24,,
1490037943140,Mouse Moved,717.0,302.0,User24,,
1490037943155,Mouse Moved,718.0,301.0,User24,,
1490037943171,Mouse Moved,719.0,300.0,User24,,
1490037943187,Mouse Moved,719.0,299.0,User24,,
1490037943201,Mouse Moved,720.0,299.0,User24,,
1490037943217,Mouse Moved,721.0,299.0,User24,,
1490037943233,Mouse Moved,721.0,298.0,User24,,
1490037943342,Mouse Moved,722.0,297.0,User24,,
1490037943358,Mouse Moved,724.0,295.0,User24,,
1490037943404,Mouse Moved,723.0,295.0,User24,,
1490037943421,Mouse Moved,722.0,294.0,User24,,
1490037943436,Mouse Moved,719.0,294.0,User24,,
1490037943451,Mouse Moved,715.0,293.0,User24,,
1490037943467,Mouse Moved,709.0,292.0,User24,,
1490037943483,Mouse Moved,699.0,290.0,User24,,
1490037943499,Mouse Moved,686.0,287.0,User24,,
1490037943513,Mouse Moved,650.0,279.0,User24,,
1490037943529,Mouse Moved,632.0,275.0,User24,,
1490037943546,Mouse Moved,615.0,272.0,User24,,
1490037943561,Mouse Moved,600.0,270.0,User24,,
1490037943576,Mouse Moved,589.0,268.0,User24,,
1490037943592,Mouse Moved,581.0,268.0,User24,,
1490037943608,Mouse Moved,567.0,266.0,User24,,
1490037943624,Mouse Moved,562.0,266.0,User24,,
1490037943638,Mouse Moved,556.0,266.0,User24,,
1490037943997,Mouse Moved,553.0,266.0,User24,,
1490037949006,Mouse Moved,549.0,266.0,User24,,
1490037949020,Mouse Moved,432.0,270.0,User24,,
1490037949036,Mouse Moved,380.0,281.0,User24,,
1490037949084,Mouse Moved,364.0,285.0,User24,,
1490037949098,Mouse Moved,543.0,275.0,User24,,
1490037949115,Mouse Moved,739.0,227.0,User24,,
1490037949130,Mouse Moved,775.0,215.0,User24,,
1490037949145,Mouse Moved,781.0,210.0,User24,,
1490037950098,Mouse Moved,781.0,208.0,User24,,
1490037950908,Mouse Moved,781.0,208.0,User24,,
1490037951579,Mouse Moved,781.0,208.0,User24,,
1490037952453,Mouse Moved,781.0,208.0,User24,,
1490037957460,Mouse Moved,778.0,208.0,User24,,
1490037957476,Mouse Moved,451.0,269.0,User24,,
1490037957492,Mouse Moved,287.0,253.0,User24,,
1490037957553,Mouse Moved,275.0,245.0,User24,,
1490037957569,Mouse Button.left Pressed,264.0,236.0,User24,,
1490037958599,Mouse Moved,266.0,237.0,User24,,
1490037958615,Mouse Moved,269.0,239.0,User24,,
1490037958631,Mouse Moved,274.0,242.0,User24,,
1490037958645,Mouse Moved,279.0,246.0,User24,,
1490037958661,Mouse Moved,288.0,253.0,User24,,
1490037958677,Mouse Moved,314.0,275.0,User24,,
1490037958693,Mouse Moved,339.0,297.0,User24,,
1490037958709,Mouse Moved,364.0,320.0,User24,,
1490037958723,Mouse Moved,388.0,342.0,User24,,
1490037958740,Mouse Moved,410.0,361.0,User24,,
1490037958756,Mouse Moved,431.0,378.0,User24,,
1490037958770,Mouse Moved,439.0,384.0,User24,,
1490037958786,Mouse Moved,446.0,389.0,User24,,
1490037958802,Mouse Moved,452.0,393.0,User24,,
1490037958818,Mouse Moved,457.0,397.0,User24,,
1490037958834,Mouse Moved,459.0,398.0,User24,,
1490037959114,Mouse Moved,457.0,398.0,User24,,
1490037959130,Mouse Moved,453.0,398.0,User24,,
1490037959145,Mouse Moved,447.0,399.0,User24,,
1490037959161,Mouse Moved,440.0,399.0,User24,,
1490037959177,Mouse Moved,432.0,400.0,User24,,
1490037959191,Mouse Moved,422.0,400.0,User24,,
1490037959223,Mouse Moved,393.0,404.0,User24,,
1490037959239,Mouse Moved,376.0,408.0,User24,,
1490037959255,Mouse Moved,359.0,411.0,User24,,
1490037959269,Mouse Moved,329.0,418.0,User24,,
1490037959286,Mouse Moved,320.0,420.0,User24,,
1490037959302,Mouse Moved,307.0,424.0,User24,,
1490037959332,Mouse Moved,301.0,426.0,User24,,
1490037959536,Mouse Moved,301.0,427.0,User24,,
1490037959551,Mouse Moved,303.0,429.0,User24,,
1490037959566,Mouse Moved,305.0,429.0,User24,,
1490037959582,Mouse Moved,307.0,430.0,User24,,
1490037959614,Mouse Moved,309.0,430.0,User24,,
1490037959628,Mouse Moved,315.0,433.0,User24,,
1490037959644,Mouse Moved,318.0,433.0,User24,,
1490037959660,Mouse Moved,320.0,434.0,User24,,
1490037959676,Mouse Moved,322.0,435.0,User24,,
1490037959691,Mouse Moved,324.0,434.0,User24,,
1490037959707,Mouse Moved,327.0,435.0,User24,,
1490037959753,Mouse Moved,328.0,435.0,User24,,
1490037959862,Mouse Moved,329.0,435.0,User24,,
1490037959878,Mouse Moved,330.0,434.0,User24,,
1490037959894,Mouse Moved,331.0,433.0,User24,,
1490037959910,Mouse Moved,332.0,431.0,User24,,
1490037959926,Mouse Moved,333.0,431.0,User24,,
1490037959940,Mouse Moved,335.0,430.0,User24,,
1490037959957,Mouse Moved,335.0,429.0,User24,,
1490037959971,Mouse Moved,336.0,429.0,User24,,
1490037959987,Mouse Moved,337.0,428.0,User24,,
1490037960035,Mouse Moved,338.0,429.0,User24,,
1490037960049,Mouse Moved,338.0,428.0,User24,,
1490037960190,Mouse Moved,338.0,428.0,User24,,
1490037960299,Mouse Moved,338.0,428.0,User24,,
1490037960315,Mouse Button.left Released,338.0,428.0,User24,,
1490037965542,Mouse Moved,335.0,429.0,User24,,
1490037965556,Mouse Moved,287.0,445.0,User24,,
1490037965572,Mouse Moved,269.0,460.0,User24,,
1490037965588,Mouse Moved,269.0,460.0,User24,,
1490037965900,Mouse Moved,270.0,459.0,User24,,
1490037965915,Mouse Moved,270.0,459.0,User24,,
1490037965931,Mouse Moved,268.0,460.0,User24,,
1490037966165,Mouse Moved,266.0,451.0,User24,,
1490037966180,Mouse Moved,265.0,442.0,User24,,
1490037966197,Mouse Moved,266.0,439.0,User24,,
1490037966211,Mouse Moved,266.0,438.0,User24,,
1490037966336,Mouse Moved,267.0,437.0,User24,,
1490037966352,Mouse Moved,272.0,433.0,User24,,
1490037966368,Mouse Moved,266.0,443.0,User24,,
1490037966384,Mouse Moved,257.0,456.0,User24,,
1490037966648,Mouse Moved,257.0,458.0,User24,,
1490037966664,Mouse Moved,262.0,449.0,User24,,
1490037966711,Mouse Moved,264.0,447.0,User24,,
1490037966726,Mouse Moved,267.0,442.0,User24,,
1490037966743,Mouse Moved,269.0,439.0,User24,,
1490037966757,Mouse Moved,270.0,439.0,User24,,
1490037966789,Mouse Moved,270.0,438.0,User24,,
1490037966946,Mouse Moved,271.0,438.0,User24,,
1490037966960,Mouse Moved,272.0,436.0,User24,,
1490037967007,Mouse Moved,273.0,436.0,User24,,
1490037967023,Mouse Moved,276.0,435.0,User24,,
1490037967039,Mouse Moved,279.0,435.0,User24,,
1490037967055,Mouse Moved,282.0,434.0,User24,,
1490037967069,Mouse Moved,285.0,433.0,User24,,
1490037967085,Mouse Moved,290.0,433.0,User24,,
1490037967101,Mouse Moved,295.0,432.0,User24,,
1490037967132,Mouse Moved,310.0,431.0,User24,,
1490037967257,Mouse Moved,318.0,431.0,User24,,
1490037967273,Mouse Moved,343.0,435.0,User24,,
1490037967289,Mouse Moved,348.0,436.0,User24,,
1490037967303,Mouse Moved,349.0,436.0,User24,,
1490037967319,Mouse Moved,351.0,436.0,User24,,
1490037967351,Mouse Moved,353.0,436.0,User24,,
1490037967367,Mouse Moved,354.0,435.0,User24,,
1490037967381,Mouse Moved,357.0,435.0,User24,,
1490037967398,Mouse Moved,358.0,434.0,User24,,
1490037967414,Mouse Moved,359.0,433.0,User24,,
1490037967428,Mouse Moved,360.0,433.0,User24,,
1490037967444,Mouse Moved,359.0,433.0,User24,,
1490037967788,Mouse Moved,359.0,433.0,User24,,
1490037967803,Mouse Moved,359.0,433.0,User24,,
1490037973497,Mouse Moved,366.0,434.0,User24,,
1490037973513,Mouse Moved,554.0,491.0,User24,,
1490037973529,Mouse Moved,636.0,505.0,User24,,
1490037973575,Mouse Moved,666.0,499.0,User24,,
1490037973591,Mouse Moved,669.0,499.0,User24,,
1490037973607,Mouse Moved,683.0,506.0,User24,,
1490037973621,Mouse Moved,568.0,524.0,User24,,
1490037973638,Mouse Moved,554.0,524.0,User24,,
1490037973654,Mouse Moved,571.0,466.0,User24,,
1490037973668,Mouse Moved,607.0,396.0,User24,,
1490037973684,Mouse Moved,672.0,377.0,User24,,
1490037973700,Mouse Moved,564.0,455.0,User24,,
1490037973716,Mouse Moved,428.0,415.0,User24,,
1490037973732,Mouse Moved,342.0,470.0,User24,,
1490037973746,Mouse Moved,324.0,486.0,User24,,
1490037973778,Mouse Moved,319.0,491.0,User24,,
1490037973793,Mouse Moved,316.0,493.0,User24,,
1490037973809,Mouse Moved,311.0,498.0,User24,,
1490037973825,Mouse Moved,310.0,498.0,User24,,
1490037973841,Mouse Moved,309.0,499.0,User24,,
1490037973871,Mouse Moved,309.0,498.0,User24,,
1490037973888,Mouse Moved,310.0,498.0,User24,,
1490037973903,Mouse Moved,311.0,496.0,User24,,
1490037973918,Mouse Moved,312.0,495.0,User24,,
1490037973934,Mouse Moved,315.0,493.0,User24,,
1490037973950,Mouse Moved,317.0,491.0,User24,,
1490037973966,Mouse Moved,319.0,489.0,User24,,
1490037973980,Mouse Moved,323.0,487.0,User24,,
1490037973996,Mouse Moved,326.0,485.0,User24,,
1490037974012,Mouse Moved,330.0,483.0,User24,,
1490037974028,Mouse Moved,333.0,481.0,User24,,
1490037974043,Mouse Moved,338.0,479.0,User24,,
1490037974059,Mouse Moved,343.0,477.0,User24,,
1490037974075,Mouse Moved,347.0,475.0,User24,,
1490037974089,Mouse Moved,357.0,473.0,User24,,
1490037974105,Mouse Moved,361.0,471.0,User24,,
1490037974121,Mouse Moved,366.0,470.0,User24,,
1490037974137,Mouse Moved,378.0,468.0,User24,,
1490037974153,Mouse Moved,383.0,467.0,User24,,
1490037974167,Mouse Moved,388.0,466.0,User24,,
1490037974184,Mouse Moved,396.0,467.0,User24,,
1490037974200,Mouse Moved,400.0,467.0,User24,,
1490037974214,Mouse Moved,399.0,466.0,User24,,
1490037974230,Mouse Moved,405.0,467.0,User24,,
1490037974246,Mouse Moved,416.0,468.0,User24,,
1490037974262,Mouse Moved,423.0,469.0,User24,,
1490037974278,Mouse Moved,431.0,469.0,User24,,
1490037974292,Mouse Moved,456.0,472.0,User24,,
1490037974309,Mouse Moved,476.0,474.0,User24,,
1490037974323,Mouse Moved,507.0,479.0,User24,,
1490037974339,Mouse Moved,539.0,485.0,User24,,
1490037974355,Mouse Moved,568.0,491.0,User24,,
1490037974371,Mouse Moved,606.0,499.0,User24,,
1490037974387,Mouse Moved,616.0,501.0,User24,,
1490037974401,Mouse Moved,624.0,503.0,User24,,
1490037974417,Mouse Moved,629.0,505.0,User24,,
1490037974434,Mouse Moved,629.0,504.0,User24,,
1490037974621,Mouse Moved,633.0,504.0,User24,,
1490037974635,Mouse Moved,637.0,504.0,User24,,
1490037974651,Mouse Moved,641.0,504.0,User24,,
1490037974667,Mouse Moved,647.0,503.0,User24,,
1490037974683,Mouse Moved,650.0,503.0,User24,,
1490037974698,Mouse Moved,653.0,502.0,User24,,
1490037974713,Mouse Moved,655.0,501.0,User24,,
1490037974730,Mouse Moved,658.0,500.0,User24,,
1490037974746,Mouse Moved,661.0,500.0,User24,,
1490037974760,Mouse Moved,664.0,499.0,User24,,
1490037974776,Mouse Moved,667.0,498.0,User24,,
1490037974792,Mouse Moved,669.0,497.0,User24,,
1490037974808,Mouse Moved,672.0,497.0,User24,,
1490037974823,Mouse Moved,675.0,494.0,User24,,
1490037974838,Mouse Moved,676.0,493.0,User24,,
1490037974855,Mouse Moved,677.0,492.0,User24,,
1490037974869,Mouse Moved,678.0,492.0,User24,,
1490037974885,Mouse Moved,678.0,491.0,User24,,
1490037974901,Mouse Moved,679.0,491.0,User24,,
1490037974963,Mouse Moved,680.0,490.0,User24,,
1490037974980,Mouse Moved,680.0,489.0,User24,,
1490037975026,Mouse Moved,681.0,488.0,User24,,
1490037975042,Mouse Moved,682.0,486.0,User24,,
1490037975058,Mouse Moved,681.0,486.0,User24,,
1490037975072,Mouse Moved,682.0,486.0,User24,,
1490037975088,Mouse Moved,682.0,485.0,User24,,
1490037975119,Mouse Moved,683.0,484.0,User24,,
1490037975509,Mouse Moved,683.0,484.0,User24,,
1490037975961,Mouse Moved,687.0,483.0,User24,,
1490037975977,Mouse Moved,693.0,481.0,User24,,
1490037975993,Mouse Moved,701.0,478.0,User24,,
1490037976009,Mouse Moved,728.0,467.0,User24,,
1490037976025,Mouse Moved,748.0,459.0,User24,,
1490037976039,Mouse Moved,777.0,448.0,User24,,
1490037976055,Mouse Moved,806.0,437.0,User24,,
1490037976072,Mouse Moved,855.0,420.0,User24,,
1490037976086,Mouse Moved,879.0,413.0,User24,,
1490037976102,Mouse Moved,888.0,411.0,User24,,
1490037976134,Mouse Moved,896.0,409.0,User24,,
1490037976351,Mouse Moved,904.0,406.0,User24,,
1490037976368,Mouse Moved,908.0,405.0,User24,,
1490037976384,Mouse Moved,913.0,403.0,User24,,
1490037976398,Mouse Moved,921.0,399.0,User24,,
1490037976414,Mouse Moved,939.0,391.0,User24,,
1490037976430,Mouse Moved,948.0,387.0,User24,,
1490037976446,Mouse Moved,956.0,384.0,User24,,
1490037976461,Mouse Moved,962.0,380.0,User24,,
1490037976476,Mouse Moved,970.0,377.0,User24,,
1490037976493,Mouse Moved,984.0,370.0,User24,,
1490037981500,Mouse Moved,994.0,367.0,User24,,
1490037981516,Mouse Moved,1019.0,357.0,User24,,
1490037981532,Mouse Moved,1050.0,347.0,User24,,
1490037981594,Mouse Moved,1037.0,348.0,User24,,
1490037981625,Mouse Button.left Released,1037.0,348.0,User24,,
1490037984776,Mouse Moved,1036.0,349.0,User24,,
1490037984792,Mouse Moved,1028.0,349.0,User24,,
1490037984808,Mouse Moved,1024.0,349.0,User24,,
1490037984822,Mouse Moved,1019.0,349.0,User24,,
1490037984838,Mouse Moved,1013.0,348.0,User24,,
1490037984854,Mouse Moved,1005.0,349.0,User24,,
1490037984869,Mouse Moved,972.0,351.0,User24,,
1490037984885,Mouse Moved,949.0,354.0,User24,,
1490037989986,Mouse Moved,922.0,359.0,User24,,
1490037990002,Mouse Moved,798.0,415.0,User24,,
1490037990017,Mouse Moved,482.0,563.0,User24,,
1490037990299,Mouse Moved,420.0,612.0,User24,,
1490037990313,Mouse Moved,409.0,620.0,User24,,
1490037991828,Mouse Moved,405.0,624.0,User24,,
1490037991842,Mouse Moved,406.0,622.0,User24,,
1490037991858,Mouse Moved,407.0,620.0,User24,,
1490037991874,Mouse Moved,409.0,618.0,User24,,
1490037991890,Mouse Moved,411.0,614.0,User24,,
1490037991937,Mouse Moved,412.0,613.0,User24,,
1490037991951,Mouse Moved,413.0,610.0,User24,,
1490037991967,Mouse Moved,414.0,608.0,User24,,
1490037991983,Mouse Moved,415.0,607.0,User24,,
1490037991999,Mouse Moved,415.0,606.0,User24,,
1490037992015,Mouse Moved,416.0,606.0,User24,,
1490037992046,Mouse Moved,417.0,604.0,User24,,
1490037992124,Mouse Moved,418.0,603.0,User24,,
1490037992140,Mouse Moved,419.0,602.0,User24,,
1490037992154,Mouse Moved,420.0,601.0,User24,,
1490037992201,Mouse Moved,420.0,600.0,User24,,
1490037992233,Mouse Moved,421.0,600.0,User24,,
1490037992279,Mouse Moved,421.0,599.0,User24,,
1490037992311,Mouse Moved,421.0,598.0,User24,,
1490037992326,Mouse Moved,422.0,598.0,User24,,
1490037992342,Mouse Moved,423.0,597.0,User24,,
1490037992358,Mouse Moved,423.0,596.0,User24,,
1490037992374,Mouse Moved,424.0,595.0,User24,,
1490037992388,Mouse Moved,425.0,595.0,User24,,
1490037992404,Mouse Moved,425.0,594.0,User24,,
1490037992420,Mouse Moved,426.0,593.0,User24,,
1490037992436,Mouse Moved,427.0,593.0,User24,,
1490037992451,Mouse Moved,427.0,592.0,User24,,
1490037992467,Mouse Moved,428.0,590.0,User24,,
1490037992483,Mouse Moved,428.0,589.0,User24,,
1490037992513,Mouse Moved,428.0,588.0,User24,,
1490037992545,Mouse Moved,429.0,589.0,User24,,
1490037997927,Mouse Moved,429.0,588.0,User24,,
1490038006039,Mouse Moved,430.0,586.0,User24,,
1490038006055,Mouse Moved,478.0,486.0,User24,,
1490038006069,Mouse Moved,505.0,423.0,User24,,
1490038006085,Mouse Moved,510.0,406.0,User24,,
1490038006101,Mouse Moved,534.0,324.0,User24,,
1490038006117,Mouse Moved,553.0,298.0,User24,,
1490038007506,Mouse Moved,553.0,298.0,User24,,
1490038015851,Mouse Moved,552.0,300.0,User24,,
1490038016974,Mouse Moved,340.0,579.0,User24,,
1490038016990,Mouse Moved,340.0,578.0,User24,,
1490038017006,Mouse Moved,340.0,575.0,User24,,
1490038017022,Mouse Moved,341.0,568.0,User24,,
1490038017036,Mouse Moved,343.0,562.0,User24,,
1490038017052,Mouse Moved,345.0,555.0,User24,,
1490038017068,Mouse Moved,350.0,541.0,User24,,
1490038017084,Mouse Moved,352.0,534.0,User24,,
1490038017099,Mouse Moved,355.0,527.0,User24,,
1490038017115,Mouse Moved,359.0,518.0,User24,,
1490038017131,Mouse Moved,366.0,503.0,User24,,
1490038017145,Mouse Moved,368.0,498.0,User24,,
1490038017161,Mouse Moved,369.0,493.0,User24,,
1490038017177,Mouse Moved,372.0,488.0,User24,,
1490038017193,Mouse Moved,374.0,484.0,User24,,
1490038017209,Mouse Moved,376.0,478.0,User24,,
1490038017223,Mouse Moved,377.0,477.0,User24,,
1490038017240,Mouse Moved,377.0,476.0,User24,,
1490038032200,Mouse Moved,377.0,476.0,User24,,
1490038032216,Mouse Button.left Released,377.0,476.0,User24,,
1490038169792,Mouse Moved,375.0,477.0,User24,,
1490038169808,Mouse Moved,371.0,478.0,User24,,
1490038169823,Mouse Moved,366.0,478.0,User24,,
1490038169838,Mouse Moved,361.0,479.0,User24,,
1490038169855,Mouse Moved,355.0,481.0,User24,,
1490038169869,Mouse Moved,343.0,483.0,User24,,
1490038169885,Mouse Moved,337.0,484.0,User24,,
1490038169901,Mouse Moved,332.0,485.0,User24,,
1490038174894,Mouse Moved,321.0,486.0,User24,,
1490038174908,Mouse Moved,309.0,487.0,User24,,
1490038174924,Mouse Moved,221.0,488.0,User24,,
1490038174940,Mouse Moved,324.0,424.0,User24,,
1490038174956,Mouse Moved,429.0,392.0,User24,,
1490038174971,Mouse Moved,607.0,373.0,User24,,
1490038175049,Mouse Moved,722.0,368.0,User24,,
1490038175065,Mouse Moved,722.0,369.0,User24,,
1490038175081,Mouse Moved,722.0,370.0,User24,,
1490038175095,Mouse Moved,722.0,372.0,User24,,
1490038175111,Mouse Moved,721.0,374.0,User24,,
1490038175128,Mouse Moved,720.0,376.0,User24,,
1490038175142,Mouse Moved,718.0,379.0,User24,,
1490038175158,Mouse Moved,716.0,382.0,User24,,
1490038175174,Mouse Moved,713.0,386.0,User24,,
1490038175190,Mouse Moved,708.0,392.0,User24,,
1490038175206,Mouse Moved,703.0,398.0,User24,,
1490038175220,Mouse Moved,696.0,405.0,User24,,
1490038175236,Mouse Moved,686.0,415.0,User24,,
1490038175252,Mouse Moved,676.0,425.0,User24,,
1490038175267,Mouse Moved,661.0,437.0,User24,,
1490038175283,Mouse Moved,647.0,449.0,User24,,
1490038175299,Mouse Moved,635.0,459.0,User24,,
1490038175315,Mouse Moved,621.0,470.0,User24,,
1490038175329,Mouse Moved,611.0,478.0,User24,,
1490038175345,Mouse Moved,604.0,484.0,User24,,
1490038175907,Mouse Moved,604.0,485.0,User24,,
1490038175938,Mouse Moved,605.0,486.0,User24,,
1490038175953,Mouse Moved,605.0,487.0,User24,,
1490038175970,Mouse Moved,605.0,488.0,User24,,
1490038175986,Mouse Moved,604.0,489.0,User24,,
1490038176000,Mouse Moved,603.0,491.0,User24,,
1490038176016,Mouse Moved,601.0,494.0,User24,,
1490038176032,Mouse Moved,600.0,496.0,User24,,
1490038176048,Mouse Moved,596.0,500.0,User24,,
1490038176063,Mouse Moved,591.0,504.0,User24,,
1490038176078,Mouse Moved,584.0,509.0,User24,,
1490038176095,Mouse Moved,576.0,514.0,User24,,
1490038176125,Mouse Moved,565.0,520.0,User24,,
1490038176141,Mouse Moved,550.0,528.0,User24,,
1490038176157,Mouse Moved,533.0,536.0,User24,,
1490038176173,Mouse Moved,506.0,550.0,User24,,
1490038176187,Mouse Moved,482.0,561.0,User24,,
1490038176203,Mouse Moved,453.0,574.0,User24,,
1490038176234,Mouse Moved,412.0,590.0,User24,,
1490038176250,Mouse Moved,395.0,597.0,User24,,
1490038176266,Mouse Moved,377.0,602.0,User24,,
1490038176796,Mouse Moved,372.0,603.0,User24,,
1490038176812,Mouse Moved,364.0,605.0,User24,,
1490038176828,Mouse Moved,355.0,608.0,User24,,
1490038176844,Mouse Moved,341.0,612.0,User24,,
1490038176858,Mouse Moved,323.0,617.0,User24,,
1490038176875,Mouse Moved,308.0,621.0,User24,,
1490038176890,Mouse Moved,277.0,628.0,User24,,
1490038176905,Mouse Moved,263.0,631.0,User24,,
1490038176921,Mouse Moved,249.0,634.0,User24,,
1490038176937,Mouse Moved,238.0,636.0,User24,,
1490038176967,Mouse Moved,231.0,636.0,User24,,
1490038176983,Mouse Moved,219.0,637.0,User24,,
1490038177217,Mouse Moved,214.0,639.0,User24,,
1490038177233,Mouse Moved,208.0,642.0,User24,,
1490038302454,Mouse Moved,300.0,642.0,User24,,
1490038302470,Mouse Moved,301.0,640.0,User24,,
1490038302486,Mouse Moved,306.0,634.0,User24,,
1490038302502,Mouse Moved,307.0,632.0,User24,,
1490038302516,Mouse Moved,310.0,630.0,User24,,
1490038302532,Mouse Moved,312.0,629.0,User24,,
1490038302548,Mouse Moved,315.0,626.0,User24,,
1490038302563,Mouse Moved,318.0,625.0,User24,,
1490038302579,Mouse Moved,321.0,624.0,User24,,
1490038302595,Mouse Moved,327.0,622.0,User24,,
1490038302611,Mouse Moved,332.0,621.0,User24,,
1490038302625,Mouse Moved,340.0,620.0,User24,,
1490038302641,Mouse Moved,344.0,620.0,User24,,
1490038302657,Mouse Moved,353.0,621.0,User24,,
1490038302673,Mouse Moved,358.0,620.0,User24,,
1490038302688,Mouse Moved,362.0,621.0,User24,,
1490038302703,Mouse Moved,367.0,621.0,User24,,
1490038302720,Mouse Moved,370.0,621.0,User24,,
1490038302736,Mouse Moved,374.0,622.0,User24,,
1490038302750,Mouse Moved,381.0,622.0,User24,,
1490038302766,Mouse Moved,385.0,622.0,User24,,
1490038302782,Mouse Moved,388.0,622.0,User24,,
1490038302798,Mouse Moved,389.0,622.0,User24,,
1490038302813,Mouse Moved,390.0,622.0,User24,,
1490038302828,Mouse Moved,392.0,622.0,User24,,
1490038302845,Mouse Moved,393.0,622.0,User24,,
1490038302907,Mouse Moved,394.0,622.0,User24,,
1490038302923,Mouse Moved,395.0,622.0,User24,,
1490038302937,Mouse Moved,396.0,621.0,User24,,
1490038303483,Mouse Moved,397.0,620.0,User24,,
1490038308476,Mouse Moved,397.0,618.0,User24,,
1490038308492,Mouse Moved,404.0,600.0,User24,,
1490038308507,Mouse Moved,417.0,576.0,User24,,
1490038308678,Mouse Moved,416.0,576.0,User24,,
1490038308694,Mouse Moved,386.0,579.0,User24,,
1490038309163,Mouse Moved,385.0,579.0,User24,,
1490038309177,Mouse Button.left Released,385.0,579.0,User24,,
1490038310660,Mouse Moved,383.0,577.0,User24,,
1490038310676,Mouse Moved,380.0,574.0,User24,,
1490038310691,Mouse Moved,374.0,571.0,User24,,
1490038310707,Mouse Moved,360.0,563.0,User24,,
1490038310723,Mouse Moved,351.0,558.0,User24,,
1490038310737,Mouse Moved,339.0,553.0,User24,,
1490038310753,Mouse Moved,321.0,545.0,User24,,
1490038310769,Mouse Moved,302.0,535.0,User24,,
1490038310785,Mouse Moved,285.0,526.0,User24,,
1490038310801,Mouse Moved,260.0,512.0,User24,,
1490038310815,Mouse Moved,253.0,507.0,User24,,
1490038310832,Mouse Moved,242.0,499.0,User24,,
1490038310848,Mouse Moved,238.0,494.0,User24,,
1490038310862,Mouse Moved,236.0,492.0,User24,,
1490038311174,Mouse Moved,241.0,494.0,User24,,
1490038311190,Mouse Moved,248.0,497.0,User24,,
1490038311206,Mouse Moved,257.0,502.0,User24,,
1490038311221,Mouse Moved,299.0,526.0,User24,,
1490038311253,Mouse Moved,314.0,535.0,User24,,
1490038311269,Mouse Moved,347.0,556.0,User24,,
1490038311283,Mouse Moved,371.0,572.0,User24,,
1490038311299,Mouse Moved,377.0,576.0,User24,,
1490038311315,Mouse Moved,383.0,580.0,User24,,
1490038311331,Mouse Moved,387.0,583.0,User24,,
1490038311346,Mouse Moved,387.0,582.0,User24,,
1490038316526,Mouse Moved,387.0,585.0,User24,,
1490038316542,Mouse Moved,388.0,590.0,User24,,
1490038316556,Mouse Moved,395.0,624.0,User24,,
1490038316572,Mouse Moved,396.0,622.0,User24,,
1490038316588,Mouse Moved,405.0,610.0,User24,,
1490038316604,Mouse Moved,418.0,598.0,User24,,
1490038316619,Mouse Moved,429.0,568.0,User24,,
1490038316634,Mouse Moved,430.0,564.0,User24,,
1490038316651,Mouse Moved,431.0,554.0,User24,,
1490038316665,Mouse Moved,412.0,604.0,User24,,
1490038317461,Mouse Moved,405.0,622.0,User24,,
1490038317477,Mouse Moved,406.0,622.0,User24,,
1490038317493,Mouse Moved,406.0,619.0,User24,,
1490038317509,Mouse Moved,405.0,617.0,User24,,
1490038317523,Mouse Moved,405.0,615.0,User24,,
1490038317539,Mouse Moved,405.0,613.0,User24,,
1490038317555,Mouse Moved,405.0,612.0,User24,,
1490038317571,Mouse Moved,405.0,608.0,User24,,
1490038317586,Mouse Moved,405.0,606.0,User24,,
1490038317601,Mouse Moved,405.0,604.0,User24,,
1490038317618,Mouse Moved,405.0,602.0,User24,,
1490038317634,Mouse Moved,406.0,600.0,User24,,
1490038317648,Mouse Moved,406.0,598.0,User24,,
1490038317664,Mouse Moved,407.0,596.0,User24,,
1490038317680,Mouse Moved,407.0,593.0,User24,,
1490038317696,Mouse Moved,408.0,592.0,User24,,
1490038317711,Mouse Moved,408.0,590.0,User24,,
1490038317726,Mouse Moved,408.0,589.0,User24,,
1490038317743,Mouse Moved,409.0,588.0,User24,,
1490038317757,Mouse Moved,409.0,586.0,User24,,
1490038317789,Mouse Moved,409.0,585.0,User24,,
1490038317835,Mouse Moved,409.0,584.0,User24,,
1490038318398,Mouse Moved,409.0,584.0,User24,,
1490038319427,Mouse Moved,408.0,581.0,User24,,
1490038319443,Mouse Moved,406.0,575.0,User24,,
1490038319459,Mouse Moved,405.0,568.0,User24,,
1490038319473,Mouse Moved,404.0,560.0,User24,,
1490038319490,Mouse Moved,403.0,548.0,User24,,
1490038319506,Mouse Moved,401.0,520.0,User24,,
1490038319520,Mouse Moved,401.0,504.0,User24,,
1490038324529,Mouse Moved,401.0,488.0,User24,,
1490038324543,Mouse Moved,413.0,399.0,User24,,
1490038324559,Mouse Moved,341.0,346.0,User24,,
1490038324591,Mouse Moved,321.0,306.0,User24,,
1490038324607,Mouse Moved,321.0,289.0,User24,,
1490038324621,Mouse Moved,300.0,291.0,User24,,
1490038348723,Mouse Moved,298.0,288.0,User24,,
1490038348740,Mouse Moved,297.0,285.0,User24,,
1490038348756,Mouse Moved,325.0,233.0,User24,,
1490038348770,Mouse Moved,418.0,168.0,User24,,
1490038348786,Mouse Moved,280.0,251.0,User24,,
1490038348880,Mouse Moved,233.0,300.0,User24,,
1490038348895,Mouse Moved,234.0,298.0,User24,,
1490038348911,Mouse Moved,236.0,297.0,User24,,
1490038348927,Mouse Moved,238.0,295.0,User24,,
1490038348943,Mouse Moved,246.0,288.0,User24,,
1490038348957,Mouse Moved,252.0,284.0,User24,,
1490038348973,Mouse Moved,257.0,279.0,User24,,
1490038348990,Mouse Moved,264.0,273.0,User24,,
1490038349005,Mouse Moved,270.0,268.0,User24,,
1490038349020,Mouse Moved,278.0,262.0,User24,,
1490038349036,Mouse Moved,285.0,256.0,User24,,
1490038349052,Mouse Moved,303.0,240.0,User24,,
1490038349082,Mouse Moved,308.0,236.0,User24,,
1490038349098,Mouse Moved,317.0,230.0,User24,,
1490038349114,Mouse Moved,321.0,226.0,User24,,
1490038349130,Mouse Moved,324.0,224.0,User24,,
1490038349145,Mouse Moved,327.0,222.0,User24,,
1490038349161,Mouse Moved,329.0,221.0,User24,,
1490038349177,Mouse Moved,331.0,220.0,User24,,
1490038349191,Mouse Moved,333.0,219.0,User24,,
1490038349207,Mouse Moved,334.0,219.0,User24,,
1490038349223,Mouse Moved,335.0,219.0,User24,,
1490038349239,Mouse Moved,335.0,221.0,User24,,
1490038349255,Mouse Moved,336.0,222.0,User24,,
1490038349269,Mouse Moved,336.0,223.0,User24,,
1490038349286,Mouse Moved,337.0,225.0,User24,,
1490038349302,Mouse Moved,338.0,229.0,User24,,
1490038349316,Mouse Moved,340.0,234.0,User24,,
1490038349332,Mouse Moved,346.0,245.0,User24,,
1490038349348,Mouse Moved,350.0,250.0,User24,,
1490038349364,Mouse Moved,355.0,255.0,User24,,
1490038349380,Mouse Moved,361.0,262.0,User24,,
1490038349394,Mouse Moved,369.0,269.0,User24,,
1490038349411,Mouse Moved,385.0,284.0,User24,,
1490038349426,Mouse Moved,393.0,290.0,User24,,
1490038349441,Mouse Moved,402.0,298.0,User24,,
1490038349457,Mouse Moved,419.0,313.0,User24,,
1490038349473,Mouse Moved,432.0,325.0,User24,,
1490038349503,Mouse Moved,436.0,329.0,User24,,
1490038349519,Mouse Moved,439.0,331.0,User24,,
1490038349737,Mouse Moved,440.0,333.0,User24,,
1490038349753,Mouse Moved,443.0,334.0,User24,,
1490038349769,Mouse Moved,446.0,336.0,User24,,
1490038349785,Mouse Moved,455.0,340.0,User24,,
1490038349801,Mouse Moved,459.0,344.0,User24,,
1490038349815,Mouse Moved,472.0,351.0,User24,,
1490038349832,Mouse Moved,478.0,355.0,User24,,
1490038349848,Mouse Moved,494.0,364.0,User24,,
1490038349862,Mouse Moved,501.0,369.0,User24,,
1490038349878,Mouse Moved,508.0,372.0,User24,,
1490038349894,Mouse Moved,512.0,374.0,User24,,
1490038349910,Mouse Moved,517.0,376.0,User24,,
1490038350346,Mouse Moved,517.0,376.0,User24,,
1490038350361,Mouse Button.left Pressed,517.0,376.0,User24,,
1490038350799,Mouse Moved,521.0,376.0,User24,,
1490038350815,Mouse Moved,527.0,375.0,User24,,
1490038350829,Mouse Moved,533.0,374.0,User24,,
1490038350845,Mouse Moved,547.0,373.0,User24,,
1490038350861,Mouse Moved,556.0,373.0,User24,,
1490038350877,Mouse Moved,566.0,373.0,User24,,
1490038350892,Mouse Moved,576.0,372.0,User24,,
1490038350907,Mouse Moved,586.0,372.0,User24,,
1490038350924,Mouse Moved,602.0,372.0,User24,,
1490038350940,Mouse Moved,612.0,372.0,User24,,
1490038350954,Mouse Moved,622.0,372.0,User24,,
1490038350970,Mouse Moved,632.0,373.0,User24,,
1490038350986,Mouse Moved,640.0,373.0,User24,,
1490038351002,Mouse Moved,653.0,375.0,User24,,
1490038351017,Mouse Moved,659.0,375.0,User24,,
1490038351032,Mouse Moved,664.0,375.0,User24,,
1490038351049,Mouse Moved,672.0,375.0,User24,,
1490038351063,Mouse Moved,677.0,375.0,User24,,
1490038351079,Mouse Moved,678.0,375.0,User24,,
1490038351095,Mouse Moved,679.0,375.0,User24,,
1490038351470,Mouse Moved,679.0,375.0,User24,,
1490038364947,Mouse Moved,678.0,375.0,User24,,
1490038364963,Mouse Moved,678.0,358.0,User24,,
1490038364980,Mouse Moved,690.0,338.0,User24,,
1490038365104,Mouse Moved,697.0,333.0,User24,,
1490038365119,Mouse Moved,706.0,325.0,User24,,
1490038365135,Mouse Moved,697.0,316.0,User24,,
1490038365151,Mouse Moved,675.0,318.0,User24,,
1490038365167,Mouse Moved,671.0,320.0,User24,,
1490038365181,Mouse Moved,420.0,352.0,User24,,
1490038365197,Mouse Moved,429.0,346.0,User24,,
1490038365213,Mouse Moved,433.0,344.0,User24,,
1490038365229,Mouse Moved,436.0,342.0,User24,,
1490038365244,Mouse Moved,443.0,341.0,User24,,
1490038365259,Mouse Moved,446.0,340.0,User24,,
1490038365276,Mouse Moved,448.0,340.0,User24,,
1490038365401,Mouse Moved,449.0,340.0,User24,,
1490038365415,Mouse Moved,450.0,340.0,User24,,
1490038365431,Mouse Moved,471.0,348.0,User24,,
1490038365479,Mouse Moved,475.0,349.0,User24,,
1490038365493,Mouse Moved,483.0,350.0,User24,,
1490038365509,Mouse Moved,493.0,352.0,User24,,
1490038365526,Mouse Moved,497.0,353.0,User24,,
1490038365540,Mouse Moved,501.0,354.0,User24,,
1490038365556,Mouse Moved,511.0,355.0,User24,,
1490038365572,Mouse Moved,517.0,356.0,User24,,
1490038365588,Mouse Moved,524.0,358.0,User24,,
1490038365604,Mouse Moved,531.0,359.0,User24,,
1490038365618,Mouse Moved,548.0,362.0,User24,,
1490038365634,Mouse Moved,556.0,363.0,User24,,
1490038365650,Mouse Moved,564.0,364.0,User24,,
1490038365665,Mouse Moved,570.0,367.0,User24,,
1490038365681,Mouse Moved,587.0,371.0,User24,,
1490038365697,Mouse Moved,594.0,373.0,User24,,
1490038365713,Mouse Moved,599.0,374.0,User24,,
1490038365930,Mouse Moved,603.0,374.0,User24,,
1490038365947,Mouse Moved,609.0,374.0,User24,,
1490038365961,Mouse Moved,617.0,373.0,User24,,
1490038365977,Mouse Moved,626.0,372.0,User24,,
1490038365993,Mouse Moved,636.0,372.0,User24,,
1490038366009,Mouse Moved,645.0,371.0,User24,,
1490038366025,Mouse Moved,664.0,370.0,User24,,
1490038366039,Mouse Moved,674.0,369.0,User24,,
1490038366055,Mouse Moved,683.0,368.0,User24,,
1490038366072,Mouse Moved,691.0,369.0,User24,,
1490038366086,Mouse Moved,695.0,368.0,User24,,
1490038366102,Mouse Moved,699.0,367.0,User24,,
1490038380875,Mouse Moved,697.0,367.0,User24,,
1490038380891,Mouse Moved,680.0,328.0,User24,,
1490038380907,Mouse Moved,655.0,283.0,User24,,
1490038380923,Mouse Moved,613.0,246.0,User24,,
1490038380937,Mouse Moved,580.0,279.0,User24,,
1490038380953,Mouse Moved,696.0,164.0,User24,,
1490038380970,Mouse Moved,467.0,282.0,User24,,
1490038381048,Mouse Moved,381.0,379.0,User24,,
1490038381062,Mouse Moved,381.0,378.0,User24,,
1490038381078,Mouse Moved,380.0,377.0,User24,,
1490038381094,Mouse Moved,379.0,373.0,User24,,
1490038381109,Mouse Moved,380.0,371.0,User24,,
1490038381125,Mouse Moved,380.0,367.0,User24,,
1490038381141,Mouse Moved,380.0,362.0,User24,,
1490038381157,Mouse Moved,381.0,357.0,User24,,
1490038381171,Mouse Moved,384.0,348.0,User24,,
1490038381187,Mouse Moved,385.0,345.0,User24,,
1490038381203,Mouse Moved,388.0,341.0,User24,,
1490038381219,Mouse Moved,390.0,337.0,User24,,
1490038381234,Mouse Moved,393.0,333.0,User24,,
1490038381250,Mouse Moved,395.0,330.0,User24,,
1490038381266,Mouse Moved,398.0,325.0,User24,,
1490038381282,Mouse Moved,399.0,322.0,User24,,
1490038381296,Mouse Moved,400.0,321.0,User24,,
1490038381312,Mouse Moved,401.0,320.0,User24,,
1490038381328,Mouse Moved,401.0,318.0,User24,,
1490038381344,Mouse Moved,402.0,317.0,User24,,
1490038381359,Mouse Moved,402.0,316.0,User24,,
1490038381375,Mouse Moved,402.0,315.0,User24,,
1490038381391,Mouse Moved,401.0,313.0,User24,,
1490038381405,Mouse Moved,401.0,312.0,User24,,
1490038381421,Mouse Moved,401.0,311.0,User24,,
1490038381437,Mouse Moved,403.0,303.0,User24,,
1490038381453,Mouse Moved,404.0,299.0,User24,,
1490038381469,Mouse Moved,404.0,295.0,User24,,
1490038381483,Mouse Moved,405.0,290.0,User24,,
1490038381500,Mouse Moved,406.0,287.0,User24,,
1490038381516,Mouse Moved,406.0,280.0,User24,,
1490038381530,Mouse Moved,407.0,278.0,User24,,
1490038381546,Mouse Moved,407.0,276.0,User24,,
1490038381562,Mouse Moved,408.0,275.0,User24,,
1490038381578,Mouse Moved,407.0,274.0,User24,,
1490038381594,Mouse Moved,408.0,274.0,User24,,
1490038381608,Mouse Moved,408.0,272.0,User24,,
1490038382029,Mouse Moved,409.0,273.0,User24,,
1490038382046,Mouse Moved,411.0,272.0,User24,,
1490038382062,Mouse Moved,413.0,271.0,User24,,
1490038382076,Mouse Moved,414.0,271.0,User24,,
1490038382092,Mouse Moved,417.0,269.0,User24,,
1490038382108,Mouse Moved,419.0,268.0,User24,,
1490038382124,Mouse Moved,420.0,268.0,User24,,
1490038382154,Mouse Moved,422.0,266.0,User24,,
1490038382201,Mouse Moved,423.0,267.0,User24,,
1490038382217,Mouse Moved,423.0,266.0,User24,,
1490038382529,Mouse Moved,423.0,266.0,User24,,
1490038388878,Mouse Moved,421.0,271.0,User24,,
1490038388894,Mouse Moved,359.0,407.0,User24,,
1490038388910,Mouse Moved,354.0,420.0,User24,,
1490038388926,Mouse Moved,354.0,422.0,User24,,
1490038389128,Mouse Moved,348.0,428.0,User24,,
1490038389144,Mouse Moved,339.0,430.0,User24,,
1490038389160,Mouse Moved,315.0,422.0,User24,,
1490038389174,Mouse Moved,310.0,406.0,User24,,
1490038389190,Mouse Moved,296.0,415.0,User24,,
1490038389206,Mouse Moved,277.0,430.0,User24,,
1490038389221,Mouse Moved,276.0,423.0,User24,,
1490038389237,Mouse Moved,206.0,404.0,User24,,
1490038389253,Mouse Moved,203.0,404.0,User24,,
1490038389361,Mouse Moved,199.0,404.0,User24,,
1490038389378,Mouse Moved,177.0,407.0,User24,,
1490038389503,Mouse Moved,156.0,405.0,User24,,
1490038389517,Mouse Moved,153.0,402.0,User24,,
1490038389533,Mouse Moved,161.0,388.0,User24,,
1490038389674,Mouse Moved,163.0,387.0,User24,,
1490038389690,Mouse Moved,183.0,386.0,User24,,
1490038389736,Mouse Moved,190.0,389.0,User24,,
1490038413042,Mouse Moved,187.0,388.0,User24,,
1490038413059,Mouse Moved,38.0,405.0,User24,,
1490038413073,Mouse Moved,6.0,414.0,User24,,
1490038413355,Mouse Moved,5.0,414.0,User24,,
1490038413433,Mouse Moved,3.0,415.0,User24,,
1490038413448,Mouse Moved,10.0,406.0,User24,,
1490038413463,Mouse Moved,19.0,396.0,User24,,
1490038420951,Mouse Moved,21.0,393.0,User24,,
1490038420967,Mouse Moved,25.0,387.0,User24,,
1490038420983,Mouse Moved,42.0,370.0,User24,,
1490038421015,Mouse Moved,73.0,346.0,User24,,
1490038421029,Mouse Moved,109.0,319.0,User24,,
1490038421046,Mouse Moved,150.0,296.0,User24,,
1490038421062,Mouse Button.left Released,164.0,293.0,User24,,
1490038439641,Mouse Moved,164.0,294.0,User24,,
1490038439657,Mouse Moved,165.0,295.0,User24,,
1490038439671,Mouse Moved,184.0,315.0,User24,,
1490038439703,Mouse Moved,266.0,447.0,User24,,
1490038439905,Mouse Moved,276.0,491.0,User24,,
1490038439953,Mouse Moved,275.0,497.0,User24,,
1490038440000,Mouse Moved,273.0,505.0,User24,,
1490038440016,Mouse Moved,238.0,593.0,User24,,
1490038440030,Mouse Moved,230.0,604.0,User24,,
1490038440046,Mouse Moved,225.0,610.0,User24,,
1490038440062,Mouse Moved,218.0,618.0,User24,,
1490038440078,Mouse Moved,211.0,624.0,User24,,
1490038440094,Mouse Moved,206.0,628.0,User24,,
1490038440296,Mouse Moved,204.0,629.0,User24,,
1490038440312,Mouse Moved,201.0,630.0,User24,,
1490038440328,Mouse Moved,198.0,632.0,User24,,
1490038440342,Mouse Moved,196.0,633.0,User24,,
1490038440358,Mouse Moved,188.0,637.0,User24,,
1490038440374,Mouse Moved,180.0,640.0,User24,,
1490038440390,Mouse Moved,176.0,642.0,User24,,
1490038462276,Mouse Moved,327.0,602.0,User24,,
1490038462292,Mouse Moved,327.0,600.0,User24,,
1490038462308,Mouse Moved,357.0,507.0,User24,,
1490038462323,Mouse Moved,406.0,384.0,User24,,
1490038462447,Mouse Moved,411.0,376.0,User24,,
1490038462494,Mouse Moved,412.0,376.0,User24,,
1490038462526,Mouse Moved,414.0,375.0,User24,,
1490038462776,Mouse Moved,413.0,374.0,User24,,
1490038462792,Mouse Moved,412.0,375.0,User24,,
1490038462806,Mouse Moved,411.0,375.0,User24,,
1490038462838,Mouse Moved,410.0,375.0,User24,,
1490038462854,Mouse Moved,408.0,375.0,User24,,
1490038462884,Mouse Moved,405.0,375.0,User24,,
1490038462901,Mouse Moved,403.0,375.0,User24,,
1490038462915,Mouse Moved,401.0,375.0,User24,,
1490038462931,Mouse Moved,400.0,375.0,User24,,
1490038462947,Mouse Moved,399.0,375.0,User24,,
1490038463118,Mouse Moved,398.0,375.0,User24,,
1490038463150,Mouse Moved,396.0,375.0,User24,,
1490038463165,Mouse Moved,395.0,375.0,User24,,
1490038463259,Mouse Moved,394.0,375.0,User24,,
1490038463586,Mouse Moved,393.0,375.0,User24,,
1490038478437,Mouse Moved,394.0,375.0,User24,1280.0,644.0
1490038478453,Mouse Moved,407.0,374.0,User24,,
1490038502493,Mouse Moved,530.0,397.0,User24,,
1490038502509,Mouse Moved,566.0,305.0,User24,,
1490038502525,Mouse Moved,620.0,155.0,User24,,
1490038502555,Mouse Moved,571.0,148.0,User24,,
1490038502572,Mouse Moved,555.0,146.0,User24,,
1490038502586,Mouse Moved,521.0,151.0,User24,,
1490038502602,Mouse Moved,462.0,178.0,User24,,
1490038502618,Mouse Moved,438.0,195.0,User24,,
1490038502634,Mouse Moved,447.0,203.0,User24,,
1490038502650,Mouse Moved,517.0,167.0,User24,,
1490038502664,Mouse Moved,576.0,127.0,User24,,
1490038502680,Mouse Moved,570.0,120.0,User24,,
1490038502696,Mouse Moved,525.0,125.0,User24,,
1490038502711,Mouse Moved,517.0,125.0,User24,,
1490038502727,Mouse Moved,513.0,126.0,User24,,
1490038502743,Mouse Moved,510.0,126.0,User24,,
1490038502759,Mouse Moved,506.0,126.0,User24,,
1490038502773,Mouse Moved,502.0,127.0,User24,,
1490038502789,Mouse Moved,495.0,128.0,User24,,
1490038502805,Mouse Moved,494.0,129.0,User24,,
1490038502821,Mouse Moved,491.0,129.0,User24,,
1490038502836,Mouse Moved,489.0,129.0,User24,,
1490038502851,Mouse Moved,488.0,129.0,User24,,
1490038502868,Mouse Moved,487.0,129.0,User24,,
1490038502930,Mouse Moved,487.0,128.0,User24,,
1490038502946,Mouse Moved,487.0,127.0,User24,,
1490038502961,Mouse Moved,487.0,126.0,User24,,
1490038502976,Mouse Moved,491.0,121.0,User24,,
1490038502993,Mouse Moved,493.0,118.0,User24,,
1490038503007,Mouse Moved,496.0,114.0,User24,,
1490038503023,Mouse Moved,498.0,111.0,User24,,
1490038503039,Mouse Moved,502.0,106.0,User24,,
1490038503055,Mouse Moved,506.0,102.0,User24,,
1490038503071,Mouse Moved,514.0,93.0,User24,,
1490038503085,Mouse Moved,517.0,89.0,User24,,
1490038503101,Mouse Moved,521.0,86.0,User24,,
1490038503118,Mouse Moved,525.0,82.0,User24,,
1490038503132,Mouse Moved,529.0,78.0,User24,,
1490038503148,Mouse Moved,533.0,74.0,User24,,
1490038503164,Mouse Moved,540.0,67.0,User24,,
1490038503180,Mouse Moved,544.0,64.0,User24,,
1490038503210,Mouse Moved,548.0,60.0,User24,,
1490038503226,Mouse Moved,556.0,54.0,User24,,
1490038503242,Mouse Moved,557.0,53.0,User24,,
1490038503289,Mouse Moved,559.0,52.0,User24,,
1490038503305,Mouse Moved,564.0,50.0,User24,,
1490038503319,Mouse Moved,566.0,49.0,User24,,
1490038503335,Mouse Moved,567.0,48.0,User24,,
1490038503382,Mouse Moved,568.0,48.0,User24,,
1490038503398,Mouse Moved,569.0,47.0,User24,,
1490038503414,Mouse Moved,570.0,47.0,User24,,
1490038503430,Mouse Moved,570.0,45.0,User24,,
1490038503444,Mouse Moved,571.0,45.0,User24,,
1490038503492,Mouse Moved,571.0,44.0,User24,,
1490038503585,Mouse Moved,572.0,44.0,User24,,
1490038503601,Mouse Moved,571.0,44.0,User24,,
1490038503990,Mouse Moved,571.0,44.0,User24,,
1490038504365,Mouse Moved,572.0,44.0,User24,,
1490038504381,Mouse Moved,572.0,46.0,User24,,
1490038504411,Mouse Moved,573.0,48.0,User24,,
1490038504427,Mouse Moved,573.0,50.0,User24,,
1490038504444,Mouse Moved,574.0,52.0,User24,,
1490038504459,Mouse Moved,575.0,56.0,User24,,
1490038504474,Mouse Moved,576.0,58.0,User24,,
1490038504490,Mouse Moved,576.0,60.0,User24,,
1490038504506,Mouse Moved,577.0,62.0,User24,,
1490038504522,Mouse Moved,578.0,64.0,User24,,
1490038504536,Mouse Moved,579.0,68.0,User24,,
1490038504552,Mouse Moved,579.0,70.0,User24,,
1490038504568,Mouse Moved,580.0,72.0,User24,,
1490038504584,Mouse Moved,581.0,74.0,User24,,
1490038504599,Mouse Moved,582.0,79.0,User24,,
1490038504615,Mouse Moved,584.0,82.0,User24,,
1490038504631,Mouse Moved,584.0,84.0,User24,,
1490038504645,Mouse Moved,585.0,87.0,User24,,
1490038504661,Mouse Moved,586.0,90.0,User24,,
1490038504677,Mouse Moved,587.0,92.0,User24,,
1490038504693,Mouse Moved,588.0,93.0,User24,,
1490038504709,Mouse Moved,588.0,94.0,User24,,
1490038504723,Mouse Moved,589.0,96.0,User24,,
1490038504740,Mouse Moved,590.0,100.0,User24,,
1490038504756,Mouse Moved,591.0,102.0,User24,,
1490038504770,Mouse Moved,592.0,104.0,User24,,
1490038504786,Mouse Moved,593.0,106.0,User24,,
1490038504802,Mouse Moved,595.0,108.0,User24,,
1490038504818,Mouse Moved,597.0,113.0,User24,,
1490038504834,Mouse Moved,600.0,116.0,User24,,
1490038504848,Mouse Moved,602.0,121.0,User24,,
1490038504865,Mouse Moved,604.0,125.0,User24,,
1490038504895,Mouse Moved,609.0,136.0,User24,,
1490038504911,Mouse Moved,615.0,147.0,User24,,
1490038504927,Mouse Moved,619.0,153.0,User24,,
1490038504943,Mouse Moved,623.0,162.0,User24,,
1490038504957,Mouse Moved,628.0,172.0,User24,,
1490038504973,Mouse Moved,638.0,190.0,User24,,
1490038504990,Mouse Moved,640.0,197.0,User24,,
1490038505005,Mouse Moved,643.0,204.0,User24,,
1490038505020,Mouse Moved,646.0,214.0,User24,,
1490038505332,Mouse Moved,649.0,216.0,User24,,
1490038505348,Mouse Moved,657.0,220.0,User24,,
1490038505364,Mouse Moved,662.0,223.0,User24,,
1490038505380,Mouse Moved,666.0,224.0,User24,,
1490038505394,Mouse Moved,672.0,227.0,User24,,
1490038505411,Mouse Moved,683.0,231.0,User24,,
1490038505426,Mouse Moved,687.0,233.0,User24,,
1490038505441,Mouse Moved,691.0,235.0,User24,,
1490038505473,Mouse Moved,699.0,238.0,User24,,
1490038505489,Mouse Moved,708.0,242.0,User24,,
1490038510496,Mouse Moved,712.0,245.0,User24,,
1490038510512,Mouse Moved,726.0,257.0,User24,,
1490038510528,Mouse Moved,740.0,274.0,User24,,
1490038510542,Mouse Moved,742.0,277.0,User24,,
1490038510559,Mouse Moved,743.0,283.0,User24,,
1490038510573,Mouse Moved,744.0,289.0,User24,,
1490038510589,Mouse Moved,744.0,296.0,User24,,
1490038510605,Mouse Moved,745.0,300.0,User24,,
1490038510621,Mouse Moved,746.0,309.0,User24,,
1490038510637,Mouse Moved,746.0,314.0,User24,,
1490038510651,Mouse Moved,746.0,317.0,User24,,
1490038510667,Mouse Moved,746.0,314.0,User24,,
1490038510684,Mouse Moved,743.0,310.0,User24,,
1490038510698,Mouse Moved,741.0,304.0,User24,,
1490038510714,Mouse Moved,741.0,296.0,User24,,
1490038510948,Mouse Moved,741.0,294.0,User24,,
1490038510963,Mouse Moved,740.0,289.0,User24,,
1490038510980,Mouse Moved,740.0,281.0,User24,,
1490038510996,Mouse Moved,740.0,271.0,User24,,
1490038511010,Mouse Moved,741.0,259.0,User24,,
1490038511026,Mouse Moved,742.0,251.0,User24,,
1490038511042,Mouse Moved,746.0,243.0,User24,,
1490038511058,Mouse Moved,753.0,234.0,User24,,
1490038511073,Mouse Moved,761.0,223.0,User24,,
1490038511088,Mouse Moved,764.0,217.0,User24,,
1490038511105,Mouse Moved,767.0,213.0,User24,,
1490038511119,Mouse Moved,770.0,206.0,User24,,
1490038511135,Mouse Moved,771.0,204.0,User24,,
1490038511401,Mouse Moved,771.0,204.0,User24,,
1490038513414,Mouse Moved,769.0,205.0,User24,,
1490038513428,Mouse Moved,766.0,207.0,User24,,
1490038513444,Mouse Moved,765.0,208.0,User24,,
1490038513460,Mouse Moved,763.0,209.0,User24,,
1490038513476,Mouse Moved,760.0,210.0,User24,,
1490038513492,Mouse Moved,758.0,212.0,User24,,
1490038518499,Mouse Moved,754.0,214.0,User24,,
1490038518515,Mouse Moved,728.0,223.0,User24,,
1490038518529,Mouse Moved,666.0,244.0,User24,,
1490038518811,Mouse Moved,523.0,330.0,User24,,
1490038518826,Mouse Moved,445.0,390.0,User24,,
1490038518842,Mouse Moved,272.0,561.0,User24,,
1490038518983,Mouse Moved,261.0,596.0,User24,,
1490038518997,Mouse Moved,261.0,599.0,User24,,
1490038519013,Mouse Moved,264.0,594.0,User24,,
1490038519029,Mouse Moved,263.0,592.0,User24,,
1490038519045,Mouse Moved,264.0,591.0,User24,,
1490038519061,Mouse Moved,265.0,587.0,User24,,
1490038519075,Mouse Moved,270.0,582.0,User24,,
1490038520651,Mouse Moved,275.0,581.0,User24,,
1490038520667,Mouse Moved,323.0,544.0,User24,,
1490038520698,Mouse Moved,331.0,538.0,User24,,
1490038520713,Mouse Moved,352.0,523.0,User24,,
1490038520808,Mouse Moved,366.0,512.0,User24,,
1490038520823,Mouse Moved,387.0,488.0,User24,,
1490038520947,Mouse Moved,388.0,486.0,User24,,
1490038520963,Mouse Moved,392.0,478.0,User24,,
1490038520980,Mouse Moved,393.0,475.0,User24,,
1490038520994,Mouse Moved,394.0,473.0,User24,,
1490038521010,Mouse Moved,394.0,472.0,User24,,
1490038521026,Mouse Moved,393.0,471.0,User24,,
1490038521042,Mouse Moved,394.0,470.0,User24,,
1490038521167,Mouse Moved,394.0,469.0,User24,,
1490038521181,Mouse Moved,404.0,452.0,User24,,
1490038521306,Mouse Moved,406.0,451.0,User24,,
1490038527312,Mouse Moved,408.0,451.0,User24,,
1490038527328,Mouse Moved,408.0,452.0,User24,,
1490038527344,Mouse Moved,408.0,453.0,User24,,
1490038527359,Mouse Moved,409.0,456.0,User24,,
1490038527375,Mouse Moved,409.0,458.0,User24,,
1490038527391,Mouse Moved,409.0,459.0,User24,,
1490038527407,Mouse Moved,410.0,462.0,User24,,
1490038527421,Mouse Moved,409.0,465.0,User24,,
1490038527437,Mouse Moved,410.0,466.0,User24,,
1490038527453,Mouse Moved,410.0,470.0,User24,,
1490038527469,Mouse Moved,410.0,472.0,User24,,
1490038527484,Mouse Moved,409.0,474.0,User24,,
1490038527500,Mouse Moved,410.0,475.0,User24,,
1490038527516,Mouse Moved,410.0,477.0,User24,,
1490038527532,Mouse Moved,409.0,479.0,User24,,
1490038527546,Mouse Moved,410.0,481.0,User24,,
1490038527562,Mouse Moved,410.0,482.0,User24,,
1490038527578,Mouse Moved,410.0,484.0,User24,,
1490038527594,Mouse Moved,410.0,485.0,User24,,
1490038527609,Mouse Moved,410.0,487.0,User24,,
1490038527625,Mouse Moved,411.0,488.0,User24,,
1490038527641,Mouse Moved,411.0,493.0,User24,,
1490038527655,Mouse Moved,411.0,494.0,User24,,
1490038527671,Mouse Moved,411.0,495.0,User24,,
1490038527687,Mouse Moved,411.0,496.0,User24,,
1490038527703,Mouse Moved,411.0,498.0,User24,,
1490038527719,Mouse Moved,412.0,499.0,User24,,
1490038527733,Mouse Moved,411.0,501.0,User24,,
1490038527750,Mouse Moved,411.0,502.0,User24,,
1490038528982,Mouse Moved,411.0,501.0,User24,,
1490038528997,Mouse Moved,410.0,500.0,User24,,
1490038529013,Mouse Moved,409.0,498.0,User24,,
1490038529029,Mouse Moved,407.0,495.0,User24,,
1490038529045,Mouse Moved,406.0,493.0,User24,,
1490038529059,Mouse Moved,402.0,488.0,User24,,
1490038529075,Mouse Moved,401.0,487.0,User24,,
1490038529092,Mouse Moved,400.0,485.0,User24,,
1490038529107,Mouse Moved,397.0,482.0,User24,,
1490038529122,Mouse Moved,396.0,481.0,User24,,
1490038529138,Mouse Moved,393.0,479.0,User24,,
1490038529154,Mouse Moved,390.0,475.0,User24,,
1490038529170,Mouse Moved,389.0,474.0,User24,,
1490038529184,Mouse Moved,387.0,473.0,User24,,
1490038529200,Mouse Moved,386.0,471.0,User24,,
1490038529216,Mouse Moved,384.0,470.0,User24,,
1490038529232,Mouse Moved,383.0,469.0,User24,,
1490038529247,Mouse Moved,382.0,468.0,User24,,
1490038529263,Mouse Moved,381.0,466.0,User24,,
1490038529293,Mouse Moved,380.0,466.0,User24,,
1490038529404,Mouse Moved,380.0,465.0,User24,,
1490038529418,Mouse Moved,378.0,464.0,User24,,
1490038529434,Mouse Moved,378.0,462.0,User24,,
1490038529450,Mouse Moved,377.0,461.0,User24,,
1490038529466,Mouse Moved,376.0,460.0,User24,,
1490038529496,Mouse Moved,375.0,460.0,User24,,
1490038529513,Mouse Moved,374.0,458.0,User24,,
1490038529543,Mouse Moved,373.0,458.0,User24,,
1490038529559,Mouse Moved,371.0,456.0,User24,,
1490038529605,Mouse Moved,370.0,455.0,User24,,
1490038534598,Mouse Moved,370.0,454.0,User24,,
1490038534614,Mouse Moved,368.0,453.0,User24,,
1490038534661,Mouse Moved,366.0,451.0,User24,,
1490038542664,Mouse Moved,363.0,453.0,User24,,
1490038542678,Mouse Moved,351.0,470.0,User24,,
1490038542694,Mouse Moved,345.0,498.0,User24,,
1490038542710,Mouse Moved,367.0,502.0,User24,,
1490038542726,Mouse Moved,401.0,480.0,User24,,
1490038542742,Mouse Moved,396.0,491.0,User24,,
1490038542756,Mouse Moved,395.0,485.0,User24,,
1490038542773,Mouse Moved,369.0,474.0,User24,,
1490038542788,Mouse Moved,368.0,474.0,User24,,
1490038542819,Mouse Moved,364.0,472.0,User24,,
1490038542835,Mouse Moved,363.0,471.0,User24,,
1490038542851,Mouse Moved,362.0,470.0,User24,,
1490038542865,Mouse Moved,361.0,470.0,User24,,
1490038542881,Mouse Moved,360.0,470.0,User24,,
1490038542898,Mouse Moved,359.0,469.0,User24,,
1490038542913,Mouse Moved,357.0,468.0,User24,,
1490038542928,Mouse Moved,355.0,468.0,User24,,
1490038542944,Mouse Moved,354.0,467.0,User24,,
1490038542976,Mouse Moved,351.0,467.0,User24,,
1490038542990,Mouse Moved,349.0,466.0,User24,,
1490038543006,Mouse Moved,346.0,466.0,User24,,
1490038543022,Mouse Moved,345.0,465.0,User24,,
1490038543038,Mouse Moved,344.0,465.0,User24,,
1490038543053,Mouse Moved,342.0,464.0,User24,,
1490038543069,Mouse Moved,340.0,463.0,User24,,
1490038543085,Mouse Moved,338.0,463.0,User24,,
1490038543099,Mouse Moved,337.0,462.0,User24,,
1490038543115,Mouse Moved,336.0,461.0,User24,,
1490038543131,Mouse Moved,334.0,460.0,User24,,
1490038543147,Mouse Moved,333.0,460.0,User24,,
1490038543163,Mouse Moved,331.0,458.0,User24,,
1490038543177,Mouse Moved,327.0,456.0,User24,,
1490038543194,Mouse Moved,325.0,454.0,User24,,
1490038543210,Mouse Moved,322.0,452.0,User24,,
1490038543224,Mouse Moved,319.0,450.0,User24,,
1490038543240,Mouse Moved,315.0,448.0,User24,,
1490038543256,Mouse Moved,312.0,446.0,User24,,
1490038543272,Mouse Moved,309.0,444.0,User24,,
1490038543288,Mouse Moved,305.0,441.0,User24,,
1490038543302,Mouse Moved,301.0,439.0,User24,,
1490038543319,Mouse Moved,298.0,437.0,User24,,
1490038543334,Mouse Moved,292.0,432.0,User24,,
1490038543349,Mouse Moved,290.0,430.0,User24,,
1490038543365,Mouse Moved,287.0,428.0,User24,,
1490038543381,Mouse Moved,283.0,424.0,User24,,
1490038543397,Mouse Moved,281.0,423.0,User24,,
1490038543411,Mouse Moved,277.0,420.0,User24,,
1490038543427,Mouse Moved,276.0,419.0,User24,,
1490038543444,Mouse Moved,275.0,418.0,User24,,
1490038543459,Mouse Moved,273.0,417.0,User24,,
1490038543474,Mouse Moved,272.0,416.0,User24,,
1490038543490,Mouse Moved,271.0,414.0,User24,,
1490038543506,Mouse Moved,269.0,412.0,User24,,
1490038543522,Mouse Moved,268.0,411.0,User24,,
1490038543552,Mouse Moved,267.0,410.0,User24,,
1490038543677,Mouse Moved,266.0,410.0,User24,,
1490038545096,Mouse Moved,266.0,409.0,User24,,
1490038552303,Mouse Moved,265.0,409.0,User24,,
1490038552335,Mouse Moved,263.0,408.0,User24,,
1490038552351,Mouse Moved,261.0,408.0,User24,,
1490038552367,Mouse Moved,252.0,403.0,User24,,
1490038552381,Mouse Moved,247.0,399.0,User24,,
1490038552398,Mouse Moved,240.0,392.0,User24,,
1490038552414,Mouse Moved,224.0,373.0,User24,,
1490038552428,Mouse Moved,215.0,361.0,User24,,
1490038552444,Mouse Moved,209.0,351.0,User24,,
1490038552460,Mouse Moved,199.0,333.0,User24,,
1490038552476,Mouse Moved,194.0,325.0,User24,,
1490038552492,Mouse Moved,190.0,319.0,User24,,
1490038552506,Mouse Moved,187.0,312.0,User24,,
1490038552523,Mouse Moved,184.0,307.0,User24,,
1490038552538,Mouse Moved,180.0,298.0,User24,,
1490038552835,Mouse Moved,180.0,297.0,User24,,
1490038552849,Mouse Moved,175.0,294.0,User24,,
1490038552865,Mouse Moved,171.0,291.0,User24,,
1490038552881,Mouse Moved,167.0,288.0,User24,,
1490038552897,Mouse Moved,163.0,284.0,User24,,
1490038552913,Mouse Moved,159.0,281.0,User24,,
1490038552927,Mouse Moved,155.0,278.0,User24,,
1490038552944,Mouse Moved,143.0,267.0,User24,,
1490038552960,Mouse Moved,137.0,261.0,User24,,
1490038552974,Mouse Moved,132.0,255.0,User24,,
1490038552990,Mouse Moved,127.0,250.0,User24,,
1490038553006,Mouse Moved,123.0,245.0,User24,,
1490038553022,Mouse Moved,118.0,239.0,User24,,
1490038553038,Mouse Moved,109.0,228.0,User24,,
1490038553052,Mouse Moved,105.0,223.0,User24,,
1490038553069,Mouse Moved,103.0,221.0,User24,,
1490038553084,Mouse Moved,101.0,218.0,User24,,
1490038553099,Mouse Moved,100.0,217.0,User24,,
1490038553115,Mouse Moved,99.0,216.0,User24,,
1490038553381,Mouse Moved,97.0,215.0,User24,,
1490038553395,Mouse Moved,96.0,215.0,User24,,
1490038553411,Mouse Moved,94.0,213.0,User24,,
1490038553427,Mouse Moved,88.0,210.0,User24,,
1490038553443,Mouse Moved,85.0,208.0,User24,,
1490038553459,Mouse Moved,83.0,207.0,User24,,
1490038553473,Mouse Moved,81.0,206.0,User24,,
1490038553490,Mouse Moved,78.0,205.0,User24,,
1490038553506,Mouse Moved,76.0,204.0,User24,,
1490038553520,Mouse Moved,74.0,202.0,User24,,
1490038553536,Mouse Moved,73.0,201.0,User24,,
1490038553552,Mouse Moved,72.0,200.0,User24,,
1490038553584,Mouse Moved,72.0,199.0,User24,,
1490038553598,Mouse Moved,71.0,198.0,User24,,
1490038553630,Mouse Moved,70.0,197.0,User24,,
1490038553645,Mouse Moved,70.0,196.0,User24,,
1490038553661,Mouse Moved,70.0,195.0,User24,,
1490038553693,Mouse Moved,70.0,194.0,User24,,
1490038553707,Mouse Moved,70.0,193.0,User24,,
1490038553740,Mouse Moved,70.0,192.0,User24,,
1490038558746,Mouse Moved,70.0,191.0,User24,,
1490038558778,Mouse Moved,72.0,185.0,User24,,
1490038558793,Mouse Moved,92.0,216.0,User24,,
1490038558809,Mouse Moved,163.0,367.0,User24,,
1490038558825,Mouse Moved,179.0,381.0,User24,,
1490038558841,Mouse Moved,186.0,387.0,User24,,
1490038558855,Mouse Moved,197.0,398.0,User24,,
1490038558871,Mouse Moved,225.0,429.0,User24,,
1490038558888,Mouse Moved,241.0,447.0,User24,,
1490038558903,Mouse Moved,252.0,460.0,User24,,
1490038558918,Mouse Moved,261.0,473.0,User24,,
1490038558934,Mouse Moved,271.0,486.0,User24,,
1490038558950,Mouse Moved,279.0,498.0,User24,,
1490038558966,Mouse Moved,292.0,516.0,User24,,
1490038558980,Mouse Moved,295.0,523.0,User24,,
1490038559012,Mouse Moved,295.0,522.0,User24,,
1490038559278,Mouse Moved,295.0,524.0,User24,,
1490038559292,Mouse Moved,296.0,525.0,User24,,
1490038559309,Mouse Moved,297.0,528.0,User24,,
1490038559323,Mouse Moved,297.0,530.0,User24,,
1490038559339,Mouse Moved,298.0,533.0,User24,,
1490038559355,Mouse Moved,300.0,539.0,User24,,
1490038559371,Mouse Moved,301.0,543.0,User24,,
1490038559387,Mouse Moved,302.0,546.0,User24,,
1490038559401,Mouse Moved,303.0,549.0,User24,,
1490038559417,Mouse Moved,304.0,553.0,User24,,
1490038559434,Mouse Moved,306.0,557.0,User24,,
1490038559448,Mouse Moved,313.0,569.0,User24,,
1490038559464,Mouse Moved,317.0,576.0,User24,,
1490038559480,Mouse Moved,321.0,582.0,User24,,
1490038559496,Mouse Moved,325.0,589.0,User24,,
1490038559512,Mouse Moved,329.0,596.0,User24,,
1490038559526,Mouse Moved,332.0,602.0,User24,,
1490038559542,Mouse Moved,336.0,608.0,User24,,
1490038559558,Mouse Moved,337.0,612.0,User24,,
1490038559573,Mouse Moved,338.0,615.0,User24,,
1490038559589,Mouse Moved,339.0,618.0,User24,,
1490038560135,Mouse Moved,339.0,619.0,User24,,
1490038560151,Mouse Moved,340.0,621.0,User24,,
1490038560167,Mouse Moved,340.0,623.0,User24,,
1490038560197,Mouse Moved,340.0,624.0,User24,,
1490038560213,Mouse Moved,341.0,625.0,User24,,
1490038560244,Mouse Moved,341.0,626.0,User24,,
1490038560259,Mouse Moved,341.0,627.0,User24,,
1490038560276,Mouse Moved,341.0,628.0,User24,,
1490038560292,Mouse Moved,341.0,629.0,User24,,
1490038560306,Mouse Moved,341.0,628.0,User24,,
1490038560322,Mouse Moved,340.0,629.0,User24,,
1490038560822,Mouse Moved,340.0,630.0,User24,,
1490038560838,Mouse Moved,339.0,630.0,User24,,
1490038560852,Mouse Moved,338.0,631.0,User24,,
1490038560868,Mouse Moved,337.0,633.0,User24,,
1490038560900,Mouse Moved,335.0,634.0,User24,,
1490038560915,Mouse Moved,332.0,636.0,User24,,
1490038560930,Mouse Moved,331.0,637.0,User24,,
1490038560947,Mouse Moved,326.0,640.0,User24,,
1490038560961,Mouse Moved,324.0,642.0,User24,,
1490125131657,Mouse Moved,797.0,364.0,User24,800.0,578.0
1490125131688,Mouse Moved,736.0,363.0,User24,,
1490125131703,Mouse Moved,693.0,361.0,User24,,
1490125131720,Mouse Moved,660.0,360.0,User24,,
1490125131750,Mouse Moved,609.0,361.0,User24,,
1490125131766,Mouse Moved,595.0,361.0,User24,,
1490125131782,Mouse Moved,583.0,362.0,User24,,
1490125131798,Mouse Moved,571.0,365.0,User24,,
1490125132046,Mouse Moved,564.0,362.0,User24,,
1490125132062,Mouse Moved,555.0,357.0,User24,,
1490125132078,Mouse Moved,542.0,351.0,User24,,
1490125132094,Mouse Moved,527.0,342.0,User24,,
1490125132109,Mouse Moved,512.0,334.0,User24,,
1490125132125,Mouse Moved,498.0,327.0,User24,,
1490125132141,Mouse Moved,472.0,312.0,User24,,
1490125132157,Mouse Moved,463.0,306.0,User24,,
1490125132171,Mouse Moved,455.0,301.0,User24,,
1490125132187,Mouse Moved,452.0,297.0,User24,,
1490125132203,Mouse Moved,450.0,294.0,User24,,
1490125132780,Mouse Moved,458.0,284.0,User24,,
1490125132796,Mouse Moved,471.0,270.0,User24,,
1490125132812,Mouse Moved,497.0,247.0,User24,,
1490125132826,Mouse Moved,526.0,223.0,User24,,
1490125132842,Mouse Moved,555.0,199.0,User24,,
1490125132858,Mouse Moved,598.0,167.0,User24,,
1490125132874,Mouse Moved,608.0,160.0,User24,,
1490125132890,Mouse Moved,620.0,154.0,User24,,
1490125132904,Mouse Moved,619.0,154.0,User24,,
1490125133092,Mouse Moved,621.0,153.0,User24,,
1490125133108,Mouse Moved,628.0,147.0,User24,,
1490125133124,Mouse Moved,633.0,142.0,User24,,
1490125133138,Mouse Moved,638.0,136.0,User24,,
1490125133154,Mouse Moved,644.0,130.0,User24,,
1490125133171,Mouse Moved,650.0,123.0,User24,,
1490125133186,Mouse Moved,656.0,116.0,User24,,
1490125133201,Mouse Moved,668.0,100.0,User24,,
1490125133217,Mouse Moved,673.0,92.0,User24,,
1490125133233,Mouse Moved,677.0,85.0,User24,,
1490125133249,Mouse Moved,680.0,79.0,User24,,
1490125133263,Mouse Moved,682.0,72.0,User24,,
1490125133279,Mouse Moved,685.0,65.0,User24,,
1490125133295,Mouse Moved,689.0,52.0,User24,,
1490125133311,Mouse Moved,689.0,49.0,User24,,
1490125133497,Mouse Moved,690.0,48.0,User24,,
1490125133513,Mouse Moved,691.0,46.0,User24,,
1490125133529,Mouse Moved,692.0,43.0,User24,,
1490125133545,Mouse Moved,694.0,40.0,User24,,
1490125133561,Mouse Moved,697.0,34.0,User24,,
1490125133575,Mouse Moved,698.0,31.0,User24,,
1490125133592,Mouse Moved,700.0,27.0,User24,,
1490125133607,Mouse Moved,700.0,25.0,User24,,
1490125133622,Mouse Moved,700.0,23.0,User24,,
1490125133638,Mouse Moved,701.0,21.0,User24,,
1490125133654,Mouse Moved,702.0,17.0,User24,,
1490125133670,Mouse Moved,701.0,15.0,User24,,
1490125133684,Mouse Moved,702.0,14.0,User24,,
1490125133700,Mouse Moved,701.0,12.0,User24,,
1490125133732,Mouse Moved,702.0,12.0,User24,,
1490125133747,Mouse Moved,701.0,10.0,User24,,
1490125133779,Mouse Moved,700.0,9.0,User24,,
1490125133795,Mouse Moved,700.0,7.0,User24,,
1490125133809,Mouse Moved,700.0,5.0,User24,,
1490125133825,Mouse Moved,702.0,0.0,User24,,
1490125135026,Mouse Moved,554.0,8.0,User24,,
1490125135058,Mouse Moved,482.0,42.0,User24,,
1490125135073,Mouse Moved,432.0,75.0,User24,,
1490125135151,Mouse Moved,660.0,101.0,User24,1280.0,644.0
1490125135260,Mouse Moved,952.0,162.0,User24,,
1490125135369,Mouse Moved,595.0,146.0,User24,,
1490125135385,Mouse Moved,595.0,147.0,User24,,
1490125135417,Mouse Moved,589.0,155.0,User24,,
1490125135433,Mouse Moved,578.0,164.0,User24,,
1490125135447,Mouse Moved,917.0,187.0,User24,,
1490125135463,Mouse Moved,560.0,181.0,User24,,
1490125135479,Mouse Moved,554.0,188.0,User24,,
1490125135494,Mouse Moved,879.0,218.0,User24,,
1490125135510,Mouse Moved,541.0,208.0,User24,,
1490125135526,Mouse Moved,866.0,232.0,User24,,
1490125135542,Mouse Moved,533.0,226.0,User24,,
1490125135556,Mouse Moved,530.0,234.0,User24,,
1490125135572,Mouse Moved,528.0,242.0,User24,,
1490125135588,Mouse Moved,845.0,270.0,User24,,
1490125135604,Mouse Moved,525.0,254.0,User24,,
1490125137428,Mouse Moved,568.0,262.0,User24,,
1490125137444,Mouse Moved,568.0,264.0,User24,,
1490125137460,Mouse Moved,568.0,267.0,User24,,
1490125137476,Mouse Moved,568.0,273.0,User24,,
1490125137492,Mouse Moved,568.0,275.0,User24,,
1490125137506,Mouse Moved,567.0,277.0,User24,,
1490125137523,Mouse Moved,567.0,278.0,User24,,
1490125137539,Mouse Moved,565.0,279.0,User24,,
1490125137553,Mouse Moved,562.0,281.0,User24,,
1490125137569,Mouse Moved,558.0,282.0,User24,,
1490125137585,Mouse Moved,551.0,283.0,User24,,
1490125137601,Mouse Moved,534.0,286.0,User24,,
1490125137617,Mouse Moved,521.0,288.0,User24,,
1490125137631,Mouse Moved,507.0,290.0,User24,,
1490125137648,Mouse Moved,495.0,292.0,User24,,
1490125137663,Mouse Moved,482.0,294.0,User24,,
1490125137678,Mouse Moved,466.0,298.0,User24,,
1490125137694,Mouse Moved,460.0,300.0,User24,,
1490125137710,Mouse Moved,455.0,301.0,User24,,
1490125137726,Mouse Moved,452.0,302.0,User24,,
1490125137944,Mouse Moved,450.0,303.0,User24,,
1490125137960,Mouse Moved,447.0,302.0,User24,,
1490125137974,Mouse Moved,440.0,301.0,User24,,
1490125137990,Mouse Moved,436.0,301.0,User24,,
1490125138006,Mouse Moved,432.0,300.0,User24,,
1490125138022,Mouse Moved,428.0,299.0,User24,,
1490125138038,Mouse Moved,419.0,297.0,User24,,
1490125138052,Mouse Moved,415.0,295.0,User24,,
1490125138069,Mouse Moved,412.0,294.0,User24,,
1490125138085,Mouse Moved,409.0,293.0,User24,,
1490125138099,Mouse Moved,406.0,292.0,User24,,
1490125138115,Mouse Moved,404.0,291.0,User24,,
1490125138147,Mouse Moved,399.0,289.0,User24,,
1490125138163,Mouse Moved,396.0,286.0,User24,,
1490125138177,Mouse Moved,396.0,285.0,User24,,
1490125138194,Mouse Moved,395.0,284.0,User24,,
1490125138209,Mouse Moved,395.0,283.0,User24,,
1490125138240,Mouse Moved,394.0,280.0,User24,,
1490125138256,Mouse Moved,393.0,277.0,User24,,
1490125138272,Mouse Moved,394.0,277.0,User24,,
1490125138286,Mouse Moved,393.0,276.0,User24,,
1490125138319,Mouse Moved,393.0,274.0,User24,,
1490125138631,Mouse Moved,393.0,274.0,User24,,
1490125138709,Mouse Button.left Pressed,393.0,274.0,User24,,
1490125139924,Mouse Moved,393.0,275.0,User24,,
1490125139940,Mouse Moved,395.0,276.0,User24,,
1490125139957,Mouse Moved,417.0,278.0,User24,,
1490125140019,Mouse Moved,430.0,279.0,User24,,
1490125140035,Mouse Moved,504.0,282.0,User24,,
1490125140049,Mouse Moved,546.0,288.0,User24,,
1490125140081,Mouse Moved,586.0,295.0,User24,,
1490125140096,Mouse Moved,612.0,301.0,User24,,
1490125140236,Mouse Moved,619.0,303.0,User24,,
1490125143357,Mouse Moved,636.0,303.0,User24,,
1490125143372,Mouse Moved,640.0,301.0,User24,,
1490125143388,Mouse Moved,645.0,299.0,User24,,
1490125143404,Mouse Moved,651.0,297.0,User24,,
1490125143420,Mouse Moved,655.0,295.0,User24,,
1490125143434,Mouse Moved,660.0,293.0,User24,,
1490125143450,Mouse Moved,669.0,289.0,User24,,
1490125143467,Mouse Moved,673.0,287.0,User24,,
1490125143482,Mouse Moved,677.0,285.0,User24,,
1490125143497,Mouse Moved,679.0,284.0,User24,,
1490125143513,Mouse Moved,681.0,282.0,User24,,
1490125143529,Mouse Moved,683.0,281.0,User24,,
1490125143545,Mouse Moved,685.0,279.0,User24,,
1490125143559,Mouse Moved,686.0,278.0,User24,,
1490125143575,Mouse Moved,687.0,277.0,User24,,
1490125143591,Mouse Moved,690.0,275.0,User24,,
1490125143622,Mouse Moved,692.0,272.0,User24,,
1490125143638,Mouse Moved,692.0,272.0,User24,,
1490125143684,Mouse Moved,693.0,271.0,User24,,
1490125143700,Mouse Moved,694.0,270.0,User24,,
1490125143716,Mouse Moved,695.0,269.0,User24,,
1490125143746,Mouse Moved,695.0,268.0,User24,,
1490125143793,Mouse Moved,695.0,267.0,User24,,
1490125143825,Mouse Moved,694.0,267.0,User24,,
1490125143841,Mouse Moved,694.0,266.0,User24,,
1490125143857,Mouse Moved,694.0,267.0,User24,,
1490125143871,Mouse Moved,693.0,266.0,User24,,
1490125143888,Mouse Moved,692.0,265.0,User24,,
1490125143903,Mouse Moved,691.0,265.0,User24,,
1490125143918,Mouse Moved,690.0,265.0,User24,,
1490125143934,Mouse Moved,689.0,265.0,User24,,
1490125143966,Mouse Moved,688.0,265.0,User24,,
1490125143980,Mouse Moved,687.0,264.0,User24,,
1490125144355,Mouse Moved,687.0,264.0,User24,,
1490125144823,Mouse Moved,686.0,265.0,User24,,
1490125144838,Mouse Moved,685.0,265.0,User24,,
1490125144917,Mouse Moved,684.0,265.0,User24,,
1490125144980,Mouse Moved,683.0,265.0,User24,,
1490125145509,Mouse Moved,683.0,265.0,User24,,
1490125146150,Mouse Moved,684.0,265.0,User24,,
1490125146164,Mouse Moved,687.0,265.0,User24,,
1490125146180,Mouse Moved,691.0,265.0,User24,,
1490125146197,Mouse Moved,695.0,264.0,User24,,
1490125146211,Mouse Moved,700.0,264.0,User24,,
1490125146227,Mouse Moved,710.0,263.0,User24,,
1490125146243,Mouse Moved,714.0,263.0,User24,,
1490125146259,Mouse Moved,719.0,263.0,User24,,
1490125146275,Mouse Moved,723.0,263.0,User24,,
1490125146289,Mouse Moved,726.0,263.0,User24,,
1490125146305,Mouse Moved,729.0,263.0,User24,,
1490125160282,Mouse Moved,721.0,264.0,User24,,
1490125160299,Mouse Moved,710.0,265.0,User24,,
1490125160315,Mouse Moved,681.0,264.0,User24,,
1490125160329,Mouse Moved,663.0,262.0,User24,,
1490125160345,Mouse Moved,642.0,261.0,User24,,
1490125160361,Mouse Moved,585.0,254.0,User24,,
1490125160377,Mouse Moved,561.0,251.0,User24,,
1490125160392,Mouse Moved,532.0,248.0,User24,,
1490125160407,Mouse Moved,525.0,248.0,User24,,
1490125160424,Mouse Moved,520.0,248.0,User24,,
1490125160438,Mouse Moved,517.0,247.0,User24,,
1490125160627,Mouse Moved,511.0,248.0,User24,,
1490125160641,Mouse Moved,504.0,250.0,User24,,
1490125160657,Mouse Moved,490.0,252.0,User24,,
1490125160673,Mouse Moved,473.0,253.0,User24,,
1490125160688,Mouse Moved,457.0,254.0,User24,,
1490125160704,Mouse Moved,432.0,253.0,User24,,
1490125160720,Mouse Moved,423.0,253.0,User24,,
1490125160736,Mouse Moved,414.0,251.0,User24,,
1490125160750,Mouse Moved,406.0,250.0,User24,,
1490125160766,Mouse Moved,400.0,248.0,User24,,
1490125160782,Mouse Moved,391.0,246.0,User24,,
1490125160813,Mouse Moved,387.0,245.0,User24,,
1490125160828,Mouse Moved,386.0,245.0,User24,,
1490125160845,Mouse Moved,385.0,245.0,User24,,
1490125161141,Mouse Moved,385.0,245.0,User24,,
1490125161953,Mouse Moved,387.0,245.0,User24,,
1490125161967,Mouse Moved,392.0,246.0,User24,,
1490125161983,Mouse Moved,396.0,247.0,User24,,
1490125161999,Mouse Moved,406.0,249.0,User24,,
1490125162015,Mouse Moved,412.0,250.0,User24,,
1490125162030,Mouse Moved,420.0,253.0,User24,,
1490125162046,Mouse Moved,435.0,257.0,User24,,
1490125162062,Mouse Moved,454.0,263.0,User24,,
1490125162076,Mouse Moved,506.0,279.0,User24,,
1490125162092,Mouse Moved,526.0,286.0,User24,,
1490125162108,Mouse Moved,545.0,292.0,User24,,
1490125162124,Mouse Moved,559.0,296.0,User24,,
1490125162140,Mouse Moved,572.0,301.0,User24,,
1490125162154,Mouse Moved,582.0,304.0,User24,,
1490125162171,Mouse Moved,586.0,306.0,User24,,
1490125164494,Mouse Moved,588.0,307.0,User24,,
1490125164510,Mouse Moved,587.0,307.0,User24,,
1490125164526,Mouse Moved,585.0,307.0,User24,,
1490125164558,Mouse Moved,583.0,307.0,User24,,
1490125164572,Mouse Moved,575.0,307.0,User24,,
1490125164588,Mouse Moved,570.0,307.0,User24,,
1490125164605,Mouse Moved,565.0,307.0,User24,,
1490125164619,Mouse Moved,559.0,307.0,User24,,
1490125164635,Mouse Moved,553.0,306.0,User24,,
1490125164651,Mouse Moved,542.0,307.0,User24,,
1490125164667,Mouse Moved,529.0,306.0,User24,,
1490125164683,Mouse Moved,524.0,305.0,User24,,
1490125164806,Mouse Moved,519.0,305.0,User24,,
1490125164822,Mouse Moved,517.0,305.0,User24,,
1490125168566,Mouse Moved,511.0,305.0,User24,,
1490125168582,Mouse Moved,509.0,305.0,User24,,
1490125168598,Mouse Moved,501.0,302.0,User24,,
1490125168614,Mouse Moved,490.0,298.0,User24,,
1490125168628,Mouse Moved,483.0,295.0,User24,,
1490125168644,Mouse Moved,473.0,291.0,User24,,
1490125168661,Mouse Moved,464.0,287.0,User24,,
1490125168676,Mouse Moved,445.0,277.0,User24,,
1490125168691,Mouse Moved,438.0,272.0,User24,,
1490125168707,Mouse Moved,430.0,268.0,User24,,
1490125168723,Mouse Moved,421.0,262.0,User24,,
1490125168739,Mouse Moved,414.0,256.0,User24,,
1490125168753,Mouse Moved,400.0,244.0,User24,,
1490125168769,Mouse Moved,395.0,239.0,User24,,
1490125168785,Mouse Moved,391.0,235.0,User24,,
1490125168801,Mouse Moved,388.0,231.0,User24,,
1490125168816,Mouse Moved,384.0,227.0,User24,,
1490125168832,Mouse Moved,381.0,223.0,User24,,
1490125168848,Mouse Moved,380.0,218.0,User24,,
1490125168862,Mouse Moved,376.0,212.0,User24,,
1490125168878,Mouse Moved,375.0,209.0,User24,,
1490125168894,Mouse Moved,374.0,207.0,User24,,
1490125168910,Mouse Moved,373.0,204.0,User24,,
1490125168926,Mouse Moved,373.0,202.0,User24,,
1490125168957,Mouse Moved,371.0,200.0,User24,,
1490125168973,Mouse Moved,371.0,198.0,User24,,
1490125169331,Mouse Moved,371.0,198.0,User24,,
1490125169877,Mouse Moved,371.0,196.0,User24,,
1490125169892,Mouse Moved,371.0,195.0,User24,,
1490125169908,Mouse Moved,371.0,190.0,User24,,
1490125169924,Mouse Moved,371.0,187.0,User24,,
1490125169940,Mouse Moved,372.0,185.0,User24,,
1490125169954,Mouse Moved,372.0,183.0,User24,,
1490125169970,Mouse Moved,372.0,181.0,User24,,
1490125169986,Mouse Moved,373.0,177.0,User24,,
1490125170002,Mouse Moved,374.0,175.0,User24,,
1490125170017,Mouse Moved,374.0,174.0,User24,,
1490125170032,Mouse Moved,375.0,173.0,User24,,
1490125170049,Mouse Moved,375.0,172.0,User24,,
1490125170065,Mouse Moved,376.0,171.0,User24,,
1490125170095,Mouse Moved,376.0,170.0,User24,,
1490125170111,Mouse Moved,376.0,169.0,User24,,
1490125170625,Mouse Moved,376.0,168.0,User24,,
1490125170641,Mouse Moved,377.0,167.0,User24,,
1490125170657,Mouse Moved,378.0,165.0,User24,,
1490125170673,Mouse Moved,379.0,162.0,User24,,
1490125170688,Mouse Moved,379.0,160.0,User24,,
1490125170703,Mouse Moved,380.0,159.0,User24,,
1490125170720,Mouse Moved,381.0,158.0,User24,,
1490125170734,Mouse Moved,382.0,157.0,User24,,
1490125170750,Mouse Moved,382.0,155.0,User24,,
1490125170766,Mouse Moved,383.0,155.0,User24,,
1490125170782,Mouse Moved,383.0,154.0,User24,,
1490125170798,Mouse Moved,384.0,154.0,User24,,
1490125170812,Mouse Moved,383.0,153.0,User24,,
1490125172966,Mouse Moved,384.0,154.0,User24,,
1490125172982,Mouse Moved,386.0,154.0,User24,,
1490125172996,Mouse Moved,388.0,156.0,User24,,
1490125173013,Mouse Moved,390.0,158.0,User24,,
1490125173029,Mouse Moved,393.0,160.0,User24,,
1490125173043,Mouse Moved,399.0,165.0,User24,,
1490125173059,Mouse Moved,403.0,169.0,User24,,
1490125173075,Mouse Moved,407.0,174.0,User24,,
1490125173091,Mouse Moved,412.0,180.0,User24,,
1490125173107,Mouse Moved,416.0,186.0,User24,,
1490125173121,Mouse Moved,419.0,192.0,User24,,
1490125173138,Mouse Moved,426.0,204.0,User24,,
1490125173153,Mouse Moved,429.0,210.0,User24,,
1490125173168,Mouse Moved,432.0,218.0,User24,,
1490125173184,Mouse Moved,436.0,226.0,User24,,
1490125173200,Mouse Moved,438.0,234.0,User24,,
1490125173216,Mouse Moved,440.0,241.0,User24,,
1490125173230,Mouse Moved,442.0,248.0,User24,,
1490125173246,Mouse Moved,446.0,262.0,User24,,
1490125173263,Mouse Moved,447.0,266.0,User24,,
1490125173278,Mouse Moved,447.0,269.0,User24,,
1490125173293,Mouse Moved,448.0,270.0,User24,,
1490125173309,Mouse Moved,449.0,273.0,User24,,
1490125173325,Mouse Moved,449.0,274.0,User24,,
1490125173355,Mouse Moved,449.0,275.0,User24,,
1490125173371,Mouse Moved,449.0,275.0,User24,,
1490125173403,Mouse Moved,449.0,276.0,User24,,
1490125174401,Mouse Moved,448.0,275.0,User24,,
1490125174417,Mouse Moved,447.0,275.0,User24,,
1490125174494,Mouse Moved,447.0,274.0,User24,,
1490125174510,Mouse Moved,444.0,271.0,User24,,
1490125174526,Mouse Moved,444.0,270.0,User24,,
1490125174542,Mouse Moved,444.0,269.0,User24,,
1490125174556,Mouse Moved,443.0,267.0,User24,,
1490125174572,Mouse Moved,442.0,264.0,User24,,
1490125174588,Mouse Moved,441.0,262.0,User24,,
1490125174604,Mouse Moved,440.0,261.0,User24,,
1490125174619,Mouse Moved,440.0,259.0,User24,,
1490125174634,Mouse Moved,438.0,248.0,User24,,
1490125174651,Mouse Moved,436.0,238.0,User24,,
1490125174667,Mouse Moved,434.0,225.0,User24,,
1490125174681,Mouse Moved,432.0,204.0,User24,,
1490125174697,Mouse Moved,431.0,195.0,User24,,
1490125174713,Mouse Moved,431.0,188.0,User24,,
1490125174729,Mouse Moved,430.0,171.0,User24,,
1490125174744,Mouse Moved,430.0,164.0,User24,,
1490125174759,Mouse Moved,430.0,159.0,User24,,
1490125174776,Mouse Moved,430.0,155.0,User24,,
1490125174790,Mouse Moved,430.0,152.0,User24,,
1490125174806,Mouse Moved,430.0,143.0,User24,,
1490125174822,Mouse Moved,430.0,141.0,User24,,
1490125174838,Mouse Moved,430.0,140.0,User24,,
1490125174854,Mouse Moved,430.0,138.0,User24,,
1490125174884,Mouse Moved,430.0,137.0,User24,,
1490125174901,Mouse Moved,430.0,136.0,User24,,
1490125174963,Mouse Moved,430.0,137.0,User24,,
1490125174979,Mouse Moved,430.0,139.0,User24,,
1490125174993,Mouse Moved,430.0,141.0,User24,,
1490125175009,Mouse Moved,429.0,143.0,User24,,
1490125175025,Mouse Moved,428.0,146.0,User24,,
1490125175040,Mouse Moved,428.0,149.0,User24,,
1490125175056,Mouse Moved,427.0,151.0,User24,,
1490125175072,Mouse Moved,426.0,154.0,User24,,
1490125175088,Mouse Moved,424.0,157.0,User24,,
1490125175102,Mouse Moved,420.0,161.0,User24,,
1490125175118,Mouse Moved,418.0,163.0,User24,,
1490125175134,Mouse Moved,416.0,163.0,User24,,
1490125175150,Mouse Moved,415.0,163.0,User24,,
1490125175165,Mouse Moved,412.0,164.0,User24,,
1490125175180,Mouse Moved,410.0,164.0,User24,,
1490125175197,Mouse Moved,409.0,163.0,User24,,
1490125175227,Mouse Moved,406.0,162.0,User24,,
1490125175243,Mouse Moved,404.0,158.0,User24,,
1490125175259,Mouse Moved,403.0,158.0,User24,,
1490125175275,Mouse Moved,402.0,157.0,User24,,
1490125175602,Mouse Moved,402.0,157.0,User24,,
1490125175618,Mouse Moved,402.0,157.0,User24,,
1490125176164,Mouse Moved,403.0,158.0,User24,,
1490125176180,Mouse Moved,404.0,158.0,User24,,
1490125176194,Mouse Moved,406.0,160.0,User24,,
1490125176210,Mouse Moved,408.0,161.0,User24,,
1490125176226,Mouse Moved,409.0,162.0,User24,,
1490125176242,Mouse Moved,412.0,163.0,User24,,
1490125176257,Mouse Moved,414.0,164.0,User24,,
1490125176273,Mouse Moved,416.0,165.0,User24,,
1490125176289,Mouse Moved,419.0,166.0,User24,,
1490125176305,Mouse Moved,421.0,167.0,User24,,
1490125176319,Mouse Moved,423.0,168.0,User24,,
1490125176335,Mouse Moved,428.0,172.0,User24,,
1490125176367,Mouse Moved,432.0,176.0,User24,,
1490125176382,Mouse Moved,435.0,179.0,User24,,
1490125176398,Mouse Moved,436.0,183.0,User24,,
1490125176414,Mouse Moved,437.0,185.0,User24,,
1490125176428,Mouse Moved,437.0,187.0,User24,,
1490125176444,Mouse Moved,437.0,188.0,User24,,
1490125176460,Mouse Moved,437.0,190.0,User24,,
1490125176492,Mouse Moved,437.0,193.0,User24,,
1490125176506,Mouse Moved,436.0,198.0,User24,,
1490125176523,Mouse Moved,436.0,200.0,User24,,
1490125176539,Mouse Moved,435.0,202.0,User24,,
1490125176553,Mouse Moved,436.0,204.0,User24,,
1490125176569,Mouse Moved,436.0,206.0,User24,,
1490125176585,Mouse Moved,437.0,208.0,User24,,
1490125176601,Mouse Moved,439.0,210.0,User24,,
1490125176617,Mouse Moved,443.0,212.0,User24,,
1490125176631,Mouse Moved,450.0,214.0,User24,,
1490125176648,Mouse Moved,458.0,217.0,User24,,
1490125176663,Mouse Moved,471.0,220.0,User24,,
1490125176678,Mouse Moved,484.0,224.0,User24,,
1490125176694,Mouse Moved,509.0,229.0,User24,,
1490125176710,Mouse Moved,517.0,231.0,User24,,
1490125176726,Mouse Moved,525.0,233.0,User24,,
1490125176740,Mouse Moved,532.0,235.0,User24,,
1490125176756,Mouse Moved,541.0,238.0,User24,,
1490125177256,Mouse Moved,542.0,239.0,User24,,
1490125177272,Mouse Moved,506.0,228.0,User24,,
1490125177286,Mouse Moved,501.0,226.0,User24,,
1490125177411,Mouse Moved,495.0,223.0,User24,,
1490125177427,Mouse Moved,447.0,199.0,User24,,
1490125177552,Mouse Moved,427.0,192.0,User24,,
1490125177568,Mouse Moved,413.0,186.0,User24,,
1490125177677,Mouse Moved,412.0,185.0,User24,,
1490125177693,Mouse Moved,411.0,184.0,User24,,
1490125177818,Mouse Moved,410.0,184.0,User24,,
1490125178332,Mouse Moved,409.0,185.0,User24,,
1490125178348,Mouse Moved,407.0,186.0,User24,,
1490125178457,Mouse Moved,382.0,214.0,User24,,
1490125178473,Mouse Moved,374.0,228.0,User24,,
1490125178489,Mouse Moved,367.0,248.0,User24,,
1490125178503,Mouse Moved,367.0,250.0,User24,,
1490125178644,Mouse Moved,366.0,251.0,User24,,
1490125178660,Mouse Moved,361.0,286.0,User24,,
1490125178785,Mouse Moved,360.0,302.0,User24,,
1490125178801,Mouse Moved,355.0,349.0,User24,,
1490125178815,Mouse Moved,354.0,352.0,User24,,
1490125178846,Mouse Moved,354.0,351.0,User24,,
1490125178862,Mouse Moved,356.0,347.0,User24,,
1490125178987,Mouse Moved,357.0,343.0,User24,,
1490125179003,Mouse Moved,362.0,318.0,User24,,
1490125179049,Mouse Moved,362.0,316.0,User24,,
1490125179081,Mouse Moved,364.0,309.0,User24,,
1490125179096,Mouse Moved,365.0,308.0,User24,,
1490125179112,Mouse Moved,365.0,307.0,User24,,
1490125179128,Mouse Moved,366.0,306.0,User24,,
1490125179253,Mouse Moved,365.0,306.0,User24,,
1490125179565,Mouse Moved,365.0,306.0,User24,,
1490125179581,Mouse Button.left Released,365.0,306.0,User24,,
1490125180111,Mouse Moved,366.0,307.0,User24,,
1490125180127,Mouse Moved,364.0,310.0,User24,,
1490125180141,Mouse Moved,363.0,312.0,User24,,
1490125180157,Mouse Moved,363.0,314.0,User24,,
1490125180173,Mouse Moved,362.0,316.0,User24,,
1490125180204,Mouse Moved,361.0,321.0,User24,,
1490125180220,Mouse Moved,359.0,327.0,User24,,
1490125180236,Mouse Moved,359.0,331.0,User24,,
1490125180250,Mouse Moved,358.0,335.0,User24,,
1490125180266,Mouse Moved,358.0,336.0,User24,,
1490125180282,Mouse Moved,357.0,338.0,User24,,
1490125180298,Mouse Moved,356.0,340.0,User24,,
1490125180313,Mouse Moved,356.0,341.0,User24,,
1490125180328,Mouse Moved,356.0,342.0,User24,,
1490125184260,Mouse Moved,356.0,342.0,User24,,
1490125184806,Mouse Moved,356.0,343.0,User24,,
1490125184822,Mouse Moved,355.0,345.0,User24,,
1490125184838,Mouse Moved,353.0,347.0,User24,,
1490125184852,Mouse Moved,351.0,351.0,User24,,
1490125184868,Mouse Moved,349.0,356.0,User24,,
1490125184900,Mouse Moved,346.0,365.0,User24,,
1490125184915,Mouse Moved,344.0,368.0,User24,,
1490125184930,Mouse Moved,343.0,370.0,User24,,
1490125184947,Mouse Moved,343.0,371.0,User24,,
1490125185539,Mouse Moved,343.0,372.0,User24,,
1490125185555,Mouse Moved,342.0,372.0,User24,,
1490125185571,Mouse Moved,341.0,373.0,User24,,
1490125185586,Mouse Moved,341.0,374.0,User24,,
1490125185618,Mouse Moved,341.0,375.0,User24,,
1490125185632,Mouse Moved,340.0,377.0,User24,,
1490125185648,Mouse Moved,340.0,376.0,User24,,
1490125185664,Mouse Moved,340.0,377.0,User24,,
1490125185710,Mouse Moved,339.0,377.0,User24,,
1490125191374,Mouse Moved,339.0,377.0,User24,,
1490125191858,Mouse Moved,339.0,378.0,User24,,
1490125191872,Mouse Moved,337.0,390.0,User24,,
1490125191888,Mouse Moved,335.0,399.0,User24,,
1490125191904,Mouse Moved,335.0,403.0,User24,,
1490125191920,Mouse Moved,334.0,407.0,User24,,
1490125191936,Mouse Moved,334.0,413.0,User24,,
1490125191950,Mouse Moved,333.0,419.0,User24,,
1490125191967,Mouse Moved,332.0,425.0,User24,,
1490125191983,Mouse Moved,332.0,432.0,User24,,
1490125191997,Mouse Moved,331.0,437.0,User24,,
1490125192013,Mouse Moved,329.0,449.0,User24,,
1490125192029,Mouse Moved,329.0,450.0,User24,,
1490125192045,Mouse Moved,328.0,451.0,User24,,
1490125192061,Mouse Moved,328.0,452.0,User24,,
1490125192107,Mouse Moved,328.0,453.0,User24,,
1490125192122,Mouse Moved,327.0,455.0,User24,,
1490125192138,Mouse Moved,327.0,454.0,User24,,
1490125192763,Mouse Moved,327.0,454.0,User24,,
1490125193355,Mouse Moved,329.0,454.0,User24,,
1490125193371,Mouse Moved,331.0,453.0,User24,,
1490125193387,Mouse Moved,334.0,452.0,User24,,
1490125193401,Mouse Moved,338.0,450.0,User24,,
1490125193417,Mouse Moved,344.0,447.0,User24,,
1490125193433,Mouse Moved,358.0,439.0,User24,,
1490125193448,Mouse Moved,369.0,433.0,User24,,
1490125193464,Mouse Moved,383.0,425.0,User24,,
1490125193480,Mouse Moved,408.0,411.0,User24,,
1490125193496,Mouse Moved,459.0,385.0,User24,,
1490125193510,Mouse Moved,484.0,374.0,User24,,
1490125193526,Mouse Moved,499.0,368.0,User24,,
1490125193542,Mouse Moved,524.0,359.0,User24,,
1490125193558,Mouse Moved,543.0,354.0,User24,,
1490125193588,Mouse Moved,550.0,352.0,User24,,
1490125193605,Mouse Moved,554.0,350.0,User24,,
1490125193963,Mouse Moved,556.0,349.0,User24,,
1490125193979,Mouse Moved,560.0,345.0,User24,,
1490125193994,Mouse Moved,567.0,339.0,User24,,
1490125194010,Mouse Moved,607.0,312.0,User24,,
1490125194026,Mouse Moved,634.0,295.0,User24,,
1490125194042,Mouse Moved,665.0,278.0,User24,,
1490125194056,Mouse Moved,687.0,267.0,User24,,
1490125194072,Mouse Moved,705.0,258.0,User24,,
1490125194088,Mouse Moved,719.0,253.0,User24,,
1490125194104,Mouse Moved,726.0,250.0,User24,,
1490125194119,Mouse Moved,735.0,246.0,User24,,
1490125194134,Mouse Moved,738.0,244.0,User24,,
1490125194151,Mouse Moved,740.0,244.0,User24,,
1490125194743,Mouse Moved,741.0,243.0,User24,,
1490125194759,Mouse Button.left Pressed,741.0,243.0,User24,,
1490125194868,Mouse Moved,740.0,243.0,User24,,
1490125194884,Mouse Moved,739.0,243.0,User24,,
1490125194900,Mouse Moved,737.0,242.0,User24,,
1490125194914,Mouse Moved,735.0,242.0,User24,,
1490125194930,Mouse Moved,733.0,241.0,User24,,
1490125194947,Mouse Moved,732.0,240.0,User24,,
1490125194961,Mouse Moved,730.0,240.0,User24,,
1490125194977,Mouse Moved,726.0,238.0,User24,,
1490125194993,Mouse Moved,723.0,238.0,User24,,
1490125195009,Mouse Moved,720.0,237.0,User24,,
1490125195025,Mouse Moved,717.0,236.0,User24,,
1490125195039,Mouse Moved,713.0,236.0,User24,,
1490125195055,Mouse Moved,709.0,235.0,User24,,
1490125195071,Mouse Moved,704.0,233.0,User24,,
1490125195086,Mouse Moved,698.0,231.0,User24,,
1490125195102,Mouse Moved,690.0,229.0,User24,,
1490125195118,Mouse Moved,684.0,227.0,User24,,
1490125195134,Mouse Moved,675.0,225.0,User24,,
1490125195148,Mouse Moved,656.0,219.0,User24,,
1490125195164,Mouse Moved,650.0,218.0,User24,,
1490125195180,Mouse Moved,646.0,216.0,User24,,
1490125195196,Mouse Moved,640.0,215.0,User24,,
1490125195211,Mouse Moved,634.0,213.0,User24,,
1490125195226,Mouse Moved,629.0,211.0,User24,,
1490125195243,Mouse Moved,621.0,207.0,User24,,
1490125195259,Mouse Moved,618.0,206.0,User24,,
1490125195273,Mouse Moved,614.0,204.0,User24,,
1490125195289,Mouse Moved,611.0,203.0,User24,,
1490125195305,Mouse Moved,608.0,202.0,User24,,
1490125195321,Mouse Moved,605.0,200.0,User24,,
1490125195336,Mouse Moved,602.0,199.0,User24,,
1490125195351,Mouse Moved,601.0,199.0,User24,,
1490125195368,Mouse Moved,599.0,198.0,User24,,
1490125195382,Mouse Moved,599.0,197.0,User24,,
1490125195398,Mouse Moved,598.0,197.0,User24,,
1490125195835,Mouse Moved,595.0,197.0,User24,,
1490125195851,Mouse Moved,592.0,198.0,User24,,
1490125195867,Mouse Moved,583.0,199.0,User24,,
1490125195882,Mouse Moved,576.0,201.0,User24,,
1490125195898,Mouse Moved,555.0,203.0,User24,,
1490125195914,Mouse Moved,548.0,204.0,User24,,
1490125195944,Mouse Moved,541.0,204.0,User24,,
1490125195960,Mouse Moved,528.0,206.0,User24,,
1490125195976,Mouse Moved,522.0,206.0,User24,,
1490125195992,Mouse Moved,517.0,207.0,User24,,
1490125196240,Mouse Moved,515.0,208.0,User24,,
1490125196256,Mouse Moved,510.0,209.0,User24,,
1490125196273,Mouse Moved,487.0,219.0,User24,,
1490125196303,Mouse Moved,467.0,228.0,User24,,
1490125196319,Mouse Moved,417.0,257.0,User24,,
1490125196351,Mouse Moved,400.0,269.0,User24,,
1490125196365,Mouse Moved,368.0,295.0,User24,,
1490125196381,Mouse Moved,361.0,300.0,User24,,
1490125196694,Mouse Moved,361.0,297.0,User24,,
1490125196709,Mouse Moved,361.0,289.0,User24,,
1490125196724,Mouse Moved,361.0,282.0,User24,,
1490125196740,Mouse Moved,361.0,276.0,User24,,
1490125196756,Mouse Moved,362.0,262.0,User24,,
1490125196772,Mouse Moved,362.0,256.0,User24,,
1490125196786,Mouse Moved,361.0,249.0,User24,,
1490125196802,Mouse Moved,361.0,243.0,User24,,
1490125196819,Mouse Moved,361.0,238.0,User24,,
1490125197302,Mouse Moved,361.0,238.0,User24,,
1490125197318,Mouse Moved,361.0,238.0,User24,,
1490125197332,Mouse Moved,361.0,238.0,User24,,
1490125197348,Mouse Moved,361.0,238.0,User24,,
1490125197365,Mouse Moved,361.0,238.0,User24,,
1490125197380,Mouse Moved,361.0,238.0,User24,,
1490125197395,Mouse Moved,361.0,238.0,User24,,
1490125197411,Mouse Moved,361.0,238.0,User24,,
1490125197427,Mouse Moved,361.0,238.0,User24,,
1490125197443,Mouse Moved,361.0,238.0,User24,,
1490125197473,Mouse Moved,361.0,238.0,User24,,
1490125197489,Mouse Moved,361.0,238.0,User24,,
1490125197505,Mouse Moved,361.0,238.0,User24,,
1490125197520,Mouse Moved,361.0,238.0,User24,,
1490125197536,Mouse Moved,361.0,238.0,User24,,
1490125198190,Mouse Moved,357.0,252.0,User24,,
1490125198207,Mouse Moved,334.0,336.0,User24,,
1490125198237,Mouse Moved,329.0,370.0,User24,,
1490125198253,Mouse Moved,319.0,453.0,User24,,
1490125198269,Mouse Moved,318.0,466.0,User24,,
1490125198285,Mouse Moved,318.0,475.0,User24,,
1490125198301,Mouse Moved,317.0,483.0,User24,,
1490125198315,Mouse Moved,315.0,489.0,User24,,
1490125198644,Mouse Moved,315.0,493.0,User24,,
1490125198658,Mouse Moved,316.0,495.0,User24,,
1490125198674,Mouse Moved,317.0,500.0,User24,,
1490125198690,Mouse Moved,317.0,504.0,User24,,
1490125198706,Mouse Moved,318.0,508.0,User24,,
1490125198721,Mouse Moved,318.0,513.0,User24,,
1490125198736,Mouse Moved,319.0,519.0,User24,,
1490125198753,Mouse Moved,319.0,529.0,User24,,
1490125198769,Mouse Moved,319.0,533.0,User24,,
1490125198783,Mouse Moved,319.0,535.0,User24,,
1490125198815,Mouse Moved,319.0,537.0,User24,,
1490125198831,Mouse Moved,319.0,540.0,User24,,
1490125198878,Mouse Moved,319.0,541.0,User24,,
1490125198892,Mouse Moved,319.0,542.0,User24,,
1490125199315,Mouse Moved,319.0,542.0,User24,,
1490125199798,Mouse Moved,320.0,538.0,User24,,
1490125199828,Mouse Moved,327.0,514.0,User24,,
1490125199845,Mouse Moved,337.0,487.0,User24,,
1490125199861,Mouse Moved,344.0,472.0,User24,,
1490125199875,Mouse Moved,349.0,460.0,User24,,
1490125199891,Mouse Moved,354.0,450.0,User24,,
1490125199907,Mouse Moved,356.0,444.0,User24,,
1490125199923,Mouse Moved,360.0,436.0,User24,,
1490125199938,Mouse Moved,362.0,432.0,User24,,
1490125199953,Mouse Moved,363.0,431.0,User24,,
1490125199970,Mouse Moved,363.0,429.0,User24,,
1490125199984,Mouse Moved,363.0,428.0,User24,,
1490125200000,Mouse Moved,365.0,426.0,User24,,
1490125200016,Mouse Moved,366.0,425.0,User24,,
1490125200032,Mouse Moved,366.0,424.0,User24,,
1490125200048,Mouse Moved,365.0,424.0,User24,,
1490125200062,Mouse Moved,366.0,424.0,User24,,
1490125200078,Mouse Moved,365.0,424.0,User24,,
1490125200095,Mouse Moved,366.0,424.0,User24,,
1490125200109,Mouse Moved,366.0,423.0,User24,,
1490125200203,Mouse Moved,365.0,423.0,User24,,
1490125200250,Mouse Moved,365.0,422.0,User24,,
1490125200266,Mouse Moved,366.0,420.0,User24,,
1490125200282,Mouse Moved,366.0,418.0,User24,,
1490125200296,Mouse Moved,367.0,414.0,User24,,
1490125200312,Mouse Moved,368.0,411.0,User24,,
1490125200328,Mouse Moved,371.0,402.0,User24,,
1490125200344,Mouse Moved,372.0,398.0,User24,,
1490125200359,Mouse Moved,373.0,396.0,User24,,
1490125200375,Mouse Moved,374.0,394.0,User24,,
1490125200391,Mouse Moved,375.0,394.0,User24,,
1490125200687,Mouse Moved,375.0,392.0,User24,,
1490125200703,Mouse Moved,375.0,388.0,User24,,
1490125200719,Mouse Moved,376.0,378.0,User24,,
1490125200733,Mouse Moved,377.0,372.0,User24,,
1490125200750,Mouse Moved,378.0,365.0,User24,,
1490125200765,Mouse Moved,379.0,356.0,User24,,
1490125200780,Mouse Moved,380.0,349.0,User24,,
1490125200796,Mouse Moved,382.0,331.0,User24,,
1490125200812,Mouse Moved,383.0,323.0,User24,,
1490125200828,Mouse Moved,384.0,317.0,User24,,
1490125200842,Mouse Moved,384.0,313.0,User24,,
1490125200858,Mouse Moved,385.0,310.0,User24,,
1490125201545,Mouse Moved,385.0,310.0,User24,,
1490125201576,Mouse Moved,385.0,310.0,User24,,
1490125201592,Mouse Moved,385.0,310.0,User24,,
1490125201608,Mouse Moved,385.0,310.0,User24,,
1490125201622,Mouse Moved,385.0,310.0,User24,,
1490125201638,Mouse Moved,385.0,310.0,User24,,
1490125201654,Mouse Moved,385.0,310.0,User24,,
1490125201670,Mouse Moved,385.0,310.0,User24,,
1490125201686,Mouse Moved,385.0,310.0,User24,,
1490125201700,Mouse Moved,385.0,310.0,User24,,
1490125201717,Mouse Moved,385.0,310.0,User24,,
1490125201733,Mouse Moved,385.0,310.0,User24,,
1490125201747,Mouse Moved,385.0,310.0,User24,,
1490125201763,Mouse Moved,385.0,310.0,User24,,
1490125201779,Mouse Moved,385.0,310.0,User24,,
1490125201795,Mouse Moved,385.0,310.0,User24,,
1490125201811,Mouse Moved,385.0,310.0,User24,,
1490125201825,Mouse Moved,385.0,310.0,User24,,
1490125201842,Mouse Moved,385.0,310.0,User24,,
1490125202279,Mouse Moved,385.0,309.0,User24,,
1490125202403,Mouse Moved,385.0,307.0,User24,,
1490125202418,Mouse Moved,388.0,229.0,User24,,
1490125202434,Mouse Moved,389.0,220.0,User24,,
1490125202450,Mouse Moved,390.0,206.0,User24,,
1490125202466,Mouse Moved,390.0,201.0,User24,,
1490125202480,Mouse Moved,391.0,196.0,User24,,
1490125202591,Mouse Moved,391.0,191.0,User24,,
1490125202605,Mouse Moved,391.0,171.0,User24,,
1490125202746,Mouse Moved,393.0,164.0,User24,,
1490125203059,Mouse Moved,397.0,156.0,User24,,
1490125203073,Mouse Button.left Pressed,397.0,156.0,User24,,
1490125203558,Mouse Moved,396.0,159.0,User24,,
1490125203572,Mouse Moved,389.0,170.0,User24,,
1490125203588,Mouse Moved,385.0,177.0,User24,,
1490125203605,Mouse Moved,382.0,184.0,User24,,
1490125203619,Mouse Moved,375.0,197.0,User24,,
1490125203635,Mouse Moved,372.0,204.0,User24,,
1490125203651,Mouse Moved,367.0,211.0,User24,,
1490125203667,Mouse Moved,360.0,225.0,User24,,
1490125203683,Mouse Moved,357.0,231.0,User24,,
1490125203697,Mouse Moved,353.0,239.0,User24,,
1490125203822,Mouse Moved,351.0,244.0,User24,,
1490125203838,Mouse Moved,347.0,255.0,User24,,
1490125203979,Mouse Moved,345.0,257.0,User24,,
1490125203994,Mouse Moved,362.0,221.0,User24,,
1490125204009,Mouse Moved,364.0,216.0,User24,,
1490125204026,Mouse Moved,366.0,212.0,User24,,
1490125204088,Mouse Moved,368.0,208.0,User24,,
1490125204104,Mouse Moved,373.0,197.0,User24,,
1490125204463,Mouse Moved,373.0,197.0,User24,,
1490125204836,Mouse Moved,372.0,199.0,User24,,
1490125204852,Mouse Moved,369.0,208.0,User24,,
1490125204868,Mouse Moved,367.0,221.0,User24,,
1490125204884,Mouse Moved,366.0,223.0,User24,,
1490125204898,Mouse Moved,366.0,224.0,User24,,
1490125204914,Mouse Moved,366.0,226.0,User24,,
1490125204930,Mouse Moved,365.0,227.0,User24,,
1490125205132,Mouse Moved,365.0,226.0,User24,,
1490125205148,Mouse Moved,366.0,224.0,User24,,
1490125205164,Mouse Moved,366.0,221.0,User24,,
1490125205180,Mouse Moved,367.0,219.0,User24,,
1490125205196,Mouse Moved,368.0,217.0,User24,,
1490125205210,Mouse Moved,368.0,214.0,User24,,
1490125205226,Mouse Moved,369.0,212.0,User24,,
1490125205243,Mouse Moved,369.0,209.0,User24,,
1490125205257,Mouse Moved,371.0,200.0,User24,,
1490125205273,Mouse Moved,372.0,198.0,User24,,
1490125205305,Mouse Moved,373.0,195.0,User24,,
1490125205321,Mouse Moved,375.0,188.0,User24,,
1490125205335,Mouse Moved,375.0,184.0,User24,,
1490125205351,Mouse Moved,378.0,176.0,User24,,
1490125205367,Mouse Moved,378.0,174.0,User24,,
1490125205382,Mouse Moved,379.0,172.0,User24,,
1490125205398,Mouse Moved,380.0,171.0,User24,,
1490125205414,Mouse Moved,379.0,170.0,User24,,
1490125205444,Mouse Moved,380.0,169.0,User24,,
1490125205460,Mouse Moved,380.0,168.0,User24,,
1490125205632,Mouse Moved,380.0,169.0,User24,,
1490125205648,Mouse Moved,380.0,170.0,User24,,
1490125205835,Mouse Moved,380.0,170.0,User24,,
1490125206302,Mouse Moved,380.0,177.0,User24,,
1490125206319,Mouse Moved,378.0,189.0,User24,,
1490125206335,Mouse Moved,375.0,210.0,User24,,
1490125206349,Mouse Moved,367.0,279.0,User24,,
1490125206365,Mouse Moved,364.0,315.0,User24,,
1490125206381,Mouse Moved,361.0,352.0,User24,,
1490125206397,Mouse Moved,359.0,383.0,User24,,
1490125206413,Mouse Moved,357.0,435.0,User24,,
1490125206444,Mouse Moved,357.0,434.0,User24,,
1490125206786,Mouse Moved,358.0,434.0,User24,,
1490125206802,Mouse Moved,357.0,433.0,User24,,
1490125206865,Mouse Moved,357.0,433.0,User24,,
1490125206881,Mouse Moved,357.0,433.0,User24,,
1490125206895,Mouse Moved,357.0,433.0,User24,,
1490125206911,Mouse Moved,357.0,433.0,User24,,
1490125206943,Mouse Moved,357.0,433.0,User24,,
1490125206959,Mouse Moved,357.0,433.0,User24,,
1490125206973,Mouse Moved,357.0,433.0,User24,,
1490125206990,Mouse Moved,357.0,433.0,User24,,
1490125207005,Mouse Moved,357.0,433.0,User24,,
1490125207020,Mouse Moved,357.0,433.0,User24,,
1490125207036,Mouse Moved,357.0,433.0,User24,,
1490125207052,Mouse Moved,357.0,433.0,User24,,
1490125207068,Mouse Moved,357.0,433.0,User24,,
1490125207082,Mouse Moved,357.0,433.0,User24,,
1490125207098,Mouse Moved,357.0,433.0,User24,,
1490125207115,Mouse Moved,357.0,433.0,User24,,
1490125207130,Mouse Moved,357.0,433.0,User24,,
1490125207145,Mouse Moved,357.0,433.0,User24,,
1490125207161,Mouse Moved,357.0,433.0,User24,,
1490125207177,Mouse Scrolled (0 -1),357.0,433.0,User24,,
1490125207193,Mouse Moved,357.0,433.0,User24,,
1490125207239,Mouse Moved,356.0,440.0,User24,,
1490125207255,Mouse Moved,354.0,448.0,User24,,
1490125207270,Mouse Moved,352.0,458.0,User24,,
1490125207286,Mouse Moved,350.0,470.0,User24,,
1490125207302,Mouse Moved,345.0,495.0,User24,,
1490125207316,Mouse Moved,343.0,506.0,User24,,
1490125207332,Mouse Moved,342.0,517.0,User24,,
1490125207348,Mouse Moved,339.0,529.0,User24,,
1490125207364,Mouse Moved,338.0,546.0,User24,,
1490125207380,Mouse Moved,337.0,553.0,User24,,
1490125207394,Mouse Moved,337.0,557.0,User24,,
1490125207411,Mouse Moved,337.0,561.0,User24,,
1490125207427,Mouse Moved,336.0,564.0,User24,,
1490125207441,Mouse Moved,336.0,569.0,User24,,
1490125207457,Mouse Moved,335.0,571.0,User24,,
1490125207473,Mouse Moved,335.0,573.0,User24,,
1490125207505,Mouse Moved,335.0,575.0,User24,,
1490125207519,Mouse Moved,334.0,576.0,User24,,
1490125207536,Mouse Moved,334.0,577.0,User24,,
1490125207566,Mouse Moved,333.0,578.0,User24,,
1490125207598,Mouse Moved,334.0,579.0,User24,,
1490125207614,Mouse Moved,333.0,580.0,User24,,
1490125207644,Mouse Moved,332.0,580.0,User24,,
1490125207661,Mouse Moved,332.0,579.0,User24,,
1490125207676,Mouse Moved,332.0,578.0,User24,,
1490125207691,Mouse Moved,333.0,576.0,User24,,
1490125207707,Mouse Moved,334.0,575.0,User24,,
1490125207723,Mouse Moved,334.0,572.0,User24,,
1490125207739,Mouse Moved,335.0,568.0,User24,,
1490125207753,Mouse Moved,337.0,565.0,User24,,
1490125207769,Mouse Moved,338.0,562.0,User24,,
1490125207801,Mouse Moved,339.0,560.0,User24,,
1490125207816,Mouse Moved,339.0,557.0,User24,,
1490125207973,Mouse Moved,339.0,558.0,User24,,
1490125208160,Mouse Moved,339.0,558.0,User24,,
1490125208174,Mouse Moved,339.0,558.0,User24,,
1490125211249,Mouse Moved,352.0,550.0,User24,,
1490125211263,Mouse Moved,381.0,535.0,User24,,
1490125211279,Mouse Moved,422.0,513.0,User24,,
1490125211295,Mouse Moved,469.0,488.0,User24,,
1490125211311,Mouse Moved,518.0,465.0,User24,,
1490125211326,Mouse Moved,616.0,425.0,User24,,
1490125211342,Mouse Moved,657.0,410.0,User24,,
1490125211358,Mouse Moved,688.0,401.0,User24,,
1490125211372,Mouse Moved,711.0,394.0,User24,,
1490125211388,Mouse Moved,718.0,392.0,User24,,
1490125211404,Mouse Moved,717.0,392.0,User24,,
1490125211607,Mouse Moved,684.0,406.0,User24,,
1490125211622,Mouse Moved,590.0,445.0,User24,,
1490125211638,Mouse Moved,540.0,466.0,User24,,
1490125211654,Mouse Moved,504.0,485.0,User24,,
1490125211670,Mouse Moved,441.0,525.0,User24,,
1490125211684,Mouse Moved,412.0,552.0,User24,,
1490125211700,Mouse Moved,387.0,576.0,User24,,
1490125211717,Mouse Moved,369.0,597.0,User24,,
1490125211732,Mouse Moved,357.0,615.0,User24,,
1490125211747,Mouse Moved,353.0,620.0,User24,,
1490125211950,Mouse Moved,350.0,622.0,User24,,
1490125211966,Mouse Moved,346.0,624.0,User24,,
1490125211982,Mouse Moved,337.0,629.0,User24,,
1490125211996,Mouse Moved,334.0,631.0,User24,,
1490125212013,Mouse Moved,331.0,633.0,User24,,
1490125212029,Mouse Moved,324.0,637.0,User24,,
1490125212043,Mouse Moved,321.0,638.0,User24,,
1490125212059,Mouse Moved,318.0,640.0,User24,,
1490125212075,Mouse Moved,315.0,642.0,User24,,
1490125214009,Mouse Moved,311.0,643.0,User24,,
1490125214025,Mouse Moved,311.0,642.0,User24,,
1490125214040,Mouse Moved,295.0,556.0,User24,,
1490125214056,Mouse Moved,285.0,498.0,User24,,
1490125214072,Mouse Moved,276.0,443.0,User24,,
1490125214088,Mouse Moved,272.0,408.0,User24,,
1490125214102,Mouse Moved,266.0,369.0,User24,,
1490125214118,Mouse Moved,264.0,351.0,User24,,
1490125214352,Mouse Moved,239.0,322.0,User24,,
1490125214525,Mouse Moved,209.0,280.0,User24,,
1490125214634,Mouse Moved,107.0,107.0,User24,,
1490125214648,Mouse Moved,103.0,98.0,User24,,
1490125214664,Mouse Moved,96.0,85.0,User24,,
1490125214696,Mouse Moved,87.0,66.0,User24,,
1490125214711,Mouse Moved,66.0,17.0,User24,,
1490125214726,Mouse Moved,63.0,10.0,User24,,
1490125214743,Mouse Moved,61.0,5.0,User24,,
1490128337812,Mouse Moved,769.0,167.0,User24,800.0,578.0
1490128338608,Mouse Moved,767.0,167.0,User24,,
1490128338624,Mouse Moved,760.0,168.0,User24,,
1490128338640,Mouse Moved,753.0,168.0,User24,,
1490128338654,Mouse Moved,741.0,170.0,User24,,
1490128338671,Mouse Moved,712.0,175.0,User24,,
1490128338687,Mouse Moved,678.0,182.0,User24,,
1490128338701,Mouse Moved,640.0,191.0,User24,,
1490128338717,Mouse Moved,576.0,210.0,User24,,
1490128338733,Mouse Moved,551.0,219.0,User24,,
1490128338749,Mouse Moved,530.0,227.0,User24,,
1490128338765,Mouse Moved,515.0,234.0,User24,,
1490128338779,Mouse Moved,503.0,239.0,User24,,
1490128338796,Mouse Moved,495.0,243.0,User24,,
1490128338811,Mouse Moved,488.0,246.0,User24,,
1490128338826,Mouse Moved,485.0,247.0,User24,,
1490128339154,Mouse Moved,488.0,244.0,User24,,
1490128339170,Mouse Moved,493.0,238.0,User24,,
1490128339186,Mouse Moved,500.0,230.0,User24,,
1490128339200,Mouse Moved,507.0,222.0,User24,,
1490128339217,Mouse Moved,524.0,204.0,User24,,
1490128339233,Mouse Moved,532.0,196.0,User24,,
1490128339247,Mouse Moved,539.0,188.0,User24,,
1490128339263,Mouse Moved,547.0,180.0,User24,,
1490128339279,Mouse Moved,555.0,171.0,User24,,
1490128339295,Mouse Moved,563.0,161.0,User24,,
1490128339311,Mouse Moved,578.0,140.0,User24,,
1490128339325,Mouse Moved,584.0,132.0,User24,,
1490128339342,Mouse Moved,590.0,124.0,User24,,
1490128339357,Mouse Moved,598.0,114.0,User24,,
1490128339372,Mouse Moved,610.0,100.0,User24,,
1490128339388,Mouse Moved,609.0,100.0,User24,,
1490128339575,Mouse Moved,618.0,94.0,User24,,
1490128339591,Mouse Moved,628.0,87.0,User24,,
1490128339607,Mouse Moved,642.0,77.0,User24,,
1490128339622,Mouse Moved,655.0,69.0,User24,,
1490128339638,Mouse Moved,667.0,61.0,User24,,
1490128339654,Mouse Moved,688.0,48.0,User24,,
1490128339668,Mouse Moved,696.0,42.0,User24,,
1490128339684,Mouse Moved,703.0,38.0,User24,,
1490128339700,Mouse Moved,708.0,35.0,User24,,
1490128339716,Mouse Moved,713.0,31.0,User24,,
1490128339732,Mouse Moved,717.0,28.0,User24,,
1490128339746,Mouse Moved,722.0,23.0,User24,,
1490128339763,Mouse Moved,725.0,21.0,User24,,
1490128339779,Mouse Moved,726.0,18.0,User24,,
1490128339793,Mouse Moved,728.0,16.0,User24,,
1490128339809,Mouse Moved,728.0,13.0,User24,,
1490128339825,Mouse Moved,729.0,9.0,User24,,
1490128339841,Mouse Moved,729.0,8.0,User24,,
1490128339871,Mouse Moved,729.0,7.0,User24,,
1490128339888,Mouse Moved,730.0,4.0,User24,,
1490128339903,Mouse Moved,729.0,2.0,User24,,
1490128339918,Mouse Moved,728.0,0.0,User24,,
1490128339934,Mouse Moved,726.0,0.0,User24,,
1490128341229,Mouse Moved,654.0,6.0,User24,,
1490128341244,Mouse Moved,618.0,33.0,User24,,
1490128341338,Mouse Moved,582.0,62.0,User24,1280.0,644.0
1490128341354,Mouse Moved,748.0,204.0,User24,,
1490128341463,Mouse Moved,1146.0,262.0,User24,,
1490128343413,Mouse Moved,685.0,244.0,User24,,
1490128343428,Mouse Moved,684.0,244.0,User24,,
1490128343460,Mouse Moved,679.0,245.0,User24,,
1490128343476,Mouse Moved,615.0,260.0,User24,,
1490128343490,Mouse Moved,576.0,270.0,User24,,
1490128343506,Mouse Moved,534.0,281.0,User24,,
1490128343523,Mouse Moved,503.0,291.0,User24,,
1490128343538,Mouse Moved,475.0,301.0,User24,,
1490128343553,Mouse Moved,433.0,319.0,User24,,
1490128343569,Mouse Moved,417.0,327.0,User24,,
1490128343585,Mouse Moved,405.0,333.0,User24,,
1490128343601,Mouse Moved,396.0,338.0,User24,,
1490128343615,Mouse Moved,388.0,342.0,User24,,
1490128343631,Mouse Moved,383.0,344.0,User24,,
1490128343647,Mouse Moved,377.0,347.0,User24,,
1490128343663,Mouse Moved,373.0,349.0,User24,,
1490128344224,Mouse Moved,373.0,349.0,User24,,
1490128344802,Mouse Moved,372.0,352.0,User24,,
1490128344816,Mouse Moved,371.0,357.0,User24,,
1490128344832,Mouse Moved,367.0,368.0,User24,,
1490128344848,Mouse Moved,365.0,376.0,User24,,
1490128344864,Mouse Moved,358.0,407.0,User24,,
1490128344880,Mouse Moved,356.0,417.0,User24,,
1490128344894,Mouse Moved,354.0,427.0,User24,,
1490128344911,Mouse Moved,354.0,433.0,User24,,
1490128344927,Mouse Moved,353.0,438.0,User24,,
1490128344941,Mouse Moved,352.0,446.0,User24,,
1490128345301,Mouse Moved,352.0,446.0,User24,,
1490128345799,Mouse Moved,350.0,445.0,User24,,
1490128345815,Mouse Moved,345.0,444.0,User24,,
1490128345831,Mouse Moved,330.0,433.0,User24,,
1490128345846,Mouse Moved,315.0,421.0,User24,,
1490128345862,Mouse Moved,295.0,401.0,User24,,
1490128345878,Mouse Moved,274.0,376.0,User24,,
1490128345894,Mouse Moved,254.0,352.0,User24,,
1490128345908,Mouse Moved,234.0,325.0,User24,,
1490128345924,Mouse Moved,207.0,287.0,User24,,
1490128345940,Mouse Moved,199.0,274.0,User24,,
1490128345956,Mouse Moved,196.0,270.0,User24,,
1490128346190,Mouse Moved,192.0,269.0,User24,,
1490128346206,Mouse Moved,179.0,261.0,User24,,
1490128346220,Mouse Moved,173.0,256.0,User24,,
1490128346236,Mouse Moved,166.0,251.0,User24,,
1490128346253,Mouse Moved,155.0,239.0,User24,,
1490128346267,Mouse Moved,150.0,234.0,User24,,
1490128346283,Mouse Moved,146.0,229.0,User24,,
1490128346299,Mouse Moved,142.0,225.0,User24,,
1490128346315,Mouse Moved,139.0,221.0,User24,,
1490128346331,Mouse Moved,136.0,217.0,User24,,
1490128346345,Mouse Moved,133.0,213.0,User24,,
1490128346361,Mouse Moved,132.0,212.0,User24,,
1490128346377,Mouse Moved,132.0,210.0,User24,,
1490128346392,Mouse Moved,131.0,209.0,User24,,
1490128346408,Mouse Moved,131.0,208.0,User24,,
1490128346424,Mouse Moved,131.0,205.0,User24,,
1490128346470,Mouse Moved,131.0,204.0,User24,,
1490128346486,Mouse Moved,131.0,203.0,User24,,
1490128346502,Mouse Moved,131.0,202.0,User24,,
1490128346517,Mouse Moved,132.0,199.0,User24,,
1490128346532,Mouse Moved,132.0,198.0,User24,,
1490128346565,Mouse Moved,132.0,197.0,User24,,
1490128346595,Mouse Moved,132.0,196.0,User24,,
1490128346845,Mouse Moved,133.0,195.0,User24,,
1490128346861,Mouse Moved,135.0,194.0,User24,,
1490128346877,Mouse Moved,138.0,193.0,User24,,
1490128346891,Mouse Moved,141.0,192.0,User24,,
1490128346907,Mouse Moved,146.0,191.0,User24,,
1490128346923,Mouse Moved,152.0,191.0,User24,,
1490128346938,Mouse Moved,160.0,190.0,User24,,
1490128346954,Mouse Moved,189.0,192.0,User24,,
1490128347078,Mouse Moved,217.0,195.0,User24,,
1490128347095,Mouse Moved,293.0,207.0,User24,,
1490128347220,Mouse Moved,327.0,217.0,User24,,
1490128347500,Mouse Moved,331.0,220.0,User24,,
1490128347546,Mouse Moved,331.0,220.0,User24,,
1490128347562,Mouse Moved,331.0,220.0,User24,,
1490128347657,Mouse Moved,331.0,220.0,User24,,
1490128347671,Mouse Moved,331.0,220.0,User24,,
1490128347796,Mouse Moved,331.0,220.0,User24,,
1490128347812,Mouse Moved,331.0,220.0,User24,,
1490128347828,Mouse Moved,331.0,220.0,User24,,
1490128347844,Mouse Moved,331.0,220.0,User24,,
1490128347858,Mouse Moved,331.0,220.0,User24,,
1490128347875,Mouse Moved,331.0,220.0,User24,,
1490128347891,Mouse Moved,331.0,220.0,User24,,
1490128348015,Mouse Moved,331.0,220.0,User24,,
1490128348030,Mouse Moved,331.0,220.0,User24,,
1490128348171,Mouse Moved,331.0,220.0,User24,,
1490128348280,Mouse Moved,332.0,221.0,User24,,
1490128348296,Mouse Moved,347.0,221.0,User24,,
1490128348421,Mouse Moved,349.0,220.0,User24,,
1490128348701,Mouse Moved,351.0,220.0,User24,,
1490128349232,Mouse Moved,352.0,219.0,User24,,
1490128349247,Mouse Moved,356.0,213.0,User24,,
1490128349325,Mouse Moved,367.0,199.0,User24,,
1490128349341,Mouse Moved,370.0,195.0,User24,,
1490128350901,Mouse Moved,371.0,195.0,User24,,
1490128350917,Mouse Moved,372.0,196.0,User24,,
1490128350933,Mouse Moved,373.0,196.0,User24,,
1490128350947,Mouse Moved,375.0,196.0,User24,,
1490128350963,Mouse Moved,379.0,197.0,User24,,
1490128350979,Mouse Moved,383.0,197.0,User24,,
1490128350994,Mouse Moved,386.0,197.0,User24,,
1490128351010,Mouse Moved,393.0,198.0,User24,,
1490128351026,Mouse Moved,397.0,198.0,User24,,
1490128351042,Mouse Moved,402.0,199.0,User24,,
1490128351056,Mouse Moved,409.0,200.0,User24,,
1490128351088,Mouse Moved,462.0,214.0,User24,,
1490128351104,Mouse Moved,499.0,225.0,User24,,
1490128351134,Mouse Moved,514.0,229.0,User24,,
1490128351151,Mouse Moved,537.0,237.0,User24,,
1490128351167,Mouse Moved,545.0,240.0,User24,,
1490128351181,Mouse Moved,550.0,242.0,User24,,
1490128351197,Mouse Moved,553.0,243.0,User24,,
1490128351447,Mouse Moved,557.0,243.0,User24,,
1490128351463,Mouse Moved,563.0,241.0,User24,,
1490128351479,Mouse Moved,570.0,240.0,User24,,
1490128351493,Mouse Moved,587.0,236.0,User24,,
1490128351509,Mouse Moved,602.0,234.0,User24,,
1490128351525,Mouse Moved,609.0,233.0,User24,,
1490128351540,Mouse Moved,616.0,233.0,User24,,
1490128351556,Mouse Moved,619.0,232.0,User24,,
1490128351572,Mouse Moved,621.0,232.0,User24,,
1490128351588,Mouse Moved,623.0,231.0,User24,,
1490128351602,Mouse Moved,624.0,231.0,User24,,
1490128351618,Mouse Moved,626.0,230.0,User24,,
1490128351743,Mouse Moved,627.0,230.0,User24,,
1490128351759,Mouse Moved,627.0,229.0,User24,,
1490128351775,Mouse Moved,628.0,228.0,User24,,
1490128351790,Mouse Moved,629.0,226.0,User24,,
1490128351805,Mouse Moved,630.0,224.0,User24,,
1490128351822,Mouse Moved,632.0,222.0,User24,,
1490128351836,Mouse Moved,633.0,220.0,User24,,
1490128351852,Mouse Moved,633.0,219.0,User24,,
1490128351868,Mouse Moved,635.0,217.0,User24,,
1490128351884,Mouse Moved,636.0,215.0,User24,,
1490128351900,Mouse Moved,636.0,213.0,User24,,
1490128351914,Mouse Moved,637.0,212.0,User24,,
1490128351930,Mouse Moved,637.0,211.0,User24,,
1490128351947,Mouse Moved,638.0,209.0,User24,,
1490128351977,Mouse Moved,639.0,208.0,User24,,
1490128351993,Mouse Moved,639.0,206.0,User24,,
1490128352305,Mouse Moved,639.0,206.0,User24,,
1490128352336,Mouse Moved,641.0,207.0,User24,,
1490128352351,Mouse Moved,643.0,209.0,User24,,
1490128352368,Mouse Moved,646.0,212.0,User24,,
1490128352382,Mouse Moved,650.0,217.0,User24,,
1490128352398,Mouse Moved,653.0,220.0,User24,,
1490128352414,Mouse Moved,656.0,224.0,User24,,
1490128352430,Mouse Moved,660.0,228.0,User24,,
1490128352446,Mouse Moved,663.0,234.0,User24,,
1490128352460,Mouse Moved,666.0,238.0,User24,,
1490128352476,Mouse Moved,669.0,243.0,User24,,
1490128352493,Mouse Moved,671.0,247.0,User24,,
1490128352507,Mouse Moved,673.0,250.0,User24,,
1490128352523,Mouse Moved,677.0,257.0,User24,,
1490128352539,Mouse Moved,679.0,259.0,User24,,
1490128352555,Mouse Moved,680.0,261.0,User24,,
1490128352571,Mouse Moved,682.0,263.0,User24,,
1490128352585,Mouse Moved,684.0,267.0,User24,,
1490128352601,Mouse Moved,685.0,268.0,User24,,
1490128352617,Mouse Moved,685.0,269.0,User24,,
1490128352726,Mouse Moved,685.0,269.0,User24,,
1490128353226,Mouse Moved,685.0,269.0,User24,,
1490128358654,Mouse Moved,684.0,270.0,User24,,
1490128358670,Mouse Moved,682.0,271.0,User24,,
1490128358686,Mouse Moved,680.0,271.0,User24,,
1490128358700,Mouse Moved,678.0,272.0,User24,,
1490128358717,Mouse Moved,676.0,273.0,User24,,
1490128358733,Mouse Moved,673.0,276.0,User24,,
1490128358747,Mouse Moved,672.0,277.0,User24,,
1490128358763,Mouse Moved,671.0,277.0,User24,,
1490128358779,Mouse Moved,670.0,278.0,User24,,
1490128358795,Mouse Moved,669.0,278.0,User24,,
1490128359059,Mouse Moved,669.0,278.0,User24,,
1490128359122,Mouse Moved,670.0,279.0,User24,,
1490128359138,Mouse Moved,672.0,280.0,User24,,
1490128359154,Mouse Moved,673.0,281.0,User24,,
1490128359168,Mouse Moved,676.0,281.0,User24,,
1490128359184,Mouse Moved,677.0,282.0,User24,,
1490128359200,Mouse Moved,685.0,283.0,User24,,
1490128359216,Mouse Moved,690.0,285.0,User24,,
1490128359232,Mouse Moved,695.0,286.0,User24,,
1490128359246,Mouse Moved,699.0,287.0,User24,,
1490128359263,Mouse Moved,707.0,289.0,User24,,
1490128359279,Mouse Moved,712.0,291.0,User24,,
1490128359293,Mouse Moved,716.0,292.0,User24,,
1490128359309,Mouse Moved,720.0,293.0,User24,,
1490128359434,Mouse Moved,724.0,295.0,User24,,
1490128359528,Mouse Moved,730.0,298.0,User24,,
1490128359591,Mouse Moved,732.0,299.0,User24,,
1490128359996,Mouse Moved,732.0,300.0,User24,,
1490128360012,Mouse Moved,735.0,303.0,User24,,
1490128360151,Mouse Moved,736.0,304.0,User24,,
1490128360167,Mouse Moved,740.0,311.0,User24,,
1490128360183,Mouse Button.left Released,740.0,311.0,User24,,
1490128360605,Mouse Moved,740.0,311.0,User24,,
1490128360917,Mouse Moved,738.0,311.0,User24,,
1490128360931,Mouse Moved,582.0,284.0,User24,,
1490128361056,Mouse Moved,529.0,271.0,User24,,
1490128361290,Mouse Moved,470.0,249.0,User24,,
1490128361306,Mouse Moved,465.0,248.0,User24,,
1490128361352,Mouse Moved,414.0,229.0,User24,,
1490128361368,Mouse Moved,389.0,219.0,User24,,
1490128361384,Mouse Moved,377.0,215.0,User24,,
1490128361400,Mouse Moved,373.0,212.0,User24,,
1490128361525,Mouse Moved,369.0,211.0,User24,,
1490128361540,Mouse Moved,365.0,209.0,User24,,
1490128361976,Mouse Moved,353.0,202.0,User24,,
1490128362835,Mouse Moved,353.0,203.0,User24,,
1490128362851,Mouse Moved,354.0,206.0,User24,,
1490128362867,Mouse Moved,354.0,207.0,User24,,
1490128362881,Mouse Moved,354.0,208.0,User24,,
1490128362898,Mouse Moved,354.0,209.0,User24,,
1490128362913,Mouse Moved,354.0,210.0,User24,,
1490128362928,Mouse Moved,355.0,211.0,User24,,
1490128362944,Mouse Moved,355.0,214.0,User24,,
1490128362960,Mouse Moved,356.0,215.0,User24,,
1490128362976,Mouse Moved,356.0,217.0,User24,,
1490128362990,Mouse Moved,356.0,218.0,User24,,
1490128363006,Mouse Moved,356.0,219.0,User24,,
1490128363023,Mouse Moved,356.0,221.0,User24,,
1490128363038,Mouse Moved,357.0,223.0,User24,,
1490128363053,Mouse Moved,357.0,224.0,User24,,
1490128363069,Mouse Moved,357.0,226.0,User24,,
1490128363085,Mouse Moved,358.0,227.0,User24,,
1490128363101,Mouse Moved,357.0,227.0,User24,,
1490128363115,Mouse Moved,358.0,228.0,User24,,
1490128363131,Mouse Moved,357.0,229.0,User24,,
1490128363147,Mouse Moved,358.0,230.0,User24,,
1490128363163,Mouse Moved,357.0,230.0,User24,,
1490128363178,Mouse Moved,358.0,232.0,User24,,
1490128363194,Mouse Moved,357.0,233.0,User24,,
1490128363210,Mouse Moved,358.0,234.0,User24,,
1490128363224,Mouse Moved,357.0,234.0,User24,,
1490128363288,Mouse Moved,357.0,235.0,User24,,
1490128363302,Mouse Moved,358.0,237.0,User24,,
1490128363335,Mouse Moved,357.0,237.0,User24,,
1490128363349,Mouse Moved,358.0,238.0,User24,,
1490128363365,Mouse Moved,357.0,238.0,User24,,
1490128363381,Mouse Moved,357.0,239.0,User24,,
1490128363397,Mouse Moved,357.0,238.0,User24,,
1490128371447,Mouse Moved,357.0,238.0,User24,,
1490128371868,Mouse Moved,357.0,237.0,User24,,
1490128371882,Mouse Moved,357.0,235.0,User24,,
1490128371898,Mouse Moved,359.0,229.0,User24,,
1490128371914,Mouse Moved,359.0,226.0,User24,,
1490128371930,Mouse Moved,361.0,223.0,User24,,
1490128371946,Mouse Moved,362.0,220.0,User24,,
1490128371960,Mouse Moved,363.0,216.0,User24,,
1490128371976,Mouse Moved,366.0,212.0,User24,,
1490128371993,Mouse Moved,368.0,204.0,User24,,
1490128372007,Mouse Moved,370.0,200.0,User24,,
1490128372023,Mouse Moved,370.0,197.0,User24,,
1490128372039,Mouse Moved,371.0,193.0,User24,,
1490128372055,Mouse Moved,373.0,190.0,User24,,
1490128372071,Mouse Moved,375.0,183.0,User24,,
1490128372085,Mouse Moved,376.0,181.0,User24,,
1490128372101,Mouse Moved,377.0,177.0,User24,,
1490128372117,Mouse Moved,379.0,174.0,User24,,
1490128372132,Mouse Moved,380.0,172.0,User24,,
1490128372148,Mouse Moved,382.0,170.0,User24,,
1490128372164,Mouse Moved,383.0,166.0,User24,,
1490128372180,Mouse Moved,383.0,165.0,User24,,
1490128372210,Mouse Moved,384.0,164.0,User24,,
1490128372226,Mouse Moved,385.0,160.0,User24,,
1490128372242,Mouse Moved,386.0,160.0,User24,,
1490128372257,Mouse Moved,387.0,159.0,User24,,
1490128372273,Mouse Moved,387.0,158.0,User24,,
1490128372305,Mouse Moved,388.0,158.0,User24,,
1490128372319,Mouse Moved,387.0,157.0,User24,,
1490128372335,Mouse Moved,389.0,156.0,User24,,
1490128372351,Mouse Moved,389.0,155.0,User24,,
1490128372367,Mouse Moved,389.0,154.0,User24,,
1490128372398,Mouse Moved,390.0,153.0,User24,,
1490128372428,Mouse Moved,390.0,152.0,User24,,
1490128372444,Mouse Moved,391.0,152.0,User24,,
1490128372476,Mouse Moved,391.0,151.0,User24,,
1490128373038,Mouse Moved,391.0,152.0,User24,,
1490128373052,Mouse Moved,390.0,156.0,User24,,
1490128373177,Mouse Moved,390.0,157.0,User24,,
1490128375517,Mouse Moved,388.0,160.0,User24,,
1490128378076,Mouse Moved,387.0,161.0,User24,,
1490128378108,Mouse Moved,386.0,162.0,User24,,
1490128378122,Mouse Moved,385.0,164.0,User24,,
1490128378138,Mouse Moved,385.0,165.0,User24,,
1490128378154,Mouse Moved,385.0,166.0,User24,,
1490128378186,Mouse Moved,384.0,168.0,User24,,
1490128378200,Mouse Moved,383.0,169.0,User24,,
1490128378233,Mouse Moved,382.0,170.0,User24,,
1490128378247,Mouse Moved,382.0,171.0,User24,,
1490128378263,Mouse Moved,382.0,170.0,User24,,
1490128378325,Mouse Moved,382.0,171.0,User24,,
1490128378342,Mouse Moved,382.0,172.0,User24,,
1490128378357,Mouse Moved,381.0,172.0,User24,,
1490128378372,Mouse Moved,381.0,173.0,User24,,
1490128378420,Mouse Moved,381.0,174.0,User24,,
1490128378450,Mouse Moved,380.0,174.0,User24,,
1490128378841,Mouse Moved,380.0,175.0,User24,,
1490128378871,Mouse Moved,380.0,176.0,User24,,
1490128378903,Mouse Moved,380.0,178.0,User24,,
1490128378934,Mouse Moved,380.0,179.0,User24,,
1490128378950,Mouse Moved,380.0,182.0,User24,,
1490128378966,Mouse Moved,379.0,183.0,User24,,
1490128378980,Mouse Moved,379.0,184.0,User24,,
1490128379013,Mouse Moved,379.0,186.0,User24,,
1490128379028,Mouse Moved,379.0,187.0,User24,,
1490128379043,Mouse Moved,379.0,188.0,User24,,
1490128379075,Mouse Moved,379.0,189.0,User24,,
1490128379091,Mouse Moved,379.0,190.0,User24,,
1490128380759,Mouse Moved,380.0,191.0,User24,,
1490128380775,Mouse Moved,381.0,192.0,User24,,
1490128380790,Mouse Moved,382.0,192.0,User24,,
1490128380838,Mouse Moved,383.0,191.0,User24,,
1490128380868,Mouse Moved,387.0,189.0,User24,,
1490128380884,Mouse Moved,388.0,188.0,User24,,
1490128380900,Mouse Moved,389.0,186.0,User24,,
1490128380915,Mouse Moved,390.0,185.0,User24,,
1490128380930,Mouse Moved,391.0,184.0,User24,,
1490128380947,Mouse Moved,393.0,183.0,User24,,
1490128380963,Mouse Moved,394.0,181.0,User24,,
1490128380977,Mouse Moved,395.0,180.0,User24,,
1490128380993,Mouse Moved,395.0,179.0,User24,,
1490128381025,Mouse Moved,396.0,178.0,User24,,
1490128382601,Mouse Moved,395.0,179.0,User24,,
1490128382615,Mouse Moved,395.0,180.0,User24,,
1490128382631,Mouse Moved,394.0,183.0,User24,,
1490128382647,Mouse Moved,393.0,185.0,User24,,
1490128382663,Mouse Moved,392.0,187.0,User24,,
1490128382678,Mouse Moved,392.0,188.0,User24,,
1490128382694,Mouse Moved,390.0,191.0,User24,,
1490128382710,Mouse Moved,389.0,194.0,User24,,
1490128382724,Mouse Moved,388.0,194.0,User24,,
1490128382740,Mouse Moved,388.0,195.0,User24,,
1490128382756,Mouse Moved,387.0,196.0,User24,,
1490128382788,Mouse Moved,387.0,197.0,User24,,
1490128382802,Mouse Moved,386.0,198.0,User24,,
1490128385766,Mouse Moved,387.0,198.0,User24,,
1490128385891,Mouse Moved,395.0,188.0,User24,,
1490128385907,Mouse Moved,396.0,187.0,User24,,
1490128385954,Mouse Moved,400.0,179.0,User24,,
1490128385970,Mouse Moved,402.0,174.0,User24,,
1490128386063,Mouse Moved,402.0,172.0,User24,,
1490128386078,Mouse Moved,405.0,164.0,User24,,
1490128386203,Mouse Moved,405.0,163.0,User24,,
1490128386687,Mouse Moved,403.0,168.0,User24,,
1490128386828,Mouse Moved,392.0,197.0,User24,,
1490128387451,Mouse Moved,391.0,200.0,User24,,
1490128390930,Mouse Moved,390.0,200.0,User24,,
1490128390947,Mouse Moved,389.0,200.0,User24,,
1490128390961,Mouse Moved,387.0,199.0,User24,,
1490128390977,Mouse Moved,385.0,197.0,User24,,
1490128390993,Mouse Moved,384.0,192.0,User24,,
1490128391009,Mouse Moved,383.0,188.0,User24,,
1490128391025,Mouse Moved,383.0,184.0,User24,,
1490128391039,Mouse Moved,382.0,180.0,User24,,
1490128391055,Mouse Moved,382.0,176.0,User24,,
1490128391071,Mouse Moved,383.0,170.0,User24,,
1490128391102,Mouse Moved,383.0,168.0,User24,,
1490128391118,Mouse Moved,385.0,163.0,User24,,
1490128391134,Mouse Moved,386.0,162.0,User24,,
1490128391148,Mouse Moved,386.0,160.0,User24,,
1490128391164,Mouse Moved,387.0,160.0,User24,,
1490128391180,Mouse Moved,387.0,158.0,User24,,
1490128391196,Mouse Moved,388.0,157.0,User24,,
1490128391211,Mouse Moved,389.0,157.0,User24,,
1490128391243,Mouse Moved,389.0,155.0,User24,,
1490128410197,Mouse Moved,392.0,156.0,User24,,
1490128410213,Mouse Moved,393.0,156.0,User24,,
1490128410227,Mouse Moved,396.0,156.0,User24,,
1490128410243,Mouse Moved,398.0,158.0,User24,,
1490128410259,Mouse Moved,399.0,159.0,User24,,
1490128410275,Mouse Moved,403.0,162.0,User24,,
1490128410290,Mouse Moved,407.0,165.0,User24,,
1490128410305,Mouse Moved,414.0,170.0,User24,,
1490128410322,Mouse Moved,424.0,176.0,User24,,
1490128410336,Mouse Moved,435.0,182.0,User24,,
1490128410352,Mouse Moved,475.0,198.0,User24,,
1490128410368,Mouse Moved,497.0,206.0,User24,,
1490128410384,Mouse Moved,517.0,213.0,User24,,
1490128410400,Mouse Moved,529.0,216.0,User24,,
1490128410414,Mouse Moved,547.0,222.0,User24,,
1490128410430,Mouse Moved,562.0,226.0,User24,,
1490128410447,Mouse Moved,567.0,228.0,User24,,
1490128410461,Mouse Moved,571.0,229.0,User24,,
1490128410477,Mouse Moved,573.0,230.0,User24,,
1490128410759,Mouse Moved,576.0,232.0,User24,,
1490128410773,Mouse Moved,612.0,259.0,User24,,
1490128410789,Mouse Moved,619.0,265.0,User24,,
1490128410805,Mouse Moved,626.0,270.0,User24,,
1490128410821,Mouse Moved,631.0,274.0,User24,,
1490128410836,Mouse Moved,640.0,282.0,User24,,
1490128410851,Mouse Moved,644.0,285.0,User24,,
1490128410993,Mouse Moved,643.0,284.0,User24,,
1490128411398,Mouse Moved,643.0,284.0,User24,,
1490128411460,Mouse Moved,642.0,282.0,User24,,
1490128411476,Mouse Moved,640.0,281.0,User24,,
1490128411553,Mouse Moved,638.0,278.0,User24,,
1490128411569,Mouse Moved,634.0,272.0,User24,,
1490128411585,Mouse Moved,632.0,256.0,User24,,
1490128411694,Mouse Moved,631.0,253.0,User24,,
1490128411726,Mouse Moved,631.0,232.0,User24,,
1490128411740,Mouse Moved,631.0,231.0,User24,,
1490128411913,Mouse Moved,631.0,231.0,User24,,
1490128412397,Mouse Moved,631.0,231.0,User24,,
1490128412520,Mouse Moved,631.0,231.0,User24,,
1490128412895,Mouse Moved,616.0,228.0,User24,,
1490128412911,Mouse Moved,603.0,225.0,User24,,
1490128412927,Mouse Moved,586.0,221.0,User24,,
1490128412943,Mouse Moved,553.0,215.0,User24,,
1490128412973,Mouse Moved,522.0,208.0,User24,,
1490128412989,Mouse Moved,441.0,197.0,User24,,
1490128413005,Mouse Moved,426.0,196.0,User24,,
1490128413020,Mouse Moved,414.0,196.0,User24,,
1490128413130,Mouse Moved,405.0,195.0,User24,,
1490128413144,Mouse Moved,397.0,195.0,User24,,
1490128413239,Mouse Moved,392.0,195.0,User24,,
1490128413255,Mouse Moved,391.0,196.0,User24,,
1490128413269,Mouse Moved,388.0,196.0,User24,,
1490128413286,Mouse Moved,381.0,198.0,User24,,
1490128413301,Mouse Moved,378.0,199.0,User24,,
1490128413316,Mouse Moved,373.0,199.0,User24,,
1490128413441,Mouse Moved,369.0,200.0,User24,,
1490128413878,Mouse Moved,353.0,201.0,User24,,
1490128413894,Mouse Button.left Released,353.0,201.0,User24,,
1490128418730,Mouse Moved,357.0,201.0,User24,,
1490128418746,Mouse Moved,378.0,201.0,User24,,
1490128418760,Mouse Moved,391.0,201.0,User24,,
1490128418776,Mouse Moved,411.0,201.0,User24,,
1490128418792,Mouse Moved,466.0,205.0,User24,,
1490128418808,Mouse Moved,499.0,207.0,User24,,
1490128418823,Mouse Moved,525.0,208.0,User24,,
1490128418838,Mouse Moved,541.0,208.0,User24,,
1490128418855,Mouse Moved,551.0,209.0,User24,,
1490128418871,Mouse Moved,557.0,208.0,User24,,
1490128418885,Mouse Moved,568.0,209.0,User24,,
1490128418901,Mouse Moved,572.0,209.0,User24,,
1490128418917,Mouse Moved,572.0,208.0,User24,,
1490128419119,Mouse Moved,573.0,208.0,User24,,
1490128419135,Mouse Moved,577.0,208.0,User24,,
1490128419151,Mouse Moved,582.0,207.0,User24,,
1490128419167,Mouse Moved,587.0,207.0,User24,,
1490128419183,Mouse Moved,593.0,205.0,User24,,
1490128419197,Mouse Moved,599.0,204.0,User24,,
1490128419213,Mouse Moved,612.0,201.0,User24,,
1490128419229,Mouse Moved,619.0,200.0,User24,,
1490128419244,Mouse Moved,627.0,198.0,User24,,
1490128419260,Mouse Moved,634.0,197.0,User24,,
1490128419276,Mouse Moved,640.0,196.0,User24,,
1490128419292,Mouse Moved,646.0,195.0,User24,,
1490128419306,Mouse Moved,652.0,194.0,User24,,
1490128419322,Mouse Moved,653.0,193.0,User24,,
1490128419618,Mouse Moved,655.0,193.0,User24,,
1490128419634,Mouse Moved,657.0,192.0,User24,,
1490128419651,Mouse Moved,659.0,191.0,User24,,
1490128419665,Mouse Moved,663.0,189.0,User24,,
1490128419681,Mouse Moved,666.0,189.0,User24,,
1490128419697,Mouse Moved,668.0,187.0,User24,,
1490128419713,Mouse Moved,672.0,185.0,User24,,
1490128419729,Mouse Moved,674.0,184.0,User24,,
1490128419759,Mouse Moved,677.0,182.0,User24,,
1490128419775,Mouse Moved,678.0,182.0,User24,,
1490128419790,Mouse Moved,677.0,181.0,User24,,
1490128419822,Mouse Moved,678.0,181.0,User24,,
1490128419838,Mouse Moved,679.0,181.0,User24,,
1490128419852,Mouse Moved,679.0,180.0,User24,,
1490128419868,Mouse Moved,680.0,179.0,User24,,
1490128419884,Mouse Moved,681.0,178.0,User24,,
1490128419947,Mouse Moved,682.0,179.0,User24,,
1490128419963,Mouse Moved,681.0,178.0,User24,,
1490128419977,Mouse Moved,681.0,178.0,User24,,
1490128419993,Mouse Moved,682.0,178.0,User24,,
1490128420009,Mouse Moved,682.0,177.0,User24,,
1490128420025,Mouse Moved,683.0,177.0,User24,,
1490128420055,Mouse Moved,683.0,176.0,User24,,
1490128420072,Mouse Moved,684.0,176.0,User24,,
1490128420086,Mouse Moved,684.0,175.0,User24,,
1490128420102,Mouse Moved,685.0,175.0,User24,,
1490128420197,Mouse Moved,685.0,174.0,User24,,
1490128421788,Mouse Moved,685.0,174.0,User24,,
1490128422536,Mouse Moved,687.0,176.0,User24,,
1490128422552,Mouse Moved,689.0,179.0,User24,,
1490128422568,Mouse Moved,696.0,185.0,User24,,
1490128422598,Mouse Moved,699.0,189.0,User24,,
1490128422615,Mouse Moved,709.0,199.0,User24,,
1490128422630,Mouse Moved,712.0,202.0,User24,,
1490128422645,Mouse Moved,716.0,206.0,User24,,
1490128422661,Mouse Moved,718.0,209.0,User24,,
1490128422677,Mouse Moved,720.0,212.0,User24,,
1490128422693,Mouse Moved,721.0,213.0,User24,,
1490128422707,Mouse Moved,723.0,214.0,User24,,
1490128422739,Mouse Moved,723.0,215.0,User24,,
1490128422786,Mouse Moved,724.0,216.0,User24,,
1490128422802,Mouse Moved,725.0,217.0,User24,,
1490128422816,Mouse Moved,726.0,218.0,User24,,
1490128422832,Mouse Moved,725.0,218.0,User24,,
1490128422864,Mouse Moved,726.0,218.0,User24,,
1490128423612,Mouse Moved,726.0,218.0,User24,,
1490128423628,Mouse Button.left Released,726.0,218.0,User24,,
1490128424642,Mouse Moved,720.0,217.0,User24,,
1490128424657,Mouse Moved,706.0,215.0,User24,,
1490128424674,Mouse Moved,677.0,212.0,User24,,
1490128424688,Mouse Moved,637.0,209.0,User24,,
1490128424813,Mouse Moved,590.0,206.0,User24,,
1490128425125,Mouse Moved,282.0,273.0,User24,,
1490128425141,Mouse Moved,103.0,258.0,User24,,
1490128425266,Mouse Moved,75.0,258.0,User24,,
1490128428371,Mouse Moved,44.0,259.0,User24,,
1490128428387,Mouse Moved,51.0,258.0,User24,,
1490128428401,Mouse Moved,59.0,257.0,User24,,
1490128428417,Mouse Moved,69.0,256.0,User24,,
1490128428433,Mouse Moved,79.0,255.0,User24,,
1490128428448,Mouse Moved,89.0,253.0,User24,,
1490128428464,Mouse Moved,100.0,252.0,User24,,
1490128428480,Mouse Moved,116.0,250.0,User24,,
1490128428496,Mouse Moved,115.0,250.0,User24,,
1490128428822,Mouse Moved,116.0,245.0,User24,,
1490128428838,Mouse Moved,116.0,235.0,User24,,
1490128428855,Mouse Moved,115.0,220.0,User24,,
1490128428869,Mouse Moved,117.0,192.0,User24,,
1490128428885,Mouse Moved,120.0,132.0,User24,,
1490128428901,Mouse Moved,122.0,108.0,User24,,
1490128428917,Mouse Moved,122.0,92.0,User24,,
1490128428933,Mouse Moved,122.0,81.0,User24,,
1490128428947,Mouse Moved,122.0,75.0,User24,,
1490128429181,Mouse Moved,124.0,76.0,User24,,
1490128429197,Mouse Moved,131.0,77.0,User24,,
1490128429213,Mouse Moved,137.0,78.0,User24,,
1490128429229,Mouse Moved,144.0,81.0,User24,,
1490128429244,Mouse Moved,153.0,85.0,User24,,
1490128429259,Mouse Moved,180.0,105.0,User24,,
1490128429276,Mouse Moved,198.0,120.0,User24,,
1490128429290,Mouse Moved,219.0,139.0,User24,,
1490128429322,Mouse Moved,238.0,158.0,User24,,
1490128429338,Mouse Moved,276.0,201.0,User24,,
1490128429354,Mouse Moved,283.0,212.0,User24,,
1490128429368,Mouse Moved,289.0,221.0,User24,,
1490128429384,Mouse Moved,293.0,228.0,User24,,
1490128429401,Mouse Moved,294.0,233.0,User24,,
1490128429415,Mouse Moved,295.0,234.0,User24,,
1490128429680,Mouse Moved,302.0,247.0,User24,,
1490128429697,Mouse Moved,313.0,265.0,User24,,
1490128429713,Mouse Moved,329.0,288.0,User24,,
1490128429727,Mouse Moved,367.0,333.0,User24,,
1490128429743,Mouse Moved,384.0,353.0,User24,,
1490128429759,Mouse Moved,399.0,368.0,User24,,
1490128429775,Mouse Moved,412.0,381.0,User24,,
1490128429790,Mouse Moved,422.0,391.0,User24,,
1490128429805,Mouse Moved,436.0,404.0,User24,,
1490128429822,Mouse Moved,437.0,407.0,User24,,
1490128429836,Mouse Moved,439.0,408.0,User24,,
1490128430180,Mouse Moved,437.0,411.0,User24,,
1490128430196,Mouse Moved,433.0,416.0,User24,,
1490128430211,Mouse Moved,430.0,422.0,User24,,
1490128430226,Mouse Moved,419.0,441.0,User24,,
1490128430243,Mouse Moved,411.0,456.0,User24,,
1490128430259,Mouse Moved,397.0,482.0,User24,,
1490128430273,Mouse Moved,385.0,507.0,User24,,
1490128430289,Mouse Moved,365.0,549.0,User24,,
1490128430305,Mouse Moved,360.0,559.0,User24,,
1490128430321,Mouse Moved,356.0,567.0,User24,,
1490128430336,Mouse Moved,352.0,575.0,User24,,
1490128430680,Mouse Moved,346.0,581.0,User24,,
1490128430694,Mouse Moved,332.0,582.0,User24,,
1490128430710,Mouse Moved,303.0,583.0,User24,,
1490128430726,Mouse Moved,281.0,583.0,User24,,
1490128430742,Mouse Moved,252.0,584.0,User24,,
1490128430757,Mouse Moved,240.0,585.0,User24,,
1490128430773,Mouse Moved,231.0,586.0,User24,,
1490128430789,Mouse Moved,220.0,587.0,User24,,
1490128430805,Mouse Moved,204.0,590.0,User24,,
1490128430819,Mouse Moved,203.0,590.0,User24,,
1490128431053,Mouse Moved,224.0,584.0,User24,,
1490128431069,Mouse Moved,290.0,571.0,User24,,
1490128431085,Mouse Moved,327.0,566.0,User24,,
1490128431101,Mouse Moved,389.0,562.0,User24,,
1490128431117,Mouse Moved,413.0,561.0,User24,,
1490128431131,Mouse Moved,430.0,561.0,User24,,
1490128431148,Mouse Moved,454.0,564.0,User24,,
1490128431428,Mouse Moved,439.0,565.0,User24,,
1490128431444,Mouse Moved,368.0,570.0,User24,,
1490128431460,Mouse Moved,282.0,585.0,User24,,
1490128431474,Mouse Moved,243.0,596.0,User24,,
1490128431490,Mouse Moved,184.0,617.0,User24,,
1490128431506,Mouse Moved,162.0,626.0,User24,,
1490128431522,Mouse Moved,147.0,632.0,User24,,
1490128431538,Mouse Moved,138.0,637.0,User24,,
1490128431552,Mouse Moved,133.0,640.0,User24,,
1490128431569,Mouse Moved,131.0,641.0,User24,,
1490128431585,Mouse Moved,131.0,640.0,User24,,
1490128431772,Mouse Moved,133.0,640.0,User24,,
1490128431786,Mouse Moved,135.0,640.0,User24,,
1490128431802,Mouse Moved,140.0,640.0,User24,,
1490128431819,Mouse Moved,146.0,639.0,User24,,
1490128431834,Mouse Moved,152.0,638.0,User24,,
1490128431849,Mouse Moved,158.0,637.0,User24,,
1490128431865,Mouse Moved,180.0,631.0,User24,,
1490128431881,Mouse Moved,187.0,630.0,User24,,
1490128431897,Mouse Moved,193.0,629.0,User24,,
1490128431911,Mouse Moved,197.0,628.0,User24,,
1490128431927,Mouse Moved,200.0,627.0,User24,,
1490128431943,Mouse Moved,206.0,625.0,User24,,
1490128431959,Mouse Moved,208.0,624.0,User24,,
1490128431974,Mouse Moved,210.0,623.0,User24,,
1490128431990,Mouse Moved,211.0,623.0,User24,,
1490128432006,Mouse Moved,211.0,622.0,User24,,
1490128432020,Mouse Moved,212.0,622.0,User24,,
1490128432036,Mouse Moved,213.0,622.0,User24,,
1490128432052,Mouse Moved,213.0,621.0,User24,,
1490128432068,Mouse Moved,215.0,620.0,User24,,
1490128432084,Mouse Moved,217.0,619.0,User24,,
1490128432098,Mouse Moved,218.0,618.0,User24,,
1490128432115,Mouse Moved,222.0,617.0,User24,,
1490128432131,Mouse Moved,223.0,616.0,User24,,
1490128432145,Mouse Moved,224.0,616.0,User24,,
1490128432161,Mouse Moved,223.0,616.0,User24,,
1490128432457,Mouse Moved,223.0,616.0,User24,,
1490128433801,Mouse Moved,224.0,616.0,User24,,
1490128433832,Mouse Moved,226.0,615.0,User24,,
1490128433848,Mouse Moved,230.0,612.0,User24,,
1490128433862,Mouse Moved,233.0,609.0,User24,,
1490128433878,Mouse Moved,236.0,606.0,User24,,
1490128433894,Mouse Moved,251.0,591.0,User24,,
1490128433926,Mouse Moved,262.0,582.0,User24,,
1490128433940,Mouse Moved,287.0,560.0,User24,,
1490128433957,Mouse Moved,319.0,532.0,User24,,
1490128433971,Mouse Moved,334.0,520.0,User24,,
1490128433987,Mouse Moved,345.0,510.0,User24,,
1490128434003,Mouse Moved,351.0,505.0,User24,,
1490128434019,Mouse Moved,355.0,500.0,User24,,
1490128434035,Mouse Moved,359.0,496.0,User24,,
1490128436453,Mouse Moved,361.0,496.0,User24,,
1490128436467,Mouse Moved,363.0,496.0,User24,,
1490128436483,Mouse Moved,366.0,495.0,User24,,
1490128436500,Mouse Moved,374.0,492.0,User24,,
1490128436515,Mouse Moved,380.0,491.0,User24,,
1490128436530,Mouse Moved,401.0,484.0,User24,,
1490128436546,Mouse Moved,414.0,480.0,User24,,
1490128436562,Mouse Moved,441.0,471.0,User24,,
1490128436578,Mouse Moved,452.0,468.0,User24,,
1490128436592,Mouse Moved,464.0,464.0,User24,,
1490128436608,Mouse Moved,475.0,460.0,User24,,
1490128436624,Mouse Moved,486.0,458.0,User24,,
1490128436640,Mouse Moved,496.0,455.0,User24,,
1490128436655,Mouse Moved,506.0,452.0,User24,,
1490128436671,Mouse Moved,510.0,452.0,User24,,
1490128436687,Mouse Moved,513.0,451.0,User24,,
1490128439292,Mouse Moved,518.0,439.0,User24,,
1490128439293,Mouse Moved,527.0,421.0,User24,,
1490128439295,Mouse Moved,541.0,393.0,User24,,
1490128439296,Mouse Moved,575.0,328.0,User24,,
1490128439298,Mouse Moved,590.0,299.0,User24,,
1490128439299,Mouse Moved,602.0,275.0,User24,,
1490128439301,Mouse Moved,610.0,260.0,User24,,
1490128439302,Mouse Moved,619.0,242.0,User24,,
1490128439546,Mouse Moved,618.0,242.0,User24,,
1490128439562,Mouse Moved,615.0,241.0,User24,,
1490128439578,Mouse Moved,612.0,239.0,User24,,
1490128439591,Mouse Moved,607.0,235.0,User24,,
1490128439592,Mouse Moved,602.0,228.0,User24,,
1490128439607,Mouse Moved,596.0,222.0,User24,,
1490128439621,Mouse Moved,591.0,214.0,User24,,
1490128439637,Mouse Moved,587.0,207.0,User24,,
1490128439651,Mouse Moved,583.0,200.0,User24,,
1490128439667,Mouse Moved,579.0,193.0,User24,,
1490128439680,Mouse Moved,576.0,186.0,User24,,
1490128439681,Mouse Moved,572.0,182.0,User24,,
1490128439694,Mouse Moved,570.0,178.0,User24,,
1490128440072,Mouse Moved,569.0,178.0,User24,,
1490128440102,Mouse Moved,567.0,177.0,User24,,
1490128440104,Mouse Moved,564.0,177.0,User24,,
1490128440105,Mouse Moved,560.0,176.0,User24,,
1490128440115,Mouse Moved,555.0,174.0,User24,,
1490128440131,Mouse Moved,549.0,171.0,User24,,
1490128440145,Mouse Moved,543.0,168.0,User24,,
1490128440161,Mouse Moved,536.0,165.0,User24,,
1490128440174,Mouse Moved,530.0,161.0,User24,,
1490128440177,Mouse Moved,523.0,156.0,User24,,
1490128440191,Mouse Moved,516.0,150.0,User24,,
1490128440206,Mouse Moved,508.0,144.0,User24,,
1490128440221,Mouse Moved,502.0,138.0,User24,,
1490128440239,Mouse Moved,497.0,133.0,User24,,
1490128440252,Mouse Moved,492.0,128.0,User24,,
1490128440275,Mouse Moved,487.0,124.0,User24,,
1490128440278,Mouse Moved,483.0,120.0,User24,,
1490128440282,Mouse Moved,481.0,117.0,User24,,
1490128441331,Mouse Moved,481.0,116.0,User24,,
1490128441345,Mouse Moved,481.0,114.0,User24,,
1490128441365,Mouse Moved,482.0,110.0,User24,,
1490128441375,Mouse Moved,484.0,107.0,User24,,
1490128441391,Mouse Moved,486.0,102.0,User24,,
1490128441405,Mouse Moved,492.0,92.0,User24,,
1490128441421,Mouse Moved,495.0,87.0,User24,,
1490128441436,Mouse Moved,498.0,82.0,User24,,
1490128441450,Mouse Moved,502.0,76.0,User24,,
1490128441464,Mouse Moved,506.0,71.0,User24,,
1490128441480,Mouse Moved,513.0,60.0,User24,,
1490128441497,Mouse Moved,515.0,57.0,User24,,
1490128441512,Mouse Moved,517.0,55.0,User24,,
1490128441530,Mouse Moved,519.0,52.0,User24,,
1490128441542,Mouse Moved,521.0,49.0,User24,,
1490128441558,Mouse Moved,522.0,47.0,User24,,
1490128441585,Mouse Moved,523.0,45.0,User24,,
1490128441586,Mouse Moved,524.0,44.0,User24,,
1490128441601,Mouse Moved,525.0,43.0,User24,,
1490128441615,Mouse Moved,525.0,40.0,User24,,
1490128441631,Mouse Moved,526.0,38.0,User24,,
1490128441645,Mouse Moved,527.0,37.0,User24,,
1490128441647,Mouse Moved,527.0,35.0,User24,,
1490128441661,Mouse Moved,527.0,34.0,User24,,
1490128441676,Mouse Moved,528.0,32.0,User24,,
1490128441707,Mouse Moved,528.0,31.0,User24,,
1490128441720,Mouse Moved,529.0,30.0,User24,,
1490128441736,Mouse Moved,529.0,29.0,User24,,
1490128441766,Mouse Moved,530.0,28.0,User24,,
1490128441796,Mouse Moved,529.0,28.0,User24,,
1490128442272,Mouse Moved,529.0,28.0,User24,,
1490128442273,Mouse Button.left Pressed,529.0,28.0,User24,,
1490128442275,Mouse Button.left Released,529.0,28.0,User24,,
1490128443104,Mouse Moved,528.0,31.0,User24,,
1490128443115,Mouse Moved,525.0,34.0,User24,,
1490128443131,Mouse Moved,520.0,39.0,User24,,
1490128443145,Mouse Moved,518.0,42.0,User24,,
1490128443161,Mouse Moved,516.0,44.0,User24,,
1490128443176,Mouse Moved,514.0,47.0,User24,,
1490128443190,Mouse Moved,512.0,49.0,User24,,
1490128443207,Mouse Moved,511.0,50.0,User24,,
1490128446538,Mouse Moved,511.0,52.0,User24,,
1490128446565,Mouse Moved,510.0,53.0,User24,,
1490128446595,Mouse Moved,510.0,54.0,User24,,
1490128446627,Mouse Moved,510.0,54.0,User24,,
1490128446657,Mouse Moved,510.0,55.0,User24,,
1490128446670,Mouse Moved,509.0,56.0,User24,,
1490128446700,Mouse Moved,508.0,60.0,User24,,
1490128446717,Mouse Moved,507.0,63.0,User24,,
1490128446732,Mouse Moved,506.0,70.0,User24,,
1490128446746,Mouse Moved,505.0,79.0,User24,,
1490128446760,Mouse Moved,503.0,92.0,User24,,
1490128446776,Mouse Moved,501.0,110.0,User24,,
1490128446790,Mouse Moved,501.0,131.0,User24,,
1490128446806,Mouse Moved,502.0,154.0,User24,,
1490128446808,Mouse Moved,504.0,188.0,User24,,
1490128446821,Mouse Moved,507.0,219.0,User24,,
1490128446836,Mouse Moved,509.0,247.0,User24,,
1490128446855,Mouse Moved,512.0,272.0,User24,,
1490128446865,Mouse Moved,513.0,285.0,User24,,
1490128446881,Mouse Moved,515.0,296.0,User24,,
1490128446897,Mouse Moved,516.0,302.0,User24,,
1490128446924,Mouse Moved,515.0,302.0,User24,,
1490128447180,Mouse Moved,515.0,303.0,User24,,
1490128447196,Mouse Moved,515.0,304.0,User24,,
1490128447211,Mouse Moved,514.0,306.0,User24,,
1490128447227,Mouse Moved,514.0,307.0,User24,,
1490128447240,Mouse Moved,513.0,307.0,User24,,
1490128447256,Mouse Moved,512.0,308.0,User24,,
1490128447286,Mouse Moved,511.0,309.0,User24,,
1490128447302,Mouse Moved,510.0,310.0,User24,,
1490128447315,Mouse Moved,510.0,311.0,User24,,
1490128447332,Mouse Moved,509.0,311.0,User24,,
1490128447345,Mouse Moved,509.0,312.0,User24,,
1490128448190,Mouse Moved,508.0,311.0,User24,,
1490128448204,Mouse Moved,506.0,310.0,User24,,
1490128448217,Mouse Moved,504.0,309.0,User24,,
1490128448232,Mouse Moved,496.0,305.0,User24,,
1490128448246,Mouse Moved,491.0,303.0,User24,,
1490128448263,Mouse Moved,485.0,299.0,User24,,
1490128448276,Mouse Moved,478.0,296.0,User24,,
1490128448292,Mouse Moved,472.0,292.0,User24,,
1490128448306,Mouse Moved,460.0,288.0,User24,,
1490128448321,Mouse Moved,453.0,285.0,User24,,
1490128448336,Mouse Moved,448.0,282.0,User24,,
1490128448351,Mouse Moved,442.0,280.0,User24,,
1490128448365,Mouse Moved,437.0,278.0,User24,,
1490128448394,Mouse Moved,431.0,275.0,User24,,
1490128448395,Mouse Moved,429.0,274.0,User24,,
1490128448411,Mouse Moved,427.0,274.0,User24,,
1490128448428,Mouse Moved,425.0,273.0,User24,,
1490128448457,Mouse Moved,424.0,272.0,User24,,
1490128448648,Mouse Moved,424.0,273.0,User24,,
1490128448654,Mouse Moved,423.0,274.0,User24,,
1490128448667,Mouse Moved,423.0,275.0,User24,,
1490128448680,Mouse Moved,423.0,276.0,User24,,
1490128448726,Mouse Moved,422.0,277.0,User24,,
1490128448740,Mouse Moved,421.0,279.0,User24,,
1490128448756,Mouse Moved,421.0,280.0,User24,,
1490128448772,Mouse Moved,420.0,281.0,User24,,
1490128448786,Mouse Moved,419.0,283.0,User24,,
1490128448802,Mouse Moved,419.0,284.0,User24,,
1490128448816,Mouse Moved,418.0,286.0,User24,,
1490128448831,Mouse Moved,418.0,290.0,User24,,
1490128448846,Mouse Moved,417.0,292.0,User24,,
1490128448861,Mouse Moved,416.0,293.0,User24,,
1490128448891,Mouse Moved,416.0,294.0,User24,,
1490128448921,Mouse Moved,418.0,296.0,User24,,
1490128448937,Mouse Moved,419.0,297.0,User24,,
1490128448950,Mouse Moved,421.0,297.0,User24,,
1490128448973,Mouse Moved,425.0,299.0,User24,,
1490128448980,Mouse Moved,430.0,300.0,User24,,
1490128448996,Mouse Moved,436.0,301.0,User24,,
1490128449010,Mouse Moved,443.0,303.0,User24,,
1490128449025,Mouse Moved,452.0,304.0,User24,,
1490128449043,Mouse Moved,462.0,306.0,User24,,
1490128449055,Mouse Moved,473.0,306.0,User24,,
1490128449072,Mouse Moved,491.0,305.0,User24,,
1490128449085,Mouse Moved,498.0,304.0,User24,,
1490128449101,Mouse Moved,504.0,303.0,User24,,
1490128449115,Mouse Moved,514.0,301.0,User24,,
1490128449131,Mouse Moved,517.0,300.0,User24,,
1490128449147,Mouse Moved,519.0,300.0,User24,,
1490128449161,Mouse Moved,522.0,299.0,User24,,
1490128449177,Mouse Moved,524.0,298.0,User24,,
1490128449190,Mouse Moved,526.0,297.0,User24,,
1490128449206,Mouse Moved,525.0,297.0,User24,,
1490128449221,Mouse Moved,525.0,296.0,User24,,
1490128449236,Mouse Moved,523.0,295.0,User24,,
1490128449252,Mouse Moved,518.0,292.0,User24,,
1490128449267,Mouse Moved,512.0,291.0,User24,,
1490128449280,Mouse Moved,497.0,287.0,User24,,
1490128449296,Mouse Moved,489.0,285.0,User24,,
1490128449315,Mouse Moved,479.0,284.0,User24,,
1490128449334,Mouse Moved,469.0,283.0,User24,,
1490128449342,Mouse Moved,460.0,281.0,User24,,
1490128449359,Mouse Moved,445.0,280.0,User24,,
1490128449371,Mouse Moved,439.0,279.0,User24,,
1490128449391,Mouse Moved,435.0,279.0,User24,,
1490128449401,Mouse Moved,430.0,278.0,User24,,
1490128449519,Mouse Moved,426.0,277.0,User24,,
1490128449520,Mouse Moved,423.0,277.0,User24,,
1490128449522,Mouse Moved,418.0,275.0,User24,,
1490128449523,Mouse Moved,416.0,275.0,User24,,
1490128449525,Mouse Moved,412.0,274.0,User24,,
1490128449526,Mouse Moved,411.0,274.0,User24,,
1490128449688,Mouse Moved,410.0,274.0,User24,,
1490128449690,Mouse Moved,409.0,274.0,User24,,
1490128449825,Mouse Moved,409.0,274.0,User24,,
1490128451607,Mouse Moved,410.0,275.0,User24,,
1490128451634,Mouse Moved,411.0,275.0,User24,,
1490128451637,Mouse Moved,413.0,275.0,User24,,
1490128451638,Mouse Moved,415.0,275.0,User24,,
1490128451651,Mouse Moved,417.0,274.0,User24,,
1490128451665,Mouse Moved,423.0,274.0,User24,,
1490128451684,Mouse Moved,428.0,274.0,User24,,
1490128451696,Mouse Moved,434.0,274.0,User24,,
1490128451711,Mouse Moved,440.0,274.0,User24,,
1490128451838,Mouse Moved,449.0,274.0,User24,,
1490128451839,Mouse Moved,458.0,276.0,User24,,
1490128451841,Mouse Moved,468.0,278.0,User24,,
1490128451842,Mouse Moved,478.0,280.0,User24,,
1490128451844,Mouse Moved,493.0,284.0,User24,,
1490128451845,Mouse Moved,499.0,286.0,User24,,
1490128451846,Mouse Moved,520.0,294.0,User24,,
1490128451855,Mouse Moved,527.0,297.0,User24,,
1490128451862,Mouse Moved,534.0,300.0,User24,,
1490128451898,Mouse Moved,545.0,307.0,User24,,
1490128451904,Mouse Moved,573.0,322.0,User24,,
1490128451921,Mouse Moved,600.0,339.0,User24,,
1490128451936,Mouse Moved,612.0,347.0,User24,,
1490128451950,Mouse Moved,620.0,352.0,User24,,
1490128451979,Mouse Moved,619.0,352.0,User24,,
1490128452207,Mouse Moved,645.0,368.0,User24,,
1490128452221,Mouse Moved,679.0,386.0,User24,,
1490128452236,Mouse Moved,713.0,405.0,User24,,
1490128452250,Mouse Moved,764.0,433.0,User24,,
1490128452266,Mouse Moved,778.0,440.0,User24,,
1490128452282,Mouse Moved,786.0,446.0,User24,,
1490128452296,Mouse Moved,791.0,450.0,User24,,
1490128452311,Mouse Moved,794.0,452.0,User24,,
1490128452328,Mouse Moved,794.0,453.0,User24,,
1490128452506,Mouse Moved,822.0,464.0,User24,,
1490128452520,Mouse Moved,862.0,480.0,User24,,
1490128452536,Mouse Moved,904.0,496.0,User24,,
1490128452552,Mouse Moved,950.0,515.0,User24,,
1490128452565,Mouse Moved,985.0,529.0,User24,,
1490128452584,Mouse Moved,1030.0,547.0,User24,,
1490128452595,Mouse Moved,1035.0,550.0,User24,,
1490128452611,Mouse Moved,1038.0,551.0,User24,,
1490128452792,Mouse Moved,1076.0,556.0,User24,,
1490128452808,Mouse Moved,1104.0,562.0,User24,,
1490128452821,Mouse Moved,1131.0,570.0,User24,,
1490128452836,Mouse Moved,1153.0,578.0,User24,,
1490128452851,Mouse Moved,1176.0,590.0,User24,,
1490128452865,Mouse Moved,1179.0,593.0,User24,,
1490128453030,Mouse Moved,1177.0,595.0,User24,,
1490128453048,Mouse Moved,1177.0,597.0,User24,,
1490128453061,Mouse Moved,1175.0,599.0,User24,,
1490128453075,Mouse Moved,1174.0,600.0,User24,,
1490128453092,Mouse Moved,1172.0,603.0,User24,,
1490128453108,Mouse Moved,1170.0,605.0,User24,,
1490128453121,Mouse Moved,1168.0,608.0,User24,,
1490128453138,Mouse Moved,1166.0,610.0,User24,,
1490128453151,Mouse Moved,1165.0,612.0,User24,,
1490128453165,Mouse Moved,1163.0,614.0,User24,,
1490128453167,Mouse Moved,1162.0,615.0,User24,,
1490128453180,Mouse Moved,1162.0,616.0,User24,,
1490128453197,Mouse Moved,1160.0,618.0,User24,,
1490128453210,Mouse Moved,1159.0,619.0,User24,,
1490128453226,Mouse Moved,1159.0,620.0,User24,,
1490128453242,Mouse Moved,1158.0,621.0,User24,,
1490128453272,Mouse Moved,1158.0,622.0,User24,,
1490128453286,Mouse Moved,1158.0,623.0,User24,,
1490128453302,Mouse Moved,1157.0,623.0,User24,,
1490128453348,Mouse Moved,1156.0,625.0,User24,,
1490128453361,Mouse Moved,1156.0,626.0,User24,,
1490128453377,Mouse Moved,1156.0,627.0,User24,,
1490128453378,Mouse Moved,1155.0,628.0,User24,,
1490128453391,Mouse Moved,1155.0,629.0,User24,,
1490128453405,Mouse Moved,1154.0,629.0,User24,,
1490128453726,Mouse Moved,1154.0,629.0,User24,,
1490128453730,Mouse Moved,1154.0,629.0,User24,,
1490128453732,Mouse Button.left Released,1154.0,629.0,User24,,
1490128454605,Mouse Moved,1154.0,627.0,User24,,
1490128454607,Mouse Moved,1153.0,625.0,User24,,
1490128454622,Mouse Moved,1153.0,622.0,User24,,
1490128454642,Mouse Moved,1153.0,619.0,User24,,
1490128454651,Mouse Moved,1153.0,615.0,User24,,
1490128454667,Mouse Moved,1152.0,610.0,User24,,
1490128454683,Mouse Moved,1152.0,605.0,User24,,
1490128454684,Mouse Moved,1152.0,602.0,User24,,
1490128454698,Mouse Moved,1152.0,598.0,User24,,
1490128454716,Mouse Moved,1152.0,594.0,User24,,
1490128454726,Mouse Moved,1152.0,590.0,User24,,
1490128454743,Mouse Moved,1152.0,584.0,User24,,
1490128454756,Mouse Moved,1152.0,578.0,User24,,
1490128454757,Mouse Moved,1152.0,572.0,User24,,
1490128454770,Mouse Moved,1152.0,566.0,User24,,
1490128454786,Mouse Moved,1152.0,562.0,User24,,
1490128454802,Mouse Moved,1151.0,557.0,User24,,
1490128454816,Mouse Moved,1151.0,553.0,User24,,
1490128454831,Mouse Moved,1151.0,550.0,User24,,
1490128454846,Mouse Moved,1151.0,547.0,User24,,
1490128454848,Mouse Moved,1151.0,545.0,User24,,
1490128454861,Mouse Moved,1151.0,544.0,User24,,
1490128454881,Mouse Moved,1150.0,542.0,User24,,
1490128454913,Mouse Moved,1150.0,541.0,User24,,
1490128454921,Mouse Moved,1150.0,540.0,User24,,
1490128454936,Mouse Moved,1150.0,539.0,User24,,
1490128455551,Mouse Moved,1148.0,539.0,User24,,
1490128455565,Mouse Moved,1145.0,539.0,User24,,
1490128455566,Mouse Moved,1141.0,539.0,User24,,
1490128455582,Mouse Moved,1136.0,539.0,User24,,
1490128455596,Mouse Moved,1132.0,539.0,User24,,
1490128455612,Mouse Moved,1126.0,539.0,User24,,
1490128455627,Mouse Moved,1119.0,538.0,User24,,
1490128455628,Mouse Moved,1112.0,539.0,User24,,
1490128455642,Mouse Moved,1105.0,538.0,User24,,
1490128455657,Mouse Moved,1098.0,538.0,User24,,
1490128455671,Mouse Moved,1093.0,538.0,User24,,
1490128455686,Mouse Moved,1089.0,538.0,User24,,
1490128455700,Mouse Moved,1085.0,538.0,User24,,
1490128455716,Mouse Moved,1081.0,538.0,User24,,
1490128455730,Mouse Moved,1079.0,538.0,User24,,
1490128455732,Mouse Moved,1077.0,538.0,User24,,
1490128455763,Mouse Moved,1076.0,538.0,User24,,
1490128456209,Mouse Moved,1076.0,538.0,User24,,
1490128456210,Mouse Button.left Pressed,1076.0,538.0,User24,,
1490128456211,Mouse Button.left Released,1076.0,538.0,User24,,
1490128456450,Mouse Moved,1068.0,535.0,User24,,
1490128456466,Mouse Moved,1054.0,530.0,User24,,
1490128456483,Mouse Moved,989.0,509.0,User24,,
1490128456496,Mouse Moved,948.0,496.0,User24,,
1490128456513,Mouse Moved,906.0,484.0,User24,,
1490128456526,Mouse Moved,868.0,473.0,User24,,
1490128456542,Mouse Moved,807.0,459.0,User24,,
1490128456556,Mouse Moved,787.0,454.0,User24,,
1490128456571,Mouse Moved,775.0,452.0,User24,,
1490128456585,Mouse Moved,769.0,451.0,User24,,
1490128456601,Mouse Moved,765.0,451.0,User24,,
1490128456618,Mouse Moved,764.0,450.0,User24,,
1490128456631,Mouse Moved,763.0,450.0,User24,,
1490128456944,Mouse Moved,763.0,450.0,User24,,
1490128456946,Mouse Moved,763.0,450.0,User24,,
1490128456947,Mouse Button.left Released,763.0,450.0,User24,,
1490128457095,Mouse Moved,763.0,447.0,User24,,
1490128457111,Mouse Moved,762.0,442.0,User24,,
1490128457125,Mouse Moved,762.0,436.0,User24,,
1490128457127,Mouse Moved,762.0,428.0,User24,,
1490128457141,Mouse Moved,763.0,420.0,User24,,
1490128457157,Mouse Moved,764.0,409.0,User24,,
1490128457171,Mouse Moved,765.0,396.0,User24,,
1490128457187,Mouse Moved,767.0,385.0,User24,,
1490128457200,Mouse Moved,770.0,375.0,User24,,
1490128457216,Mouse Moved,772.0,365.0,User24,,
1490128457232,Mouse Moved,773.0,357.0,User24,,
1490128457246,Mouse Moved,776.0,349.0,User24,,
1490128457262,Mouse Moved,778.0,342.0,User24,,
1490128457276,Mouse Moved,779.0,337.0,User24,,
1490128457303,Mouse Moved,780.0,332.0,User24,,
1490128457305,Mouse Moved,782.0,329.0,User24,,
1490128457321,Mouse Moved,783.0,325.0,User24,,
1490128457338,Mouse Moved,783.0,323.0,User24,,
1490128457367,Mouse Moved,783.0,322.0,User24,,
1490128457381,Mouse Moved,784.0,321.0,User24,,
1490128457382,Mouse Moved,784.0,320.0,User24,,
1490128457411,Mouse Moved,784.0,319.0,User24,,
1490128457440,Mouse Moved,784.0,318.0,User24,,
1490128457471,Mouse Moved,784.0,317.0,User24,,
1490128457473,Mouse Moved,785.0,317.0,User24,,
1490128457486,Mouse Moved,785.0,316.0,User24,,
1490128457502,Mouse Moved,785.0,314.0,User24,,
1490128457532,Mouse Moved,786.0,312.0,User24,,
1490128457546,Mouse Moved,787.0,311.0,User24,,
1490128457562,Mouse Moved,788.0,310.0,User24,,
1490128457575,Mouse Moved,787.0,310.0,User24,,
1490128457592,Mouse Moved,787.0,309.0,User24,,
1490128458170,Mouse Moved,787.0,309.0,User24,,
1490128458171,Mouse Button.left Pressed,787.0,309.0,User24,,
1490128458173,Mouse Button.left Released,787.0,309.0,User24,,
1490128458701,Mouse Moved,788.0,310.0,User24,,
1490128458716,Mouse Moved,787.0,311.0,User24,,
1490128458730,Mouse Moved,785.0,312.0,User24,,
1490128458747,Mouse Moved,784.0,312.0,User24,,
1490128458762,Mouse Moved,782.0,313.0,User24,,
1490128458775,Mouse Moved,780.0,314.0,User24,,
1490128458790,Mouse Moved,773.0,315.0,User24,,
1490128458805,Mouse Moved,770.0,316.0,User24,,
1490128458821,Mouse Moved,767.0,317.0,User24,,
1490128458835,Mouse Moved,764.0,317.0,User24,,
1490128458849,Mouse Moved,763.0,318.0,User24,,
1490128458865,Mouse Moved,762.0,319.0,User24,,
1490128458881,Mouse Moved,759.0,319.0,User24,,
1490128458897,Mouse Moved,758.0,319.0,User24,,
1490128458911,Mouse Moved,758.0,320.0,User24,,
1490128458926,Mouse Moved,757.0,320.0,User24,,
1490128458940,Mouse Moved,756.0,321.0,User24,,
1490128458956,Mouse Moved,755.0,322.0,User24,,
1490128458970,Mouse Moved,752.0,325.0,User24,,
1490128458986,Mouse Moved,749.0,327.0,User24,,
1490128459003,Mouse Moved,746.0,330.0,User24,,
1490128459016,Mouse Moved,741.0,334.0,User24,,
1490128459032,Mouse Moved,736.0,338.0,User24,,
1490128459046,Mouse Moved,732.0,341.0,User24,,
1490128459062,Mouse Moved,724.0,346.0,User24,,
1490128459286,Mouse Moved,720.0,346.0,User24,,
1490128459302,Mouse Moved,702.0,352.0,User24,,
1490128459318,Mouse Moved,677.0,363.0,User24,,
1490128459332,Mouse Moved,646.0,377.0,User24,,
1490128459348,Mouse Moved,614.0,394.0,User24,,
1490128459361,Mouse Moved,582.0,413.0,User24,,
1490128459377,Mouse Moved,556.0,431.0,User24,,
1490128459391,Mouse Moved,533.0,447.0,User24,,
1490128459405,Mouse Moved,514.0,461.0,User24,,
1490128459421,Mouse Moved,497.0,474.0,User24,,
1490128459436,Mouse Moved,489.0,481.0,User24,,
1490128459437,Mouse Moved,483.0,485.0,User24,,
1490128459690,Mouse Moved,483.0,487.0,User24,,
1490128459707,Mouse Moved,482.0,488.0,User24,,
1490128459720,Mouse Moved,480.0,490.0,User24,,
1490128459736,Mouse Moved,478.0,491.0,User24,,
1490128459752,Mouse Moved,474.0,495.0,User24,,
1490128459766,Mouse Moved,472.0,497.0,User24,,
1490128459780,Mouse Moved,471.0,498.0,User24,,
1490128459796,Mouse Moved,470.0,499.0,User24,,
1490128459812,Mouse Moved,468.0,501.0,User24,,
1490128459828,Mouse Moved,466.0,503.0,User24,,
1490128459841,Mouse Moved,464.0,505.0,User24,,
1490128459875,Mouse Moved,463.0,506.0,User24,,
1490128459901,Mouse Moved,462.0,507.0,User24,,
1490128459903,Mouse Moved,462.0,506.0,User24,,
1490128460249,Mouse Moved,461.0,507.0,User24,,
1490128460250,Mouse Moved,461.0,508.0,User24,,
1490128460263,Mouse Moved,460.0,509.0,User24,,
1490128460292,Mouse Moved,460.0,510.0,User24,,
1490128460306,Mouse Moved,460.0,513.0,User24,,
1490128460321,Mouse Moved,460.0,514.0,User24,,
1490128460336,Mouse Moved,461.0,516.0,User24,,
1490128460351,Mouse Moved,462.0,518.0,User24,,
1490128460378,Mouse Moved,463.0,522.0,User24,,
1490128460381,Mouse Moved,463.0,525.0,User24,,
1490128460398,Mouse Moved,463.0,527.0,User24,,
1490128460413,Mouse Moved,463.0,526.0,User24,,
1490128464267,Mouse Moved,569.0,527.0,User24,1280.0,644.0
1490128464269,Mouse Moved,570.0,526.0,User24,,
1490128464282,Mouse Moved,567.0,522.0,User24,,
1490128464296,Mouse Moved,563.0,520.0,User24,,
1490128464431,Mouse Moved,558.0,520.0,User24,,
1490128464433,Mouse Moved,549.0,520.0,User24,,
1490128464434,Mouse Moved,539.0,520.0,User24,,
1490128464436,Mouse Moved,505.0,526.0,User24,,
1490128464437,Mouse Moved,494.0,528.0,User24,,
1490128464438,Mouse Moved,475.0,532.0,User24,,
1490128464446,Mouse Moved,467.0,533.0,User24,,
1490128464743,Mouse Moved,465.0,533.0,User24,,
1490128464744,Mouse Moved,462.0,532.0,User24,,
1490128464746,Mouse Moved,457.0,532.0,User24,,
1490128464750,Mouse Moved,448.0,531.0,User24,,
1490128464752,Mouse Moved,444.0,531.0,User24,,
1490128464762,Mouse Moved,440.0,530.0,User24,,
1490128464834,Mouse Moved,431.0,529.0,User24,,
1490128464835,Mouse Moved,427.0,528.0,User24,,
1490128464836,Mouse Moved,419.0,526.0,User24,,
1490128464838,Mouse Moved,417.0,526.0,User24,,
1490128464851,Mouse Moved,415.0,525.0,User24,,
1490128464867,Mouse Moved,411.0,524.0,User24,,
1490128464881,Mouse Moved,410.0,525.0,User24,,
1490128464895,Mouse Moved,410.0,524.0,User24,,
1490128464911,Mouse Moved,409.0,524.0,User24,,
1490128465309,Mouse Moved,409.0,524.0,User24,,
1490128465311,Mouse Button.left Released,409.0,524.0,User24,,
1490128466171,Mouse Moved,415.0,520.0,User24,,
1490128466173,Mouse Moved,427.0,512.0,User24,,
1490128466187,Mouse Moved,446.0,500.0,User24,,
1490128466200,Mouse Moved,476.0,482.0,User24,,
1490128466217,Mouse Moved,509.0,464.0,User24,,
1490128466232,Mouse Moved,571.0,434.0,User24,,
1490128466247,Mouse Moved,595.0,425.0,User24,,
1490128466263,Mouse Moved,615.0,417.0,User24,,
1490128466276,Mouse Moved,628.0,412.0,User24,,
1490128466290,Mouse Moved,638.0,408.0,User24,,
1490128466306,Mouse Moved,643.0,407.0,User24,,
1490128466331,Mouse Moved,646.0,406.0,User24,,
1490128466332,Mouse Moved,647.0,406.0,User24,,
1490128466562,Mouse Moved,654.0,412.0,User24,,
1490128466578,Mouse Moved,661.0,421.0,User24,,
1490128466592,Mouse Moved,680.0,442.0,User24,,
1490128466605,Mouse Moved,690.0,454.0,User24,,
1490128466621,Mouse Moved,698.0,466.0,User24,,
1490128466637,Mouse Moved,705.0,478.0,User24,,
1490128466651,Mouse Moved,710.0,486.0,User24,,
1490128466665,Mouse Moved,719.0,504.0,User24,,
1490128466680,Mouse Moved,721.0,510.0,User24,,
1490128467043,Mouse Moved,722.0,510.0,User24,,
1490128467056,Mouse Moved,723.0,511.0,User24,,
1490128467071,Mouse Moved,724.0,511.0,User24,,
1490128467088,Mouse Moved,726.0,512.0,User24,,
1490128467131,Mouse Moved,728.0,514.0,User24,,
1490128467157,Mouse Moved,728.0,515.0,User24,,
1490128467163,Mouse Moved,728.0,514.0,User24,,
1490128467510,Mouse Moved,728.0,514.0,User24,,
1490128467512,Mouse Button.left Pressed,728.0,514.0,User24,,
1490128467513,Mouse Moved,728.0,514.0,User24,,
1490128476726,Mouse Moved,732.0,510.0,User24,,
1490128476727,Mouse Moved,777.0,457.0,User24,,
1490128476729,Mouse Moved,803.0,424.0,User24,,
1490128476733,Mouse Moved,851.0,365.0,User24,,
1490128476798,Mouse Moved,879.0,327.0,User24,,
1490128476799,Mouse Moved,886.0,317.0,User24,,
1490128476801,Mouse Moved,895.0,305.0,User24,,
1490128476806,Mouse Moved,897.0,302.0,User24,,
1490128477030,Mouse Moved,897.0,298.0,User24,,
1490128477046,Mouse Moved,903.0,286.0,User24,,
1490128477071,Mouse Moved,908.0,275.0,User24,,
1490128477076,Mouse Moved,915.0,260.0,User24,,
1490128477092,Mouse Moved,926.0,240.0,User24,,
1490128477105,Mouse Moved,943.0,212.0,User24,,
1490128477121,Mouse Moved,975.0,163.0,User24,,
1490128477135,Mouse Moved,988.0,145.0,User24,,
1490128477153,Mouse Moved,993.0,137.0,User24,,
1490128477165,Mouse Moved,998.0,131.0,User24,,
1490128477181,Mouse Moved,1001.0,126.0,User24,,
1490128477450,Mouse Moved,1002.0,127.0,User24,,
1490128477466,Mouse Moved,1003.0,126.0,User24,,
1490128477467,Mouse Moved,1003.0,125.0,User24,,
1490128477482,Mouse Moved,1004.0,125.0,User24,,
1490128477497,Mouse Moved,1004.0,124.0,User24,,
1490128477512,Mouse Moved,1005.0,123.0,User24,,
1490128477526,Mouse Moved,1005.0,122.0,User24,,
1490128477543,Mouse Moved,1006.0,122.0,User24,,
1490128477558,Mouse Moved,1005.0,122.0,User24,,
1490128477572,Mouse Moved,1006.0,121.0,User24,,
1490128478223,Mouse Moved,1006.0,121.0,User24,,
1490128478224,Mouse Moved,1006.0,121.0,User24,,
1490128478621,Mouse Moved,1004.0,123.0,User24,,
1490128478635,Mouse Moved,1000.0,124.0,User24,,
1490128478651,Mouse Moved,988.0,128.0,User24,,
1490128478670,Mouse Moved,969.0,137.0,User24,,
1490128478680,Mouse Moved,937.0,150.0,User24,,
1490128478697,Mouse Moved,889.0,176.0,User24,,
1490128478711,Mouse Moved,844.0,203.0,User24,,
1490128478726,Mouse Moved,802.0,232.0,User24,,
1490128478727,Mouse Moved,764.0,261.0,User24,,
1490128478742,Mouse Moved,741.0,281.0,User24,,
1490128478756,Mouse Moved,723.0,296.0,User24,,
1490128478772,Mouse Moved,708.0,311.0,User24,,
1490128478786,Mouse Moved,697.0,321.0,User24,,
1490128478808,Mouse Moved,691.0,326.0,User24,,
1490128479180,Mouse Moved,690.0,326.0,User24,,
1490128479191,Mouse Moved,688.0,327.0,User24,,
1490128479207,Mouse Moved,683.0,327.0,User24,,
1490128479209,Mouse Moved,679.0,328.0,User24,,
1490128479221,Mouse Moved,674.0,328.0,User24,,
1490128479236,Mouse Moved,666.0,328.0,User24,,
1490128479252,Mouse Moved,653.0,329.0,User24,,
1490128479266,Mouse Moved,640.0,330.0,User24,,
1490128479282,Mouse Moved,623.0,330.0,User24,,
1490128479296,Mouse Moved,596.0,331.0,User24,,
1490128479312,Mouse Moved,585.0,332.0,User24,,
1490128479326,Mouse Moved,576.0,332.0,User24,,
1490128479342,Mouse Moved,565.0,331.0,User24,,
1490128479358,Mouse Moved,556.0,330.0,User24,,
1490128479372,Mouse Moved,548.0,328.0,User24,,
1490128479387,Mouse Moved,542.0,326.0,User24,,
1490128479388,Mouse Moved,538.0,325.0,User24,,
1490128479401,Mouse Moved,535.0,323.0,User24,,
1490128479420,Mouse Moved,533.0,322.0,User24,,
1490128479431,Mouse Moved,533.0,321.0,User24,,
1490128479973,Mouse Moved,531.0,321.0,User24,,
1490128479987,Mouse Moved,529.0,321.0,User24,,
1490128480002,Mouse Moved,526.0,322.0,User24,,
1490128480016,Mouse Moved,521.0,323.0,User24,,
1490128480036,Mouse Moved,517.0,325.0,User24,,
1490128480046,Mouse Moved,512.0,326.0,User24,,
1490128480062,Mouse Moved,504.0,329.0,User24,,
1490128480075,Mouse Moved,501.0,330.0,User24,,
1490128480091,Mouse Moved,498.0,332.0,User24,,
1490128480111,Mouse Moved,495.0,332.0,User24,,
1490128480121,Mouse Moved,493.0,333.0,User24,,
1490128480137,Mouse Moved,491.0,334.0,User24,,
1490128480151,Mouse Moved,490.0,334.0,User24,,
1490128480167,Mouse Moved,490.0,335.0,User24,,
1490128480180,Mouse Moved,489.0,336.0,User24,,
1490128480211,Mouse Moved,490.0,338.0,User24,,
1490128480227,Mouse Moved,490.0,341.0,User24,,
1490128480243,Mouse Moved,491.0,343.0,User24,,
1490128480267,Mouse Moved,491.0,345.0,User24,,
1490128480273,Mouse Moved,491.0,347.0,User24,,
1490128480288,Mouse Moved,492.0,349.0,User24,,
1490128480301,Mouse Moved,492.0,350.0,User24,,
1490128480318,Mouse Moved,492.0,353.0,User24,,
1490128480334,Mouse Moved,492.0,354.0,User24,,
1490128480345,Mouse Moved,491.0,356.0,User24,,
1490128480361,Mouse Moved,492.0,357.0,User24,,
1490128480377,Mouse Moved,492.0,358.0,User24,,
1490128480392,Mouse Moved,492.0,359.0,User24,,
1490128480407,Mouse Moved,492.0,359.0,User24,,
1490128480548,Mouse Moved,493.0,358.0,User24,,
1490128480555,Mouse Moved,494.0,357.0,User24,,
1490128480572,Mouse Moved,495.0,355.0,User24,,
1490128480586,Mouse Moved,497.0,353.0,User24,,
1490128480602,Mouse Moved,500.0,347.0,User24,,
1490128480617,Mouse Moved,502.0,343.0,User24,,
1490128480631,Mouse Moved,504.0,340.0,User24,,
1490128480645,Mouse Moved,506.0,337.0,User24,,
1490128480663,Mouse Moved,509.0,333.0,User24,,
1490128480691,Mouse Moved,510.0,332.0,User24,,
1490128480709,Mouse Moved,511.0,331.0,User24,,
1490128480721,Mouse Moved,512.0,330.0,User24,,
1490128480737,Mouse Moved,513.0,328.0,User24,,
1490128480766,Mouse Moved,514.0,326.0,User24,,
1490128480782,Mouse Moved,515.0,326.0,User24,,
1490128480871,Mouse Moved,515.0,325.0,User24,,
1490128480887,Mouse Moved,516.0,325.0,User24,,
1490128480901,Mouse Moved,517.0,324.0,User24,,
1490128480917,Mouse Moved,517.0,323.0,User24,,
1490128480947,Mouse Moved,517.0,322.0,User24,,
1490128480963,Mouse Moved,517.0,323.0,User24,,
1490128480976,Mouse Moved,517.0,322.0,User24,,
1490128481006,Mouse Moved,518.0,322.0,User24,,
1490128481022,Mouse Moved,518.0,321.0,User24,,
1490128481111,Mouse Moved,519.0,321.0,User24,,
1490128511296,Mouse Moved,518.0,321.0,User24,,
1490128511309,Mouse Moved,518.0,320.0,User24,,
1490128511323,Mouse Moved,517.0,318.0,User24,,
1490128511338,Mouse Moved,516.0,317.0,User24,,
1490128511352,Mouse Moved,515.0,315.0,User24,,
1490128511367,Mouse Moved,516.0,314.0,User24,,
1490128511382,Mouse Moved,515.0,313.0,User24,,
1490128511398,Mouse Moved,515.0,312.0,User24,,
1490128511762,Mouse Moved,515.0,312.0,User24,,
1490128511763,Mouse Button.left Pressed,515.0,312.0,User24,,
1490128511766,Mouse Button.left Released,515.0,312.0,User24,,
1490128512552,Mouse Moved,547.0,298.0,User24,,
1490128512566,Mouse Moved,594.0,279.0,User24,,
1490128512582,Mouse Moved,646.0,261.0,User24,,
1490128512596,Mouse Moved,700.0,246.0,User24,,
1490128512598,Mouse Moved,752.0,233.0,User24,,
1490128512611,Mouse Moved,795.0,224.0,User24,,
1490128512628,Mouse Moved,831.0,217.0,User24,,
1490128512642,Mouse Moved,854.0,214.0,User24,,
1490128512660,Mouse Moved,864.0,213.0,User24,,
1490128512673,Mouse Moved,864.0,212.0,User24,,
1490128512852,Mouse Moved,876.0,204.0,User24,,
1490128512854,Mouse Moved,889.0,194.0,User24,,
1490128512868,Mouse Moved,900.0,186.0,User24,,
1490128512881,Mouse Moved,909.0,181.0,User24,,
1490128512898,Mouse Moved,918.0,175.0,User24,,
1490128512913,Mouse Moved,925.0,169.0,User24,,
1490128512927,Mouse Moved,932.0,164.0,User24,,
1490128512943,Mouse Moved,939.0,159.0,User24,,
1490128512957,Mouse Moved,944.0,156.0,User24,,
1490128512974,Mouse Moved,949.0,152.0,User24,,
1490128512987,Mouse Moved,955.0,148.0,User24,,
1490128513002,Mouse Moved,961.0,145.0,User24,,
1490128513017,Mouse Moved,966.0,142.0,User24,,
1490128513019,Mouse Moved,971.0,139.0,User24,,
1490128513032,Mouse Moved,977.0,136.0,User24,,
1490128513048,Mouse Moved,981.0,134.0,User24,,
1490128513062,Mouse Moved,986.0,132.0,User24,,
1490128513076,Mouse Moved,989.0,130.0,User24,,
1490128513092,Mouse Moved,992.0,129.0,User24,,
1490128513107,Mouse Moved,995.0,128.0,User24,,
1490128513122,Mouse Moved,997.0,127.0,User24,,
1490128513124,Mouse Moved,999.0,127.0,User24,,
1490128513138,Mouse Moved,1000.0,127.0,User24,,
1490128513153,Mouse Moved,1002.0,126.0,User24,,
1490128513167,Mouse Moved,1004.0,125.0,User24,,
1490128513183,Mouse Moved,1005.0,125.0,User24,,
1490128513206,Mouse Moved,1006.0,124.0,User24,,
1490128513207,Mouse Moved,1007.0,125.0,User24,,
1490128513213,Mouse Moved,1007.0,124.0,User24,,
1490128513520,Mouse Moved,1007.0,124.0,User24,,
1490128513522,Mouse Button.left Pressed,1007.0,124.0,User24,,
1490128513638,Mouse Moved,1007.0,124.0,User24,,
1490128514187,Mouse Moved,1006.0,125.0,User24,,
1490128514188,Mouse Moved,1003.0,126.0,User24,,
1490128514305,Mouse Moved,1000.0,126.0,User24,,
1490128514306,Mouse Moved,994.0,127.0,User24,,
1490128514308,Mouse Moved,986.0,129.0,User24,,
1490128514309,Mouse Moved,974.0,131.0,User24,,
1490128514311,Mouse Moved,934.0,140.0,User24,,
1490128514312,Mouse Moved,902.0,148.0,User24,,
1490128514313,Mouse Moved,813.0,184.0,User24,,
1490128514323,Mouse Moved,768.0,206.0,User24,,
1490128514359,Mouse Moved,696.0,248.0,User24,,
1490128514361,Mouse Moved,670.0,266.0,User24,,
1490128514368,Mouse Moved,644.0,285.0,User24,,
1490128514384,Mouse Moved,623.0,301.0,User24,,
1490128514469,Mouse Moved,607.0,314.0,User24,,
1490128514470,Mouse Moved,597.0,322.0,User24,,
1490128514622,Mouse Moved,590.0,322.0,User24,,
1490128514647,Mouse Moved,582.0,323.0,User24,,
1490128514651,Mouse Moved,573.0,323.0,User24,,
1490128514667,Mouse Moved,565.0,324.0,User24,,
1490128514668,Mouse Moved,557.0,324.0,User24,,
1490128514681,Mouse Moved,549.0,325.0,User24,,
1490128514826,Mouse Moved,541.0,326.0,User24,,
1490128514828,Mouse Moved,534.0,326.0,User24,,
1490128514829,Mouse Moved,524.0,326.0,User24,,
1490128514831,Mouse Moved,520.0,326.0,User24,,
1490128514832,Mouse Moved,517.0,326.0,User24,,
1490128514834,Mouse Moved,513.0,326.0,User24,,
1490128514835,Mouse Moved,512.0,326.0,User24,,
1490128514848,Mouse Moved,510.0,326.0,User24,,
1490128514979,Mouse Moved,509.0,325.0,User24,,
1490128514982,Mouse Moved,510.0,325.0,User24,,
1490128514997,Mouse Moved,512.0,324.0,User24,,
1490128515088,Mouse Moved,513.0,323.0,User24,,
1490128515089,Mouse Moved,516.0,323.0,User24,,
1490128515091,Mouse Moved,518.0,323.0,User24,,
1490128515092,Mouse Moved,521.0,322.0,User24,,
1490128515102,Mouse Moved,528.0,320.0,User24,,
1490128515236,Mouse Moved,529.0,321.0,User24,,
1490128515237,Mouse Moved,531.0,320.0,User24,,
1490128515239,Mouse Moved,532.0,320.0,User24,,
1490128515240,Mouse Moved,533.0,320.0,User24,,
1490128515256,Mouse Moved,534.0,319.0,User24,,
1490128515428,Mouse Moved,534.0,319.0,User24,,
1490128515430,Mouse Moved,535.0,319.0,User24,,
1490128515433,Mouse Moved,537.0,318.0,User24,,
1490128515434,Mouse Moved,538.0,318.0,User24,,
1490128515436,Mouse Moved,542.0,317.0,User24,,
1490128515437,Mouse Moved,545.0,316.0,User24,,
1490128515447,Mouse Moved,554.0,316.0,User24,,
1490128515506,Mouse Moved,561.0,316.0,User24,,
1490128515507,Mouse Moved,568.0,316.0,User24,,
1490128515509,Mouse Moved,583.0,315.0,User24,,
1490128515523,Mouse Moved,595.0,315.0,User24,,
1490128515536,Mouse Moved,602.0,315.0,User24,,
1490128515552,Mouse Moved,613.0,316.0,User24,,
1490128515568,Mouse Moved,619.0,316.0,User24,,
1490128515582,Mouse Moved,624.0,316.0,User24,,
1490128515596,Mouse Moved,627.0,316.0,User24,,
1490128515612,Mouse Moved,631.0,316.0,User24,,
1490128515739,Mouse Moved,632.0,316.0,User24,,
1490128516088,Mouse Moved,638.0,315.0,User24,,
1490128516089,Mouse Moved,648.0,315.0,User24,,
1490128516091,Mouse Moved,661.0,314.0,User24,,
1490128516095,Mouse Moved,679.0,313.0,User24,,
1490128516108,Mouse Moved,697.0,312.0,User24,,
1490128516148,Mouse Moved,711.0,312.0,User24,,
1490128516150,Mouse Moved,730.0,312.0,User24,,
1490128516151,Mouse Moved,736.0,312.0,User24,,
1490128516167,Mouse Moved,741.0,312.0,User24,,
1490128516184,Mouse Moved,746.0,312.0,User24,,
1490128516197,Mouse Moved,750.0,311.0,User24,,
1490128516211,Mouse Moved,752.0,311.0,User24,,
1490128516227,Mouse Moved,756.0,310.0,User24,,
1490128516354,Mouse Moved,757.0,308.0,User24,,
1490128516355,Mouse Moved,757.0,307.0,User24,,
1490128516357,Mouse Moved,758.0,301.0,User24,,
1490128516358,Mouse Moved,755.0,291.0,User24,,
1490128516359,Mouse Moved,747.0,268.0,User24,,
1490128516361,Mouse Moved,743.0,253.0,User24,,
1490128516413,Mouse Moved,739.0,237.0,User24,,
1490128516414,Mouse Moved,734.0,215.0,User24,,
1490128516415,Mouse Moved,733.0,207.0,User24,,
1490128516588,Mouse Moved,732.0,201.0,User24,,
1490128516601,Mouse Moved,732.0,188.0,User24,,
1490128516618,Mouse Moved,731.0,170.0,User24,,
1490128516632,Mouse Moved,732.0,148.0,User24,,
1490128516648,Mouse Moved,732.0,126.0,User24,,
1490128516661,Mouse Moved,732.0,101.0,User24,,
1490128516677,Mouse Moved,732.0,92.0,User24,,
1490128516694,Mouse Moved,732.0,82.0,User24,,
1490128516709,Mouse Moved,731.0,74.0,User24,,
1490128516721,Mouse Moved,731.0,68.0,User24,,
1490128516739,Mouse Moved,730.0,62.0,User24,,
1490128516740,Mouse Moved,730.0,58.0,User24,,
1490128516752,Mouse Moved,730.0,57.0,User24,,
1490128516766,Mouse Moved,730.0,56.0,User24,,
1490128516963,Mouse Moved,731.0,54.0,User24,,
1490128516976,Mouse Moved,732.0,53.0,User24,,
1490128516993,Mouse Moved,732.0,51.0,User24,,
1490128517007,Mouse Moved,733.0,46.0,User24,,
1490128517022,Mouse Moved,734.0,44.0,User24,,
1490128517038,Mouse Moved,735.0,42.0,User24,,
1490128517052,Mouse Moved,736.0,41.0,User24,,
1490128517066,Mouse Moved,736.0,40.0,User24,,
1490128517082,Mouse Moved,737.0,38.0,User24,,
1490128517096,Mouse Moved,738.0,37.0,User24,,
1490128517112,Mouse Moved,738.0,36.0,User24,,
1490128517157,Mouse Moved,739.0,35.0,User24,,
1490128517397,Mouse Moved,738.0,35.0,User24,,
1490128517413,Mouse Moved,738.0,34.0,User24,,
1490128517427,Mouse Moved,736.0,35.0,User24,,
1490128517441,Mouse Moved,735.0,34.0,User24,,
1490128517443,Mouse Moved,734.0,34.0,User24,,
1490128517457,Mouse Moved,732.0,34.0,User24,,
1490128517471,Mouse Moved,731.0,34.0,User24,,
1490128517487,Mouse Moved,730.0,35.0,User24,,
1490128517503,Mouse Moved,729.0,35.0,User24,,
1490128517517,Mouse Moved,728.0,34.0,User24,,
1490128517519,Mouse Moved,727.0,34.0,User24,,
1490128517532,Mouse Moved,725.0,35.0,User24,,
1490128517552,Mouse Moved,724.0,34.0,User24,,
1490128517562,Mouse Moved,722.0,35.0,User24,,
1490128517576,Mouse Moved,721.0,35.0,User24,,
1490128517592,Mouse Moved,719.0,35.0,User24,,
1490128517621,Mouse Moved,717.0,34.0,User24,,
1490128517638,Mouse Moved,712.0,34.0,User24,,
1490128517651,Mouse Moved,711.0,35.0,User24,,
1490128517667,Mouse Moved,711.0,34.0,User24,,
1490128517683,Mouse Moved,711.0,35.0,User24,,
1490128517697,Mouse Moved,710.0,35.0,User24,,
1490128517717,Mouse Moved,709.0,34.0,User24,,
1490128517727,Mouse Moved,708.0,34.0,User24,,
1490128517786,Mouse Moved,708.0,35.0,User24,,
1490128517802,Mouse Moved,707.0,34.0,User24,,
1490128519977,Mouse Moved,747.0,37.0,User24,,
1490128519993,Mouse Moved,801.0,42.0,User24,,
1490128520017,Mouse Moved,847.0,50.0,User24,,
1490128520022,Mouse Moved,914.0,65.0,User24,,
1490128520038,Mouse Moved,933.0,71.0,User24,,
1490128520052,Mouse Moved,942.0,76.0,User24,,
1490128520068,Mouse Moved,946.0,80.0,User24,,
1490128520246,Mouse Moved,955.0,76.0,User24,,
1490128520262,Mouse Moved,967.0,72.0,User24,,
1490128520263,Mouse Moved,980.0,68.0,User24,,
1490128520278,Mouse Moved,998.0,65.0,User24,,
1490128520292,Mouse Moved,1013.0,61.0,User24,,
1490128520311,Mouse Moved,1026.0,59.0,User24,,
1490128520322,Mouse Moved,1037.0,58.0,User24,,
1490128520338,Mouse Moved,1044.0,58.0,User24,,
1490128520351,Mouse Moved,1049.0,57.0,User24,,
1490128520354,Mouse Moved,1053.0,57.0,User24,,
1490128520367,Mouse Moved,1058.0,56.0,User24,,
1490128520384,Mouse Moved,1061.0,56.0,User24,,
1490128520397,Mouse Moved,1063.0,56.0,User24,,
1490128520427,Mouse Moved,1064.0,56.0,User24,,
1490128520441,Mouse Moved,1066.0,56.0,User24,,
1490128520457,Mouse Moved,1067.0,55.0,User24,,
1490128520487,Mouse Moved,1068.0,55.0,User24,,
1490128520517,Mouse Moved,1069.0,55.0,User24,,
1490128520592,Mouse Moved,1069.0,56.0,User24,,
1490128520607,Mouse Moved,1069.0,57.0,User24,,
1490128520621,Mouse Moved,1069.0,58.0,User24,,
1490128520622,Mouse Moved,1069.0,59.0,User24,,
1490128520637,Mouse Moved,1068.0,61.0,User24,,
1490128520654,Mouse Moved,1068.0,62.0,User24,,
1490128520667,Mouse Moved,1068.0,63.0,User24,,
1490128520697,Mouse Moved,1068.0,64.0,User24,,
1490128520711,Mouse Moved,1068.0,65.0,User24,,
1490128520713,Mouse Moved,1067.0,64.0,User24,,
1490128521009,Mouse Moved,1067.0,64.0,User24,,
1490128521010,Mouse Moved,1067.0,64.0,User24,,
1490128521012,Mouse Button.left Released,1067.0,64.0,User24,,
1490128521387,Mouse Moved,1067.0,65.0,User24,,
1490128521404,Mouse Moved,1066.0,66.0,User24,,
1490128521433,Mouse Moved,1064.0,67.0,User24,,
1490128521434,Mouse Moved,1063.0,68.0,User24,,
1490128521447,Mouse Moved,1061.0,69.0,User24,,
1490128521461,Mouse Moved,1060.0,69.0,User24,,
1490128521476,Mouse Moved,1059.0,71.0,User24,,
1490128521493,Mouse Moved,1057.0,72.0,User24,,
1490128521506,Mouse Moved,1056.0,73.0,User24,,
1490128521509,Mouse Moved,1053.0,75.0,User24,,
1490128521523,Mouse Moved,1049.0,77.0,User24,,
1490128521536,Mouse Moved,1045.0,80.0,User24,,
1490128521553,Mouse Moved,1041.0,83.0,User24,,
1490128521566,Mouse Moved,1037.0,86.0,User24,,
1490128521582,Mouse Moved,1031.0,91.0,User24,,
1490128521596,Mouse Moved,1025.0,95.0,User24,,
1490128521598,Mouse Moved,1018.0,100.0,User24,,
1490128521611,Mouse Moved,1011.0,105.0,User24,,
1490128521627,Mouse Moved,1006.0,109.0,User24,,
1490128521647,Mouse Moved,1002.0,113.0,User24,,
1490128521657,Mouse Moved,995.0,119.0,User24,,
1490128521671,Mouse Moved,989.0,124.0,User24,,
1490128521673,Mouse Moved,983.0,129.0,User24,,
1490128521687,Mouse Moved,977.0,134.0,User24,,
1490128521701,Mouse Moved,973.0,139.0,User24,,
1490128521717,Mouse Moved,969.0,142.0,User24,,
1490128521732,Mouse Moved,964.0,148.0,User24,,
1490128521747,Mouse Moved,960.0,154.0,User24,,
1490128521762,Mouse Moved,956.0,160.0,User24,,
1490128521778,Mouse Moved,953.0,166.0,User24,,
1490128521779,Mouse Moved,951.0,171.0,User24,,
1490128521792,Mouse Moved,949.0,177.0,User24,,
1490128521806,Mouse Moved,947.0,184.0,User24,,
1490128521822,Mouse Moved,946.0,191.0,User24,,
1490128521838,Mouse Moved,945.0,197.0,User24,,
1490128521851,Mouse Moved,944.0,202.0,User24,,
1490128521852,Mouse Moved,943.0,206.0,User24,,
1490128521867,Mouse Moved,943.0,208.0,User24,,
1490128521887,Mouse Moved,943.0,210.0,User24,,
1490128522200,Mouse Moved,942.0,210.0,User24,,
1490128522213,Mouse Moved,941.0,210.0,User24,,
1490128522226,Mouse Moved,939.0,209.0,User24,,
1490128522242,Mouse Moved,936.0,207.0,User24,,
1490128522257,Mouse Moved,935.0,206.0,User24,,
1490128522272,Mouse Moved,933.0,205.0,User24,,
1490128522293,Mouse Moved,931.0,204.0,User24,,
1490128522302,Mouse Moved,930.0,203.0,User24,,
1490128522319,Mouse Moved,929.0,202.0,User24,,
1490128522644,Mouse Moved,929.0,202.0,User24,,
1490128522645,Mouse Moved,929.0,202.0,User24,,
1490128522647,Mouse Button.left Released,929.0,202.0,User24,,
1490128523112,Mouse Moved,928.0,202.0,User24,,
1490128523127,Mouse Moved,927.0,202.0,User24,,
1490128523148,Mouse Moved,924.0,202.0,User24,,
1490128523161,Mouse Moved,920.0,203.0,User24,,
1490128523173,Mouse Moved,915.0,203.0,User24,,
1490128523187,Mouse Moved,908.0,204.0,User24,,
1490128523201,Mouse Moved,889.0,204.0,User24,,
1490128523217,Mouse Moved,860.0,203.0,User24,,
1490128523233,Mouse Moved,826.0,203.0,User24,,
1490128523262,Mouse Moved,784.0,202.0,User24,,
1490128523263,Mouse Moved,742.0,203.0,User24,,
1490128523276,Mouse Moved,710.0,203.0,User24,,
1490128523292,Mouse Moved,680.0,205.0,User24,,
1490128523308,Mouse Moved,660.0,205.0,User24,,
1490128523322,Mouse Moved,646.0,205.0,User24,,
1490128523323,Mouse Moved,635.0,206.0,User24,,
1490128523336,Mouse Moved,629.0,206.0,User24,,
1490128523351,Mouse Moved,625.0,206.0,User24,,
1490128523621,Mouse Moved,622.0,205.0,User24,,
1490128523622,Mouse Moved,618.0,202.0,User24,,
1490128523638,Mouse Moved,612.0,198.0,User24,,
1490128523655,Mouse Moved,604.0,194.0,User24,,
1490128523667,Mouse Moved,594.0,188.0,User24,,
1490128523684,Mouse Moved,583.0,182.0,User24,,
1490128523698,Mouse Moved,575.0,178.0,User24,,
1490128523700,Mouse Moved,566.0,175.0,User24,,
1490128523711,Mouse Moved,557.0,171.0,User24,,
1490128523726,Mouse Moved,549.0,168.0,User24,,
1490128523742,Mouse Moved,544.0,167.0,User24,,
1490128523756,Mouse Moved,541.0,166.0,User24,,
1490128528335,Mouse Moved,541.0,168.0,User24,,
1490128528336,Mouse Moved,540.0,170.0,User24,,
1490128528338,Mouse Moved,539.0,177.0,User24,,
1490128528339,Mouse Moved,533.0,199.0,User24,,
1490128528341,Mouse Moved,529.0,215.0,User24,,
1490128528342,Mouse Moved,524.0,232.0,User24,,
1490128528346,Mouse Moved,511.0,269.0,User24,,
1490128528411,Mouse Moved,503.0,288.0,User24,,
1490128528413,Mouse Moved,492.0,312.0,User24,,
1490128528414,Mouse Moved,488.0,319.0,User24,,
1490128528415,Mouse Moved,484.0,326.0,User24,,
1490128528423,Mouse Moved,480.0,332.0,User24,,
1490128528437,Mouse Moved,476.0,337.0,User24,,
1490128528453,Mouse Moved,469.0,346.0,User24,,
1490128528467,Mouse Moved,467.0,349.0,User24,,
1490128528490,Mouse Moved,464.0,352.0,User24,,
1490128528497,Mouse Moved,462.0,355.0,User24,,
1490128528512,Mouse Moved,461.0,357.0,User24,,
1490128528641,Mouse Moved,459.0,359.0,User24,,
1490128528642,Mouse Moved,458.0,359.0,User24,,
1490128528644,Mouse Moved,458.0,360.0,User24,,
1490128528653,Mouse Moved,458.0,359.0,User24,,
1490128528654,Mouse Moved,458.0,358.0,User24,,
1490128528661,Mouse Moved,458.0,356.0,User24,,
1490128528700,Mouse Moved,459.0,353.0,User24,,
1490128528701,Mouse Moved,460.0,351.0,User24,,
1490128528707,Mouse Moved,462.0,348.0,User24,,
1490128528721,Mouse Moved,466.0,341.0,User24,,
1490128528736,Mouse Moved,467.0,339.0,User24,,
1490128528752,Mouse Moved,469.0,336.0,User24,,
1490128528766,Mouse Moved,470.0,333.0,User24,,
1490128528782,Mouse Moved,471.0,331.0,User24,,
1490128528798,Mouse Moved,473.0,329.0,User24,,
1490128528799,Mouse Moved,474.0,328.0,User24,,
1490128528812,Mouse Moved,474.0,327.0,User24,,
1490128528944,Mouse Moved,475.0,326.0,User24,,
1490128528946,Mouse Moved,476.0,325.0,User24,,
1490128528947,Mouse Moved,477.0,322.0,User24,,
1490128528948,Mouse Moved,478.0,319.0,User24,,
1490128528950,Mouse Moved,479.0,317.0,User24,,
1490128528951,Mouse Moved,480.0,314.0,User24,,
1490128528953,Mouse Moved,480.0,313.0,User24,,
1490128528963,Mouse Moved,480.0,311.0,User24,,
1490128528990,Mouse Moved,480.0,310.0,User24,,
1490128528992,Mouse Moved,478.0,309.0,User24,,
1490128528993,Mouse Moved,475.0,306.0,User24,,
1490128529007,Mouse Moved,472.0,305.0,User24,,
1490128529023,Mouse Moved,467.0,303.0,User24,,
1490128529038,Mouse Moved,464.0,302.0,User24,,
1490128529052,Mouse Moved,459.0,300.0,User24,,
1490128529066,Mouse Moved,450.0,299.0,User24,,
1490128529082,Mouse Moved,445.0,298.0,User24,,
1490128529099,Mouse Moved,442.0,298.0,User24,,
1490128529112,Mouse Moved,439.0,297.0,User24,,
1490128529130,Mouse Moved,435.0,297.0,User24,,
1490128529253,Mouse Moved,431.0,296.0,User24,,
1490128529255,Mouse Moved,422.0,294.0,User24,,
1490128529256,Mouse Moved,420.0,293.0,User24,,
1490128529257,Mouse Moved,416.0,291.0,User24,,
1490128529263,Mouse Moved,414.0,290.0,User24,,
1490128529265,Mouse Moved,412.0,289.0,User24,,
1490128529266,Mouse Moved,410.0,287.0,User24,,
1490128529313,Mouse Moved,409.0,286.0,User24,,
1490128529575,Mouse Moved,409.0,286.0,User24,,
1490128529576,Mouse Moved,409.0,286.0,User24,,
1490128529578,Mouse Button.left Released,409.0,286.0,User24,,
1490128530117,Mouse Moved,411.0,287.0,User24,,
1490128530131,Mouse Moved,413.0,287.0,User24,,
1490128530132,Mouse Moved,416.0,288.0,User24,,
1490128530148,Mouse Moved,417.0,289.0,User24,,
1490128530163,Mouse Moved,420.0,289.0,User24,,
1490128530177,Mouse Moved,423.0,290.0,User24,,
1490128530193,Mouse Moved,425.0,290.0,User24,,
1490128530210,Mouse Moved,429.0,291.0,User24,,
1490128530221,Mouse Moved,434.0,291.0,User24,,
1490128530223,Mouse Moved,438.0,292.0,User24,,
1490128530240,Mouse Moved,443.0,293.0,User24,,
1490128530256,Mouse Moved,449.0,293.0,User24,,
1490128530267,Mouse Moved,455.0,294.0,User24,,
1490128530282,Mouse Moved,461.0,296.0,User24,,
1490128530296,Mouse Moved,468.0,298.0,User24,,
1490128530312,Mouse Moved,476.0,300.0,User24,,
1490128530315,Mouse Moved,484.0,302.0,User24,,
1490128530329,Mouse Moved,493.0,304.0,User24,,
1490128530342,Mouse Moved,500.0,307.0,User24,,
1490128530358,Mouse Moved,507.0,309.0,User24,,
1490128530374,Mouse Moved,515.0,311.0,User24,,
1490128530394,Mouse Moved,522.0,314.0,User24,,
1490128530401,Mouse Moved,528.0,316.0,User24,,
1490128530417,Mouse Moved,527.0,316.0,User24,,
1490128532263,Mouse Moved,528.0,316.0,User24,,
1490128532278,Mouse Moved,530.0,315.0,User24,,
1490128532292,Mouse Moved,534.0,315.0,User24,,
1490128532308,Mouse Moved,541.0,314.0,User24,,
1490128532309,Mouse Moved,554.0,313.0,User24,,
1490128532323,Mouse Moved,570.0,312.0,User24,,
1490128532336,Mouse Moved,588.0,312.0,User24,,
1490128532351,Mouse Moved,606.0,312.0,User24,,
1490128532368,Mouse Moved,616.0,312.0,User24,,
1490128532385,Mouse Moved,626.0,312.0,User24,,
1490128532398,Mouse Moved,634.0,312.0,User24,,
1490128532592,Mouse Moved,641.0,312.0,User24,,
1490128532608,Mouse Moved,649.0,312.0,User24,,
1490128532624,Mouse Moved,658.0,312.0,User24,,
1490128532637,Mouse Moved,665.0,313.0,User24,,
1490128532653,Mouse Moved,683.0,315.0,User24,,
1490128532667,Mouse Moved,692.0,316.0,User24,,
1490128532684,Mouse Moved,699.0,318.0,User24,,
1490128532697,Mouse Moved,704.0,318.0,User24,,
1490128532713,Mouse Moved,710.0,319.0,User24,,
1490128532727,Mouse Moved,714.0,319.0,User24,,
1490128532743,Mouse Moved,719.0,319.0,User24,,
1490128533127,Mouse Moved,719.0,319.0,User24,,
1490128533128,Mouse Button.left Pressed,719.0,319.0,User24,,
1490128533130,Mouse Button.left Released,719.0,319.0,User24,,
1490128533747,Mouse Moved,718.0,320.0,User24,,
1490128533763,Mouse Moved,715.0,322.0,User24,,
1490128533776,Mouse Moved,709.0,326.0,User24,,
1490128533803,Mouse Moved,678.0,343.0,User24,,
1490128533822,Mouse Moved,647.0,362.0,User24,,
1490128533836,Mouse Moved,579.0,409.0,User24,,
1490128533852,Mouse Moved,553.0,429.0,User24,,
1490128533867,Mouse Moved,530.0,448.0,User24,,
1490128533904,Mouse Moved,509.0,468.0,User24,,
1490128533905,Mouse Moved,478.0,501.0,User24,,
1490128533913,Mouse Moved,468.0,512.0,User24,,
1490128533927,Mouse Moved,463.0,518.0,User24,,
1490128533943,Mouse Moved,460.0,522.0,User24,,
1490128533963,Mouse Moved,457.0,526.0,User24,,
1490128534181,Mouse Moved,456.0,526.0,User24,,
1490128534183,Mouse Moved,455.0,526.0,User24,,
1490128534197,Mouse Moved,454.0,526.0,User24,,
1490128534213,Mouse Moved,451.0,527.0,User24,,
1490128534226,Mouse Moved,449.0,527.0,User24,,
1490128534243,Mouse Moved,447.0,528.0,User24,,
1490128534257,Mouse Moved,445.0,528.0,User24,,
1490128534259,Mouse Moved,443.0,529.0,User24,,
1490128534272,Mouse Moved,441.0,530.0,User24,,
1490128534289,Mouse Moved,439.0,530.0,User24,,
1490128534302,Mouse Moved,439.0,531.0,User24,,
1490128534318,Mouse Moved,438.0,532.0,User24,,
1490128534332,Mouse Moved,437.0,533.0,User24,,
1490128534349,Mouse Moved,436.0,533.0,User24,,
1490128534415,Mouse Moved,436.0,534.0,User24,,
1490128534417,Mouse Moved,435.0,534.0,User24,,
1490128534418,Mouse Moved,436.0,533.0,User24,,
1490128534423,Mouse Moved,437.0,532.0,User24,,
1490128534437,Mouse Moved,439.0,530.0,User24,,
1490128534453,Mouse Moved,441.0,529.0,User24,,
1490128534467,Mouse Moved,444.0,528.0,User24,,
1490128534483,Mouse Moved,446.0,527.0,User24,,
1490128534496,Mouse Moved,448.0,525.0,User24,,
1490128534513,Mouse Moved,450.0,524.0,User24,,
1490128534529,Mouse Moved,454.0,521.0,User24,,
1490128534543,Mouse Moved,455.0,520.0,User24,,
1490128534558,Mouse Moved,456.0,520.0,User24,,
1490128534572,Mouse Moved,457.0,520.0,User24,,
1490128534602,Mouse Moved,456.0,521.0,User24,,
1490128534617,Mouse Moved,455.0,522.0,User24,,
1490128534632,Mouse Moved,455.0,523.0,User24,,
1490128534648,Mouse Moved,453.0,525.0,User24,,
1490128534663,Mouse Moved,452.0,527.0,User24,,
1490128534681,Mouse Moved,450.0,530.0,User24,,
1490128534691,Mouse Moved,450.0,531.0,User24,,
1490128534709,Mouse Moved,449.0,532.0,User24,,
1490128534723,Mouse Moved,448.0,534.0,User24,,
1490128534736,Mouse Moved,448.0,536.0,User24,,
1490128534753,Mouse Moved,447.0,537.0,User24,,
1490128534767,Mouse Moved,446.0,539.0,User24,,
1490128534782,Mouse Moved,446.0,538.0,User24,,
1490128534796,Mouse Moved,445.0,538.0,User24,,
1490128535164,Mouse Moved,445.0,538.0,User24,,
1490128535165,Mouse Button.left Pressed,445.0,538.0,User24,,
1490128535167,Mouse Moved,445.0,538.0,User24,,
1490128535683,Mouse Moved,446.0,538.0,User24,,
1490128535684,Mouse Moved,448.0,535.0,User24,,
1490128535698,Mouse Moved,450.0,529.0,User24,,
1490128535713,Mouse Moved,455.0,518.0,User24,,
1490128535727,Mouse Moved,472.0,486.0,User24,,
1490128535742,Mouse Moved,492.0,449.0,User24,,
1490128535757,Mouse Moved,539.0,364.0,User24,,
1490128535773,Mouse Moved,558.0,334.0,User24,,
1490128535789,Mouse Moved,574.0,308.0,User24,,
1490128535802,Mouse Moved,587.0,287.0,User24,,
1490128535819,Mouse Moved,598.0,269.0,User24,,
1490128535832,Mouse Moved,606.0,257.0,User24,,
1490128535848,Mouse Moved,610.0,248.0,User24,,
1490128535861,Mouse Moved,615.0,240.0,User24,,
1490128536118,Mouse Moved,615.0,238.0,User24,,
1490128536131,Mouse Moved,616.0,235.0,User24,,
1490128536151,Mouse Moved,617.0,231.0,User24,,
1490128536164,Mouse Moved,618.0,226.0,User24,,
1490128536177,Mouse Moved,625.0,210.0,User24,,
1490128536194,Mouse Moved,629.0,203.0,User24,,
1490128536207,Mouse Moved,633.0,195.0,User24,,
1490128536221,Mouse Moved,635.0,188.0,User24,,
1490128536237,Mouse Moved,638.0,182.0,User24,,
1490128536262,Mouse Moved,640.0,177.0,User24,,
1490128536267,Mouse Moved,642.0,172.0,User24,,
1490128536282,Mouse Moved,644.0,167.0,User24,,
1490128536299,Mouse Moved,645.0,166.0,User24,,
1490128536313,Mouse Moved,645.0,164.0,User24,,
1490128536328,Mouse Moved,646.0,163.0,User24,,
1490128536342,Mouse Moved,647.0,162.0,User24,,
1490128536357,Mouse Moved,648.0,161.0,User24,,
1490128536372,Mouse Moved,647.0,161.0,User24,,
1490128536387,Mouse Moved,648.0,161.0,User24,,
1490128536403,Mouse Moved,648.0,160.0,User24,,
1490128536461,Mouse Moved,649.0,160.0,User24,,
1490128536523,Mouse Moved,649.0,161.0,User24,,
1490128536536,Mouse Moved,649.0,162.0,User24,,
1490128536568,Mouse Moved,649.0,164.0,User24,,
1490128536582,Mouse Moved,648.0,165.0,User24,,
1490128536598,Mouse Moved,647.0,167.0,User24,,
1490128536611,Mouse Moved,647.0,168.0,User24,,
1490128536628,Mouse Moved,646.0,173.0,User24,,
1490128536641,Mouse Moved,645.0,174.0,User24,,
1490128536657,Mouse Moved,644.0,175.0,User24,,
1490128536687,Mouse Moved,644.0,176.0,User24,,
1490128536703,Mouse Moved,644.0,177.0,User24,,
1490128536719,Mouse Moved,643.0,176.0,User24,,
1490128537045,Mouse Moved,643.0,176.0,User24,,
1490128537046,Mouse Button.left Pressed,643.0,176.0,User24,,
1490128537048,Mouse Button.left Released,643.0,176.0,User24,,
1490128538520,Mouse Moved,651.0,201.0,User24,,
1490128538532,Mouse Moved,664.0,238.0,User24,,
1490128538548,Mouse Moved,683.0,292.0,User24,,
1490128538562,Mouse Moved,704.0,346.0,User24,,
1490128538578,Mouse Moved,722.0,398.0,User24,,
1490128538592,Mouse Moved,737.0,440.0,User24,,
1490128538614,Mouse Moved,745.0,463.0,User24,,
1490128538621,Mouse Moved,745.0,462.0,User24,,
1490128538832,Mouse Moved,744.0,465.0,User24,,
1490128538849,Mouse Moved,742.0,468.0,User24,,
1490128538862,Mouse Moved,741.0,470.0,User24,,
1490128538878,Mouse Moved,738.0,475.0,User24,,
1490128538892,Mouse Moved,737.0,477.0,User24,,
1490128538907,Mouse Moved,735.0,480.0,User24,,
1490128538923,Mouse Moved,734.0,482.0,User24,,
1490128538937,Mouse Moved,734.0,484.0,User24,,
1490128538951,Mouse Moved,733.0,486.0,User24,,
1490128538967,Mouse Moved,732.0,488.0,User24,,
1490128538987,Mouse Moved,731.0,490.0,User24,,
1490128538996,Mouse Moved,731.0,491.0,User24,,
1490128539042,Mouse Moved,730.0,492.0,User24,,
1490128539059,Mouse Moved,730.0,493.0,User24,,
1490128539072,Mouse Moved,729.0,494.0,User24,,
1490128539193,Mouse Moved,729.0,495.0,User24,,
1490128539207,Mouse Moved,730.0,494.0,User24,,
1490128539313,Mouse Moved,729.0,494.0,User24,,
1490128539315,Mouse Moved,729.0,492.0,User24,,
1490128539448,Mouse Moved,728.0,490.0,User24,,
1490128539450,Mouse Moved,727.0,482.0,User24,,
1490128539451,Mouse Moved,724.0,452.0,User24,,
1490128539453,Mouse Moved,722.0,429.0,User24,,
1490128539456,Mouse Moved,719.0,383.0,User24,,
1490128539457,Mouse Moved,719.0,355.0,User24,,
1490128539459,Mouse Moved,718.0,310.0,User24,,
1490128539464,Mouse Moved,718.0,295.0,User24,,
1490128539476,Mouse Moved,718.0,287.0,User24,,
1490128539493,Mouse Moved,718.0,280.0,User24,,
1490128539507,Mouse Moved,718.0,275.0,User24,,
1490128539703,Mouse Moved,716.0,271.0,User24,,
1490128539717,Mouse Moved,714.0,264.0,User24,,
1490128539835,Mouse Moved,711.0,258.0,User24,,
1490128539836,Mouse Moved,706.0,246.0,User24,,
1490128539838,Mouse Moved,704.0,240.0,User24,,
1490128539839,Mouse Moved,701.0,236.0,User24,,
1490128541312,Mouse Moved,705.0,234.0,User24,,
1490128541322,Mouse Moved,715.0,228.0,User24,,
1490128541336,Mouse Moved,728.0,218.0,User24,,
1490128541352,Mouse Moved,734.0,215.0,User24,,
1490128541368,Mouse Moved,740.0,210.0,User24,,
1490128541381,Mouse Moved,744.0,208.0,User24,,
1490128541397,Mouse Moved,747.0,205.0,User24,,
1490128541540,Mouse Moved,749.0,203.0,User24,,
1490128541542,Mouse Moved,756.0,199.0,User24,,
1490128541543,Mouse Moved,761.0,195.0,User24,,
1490128541545,Mouse Moved,764.0,191.0,User24,,
1490128541546,Mouse Moved,766.0,190.0,User24,,
1490128541608,Mouse Moved,768.0,187.0,User24,,
1490128541609,Mouse Moved,769.0,186.0,User24,,
1490128541622,Mouse Moved,772.0,183.0,User24,,
1490128541654,Mouse Moved,773.0,183.0,User24,,
1490128541667,Mouse Moved,775.0,180.0,User24,,
1490128541683,Mouse Moved,778.0,179.0,User24,,
1490128541697,Mouse Moved,781.0,178.0,User24,,
1490128541711,Mouse Moved,788.0,174.0,User24,,
1490128541727,Mouse Moved,790.0,173.0,User24,,
1490128541852,Mouse Moved,792.0,172.0,User24,,
1490128541854,Mouse Moved,793.0,172.0,User24,,
1490128542085,Mouse Moved,793.0,172.0,User24,,
1490128542086,Mouse Button.left Pressed,793.0,172.0,User24,,
1490128542088,Mouse Moved,793.0,172.0,User24,,
1490128542703,Mouse Moved,789.0,178.0,User24,,
1490128542719,Mouse Moved,784.0,186.0,User24,,
1490128542720,Mouse Moved,778.0,197.0,User24,,
1490128542733,Mouse Moved,770.0,214.0,User24,,
1490128542746,Mouse Moved,763.0,235.0,User24,,
1490128542765,Mouse Moved,748.0,302.0,User24,,
1490128542779,Mouse Moved,743.0,341.0,User24,,
1490128542792,Mouse Moved,741.0,380.0,User24,,
1490128542808,Mouse Moved,739.0,421.0,User24,,
1490128542822,Mouse Moved,739.0,455.0,User24,,
1490128542823,Mouse Moved,740.0,482.0,User24,,
1490128542838,Mouse Moved,739.0,504.0,User24,,
1490128542852,Mouse Moved,739.0,513.0,User24,,
1490128542868,Mouse Moved,738.0,520.0,User24,,
1490128542881,Mouse Moved,738.0,524.0,User24,,
1490128542898,Mouse Moved,737.0,526.0,User24,,
1490128543049,Mouse Moved,736.0,528.0,User24,,
1490128543062,Mouse Moved,734.0,531.0,User24,,
1490128543078,Mouse Moved,732.0,533.0,User24,,
1490128543092,Mouse Moved,731.0,534.0,User24,,
1490128543094,Mouse Moved,729.0,536.0,User24,,
1490128543107,Mouse Moved,728.0,537.0,User24,,
1490128543122,Mouse Moved,727.0,538.0,User24,,
1490128543140,Mouse Moved,726.0,539.0,User24,,
1490128543153,Mouse Moved,725.0,538.0,User24,,
1490128543167,Mouse Moved,724.0,538.0,User24,,
1490128543183,Mouse Moved,724.0,535.0,User24,,
1490128543197,Mouse Moved,724.0,533.0,User24,,
1490128543216,Mouse Moved,724.0,531.0,User24,,
1490128543232,Mouse Moved,724.0,529.0,User24,,
1490128543242,Mouse Moved,724.0,527.0,User24,,
1490128543259,Mouse Moved,725.0,525.0,User24,,
1490128543273,Mouse Moved,726.0,522.0,User24,,
1490128543288,Mouse Moved,726.0,520.0,User24,,
1490128543319,Mouse Moved,726.0,519.0,User24,,
1490128543335,Mouse Moved,727.0,518.0,User24,,
1490128543362,Mouse Moved,727.0,517.0,User24,,
1490128543392,Mouse Moved,727.0,516.0,User24,,
1490128543424,Mouse Moved,728.0,515.0,User24,,
1490128543437,Mouse Moved,727.0,515.0,User24,,
1490128543766,Mouse Moved,727.0,515.0,User24,,
1490128543767,Mouse Button.left Pressed,727.0,515.0,User24,,
1490128543769,Mouse Moved,727.0,515.0,User24,,
1490128544667,Mouse Moved,726.0,516.0,User24,,
1490128544684,Mouse Moved,725.0,516.0,User24,,
1490128544698,Mouse Moved,724.0,516.0,User24,,
1490128544713,Mouse Moved,722.0,516.0,User24,,
1490128544726,Mouse Moved,720.0,516.0,User24,,
1490128544743,Mouse Moved,717.0,515.0,User24,,
1490128544757,Mouse Moved,709.0,512.0,User24,,
1490128544773,Mouse Moved,703.0,510.0,User24,,
1490128544789,Mouse Moved,696.0,506.0,User24,,
1490128544802,Mouse Moved,689.0,500.0,User24,,
1490128544818,Mouse Moved,673.0,482.0,User24,,
1490128544832,Mouse Moved,662.0,465.0,User24,,
1490128544848,Mouse Moved,650.0,444.0,User24,,
1490128544867,Mouse Moved,638.0,422.0,User24,,
1490128544878,Mouse Moved,628.0,400.0,User24,,
1490128544894,Mouse Moved,621.0,387.0,User24,,
1490128544907,Mouse Moved,617.0,375.0,User24,,
1490128544924,Mouse Moved,610.0,357.0,User24,,
1490128544937,Mouse Moved,607.0,350.0,User24,,
1490128544960,Mouse Moved,605.0,346.0,User24,,
1490128545223,Mouse Moved,604.0,347.0,User24,,
1490128545239,Mouse Moved,603.0,348.0,User24,,
1490128545253,Mouse Moved,601.0,349.0,User24,,
1490128545269,Mouse Moved,598.0,349.0,User24,,
1490128545282,Mouse Moved,596.0,348.0,User24,,
1490128545312,Mouse Moved,595.0,348.0,User24,,
1490128545328,Mouse Moved,594.0,348.0,User24,,
1490128545342,Mouse Moved,593.0,348.0,User24,,
1490128545344,Mouse Moved,593.0,347.0,User24,,
1490128545358,Mouse Moved,592.0,347.0,User24,,
1490128545372,Mouse Moved,592.0,346.0,User24,,
1490128545387,Mouse Moved,590.0,346.0,User24,,
1490128545401,Mouse Moved,588.0,345.0,User24,,
1490128545417,Mouse Moved,586.0,345.0,User24,,
1490128545418,Mouse Moved,584.0,344.0,User24,,
1490128545433,Mouse Moved,581.0,343.0,User24,,
1490128545447,Mouse Moved,579.0,342.0,User24,,
1490128545461,Mouse Moved,577.0,342.0,User24,,
1490128545477,Mouse Moved,574.0,341.0,User24,,
1490128545492,Mouse Moved,572.0,340.0,User24,,
1490128545507,Mouse Moved,569.0,338.0,User24,,
1490128545523,Mouse Moved,565.0,337.0,User24,,
1490128545538,Mouse Moved,558.0,334.0,User24,,
1490128545552,Mouse Moved,551.0,331.0,User24,,
1490128545581,Mouse Moved,543.0,327.0,User24,,
1490128545585,Mouse Moved,534.0,323.0,User24,,
1490128545596,Mouse Moved,524.0,319.0,User24,,
1490128545612,Mouse Moved,506.0,313.0,User24,,
1490128545628,Mouse Moved,495.0,309.0,User24,,
1490128545641,Mouse Moved,484.0,305.0,User24,,
1490128545657,Mouse Moved,474.0,301.0,User24,,
1490128545674,Mouse Moved,465.0,298.0,User24,,
1490128545687,Mouse Moved,455.0,296.0,User24,,
1490128545703,Mouse Moved,452.0,295.0,User24,,
1490128546003,Mouse Moved,451.0,295.0,User24,,
1490128546017,Mouse Moved,450.0,295.0,User24,,
1490128546032,Mouse Moved,449.0,295.0,User24,,
1490128546046,Mouse Moved,446.0,295.0,User24,,
1490128546062,Mouse Moved,444.0,295.0,User24,,
1490128546078,Mouse Moved,442.0,294.0,User24,,
1490128546094,Mouse Moved,437.0,294.0,User24,,
1490128546107,Mouse Moved,435.0,293.0,User24,,
1490128546124,Mouse Moved,433.0,293.0,User24,,
1490128546137,Mouse Moved,432.0,292.0,User24,,
1490128546154,Mouse Moved,429.0,292.0,User24,,
1490128546167,Mouse Moved,428.0,291.0,User24,,
1490128546190,Mouse Moved,427.0,290.0,User24,,
1490128546200,Mouse Moved,426.0,290.0,User24,,
1490128546217,Mouse Moved,425.0,290.0,User24,,
1490128546227,Mouse Moved,424.0,289.0,User24,,
1490128546273,Mouse Moved,423.0,289.0,User24,,
1490128546888,Mouse Moved,423.0,290.0,User24,,
1490128546903,Mouse Moved,424.0,290.0,User24,,
1490128546917,Mouse Moved,423.0,293.0,User24,,
1490128546918,Mouse Moved,423.0,294.0,User24,,
1490128546931,Mouse Moved,424.0,296.0,User24,,
1490128546948,Mouse Moved,423.0,298.0,User24,,
1490128546963,Mouse Moved,424.0,300.0,User24,,
1490128546977,Mouse Moved,424.0,302.0,User24,,
1490128546979,Mouse Moved,423.0,304.0,User24,,
1490128546993,Mouse Moved,424.0,307.0,User24,,
1490128547007,Mouse Moved,424.0,309.0,User24,,
1490128547023,Mouse Moved,425.0,312.0,User24,,
1490128547038,Mouse Moved,427.0,318.0,User24,,
1490128547052,Mouse Moved,428.0,320.0,User24,,
1490128547066,Mouse Moved,430.0,322.0,User24,,
1490128547082,Mouse Moved,433.0,323.0,User24,,
1490128547101,Mouse Moved,442.0,324.0,User24,,
1490128547112,Mouse Moved,452.0,324.0,User24,,
1490128547127,Mouse Moved,465.0,324.0,User24,,
1490128547142,Mouse Moved,483.0,325.0,User24,,
1490128547157,Mouse Moved,506.0,325.0,User24,,
1490128547171,Mouse Moved,528.0,326.0,User24,,
1490128547187,Mouse Moved,571.0,327.0,User24,,
1490128547203,Mouse Moved,593.0,328.0,User24,,
1490128547217,Mouse Moved,613.0,329.0,User24,,
1490128547233,Mouse Moved,628.0,329.0,User24,,
1490128547247,Mouse Moved,639.0,330.0,User24,,
1490128547262,Mouse Moved,644.0,331.0,User24,,
1490128547276,Mouse Moved,643.0,330.0,User24,,
1490128547457,Mouse Moved,656.0,328.0,User24,,
1490128547459,Mouse Moved,673.0,327.0,User24,,
1490128547471,Mouse Moved,690.0,325.0,User24,,
1490128547487,Mouse Moved,707.0,324.0,User24,,
1490128547503,Mouse Moved,722.0,324.0,User24,,
1490128547519,Mouse Moved,732.0,324.0,User24,,
1490128547533,Mouse Moved,747.0,324.0,User24,,
1490128547548,Mouse Moved,754.0,325.0,User24,,
1490128547562,Mouse Moved,758.0,324.0,User24,,
1490128547588,Mouse Moved,760.0,324.0,User24,,
1490128547592,Mouse Moved,761.0,324.0,User24,,
1490128547928,Mouse Moved,761.0,324.0,User24,,
1490128547930,Mouse Button.left Pressed,761.0,324.0,User24,,
1490128547933,Mouse Button.left Released,761.0,324.0,User24,,
1490128548747,Mouse Moved,749.0,331.0,User24,,
1490128548762,Mouse Moved,732.0,340.0,User24,,
1490128548778,Mouse Moved,675.0,373.0,User24,,
1490128548792,Mouse Moved,646.0,392.0,User24,,
1490128548808,Mouse Moved,616.0,414.0,User24,,
1490128548822,Mouse Moved,591.0,434.0,User24,,
1490128548838,Mouse Moved,569.0,451.0,User24,,
1490128548839,Mouse Moved,552.0,466.0,User24,,
1490128548852,Mouse Moved,544.0,474.0,User24,,
1490128548868,Mouse Moved,538.0,481.0,User24,,
1490128548884,Mouse Moved,531.0,487.0,User24,,
1490128548898,Mouse Moved,524.0,494.0,User24,,
1490128548913,Mouse Moved,517.0,501.0,User24,,
1490128548927,Mouse Moved,511.0,507.0,User24,,
1490128548943,Mouse Moved,504.0,514.0,User24,,
1490128548957,Mouse Moved,499.0,519.0,User24,,
1490128548971,Mouse Moved,494.0,522.0,User24,,
1490128548986,Mouse Moved,490.0,526.0,User24,,
1490128549075,Mouse Moved,486.0,529.0,User24,,
1490128549076,Mouse Moved,480.0,533.0,User24,,
1490128549078,Mouse Moved,478.0,535.0,User24,,
1490128549079,Mouse Moved,475.0,536.0,User24,,
1490128549081,Mouse Moved,473.0,537.0,User24,,
1490128549092,Mouse Moved,471.0,538.0,User24,,
1490128549107,Mouse Moved,468.0,538.0,User24,,
1490128549122,Mouse Moved,467.0,538.0,User24,,
1490128549138,Mouse Moved,465.0,538.0,User24,,
1490128549153,Mouse Moved,464.0,537.0,User24,,
1490128549171,Mouse Moved,461.0,537.0,User24,,
1490128549181,Mouse Moved,457.0,535.0,User24,,
1490128549197,Mouse Moved,456.0,535.0,User24,,
1490128549213,Mouse Moved,455.0,534.0,User24,,
1490128549227,Mouse Moved,453.0,534.0,User24,,
1490128549243,Mouse Moved,451.0,533.0,User24,,
1490128549257,Mouse Moved,450.0,533.0,User24,,
1490128549272,Mouse Moved,447.0,533.0,User24,,
1490128549288,Mouse Moved,447.0,532.0,User24,,
1490128549595,Mouse Moved,447.0,532.0,User24,,
1490128549596,Mouse Moved,447.0,532.0,User24,,
1490128549598,Mouse Button.left Released,447.0,532.0,User24,,
1490128550171,Mouse Moved,448.0,531.0,User24,,
1490128550187,Mouse Moved,454.0,524.0,User24,,
1490128550203,Mouse Moved,459.0,517.0,User24,,
1490128550217,Mouse Moved,470.0,506.0,User24,,
1490128550233,Mouse Moved,492.0,487.0,User24,,
1490128550247,Mouse Moved,558.0,437.0,User24,,
1490128550263,Mouse Moved,596.0,412.0,User24,,
1490128550282,Mouse Moved,631.0,392.0,User24,,
1490128550319,Mouse Moved,660.0,376.0,User24,,
1490128550321,Mouse Moved,674.0,369.0,User24,,
1490128550329,Mouse Moved,684.0,364.0,User24,,
1490128550339,Mouse Moved,690.0,361.0,User24,,
1490128550341,Mouse Moved,694.0,359.0,User24,,
1490128550743,Mouse Moved,698.0,357.0,User24,,
1490128550763,Mouse Moved,713.0,349.0,User24,,
1490128550773,Mouse Moved,724.0,343.0,User24,,
1490128550786,Mouse Moved,754.0,329.0,User24,,
1490128550802,Mouse Moved,768.0,323.0,User24,,
1490128550819,Mouse Moved,782.0,318.0,User24,,
1490128550832,Mouse Moved,806.0,311.0,User24,,
1490128550848,Mouse Moved,815.0,309.0,User24,,
1490128550864,Mouse Moved,821.0,307.0,User24,,
1490128551088,Mouse Moved,818.0,309.0,User24,,
1490128551102,Mouse Moved,814.0,312.0,User24,,
1490128551118,Mouse Moved,810.0,317.0,User24,,
1490128551132,Mouse Moved,796.0,328.0,User24,,
1490128551148,Mouse Moved,787.0,338.0,User24,,
1490128551164,Mouse Moved,781.0,345.0,User24,,
1490128551177,Mouse Moved,768.0,363.0,User24,,
1490128551194,Mouse Moved,762.0,373.0,User24,,
1490128551207,Mouse Moved,754.0,388.0,User24,,
1490128551223,Mouse Moved,747.0,401.0,User24,,
1490128551236,Mouse Moved,742.0,414.0,User24,,
1490128551253,Mouse Moved,738.0,423.0,User24,,
1490128551255,Mouse Moved,735.0,429.0,User24,,
1490128551461,Mouse Moved,734.0,432.0,User24,,
1490128551477,Mouse Moved,732.0,437.0,User24,,
1490128551479,Mouse Moved,731.0,442.0,User24,,
1490128551493,Mouse Moved,729.0,447.0,User24,,
1490128551509,Mouse Moved,728.0,453.0,User24,,
1490128551528,Mouse Moved,727.0,459.0,User24,,
1490128551529,Mouse Moved,725.0,465.0,User24,,
1490128551538,Mouse Moved,725.0,471.0,User24,,
1490128551552,Mouse Moved,724.0,478.0,User24,,
1490128551568,Mouse Moved,723.0,484.0,User24,,
1490128551582,Mouse Moved,723.0,490.0,User24,,
1490128551598,Mouse Moved,721.0,499.0,User24,,
1490128551614,Mouse Moved,721.0,502.0,User24,,
1490128551628,Mouse Moved,720.0,507.0,User24,,
1490128551642,Mouse Moved,719.0,511.0,User24,,
1490128551657,Mouse Moved,719.0,514.0,User24,,
1490128551674,Mouse Moved,718.0,516.0,User24,,
1490128551687,Mouse Moved,718.0,518.0,User24,,
1490128551688,Mouse Moved,718.0,519.0,User24,,
1490128551703,Mouse Moved,717.0,521.0,User24,,
1490128551733,Mouse Moved,716.0,522.0,User24,,
1490128551762,Mouse Moved,716.0,523.0,User24,,
1490128551778,Mouse Moved,716.0,522.0,User24,,
1490128551855,Mouse Moved,716.0,521.0,User24,,
1490128551868,Mouse Moved,715.0,519.0,User24,,
1490128551869,Mouse Moved,715.0,518.0,User24,,
1490128551882,Mouse Moved,716.0,517.0,User24,,
1490128551901,Mouse Moved,716.0,516.0,User24,,
1490128551913,Mouse Moved,716.0,515.0,User24,,
1490128551930,Mouse Moved,716.0,514.0,User24,,
1490128551941,Mouse Moved,716.0,513.0,User24,,
1490128551957,Mouse Moved,716.0,511.0,User24,,
1490128552068,Mouse Moved,716.0,510.0,User24,,
1490128552349,Mouse Moved,716.0,510.0,User24,,
1490128552351,Mouse Button.left Pressed,716.0,510.0,User24,,
1490128552352,Mouse Button.left Released,716.0,510.0,User24,,
1490128553757,Mouse Moved,716.0,509.0,User24,,
1490128553773,Mouse Moved,716.0,508.0,User24,,
1490128553891,Mouse Moved,717.0,503.0,User24,,
1490128553892,Mouse Moved,719.0,498.0,User24,,
1490128553894,Mouse Moved,721.0,488.0,User24,,
1490128553895,Mouse Moved,731.0,455.0,User24,,
1490128553897,Mouse Moved,737.0,432.0,User24,,
1490128553898,Mouse Moved,749.0,395.0,User24,,
1490128553907,Mouse Moved,759.0,362.0,User24,,
1490128553951,Mouse Moved,762.0,350.0,User24,,
1490128553953,Mouse Moved,765.0,340.0,User24,,
1490128553954,Mouse Moved,767.0,331.0,User24,,
1490128553967,Mouse Moved,768.0,327.0,User24,,
1490128554191,Mouse Moved,769.0,326.0,User24,,
1490128554209,Mouse Moved,770.0,325.0,User24,,
1490128554221,Mouse Moved,772.0,323.0,User24,,
1490128554239,Mouse Moved,774.0,320.0,User24,,
1490128554253,Mouse Moved,775.0,318.0,User24,,
1490128554267,Mouse Moved,777.0,316.0,User24,,
1490128554282,Mouse Moved,779.0,315.0,User24,,
1490128554298,Mouse Moved,781.0,313.0,User24,,
1490128554312,Mouse Moved,782.0,313.0,User24,,
1490128554328,Mouse Moved,781.0,312.0,User24,,
1490128554447,Mouse Moved,783.0,312.0,User24,,
1490128554460,Mouse Moved,783.0,313.0,User24,,
1490128554461,Mouse Moved,782.0,314.0,User24,,
1490128554463,Mouse Moved,782.0,315.0,User24,,
1490128554591,Mouse Moved,781.0,317.0,User24,,
1490128554592,Mouse Moved,780.0,319.0,User24,,
1490128554594,Mouse Moved,779.0,323.0,User24,,
1490128554595,Mouse Moved,778.0,323.0,User24,,
1490128554596,Mouse Moved,777.0,325.0,User24,,
1490128554598,Mouse Moved,776.0,326.0,User24,,
1490128554923,Mouse Moved,776.0,326.0,User24,,
1490128554924,Mouse Button.left Pressed,776.0,326.0,User24,,
1490128554926,Mouse Button.left Released,776.0,326.0,User24,,
1490128555467,Mouse Moved,769.0,330.0,User24,,
1490128555483,Mouse Moved,758.0,337.0,User24,,
1490128555497,Mouse Moved,741.0,348.0,User24,,
1490128555516,Mouse Moved,705.0,373.0,User24,,
1490128555526,Mouse Moved,668.0,399.0,User24,,
1490128555542,Mouse Moved,596.0,454.0,User24,,
1490128555558,Mouse Moved,573.0,475.0,User24,,
1490128555573,Mouse Moved,553.0,494.0,User24,,
1490128555588,Mouse Moved,537.0,510.0,User24,,
1490128555602,Mouse Moved,523.0,523.0,User24,,
1490128555622,Mouse Moved,514.0,533.0,User24,,
1490128555634,Mouse Moved,507.0,541.0,User24,,
1490128555648,Mouse Moved,501.0,547.0,User24,,
1490128555661,Mouse Moved,496.0,553.0,User24,,
1490128555677,Mouse Moved,495.0,552.0,User24,,
1490128555888,Mouse Moved,493.0,552.0,User24,,
1490128555901,Mouse Moved,484.0,552.0,User24,,
1490128555917,Mouse Moved,478.0,552.0,User24,,
1490128555931,Mouse Moved,472.0,552.0,User24,,
1490128555947,Mouse Moved,468.0,552.0,User24,,
1490128555963,Mouse Moved,463.0,552.0,User24,,
1490128555977,Mouse Moved,457.0,551.0,User24,,
1490128555979,Mouse Moved,452.0,551.0,User24,,
1490128555992,Mouse Moved,447.0,550.0,User24,,
1490128556009,Mouse Moved,442.0,549.0,User24,,
1490128556023,Mouse Moved,440.0,548.0,User24,,
1490128556038,Mouse Moved,437.0,548.0,User24,,
1490128556053,Mouse Moved,436.0,547.0,User24,,
1490128556359,Mouse Moved,436.0,547.0,User24,,
1490128556361,Mouse Button.left Pressed,436.0,547.0,User24,,
1490128556832,Mouse Moved,443.0,545.0,User24,,
1490128556848,Mouse Moved,453.0,542.0,User24,,
1490128556864,Mouse Moved,467.0,540.0,User24,,
1490128556878,Mouse Moved,502.0,536.0,User24,,
1490128556892,Mouse Moved,575.0,533.0,User24,,
1490128556907,Mouse Moved,611.0,533.0,User24,,
1490128556923,Mouse Moved,633.0,533.0,User24,,
1490128556937,Mouse Moved,649.0,534.0,User24,,
1490128556953,Mouse Moved,662.0,535.0,User24,,
1490128556967,Mouse Moved,672.0,535.0,User24,,
1490128556969,Mouse Moved,679.0,536.0,User24,,
1490128556982,Mouse Moved,684.0,537.0,User24,,
1490128556999,Mouse Moved,683.0,536.0,User24,,
1490128557207,Mouse Moved,685.0,536.0,User24,,
1490128557209,Mouse Moved,687.0,535.0,User24,,
1490128557223,Mouse Moved,689.0,534.0,User24,,
1490128557237,Mouse Moved,691.0,532.0,User24,,
1490128557252,Mouse Moved,694.0,531.0,User24,,
1490128557267,Mouse Moved,697.0,529.0,User24,,
1490128557283,Mouse Moved,699.0,528.0,User24,,
1490128557298,Mouse Moved,701.0,527.0,User24,,
1490128557312,Mouse Moved,702.0,525.0,User24,,
1490128557341,Mouse Moved,704.0,524.0,User24,,
1490128557344,Mouse Moved,705.0,522.0,User24,,
1490128557358,Mouse Moved,706.0,521.0,User24,,
1490128557371,Mouse Moved,707.0,521.0,User24,,
1490128557388,Mouse Moved,708.0,519.0,User24,,
1490128557404,Mouse Moved,709.0,519.0,User24,,
1490128557417,Mouse Moved,709.0,518.0,User24,,
1490128557433,Mouse Moved,710.0,518.0,User24,,
1490128557450,Mouse Moved,709.0,518.0,User24,,
1490128558101,Mouse Moved,709.0,518.0,User24,,
1490128558102,Mouse Button.left Pressed,709.0,518.0,User24,,
1490128558104,Mouse Moved,709.0,518.0,User24,,
1490128559173,Mouse Moved,704.0,519.0,User24,,
1490128559191,Mouse Moved,698.0,518.0,User24,,
1490128559204,Mouse Moved,692.0,518.0,User24,,
1490128559219,Mouse Moved,686.0,516.0,User24,,
1490128559233,Mouse Moved,680.0,514.0,User24,,
1490128559247,Mouse Moved,673.0,512.0,User24,,
1490128559263,Mouse Moved,657.0,503.0,User24,,
1490128559276,Mouse Moved,650.0,498.0,User24,,
1490128559292,Mouse Moved,643.0,494.0,User24,,
1490128559308,Mouse Moved,638.0,490.0,User24,,
1490128559322,Mouse Moved,633.0,486.0,User24,,
1490128559338,Mouse Moved,630.0,482.0,User24,,
1490128559355,Mouse Moved,626.0,480.0,User24,,
1490128559382,Mouse Moved,623.0,478.0,User24,,
1490128559398,Mouse Moved,619.0,475.0,User24,,
1490128559413,Mouse Moved,618.0,474.0,User24,,
1490128559427,Mouse Moved,617.0,474.0,User24,,
1490128563507,Mouse Moved,618.0,473.0,User24,,
1490128563522,Mouse Moved,618.0,471.0,User24,,
1490128563538,Mouse Moved,618.0,468.0,User24,,
1490128563552,Mouse Moved,619.0,465.0,User24,,
1490128563569,Mouse Moved,619.0,461.0,User24,,
1490128563582,Mouse Moved,620.0,459.0,User24,,
1490128563598,Mouse Moved,619.0,457.0,User24,,
1490128563612,Mouse Moved,619.0,456.0,User24,,
1490128563632,Mouse Moved,619.0,455.0,User24,,
1490128563634,Mouse Moved,619.0,454.0,User24,,
1490128563658,Mouse Moved,619.0,453.0,User24,,
1490128563703,Mouse Moved,618.0,454.0,User24,,
1490128563717,Mouse Moved,617.0,456.0,User24,,
1490128563733,Mouse Moved,616.0,456.0,User24,,
1490128563746,Mouse Moved,616.0,458.0,User24,,
1490128563763,Mouse Moved,615.0,458.0,User24,,
1490128563776,Mouse Moved,614.0,459.0,User24,,
1490128563792,Mouse Moved,614.0,460.0,User24,,
1490128563808,Mouse Moved,613.0,460.0,User24,,
1490128607908,Mouse Moved,613.0,461.0,User24,,
1490128607963,Mouse Moved,612.0,463.0,User24,,
1490128607970,Mouse Moved,611.0,465.0,User24,,
1490128607983,Mouse Moved,612.0,466.0,User24,,
1490128608000,Mouse Moved,611.0,468.0,User24,,
1490128608013,Mouse Moved,611.0,469.0,User24,,
1490128608036,Mouse Moved,612.0,471.0,User24,,
1490128608042,Mouse Moved,612.0,473.0,User24,,
1490128608058,Mouse Moved,613.0,475.0,User24,,
1490128608073,Mouse Moved,614.0,477.0,User24,,
1490128608088,Mouse Moved,615.0,480.0,User24,,
1490128608102,Mouse Moved,616.0,481.0,User24,,
1490128608118,Mouse Moved,616.0,482.0,User24,,
1490128608137,Mouse Moved,617.0,482.0,User24,,
1490128608168,Mouse Moved,617.0,483.0,User24,,
1490128608177,Mouse Moved,618.0,484.0,User24,,
1490128608197,Mouse Moved,617.0,484.0,User24,,
1490128608246,Mouse Moved,616.0,484.0,User24,,
1490128608260,Mouse Moved,615.0,482.0,User24,,
1490128608269,Mouse Moved,614.0,482.0,User24,,
1490128608283,Mouse Moved,613.0,480.0,User24,,
1490128608299,Mouse Moved,613.0,478.0,User24,,
1490128608313,Mouse Moved,613.0,474.0,User24,,
1490128608328,Mouse Moved,613.0,470.0,User24,,
1490128608342,Mouse Moved,613.0,467.0,User24,,
1490128608359,Mouse Moved,616.0,450.0,User24,,
1490128608374,Mouse Moved,618.0,437.0,User24,,
1490128608390,Mouse Moved,623.0,419.0,User24,,
1490128608403,Mouse Moved,627.0,402.0,User24,,
1490128608417,Mouse Moved,632.0,386.0,User24,,
1490128608433,Mouse Moved,637.0,369.0,User24,,
1490128608434,Mouse Moved,641.0,355.0,User24,,
1490128608448,Mouse Moved,645.0,344.0,User24,,
1490128608463,Mouse Moved,647.0,335.0,User24,,
1490128608477,Mouse Moved,649.0,330.0,User24,,
1490128608493,Mouse Moved,650.0,325.0,User24,,
1490128608509,Mouse Moved,651.0,322.0,User24,,
1490128608779,Mouse Moved,650.0,322.0,User24,,
1490128608792,Mouse Moved,649.0,322.0,User24,,
1490128608812,Mouse Moved,647.0,323.0,User24,,
1490128608825,Mouse Moved,642.0,323.0,User24,,
1490128608838,Mouse Moved,630.0,323.0,User24,,
1490128608854,Mouse Moved,621.0,323.0,User24,,
1490128608874,Mouse Moved,614.0,323.0,User24,,
1490128608875,Mouse Moved,606.0,322.0,User24,,
1490128608882,Mouse Moved,598.0,321.0,User24,,
1490128608898,Mouse Moved,589.0,321.0,User24,,
1490128608914,Mouse Moved,580.0,319.0,User24,,
1490128608927,Mouse Moved,568.0,317.0,User24,,
1490128608943,Mouse Moved,542.0,311.0,User24,,
1490128608959,Mouse Moved,529.0,308.0,User24,,
1490128608976,Mouse Moved,520.0,305.0,User24,,
1490128608989,Mouse Moved,511.0,301.0,User24,,
1490128609003,Mouse Moved,503.0,298.0,User24,,
1490128609019,Mouse Moved,496.0,295.0,User24,,
1490128609032,Mouse Moved,485.0,290.0,User24,,
1490128609048,Mouse Moved,483.0,290.0,User24,,
1490128609065,Mouse Moved,481.0,289.0,User24,,
1490128609078,Mouse Moved,479.0,288.0,User24,,
1490128609259,Mouse Moved,479.0,290.0,User24,,
1490128609273,Mouse Moved,478.0,292.0,User24,,
1490128609288,Mouse Moved,477.0,294.0,User24,,
1490128609303,Mouse Moved,475.0,300.0,User24,,
1490128609319,Mouse Moved,474.0,303.0,User24,,
1490128609335,Mouse Moved,473.0,305.0,User24,,
1490128609349,Mouse Moved,473.0,307.0,User24,,
1490128609364,Mouse Moved,472.0,309.0,User24,,
1490128609378,Mouse Moved,472.0,311.0,User24,,
1490128609394,Mouse Moved,471.0,313.0,User24,,
1490128609410,Mouse Moved,470.0,316.0,User24,,
1490128609424,Mouse Moved,469.0,318.0,User24,,
1490128609437,Mouse Moved,469.0,319.0,User24,,
1490128609453,Mouse Moved,469.0,318.0,User24,,
1490128609470,Mouse Moved,469.0,319.0,User24,,
1490128609782,Mouse Moved,469.0,319.0,User24,,
1490128609783,Mouse Moved,469.0,319.0,User24,,
1490128609785,Mouse Button.left Released,469.0,319.0,User24,,
1490128617180,Mouse Moved,467.0,314.0,User24,,
1490128617196,Mouse Moved,466.0,305.0,User24,,
1490128617209,Mouse Moved,463.0,292.0,User24,,
1490128617223,Mouse Moved,461.0,260.0,User24,,
1490128617237,Mouse Moved,458.0,224.0,User24,,
1490128617253,Mouse Moved,457.0,187.0,User24,,
1490128617269,Mouse Moved,455.0,130.0,User24,,
1490128617283,Mouse Moved,455.0,115.0,User24,,
1490128617298,Mouse Moved,455.0,105.0,User24,,
1490128617313,Mouse Moved,455.0,98.0,User24,,
1490128617509,Mouse Moved,456.0,98.0,User24,,
1490128617525,Mouse Moved,456.0,97.0,User24,,
1490128617539,Mouse Moved,457.0,95.0,User24,,
1490128617553,Mouse Moved,458.0,95.0,User24,,
1490128617555,Mouse Moved,459.0,93.0,User24,,
1490128617569,Mouse Moved,460.0,92.0,User24,,
1490128617585,Mouse Moved,462.0,90.0,User24,,
1490128617598,Mouse Moved,465.0,87.0,User24,,
1490128617684,Mouse Moved,468.0,84.0,User24,,
1490128617686,Mouse Moved,472.0,79.0,User24,,
1490128617687,Mouse Moved,473.0,78.0,User24,,
1490128617690,Mouse Moved,473.0,78.0,User24,,
1490128617704,Mouse Moved,474.0,77.0,User24,,
1490128618092,Mouse Moved,474.0,77.0,User24,,
1490128618094,Mouse Button.left Pressed,474.0,77.0,User24,,
1490128618095,Mouse Moved,474.0,77.0,User24,,
1490128618216,Mouse Moved,475.0,77.0,User24,,
1490128618229,Mouse Moved,476.0,76.0,User24,,
1490128618354,Mouse Moved,477.0,76.0,User24,,
1490128618355,Mouse Moved,480.0,74.0,User24,,
1490128618357,Mouse Moved,487.0,70.0,User24,,
1490128618358,Mouse Moved,489.0,69.0,User24,,
1490128618359,Mouse Moved,492.0,68.0,User24,,
1490128618362,Mouse Moved,492.0,67.0,User24,,
1490128618364,Mouse Moved,493.0,67.0,User24,,
1490128618486,Mouse Moved,493.0,66.0,User24,,
1490128618487,Mouse Moved,493.0,66.0,User24,,
1490128618782,Mouse Moved,493.0,66.0,User24,,
1490128618783,Mouse Button.left Pressed,493.0,66.0,User24,,
1490128618785,Mouse Moved,493.0,66.0,User24,,
1490128618786,Mouse Button.left Released,493.0,66.0,User24,,
1490128703680,Mouse Moved,493.0,68.0,User24,,
1490128703696,Mouse Moved,494.0,71.0,User24,,
1490128703710,Mouse Moved,494.0,74.0,User24,,
1490128703726,Mouse Moved,495.0,79.0,User24,,
1490128703742,Mouse Moved,496.0,86.0,User24,,
1490128703757,Mouse Moved,500.0,103.0,User24,,
1490128703773,Mouse Moved,515.0,164.0,User24,,
1490128703789,Mouse Moved,532.0,228.0,User24,,
1490128703805,Mouse Moved,540.0,254.0,User24,,
1490128703819,Mouse Moved,549.0,279.0,User24,,
1490128703835,Mouse Moved,556.0,298.0,User24,,
1490128703867,Mouse Moved,565.0,322.0,User24,,
1490128703882,Mouse Moved,568.0,332.0,User24,,
1490128704164,Mouse Moved,567.0,338.0,User24,,
1490128704178,Mouse Moved,564.0,366.0,User24,,
1490128704194,Mouse Moved,563.0,380.0,User24,,
1490128704210,Mouse Moved,562.0,393.0,User24,,
1490128704226,Mouse Moved,561.0,405.0,User24,,
1490128704242,Mouse Moved,561.0,415.0,User24,,
1490128704256,Mouse Moved,560.0,428.0,User24,,
1490128704273,Mouse Moved,560.0,434.0,User24,,
1490128704288,Mouse Moved,559.0,438.0,User24,,
1490128704303,Mouse Moved,558.0,442.0,User24,,
1490128704319,Mouse Moved,558.0,446.0,User24,,
1490128704335,Mouse Moved,558.0,447.0,User24,,
1490128704351,Mouse Moved,558.0,449.0,User24,,
1490128704365,Mouse Moved,557.0,451.0,User24,,
1490128704413,Mouse Moved,557.0,452.0,User24,,
1490128704476,Mouse Moved,557.0,451.0,User24,,
1490128704490,Mouse Moved,558.0,450.0,User24,,
1490128704506,Mouse Moved,558.0,450.0,User24,,
1490128704522,Mouse Moved,557.0,450.0,User24,,
1490128704538,Mouse Moved,558.0,449.0,User24,,
1490128704553,Mouse Moved,557.0,449.0,User24,,
1490128704927,Mouse Moved,557.0,449.0,User24,,
1490128770759,Mouse Moved,549.0,438.0,User24,,
1490128770776,Mouse Moved,543.0,428.0,User24,,
1490128770790,Mouse Moved,534.0,413.0,User24,,
1490128770806,Mouse Moved,524.0,393.0,User24,,
1490128770822,Mouse Moved,515.0,371.0,User24,,
1490128770838,Mouse Moved,502.0,317.0,User24,,
1490128770854,Mouse Moved,498.0,289.0,User24,,
1490128770868,Mouse Moved,496.0,269.0,User24,,
1490128770884,Mouse Moved,495.0,255.0,User24,,
1490128770900,Mouse Moved,494.0,242.0,User24,,
1490128771134,Mouse Moved,495.0,234.0,User24,,
1490128771150,Mouse Moved,498.0,222.0,User24,,
1490128771165,Mouse Moved,502.0,207.0,User24,,
1490128771180,Mouse Moved,515.0,167.0,User24,,
1490128771197,Mouse Moved,524.0,147.0,User24,,
1490128771211,Mouse Moved,531.0,129.0,User24,,
1490128771227,Mouse Moved,537.0,115.0,User24,,
1490128771243,Mouse Moved,541.0,107.0,User24,,
1490128771259,Mouse Moved,545.0,94.0,User24,,
1490128771493,Mouse Moved,549.0,88.0,User24,,
1490128771509,Mouse Moved,556.0,82.0,User24,,
1490128771523,Mouse Moved,559.0,79.0,User24,,
1490128771539,Mouse Moved,564.0,76.0,User24,,
1490128771555,Mouse Moved,569.0,73.0,User24,,
1490128771571,Mouse Moved,574.0,70.0,User24,,
1490128771586,Mouse Moved,579.0,67.0,User24,,
1490128771601,Mouse Moved,587.0,64.0,User24,,
1490128771618,Mouse Moved,589.0,63.0,User24,,
1490128771634,Mouse Moved,592.0,61.0,User24,,
1490128771648,Mouse Moved,594.0,60.0,User24,,
1490128771664,Mouse Moved,598.0,57.0,User24,,
1490128771680,Mouse Moved,600.0,56.0,User24,,
1490128771696,Mouse Moved,601.0,55.0,User24,,
1490128771711,Mouse Moved,602.0,54.0,User24,,
1490128771726,Mouse Moved,603.0,54.0,User24,,
1490128772085,Mouse Moved,603.0,54.0,User24,,
1490128773895,Mouse Moved,602.0,55.0,User24,,
1490128773911,Mouse Moved,601.0,57.0,User24,,
1490128773927,Mouse Moved,601.0,56.0,User24,,
1490128773941,Mouse Moved,601.0,57.0,User24,,
1490128773989,Mouse Moved,600.0,57.0,User24,,
1490128775954,Mouse Moved,600.0,58.0,User24,,
1490128775970,Mouse Moved,600.0,59.0,User24,,
1490128775986,Mouse Moved,600.0,58.0,User24,,
1490128776002,Mouse Moved,600.0,60.0,User24,,
1490128776016,Mouse Moved,600.0,61.0,User24,,
1490128776032,Mouse Moved,601.0,61.0,User24,,
1490128776048,Mouse Moved,601.0,63.0,User24,,
1490128776095,Mouse Moved,601.0,64.0,User24,,
1490128776111,Mouse Moved,601.0,65.0,User24,,
1490128776125,Mouse Moved,601.0,66.0,User24,,
1490128776173,Mouse Moved,602.0,65.0,User24,,
1490128776188,Mouse Moved,603.0,64.0,User24,,
1490128776203,Mouse Moved,606.0,61.0,User24,,
1490128776220,Mouse Moved,607.0,60.0,User24,,
1490128776236,Mouse Moved,609.0,60.0,User24,,
1490128776250,Mouse Moved,610.0,59.0,User24,,
1490128776266,Mouse Moved,613.0,58.0,User24,,
1490128776282,Mouse Moved,614.0,57.0,User24,,
1490128776298,Mouse Moved,614.0,56.0,User24,,
1490128776313,Mouse Moved,615.0,56.0,User24,,
1490128776796,Mouse Moved,615.0,56.0,User24,,
1490128777858,Mouse Moved,611.0,56.0,User24,,
1490128777874,Mouse Moved,596.0,54.0,User24,,
1490128777888,Mouse Moved,586.0,52.0,User24,,
1490128777904,Mouse Moved,573.0,50.0,User24,,
1490128777936,Mouse Moved,513.0,44.0,User24,,
1490128777951,Mouse Moved,473.0,40.0,User24,,
1490128777967,Mouse Moved,453.0,38.0,User24,,
1490128777983,Mouse Moved,435.0,38.0,User24,,
1490128777997,Mouse Moved,420.0,37.0,User24,,
1490128778013,Mouse Moved,400.0,37.0,User24,,
1490128778029,Mouse Moved,395.0,36.0,User24,,
1490128778279,Mouse Moved,391.0,34.0,User24,,
1490128778309,Mouse Moved,375.0,26.0,User24,,
1490128778325,Mouse Moved,370.0,23.0,User24,,
1490128778342,Mouse Moved,362.0,19.0,User24,,
1490128778357,Mouse Moved,357.0,17.0,User24,,
1490128778372,Mouse Moved,356.0,16.0,User24,,
1490128778388,Mouse Moved,355.0,16.0,User24,,
1490128778716,Mouse Moved,355.0,16.0,User24,,
1490128779480,Mouse Moved,356.0,17.0,User24,,
1490128779512,Mouse Moved,358.0,18.0,User24,,
1490128779526,Mouse Moved,359.0,19.0,User24,,
1490128779542,Mouse Moved,360.0,19.0,User24,,
1490128779558,Mouse Moved,361.0,20.0,User24,,
1490128779589,Mouse Moved,362.0,21.0,User24,,
1490128779605,Mouse Moved,362.0,22.0,User24,,
1490128779621,Mouse Moved,361.0,23.0,User24,,
1490128779635,Mouse Moved,359.0,24.0,User24,,
1490128779651,Mouse Moved,351.0,28.0,User24,,
1490128779667,Mouse Moved,345.0,30.0,User24,,
1490128779683,Mouse Moved,338.0,32.0,User24,,
1490128779698,Mouse Moved,331.0,34.0,User24,,
1490128779713,Mouse Moved,325.0,35.0,User24,,
1490128779730,Mouse Moved,319.0,37.0,User24,,
1490128779746,Mouse Moved,315.0,37.0,User24,,
1490128779963,Mouse Moved,313.0,37.0,User24,,
1490128779980,Mouse Moved,309.0,37.0,User24,,
1490128779994,Mouse Moved,303.0,36.0,User24,,
1490128780010,Mouse Moved,296.0,35.0,User24,,
1490128780026,Mouse Moved,288.0,34.0,User24,,
1490128780042,Mouse Moved,281.0,33.0,User24,,
1490128780058,Mouse Moved,275.0,32.0,User24,,
1490128780072,Mouse Moved,260.0,31.0,User24,,
1490128780088,Mouse Moved,253.0,31.0,User24,,
1490128780104,Mouse Moved,246.0,30.0,User24,,
1490128780119,Mouse Moved,241.0,30.0,User24,,
1490128780135,Mouse Moved,238.0,30.0,User24,,
1490128780151,Mouse Moved,234.0,29.0,User24,,
1490128780167,Mouse Moved,227.0,29.0,User24,,
1490128780181,Mouse Moved,226.0,29.0,User24,,
1490128780197,Mouse Moved,225.0,28.0,User24,,
1490128780213,Mouse Moved,223.0,29.0,User24,,
1490128780229,Mouse Moved,223.0,28.0,User24,,
1490128780244,Mouse Moved,221.0,29.0,User24,,
1490128780259,Mouse Moved,220.0,28.0,User24,,
1490128780306,Mouse Moved,219.0,28.0,User24,,
1490128780369,Mouse Moved,218.0,28.0,User24,,
1490128780384,Mouse Moved,218.0,27.0,User24,,
1490128780401,Mouse Moved,216.0,27.0,User24,,
1490128780415,Mouse Moved,215.0,26.0,User24,,
1490128780431,Mouse Moved,214.0,26.0,User24,,
1490128780447,Mouse Moved,213.0,25.0,User24,,
1490128780463,Mouse Moved,212.0,25.0,User24,,
1490128780479,Mouse Moved,212.0,24.0,User24,,
1490128781632,Mouse Moved,211.0,24.0,User24,,
1490128781648,Mouse Moved,210.0,23.0,User24,,
1490128781664,Mouse Moved,208.0,22.0,User24,,
1490128781680,Mouse Moved,207.0,22.0,User24,,
1490128781696,Mouse Moved,206.0,22.0,User24,,
1490128781710,Mouse Moved,206.0,21.0,User24,,
1490128781726,Mouse Moved,205.0,21.0,User24,,
1490128781819,Mouse Moved,204.0,20.0,User24,,
1490128781851,Mouse Moved,204.0,19.0,User24,,
1490128781882,Mouse Moved,203.0,19.0,User24,,
1490128801148,Mouse Moved,204.0,22.0,User24,,
1490128801164,Mouse Moved,225.0,83.0,User24,,
1490128801180,Mouse Moved,227.0,91.0,User24,,
1490128801196,Mouse Moved,230.0,99.0,User24,,
1490128801210,Mouse Moved,233.0,109.0,User24,,
1490128801226,Mouse Moved,234.0,113.0,User24,,
1490128801242,Mouse Moved,235.0,116.0,User24,,
1490128801257,Mouse Moved,236.0,119.0,User24,,
1490128801273,Mouse Moved,237.0,120.0,User24,,
1490128801585,Mouse Moved,244.0,115.0,User24,,
1490128801601,Mouse Moved,261.0,104.0,User24,,
1490128801617,Mouse Moved,271.0,99.0,User24,,
1490128801631,Mouse Moved,280.0,93.0,User24,,
1490128801648,Mouse Moved,297.0,83.0,User24,,
1490128801664,Mouse Moved,304.0,79.0,User24,,
1490128801678,Mouse Moved,310.0,76.0,User24,,
1490128801694,Mouse Moved,315.0,73.0,User24,,
1490128801710,Mouse Moved,325.0,66.0,User24,,
1490128801726,Mouse Moved,330.0,63.0,User24,,
1490128802069,Mouse Moved,332.0,63.0,User24,,
1490128802085,Mouse Moved,336.0,63.0,User24,,
1490128802099,Mouse Moved,339.0,63.0,User24,,
1490128802115,Mouse Moved,348.0,64.0,User24,,
1490128802147,Mouse Moved,357.0,67.0,User24,,
1490128802163,Mouse Moved,376.0,80.0,User24,,
1490128802177,Mouse Moved,382.0,86.0,User24,,
1490128802194,Mouse Moved,390.0,95.0,User24,,
1490128802210,Mouse Moved,392.0,97.0,User24,,
1490128802224,Mouse Moved,394.0,99.0,User24,,
1490128802240,Mouse Moved,396.0,100.0,User24,,
1490128802256,Mouse Moved,396.0,101.0,User24,,
1490128802474,Mouse Moved,396.0,104.0,User24,,
1490128802506,Mouse Moved,397.0,108.0,User24,,
1490128802522,Mouse Moved,398.0,113.0,User24,,
1490128802536,Mouse Moved,409.0,144.0,User24,,
1490128802552,Mouse Moved,423.0,174.0,User24,,
1490128802584,Mouse Moved,438.0,205.0,User24,,
1490128802599,Mouse Moved,466.0,256.0,User24,,
1490128802615,Mouse Moved,473.0,269.0,User24,,
1490128802631,Mouse Moved,484.0,283.0,User24,,
1490128802645,Mouse Moved,488.0,287.0,User24,,
1490128802661,Mouse Moved,490.0,290.0,User24,,
1490128802677,Mouse Moved,492.0,291.0,User24,,
1490128802693,Mouse Moved,493.0,291.0,User24,,
1490128802895,Mouse Moved,493.0,288.0,User24,,
1490128802911,Mouse Moved,493.0,284.0,User24,,
1490128802943,Mouse Moved,495.0,278.0,User24,,
1490128802957,Mouse Moved,506.0,214.0,User24,,
1490128802973,Mouse Moved,511.0,182.0,User24,,
1490128802990,Mouse Moved,516.0,151.0,User24,,
1490128803005,Mouse Moved,519.0,130.0,User24,,
1490128803020,Mouse Moved,521.0,115.0,User24,,
1490128803036,Mouse Moved,523.0,103.0,User24,,
1490128803052,Mouse Moved,524.0,84.0,User24,,
1490128803068,Mouse Moved,525.0,78.0,User24,,
1490128803082,Mouse Moved,525.0,74.0,User24,,
1490128803098,Mouse Moved,525.0,73.0,User24,,
1490128803255,Mouse Moved,521.0,72.0,User24,,
1490128803286,Mouse Moved,512.0,70.0,User24,,
1490128803302,Mouse Moved,496.0,62.0,User24,,
1490128803316,Mouse Moved,488.0,56.0,User24,,
1490128803332,Mouse Moved,475.0,44.0,User24,,
1490128803348,Mouse Moved,469.0,39.0,User24,,
1490128803364,Mouse Moved,465.0,34.0,User24,,
1490128803380,Mouse Moved,461.0,30.0,User24,,
1490128803394,Mouse Moved,457.0,26.0,User24,,
1490128803411,Mouse Moved,451.0,20.0,User24,,
1490128803426,Mouse Moved,449.0,18.0,User24,,
1490128803441,Mouse Moved,447.0,16.0,User24,,
1490128803457,Mouse Moved,447.0,15.0,User24,,
1490128803473,Mouse Moved,446.0,15.0,User24,,
1490128803489,Mouse Moved,446.0,14.0,User24,,
1490128803503,Mouse Moved,445.0,12.0,User24,,
1490128803536,Mouse Moved,445.0,11.0,User24,,
1490128803566,Mouse Moved,445.0,10.0,User24,,
1490128803582,Mouse Moved,445.0,9.0,User24,,
1490128803628,Mouse Moved,445.0,8.0,User24,,
1490128803707,Mouse Moved,445.0,9.0,User24,,
1490128803723,Mouse Moved,444.0,10.0,User24,,
1490128803737,Mouse Moved,444.0,13.0,User24,,
1490128803753,Mouse Moved,444.0,15.0,User24,,
1490128803769,Mouse Moved,444.0,16.0,User24,,
1490128803785,Mouse Moved,444.0,17.0,User24,,
1490128803815,Mouse Moved,445.0,18.0,User24,,
1490128803832,Mouse Moved,445.0,19.0,User24,,
1490128803848,Mouse Moved,445.0,20.0,User24,,
1490128803862,Mouse Moved,445.0,21.0,User24,,
1490128803957,Mouse Moved,445.0,22.0,User24,,
1490128804190,Mouse Moved,445.0,22.0,User24,,
1490128804206,Mouse Moved,445.0,22.0,User24,,
1490128806119,Mouse Moved,444.0,23.0,User24,,
1490128806134,Mouse Moved,444.0,25.0,User24,,
1490128806150,Mouse Moved,442.0,26.0,User24,,
1490128806164,Mouse Moved,441.0,27.0,User24,,
1490128806181,Mouse Moved,441.0,29.0,User24,,
1490128806196,Mouse Moved,440.0,31.0,User24,,
1490128806197,Mouse Moved,439.0,35.0,User24,,
1490128806210,Mouse Moved,437.0,39.0,User24,,
1490128806224,Mouse Moved,436.0,44.0,User24,,
1490128806247,Mouse Moved,435.0,49.0,User24,,
1490128806256,Mouse Moved,434.0,52.0,User24,,
1490128806276,Mouse Moved,433.0,56.0,User24,,
1490128806286,Mouse Moved,434.0,62.0,User24,,
1490128806299,Mouse Moved,435.0,77.0,User24,,
1490128806315,Mouse Moved,438.0,87.0,User24,,
1490128806335,Mouse Moved,443.0,98.0,User24,,
1490128806345,Mouse Moved,449.0,111.0,User24,,
1490128806361,Mouse Moved,459.0,128.0,User24,,
1490128806375,Mouse Moved,468.0,145.0,User24,,
1490128806394,Mouse Moved,477.0,161.0,User24,,
1490128806395,Mouse Moved,486.0,172.0,User24,,
1490128806407,Mouse Moved,490.0,179.0,User24,,
1490128806421,Mouse Moved,494.0,185.0,User24,,
1490128806434,Mouse Moved,494.0,184.0,User24,,
1490128806825,Mouse Moved,493.0,185.0,User24,,
1490128806852,Mouse Moved,491.0,184.0,User24,,
1490128806857,Mouse Moved,486.0,182.0,User24,,
1490128806871,Mouse Moved,481.0,180.0,User24,,
1490128806885,Mouse Moved,468.0,172.0,User24,,
1490128806903,Mouse Moved,461.0,168.0,User24,,
1490128806918,Mouse Moved,452.0,162.0,User24,,
1490128806930,Mouse Moved,440.0,153.0,User24,,
1490128806947,Mouse Moved,426.0,142.0,User24,,
1490128806963,Mouse Moved,400.0,120.0,User24,,
1490128806976,Mouse Moved,392.0,113.0,User24,,
1490128806990,Mouse Moved,386.0,106.0,User24,,
1490128807006,Mouse Moved,380.0,99.0,User24,,
1490128807022,Mouse Moved,375.0,92.0,User24,,
1490128807035,Mouse Moved,372.0,88.0,User24,,
1490128807051,Mouse Moved,370.0,85.0,User24,,
1490128807065,Mouse Moved,370.0,84.0,User24,,
1490128807381,Mouse Moved,372.0,84.0,User24,,
1490128807395,Mouse Moved,376.0,83.0,User24,,
1490128807415,Mouse Moved,379.0,81.0,User24,,
1490128807427,Mouse Moved,386.0,79.0,User24,,
1490128807444,Mouse Moved,403.0,73.0,User24,,
1490128807460,Mouse Moved,412.0,69.0,User24,,
1490128807473,Mouse Moved,420.0,67.0,User24,,
1490128807486,Mouse Moved,434.0,63.0,User24,,
1490128807500,Mouse Moved,440.0,61.0,User24,,
1490128807536,Mouse Moved,447.0,59.0,User24,,
1490128807546,Mouse Moved,452.0,57.0,User24,,
1490128807561,Mouse Moved,457.0,55.0,User24,,
1490128807575,Mouse Moved,460.0,54.0,User24,,
1490128817954,Mouse Moved,459.0,54.0,User24,,
1490128817970,Mouse Moved,457.0,54.0,User24,,
1490128817984,Mouse Moved,456.0,54.0,User24,,
1490128818000,Mouse Moved,455.0,54.0,User24,,
1490128818002,Mouse Moved,454.0,53.0,User24,,
1490128818015,Mouse Moved,453.0,53.0,User24,,
1490128818033,Mouse Moved,451.0,53.0,User24,,
1490128818046,Mouse Moved,450.0,52.0,User24,,
1490128818065,Mouse Moved,449.0,52.0,User24,,
1490128818076,Mouse Moved,447.0,52.0,User24,,
1490128818095,Mouse Moved,446.0,51.0,User24,,
1490128818105,Mouse Moved,443.0,51.0,User24,,
1490128818121,Mouse Moved,442.0,50.0,User24,,
1490128818134,Mouse Moved,440.0,50.0,User24,,
1490128818150,Mouse Moved,439.0,50.0,User24,,
1490128818165,Mouse Moved,437.0,49.0,User24,,
1490128818180,Mouse Moved,436.0,49.0,User24,,
1490128818197,Mouse Moved,433.0,49.0,User24,,
1490128818210,Mouse Moved,432.0,48.0,User24,,
1490128818227,Mouse Moved,431.0,48.0,User24,,
1490128818240,Mouse Moved,430.0,48.0,User24,,
1490128818255,Mouse Moved,428.0,47.0,User24,,
1490128818273,Mouse Moved,427.0,47.0,User24,,
1490128818275,Mouse Moved,426.0,47.0,User24,,
1490128818286,Mouse Moved,424.0,46.0,User24,,
1490128818301,Mouse Moved,423.0,45.0,User24,,
1490128818315,Mouse Moved,422.0,44.0,User24,,
1490128818332,Mouse Moved,420.0,44.0,User24,,
1490128818351,Mouse Moved,419.0,43.0,User24,,
1490128818361,Mouse Moved,416.0,42.0,User24,,
1490128818377,Mouse Moved,415.0,41.0,User24,,
1490128818392,Mouse Moved,414.0,41.0,User24,,
1490128818407,Mouse Moved,414.0,40.0,User24,,
1490128818421,Mouse Moved,413.0,40.0,User24,,
1490128818436,Mouse Moved,412.0,39.0,User24,,
1490128818437,Mouse Moved,411.0,39.0,User24,,
1490128818466,Mouse Moved,410.0,38.0,User24,,
1490128818480,Mouse Moved,409.0,38.0,User24,,
1490128818510,Mouse Moved,408.0,37.0,User24,,
1490128818526,Mouse Moved,407.0,36.0,User24,,
1490128818540,Mouse Moved,406.0,36.0,User24,,
1490128818555,Mouse Moved,406.0,35.0,User24,,
1490128818571,Mouse Moved,405.0,35.0,User24,,
1490128818585,Mouse Moved,405.0,34.0,User24,,
1490128818601,Mouse Moved,404.0,34.0,User24,,
1490128818661,Mouse Moved,402.0,34.0,User24,,
1490128818677,Mouse Moved,401.0,34.0,User24,,
1490128818690,Mouse Moved,399.0,33.0,User24,,
1490128818691,Mouse Moved,397.0,33.0,User24,,
1490128818721,Mouse Moved,396.0,33.0,User24,,
1490128818736,Mouse Moved,395.0,33.0,User24,,
1490128818750,Mouse Moved,395.0,32.0,User24,,
1490128818765,Mouse Moved,394.0,33.0,User24,,
1490128818782,Mouse Moved,394.0,32.0,User24,,
1490128818796,Mouse Moved,393.0,33.0,User24,,
1490128818812,Mouse Moved,392.0,32.0,User24,,
1490128818857,Mouse Moved,391.0,32.0,User24,,
1490128819246,Mouse Moved,390.0,32.0,User24,,
1490128819275,Mouse Moved,389.0,31.0,User24,,
1490128819365,Mouse Moved,389.0,32.0,User24,,
1490128819411,Mouse Moved,389.0,33.0,User24,,
1490128819427,Mouse Moved,391.0,36.0,User24,,
1490128819441,Mouse Moved,394.0,41.0,User24,,
1490128819456,Mouse Moved,398.0,50.0,User24,,
1490128819470,Mouse Moved,406.0,65.0,User24,,
1490128819486,Mouse Moved,436.0,122.0,User24,,
1490128819500,Mouse Moved,451.0,153.0,User24,,
1490128819515,Mouse Moved,467.0,182.0,User24,,
1490128819530,Mouse Moved,481.0,206.0,User24,,
1490128819546,Mouse Moved,491.0,226.0,User24,,
1490128819562,Mouse Moved,500.0,239.0,User24,,
1490128819576,Mouse Moved,504.0,248.0,User24,,
1490128819578,Mouse Moved,507.0,252.0,User24,,
1490128819772,Mouse Moved,535.0,260.0,User24,,
1490128819785,Mouse Moved,578.0,271.0,User24,,
1490128819801,Mouse Moved,628.0,285.0,User24,,
1490128819815,Mouse Moved,685.0,301.0,User24,,
1490128819832,Mouse Moved,733.0,316.0,User24,,
1490128819846,Mouse Moved,769.0,328.0,User24,,
1490128819861,Mouse Moved,795.0,337.0,User24,,
1490128819875,Mouse Moved,795.0,336.0,User24,,
1490128820040,Mouse Moved,806.0,334.0,User24,,
1490128820042,Mouse Moved,820.0,331.0,User24,,
1490128820055,Mouse Moved,833.0,329.0,User24,,
1490128820071,Mouse Moved,845.0,327.0,User24,,
1490128820085,Mouse Moved,854.0,327.0,User24,,
1490128820086,Mouse Moved,862.0,326.0,User24,,
1490128820108,Mouse Moved,868.0,325.0,User24,,
1490128820117,Mouse Moved,872.0,324.0,User24,,
1490128820131,Mouse Moved,876.0,323.0,User24,,
1490128820145,Mouse Moved,879.0,322.0,User24,,
1490128820161,Mouse Moved,882.0,321.0,User24,,
1490128820177,Mouse Moved,884.0,317.0,User24,,
1490128820190,Mouse Moved,885.0,315.0,User24,,
1490128820234,Mouse Moved,885.0,313.0,User24,,
1490128820236,Mouse Moved,886.0,311.0,User24,,
1490128820252,Mouse Moved,886.0,308.0,User24,,
1490128820266,Mouse Moved,886.0,305.0,User24,,
1490128820289,Mouse Moved,885.0,304.0,User24,,
1490128820325,Mouse Moved,885.0,303.0,User24,,
1490128820625,Mouse Moved,885.0,303.0,User24,,
1490128820627,Mouse Moved,885.0,303.0,User24,,
1490128820628,Mouse Button.left Released,885.0,303.0,User24,,
1490128821154,Mouse Moved,876.0,307.0,User24,,
1490128821165,Mouse Moved,833.0,326.0,User24,,
1490128821180,Mouse Moved,795.0,344.0,User24,,
1490128821196,Mouse Moved,754.0,366.0,User24,,
1490128821210,Mouse Moved,710.0,390.0,User24,,
1490128821226,Mouse Moved,668.0,416.0,User24,,
1490128821240,Mouse Moved,629.0,443.0,User24,,
1490128821242,Mouse Moved,590.0,471.0,User24,,
1490128821256,Mouse Moved,557.0,496.0,User24,,
1490128821270,Mouse Moved,530.0,517.0,User24,,
1490128821286,Mouse Moved,510.0,532.0,User24,,
1490128821301,Mouse Moved,500.0,539.0,User24,,
1490128821316,Mouse Moved,494.0,543.0,User24,,
1490128821332,Mouse Moved,491.0,545.0,User24,,
1490128821526,Mouse Moved,490.0,545.0,User24,,
1490128821549,Mouse Moved,489.0,543.0,User24,,
1490128821555,Mouse Moved,487.0,541.0,User24,,
1490128821572,Mouse Moved,487.0,538.0,User24,,
1490128821585,Mouse Moved,487.0,534.0,User24,,
1490128821599,Mouse Moved,487.0,531.0,User24,,
1490128821601,Mouse Moved,487.0,528.0,User24,,
1490128821615,Mouse Moved,487.0,527.0,User24,,
1490128821630,Mouse Moved,486.0,524.0,User24,,
1490128821645,Mouse Moved,485.0,522.0,User24,,
1490128821661,Mouse Moved,485.0,520.0,User24,,
1490128821677,Mouse Moved,484.0,518.0,User24,,
1490128821694,Mouse Moved,484.0,517.0,User24,,
1490128822005,Mouse Moved,484.0,517.0,User24,,
1490128822006,Mouse Button.left Pressed,484.0,517.0,User24,,
1490128822007,Mouse Button.left Released,484.0,517.0,User24,,
1490128822561,Mouse Moved,499.0,500.0,User24,,
1490128822575,Mouse Moved,525.0,471.0,User24,,
1490128822591,Mouse Moved,562.0,437.0,User24,,
1490128822605,Mouse Moved,647.0,377.0,User24,,
1490128822621,Mouse Moved,688.0,355.0,User24,,
1490128822644,Mouse Moved,722.0,341.0,User24,,
1490128822650,Mouse Moved,747.0,334.0,User24,,
1490128822665,Mouse Moved,770.0,333.0,User24,,
1490128822680,Mouse Moved,773.0,335.0,User24,,
1490128822694,Mouse Moved,775.0,337.0,User24,,
1490128822711,Mouse Moved,776.0,338.0,User24,,
1490128822907,Mouse Moved,776.0,352.0,User24,,
1490128822921,Mouse Moved,775.0,374.0,User24,,
1490128822938,Mouse Moved,774.0,402.0,User24,,
1490128822950,Mouse Moved,772.0,429.0,User24,,
1490128822966,Mouse Moved,770.0,455.0,User24,,
1490128822980,Mouse Moved,768.0,473.0,User24,,
1490128822996,Mouse Moved,767.0,486.0,User24,,
1490128823010,Mouse Moved,765.0,497.0,User24,,
1490128823026,Mouse Moved,761.0,509.0,User24,,
1490128823040,Mouse Moved,761.0,508.0,User24,,
1490128823221,Mouse Moved,760.0,510.0,User24,,
1490128823236,Mouse Moved,759.0,513.0,User24,,
1490128823250,Mouse Moved,758.0,514.0,User24,,
1490128823252,Mouse Moved,757.0,515.0,User24,,
1490128823266,Mouse Moved,757.0,516.0,User24,,
1490128823279,Mouse Moved,756.0,518.0,User24,,
1490128823296,Mouse Moved,756.0,520.0,User24,,
1490128823311,Mouse Moved,755.0,522.0,User24,,
1490128823326,Mouse Moved,754.0,524.0,User24,,
1490128823341,Mouse Moved,753.0,526.0,User24,,
1490128823355,Mouse Moved,753.0,527.0,User24,,
1490128823357,Mouse Moved,753.0,529.0,User24,,
1490128823371,Mouse Moved,752.0,529.0,User24,,
1490128823391,Mouse Moved,752.0,530.0,User24,,
1490128823401,Mouse Moved,751.0,530.0,User24,,
1490128823418,Mouse Moved,752.0,530.0,User24,,
1490128823431,Mouse Moved,751.0,530.0,User24,,
1490128823812,Mouse Moved,751.0,530.0,User24,,
1490128823813,Mouse Button.left Pressed,751.0,530.0,User24,,
1490128823815,Mouse Moved,751.0,530.0,User24,,
1490128824059,Mouse Moved,753.0,529.0,User24,,
1490128824076,Mouse Moved,755.0,528.0,User24,,
1490128824091,Mouse Moved,758.0,526.0,User24,,
1490128824105,Mouse Moved,761.0,523.0,User24,,
1490128824121,Mouse Moved,764.0,522.0,User24,,
1490128824134,Mouse Moved,765.0,521.0,User24,,
1490128824151,Mouse Moved,766.0,520.0,User24,,
1490128824165,Mouse Moved,767.0,519.0,User24,,
1490128824180,Mouse Moved,769.0,518.0,User24,,
1490128824197,Mouse Moved,770.0,517.0,User24,,
1490128824210,Mouse Moved,771.0,517.0,User24,,
1490128824226,Mouse Moved,771.0,516.0,User24,,
1490128824566,Mouse Moved,771.0,516.0,User24,,
1490128824568,Mouse Button.left Pressed,771.0,516.0,User24,,
1490128824569,Mouse Moved,771.0,516.0,User24,,
1490128828276,Mouse Moved,771.0,516.0,User24,,
1490128828306,Mouse Moved,771.0,516.0,User24,,
1490128828321,Mouse Moved,771.0,516.0,User24,,
1490128828322,Mouse Moved,771.0,516.0,User24,,
1490128828336,Mouse Moved,771.0,516.0,User24,,
1490128828349,Mouse Moved,771.0,516.0,User24,,
1490128828374,Mouse Moved,771.0,516.0,User24,,
1490128828385,Mouse Moved,771.0,516.0,User24,,
1490128828397,Mouse Moved,771.0,516.0,User24,,
1490128828398,Mouse Moved,771.0,516.0,User24,,
1490128828411,Mouse Moved,771.0,516.0,User24,,
1490128828426,Mouse Moved,771.0,516.0,User24,,
1490128828446,Mouse Moved,771.0,516.0,User24,,
1490128828456,Mouse Moved,771.0,516.0,User24,,
1490128828470,Mouse Moved,771.0,516.0,User24,,
1490128828471,Mouse Scrolled (0 -1),771.0,516.0,User24,,
1490128829236,Mouse Moved,774.0,514.0,User24,,
1490128829250,Mouse Moved,777.0,510.0,User24,,
1490128829266,Mouse Moved,782.0,506.0,User24,,
1490128829279,Mouse Moved,794.0,497.0,User24,,
1490128829295,Mouse Moved,809.0,484.0,User24,,
1490128829296,Mouse Moved,832.0,466.0,User24,,
1490128829312,Mouse Moved,855.0,449.0,User24,,
1490128829325,Mouse Moved,874.0,436.0,User24,,
1490128829341,Mouse Moved,887.0,426.0,User24,,
1490128829358,Mouse Moved,901.0,416.0,User24,,
1490128829375,Mouse Moved,912.0,407.0,User24,,
1490128829378,Mouse Moved,921.0,400.0,User24,,
1490128829384,Mouse Moved,928.0,394.0,User24,,
1490128829401,Mouse Moved,932.0,391.0,User24,,
1490128829415,Mouse Moved,934.0,388.0,User24,,
1490128829686,Mouse Moved,939.0,382.0,User24,,
1490128829706,Mouse Moved,944.0,375.0,User24,,
1490128829714,Mouse Moved,953.0,364.0,User24,,
1490128829730,Mouse Moved,966.0,347.0,User24,,
1490128829746,Mouse Moved,1003.0,302.0,User24,,
1490128829759,Mouse Moved,1022.0,279.0,User24,,
1490128829776,Mouse Moved,1037.0,260.0,User24,,
1490128829789,Mouse Moved,1047.0,247.0,User24,,
1490128829805,Mouse Moved,1053.0,238.0,User24,,
1490128829819,Mouse Moved,1061.0,227.0,User24,,
1490128829836,Mouse Moved,1064.0,224.0,User24,,
1490128829849,Mouse Moved,1063.0,224.0,User24,,
1490128830016,Mouse Moved,1065.0,223.0,User24,,
1490128830030,Mouse Moved,1066.0,223.0,User24,,
1490128830049,Mouse Moved,1068.0,222.0,User24,,
1490128830062,Mouse Moved,1069.0,221.0,User24,,
1490128830078,Mouse Moved,1072.0,220.0,User24,,
1490128830091,Mouse Moved,1073.0,220.0,User24,,
1490128830105,Mouse Moved,1075.0,219.0,User24,,
1490128830107,Mouse Moved,1078.0,217.0,User24,,
1490128830119,Mouse Moved,1081.0,216.0,User24,,
1490128830135,Mouse Moved,1084.0,215.0,User24,,
1490128830150,Mouse Moved,1085.0,214.0,User24,,
1490128830164,Mouse Moved,1087.0,213.0,User24,,
1490128830165,Mouse Moved,1088.0,212.0,User24,,
1490128830180,Mouse Moved,1089.0,213.0,User24,,
1490128830197,Mouse Moved,1090.0,212.0,User24,,
1490128830226,Mouse Moved,1090.0,211.0,User24,,
1490128830259,Mouse Moved,1091.0,211.0,User24,,
1490128830331,Mouse Moved,1090.0,211.0,User24,,
1490128830345,Mouse Moved,1090.0,212.0,User24,,
1490128830377,Mouse Moved,1089.0,212.0,User24,,
1490128830391,Mouse Moved,1088.0,213.0,User24,,
1490128830405,Mouse Moved,1087.0,214.0,User24,,
1490128830424,Mouse Moved,1086.0,214.0,User24,,
1490128830436,Mouse Moved,1086.0,215.0,User24,,
1490128830450,Mouse Moved,1085.0,215.0,User24,,
1490128830466,Mouse Moved,1084.0,215.0,User24,,
1490128830483,Mouse Moved,1084.0,216.0,User24,,
1490128830500,Mouse Moved,1083.0,216.0,User24,,
1490128830513,Mouse Moved,1081.0,217.0,User24,,
1490128830540,Mouse Moved,1080.0,216.0,User24,,
1490128831108,Mouse Moved,1080.0,216.0,User24,,
1490128831109,Mouse Button.left Pressed,1080.0,216.0,User24,,
1490128831111,Mouse Moved,1080.0,216.0,User24,,
1490128832460,Mouse Moved,1076.0,218.0,User24,,
1490128832461,Mouse Moved,1069.0,221.0,User24,,
1490128832476,Mouse Moved,1058.0,226.0,User24,,
1490128832490,Mouse Moved,1040.0,235.0,User24,,
1490128832506,Mouse Moved,1013.0,248.0,User24,,
1490128832520,Mouse Moved,983.0,264.0,User24,,
1490128832522,Mouse Moved,952.0,282.0,User24,,
1490128832536,Mouse Moved,918.0,305.0,User24,,
1490128832551,Mouse Moved,889.0,327.0,User24,,
1490128832565,Mouse Moved,864.0,347.0,User24,,
1490128832581,Mouse Moved,842.0,366.0,User24,,
1490128832608,Mouse Moved,830.0,378.0,User24,,
1490128832611,Mouse Moved,822.0,386.0,User24,,
1490128832625,Mouse Moved,809.0,402.0,User24,,
1490128832641,Mouse Moved,803.0,410.0,User24,,
1490128832655,Mouse Moved,798.0,416.0,User24,,
1490128832674,Mouse Moved,795.0,420.0,User24,,
1490128832684,Mouse Moved,792.0,424.0,User24,,
1490128832707,Mouse Moved,790.0,427.0,User24,,
1490128832709,Mouse Moved,788.0,430.0,User24,,
1490128832714,Mouse Moved,785.0,432.0,User24,,
1490128832730,Mouse Moved,785.0,434.0,User24,,
1490128832746,Mouse Moved,784.0,435.0,User24,,
1490128832759,Mouse Moved,783.0,436.0,User24,,
1490128832776,Mouse Moved,783.0,437.0,User24,,
1490128832789,Mouse Moved,783.0,436.0,User24,,
1490128832805,Mouse Moved,784.0,437.0,User24,,
1490128832821,Mouse Moved,785.0,436.0,User24,,
1490128832836,Mouse Moved,785.0,435.0,User24,,
1490128832858,Mouse Moved,786.0,435.0,User24,,
1490128832869,Mouse Moved,786.0,434.0,User24,,
1490128833119,Mouse Moved,788.0,436.0,User24,,
1490128834305,Mouse Moved,788.0,436.0,User24,,
1490128834306,Mouse Moved,788.0,436.0,User24,,
1490128834308,Mouse Button.left Released,788.0,436.0,User24,,
1490128853147,Mouse Moved,788.0,437.0,User24,,
1490128853161,Mouse Moved,785.0,435.0,User24,,
1490128853177,Mouse Moved,781.0,434.0,User24,,
1490128853227,Mouse Moved,775.0,432.0,User24,,
1490128853234,Mouse Moved,768.0,429.0,User24,,
1490128853236,Mouse Moved,761.0,427.0,User24,,
1490128853237,Mouse Moved,741.0,422.0,User24,,
1490128853427,Mouse Moved,728.0,419.0,User24,,
1490128853428,Mouse Moved,701.0,415.0,User24,,
1490128853430,Mouse Moved,691.0,415.0,User24,,
1490128853463,Mouse Moved,669.0,414.0,User24,,
1490128853464,Mouse Moved,648.0,414.0,User24,,
1490128853466,Mouse Moved,637.0,415.0,User24,,
1490128853467,Mouse Moved,632.0,415.0,User24,,
1490128853836,Mouse Moved,625.0,415.0,User24,,
1490128853851,Mouse Moved,624.0,415.0,User24,,
1490128853865,Mouse Moved,619.0,415.0,User24,,
1490128853881,Mouse Moved,608.0,414.0,User24,,
1490128853882,Mouse Moved,593.0,412.0,User24,,
1490128853901,Mouse Moved,575.0,409.0,User24,,
1490128853911,Mouse Moved,552.0,406.0,User24,,
1490128853926,Mouse Moved,535.0,405.0,User24,,
1490128853941,Mouse Moved,515.0,403.0,User24,,
1490128853956,Mouse Moved,497.0,401.0,User24,,
1490128853971,Mouse Moved,483.0,400.0,User24,,
1490128853986,Mouse Moved,469.0,399.0,User24,,
1490128853987,Mouse Moved,461.0,398.0,User24,,
1490128854000,Mouse Moved,455.0,398.0,User24,,
1490128854016,Mouse Moved,448.0,397.0,User24,,
1490128854030,Mouse Moved,443.0,397.0,User24,,
1490128854049,Mouse Moved,439.0,396.0,User24,,
1490128854062,Mouse Moved,436.0,396.0,User24,,
1490128854075,Mouse Moved,434.0,395.0,User24,,
1490128854691,Mouse Moved,436.0,396.0,User24,,
1490128854707,Mouse Moved,444.0,399.0,User24,,
1490128854724,Mouse Moved,449.0,400.0,User24,,
1490128854737,Mouse Moved,455.0,401.0,User24,,
1490128854763,Mouse Moved,461.0,403.0,User24,,
1490128854769,Mouse Moved,471.0,404.0,User24,,
1490128854780,Mouse Moved,481.0,406.0,User24,,
1490128854796,Mouse Moved,499.0,411.0,User24,,
1490128854812,Mouse Moved,507.0,412.0,User24,,
1490128854826,Mouse Moved,513.0,414.0,User24,,
1490128854845,Mouse Moved,518.0,416.0,User24,,
1490128854858,Mouse Moved,521.0,417.0,User24,,
1490128854871,Mouse Moved,521.0,416.0,User24,,
1490128855186,Mouse Moved,521.0,416.0,User24,,
1490128855201,Mouse Moved,521.0,416.0,User24,,
1490128855217,Mouse Moved,521.0,416.0,User24,,
1490128855230,Mouse Moved,521.0,416.0,User24,,
1490128855246,Mouse Moved,521.0,416.0,User24,,
1490128855260,Mouse Moved,521.0,416.0,User24,,
1490128855262,Mouse Scrolled (0 -1),521.0,416.0,User24,,
1490128855263,Mouse Moved,521.0,416.0,User24,,
1490128855280,Mouse Moved,521.0,416.0,User24,,
1490128855302,Mouse Moved,521.0,416.0,User24,,
1490128855305,Mouse Moved,521.0,416.0,User24,,
1490128855321,Mouse Moved,521.0,416.0,User24,,
1490128855336,Mouse Moved,521.0,416.0,User24,,
1490128855351,Mouse Moved,521.0,416.0,User24,,
1490128855368,Mouse Moved,521.0,416.0,User24,,
1490128855384,Mouse Moved,521.0,416.0,User24,,
1490128855395,Mouse Moved,521.0,416.0,User24,,
1490128855411,Mouse Moved,521.0,416.0,User24,,
1490128855427,Mouse Moved,521.0,416.0,User24,,
1490128855861,Mouse Moved,522.0,416.0,User24,,
1490128855875,Mouse Moved,523.0,417.0,User24,,
1490128855891,Mouse Moved,527.0,416.0,User24,,
1490128855908,Mouse Moved,538.0,414.0,User24,,
1490128855921,Mouse Moved,546.0,412.0,User24,,
1490128855937,Mouse Moved,561.0,408.0,User24,,
1490128855951,Mouse Moved,578.0,403.0,User24,,
1490128855970,Mouse Moved,599.0,397.0,User24,,
1490128855980,Mouse Moved,633.0,387.0,User24,,
1490128856000,Mouse Moved,647.0,384.0,User24,,
1490128856013,Mouse Moved,661.0,380.0,User24,,
1490128856026,Mouse Moved,673.0,376.0,User24,,
1490128856040,Mouse Moved,683.0,373.0,User24,,
1490128856055,Mouse Moved,692.0,371.0,User24,,
1490128856072,Mouse Moved,702.0,366.0,User24,,
1490128856086,Mouse Moved,705.0,365.0,User24,,
1490128856101,Mouse Moved,709.0,362.0,User24,,
1490128856115,Mouse Moved,712.0,359.0,User24,,
1490128856131,Mouse Moved,715.0,356.0,User24,,
1490128856147,Mouse Moved,718.0,353.0,User24,,
1490128856161,Mouse Moved,726.0,347.0,User24,,
1490128856176,Mouse Moved,737.0,342.0,User24,,
1490128856190,Mouse Moved,752.0,336.0,User24,,
1490128856207,Mouse Moved,770.0,330.0,User24,,
1490128856220,Mouse Moved,793.0,324.0,User24,,
1490128856236,Mouse Moved,811.0,320.0,User24,,
1490128856256,Mouse Moved,842.0,317.0,User24,,
1490128856266,Mouse Moved,853.0,317.0,User24,,
1490128856280,Mouse Moved,863.0,316.0,User24,,
1490128856299,Mouse Moved,870.0,317.0,User24,,
1490128856312,Mouse Moved,869.0,316.0,User24,,
1490128856523,Mouse Moved,872.0,317.0,User24,,
1490128856536,Mouse Moved,876.0,318.0,User24,,
1490128856552,Mouse Moved,883.0,319.0,User24,,
1490128856566,Mouse Moved,891.0,319.0,User24,,
1490128856581,Mouse Moved,913.0,319.0,User24,,
1490128856595,Mouse Moved,924.0,319.0,User24,,
1490128856611,Mouse Moved,936.0,318.0,User24,,
1490128856627,Mouse Moved,948.0,318.0,User24,,
1490128856641,Mouse Moved,960.0,317.0,User24,,
1490128856657,Mouse Moved,980.0,316.0,User24,,
1490128856671,Mouse Moved,985.0,315.0,User24,,
1490128856687,Mouse Moved,989.0,315.0,User24,,
1490128856701,Mouse Moved,993.0,314.0,User24,,
1490128856716,Mouse Moved,996.0,313.0,User24,,
1490128856730,Mouse Moved,998.0,312.0,User24,,
1490128856746,Mouse Moved,1000.0,312.0,User24,,
1490128856763,Mouse Moved,1001.0,312.0,User24,,
1490128856790,Mouse Moved,1002.0,312.0,User24,,
1490128856805,Mouse Moved,1001.0,311.0,User24,,
1490128856926,Mouse Moved,1002.0,311.0,User24,,
1490128856941,Mouse Moved,1003.0,312.0,User24,,
1490128856957,Mouse Moved,1004.0,312.0,User24,,
1490128856970,Mouse Moved,1004.0,313.0,User24,,
1490128857000,Mouse Moved,1004.0,314.0,User24,,
1490128857032,Mouse Moved,1004.0,315.0,User24,,
1490128857061,Mouse Moved,1003.0,316.0,User24,,
1490128857424,Mouse Moved,1004.0,317.0,User24,,
1490128857436,Mouse Moved,1003.0,318.0,User24,,
1490128857450,Mouse Moved,1003.0,319.0,User24,,
1490128857466,Mouse Moved,1003.0,320.0,User24,,
1490128857496,Mouse Moved,1004.0,322.0,User24,,
1490128857510,Mouse Moved,1005.0,323.0,User24,,
1490128857526,Mouse Moved,1006.0,324.0,User24,,
1490128857542,Mouse Moved,1010.0,328.0,User24,,
1490128857555,Mouse Moved,1012.0,330.0,User24,,
1490128857571,Mouse Moved,1014.0,332.0,User24,,
1490128857572,Mouse Moved,1016.0,333.0,User24,,
1490128857586,Mouse Moved,1017.0,334.0,User24,,
1490128857601,Mouse Moved,1018.0,335.0,User24,,
1490128857615,Mouse Moved,1020.0,335.0,User24,,
1490128857635,Mouse Moved,1020.0,336.0,User24,,
1490128857637,Mouse Moved,1021.0,336.0,User24,,
1490128857647,Mouse Moved,1022.0,336.0,User24,,
1490128857661,Mouse Moved,1022.0,337.0,User24,,
1490128857676,Mouse Moved,1022.0,336.0,User24,,
1490128857980,Mouse Moved,1022.0,336.0,User24,,
1490128857982,Mouse Moved,1022.0,336.0,User24,,
1490128857983,Mouse Button.left Released,1022.0,336.0,User24,,
1490128859203,Mouse Moved,1022.0,336.0,User24,,
1490128859204,Mouse Moved,1022.0,336.0,User24,,
1490128859206,Mouse Button.left Released,1022.0,336.0,User24,,
1490128859776,Mouse Moved,996.0,344.0,User24,,
1490128859793,Mouse Moved,977.0,351.0,User24,,
1490128859805,Mouse Moved,960.0,357.0,User24,,
1490128859823,Mouse Moved,943.0,364.0,User24,,
1490128859835,Mouse Moved,928.0,370.0,User24,,
1490128859851,Mouse Moved,911.0,381.0,User24,,
1490128859865,Mouse Moved,903.0,387.0,User24,,
1490128859884,Mouse Moved,899.0,390.0,User24,,
1490128859904,Mouse Moved,895.0,394.0,User24,,
1490128859911,Mouse Moved,895.0,395.0,User24,,
1490128859927,Mouse Moved,895.0,394.0,User24,,
1490128860197,Mouse Moved,864.0,393.0,User24,,
1490128860198,Mouse Moved,823.0,391.0,User24,,
1490128860211,Mouse Moved,778.0,390.0,User24,,
1490128860226,Mouse Moved,733.0,390.0,User24,,
1490128860240,Mouse Moved,694.0,393.0,User24,,
1490128860256,Mouse Moved,663.0,396.0,User24,,
1490128860270,Mouse Moved,640.0,399.0,User24,,
1490128860286,Mouse Moved,626.0,402.0,User24,,
1490128860288,Mouse Moved,619.0,403.0,User24,,
1490128860302,Mouse Moved,615.0,403.0,User24,,
1490128860316,Mouse Moved,610.0,404.0,User24,,
1490128860332,Mouse Moved,607.0,404.0,User24,,
1490128860348,Mouse Moved,604.0,405.0,User24,,
1490128860361,Mouse Moved,602.0,405.0,User24,,
1490128860375,Mouse Moved,601.0,405.0,User24,,
1490128860632,Mouse Moved,578.0,391.0,User24,,
1490128860648,Mouse Moved,548.0,372.0,User24,,
1490128860670,Mouse Moved,492.0,337.0,User24,,
1490128860677,Mouse Moved,468.0,323.0,User24,,
1490128860691,Mouse Moved,447.0,311.0,User24,,
1490128860710,Mouse Moved,433.0,303.0,User24,,
1490128860720,Mouse Moved,423.0,297.0,User24,,
1490128860721,Mouse Moved,416.0,293.0,User24,,
1490128860736,Mouse Moved,411.0,290.0,User24,,
1490128860750,Mouse Moved,407.0,287.0,User24,,
1490128860766,Mouse Moved,403.0,284.0,User24,,
1490128860782,Mouse Moved,399.0,282.0,User24,,
1490128860798,Mouse Moved,397.0,280.0,User24,,
1490128860799,Mouse Moved,395.0,279.0,User24,,
1490128860812,Mouse Moved,393.0,277.0,User24,,
1490128860825,Mouse Moved,391.0,276.0,User24,,
1490128860842,Mouse Moved,390.0,275.0,User24,,
1490128860855,Mouse Moved,389.0,272.0,User24,,
1490128860871,Mouse Moved,384.0,268.0,User24,,
1490128860885,Mouse Moved,377.0,262.0,User24,,
1490128860914,Mouse Moved,368.0,253.0,User24,,
1490128860915,Mouse Moved,342.0,232.0,User24,,
1490128860931,Mouse Moved,330.0,222.0,User24,,
1490128860947,Mouse Moved,318.0,213.0,User24,,
1490128860963,Mouse Moved,299.0,198.0,User24,,
1490128860976,Mouse Moved,292.0,192.0,User24,,
1490128860992,Mouse Moved,287.0,187.0,User24,,
1490128861017,Mouse Moved,286.0,185.0,User24,,
1490128861022,Mouse Moved,286.0,182.0,User24,,
1490128861036,Mouse Moved,285.0,182.0,User24,,
1490128861605,Mouse Moved,276.0,174.0,User24,,
1490128861607,Mouse Moved,260.0,157.0,User24,,
1490128861608,Mouse Moved,249.0,143.0,User24,,
1490128861609,Mouse Moved,241.0,128.0,User24,,
1490128861611,Mouse Moved,235.0,114.0,User24,,
1490128861618,Mouse Moved,232.0,99.0,User24,,
1490128861619,Mouse Moved,231.0,95.0,User24,,
1490128861621,Mouse Moved,230.0,92.0,User24,,
1490128861622,Mouse Moved,229.0,86.0,User24,,
1490128861624,Mouse Moved,228.0,83.0,User24,,
1490128861625,Mouse Moved,228.0,81.0,User24,,
1490128861627,Mouse Moved,227.0,77.0,User24,,
1490128861628,Mouse Moved,226.0,73.0,User24,,
1490128861630,Mouse Moved,225.0,65.0,User24,,
1490128861632,Mouse Moved,224.0,60.0,User24,,
1490128861634,Mouse Moved,222.0,54.0,User24,,
1490128861635,Mouse Moved,220.0,40.0,User24,,
1490128861651,Mouse Moved,219.0,36.0,User24,,
1490128861664,Mouse Moved,217.0,29.0,User24,,
1490128861680,Mouse Moved,218.0,27.0,User24,,
1490128861697,Mouse Moved,217.0,25.0,User24,,
1490128861710,Mouse Moved,216.0,22.0,User24,,
1490128861740,Mouse Moved,216.0,21.0,User24,,
1490128861757,Mouse Moved,215.0,21.0,User24,,
1490128861786,Mouse Moved,215.0,22.0,User24,,
1490128861802,Mouse Moved,214.0,23.0,User24,,
1490128861819,Mouse Moved,214.0,22.0,User24,,
1490128861835,Mouse Moved,214.0,23.0,User24,,
1490128861836,Mouse Moved,214.0,24.0,User24,,
1490128861846,Mouse Moved,214.0,25.0,User24,,
1490128861861,Mouse Moved,213.0,27.0,User24,,
1490128861877,Mouse Moved,213.0,28.0,User24,,
1490128861878,Mouse Moved,212.0,29.0,User24,,
1490128861894,Mouse Moved,212.0,30.0,User24,,
1490128861907,Mouse Moved,211.0,32.0,User24,,
1490128861921,Mouse Moved,211.0,33.0,User24,,
1490128861937,Mouse Moved,212.0,35.0,User24,,
1490128861950,Mouse Moved,211.0,37.0,User24,,
1490128861966,Mouse Moved,211.0,38.0,User24,,
1490128861980,Mouse Moved,210.0,40.0,User24,,
1490128861996,Mouse Moved,210.0,41.0,User24,,
1490128862012,Mouse Moved,210.0,43.0,User24,,
1490128862026,Mouse Moved,210.0,45.0,User24,,
1490128862055,Mouse Moved,210.0,46.0,User24,,
1490128862085,Mouse Moved,210.0,47.0,User24,,
1490128862101,Mouse Moved,210.0,48.0,User24,,
1490128862117,Mouse Moved,211.0,48.0,User24,,
1490128862131,Mouse Moved,211.0,49.0,User24,,
1490128862490,Mouse Moved,211.0,49.0,User24,,
1490128862492,Mouse Button.left Pressed,211.0,49.0,User24,,
1490128862493,Mouse Moved,211.0,49.0,User24,,
1490128870967,Mouse Moved,214.0,51.0,User24,,
1490128870980,Mouse Moved,220.0,56.0,User24,,
1490128871010,Mouse Moved,237.0,66.0,User24,,
1490128871012,Mouse Moved,267.0,85.0,User24,,
1490128871026,Mouse Moved,349.0,133.0,User24,,
1490128871040,Mouse Moved,387.0,156.0,User24,,
1490128871055,Mouse Moved,418.0,174.0,User24,,
1490128871072,Mouse Moved,441.0,188.0,User24,,
1490128871085,Mouse Moved,455.0,196.0,User24,,
1490128871101,Mouse Moved,464.0,200.0,User24,,
1490128871102,Mouse Moved,468.0,203.0,User24,,
1490128871115,Mouse Moved,470.0,204.0,User24,,
1490128871326,Mouse Moved,483.0,210.0,User24,,
1490128871342,Mouse Moved,510.0,221.0,User24,,
1490128871358,Mouse Moved,545.0,236.0,User24,,
1490128871377,Mouse Moved,590.0,258.0,User24,,
1490128871378,Mouse Moved,628.0,280.0,User24,,
1490128871385,Mouse Moved,659.0,297.0,User24,,
1490128871401,Mouse Moved,681.0,311.0,User24,,
1490128871417,Mouse Moved,688.0,316.0,User24,,
1490128871433,Mouse Moved,692.0,319.0,User24,,
1490128871447,Mouse Moved,694.0,321.0,User24,,
1490128871627,Mouse Moved,693.0,323.0,User24,,
1490128871641,Mouse Moved,690.0,326.0,User24,,
1490128871657,Mouse Moved,687.0,328.0,User24,,
1490128871671,Mouse Moved,683.0,330.0,User24,,
1490128871687,Mouse Moved,680.0,331.0,User24,,
1490128871701,Mouse Moved,677.0,331.0,User24,,
1490128871703,Mouse Moved,677.0,332.0,User24,,
1490128871717,Mouse Moved,678.0,332.0,User24,,
1490128871732,Mouse Moved,681.0,331.0,User24,,
1490128871746,Mouse Moved,687.0,330.0,User24,,
1490128871762,Mouse Moved,695.0,329.0,User24,,
1490128871776,Mouse Moved,704.0,329.0,User24,,
1490128871792,Mouse Moved,716.0,328.0,User24,,
1490128871806,Mouse Moved,728.0,327.0,User24,,
1490128871808,Mouse Moved,740.0,327.0,User24,,
1490128871826,Mouse Moved,750.0,326.0,User24,,
1490128871836,Mouse Moved,756.0,325.0,User24,,
1490128871857,Mouse Moved,762.0,324.0,User24,,
1490128871867,Mouse Moved,767.0,324.0,User24,,
1490128871882,Mouse Moved,771.0,323.0,User24,,
1490128871895,Mouse Moved,775.0,323.0,User24,,
1490128871911,Mouse Moved,778.0,322.0,User24,,
1490128872221,Mouse Moved,778.0,322.0,User24,,
1490128872223,Mouse Button.left Pressed,778.0,322.0,User24,,
1490128872224,Mouse Button.left Released,778.0,322.0,User24,,
1490128872555,Mouse Moved,778.0,323.0,User24,,
1490128872571,Mouse Moved,777.0,325.0,User24,,
1490128872588,Mouse Moved,776.0,327.0,User24,,
1490128872602,Mouse Moved,773.0,331.0,User24,,
1490128872604,Mouse Moved,769.0,335.0,User24,,
1490128872617,Mouse Moved,764.0,341.0,User24,,
1490128872631,Mouse Moved,757.0,346.0,User24,,
1490128872647,Mouse Moved,748.0,354.0,User24,,
1490128872661,Mouse Moved,736.0,364.0,User24,,
1490128872676,Mouse Moved,719.0,378.0,User24,,
1490128872691,Mouse Moved,699.0,392.0,User24,,
1490128872693,Mouse Moved,676.0,408.0,User24,,
1490128872707,Mouse Moved,653.0,423.0,User24,,
1490128872720,Mouse Moved,630.0,437.0,User24,,
1490128872736,Mouse Moved,606.0,451.0,User24,,
1490128872753,Mouse Moved,584.0,464.0,User24,,
1490128872766,Mouse Moved,562.0,475.0,User24,,
1490128872785,Mouse Moved,544.0,485.0,User24,,
1490128872796,Mouse Moved,533.0,490.0,User24,,
1490128872798,Mouse Moved,525.0,495.0,User24,,
1490128872811,Mouse Moved,518.0,498.0,User24,,
1490128872825,Mouse Moved,512.0,501.0,User24,,
1490128872842,Mouse Moved,505.0,504.0,User24,,
1490128872857,Mouse Moved,498.0,507.0,User24,,
1490128872871,Mouse Moved,492.0,510.0,User24,,
1490128872887,Mouse Moved,482.0,514.0,User24,,
1490128872903,Mouse Moved,477.0,517.0,User24,,
1490128872931,Mouse Moved,472.0,520.0,User24,,
1490128872947,Mouse Moved,468.0,523.0,User24,,
1490128872961,Mouse Moved,462.0,528.0,User24,,
1490128872976,Mouse Moved,454.0,535.0,User24,,
1490128872990,Mouse Moved,451.0,537.0,User24,,
1490128873006,Mouse Moved,449.0,539.0,User24,,
1490128873023,Mouse Moved,448.0,540.0,User24,,
1490128873036,Mouse Moved,445.0,543.0,User24,,
1490128873051,Mouse Moved,444.0,545.0,User24,,
1490128873066,Mouse Moved,443.0,545.0,User24,,
1490128873081,Mouse Moved,442.0,546.0,User24,,
1490128873384,Mouse Moved,442.0,546.0,User24,,
1490128873385,Mouse Moved,442.0,546.0,User24,,
1490128873388,Mouse Button.left Released,442.0,546.0,User24,,
1490128873816,Mouse Moved,444.0,544.0,User24,,
1490128873819,Mouse Moved,447.0,542.0,User24,,
1490128873831,Mouse Moved,452.0,538.0,User24,,
1490128873846,Mouse Moved,460.0,533.0,User24,,
1490128873880,Mouse Moved,472.0,525.0,User24,,
1490128873881,Mouse Moved,488.0,515.0,User24,,
1490128873891,Mouse Moved,536.0,493.0,User24,,
1490128873907,Mouse Moved,566.0,486.0,User24,,
1490128873937,Mouse Moved,592.0,483.0,User24,,
1490128873953,Mouse Moved,635.0,489.0,User24,,
1490128873969,Mouse Moved,649.0,495.0,User24,,
1490128873982,Mouse Moved,661.0,501.0,User24,,
1490128873997,Mouse Moved,669.0,507.0,User24,,
1490128874015,Mouse Moved,677.0,513.0,User24,,
1490128874026,Mouse Moved,684.0,516.0,User24,,
1490128874040,Mouse Moved,691.0,520.0,User24,,
1490128874056,Mouse Moved,697.0,524.0,User24,,
1490128874058,Mouse Moved,701.0,526.0,User24,,
1490128874072,Mouse Moved,705.0,527.0,User24,,
1490128874088,Mouse Moved,708.0,528.0,User24,,
1490128874101,Mouse Moved,709.0,528.0,User24,,
1490128874403,Mouse Moved,710.0,528.0,User24,,
1490128874417,Mouse Moved,712.0,528.0,User24,,
1490128874430,Mouse Moved,713.0,527.0,User24,,
1490128874447,Mouse Moved,715.0,526.0,User24,,
1490128874463,Mouse Moved,717.0,525.0,User24,,
1490128874483,Mouse Moved,722.0,522.0,User24,,
1490128874492,Mouse Moved,723.0,521.0,User24,,
1490128874506,Mouse Moved,724.0,520.0,User24,,
1490128874520,Mouse Moved,725.0,520.0,User24,,
1490128874536,Mouse Moved,726.0,520.0,User24,,
1490128874552,Mouse Moved,725.0,520.0,User24,,
1490128874553,Mouse Moved,726.0,520.0,User24,,
1490128874878,Mouse Moved,726.0,520.0,User24,,
1490128874881,Mouse Button.left Pressed,726.0,520.0,User24,,
1490128874882,Mouse Button.left Released,726.0,520.0,User24,,
1490128875871,Mouse Moved,724.0,521.0,User24,,
1490128875887,Mouse Moved,720.0,521.0,User24,,
1490128875901,Mouse Moved,715.0,520.0,User24,,
1490128875915,Mouse Moved,709.0,520.0,User24,,
1490128875917,Mouse Moved,701.0,518.0,User24,,
1490128875941,Mouse Moved,689.0,515.0,User24,,
1490128875946,Mouse Moved,663.0,503.0,User24,,
1490128875961,Mouse Moved,632.0,488.0,User24,,
1490128875979,Mouse Moved,599.0,471.0,User24,,
1490128875992,Mouse Moved,566.0,450.0,User24,,
1490128876006,Mouse Moved,539.0,429.0,User24,,
1490128876138,Mouse Moved,512.0,405.0,User24,,
1490128876140,Mouse Moved,472.0,363.0,User24,,
1490128876141,Mouse Moved,462.0,351.0,User24,,
1490128883709,Mouse Moved,464.0,349.0,User24,,
1490128883717,Mouse Moved,465.0,347.0,User24,,
1490128883732,Mouse Moved,473.0,340.0,User24,,
1490128883746,Mouse Moved,478.0,337.0,User24,,
1490128883762,Mouse Moved,482.0,334.0,User24,,
1490128883776,Mouse Moved,488.0,330.0,User24,,
1490128883790,Mouse Moved,494.0,327.0,User24,,
1490128883806,Mouse Moved,511.0,319.0,User24,,
1490128883822,Mouse Moved,519.0,316.0,User24,,
1490128883836,Mouse Moved,528.0,312.0,User24,,
1490128883851,Mouse Moved,535.0,311.0,User24,,
1490128883868,Mouse Moved,542.0,309.0,User24,,
1490128883881,Mouse Moved,549.0,307.0,User24,,
1490128883897,Mouse Moved,560.0,304.0,User24,,
1490128883913,Mouse Moved,562.0,303.0,User24,,
1490128883937,Mouse Moved,564.0,303.0,User24,,
1490128883941,Mouse Moved,566.0,302.0,User24,,
1490128883957,Mouse Moved,566.0,301.0,User24,,
1490128902967,Mouse Moved,565.0,301.0,User24,,
1490128902983,Mouse Moved,565.0,302.0,User24,,
1490128902997,Mouse Moved,564.0,302.0,User24,,
1490128903010,Mouse Moved,560.0,303.0,User24,,
1490128903026,Mouse Moved,559.0,304.0,User24,,
1490128903042,Mouse Moved,558.0,304.0,User24,,
1490128903170,Mouse Moved,556.0,305.0,User24,,
1490128903171,Mouse Moved,553.0,305.0,User24,,
1490128903173,Mouse Moved,548.0,306.0,User24,,
1490128903174,Mouse Moved,544.0,306.0,User24,,
1490128903176,Mouse Moved,536.0,306.0,User24,,
1490128903178,Mouse Moved,531.0,306.0,User24,,
1490128903194,Mouse Moved,528.0,306.0,User24,,
1490128903263,Mouse Moved,525.0,306.0,User24,,
1490128903265,Mouse Moved,524.0,306.0,User24,,
1490128903266,Mouse Moved,522.0,305.0,User24,,
1490128903282,Mouse Moved,517.0,303.0,User24,,
1490128903298,Mouse Moved,516.0,302.0,User24,,
1490128903424,Mouse Moved,515.0,302.0,User24,,
1490128903426,Mouse Moved,514.0,301.0,User24,,
1490128903427,Mouse Moved,513.0,300.0,User24,,
1490128903835,Mouse Moved,511.0,301.0,User24,,
1490128903836,Mouse Moved,509.0,301.0,User24,,
1490128903838,Mouse Moved,499.0,302.0,User24,,
1490128903851,Mouse Moved,488.0,302.0,User24,,
1490128903888,Mouse Moved,481.0,302.0,User24,,
1490128903891,Mouse Moved,474.0,302.0,User24,,
1490128903898,Mouse Moved,467.0,302.0,User24,,
1490128903913,Mouse Moved,456.0,301.0,User24,,
1490128903997,Mouse Moved,449.0,299.0,User24,,
1490128903999,Mouse Moved,443.0,298.0,User24,,
1490128904000,Mouse Moved,437.0,296.0,User24,,
1490128904002,Mouse Moved,430.0,293.0,User24,,
1490128904003,Mouse Moved,425.0,288.0,User24,,
1490128904762,Mouse Moved,421.0,288.0,User24,,
1490128904763,Mouse Moved,416.0,286.0,User24,,
1490128904766,Mouse Moved,400.0,281.0,User24,,
1490128904782,Mouse Moved,387.0,275.0,User24,,
1490128904821,Mouse Moved,371.0,268.0,User24,,
1490128904822,Mouse Moved,343.0,255.0,User24,,
1490128904826,Mouse Moved,289.0,229.0,User24,,
1490128904842,Mouse Moved,266.0,218.0,User24,,
1490128904964,Mouse Moved,254.0,211.0,User24,,
1490128904966,Mouse Moved,244.0,207.0,User24,,
1490128904967,Mouse Moved,235.0,203.0,User24,,
1490128905082,Mouse Moved,227.0,199.0,User24,,
1490128905098,Mouse Moved,223.0,197.0,User24,,
1490128905112,Mouse Moved,218.0,194.0,User24,,
1490128905114,Mouse Moved,212.0,191.0,User24,,
1490128905127,Mouse Moved,204.0,187.0,User24,,
1490128905142,Mouse Moved,195.0,183.0,User24,,
1490128905270,Mouse Moved,186.0,179.0,User24,,
1490128905272,Mouse Moved,178.0,176.0,User24,,
1490128905273,Mouse Moved,166.0,172.0,User24,,
1490128905275,Mouse Moved,145.0,165.0,User24,,
1490128905276,Mouse Moved,135.0,163.0,User24,,
1490128905278,Mouse Moved,124.0,160.0,User24,,
1490128905279,Mouse Moved,113.0,158.0,User24,,
1490128905292,Mouse Moved,107.0,157.0,User24,,
1490128905328,Mouse Moved,106.0,156.0,User24,,
1490128905338,Mouse Moved,104.0,156.0,User24,,
1490128905351,Mouse Moved,103.0,156.0,User24,,
1490128905372,Mouse Moved,101.0,155.0,User24,,
1490128905411,Mouse Moved,100.0,155.0,User24,,
1490128905427,Mouse Moved,99.0,155.0,User24,,
1490128905441,Mouse Moved,99.0,156.0,User24,,
1490128905457,Mouse Moved,98.0,156.0,User24,,
1490128905576,Mouse Moved,97.0,156.0,User24,,
1490128905578,Mouse Moved,97.0,157.0,User24,,
1490128905579,Mouse Moved,94.0,160.0,User24,,
1490128905591,Mouse Moved,94.0,161.0,User24,,
1490128905592,Mouse Moved,94.0,162.0,User24,,
1490128905634,Mouse Moved,93.0,164.0,User24,,
1490128905640,Mouse Moved,92.0,166.0,User24,,
1490128905668,Mouse Moved,92.0,167.0,User24,,
1490128905681,Mouse Moved,92.0,168.0,User24,,
1490128905697,Mouse Moved,93.0,168.0,User24,,
1490128905727,Mouse Moved,93.0,169.0,User24,,
1490128905756,Mouse Moved,94.0,169.0,User24,,
1490128905884,Mouse Moved,93.0,169.0,User24,,
1490128907174,Mouse Moved,93.0,169.0,User24,,
1490128907176,Mouse Button.left Pressed,93.0,169.0,User24,,
1490128907177,Mouse Moved,93.0,169.0,User24,,
1490128912822,Mouse Moved,98.0,171.0,User24,,
1490128912825,Mouse Moved,105.0,174.0,User24,,
1490128912838,Mouse Moved,114.0,178.0,User24,,
1490128912852,Mouse Moved,125.0,183.0,User24,,
1490128912867,Mouse Moved,136.0,189.0,User24,,
1490128912882,Mouse Moved,147.0,194.0,User24,,
1490128912898,Mouse Moved,157.0,198.0,User24,,
1490128912911,Mouse Moved,178.0,207.0,User24,,
1490128912927,Mouse Moved,187.0,211.0,User24,,
1490128912943,Mouse Moved,194.0,214.0,User24,,
1490128912957,Mouse Moved,193.0,214.0,User24,,
1490128917664,Mouse Moved,192.0,223.0,User24,,
1490128917665,Mouse Moved,189.0,254.0,User24,,
1490128917684,Mouse Moved,187.0,278.0,User24,,
1490128917723,Mouse Moved,186.0,306.0,User24,,
1490128917724,Mouse Moved,185.0,334.0,User24,,
1490128917726,Mouse Moved,185.0,360.0,User24,,
1490128917730,Mouse Moved,185.0,382.0,User24,,
1490128917742,Mouse Moved,185.0,402.0,User24,,
1490128917867,Mouse Moved,185.0,420.0,User24,,
1490128917868,Mouse Moved,185.0,434.0,User24,,
1490128917869,Mouse Moved,186.0,453.0,User24,,
1490128917871,Mouse Moved,185.0,463.0,User24,,
1490128917878,Mouse Moved,185.0,465.0,User24,,
1490128917880,Mouse Moved,185.0,466.0,User24,,
1490128918171,Mouse Moved,185.0,466.0,User24,,
1490128918173,Mouse Button.left Pressed,185.0,466.0,User24,,
1490128918174,Mouse Moved,185.0,466.0,User24,,
1490128918487,Mouse Moved,192.0,465.0,User24,,
1490128918489,Mouse Moved,204.0,461.0,User24,,
1490128918490,Mouse Moved,222.0,456.0,User24,,
1490128918492,Mouse Moved,295.0,446.0,User24,,
1490128918493,Mouse Moved,330.0,442.0,User24,,
1490128918494,Mouse Moved,390.0,441.0,User24,,
1490128918846,Mouse Moved,397.0,441.0,User24,,
1490128918848,Mouse Button.left Pressed,397.0,441.0,User24,,
1490128918849,Mouse Button.left Released,397.0,441.0,User24,,
1490128921296,Mouse Moved,397.0,441.0,User24,,
1490128921328,Mouse Moved,397.0,441.0,User24,,
1490128921357,Mouse Moved,397.0,441.0,User24,,
1490128921358,Mouse Scrolled (0 1),397.0,441.0,User24,,
1490128921374,Mouse Moved,397.0,441.0,User24,,
1490128921375,Mouse Scrolled (0 1),397.0,441.0,User24,,
1490128921387,Mouse Moved,397.0,441.0,User24,,
1490128921388,Mouse Scrolled (0 1),397.0,441.0,User24,,
1490128921401,Mouse Moved,397.0,441.0,User24,,
1490128921403,Mouse Moved,397.0,441.0,User24,,
1490128921417,Mouse Moved,397.0,441.0,User24,,
1490128921418,Mouse Scrolled (0 1),397.0,441.0,User24,,
1490128921434,Mouse Moved,397.0,441.0,User24,,
1490128921447,Mouse Moved,397.0,441.0,User24,,
1490128921467,Mouse Moved,397.0,441.0,User24,,
1490128921477,Mouse Moved,397.0,441.0,User24,,
1490128921479,Mouse Scrolled (0 1),397.0,441.0,User24,,
1490128921496,Mouse Moved,397.0,441.0,User24,,
1490128921506,Mouse Moved,397.0,441.0,User24,,
1490128921507,Mouse Scrolled (0 1),397.0,441.0,User24,,
1490128921526,Mouse Moved,397.0,441.0,User24,,
1490128921532,Mouse Moved,397.0,441.0,User24,,
1490128921538,Mouse Moved,397.0,441.0,User24,,
1490128921552,Mouse Moved,397.0,441.0,User24,,
1490128921565,Mouse Moved,397.0,441.0,User24,,
1490128921566,Mouse Scrolled (0 1),397.0,441.0,User24,,
1490128921585,Mouse Moved,397.0,441.0,User24,,
1490128921596,Mouse Moved,397.0,441.0,User24,,
1490128921611,Mouse Moved,397.0,441.0,User24,,
1490128921612,Mouse Scrolled (0 1),397.0,441.0,User24,,
1490128921628,Mouse Moved,397.0,441.0,User24,,
1490128921630,Mouse Moved,397.0,441.0,User24,,
1490128921642,Mouse Moved,397.0,441.0,User24,,
1490128921644,Mouse Scrolled (0 1),397.0,441.0,User24,,
1490128921657,Mouse Moved,397.0,441.0,User24,,
1490128921673,Mouse Moved,397.0,441.0,User24,,
1490128921687,Mouse Moved,397.0,441.0,User24,,
1490128921703,Mouse Moved,397.0,441.0,User24,,
1490128921717,Mouse Moved,397.0,441.0,User24,,
1490128921733,Mouse Moved,397.0,441.0,User24,,
1490128921747,Mouse Moved,397.0,441.0,User24,,
1490128921749,Mouse Scrolled (0 1),397.0,441.0,User24,,
1490128921762,Mouse Moved,397.0,441.0,User24,,
1490128921763,Mouse Scrolled (0 1),397.0,441.0,User24,,
1490128921778,Mouse Moved,397.0,441.0,User24,,
1490128921792,Mouse Moved,397.0,441.0,User24,,
1490128921793,Mouse Scrolled (0 1),397.0,441.0,User24,,
1490128921809,Mouse Moved,397.0,441.0,User24,,
1490128921822,Mouse Moved,397.0,441.0,User24,,
1490128921841,Mouse Moved,397.0,441.0,User24,,
1490128921842,Mouse Scrolled (0 1),397.0,441.0,User24,,
1490128921859,Mouse Moved,397.0,441.0,User24,,
1490128921864,Mouse Moved,397.0,441.0,User24,,
1490128921867,Mouse Moved,397.0,441.0,User24,,
1490128921881,Mouse Moved,397.0,441.0,User24,,
1490128921882,Mouse Scrolled (0 1),397.0,441.0,User24,,
1490128921898,Mouse Moved,397.0,441.0,User24,,
1490128921900,Mouse Scrolled (0 1),397.0,441.0,User24,,
1490128921911,Mouse Moved,397.0,441.0,User24,,
1490128921928,Mouse Moved,397.0,441.0,User24,,
1490128921941,Mouse Moved,397.0,441.0,User24,,
1490128921969,Mouse Moved,397.0,441.0,User24,,
1490128922467,Mouse Moved,397.0,441.0,User24,,
1490128922483,Mouse Moved,397.0,441.0,User24,,
1490128922497,Mouse Moved,397.0,441.0,User24,,
1490128922499,Mouse Scrolled (0 1),397.0,441.0,User24,,
1490128922512,Mouse Moved,397.0,441.0,User24,,
1490128922513,Mouse Scrolled (0 1),397.0,441.0,User24,,
1490128922526,Mouse Moved,397.0,441.0,User24,,
1490128922528,Mouse Scrolled (0 1),397.0,441.0,User24,,
1490128922543,Mouse Moved,397.0,441.0,User24,,
1490128922545,Mouse Moved,397.0,441.0,User24,,
1490128922546,Mouse Scrolled (0 1),397.0,441.0,User24,,
1490128922556,Mouse Moved,397.0,441.0,User24,,
1490128922572,Mouse Moved,397.0,441.0,User24,,
1490128922586,Mouse Moved,397.0,441.0,User24,,
1490128922588,Mouse Scrolled (0 1),397.0,441.0,User24,,
1490128922604,Mouse Moved,397.0,441.0,User24,,
1490128922618,Mouse Moved,397.0,441.0,User24,,
1490128922619,Mouse Scrolled (0 1),397.0,441.0,User24,,
1490128922631,Mouse Moved,397.0,441.0,User24,,
1490128922651,Mouse Moved,397.0,441.0,User24,,
1490128922653,Mouse Scrolled (0 1),397.0,441.0,User24,,
1490128922654,Mouse Moved,397.0,441.0,User24,,
1490128922670,Mouse Moved,397.0,441.0,User24,,
1490128922671,Mouse Scrolled (0 1),397.0,441.0,User24,,
1490128922677,Mouse Moved,397.0,441.0,User24,,
1490128922691,Mouse Moved,397.0,441.0,User24,,
1490128922693,Mouse Scrolled (0 1),397.0,441.0,User24,,
1490128922707,Mouse Moved,397.0,441.0,User24,,
1490128922723,Mouse Moved,397.0,441.0,User24,,
1490128922739,Mouse Moved,397.0,441.0,User24,,
1490128922755,Mouse Moved,397.0,441.0,User24,,
1490128922756,Mouse Moved,397.0,441.0,User24,,
1490128922766,Mouse Moved,397.0,441.0,User24,,
1490128922783,Mouse Moved,397.0,441.0,User24,,
1490128922796,Mouse Moved,397.0,441.0,User24,,
1490128922812,Mouse Moved,397.0,441.0,User24,,
1490128922813,Mouse Scrolled (0 1),397.0,441.0,User24,,
1490128922832,Mouse Moved,397.0,441.0,User24,,
1490128922842,Mouse Moved,397.0,441.0,User24,,
1490128922857,Mouse Moved,397.0,441.0,User24,,
1490128922871,Mouse Moved,397.0,441.0,User24,,
1490128922872,Mouse Scrolled (0 1),397.0,441.0,User24,,
1490128922887,Mouse Moved,397.0,441.0,User24,,
1490128922903,Mouse Moved,397.0,441.0,User24,,
1490128922904,Mouse Scrolled (0 1),397.0,441.0,User24,,
1490128922917,Mouse Moved,397.0,441.0,User24,,
1490128922933,Mouse Moved,397.0,441.0,User24,,
1490128922951,Mouse Moved,397.0,441.0,User24,,
1490128922953,Mouse Scrolled (0 1),397.0,441.0,User24,,
1490128922961,Mouse Moved,397.0,441.0,User24,,
1490128922963,Mouse Scrolled (0 1),397.0,441.0,User24,,
1490128922976,Mouse Moved,397.0,441.0,User24,,
1490128922993,Mouse Moved,397.0,441.0,User24,,
1490128923006,Mouse Moved,397.0,441.0,User24,,
1490128923007,Mouse Scrolled (0 1),397.0,441.0,User24,,
1490128923022,Mouse Moved,397.0,441.0,User24,,
1490128923038,Mouse Moved,397.0,441.0,User24,,
1490128923039,Mouse Scrolled (0 1),397.0,441.0,User24,,
1490128923053,Mouse Moved,397.0,441.0,User24,,
1490128923066,Mouse Moved,397.0,441.0,User24,,
1490128923068,Mouse Scrolled (0 1),397.0,441.0,User24,,
1490128923084,Mouse Moved,397.0,441.0,User24,,
1490128923096,Mouse Moved,397.0,441.0,User24,,
1490128923098,Mouse Scrolled (0 1),397.0,441.0,User24,,
1490128923119,Mouse Moved,397.0,441.0,User24,,
1490128923127,Mouse Moved,397.0,441.0,User24,,
1490128923142,Mouse Moved,397.0,441.0,User24,,
1490128923144,Mouse Moved,397.0,441.0,User24,,
1490128923157,Mouse Moved,397.0,441.0,User24,,
1490128923171,Mouse Moved,397.0,441.0,User24,,
1490128923173,Mouse Scrolled (0 1),397.0,441.0,User24,,
1490128923187,Mouse Moved,397.0,441.0,User24,,
1490128923201,Mouse Moved,397.0,441.0,User24,,
1490128923217,Mouse Moved,397.0,441.0,User24,,
1490128923232,Mouse Moved,397.0,441.0,User24,,
1490128923252,Mouse Moved,397.0,441.0,User24,,
1490128923253,Mouse Moved,397.0,441.0,User24,,
1490128923262,Mouse Moved,397.0,441.0,User24,,
1490128923276,Mouse Moved,397.0,441.0,User24,,
1490128923292,Mouse Moved,397.0,441.0,User24,,
1490128923293,Mouse Scrolled (0 1),397.0,441.0,User24,,
1490128923306,Mouse Moved,397.0,441.0,User24,,
1490128923322,Mouse Moved,397.0,441.0,User24,,
1490128923336,Mouse Moved,397.0,441.0,User24,,
1490128923338,Mouse Scrolled (0 1),397.0,441.0,User24,,
1490128923352,Mouse Moved,397.0,441.0,User24,,
1490128923368,Mouse Moved,397.0,441.0,User24,,
1490128923384,Mouse Moved,397.0,441.0,User24,,
1490128923397,Mouse Moved,397.0,441.0,User24,,
1490128923417,Mouse Moved,397.0,441.0,User24,,
1490128923428,Mouse Moved,397.0,441.0,User24,,
1490128923430,Mouse Scrolled (0 1),397.0,441.0,User24,,
1490128923447,Mouse Moved,397.0,441.0,User24,,
1490128923448,Mouse Moved,397.0,441.0,User24,,
1490128923457,Mouse Moved,397.0,441.0,User24,,
1490128923473,Mouse Moved,397.0,441.0,User24,,
1490128923492,Mouse Moved,397.0,441.0,User24,,
1490128923500,Mouse Moved,397.0,441.0,User24,,
1490128923526,Mouse Moved,397.0,441.0,User24,,
1490128923532,Mouse Moved,397.0,441.0,User24,,
1490128923551,Mouse Moved,397.0,441.0,User24,,
1490128923552,Mouse Scrolled (0 1),397.0,441.0,User24,,
1490128923563,Mouse Moved,397.0,441.0,User24,,
1490128923565,Mouse Moved,397.0,441.0,User24,,
1490128923582,Mouse Moved,397.0,441.0,User24,,
1490128923592,Mouse Moved,397.0,441.0,User24,,
1490128923607,Mouse Moved,397.0,441.0,User24,,
1490128923628,Mouse Moved,397.0,441.0,User24,,
1490128923638,Mouse Moved,397.0,441.0,User24,,
1490128923651,Mouse Moved,397.0,441.0,User24,,
1490128923667,Mouse Moved,397.0,441.0,User24,,
1490128923683,Mouse Moved,397.0,441.0,User24,,
1490128923684,Mouse Moved,397.0,441.0,User24,,
1490128923697,Mouse Moved,397.0,441.0,User24,,
1490128923714,Mouse Moved,397.0,441.0,User24,,
1490128923729,Mouse Moved,397.0,441.0,User24,,
1490128923743,Mouse Moved,397.0,441.0,User24,,
1490128923757,Mouse Moved,397.0,441.0,User24,,
1490128923772,Mouse Moved,397.0,441.0,User24,,
1490128923848,Mouse Moved,397.0,441.0,User24,,
1490128923865,Mouse Moved,397.0,441.0,User24,,
1490128923881,Mouse Moved,397.0,441.0,User24,,
1490128923882,Mouse Scrolled (0 1),397.0,441.0,User24,,
1490128923891,Mouse Moved,397.0,441.0,User24,,
1490128923892,Mouse Scrolled (0 1),397.0,441.0,User24,,
1490128923907,Mouse Moved,397.0,441.0,User24,,
1490128923923,Mouse Moved,397.0,441.0,User24,,
1490128923940,Mouse Moved,397.0,441.0,User24,,
1490128923951,Mouse Moved,397.0,441.0,User24,,
1490128923953,Mouse Scrolled (0 1),397.0,441.0,User24,,
1490128923967,Mouse Moved,397.0,441.0,User24,,
1490128923983,Mouse Moved,397.0,441.0,User24,,
1490128923984,Mouse Scrolled (0 2),397.0,441.0,User24,,
1490128924000,Mouse Moved,397.0,441.0,User24,,
1490128924013,Mouse Moved,397.0,441.0,User24,,
1490128924026,Mouse Moved,397.0,441.0,User24,,
1490128924042,Mouse Moved,397.0,441.0,User24,,
1490128924043,Mouse Scrolled (0 1),397.0,441.0,User24,,
1490128924045,Mouse Moved,397.0,441.0,User24,,
1490128924046,Mouse Scrolled (0 2),397.0,441.0,User24,,
1490128924058,Mouse Moved,397.0,441.0,User24,,
1490128924059,Mouse Scrolled (0 1),397.0,441.0,User24,,
1490128924072,Mouse Moved,397.0,441.0,User24,,
1490128924088,Mouse Moved,397.0,441.0,User24,,
1490128924101,Mouse Moved,397.0,441.0,User24,,
1490128924102,Mouse Scrolled (0 1),397.0,441.0,User24,,
1490128924118,Mouse Moved,397.0,441.0,User24,,
1490128924131,Mouse Moved,397.0,441.0,User24,,
1490128924147,Mouse Moved,397.0,441.0,User24,,
1490128924148,Mouse Scrolled (0 1),397.0,441.0,User24,,
1490128924161,Mouse Moved,397.0,441.0,User24,,
1490128924164,Mouse Scrolled (0 1),397.0,441.0,User24,,
1490128924177,Mouse Moved,397.0,441.0,User24,,
1490128924191,Mouse Moved,397.0,441.0,User24,,
1490128924193,Mouse Scrolled (0 2),397.0,441.0,User24,,
1490128924207,Mouse Moved,397.0,441.0,User24,,
1490128924209,Mouse Scrolled (0 1),397.0,441.0,User24,,
1490128924221,Mouse Moved,397.0,441.0,User24,,
1490128924223,Mouse Scrolled (0 1),397.0,441.0,User24,,
1490128924239,Mouse Moved,397.0,441.0,User24,,
1490128924240,Mouse Scrolled (0 1),397.0,441.0,User24,,
1490128924242,Mouse Scrolled (0 1),397.0,441.0,User24,,
1490128924253,Mouse Moved,397.0,441.0,User24,,
1490128924266,Mouse Moved,397.0,441.0,User24,,
1490128924267,Mouse Scrolled (0 2),397.0,441.0,User24,,
1490128924282,Mouse Moved,397.0,441.0,User24,,
1490128924283,Mouse Scrolled (0 1),397.0,441.0,User24,,
1490128924296,Mouse Moved,397.0,441.0,User24,,
1490128924298,Mouse Scrolled (0 1),397.0,441.0,User24,,
1490128924312,Mouse Moved,397.0,441.0,User24,,
1490128924326,Mouse Moved,397.0,441.0,User24,,
1490128924342,Mouse Moved,397.0,441.0,User24,,
1490128924357,Mouse Moved,397.0,441.0,User24,,
1490128924358,Mouse Scrolled (0 2),397.0,441.0,User24,,
1490128924378,Mouse Moved,397.0,441.0,User24,,
1490128924380,Mouse Moved,397.0,441.0,User24,,
1490128924381,Mouse Scrolled (0 1),397.0,441.0,User24,,
1490128924388,Mouse Moved,397.0,441.0,User24,,
1490128924401,Mouse Moved,397.0,441.0,User24,,
1490128924403,Mouse Scrolled (0 1),397.0,441.0,User24,,
1490128924417,Mouse Moved,397.0,441.0,User24,,
1490128924418,Mouse Scrolled (0 1),397.0,441.0,User24,,
1490128924433,Mouse Moved,397.0,441.0,User24,,
1490128924453,Mouse Moved,397.0,441.0,User24,,
1490128924463,Mouse Moved,397.0,441.0,User24,,
1490128924464,Mouse Scrolled (0 1),397.0,441.0,User24,,
1490128924479,Mouse Moved,397.0,441.0,User24,,
1490128924480,Mouse Scrolled (0 1),397.0,441.0,User24,,
1490128924503,Mouse Moved,397.0,441.0,User24,,
1490128924506,Mouse Moved,397.0,441.0,User24,,
1490128924507,Mouse Scrolled (0 1),397.0,441.0,User24,,
1490128924523,Mouse Moved,397.0,441.0,User24,,
1490128924536,Mouse Moved,397.0,441.0,User24,,
1490128924538,Mouse Scrolled (0 1),397.0,441.0,User24,,
1490128924566,Mouse Moved,397.0,441.0,User24,,
1490128924568,Mouse Scrolled (0 1),397.0,441.0,User24,,
1490128924569,Mouse Moved,397.0,441.0,User24,,
1490128924571,Mouse Scrolled (0 1),397.0,441.0,User24,,
1490128924582,Mouse Moved,397.0,441.0,User24,,
1490128924584,Mouse Scrolled (0 1),397.0,441.0,User24,,
1490128924596,Mouse Moved,397.0,441.0,User24,,
1490128924598,Mouse Scrolled (0 1),397.0,441.0,User24,,
1490128924618,Mouse Moved,397.0,441.0,User24,,
1490128924619,Mouse Scrolled (0 1),397.0,441.0,User24,,
1490128924628,Mouse Moved,397.0,441.0,User24,,
1490128924642,Mouse Moved,397.0,441.0,User24,,
1490128924644,Mouse Scrolled (0 1),397.0,441.0,User24,,
