{
  "n": [
    1,
    2,
    3,
    4,
    5,
    6,
    7,
    8,
    9,
    10,
    11,
    12,
    13,
    14,
    15,
    16,
    17,
    18,
    19,
    20,
    21,
    22,
    23,
    24,
    25,
    26,
    27,
    28,
    29,
    30,
    31,
    32,
    33,
    34,
    35,
    36,
    37,
    38,
    39,
    40,
    41,
    42,
    43,
    44,
    45,
    46,
    47,
    48,
    49,
    50,
    51,
    52,
    53,
    54,
    55,
    56,
    57,
    58,
    59,
    60,
    61,
    62,
    63,
    64,
    65,
    66,
    67,
    68,
    69,
    70,
    71,
    72,
    73,
    74,
    75,
    76,
    77,
    78,
    79,
    80,
    81,
    82,
    83,
    84,
    85,
    86,
    87,
    88,
    89,
    90,
    91,
    92,
    93,
    94,
    95,
    96,
    97,
    98,
    99,
    100
  ],
  "avg_eer": [
    0.18759925844906955,
    0.16348489777393704,
    0.13992992716985608,
    0.12671590723811418,
    0.12378842977062895,
    0.11586987110492819,
    0.11350533598481052,
    0.11710244300995143,
    0.10579194936614736,
    0.1102874562612619,
    0.08550302867372722,
    0.10391859203016562,
    0.09746270055292408,
    0.09962325946760855,
    0.0937996513246474,
    0.08938944690554139,
    0.09223424570916132,
    0.08172848611556509,
    0.08280747472980511,
    0.0745695876942115,
    0.08292690879455678,
    0.08032150770985133,
    0.07692532845280568,
    0.085562889945166,
    0.07326200369688556,
    0.06529316936302518,
    0.07795016997561471,
    0.0730887939221727,
    0.07329184704187168,
    0.07038485854275359,
    0.062226509743567596,
    0.05321773485545035,
    0.05561815428810325,
    0.06494684750761097,
    0.047988550611576655,
    0.048824494259260554,
    0.059361727464016426,
    0.053026634382683555,
    0.05513784461166573,
    0.048782161235117374,
    0.05754716981133995,
    0.0575471698114184,
    0.057692307692366794,
    0.05667189952898013,
    0.047671568627512914,
    0.04208333333340887,
    0.042222222222303936,
    0.04454545454551104,
    0.044545454545547335,
    0.04476190476196514,
    0.043464665416106135,
    0.04590368980632291,
    0.044878048780616416,
    0.05236842105282792,
    0.05236842105282792,
    0.05263157894728123,
    0.05127413127404847,
    0.04857142857133012,
    0.052777777777699764,
    0.052857142857190884,
    0.055714285714285716,
    0.052857142857174785,
    0.055714285714285716,
    0.05606060606067027,
    0.05625,
    0.05312500000002822,
    0.05291666666667507,
    0.04666666666660121,
    0.03333333333333336,
    0.0366666666667375,
    0.03333333333333336,
    0.03333333333333322,
    0.03333333333333322,
    0.03333333333333322,
    0.03333333333333322,
    0.03333333333333322,
    0.03333333333333322,
    0.03333333333333322,
    0.03333333333333336,
    0.03333333333333336,
    0.0389492753623488,
    0.0347826086956758,
    0.0389492753623488,
    0.04053030303037637,
    0.042028985507256096,
    0.03768115942036364,
    0.03768115942036364,
    0.04244306418239287,
    0.038095238095362596,
    0.03500000000010288,
    0.03500000000010288,
    0.034999999999835656,
    0.034999999999835656,
    0.031578947368326775,
    0.031578947368326775,
    0.031578947368326775,
    0.031578947368326775,
    0.031578947368326775,
    0.031578947368326775,
    0.031578947368326775
  ],
  "avg_auc": [
    0.8767117521297194,
    0.8991307643504054,
    0.910775740192409,
    0.9167886868893929,
    0.9273763866815976,
    0.9249847900668652,
    0.92874314011715,
    0.9302533742751473,
    0.9321200612914995,
    0.9345912418878992,
    0.9371799590826908,
    0.9311057655134152,
    0.9357911295015182,
    0.9345896040096291,
    0.9361227106533093,
    0.9372620342149001,
    0.9380455969220488,
    0.9425667971987703,
    0.9409054860934848,
    0.9441166017876433,
    0.9441954872585951,
    0.9410946808941022,
    0.9415945186794354,
    0.9416533269679723,
    0.9421603536896763,
    0.9436404936832433,
    0.9432749051961687,
    0.9425599246432579,
    0.9431541163514847,
    0.9452274266747951,
    0.9470302637744273,
    0.9479582340398846,
    0.9491315303774744,
    0.9479731793743891,
    0.9522664584959667,
    0.9518189096305554,
    0.9489525118955229,
    0.9506961259079905,
    0.9510790866054023,
    0.9528273299028015,
    0.9462264150943396,
    0.9450062893081761,
    0.9442700156985872,
    0.9472919937205653,
    0.9515931372549019,
    0.9570471014492753,
    0.9559173126614986,
    0.9574458874458875,
    0.9572510822510824,
    0.9556190476190476,
    0.9586741713570982,
    0.9570481550969356,
    0.9558098811757347,
    0.9514912280701754,
    0.9509649122807018,
    0.9549342105263158,
    0.9572200772200773,
    0.957857142857143,
    0.9552287581699346,
    0.9532034632034632,
    0.9532034632034632,
    0.9538744588744589,
    0.9516883116883117,
    0.9535190615835777,
    0.9511458333333334,
    0.9559374999999999,
    0.9577083333333334,
    0.9608333333333334,
    0.9655172413793103,
    0.9650000000000001,
    0.964367816091954,
    0.9666666666666666,
    0.9690476190476189,
    0.9654761904761905,
    0.9666666666666668,
    0.9666666666666668,
    0.9666666666666668,
    0.9653333333333333,
    0.9640000000000001,
    0.9625,
    0.9558876811594204,
    0.9579710144927536,
    0.9558876811594204,
    0.9518939393939394,
    0.9500345065562457,
    0.9543823326432023,
    0.9543823326432023,
    0.9527950310559007,
    0.9571428571428571,
    0.9583333333333333,
    0.9583333333333333,
    0.9675,
    0.9675,
    0.9710526315789473,
    0.9710526315789473,
    0.9710526315789473,
    0.9710526315789473,
    0.9710526315789473,
    0.9710526315789473,
    0.9710526315789473
  ]
}