{
  "n": [
    1,
    2,
    3,
    4,
    5,
    6,
    7,
    8,
    9,
    10,
    11,
    12,
    13,
    14,
    15,
    16,
    17,
    18,
    19,
    20,
    21,
    22,
    23,
    24,
    25,
    26,
    27,
    28,
    29,
    30,
    31,
    32,
    33,
    34,
    35,
    36,
    37,
    38,
    39,
    40,
    41,
    42,
    43,
    44,
    45,
    46,
    47,
    48,
    49,
    50,
    51,
    52,
    53,
    54,
    55,
    56,
    57,
    58,
    59,
    60,
    61,
    62,
    63,
    64,
    65,
    66,
    67,
    68,
    69,
    70,
    71,
    72,
    73,
    74,
    75,
    76,
    77,
    78,
    79,
    80,
    81,
    82,
    83,
    84,
    85,
    86,
    87,
    88,
    89,
    90,
    91,
    92,
    93,
    94,
    95,
    96,
    97,
    98,
    99,
    100
  ],
  "avg_eer": [
    0.22328604443862193,
    0.2013519288352378,
    0.18159023830606552,
    0.17256733084830073,
    0.1611514272078341,
    0.15146210621159362,
    0.14842236507132026,
    0.14250173854838874,
    0.1433495190560783,
    0.1350895037258983,
    0.1317186862128102,
    0.1245358185594426,
    0.12101815242250243,
    0.11973175107122647,
    0.11901867984538353,
    0.11999395399607474,
    0.11278562740146322,
    0.11621743085935923,
    0.11008858754857569,
    0.10955543553131024,
    0.09884673548577569,
    0.10475062684885059,
    0.10423078812787341,
    0.10038074357209306,
    0.1055765179720973,
    0.1018540697023302,
    0.09719701942965889,
    0.09854038022727002,
    0.0913213312206084,
    0.09608081993219522,
    0.10149294450464555,
    0.09353052501786553,
    0.09269790404987036,
    0.09310357824407203,
    0.08982284785144912,
    0.09592132816881282,
    0.09049083152929643,
    0.0939742001572372,
    0.0857328155850608,
    0.0849330132819506,
    0.09188051076111006,
    0.08639594966901873,
    0.09262065302828348,
    0.08437778606543907,
    0.08503881582822774,
    0.08877999577891738,
    0.08423051736843198,
    0.0883146910429671,
    0.08576801550897746,
    0.0806398926332492,
    0.07646333098139793,
    0.08407508896991198,
    0.08495243803082958,
    0.07928249972957638,
    0.07997759103651066,
    0.07804121910971804,
    0.08587145179314731,
    0.08031631441379852,
    0.0807078762896665,
    0.0784053281155169,
    0.07500812887026802,
    0.07453031803634183,
    0.07099582570057442,
    0.07049682793152953,
    0.06814764687963526,
    0.07009595275162596,
    0.0730377978127047,
    0.06870198099781565,
    0.07043588920904417,
    0.06629172502336489,
    0.07384174548417341,
    0.0701805540511335,
    0.0680490091346483,
    0.06746638058794291,
    0.06660024179750666,
    0.07029482307836481,
    0.06926441428582177,
    0.06317418999033635,
    0.06768299229527339,
    0.06525969874128701,
    0.06107024407939776,
    0.0606021732261308,
    0.059779102975759155,
    0.06382712432353889,
    0.06371614242043892,
    0.0655807252002201,
    0.06300466853439679,
    0.06858483565835252,
    0.06948865406226823,
    0.06526212844556194,
    0.06020962200612159,
    0.05748701748261792,
    0.05777629921527645,
    0.06389079737471405,
    0.06609042721108924,
    0.06969782115764482,
    0.06896835342785401,
    0.0668056225418317,
    0.06410747201897501,
    0.0639446216820288
  ],
  "avg_auc": [
    0.8444560446268315,
    0.865103173038315,
    0.8781227638680471,
    0.8872511908878635,
    0.8957410573550547,
    0.9022013331370033,
    0.9054427054898586,
    0.9085617708835233,
    0.9137462950093033,
    0.9146144733438419,
    0.9161167803784938,
    0.9205597647078324,
    0.9219810828977015,
    0.9217876927226166,
    0.9229403183003619,
    0.9247679333286211,
    0.9257469310146254,
    0.926212923786923,
    0.9282282699408728,
    0.9276585216163085,
    0.9309604911865976,
    0.9308048587184047,
    0.9298668815666374,
    0.9316642221296053,
    0.9308461060556332,
    0.9316841442567817,
    0.9331891408104138,
    0.9308711234158744,
    0.932762055247407,
    0.9314086568928971,
    0.9325764415304307,
    0.9327654312984979,
    0.9352633434613047,
    0.9362386189153156,
    0.9351254250034273,
    0.9358277148042292,
    0.9354142020650784,
    0.9350506747317409,
    0.9361234833259655,
    0.9358221318048253,
    0.9360493020660273,
    0.9365067387313495,
    0.9367908036303213,
    0.9378668189022425,
    0.9354807564734144,
    0.9355632637052229,
    0.9365746483941362,
    0.9335359228480271,
    0.933873719245107,
    0.936897810469884,
    0.9382725139008231,
    0.9367275073998679,
    0.9346025632653905,
    0.9374019856609361,
    0.9379224013511859,
    0.9333532648981248,
    0.9352492486035174,
    0.9374116412521032,
    0.9391301382494295,
    0.9375729238346734,
    0.9374677750184889,
    0.9361182669831637,
    0.9355040379242506,
    0.9380436763559933,
    0.9380522831082748,
    0.93936780440386,
    0.9395711493799179,
    0.9392910298394603,
    0.9390809423218398,
    0.937660160849499,
    0.9382411881256811,
    0.9387685127124719,
    0.9371560506422663,
    0.9380440045663392,
    0.9380667554534317,
    0.9378052333332715,
    0.9379121532544458,
    0.9390563508859475,
    0.9420948730323729,
    0.9391456401654612,
    0.9393165737453749,
    0.9390066575675174,
    0.9391490413326616,
    0.9360393033044797,
    0.9375234389081866,
    0.9378451434669577,
    0.9374490796318528,
    0.9368724683310138,
    0.9367460310784083,
    0.9368469317970822,
    0.9405419315042375,
    0.94140017975052,
    0.9418227307286668,
    0.9399445076895988,
    0.9394006483989505,
    0.938259093527155,
    0.9385404531428201,
    0.9390711334487813,
    0.9386625532649202,
    0.9381811595134207
  ]
}