{
  "n": [
    1,
    2,
    3,
    4,
    5,
    6,
    7,
    8,
    9,
    10,
    11,
    12,
    13,
    14,
    15,
    16,
    17,
    18,
    19,
    20,
    21,
    22,
    23,
    24,
    25,
    26,
    27,
    28,
    29,
    30
  ],
  "avg_eer": [
    0.14332143369958836,
    0.11409439681659395,
    0.10009602903376472,
    0.0899972835574335,
    0.08460859766484491,
    0.07613642171685862,
    0.06967061349473101,
    0.07066536117313063,
    0.06426010468332045,
    0.06785727941911569,
    0.06942918188253436,
    0.055690204557298194,
    0.05963911458223016,
    0.056622606553181035,
    0.055622392543319486,
    0.05258669605060908,
    0.048707678995585264,
    0.0394637396986315,
    0.03887535736102273,
    0.031826587421275414,
    0.03044980533495395,
    0.029785852972449046,
    0.026906577816243893,
    0.02995805844638761,
    0.024336400362587385,
    0.022118963724463182,
    0.01381653951733382,
    0.012284648844060414,
    0.012695108223542662,
    0.010726260146272247
  ],
  "avg_auc": [
    0.9273920074156118,
    0.9483832001197273,
    0.9589762013500739,
    0.96517260919188,
    0.9691956626631992,
    0.9724019475513301,
    0.975305419948719,
    0.975115644043972,
    0.9797533537995422,
    0.9796650888005305,
    0.9808870343157488,
    0.9835766068189953,
    0.9847351771812516,
    0.9841672761266285,
    0.9834977134366504,
    0.9834716304756086,
    0.9859139294580256,
    0.9895067926609675,
    0.9898878422715965,
    0.9912785247460946,
    0.9911465192354795,
    0.99061395899784,
    0.9919248771104288,
    0.9911075331409563,
    0.9924655802631965,
    0.9924749697105053,
    0.9950892123410584,
    0.995676322880624,
    0.9949981555102745,
    0.9951899795065892
  ]
}