{
  "n": [
    1,
    2,
    3,
    4,
    5,
    6,
    7,
    8,
    9,
    10,
    11,
    12,
    13,
    14,
    15,
    16,
    17,
    18,
    19,
    20,
    21,
    22,
    23,
    24,
    25,
    26,
    27,
    28,
    29,
    30
  ],
  "avg_eer": [
    0.11387340958889783,
    0.08919318306372072,
    0.0804555787817952,
    0.07468878896611324,
    0.0700678431212094,
    0.0681599582242092,
    0.06472229542177181,
    0.06323557251146517,
    0.06276292259793152,
    0.06117509389820024,
    0.060334442676176936,
    0.05880146879016733,
    0.05850538717153989,
    0.05730592514224423,
    0.05682803263042217,
    0.05688180223419621,
    0.05515187006555071,
    0.05579111128487485,
    0.05506556227669841,
    0.052911583225971885,
    0.05271322285365005,
    0.053618248476165496,
    0.053771808158129576,
    0.05320279239332886,
    0.05079649883964836,
    0.05169329456505787,
    0.05100251538528288,
    0.051121879522046054,
    0.050355147532609876,
    0.050442869958975525
  ],
  "avg_auc": [
    0.9495832163952512,
    0.9622597915027644,
    0.9676509448710429,
    0.9704917879969095,
    0.9724229340871674,
    0.9735836396176215,
    0.9747297620662786,
    0.9755235653233741,
    0.9760573762703032,
    0.9765382067262658,
    0.9769808468388176,
    0.9774533230414365,
    0.9777982966804342,
    0.9781538128463222,
    0.9784791145934265,
    0.9786406291632656,
    0.9787522795340573,
    0.9788314663666385,
    0.9792834643114358,
    0.9793975923295395,
    0.9797294780743686,
    0.9797605707378931,
    0.9798737112109338,
    0.9799231217877582,
    0.9802167465031512,
    0.9804435583834747,
    0.980322445146381,
    0.9804593202855593,
    0.980541805479281,
    0.9806510290061574
  ]
}