{
  "n": [
    1,
    2,
    3,
    4,
    5,
    6,
    7,
    8,
    9,
    10,
    11,
    12,
    13,
    14,
    15,
    16,
    17,
    18,
    19,
    20,
    21,
    22,
    23,
    24,
    25,
    26,
    27,
    28,
    29,
    30
  ],
  "avg_eer": [
    0.11562213715517891,
    0.0926484187039818,
    0.0830868610566604,
    0.07774980856000371,
    0.07261485995918225,
    0.06972804163166976,
    0.06817651289891233,
    0.06589847729876702,
    0.06459242999566508,
    0.06376363457731993,
    0.06238108242270159,
    0.060878270889352916,
    0.060205804527429956,
    0.059907838883098675,
    0.05913280983778168,
    0.05907342528718013,
    0.05753637767920917,
    0.0576165463857326,
    0.05681071130437404,
    0.05482226516476516,
    0.05513386814749911,
    0.05552228298130409,
    0.05621652352356406,
    0.055281864181682454,
    0.05402464814943041,
    0.05415966207025021,
    0.054196686979051605,
    0.053856474442174326,
    0.05314364928909267,
    0.05295862062804857
  ],
  "avg_auc": [
    0.9488293600140327,
    0.9613272673760225,
    0.966728054967076,
    0.9696281974571094,
    0.9716885571365245,
    0.9728322512672685,
    0.9738431501860229,
    0.9747974120361876,
    0.9754394727907464,
    0.9759461527327912,
    0.9762749120640632,
    0.9769130494122592,
    0.9773235407058859,
    0.9775608025694597,
    0.9779957289082899,
    0.978265365766154,
    0.9784054743647072,
    0.9784627463763474,
    0.9788149685955423,
    0.979141864398179,
    0.9794217402878219,
    0.9793333712401816,
    0.9795182769750105,
    0.9796905911038252,
    0.9800488437026521,
    0.9802094156670563,
    0.9801781696851268,
    0.9801610927331532,
    0.9804421051360537,
    0.9804902220374634
  ]
}