{
  "n": [
    1,
    2,
    3,
    4,
    5,
    6,
    7,
    8,
    9,
    10,
    11,
    12,
    13,
    14,
    15,
    16,
    17,
    18,
    19,
    20,
    21,
    22,
    23,
    24,
    25,
    26,
    27,
    28,
    29,
    30
  ],
  "avg_eer": [
    0.08162265265855725,
    0.04940045519468659,
    0.03913688056188668,
    0.02830686673059759,
    0.023772052468080732,
    0.019224923526203034,
    0.01651660805437382,
    0.015927054425293703,
    0.01358500908976989,
    0.010770650562755293,
    0.010045810306542849,
    0.00919149794650825,
    0.010593182252505603,
    0.011713855122748713,
    0.011369910974645368,
    0.010761757880627656,
    0.010238150079837038,
    0.008423220470810977,
    0.00605391388992657,
    0.003528506740031584,
    0.0022664375977994424,
    0.0020245927319295495,
    0.0017538783414889764,
    0.0023737672585835657,
    0.0031041289521095165,
    0.0015228426396623935,
    0.0,
    0.0,
    0.0,
    0.0
  ],
  "avg_auc": [
    0.9732335897867319,
    0.9868361000634698,
    0.9920766621789028,
    0.9949258983170303,
    0.9962305178703297,
    0.9973064460095914,
    0.9978350481430847,
    0.99801026280448,
    0.9984575864878481,
    0.9986969063110163,
    0.9987912988844508,
    0.9987908074317922,
    0.9989416756547123,
    0.9989626831233316,
    0.9988590970907595,
    0.9988388714912031,
    0.9988854950349808,
    0.9989332456681816,
    0.9991902943408777,
    0.99929003684469,
    0.9994471053944931,
    0.999194701497333,
    0.9994240987632338,
    0.9990882771041141,
    0.9992316532405845,
    0.999238578680203,
    1.0,
    1.0,
    1.0,
    1.0
  ]
}