{
  "n": [
    1,
    2,
    3,
    4,
    5,
    6,
    7,
    8,
    9,
    10,
    11,
    12,
    13,
    14,
    15,
    16,
    17,
    18,
    19,
    20,
    21,
    22,
    23,
    24,
    25,
    26,
    27,
    28,
    29,
    30
  ],
  "avg_eer": [
    0.15308218043301755,
    0.13080083317942687,
    0.11484456574549955,
    0.10897215938685342,
    0.10432105353900871,
    0.1017498517055158,
    0.09468600977461225,
    0.09155843832963316,
    0.08902608688985893,
    0.08754834238188054,
    0.08612817810845888,
    0.0838907119735896,
    0.07814541537337376,
    0.07488058997368637,
    0.07327613883361295,
    0.07022421504490814,
    0.07164518524808983,
    0.06561915471796163,
    0.06579809873030457,
    0.05965275703599374,
    0.059546214906877636,
    0.051663722244418196,
    0.046932579966338754,
    0.04874298072839968,
    0.04768982193660752,
    0.04345998288923776,
    0.02919506981009725,
    0.031982046899892355,
    0.02962611165359342,
    0.02658767678916795
  ],
  "avg_auc": [
    0.9227286310489081,
    0.9401851898101212,
    0.9491853557908712,
    0.9548321115450932,
    0.9584912644384739,
    0.9622932672051429,
    0.9651020841237186,
    0.9656705653410294,
    0.9683125638293767,
    0.9688713619891451,
    0.9706361686984373,
    0.9724035192742942,
    0.9747470120699713,
    0.9747775208145744,
    0.9749519113138057,
    0.9757311598972856,
    0.9770047235109673,
    0.9797510965660038,
    0.97907271649091,
    0.9810903594914251,
    0.9828906910431673,
    0.9849000434239977,
    0.9857741506595887,
    0.9865564501952155,
    0.9871099747994334,
    0.9870976491408479,
    0.9915806549535049,
    0.990113287434618,
    0.990387243940345,
    0.9923550114633544
  ]
}