{
  "user12": {
    "1": {
      "User": "user12",
      "n": 1,
      "EER": 0.06391752577321207,
      "AUC": 0.9870223205719568
    },
    "2": {
      "User": "user12",
      "n": 2,
      "EER": 0.027341772152017198,
      "AUC": 0.9957583833000221
    },
    "3": {
      "User": "user12",
      "n": 3,
      "EER": 0.021496815285674712,
      "AUC": 0.9984534665261422
    },
    "4": {
      "User": "user12",
      "n": 4,
      "EER": 0.011037527594495913,
      "AUC": 0.9991366686337508
    },
    "5": {
      "User": "user12",
      "n": 5,
      "EER": 0.008708272858708567,
      "AUC": 0.9996665751382732
    },
    "6": {
      "User": "user12",
      "n": 6,
      "EER": 0.007434944239167948,
      "AUC": 0.9996902106567533
    },
    "7": {
      "User": "user12",
      "n": 7,
      "EER": 0.004514672686706415,
      "AUC": 0.9997947876051713
    },
    "8": {
      "User": "user12",
      "n": 8,
      "EER": 0.0027100271004177334,
      "AUC": 0.9998494429388738
    },
    "9": {
      "User": "user12",
      "n": 9,
      "EER": 0.0,
      "AUC": 1.0
    },
    "10": {
      "User": "user12",
      "n": 10,
      "EER": 0.0,
      "AUC": 1.0
    }
  },
  "user15": {
    "1": {
      "User": "user15",
      "n": 1,
      "EER": 0.06049822064053225,
      "AUC": 0.9838787822147675
    },
    "2": {
      "User": "user15",
      "n": 2,
      "EER": 0.039682539682539535,
      "AUC": 0.9953706887987099
    },
    "3": {
      "User": "user15",
      "n": 3,
      "EER": 0.051948051948051986,
      "AUC": 0.9952505764341879
    },
    "4": {
      "User": "user15",
      "n": 4,
      "EER": 0.013626834380300651,
      "AUC": 0.9989715596693169
    },
    "5": {
      "User": "user15",
      "n": 5,
      "EER": 0.004143646409051848,
      "AUC": 0.9995395948434622
    },
    "6": {
      "User": "user15",
      "n": 6,
      "EER": 0.005309734514519582,
      "AUC": 0.9996066863323501
    },
    "7": {
      "User": "user15",
      "n": 7,
      "EER": 0.002145922747452392,
      "AUC": 0.9998978132025342
    },
    "8": {
      "User": "user15",
      "n": 8,
      "EER": 0.0,
      "AUC": 1.0
    },
    "9": {
      "User": "user15",
      "n": 9,
      "EER": 0.0,
      "AUC": 1.0
    },
    "10": {
      "User": "user15",
      "n": 10,
      "EER": 0.0,
      "AUC": 1.0
    }
  },
  "user16": {
    "1": {
      "User": "user16",
      "n": 1,
      "EER": 0.06591337099811671,
      "AUC": 0.9841943248718767
    },
    "2": {
      "User": "user16",
      "n": 2,
      "EER": 0.041986687148935165,
      "AUC": 0.9933824884792627
    },
    "3": {
      "User": "user16",
      "n": 3,
      "EER": 0.03267973856209153,
      "AUC": 0.9955690273962511
    },
    "4": {
      "User": "user16",
      "n": 4,
      "EER": 0.018909899889841267,
      "AUC": 0.997579615210316
    },
    "5": {
      "User": "user16",
      "n": 5,
      "EER": 0.019033674962637782,
      "AUC": 0.9987188872620791
    },
    "6": {
      "User": "user16",
      "n": 6,
      "EER": 0.016885553470455016,
      "AUC": 0.9993322097497376
    },
    "7": {
      "User": "user16",
      "n": 7,
      "EER": 0.020833333333210895,
      "AUC": 0.9993356112376613
    },
    "8": {
      "User": "user16",
      "n": 8,
      "EER": 0.024390243902264158,
      "AUC": 0.9991289198606271
    },
    "9": {
      "User": "user16",
      "n": 9,
      "EER": 0.030100334447470352,
      "AUC": 0.9987458193979933
    },
    "10": {
      "User": "user16",
      "n": 10,
      "EER": 0.0076628352496183345,
      "AUC": 0.9995210727969349
    }
  },
  "user20": {
    "1": {
      "User": "user20",
      "n": 1,
      "EER": 0.06701544593766144,
      "AUC": 0.9841328376996303
    },
    "2": {
      "User": "user20",
      "n": 2,
      "EER": 0.040540540540541105,
      "AUC": 0.9932777888008617
    },
    "3": {
      "User": "user20",
      "n": 3,
      "EER": 0.026178010471198235,
      "AUC": 0.996999530361274
    },
    "4": {
      "User": "user20",
      "n": 4,
      "EER": 0.014084507042380838,
      "AUC": 0.9990637466417
    },
    "5": {
      "User": "user20",
      "n": 5,
      "EER": 0.010736196319765082,
      "AUC": 0.9994196650638368
    },
    "6": {
      "User": "user20",
      "n": 6,
      "EER": 0.01162790697670388,
      "AUC": 0.9997931795201764
    },
    "7": {
      "User": "user20",
      "n": 7,
      "EER": 0.004842615013497363,
      "AUC": 0.9996400759112622
    },
    "8": {
      "User": "user20",
      "n": 8,
      "EER": 0.0,
      "AUC": 1.0
    },
    "9": {
      "User": "user20",
      "n": 9,
      "EER": 0.0,
      "AUC": 1.0
    },
    "10": {
      "User": "user20",
      "n": 10,
      "EER": 0.0,
      "AUC": 1.0
    }
  },
  "user21": {
    "1": {
      "User": "user21",
      "n": 1,
      "EER": 0.03968253968253901,
      "AUC": 0.9955432058406887
    },
    "2": {
      "User": "user21",
      "n": 2,
      "EER": 0.008695652173912948,
      "AUC": 0.9990712976844911
    },
    "3": {
      "User": "user21",
      "n": 3,
      "EER": 0.0037764350457295433,
      "AUC": 0.9998723458576231
    },
    "4": {
      "User": "user21",
      "n": 4,
      "EER": 0.005213764337965964,
      "AUC": 0.9998913799096281
    },
    "5": {
      "User": "user21",
      "n": 5,
      "EER": 0.0,
      "AUC": 1.0
    },
    "6": {
      "User": "user21",
      "n": 6,
      "EER": 0.0,
      "AUC": 1.0
    },
    "7": {
      "User": "user21",
      "n": 7,
      "EER": 0.0,
      "AUC": 1.0
    },
    "8": {
      "User": "user21",
      "n": 8,
      "EER": 0.0,
      "AUC": 1.0
    },
    "9": {
      "User": "user21",
      "n": 9,
      "EER": 0.0,
      "AUC": 1.0
    },
    "10": {
      "User": "user21",
      "n": 10,
      "EER": 0.0,
      "AUC": 1.0
    }
  },
  "user23": {
    "1": {
      "User": "user23",
      "n": 1,
      "EER": 0.045081967213079464,
      "AUC": 0.9848937309498311
    },
    "2": {
      "User": "user23",
      "n": 2,
      "EER": 0.017543859648737954,
      "AUC": 0.9938903025874883
    },
    "3": {
      "User": "user23",
      "n": 3,
      "EER": 0.014492753623188415,
      "AUC": 0.9938903097470873
    },
    "4": {
      "User": "user23",
      "n": 4,
      "EER": 0.020000000000003338,
      "AUC": 0.9990177638453501
    },
    "5": {
      "User": "user23",
      "n": 5,
      "EER": 0.023224043714723225,
      "AUC": 0.9992067689053411
    },
    "6": {
      "User": "user23",
      "n": 6,
      "EER": 0.001769911504704299,
      "AUC": 0.9999344477220584
    },
    "7": {
      "User": "user23",
      "n": 7,
      "EER": 0.0,
      "AUC": 1.0
    },
    "8": {
      "User": "user23",
      "n": 8,
      "EER": 0.0,
      "AUC": 1.0
    },
    "9": {
      "User": "user23",
      "n": 9,
      "EER": 0.0,
      "AUC": 1.0
    },
    "10": {
      "User": "user23",
      "n": 10,
      "EER": 0.0,
      "AUC": 1.0
    }
  },
  "user29": {
    "1": {
      "User": "user29",
      "n": 1,
      "EER": 0.054054054052694464,
      "AUC": 0.9886675859372105
    },
    "2": {
      "User": "user29",
      "n": 2,
      "EER": 0.02962962962962966,
      "AUC": 0.9954688731284476
    },
    "3": {
      "User": "user29",
      "n": 3,
      "EER": 0.02409638554265603,
      "AUC": 0.9960788275051425
    },
    "4": {
      "User": "user29",
      "n": 4,
      "EER": 0.01724137931034485,
      "AUC": 0.9978561825515061
    },
    "5": {
      "User": "user29",
      "n": 5,
      "EER": 0.023809523809499217,
      "AUC": 0.9990093124628492
    },
    "6": {
      "User": "user29",
      "n": 6,
      "EER": 0.003571428571579615,
      "AUC": 0.9997767857142857
    },
    "7": {
      "User": "user29",
      "n": 7,
      "EER": 0.002159827215426447,
      "AUC": 0.999910007199424
    },
    "8": {
      "User": "user29",
      "n": 8,
      "EER": 0.0051948051957374074,
      "AUC": 0.9996103896103896
    },
    "9": {
      "User": "user29",
      "n": 9,
      "EER": 0.006289308176818052,