{
  "n": [
    1,
    2,
    3,
    4,
    5,
    6,
    7,
    8,
    9,
    10,
    11,
    12,
    13,
    14,
    15,
    16,
    17,
    18,
    19,
    20,
    21,
    22,
    23,
    24,
    25,
    26,
    27,
    28,
    29,
    30
  ],
  "avg_eer": [
    0.10866512323671326,
    0.08292720608410854,
    0.06838079947779949,
    0.06074939367568814,
    0.05330226079168421,
    0.04844842375246346,
    0.04550490670204248,
    0.04641713588559079,
    0.03868943108302686,
    0.039604393040159655,
    0.035696750349879215,
    0.03251137980471124,
    0.030441663480090485,
    0.027360344957281103,
    0.02795117566668026,
    0.029829075538360054,
    0.027884142612734954,
    0.023074442700922553,
    0.02185466666372789,
    0.018955381565478845,
    0.018531166310462522,
    0.018083033526245577,
    0.016607043020437445,
    0.017336185361724574,
    0.016122389624636985,
    0.011758072606882282,
    0.0019763598590685104,
    0.0021675355010269117,
    0.0022340095408720107,
    0.0017194244605768468
  ],
  "avg_auc": [
    0.9537107660436543,
    0.9704730194480093,
    0.9783480412490452,
    0.9830486687218019,
    0.9857288666197854,
    0.9883263560833647,
    0.9897746698484537,
    0.9897709138389221,
    0.9924424683558059,
    0.9922546001898974,
    0.9925639606279226,
    0.9933055675881312,
    0.9938748656204985,
    0.9943429967969427,
    0.9942850122494205,
    0.9938884198565319,
    0.9943879967783026,
    0.9959519653367866,
    0.9958828171390237,
    0.9959356005116344,
    0.9957034583666001,
    0.9958261420408945,
    0.9963746012564536,
    0.9960883076066398,
    0.9960737799426035,
    0.9959386034301015,
    0.9995486363005377,
    0.9994394435274939,
    0.9995054821065871,
    0.9997950639488409
  ]
}