{
  "n": [
    1,
    2,
    3,
    4,
    5,
    6,
    7,
    8,
    9,
    10
  ],
  "avg_eer": [
    0.04969870278034439,
    0.02798600605116177,
    0.021096673880082042,
    0.012789910763031067,
    0.012763475373908076,
    0.00548898129537528,
    0.003982970433072675,
    0.00322950761984193,
    0.004043822562105262,
    0.0011272943553827437
  ],
  "avg_auc": [
    0.9885866011392895,
    0.9955263243278164,
    0.9972297393256527,
    0.9989865184138159,
    0.9994353588426197,
    0.9997955489950767,
    0.9998435438013196,
    0.999858875240989,
    0.9997730036108129,
    0.9999069809259028
  ]
}