{
  "n": [
    1,
    2,
    3,
    4,
    5,
    6,
    7,
    8,
    9,
    10,
    11,
    12,
    13,
    14,
    15,
    16,
    17,
    18,
    19,
    20,
    21,
    22,
    23,
    24,
    25,
    26,
    27,
    28,
    29,
    30,
    31,
    32,
    33,
    34,
    35,
    36,
    37,
    38,
    39,
    40,
    41,
    42,
    43,
    44,
    45,
    46,
    47,
    48,
    49,
    50,
    51,
    52,
    53,
    54,
    55,
    56,
    57,
    58,
    59,
    60,
    61,
    62,
    63,
    64,
    65,
    66,
    67,
    68,
    69,
    70,
    71,
    72,
    73,
    74,
    75,
    76,
    77,
    78,
    79,
    80,
    81,
    82,
    83,
    84,
    85,
    86,
    87,
    88,
    89,
    90,
    91,
    92,
    93,
    94,
    95,
    96,
    97,
    98,
    99,
    100
  ],
  "avg_eer": [
    0.21239200209680614,
    0.19168849624201081,
    0.17437089001295134,
    0.15904041852532153,
    0.15346470237706658,
    0.14518316885155594,
    0.14242685466441776,
    0.14540723039372744,
    0.12890209514691806,
    0.12709353768599482,
    0.12115242728324202,
    0.11940377383140163,
    0.1201464718379733,
    0.11419055897003443,
    0.11326111503892507,
    0.10452344693020943,
    0.1012894641319975,
    0.10799030036693928,
    0.09236323892527268,
    0.10115607454592439,
    0.09928781772073729,
    0.1037450521948466,
    0.09477889641335605,
    0.0910212331768295,
    0.0845643309466021,
    0.09205454349486457,
    0.09651373612909557,
    0.09111362700631459,
    0.10336931387116563,
    0.09377993073649829,
    0.082827563546531,
    0.0880319715939992,
    0.07795763501526573,
    0.08299124335377275,
    0.08369004563207243,
    0.07052683413887825,
    0.076287776649437,
    0.08708608155140686,
    0.0764835613110355,
    0.07614110689695328,
    0.07716472459036523,
    0.07495556174928006,
    0.08362168687446131,
    0.07839387150715607,
    0.07202935180254888,
    0.0775101033776936,
    0.07261335732114631,
    0.0731964227340465,
    0.06790452364041141,
    0.06648829893537113,
    0.07026902670959438,
    0.07275898861772576,
    0.07120770204488833,
    0.06890308983164159,
    0.06852737873943018,
    0.07029190503104368,
    0.06736954637141776,
    0.06826135923700757,
    0.07413825363843807,
    0.0769539276120826,
    0.07687241753059681,
    0.0727417840375846,
    0.0734658385092367,
    0.0720941825923656,
    0.07317128127479812,
    0.06878019323671072,
    0.07054621848731539,
    0.06813725490177751,
    0.06582417582424695,
    0.06257020757057237,
    0.0658762184993939,
    0.0652849348461841,
    0.0647576266778026,
    0.06467283300917091,
    0.06525813700696581,
    0.06002312150218538,
    0.06171803675638432,
    0.05332398793611096,
    0.06065270935963575,
    0.06084529505606554,
    0.06090252340236624,
    0.056350183298060255,
    0.056350183298120235,
    0.05917260656897998,
    0.05844095257837103,
    0.06432792275105739,
    0.06625099967424747,
    0.07394330736627239,
    0.0758663842892595,
    0.07336915535425444,
    0.06760935143284466,
    0.060283569949954006,
    0.05082331174848137,
    0.048794326241330704,
    0.04899209486175096,
    0.04899209486181152,
    0.04899209486175096,
    0.051264822134434916,
    0.04899209486175096,
    0.04703463203490772
  ],
  "avg_auc": [
    0.8532719490058109,
    0.8729655558906348,
    0.8875123705954955,
    0.8957763389489912,
    0.90485703619568,
    0.9073825412748755,
    0.9120841542788994,
    0.9114426173184829,
    0.9169674194538672,
    0.9189156462713562,
    0.9213441403812714,
    0.9234632429030452,
    0.9244095074115439,
    0.9252901829659634,
    0.9249485658986657,
    0.9267797180562131,
    0.9276832394038476,
    0.9286044108936128,
    0.9338985718181828,
    0.9308626793156772,
    0.9315769180212812,
    0.9301896721920629,
    0.9346853228516429,
    0.9342245085987866,
    0.9364332673100787,
    0.9347416497466139,
    0.9341566092241773,
    0.934043190831412,
    0.9346370431308662,
    0.9335981676801577,
    0.9365380791197373,
    0.9353946970086519,
    0.9386535688821389,
    0.9368779253958379,
    0.9422499165359192,
    0.9393366069304235,
    0.9388006174073512,
    0.936170732720381,
    0.9392315770458286,
    0.9411934508881498,
    0.9364960087112116,
    0.9397683580336225,
    0.940231911006782,
    0.9377663669451399,
    0.9367158166632301,
    0.9362232722980964,
    0.9430815316405683,
    0.9424611901483427,
    0.9402659516068356,
    0.939327484187702,
    0.9399337822161126,
    0.9393167903308122,
    0.9382248320357798,
    0.9387353384863898,
    0.9399631630896726,
    0.9420885077662187,
    0.9413797890883899,
    0.9418417773924833,
    0.9369100254100253,
    0.9351460294881347,
    0.9362271105692159,
    0.939566242202071,
    0.9410845903578823,
    0.9405831659590845,
    0.9448702235107167,
    0.9460649978041282,
    0.9385185793067226,
    0.9399394801909035,
    0.9399450549450549,
    0.9413736263736263,
    0.9408867271162353,
    0.9413468658604319,
    0.9406724074816744,
    0.9382941469632217,
    0.9417166496368999,
    0.9428565049248373,
    0.9421776740704617,
    0.9444621440607168,
    0.9438777139208174,
    0.9435943847612169,
    0.9467185592185592,
    0.9477501989932623,
    0.9488754918777117,
    0.9463431167016072,
    0.9468834848888757,
    0.9432989741615078,
    0.9426579485204822,
    0.9407348715974052,
    0.9372942645853698,
    0.9373538838612369,
    0.9403154851684263,
    0.942059425219363,
    0.9403558713873238,
    0.9426440889182107,
    0.9434754376058724,
    0.9453801995106342,
    0.9466139657444005,
    0.944146433276868,
    0.9456615847920196,
    0.9455526695526695
  ]
}