{
"user12": {
    "1": {
      "User": "user12",
      "n": 1,
      "EER": 0.14511041009545744,
      "AUC": 0.9393041662378953
    },
    "2": {
      "User": "user12",
      "n": 2,
      "EER": 0.09227871939752583,
      "AUC": 0.9674125387783169
    },
    "3": {
      "User": "user12",
      "n": 3,
      "EER": 0.0718954248366269,
      "AUC": 0.9801381940850631
    },
    "4": {
      "User": "user12",
      "n": 4,
      "EER": 0.05660377358490569,
      "AUC": 0.9870985238851653
    },
    "5": {
      "User": "user12",
      "n": 5,
      "EER": 0.04697986577153912,
      "AUC": 0.9926174496644294
    },
    "6": {
      "User": "user12",
      "n": 6,
      "EER": 0.02188552188673746,
      "AUC": 0.9963998963998965
    },
    "7": {
      "User": "user12",
      "n": 7,
      "EER": 0.02301255230185125,
      "AUC": 0.996466759646676
    },
    "8": {
      "User": "user12",
      "n": 8,
      "EER": 0.014962593515388608,
      "AUC": 0.9976447769465226
    },
    "9": {
      "User": "user12",
      "n": 9,
      "EER": 0.005917159764006739,
      "AUC": 0.9988547432716167
    },
    "10": {
      "User": "user12",
      "n": 10,
      "EER": 0.010416666667619498,
      "AUC": 0.9989711934156379
    },
    "11": {
      "User": "user12",
      "n": 11,
      "EER": 0.0,
      "AUC": 1.0
    },
    "12": {
      "User": "user12",
      "n": 12,
      "EER": 0.00460829493118005,
      "AUC": 0.9995391705069124
    },
    "13": {
      "User": "user12",
      "n": 13,
      "EER": 0.0,
      "AUC": 1.0
    },
    "14": {
      "User": "user12",
      "n": 14,
      "EER": 0.0,
      "AUC": 1.0
    },
    "15": {
      "User": "user12",
      "n": 15,
      "EER": 0.0070921985816058,
      "AUC": 0.9989868287740628
    }
  },
  "user15": {
    "1": {
      "User": "user15",
      "n": 1,
      "EER": 0.12456747404843836,
      "AUC": 0.9519486608320398
    },
    "2": {
      "User": "user15",
      "n": 2,
      "EER": 0.08911777877184872,
      "AUC": 0.9765467030357312
    },
    "3": {
      "User": "user15",
      "n": 3,
      "EER": 0.06097560975609743,
      "AUC": 0.9865386249681312
    },
    "4": {
      "User": "user15",
      "n": 4,
      "EER": 0.05468750000064349,
      "AUC": 0.9898507254464286
    },
    "5": {
      "User": "user15",
      "n": 5,
      "EER": 0.034351145038706815,
      "AUC": 0.9935766151554646
    },
    "6": {
      "User": "user15",
      "n": 6,
      "EER": 0.02222222222194685,
      "AUC": 0.9977558839627805
    },
    "7": {
      "User": "user15",
      "n": 7,
      "EER": 0.011928429423580885,
      "AUC": 0.9984095427435388
    },
    "8": {
      "User": "user15",
      "n": 8,
      "EER": 0.01431980907092607,
      "AUC": 0.9984089101034209
    },
    "9": {
      "User": "user15",
      "n": 9,
      "EER": 0.01694915254291833,
      "AUC": 0.9988700564971752
    },
    "10": {
      "User": "user15",
      "n": 10,
      "EER": 0.013114754099780534,
      "AUC": 0.998688524590164
    },
    "11": {
      "User": "user15",
      "n": 11,
      "EER": 0.011363636363901641,
      "AUC": 0.9981060606060607
    },
    "12": {
      "User": "user15",
      "n": 12,
      "EER": 0.008620689655641257,
      "AUC": 0.9982758620689656
    },
    "13": {
      "User": "user15",
      "n": 13,
      "EER": 0.010152284265167084,
      "AUC": 0.9949238578680203
    },
    "14": {
      "User": "user15",
      "n": 14,
      "EER": 0.0,
      "AUC": 1.0
    },
    "15": {
      "User": "user15",
      "n": 15,
      "EER": 0.0,
      "AUC": 1.0
    }
  },
  "user16": {
    "1": {
      "User": "user16",
      "n": 1,
      "EER": 0.1486486486486508,
      "AUC": 0.9305215494239885
    },
    "2": {
      "User": "user16",
      "n": 2,
      "EER": 0.12317818523798811,
      "AUC": 0.9571871061541684
    },
    "3": {
      "User": "user16",
      "n": 3,
      "EER": 0.0900439238650422,
      "AUC": 0.9686909136745756
    },
    "4": {
      "User": "user16",
      "n": 4,
      "EER": 0.07164790174078349,
      "AUC": 0.9783267581560354
    },
    "5": {
      "User": "user16",
      "n": 5,
      "EER": 0.06125166444682045,
      "AUC": 0.9828649519938328
    },
    "6": {
      "User": "user16",
      "n": 6,
      "EER": 0.056384742952995226,
      "AUC": 0.9864368633025349
    },
    "7": {
      "User": "user16",
      "n": 7,
      "EER": 0.0630252100835483,
      "AUC": 0.9858752011442875
    },
    "8": {
      "User": "user16",
      "n": 8,
      "EER": 0.051282051282042294,
      "AUC": 0.9880814328050509
    },
    "9": {
      "User": "user16",
      "n": 9,
      "EER": 0.033333333333357945,
      "AUC": 0.9954768928220257
    },
    "10": {
      "User": "user16",
      "n": 10,
      "EER": 0.04545454545454541,
      "AUC": 0.995035681042507
    },
    "11": {
      "User": "user16",
      "n": 11,
      "EER": 0.047808764939642284,
      "AUC": 0.9958062486894528
    },
    "12": {
      "User": "user16",
      "n": 12,
      "EER": 0.03153153153160679,
      "AUC": 0.9960960960960961
    },
    "13": {
      "User": "user16",
      "n": 13,
      "EER": 0.01604278074948022,
      "AUC": 0.9977718360071302
    },
    "14": {
      "User": "user16",
      "n": 14,
      "EER": 0.012987012987915578,
      "AUC": 0.9987012987012986
    },
    "15": {
      "User": "user16",
      "n": 15,
      "EER": 0.007194244605663941,
      "AUC": 0.9992006394884093
    }
  },
  "user20": {
    "1": {
      "User": "user20",
      "n": 1,
      "EER": 0.12332563510370273,
      "AUC": 0.9578353228757386
    },
    "2": {
      "User": "user20",
      "n": 2,
      "EER": 0.06622516556291734,
      "AUC": 0.9807439817920921
    },
    "3": {
      "User": "user20",
      "n": 3,
      "EER": 0.045918367346938736,
      "AUC": 0.9888110429637411
    },
    "4": {
      "User": "user20",
      "n": 4,
      "EER": 0.04255319148936169,
      "AUC": 0.9918050740564506
    },
    "5": {
      "User": "user20",
      "n": 5,
      "EER": 0.0357142857146005,
      "AUC": 0.9958916083916084
    },
    "6": {
      "User": "user20",
      "n": 6,
      "EER": 0.03260869565215871,
      "AUC": 0.9964726631393298
    },
    "7": {
      "User": "user20",
      "n": 7,
      "EER": 0.027027027027026976,
      "AUC": 0.9956058508397039
    },
    "8": {
      "User": "user20",
      "n": 8,
      "EER": 0.016129032258165848,
      "AUC": 0.9954408602150537
    },
    "9": {
      "User": "user20",
      "n": 9,
      "EER": 0.00955414012884745,
      "AUC": 0.9993630573248408
    },
    "10": {
      "User": "user20",
      "n": 10,
      "EER": 0.007575757577053666,
      "AUC": 0.9994800950683304
    },
    "11": {
      "User": "user20",
      "n": 11,
      "EER": 0.004347826087587502,
      "AUC": 0.9993478260869565
    },
    "12": {
      "User": "user20",
      "n": 12,
      "EER": 0.005000000000073684,
      "AUC": 0.9994594594594595
    },
    "13": {
      "User": "user20",
      "n": 13,
      "EER": 0.0,
      "AUC": 1.0
    },
    "14": {
      "User": "user20",
      "n": 14,
      "EER": 0.0,
      "AUC": 1.0
    },
    "15": {
      "User": "user20",
      "n": 15,
      "EER": 0.0,
      "AUC": 1.0
    }
  },
  "user21": {
    "1": {
      "User": "user21",
      "n": 1,
      "EER": 0.08053834650727333,
      "AUC": 0.9766918050892207
    },
    "2": {
      "User": "user21",
      "n": 2,
      "EER": 0.04065040650440881,
      "AUC": 0.9904955650805393
    },
    "3": {
      "User": "user21",
      "n": 3,
      "EER": 0.027139874740082684,
      "AUC": 0.9950765483646485
    },
    "4": {
      "User": "user21",
      "n": 4,
      "EER": 0.019230769230769364,
      "AUC": 0.9978299910206525
    },
    "5": {
      "User": "user21",
      "n": 5,
      "EER": 0.01776649746193812,
      "AUC": 0.9977222439151373
    },
    "6": {
      "User": "user21",
      "n": 6,
      "EER": 0.0031847133771566683,
      "AUC": 0.9996404355866036
    },
    "7": {
      "User": "user21",