{
    "n": [
      1,
      2,
      3,
      4,
      5,
      6,
      7,
      8,
      9,
      10
    ],
    "avg_eer": [
      0.0789787690905672,
      0.05798442592477311,
      0.053066940098310436,
      0.039913688800990645,
      0.024719613447404715,
      0.01565630619967064,
      0.004708500222582364,
      0.0,
      0.0,
      0.0
    ],
    "avg_auc": [
      0.972304391725588,
      0.9835365633390808,
      0.9876946097647906,
      0.9913496400285245,
      0.992197197125375,
      0.9950264545826801,
      0.9967111704494883,
      1.0,
      1.0,
      1.0
    ]
  }