{
  "n": [
    1,
    2,
    3,
    4,
    5,
    6,
    7,
    8,
    9,
    10
  ],
  "avg_eer": [
    0.037409573652385376,
    0.028924348513520097,
    0.02493863794243641,
    0.023253372912402266,
    0.021089244645707116,
    0.020458945889453545,
    0.019428589216692653,
    0.018929994717550462,
    0.0189948614788672,
    0.01852206158664969
  ],
  "avg_auc": [
    0.9889361912170952,
    0.9916415555218488,
    0.9927049287714093,
    0.9931465908675327,
    0.9938905502440102,
    0.9940263095251978,
    0.9943713050713263,
    0.9944895407968827,
    0.9947993893545259,
    0.9949889813060787
  ]
}