{
  "n": [
    1,
    2,
    3,
    4,
    5,
    6,
    7,
    8,
    9,
    10
  ],
  "avg_eer": [
    0.09350361271701138,
    0.0736912811826277,
    0.05701862063342407,
    0.05399038814487862,
    0.04981214178350151,
    0.04181840408924141,
    0.03988993819181784,
    0.026776885939002893,
    0.018736587095969683,
    0.022019475827308375
  ],
  "avg_auc": [
    0.9628868855252012,
    0.9771085471164277,
    0.9847454290470754,
    0.9871411233063203,
    0.9899728324767588,
    0.990982342361794,
    0.9930558691605207,
    0.9946490981733278,
    0.9953243317201428,
    0.9947702198575419
  ]
}