{
  "n": [
    1,
    2,
    3,
    4,
    5,
    6,
    7,
    8,
    9,
    10,
    11,
    12,
    13,
    14,
    15,
    16,
    17,
    18,
    19,
    20,
    21,
    22,
    23,
    24,
    25,
    26,
    27,
    28,
    29,
    30
  ],
  "avg_eer": [
    0.11484173182709342,
    0.08809147824302371,
    0.0726780951105884,
    0.061164516525649804,
    0.05359880783917266,
    0.04929741635375272,
    0.04272969687374314,
    0.03895306598611092,
    0.03646501099871531,
    0.03633136649861071,
    0.030037841122852293,
    0.026713964951851698,
    0.02510816152022787,
    0.020435441211214277,
    0.022190739571442644,
    0.020253258343309172,
    0.02011668296620665,
    0.014813425699625881,
    0.01609050839332127,
    0.016589819732060522,
    0.01374729687306464,
    0.014506882324284773,
    0.014188471080469634,
    0.013228738087037525,
    0.012513836873630798,
    0.008063356873363951,
    0.0017751479290642007,
    0.0019480519482321247,
    0.00210564065801257,
    0.000719424460566394
  ],
  "avg_auc": [
    0.9508721150979481,
    0.9685258230384974,
    0.9769932208954518,
    0.9828265420532014,
    0.9854718840517875,
    0.9883518254724857,
    0.9905933007179095,
    0.9916149249309125,
    0.9927472492137529,
    0.9935606800622307,
    0.994480066863394,
    0.9951710548023079,
    0.9959624539960753,
    0.9963907402454415,
    0.9964735311838113,
    0.9963472348894603,
    0.9963459168837238,
    0.9972910501681428,
    0.9973385706583967,
    0.9976129754018203,
    0.9979053125880775,
    0.9976365544016487,
    0.9978365907695267,
    0.9973481612678088,
    0.9975322107895682,
    0.9977135317170112,
    0.999838622915546,
    0.9998051948051948,
    0.9998385089985582,
    0.9999200639488409
  ]
}