{
  "n": [
    1,
    2,
    3,
    4,
    5,
    6,
    7,
    8,
    9,
    10,
    11,
    12,
    13,
    14,
    15,
    16,
    17,
    18,
    19,
    20,
    21,
    22,
    23,
    24,
    25,
    26,
    27,
    28,
    29,
    30
  ],
  "avg_eer": [
    0.1894862635850016,
    0.1648993445468338,
    0.15022719398696704,
    0.13877313609818714,
    0.1290145680111262,
    0.12035169056027537,
    0.11881815303982819,
    0.11630447410561906,
    0.11036476455608499,
    0.10803418474313738,
    0.10468334546185862,
    0.09884587103829015,
    0.09057633875632339,
    0.08810857303940015,
    0.08557933656220419,
    0.08307349427293596,
    0.07887034235415638,
    0.0778070064625942,
    0.07251581849224971,
    0.07218361819785181,
    0.06898806771444847,
    0.063176022178094,
    0.06448247839521934,
    0.059894798930424875,
    0.052209927090356115,
    0.04869082260503347,
    0.034669607724942646,
    0.033338043312687436,
    0.033578882526551404,
    0.03240198366916085
  ],
  "avg_auc": [
    0.8867590071984692,
    0.9081309477468352,
    0.9207237644036411,
    0.928863530730608,
    0.934803675084025,
    0.9389061548399564,
    0.9434272232604057,
    0.9431819829671412,
    0.9508247501754651,
    0.9509403567596995,
    0.9513642704270593,
    0.954564693590773,
    0.9581523394433127,
    0.9574255545093786,
    0.95846667108238,
    0.9594198655910567,
    0.9634687977631833,
    0.9663466570368552,
    0.9686603053518784,
    0.9712869604855451,
    0.9700067998443792,
    0.9685018310058127,
    0.969039736769768,
    0.9708108913734306,
    0.976278503361576,
    0.9818164467456096,
    0.9902980967450411,
    0.988271375996365,
    0.9888771611943404,
    0.9894632312818453
  ]
}