{
    "n": [
      1,
      2,
      3,
      4,
      5,
      6,
      7,
      8,
      9,
      10,
      11,
      12,
      13,
      14,
      15
    ],
    "avg_eer": [
      0.1762293180691118,
      0.13314191187834118,
      0.10394145608047498,
      0.09042439296311398,
      0.07828251487980747,
      0.07471189017563806,
      0.07146351692007621,
      0.05790522229063004,
      0.04665847188053575,
      0.048140985148240334,
      0.04736398968442553,
      0.04466563269078712,
      0.03925345625699747,
      0.03458279303088141,
      0.030056205793375156
    ],
    "avg_auc": [
      0.8930651845131509,
      0.9306264309073555,
      0.9517480438256601,
      0.9638682307533741,
      0.9706832414658685,
      0.9741077777271687,
      0.9794220809355588,
      0.9847570893874952,
      0.9860140032012159,
      0.9851614014180372,
      0.9845954809675852,
      0.9842091105774895,
      0.9882582298997387,
      0.9888923201625776,
      0.9903571967484772
    ]
  }