{
  "n": [
    1,
    2,
    3,
    4,
    5,
    6,
    7,
    8,
    9,
    10,
    11,
    12,
    13,
    14,
    15,
    16,
    17,
    18,
    19,
    20,
    21,
    22,
    23,
    24,
    25,
    26,
    27,
    28,
    29,
    30,
    31,
    32,
    33,
    34,
    35,
    36,
    37,
    38,
    39,
    40,
    41,
    42,
    43,
    44,
    45,
    46,
    47,
    48,
    49
  ],
  "avg_eer": [
    0.22464550231696517,
    0.12268395670712018,
    0.07040533810815477,
    0.04067483968296624,
    0.027410264467711394,
    0.019755270410008175,
    0.01427101855933495,
    0.011187751306184854,
    0.006444887466597701,
    0.005327788951646683,
    0.0051986921667629615,
    0.004483876949706883,
    0.0010879416003759114,
    0.0011171128053645628,
    0.0005333333332590048,
    0.0017026536518408135,
    0.0012157182554110334,
    0.0003085884103433027,
    0.000506756756772276,
    0.00017793594307505877,
    0.0,
    0.0,
    0.0,
    0.0,
    0.0,
    0.0,
    0.0,
    0.0,
    0.0,
    0.0,
    0.0,
    0.0,
    0.0,
    0.0,
    0.0,
    0.0,
    0.0,
    0.0,
    0.0,
    0.0,
    0.0,
    0.0,
    0.0,
    0.0,
    0.0,
    0.0,
    0.0,
    0.0,
    0.0
  ],
  "avg_auc": [
    0.8563428500089941,
    0.9387683096002697,
    0.9711535580955953,
    0.9856051700830151,
    0.9927867000559505,
    0.9958286470441216,
    0.9974631938299229,
    0.9989492900957926,
    0.9992070211003512,
    0.9994357027756289,
    0.9996811270670507,
    0.9998292123673069,
    0.999973692720539,
    0.9999455668156196,
    0.9999898412698413,
    0.999946482320348,
    0.9999771646881038,
    0.9999944671079293,
    0.9999938944969065,
    0.9999977476462905,
    1.0,
    1.0,
    1.0,
    1.0,
    1.0,
    1.0,
    1.0,
    1.0,
    1.0,
    1.0,
    1.0,
    1.0,
    1.0,
    1.0,
    1.0,
    1.0,
    1.0,
    1.0,
    1.0,
    1.0,
    1.0,
    1.0,
    1.0,
    1.0,
    1.0,
    1.0,
    1.0,
    1.0,
    1.0
  ]
}