{
  "n": [
    1,
    2,
    3,
    4,
    5,
    6,
    7,
    8,
    9,
    10,
    11,
    12,
    13,
    14,
    15,
    16,
    17,
    18,
    19,
    20,
    21,
    22,
    23,
    24,
    25,
    26,
    27,
    28,
    29,
    30,
    31,
    32,
    33,
    34,
    35,
    36,
    37,
    38,
    39,
    40,
    41,
    42,
    43,
    44,
    45,
    46,
    47,
    48,
    49
  ],
  "avg_eer": [
    0.2475892867704012,
    0.14878657429433664,
    0.07790080332521596,
    0.04076265572875307,
    0.0363793102554391,
    0.023616856217316358,
    0.020409099687600206,
    0.011589990583631849,
    0.013885825463379497,
    0.002530085544560948,
    0.0009615384615784272,
    0.0021052631579102244,
    0.0011363636364285369,
    0.0,
    0.0026315789474079566,
    0.0,
    0.0,
    0.0,
    0.0,
    0.0,
    0.0,
    0.0,
    0.0,
    0.0,
    0.0,
    0.0,
    0.0,
    0.0,
    0.0,
    0.0,
    0.0,
    0.0,
    0.0,
    0.0,
    0.0,
    0.0,
    0.0,
    0.0,
    0.0,
    0.0,
    0.0,
    0.0,
    0.0,
    0.0,
    0.0,
    0.0,
    0.0,
    0.0,
    0.0
  ],
  "avg_auc": [
    0.8274164738668892,
    0.9151893378462888,
    0.9607404945376995,
    0.9799226844943796,
    0.9889517530017423,
    0.9940324127896357,
    0.9972437916377188,
    0.9983677186193741,
    0.9984828550322817,
    0.9996570415230703,
    0.9999198717948719,
    0.9998086124401914,
    0.9998863636363637,
    1.0,
    0.999671052631579,
    1.0,
    1.0,
    1.0,
    1.0,
    1.0,
    1.0,
    1.0,
    1.0,
    1.0,
    1.0,
    1.0,
    1.0,
    1.0,
    1.0,
    1.0,
    1.0,
    1.0,
    1.0,
    1.0,
    1.0,
    1.0,
    1.0,
    1.0,
    1.0,
    1.0,
    1.0,
    1.0,
    1.0,
    1.0,
    1.0,
    1.0,
    1.0,
    1.0,
    1.0
  ]
}