{
  "n": [
    1,
    2,
    3,
    4,
    5,
    6,
    7,
    8,
    9,
    10,
    11,
    12,
    13,
    14,
    15,
    16,
    17,
    18,
    19,
    20,
    21,
    22,
    23,
    24,
    25,
    26,
    27,
    28,
    29,
    30,
    31,
    32,
    33,
    34,
    35,
    36,
    37,
    38,
    39,
    40,
    41,
    42,
    43,
    44,
    45,
    46,
    47,
    48,
    49
  ],
  "avg_eer": [
    0.24547045520102379,
    0.13596176389844125,
    0.08113709860477916,
    0.04488710653110873,
    0.028253297777327414,
    0.019281082212157245,
    0.014400428566976908,
    0.0066433885505759295,
    0.00697833015132671,
    0.004569307126982593,
    0.005090497737574598,
    0.0021367521367230136,
    0.0009259259259744065,
    0.002499999999923582,
    0.0016042780748844847,
    0.0011428571429253041,
    0.0006060606060714801,
    0.0,
    0.0,
    0.0,
    0.0,
    0.0,
    0.0,
    0.0,
    0.0,
    0.0,
    0.0,
    0.0,
    0.0,
    0.0,
    0.0,
    0.0,
    0.0,
    0.0,
    0.0,
    0.0,
    0.0,
    0.0,
    0.0,
    0.0,
    0.0,
    0.0,
    0.0,
    0.0,
    0.0,
    0.0,
    0.0,
    0.0,
    0.0
  ],
  "avg_auc": [
    0.8311378014151473,
    0.9221670128263748,
    0.9593335927703059,
    0.9804234057149206,
    0.9894614786897027,
    0.993823732094252,
    0.996071951173296,
    0.9983485548616355,
    0.9983127868660674,
    0.9990385364331462,
    0.9987816203404438,
    0.9997996794871795,
    0.9999382716049382,
    0.9997678571428572,
    0.9999382969971204,
    0.9999523809523809,
    0.9999472990777338,
    1.0,
    1.0,
    1.0,
    1.0,
    1.0,
    1.0,
    1.0,
    1.0,
    1.0,
    1.0,
    1.0,
    1.0,
    1.0,
    1.0,
    1.0,
    1.0,
    1.0,
    1.0,
    1.0,
    1.0,
    1.0,
    1.0,
    1.0,
    1.0,
    1.0,
    1.0,
    1.0,
    1.0,
    1.0,
    1.0,
    1.0,
    1.0
  ]
}