{
  "n": [
    1,
    2,
    3,
    4,
    5,
    6,
    7,
    8,
    9,
    10,
    11,
    12,
    13,
    14,
    15,
    16,
    17,
    18,
    19,
    20,
    21,
    22,
    23,
    24,
    25,
    26,
    27,
    28,
    29,
    30,
    31,
    32,
    33,
    34,
    35,
    36,
    37,
    38,
    39,
    40,
    41,
    42,
    43,
    44,
    45,
    46,
    47,
    48,
    49
  ],
  "avg_eer": [
    0.25363396452387776,
    0.14782234693260346,
    0.09137545356481787,
    0.05931192307095425,
    0.04264565000428737,
    0.03251517981676287,
    0.02516800277158373,
    0.02045304297735933,
    0.014718769065399281,
    0.010228111763716522,
    0.007143460221688084,
    0.00571019242834621,
    0.004939027908469815,
    0.0032305080712670847,
    0.0021190118801286094,
    0.0017302479014542579,
    0.0008090267639703898,
    0.0003888910386652996,
    0.0006641709939026479,
    0.0007942200738990544,
    0.00046021299520080316,
    0.0006896551724137189,
    0.0003070624361569324,
    9.910802777753051e-05,
    0.0006594793112159301,
    0.00010741138576409893,
    0.00012004801920926,
    0.0,
    0.0,
    0.0,
    0.0,
    0.0,
    0.0,
    0.0,
    0.0,
    0.0,
    0.0,
    0.0,
    0.0,
    0.0,
    0.0,
    0.0,
    0.0,
    0.0,
    0.0,
    0.0,
    0.0,
    0.0,
    0.0
  ],
  "avg_auc": [
    0.8262657970356226,
    0.9167318745621073,
    0.9572178631454282,
    0.9762291520280082,
    0.9867740632378681,
    0.9924163966820407,
    0.9953722177554682,
    0.9969137647352678,
    0.9983744513763201,
    0.9989657788800569,
    0.9993673467779445,
    0.9996182658133993,
    0.9996375304278325,
    0.999760267877462,
    0.9999249157910264,
    0.9999549478522788,
    0.9999777608087241,
    0.9999949846205862,
    0.9999918971661514,
    0.9999876378693567,
    0.9999944610305589,
    0.9999946015250692,
    0.999997774909884,
    0.9999983752782337,
    0.9999938395466703,
    0.9999980819395426,
    0.999998982643905,
    1.0,
    1.0,
    1.0,
    1.0,
    1.0,
    1.0,
    1.0,
    1.0,
    1.0,
    1.0,
    1.0,
    1.0,
    1.0,
    1.0,
    1.0,
    1.0,
    1.0,
    1.0,
    1.0,
    1.0,
    1.0,
    1.0
  ]
}