{
  "n": [
    1,
    2,
    3,
    4,
    5,
    6,
    7,
    8,
    9,
    10,
    11,
    12,
    13,
    14,
    15,
    16,
    17,
    18,
    19,
    20,
    21,
    22,
    23,
    24,
    25,
    26,
    27,
    28,
    29,
    30,
    31,
    32,
    33,
    34,
    35,
    36,
    37,
    38,
    39,
    40,
    41,
    42,
    43,
    44,
    45,
    46,
    47,
    48,
    49
  ],
  "avg_eer": [
    0.2461377020759973,
    0.14216196125253414,
    0.08180782538868273,
    0.048669998320870704,
    0.030574018757943654,
    0.02191443617962769,
    0.014789461931126732,
    0.013139431301581125,
    0.007497912385045022,
    0.004981887157590023,
    0.00284453288610524,
    0.002462675114774699,
    0.0018032843087160827,
    0.0007518796993238397,
    0.00026881720431928515,
    0.0011461318050700485,
    0.0,
    0.0,
    0.0,
    0.0,
    0.0,
    0.0,
    0.0,
    0.0,
    0.0,
    0.0,
    0.0,
    0.0,
    0.0,
    0.0,
    0.0,
    0.0,
    0.0,
    0.0,
    0.0,
    0.0,
    0.0,
    0.0,
    0.0,
    0.0,
    0.0,
    0.0,
    0.0,
    0.0,
    0.0,
    0.0,
    0.0,
    0.0,
    0.0
  ],
  "avg_auc": [
    0.8300262721253633,
    0.9202697562625002,
    0.9610971312504223,
    0.9794868283055285,
    0.9888696834145649,
    0.9937377598306952,
    0.9972320107547642,
    0.9977753172198472,
    0.9990880729382129,
    0.9996784539347475,
    0.9997888637784428,
    0.9997423730228754,
    0.9998931010594078,
    0.9999830083683786,
    0.999980449657869,
    0.9999662902410247,
    1.0,
    1.0,
    1.0,
    1.0,
    1.0,
    1.0,
    1.0,
    1.0,
    1.0,
    1.0,
    1.0,
    1.0,
    1.0,
    1.0,
    1.0,
    1.0,
    1.0,
    1.0,
    1.0,
    1.0,
    1.0,
    1.0,
    1.0,
    1.0,
    1.0,
    1.0,
    1.0,
    1.0,
    1.0,
    1.0,
    1.0,
    1.0,
    1.0
  ]
}