{
  "n": [
    1,
    2,
    3,
    4,
    5,
    6,
    7,
    8,
    9,
    10,
    11,
    12,
    13,
    14,
    15,
    16,
    17,
    18,
    19,
    20,
    21,
    22,
    23,
    24,
    25,
    26,
    27,
    28,
    29,
    30
  ],
  "avg_eer": [
    0.2830776589224995,
    0.25720507931605857,
    0.24031390410809714,
    0.23752928068011792,
    0.2254822970201837,
    0.21504869237061777,
    0.21436990105527925,
    0.2031973544099806,
    0.20466020976435678,
    0.20617076327863754,
    0.20407304413607813,
    0.19411851091985896,
    0.18576608922772797,
    0.1751150053473287,
    0.17359532725108057,
    0.18900497457432924,
    0.17971025995615547,
    0.18117381669539567,
    0.1863212458038966,
    0.1765839618471054,
    0.16375457875465912,
    0.14567210567217243,
    0.07850267379691571,
    0.08499999999986244,
    0.08999999999998952,
    0.10227272727262471,
    0.03333333333324697,
    0.03999999999999848,
    0.030000000000000138,
    0.0
  ],
  "avg_auc": [
    0.7688955296100081,
    0.7950653320196304,
    0.8121651481270732,
    0.8187206696553707,
    0.827471419600562,
    0.8355128047532258,
    0.840432523533396,
    0.846275355680271,
    0.8493755379031998,
    0.8530085459768927,
    0.856128880963715,
    0.8702940214377994,
    0.863719914736351,
    0.8716434023338964,
    0.8728060810931945,
    0.8675129294260675,
    0.8760410374180866,
    0.8754167038948821,
    0.8728403042756344,
    0.8778927205564632,
    0.8926773504273505,
    0.9040618441119014,
    0.9521846424520222,
    0.9519358974358975,
    0.9468849206349207,
    0.9347763347763347,
    0.9757575757575758,
    0.9650000000000001,
    0.97,
    1.0
  ]
}