{
    "n": [
      1,
      2,
      3,
      4,
      5,
      6,
      7,
      8,
      9,
      10,
      11,
      12,
      13,
      14,
      15
    ],
    "avg_eer": [
      0.12073272352798196,
      0.07662077548929452,
      0.05561316283990888,
      0.039168000316647245,
      0.03185876096854906,
      0.027004648935775977,
      0.022685247751786694,
      0.019661669023989407,
      0.01578427337110202,
      0.010890581236064002,
      0.0074807489361369646,
      0.004562439243514768,
      0.005058649488181943,
      0.002168069191327142,
      0.0
    ],
    "avg_auc": [
      0.943014426329475,
      0.9757877041989284,
      0.9852130296779175,
      0.9904824319432542,
      0.9929785103103861,
      0.9944410386176541,
      0.9959223474139934,
      0.9971314307647372,
      0.997764576358888,
      0.9981762239847913,
      0.9987116775016028,
      0.9988499837741662,
      0.9989056801956586,
      0.9990547568957456,
      1.0
    ]
  }