{
  "n": [
    1,
    2,
    3,
    4,
    5,
    6,
    7,
    8,
    9,
    10,
    11,
    12,
    13,
    14,
    15,
    16,
    17,
    18,
    19,
    20,
    21,
    22,
    23,
    24,
    25,
    26,
    27,
    28,
    29,
    30,
    31,
    32,
    33,
    34,
    35,
    36,
    37,
    38,
    39,
    40,
    41,
    42,
    43,
    44,
    45,
    46,
    47,
    48,
    49,
    50,
    51,
    52,
    53,
    54,
    55,
    56,
    57,
    58,
    59,
    60
  ],
  "avg_eer": [
    0.24395429228895837,
    0.22792682589348462,
    0.21249821370324518,
    0.20785018168591857,
    0.20113981759158706,
    0.19972081344961673,
    0.19680781668413824,
    0.2029115884026164,
    0.1906620512348321,
    0.17128754362483684,
    0.17474778202678518,
    0.18480014737779696,
    0.1756630517105637,
    0.1743744430365018,
    0.17093156604676496,
    0.16899610892441558,
    0.17461966777103,
    0.1794895072513554,
    0.16662382088261632,
    0.17378914702494508,
    0.17455217777680632,
    0.16181654656344707,
    0.14852007222502364,
    0.1476155001384274,
    0.14621875658653002,
    0.1543766341956631,
    0.1555925298515596,
    0.15948487006385956,
    0.15589538400128428,
    0.1494407375402111,
    0.1519795851403213,
    0.14051177235747642,
    0.1361282423679294,
    0.1376260343469889,
    0.14319984790912604,
    0.14664841770288506,
    0.13871392067799093,
    0.14659551564914913,
    0.13808747399102347,
    0.13060838113646028,
    0.1382203446450571,
    0.15074542965004298,
    0.15073633708797338,
    0.13547270948481596,
    0.14180258883744365,
    0.13957095573632117,
    0.13364321156744502,
    0.13548687944843496,
    0.13597914406807415,
    0.13185954273898406,
    0.13488537512139268,
    0.13720222493837866,
    0.13892091885791596,
    0.1396045782256848,
    0.1321131371908721,
    0.1277968573615616,
    0.12441970525494075,
    0.1171626082826884,
    0.10776234834109957,
    0.12056402737071656
  ],
  "avg_auc": [
    0.8343158519082593,
    0.8554936602300784,
    0.864292088549055,
    0.8666013942614125,
    0.8682787086154731,
    0.8716811498725621,
    0.8739191426364746,
    0.8737106619177262,
    0.8754628864928098,
    0.8795347108397044,
    0.8771698653412962,
    0.8799731937635606,
    0.8803229259854384,
    0.8813300367997104,
    0.8836293094239551,
    0.8870485695378859,
    0.8862752440980042,
    0.8804819610533331,
    0.8876999469895217,
    0.8926431950065898,
    0.8879245884555796,
    0.8893753402731036,
    0.8935718725889007,
    0.8939602186578934,
    0.8944606793794602,
    0.8954799312873769,
    0.8922993153845244,
    0.8923143320400666,
    0.8937259646305424,
    0.8954760112052664,
    0.8961130462949445,
    0.9050336031534476,
    0.9074275928828761,
    0.9044043173487255,
    0.8988398825434434,
    0.8957784291615113,
    0.8964631133883723,
    0.8984316365258198,
    0.900184710804371,
    0.9074721146622654,
    0.9034779657549199,
    0.9011024116684319,
    0.8995364451290608,
    0.9086249326203341,
    0.902632611767672,
    0.9036110266247706,
    0.9040347310454774,
    0.8973482648639249,
    0.9015539703883435,
    0.9017797542471394,
    0.9022981418523217,
    0.8999481606591268,
    0.8985983058327411,
    0.8924492074025181,
    0.9022753937552699,
    0.9074411482215474,
    0.9094894838270517,
    0.9124510260278761,
    0.9191910974067046,
    0.9107307986708013
  ]
}