{
  "n": [
    1,
    2,
    3,
    4,
    5,
    6,
    7,
    8,
    9,
    10,
    11,
    12,
    13,
    14,
    15,
    16,
    17,
    18,
    19,
    20,
    21,
    22,
    23,
    24,
    25,
    26,
    27,
    28,
    29,
    30,
    31,
    32,
    33,
    34,
    35,
    36,
    37,
    38,
    39,
    40,
    41,
    42,
    43,
    44,
    45,
    46,
    47,
    48,
    49
  ],
  "avg_eer": [
    0.27629608188226273,
    0.24620712231914604,
    0.23008673230854626,
    0.2198012244105169,
    0.20942803549802322,
    0.202939174837547,
    0.20272256197337613,
    0.19761074741231197,
    0.18998231094022588,
    0.1813545547006734,
    0.1951146627792575,
    0.1864094876408811,
    0.18721917669097082,
    0.17922109699093972,
    0.177006700247396,
    0.18315821160053564,
    0.1708456831330147,
    0.17248598813361965,
    0.16855865377997248,
    0.1688780398166053,
    0.16918389382542962,
    0.17392894710358875,
    0.1616333498828918,
    0.17073955852165654,
    0.1675064622740206,
    0.16263689243911372,
    0.16833212558697314,
    0.17083017003149864,
    0.1701822808817122,
    0.15305291065460405,
    0.1580080160720088,
    0.15431551106960573,
    0.16010461082325061,
    0.15586674109537405,
    0.15903446354589584,
    0.1513802671022585,
    0.1458242864910348,
    0.14438699190885346,
    0.1483952623023969,
    0.155046131550525,
    0.14078564627486534,
    0.15076787074617773,
    0.14274271176455888,
    0.14175489399892335,
    0.14578030243672763,
    0.1418396938773921,
    0.14048270532717044,
    0.13123513379779897,
    0.13878016490367068
  ],
  "avg_auc": [
    0.8027767420674289,
    0.8364518700621011,
    0.8515244222136349,
    0.8612015866210083,
    0.8673616227160125,
    0.8736362243472844,
    0.8761426067483326,
    0.8790520352695363,
    0.8826748904947989,
    0.8861108695398914,
    0.8848840249666926,
    0.888621184131978,
    0.8883005853187231,
    0.890807420888765,
    0.8933025395076075,
    0.8931816903143908,
    0.8958920256676581,
    0.8962409413294659,
    0.8967498580280374,
    0.8980823718707178,
    0.8997341324675906,
    0.8987896582227723,
    0.9027868895539546,
    0.9016239935013562,
    0.9033220381330074,
    0.9038587796666674,
    0.90298269490804,
    0.9046841310667146,
    0.9042713067316358,
    0.9039800485993122,
    0.9055466756774694,
    0.9057662354141041,
    0.9075616120457815,
    0.9083974425040408,
    0.9103796243978948,
    0.9102499150813197,
    0.9122588549938042,
    0.9123738086176066,
    0.9118852614474179,
    0.9099123918508998,
    0.913219566491201,
    0.9132056438357543,
    0.9127592271368332,
    0.9155958523502784,
    0.9128370673904168,
    0.9165714202377385,
    0.9166629268072747,
    0.9185826141105838,
    0.9188996127528142
  ]
}