{
  "n": [
    1,
    2,
    3,
    4,
    5,
    6,
    7,
    8,
    9,
    10,
    11,
    12,
    13,
    14,
    15,
    16,
    17,
    18,
    19,
    20,
    21,
    22,
    23,
    24,
    25,
    26,
    27,
    28,
    29,
    30,
    31,
    32,
    33,
    34,
    35,
    36,
    37,
    38,
    39,
    40,
    41,
    42,
    43,
    44,
    45,
    46,
    47,
    48,
    49,
    50,
    51,
    52,
    53,
    54,
    55,
    56,
    57,
    58,
    59,
    60
  ],
  "avg_eer": [
    0.2609358107362478,
    0.23993371867586427,
    0.22477726734856115,
    0.21659158677192974,
    0.20650225168007452,
    0.2033026925175984,
    0.1948880351368258,
    0.19432849717405964,
    0.1836504360534848,
    0.1824118278652259,
    0.17749983125811253,
    0.18357199931563722,
    0.1803497307985043,
    0.17197732318330639,
    0.17436909085352295,
    0.17966959667294488,
    0.16955757118556883,
    0.1602769470581607,
    0.16574707877356987,
    0.15522901244348422,
    0.16213777594582027,
    0.158338659463416,
    0.16408294927201114,
    0.1655707593651607,
    0.14601254762452037,
    0.15149537160420148,
    0.15270782579946013,
    0.15522857358411724,
    0.1493141557640379,
    0.14669174606146165,
    0.1413994775895045,
    0.12921817541575395,
    0.140630256980351,
    0.14024876227506206,
    0.14083558233205942,
    0.14001381530902962,
    0.14480744810771648,
    0.15488940944027763,
    0.15159540280529687,
    0.14759474472117912,
    0.14827348599044102,
    0.13941917473138804,
    0.13649924554446097,
    0.1306528976375404,
    0.1361834168708483,
    0.1429827747747142,
    0.14485501004806228,
    0.1387913086723603,
    0.13796517427292215,
    0.14670347731034533,
    0.13943274917678866,
    0.13353277441996508,
    0.12990201907199447,
    0.13131770668905812,
    0.12878896982318996,
    0.1306826719151598,
    0.1342688040928078,
    0.14319108430904195,
    0.14440863685449706,
    0.13991340003334934
  ],
  "avg_auc": [
    0.8188127937221312,
    0.8473810348057249,
    0.8592104310716581,
    0.8660957020959813,
    0.87188369589309,
    0.8756992770822489,
    0.8798576201490038,
    0.8819249122992515,
    0.8840158260075175,
    0.8892775162389839,
    0.8872799168065271,
    0.8912242659829961,
    0.8924054559884084,
    0.8934841776684597,
    0.8954333168537024,
    0.8966673882360314,
    0.8964010272731213,
    0.8987054444188525,
    0.8993020844552635,
    0.9027066974636953,
    0.8999058090350855,
    0.9038588444894831,
    0.9030281376000883,
    0.9046246357575123,
    0.9065248874190734,
    0.9062891725405805,
    0.9057655730189962,
    0.9083954980902282,
    0.906376048245467,
    0.909168579915659,
    0.9092213318838201,
    0.9127112853657243,
    0.9145473272475424,
    0.9121064889623931,
    0.9094700028835649,
    0.9093917559139163,
    0.9059849744128339,
    0.9072555067011386,
    0.9119380128348784,
    0.9123734293130956,
    0.9160191401991764,
    0.9146426308776366,
    0.9147547858577492,
    0.9156090930220782,
    0.9171619045986438,
    0.9137284307855562,
    0.9124215523705977,
    0.9190858116043588,
    0.9194894363663989,
    0.9160048537586223,
    0.9159287803400045,
    0.9182113259068668,
    0.9188493161111537,
    0.9198090137065638,
    0.9214830779789015,
    0.9227202131673564,
    0.9221263384027996,
    0.9211977989597377,
    0.9211698665413837,
    0.9218087887720074
  ]
}