{
  "n": [
    1,
    2,
    3,
    4,
    5,
    6,
    7,
    8,
    9,
    10,
    11,
    12,
    13,
    14,
    15,
    16,
    17,
    18,
    19,
    20,
    21,
    22,
    23,
    24,
    25,
    26,
    27,
    28,
    29,
    30,
    31,
    32,
    33,
    34,
    35,
    36,
    37,
    38,
    39,
    40,
    41,
    42,
    43,
    44,
    45,
    46,
    47,
    48,
    49
  ],
  "avg_eer": [
    0.287901629002144,
    0.2570355443948655,
    0.24292267394748124,
    0.2321592677307142,
    0.2282705112963118,
    0.21934151982692485,
    0.22146450835358894,
    0.2120130270860967,
    0.21137132438797127,
    0.21147316117554915,
    0.20556524134990087,
    0.2011485941133789,
    0.2016109221002294,
    0.1984341527717582,
    0.19289708939141953,
    0.19609044238299647,
    0.18960575302236068,
    0.1869858765713906,
    0.18998718453418662,
    0.19015006277258967,
    0.18756622033397596,
    0.18356490100436063,
    0.1846995349768226,
    0.18329163418630298,
    0.18289585198363006,
    0.18189203726259479,
    0.17111390858718417,
    0.17778953393513436,
    0.17908635592150288,
    0.1820842011082931,
    0.17133417264115333,
    0.169982519783555,
    0.17448482890460476,
    0.16910051971576287,
    0.17267794552838514,
    0.17210558017939356,
    0.16236715484097627,
    0.1675852692190532,
    0.16397762979890498,
    0.16321277355230193,
    0.16275332956850813,
    0.1549253616848975,
    0.15797298631754492,
    0.16242788204351324,
    0.16067509629027538,
    0.15565579219290748,
    0.1541944742544483,
    0.16360047823308888,
    0.1643132075368371
  ],
  "avg_auc": [
    0.7892291748419352,
    0.8258983890233992,
    0.8420459587754419,
    0.8520417759910999,
    0.8577440518666062,
    0.8633930239298582,
    0.8663660474396174,
    0.8701129978920206,
    0.8724289198644233,
    0.8750693530810171,
    0.8758772335114735,
    0.8786998297709037,
    0.8806831556728996,
    0.8815216094645724,
    0.8830354171661975,
    0.8843427222241151,
    0.8868297280613151,
    0.8875781488960598,
    0.887314219230831,
    0.8889436809797596,
    0.8898681971706279,
    0.8911080891994452,
    0.8921159558436443,
    0.8928127742771869,
    0.8924457597427026,
    0.8939172127049899,
    0.8965468661811412,
    0.8958655148057811,
    0.8960318227063867,
    0.8947381992005203,
    0.897268166322915,
    0.8989308605014357,
    0.8984422628024393,
    0.8996437187323945,
    0.9004733564376666,
    0.9009139305964826,
    0.9023023647179343,
    0.9020782825507446,
    0.9034114312821483,
    0.9031693692111846,
    0.9039704876451033,
    0.905540648422695,
    0.9024142490071798,
    0.9048775169852672,
    0.9039140874005114,
    0.9070604722166371,
    0.906533832888716,
    0.9061778710264721,
    0.9063320650622071
  ]
}