{
  "n": [
    1,
    2,
    3,
    4,
    5,
    6,
    7,
    8,
    9,
    10,
    11,
    12,
    13,
    14,
    15,
    16,
    17,
    18,
    19,
    20,
    21,
    22,
    23,
    24,
    25,
    26,
    27,
    28,
    29,
    30,
    31,
    32,
    33,
    34,
    35,
    36,
    37,
    38,
    39,
    40,
    41,
    42,
    43,
    44,
    45,
    46,
    47,
    48,
    49
  ],
  "avg_eer": [
    0.2973347980596082,
    0.26646211606725584,
    0.25185038131923837,
    0.24166249672830595,
    0.23820459621191875,
    0.23314076075904794,
    0.22447015233581452,
    0.22296208376806156,
    0.21853924013143292,
    0.21466245359465463,
    0.2130786332412129,
    0.21005516531690854,
    0.2071939239168758,
    0.20811051038349232,
    0.2074954660938284,
    0.20358824220842192,
    0.19681081989710306,
    0.20408403950505377,
    0.19289309257550388,
    0.1911457525940557,
    0.19112205112758873,
    0.19111043947878242,
    0.18775751881272162,
    0.19286034431686475,
    0.183694279759206,
    0.1730113584352868,
    0.18658357844148826,
    0.1892602941430487,
    0.18775018208803768,
    0.17896915172454472,
    0.18108619730088338,
    0.1758758475005696,
    0.17998606666349928,
    0.17518335407165758,
    0.17873907483273008,
    0.175930799040922,
    0.1760056093771864,
    0.17850941083906963,
    0.17420282644321147,
    0.17395328534324772,
    0.17297818786478367,
    0.17215687109180666,
    0.17479643412848841,
    0.17073611942972086,
    0.1672325495971348,
    0.16693014385597763,
    0.1640696736785649,
    0.17113841771296195,
    0.1643283160971181
  ],
  "avg_auc": [
    0.779993469278792,
    0.8181329674276006,
    0.8337521292720526,
    0.8431980950422208,
    0.8506040054801455,
    0.8547509529680232,
    0.8596180923530493,
    0.8626517063426281,
    0.8648327784694312,
    0.8684426691507705,
    0.8709344010542098,
    0.8717945421063454,
    0.8744748189053133,
    0.8758742846204857,
    0.8774730190171344,
    0.878527550349021,
    0.8795584080613977,
    0.8809172632477251,
    0.8826094917809926,
    0.8849512647988421,
    0.88610340576687,
    0.8866140085143615,
    0.8876874787410414,
    0.8882737373053049,
    0.8887290838788141,
    0.8905985327284005,
    0.8906223156583202,
    0.8910328548056196,
    0.8918663319033978,
    0.8934357274918122,
    0.8946077452053387,
    0.8958456556378191,
    0.8934485767054265,
    0.8957119493066212,
    0.8959307325108881,
    0.8952976185400242,
    0.8956327442295653,
    0.8970512448242195,
    0.8976735879052924,
    0.8988876841791603,
    0.9009396783642375,
    0.8998680015265592,
    0.899306190292581,
    0.9012532858253278,
    0.9020106970877174,
    0.9015142190386831,
    0.9022239190043393,
    0.9024239124750799,
    0.9032729740615707
  ]
}