{
  "n": [
    1,
    2,
    3,
    4,
    5,
    6,
    7,
    8,
    9,
    10,
    11,
    12,
    13,
    14,
    15,
    16,
    17,
    18,
    19,
    20,
    21,
    22,
    23,
    24,
    25,
    26,
    27,
    28,
    29,
    30,
    31,
    32,
    33,
    34,
    35,
    36,
    37,
    38,
    39,
    40,
    41,
    42,
    43,
    44,
    45,
    46,
    47,
    48,
    49,
    50,
    51,
    52,
    53,
    54,
    55,
    56,
    57,
    58,
    59,
    60
  ],
  "avg_eer": [
    0.2606995874037176,
    0.2531418228284525,
    0.238677920589328,
    0.22891124435083626,
    0.22750511039695542,
    0.22447506545815812,
    0.22721136497435995,
    0.207664115515734,
    0.2122706576782548,
    0.21595104858621877,
    0.1978648774481808,
    0.21883678233787704,
    0.20414885667597366,
    0.21094338837663668,
    0.18580320734892714,
    0.17828617820306172,
    0.18997531636787582,
    0.19471890514459256,
    0.18993369662988024,
    0.19817798669438486,
    0.195549728709083,
    0.19418861347672273,
    0.18483661707944848,
    0.16193965517267925,
    0.17101968938559953,
    0.17678887917813096,
    0.17053145470314482,
    0.18321292650416945,
    0.16926375029832558,
    0.18088603988604968,
    0.14667502787076497,
    0.14224358974354806,
    0.14724358974361032,
    0.15055367338016756,
    0.14661992596798515,
    0.13298245614042153,
    0.11869674185474273,
    0.12345864661667527,
    0.12988304093587688,
    0.08902648778810394,
    0.09399724802207841,
    0.08839869281055542,
    0.08839869281055542,
    0.07882352941179507,
    0.09058823529425969,
    0.08392857142859858,
    0.05448717948736113,
    0.06282051282078002,
    0.06282051282078002,
    0.06217948717960298,
    0.07115384615407408,
    0.07115384615403306,
    0.07948717948732711,
    0.06818181818199211,
    0.05909090909102997,
    0.06454545454575825,
    0.06454545454575825,
    0.06454545454575825,
    0.0711111111111861,
    0.0711111111111861
  ],
  "avg_auc": [
    0.8123836736881133,
    0.8289657021888914,
    0.8351204346130485,
    0.8404445139912043,
    0.844138081116232,
    0.8415969188343609,
    0.8461717073200173,
    0.84697346634911,
    0.8503139671506489,
    0.8518002626425382,
    0.8578425517075958,
    0.8511255948682408,
    0.8543466510950932,
    0.8547429356834769,
    0.86717806270293,
    0.8677406188890651,
    0.8663712118780955,
    0.8642800966978317,
    0.8666855091093358,
    0.8593270366426917,
    0.8599118625017212,
    0.8553936901893557,
    0.8550746807732101,
    0.8625805292918057,
    0.861802296462961,
    0.8587221736673907,
    0.8584085197544595,
    0.8558522524452059,
    0.8646444711099883,
    0.8551011396011395,
    0.868276662950576,
    0.8748820141211446,
    0.8741677284068589,
    0.876788798962712,
    0.8862666781688521,
    0.887280701754386,
    0.897312030075188,
    0.8985588972431078,
    0.8906822612085771,
    0.9382610939112487,
    0.9305125558995527,
    0.9346405228758169,
    0.9346405228758169,
    0.9300653594771241,
    0.916078431372549,
    0.9232142857142858,
    0.9455128205128205,
    0.9413461538461538,
    0.9413461538461538,
    0.9378205128205128,
    0.9371794871794872,
    0.9371794871794872,
    0.9330128205128204,
    0.9363636363636363,
    0.940909090909091,
    0.9354545454545455,
    0.9354545454545455,
    0.9354545454545455,
    0.9288888888888888,
    0.9288888888888888
  ]
}