{
  "n": [
    1,
    2,
    3,
    4,
    5,
    6,
    7,
    8,
    9,
    10,
    11,
    12,
    13,
    14,
    15,
    16,
    17,
    18,
    19,
    20,
    21,
    22,
    23,
    24,
    25,
    26,
    27,
    28,
    29,
    30
  ],
  "avg_eer": [
    0.15384005232473816,
    0.12844895005082163,
    0.11596156319708259,
    0.10842055463428446,
    0.10296219159291557,
    0.09873082677186283,
    0.09590364774387153,
    0.09345209955050734,
    0.09224453119860328,
    0.08885840578962134,
    0.08702241144427574,
    0.08585903817612969,
    0.0855538648868892,
    0.083931778110292,
    0.08347397902479506,
    0.08225183127824445,
    0.08028793122976598,
    0.08074434178718375,
    0.07939404005016004,
    0.07885695002400929,
    0.08008178419350465,
    0.07801732387623865,
    0.07934050759685969,
    0.07759453605479846,
    0.07721516712357532,
    0.07771170152702865,
    0.07654529137419223,
    0.07496643788252132,
    0.07540270653220406,
    0.07475358626816246
  ],
  "avg_auc": [
    0.9226782931532129,
    0.940855740681679,
    0.9491931648704398,
    0.9542548067424493,
    0.9576405688555844,
    0.9601081720111587,
    0.9621148863190093,
    0.9637443821974514,
    0.9649312575544914,
    0.9661313783300676,
    0.967002981393595,
    0.9679926288888904,
    0.9686295450178827,
    0.9691325321490735,
    0.9697071288923554,
    0.9704515665805741,
    0.970815374622883,
    0.9712530681242688,
    0.9714581687331031,
    0.9720384952342628,
    0.9724676854020674,
    0.9727635199209612,
    0.9727847878202107,
    0.9731018549920224,
    0.9734191533673908,
    0.9735818737895154,
    0.9740438172687853,
    0.97429945082549,
    0.9748223351595005,
    0.9746168723791799
  ]
}