{
  "n": [
    1,
    2,
    3,
    4,
    5,
    6,
    7,
    8,
    9,
    10,
    11,
    12,
    13,
    14,
    15,
    16,
    17,
    18,
    19,
    20,
    21,
    22,
    23,
    24,
    25,
    26,
    27,
    28,
    29,
    30
  ],
  "avg_eer": [
    0.13366267326225353,
    0.11356562584379201,
    0.10108601863467952,
    0.09377907291981707,
    0.08733877588217909,
    0.08400875277490945,
    0.08038833252500119,
    0.07870953289927493,
    0.0729087173143413,
    0.07263437424465444,
    0.06776813192393898,
    0.05778102689041137,
    0.06024852220672091,
    0.0523896751925786,
    0.0485869047911334,
    0.047628992157233284,
    0.04902806493159263,
    0.04709088968190165,
    0.03780286216999654,
    0.03116088784698846,
    0.031586268775465366,
    0.03373387161662657,
    0.03179881919990288,
    0.025331699086734265,
    0.02288207423021408,
    0.019803470573944916,
    0.011024542271948573,
    0.004380931692903459,
    0.004775353189126875,
    0.005817279529306424
  ],
  "avg_auc": [
    0.9340307630947133,
    0.9484072437588578,
    0.9567964817057872,
    0.9614747323838111,
    0.965149340292794,
    0.967515705024435,
    0.9696917410612731,
    0.9697346456212499,
    0.9736492238713629,
    0.9752395567351572,
    0.9753653875404324,
    0.9796321615720991,
    0.9807324024192317,
    0.9817657516220388,
    0.9827807721823356,
    0.9832536957439191,
    0.9834045141736413,
    0.9843095056152042,
    0.9878572425261286,
    0.9888554943823294,
    0.988037309080179,
    0.9862074390079874,
    0.9873391541628906,
    0.9877739049002751,
    0.9901550076401792,
    0.9922220319838022,
    0.9942259919219767,
    0.996776960594165,
    0.9978934581794437,
    0.9989807697118069
  ]
}