{
  "n": [
    1,
    2,
    3,
    4,
    5,
    6,
    7,
    8,
    9,
    10,
    11,
    12,
    13,
    14,
    15,
    16,
    17,
    18,
    19,
    20,
    21,
    22,
    23,
    24,
    25,
    26,
    27,
    28,
    29,
    30
  ],
  "avg_eer": [
    0.1758571988312899,
    0.1452382281553584,
    0.12469686833891266,
    0.11294453369230324,
    0.09865585703238658,
    0.09752743558617655,
    0.091427242834411,
    0.08743720449878348,
    0.07382691015137244,
    0.07741265942730612,
    0.07360619528639549,
    0.0678325422083112,
    0.060753596537068986,
    0.06376127109991794,
    0.06354397482035166,
    0.06570750019242619,
    0.058405822101444904,
    0.05729007460342593,
    0.055771694416455034,
    0.04510470935026972,
    0.04330392636611448,
    0.04301905172155163,
    0.033720633062031345,
    0.03125054365671407,
    0.02689259967906423,
    0.019901276514602946,
    0.017465810028671154,
    0.01700202995922846,
    0.01679550636637118,
    0.015129731869965413
  ],
  "avg_auc": [
    0.901110620663693,
    0.9257238170653654,
    0.9394973823920587,
    0.9475916850038566,
    0.9542481105560204,
    0.9590614613002565,
    0.9626721836765626,
    0.9637208204726424,
    0.9683380783651527,
    0.9694403065562016,
    0.970430364485178,
    0.9720819627406009,
    0.9741758610460394,
    0.9729497695293254,
    0.9749383577528494,
    0.9751683872167611,
    0.9778373629862258,
    0.9790982702774462,
    0.9809117113528547,
    0.9832260264911264,
    0.9836379447867689,
    0.9822564215073164,
    0.98347761124673,
    0.9850294470463998,
    0.9875024381820067,
    0.9921829455076436,
    0.9936410701749576,
    0.9941758827974562,
    0.9944269983109193,
    0.9949781533410537
  ]
}