{
  "user12": {
    "1": {
      "User": "user12",
      "n": 1,
      "EER": 0.16288659793820331,
      "AUC": 0.9249481047324997
    },
    "2": {
      "User": "user12",
      "n": 2,
      "EER": 0.13417721518981926,
      "AUC": 0.9486453475460803
    },
    "3": {
      "User": "user12",
      "n": 3,
      "EER": 0.10828025477757737,
      "AUC": 0.9644469138065345
    },
    "4": {
      "User": "user12",
      "n": 4,
      "EER": 0.08910891089106991,
      "AUC": 0.9758376499901646
    },
    "5": {
      "User": "user12",
      "n": 5,
      "EER": 0.06966618287538669,
      "AUC": 0.9819950574667555
    },
    "6": {
      "User": "user12",
      "n": 6,
      "EER": 0.055555555555555636,
      "AUC": 0.9858529533250723
    },
    "7": {
      "User": "user12",
      "n": 7,
      "EER": 0.04545454545454691,
      "AUC": 0.9841986455981941
    },
    "8": {
      "User": "user12",
      "n": 8,
      "EER": 0.05555555555555526,
      "AUC": 0.986449864498645
    },
    "9": {
      "User": "user12",
      "n": 9,
      "EER": 0.04605263157943622,
      "AUC": 0.9861111111111112
    },
    "10": {
      "User": "user12",
      "n": 10,
      "EER": 0.040000000000000015,
      "AUC": 0.99
    }
  },
  "user15": {
    "1": {
      "User": "user15",
      "n": 1,
      "EER": 0.11032028469743177,
      "AUC": 0.9559599318260629
    },
    "2": {
      "User": "user15",
      "n": 2,
      "EER": 0.07173808377553624,
      "AUC": 0.9748702722944418
    },
    "3": {
      "User": "user15",
      "n": 3,
      "EER": 0.07511380880037791,
      "AUC": 0.9801450446366986
    },
    "4": {
      "User": "user15",
      "n": 4,
      "EER": 0.040880503145322676,
      "AUC": 0.9921680313278747
    },
    "5": {
      "User": "user15",
      "n": 5,
      "EER": 0.03867403314893339,
      "AUC": 0.9939439014024649
    },
    "6": {
      "User": "user15",
      "n": 6,
      "EER": 0.03185840707981833,
      "AUC": 0.9960013110455588
    },
    "7": {
      "User": "user15",
      "n": 7,
      "EER": 0.0257510729609824,
      "AUC": 0.9975475168608217
    },
    "8": {
      "User": "user15",
      "n": 8,
      "EER": 0.020618556701946376,
      "AUC": 0.9972710733778047
    },
    "9": {
      "User": "user15",
      "n": 9,
      "EER": 0.003134796239195154,
      "AUC": 0.9992163009404389
    },
    "10": {
      "User": "user15",
      "n": 10,
      "EER": 0.003610108304003919,
      "AUC": 0.9990974729241877
    }
  },
  "user16": {
    "1": {
      "User": "user16",
      "n": 1,
      "EER": 0.1751412429378512,
      "AUC": 0.9102144664623691
    },
    "2": {
      "User": "user16",
      "n": 2,
      "EER": 0.14746543778756158,
      "AUC": 0.9348202764976958
    },
    "3": {
      "User": "user16",
      "n": 3,
      "EER": 0.11191626409055497,
      "AUC": 0.9478439792449455
    },
    "4": {
      "User": "user16",
      "n": 4,
      "EER": 0.11902113459331069,
      "AUC": 0.9554958183990442
    },
    "5": {
      "User": "user16",
      "n": 5,
      "EER": 0.11249999999990018,
      "AUC": 0.9611273792093704
    },
    "6": {
      "User": "user16",
      "n": 6,
      "EER": 0.08255159474613902,
      "AUC": 0.9690272522021179
    },
    "7": {
      "User": "user16",
      "n": 7,
      "EER": 0.07517084282350193,
      "AUC": 0.9734719058466211
    },
    "8": {
      "User": "user16",
      "n": 8,
      "EER": 0.09756097560975595,
      "AUC": 0.973264540337711
    },
    "9": {
      "User": "user16",
      "n": 9,
      "EER": 0.09364548494887948,
      "AUC": 0.9764841137123746
    },
    "10": {
      "User": "user16",
      "n": 10,
      "EER": 0.10344827586288682,
      "AUC": 0.9781289910600255
    }
  },
  "user20": {
    "1": {
      "User": "user20",
      "n": 1,
      "EER": 0.10690789473684212,
      "AUC": 0.9615021356174442
    },
    "2": {
      "User": "user20",
      "n": 2,
      "EER": 0.06764551651838244,
      "AUC": 0.9834668504372228
    },
    "3": {
      "User": "user20",
      "n": 3,
      "EER": 0.03903654485145841,
      "AUC": 0.9924249012888975
    },
    "4": {
      "User": "user20",
      "n": 4,
      "EER": 0.035211267605633825,
      "AUC": 0.9958560612228283
    },
    "5": {
      "User": "user20",
      "n": 5,
      "EER": 0.01840490797697383,
      "AUC": 0.9980793677112696
    },
    "6": {
      "User": "user20",
      "n": 6,
      "EER": 0.017786561264573134,
      "AUC": 0.9990807978674511
    },
    "7": {
      "User": "user20",
      "n": 7,
      "EER": 0.01452784503684686,
      "AUC": 0.9989202277337871
    },
    "8": {
      "User": "user20",
      "n": 8,
      "EER": 0.005882352941932605,
      "AUC": 0.9996832579185521
    },
    "9": {
      "User": "user20",
      "n": 9,
      "EER": 0.003597122303031849,
      "AUC": 0.9997963893036514
    },
    "10": {
      "User": "user20",
      "n": 10,
      "EER": 0.0,
      "AUC": 1.0
    }
  },
  "user21": {
    "1": {
      "User": "user21",
      "n": 1,
      "EER": 0.08333333333333331,
      "AUC": 0.9719107551487415
    },
    "2": {
      "User": "user21",
      "n": 2,
      "EER": 0.04741379310402375,
      "AUC": 0.9893803098450775
    },
    "3": {
      "User": "user21",
      "n": 3,
      "EER": 0.042253521126741585,
      "AUC": 0.9910322964980214
    },
    "4": {
      "User": "user21",
      "n": 4,
      "EER": 0.03545359749585851,
      "AUC": 0.9963503649635037
    },
    "5": {
      "User": "user21",
      "n": 5,
      "EER": 0.02747252747206344,
      "AUC": 0.9980376766091051
    },
    "6": {
      "User": "user21",
      "n": 6,
      "EER": 0.008833922262034957,
      "AUC": 0.9993884207665127
    },
    "7": {
      "User": "user21",
      "n": 7,
      "EER": 0.004273504273713906,
      "AUC": 0.9997750787224472
    },
    "8": {
      "User": "user21",
      "n": 8,
      "EER": 0.0025575447570754944,
      "AUC": 0.9996346364632809
    },
    "9": {
      "User": "user21",
      "n": 9,
      "EER": 0.003134796239179071,
      "AUC": 0.9997387669801463
    },
    "10": {
      "User": "user21",
      "n": 10,
      "EER": 0.0,
      "AUC": 1.0
    }
  },
  "user23": {
    "1": {
      "User": "user23",
      "n": 1,
      "EER": 0.13156692553815452,
      "AUC": 0.9464975773053045
    },
    "2": {
      "User": "user23",
      "n": 2,
      "EER": 0.09191000478736557,
      "AUC": 0.9676291014755654
    },
    "3": {
      "User": "user23",
      "n": 3,
      "EER": 0.08695652173913049,
      "AUC": 0.9756923951297353
    },
    "4": {
      "User": "user23",
      "n": 4,
      "EER": 0.07210031347947299,
      "AUC": 0.9828004179728318
    },
    "5": {
      "User": "user23",
      "n": 5,
      "EER": 0.09016393442518786,
      "AUC": 0.9842235148951173
    },
    "6": {
      "User": "user23",
      "n": 6,
      "EER": 0.03703703703708594,
      "AUC": 0.9929859062602425
    },
    "7": {
      "User": "user23",
      "n": 7,
      "EER": 0.05555555555548241,
      "AUC": 0.9938403221985312
    },
    "8": {
      "User": "user23",
      "n": 8,
      "EER": 0.04092071611193142,
      "AUC": 0.9939715016441358
    },
    "9": {
      "User": "user23",
      "n": 9,
      "EER": 0.01557632398786514,
      "AUC": 0.997196261682243
    },
    "10": {
      "User": "user23",
      "n": 10,
      "EER": 0.007220216606754141,
      "AUC": 0.9990974729241877
    }
  },
  "user29": {
    "1": {
      "User": "user29",
      "n": 1,
      "EER": 0.12658812658906327,
      "AUC": 0.9477158965213573
    },
    "2": {
      "User": "user29",
      "n": 2,
      "EER": 0.1037037037037037,
      "AUC": 0.9671179883945842
    },
    "3": {
      "User": "user29",
      "n": 3,
      "EER": 0.08612804878135666,
      "AUC": 0.9726252571260652
    },
    "4": {
      "User": "user29",
      "n": 4,
      "EER": 0.07376185458431844,
      "AUC": 0.975763962065332
    },
    "5": {
      "User": "user29",
      "n": 5,
      "EER": 0.08044382801671,
      "AUC": 0.9804174096823195
    },