{
  "0": {
    "1": {
      "User": 0,
      "n": 1,
      "EER": 0.11720698254321851,
      "AUC": 0.9569935184752486
    },
    "2": {
      "User": 0,
      "n": 2,
      "EER": 0.09886159376790914,
      "AUC": 0.9734562089265504
    },
    "3": {
      "User": 0,
      "n": 3,
      "EER": 0.06380952380972157,
      "AUC": 0.9835632183908045
    },
    "4": {
      "User": 0,
      "n": 4,
      "EER": 0.060975609756097365,
      "AUC": 0.9871173678179734
    },
    "5": {
      "User": 0,
      "n": 5,
      "EER": 0.053571428571428596,
      "AUC": 0.9897959183673469
    },
    "6": {
      "User": 0,
      "n": 6,
      "EER": 0.052272727271637356,
      "AUC": 0.9926274944567628
    },
    "7": {
      "User": 0,
      "n": 7,
      "EER": 0.031161473088248733,
      "AUC": 0.9946776547343119
    },
    "8": {
      "User": 0,
      "n": 8,
      "EER": 0.017361111112348414,
      "AUC": 0.9960133744855967
    },
    "9": {
      "User": 0,
      "n": 9,
      "EER": 0.004184100419366859,
      "AUC": 0.99923925446938
    },
    "10": {
      "User": 0,
      "n": 10,
      "EER": 0.004878048780657191,
      "AUC": 0.999349593495935
    }
  },
  "1": {
    "1": {
      "User": 1,
      "n": 1,
      "EER": 0.11168199026521158,
      "AUC": 0.9562862808725437
    },
    "2": {
      "User": 1,
      "n": 2,
      "EER": 0.0961538461538461,
      "AUC": 0.9696737128322077
    },
    "3": {
      "User": 1,
      "n": 3,
      "EER": 0.07220216606612076,
      "AUC": 0.9842835802315448
    },
    "4": {
      "User": 1,
      "n": 4,
      "EER": 0.0547073791353041,
      "AUC": 0.9837708682430335
    },
    "5": {
      "User": 1,
      "n": 5,
      "EER": 0.037037037037059635,
      "AUC": 0.9944693015162813
    },
    "6": {
      "User": 1,
      "n": 6,
      "EER": 0.052631578946918216,
      "AUC": 0.9924812030075189
    },
    "7": {
      "User": 1,
      "n": 7,
      "EER": 0.06666666666665036,
      "AUC": 0.9913746630727763
    },
    "8": {
      "User": 1,
      "n": 8,
      "EER": 0.06885245901583673,
      "AUC": 0.9901639344262295
    },
    "9": {
      "User": 1,
      "n": 9,
      "EER": 0.0,
      "AUC": 1.0
    },
    "10": {
      "User": 1,
      "n": 10,
      "EER": 0.004629629629985906,
      "AUC": 0.9988425925925926
    }
  },
  "2": {
    "1": {
      "User": 2,
      "n": 1,
      "EER": 0.11221874109981493,
      "AUC": 0.95130698802377
    },
    "2": {
      "User": 2,
      "n": 2,
      "EER": 0.08393285371719415,
      "AUC": 0.9720307964154992
    },
    "3": {
      "User": 2,
      "n": 3,
      "EER": 0.07079646017686465,
      "AUC": 0.9803343166175025
    },
    "4": {
      "User": 2,
      "n": 4,
      "EER": 0.053262316911570996,
      "AUC": 0.9865792977784008
    },
    "5": {
      "User": 2,
      "n": 5,
      "EER": 0.036363636363639096,
      "AUC": 0.990877080665813
    },
    "6": {
      "User": 2,
      "n": 6,
      "EER": 0.04444444444449447,
      "AUC": 0.9897043832823649
    },
    "7": {
      "User": 2,
      "n": 7,
      "EER": 0.048158640225384415,
      "AUC": 0.9935616791140871
    },
    "8": {
      "User": 2,
      "n": 8,
      "EER": 0.02389078498396144,
      "AUC": 0.9962767607818802
    },
    "9": {
      "User": 2,
      "n": 9,
      "EER": 0.020576131688255672,
      "AUC": 0.996342021033379
    },
    "10": {
      "User": 2,
      "n": 10,
      "EER": 0.004878048781465021,
      "AUC": 0.9986991869918699
    }
  },
  "3": {
    "1": {
      "User": 3,
      "n": 1,
      "EER": 0.09939148073023815,
      "AUC": 0.9640825788443457
    },
    "2": {
      "User": 3,
      "n": 2,
      "EER": 0.06276150627615062,
      "AUC": 0.9824185082480275
    },
    "3": {
      "User": 3,
      "n": 3,
      "EER": 0.04846686449040846,
      "AUC": 0.9906767493060209
    },
    "4": {
      "User": 3,
      "n": 4,
      "EER": 0.0405594405592148,
      "AUC": 0.9932192807192808
    },
    "5": {
      "User": 3,
      "n": 5,
      "EER": 0.03917910447869438,
      "AUC": 0.9943600960713672
    },
    "6": {
      "User": 3,
      "n": 6,
      "EER": 0.03649635036491978,
      "AUC": 0.9965241571080987
    },
    "7": {
      "User": 3,
      "n": 7,
      "EER": 0.033639143730444625,
      "AUC": 0.9972528896490954
    },
    "8": {
      "User": 3,
      "n": 8,
      "EER": 0.01960784313725512,
      "AUC": 0.9985888294711824
    },
    "9": {
      "User": 3,
      "n": 9,
      "EER": 0.027027027026494174,
      "AUC": 0.9986139986139987
    },
    "10": {
      "User": 3,
      "n": 10,
      "EER": 0.02777777777777775,
      "AUC": 0.9983393719806763
    }
  },
  "4": {
    "1": {
      "User": 4,
      "n": 1,
      "EER": 0.07142857142857074,
      "AUC": 0.9803919305400587
    },
    "2": {
      "User": 4,
      "n": 2,
      "EER": 0.057288712421618676,
      "AUC": 0.9910797981908828
    },
    "3": {
      "User": 4,
      "n": 3,
      "EER": 0.027100271001213354,
      "AUC": 0.99537611195321
    },
    "4": {
      "User": 4,
      "n": 4,
      "EER": 0.024111675126372918,
      "AUC": 0.9970389170896785
    },
    "5": {
      "User": 4,
      "n": 5,
      "EER": 0.0033613445385741758,
      "AUC": 0.99921968787515
    },
    "6": {
      "User": 4,
      "n": 6,
      "EER": 0.004329004330457742,
      "AUC": 0.9996582365003418
    },
    "7": {
      "User": 4,
      "n": 7,
      "EER": 0.0026809651479070985,
      "AUC": 0.9993813157352032
    },
    "8": {
      "User": 4,
      "n": 8,
      "EER": 0.0,
      "AUC": 1.0
    },
    "9": {
      "User": 4,
      "n": 9,
      "EER": 0.0,
      "AUC": 1.0
    },
    "10": {
      "User": 4,
      "n": 10,
      "EER": 0.0,
      "AUC": 1.0
    }
  },
  "5": {
    "1": {
      "User": 5,
      "n": 1,
      "EER": 0.13432835820895522,
      "AUC": 0.9462240115916922
    },
    "2": {
      "User": 5,
      "n": 2,
      "EER": 0.08597285067804133,
      "AUC": 0.9682943690296631
    },
    "3": {
      "User": 5,
      "n": 3,
      "EER": 0.0566037735849222,
      "AUC": 0.9822339758260015
    },
    "4": {
      "User": 5,
      "n": 4,
      "EER": 0.062499999999912424,
      "AUC": 0.9869889937106918
    },
    "5": {
      "User": 5,
      "n": 5,
      "EER": 0.037037037037100304,
      "AUC": 0.9917971662938105
    },
    "6": {
      "User": 5,
      "n": 6,
      "EER": 0.043103448274689066,
      "AUC": 0.995816430020284
    },
    "7": {
      "User": 5,
      "n": 7,
      "EER": 0.02680965147550023,
      "AUC": 0.9958754382346875
    },
    "8": {
      "User": 5,
      "n": 8,
      "EER": 0.0032679738564637476,
      "AUC": 0.9989106753812637
    },
    "9": {
      "User": 5,
      "n": 9,
      "EER": 0.00395256917110904,
      "AUC": 0.9980237154150198
    },
    "10": {
      "User": 5,
      "n": 10,
      "EER": 0.009389671361812183,
      "AUC": 0.9986586183769283
    }
  },
  "6": {
    "1": {
      "User": 6,
      "n": 1,
      "EER": 0.10633116883157617,
      "AUC": 0.9631021511528121
    },
    "2": {
      "User": 6,
      "n": 2,
      "EER": 0.08143507972688749,
      "AUC": 0.9737482692393586
    },
    "3": {
      "User": 6,
      "n": 3,
      "EER": 0.06690777576927091,
      "AUC": 0.98208257986739
    },
    "4": {
      "User": 6,
      "n": 4,
      "EER": 0.07898089172048561,
      "AUC": 0.9827722171671216
    },
    "5": {
      "User": 6,
      "n": 5,
      "EER": 0.06239460370886724,
      "AUC": 0.9838111298482294
    },
    "6": {
      "User": 6,
      "n": 6,
      "EER": 0.052060737527994824,
      "AUC": 0.98470715835141
    },
    "7": {
      "User": 6,
      "n": 7,
      "EER": 0.07142857142857136,
      "AUC": 0.9844470046082949
    },
    "8": {
      "User": 6,
      "n": 8,
      "EER": 0.07491856677393982,
      "AUC": 0.9833061889250814
    },
    "9": {
      "User": 6,
      "n": 9,
      "EER": 0.046511627907569936,
      "AUC": 0.9832041343669251
    },
    "10": {
      "User": 6,
      "n": 10,