{
  "n": [
    1,
    2,
    3,
    4,
    5,
    6,
    7,
    8,
    9,
    10
  ],
  "avg_eer": [
    0.07856941553296405,
    0.05543950794179494,
    0.04327262480776812,
    0.03174414846998356,
    0.03002390786119317,
    0.027695013075025227,
    0.021551330625732452,
    0.015276145088404294,
    0.008828982573770034,
    0.010806647664916286
  ],
  "avg_auc": [
    0.9727453302526616,
    0.985038260668545,
    0.9905684569666283,
    0.9932172956950701,
    0.9949312801078586,
    0.9960810486024855,
    0.9970335742129931,
    0.9977964890358375,
    0.99839569240939,
    0.9975573612784039
  ]
}