{
  "n": [
    1,
    2,
    3,
    4,
    5,
    6,
    7,
    8,
    9,
    10
  ],
  "avg_eer": [
    0.10108070229858448,
    0.07887799599243829,
    0.06364140266542515,
    0.05405399170361619,
    0.046337960381350525,
    0.03982411688298938,
    0.03706960696208646,
    0.026372306477111696,
    0.021194540417568988,
    0.017115664929291455
  ],
  "avg_auc": [
    0.9607339095472641,
    0.9752718755508216,
    0.9828318903338953,
    0.9871722931505029,
    0.9902669622920698,
    0.9919123664448332,
    0.9928798514815673,
    0.9952442360742519,
    0.9952535179105386,
    0.9966731114667731
  ]
}