{
  "user12": {
    "1": {
      "User": "user12",
      "n": 1,
      "EER": 0.07835051546391757,
      "AUC": 0.9767379619177202
    },
    "2": {
      "User": "user12",
      "n": 2,
      "EER": 0.040000000000096216,
      "AUC": 0.9904463690872751
    },
    "3": {
      "User": "user12",
      "n": 3,
      "EER": 0.029458598725192568,
      "AUC": 0.995841543325849
    },
    "4": {
      "User": "user12",
      "n": 4,
      "EER": 0.029702970297029726,
      "AUC": 0.9973772211658252
    },
    "5": {
      "User": "user12",
      "n": 5,
      "EER": 0.018867924528666022,
      "AUC": 0.9991958576864237
    },
    "6": {
      "User": "user12",
      "n": 6,
      "EER": 0.009293680296634575,
      "AUC": 0.9996213685804765
    },
    "7": {
      "User": "user12",
      "n": 7,
      "EER": 0.018058690743727977,
      "AUC": 0.9994869690129284
    },
    "8": {
      "User": "user12",
      "n": 8,
      "EER": 0.02168021680122256,
      "AUC": 0.9993977717554954
    },
    "9": {
      "User": "user12",
      "n": 9,
      "EER": 0.0,
      "AUC": 1.0
    },
    "10": {
      "User": "user12",
      "n": 10,
      "EER": 0.0038461538476989793,
      "AUC": 0.9998461538461538
    }
  },
  "user15": {
    "1": {
      "User": "user15",
      "n": 1,
      "EER": 0.0640569395018166,
      "AUC": 0.9851986479983538
    },
    "2": {
      "User": "user15",
      "n": 2,
      "EER": 0.033220991815200517,
      "AUC": 0.9924398743609143
    },
    "3": {
      "User": "user15",
      "n": 3,
      "EER": 0.01298701298701296,
      "AUC": 0.9961669589894173
    },
    "4": {
      "User": "user15",
      "n": 4,
      "EER": 0.016771488467965903,
      "AUC": 0.998833115778648
    },
    "5": {
      "User": "user15",
      "n": 5,
      "EER": 0.0013812154706336116,
      "AUC": 0.9998583368749114
    },
    "6": {
      "User": "user15",
      "n": 6,
      "EER": 0.001769911504704299,
      "AUC": 0.9999344477220584
    },
    "7": {
      "User": "user15",
      "n": 7,
      "EER": 0.0,
      "AUC": 1.0
    },
    "8": {
      "User": "user15",
      "n": 8,
      "EER": 0.0,
      "AUC": 1.0
    },
    "9": {
      "User": "user15",
      "n": 9,
      "EER": 0.0,
      "AUC": 1.0
    },
    "10": {
      "User": "user15",
      "n": 10,
      "EER": 0.0,
      "AUC": 1.0
    }
  },
  "user16": {
    "1": {
      "User": "user16",
      "n": 1,
      "EER": 0.08726472745055211,
      "AUC": 0.973366275057876
    },
    "2": {
      "User": "user16",
      "n": 2,
      "EER": 0.05200000000000006,
      "AUC": 0.9888356374807988
    },
    "3": {
      "User": "user16",
      "n": 3,
      "EER": 0.032679738562091526,
      "AUC": 0.9954900908296759
    },
    "4": {
      "User": "user16",
      "n": 4,
      "EER": 0.01851851851851851,
      "AUC": 0.9969822436452025
    },
    "5": {
      "User": "user16",
      "n": 5,
      "EER": 0.014641288433403643,
      "AUC": 0.9984260614934115
    },
    "6": {
      "User": "user16",
      "n": 6,
      "EER": 0.015009380862420527,
      "AUC": 0.999427608356918
    },
    "7": {
      "User": "user16",
      "n": 7,
      "EER": 0.020833333333280697,
      "AUC": 0.9991932422171602
    },
    "8": {
      "User": "user16",
      "n": 8,
      "EER": 0.01373626373588666,
      "AUC": 0.9993969445188958
    },
    "9": {
      "User": "user16",
      "n": 9,
      "EER": 0.0,
      "AUC": 1.0
    },
    "10": {
      "User": "user16",
      "n": 10,
      "EER": 0.0,
      "AUC": 1.0
    }
  },
  "user20": {
    "1": {
      "User": "user20",
      "n": 1,
      "EER": 0.05331340308992889,
      "AUC": 0.9881328180316262
    },
    "2": {
      "User": "user20",
      "n": 2,
      "EER": 0.03408495018368554,
      "AUC": 0.9933805396901885
    },
    "3": {
      "User": "user20",
      "n": 3,
      "EER": 0.02491694352103258,
      "AUC": 0.9973387138856517
    },
    "4": {
      "User": "user20",
      "n": 4,
      "EER": 0.027745664739426926,
      "AUC": 0.9986159732964259
    },
    "5": {
      "User": "user20",
      "n": 5,
      "EER": 0.02147239263886752,
      "AUC": 0.9989913226109545
    },
    "6": {
      "User": "user20",
      "n": 6,
      "EER": 0.01383399209580016,
      "AUC": 0.999172718080706
    },
    "7": {
      "User": "user20",
      "n": 7,
      "EER": 0.013513513513513502,
      "AUC": 0.9996400759112624
    },
    "8": {
      "User": "user20",
      "n": 8,
      "EER": 0.011764705882126813,
      "AUC": 0.9998190045248869
    },
    "9": {
      "User": "user20",
      "n": 9,
      "EER": 0.0,
      "AUC": 1.0
    },
    "10": {
      "User": "user20",
      "n": 10,
      "EER": 0.004237288136347914,
      "AUC": 0.9999135247319266
    }
  },
  "user21": {
    "1": {
      "User": "user21",
      "n": 1,
      "EER": 0.05158730158730157,
      "AUC": 0.990807635029603
    },
    "2": {
      "User": "user21",
      "n": 2,
      "EER": 0.034782608695650724,
      "AUC": 0.9969057138097618
    },
    "3": {
      "User": "user21",
      "n": 3,
      "EER": 0.007552870089841993,
      "AUC": 0.9996489511084634
    },
    "4": {
      "User": "user21",
      "n": 4,
      "EER": 0.006256517206037756,
      "AUC": 0.9997827598192562
    },
    "5": {
      "User": "user21",
      "n": 5,
      "EER": 0.0,
      "AUC": 1.0
    },
    "6": {
      "User": "user21",
      "n": 6,
      "EER": 0.0,
      "AUC": 1.0
    },
    "7": {
      "User": "user21",
      "n": 7,
      "EER": 0.0,
      "AUC": 1.0
    },
    "8": {
      "User": "user21",
      "n": 8,
      "EER": 0.0,
      "AUC": 1.0
    },
    "9": {
      "User": "user21",
      "n": 9,
      "EER": 0.0,
      "AUC": 1.0
    },
    "10": {
      "User": "user21",
      "n": 10,
      "EER": 0.0,
      "AUC": 1.0
    }
  },
  "user23": {
    "1": {
      "User": "user23",
      "n": 1,
      "EER": 0.09639104613870335,
      "AUC": 0.9693662050940245
    },
    "2": {
      "User": "user23",
      "n": 2,
      "EER": 0.0701754385968323,
      "AUC": 0.9834009389198223
    },
    "3": {
      "User": "user23",
      "n": 3,
      "EER": 0.07246376811594199,
      "AUC": 0.9863379019389249
    },
    "4": {
      "User": "user23",
      "n": 4,
      "EER": 0.059999999999939053,
      "AUC": 0.9924764890282132
    },
    "5": {
      "User": "user23",
      "n": 5,
      "EER": 0.03415300546540909,
      "AUC": 0.9949321346730126
    },
    "6": {
      "User": "user23",
      "n": 6,
      "EER": 0.015929203540587446,
      "AUC": 0.9987545067191085
    },
    "7": {
      "User": "user23",
      "n": 7,
      "EER": 0.004264392324811434,
      "AUC": 0.9997630893153281
    },
    "8": {
      "User": "user23",
      "n": 8,
      "EER": 0.0,
      "AUC": 1.0
    },
    "9": {
      "User": "user23",
      "n": 9,
      "EER": 0.0,
      "AUC": 1.0
    },
    "10": {
      "User": "user23",
      "n": 10,
      "EER": 0.0,
      "AUC": 1.0
    }
  },
  "user29": {
    "1": {
      "User": "user29",
      "n": 1,
      "EER": 0.06825938566557584,
      "AUC": 0.979623099077024
    },
    "2": {
      "User": "user29",
      "n": 2,
      "EER": 0.044444444444484574,
      "AUC": 0.991578909664016
    },
    "3": {
      "User": "user29",
      "n": 3,
      "EER": 0.02409638554218115,
      "AUC": 0.9972175286511902
    },
    "4": {
      "User": "user29",
      "n": 4,
      "EER": 0.03448275862070521,
      "AUC": 0.9969659532720468
    },
    "5": {
      "User": "user29",
      "n": 5,
      "EER": 0.012482662967984469,
      "AUC": 0.9992074499702793
    },
    "6": {
      "User": "user29",
      "n": 6,
      "EER": 0.019642857141854927,
      "AUC": 0.9991629464285714
    },
    "7": {
      "User": "user29",
      "n": 7,
      "EER": 0.0,
      "AUC": 1.0
    },
    "8": {
      "User": "user29",
      "n": 8,
      "EER": 0.0,
      "AUC": 1.0
    },
    "9": {
      "User": "user29",
      "n": 9,
      "EER": 0.0,
      "AUC": 1.0
    },
    "10": {
      "User": "user29",