{
  "n": [
    1,
    2,
    3,
    4,
    5,
    6,
    7,
    8,
    9,
    10,
    11,
    12,
    13,
    14,
    15,
    16,
    17,
    18,
    19,
    20,
    21,
    22,
    23,
    24,
    25,
    26,
    27,
    28,
    29,
    30
  ],
  "avg_eer": [
    0.13066237213771315,
    0.10175827942949127,
    0.08534278259452614,
    0.07676368691407966,
    0.06800234058281587,
    0.06194136274873922,
    0.059718987771388864,
    0.05530351165591121,
    0.05280311242906434,
    0.053311669966741505,
    0.049813751069206984,
    0.04147930949984177,
    0.04392117060382052,
    0.050078661093499136,
    0.048349170618849795,
    0.051340571037126005,
    0.04200257846611525,
    0.034349565712472344,
    0.030117448252601115,
    0.027620038496514017,
    0.025365905563628954,
    0.02243706989209269,
    0.01883563227759227,
    0.01976066251774456,
    0.015050508681952202,
    0.01139838042022593,
    0.006835627918902588,
    0.006606533322388468,
    0.008490825433339936,
    0.004600665262208367
  ],
  "avg_auc": [
    0.9396691672610279,
    0.9599943261451603,
    0.9697770651358271,
    0.9753666662140856,
    0.9793969303614191,
    0.9814351396567014,
    0.9834070871750731,
    0.9837270268621495,
    0.9868697921515924,
    0.9865027625385094,
    0.9870391466911279,
    0.9892816751021817,
    0.9897785450684242,
    0.9892067912581398,
    0.9893006464394036,
    0.9893795161772683,
    0.9905524383807952,
    0.9924853202860368,
    0.9931758457489472,
    0.9933194279026376,
    0.9939287513198796,
    0.9931765402430036,
    0.9947386043508963,
    0.9947043639878593,
    0.9959788379081338,
    0.9959139753580102,
    0.997952646993163,
    0.9974226704981884,
    0.9972852307506319,
    0.9988412242337155
  ]
}