{
  "n": [
    1,
    2,
    3,
    4,
    5,
    6,
    7,
    8,
    9,
    10,
    11,
    12,
    13,
    14,
    15,
    16,
    17,
    18,
    19,
    20,
    21,
    22,
    23,
    24,
    25,
    26,
    27,
    28,
    29,
    30
  ],
  "avg_eer": [
    0.15007487960055638,
    0.12164505139606971,
    0.10712669579897793,
    0.09773649888890028,
    0.08558833630635758,
    0.08392730012117393,
    0.07923621037987609,
    0.07546366488704338,
    0.06972011657915754,
    0.07253914330777873,
    0.06956435104145108,
    0.06142817304047997,
    0.06413839991984371,
    0.06678456921926143,
    0.0628262456066265,
    0.06363100155242744,
    0.06028886353230127,
    0.05572726597015173,
    0.056040080584735155,
    0.04741464656866846,
    0.044831292060750316,
    0.042858089031771705,
    0.03544116352937897,
    0.03247829925261929,
    0.024881744190538034,
    0.01730348107819985,
    0.010492645042488896,
    0.010546257359978781,
    0.011182495879140704,
    0.00925017090392457
  ],
  "avg_auc": [
    0.9242959110749652,
    0.9461005231543884,
    0.9580696407526936,
    0.9640106911051785,
    0.9695448264212925,
    0.972062910149007,
    0.9750974466916482,
    0.9752692868689058,
    0.9788495327442602,
    0.9791371635963511,
    0.9794067087483576,
    0.9823729412910843,
    0.9836590602339736,
    0.9826404728438438,
    0.9832217972416759,
    0.9828240724672253,
    0.9846770522370554,
    0.9870945669064108,
    0.9880535678427341,
    0.9892215253332577,
    0.9896381951865797,
    0.9878993234357356,
    0.9910869585726714,
    0.9908031876793192,
    0.993610653541313,
    0.9944435525334997,
    0.9969243318628195,
    0.9959887133284747,
    0.9963924201665486,
    0.9971767133295136
  ]
}