{
  "n": [
    1,
    2,
    3,
    4,
    5,
    6,
    7,
    8,
    9,
    10,
    11,
    12,
    13,
    14,
    15,
    16,
    17,
    18,
    19,
    20,
    21,
    22,
    23,
    24,
    25,
    26,
    27,
    28,
    29,
    30
  ],
  "avg_eer": [
    0.07941022556825285,
    0.056476351247856715,
    0.04168928295217418,
    0.036559074372955004,
    0.02949715778384655,
    0.028727750397573464,
    0.02229613189038404,
    0.019056066572021208,
    0.009867075646283674,
    0.011194543941930485,
    0.0029184016365384957,
    0.0017194244605939664,
    0.004197623296938175,
    0.0014285714285806122,
    0.0027027027026755458,
    0.002941176470541782,
    0.002040816326570087,
    0.0021739130434815313,
    0.00434782608695651,
    0.0046511627906170765,
    0.0026315789473550467,
    0.0,
    0.0,
    0.0,
    0.0,
    0.0,
    0.0,
    0.0,
    0.0,
    0.0
  ],
  "avg_auc": [
    0.9727793857934811,
    0.9844368295465081,
    0.9898072197690144,
    0.9928136342220345,
    0.9949202058828126,
    0.9957143636465948,
    0.9971008406744707,
    0.9972947674891067,
    0.9978603349950094,
    0.9971842968340517,
    0.9993995842713792,
    0.9997117306155076,
    0.9995740126264199,
    0.9997802197802198,
    0.9998648648648649,
    0.9998366013071894,
    0.9998592540464462,
    0.9998327759197325,
    0.999604743083004,
    0.9995348837209302,
    0.9998614958448753,
    1.0,
    1.0,
    1.0,
    1.0,
    1.0,
    1.0,
    1.0,
    1.0,
    1.0
  ]
}