{
  "user12": {
    "1": {
      "User": "user12",
      "n": 1,
      "EER": 0.11896431070824963,
      "AUC": 0.9513213690776842
    },
    "2": {
      "User": "user12",
      "n": 2,
      "EER": 0.0798442064278444,
      "AUC": 0.9737634227154875
    },
    "3": {
      "User": "user12",
      "n": 3,
      "EER": 0.06254767353165848,
      "AUC": 0.9850015227589598
    },
    "4": {
      "User": "user12",
      "n": 4,
      "EER": 0.04574468085041046,
      "AUC": 0.9894906511927789
    },
    "5": {
      "User": "user12",
      "n": 5,
      "EER": 0.044880785412793556,
      "AUC": 0.9934245277863791
    },
    "6": {
      "User": "user12",
      "n": 6,
      "EER": 0.04032258064516124,
      "AUC": 0.9935111442158941
    },
    "7": {
      "User": "user12",
      "n": 7,
      "EER": 0.02941176470588231,
      "AUC": 0.9972109533468559
    },
    "8": {
      "User": "user12",
      "n": 8,
      "EER": 0.023809523809523864,
      "AUC": 0.9976694381456286
    },
    "9": {
      "User": "user12",
      "n": 9,
      "EER": 0.025723472668559205,
      "AUC": 0.9979849946409431
    },
    "10": {
      "User": "user12",
      "n": 10,
      "EER": 0.022813688213679604,
      "AUC": 0.9975641634980988
    },
    "11": {
      "User": "user12",
      "n": 11,
      "EER": 0.0220264317178731,
      "AUC": 0.998898678414097
    },
    "12": {
      "User": "user12",
      "n": 12,
      "EER": 0.01010101010190947,
      "AUC": 0.999647639182523
    },
    "13": {
      "User": "user12",
      "n": 13,
      "EER": 0.0,
      "AUC": 1.0
    },
    "14": {
      "User": "user12",
      "n": 14,
      "EER": 0.0,
      "AUC": 1.0
    },
    "15": {
      "User": "user12",
      "n": 15,
      "EER": 0.0,
      "AUC": 1.0
    }
  },
  "user15": {
    "1": {
      "User": "user15",
      "n": 1,
      "EER": 0.12535303063352693,
      "AUC": 0.948664805522865
    },
    "2": {
      "User": "user15",
      "n": 2,
      "EER": 0.08118081180812182,
      "AUC": 0.9728273029336629
    },
    "3": {
      "User": "user15",
      "n": 3,
      "EER": 0.06723283793395723,
      "AUC": 0.9840950571758482
    },
    "4": {
      "User": "user15",
      "n": 4,
      "EER": 0.04838709677427824,
      "AUC": 0.9902891773239167
    },
    "5": {
      "User": "user15",
      "n": 5,
      "EER": 0.04675324675233977,
      "AUC": 0.994149149819253
    },
    "6": {
      "User": "user15",
      "n": 6,
      "EER": 0.03431372548962604,
      "AUC": 0.9957952069716776
    },
    "7": {
      "User": "user15",
      "n": 7,
      "EER": 0.029821073557134883,
      "AUC": 0.9960869702420398
    },
    "8": {
      "User": "user15",
      "n": 8,
      "EER": 0.0200000000000053,
      "AUC": 0.9989320388349515
    },
    "9": {
      "User": "user15",
      "n": 9,
      "EER": 0.014409221900539173,
      "AUC": 0.9993349589891376
    },
    "10": {
      "User": "user15",
      "n": 10,
      "EER": 0.003424657535087901,
      "AUC": 0.9999021526418786
    },
    "11": {
      "User": "user15",
      "n": 11,
      "EER": 0.0,
      "AUC": 1.0
    },
    "12": {
      "User": "user15",
      "n": 12,
      "EER": 0.0,
      "AUC": 1.0
    },
    "13": {
      "User": "user15",
      "n": 13,
      "EER": 0.0,
      "AUC": 1.0
    },
    "14": {
      "User": "user15",
      "n": 14,
      "EER": 0.006211180125106686,
      "AUC": 0.9997176736307171
    },
    "15": {
      "User": "user15",
      "n": 15,
      "EER": 0.0071942446049479865,
      "AUC": 0.9996402877697842
    }
  },
  "user16": {
    "1": {
      "User": "user16",
      "n": 1,
      "EER": 0.13372754150550326,
      "AUC": 0.9396758901929995
    },
    "2": {
      "User": "user16",
      "n": 2,
      "EER": 0.09264305177065668,
      "AUC": 0.968327150771166
    },
    "3": {
      "User": "user16",
      "n": 3,
      "EER": 0.06083086053452639,
      "AUC": 0.9785023638283961
    },
    "4": {
      "User": "user16",
      "n": 4,
      "EER": 0.07058823529411766,
      "AUC": 0.9867343218279048
    },
    "5": {
      "User": "user16",
      "n": 5,
      "EER": 0.04032258064526952,
      "AUC": 0.9908826466374332
    },
    "6": {
      "User": "user16",
      "n": 6,
      "EER": 0.037351443123586195,
      "AUC": 0.9918228751602509
    },
    "7": {
      "User": "user16",
      "n": 7,
      "EER": 0.025000000000066646,
      "AUC": 0.995190329218107
    },
    "8": {
      "User": "user16",
      "n": 8,
      "EER": 0.020304568527965673,
      "AUC": 0.9966781128695132
    },
    "9": {
      "User": "user16",
      "n": 9,
      "EER": 0.03323262839753299,
      "AUC": 0.9959901126064268
    },
    "10": {
      "User": "user16",
      "n": 10,
      "EER": 0.023255813953491515,
      "AUC": 0.9977890599410416
    },
    "11": {
      "User": "user16",
      "n": 11,
      "EER": 0.012295081967762064,
      "AUC": 0.998711943793911
    },
    "12": {
      "User": "user16",
      "n": 12,
      "EER": 0.01923076923049966,
      "AUC": 0.9985431235431235
    },
    "13": {
      "User": "user16",
      "n": 13,
      "EER": 0.011235955056805509,
      "AUC": 0.9992251065478497
    },
    "14": {
      "User": "user16",
      "n": 14,
      "EER": 0.00641025641044557,
      "AUC": 0.9992877492877493
    },
    "15": {
      "User": "user16",
      "n": 15,
      "EER": 0.007352941176841348,
      "AUC": 0.9990409207161126
    }
  },
  "user20": {
    "1": {
      "User": "user20",
      "n": 1,
      "EER": 0.01975308641976063,
      "AUC": 0.998013899589861
    },
    "2": {
      "User": "user20",
      "n": 2,
      "EER": 0.00831146106639413,
      "AUC": 0.9998631581308747
    },
    "3": {
      "User": "user20",
      "n": 3,
      "EER": 0.008000000000001931,
      "AUC": 0.9998355037697053
    },
    "4": {
      "User": "user20",
      "n": 4,
      "EER": 0.0,
      "AUC": 1.0
    },
    "5": {
      "User": "user20",
      "n": 5,
      "EER": 0.0,
      "AUC": 1.0
    },
    "6": {
      "User": "user20",
      "n": 6,
      "EER": 0.0,
      "AUC": 1.0
    },
    "7": {
      "User": "user20",
      "n": 7,
      "EER": 0.0,
      "AUC": 1.0
    },
    "8": {
      "User": "user20",
      "n": 8,
      "EER": 0.0,
      "AUC": 1.0
    },
    "9": {
      "User": "user20",
      "n": 9,
      "EER": 0.0,
      "AUC": 1.0
    },
    "10": {
      "User": "user20",
      "n": 10,
      "EER": 0.0,
      "AUC": 1.0
    },
    "11": {
      "User": "user20",
      "n": 11,
      "EER": 0.0,
      "AUC": 1.0
    },
    "12": {
      "User": "user20",
      "n": 12,
      "EER": 0.0,
      "AUC": 1.0
    },
    "13": {
      "User": "user20",
      "n": 13,
      "EER": 0.0,
      "AUC": 1.0
    },
    "14": {
      "User": "user20",
      "n": 14,
      "EER": 0.0,
      "AUC": 1.0
    },
    "15": {
      "User": "user20",
      "n": 15,
      "EER": 0.0,
      "AUC": 1.0
    }
  },
  "user21": {
    "1": {
      "User": "user21",
      "n": 1,
      "EER": 0.0664136622390905,
      "AUC": 0.9808264029244191
    },
    "2": {
      "User": "user21",
      "n": 2,
      "EER": 0.05343511450439906,
      "AUC": 0.989681044023067
    },
    "3": {
      "User": "user21",
      "n": 3,
      "EER": 0.03726708074534329,
      "AUC": 0.9932606731470125
    },
    "4": {
      "User": "user21",
      "n": 4,
      "EER": 0.03478260869556164,
      "AUC": 0.9958859280037401
    },
    "5": {
      "User": "user21",
      "n": 5,
      "EER": 0.03296703296715215,
      "AUC": 0.996148181715192
    },
    "6": {
      "User": "user21",
      "n": 6,
      "EER": 0.028571428571428543,
      "AUC": 0.9976383422088446
    },
    "7": {
      "User": "user21",
      "n": 7,
      "EER": 0.023715415020435435,
      "AUC": 0.9973978919631094
    },
    "8": {
      "User": "user21",
      "n": 8,
      "EER": 0.020408163265687937,
      "AUC": 0.9979245935662401
    },
    "9": {
      "User": "user21",
      "n": 9,
      "EER": 0.023255813953488413,