{
    "user12": {
      "1": {
        "User": "user12",
        "n": 1,
        "EER": 0.11219967343229262,
        "AUC": 0.9573785029067488
      },
      "2": {
        "User": "user12",
        "n": 2,
        "EER": 0.07594936708916722,
        "AUC": 0.9753722102757172
      },
      "3": {
        "User": "user12",
        "n": 3,
        "EER": 0.058608058608058594,
        "AUC": 0.984688588807582
      },
      "4": {
        "User": "user12",
        "n": 4,
        "EER": 0.05212765957574671,
        "AUC": 0.988410702772405
      },
      "5": {
        "User": "user12",
        "n": 5,
        "EER": 0.045454545454533465,
        "AUC": 0.9917852133840914
      },
      "6": {
        "User": "user12",
        "n": 6,
        "EER": 0.03552397868600579,
        "AUC": 0.9942416776485418
      },
      "7": {
        "User": "user12",
        "n": 7,
        "EER": 0.03879310344666248,
        "AUC": 0.9974433739012847
      },
      "8": {
        "User": "user12",
        "n": 8,
        "EER": 0.02645502645551363,
        "AUC": 0.9974489795918368
      },
      "9": {
        "User": "user12",
        "n": 9,
        "EER": 0.022508038584665848,
        "AUC": 0.9980278670953912
      },
      "10": {
        "User": "user12",
        "n": 10,
        "EER": 0.015625000000000142,
        "AUC": 0.9981582699619772
      },
      "11": {
        "User": "user12",
        "n": 11,
        "EER": 0.013215859030174278,
        "AUC": 0.9991528295493053
      },
      "12": {
        "User": "user12",
        "n": 12,
        "EER": 0.005050505050772028,
        "AUC": 0.9998825463941743
      },
      "13": {
        "User": "user12",
        "n": 13,
        "EER": 0.0,
        "AUC": 1.0
      },
      "14": {
        "User": "user12",
        "n": 14,
        "EER": 0.0,
        "AUC": 1.0
      },
      "15": {
        "User": "user12",
        "n": 15,
        "EER": 0.0,
        "AUC": 1.0
      }
    },
    "user15": {
      "1": {
        "User": "user15",
        "n": 1,
        "EER": 0.12231153595366347,
        "AUC": 0.9544259866172685
      },
      "2": {
        "User": "user15",
        "n": 2,
        "EER": 0.08235294117551024,
        "AUC": 0.9732046551234743
      },
      "3": {
        "User": "user15",
        "n": 3,
        "EER": 0.0701754385964912,
        "AUC": 0.9835859996771831
      },
      "4": {
        "User": "user15",
        "n": 4,
        "EER": 0.056451612903223015,
        "AUC": 0.9898915187376726
      },
      "5": {
        "User": "user15",
        "n": 5,
        "EER": 0.04123711340204413,
        "AUC": 0.9938010443165082
      },
      "6": {
        "User": "user15",
        "n": 6,
        "EER": 0.027777777777964398,
        "AUC": 0.9966884531590414
      },
      "7": {
        "User": "user15",
        "n": 7,
        "EER": 0.03379721670040668,
        "AUC": 0.9965287639243903
      },
      "8": {
        "User": "user15",
        "n": 8,
        "EER": 0.03883495145502737,
        "AUC": 0.9973300970873786
      },
      "9": {
        "User": "user15",
        "n": 9,
        "EER": 0.02564102564102918,
        "AUC": 0.9971920490652479
      },
      "10": {
        "User": "user15",
        "n": 10,
        "EER": 0.028571428571428577,
        "AUC": 0.9984344422700587
      },
      "11": {
        "User": "user15",
        "n": 11,
        "EER": 0.016064257029327986,
        "AUC": 0.9994645247657296
      },
      "12": {
        "User": "user15",
        "n": 12,
        "EER": 0.009345794393360762,
        "AUC": 0.9996538594669436
      },
      "13": {
        "User": "user15",
        "n": 13,
        "EER": 0.005494505494977594,
        "AUC": 0.9997802197802198
      },
      "14": {
        "User": "user15",
        "n": 14,
        "EER": 0.006211180125106686,
        "AUC": 0.9997176736307171
      },
      "15": {
        "User": "user15",
        "n": 15,
        "EER": 0.0071942446049479865,
        "AUC": 0.9996402877697842
      }
    },
    "user16": {
      "1": {
        "User": "user16",
        "n": 1,
        "EER": 0.12385919165580613,
        "AUC": 0.9521810088008923
      },
      "2": {
        "User": "user16",
        "n": 2,
        "EER": 0.07521286660431242,
        "AUC": 0.9747859733604181
      },
      "3": {
        "User": "user16",
        "n": 3,
        "EER": 0.07203389830507317,
        "AUC": 0.9808756223909874
      },
      "4": {
        "User": "user16",
        "n": 4,
        "EER": 0.05294117647062618,
        "AUC": 0.9874696159455518
      },
      "5": {
        "User": "user16",
        "n": 5,
        "EER": 0.04710632570554299,
        "AUC": 0.9918595059262797
      },
      "6": {
        "User": "user16",
        "n": 6,
        "EER": 0.037351443123251504,
        "AUC": 0.993572641280621
      },
      "7": {
        "User": "user16",
        "n": 7,
        "EER": 0.034979423867370206,
        "AUC": 0.9944444444444445
      },
      "8": {
        "User": "user16",
        "n": 8,
        "EER": 0.02030456852873587,
        "AUC": 0.9954837264855181
      },
      "9": {
        "User": "user16",
        "n": 9,
        "EER": 0.018181818181818285,
        "AUC": 0.9956056028563581
      },
      "10": {
        "User": "user16",
        "n": 10,
        "EER": 0.014084507041207887,
        "AUC": 0.9970520799213888
      },
      "11": {
        "User": "user16",
        "n": 11,
        "EER": 0.008196721312554292,
        "AUC": 0.9978922716627635
      },
      "12": {
        "User": "user16",
        "n": 12,
        "EER": 0.009615384615424358,
        "AUC": 0.9982517482517483
      },
      "13": {
        "User": "user16",
        "n": 13,
        "EER": 0.011235955056369422,
        "AUC": 0.9980627663696241
      },
      "14": {
        "User": "user16",
        "n": 14,
        "EER": 0.0064102564109419285,
        "AUC": 0.9978632478632479
      },
      "15": {
        "User": "user16",
        "n": 15,
        "EER": 0.0073529411773616896,
        "AUC": 0.9974424552429668
      }
    },
    "user20": {
      "1": {
        "User": "user20",
        "n": 1,
        "EER": 0.01728395061728391,
        "AUC": 0.9986608868446789
      },
      "2": {
        "User": "user20",
        "n": 2,
        "EER": 0.003062117233903738,
        "AUC": 0.9999416739574221
      },
      "3": {
        "User": "user20",
        "n": 3,
        "EER": 0.0,
        "AUC": 1.0
      },
      "4": {
        "User": "user20",
        "n": 4,
        "EER": 0.0,
        "AUC": 1.0
      },
      "5": {
        "User": "user20",
        "n": 5,
        "EER": 0.0,
        "AUC": 1.0
      },
      "6": {
        "User": "user20",
        "n": 6,
        "EER": 0.0,
        "AUC": 1.0
      },
      "7": {
        "User": "user20",
        "n": 7,
        "EER": 0.0,
        "AUC": 1.0
      },
      "8": {
        "User": "user20",
        "n": 8,
        "EER": 0.0,
        "AUC": 1.0
      },
      "9": {
        "User": "user20",
        "n": 9,
        "EER": 0.0,
        "AUC": 1.0
      },
      "10": {
        "User": "user20",
        "n": 10,
        "EER": 0.0,
        "AUC": 1.0
      },
      "11": {
        "User": "user20",
        "n": 11,
        "EER": 0.0,
        "AUC": 1.0
      },
      "12": {
        "User": "user20",
        "n": 12,
        "EER": 0.0,
        "AUC": 1.0
      },
      "13": {
        "User": "user20",
        "n": 13,
        "EER": 0.0,
        "AUC": 1.0
      },
      "14": {
        "User": "user20",
        "n": 14,
        "EER": 0.0,
        "AUC": 1.0
      },
      "15": {
        "User": "user20",
        "n": 15,
        "EER": 0.0,
        "AUC": 1.0
      }
    },
    "user21": {
      "1": {
        "User": "user21",
        "n": 1,
        "EER": 0.06831119544546949,
        "AUC": 0.9822015722885674
      },
      "2": {
        "User": "user21",
        "n": 2,
        "EER": 0.049393803322699194,
        "AUC": 0.9888925817366678
      },