{
  "user12": {
    "1": {
      "User": "user12",
      "n": 1,
      "EER": 0.12314709236030816,
      "AUC": 0.9469433590295392
    },
    "2": {
      "User": "user12",
      "n": 2,
      "EER": 0.1022395326188736,
      "AUC": 0.9655735424567133
    },
    "3": {
      "User": "user12",
      "n": 3,
      "EER": 0.07692307692309044,
      "AUC": 0.9766780384629357
    },
    "4": {
      "User": "user12",
      "n": 4,
      "EER": 0.07446808510633887,
      "AUC": 0.9819471308833011
    },
    "5": {
      "User": "user12",
      "n": 5,
      "EER": 0.0714285714285637,
      "AUC": 0.984608659222965
    },
    "6": {
      "User": "user12",
      "n": 6,
      "EER": 0.04838709677419362,
      "AUC": 0.9879963330086518
    },
    "7": {
      "User": "user12",
      "n": 7,
      "EER": 0.058823529411763,
      "AUC": 0.9904707572684246
    },
    "8": {
      "User": "user12",
      "n": 8,
      "EER": 0.050264550264399147,
      "AUC": 0.9928193499622071
    },
    "9": {
      "User": "user12",
      "n": 9,
      "EER": 0.04000000000000085,
      "AUC": 0.992325830653805
    },
    "10": {
      "User": "user12",
      "n": 10,
      "EER": 0.04562737642697762,
      "AUC": 0.9945936311787071
    },
    "11": {
      "User": "user12",
      "n": 11,
      "EER": 0.044052863436149135,
      "AUC": 0.9968654693324297
    },
    "12": {
      "User": "user12",
      "n": 12,
      "EER": 0.03535353535449971,
      "AUC": 0.9962414846135776
    },
    "13": {
      "User": "user12",
      "n": 13,
      "EER": 0.029411764706376048,
      "AUC": 0.9957074721780604
    },
    "14": {
      "User": "user12",
      "n": 14,
      "EER": 0.03378378378388971,
      "AUC": 0.994980694980695
    },
    "15": {
      "User": "user12",
      "n": 15,
      "EER": 0.023622047242764427,
      "AUC": 0.9970472440944882
    }
  },
  "user15": {
    "1": {
      "User": "user15",
      "n": 1,
      "EER": 0.14973262032085588,
      "AUC": 0.9356958551793124
    },
    "2": {
      "User": "user15",
      "n": 2,
      "EER": 0.10332103321033223,
      "AUC": 0.9605366415655108
    },
    "3": {
      "User": "user15",
      "n": 3,
      "EER": 0.0962491153588195,
      "AUC": 0.9709837225760792
    },
    "4": {
      "User": "user15",
      "n": 4,
      "EER": 0.06451612903225819,
      "AUC": 0.9825189285487053
    },
    "5": {
      "User": "user15",
      "n": 5,
      "EER": 0.06233766233857423,
      "AUC": 0.9870129870129869
    },
    "6": {
      "User": "user15",
      "n": 6,
      "EER": 0.05333333333333347,
      "AUC": 0.99119825708061
    },
    "7": {
      "User": "user15",
      "n": 7,
      "EER": 0.05964214711663898,
      "AUC": 0.9916059200353434
    },
    "8": {
      "User": "user15",
      "n": 8,
      "EER": 0.040000000000000084,
      "AUC": 0.9958252427184466
    },
    "9": {
      "User": "user15",
      "n": 9,
      "EER": 0.051282051282003124,
      "AUC": 0.9952708194783123
    },
    "10": {
      "User": "user15",
      "n": 10,
      "EER": 0.028571428571428616,
      "AUC": 0.9981409001956948
    },
    "11": {
      "User": "user15",
      "n": 11,
      "EER": 0.020080321284456717,
      "AUC": 0.9990629183400267
    },
    "12": {
      "User": "user15",
      "n": 12,
      "EER": 0.02336448597966981,
      "AUC": 0.9989615784008308
    },
    "13": {
      "User": "user15",
      "n": 13,
      "EER": 0.027472527473056056,
      "AUC": 0.9973626373626373
    },
    "14": {
      "User": "user15",
      "n": 14,
      "EER": 0.018633540373719205,
      "AUC": 0.9980237154150198
    },
    "15": {
      "User": "user15",
      "n": 15,
      "EER": 0.02158273381340564,
      "AUC": 0.9978417266187051
    }
  },
  "user16": {
    "1": {
      "User": "user16",
      "n": 1,
      "EER": 0.15237662042243177,
      "AUC": 0.9323122112119232
    },
    "2": {
      "User": "user16",
      "n": 2,
      "EER": 0.1097445600765642,
      "AUC": 0.9582013255344544
    },
    "3": {
      "User": "user16",
      "n": 3,
      "EER": 0.09495548961499232,
      "AUC": 0.9682800633707188
    },
    "4": {
      "User": "user16",
      "n": 4,
      "EER": 0.09411764705882357,
      "AUC": 0.9764645114244044
    },
    "5": {
      "User": "user16",
      "n": 5,
      "EER": 0.07806191117229379,
      "AUC": 0.9819389571484393
    },
    "6": {
      "User": "user16",
      "n": 6,
      "EER": 0.061224489795917846,
      "AUC": 0.9835244794012682
    },
    "7": {
      "User": "user16",
      "n": 7,
      "EER": 0.05349794238710787,
      "AUC": 0.9876286008230453
    },
    "8": {
      "User": "user16",
      "n": 8,
      "EER": 0.05583756345158667,
      "AUC": 0.9863392057330547
    },
    "9": {
      "User": "user16",
      "n": 9,
      "EER": 0.054545454545430694,
      "AUC": 0.9877506179620983
    },
    "10": {
      "User": "user16",
      "n": 10,
      "EER": 0.028169014084719113,
      "AUC": 0.9930396331477236
    },
    "11": {
      "User": "user16",
      "n": 11,
      "EER": 0.0327868852462088,
      "AUC": 0.9944964871194379
    },
    "12": {
      "User": "user16",
      "n": 12,
      "EER": 0.048076923076435484,
      "AUC": 0.9941724941724941
    },
    "13": {
      "User": "user16",
      "n": 13,
      "EER": 0.0344827586206423,
      "AUC": 0.9963192561022859
    },
    "14": {
      "User": "user16",
      "n": 14,
      "EER": 0.03205128205212014,
      "AUC": 0.99667616334283
    },
    "15": {
      "User": "user16",
      "n": 15,
      "EER": 0.007352941176696111,
      "AUC": 0.9980818414322251
    }
  },
  "user20": {
    "1": {
      "User": "user20",
      "n": 1,
      "EER": 0.05432098765432075,
      "AUC": 0.9897711678197775
    },
    "2": {
      "User": "user20",
      "n": 2,
      "EER": 0.030769230769230795,
      "AUC": 0.9957534154384549
    },
    "3": {
      "User": "user20",
      "n": 3,
      "EER": 0.02947224125991976,
      "AUC": 0.9972200137080192
    },
    "4": {
      "User": "user20",
      "n": 4,
      "EER": 0.02173913043478203,
      "AUC": 0.9982542189708206
    },
    "5": {
      "User": "user20",
      "n": 5,
      "EER": 0.020050125314126116,
      "AUC": 0.9987468671679198
    },
    "6": {
      "User": "user20",
      "n": 6,
      "EER": 0.011058451815592889,
      "AUC": 0.9997074483646363
    },
    "7": {
      "User": "user20",
      "n": 7,
      "EER": 0.019230769229021,
      "AUC": 0.9992892976588629
    },
    "8": {
      "User": "user20",
      "n": 8,
      "EER": 0.0023640661947734558,
      "AUC": 0.9996969145905316
    },
    "9": {
      "User": "user20",
      "n": 9,
      "EER": 0.00280112044912792,
      "AUC": 0.9996136385588719
    },
    "10": {
      "User": "user20",
      "n": 10,
      "EER": 0.0,
      "AUC": 1.0
    },
    "11": {
      "User": "user20",
      "n": 11,
      "EER": 0.0,
      "AUC": 1.0
    },
    "12": {
      "User": "user20",
      "n": 12,
      "EER": 0.0,
      "AUC": 1.0
    },
    "13": {
      "User": "user20",
      "n": 13,
      "EER": 0.0,
      "AUC": 1.0
    },
    "14": {
      "User": "user20",
      "n": 14,
      "EER": 0.0,
      "AUC": 1.0
    },
    "15": {
      "User": "user20",
      "n": 15,
      "EER": 0.0,
      "AUC": 1.0
    }
  },
  "user21": {
    "1": {
      "User": "user21",
      "n": 1,
      "EER": 0.07969639468683899,
      "AUC": 0.9712435942397162
    },
    "2": {
      "User": "user21",
      "n": 2,
      "EER": 0.06421194431866863,
      "AUC": 0.9819007244660201
    },
    "3": {
      "User": "user21",
      "n": 3,
      "EER": 0.054813773715937375,
      "AUC": 0.9857094843803879
    },
    "4": {
      "User": "user21",
      "n": 4,
      "EER": 0.0420332355816084,
      "AUC": 0.9887798036465638
    },
    "5": {
      "User": "user21",
      "n": 5,
      "EER": 0.03479381443383813,
      "AUC": 0.9903421320947093
    },
    "6": {
      "User": "user21",
      "n": 6,
      "EER": 0.02857142857142863,