{
  "n": [
    1,
    2,
    3,
    4,
    5,
    6,
    7,
    8,
    9,
    10,
    11,
    12,
    13,
    14,
    15,
    16,
    17,
    18,
    19,
    20,
    21,
    22,
    23,
    24,
    25,
    26,
    27,
    28,
    29,
    30,
    31,
    32,
    33,
    34,
    35,
    36,
    37,
    38,
    39,
    40,
    41,
    42,
    43,
    44,
    45,
    46,
    47,
    48,
    49
  ],
  "avg_eer": [
    0.2506685403441183,
    0.14407597019495225,
    0.10168211536950582,
    0.06404409217475539,
    0.053061005588370035,
    0.03773745889503447,
    0.03338730875143174,
    0.022271940063569393,
    0.014187800651315651,
    0.015641535750387302,
    0.011970848315000065,
    0.008965418588782073,
    0.006907013396395424,
    0.005000000000127201,
    0.004812834224652189,
    0.0041666666666666605,
    0.004242424242341607,
    0.003205128205269519,
    0.0026520270271677246,
    0.001428571428721153,
    0.0007518796992756068,
    0.0007874015749026762,
    0.0016393442623486639,
    0.0008547008548046023,
    0.001785714285846482,
    0.0009259259259527988,
    0.0,
    0.0,
    0.0,
    0.0,
    0.0,
    0.0,
    0.0,
    0.0,
    0.0,
    0.0,
    0.0,
    0.0,
    0.0,
    0.0,
    0.0,
    0.0,
    0.0,
    0.0,
    0.0,
    0.0,
    0.0,
    0.0,
    0.0
  ],
  "avg_auc": [
    0.8301051270348344,
    0.9166541613945872,
    0.9529767034335377,
    0.9730421271128534,
    0.9819371616734118,
    0.9891295168837356,
    0.9917225014610735,
    0.995262785373938,
    0.9962498821385729,
    0.9964490219426404,
    0.9967909664485795,
    0.9982617469215272,
    0.9987341500107458,
    0.9987857142857143,
    0.998951048951049,
    0.9992857142857143,
    0.9997101449275363,
    0.9995726495726496,
    0.9995390926640926,
    0.9998120300751878,
    0.999874686716792,
    0.9997684113015286,
    0.9999035679845708,
    0.9999465811965813,
    0.9998214285714286,
    0.9999382716049382,
    1.0,
    1.0,
    1.0,
    1.0,
    1.0,
    1.0,
    1.0,
    1.0,
    1.0,
    1.0,
    1.0,
    1.0,
    1.0,
    1.0,
    1.0,
    1.0,
    1.0,
    1.0,
    1.0,
    1.0,
    1.0,
    1.0,
    1.0
  ]
}