{
  "n": [
    1,
    2,
    3,
    4,
    5,
    6,
    7,
    8,
    9,
    10,
    11,
    12,
    13,
    14,
    15,
    16,
    17,
    18,
    19,
    20,
    21,
    22,
    23,
    24,
    25,
    26,
    27,
    28,
    29,
    30,
    31,
    32,
    33,
    34,
    35,
    36,
    37,
    38,
    39,
    40,
    41,
    42,
    43,
    44,
    45,
    46,
    47,
    48,
    49
  ],
  "avg_eer": [
    0.26369748738291265,
    0.16581152253705628,
    0.11050967076501612,
    0.08197403531911988,
    0.06008467388194845,
    0.053114011788820595,
    0.04056285512583899,
    0.031322929642903834,
    0.03041340558465046,
    0.021893997661433927,
    0.011691701303161866,
    0.011770950158486717,
    0.006717514790106839,
    0.004800369191422961,
    0.005287076999360286,
    0.0028217028814579432,
    0.003925652097633043,
    0.003123197895124503,
    0.0026410388086944648,
    0.0007168458782050223,
    0.001127819548952492,
    0.0,
    0.00041152263387070966,
    0.002155172413703589,
    0.0008968609865851603,
    0.0004672897196430671,
    0.0009661835749069515,
    0.0005025125628251619,
    0.0005208333334158065,
    0.0,
    0.0005555555556198716,
    0.0,
    0.0,
    0.0,
    0.0,
    0.0,
    0.0,
    0.0,
    0.0,
    0.0,
    0.0,
    0.0,
    0.0,
    0.0,
    0.0,
    0.0,
    0.0,
    0.0,
    0.0
  ],
  "avg_auc": [
    0.8173939420529015,
    0.9040723350750856,
    0.9455242031308442,
    0.966444913318497,
    0.9787082556484454,
    0.9854028607419106,
    0.99155682669569,
    0.994074797481964,
    0.9951796127157561,
    0.9973439704442171,
    0.9982903412472242,
    0.99856759092294,
    0.9992390404035808,
    0.9993678450253721,
    0.9994549887905333,
    0.9996333163175132,
    0.9995110668205165,
    0.9996893459695458,
    0.9997785634685243,
    0.9999650319083836,
    0.999874686716792,
    1.0,
    0.9998236331569664,
    0.9999366125760648,
    0.9999728223943471,
    0.9999849261380765,
    0.9999355877616747,
    0.9999826719805925,
    0.9999813988095237,
    1.0,
    0.9999786324786324,
    1.0,
    1.0,
    1.0,
    1.0,
    1.0,
    1.0,
    1.0,
    1.0,
    1.0,
    1.0,
    1.0,
    1.0,
    1.0,
    1.0,
    1.0,
    1.0,
    1.0,
    1.0
  ]
}