{
  "n": [
    1,
    2,
    3,
    4,
    5,
    6,
    7,
    8,
    9,
    10,
    11,
    12,
    13,
    14,
    15,
    16,
    17,
    18,
    19,
    20,
    21,
    22,
    23,
    24,
    25,
    26,
    27,
    28,
    29,
    30,
    31,
    32,
    33,
    34,
    35,
    36,
    37,
    38,
    39,
    40,
    41,
    42,
    43,
    44,
    45,
    46,
    47,
    48,
    49
  ],
  "avg_eer": [
    0.30275955364589197,
    0.20390722465274785,
    0.14657117179867088,
    0.11355009688003756,
    0.09277336501457918,
    0.06948892925955505,
    0.04128406611076928,
    0.044941022889137455,
    0.026625682825262766,
    0.027314009399795787,
    0.023093394966497482,
    0.014166177908232033,
    0.010069751220918906,
    0.006087899764011444,
    0.0026315789474172144,
    0.0,
    0.001538461538512941,
    0.0,
    0.0,
    0.0,
    0.0,
    0.0,
    0.0,
    0.0,
    0.0,
    0.0,
    0.0,
    0.0,
    0.0,
    0.0,
    0.0,
    0.0,
    0.0,
    0.0,
    0.0,
    0.0,
    0.0,
    0.0,
    0.0,
    0.0,
    0.0,
    0.0,
    0.0,
    0.0,
    0.0,
    0.0,
    0.0,
    0.0,
    0.0
  ],
  "avg_auc": [
    0.7725275168011375,
    0.8605114652351954,
    0.9156378105827857,
    0.9421542888375329,
    0.9557649185893453,
    0.973552924345204,
    0.9844951336477308,
    0.9879760839476175,
    0.9919401193653294,
    0.9933978308466065,
    0.9959757990724132,
    0.9969669504236567,
    0.9974513678989382,
    0.9984931717921983,
    0.9995065789473685,
    1.0,
    0.9998290598290598,
    1.0,
    1.0,
    1.0,
    1.0,
    1.0,
    1.0,
    1.0,
    1.0,
    1.0,
    1.0,
    1.0,
    1.0,
    1.0,
    1.0,
    1.0,
    1.0,
    1.0,
    1.0,
    1.0,
    1.0,
    1.0,
    1.0,
    1.0,
    1.0,
    1.0,
    1.0,
    1.0,
    1.0,
    1.0,
    1.0,
    1.0,
    1.0
  ]
}