{
  "n": [
    1,
    2,
    3,
    4,
    5,
    6,
    7,
    8,
    9,
    10,
    11,
    12,
    13,
    14,
    15,
    16,
    17,
    18,
    19,
    20,
    21,
    22,
    23,
    24,
    25,
    26,
    27,
    28,
    29,
    30,
    31,
    32,
    33,
    34,
    35,
    36,
    37,
    38,
    39,
    40,
    41,
    42,
    43,
    44,
    45,
    46,
    47,
    48,
    49
  ],
  "avg_eer": [
    0.2925933692681902,
    0.20264719555277616,
    0.1486346707265535,
    0.11939925572104082,
    0.09528282894861541,
    0.07846753244931752,
    0.06505023025038478,
    0.05253562391230643,
    0.04213322791023524,
    0.03577122655031706,
    0.028931821286096254,
    0.026954514202020448,
    0.02030839501022197,
    0.017553363141027692,
    0.01586291225331186,
    0.012458449872091222,
    0.011103363188870468,
    0.009696131603166366,
    0.00977382368327115,
    0.007759527318102882,
    0.005147125629192488,
    0.007084935589462033,
    0.0040126485170916696,
    0.003318184485433467,
    0.001400769962641265,
    0.0024824062848712316,
    0.0026295941890201674,
    0.0010513237398464695,
    0.0012683723462679317,
    0.001111755577731481,
    0.0003950042659759667,
    0.00040700040713666545,
    0.0004160218823606964,
    0.00043023952397299977,
    0.00028737115276991333,
    0.00014684287819205166,
    0.0,
    0.0,
    0.0,
    0.0,
    0.00018248175183306005,
    0.0,
    0.0,
    0.0001956947162527932,
    0.0,
    0.0,
    0.0,
    0.0,
    0.0
  ],
  "avg_auc": [
    0.7829152647225756,
    0.8706917914360071,
    0.9176110082473505,
    0.943519940845842,
    0.9619499215554477,
    0.9726303529099661,
    0.9800076966948474,
    0.9849618688128563,
    0.9902226021661777,
    0.9921827130602907,
    0.9944721016881278,
    0.9954454199754424,
    0.9969584109071681,
    0.9976021669895179,
    0.998006506469401,
    0.9987011581816999,
    0.9989961949899296,
    0.9993067116591167,
    0.9995018626479162,
    0.9994959548663823,
    0.9997641058698188,
    0.9996093157378594,
    0.9996823991422991,
    0.9998615706449842,
    0.9999195505966891,
    0.9998779920997851,
    0.9998512848981423,
    0.9999146835617185,
    0.9999667632238068,
    0.99991452904456,
    0.9999839900524844,
    0.9999662271884494,
    0.9999756185862324,
    0.9999783186211214,
    0.999985205097004,
    0.9999905262659278,
    1.0,
    1.0,
    1.0,
    1.0,
    0.9999976301071192,
    1.0,
    1.0,
    0.99999728201783,
    1.0,
    1.0,
    1.0,
    1.0,
    1.0
  ]
}