{
  "n": [
    1,
    2,
    3,
    4,
    5,
    6,
    7,
    8,
    9,
    10,
    11,
    12,
    13,
    14,
    15,
    16,
    17,
    18,
    19,
    20,
    21,
    22,
    23,
    24,
    25,
    26,
    27,
    28,
    29,
    30,
    31,
    32,
    33,
    34,
    35,
    36,
    37,
    38,
    39,
    40,
    41,
    42,
    43,
    44,
    45,
    46,
    47,
    48,
    49
  ],
  "avg_eer": [
    0.29902991595460193,
    0.21055555296656991,
    0.1573278255433155,
    0.12796781393366302,
    0.10606649127151613,
    0.08404483428355677,
    0.07205870738071124,
    0.05954707713051921,
    0.049374610773539114,
    0.04197885845466686,
    0.03496451086915337,
    0.029851456368050082,
    0.027322098910947536,
    0.02162345003484775,
    0.018551036775316766,
    0.017048583891858475,
    0.013858886488043088,
    0.012927237283730233,
    0.011234190592439932,
    0.00895892546022208,
    0.008221465292834278,
    0.006860517710455617,
    0.006564154923180282,
    0.006254581904135794,
    0.004862596533071218,
    0.004466598518590395,
    0.005173760049861558,
    0.003735588068434563,
    0.002172800352381014,
    0.003309962879735816,
    0.0014119164036268878,
    0.0009302870533679667,
    0.0018328405908600194,
    0.000870660626934388,
    0.0007204159038446617,
    0.0009667644555134865,
    0.000524520400782121,
    0.00032986327704657195,
    0.00022292187702755255,
    0.00011876484568051795,
    0.0005721049518717172,
    0.00012468827941187625,
    0.0002364066193883733,
    0.0002514672872885869,
    0.0,
    0.0,
    0.0003978679468551789,
    0.0,
    0.0
  ],
  "avg_auc": [
    0.7739838954119687,
    0.8632163723260311,
    0.9103574364113696,
    0.9382975773164622,
    0.9559181013633253,
    0.968962267843483,
    0.9766577817866118,
    0.9829828812049669,
    0.9871144373945289,
    0.9901587086478196,
    0.9923318766824769,
    0.9942768783069329,
    0.9955427323664854,
    0.9965385152688825,
    0.9970957563648832,
    0.9979357662835543,
    0.9985127656708832,
    0.9986325796882347,
    0.9989747027181506,
    0.9992435608096775,
    0.9992360274479204,
    0.9994954021538358,
    0.9995236660490263,
    0.9996364580293106,
    0.9997723207346476,
    0.999749872126382,
    0.9997738343243083,
    0.9998483259191715,
    0.999903141541963,
    0.9998771349593625,
    0.9999041988827655,
    0.9999678880645488,
    0.999932734196314,
    0.9999577901406551,
    0.9999507006396575,
    0.9999792864078054,
    0.9999929914584055,
    0.9999729404922014,
    0.9999931045108058,
    0.9999910926365796,
    0.9999890880741031,
    0.9999912499453121,
    0.9999951753751146,
    0.9999962831636422,
    1.0,
    1.0,
    0.9999928904706372,
    1.0,
    1.0
  ]
}