{
  "n": [
    1,
    2,
    3,
    4,
    5,
    6,
    7,
    8,
    9,
    10,
    11,
    12,
    13,
    14,
    15,
    16,
    17,
    18,
    19,
    20,
    21,
    22,
    23,
    24,
    25,
    26,
    27,
    28,
    29,
    30,
    31,
    32,
    33,
    34,
    35,
    36,
    37,
    38,
    39,
    40,
    41,
    42,
    43,
    44,
    45,
    46,
    47,
    48,
    49
  ],
  "avg_eer": [
    0.2813699615393839,
    0.18482289423235576,
    0.1310241929509646,
    0.09995271479136583,
    0.08149730942495853,
    0.06266740523453253,
    0.049806873039918154,
    0.0441388724650386,
    0.03476288417012947,
    0.02717529640617115,
    0.021923704557624983,
    0.01807662742538401,
    0.013792194753244526,
    0.013431904506026462,
    0.00919826001956689,
    0.01011370300896438,
    0.00633711744839619,
    0.007146612928643088,
    0.0031301982228638323,
    0.0017490993915848165,
    0.0025872339115983523,
    0.0011398150718310099,
    0.0003938929169928905,
    0.0019027658332520718,
    0.00044444444448451994,
    0.0004460737562402269,
    0.00023310023312557624,
    0.0004987531173465739,
    0.0,
    0.0,
    0.0,
    0.0,
    0.0,
    0.0,
    0.0,
    0.0,
    0.0,
    0.0,
    0.0,
    0.0,
    0.0,
    0.0,
    0.0,
    0.0,
    0.0,
    0.0,
    0.0,
    0.0,
    0.0
  ],
  "avg_auc": [
    0.7979677556070464,
    0.8868804916512911,
    0.9301769347291714,
    0.9550425363876448,
    0.9703133022912083,
    0.9794241891992952,
    0.9856490141428642,
    0.9892873948442965,
    0.9924828182064577,
    0.9948469804257254,
    0.9967987755626666,
    0.9969946595137198,
    0.9983552331754556,
    0.9984311721642489,
    0.9990132723612384,
    0.9991095400808743,
    0.9993668187611784,
    0.9995760985209932,
    0.9998441834916629,
    0.9998887475804423,
    0.9998359826236136,
    0.9999197729526802,
    0.9999786501791645,
    0.9999515712288091,
    0.9999647266313932,
    0.9999765147191798,
    0.99999481999482,
    0.9999910936943355,
    1.0,
    1.0,
    1.0,
    1.0,
    1.0,
    1.0,
    1.0,
    1.0,
    1.0,
    1.0,
    1.0,
    1.0,
    1.0,
    1.0,
    1.0,
    1.0,
    1.0,
    1.0,
    1.0,
    1.0,
    1.0
  ]
}