{
  "n": [
    1,
    2,
    3,
    4,
    5,
    6,
    7,
    8,
    9,
    10,
    11,
    12,
    13,
    14,
    15,
    16,
    17,
    18,
    19,
    20,
    21,
    22,
    23,
    24,
    25,
    26,
    27,
    28,
    29,
    30
  ],
  "avg_eer": [
    0.22467509741420594,
    0.20329626486294847,
    0.18530848138870132,
    0.17600488045125073,
    0.16731389247652004,
    0.16532280258559368,
    0.15331158731932798,
    0.1390372363005365,
    0.12260287331079209,
    0.12627962183802577,
    0.07911066055893948,
    0.06276185275648774,
    0.05165847295661953,
    0.044801740316028814,
    0.041578947368347836,
    0.0411111111110397,
    0.041930505335529576,
    0.046376811594073045,
    0.03993506493523232,
    0.03787375415277372,
    0.03779904306218397,
    0.025581395348921863,
    0.0374358974357594,
    0.029118773946437988,
    0.032407407407517186,
    0.019999999999999997,
    0.027272727272820735,
    0.031034482758582373,
    0.02592592592593095,
    0.026923076923132193
  ],
  "avg_auc": [
    0.8522285404055469,
    0.8756987655287064,
    0.8910497683318491,
    0.8973692622491294,
    0.9030588094051379,
    0.9107216814569142,
    0.9146794411225372,
    0.9246103307102785,
    0.9369118449718252,
    0.9437966033782533,
    0.9612939681066972,
    0.9672012933816099,
    0.9720756690091539,
    0.9746920991780804,
    0.9747149578728527,
    0.9736072206660442,
    0.9732619285363764,
    0.9784591914569031,
    0.9800997198043957,
    0.9821669265712931,
    0.984022625573872,
    0.9824289405684755,
    0.9821652421652421,
    0.9837696892294593,
    0.9808994708994708,
    0.9876470588235294,
    0.9848484848484848,
    0.9841379310344827,
    0.9829629629629629,
    0.9838461538461539
  ]
}