{
  "n": [
    1,
    2,
    3,
    4,
    5,
    6,
    7,
    8,
    9,
    10,
    11,
    12,
    13,
    14,
    15
  ],
  "avg_eer": [
    0.07881746312149471,
    0.05062005495381646,
    0.04032001902893523,
    0.03098938328948851,
    0.028792912870935005,
    0.02325448718316426,
    0.019677030842169103,
    0.014822966764691026,
    0.015404410610673294,
    0.012977184264182179,
    0.01247478472491476,
    0.009745582944814906,
    0.006950046957116328,
    0.007810437957035389,
    0.008240025011411946
  ],
  "avg_auc": [
    0.9715782225923066,
    0.9848133871471603,
    0.9902069523017791,
    0.9934981578924583,
    0.9952445588276705,
    0.9963225296593675,
    0.9970293643037179,
    0.9982245078937829,
    0.9985445420049972,
    0.9986261901917407,
    0.9989116340727605,
    0.9992866680901363,
    0.9993523535568501,
    0.9991146494025565,
    0.9989053199065012
  ]
}