{
  "n": [
    1,
    2,
    3,
    4,
    5,
    6,
    7,
    8,
    9,
    10,
    11,
    12,
    13,
    14,
    15
  ],
  "avg_eer": [
    0.09714145344967547,
    0.07095676639758794,
    0.05935349269815872,
    0.049635524464358836,
    0.0471272081401664,
    0.03896229813462159,
    0.03543736400658522,
    0.02810353080579796,
    0.03183302496688083,
    0.026349284724200193,
    0.025070573136779118,
    0.025602865288295813,
    0.02404740525397929,
    0.02447257436640728,
    0.020177736441073006
  ],
  "avg_auc": [
    0.963155926247086,
    0.976463864943067,
    0.9822172570871797,
    0.9863043504707312,
    0.9877533922388413,
    0.9900042649546851,
    0.9907392113633027,
    0.9923142346354326,
    0.9923652534734,
    0.99324192644799,
    0.993978789554153,
    0.9950053994834311,
    0.9950271619242171,
    0.9939795566483476,
    0.994113101196262
  ]
}