{
    "n": [
      1,
      2,
      3,
      4,
      5,
      6,
      7,
      8,
      9,
      10,
      11,
      12,
      13,
      14,
      15
    ],
    "avg_eer": [
      0.07539278926630875,
      0.048622438417944266,
      0.038825392593486566,
      0.030719714844122316,
      0.026442157946120766,
      0.020816127306699992,
      0.019099173773467332,
      0.014844465101937973,
      0.013550089255360147,
      0.014174693986901526,
      0.011104831355347258,
      0.004231860912891763,
      0.004329988712343013,
      0.003657614036992557,
      0.004214520633934888
    ],
    "avg_auc": [
      0.9752483356786312,
      0.9863340351853177,
      0.9908534684266723,
      0.993774275317582,
      0.9956185002831923,
      0.9969458248590157,
      0.9974085409540956,
      0.9979041136091359,
      0.9981948364428295,
      0.9985301732000874,
      0.9990494960443186,
      0.9995982329947342,
      0.9995636161720798,
      0.9995748596779741,
      0.999502574137
    ]
  }