{
  "n": [
    1,
    2,
    3,
    4,
    5,
    6,
    7,
    8,
    9,
    10,
    11,
    12,
    13,
    14,
    15,
    16,
    17,
    18,
    19,
    20,
    21,
    22,
    23,
    24,
    25,
    26,
    27,
    28,
    29,
    30,
    31,
    32,
    33,
    34,
    35,
    36,
    37,
    38,
    39,
    40,
    41,
    42,
    43,
    44,
    45,
    46,
    47,
    48,
    49
  ],
  "avg_eer": [
    0.34004908509922444,
    0.26584755533208204,
    0.21403779414058371,
    0.1803401947769913,
    0.15578885666586836,
    0.1343805253897879,
    0.11605613372590748,
    0.1040658355794136,
    0.08783414180385521,
    0.07798550592329119,
    0.0710964071198185,
    0.05943032903611371,
    0.057499504554531344,
    0.05150072500389152,
    0.04309873486501093,
    0.038523107791461834,
    0.03734412643906858,
    0.032273103006324896,
    0.03068392715418461,
    0.028121175638397243,
    0.02180962919080387,
    0.01999835717743733,
    0.020698399427373775,
    0.019429313654000382,
    0.01584257916552893,
    0.01594041864891891,
    0.0140734734183038,
    0.014619456158297794,
    0.013581439094596807,
    0.008480096382900416,
    0.010765898419079246,
    0.008897050630088565,
    0.007917063317043739,
    0.008313694687044923,
    0.004533295887352158,
    0.003176723981720755,
    0.004353938550966129,
    0.0042530097837071065,
    0.002784013659312596,
    0.0025820221833339355,
    0.004601453491931075,
    0.0005012531328590395,
    0.00356713815166024,
    0.00025445292628123244,
    0.00026737967916555424,
    0.0024569769852103166,
    0.0008357061834892655,
    0.0014326647564858698,
    0.0
  ],
  "avg_auc": [
    0.7237553181790302,
    0.8077850548884775,
    0.8577933972824525,
    0.8898789236519153,
    0.9142254732740763,
    0.9309921752470143,
    0.9439647410589757,
    0.9529795014378083,
    0.9623937762841697,
    0.96851381386307,
    0.9742850174278205,
    0.9795499612291346,
    0.982151043629249,
    0.9853905361527684,
    0.9879180312406891,
    0.9898109948565219,
    0.9908910435636619,
    0.9934204646391731,
    0.9937001674539502,
    0.9942131502440154,
    0.9961883910012865,
    0.9969699468846335,
    0.9967535983867777,
    0.9977171034926806,
    0.9978397754680483,
    0.9977719418326709,
    0.9983960504655197,
    0.9984863152167198,
    0.9986413875934999,
    0.9993803170838559,
    0.9989557120403212,
    0.999202942205429,
    0.9994326553277763,
    0.9994017361368922,
    0.9995388574889967,
    0.9998054176562505,
    0.9997222073047938,
    0.999703001781239,
    0.9998964039436633,
    0.9996936291814971,
    0.9996852813154815,
    0.9999550157444894,
    0.999844521407838,
    0.9999898218829516,
    0.9999847211611919,
    0.9998828836374146,
    0.9999421421461147,
    0.9999410079217934,
    1.0
  ]
}