{
  "n": [
    1,
    2,
    3,
    4,
    5,
    6,
    7,
    8,
    9,
    10,
    11,
    12,
    13,
    14,
    15,
    16,
    17,
    18,
    19,
    20,
    21,
    22,
    23,
    24,
    25,
    26,
    27,
    28,
    29,
    30,
    31,
    32,
    33,
    34,
    35,
    36,
    37,
    38,
    39,
    40,
    41,
    42,
    43,
    44,
    45,
    46,
    47,
    48,
    49
  ],
  "avg_eer": [
    0.3642056136180632,
    0.2942080527832615,
    0.24674829454692024,
    0.2060897282488202,
    0.17461554949246044,
    0.14736639587333475,
    0.12988120891904895,
    0.11359677183242382,
    0.09979373436117453,
    0.08788168609404902,
    0.08331029308258595,
    0.07376038359523543,
    0.06929385486333497,
    0.059031374376243326,
    0.05278756702050506,
    0.05238162146763423,
    0.044221741095544165,
    0.0405255724188117,
    0.03751607015450472,
    0.03674341413765619,
    0.030981727477509546,
    0.028588800687185955,
    0.023762063348295958,
    0.026300048140694317,
    0.019127365103712123,
    0.022457670390009697,
    0.020179978909361893,
    0.020471555210642985,
    0.014919089729856057,
    0.01714687371609678,
    0.01532251988998296,
    0.012508433756563308,
    0.015366107248010375,
    0.011778744825541431,
    0.013101843081578208,
    0.010611391348337187,
    0.008534153177414404,
    0.008861710637064292,
    0.008789672039165681,
    0.008711301277573363,
    0.004972758087158075,
    0.006389237410424497,
    0.0040490434080240134,
    0.004903401250265996,
    0.003970608317635431,
    0.003292300089447266,
    0.005280563843501103,
    0.003399764713953167,
    0.0020216955958528245
  ],
  "avg_auc": [
    0.6919427949747572,
    0.7740436711056288,
    0.8271541058036347,
    0.8643718146521525,
    0.8916942450949648,
    0.9119852575017351,
    0.9257521390058885,
    0.9385963670932316,
    0.9489251701075524,
    0.9567381836797697,
    0.9612112338626437,
    0.9679338341492114,
    0.9724781268539747,
    0.9765717500247325,
    0.9801565255929161,
    0.9813226139580153,
    0.9848206547683521,
    0.9871452166571029,
    0.9893621876043028,
    0.9891500187183297,
    0.9920873738298515,
    0.9921636957136201,
    0.9948301979483432,
    0.9946144960064857,
    0.9946233059795612,
    0.9948657879759614,
    0.9958851097140787,
    0.9967666862528676,
    0.9969849569192665,
    0.9972591008349099,
    0.9976238216387671,
    0.9979620695767896,
    0.9980480374667874,
    0.9982272767051888,
    0.9978158522011187,
    0.9986892417671495,
    0.998736690236637,
    0.9991730934802451,
    0.998592987760652,
    0.9986967323199156,
    0.999418658387143,
    0.9994104284129609,
    0.999474891455215,
    0.9993729271929613,
    0.9993788016936985,
    0.9997401959827761,
    0.9993303844185153,
    0.9995056391917302,
    0.9998402666001102
  ]
}