{
  "n": [
    1,
    2,
    3,
    4,
    5,
    6,
    7,
    8,
    9,
    10,
    11,
    12,
    13,
    14,
    15,
    16,
    17,
    18,
    19,
    20,
    21,
    22,
    23,
    24,
    25,
    26,
    27,
    28,
    29,
    30,
    31,
    32,
    33,
    34,
    35,
    36,
    37,
    38,
    39,
    40,
    41,
    42,
    43,
    44,
    45,
    46,
    47,
    48,
    49
  ],
  "avg_eer": [
    0.38183224391483006,
    0.3229823440329581,
    0.2781973715509985,
    0.23835122176570828,
    0.2101884140490678,
    0.1874525811339552,
    0.16988712904754005,
    0.1545648444731389,
    0.13689382363925437,
    0.12607931719920878,
    0.11329661417947756,
    0.10496111602991429,
    0.09357103158046473,
    0.08867362297582397,
    0.07981819199138611,
    0.07997754964788328,
    0.07267964029511158,
    0.06421795784832304,
    0.0584679407055292,
    0.054426765744859586,
    0.05050642328786102,
    0.05023427667426271,
    0.05330662449460993,
    0.044257768964734344,
    0.0434860677019767,
    0.036782737961928325,
    0.0369852489995057,
    0.03200081972257139,
    0.03288916382622854,
    0.029845910110155173,
    0.030995835847271714,
    0.02953427249361193,
    0.0279868859707288,
    0.028993773338923,
    0.026160543331833003,
    0.02829437921574125,
    0.02493305622970571,
    0.0221458274406472,
    0.020967165676113477,
    0.018800153871408216,
    0.018410731652652862,
    0.0183882361003933,
    0.01941769715281953,
    0.016402706336770562,
    0.014772377914531874,
    0.019185796409445604,
    0.012890578194040042,
    0.013526563663123409,
    0.01601155437270549
  ],
  "avg_auc": [
    0.666886838636208,
    0.7414719178668886,
    0.7918539464148583,
    0.8305292012899702,
    0.8591918851657772,
    0.8805910808589932,
    0.8968181504370648,
    0.9117004695071627,
    0.9233724817927149,
    0.9336115517756157,
    0.941511544580848,
    0.9474102010717088,
    0.9539686110142703,
    0.9588304567450321,
    0.963594539947153,
    0.9660334316769145,
    0.970069730252645,
    0.9729315243992319,
    0.9765187790008312,
    0.9787694786659552,
    0.9803719434822764,
    0.9814090472362249,
    0.9828419135207351,
    0.9847091748343683,
    0.9864185758389077,
    0.9879290487255489,
    0.9883392800503396,
    0.9906651520169273,
    0.9905526667615341,
    0.9908431264040878,
    0.9912645572631528,
    0.99282956303592,
    0.9930261270318865,
    0.9938673292442877,
    0.9936421702858036,
    0.9942014184998591,
    0.9949569778854477,
    0.9948521968508197,
    0.9956697911326712,
    0.9959645358874264,
    0.9962804757815403,
    0.9964714937364139,
    0.9960832055419784,
    0.9966616169340498,
    0.9963852109898577,
    0.9968965894933698,
    0.997257443697422,
    0.998086042140792,
    0.996898600472738
  ]
}