{
  "n": [
    1,
    2,
    3,
    4,
    5,
    6,
    7,
    8,
    9,
    10,
    11,
    12,
    13,
    14,
    15,
    16,
    17,
    18,
    19,
    20,
    21,
    22,
    23,
    24,
    25,
    26,
    27,
    28,
    29,
    30,
    31,
    32,
    33,
    34,
    35,
    36,
    37,
    38,
    39,
    40,
    41,
    42,
    43,
    44,
    45,
    46,
    47,
    48,
    49
  ],
  "avg_eer": [
    0.3174097873575684,
    0.2539214136272849,
    0.21278001421318943,
    0.18243311054031242,
    0.15800284269181747,
    0.14180433010423682,
    0.12643159618028904,
    0.11822962961993237,
    0.10688537200787604,
    0.09816772614585931,
    0.09261840748982426,
    0.08673115656204126,
    0.07966115311039614,
    0.0811790701509004,
    0.07610019628390864,
    0.0724589458211091,
    0.06890406066906604,
    0.06485990168762112,
    0.06236008839174913,
    0.06466373054380899,
    0.059986676723665054,
    0.05981381812055435,
    0.059509663424321915,
    0.05882799226754615,
    0.055694932654429784,
    0.055596242472015146,
    0.055535705590850325,
    0.05316355062134045,
    0.054692095202002876,
    0.052321186184511356,
    0.05139860139870757,
    0.05148166578547862,
    0.05075861212249424,
    0.05025575447583226,
    0.05057588075883296,
    0.05054054054056991,
    0.05032258064523305,
    0.050862973761008935,
    0.05,
    0.05,
    0.050308641975327154,
    0.05,
    0.05,
    0.05,
    0.05,
    0.05,
    0.05,
    0.05,
    0.05
  ],
  "avg_auc": [
    0.7439637843710287,
    0.8134870276123112,
    0.8534059826632259,
    0.8797483515222201,
    0.8967946737046721,
    0.9101774129240198,
    0.9199549835318033,
    0.9258206989150748,
    0.932268348445526,
    0.9354762087197497,
    0.9391264374749511,
    0.9409530941898947,
    0.9435111363992819,
    0.9439782430720157,
    0.9459590680436689,
    0.9464352258420157,
    0.9473328871734953,
    0.9474546969981045,
    0.9481710747797824,
    0.9483908165699526,
    0.9488990511463754,
    0.9491909058630796,
    0.9492379870577791,
    0.949282491236352,
    0.9496068862178175,
    0.9495864969356292,
    0.9496726307465527,
    0.9498874604310206,
    0.9498436754717522,
    0.9498877171210625,
    0.9498667998667999,
    0.9499469506906216,
    0.9499442298475422,
    0.9499897698209718,
    0.9499884605936704,
    0.9499549549549549,
    0.9499955197132616,
    0.9499643078010426,
    0.95,
    0.95,
    0.9499706055261612,
    0.95,
    0.95,
    0.95,
    0.95,
    0.95,
    0.95,
    0.95,
    0.95
  ]
}