{
  "n": [
    1,
    2,
    3,
    4,
    5,
    6,
    7,
    8,
    9,
    10,
    11,
    12,
    13,
    14,
    15,
    16,
    17,
    18,
    19,
    20,
    21,
    22,
    23,
    24,
    25,
    26,
    27,
    28,
    29,
    30,
    31,
    32,
    33,
    34,
    35,
    36,
    37,
    38,
    39,
    40,
    41,
    42,
    43,
    44,
    45,
    46,
    47,
    48,
    49
  ],
  "avg_eer": [
    0.34896792460058085,
    0.2831785133124729,
    0.24115796966952865,
    0.21254674044295707,
    0.185394926721617,
    0.16808493408599737,
    0.15247143721973316,
    0.14010997786119414,
    0.1308324303308001,
    0.12066169566429588,
    0.11234143107463175,
    0.10196852688662299,
    0.09861146714611606,
    0.09642069432435801,
    0.09020709345878274,
    0.08730556860630956,
    0.0843106899366379,
    0.07524877308031576,
    0.0726728662276763,
    0.07547343995757352,
    0.07116232325347191,
    0.07247196482415483,
    0.06856880727445583,
    0.06265397692199373,
    0.06265574442791626,
    0.06172648924987654,
    0.060988783213844835,
    0.05840151726551063,
    0.05563876098551439,
    0.05998858004847211,
    0.05869751316487222,
    0.05412304845583771,
    0.05540494614776807,
    0.057308304302100065,
    0.05287578544091909,
    0.053309202170168435,
    0.05356981995883755,
    0.05213059209251984,
    0.052187277214513106,
    0.05360411574734338,
    0.053066960840322384,
    0.05001611314615898,
    0.05158335971238644,
    0.04948604992657856,
    0.05005243201923507,
    0.049619125577835085,
    0.051128289374215374,
    0.049560804119653176,
    0.049177631578947376
  ],
  "avg_auc": [
    0.7113705897966327,
    0.7829041139208734,
    0.8265447125246075,
    0.8553814977851613,
    0.8781256156169871,
    0.8936983213221292,
    0.9053382185491927,
    0.9138273926322213,
    0.921045570243915,
    0.926712268769587,
    0.9304144828764167,
    0.9351895264582147,
    0.9367091698455401,
    0.9397187653843062,
    0.9397669654079278,
    0.9425811341098023,
    0.9441845726597649,
    0.945440062978057,
    0.9463266126547225,
    0.9462424514880438,
    0.9473176328499331,
    0.9467200154762105,
    0.9478497110255167,
    0.9482807660316672,
    0.9487336240676999,
    0.9487952277635827,
    0.9490962556892202,
    0.9493028372883116,
    0.9495447954610008,
    0.9490439758883452,
    0.9492341085060773,
    0.9496590903346467,
    0.9496584385846006,
    0.9495758823488389,
    0.9499013266024321,
    0.9497933143422032,
    0.9498062525829694,
    0.9498329706594157,
    0.9498757992023078,
    0.9509014835735204,
    0.9505607660031282,
    0.9512330530379772,
    0.9509121868048105,
    0.9510174418604651,
    0.9511556687491467,
    0.9513454597264438,
    0.9514843331415077,
    0.9521983608258118,
    0.9516181229773462
  ]
}