{
  "n": [
    1,
    2,
    3,
    4,
    5,
    6,
    7,
    8,
    9,
    10,
    11,
    12,
    13,
    14,
    15,
    16,
    17,
    18,
    19,
    20,
    21,
    22,
    23,
    24,
    25,
    26,
    27,
    28,
    29,
    30
  ],
  "avg_eer": [
    0.15671909908447465,
    0.1350565002206336,
    0.11932193609205186,
    0.11312015680390583,
    0.10789997939516285,
    0.10125205448051022,
    0.09576059423022727,
    0.0896642680255299,
    0.09062153957044476,
    0.08917772686468778,
    0.0867235242581486,
    0.08347384594587862,
    0.07722696788524328,
    0.076817593066659,
    0.07249034419995055,
    0.0758212924345957,
    0.07779938783431448,
    0.06903219346475689,
    0.0712153310338285,
    0.06495893513672005,
    0.061423032969118406,
    0.06178659665375227,
    0.05746418284682705,
    0.06196808038444858,
    0.05740689326627263,
    0.04921674725102968,
    0.03265981106142204,
    0.031250290228931436,
    0.030082422579142093,
    0.025840421017848565
  ],
  "avg_auc": [
    0.9197539808098523,
    0.9375428114885143,
    0.9475754431631052,
    0.954293449004212,
    0.9581194247126211,
    0.9619840629598556,
    0.9634943540333449,
    0.965043476452608,
    0.9681295471900345,
    0.9684211586738964,
    0.969631662191089,
    0.9722859203659139,
    0.9737064410446953,
    0.9745792103201072,
    0.9755189819097725,
    0.9753318491667875,
    0.9757163444273343,
    0.9799179578979034,
    0.9786432623414493,
    0.9793923895408089,
    0.9805267887283635,
    0.9811670568398805,
    0.9828771702928863,
    0.9825880646282634,
    0.9837403913999682,
    0.984753673741501,
    0.9907155068252003,
    0.9903764149870999,
    0.9911984360817698,
    0.9919269307298416
  ]
}