{
  "n": [
    1,
    2,
    3,
    4,
    5,
    6,
    7,
    8,
    9,
    10,
    11,
    12,
    13,
    14,
    15,
    16,
    17,
    18,
    19,
    20,
    21,
    22,
    23,
    24,
    25,
    26,
    27,
    28,
    29,
    30
  ],
  "avg_eer": [
    0.1575520204243562,
    0.13529109528938896,
    0.12060074706658327,
    0.11713674119712467,
    0.10742648305389665,
    0.10176730803508811,
    0.09359434407300789,
    0.09530535939710266,
    0.08945287516959052,
    0.09133200904871751,
    0.0885236871626586,
    0.08306244940284044,
    0.07962284362271063,
    0.07846693305639266,
    0.07876266559340858,
    0.08209318292269027,
    0.07885645724624993,
    0.0720064512891597,
    0.07561814482343693,
    0.07081590396418161,
    0.06712691330320304,
    0.0561676747347164,
    0.05639016730473112,
    0.05705351626605439,
    0.053360847908839736,
    0.04844330000018017,
    0.034570264186042955,
    0.03337507038521374,
    0.03471604873541898,
    0.030143752132991218
  ],
  "avg_auc": [
    0.9180229596044118,
    0.9363118707696302,
    0.9459429871181355,
    0.9519400935812014,
    0.9563035144893803,
    0.9596493407938083,
    0.963024353372596,
    0.9631673406641111,
    0.9669250608025562,
    0.9666978896367706,
    0.9677833077440537,
    0.9701128253840345,
    0.9724695514714863,
    0.9723111694447786,
    0.9726096493390483,
    0.9726162365535356,
    0.974808524555914,
    0.9778488963126468,
    0.9767838357495691,
    0.9779472062103206,
    0.9802911685058318,
    0.9817827029577568,
    0.9822858154634861,
    0.9821453553978902,
    0.9847513341676434,
    0.9853115980098618,
    0.9893030143684177,
    0.9885341257302966,
    0.9886960462664746,
    0.9908574204657559
  ]
}