{
  "n": [
    1,
    2,
    3,
    4,
    5,
    6,
    7,
    8,
    9,
    10,
    11,
    12,
    13,
    14,
    15,
    16,
    17,
    18,
    19,
    20,
    21,
    22,
    23,
    24,
    25,
    26,
    27,
    28,
    29,
    30
  ],
  "avg_eer": [
    0.1567702262247136,
    0.13299126196811223,
    0.11648319669789722,
    0.10846695442830565,
    0.10146350170993616,
    0.0951711110166086,
    0.08989474592871562,
    0.08840078146217244,
    0.0835440890686807,
    0.08497186216618567,
    0.08458549408685896,
    0.0787510451353799,
    0.07598420637220873,
    0.07752711864157229,
    0.07160040043175486,
    0.07080151762410168,
    0.07088612917956175,
    0.06465082777917933,
    0.06877537712467621,
    0.06405117353533282,
    0.05563784976753405,
    0.05293234598529204,
    0.051025764963997786,
    0.05177571032757594,
    0.0473669174546155,
    0.0395568380886584,
    0.027323661378394325,
    0.025896134229437328,
    0.025113904408301448,
    0.02360318138173862
  ],
  "avg_auc": [
    0.9186946718810729,
    0.9376020832609917,
    0.9483015867224385,
    0.9543027778489405,
    0.958555731967713,
    0.9629747874737509,
    0.9662448813573628,
    0.9665296829174259,
    0.9698439955221833,
    0.9693317322294865,
    0.9715950399583797,
    0.9736249007897886,
    0.9761163685492015,
    0.9760720224868805,
    0.9768530896917976,
    0.9768837166736599,
    0.9782552850975879,
    0.979559661733887,
    0.9788401353519844,
    0.9800399570413634,
    0.9827209103944531,
    0.9846376217642755,
    0.9857145501611722,
    0.9866144895804222,
    0.9874662121292259,
    0.9868466073496235,
    0.9931683456391871,
    0.9931190185722187,
    0.9928975874550934,
    0.9945871885871806
  ]
}