{
  "n": [
    1,
    2,
    3,
    4,
    5,
    6,
    7,
    8,
    9,
    10,
    11,
    12,
    13,
    14,
    15,
    16,
    17,
    18,
    19,
    20,
    21,
    22,
    23,
    24,
    25,
    26,
    27,
    28,
    29,
    30
  ],
  "avg_eer": [
    0.3108433075410042,
    0.29531177126212066,
    0.2757422177375487,
    0.2656358728653746,
    0.2605227094448112,
    0.27376250572085853,
    0.26750304722296525,
    0.25873410536354274,
    0.25900112805521314,
    0.24494353261204846,
    0.23817301745867475,
    0.22675489521741157,
    0.23318022212528255,
    0.238098242435926,
    0.23193006845274144,
    0.22157205980254907,
    0.21238515975008623,
    0.2054634581107994,
    0.20666625828445,
    0.20717698280369615,
    0.19812629399595075,
    0.17796824075994927,
    0.13874713521796986,
    0.14269230769241925,
    0.14166666666660666,
    0.14166666666658814,
    0.12878787878785064,
    0.08333333333329367,
    0.05333333333347171,
    0.0
  ],
  "avg_auc": [
    0.7288285816296418,
    0.7506290192933847,
    0.7660410333367482,
    0.7706585383652584,
    0.7781995284753672,
    0.7755249793929935,
    0.7839993321178692,
    0.7926733725696081,
    0.7959527612695211,
    0.802355866626279,
    0.8129815738631265,
    0.8170418600951266,
    0.80915916491724,
    0.8137193279070856,
    0.8176502746945126,
    0.8203976979859583,
    0.8376254118631168,
    0.8332322725503467,
    0.8412334625317179,
    0.8394725137518396,
    0.8391431889366672,
    0.8508196789861551,
    0.8730615089010811,
    0.8792564102564103,
    0.8772222222222222,
    0.8802380952380953,
    0.9111111111111111,
    0.9099999999999999,
    0.9466666666666667,
    1.0
  ]
}