{
  "n": [
    1,
    2,
    3,
    4,
    5,
    6,
    7,
    8,
    9,
    10,
    11,
    12,
    13,
    14,
    15,
    16,
    17,
    18,
    19,
    20,
    21,
    22,
    23,
    24,
    25,
    26,
    27,
    28,
    29,
    30,
    31,
    32,
    33,
    34,
    35,
    36,
    37,
    38,
    39,
    40,
    41,
    42,
    43,
    44,
    45,
    46,
    47,
    48,
    49
  ],
  "avg_eer": [
    0.3021505711876607,
    0.24461224749951777,
    0.19497772354416204,
    0.16632340400318313,
    0.1385031466360314,
    0.11104624199759164,
    0.1001259642259064,
    0.08879517978893932,
    0.07158192888339385,
    0.060794880584830555,
    0.04787787593225424,
    0.0430398099954348,
    0.04872766732620236,
    0.03913602059534093,
    0.031589080571375806,
    0.022483528353374173,
    0.0210168027538467,
    0.019790239650572274,
    0.022961436031470862,
    0.018775613409035653,
    0.008863732392356452,
    0.005431543251506571,
    0.006156082817962744,
    0.007299721344369768,
    0.014125515578991775,
    0.011108782460482186,
    0.004416908411162954,
    0.0024773350200894694,
    0.0018742981063912835,
    0.0006387735547976403,
    0.0010158165651109401,
    0.002505972633082023,
    0.0010841478486604652,
    0.001112347052290097,
    0.0007590132827365164,
    0.0015641976696945008,
    0.0024055606078274175,
    0.002026468155571924,
    0.0025097159432580347,
    0.0029826090947266733,
    0.0,
    0.0,
    0.0,
    0.0,
    0.0,
    0.0,
    0.0,
    0.0,
    0.0
  ],
  "avg_auc": [
    0.7628177400560732,
    0.8360510039323483,
    0.8790851625829342,
    0.9115459926391727,
    0.9346159580604037,
    0.9497902029306816,
    0.957282891469224,
    0.9670063948239919,
    0.9737335950650438,
    0.978587039879803,
    0.9835482571430776,
    0.9843829390515623,
    0.9828522416536917,
    0.9870498497597991,
    0.9877644834954685,
    0.9920514004904105,
    0.9949070368167084,
    0.9939721946311648,
    0.9919559595738364,
    0.9922033800083987,
    0.9979188238054607,
    0.9982714616812207,
    0.9980898455973868,
    0.9983809287537746,
    0.9957786392969686,
    0.9966167526690152,
    0.9989651822107696,
    0.9994553376906318,
    0.9991394407225256,
    0.9996806132226126,
    0.9997075837698333,
    0.999600038193673,
    0.99968819197553,
    0.9997219132369298,
    0.9998102466793168,
    0.9995129444382002,
    0.9991484525646321,
    0.9990901571546732,
    0.9988924391266416,
    0.998581348751128,
    1.0,
    1.0,
    1.0,
    1.0,
    1.0,
    1.0,
    1.0,
    1.0,
    1.0
  ]
}