{
  "n": [
    1,
    2,
    3,
    4,
    5,
    6,
    7,
    8,
    9,
    10,
    11,
    12,
    13,
    14,
    15,
    16,
    17,
    18,
    19,
    20,
    21,
    22,
    23,
    24,
    25,
    26,
    27,
    28,
    29,
    30,
    31,
    32,
    33,
    34,
    35,
    36,
    37,
    38,
    39,
    40,
    41,
    42,
    43,
    44,
    45,
    46,
    47,
    48,
    49
  ],
  "avg_eer": [
    0.32737052225072244,
    0.26553623845937757,
    0.22453305861673853,
    0.1938515537934583,
    0.16726638309711622,
    0.13989494061521074,
    0.12834418883322862,
    0.10060808291117204,
    0.09130832167810495,
    0.08642493519926103,
    0.0706871260270886,
    0.06876608610460658,
    0.05950859619564915,
    0.051360659161958054,
    0.045424266500755914,
    0.0382981117306077,
    0.041528413690256255,
    0.034504624886619005,
    0.028745754751442462,
    0.025842099656749183,
    0.02455772020213742,
    0.023540773984228512,
    0.019315365563906096,
    0.016883696728887943,
    0.016069409727335515,
    0.014347610240271412,
    0.00858120264541004,
    0.007114265626662219,
    0.005594520428123178,
    0.005841787891169282,
    0.0068618770762468966,
    0.004343144133420992,
    0.004814013307852722,
    0.003180592249568305,
    0.0018708093201942947,
    0.0015390676690979098,
    0.0028777066835203786,
    0.0032967653829695017,
    0.0026147311319870566,
    0.0008960573476952139,
    0.0006832989035745294,
    0.00022401433695666084,
    0.00024254183848239973,
    0.0026881720430083763,
    0.002932551319647911,
    0.0029325513196480934,
    0.0,
    0.0,
    0.0002757099531344208
  ],
  "avg_auc": [
    0.7371788675438836,
    0.8092520625700645,
    0.8553504496181266,
    0.8870373069104431,
    0.9082378949638562,
    0.9304942906984137,
    0.9434083150633078,
    0.9547785532919791,
    0.9642894472380489,
    0.9681742501021167,
    0.9747187760490171,
    0.9773699497100459,
    0.9807150462265446,
    0.9834438159926988,
    0.9870142138339527,
    0.9888142859735888,
    0.990414246139103,
    0.9906814148886026,
    0.9919509888680101,
    0.9938355765231472,
    0.9941429755081134,
    0.9946810505485607,
    0.9955735728012303,
    0.996138310879115,
    0.9965959810952556,
    0.9962682656559645,
    0.9980466417773451,
    0.9980126964361531,
    0.9981801912695031,
    0.9982672935423119,
    0.998409394328966,
    0.9992013422272861,
    0.99800500318649,
    0.9993440395811931,
    0.9995512749975141,
    0.9995584584145039,
    0.999597488235333,
    0.998892704630503,
    0.9997036336152627,
    0.9998276812792942,
    0.9999059801896286,
    0.9999439964157706,
    0.999919152720511,
    0.9997518610421836,
    0.9996105205278593,
    0.9996480938416422,
    1.0,
    1.0,
    0.999972429004687
  ]
}