{
  "n": [
    1,
    2,
    3,
    4,
    5,
    6,
    7,
    8,
    9,
    10,
    11,
    12,
    13,
    14,
    15,
    16,
    17,
    18,
    19,
    20,
    21,
    22,
    23,
    24,
    25,
    26,
    27,
    28,
    29,
    30,
    31,
    32,
    33,
    34,
    35,
    36,
    37,
    38,
    39,
    40,
    41,
    42,
    43,
    44,
    45,
    46,
    47,
    48,
    49
  ],
  "avg_eer": [
    0.32294527853555605,
    0.2598800126533282,
    0.21067255019884978,
    0.181719539048891,
    0.1543271133337304,
    0.13520294430358626,
    0.11782511461646054,
    0.10304635176984701,
    0.08383833889044709,
    0.07895764471919121,
    0.06813143641310447,
    0.05771578189273082,
    0.05703474116341593,
    0.045358807657147414,
    0.04156194837692318,
    0.04510854871643211,
    0.028536359707646446,
    0.0273585121901209,
    0.027257074221008693,
    0.018455011473833657,
    0.01591971180499248,
    0.014155298714117824,
    0.013816469415148105,
    0.01492550181277594,
    0.012118659285610399,
    0.01327477134580792,
    0.009593754325461968,
    0.011055089818063333,
    0.009414429022179479,
    0.007643470096448452,
    0.008407936545613847,
    0.007721421742592707,
    0.00593815290125036,
    0.004219356666062748,
    0.00393818123004642,
    0.0035957108368189082,
    0.004177750565089609,
    0.004906877689779033,
    0.0047896398702668205,
    0.003914025820880527,
    0.004502567295753062,
    0.004042509737144694,
    0.004537418343270323,
    0.002938291609803792,
    0.003485761550303772,
    0.003029047791652939,
    0.00322813184001901,
    0.0034894540943143965,
    0.002638060528358781
  ],
  "avg_auc": [
    0.7429279754512588,
    0.816766093813611,
    0.8639219286702334,
    0.8949195321187069,
    0.9186462421699538,
    0.9365469352984307,
    0.9483518641442492,
    0.9575707874148383,
    0.965612643178985,
    0.972769132337377,
    0.9764049331830781,
    0.980543306646665,
    0.9820791395827103,
    0.9864931972108917,
    0.9881590820544877,
    0.9880843452174107,
    0.9905157069860961,
    0.9917228763562528,
    0.9921327267282618,
    0.9937870008701557,
    0.9942313870400665,
    0.9948124917237223,
    0.9952867237817982,
    0.9953174496369962,
    0.996286340850293,
    0.995416085318596,
    0.9963769171045626,
    0.9961934677503834,
    0.9968008748076743,
    0.9973109736896663,
    0.9977467030425858,
    0.9979299221952959,
    0.9984575179657529,
    0.9987088928921757,
    0.9988332871209769,
    0.9991083758213359,
    0.9988512591879289,
    0.9989953978845328,
    0.9992249928645294,
    0.999079871078206,
    0.9988538886580867,
    0.999141491837837,
    0.9990427596728061,
    0.9995079381941929,
    0.9995509123324096,
    0.9992250648026549,
    0.9994398044040766,
    0.9991632356037051,
    0.9996521099378487
  ]
}