{
  "n": [
    1,
    2,
    3,
    4,
    5,
    6,
    7,
    8,
    9,
    10,
    11,
    12,
    13,
    14,
    15,
    16,
    17,
    18,
    19,
    20,
    21,
    22,
    23,
    24,
    25,
    26,
    27,
    28,
    29,
    30,
    31,
    32,
    33,
    34,
    35,
    36,
    37,
    38,
    39,
    40,
    41,
    42,
    43,
    44,
    45,
    46,
    47,
    48,
    49
  ],
  "avg_eer": [
    0.33580892772585,
    0.27595470590681387,
    0.23462348915607067,
    0.20193892513779846,
    0.17337501461517424,
    0.1511368989190228,
    0.13766341004803306,
    0.11766709350663955,
    0.10611019892457972,
    0.09213946818154566,
    0.091943183662534,
    0.07590530108408752,
    0.0694245226641615,
    0.06585337646604675,
    0.05694225235630116,
    0.055199708895614936,
    0.04978300306785431,
    0.0454937511023815,
    0.04118270280419154,
    0.036998113208401275,
    0.03334596096190397,
    0.028671290502318345,
    0.026560806207524167,
    0.024158071322703263,
    0.02154049039812565,
    0.02091962879896657,
    0.020074345923884934,
    0.01761090636442458,
    0.01734987041091645,
    0.011371997648493202,
    0.012803663358360218,
    0.013378659793430215,
    0.008464707071300271,
    0.00844893327801083,
    0.00929167048493979,
    0.01071838675907472,
    0.00878822582119684,
    0.008654045325812612,
    0.006873600008157589,
    0.006311197881106998,
    0.006434589887597788,
    0.005483139245911757,
    0.006473105787173107,
    0.004723630459100125,
    0.004515855681318916,
    0.004125344170979194,
    0.002364032043492319,
    0.0043870967742279466,
    0.003949268024386331
  ],
  "avg_auc": [
    0.7247238672923512,
    0.7977081851777166,
    0.845518051951426,
    0.8773839365012642,
    0.902760256785151,
    0.9209567578668567,
    0.934374816865131,
    0.9470990087515502,
    0.9536578978050999,
    0.9632522723039455,
    0.9668692693998696,
    0.9717131715248076,
    0.9755683374630879,
    0.9794162759342754,
    0.9817720951242017,
    0.9825096144248472,
    0.985830973118292,
    0.9881777239581351,
    0.9881318623572967,
    0.990525706952691,
    0.9909032727800935,
    0.9924334909174262,
    0.9931573074733864,
    0.9939759769589148,
    0.9948229506080375,
    0.9950248027082284,
    0.9955670599691439,
    0.9961500775318163,
    0.9961431588977244,
    0.997308696714623,
    0.9971296357164458,
    0.9973977402038666,
    0.9980414153993956,
    0.9975796107247328,
    0.9983338177889095,
    0.9982341698378101,
    0.9982470818938809,
    0.9986041234083283,
    0.998432738451462,
    0.9987064975071699,
    0.9987546557418916,
    0.9992269760656936,
    0.9988542652120772,
    0.999143235351935,
    0.9990508905670988,
    0.9991565849384051,
    0.9994916944883755,
    0.9993608340460153,
    0.9993565263769327
  ]
}