{
  "n": [
    1,
    2,
    3,
    4,
    5,
    6,
    7,
    8,
    9,
    10,
    11,
    12,
    13,
    14,
    15,
    16,
    17,
    18,
    19,
    20,
    21,
    22,
    23,
    24,
    25,
    26,
    27,
    28,
    29,
    30,
    31,
    32,
    33,
    34,
    35,
    36,
    37,
    38,
    39,
    40,
    41,
    42,
    43,
    44,
    45,
    46,
    47,
    48,
    49
  ],
  "avg_eer": [
    0.2834651344449881,
    0.21919809192527942,
    0.18498642175823352,
    0.15172239460333045,
    0.11812626820315805,
    0.07885556346084231,
    0.07022904652146109,
    0.04848438422065216,
    0.04429756544538231,
    0.03463113044623198,
    0.022371975262140607,
    0.018070281914996007,
    0.01721239016522973,
    0.01674754895240565,
    0.009843067159382893,
    0.011796719925918912,
    0.00944227173194862,
    0.006760673360973404,
    0.0038028413029343134,
    0.005863091748718992,
    0.005715063233237675,
    0.003959209911225666,
    0.004180988894811171,
    0.001075567586040971,
    0.001728110599082041,
    0.003543031351751011,
    0.0024813895781732585,
    0.0032258064516566282,
    0.0019749835418233245,
    0.002059025394669223,
    0.000716845878145102,
    0.0014662756598367813,
    0.0007501875469172033,
    0.002360346184146886,
    0.0008064516129273761,
    0.0,
    0.0,
    0.0,
    0.0,
    0.0,
    0.0,
    0.0,
    0.0,
    0.0,
    0.0,
    0.0,
    0.0,
    0.0,
    0.0
  ],
  "avg_auc": [
    0.7830638644942103,
    0.8566264117120136,
    0.8956352271197836,
    0.9269344826124627,
    0.9467565257061952,
    0.9642704823265752,
    0.9731684122248382,
    0.980427760078003,
    0.9823594209678277,
    0.9878836202709927,
    0.991011120689007,
    0.9918141810422674,
    0.992577613561497,
    0.9944850863866546,
    0.9955109103185252,
    0.9964852593151294,
    0.9957568765921525,
    0.9963739399331162,
    0.9977806280225635,
    0.998800793038157,
    0.9984663438966259,
    0.9983593384759233,
    0.9989453882425525,
    0.9996262402638726,
    0.9996543778801843,
    0.9985477691261896,
    0.9992245657568238,
    0.9991935483870968,
    0.9995062541145491,
    0.9994852436513384,
    0.999820788530466,
    0.999633431085044,
    0.9997499374843711,
    0.999213217938631,
    0.999731182795699,
    1.0,
    1.0,
    1.0,
    1.0,
    1.0,
    1.0,
    1.0,
    1.0,
    1.0,
    1.0,
    1.0,
    1.0,
    1.0,
    1.0
  ]
}