{
  "n": [
    1,
    2,
    3,
    4,
    5,
    6,
    7,
    8,
    9,
    10,
    11,
    12,
    13,
    14,
    15,
    16,
    17,
    18,
    19,
    20,
    21,
    22,
    23,
    24,
    25,
    26,
    27,
    28,
    29,
    30,
    31,
    32,
    33,
    34,
    35,
    36,
    37,
    38,
    39,
    40,
    41,
    42,
    43,
    44,
    45,
    46,
    47,
    48,
    49
  ],
  "avg_eer": [
    0.3864945244206671,
    0.33954454803609857,
    0.30371849230003234,
    0.2757307090262406,
    0.25232184772630917,
    0.2295618028335312,
    0.21439240273771779,
    0.20024300217850585,
    0.1888490916106961,
    0.1766149387954041,
    0.17080253886930571,
    0.15764715089833614,
    0.14669590157776508,
    0.13876138377340824,
    0.13150483519864975,
    0.12151688601340507,
    0.1172806025945446,
    0.11073176072278368,
    0.10841160540819633,
    0.10040756413676324,
    0.09814838006977165,
    0.09050504395707717,
    0.08549338768765102,
    0.08453030984376705,
    0.08075001767405983,
    0.07347096806712096,
    0.07204720390321323,
    0.0703302690816469,
    0.06952051920465822,
    0.06037007417385801,
    0.059763923974937044,
    0.05884401333525501,
    0.055792793444511636,
    0.05419278683755298,
    0.051257777373386604,
    0.04692062966703281,
    0.04766916361254895,
    0.047177908383521636,
    0.04170694058495764,
    0.04317602744591276,
    0.039567729364379425,
    0.035909411717353464,
    0.035873152877097525,
    0.03880117643558958,
    0.03732639183253665,
    0.035062527773656295,
    0.03274727671502167,
    0.029376704486044566,
    0.027862125345677266
  ],
  "avg_auc": [
    0.6600320886130073,
    0.722550469550331,
    0.7652248138890709,
    0.7981736003942111,
    0.8238792091406613,
    0.8458197177604524,
    0.8631385396714484,
    0.8764374512200459,
    0.890390148772379,
    0.9002220015901656,
    0.9078719185184998,
    0.9175770103506686,
    0.9239580682607789,
    0.9299524393485089,
    0.9363316570081114,
    0.9418076751457206,
    0.9455956114771069,
    0.9508840925945357,
    0.9530889549954922,
    0.9576376870027145,
    0.9601835319811606,
    0.9627237374115671,
    0.9665247095258397,
    0.9669706347668077,
    0.969331160003253,
    0.9716415542644645,
    0.9730999702219598,
    0.9733616071107482,
    0.9749636401767888,
    0.9788154811726324,
    0.9788733608630541,
    0.979480798915538,
    0.9817253067392608,
    0.9826479108748386,
    0.9835258816907866,
    0.9849869578938624,
    0.9846522499346185,
    0.9859557846301213,
    0.9862517076921606,
    0.9868998643799316,
    0.9874745277718351,
    0.9878904662171355,
    0.9894087366123202,
    0.9885513924270947,
    0.989566397540253,
    0.9899859376371666,
    0.9912927435188948,
    0.9917553766350873,
    0.9916432986152726
  ]
}