{
  "n": [
    1,
    2,
    3,
    4,
    5,
    6,
    7,
    8,
    9,
    10,
    11,
    12,
    13,
    14,
    15,
    16,
    17,
    18,
    19,
    20,
    21,
    22,
    23,
    24,
    25,
    26,
    27,
    28,
    29,
    30,
    31,
    32,
    33,
    34,
    35,
    36,
    37,
    38,
    39,
    40,
    41,
    42,
    43,
    44,
    45,
    46,
    47,
    48,
    49
  ],
  "avg_eer": [
    0.322293103956204,
    0.2588471750827475,
    0.22213490889763426,
    0.18492973003820323,
    0.16312581784963587,
    0.14277606860956554,
    0.12423947099583238,
    0.10791806468749912,
    0.10507072362639588,
    0.0895858643202731,
    0.0772172330414315,
    0.06617588357128179,
    0.061052862040286676,
    0.05428896263334448,
    0.05491481002670604,
    0.05145682737949635,
    0.044808825917475356,
    0.03176727760145902,
    0.03331589920374059,
    0.031997958516082524,
    0.020334058555717363,
    0.019504555254705926,
    0.01860346554353009,
    0.019308066648856825,
    0.01920059563891345,
    0.016071598373109255,
    0.009816038449301416,
    0.007101877539123318,
    0.006324503098826738,
    0.007831675163214124,
    0.009207581048813302,
    0.007121694238433504,
    0.00437360390040837,
    0.0031406915719649244,
    0.003420012213438103,
    0.00487368739648702,
    0.004407402560601596,
    0.005067436267091938,
    0.005204519650586768,
    0.002284525304811649,
    0.0025569573080420475,
    0.0012876623551408822,
    0.0011018838791832994,
    0.0013572714273997217,
    0.0006983851021688637,
    0.0002371916508903946,
    0.0012127091923835281,
    0.0014740194808016964,
    0.0022770915540579
  ],
  "avg_auc": [
    0.7421123987144973,
    0.8114065992464069,
    0.8563580398898814,
    0.8891573977627584,
    0.9131259533687274,
    0.9329321033480411,
    0.9437526676614957,
    0.9565628024436778,
    0.9630180693021838,
    0.9693880686130034,
    0.9748857072633744,
    0.976835605884198,
    0.982099208214374,
    0.986391642468164,
    0.9849392883118204,
    0.9859532765371377,
    0.9887608758134191,
    0.9908787166078205,
    0.9910352834316829,
    0.9919230263897836,
    0.9944755966084992,
    0.995002814788102,
    0.9963871818688447,
    0.9948431351850957,
    0.9953346966159181,
    0.9964357218337294,
    0.9980095028662137,
    0.9987472686905473,
    0.9986915751218132,
    0.9973733885335826,
    0.9974878473953713,
    0.9986975784083083,
    0.9991270030908325,
    0.9994917024055641,
    0.9994254382912656,
    0.9990661124053934,
    0.9990955752673146,
    0.9989600607383546,
    0.9990534296510053,
    0.9995636537397699,
    0.9995294161665867,
    0.9995951713537644,
    0.9996477349987338,
    0.9997109571400665,
    0.9998715921900821,
    0.9999661154784495,
    0.9997574581615328,
    0.9995938422033752,
    0.999496058030546
  ]
}