{
  "n": [
    1,
    2,
    3,
    4,
    5,
    6,
    7,
    8,
    9,
    10,
    11,
    12,
    13,
    14,
    15,
    16,
    17,
    18,
    19,
    20,
    21,
    22,
    23,
    24,
    25,
    26,
    27,
    28,
    29,
    30
  ],
  "avg_eer": [
    0.12456253370222717,
    0.09934979001696738,
    0.08670045936294388,
    0.07392707632325232,
    0.06507621861590364,
    0.059187875582536756,
    0.057870779915628355,
    0.047918077956088975,
    0.03579053656486829,
    0.026799103300279025,
    0.01767523193817252,
    0.01779128479994211,
    0.011166007905145109,
    0.009725906277740315,
    0.011929824561320222,
    0.012962962962881625,
    0.014045618247257849,
    0.015362318840569406,
    0.010205831903957106,
    0.013099193165384904,
    0.012081339712856505,
    0.010007047216336959,
    0.0110256410255518,
    0.011781609195224084,
    0.008571428571349541,
    0.008823529411813956,
    0.006060606060623653,
    0.0068965517241412035,
    0.007407407407512704,
    0.00769230769234646
  ],
  "avg_auc": [
    0.9383783231382667,
    0.9618767486973008,
    0.9704077033319942,
    0.9758137157913384,
    0.9813290528959436,
    0.9826017735503122,
    0.9854248316861108,
    0.9871527575015688,
    0.9897822432412271,
    0.9923998997257785,
    0.99527204514384,
    0.995609747707945,
    0.9979128584877669,
    0.997500660259281,
    0.9975695736222052,
    0.9974323062558357,
    0.9968229010089056,
    0.9978101468833735,
    0.9988051734975443,
    0.9986324496576039,
    0.9985059953896519,
    0.9987463373020289,
    0.9987749287749288,
    0.9988585568326946,
    0.9989285714285714,
    0.9982352941176471,
    0.9987878787878788,
    0.9986206896551725,
    0.9985185185185184,
    0.9984615384615385
  ]
}