{
    "user12": {
      "1": {
        "User": "user12",
        "n": 1,
        "EER": 0.18472063854047893,
        "AUC": 0.893256971079092
      },
      "2": {
        "User": "user12",
        "n": 2,
        "EER": 0.14548404543026586,
        "AUC": 0.9340348539561228
      },
      "3": {
        "User": "user12",
        "n": 3,
        "EER": 0.10330228619915786,
        "AUC": 0.958832305148986
      },
      "4": {
        "User": "user12",
        "n": 4,
        "EER": 0.10606060606060583,
        "AUC": 0.9651418491131409
      },
      "5": {
        "User": "user12",
        "n": 5,
        "EER": 0.08240887480098974,
        "AUC": 0.9741906271224814
      },
      "6": {
        "User": "user12",
        "n": 6,
        "EER": 0.0725806451612904,
        "AUC": 0.982332556030574
      },
      "7": {
        "User": "user12",
        "n": 7,
        "EER": 0.07000000000095463,
        "AUC": 0.9844117647058823
      },
      "8": {
        "User": "user12",
        "n": 8,
        "EER": 0.05952380952381072,
        "AUC": 0.9877255249926058
      },
      "9": {
        "User": "user12",
        "n": 9,
        "EER": 0.05333333333325466,
        "AUC": 0.9896629213483146
      },
      "10": {
        "User": "user12",
        "n": 10,
        "EER": 0.048888888889892554,
        "AUC": 0.991736111111111
      },
      "11": {
        "User": "user12",
        "n": 11,
        "EER": 0.038461538461538484,
        "AUC": 0.9940283400809716
      },
      "12": {
        "User": "user12",
        "n": 12,
        "EER": 0.03614457831186021,
        "AUC": 0.9967778089100588
      },
      "13": {
        "User": "user12",
        "n": 13,
        "EER": 0.027027027027026983,
        "AUC": 0.9974539757148453
      },
      "14": {
        "User": "user12",
        "n": 14,
        "EER": 0.04347826086863149,
        "AUC": 0.9967701863354037
      },
      "15": {
        "User": "user12",
        "n": 15,
        "EER": 0.030303030302194015,
        "AUC": 0.9974747474747475
      }
    },
    "user15": {
      "1": {
        "User": "user15",
        "n": 1,
        "EER": 0.16577540106951746,
        "AUC": 0.9150999290052046
      },
      "2": {
        "User": "user15",
        "n": 2,
        "EER": 0.10701107011067468,
        "AUC": 0.9582593332167736
      },
      "3": {
        "User": "user15",
        "n": 3,
        "EER": 0.08183943881592319,
        "AUC": 0.9730711554151682
      },
      "4": {
        "User": "user15",
        "n": 4,
        "EER": 0.05645161290323086,
        "AUC": 0.9870967741935485
      },
      "5": {
        "User": "user15",
        "n": 5,
        "EER": 0.05154639175257736,
        "AUC": 0.9902900982977703
      },
      "6": {
        "User": "user15",
        "n": 6,
        "EER": 0.03999999999979751,
        "AUC": 0.9930286410725168
      },
      "7": {
        "User": "user15",
        "n": 7,
        "EER": 0.041002277903779055,
        "AUC": 0.9931301298043894
      },
      "8": {
        "User": "user15",
        "n": 8,
        "EER": 0.025280898877025674,
        "AUC": 0.996123595505618
      },
      "9": {
        "User": "user15",
        "n": 9,
        "EER": 0.026402640264389023,
        "AUC": 0.9975459084369975
      },
      "10": {
        "User": "user15",
        "n": 10,
        "EER": 0.028571428571428602,
        "AUC": 0.9984251968503937
      },
      "11": {
        "User": "user15",
        "n": 11,
        "EER": 0.018867924527437293,
        "AUC": 0.9993710691823899
      },
      "12": {
        "User": "user15",
        "n": 12,
        "EER": 0.021978021977670324,
        "AUC": 0.9989824989824989
      },
      "13": {
        "User": "user15",
        "n": 13,
        "EER": 0.006666666667917177,
        "AUC": 0.9992
      },
      "14": {
        "User": "user15",
        "n": 14,
        "EER": 0.007812500001307851,
        "AUC": 0.9989346590909091
      },
      "15": {
        "User": "user15",
        "n": 15,
        "EER": 0.00900900900959994,
        "AUC": 0.9986486486486487
      }
    },
    "user16": {
      "1": {
        "User": "user16",
        "n": 1,
        "EER": 0.19337016574502872,
        "AUC": 0.8859880872007475
      },
      "2": {
        "User": "user16",
        "n": 2,
        "EER": 0.1307901907356887,
        "AUC": 0.9441837959586242
      },
      "3": {
        "User": "user16",
        "n": 3,
        "EER": 0.0974576271187079,
        "AUC": 0.9615617433414044
      },
      "4": {
        "User": "user16",
        "n": 4,
        "EER": 0.07060185185227941,
        "AUC": 0.978724128540305
      },
      "5": {
        "User": "user16",
        "n": 5,
        "EER": 0.06959152798748341,
        "AUC": 0.9779415353081841
      },
      "6": {
        "User": "user16",
        "n": 6,
        "EER": 0.05152671755778248,
        "AUC": 0.9872254245209534
      },
      "7": {
        "User": "user16",
        "n": 7,
        "EER": 0.04502369668280998,
        "AUC": 0.9898696682464454
      },
      "8": {
        "User": "user16",
        "n": 8,
        "EER": 0.04411764705882349,
        "AUC": 0.9929951270449008
      },
      "9": {
        "User": "user16",
        "n": 9,
        "EER": 0.034843205574575965,
        "AUC": 0.9932847640164713
      },
      "10": {
        "User": "user16",
        "n": 10,
        "EER": 0.024390243903072227,
        "AUC": 0.9945169219134051
      },
      "11": {
        "User": "user16",
        "n": 11,
        "EER": 0.0241545893715819,
        "AUC": 0.9955831608005521
      },
      "12": {
        "User": "user16",
        "n": 12,
        "EER": 0.028409090908993483,
        "AUC": 0.9956955922865014
      },
      "13": {
        "User": "user16",
        "n": 13,
        "EER": 0.02739726027273632,
        "AUC": 0.9955125177137458
      },
      "14": {
        "User": "user16",
        "n": 14,
        "EER": 0.02439024390148005,
        "AUC": 0.9963866305329719
      },
      "15": {
        "User": "user16",
        "n": 15,
        "EER": 0.009259259259512514,
        "AUC": 0.9959742351046699
      }
    },
    "user20": {
      "1": {
        "User": "user20",
        "n": 1,
        "EER": 0.17765042979942705,
        "AUC": 0.9102038291221672
      },
      "2": {
        "User": "user20",
        "n": 2,
        "EER": 0.12802275960174764,
        "AUC": 0.95176929214118
      },
      "3": {
        "User": "user20",
        "n": 3,
        "EER": 0.09212481426365908,
        "AUC": 0.9686244565516482
      },
      "4": {
        "User": "user20",
        "n": 4,
        "EER": 0.08974358974358967,
        "AUC": 0.981600686621607
      },
      "5": {
        "User": "user20",
        "n": 5,
        "EER": 0.07272727272727277,
        "AUC": 0.983785803237858
      },
      "6": {
        "User": "user20",
        "n": 6,
        "EER": 0.043478260869730806,
        "AUC": 0.9901942645698427
      },
      "7": {
        "User": "user20",
        "n": 7,
        "EER": 0.04291845493495841,
        "AUC": 0.9884954697186457
      },
      "8": {
        "User": "user20",
        "n": 8,
        "EER": 0.03333333333342441,
        "AUC": 0.9946808510638299
      },
      "9": {
        "User": "user20",
        "n": 9,
        "EER": 0.0384615384615384,
        "AUC": 0.9964703018500487
      },
      "10": {
        "User": "user20",
        "n": 10,
        "EER": 0.04104477611909772,
        "AUC": 0.9969793887704336
      },
      "11": {
        "User": "user20",
        "n": 11,
        "EER": 0.031249999999650318,
        "AUC": 0.998015873015873
      },
      "12": {
        "User": "user20",
        "n": 12,
        "EER": 0.0572916666662957,
        "AUC": 0.9960171568627452
      },
      "13": {
        "User": "user20",
        "n": 13,
        "EER": 0.006250000000299736,
        "AUC": 0.9991666666666666
      },
      "14": {
        "User": "user20",
        "n": 14,
        "EER": 0.0,
        "AUC": 1.0
      },