{
    "user12": {
      "1": {
        "User": "user12",
        "n": 1,
        "EER": 0.11923307369659962,
        "AUC": 0.9482121854800105
      },
      "2": {
        "User": "user12",
        "n": 2,
        "EER": 0.09756097560975602,
        "AUC": 0.9720576199050581
      },
      "3": {
        "User": "user12",
        "n": 3,
        "EER": 0.07727272727311488,
        "AUC": 0.9812084257206208
      },
      "4": {
        "User": "user12",
        "n": 4,
        "EER": 0.03703703703704163,
        "AUC": 0.9920267489711934
      },
      "5": {
        "User": "user12",
        "n": 5,
        "EER": 0.06341463414546895,
        "AUC": 0.9944715447154471
      },
      "6": {
        "User": "user12",
        "n": 6,
        "EER": 0.04255319149004724,
        "AUC": 0.993920972644377
      },
      "7": {
        "User": "user12",
        "n": 7,
        "EER": 0.0,
        "AUC": 1.0
      },
      "8": {
        "User": "user12",
        "n": 8,
        "EER": 0.0,
        "AUC": 1.0
      },
      "9": {
        "User": "user12",
        "n": 9,
        "EER": 0.0,
        "AUC": 1.0
      },
      "10": {
        "User": "user12",
        "n": 10,
        "EER": 0.0,
        "AUC": 1.0
      }
    },
    "user15": {
      "1": {
        "User": "user15",
        "n": 1,
        "EER": 0.0632839224621211,
        "AUC": 0.9782091483203227
      },
      "2": {
        "User": "user15",
        "n": 2,
        "EER": 0.0470737913468531,
        "AUC": 0.9930490907962515
      },
      "3": {
        "User": "user15",
        "n": 3,
        "EER": 0.0108225108228572,
        "AUC": 0.9985190248348143
      },
      "4": {
        "User": "user15",
        "n": 4,
        "EER": 0.003278688524870922,
        "AUC": 0.998688524590164
      },
      "5": {
        "User": "user15",
        "n": 5,
        "EER": 0.0,
        "AUC": 1.0
      },
      "6": {
        "User": "user15",
        "n": 6,
        "EER": 0.0,
        "AUC": 1.0
      },
      "7": {
        "User": "user15",
        "n": 7,
        "EER": 0.0,
        "AUC": 1.0
      },
      "8": {
        "User": "user15",
        "n": 8,
        "EER": 0.0,
        "AUC": 1.0
      },
      "9": {
        "User": "user15",
        "n": 9,
        "EER": 0.0,
        "AUC": 1.0
      },
      "10": {
        "User": "user15",
        "n": 10,
        "EER": 0.0,
        "AUC": 1.0
      }
    },
    "user16": {
      "1": {
        "User": "user16",
        "n": 1,
        "EER": 0.1210526315789858,
        "AUC": 0.9463713239934368
      },
      "2": {
        "User": "user16",
        "n": 2,
        "EER": 0.0921052631578947,
        "AUC": 0.9674293923890953
      },
      "3": {
        "User": "user16",
        "n": 3,
        "EER": 0.09633027522962463,
        "AUC": 0.9764016309887871
      },
      "4": {
        "User": "user16",
        "n": 4,
        "EER": 0.06143344710010265,
        "AUC": 0.9858827179646292
      },
      "5": {
        "User": "user16",
        "n": 5,
        "EER": 0.06341463414564322,
        "AUC": 0.984390243902439
      },
      "6": {
        "User": "user16",
        "n": 6,
        "EER": 0.05035971223102747,
        "AUC": 0.9872102318145484
      },
      "7": {
        "User": "user16",
        "n": 7,
        "EER": 0.009345794392730998,
        "AUC": 0.9953271028037383
      },
      "8": {
        "User": "user16",
        "n": 8,
        "EER": 0.0,
        "AUC": 1.0
      },
      "9": {
        "User": "user16",
        "n": 9,
        "EER": 0.0,
        "AUC": 1.0
      },
      "10": {
        "User": "user16",
        "n": 10,
        "EER": 0.0,
        "AUC": 1.0
      }
    },
    "user20": {
      "1": {
        "User": "user20",
        "n": 1,
        "EER": 0.09882643607061373,
        "AUC": 0.975053044262562
      },
      "2": {
        "User": "user20",
        "n": 2,
        "EER": 0.04464285714285715,
        "AUC": 0.9896103896103896
      },
      "3": {
        "User": "user20",
        "n": 3,
        "EER": 0.04285714285714347,
        "AUC": 0.9941953423705248
      },
      "4": {
        "User": "user20",
        "n": 4,
        "EER": 0.02272727272763141,
        "AUC": 0.9974747474747474
      },
      "5": {
        "User": "user20",
        "n": 5,
        "EER": 0.02777777777777776,
        "AUC": 0.9984903381642511
      },
      "6": {
        "User": "user20",
        "n": 6,
        "EER": 0.00826446281033446,
        "AUC": 0.9996939087848179
      },
      "7": {
        "User": "user20",
        "n": 7,
        "EER": 0.022988505746382448,
        "AUC": 0.9989550679205852
      },
      "8": {
        "User": "user20",
        "n": 8,
        "EER": 0.0,
        "AUC": 1.0
      },
      "9": {
        "User": "user20",
        "n": 9,
        "EER": 0.0,
        "AUC": 1.0
      },
      "10": {
        "User": "user20",
        "n": 10,
        "EER": 0.0,
        "AUC": 1.0
      }
    },
    "user21": {
      "1": {
        "User": "user21",
        "n": 1,
        "EER": 0.042105263157986315,
        "AUC": 0.9884646386243544
      },
      "2": {
        "User": "user21",
        "n": 2,
        "EER": 0.021573604059605636,
        "AUC": 0.9955095665755564
      },
      "3": {
        "User": "user21",
        "n": 3,
        "EER": 0.004329004330147283,
        "AUC": 0.9993164730006836
      },
      "4": {
        "User": "user21",
        "n": 4,
        "EER": 0.0,
        "AUC": 1.0
      },
      "5": {
        "User": "user21",
        "n": 5,
        "EER": 0.0,
        "AUC": 1.0
      },
      "6": {
        "User": "user21",
        "n": 6,
        "EER": 0.0,
        "AUC": 1.0
      },
      "7": {
        "User": "user21",
        "n": 7,
        "EER": 0.0,
        "AUC": 1.0
      },
      "8": {
        "User": "user21",
        "n": 8,
        "EER": 0.0,
        "AUC": 1.0
      },
      "9": {
        "User": "user21",
        "n": 9,
        "EER": 0.0,
        "AUC": 1.0
      },
      "10": {
        "User": "user21",
        "n": 10,
        "EER": 0.0,
        "AUC": 1.0
      }
    },
    "user23": {
      "1": {
        "User": "user23",
        "n": 1,
        "EER": 0.08371040723847237,
        "AUC": 0.9694004524886878
      },
      "2": {
        "User": "user23",
        "n": 2,
        "EER": 0.06250000000000117,
        "AUC": 0.9828616352201258
      },
      "3": {
        "User": "user23",
        "n": 3,
        "EER": 0.05172413792988116,
        "AUC": 0.9950557809330629
      },
      "4": {
        "User": "user23",
        "n": 4,
        "EER": 0.006535947713154822,
        "AUC": 0.9978213507625272
      },
      "5": {
        "User": "user23",
        "n": 5,
        "EER": 0.0,
        "AUC": 1.0
      },
      "6": {
        "User": "user23",
        "n": 6,
        "EER": 0.0,
        "AUC": 1.0
      },
      "7": {
        "User": "user23",
        "n": 7,
        "EER": 0.0,
        "AUC": 1.0
      },
      "8": {
        "User": "user23",
        "n": 8,
        "EER": 0.0,
        "AUC": 1.0
      },
      "9": {
        "User": "user23",
        "n": 9,
        "EER": 0.0,
        "AUC": 1.0
      },
      "10": {
        "User": "user23",
        "n": 10,
        "EER": 0.0,
        "AUC": 1.0
      }
    },
    "user29": {
      "1": {
        "User": "user29",
        "n": 1,
        "EER": 0.12927107061633006,
        "AUC": 0.9566695698780652
      },
      "2": {
        "User": "user29",
        "n": 2,
        "EER": 0.09523809523817743,
        "AUC": 0.9719745222929936
      },
      "3": {
        "User": "user29",
        "n": 3,
        "EER": 0.09999999999999856,
        "AUC": 0.9636659436008677
      },
      "4": {
        "User": "user29",
        "n": 4,
        "EER": 0.12499999999999975,
        "AUC": 0.9674267100977199
      },
      "5": {
        "User": "user29",
        "n": 5,
        "EER": 0.041284403670639555,
        "AUC": 0.9770642201834863
      },