{
    "user12": {
      "1": {
        "User": "user12",
        "n": 1,
        "EER": 0.08630013519590876,
        "AUC": 0.974684897431985
      },
      "2": {
        "User": "user12",
        "n": 2,
        "EER": 0.039077212806394326,
        "AUC": 0.9915586343781012
      },
      "3": {
        "User": "user12",
        "n": 3,
        "EER": 0.026143790849494117,
        "AUC": 0.9969620301688613
      },
      "4": {
        "User": "user12",
        "n": 4,
        "EER": 0.018480492812074707,
        "AUC": 0.9984405873464801
      },
      "5": {
        "User": "user12",
        "n": 5,
        "EER": 0.010738255033550987,
        "AUC": 0.9996562448845965
      },
      "6": {
        "User": "user12",
        "n": 6,
        "EER": 0.005050505051683061,
        "AUC": 0.9998963998963999
      },
      "7": {
        "User": "user12",
        "n": 7,
        "EER": 0.0,
        "AUC": 1.0
      },
      "8": {
        "User": "user12",
        "n": 8,
        "EER": 0.0,
        "AUC": 1.0
      },
      "9": {
        "User": "user12",
        "n": 9,
        "EER": 0.0,
        "AUC": 1.0
      },
      "10": {
        "User": "user12",
        "n": 10,
        "EER": 0.0,
        "AUC": 1.0
      },
      "11": {
        "User": "user12",
        "n": 11,
        "EER": 0.0,
        "AUC": 1.0
      },
      "12": {
        "User": "user12",
        "n": 12,
        "EER": 0.0,
        "AUC": 1.0
      },
      "13": {
        "User": "user12",
        "n": 13,
        "EER": 0.0,
        "AUC": 1.0
      },
      "14": {
        "User": "user12",
        "n": 14,
        "EER": 0.0,
        "AUC": 1.0
      },
      "15": {
        "User": "user12",
        "n": 15,
        "EER": 0.0,
        "AUC": 1.0
      }
    },
    "user15": {
      "1": {
        "User": "user15",
        "n": 1,
        "EER": 0.08650519031142961,
        "AUC": 0.9718056607124149
      },
      "2": {
        "User": "user15",
        "n": 2,
        "EER": 0.06818181818181819,
        "AUC": 0.9890757100788449
      },
      "3": {
        "User": "user15",
        "n": 3,
        "EER": 0.027177700349161265,
        "AUC": 0.9938302031103935
      },
      "4": {
        "User": "user15",
        "n": 4,
        "EER": 0.021484375000920153,
        "AUC": 0.9986921037946429
      },
      "5": {
        "User": "user15",
        "n": 5,
        "EER": 0.024390243902264158,
        "AUC": 0.9992242288835103
      },
      "6": {
        "User": "user15",
        "n": 6,
        "EER": 0.030158730158650403,
        "AUC": 0.99896004378763
      },
      "7": {
        "User": "user15",
        "n": 7,
        "EER": 0.0,
        "AUC": 1.0
      },
      "8": {
        "User": "user15",
        "n": 8,
        "EER": 0.0,
        "AUC": 1.0
      },
      "9": {
        "User": "user15",
        "n": 9,
        "EER": 0.0,
        "AUC": 1.0
      },
      "10": {
        "User": "user15",
        "n": 10,
        "EER": 0.0,
        "AUC": 1.0
      },
      "11": {
        "User": "user15",
        "n": 11,
        "EER": 0.0,
        "AUC": 1.0
      },
      "12": {
        "User": "user15",
        "n": 12,
        "EER": 0.0,
        "AUC": 1.0
      },
      "13": {
        "User": "user15",
        "n": 13,
        "EER": 0.0,
        "AUC": 1.0
      },
      "14": {
        "User": "user15",
        "n": 14,
        "EER": 0.0,
        "AUC": 1.0
      },
      "15": {
        "User": "user15",
        "n": 15,
        "EER": 0.0,
        "AUC": 1.0
      }
    },
    "user16": {
      "1": {
        "User": "user16",
        "n": 1,
        "EER": 0.102316602316603,
        "AUC": 0.9664551310892774
      },
      "2": {
        "User": "user16",
        "n": 2,
        "EER": 0.06911142454273583,
        "AUC": 0.9825749763939426
      },
      "3": {
        "User": "user16",
        "n": 3,
        "EER": 0.0658857979492476,
        "AUC": 0.9863186370996674
      },
      "4": {
        "User": "user16",
        "n": 4,
        "EER": 0.04854368932038827,
        "AUC": 0.990480070753545
      },
      "5": {
        "User": "user16",
        "n": 5,
        "EER": 0.03947368421053523,
        "AUC": 0.9920807344593173
      },
      "6": {
        "User": "user16",
        "n": 6,
        "EER": 0.03571428571428515,
        "AUC": 0.9948175787728027
      },
      "7": {
        "User": "user16",
        "n": 7,
        "EER": 0.02127659574487744,
        "AUC": 0.9953513320221706
      },
      "8": {
        "User": "user16",
        "n": 8,
        "EER": 0.025641025641056293,
        "AUC": 0.9946527509341581
      },
      "9": {
        "User": "user16",
        "n": 9,
        "EER": 0.03333333333333684,
        "AUC": 0.9971484759095379
      },
      "10": {
        "User": "user16",
        "n": 10,
        "EER": 0.045454545454545435,
        "AUC": 0.9955010859447719
      },
      "11": {
        "User": "user16",
        "n": 11,
        "EER": 0.03585657370517792,
        "AUC": 0.9974837492136717
      },
      "12": {
        "User": "user16",
        "n": 12,
        "EER": 0.027027027027222296,
        "AUC": 0.9981981981981982
      },
      "13": {
        "User": "user16",
        "n": 13,
        "EER": 0.0053475935831936,
        "AUC": 0.999554367201426
      },
      "14": {
        "User": "user16",
        "n": 14,
        "EER": 0.0,
        "AUC": 1.0
      },
      "15": {
        "User": "user16",
        "n": 15,
        "EER": 0.0,
        "AUC": 1.0
      }
    },
    "user20": {
      "1": {
        "User": "user20",
        "n": 1,
        "EER": 0.09330254041627062,
        "AUC": 0.9715849104705918
      },
      "2": {
        "User": "user20",
        "n": 2,
        "EER": 0.057682985943131905,
        "AUC": 0.9882910183523641
      },
      "3": {
        "User": "user20",
        "n": 3,
        "EER": 0.041635124905395504,
        "AUC": 0.9937045219298923
      },
      "4": {
        "User": "user20",
        "n": 4,
        "EER": 0.026624068157108553,
        "AUC": 0.9971525464693842
      },
      "5": {
        "User": "user20",
        "n": 5,
        "EER": 0.020979020980228975,
        "AUC": 0.9982017982017982
      },
      "6": {
        "User": "user20",
        "n": 6,
        "EER": 0.021164021163562526,
        "AUC": 0.9987731002223756
      },
      "7": {
        "User": "user20",
        "n": 7,
        "EER": 0.01559020044622766,
        "AUC": 0.9983145729248178
      },
      "8": {
        "User": "user20",
        "n": 8,
        "EER": 0.021333333334509517,
        "AUC": 0.9990537634408603
      },
      "9": {
        "User": "user20",
        "n": 9,
        "EER": 0.018181818182196358,
        "AUC": 0.9993051534452808
      },
      "10": {
        "User": "user20",
        "n": 10,
        "EER": 0.019607843137254933,
        "AUC": 0.9992572786690435
      },
      "11": {
        "User": "user20",
        "n": 11,
        "EER": 0.024999999999999998,
        "AUC": 0.9985869565217391
      },
      "12": {
        "User": "user20",
        "n": 12,
        "EER": 0.0,
        "AUC": 1.0
      },
      "13": {
        "User": "user20",
        "n": 13,
        "EER": 0.0,
        "AUC": 1.0
      },
      "14": {
        "User": "user20",
        "n": 14,
        "EER": 0.0,
        "AUC": 1.0
      },
      "15": {
        "User": "user20",
        "n": 15,
        "EER": 0.0,
        "AUC": 1.0
      }
    },
    "user21": {
      "1": {
        "User": "user21",
        "n": 1,
        "EER": 0.052125614183605395,
        "AUC": 0.9884720649111421
      },
      "2": {
        "User": "user21",
        "n": 2,
        "EER": 0.0243902439023964,
        "AUC": 0.9976610604643067
      },
      "3": {
        "User": "user21",
        "n": 3,
        "EER": 0.024999999999999994,
        "AUC": 0.998982254697286
      },
      "4": {
        "User": "user21",
        "n": 4,
        "EER": 0.0038910505837659658,
        "AUC": 0.9997193953906016
      },