{
  "n": [
    1,
    2,
    3,
    4,
    5,
    6,
    7,
    8,
    9,
    10,
    11,
    12,
    13,
    14,
    15,
    16,
    17,
    18,
    19,
    20,
    21,
    22,
    23,
    24,
    25,
    26,
    27,
    28,
    29,
    30,
    31,
    32,
    33,
    34,
    35,
    36,
    37,
    38,
    39,
    40,
    41,
    42,
    43,
    44,
    45,
    46,
    47,
    48,
    49
  ],
  "avg_eer": [
    0.2945776613117655,
    0.20832996252705463,
    0.1560965369820232,
    0.1238345832325238,
    0.09863401515956091,
    0.07759061468047236,
    0.0661315293812649,
    0.055259098639654516,
    0.04559546321916443,
    0.0387694783632217,
    0.029338668941335876,
    0.026120966684723978,
    0.02155346810427814,
    0.019844133247423366,
    0.015968660296152633,
    0.012387028293905034,
    0.011008984724524417,
    0.008243633335124827,
    0.0090808892878123,
    0.008188302492532686,
    0.0059780019553252,
    0.004988152187235618,
    0.004836962725802991,
    0.0037609375528528887,
    0.0031773611770724935,
    0.0029281243893729382,
    0.0017826103001825394,
    0.0017074506575755273,
    0.00113613018111506,
    0.001302161806676766,
    0.0014091963345212468,
    0.0006876835884281823,
    0.0009297762791757527,
    0.0006944444444749764,
    0.0012366295427593663,
    0.0007352941176470476,
    0.0007575757575757449,
    0.00041493775941589973,
    0.0007999999999999897,
    0.0003275109171355094,
    0.00011185682332233499,
    0.0,
    0.00023474178414867422,
    0.00011248593937609979,
    0.0001228501228763994,
    0.0,
    0.00012820512823075964,
    0.0,
    0.0
  ],
  "avg_auc": [
    0.7802278496435219,
    0.8684971026873125,
    0.915101869312182,
    0.9427447182919975,
    0.960575809060539,
    0.9725401072217759,
    0.9797820598348415,
    0.9853451256676931,
    0.9894487992299685,
    0.9921282854160584,
    0.9942511379413996,
    0.9954940064894805,
    0.9969572076042889,
    0.9973205200348572,
    0.9980593016383759,
    0.9987797070770217,
    0.9990701810039088,
    0.9993614743731383,
    0.9993481681663665,
    0.999532462666358,
    0.9996350715864584,
    0.9996730465006355,
    0.9997628115012942,
    0.9998040447385002,
    0.9998534028926267,
    0.9998936966232949,
    0.9999178710212482,
    0.999925413211406,
    0.9999789333694673,
    0.999964368985195,
    0.9999602587541949,
    0.9999844711926343,
    0.9999530247546204,
    0.9999884044526901,
    0.9999784297296763,
    0.9999934993643823,
    0.9999931129476585,
    0.9999847212840555,
    0.9999906382978724,
    0.9999928412914312,
    0.9999990600266953,
    1.0,
    0.9999958817230871,
    0.9999959096022089,
    0.9999988729346526,
    1.0,
    0.9999987672583825,
    1.0,
    1.0
  ]
}