{
  "n": [
    1,
    2,
    3,
    4,
    5,
    6,
    7,
    8,
    9,
    10,
    11,
    12,
    13,
    14,
    15,
    16,
    17,
    18,
    19,
    20,
    21,
    22,
    23,
    24,
    25,
    26,
    27,
    28,
    29,
    30,
    31,
    32,
    33,
    34,
    35,
    36,
    37,
    38,
    39,
    40,
    41,
    42,
    43,
    44,
    45,
    46,
    47,
    48,
    49
  ],
  "avg_eer": [
    0.28733861226817303,
    0.20098139925847586,
    0.14976486748488843,
    0.11655668200667244,
    0.09544962211953659,
    0.07871819451932396,
    0.06091876539025674,
    0.05266649734779594,
    0.04158618807411776,
    0.03578544804596616,
    0.029320525794138852,
    0.0230072228945084,
    0.02148826540021207,
    0.016518916814336492,
    0.01483527755249435,
    0.012301222777248962,
    0.013093088374134138,
    0.008827989547508231,
    0.006635222078077844,
    0.005970140974753262,
    0.005624596224432225,
    0.006694240972524325,
    0.0027556076018795915,
    0.0016947626682613053,
    0.001661672381507176,
    0.0013955208125428138,
    0.0013295370557410548,
    0.0008403361344531369,
    0.0011743565351517444,
    0.0003701714360013844,
    0.0004990502815074662,
    0.000515283509494445,
    0.0009900990099000835,
    0.00026836493336361713,
    0.00014367816096642365,
    0.0,
    0.0009118541033144356,
    0.0,
    0.0,
    0.0001642036125469125,
    0.00016835016839707452,
    0.0,
    0.0,
    0.0,
    0.0,
    0.0,
    0.0,
    0.0,
    0.0
  ],
  "avg_auc": [
    0.7890475793184102,
    0.8753111775713359,
    0.9197228333831665,
    0.946409431711438,
    0.9626227506326263,
    0.9736952282710154,
    0.9814823883961896,
    0.9859274440988811,
    0.9906549053839644,
    0.9927083572639986,
    0.9941058253127284,
    0.9962708144652341,
    0.9968585117837057,
    0.9977499471271492,
    0.998412166863343,
    0.9986673278688688,
    0.9988161023622834,
    0.9994688198631592,
    0.9996357126288233,
    0.9996004978472698,
    0.9996591239317052,
    0.9995643262189843,
    0.9998416134212855,
    0.9999540810891234,
    0.9999673870558267,
    0.9999445310851607,
    0.999948731377523,
    0.9999835796387521,
    0.9999638283715637,
    0.999995420652913,
    0.9999888140687585,
    0.9999893146416454,
    0.9999852424266816,
    0.9999916180852205,
    0.9999984875983061,
    1.0,
    0.9999898682877406,
    1.0,
    1.0,
    0.9999980216432232,
    0.9999979216028599,
    1.0,
    1.0,
    1.0,
    1.0,
    1.0,
    1.0,
    1.0,
    1.0
  ]
}