{
  "n": [
    1,
    2,
    3,
    4,
    5,
    6,
    7,
    8,
    9,
    10,
    11,
    12,
    13,
    14,
    15,
    16,
    17,
    18,
    19,
    20,
    21,
    22,
    23,
    24,
    25,
    26,
    27,
    28,
    29,
    30,
    31,
    32,
    33,
    34,
    35,
    36,
    37,
    38,
    39,
    40,
    41,
    42,
    43,
    44,
    45,
    46,
    47,
    48,
    49
  ],
  "avg_eer": [
    0.26798031891355595,
    0.1755395083177374,
    0.1282623803715493,
    0.097190238453777,
    0.0779056757405204,
    0.06030922926952209,
    0.044820554994425985,
    0.03724681189855242,
    0.03040948640325607,
    0.02620511070472112,
    0.02054741012596672,
    0.01675012741849978,
    0.017539161108071875,
    0.01104976133763263,
    0.011278781661838414,
    0.007322017796694685,
    0.005714278386117535,
    0.006334503257649407,
    0.0030544911658517545,
    0.004195203690172455,
    0.0023114857649390074,
    0.002190886810440758,
    0.0012633893272804507,
    0.0011657401717882925,
    0.0007807337718621776,
    0.00041282041483392117,
    0.0004149377593793922,
    0.0009031271581336948,
    0.0,
    0.00023041474658766384,
    0.0002538071066868807,
    0.0,
    0.0,
    0.0,
    0.0002688172044121444,
    0.0,
    0.0,
    0.0,
    0.0,
    0.0,
    0.0,
    0.0,
    0.0,
    0.0,
    0.0,
    0.0,
    0.0,
    0.0,
    0.0
  ],
  "avg_auc": [
    0.8116296171195954,
    0.8963094786648889,
    0.9377449041486597,
    0.9594242352601988,
    0.9734546334718137,
    0.9830206754220641,
    0.9873756858455117,
    0.9914965485573299,
    0.9944154890649999,
    0.9953634037443642,
    0.997114776219387,
    0.9977280066295344,
    0.9981549801462387,
    0.9986671155822853,
    0.9988870739576233,
    0.9991838530677063,
    0.9996186090564091,
    0.9995368346862172,
    0.9998186791494765,
    0.999641249404951,
    0.9997974896746544,
    0.9998618063051777,
    0.9999155157205835,
    0.9999322276511411,
    0.9998971113606825,
    0.9999772993553504,
    0.9999792531120331,
    0.999906564548445,
    1.0,
    0.9999487967229903,
    0.9999951190941039,
    1.0,
    1.0,
    1.0,
    0.9999766245909303,
    1.0,
    1.0,
    1.0,
    1.0,
    1.0,
    1.0,
    1.0,
    1.0,
    1.0,
    1.0,
    1.0,
    1.0,
    1.0,
    1.0
  ]
}