{
  "n": [
    1,
    2,
    3,
    4,
    5,
    6,
    7,
    8,
    9,
    10,
    11,
    12,
    13,
    14,
    15,
    16,
    17,
    18,
    19,
    20,
    21,
    22,
    23,
    24,
    25,
    26,
    27,
    28,
    29,
    30,
    31,
    32,
    33,
    34,
    35,
    36,
    37,
    38,
    39,
    40,
    41,
    42,
    43,
    44,
    45,
    46,
    47,
    48,
    49
  ],
  "avg_eer": [
    0.2528257929195185,
    0.15804671352713,
    0.11316376058994453,
    0.08257031462264226,
    0.0654662599098798,
    0.047908119458411405,
    0.03835109794064897,
    0.032479076285758204,
    0.025515039196123024,
    0.02704541679577399,
    0.016464906726494925,
    0.01374049620364158,
    0.011358829542248677,
    0.008267501182370776,
    0.00856385615757021,
    0.005959207390188155,
    0.004513051107716357,
    0.005809087975330298,
    0.005338273638093257,
    0.003278688524684949,
    0.0026315789473748685,
    0.002702702702702696,
    0.0028571428571428615,
    0.003030303030346841,
    0.003125000000000005,
    0.0025641025640173705,
    0.0017699115043777302,
    0.0013761467890363,
    0.0,
    0.0004926108374501501,
    0.0015228426396908053,
    0.00263157894729315,
    0.0010810810811791248,
    0.0,
    0.0005747126438127933,
    0.0005917159764777821,
    0.0,
    0.0,
    0.0006410256411858372,
    0.0006578947369388146,
    0.0,
    0.0,
    0.0,
    0.0,
    0.0,
    0.0,
    0.0,
    0.0,
    0.0
  ],
  "avg_auc": [
    0.8262042710629987,
    0.9107482706918543,
    0.947451781460775,
    0.9674269984756101,
    0.9778652644746411,
    0.9849890180149197,
    0.9899059198169203,
    0.9918529275061116,
    0.9938399300984898,
    0.9949208162725108,
    0.9969373847138062,
    0.9974783009614765,
    0.9978492816595818,
    0.9987992345355987,
    0.9985776909192096,
    0.9991413139707708,
    0.9993154998846242,
    0.9990801639859539,
    0.999192578043005,
    0.9996639344262295,
    0.9997822141560799,
    0.9996292321202068,
    0.9997412398921833,
    0.9998806967310905,
    0.9997054303278687,
    0.9998345740281224,
    0.9999410029498526,
    0.9999525466624487,
    1.0,
    0.9999635103083377,
    0.9999414291292463,
    0.9998947368421053,
    0.9999549549549549,
    1.0,
    0.9999750124937531,
    0.9999731038192576,
    1.0,
    1.0,
    0.9999679487179488,
    0.9999671052631578,
    1.0,
    1.0,
    1.0,
    1.0,
    1.0,
    1.0,
    1.0,
    1.0,
    1.0
  ]
}