{
  "n": [
    1,
    2,
    3,
    4,
    5,
    6,
    7,
    8,
    9,
    10,
    11,
    12,
    13,
    14,
    15,
    16,
    17,
    18,
    19,
    20,
    21,
    22,
    23,
    24,
    25,
    26,
    27,
    28,
    29,
    30,
    31,
    32,
    33,
    34,
    35,
    36,
    37,
    38,
    39,
    40,
    41,
    42,
    43,
    44,
    45,
    46,
    47,
    48,
    49
  ],
  "avg_eer": [
    0.2305747078841916,
    0.14017572314600565,
    0.0960470204849192,
    0.06930676996581622,
    0.04843530180501586,
    0.040478603215916724,
    0.0340621293801397,
    0.022704667370287018,
    0.017877840482799938,
    0.01611195753947971,
    0.006673645541343751,
    0.005313645735510547,
    0.005227002186948196,
    0.006975683890676184,
    0.0050735667174901435,
    0.004487804878074295,
    0.004865960802130736,
    0.0017648273016930816,
    0.0006250000000830994,
    0.0018774069320469475,
    0.006061007957509921,
    0.0013957786208362046,
    0.0007575757576825192,
    0.0,
    0.0,
    0.0,
    0.0,
    0.0,
    0.0,
    0.0,
    0.0,
    0.0,
    0.0,
    0.0,
    0.0,
    0.0,
    0.0,
    0.0,
    0.0,
    0.0,
    0.0,
    0.0,
    0.0,
    0.0,
    0.0,
    0.0,
    0.0,
    0.0,
    0.0
  ],
  "avg_auc": [
    0.8483853772660771,
    0.9238002021097145,
    0.9587276353442447,
    0.9754050431584224,
    0.9848631712596371,
    0.9907022886274552,
    0.9930808959886545,
    0.9960614075659567,
    0.9966983086341312,
    0.9963645059638994,
    0.9984559744044053,
    0.9980157796563092,
    0.9987871105662542,
    0.9978556598583926,
    0.9996930185404441,
    0.9993761232349165,
    0.9993594807270192,
    0.9999156078833135,
    0.9999702380952382,
    0.9997817715019256,
    0.9995074888813547,
    0.999823607425008,
    0.9999108734402853,
    1.0,
    1.0,
    1.0,
    1.0,
    1.0,
    1.0,
    1.0,
    1.0,
    1.0,
    1.0,
    1.0,
    1.0,
    1.0,
    1.0,
    1.0,
    1.0,
    1.0,
    1.0,
    1.0,
    1.0,
    1.0,
    1.0,
    1.0,
    1.0,
    1.0,
    1.0
  ]
}