{
  "n": [
    1,
    2,
    3,
    4,
    5,
    6,
    7,
    8,
    9,
    10,
    11,
    12,
    13,
    14,
    15
  ],
  "avg_eer": [
    0.07287310863471218,
    0.052073920846284524,
    0.038031041546889195,
    0.03412973967328943,
    0.027458879679840363,
    0.022762133341212076,
    0.019552069378440194,
    0.02038269894740653,
    0.014405920668068787,
    0.01148556424813017,
    0.006843250496262376,
    0.004071315551636671,
    0.003799980040810514,
    0.002222839677820139,
    0.0006622516557727073
  ],
  "avg_auc": [
    0.9762177705567844,
    0.9879404881749618,
    0.9921930592267987,
    0.9937342316746491,
    0.9954769264173867,
    0.9963529520491108,
    0.9971660661490611,
    0.9972260323392634,
    0.9977115710636564,
    0.9988356462512504,
    0.999120116688467,
    0.9993762793396715,
    0.9995179368947241,
    0.9996786986284067,
    0.9999264164827079
  ]
}