{
    "n": [
      1,
      2,
      3,
      4,
      5,
      6,
      7,
      8,
      9,
      10,
      11,
      12,
      13,
      14,
      15
    ],
    "avg_eer": [
      0.060035721152627605,
      0.036859968687819114,
      0.0254735173996042,
      0.016731170148282494,
      0.011820133502340482,
      0.008362446122959537,
      0.00966594620498539,
      0.005905045721211653,
      0.0060805458366456925,
      0.0009077380953771882,
      0.0010724350278180847,
      0.0007858819171797836,
      0.0004504504504986821,
      0.0005434782609381369,
      0.0
    ],
    "avg_auc": [
      0.9822682960599602,
      0.9926688941881381,
      0.9961913168273918,
      0.9975246315070031,
      0.9984488305711914,
      0.9988966623587621,
      0.9992403912691603,
      0.9994613034771452,
      0.9995818156336449,
      0.9999205428192497,
      0.9999084801323608,
      0.9998458784761434,
      0.9998198198198198,
      0.9998641304347826,
      1.0
    ]
  }