{
  "n": [
    1,
    2,
    3,
    4,
    5,
    6,
    7,
    8,
    9,
    10,
    11,
    12,
    13,
    14,
    15,
    16,
    17,
    18,
    19,
    20,
    21,
    22,
    23,
    24,
    25,
    26,
    27,
    28,
    29,
    30,
    31,
    32,
    33,
    34,
    35,
    36,
    37,
    38,
    39,
    40,
    41,
    42,
    43,
    44,
    45,
    46,
    47,
    48,
    49,
    50,
    51,
    52,
    53,
    54,
    55,
    56,
    57,
    58,
    59,
    60,
    61,
    62,
    63,
    64,
    65,
    66,
    67,
    68,
    69,
    70,
    71,
    72,
    73,
    74,
    75,
    76,
    77,
    78,
    79,
    80,
    81,
    82,
    83,
    84,
    85,
    86,
    87,
    88,
    89,
    90,
    91,
    92,
    93,
    94,
    95,
    96,
    97,
    98,
    99,
    100
  ],
  "avg_eer": [
    0.22798763783773546,
    0.20276387998143805,
    0.18771601100042817,
    0.1762113449282953,
    0.1679359799747428,
    0.1682825786649016,
    0.16100461388224102,
    0.16916725454965015,
    0.16380709564631207,
    0.1555093727713762,
    0.1528359525605803,
    0.16921110176893933,
    0.13735335535886076,
    0.13319525459380027,
    0.15149057108816785,
    0.1335778929219687,
    0.14154864478173837,
    0.138962215059673,
    0.1274992343241795,
    0.14002481629264107,
    0.12322169641697403,
    0.11372416924845208,
    0.10780511638875963,
    0.1083779763380901,
    0.09522028860688286,
    0.10778626940815043,
    0.11013556832821388,
    0.11168284326116266,
    0.11214774273782106,
    0.10369807303231127,
    0.09594914115228341,
    0.09343036621311841,
    0.08395512321740137,
    0.09105284342474054,
    0.08821333493488918,
    0.10137763121952834,
    0.09155761201726065,
    0.08793048368351739,
    0.08524757043322356,
    0.08682425044889508,
    0.07886745884540072,
    0.070753894849549,
    0.08001934184409251,
    0.08021418204427418,
    0.08192938713952444,
    0.07629806270370923,
    0.07545981837198176,
    0.05894361789224151,
    0.054444123453393924,
    0.054592704044164386,
    0.05574403333510758,
    0.0606830577253837,
    0.0684184519397492,
    0.06749903605207278,
    0.06749903605207278,
    0.07186234817827876,
    0.07533428165006577,
    0.08089412720997323,
    0.07900989224520935,
    0.06294329853174277,
    0.06294329853174277,
    0.057144979203976966,
    0.05420380273330205,
    0.05606617647068255,
    0.05625610948200629,
    0.05625610948200629,
    0.05625610948200629,
    0.05948191593367336,
    0.05839822024495507,
    0.05839822024493779,
    0.05839822024480752,
    0.058398220244962815,
    0.06047619047627699,
    0.0676190476191429,
    0.06895604395612985,
    0.06510989010998572,
    0.06895604395612985,
    0.06770370370363792,
    0.06770370370359557,
    0.05367948717962297,
    0.05164492753636639,
    0.05164492753636639,
    0.05164492753636639,
    0.04090909090911662,
    0.042857142857322075,
    0.042857142857322075,
    0.042857142857322075,
    0.0428571428572367,
    0.042857142857322075,
    0.0450000000000426,
    0.0450000000000426,
    0.05,
    0.05,
    0.05,
    0.05,
    0.05,
    0.05,
    0.05,
    0.05,
    0.05
  ],
  "avg_auc": [
    0.8417242905033581,
    0.86467134022774,
    0.8740504830432597,
    0.8858342108773606,
    0.8907621036420444,
    0.8962577443884306,
    0.8982885497618553,
    0.9020929359055276,
    0.9066357993732996,
    0.9094835950661541,
    0.910283711302014,
    0.9126259401253842,
    0.9187966198869877,
    0.9167678706601281,
    0.9205470987700839,
    0.9209488722674383,
    0.9198941602647608,
    0.9211441877683815,
    0.927134701981603,
    0.922501626387754,
    0.9281965903333145,
    0.9289702389722064,
    0.9325417343133958,
    0.9355244655457143,
    0.9378240525892894,
    0.931159418489718,
    0.9357974873667011,
    0.934630343589179,
    0.9341641508067482,
    0.9358548579635537,
    0.9381944794430522,
    0.9376360471129683,
    0.9413758342205778,
    0.9404776536714394,
    0.9400863708240758,
    0.9346999292700495,
    0.9374169952031618,
    0.9411358883355334,
    0.9400746483998045,
    0.9431385520213723,
    0.9442065062819779,
    0.9476905495951001,
    0.9438976392879358,
    0.9435354047569682,
    0.9430368493551267,
    0.9452659469584935,
    0.9460552352654036,
    0.9483542780104963,
    0.9495758101015938,
    0.949994597543378,
    0.9479332649766569,
    0.9474087183850373,
    0.9452588463720059,
    0.9488639868903027,
    0.9488639868903027,
    0.9523701079622132,
    0.9510170697012802,
    0.9482371469213575,
    0.9459084084084084,
    0.9524781427722605,
    0.9524781427722605,
    0.953906714200832,
    0.9548871063576947,
    0.9538464579380139,
    0.9537438905180841,
    0.9529105571847507,
    0.9495772238514174,
    0.9493352883675463,
    0.9427512050426399,
    0.9439006303299962,
    0.9450500556173527,
    0.9439006303299962,
    0.9419047619047619,
    0.9407142857142858,
    0.940018315018315,
    0.9425824175824176,
    0.9425824175824176,
    0.9442962962962962,
    0.942962962962963,
    0.9497094017094018,
    0.9518876811594204,
    0.9518876811594204,
    0.9518876811594204,
    0.9606060606060606,
    0.9587301587301587,
    0.9587301587301587,
    0.9587301587301587,
    0.9603174603174602,
    0.9587301587301587,
    0.9566666666666667,
    0.9566666666666667,
    0.9525,
    0.9525,
    0.95,
    0.95,
    0.95,
    0.95,
    0.95,
    0.95,
    0.95
  ]
}