{
  "n": [
    1,
    2,
    3,
    4,
    5,
    6,
    7,
    8,
    9,
    10,
    11,
    12,
    13,
    14,
    15,
    16,
    17,
    18,
    19,
    20,
    21,
    22,
    23,
    24,
    25,
    26,
    27,
    28,
    29,
    30,
    31,
    32,
    33,
    34,
    35,
    36,
    37,
    38,
    39,
    40,
    41,
    42,
    43,
    44,
    45,
    46,
    47,
    48,
    49,
    50,
    51,
    52,
    53,
    54,
    55,
    56,
    57,
    58,
    59,
    60,
    61,
    62,
    63,
    64,
    65,
    66,
    67,
    68,
    69,
    70,
    71,
    72,
    73,
    74,
    75,
    76,
    77,
    78,
    79,
    80,
    81,
    82,
    83,
    84,
    85,
    86,
    87,
    88,
    89,
    90,
    91,
    92,
    93,
    94,
    95,
    96,
    97,
    98,
    99,
    100
  ],
  "avg_eer": [
    0.23568847554666822,
    0.20598345427295314,
    0.19496589876275483,
    0.18135253878609164,
    0.17694453738687438,
    0.16883129446993864,
    0.16362159251897462,
    0.15704147048340658,
    0.16144309435226578,
    0.15093778842413202,
    0.14815777432753716,
    0.14745594456400188,
    0.13706229914297735,
    0.1358156997306626,
    0.13864793939481043,
    0.14377006000967302,
    0.14237746153824085,
    0.13244274965293507,
    0.1299886030826238,
    0.12775039974971938,
    0.12200063553144895,
    0.12777743666873662,
    0.12691921604959253,
    0.13054187365934733,
    0.12577588301520523,
    0.11868480152296038,
    0.12794185460745072,
    0.1175628546658054,
    0.12542013703016874,
    0.11389639238253642,
    0.12220629119979454,
    0.11568866536879133,
    0.11914096635341243,
    0.11072145526916785,
    0.10398096219775033,
    0.10805825031762391,
    0.10671258519437125,
    0.11003122898441967,
    0.1057418300317162,
    0.10659497170331278,
    0.11010290789199392,
    0.10450004100381896,
    0.10009669509114834,
    0.09989361946015643,
    0.11481037661820315,
    0.1156724052183445,
    0.08619839087340266,
    0.09143704239939558,
    0.09327871153962781,
    0.09211793090432216,
    0.09023662394021995,
    0.09266842320152872,
    0.08304086772367623,
    0.09089918557850736,
    0.09492639482887916,
    0.08667626873630993,
    0.07916902433068537,
    0.07811157888785418,
    0.08869103646028229,
    0.0831186411978754,
    0.08458277450392833,
    0.08910517144619498,
    0.08409849967419565,
    0.08835024247031727,
    0.0834052141891435,
    0.07727078891272403,
    0.08016645119617637,
    0.08519052599055356,
    0.0820027422488864,
    0.08195390220004643,
    0.08354120378735723,
    0.08295922939091219,
    0.08197385004970903,
    0.08684336847875487,
    0.08835667245370295,
    0.08302993173428166,
    0.07433863555851856,
    0.07709908874778779,
    0.07414081179984669,
    0.07106978304362281,
    0.07361485474711196,
    0.07614969237626226,
    0.07422922988975064,
    0.0708287088421572,
    0.07731446540889815,
    0.07161780358019694,
    0.08083356535649847,
    0.08860732798183787,
    0.08895601433613687,
    0.09667674762197132,
    0.09883549573680239,
    0.0919243566992928,
    0.08779875536128903,
    0.07780416735399169,
    0.08061954223738113,
    0.0807183564667762,
    0.0810957327136487,
    0.0810957327136487,
    0.08120395782158854,
    0.08038670678919697
  ],
  "avg_auc": [
    0.8339717715261848,
    0.8570981601135111,
    0.8699254454841409,
    0.8804884606882499,
    0.8870993616449191,
    0.8921508884484236,
    0.8968215563236089,
    0.8996751774164198,
    0.9005906531336066,
    0.9052576349734764,
    0.9076835038581403,
    0.9101018330887273,
    0.9131071319332575,
    0.912237607960555,
    0.914368793725766,
    0.9146003038735628,
    0.9162393293499089,
    0.9165752767171433,
    0.9212565700911842,
    0.9219562008826336,
    0.924496626154831,
    0.9247058078960517,
    0.9228929797482011,
    0.9225315227128561,
    0.9259310785211966,
    0.9255192608293985,
    0.9266328060957676,
    0.9247883395171896,
    0.9259380707565317,
    0.9274215211511401,
    0.9278036584633351,
    0.9285161671922211,
    0.9303391349227361,
    0.9287700456369585,
    0.9310194172016694,
    0.9294212248463009,
    0.9321408853534248,
    0.9335960550846248,
    0.9315793344857732,
    0.9322437517648849,
    0.9332442836905054,
    0.9325305440726727,
    0.9320529460271814,
    0.9332906981747868,
    0.9304270625556154,
    0.9294356432205882,
    0.9388198314944999,
    0.9365258233693587,
    0.9365555040147138,
    0.9391917959009154,
    0.9386976755324209,
    0.9364213648155916,
    0.9373108217816956,
    0.9357300924715275,
    0.935689252830991,
    0.9376433023864212,
    0.9375691596158007,
    0.9385661930345286,
    0.9366259243664306,
    0.9358824087245139,
    0.939038666486035,
    0.9373668457948316,
    0.9387600659878801,
    0.9385280480312932,
    0.9421817203274049,
    0.94098062646489,
    0.937690136150614,
    0.9378334159910299,
    0.9391620128505375,
    0.9412697411877741,
    0.9410316459496787,
    0.9427258549066915,
    0.941676343414405,
    0.9396170039670458,
    0.9394634378321994,
    0.9399254209466162,
    0.9419719192230301,
    0.9400129081803389,
    0.9405786176808559,
    0.9420768819800598,
    0.9436668336904186,
    0.9449790835491909,
    0.9422890994811084,
    0.9431787725572409,
    0.9394465191591875,
    0.9423144733074652,
    0.9383662470503442,
    0.9396075708657919,
    0.9414330183742583,
    0.9379129728814602,
    0.9388336616697961,
    0.938189761411811,
    0.9401258655005187,
    0.9435222753678965,
    0.9406826826695381,
    0.9420990199554407,
    0.9402064921933476,
    0.9406826826695381,
    0.9402064921933476,
    0.9410575440819343
  ]
}