{
  "n": [
    1,
    2,
    3,
    4,
    5,
    6,
    7,
    8,
    9,
    10,
    11,
    12,
    13,
    14,
    15,
    16,
    17,
    18,
    19,
    20,
    21,
    22,
    23,
    24,
    25,
    26,
    27,
    28,
    29,
    30,
    31,
    32,
    33,
    34,
    35,
    36,
    37,
    38,
    39,
    40,
    41,
    42,
    43,
    44,
    45,
    46,
    47,
    48,
    49,
    50,
    51,
    52,
    53,
    54,
    55,
    56,
    57,
    58,
    59,
    60,
    61,
    62,
    63,
    64,
    65,
    66,
    67,
    68,
    69,
    70,
    71,
    72,
    73,
    74,
    75,
    76,
    77,
    78,
    79,
    80,
    81,
    82,
    83,
    84,
    85,
    86,
    87,
    88,
    89,
    90,
    91,
    92,
    93,
    94,
    95,
    96,
    97,
    98,
    99,
    100
  ],
  "avg_eer": [
    0.2694396661533702,
    0.2423626273024841,
    0.23070178860839094,
    0.22196003844886597,
    0.21441112353160546,
    0.20616558988755407,
    0.20100024273859923,
    0.19681678264764996,
    0.19584088749423048,
    0.18854337977926205,
    0.18566582735985535,
    0.1820573579939072,
    0.1794613913538677,
    0.17918153395309763,
    0.1821910549040177,
    0.17495211622209556,
    0.16944873760631235,
    0.1719350297826062,
    0.1623629579196968,
    0.16755051062276222,
    0.16370910841905512,
    0.16254579144225934,
    0.15958167658977332,
    0.16448492130922693,
    0.16215209059772845,
    0.1497494768562854,
    0.16223240415894247,
    0.15083863933824154,
    0.14537807056894683,
    0.1545013476800623,
    0.1492617551758635,
    0.14600909400361264,
    0.14708572745333967,
    0.14652538754970007,
    0.1469641673174844,
    0.13928686590202516,
    0.14936009176938841,
    0.14571301130948827,
    0.1358670883045321,
    0.14524129897030258,
    0.13736248635248058,
    0.13247921752727,
    0.13463898858395867,
    0.13328413813149148,
    0.1387059547068151,
    0.13059413072140755,
    0.13377349577027314,
    0.14131443500936847,
    0.1312339415782157,
    0.1285919370500403,
    0.1329394435091757,
    0.12762309348133766,
    0.13333366207281913,
    0.12984026915971555,
    0.1304318560534095,
    0.11989096550734327,
    0.130781359038567,
    0.1250226962865148,
    0.12608403244125557,
    0.12377728718575672,
    0.13650519841786612,
    0.12407608335857281,
    0.1224650574740465,
    0.13429150665306203,
    0.12622370882375775,
    0.11878593482192742,
    0.12260905788337133,
    0.10981680078212089,
    0.1240064810052375,
    0.12109357449909171,
    0.11242536867403449,
    0.11132072816424857,
    0.11943795758374132,
    0.12000929110557663,
    0.11953327882869402,
    0.11692693744163736,
    0.11071793676418791,
    0.11436054482370347,
    0.11166036594936028,
    0.11526760649587113,
    0.10827702524972141,
    0.11473395810796172,
    0.10807879206546675,
    0.10971049594658082,
    0.11839545503717738,
    0.1223850708115148,
    0.1106132974674134,
    0.11259985957237731,
    0.11640456794134553,
    0.11057985455234542,
    0.11049995021108017,
    0.11746126422594975,
    0.11203442322201795,
    0.11671815814170905,
    0.11465331252368707,
    0.11456866412279902,
    0.10962270841012427,
    0.1122220040850395,
    0.09967307267935567,
    0.10747237419567697
  ],
  "avg_auc": [
    0.8020832313712539,
    0.8272701278383963,
    0.8403863484221148,
    0.8491600350202676,
    0.8563195708725667,
    0.8614709617892423,
    0.8663140814717238,
    0.8704711124230597,
    0.8734130069553995,
    0.8772206939083596,
    0.8795124509026071,
    0.8818782769260747,
    0.8857465582866084,
    0.8872007355216931,
    0.888141255350047,
    0.8905233005564714,
    0.8926765149817637,
    0.8935070115355284,
    0.8964076628891775,
    0.8960031707232281,
    0.8987968682859645,
    0.8989917476566701,
    0.9009725795157429,
    0.901297839024988,
    0.9010311171924318,
    0.9057604556311694,
    0.9048923839991432,
    0.9058019014128185,
    0.9071169433386725,
    0.9066301000149208,
    0.9063338504652583,
    0.9091446206785921,
    0.9079721015557297,
    0.9122584649648176,
    0.9114523187162888,
    0.9133707580595862,
    0.9122470468915065,
    0.9119606485404562,
    0.9140873260774507,
    0.9137579569431985,
    0.9144550300064674,
    0.9159520546986931,
    0.9133359222853039,
    0.9166028929178787,
    0.9144510159233729,
    0.9161904759709063,
    0.9182116066468634,
    0.9166632135315128,
    0.9177157237679427,
    0.9201819218781029,
    0.9189482914337749,
    0.9186739742656034,
    0.9193713732313358,
    0.9194722891035856,
    0.9211526810704911,
    0.9216761872407794,
    0.9196613246932163,
    0.9208347205840504,
    0.9225773628301234,
    0.9223257034366462,
    0.9213749787995116,
    0.9214179271934781,
    0.9225324819000512,
    0.9221965539866208,
    0.9241628555482085,
    0.9240073953226918,
    0.9227433598886995,
    0.9256768875662914,
    0.9251230166485002,
    0.9245452969481974,
    0.9263025454756129,
    0.9253575984008109,
    0.9254610540792537,
    0.9251105865195003,
    0.92409891417478,
    0.9266243654073923,
    0.9274169472609056,
    0.9263817618813611,
    0.9267773189196952,
    0.9276394188928536,
    0.9270290254397289,
    0.9279047883540186,
    0.929601759150722,
    0.9279301121728241,
    0.9260280928156988,
    0.9259862930823675,
    0.928780922961446,
    0.9287427633701606,
    0.9288609225106382,
    0.927058334065055,
    0.9275089520239856,
    0.9264457025024011,
    0.9265242725087823,
    0.9301124262288905,
    0.929832887119597,
    0.9291556756247263,
    0.9294174111572691,
    0.9315664429447162,
    0.9315894835394876,
    0.9321884180721671
  ]
}