{
  "n": [
    1,
    2,
    3,
    4,
    5,
    6,
    7,
    8,
    9,
    10,
    11,
    12,
    13,
    14,
    15,
    16,
    17,
    18,
    19,
    20,
    21,
    22,
    23,
    24,
    25,
    26,
    27,
    28,
    29,
    30,
    31,
    32,
    33,
    34,
    35,
    36,
    37,
    38,
    39,
    40,
    41,
    42,
    43,
    44,
    45,
    46,
    47,
    48,
    49,
    50,
    51,
    52,
    53,
    54,
    55,
    56,
    57,
    58,
    59,
    60,
    61,
    62,
    63,
    64,
    65,
    66,
    67,
    68,
    69,
    70,
    71,
    72,
    73,
    74,
    75,
    76,
    77,
    78,
    79,
    80,
    81,
    82,
    83,
    84,
    85,
    86,
    87,
    88,
    89,
    90,
    91,
    92,
    93,
    94,
    95,
    96,
    97,
    98,
    99,
    100
  ],
  "avg_eer": [
    0.25209665883789667,
    0.22663946552803638,
    0.21957727385842038,
    0.20592994742749848,
    0.197560025472916,
    0.19273029613869447,
    0.18246652660903723,
    0.18168602087314123,
    0.17885531160986212,
    0.17521937130847595,
    0.17407564840720777,
    0.1668466689767856,
    0.16369475497823763,
    0.16018707216318398,
    0.16619880493812728,
    0.15746327669745122,
    0.15124531594476257,
    0.16057243466903576,
    0.147770419314615,
    0.15008809294844064,
    0.1398995070502235,
    0.14807717302130616,
    0.1424602447231932,
    0.14364772885863397,
    0.1398893955330972,
    0.1435839137075816,
    0.14410832643961352,
    0.13506039088685876,
    0.14157747037341598,
    0.13540034637160878,
    0.13779400708956874,
    0.13811644365649972,
    0.13257360439761717,
    0.13624730293017728,
    0.13426878123255442,
    0.13116863096395576,
    0.13396917281430748,
    0.12318784177647044,
    0.12774085304657476,
    0.12912128951908944,
    0.12181979949738153,
    0.13219406018035765,
    0.13514675897464992,
    0.12514175547304376,
    0.11718278828816686,
    0.11967751755890277,
    0.11715830397248253,
    0.12194731603046587,
    0.11527068465441873,
    0.12558262722308927,
    0.11461666922155773,
    0.11748740319965174,
    0.11132163458389592,
    0.11738442275355901,
    0.12597521749510787,
    0.12433806876651818,
    0.1246847646312653,
    0.12376753401482907,
    0.11206127391196759,
    0.11496713075224536,
    0.11889239811485715,
    0.11670049172098285,
    0.11715537864276362,
    0.12356072998693315,
    0.11425835185066886,
    0.11953069446069393,
    0.12295663327184778,
    0.11268259249240295,
    0.1203586409168168,
    0.11529042474212545,
    0.12416463953987175,
    0.12384342218880469,
    0.11765070746427334,
    0.11765145260896141,
    0.11806517723939684,
    0.11613159881106885,
    0.10986224515831045,
    0.11939430060576299,
    0.1142794928021695,
    0.11315610462056654,
    0.11443216339711511,
    0.10470505247737576,
    0.11195529578886561,
    0.10991445381641674,
    0.11655859049180221,
    0.11288346227668977,
    0.10983812812340518,
    0.1033997585338475,
    0.10239185801093602,
    0.10240491268877136,
    0.09969019748471301,
    0.09555070738112204,
    0.10009994099764233,
    0.09736748391853112,
    0.09523783914804425,
    0.0983969726336549,
    0.10556643308724567,
    0.11184466776803803,
    0.11069949714898501,
    0.11400424516826535
  ],
  "avg_auc": [
    0.8176549314847182,
    0.8396079660525185,
    0.8519954122364147,
    0.8598665089739385,
    0.8675184869674204,
    0.8726660108122483,
    0.8764515199512918,
    0.8802015451540033,
    0.8821399279469642,
    0.8860215156342285,
    0.8879809423527636,
    0.8921358062700163,
    0.8942778582604296,
    0.8944228765373381,
    0.8978910813963894,
    0.8985763270815713,
    0.9013257296712256,
    0.8987949346860878,
    0.9017655012937531,
    0.9023185059405835,
    0.9031092214298461,
    0.9040934136598139,
    0.9049827812357065,
    0.9064347416900093,
    0.906937904089987,
    0.9065347029446741,
    0.9064259185541484,
    0.9097319343547655,
    0.9090539608789578,
    0.9099350618998041,
    0.9095173842446611,
    0.9092591099433628,
    0.9111052309707082,
    0.911142918605572,
    0.9125151666826461,
    0.9127980630714209,
    0.9132890591891059,
    0.9118169853590153,
    0.9131949485903599,
    0.9157403522736359,
    0.9145309627388016,
    0.9146902598199398,
    0.912489630010338,
    0.9155536783118772,
    0.9151970253244069,
    0.9149626162969635,
    0.9185381932451108,
    0.9180870503707356,
    0.9191845422337204,
    0.91842136974065,
    0.9196618699822035,
    0.9175719165605285,
    0.9202108618634519,
    0.9192974147804176,
    0.9181358658025651,
    0.9196801118047164,
    0.9171925843241684,
    0.918167151094654,
    0.920271139696197,
    0.9206821862008472,
    0.9193062811838159,
    0.9202585829514158,
    0.9197515750214775,
    0.9182456325396877,
    0.921517887347117,
    0.922160346657216,
    0.9209633318489218,
    0.921642809690167,
    0.9224654522763551,
    0.922705102292835,
    0.9205327316182867,
    0.9211845391887067,
    0.9229479265257247,
    0.9234189684552572,
    0.91950423072169,
    0.92102704174052,
    0.9220930694490599,
    0.9203416398164472,
    0.9201577456264044,
    0.9225379819663928,
    0.9220848673795519,
    0.9237966678314159,
    0.9234423413217765,
    0.9232647416177041,
    0.9241950996251453,
    0.9217234925575664,
    0.926126529437771,
    0.925761159226737,
    0.923610831856182,
    0.9219439186834851,
    0.9230395595672569,
    0.9245546950735545,
    0.9258407901276124,
    0.9278151054289385,
    0.9296759474416323,
    0.9280102689435805,
    0.925253765372456,
    0.9254991731990814,
    0.9262073068360023,
    0.9258290128289914
  ]
}