{
  "n": [
    1,
    2,
    3,
    4,
    5,
    6,
    7,
    8,
    9,
    10,
    11,
    12,
    13,
    14,
    15,
    16,
    17,
    18,
    19,
    20,
    21,
    22,
    23,
    24,
    25,
    26,
    27,
    28,
    29,
    30,
    31,
    32,
    33,
    34,
    35,
    36,
    37,
    38,
    39,
    40,
    41,
    42,
    43,
    44,
    45,
    46,
    47,
    48,
    49,
    50,
    51,
    52,
    53,
    54,
    55,
    56,
    57,
    58,
    59,
    60,
    61,
    62,
    63,
    64,
    65,
    66,
    67,
    68,
    69,
    70,
    71,
    72,
    73,
    74,
    75,
    76,
    77,
    78,
    79,
    80,
    81,
    82,
    83,
    84,
    85,
    86,
    87,
    88,
    89,
    90,
    91,
    92,
    93,
    94,
    95,
    96,
    97,
    98,
    99,
    100
  ],
  "avg_eer": [
    0.237551277627649,
    0.21450451660251396,
    0.19730115289227737,
    0.19939881886867855,
    0.18678494428176312,
    0.18197339676120233,
    0.17084036711179656,
    0.15769875884944606,
    0.14794037498907908,
    0.15103636300427695,
    0.15704667974262138,
    0.15016341529498994,
    0.16211005250416072,
    0.13443647541000758,
    0.1330671061512872,
    0.13961734907116896,
    0.13486075649421433,
    0.13573167728653818,
    0.1159394918386302,
    0.12942254899577413,
    0.1398171516315013,
    0.1282793522265533,
    0.1243881564003096,
    0.11838696842379244,
    0.11803507766751582,
    0.11677113880764886,
    0.11677113880773912,
    0.1064680332647517,
    0.11752234993621898,
    0.12227553927573434,
    0.1179059829062139,
    0.11406744704597557,
    0.10600724637685004,
    0.10550536420118566,
    0.10157161678918136,
    0.10603896103912813,
    0.10931077694263383,
    0.09447368421060331,
    0.08921052631581648,
    0.08921052631581648,
    0.09415204678366866,
    0.09415204678366866,
    0.10003439972487718,
    0.08823529411763115,
    0.09374999999983571,
    0.09374999999983571,
    0.09125000000033368,
    0.07619047619083694,
    0.07619047619083694,
    0.07619047619083694,
    0.08186813186827854,
    0.08186813186827854,
    0.08186813186827854,
    0.08186813186827854,
    0.07243589743612698,
    0.06666666666697484,
    0.06666666666697484,
    0.06666666666697484,
    0.06666666666697484,
    0.0700000000001472,
    0.0700000000001472,
    0.0700000000001472,
    0.0700000000001472,
    0.0700000000001472,
    0.055555555555789796,
    0.055555555555789796,
    0.03750000000006578,
    0.04285714285747193,
    0.04285714285747193,
    0.04285714285747193,
    0.04285714285747193,
    0.04285714285747193,
    0.04285714285747193,
    0.04285714285747193,
    0.04285714285747193,
    0.04285714285747193,
    0.04285714285747193,
    0.04285714285747193,
    0.04285714285747193,
    0.04285714285747193,
    0.04285714285747193,
    0.04285714285747193,
    0.04285714285747193,
    0.04285714285747193,
    0.04285714285747193,
    0.04285714285747193,
    0.04285714285747193,
    0.04285714285747193,
    0.04285714285747193,
    0.050000000000225954,
    0.050000000000225954,
    0.03333333333347192,
    0.04000000000004881,
    0.04000000000004881,
    0.025000000000065782,
    0.025000000000065782,
    0.025000000000065782,
    0.025000000000065782,
    0.025000000000065782,
    0.025000000000065782
  ],
  "avg_auc": [
    0.8318557528180837,
    0.8487307476386029,
    0.8612121814941277,
    0.8686130451196735,
    0.8767554867269401,
    0.8794202912145931,
    0.8821489542267651,
    0.8906274355111323,
    0.8932364274345584,
    0.8991351412018677,
    0.895426991729025,
    0.8954470523154734,
    0.8999775043796783,
    0.9032917736078065,
    0.9043102469411574,
    0.9035618408738919,
    0.9010294481798524,
    0.9036788617520113,
    0.9115965115798652,
    0.9046366546732401,
    0.9012100940153079,
    0.909008097165992,
    0.9149463882281221,
    0.9159872358034121,
    0.9108113700025464,
    0.9141461999022482,
    0.906024560117302,
    0.9200960061443932,
    0.9118427294289363,
    0.9086532356532355,
    0.9083183760683762,
    0.9124542920847268,
    0.9235217391304348,
    0.915851057155405,
    0.9229594077420163,
    0.913008658008658,
    0.9116979949874686,
    0.9213157894736842,
    0.9239473684210526,
    0.9239473684210526,
    0.9197368421052632,
    0.9197368421052632,
    0.9177760577915377,
    0.9264705882352942,
    0.921875,
    0.925,
    0.9120833333333334,
    0.9238095238095237,
    0.9238095238095237,
    0.9238095238095237,
    0.9181318681318682,
    0.9181318681318682,
    0.9181318681318682,
    0.9181318681318682,
    0.9275641025641026,
    0.9333333333333333,
    0.9333333333333333,
    0.9333333333333333,
    0.9333333333333333,
    0.93,
    0.93,
    0.93,
    0.93,
    0.93,
    0.9444444444444444,
    0.9444444444444444,
    0.9625,
    0.9571428571428571,
    0.9571428571428571,
    0.9571428571428571,
    0.9571428571428571,
    0.9571428571428571,
    0.9571428571428571,
    0.9571428571428571,
    0.9571428571428571,
    0.9571428571428571,
    0.9571428571428571,
    0.9571428571428571,
    0.9571428571428571,
    0.9571428571428571,
    0.9571428571428571,
    0.9571428571428571,
    0.9571428571428571,
    0.9571428571428571,
    0.9571428571428571,
    0.9571428571428571,
    0.9571428571428571,
    0.9571428571428571,
    0.9571428571428571,
    0.95,
    0.95,
    0.9666666666666666,
    0.96,
    0.96,
    0.975,
    0.975,
    0.975,
    0.975,
    0.975,
    0.975
  ]
}