{
  "n": [
    1,
    2,
    3,
    4,
    5,
    6,
    7,
    8,
    9,
    10
  ],
  "avg_eer": [
    0.3669092904485034,
    0.29043817596372123,
    0.2467388706952141,
    0.22193365703211718,
    0.20783087517175422,
    0.1925087655810706,
    0.1769306851657007,
    0.16148900212706857,
    0.14843240526377272,
    0.1382595727411309
  ],
  "avg_auc": [
    0.7167286346695483,
    0.8001063456516546,
    0.8425163017157405,
    0.8634135238226616,
    0.8779257458125924,
    0.8940619638716099,
    0.9033905561412645,
    0.9141534817253871,
    0.9235105164643349,
    0.9335072166306426
  ]
}