{
  "n": [
    1,
    2,
    3,
    4,
    5,
    6,
    7,
    8,
    9,
    10
  ],
  "avg_eer": [
    0.25665704992846267,
    0.1864532386572195,
    0.1479484821946835,
    0.11842226522211538,
    0.10986841536255776,
    0.10165395958315057,
    0.08983561684437438,
    0.07867292139179106,
    0.06303116657260427,
    0.05441859751828445
  ],
  "avg_auc": [
    0.8540217061863151,
    0.909242712750831,
    0.9335349028905687,
    0.9469117303804626,
    0.9542515577521934,
    0.9602512985716519,
    0.9663773680048411,
    0.9718507067687598,
    0.9758989220924047,
    0.9797180635313041
  ]
}