{
  "n": [
    1,
    2,
    3,
    4,
    5,
    6,
    7,
    8,
    9,
    10,
    11,
    12,
    13,
    14,
    15,
    16,
    17,
    18,
    19,
    20,
    21,
    22,
    23,
    24,
    25,
    26,
    27,
    28,
    29,
    30,
    31,
    32,
    33,
    34,
    35,
    36,
    37,
    38,
    39,
    40,
    41,
    42,
    43,
    44,
    45,
    46,
    47,
    48,
    49
  ],
  "avg_eer": [
    0.22894036951663285,
    0.1461044752948791,
    0.09825600963963951,
    0.07399572657567847,
    0.05146344272321779,
    0.04213022943426724,
    0.02982260504346341,
    0.023694345989570077,
    0.017262753179669483,
    0.01178136419327476,
    0.008954694167342828,
    0.006713473997210434,
    0.006117325682295594,
    0.004410024043418867,
    0.0022231234651983794,
    0.000852364939162621,
    0.0013030469506148923,
    0.002128058910535293,
    0.0014285714283746626,
    0.000479345038857619,
    0.0002550180314568449,
    0.0006633695303095674,
    0.0,
    0.0,
    0.0,
    0.0,
    0.0,
    0.0,
    0.0,
    0.0,
    0.0,
    0.0,
    0.0,
    0.0,
    0.0,
    0.0,
    0.0,
    0.0,
    0.0,
    0.0,
    0.0,
    0.0,
    0.0,
    0.0,
    0.0,
    0.0,
    0.0,
    0.0,
    0.0
  ],
  "avg_auc": [
    0.8524834489854143,
    0.9244832158532168,
    0.9586907808626307,
    0.9762374340219384,
    0.9859980262272998,
    0.9909104298774023,
    0.9946290009434857,
    0.9966222149846035,
    0.9979906549383516,
    0.9986989210526642,
    0.9993336516257031,
    0.9995871342397411,
    0.9996568639879984,
    0.999862549855461,
    0.9999231910449563,
    0.9998967658638431,
    0.9999369704465908,
    0.9999298938068837,
    0.999973924380704,
    0.9999875713273079,
    0.9999596617813145,
    0.9999866944049666,
    1.0,
    1.0,
    1.0,
    1.0,
    1.0,
    1.0,
    1.0,
    1.0,
    1.0,
    1.0,
    1.0,
    1.0,
    1.0,
    1.0,
    1.0,
    1.0,
    1.0,
    1.0,
    1.0,
    1.0,
    1.0,
    1.0,
    1.0,
    1.0,
    1.0,
    1.0,
    1.0
  ]
}