{
  "n": [
    1,
    2,
    3,
    4,
    5,
    6,
    7,
    8,
    9,
    10,
    11,
    12,
    13,
    14,
    15,
    16,
    17,
    18,
    19,
    20,
    21,
    22,
    23,
    24,
    25,
    26,
    27,
    28,
    29,
    30,
    31,
    32,
    33,
    34,
    35,
    36,
    37,
    38,
    39,
    40,
    41,
    42,
    43,
    44,
    45,
    46,
    47,
    48,
    49
  ],
  "avg_eer": [
    0.31691283212918697,
    0.2513989731793399,
    0.20816115450637226,
    0.17387755489960066,
    0.15044549679281413,
    0.1303695150855657,
    0.11244316033488048,
    0.10144052949216194,
    0.08468743192799341,
    0.07687369446755449,
    0.06585766466311162,
    0.0646735231768086,
    0.05592206025621149,
    0.04790230434018779,
    0.04110879446762532,
    0.042829246331895124,
    0.035378511595690096,
    0.030289721327256096,
    0.03473722273320789,
    0.026298487875097632,
    0.02319853533503128,
    0.019764140716215108,
    0.017984807286032457,
    0.019098672742092305,
    0.014845950833030381,
    0.015457054492391783,
    0.010398158274130178,
    0.010237621316429447,
    0.010818114290924805,
    0.006972612093726002,
    0.008980226635023828,
    0.012094475429389401,
    0.007904850048262295,
    0.007649006464031117,
    0.0037995816948092906,
    0.0033694250176729834,
    0.007805697782884298,
    0.002782670111875601,
    0.002216290033973349,
    0.0021310068650971185,
    0.002179353432997455,
    0.0011759520435430967,
    0.0006193102660282865,
    0.002336911854199336,
    0.0017983477109943299,
    0.0016371044739667418,
    0.0,
    0.0,
    0.00037735849064001825
  ],
  "avg_auc": [
    0.7447283096098191,
    0.8196973167296203,
    0.8652916210203629,
    0.8962535808722485,
    0.9184591135050244,
    0.9342781426035739,
    0.947920135234733,
    0.9558724274621369,
    0.9647111399858064,
    0.9719210281578812,
    0.9776128689634327,
    0.9802992691598522,
    0.9832449671792686,
    0.9859707611768365,
    0.9884216884114533,
    0.9894329649909027,
    0.9912833634949776,
    0.9924211483575336,
    0.9934947876624729,
    0.9954240489584845,
    0.9950984795312692,
    0.9973825460544384,
    0.9960598711366083,
    0.9974708903046924,
    0.9974379962953623,
    0.9979211083191382,
    0.9982744445782709,
    0.997926239605121,
    0.9984990205369121,
    0.9993739412759579,
    0.9992245411505547,
    0.9987634599019165,
    0.9994206632503951,
    0.9993331132485824,
    0.9998147648178939,
    0.9997238708535082,
    0.9992011088659559,
    0.9998109048047071,
    0.9998278373768221,
    0.9998921938123286,
    0.9998669577420671,
    0.9999388673628831,
    0.9999837422535096,
    0.9998707572142729,
    0.9999169009166966,
    0.9999513376774448,
    1.0,
    1.0,
    0.9999878271454655
  ]
}