{
  "n": [
    1,
    2,
    3,
    4,
    5,
    6,
    7,
    8,
    9,
    10,
    11,
    12,
    13,
    14,
    15,
    16,
    17,
    18,
    19,
    20,
    21,
    22,
    23,
    24,
    25,
    26,
    27,
    28,
    29,
    30,
    31,
    32,
    33,
    34,
    35,
    36,
    37,
    38,
    39,
    40,
    41,
    42,
    43,
    44,
    45,
    46,
    47,
    48,
    49
  ],
  "avg_eer": [
    0.294396761197184,
    0.22385187467018616,
    0.18204875911870208,
    0.14556110934506722,
    0.12132358432064212,
    0.10439512677769062,
    0.08630473889331333,
    0.0737687462813749,
    0.06089866874269284,
    0.05445883899137425,
    0.04586107027390711,
    0.04295601451443472,
    0.0361076587683132,
    0.034346435725908106,
    0.02785021034062122,
    0.025839435069453638,
    0.023146771798945604,
    0.021120825946588827,
    0.019488450479421892,
    0.016104549356513256,
    0.013732514987033378,
    0.01246408145666245,
    0.010235387115388489,
    0.009777993536307424,
    0.010222063048166398,
    0.009863829194634887,
    0.006639650708289735,
    0.008177273497669205,
    0.006022184200384912,
    0.0055286614711542404,
    0.002904061671238177,
    0.006281138684718845,
    0.004112861152412606,
    0.004946073720035619,
    0.0008086253368513073,
    0.0013219887862296312,
    0.005331538723807286,
    0.0008431932546592346,
    0.0006006006006427366,
    0.0003086419754753078,
    0.0012618296528216003,
    0.00028571428583818494,
    0.0,
    0.0003389830509126196,
    0.0,
    0.0,
    0.0,
    0.0003267973856210336,
    0.0
  ],
  "avg_auc": [
    0.7737708724727979,
    0.849283368668179,
    0.8927883125964291,
    0.9216100895355097,
    0.9417944965540034,
    0.9545944862350103,
    0.9659965566896862,
    0.9727745135713667,
    0.9786702931287449,
    0.9840541590613545,
    0.9874715699750565,
    0.9893625042547068,
    0.9912901073593116,
    0.9933475291955318,
    0.9941303877773123,
    0.9949240490750053,
    0.9958305503029337,
    0.996847724274966,
    0.9970607491524888,
    0.9980872102136468,
    0.9981488059201904,
    0.9989543809215433,
    0.9987227735751991,
    0.9986848924534737,
    0.9990987288853489,
    0.9994156837005062,
    0.9994171223729362,
    0.9992501296385614,
    0.9996395996294927,
    0.9997733267057576,
    0.9998106559806491,
    0.9996242695887674,
    0.9998008359195186,
    0.9997521884727808,
    0.9999592553124804,
    0.9999663490381068,
    0.9998296116303609,
    0.9999625802993576,
    0.9999921999922,
    0.9999959389213775,
    0.9999573706198313,
    0.9999907834101383,
    1.0,
    0.9999901744043231,
    1.0,
    1.0,
    1.0,
    0.9999878963931252,
    1.0
  ]
}