{
  "n": [
    1,
    2,
    3,
    4,
    5,
    6,
    7,
    8,
    9,
    10,
    11,
    12,
    13,
    14,
    15,
    16,
    17,
    18,
    19,
    20,
    21,
    22,
    23,
    24,
    25,
    26,
    27,
    28,
    29,
    30
  ],
  "avg_eer": [
    0.16957344273998026,
    0.15282926955796688,
    0.13933609849429163,
    0.1296610895126925,
    0.12459048312413959,
    0.11787026761194355,
    0.1075312324706031,
    0.11178875361416932,
    0.1124349314745237,
    0.11116865318273399,
    0.10077931318584718,
    0.09653737759687436,
    0.09455389019027635,
    0.09273165833000638,
    0.08899777275643125,
    0.08737814509377091,
    0.08639328844523288,
    0.08137662589764262,
    0.08320378083676845,
    0.08296514580671824,
    0.0747006503107236,
    0.07598858878517789,
    0.0767337092722565,
    0.07870633220403474,
    0.07545335540971454,
    0.06732595403822159,
    0.03978191199872104,
    0.03359660083252865,
    0.03461004442987413,
    0.03005522370216963
  ],
  "avg_auc": [
    0.908233351201057,
    0.9253140423017359,
    0.9348419243028779,
    0.94088751567341,
    0.9450178489469341,
    0.9491939619741739,
    0.953122575287807,
    0.953010409070758,
    0.9575538064402144,
    0.9576170305517981,
    0.9604286455539567,
    0.9631949916354147,
    0.9655595856469341,
    0.9669792806014362,
    0.9666741970971598,
    0.9668432453847204,
    0.9683482181846435,
    0.9722554499302605,
    0.9713264680216163,
    0.9724438469999661,
    0.9753167929519799,
    0.9772914935520516,
    0.9776495395717371,
    0.9781849653308722,
    0.978414972447268,
    0.9781818420608893,
    0.987582496429577,
    0.9884246115426449,
    0.9889396857951297,
    0.9908051258842814
  ]
}