{
  "0": {
    "1": {
      "User": 0,
      "n": 1,
      "EER": 0.1521197007481296,
      "AUC": 0.9307459630310935
    },
    "2": {
      "User": 0,
      "n": 2,
      "EER": 0.13061713600811212,
      "AUC": 0.9535348924204525
    },
    "3": {
      "User": 0,
      "n": 3,
      "EER": 0.09142857142842276,
      "AUC": 0.9692775041050903
    },
    "4": {
      "User": 0,
      "n": 4,
      "EER": 0.0953020134219608,
      "AUC": 0.9726960222622361
    },
    "5": {
      "User": 0,
      "n": 5,
      "EER": 0.07231040564406571,
      "AUC": 0.9782375913328294
    },
    "6": {
      "User": 0,
      "n": 6,
      "EER": 0.07317073170731699,
      "AUC": 0.985809312638581
    },
    "7": {
      "User": 0,
      "n": 7,
      "EER": 0.04815864022562271,
      "AUC": 0.9895269980255816
    },
    "8": {
      "User": 0,
      "n": 8,
      "EER": 0.03703703703703622,
      "AUC": 0.9907407407407408
    },
    "9": {
      "User": 0,
      "n": 9,
      "EER": 0.016736401674818983,
      "AUC": 0.9963864587295549
    },
    "10": {
      "User": 0,
      "n": 10,
      "EER": 0.01951219512268432,
      "AUC": 0.9977235772357723
    }
  },
  "1": {
    "1": {
      "User": 1,
      "n": 1,
      "EER": 0.19875608436934444,
      "AUC": 0.896539871401959
    },
    "2": {
      "User": 1,
      "n": 2,
      "EER": 0.17673888255319925,
      "AUC": 0.9124144811858609
    },
    "3": {
      "User": 1,
      "n": 3,
      "EER": 0.1678700361001404,
      "AUC": 0.9332596788248475
    },
    "4": {
      "User": 1,
      "n": 4,
      "EER": 0.17073170731707327,
      "AUC": 0.9310494631663874
    },
    "5": {
      "User": 1,
      "n": 5,
      "EER": 0.14597315436068786,
      "AUC": 0.955940840169028
    },
    "6": {
      "User": 1,
      "n": 6,
      "EER": 0.12337662337689254,
      "AUC": 0.9522670312143996
    },
    "7": {
      "User": 1,
      "n": 7,
      "EER": 0.13333333333381264,
      "AUC": 0.9548966756513927
    },
    "8": {
      "User": 1,
      "n": 8,
      "EER": 0.12459016393470429,
      "AUC": 0.9511475409836065
    },
    "9": {
      "User": 1,
      "n": 9,
      "EER": 0.1137254901953573,
      "AUC": 0.9725490196078431
    },
    "10": {
      "User": 1,
      "n": 10,
      "EER": 0.12500000000085093,
      "AUC": 0.96875
    }
  },
  "2": {
    "1": {
      "User": 2,
      "n": 1,
      "EER": 0.13956137852295347,
      "AUC": 0.9337218257183386
    },
    "2": {
      "User": 2,
      "n": 2,
      "EER": 0.11270983213488393,
      "AUC": 0.9568913290420296
    },
    "3": {
      "User": 2,
      "n": 3,
      "EER": 0.08849557522123896,
      "AUC": 0.9678205548412039
    },
    "4": {
      "User": 2,
      "n": 4,
      "EER": 0.0692410119855223,
      "AUC": 0.9729833905669634
    },
    "5": {
      "User": 2,
      "n": 5,
      "EER": 0.06514084507008897,
      "AUC": 0.9832266325224073
    },
    "6": {
      "User": 2,
      "n": 6,
      "EER": 0.06422018348557947,
      "AUC": 0.9835372069317023
    },
    "7": {
      "User": 2,
      "n": 7,
      "EER": 0.060606060606083464,
      "AUC": 0.9848055627092454
    },
    "8": {
      "User": 2,
      "n": 8,
      "EER": 0.07508532423153269,
      "AUC": 0.983710828420726
    },
    "9": {
      "User": 2,
      "n": 9,
      "EER": 0.055555555555555775,
      "AUC": 0.9862825788751715
    },
    "10": {
      "User": 2,
      "n": 10,
      "EER": 0.034146341463312385,
      "AUC": 0.9921951219512195
    }
  },
  "3": {
    "1": {
      "User": 3,
      "n": 1,
      "EER": 0.13965014577231116,
      "AUC": 0.9455667981478306
    },
    "2": {
      "User": 3,
      "n": 2,
      "EER": 0.1309450277959276,
      "AUC": 0.9596088292530385
    },
    "3": {
      "User": 3,
      "n": 3,
      "EER": 0.109792284866177,
      "AUC": 0.9690309817810536
    },
    "4": {
      "User": 3,
      "n": 4,
      "EER": 0.10714285714285715,
      "AUC": 0.97504995004995
    },
    "5": {
      "User": 3,
      "n": 5,
      "EER": 0.10634328358276107,
      "AUC": 0.9763038256990907
    },
    "6": {
      "User": 3,
      "n": 6,
      "EER": 0.09489051094829297,
      "AUC": 0.9811261730969759
    },
    "7": {
      "User": 3,
      "n": 7,
      "EER": 0.07951070336248608,
      "AUC": 0.9839319960607474
    },
    "8": {
      "User": 3,
      "n": 8,
      "EER": 0.0643939393943218,
      "AUC": 0.9821004159239454
    },
    "9": {
      "User": 3,
      "n": 9,
      "EER": 0.09009009008948,
      "AUC": 0.9780549780549781
    },
    "10": {
      "User": 3,
      "n": 10,
      "EER": 0.0815217391296159,
      "AUC": 0.9852053140096617
    }
  },
  "4": {
    "1": {
      "User": 4,
      "n": 1,
      "EER": 0.11580931861046549,
      "AUC": 0.9544483346799534
    },
    "2": {
      "User": 4,
      "n": 2,
      "EER": 0.07368421052631535,
      "AUC": 0.9746126518792727
    },
    "3": {
      "User": 4,
      "n": 3,
      "EER": 0.06779661016949154,
      "AUC": 0.9845053817769815
    },
    "4": {
      "User": 4,
      "n": 4,
      "EER": 0.0393401015222255,
      "AUC": 0.9893270857737863
    },
    "5": {
      "User": 4,
      "n": 5,
      "EER": 0.020168067226397645,
      "AUC": 0.9934573829531812
    },
    "6": {
      "User": 4,
      "n": 6,
      "EER": 0.02813852813828003,
      "AUC": 0.9952153110047847
    },
    "7": {
      "User": 4,
      "n": 7,
      "EER": 0.016085790884767838,
      "AUC": 0.9934007011755001
    },
    "8": {
      "User": 4,
      "n": 8,
      "EER": 0.006557377049775261,
      "AUC": 0.9967213114754098
    },
    "9": {
      "User": 4,
      "n": 9,
      "EER": 0.007905138340155667,
      "AUC": 0.9950592885375494
    },
    "10": {
      "User": 4,
      "n": 10,
      "EER": 0.009345794393080895,
      "AUC": 0.9961059190031153
    }
  },
  "5": {
    "1": {
      "User": 5,
      "n": 1,
      "EER": 0.13930348258706474,
      "AUC": 0.9269303669722319
    },
    "2": {
      "User": 5,
      "n": 2,
      "EER": 0.11111111111111116,
      "AUC": 0.9510809451985922
    },
    "3": {
      "User": 5,
      "n": 3,
      "EER": 0.09074573225474622,
      "AUC": 0.9661292783400295
    },
    "4": {
      "User": 5,
      "n": 4,
      "EER": 0.07798742138376845,
      "AUC": 0.9628930817610063
    },
    "5": {
      "User": 5,
      "n": 5,
      "EER": 0.07407407407385985,
      "AUC": 0.9718493661446681
    },
    "6": {
      "User": 5,
      "n": 6,
      "EER": 0.058823529411753096,
      "AUC": 0.9823782961460447
    },
    "7": {
      "User": 5,
      "n": 7,
      "EER": 0.045576407506183525,
      "AUC": 0.9903072798515158
    },
    "8": {
      "User": 5,
      "n": 8,
      "EER": 0.04901960784348977,
      "AUC": 0.9891067538126361
    },
    "9": {
      "User": 5,
      "n": 9,
      "EER": 0.047430830040439374,
      "AUC": 0.9891304347826088
    },
    "10": {
      "User": 5,
      "n": 10,
      "EER": 0.032863849765273824,
      "AUC": 0.993963782696177
    }
  },
  "6": {
    "1": {
      "User": 6,
      "n": 1,
      "EER": 0.11453744493400733,
      "AUC": 0.9622046455746898
    },
    "2": {
      "User": 6,
      "n": 2,
      "EER": 0.10784313725489893,
      "AUC": 0.9736086917682791
    },
    "3": {
      "User": 6,
      "n": 3,
      "EER": 0.08333333333290399,
      "AUC": 0.9781645569620253
    },
    "4": {
      "User": 6,
      "n": 4,
      "EER": 0.07142857142846615,
      "AUC": 0.9814983318168031
    },
    "5": {
      "User": 6,
      "n": 5,
      "EER": 0.06666666666666052,
      "AUC": 0.9863406408094435
    },
    "6": {
      "User": 6,
      "n": 6,
      "EER": 0.0780911062903508,
      "AUC": 0.9852494577006508
    },
    "7": {
      "User": 6,
      "n": 7,
      "EER": 0.07142857142857136,
      "AUC": 0.9867511520737327
    },
    "8": {
      "User": 6,
      "n": 8,
      "EER": 0.06514657980389012,
      "AUC": 0.9906351791530944
    },
    "9": {
      "User": 6,
      "n": 9,
      "EER": 0.06589147286958302,