{
  "n": [
    1,
    2,
    3,
    4,
    5,
    6,
    7,
    8,
    9,
    10,
    11,
    12,
    13,
    14,
    15,
    16,
    17,
    18,
    19,
    20,
    21,
    22,
    23,
    24,
    25,
    26,
    27,
    28,
    29,
    30
  ],
  "avg_eer": [
    0.13394229253318302,
    0.10332201850291027,
    0.08520334311182673,
    0.07723768913442483,
    0.07646699515322739,
    0.06651874206011135,
    0.06858339228202062,
    0.059145234572193416,
    0.05478292833556899,
    0.05239885593339366,
    0.05331393163318292,
    0.05165023567959968,
    0.06296520146531978,
    0.05686344980767094,
    0.05601655654286073,
    0.056302729528462436,
    0.04538934426230762,
    0.03764705882359151,
    0.032903225806559064,
    0.037272727272730816,
    0.041071428571428564,
    0.031578947368421054,
    0.033333333333312884,
    0.03333333333322165,
    0.03333333333322165,
    0.03333333333330944,
    0.03333333333330682,
    0.010000000000039585,
    0.0,
    0.0
  ],
  "avg_auc": [
    0.9239504395690487,
    0.9469831573779119,
    0.9572912261033444,
    0.9626751753500569,
    0.964228354539024,
    0.9677248909036079,
    0.9684116067285519,
    0.9700667595815154,
    0.9733614945103334,
    0.9733969158540209,
    0.9749594800291078,
    0.9770001643298898,
    0.9736816324743611,
    0.9741216380390348,
    0.9724941246868347,
    0.9727798844713107,
    0.9777312734279947,
    0.9795472370766489,
    0.9849527533398501,
    0.9813636363636364,
    0.9817956349206349,
    0.9789473684210528,
    0.9823529411764707,
    0.9844444444444445,
    0.9822222222222223,
    0.9805555555555555,
    0.9787878787878789,
    0.9949999999999999,
    1.0,
    1.0
  ]
}