{
  "n": [
    1,
    2,
    3,
    4,
    5,
    6,
    7,
    8,
    9,
    10,
    11,
    12,
    13,
    14,
    15,
    16,
    17,
    18,
    19,
    20,
    21,
    22,
    23,
    24,
    25,
    26,
    27,
    28,
    29,
    30
  ],
  "avg_eer": [
    0.07943228680805658,
    0.05891488312618002,
    0.04789464555056609,
    0.03546171244069275,
    0.027732458531372878,
    0.028126042195203878,
    0.0227738760768899,
    0.013748128862948622,
    0.00934262246474842,
    0.008614630546081446,
    0.0028608736944133093,
    0.002652892562060651,
    0.003127896200283117,
    0.0014285714287457642,
    0.0,
    0.0,
    0.0,
    0.0,
    0.0,
    0.0,
    0.0,
    0.0,
    0.0,
    0.0,
    0.0,
    0.0,
    0.0,
    0.0,
    0.0,
    0.0
  ],
  "avg_auc": [
    0.9723154510159999,
    0.984257363959156,
    0.9901542788288937,
    0.9929395691032246,
    0.9949622652461276,
    0.9962713265045154,
    0.9973891624444968,
    0.9981248001162928,
    0.9980256255832348,
    0.9975298443781184,
    0.9997861667653334,
    0.9998346150902968,
    0.9998616234472703,
    0.9998901098901098,
    1.0,
    1.0,
    1.0,
    1.0,
    1.0,
    1.0,
    1.0,
    1.0,
    1.0,
    1.0,
    1.0,
    1.0,
    1.0,
    1.0,
    1.0,
    1.0
  ]
}