{
  "n": [
    1,
    2,
    3,
    4,
    5,
    6,
    7,
    8,
    9,
    10
  ],
  "avg_eer": [
    0.2509029361133634,
    0.2384879135356588,
    0.2282974426061998,
    0.22167340907244,
    0.21751175910911197,
    0.21403039848486297,
    0.21172985760743876,
    0.208422437407948,
    0.20597491837323145,
    0.20352010726848682
  ],
  "avg_auc": [
    0.8168860523506936,
    0.8282111475825629,
    0.8362779944975346,
    0.8413483300656024,
    0.8454363859717466,
    0.848450341938182,
    0.8506819893290098,
    0.8523639456246719,
    0.8549199045960103,
    0.8562286749627891
  ]
}