{
  "n": [
    1,
    2,
    3,
    4,
    5,
    6,
    7,
    8,
    9,
    10,
    11,
    12,
    13,
    14,
    15,
    16,
    17,
    18,
    19,
    20,
    21,
    22,
    23,
    24,
    25,
    26,
    27,
    28,
    29,
    30
  ],
  "avg_eer": [
    0.12470645558957057,
    0.0952460678061713,
    0.07854351881482272,
    0.0664370089811123,
    0.06456058513983359,
    0.05784837268206668,
    0.04955312261712659,
    0.04332419312990266,
    0.02916560566148658,
    0.0253861483119538,
    0.02095369492818117,
    0.020100837138677892,
    0.016433566433594053,
    0.014219114219114131,
    0.015931721194879088,
    0.011437908496735021,
    0.009963985594350333,
    0.010512820512819949,
    0.011688311688211436,
    0.012142857142857108,
    0.012955465587041604,
    0.011111111111111117,
    0.01025641025636109,
    0.014559386972987092,
    0.0125,
    0.014705882352859117,
    0.018181818181752102,
    0.01379310344817614,
    0.014814814814749295,
    0.019230769230719053
  ],
  "avg_auc": [
    0.9385500308578786,
    0.963339877483197,
    0.9719087166150411,
    0.9791514657050456,
    0.9817943146709757,
    0.9837343709243813,
    0.9863299093076551,
    0.9880065462531835,
    0.9904808752603724,
    0.9914147661305549,
    0.995336110352136,
    0.9952179469036567,
    0.9968288325085078,
    0.9962305510581372,
    0.9960628442207389,
    0.9963709928415811,
    0.9969115288851549,
    0.99745975864969,
    0.998230133279354,
    0.9983981964878975,
    0.9980837030006006,
    0.9987080103359173,
    0.9988603988603988,
    0.9985499148573862,
    0.9982142857142857,
    0.9970588235294118,
    0.9963636363636365,
    0.997241379310345,
    0.9970370370370369,
    0.9961538461538462
  ]
}