{
  "user12": {
    "1": {
      "User": "user12",
      "n": 1,
      "EER": 0.19999999999999993,
      "AUC": 0.8970183583402487
    },
    "2": {
      "User": "user12",
      "n": 2,
      "EER": 0.16050632911517126,
      "AUC": 0.9224628025760604
    },
    "3": {
      "User": "user12",
      "n": 3,
      "EER": 0.13773885350393417,
      "AUC": 0.9428527241900747
    },
    "4": {
      "User": "user12",
      "n": 4,
      "EER": 0.13355408388593407,
      "AUC": 0.9496207898935589
    },
    "5": {
      "User": "user12",
      "n": 5,
      "EER": 0.1216216216216216,
      "AUC": 0.9592829404150159
    },
    "6": {
      "User": "user12",
      "n": 6,
      "EER": 0.08178438661726387,
      "AUC": 0.9675409610353848
    },
    "7": {
      "User": "user12",
      "n": 7,
      "EER": 0.08126410835034034,
      "AUC": 0.9695259593679458
    },
    "8": {
      "User": "user12",
      "n": 8,
      "EER": 0.07588075880903916,
      "AUC": 0.971017765733213
    },
    "9": {
      "User": "user12",
      "n": 9,
      "EER": 0.06907894736811333,
      "AUC": 0.9822124756335282
    },
    "10": {
      "User": "user12",
      "n": 10,
      "EER": 0.0692307692299062,
      "AUC": 0.9867692307692308
    }
  },
  "user15": {
    "1": {
      "User": "user15",
      "n": 1,
      "EER": 0.1637010676156482,
      "AUC": 0.920688363292647
    },
    "2": {
      "User": "user15",
      "n": 2,
      "EER": 0.12698412698412662,
      "AUC": 0.9450157048857099
    },
    "3": {
      "User": "user15",
      "n": 3,
      "EER": 0.10546282245843014,
      "AUC": 0.9590780994422875
    },
    "4": {
      "User": "user15",
      "n": 4,
      "EER": 0.10587002096388601,
      "AUC": 0.9721134448795539
    },
    "5": {
      "User": "user15",
      "n": 5,
      "EER": 0.0538674033160001,
      "AUC": 0.9822566935826605
    },
    "6": {
      "User": "user15",
      "n": 6,
      "EER": 0.06371681415766899,
      "AUC": 0.9848574237954769
    },
    "7": {
      "User": "user15",
      "n": 7,
      "EER": 0.04761904761904779,
      "AUC": 0.9878397711015737
    },
    "8": {
      "User": "user15",
      "n": 8,
      "EER": 0.05882352941176481,
      "AUC": 0.9892359005457853
    },
    "9": {
      "User": "user15",
      "n": 9,
      "EER": 0.056426332286936436,
      "AUC": 0.9903343782654128
    },
    "10": {
      "User": "user15",
      "n": 10,
      "EER": 0.018050541516837947,
      "AUC": 0.990072202166065
    }
  },
  "user16": {
    "1": {
      "User": "user16",
      "n": 1,
      "EER": 0.22598870056496598,
      "AUC": 0.8559959600814061
    },
    "2": {
      "User": "user16",
      "n": 2,
      "EER": 0.19999999999962054,
      "AUC": 0.8869902713773681
    },
    "3": {
      "User": "user16",
      "n": 3,
      "EER": 0.16993464052288706,
      "AUC": 0.8996453116941893
    },
    "4": {
      "User": "user16",
      "n": 4,
      "EER": 0.17018909899801005,
      "AUC": 0.9066143451571705
    },
    "5": {
      "User": "user16",
      "n": 5,
      "EER": 0.17862371888817172,
      "AUC": 0.9154648609077599
    },
    "6": {
      "User": "user16",
      "n": 6,
      "EER": 0.152542372881356,
      "AUC": 0.9256526854707922
    },
    "7": {
      "User": "user16",
      "n": 7,
      "EER": 0.16666666666670446,
      "AUC": 0.928151100987092
    },
    "8": {
      "User": "user16",
      "n": 8,
      "EER": 0.17073170731707318,
      "AUC": 0.9299785580273385
    },
    "9": {
      "User": "user16",
      "n": 9,
      "EER": 0.16053511705783385,
      "AUC": 0.9330058528428093
    },
    "10": {
      "User": "user16",
      "n": 10,
      "EER": 0.1666666666666667,
      "AUC": 0.9398148148148149
    }
  },
  "user20": {
    "1": {
      "User": "user20",
      "n": 1,
      "EER": 0.16447368421052627,
      "AUC": 0.9155089178008549
    },
    "2": {
      "User": "user20",
      "n": 2,
      "EER": 0.11851074986901648,
      "AUC": 0.9516353335506456
    },
    "3": {
      "User": "user20",
      "n": 3,
      "EER": 0.10471204188481573,
      "AUC": 0.9709302325581396
    },
    "4": {
      "User": "user20",
      "n": 4,
      "EER": 0.07630057803394336,
      "AUC": 0.9754294553447855
    },
    "5": {
      "User": "user20",
      "n": 5,
      "EER": 0.08108108108107864,
      "AUC": 0.9804758746476538
    },
    "6": {
      "User": "user20",
      "n": 6,
      "EER": 0.05813953488372098,
      "AUC": 0.9857523669454913
    },
    "7": {
      "User": "user20",
      "n": 7,
      "EER": 0.06779661017008307,
      "AUC": 0.9853739938485702
    },
    "8": {
      "User": "user20",
      "n": 8,
      "EER": 0.06153846153846149,
      "AUC": 0.9891402714932126
    },
    "9": {
      "User": "user20",
      "n": 9,
      "EER": 0.05660377358490565,
      "AUC": 0.9904302972716166
    },
    "10": {
      "User": "user20",
      "n": 10,
      "EER": 0.04081632653061236,
      "AUC": 0.9936008301625735
    }
  },
  "user21": {
    "1": {
      "User": "user21",
      "n": 1,
      "EER": 0.12425629290657499,
      "AUC": 0.952092186989212
    },
    "2": {
      "User": "user21",
      "n": 2,
      "EER": 0.07088122605434326,
      "AUC": 0.9798850574712643
    },
    "3": {
      "User": "user21",
      "n": 3,
      "EER": 0.04305135951690523,
      "AUC": 0.9879898727713714
    },
    "4": {
      "User": "user21",
      "n": 4,
      "EER": 0.03336809176163149,
      "AUC": 0.9943517553006602
    },
    "5": {
      "User": "user21",
      "n": 5,
      "EER": 0.02060439560340819,
      "AUC": 0.995094191522763
    },
    "6": {
      "User": "user21",
      "n": 6,
      "EER": 0.007067137809451991,
      "AUC": 0.9987768415330253
    },
    "7": {
      "User": "user21",
      "n": 7,
      "EER": 0.004273504274652456,
      "AUC": 0.9988753936122358
    },
    "8": {
      "User": "user21",
      "n": 8,
      "EER": 0.0051150895146199705,
      "AUC": 0.9983558640847644
    },
    "9": {
      "User": "user21",
      "n": 9,
      "EER": 0.00940438871530555,
      "AUC": 0.9973876698014629
    },
    "10": {
      "User": "user21",
      "n": 10,
      "EER": 0.0036231884064745652,
      "AUC": 0.9975845410628019
    }
  },
  "user23": {
    "1": {
      "User": "user23",
      "n": 1,
      "EER": 0.15573770491803315,
      "AUC": 0.9201156677575658
    },
    "2": {
      "User": "user23",
      "n": 2,
      "EER": 0.11403508771933141,
      "AUC": 0.9520798165831045
    },
    "3": {
      "User": "user23",
      "n": 3,
      "EER": 0.08898944193160313,
      "AUC": 0.9635823114083985
    },
    "4": {
      "User": "user23",
      "n": 4,
      "EER": 0.0799999999999999,
      "AUC": 0.9723719958202717
    },
    "5": {
      "User": "user23",
      "n": 5,
      "EER": 0.09677419354838483,
      "AUC": 0.973514895117222
    },
    "6": {
      "User": "user23",
      "n": 6,
      "EER": 0.03703703703709745,
      "AUC": 0.9880039331366766
    },
    "7": {
      "User": "user23",
      "n": 7,
      "EER": 0.05555555555555558,
      "AUC": 0.9886282871357498
    },
    "8": {
      "User": "user23",
      "n": 8,
      "EER": 0.06138107416867541,
      "AUC": 0.9905005480453051
    },
    "9": {
      "User": "user23",
      "n": 9,
      "EER": 0.02492211838176816,
      "AUC": 0.9940809968847352
    },
    "10": {
      "User": "user23",
      "n": 10,
      "EER": 0.02166064982021161,
      "AUC": 0.9959386281588448
    }
  },
  "user29": {
    "1": {
      "User": "user29",
      "n": 1,
      "EER": 0.1706484641638147,
      "AUC": 0.9260736189063833
    },
    "2": {
      "User": "user29",
      "n": 2,
      "EER": 0.12379110251359039,
      "AUC": 0.9484239558707644
    },
    "3": {
      "User": "user29",
      "n": 3,
      "EER": 0.1356707317077825,
      "AUC": 0.9574915515721422
    },
    "4": {
      "User": "user29",
      "n": 4,
      "EER": 0.09062170706101805,
      "AUC": 0.9677155626612405
    },
    "5": {
      "User": "user29",
      "n": 5,