{
  "0": {
    "1": {
      "User": 0,
      "n": 1,
      "EER": 0.17830777966962896,
      "AUC": 0.9105423550720019
    },
    "2": {
      "User": 0,
      "n": 2,
      "EER": 0.16237267825042942,
      "AUC": 0.9369485894351084
    },
    "3": {
      "User": 0,
      "n": 3,
      "EER": 0.12068965517242002,
      "AUC": 0.9486371100164204
    },
    "4": {
      "User": 0,
      "n": 4,
      "EER": 0.10872483221417209,
      "AUC": 0.9646423309870682
    },
    "5": {
      "User": 0,
      "n": 5,
      "EER": 0.08641975308534947,
      "AUC": 0.9714663643235073
    },
    "6": {
      "User": 0,
      "n": 6,
      "EER": 0.0909090909084079,
      "AUC": 0.9689024390243903
    },
    "7": {
      "User": 0,
      "n": 7,
      "EER": 0.09090909090899622,
      "AUC": 0.9796549060005151
    },
    "8": {
      "User": 0,
      "n": 8,
      "EER": 0.055555555556039825,
      "AUC": 0.9846965020576132
    },
    "9": {
      "User": 0,
      "n": 9,
      "EER": 0.04545454545454536,
      "AUC": 0.993343476607075
    },
    "10": {
      "User": 0,
      "n": 10,
      "EER": 0.04390243902399446,
      "AUC": 0.9964227642276422
    }
  },
  "1": {
    "1": {
      "User": 1,
      "n": 1,
      "EER": 0.15741194594216112,
      "AUC": 0.9330989724175229
    },
    "2": {
      "User": 1,
      "n": 2,
      "EER": 0.10091220068513478,
      "AUC": 0.9594224190860451
    },
    "3": {
      "User": 1,
      "n": 3,
      "EER": 0.08574007220188908,
      "AUC": 0.9794597286194449
    },
    "4": {
      "User": 1,
      "n": 4,
      "EER": 0.06743002544516162,
      "AUC": 0.987618692980823
    },
    "5": {
      "User": 1,
      "n": 5,
      "EER": 0.06543624161031342,
      "AUC": 0.9898086005468556
    },
    "6": {
      "User": 1,
      "n": 6,
      "EER": 0.05263157894736673,
      "AUC": 0.993278651173388
    },
    "7": {
      "User": 1,
      "n": 7,
      "EER": 0.0431266846349997,
      "AUC": 0.9953279424977538
    },
    "8": {
      "User": 1,
      "n": 8,
      "EER": 0.022950819673114596,
      "AUC": 0.9954098360655738
    },
    "9": {
      "User": 1,
      "n": 9,
      "EER": 0.011764705882720574,
      "AUC": 0.9954248366013072
    },
    "10": {
      "User": 1,
      "n": 10,
      "EER": 0.009259259259746487,
      "AUC": 0.9942129629629629
    }
  },
  "2": {
    "1": {
      "User": 2,
      "n": 1,
      "EER": 0.19557346686149865,
      "AUC": 0.9078568604082039
    },
    "2": {
      "User": 2,
      "n": 2,
      "EER": 0.1473684210526311,
      "AUC": 0.9341663511296227
    },
    "3": {
      "User": 2,
      "n": 3,
      "EER": 0.11016144349513787,
      "AUC": 0.9532897998974695
    },
    "4": {
      "User": 2,
      "n": 4,
      "EER": 0.10526315789473684,
      "AUC": 0.962173242693952
    },
    "5": {
      "User": 2,
      "n": 5,
      "EER": 0.08626760563359544,
      "AUC": 0.9738796414852753
    },
    "6": {
      "User": 2,
      "n": 6,
      "EER": 0.07339449541315557,
      "AUC": 0.9797655453618757
    },
    "7": {
      "User": 2,
      "n": 7,
      "EER": 0.07082152974546443,
      "AUC": 0.9806850373422611
    },
    "8": {
      "User": 2,
      "n": 8,
      "EER": 0.0716723549490244,
      "AUC": 0.984641638225256
    },
    "9": {
      "User": 2,
      "n": 9,
      "EER": 0.04938271604895297,
      "AUC": 0.9860539551897577
    },
    "10": {
      "User": 2,
      "n": 10,
      "EER": 0.034146341463312385,
      "AUC": 0.9882926829268293
    }
  },
  "3": {
    "1": {
      "User": 3,
      "n": 1,
      "EER": 0.16430020283978508,
      "AUC": 0.9170456359883854
    },
    "2": {
      "User": 3,
      "n": 2,
      "EER": 0.13279802347060632,
      "AUC": 0.9426501714731704
    },
    "3": {
      "User": 3,
      "n": 3,
      "EER": 0.10781404549897536,
      "AUC": 0.9515905682652117
    },
    "4": {
      "User": 3,
      "n": 4,
      "EER": 0.10714285714285661,
      "AUC": 0.9594155844155844
    },
    "5": {
      "User": 3,
      "n": 5,
      "EER": 0.10344827586206952,
      "AUC": 0.9630082346886258
    },
    "6": {
      "User": 3,
      "n": 6,
      "EER": 0.10000000000000035,
      "AUC": 0.9683350712547792
    },
    "7": {
      "User": 3,
      "n": 7,
      "EER": 0.1131498470938577,
      "AUC": 0.9672938371430053
    },
    "8": {
      "User": 3,
      "n": 8,
      "EER": 0.09848484848510089,
      "AUC": 0.968285799168152
    },
    "9": {
      "User": 3,
      "n": 9,
      "EER": 0.11261261261210963,
      "AUC": 0.9662739662739663
    },
    "10": {
      "User": 3,
      "n": 10,
      "EER": 0.11956521739199077,
      "AUC": 0.9684480676328503
    }
  },
  "4": {
    "1": {
      "User": 4,
      "n": 1,
      "EER": 0.11904761904763514,
      "AUC": 0.962939735549485
    },
    "2": {
      "User": 4,
      "n": 2,
      "EER": 0.06315789473693852,
      "AUC": 0.9840761859270979
    },
    "3": {
      "User": 4,
      "n": 3,
      "EER": 0.03252032520257852,
      "AUC": 0.9915177682850275
    },
    "4": {
      "User": 4,
      "n": 4,
      "EER": 0.025641025641482913,
      "AUC": 0.9931992711180528
    },
    "5": {
      "User": 4,
      "n": 5,
      "EER": 0.005042016807348593,
      "AUC": 0.9993997599039616
    },
    "6": {
      "User": 4,
      "n": 6,
      "EER": 0.0021645021645104435,
      "AUC": 0.9993164730006835
    },
    "7": {
      "User": 4,
      "n": 7,
      "EER": 0.0026809651484458346,
      "AUC": 0.9991750876469374
    },
    "8": {
      "User": 4,
      "n": 8,
      "EER": 0.0,
      "AUC": 1.0
    },
    "9": {
      "User": 4,
      "n": 9,
      "EER": 0.0,
      "AUC": 1.0
    },
    "10": {
      "User": 4,
      "n": 10,
      "EER": 0.0,
      "AUC": 1.0
    }
  },
  "5": {
    "1": {
      "User": 5,
      "n": 1,
      "EER": 0.1711005764285773,
      "AUC": 0.9247529146315708
    },
    "2": {
      "User": 5,
      "n": 2,
      "EER": 0.12222222222222026,
      "AUC": 0.9568941679235796
    },
    "3": {
      "User": 5,
      "n": 3,
      "EER": 0.09433962264150932,
      "AUC": 0.9739612470121548
    },
    "4": {
      "User": 5,
      "n": 4,
      "EER": 0.0625000000000001,
      "AUC": 0.9832547169811321
    },
    "5": {
      "User": 5,
      "n": 5,
      "EER": 0.0453020134230189,
      "AUC": 0.99204573701218
    },
    "6": {
      "User": 5,
      "n": 6,
      "EER": 0.015086206896595943,
      "AUC": 0.9959432048681541
    },
    "7": {
      "User": 5,
      "n": 7,
      "EER": 0.016085790884866995,
      "AUC": 0.9971128067642813
    },
    "8": {
      "User": 5,
      "n": 8,
      "EER": 0.009803921569150451,
      "AUC": 0.9970951343500364
    },
    "9": {
      "User": 5,
      "n": 9,
      "EER": 0.003952569170967487,
      "AUC": 0.9985177865612649
    },
    "10": {
      "User": 5,
      "n": 10,
      "EER": 0.004694835681655959,
      "AUC": 0.9986586183769283
    }
  },
  "6": {
    "1": {
      "User": 6,
      "n": 1,
      "EER": 0.16740088105733406,
      "AUC": 0.9279099204759996
    },
    "2": {
      "User": 6,
      "n": 2,
      "EER": 0.11764705882364287,
      "AUC": 0.9495511188530082
    },
    "3": {
      "User": 6,
      "n": 3,
      "EER": 0.13333333333332933,
      "AUC": 0.9600361663652801
    },
    "4": {
      "User": 6,
      "n": 4,
      "EER": 0.09523809523809519,
      "AUC": 0.9741886563542614
    },
    "5": {
      "User": 6,
      "n": 5,
      "EER": 0.09106239460317869,
      "AUC": 0.9747048903878583
    },
    "6": {
      "User": 6,
      "n": 6,
      "EER": 0.09999999999973952,
      "AUC": 0.9676789587852495
    },
    "7": {
      "User": 6,
      "n": 7,
      "EER": 0.07795698924801632,
      "AUC": 0.9765745007680491
    },
    "8": {
      "User": 6,
      "n": 8,
      "EER": 0.0521172638442577,
      "AUC": 0.9833061889250814
    },
    "9": {
      "User": 6,
      "n": 9,
      "EER": 0.04651162790790604,
      "AUC": 0.9728682170542636
    },
    "10": {
      "User": 6,
      "n": 10,