{
  "n": [
    1,
    2,
    3,
    4,
    5,
    6,
    7,
    8,
    9,
    10,
    11,
    12,
    13,
    14,
    15,
    16,
    17,
    18,
    19,
    20,
    21,
    22,
    23,
    24,
    25,
    26,
    27,
    28,
    29,
    30
  ],
  "avg_eer": [
    0.16394856527842833,
    0.133197802639632,
    0.11320860411230638,
    0.10327127620772766,
    0.08634715393744102,
    0.0786536103631937,
    0.08245512850947177,
    0.06794122220649473,
    0.06678259970233173,
    0.04205816521740964,
    0.04124188615756254,
    0.04072324246353768,
    0.039752347194265805,
    0.02768745931649963,
    0.016574079692544777,
    0.011185491723373828,
    0.010968379446640631,
    0.007317073170827989,
    0.005405405405452158,
    0.008571428571299248,
    0.011764705882331979,
    0.008474576271198523,
    0.007142857142857444,
    0.007142857142857444,
    0.007142857142857349,
    0.007692307692307868,
    0.0,
    0.0,
    0.0,
    0.0
  ],
  "avg_auc": [
    0.9081816663514651,
    0.9366283190032423,
    0.9503449783639828,
    0.9569212150309715,
    0.9651166047965815,
    0.9705058366570437,
    0.9722277664165612,
    0.9747235069574831,
    0.977398275314427,
    0.9841685774328279,
    0.9821123629516373,
    0.9836899735426805,
    0.9890528027812433,
    0.9944135190294571,
    0.9976054439311184,
    0.9988229929582435,
    0.9986114652839758,
    0.9988179536173242,
    0.9987197724039829,
    0.9985714285714286,
    0.9983455882352942,
    0.9984180790960451,
    0.9980867346938777,
    0.9983516483516484,
    0.998396501457726,
    0.9984615384615385,
    1.0,
    1.0,
    1.0,
    1.0
  ]
}