{
  "n": [
    1,
    2,
    3,
    4,
    5,
    6,
    7,
    8,
    9,
    10,
    11,
    12,
    13,
    14,
    15,
    16,
    17,
    18,
    19,
    20,
    21,
    22,
    23,
    24,
    25,
    26,
    27,
    28,
    29,
    30
  ],
  "avg_eer": [
    0.22567651295934618,
    0.19788954381787202,
    0.1792598839567942,
    0.16778134966563668,
    0.16256151137362915,
    0.15359198906081745,
    0.15171034759891946,
    0.14785239539423345,
    0.13775253225053533,
    0.13813894781242098,
    0.13532472285355768,
    0.1300798315236158,
    0.12722260525129234,
    0.12563190524254572,
    0.1209249973720449,
    0.12554704876417958,
    0.12245695620084567,
    0.1244713071293961,
    0.11828014133126882,
    0.10764485440781198,
    0.10822873484926285,
    0.10896631894501167,
    0.10677483799075597,
    0.09885072331257458,
    0.10465637103542598,
    0.10317248976983973,
    0.10401506678997359,
    0.09960506278442074,
    0.10299020717727694,
    0.09520164999536193
  ],
  "avg_auc": [
    0.8512832897426769,
    0.880088242644954,
    0.8962605799017954,
    0.9063747892221642,
    0.9143681254985403,
    0.9193320901690738,
    0.9240598017477396,
    0.9287475245456003,
    0.9313008585043725,
    0.9354723395603924,
    0.9363450604323041,
    0.9387217809872086,
    0.9419523692106733,
    0.9436784053496808,
    0.945451595005531,
    0.9450943406256561,
    0.9483029448610333,
    0.9492770972184086,
    0.9526909442787277,
    0.9558414224149461,
    0.9562015033207908,
    0.9562703263634438,
    0.9571401871535754,
    0.9597031134816539,
    0.9608277681269477,
    0.9600399713615037,
    0.9608129028271545,
    0.9616225655916153,
    0.9614315418463579,
    0.9627345807037667
  ]
}