{
  "n": [
    1,
    2,
    3,
    4,
    5,
    6,
    7,
    8,
    9,
    10,
    11,
    12,
    13,
    14,
    15,
    16,
    17,
    18,
    19,
    20,
    21,
    22,
    23,
    24,
    25,
    26,
    27,
    28,
    29,
    30
  ],
  "avg_eer": [
    0.11742534971304161,
    0.09447252242041784,
    0.06719133245993376,
    0.047599263798117186,
    0.02725504688581127,
    0.01489337267105402,
    0.007109557109557102,
    0.005714285714310962,
    0.006666666666666672,
    0.0071428571428571366,
    0.00232558139544333,
    0.0027777777778990684,
    0.002941176470630065,
    0.0034482758621572915,
    0.0,
    0.0,
    0.0,
    0.006666666666792493,
    0.0,
    0.0,
    0.0,
    0.0,
    0.0,
    0.0,
    0.0,
    0.0,
    0.0,
    0.0,
    0.0,
    0.0
  ],
  "avg_auc": [
    0.9485693747384815,
    0.9663841556227766,
    0.9782388133790411,
    0.9848319407901961,
    0.9902397395677456,
    0.996803491845766,
    0.9990385476592373,
    0.9986507936507938,
    0.9983625730994152,
    0.9985422740524781,
    0.9992248062015504,
    0.9996913580246914,
    0.9994117647058823,
    0.9993103448275862,
    1.0,
    1.0,
    1.0,
    0.9983333333333334,
    1.0,
    1.0,
    1.0,
    1.0,
    1.0,
    1.0,
    1.0,
    1.0,
    1.0,
    1.0,
    1.0,
    1.0
  ]
}