{
  "n": [
    1,
    2,
    3,
    4,
    5,
    6,
    7,
    8,
    9,
    10,
    11,
    12,
    13,
    14,
    15,
    16,
    17,
    18,
    19,
    20,
    21,
    22,
    23,
    24,
    25,
    26,
    27,
    28,
    29,
    30,
    31,
    32,
    33,
    34,
    35,
    36,
    37,
    38,
    39,
    40,
    41,
    42,
    43,
    44,
    45,
    46,
    47,
    48,
    49,
    50,
    51,
    52,
    53,
    54,
    55,
    56,
    57,
    58,
    59,
    60,
    61,
    62,
    63,
    64,
    65,
    66,
    67,
    68,
    69,
    70,
    71,
    72,
    73,
    74,
    75,
    76,
    77,
    78,
    79
  ],
  "avg_eer": [
    0.22320695702543106,
    0.19697731929254755,
    0.18122740526138403,
    0.16972136754344377,
    0.16462428221135134,
    0.15565265358975727,
    0.1516984901502745,
    0.1491794287604312,
    0.14166636621311404,
    0.14299759091430725,
    0.1357249710995117,
    0.130988763490605,
    0.12970525610131806,
    0.12670210178935357,
    0.12622811842011022,
    0.1258432817805977,
    0.12067484590141112,
    0.11909312661127347,
    0.11264333080644,
    0.11124030033097292,
    0.10703193324094648,
    0.1081333754827998,
    0.10557095875658629,
    0.10287912275083508,
    0.10112768934843308,
    0.1013964059652926,
    0.10101467620588567,
    0.10082245205632649,
    0.1027062679466018,
    0.09937718702400056,
    0.10057426121938236,
    0.09821329367788481,
    0.09748656295887129,
    0.09373558303883134,
    0.09435452196916605,
    0.096776600463032,
    0.0904044424653285,
    0.07476582755416741,
    0.06973921617286286,
    0.06710512400480703,
    0.0695252093968174,
    0.07046379677022513,
    0.0698491782457221,
    0.07130978021644863,
    0.0690770570280861,
    0.0704979827636714,
    0.06861881311111125,
    0.06267445122923603,
    0.05912946582837275,
    0.06050356239771602,
    0.0604651651351894,
    0.055712939800404634,
    0.051738750831078796,
    0.050784733759945466,
    0.048636647964512524,
    0.04794788700596296,
    0.05162613657890436,
    0.04748116826378314,
    0.046755700165942285,
    0.04370183166690139,
    0.0413568055289658,
    0.04147341136697678,
    0.038449577887753515,
    0.03198287220025524,
    0.030506078951431585,
    0.031158533340324628,
    0.030586450960555726,
    0.03026835864369406,
    0.02973684486891982,
    0.02934073474979404,
    0.02577996715938883,
    0.02560975609767231,
    0.027471447928809095,
    0.02466566005165214,
    0.026025641025649603,
    0.02704419483003818,
    0.026671408250358342,
    0.029273504273493723,
    0.026189569851521193
  ],
  "avg_auc": [
    0.8566983431329716,
    0.883935573203232,
    0.8990632484131875,
    0.9084422269642752,
    0.9156169764665932,
    0.9207196127890664,
    0.924935986095611,
    0.9291135375410124,
    0.9318293879230636,
    0.935146118201281,
    0.936717737261611,
    0.9395641443556124,
    0.9423036308204479,
    0.9437103084995293,
    0.9444725354626886,
    0.9441319104321089,
    0.9469886181293683,
    0.9481546013580389,
    0.9508987184465074,
    0.9531945413275615,
    0.9539871182031806,
    0.9535812871516163,
    0.9548625230798032,
    0.9570047367124868,
    0.9587646288080001,
    0.9581094287303976,
    0.9580576452499837,
    0.9584456120233293,
    0.9592082643412084,
    0.9603508983436209,
    0.9597944922314265,
    0.9611259420288757,
    0.9611289821499884,
    0.9632789651189319,
    0.9640118639862395,
    0.964435888556876,
    0.9652674018360023,
    0.9710037673566626,
    0.9719658680521357,
    0.9751139258449852,
    0.9748827845692345,
    0.975608295990337,
    0.9746198837613157,
    0.9741431251214523,
    0.9750616428053573,
    0.9738001972609694,
    0.974293050120815,
    0.9758496718520524,
    0.978751064397583,
    0.9782147242480483,
    0.9776584409463351,
    0.9809571709896169,
    0.9823201442731418,
    0.9846217912912417,
    0.9850723609160001,
    0.9856456919220854,
    0.9848225746809444,
    0.9864014535414508,
    0.9865614096237507,
    0.9879809325275435,
    0.9893850245688209,
    0.9886327186023236,
    0.9888966347545758,
    0.9897525993069423,
    0.9900407433313273,
    0.9898440958751088,
    0.989672755094104,
    0.989052647703133,
    0.9895550013859985,
    0.990457384440915,
    0.9907137881275814,
    0.9903562998763629,
    0.9900194966086087,
    0.9914403645370973,
    0.9912016393050875,
    0.9906335269674653,
    0.9906340551077394,
    0.9902905857949718,
    0.9906291177417937
  ]
}