{
  "n": [
    1,
    2,
    3,
    4,
    5,
    6,
    7,
    8,
    9,
    10,
    11,
    12,
    13,
    14,
    15,
    16,
    17,
    18,
    19,
    20,
    21,
    22,
    23,
    24,
    25,
    26,
    27,
    28,
    29,
    30,
    31,
    32,
    33,
    34,
    35,
    36,
    37,
    38,
    39,
    40,
    41,
    42,
    43,
    44,
    45,
    46,
    47,
    48,
    49,
    50,
    51,
    52,
    53,
    54,
    55,
    56,
    57,
    58,
    59,
    60,
    61,
    62,
    63,
    64,
    65,
    66,
    67,
    68,
    69,
    70,
    71,
    72,
    73,
    74,
    75,
    76,
    77,
    78,
    79
  ],
  "avg_eer": [
    0.2033391202481391,
    0.17175690767492363,
    0.1488561119571678,
    0.1383233817762509,
    0.12921417719381267,
    0.12037974637053558,
    0.11596670185356377,
    0.10549816574044028,
    0.10576483695846892,
    0.09984046569961155,
    0.09949043752069238,
    0.09164557704713314,
    0.08820137896607332,
    0.08178470390160374,
    0.07851589092000527,
    0.07508360601204522,
    0.07762460314295667,
    0.07608788011430537,
    0.077523767475992,
    0.07571158605184523,
    0.07746336858763117,
    0.07492349691371938,
    0.07188006496367884,
    0.07528053753008358,
    0.06679100839672439,
    0.051529566852298335,
    0.045311768754780914,
    0.045570334049548536,
    0.04442473164855349,
    0.042597318884496534,
    0.041168310110981765,
    0.04144412900684412,
    0.04110428617827905,
    0.041791241677523044,
    0.041720003655615026,
    0.03538606840273294,
    0.03182819006945586,
    0.03175862434768836,
    0.020858337500919984,
    0.018692159058281706,
    0.019127365905498628,
    0.015433415319834812,
    0.008300876338907266,
    0.011327231121315354,
    0.011362318840657158,
    0.013317914961704197,
    0.012225705329096132,
    0.012749615975495343,
    0.013389830508481509,
    0.013974591651620905,
    0.014814814814833058,
    0.014957264957271437,
    0.01115340692793795,
    0.010024154589534182,
    0.013397435897209386,
    0.013630319148889037,
    0.012009978617265068,
    0.01329449152544247,
    0.017117066354058207,
    0.01592603528434828,
    0.012417263354599369,
    0.011979686979497731,
    0.00977443609019098,
    0.0099206349205101,
    0.009999999999929229,
    0.009999999999928925,
    0.01008403361338208,
    0.010173160173114095,
    0.01081730769226993,
    0.010817307692203888,
    0.012424242424126106,
    0.0,
    0.0,
    0.0,
    0.0,
    0.0,
    0.0,
    0.0,
    0.0
  ],
  "avg_auc": [
    0.8740432367560483,
    0.9037742272177246,
    0.9221754740035644,
    0.9316738220110142,
    0.9398526064321008,
    0.9447051144093453,
    0.9494355153714004,
    0.9528794768448906,
    0.9559740402321776,
    0.9574816625679679,
    0.9583076216805676,
    0.9615905545553194,
    0.9653764467938946,
    0.9675740861432993,
    0.9691485444893344,
    0.9713080695154133,
    0.9705633477411046,
    0.9719944172291537,
    0.971796533775786,
    0.9723162088160269,
    0.9726149664248214,
    0.9724285416681167,
    0.9750789312693842,
    0.9743448211708247,
    0.9758716778608406,
    0.9804846845463295,
    0.9829549550790804,
    0.9834037127375043,
    0.9821911942634909,
    0.983300879044797,
    0.9832819808018762,
    0.984977094252754,
    0.9876440896393094,
    0.9868669548580525,
    0.990709089377001,
    0.9936422675630034,
    0.9933967210597535,
    0.9928674716651329,
    0.996932558115971,
    0.9969252819153613,
    0.9967424394875739,
    0.9970969842837215,
    0.998139279313605,
    0.997988129762633,
    0.9977635046113308,
    0.9982853408140123,
    0.9982721301686818,
    0.9983290247649019,
    0.9980149109633126,
    0.9978942714877379,
    0.9979360939887256,
    0.9981796996051381,
    0.9984356241398494,
    0.9983328597139339,
    0.9983943833943834,
    0.9982165206508136,
    0.9980604193744498,
    0.9978751970831692,
    0.997738489964644,
    0.9973411720549059,
    0.9975750901835608,
    0.9980054390054389,
    0.9981927039821776,
    0.9981216931216931,
    0.9980840336134454,
    0.9982240896358544,
    0.9985866267689343,
    0.9978199578199579,
    0.9983413461538462,
    0.9984763986013986,
    0.9978005509641873,
    1.0,
    1.0,
    1.0,
    1.0,
    1.0,
    1.0,
    1.0,
    1.0
  ]
}