{
  "n": [
    1,
    2,
    3,
    4,
    5,
    6,
    7,
    8,
    9,
    10,
    11,
    12,
    13,
    14,
    15,
    16,
    17,
    18,
    19,
    20,
    21,
    22,
    23,
    24,
    25,
    26,
    27,
    28,
    29,
    30,
    31,
    32,
    33,
    34,
    35,
    36,
    37,
    38,
    39,
    40,
    41,
    42,
    43,
    44,
    45,
    46,
    47,
    48,
    49,
    50,
    51,
    52,
    53,
    54,
    55,
    56,
    57,
    58,
    59,
    60,
    61,
    62,
    63,
    64,
    65,
    66,
    67,
    68,
    69,
    70,
    71,
    72,
    73,
    74,
    75,
    76,
    77,
    78,
    79
  ],
  "avg_eer": [
    0.252683591937495,
    0.22593380084916523,
    0.20959999984243405,
    0.1993698279892378,
    0.1861019626472853,
    0.1822108951898217,
    0.17406379271687253,
    0.17219005785063835,
    0.16755601582898025,
    0.1622212906018745,
    0.15694623528790141,
    0.1550987858034713,
    0.14999226357002143,
    0.1488232735525009,
    0.1480664855276364,
    0.14520300085233112,
    0.14172584044812284,
    0.14188622738990136,
    0.1367076171920883,
    0.13834562611431178,
    0.13725081601868055,
    0.13398081987303095,
    0.13210667832606948,
    0.12917789872448499,
    0.13097255078452924,
    0.1280564151020896,
    0.12477721150162391,
    0.12276870009325465,
    0.12213450129001724,
    0.12016279809241351,
    0.11941533922694145,
    0.12017045054300297,
    0.12125556543891189,
    0.11852367038634819,
    0.11587171418990709,
    0.11712314360200574,
    0.11933054942617356,
    0.11889857395513448,
    0.116696925169635,
    0.10786906210996534,
    0.10991679499613675,
    0.10677165234371475,
    0.10689566090466969,
    0.10662202825435836,
    0.10598286169893043,
    0.10583344655171045,
    0.10338424875998727,
    0.10350261714252015,
    0.10312243693474088,
    0.10109422935329171,
    0.10228897722767556,
    0.10345050667209357,
    0.10115145011097741,
    0.10068037558977623,
    0.09655516028096936,
    0.09556484184265188,
    0.09872579385242096,
    0.09800440058136872,
    0.0988499159138668,
    0.09903766060074212,
    0.10042293658055979,
    0.10210495534506844,
    0.09982514914007243,
    0.09633465638673604,
    0.09682344715984834,
    0.09821849073002162,
    0.09662359956610227,
    0.09345857159617182,
    0.08986730688595546,
    0.08988426117949438,
    0.09169101813172256,
    0.09393630679101117,
    0.08971737552631623,
    0.08843569857964698,
    0.08775595999201444,
    0.08132559357500373,
    0.08253892912403718,
    0.08161398459167357,
    0.07132770460663815
  ],
  "avg_auc": [
    0.8233608812944346,
    0.8539743688176461,
    0.8709859096148616,
    0.8832059323015328,
    0.8925150266928107,
    0.8987403864671787,
    0.9043261763148915,
    0.9085218433821318,
    0.9124789722711739,
    0.9162530478779722,
    0.9182903934144129,
    0.9208217388047446,
    0.9236216897563636,
    0.9263885702050739,
    0.9280528947173551,
    0.9297107260754665,
    0.9322322128171521,
    0.9314411134280485,
    0.9335137314084314,
    0.9357483396037187,
    0.9364894160857251,
    0.9366412769998999,
    0.9381579970618603,
    0.9387059505132569,
    0.9407313412657416,
    0.9411846873670866,
    0.942581720713064,
    0.9431310519586296,
    0.9429238126082348,
    0.9441962915992322,
    0.943985711924474,
    0.944280659781042,
    0.9453496861061979,
    0.9476051324728921,
    0.9484284973771592,
    0.9477705296803108,
    0.9498957633313342,
    0.9507067211546361,
    0.9520493771571965,
    0.9541916902180642,
    0.9537684222022402,
    0.9545326139036714,
    0.9552492527621965,
    0.9547552780378299,
    0.9550662089805378,
    0.9554151226364791,
    0.956556885839985,
    0.9577275250018003,
    0.9586157505339274,
    0.9590666102278893,
    0.9573832672706534,
    0.9578577486431442,
    0.9579444438049256,
    0.9584025179082104,
    0.9581858221214195,
    0.9583172534020274,
    0.9581068526000003,
    0.9581795871342222,
    0.9583423612593951,
    0.9587565126455775,
    0.958316140017374,
    0.9571812749191638,
    0.9588151747235465,
    0.9591939719596748,
    0.9591266440093011,
    0.9591844481281807,
    0.9596561680066739,
    0.9615452338020789,
    0.9623291747600321,
    0.9619756056015396,
    0.9619895747193434,
    0.962177369859786,
    0.9626456857520349,
    0.9627933204830746,
    0.9645035274813821,
    0.9666672134324215,
    0.9663114223307121,
    0.9683332705094969,
    0.9706340236912061
  ]
}