{
  "n": [
    1,
    2,
    3,
    4,
    5,
    6,
    7,
    8,
    9,
    10,
    11,
    12,
    13,
    14,
    15,
    16,
    17,
    18,
    19,
    20,
    21,
    22,
    23,
    24,
    25,
    26,
    27,
    28,
    29,
    30
  ],
  "avg_eer": [
    0.19371863500010808,
    0.161179344084096,
    0.14266714722627596,
    0.12899124582706048,
    0.1224603110047529,
    0.11264686576789755,
    0.1065695945260777,
    0.10014830315645169,
    0.09171585791249821,
    0.08111866238325541,
    0.08153434893049685,
    0.07561911207481077,
    0.07314339192385916,
    0.07310412673703423,
    0.07063175875538216,
    0.06877677505811648,
    0.06846558420469204,
    0.06959042588994863,
    0.053721592276869345,
    0.04766755799961462,
    0.04630006156304322,
    0.04694036350621196,
    0.04282633313960057,
    0.03864361237066073,
    0.03349969179581604,
    0.034520072193535735,
    0.028188276871065565,
    0.025456390999466838,
    0.021521321781013306,
    0.02401989151080266
  ],
  "avg_auc": [
    0.8848977058760802,
    0.914143175892162,
    0.9301022028987154,
    0.9407692707613577,
    0.948389296338403,
    0.9529652041677302,
    0.9580472152703763,
    0.9592211076390811,
    0.9640735771478038,
    0.9680223870130579,
    0.9678968720493556,
    0.9705047017396149,
    0.9707376648867518,
    0.9726425950735644,
    0.9731951112279977,
    0.9736225942419893,
    0.9759160686963527,
    0.9768734468029929,
    0.9805181270617072,
    0.9840927763161662,
    0.984584731744186,
    0.9830728766689985,
    0.9847963102852898,
    0.986194803884801,
    0.9885669035875327,
    0.990077708475073,
    0.9942676866824497,
    0.9954997960677812,
    0.9966979815065535,
    0.9966437111082224
  ]
}