{
    "user12": {
      "1": {
        "User": "user12",
        "n": 1,
        "EER": 0.12402636309312097,
        "AUC": 0.9476478961200351
      },
      "2": {
        "User": "user12",
        "n": 2,
        "EER": 0.10201342281994105,
        "AUC": 0.968570960877394
      },
      "3": {
        "User": "user12",
        "n": 3,
        "EER": 0.10227272727309403,
        "AUC": 0.9742793791574279
      },
      "4": {
        "User": "user12",
        "n": 4,
        "EER": 0.04166666666793439,
        "AUC": 0.9881687242798354
      },
      "5": {
        "User": "user12",
        "n": 5,
        "EER": 0.06666666666666657,
        "AUC": 0.9834146341463414
      },
      "6": {
        "User": "user12",
        "n": 6,
        "EER": 0.07092198581663409,
        "AUC": 0.9807497467071935
      },
      "7": {
        "User": "user12",
        "n": 7,
        "EER": 0.01904761904811121,
        "AUC": 0.9904761904761904
      },
      "8": {
        "User": "user12",
        "n": 8,
        "EER": 0.0,
        "AUC": 1.0
      },
      "9": {
        "User": "user12",
        "n": 9,
        "EER": 0.0,
        "AUC": 1.0
      },
      "10": {
        "User": "user12",
        "n": 10,
        "EER": 0.0,
        "AUC": 1.0
      }
    },
    "user15": {
      "1": {
        "User": "user15",
        "n": 1,
        "EER": 0.05017103762903073,
        "AUC": 0.9873695289886852
      },
      "2": {
        "User": "user15",
        "n": 2,
        "EER": 0.02439024390284111,
        "AUC": 0.9970520697573387
      },
      "3": {
        "User": "user15",
        "n": 3,
        "EER": 0.002164502165724913,
        "AUC": 0.9996582365003418
      },
      "4": {
        "User": "user15",
        "n": 4,
        "EER": 0.0,
        "AUC": 1.0
      },
      "5": {
        "User": "user15",
        "n": 5,
        "EER": 0.0,
        "AUC": 1.0
      },
      "6": {
        "User": "user15",
        "n": 6,
        "EER": 0.0,
        "AUC": 1.0
      },
      "7": {
        "User": "user15",
        "n": 7,
        "EER": 0.0,
        "AUC": 1.0
      },
      "8": {
        "User": "user15",
        "n": 8,
        "EER": 0.0,
        "AUC": 1.0
      },
      "9": {
        "User": "user15",
        "n": 9,
        "EER": 0.0,
        "AUC": 1.0
      },
      "10": {
        "User": "user15",
        "n": 10,
        "EER": 0.0,
        "AUC": 1.0
      }
    },
    "user16": {
      "1": {
        "User": "user16",
        "n": 1,
        "EER": 0.1330935251790903,
        "AUC": 0.9379938154739367
      },
      "2": {
        "User": "user16",
        "n": 2,
        "EER": 0.11842105263160696,
        "AUC": 0.957249982479501
      },
      "3": {
        "User": "user16",
        "n": 3,
        "EER": 0.13761467890041004,
        "AUC": 0.9614169215086646
      },
      "4": {
        "User": "user16",
        "n": 4,
        "EER": 0.12969283276324403,
        "AUC": 0.9744027303754266
      },
      "5": {
        "User": "user16",
        "n": 5,
        "EER": 0.0829268292686903,
        "AUC": 0.9801626016260163
      },
      "6": {
        "User": "user16",
        "n": 6,
        "EER": 0.0719424460421911,
        "AUC": 0.9832134292565947
      },
      "7": {
        "User": "user16",
        "n": 7,
        "EER": 0.02803738317771243,
        "AUC": 0.9766355140186915
      },
      "8": {
        "User": "user16",
        "n": 8,
        "EER": 0.0,
        "AUC": 1.0
      },
      "9": {
        "User": "user16",
        "n": 9,
        "EER": 0.0,
        "AUC": 1.0
      },
      "10": {
        "User": "user16",
        "n": 10,
        "EER": 0.0,
        "AUC": 1.0
      }
    },
    "user20": {
      "1": {
        "User": "user20",
        "n": 1,
        "EER": 0.09079678814009713,
        "AUC": 0.977011999245363
      },
      "2": {
        "User": "user20",
        "n": 2,
        "EER": 0.05357142857122292,
        "AUC": 0.9919830169830169
      },
      "3": {
        "User": "user20",
        "n": 3,
        "EER": 0.03649635036352476,
        "AUC": 0.9968717413972888
      },
      "4": {
        "User": "user20",
        "n": 4,
        "EER": 0.026515151515910832,
        "AUC": 0.9977718360071302
      },
      "5": {
        "User": "user20",
        "n": 5,
        "EER": 0.005434782608762482,
        "AUC": 0.9998490338164251
      },
      "6": {
        "User": "user20",
        "n": 6,
        "EER": 0.0,
        "AUC": 1.0
      },
      "7": {
        "User": "user20",
        "n": 7,
        "EER": 0.0,
        "AUC": 1.0
      },
      "8": {
        "User": "user20",
        "n": 8,
        "EER": 0.0,
        "AUC": 1.0
      },
      "9": {
        "User": "user20",
        "n": 9,
        "EER": 0.0,
        "AUC": 1.0
      },
      "10": {
        "User": "user20",
        "n": 10,
        "EER": 0.0,
        "AUC": 1.0
      }
    },
    "user21": {
      "1": {
        "User": "user21",
        "n": 1,
        "EER": 0.04210526315789483,
        "AUC": 0.993002358420157
      },
      "2": {
        "User": "user21",
        "n": 2,
        "EER": 0.01142131979724655,
        "AUC": 0.9983730313679553
      },
      "3": {
        "User": "user21",
        "n": 3,
        "EER": 0.0043290043299164735,
        "AUC": 0.9997721576668945
      },
      "4": {
        "User": "user21",
        "n": 4,
        "EER": 0.0,
        "AUC": 1.0
      },
      "5": {
        "User": "user21",
        "n": 5,
        "EER": 0.0,
        "AUC": 1.0
      },
      "6": {
        "User": "user21",
        "n": 6,
        "EER": 0.0,
        "AUC": 1.0
      },
      "7": {
        "User": "user21",
        "n": 7,
        "EER": 0.0,
        "AUC": 1.0
      },
      "8": {
        "User": "user21",
        "n": 8,
        "EER": 0.0,
        "AUC": 1.0
      },
      "9": {
        "User": "user21",
        "n": 9,
        "EER": 0.0,
        "AUC": 1.0
      },
      "10": {
        "User": "user21",
        "n": 10,
        "EER": 0.0,
        "AUC": 1.0
      }
    },
    "user23": {
      "1": {
        "User": "user23",
        "n": 1,
        "EER": 0.08888888888888892,
        "AUC": 0.9753707893413776
      },
      "2": {
        "User": "user23",
        "n": 2,
        "EER": 0.06249999999999997,
        "AUC": 0.9849449685534591
      },
      "3": {
        "User": "user23",
        "n": 3,
        "EER": 0.058823529411764455,
        "AUC": 0.9948022312373226
      },
      "4": {
        "User": "user23",
        "n": 4,
        "EER": 0.0,
        "AUC": 1.0
      },
      "5": {
        "User": "user23",
        "n": 5,
        "EER": 0.0,
        "AUC": 1.0
      },
      "6": {
        "User": "user23",
        "n": 6,
        "EER": 0.0,
        "AUC": 1.0
      },
      "7": {
        "User": "user23",
        "n": 7,
        "EER": 0.0,
        "AUC": 1.0
      },
      "8": {
        "User": "user23",
        "n": 8,
        "EER": 0.0,
        "AUC": 1.0
      },
      "9": {
        "User": "user23",
        "n": 9,
        "EER": 0.0,
        "AUC": 1.0
      },
      "10": {
        "User": "user23",
        "n": 10,
        "EER": 0.0,
        "AUC": 1.0
      }
    },
    "user29": {
      "1": {
        "User": "user29",
        "n": 1,
        "EER": 0.08823529411764752,
        "AUC": 0.9699015141364062
      },
      "2": {
        "User": "user29",
        "n": 2,
        "EER": 0.07770700637022004,
        "AUC": 0.9811950257810131
      },
      "3": {
        "User": "user29",
        "n": 3,
        "EER": 0.05,
        "AUC": 0.9845986984815618
      },
      "4": {
        "User": "user29",
        "n": 4,
        "EER": 0.12500000000000003,
        "AUC": 0.9763843648208469
      },
      "5": {
        "User": "user29",
        "n": 5,
        "EER": 0.04587155963338842,
        "AUC": 0.9770642201834863
      },
      "6": {
        "User": "user29",
        "n": 6,
        "EER": 0.0,
        "AUC": 1.0
      },