{
  "n": [
    1,
    2,
    3,
    4,
    5,
    6,
    7,
    8,
    9,
    10,
    11,
    12,
    13,
    14,
    15,
    16,
    17,
    18,
    19,
    20,
    21,
    22,
    23,
    24,
    25,
    26,
    27,
    28,
    29,
    30
  ],
  "avg_eer": [
    0.19820322304268398,
    0.17425307302996296,
    0.15713198864303898,
    0.14743371122085583,
    0.13568823049580786,
    0.13419539128502,
    0.12496426387822997,
    0.12124969609618559,
    0.1154321669145045,
    0.11544069168001521,
    0.11450988412854275,
    0.10913272983080462,
    0.10389418423324219,
    0.10088671781022714,
    0.10080453921472421,
    0.09443268496029769,
    0.0931596589669058,
    0.08731124816823382,
    0.08456753108627807,
    0.07936886680595381,
    0.07770716837200026,
    0.07350894505773406,
    0.06860628348887793,
    0.06649450970809709,
    0.059239470797701844,
    0.05054183468427233,
    0.032892304297699404,
    0.032813472598389834,
    0.03237747940252858,
    0.031923233277856504
  ],
  "avg_auc": [
    0.8823005592035456,
    0.903715272283032,
    0.915464785966349,
    0.9237328515446783,
    0.9287789041299799,
    0.932372376991573,
    0.9373416981393762,
    0.9370195129091392,
    0.9429234859408829,
    0.9432079559527236,
    0.9443415399825021,
    0.9473638348759399,
    0.9503195692442439,
    0.9511459087671584,
    0.9506013729186765,
    0.9520023250562583,
    0.9547670632575249,
    0.9600079722237037,
    0.9632471246707823,
    0.9628494418486231,
    0.9608831074280593,
    0.9601738563370985,
    0.9638941698225973,
    0.9651168724531228,
    0.9713834641912997,
    0.977139618043568,
    0.9859051532023978,
    0.9842918195658357,
    0.9838082557458266,
    0.9846456734170209
  ]
}