{
  "n": [
    1,
    2,
    3,
    4,
    5,
    6,
    7,
    8,
    9,
    10,
    11,
    12,
    13,
    14,
    15,
    16,
    17,
    18,
    19,
    20,
    21,
    22,
    23,
    24,
    25,
    26,
    27,
    28,
    29,
    30,
    31,
    32,
    33,
    34,
    35,
    36,
    37,
    38,
    39,
    40,
    41,
    42,
    43,
    44,
    45,
    46,
    47,
    48,
    49
  ],
  "avg_eer": [
    0.2132766415588468,
    0.11253220880717504,
    0.06358563981029594,
    0.03859849889439272,
    0.023675978113394426,
    0.01806105530685337,
    0.013406004009407186,
    0.00890854571806184,
    0.0057572692667156745,
    0.004326259705442674,
    0.0030671906485346795,
    0.0013171859913280986,
    0.0009815352695874146,
    0.00034776398957911777,
    0.0003710090713204497,
    0.0002700314308916433,
    0.0,
    0.0,
    0.0,
    0.0,
    0.0,
    0.0,
    0.0,
    0.0,
    0.0,
    0.0,
    0.0,
    0.0,
    0.0,
    0.0,
    0.0,
    0.0,
    0.0,
    0.0,
    0.0,
    0.0,
    0.0,
    0.0,
    0.0,
    0.0,
    0.0,
    0.0,
    0.0,
    0.0,
    0.0,
    0.0,
    0.0,
    0.0,
    0.0
  ],
  "avg_auc": [
    0.8627613322118639,
    0.9442662806156209,
    0.9746448577890945,
    0.9883672655132318,
    0.9941298941324593,
    0.997326190106796,
    0.9982968875691445,
    0.9991971195319822,
    0.9995432726720811,
    0.9997728081832775,
    0.9998796758444282,
    0.9999008380009877,
    0.9999514760914148,
    0.9999768663959239,
    0.9999918024596971,
    0.9999898991870932,
    1.0,
    1.0,
    1.0,
    1.0,
    1.0,
    1.0,
    1.0,
    1.0,
    1.0,
    1.0,
    1.0,
    1.0,
    1.0,
    1.0,
    1.0,
    1.0,
    1.0,
    1.0,
    1.0,
    1.0,
    1.0,
    1.0,
    1.0,
    1.0,
    1.0,
    1.0,
    1.0,
    1.0,
    1.0,
    1.0,
    1.0,
    1.0,
    1.0
  ]
}