{
  "n": [
    1,
    2,
    3,
    4,
    5,
    6,
    7,
    8,
    9,
    10,
    11,
    12,
    13,
    14,
    15,
    16,
    17,
    18,
    19,
    20,
    21,
    22,
    23,
    24,
    25,
    26,
    27,
    28,
    29,
    30,
    31,
    32,
    33,
    34,
    35,
    36,
    37,
    38,
    39,
    40,
    41,
    42,
    43,
    44,
    45,
    46,
    47,
    48,
    49
  ],
  "avg_eer": [
    0.21807515623176754,
    0.11898786576529549,
    0.07324079811763838,
    0.04847389164302698,
    0.03378017999163189,
    0.025577753812831304,
    0.017325311719694626,
    0.013640445999153952,
    0.009596125133121365,
    0.007971364539831998,
    0.004075651712686409,
    0.002513820994640965,
    0.0024526639804038374,
    0.0009837999152717684,
    0.0010713440983371133,
    0.0014429925077263258,
    0.0002831890384482786,
    0.0002979546942416405,
    0.00024024981803711748,
    0.0,
    9.199632016147024e-05,
    0.0,
    0.0,
    0.0,
    0.0,
    0.0,
    0.0,
    0.0,
    0.0,
    0.0,
    0.0,
    0.0,
    0.0,
    0.0,
    0.0,
    0.0,
    0.0,
    0.0,
    0.0,
    0.0,
    0.0,
    0.0,
    0.0,
    0.0,
    0.0,
    0.0,
    0.0,
    0.0,
    0.0
  ],
  "avg_auc": [
    0.8596885803399663,
    0.9386586270270019,
    0.9706192641700264,
    0.9846364620885131,
    0.9918977727400712,
    0.9954302642714812,
    0.9975847179038727,
    0.9982620236311183,
    0.9991151459662524,
    0.9994840664702732,
    0.9997852398130863,
    0.9998993110239514,
    0.9998757848891371,
    0.9999565153535762,
    0.9999787701202771,
    0.999973327655496,
    0.9999929268812003,
    0.9999964231700584,
    0.999997406129473,
    1.0,
    0.9999993185457766,
    1.0,
    1.0,
    1.0,
    1.0,
    1.0,
    1.0,
    1.0,
    1.0,
    1.0,
    1.0,
    1.0,
    1.0,
    1.0,
    1.0,
    1.0,
    1.0,
    1.0,
    1.0,
    1.0,
    1.0,
    1.0,
    1.0,
    1.0,
    1.0,
    1.0,
    1.0,
    1.0,
    1.0
  ]
}