timestamp,event,x,y,user,screen_width,screen_height
1490266461513,Mouse Moved,400.0,289.0,User19,800.0,578.0
1490266461809,Mouse Moved,39.0,482.0,User19,,
1490266461825,Mouse Moved,109.0,513.0,User19,,
1490266461839,Mouse Moved,168.0,536.0,User19,,
1490266461855,Mouse Moved,179.0,539.0,User19,,
1490266461871,Mouse Moved,195.0,544.0,User19,,
1490266461964,Mouse Moved,203.0,546.0,User19,,
1490266461980,Mouse Moved,213.0,550.0,User19,,
1490266461996,Mouse Moved,226.0,552.0,User19,,
1490266462059,Mouse Moved,237.0,555.0,User19,,
1490266462073,Mouse Moved,247.0,557.0,User19,,
1490266462089,Mouse Moved,260.0,559.0,User19,,
1490266462105,Mouse Moved,263.0,559.0,User19,,
1490266462121,Mouse Moved,275.0,562.0,User19,,
1490266462137,Mouse Moved,279.0,562.0,User19,,
1490266462151,Mouse Moved,288.0,564.0,User19,,
1490266462167,Mouse Moved,307.0,565.0,User19,,
1490266462183,Mouse Moved,311.0,565.0,User19,,
1490266462198,Mouse Moved,317.0,566.0,User19,,
1490266462214,Mouse Moved,333.0,568.0,User19,,
1490266462230,Mouse Moved,347.0,568.0,User19,,
1490266462246,Mouse Moved,360.0,569.0,User19,,
1490266462276,Mouse Moved,365.0,569.0,User19,,
1490266462292,Mouse Moved,368.0,569.0,User19,,
1490266462323,Mouse Moved,370.0,569.0,User19,,
1490266462355,Mouse Moved,373.0,569.0,User19,,
1490266462371,Mouse Moved,375.0,569.0,User19,,
1490266462385,Mouse Moved,376.0,569.0,User19,,
1490266462401,Mouse Moved,378.0,569.0,User19,,
1490266462417,Mouse Moved,380.0,569.0,User19,,
1490266462433,Mouse Moved,383.0,569.0,User19,,
1490266462448,Mouse Moved,386.0,570.0,User19,,
1490266462463,Mouse Moved,389.0,570.0,User19,,
1490266462480,Mouse Moved,390.0,571.0,User19,,
1490266462494,Mouse Moved,393.0,571.0,User19,,
1490266462510,Mouse Moved,396.0,571.0,User19,,
1490266462526,Mouse Moved,400.0,572.0,User19,,
1490266462542,Mouse Moved,401.0,573.0,User19,,
1490266462558,Mouse Moved,404.0,573.0,User19,,
1490266462572,Mouse Moved,408.0,573.0,User19,,
1490266462588,Mouse Moved,414.0,575.0,User19,,
1490266462605,Mouse Moved,419.0,575.0,User19,,
1490266462619,Mouse Moved,427.0,576.0,User19,,
1490266462635,Mouse Moved,431.0,576.0,User19,,
1490266462651,Mouse Moved,432.0,574.0,User19,,
1490266462667,Mouse Moved,434.0,571.0,User19,,
1490266462683,Mouse Moved,435.0,568.0,User19,,
1490266462697,Mouse Moved,435.0,567.0,User19,,
1490266462713,Mouse Moved,435.0,565.0,User19,,
1490266462729,Mouse Moved,435.0,564.0,User19,,
1490266462744,Mouse Moved,435.0,562.0,User19,,
1490266462869,Mouse Moved,435.0,560.0,User19,,
1490266462931,Mouse Moved,435.0,558.0,User19,,
1490266462947,Mouse Moved,435.0,554.0,User19,,
1490266462963,Mouse Moved,435.0,553.0,User19,,
1490266462979,Mouse Moved,435.0,552.0,User19,,
1490266463026,Mouse Moved,434.0,552.0,User19,,
1490266463040,Mouse Moved,434.0,551.0,User19,,
1490266463072,Mouse Moved,433.0,549.0,User19,,
1490266463088,Mouse Moved,433.0,548.0,User19,,
1490266463104,Mouse Moved,432.0,547.0,User19,,
1490266463118,Mouse Moved,430.0,543.0,User19,,
1490266463134,Mouse Moved,430.0,541.0,User19,,
1490266463259,Mouse Moved,428.0,541.0,User19,,
1490266463275,Mouse Moved,428.0,539.0,User19,,
1490266463306,Mouse Moved,427.0,537.0,User19,,
1490266463322,Mouse Moved,426.0,536.0,User19,,
1490266463338,Mouse Moved,425.0,533.0,User19,,
1490266463352,Mouse Moved,423.0,531.0,User19,,
1490266463368,Mouse Moved,421.0,529.0,User19,,
1490266463384,Mouse Moved,419.0,524.0,User19,,
1490266463400,Mouse Moved,418.0,523.0,User19,,
1490266463415,Mouse Moved,417.0,521.0,User19,,
1490266463447,Mouse Moved,416.0,519.0,User19,,
1490266463463,Mouse Moved,415.0,517.0,User19,,
1490266463525,Mouse Moved,414.0,516.0,User19,,
1490266463586,Mouse Moved,413.0,515.0,User19,,
1490266463602,Mouse Moved,413.0,514.0,User19,,
1490266463618,Mouse Moved,411.0,512.0,User19,,
1490266463634,Mouse Moved,410.0,510.0,User19,,
1490266463650,Mouse Moved,408.0,505.0,User19,,
1490266463664,Mouse Moved,406.0,502.0,User19,,
1490266463680,Mouse Moved,402.0,496.0,User19,,
1490266463727,Mouse Moved,399.0,493.0,User19,,
1490266463759,Mouse Moved,396.0,487.0,User19,,
1490266463775,Mouse Moved,394.0,483.0,User19,,
1490266463789,Mouse Moved,392.0,482.0,User19,,
1490266463852,Mouse Moved,391.0,480.0,User19,,
1490266463868,Mouse Moved,390.0,478.0,User19,,
1490266463884,Mouse Moved,389.0,477.0,User19,,
1490266463914,Mouse Moved,385.0,470.0,User19,,
1490266463961,Mouse Moved,381.0,464.0,User19,,
1490266463976,Mouse Moved,380.0,463.0,User19,,
1490266464055,Mouse Moved,378.0,460.0,User19,,
1490266464071,Mouse Moved,377.0,458.0,User19,,
1490266464101,Mouse Moved,375.0,455.0,User19,,
1490266464118,Mouse Moved,373.0,452.0,User19,,
1490266464132,Mouse Moved,373.0,451.0,User19,,
1490266464164,Mouse Moved,369.0,445.0,User19,,
1490266464196,Mouse Moved,368.0,444.0,User19,,
1490266464210,Mouse Moved,366.0,440.0,User19,,
1490266464226,Mouse Moved,364.0,438.0,User19,,
1490266464242,Mouse Moved,362.0,435.0,User19,,
1490266464257,Mouse Moved,361.0,432.0,User19,,
1490266464273,Mouse Moved,359.0,430.0,User19,,
1490266464289,Mouse Moved,358.0,429.0,User19,,
1490266464335,Mouse Moved,357.0,426.0,User19,,
1490266464414,Mouse Moved,355.0,424.0,User19,,
1490266464444,Mouse Moved,354.0,423.0,User19,,
1490266464507,Mouse Moved,353.0,421.0,User19,,
1490266464539,Mouse Moved,352.0,419.0,User19,,
1490266464648,Mouse Moved,350.0,418.0,User19,,
1490266464773,Mouse Moved,346.0,411.0,User19,,
1490266464788,Mouse Moved,345.0,408.0,User19,,
1490266464803,Mouse Moved,343.0,407.0,User19,,
1490266464976,Mouse Moved,340.0,403.0,User19,,
1490266464990,Mouse Moved,340.0,401.0,User19,,
1490266465022,Mouse Moved,339.0,400.0,User19,,
1490266465038,Mouse Moved,337.0,397.0,User19,,
1490266465099,Mouse Moved,335.0,395.0,User19,,
1490266465177,Mouse Moved,335.0,393.0,User19,,
1490266465272,Mouse Moved,333.0,392.0,User19,,
1490266465288,Mouse Moved,332.0,390.0,User19,,
1490266465490,Mouse Moved,331.0,388.0,User19,,
1490266465522,Mouse Moved,330.0,388.0,User19,,
1490266465615,Mouse Moved,329.0,386.0,User19,,
1490266465645,Mouse Moved,328.0,384.0,User19,,
1490266465693,Mouse Moved,326.0,382.0,User19,,
1490266465723,Mouse Moved,326.0,381.0,User19,,
1490266465770,Mouse Moved,324.0,379.0,User19,,
1490266465848,Mouse Moved,323.0,378.0,User19,,
1490266465880,Mouse Moved,322.0,376.0,User19,,
1490266465895,Mouse Moved,321.0,376.0,User19,,
1490266465911,Mouse Moved,320.0,374.0,User19,,
1490266465943,Mouse Moved,319.0,373.0,User19,,
1490266465957,Mouse Moved,318.0,372.0,User19,,
1490266465973,Mouse Moved,317.0,371.0,User19,,
1490266465990,Mouse Moved,317.0,370.0,User19,,
1490266466005,Mouse Moved,315.0,368.0,User19,,
1490266466020,Mouse Moved,314.0,367.0,User19,,
1490266466052,Mouse Moved,313.0,366.0,User19,,
1490266466068,Mouse Moved,312.0,364.0,User19,,
1490266466082,Mouse Moved,309.0,362.0,User19,,
1490266466098,Mouse Moved,309.0,360.0,User19,,
1490266466145,Mouse Moved,307.0,359.0,User19,,
1490266466161,Mouse Moved,305.0,357.0,User19,,
1490266466177,Mouse Moved,304.0,357.0,User19,,
1490266466239,Mouse Moved,303.0,356.0,User19,,
1490266466286,Mouse Moved,303.0,355.0,User19,,
1490266466302,Mouse Moved,301.0,353.0,User19,,
1490266466316,Mouse Moved,299.0,351.0,User19,,
1490266466348,Mouse Moved,297.0,349.0,User19,,
1490266466380,Mouse Moved,295.0,347.0,User19,,
1490266466441,Mouse Moved,294.0,346.0,User19,,
1490266466473,Mouse Moved,292.0,343.0,User19,,
1490266466551,Mouse Moved,291.0,343.0,User19,,
1490266466582,Mouse Moved,291.0,342.0,User19,,
1490266466628,Mouse Moved,289.0,340.0,User19,,
1490266466644,Mouse Moved,289.0,339.0,User19,,
1490266466737,Mouse Moved,288.0,339.0,User19,,
1490266466753,Mouse Moved,286.0,336.0,User19,,
1490266466769,Mouse Moved,284.0,332.0,User19,,
1490266466801,Mouse Moved,281.0,328.0,User19,,
1490266466878,Mouse Moved,279.0,326.0,User19,,
1490266466894,Mouse Moved,278.0,323.0,User19,,
1490266466910,Mouse Moved,277.0,322.0,User19,,
1490266467019,Mouse Moved,277.0,321.0,User19,,
1490266467065,Mouse Moved,276.0,320.0,User19,,
1490266467082,Mouse Moved,276.0,319.0,User19,,
1490266467096,Mouse Moved,275.0,316.0,User19,,
1490266467112,Mouse Moved,273.0,312.0,User19,,
1490266467128,Mouse Moved,272.0,310.0,User19,,
1490266467144,Mouse Moved,272.0,309.0,User19,,
1490266467160,Mouse Moved,272.0,306.0,User19,,
1490266467174,Mouse Moved,271.0,302.0,User19,,
1490266467190,Mouse Moved,270.0,297.0,User19,,
1490266467206,Mouse Moved,272.0,293.0,User19,,
1490266467221,Mouse Moved,275.0,289.0,User19,,
1490266467237,Mouse Moved,278.0,287.0,User19,,
1490266467253,Mouse Moved,277.0,291.0,User19,,
1490266467269,Mouse Moved,276.0,293.0,User19,,
1490266467283,Mouse Moved,276.0,295.0,User19,,
1490266467299,Mouse Moved,276.0,297.0,User19,,
1490266467315,Mouse Moved,275.0,302.0,User19,,
1490266467331,Mouse Moved,275.0,304.0,User19,,
1490266467346,Mouse Moved,275.0,306.0,User19,,
1490266467378,Mouse Moved,275.0,308.0,User19,,
1490266467394,Mouse Moved,275.0,309.0,User19,,
1490266467424,Mouse Moved,275.0,310.0,User19,,
1490266467440,Mouse Moved,275.0,311.0,User19,,
1490266467456,Mouse Moved,275.0,315.0,User19,,
1490266467471,Mouse Moved,275.0,318.0,User19,,
1490266467486,Mouse Moved,275.0,319.0,User19,,
1490266467503,Mouse Moved,275.0,325.0,User19,,
1490266467517,Mouse Moved,277.0,333.0,User19,,
1490266467533,Mouse Moved,279.0,341.0,User19,,
1490266467565,Mouse Moved,279.0,343.0,User19,,
1490266467581,Mouse Moved,280.0,346.0,User19,,
1490266467595,Mouse Moved,280.0,347.0,User19,,
1490266467628,Mouse Moved,282.0,348.0,User19,,
1490266467642,Mouse Moved,282.0,351.0,User19,,
1490266467658,Mouse Moved,283.0,353.0,User19,,
1490266467674,Mouse Moved,283.0,354.0,User19,,
1490266467690,Mouse Moved,285.0,358.0,User19,,
1490266467706,Mouse Moved,285.0,360.0,User19,,
1490266467720,Mouse Moved,287.0,366.0,User19,,
1490266467736,Mouse Moved,288.0,369.0,User19,,
1490266467752,Mouse Moved,290.0,374.0,User19,,
1490266467767,Mouse Moved,291.0,378.0,User19,,
1490266467783,Mouse Moved,293.0,387.0,User19,,
1490266467799,Mouse Moved,294.0,388.0,User19,,
1490266467815,Mouse Moved,296.0,395.0,User19,,
1490266467829,Mouse Moved,297.0,400.0,User19,,
1490266467845,Mouse Moved,298.0,403.0,User19,,
1490266467861,Mouse Moved,298.0,404.0,User19,,
1490266467877,Mouse Moved,298.0,406.0,User19,,
1490266467892,Mouse Moved,298.0,407.0,User19,,
1490266467907,Mouse Moved,299.0,412.0,User19,,
1490266467940,Mouse Moved,300.0,415.0,User19,,
1490266467954,Mouse Moved,301.0,420.0,User19,,
1490266467970,Mouse Moved,301.0,422.0,User19,,
1490266468002,Mouse Moved,302.0,425.0,User19,,
1490266468017,Mouse Moved,302.0,428.0,User19,,
1490266468032,Mouse Moved,303.0,431.0,User19,,
1490266468049,Mouse Moved,304.0,432.0,User19,,
1490266468063,Mouse Moved,305.0,437.0,User19,,
1490266468079,Mouse Moved,306.0,442.0,User19,,
1490266468095,Mouse Moved,310.0,453.0,User19,,
1490266468111,Mouse Moved,310.0,457.0,User19,,
1490266468127,Mouse Moved,315.0,467.0,User19,,
1490266468141,Mouse Moved,318.0,477.0,User19,,
1490266468157,Mouse Moved,321.0,483.0,User19,,
1490266468174,Mouse Moved,325.0,493.0,User19,,
1490266468188,Mouse Moved,328.0,500.0,User19,,
1490266468204,Mouse Moved,331.0,507.0,User19,,
1490266468220,Mouse Moved,333.0,513.0,User19,,
1490266468236,Mouse Moved,336.0,521.0,User19,,
1490266468252,Mouse Moved,341.0,530.0,User19,,
1490266468266,Mouse Moved,344.0,535.0,User19,,
1490266468282,Mouse Moved,345.0,537.0,User19,,
1490266468298,Mouse Moved,346.0,540.0,User19,,
1490266468313,Mouse Moved,350.0,550.0,User19,,
1490266468329,Mouse Moved,334.0,554.0,User19,,
1490266468345,Mouse Moved,328.0,552.0,User19,,
1490266468361,Mouse Moved,320.0,550.0,User19,,
1490266468375,Mouse Moved,314.0,547.0,User19,,
1490266468391,Mouse Moved,308.0,545.0,User19,,
1490266468407,Mouse Moved,307.0,545.0,User19,,
1490266468423,Mouse Moved,304.0,544.0,User19,,
1490266468438,Mouse Moved,300.0,543.0,User19,,
1490266468453,Mouse Moved,297.0,542.0,User19,,
1490266468470,Mouse Moved,296.0,540.0,User19,,
1490266468486,Mouse Moved,296.0,538.0,User19,,
1490266468500,Mouse Moved,295.0,535.0,User19,,
1490266468516,Mouse Moved,294.0,533.0,User19,,
1490266468532,Mouse Moved,293.0,530.0,User19,,
1490266468548,Mouse Moved,291.0,525.0,User19,,
1490266468563,Mouse Moved,289.0,518.0,User19,,
1490266468578,Mouse Moved,287.0,514.0,User19,,
1490266468595,Mouse Moved,285.0,508.0,User19,,
1490266468609,Mouse Moved,282.0,498.0,User19,,
1490266468625,Mouse Moved,278.0,487.0,User19,,
1490266468641,Mouse Moved,272.0,472.0,User19,,
1490266468657,Mouse Moved,270.0,465.0,User19,,
1490266468673,Mouse Moved,265.0,450.0,User19,,
1490266468687,Mouse Moved,263.0,447.0,User19,,
1490266468703,Mouse Moved,256.0,428.0,User19,,
1490266468720,Mouse Moved,250.0,412.0,User19,,
1490266468734,Mouse Moved,243.0,396.0,User19,,
1490266468750,Mouse Moved,236.0,379.0,User19,,
1490266468766,Mouse Moved,232.0,371.0,User19,,
1490266468782,Mouse Moved,230.0,366.0,User19,,
1490266468798,Mouse Moved,228.0,363.0,User19,,
1490266468812,Mouse Moved,227.0,358.0,User19,,
1490266468828,Mouse Moved,224.0,354.0,User19,,
1490266468844,Mouse Moved,222.0,347.0,User19,,
1490266468875,Mouse Moved,221.0,344.0,User19,,
1490266468891,Mouse Moved,219.0,341.0,User19,,
1490266468907,Mouse Moved,218.0,338.0,User19,,
1490266468921,Mouse Moved,218.0,335.0,User19,,
1490266468937,Mouse Moved,217.0,335.0,User19,,
1490266468953,Mouse Moved,217.0,334.0,User19,,
1490266468969,Mouse Moved,216.0,332.0,User19,,
1490266468984,Mouse Moved,216.0,330.0,User19,,
1490266469000,Mouse Moved,215.0,327.0,User19,,
1490266469016,Mouse Moved,213.0,325.0,User19,,
1490266469032,Mouse Moved,213.0,323.0,User19,,
1490266469046,Mouse Moved,211.0,318.0,User19,,
1490266469062,Mouse Moved,211.0,317.0,User19,,
1490266469078,Mouse Moved,211.0,314.0,User19,,
1490266469094,Mouse Moved,211.0,311.0,User19,,
1490266469109,Mouse Moved,211.0,309.0,User19,,
1490266469125,Mouse Moved,212.0,307.0,User19,,
1490266469141,Mouse Moved,214.0,304.0,User19,,
1490266469155,Mouse Moved,216.0,302.0,User19,,
1490266469171,Mouse Moved,217.0,300.0,User19,,
1490266469187,Mouse Moved,219.0,298.0,User19,,
1490266469203,Mouse Moved,223.0,294.0,User19,,
1490266469219,Mouse Moved,225.0,291.0,User19,,
1490266469250,Mouse Moved,227.0,290.0,User19,,
1490266469266,Mouse Moved,229.0,288.0,User19,,
1490266469280,Mouse Moved,231.0,285.0,User19,,
1490266469296,Mouse Moved,233.0,283.0,User19,,
1490266469328,Mouse Moved,235.0,283.0,User19,,
1490266469344,Mouse Moved,237.0,280.0,User19,,
1490266469358,Mouse Moved,240.0,278.0,User19,,
1490266469375,Mouse Moved,243.0,275.0,User19,,
1490266469390,Mouse Moved,243.0,274.0,User19,,
1490266469405,Mouse Moved,244.0,273.0,User19,,
1490266469421,Mouse Moved,246.0,272.0,User19,,
1490266469437,Mouse Moved,249.0,269.0,User19,,
1490266469453,Mouse Moved,250.0,268.0,User19,,
1490266469467,Mouse Moved,254.0,265.0,User19,,
1490266469483,Mouse Moved,254.0,269.0,User19,,
1490266469500,Mouse Moved,254.0,272.0,User19,,
1490266469515,Mouse Moved,254.0,274.0,User19,,
1490266469530,Mouse Moved,254.0,279.0,User19,,
1490266469546,Mouse Moved,255.0,287.0,User19,,
1490266469562,Mouse Moved,255.0,289.0,User19,,
1490266469578,Mouse Moved,255.0,292.0,User19,,
1490266469592,Mouse Moved,255.0,294.0,User19,,
1490266469608,Mouse Moved,255.0,296.0,User19,,
1490266469624,Mouse Moved,252.0,296.0,User19,,
1490266469640,Mouse Moved,187.0,245.0,User19,,
1490266469655,Mouse Moved,146.0,205.0,User19,,
1490266469671,Mouse Moved,143.0,197.0,User19,,
1490266469687,Mouse Moved,141.0,189.0,User19,,
1490266469701,Mouse Moved,139.0,181.0,User19,,
1490266469717,Mouse Moved,138.0,173.0,User19,,
1490266469733,Mouse Moved,141.0,170.0,User19,,
1490266469749,Mouse Moved,147.0,172.0,User19,,
1490266469765,Mouse Moved,157.0,174.0,User19,,
1490266469779,Mouse Moved,168.0,177.0,User19,,
1490266469796,Mouse Moved,182.0,181.0,User19,,
1490266469812,Mouse Moved,194.0,183.0,User19,,
1490266469826,Mouse Moved,207.0,184.0,User19,,
1490266469842,Mouse Moved,225.0,186.0,User19,,
1490266469858,Mouse Moved,242.0,186.0,User19,,
1490266469874,Mouse Moved,259.0,186.0,User19,,
1490266469890,Mouse Moved,273.0,186.0,User19,,
1490266469904,Mouse Moved,285.0,186.0,User19,,
1490266469921,Mouse Moved,299.0,186.0,User19,,
1490266469936,Mouse Moved,311.0,186.0,User19,,
1490266469951,Mouse Moved,322.0,186.0,User19,,
1490266469967,Mouse Moved,336.0,186.0,User19,,
1490266469983,Mouse Moved,347.0,186.0,User19,,
1490266469999,Mouse Moved,357.0,186.0,User19,,
1490266470013,Mouse Moved,369.0,185.0,User19,,
1490266470029,Mouse Moved,380.0,183.0,User19,,
1490266470046,Mouse Moved,393.0,180.0,User19,,
1490266470061,Mouse Moved,403.0,178.0,User19,,
1490266470076,Mouse Moved,407.0,177.0,User19,,
1490266470092,Mouse Moved,410.0,176.0,User19,,
1490266470108,Mouse Moved,416.0,175.0,User19,,
1490266470124,Mouse Moved,418.0,173.0,User19,,
1490266470138,Mouse Moved,419.0,173.0,User19,,
1490266470154,Mouse Moved,425.0,172.0,User19,,
1490266470170,Mouse Moved,426.0,171.0,User19,,
1490266470186,Mouse Moved,428.0,170.0,User19,,
1490266470201,Mouse Moved,430.0,170.0,User19,,
1490266470217,Mouse Moved,432.0,170.0,User19,,
1490266470233,Mouse Moved,435.0,169.0,User19,,
1490266470247,Mouse Moved,438.0,168.0,User19,,
1490266470263,Mouse Moved,439.0,168.0,User19,,
1490266470279,Mouse Moved,449.0,164.0,User19,,
1490266470295,Mouse Moved,452.0,163.0,User19,,
1490266470311,Mouse Moved,457.0,162.0,User19,,
1490266470325,Mouse Moved,459.0,162.0,User19,,
1490266470342,Mouse Moved,460.0,162.0,User19,,
1490266470358,Mouse Moved,464.0,161.0,User19,,
1490266470372,Mouse Moved,474.0,159.0,User19,,
1490266470404,Mouse Moved,482.0,157.0,User19,,
1490266470420,Mouse Moved,486.0,155.0,User19,,
1490266470436,Mouse Moved,490.0,155.0,User19,,
1490266470450,Mouse Moved,492.0,154.0,User19,,
1490266470467,Mouse Moved,493.0,154.0,User19,,
1490266470482,Mouse Moved,495.0,153.0,User19,,
1490266470513,Mouse Moved,499.0,152.0,User19,,
1490266470529,Mouse Moved,503.0,152.0,User19,,
1490266470545,Mouse Moved,507.0,150.0,User19,,
1490266470559,Mouse Moved,513.0,149.0,User19,,
1490266470575,Mouse Moved,516.0,149.0,User19,,
1490266470592,Mouse Moved,517.0,148.0,User19,,
1490266470607,Mouse Moved,521.0,147.0,User19,,
1490266470622,Mouse Moved,524.0,146.0,User19,,
1490266470638,Mouse Moved,526.0,146.0,User19,,
1490266470654,Mouse Moved,529.0,145.0,User19,,
1490266470670,Mouse Moved,539.0,143.0,User19,,
1490266470684,Mouse Moved,547.0,141.0,User19,,
1490266470700,Mouse Moved,537.0,141.0,User19,,
1490266470716,Mouse Moved,528.0,142.0,User19,,
1490266470732,Mouse Moved,517.0,142.0,User19,,
1490266470747,Mouse Moved,504.0,142.0,User19,,
1490266470763,Mouse Moved,488.0,142.0,User19,,
1490266470779,Mouse Moved,468.0,142.0,User19,,
1490266470793,Mouse Moved,182.0,92.0,User19,,
1490266470809,Mouse Moved,121.0,71.0,User19,,
1490266470825,Mouse Moved,54.0,53.0,User19,,
1490266470841,Mouse Moved,49.0,52.0,User19,,
1490266470857,Mouse Moved,42.0,50.0,User19,,
1490266470871,Mouse Moved,33.0,48.0,User19,,
1490266470888,Mouse Moved,26.0,47.0,User19,,
1490266470904,Mouse Moved,18.0,46.0,User19,,
1490266470918,Mouse Moved,13.0,43.0,User19,,
1490266470934,Mouse Moved,17.0,41.0,User19,,
1490266470950,Mouse Moved,21.0,39.0,User19,,
1490266470966,Mouse Moved,27.0,37.0,User19,,
1490266470982,Mouse Moved,30.0,37.0,User19,,
1490266471278,Mouse Moved,31.0,41.0,User19,,
1490266471417,Mouse Moved,31.0,41.0,User19,,
1490266471838,Mouse Moved,31.0,42.0,User19,,
1490266471855,Mouse Moved,32.0,42.0,User19,,
1490266471871,Mouse Moved,32.0,43.0,User19,,
1490266471885,Mouse Moved,33.0,43.0,User19,,
1490266471901,Mouse Moved,34.0,44.0,User19,,
1490266471917,Mouse Moved,35.0,44.0,User19,,
1490266471933,Mouse Moved,37.0,45.0,User19,,
1490266471948,Mouse Moved,39.0,46.0,User19,,
1490266471963,Mouse Moved,41.0,47.0,User19,,
1490266471994,Mouse Moved,43.0,48.0,User19,,
1490266472010,Mouse Moved,48.0,50.0,User19,,
1490266472026,Mouse Moved,51.0,51.0,User19,,
1490266472042,Mouse Moved,54.0,52.0,User19,,
1490266472058,Mouse Moved,57.0,54.0,User19,,
1490266472072,Mouse Moved,59.0,54.0,User19,,
1490266472088,Mouse Moved,61.0,56.0,User19,,
1490266472105,Mouse Moved,62.0,56.0,User19,,
1490266472119,Mouse Moved,63.0,57.0,User19,,
1490266472167,Mouse Moved,66.0,60.0,User19,,
1490266472183,Mouse Moved,68.0,62.0,User19,,
1490266472197,Mouse Moved,68.0,63.0,User19,,
1490266472229,Mouse Moved,69.0,64.0,User19,,
1490266472526,Mouse Moved,70.0,66.0,User19,,
1490266472540,Mouse Moved,70.0,68.0,User19,,
1490266472588,Mouse Moved,70.0,69.0,User19,,
1490266472618,Mouse Moved,70.0,70.0,User19,,
1490266472651,Mouse Moved,70.0,71.0,User19,,
1490266472868,Mouse Moved,70.0,71.0,User19,,
1490266472947,Mouse Moved,70.0,71.0,User19,,
1490266472963,Mouse Button.left Released,70.0,71.0,User19,,
1490266473150,Mouse Moved,70.0,72.0,User19,,
1490266473164,Mouse Moved,72.0,72.0,User19,,
1490266473180,Mouse Moved,73.0,73.0,User19,,
1490266473197,Mouse Moved,76.0,75.0,User19,,
1490266473211,Mouse Moved,83.0,78.0,User19,,
1490266473227,Mouse Moved,92.0,82.0,User19,,
1490266473243,Mouse Moved,101.0,86.0,User19,,
1490266473259,Mouse Moved,114.0,91.0,User19,,
1490266473275,Mouse Moved,128.0,96.0,User19,,
1490266473289,Mouse Moved,143.0,102.0,User19,,
1490266473305,Mouse Moved,157.0,107.0,User19,,
1490266473321,Mouse Moved,174.0,114.0,User19,,
1490266473336,Mouse Moved,192.0,120.0,User19,,
1490266473352,Mouse Moved,208.0,127.0,User19,,
1490266473368,Mouse Moved,225.0,135.0,User19,,
1490266473384,Mouse Moved,244.0,145.0,User19,,
1490266473398,Mouse Moved,261.0,152.0,User19,,
1490266473414,Mouse Moved,280.0,163.0,User19,,
1490266473430,Mouse Moved,296.0,171.0,User19,,
1490266473446,Mouse Moved,312.0,179.0,User19,,
1490266473461,Mouse Moved,327.0,187.0,User19,,
1490266473476,Mouse Moved,342.0,195.0,User19,,
1490266473493,Mouse Moved,356.0,203.0,User19,,
1490266473509,Mouse Moved,368.0,210.0,User19,,
1490266473523,Mouse Moved,377.0,215.0,User19,,
1490266473539,Mouse Moved,387.0,222.0,User19,,
1490266473555,Mouse Moved,394.0,226.0,User19,,
1490266473571,Mouse Moved,401.0,232.0,User19,,
1490266473586,Mouse Moved,410.0,237.0,User19,,
1490266473601,Mouse Moved,418.0,242.0,User19,,
1490266473618,Mouse Moved,425.0,247.0,User19,,
1490266473632,Mouse Moved,434.0,252.0,User19,,
1490266473648,Mouse Moved,441.0,257.0,User19,,
1490266473664,Mouse Moved,447.0,261.0,User19,,
1490266473680,Mouse Moved,452.0,266.0,User19,,
1490266473696,Mouse Moved,459.0,271.0,User19,,
1490266473710,Mouse Moved,465.0,276.0,User19,,
1490266473726,Mouse Moved,471.0,280.0,User19,,
1490266473743,Mouse Moved,476.0,286.0,User19,,
1490266473821,Mouse Moved,482.0,293.0,User19,,
1490266474023,Mouse Moved,482.0,294.0,User19,,
1490266474025,Mouse Moved,482.0,295.0,User19,,
1490266474038,Mouse Moved,482.0,296.0,User19,,
1490266474039,Mouse Moved,481.0,296.0,User19,,
1490266474042,Mouse Moved,480.0,296.0,User19,,
1490266474045,Mouse Moved,479.0,297.0,User19,,
1490266474052,Mouse Moved,479.0,298.0,User19,,
1490266474055,Mouse Moved,479.0,299.0,User19,,
1490266474058,Mouse Moved,478.0,300.0,User19,,
1490266474059,Mouse Moved,477.0,300.0,User19,,
1490266474061,Mouse Moved,476.0,300.0,User19,,
1490266474062,Mouse Moved,476.0,301.0,User19,,
1490266474068,Mouse Moved,475.0,301.0,User19,,
1490266474069,Mouse Moved,475.0,302.0,User19,,
1490266474071,Mouse Moved,474.0,303.0,User19,,
1490266474072,Mouse Moved,473.0,304.0,User19,,
1490266474082,Mouse Moved,472.0,304.0,User19,,
1490266474085,Mouse Moved,472.0,305.0,User19,,
1490266474088,Mouse Moved,471.0,306.0,User19,,
1490266474092,Mouse Moved,470.0,307.0,User19,,
1490266474098,Mouse Moved,470.0,308.0,User19,,
1490266474099,Mouse Moved,469.0,308.0,User19,,
1490266474101,Mouse Moved,468.0,308.0,User19,,
1490266474102,Mouse Moved,468.0,309.0,User19,,
1490266474105,Mouse Moved,467.0,309.0,User19,,
1490266474112,Mouse Moved,467.0,311.0,User19,,
1490266474115,Mouse Moved,466.0,311.0,User19,,
1490266474118,Mouse Moved,464.0,312.0,User19,,
1490266474119,Mouse Moved,464.0,313.0,User19,,
1490266474128,Mouse Moved,463.0,313.0,User19,,
1490266474130,Mouse Moved,463.0,314.0,User19,,
1490266474131,Mouse Moved,463.0,315.0,User19,,
1490266474132,Mouse Moved,462.0,315.0,User19,,
1490266474142,Mouse Moved,462.0,316.0,User19,,
1490266474144,Mouse Moved,461.0,316.0,User19,,
1490266474145,Mouse Moved,460.0,316.0,User19,,
1490266474148,Mouse Moved,460.0,317.0,User19,,
1490266474150,Mouse Moved,459.0,317.0,User19,,
1490266474157,Mouse Moved,459.0,318.0,User19,,
1490266474160,Mouse Moved,458.0,318.0,User19,,
1490266474161,Mouse Moved,458.0,319.0,User19,,
1490266474174,Mouse Moved,458.0,320.0,User19,,
1490266474177,Mouse Moved,457.0,321.0,User19,,
1490266474187,Mouse Moved,456.0,321.0,User19,,
1490266474190,Mouse Moved,455.0,321.0,User19,,
1490266474191,Mouse Moved,455.0,322.0,User19,,
1490266474193,Mouse Moved,455.0,323.0,User19,,
1490266474203,Mouse Moved,454.0,323.0,User19,,
1490266474204,Mouse Moved,454.0,324.0,User19,,
1490266474206,Mouse Moved,454.0,325.0,User19,,
1490266474217,Mouse Moved,453.0,325.0,User19,,
1490266474220,Mouse Moved,453.0,326.0,User19,,
1490266474221,Mouse Moved,452.0,326.0,User19,,
1490266474223,Mouse Moved,452.0,327.0,User19,,
1490266474233,Mouse Moved,451.0,327.0,User19,,
1490266474234,Mouse Moved,451.0,328.0,User19,,
1490266474236,Mouse Moved,450.0,328.0,User19,,
1490266474237,Mouse Moved,450.0,329.0,User19,,
1490266474247,Mouse Moved,449.0,329.0,User19,,
1490266474250,Mouse Moved,449.0,330.0,User19,,
1490266474263,Mouse Moved,448.0,331.0,User19,,
1490266474265,Mouse Moved,447.0,331.0,User19,,
1490266474266,Mouse Moved,447.0,332.0,User19,,
1490266474279,Mouse Moved,446.0,332.0,User19,,
1490266474280,Mouse Moved,446.0,333.0,User19,,
1490266474282,Mouse Moved,445.0,333.0,User19,,
1490266474293,Mouse Moved,445.0,334.0,User19,,
1490266474296,Mouse Moved,444.0,334.0,User19,,
1490266474299,Mouse Moved,443.0,335.0,User19,,
1490266474301,Mouse Moved,443.0,336.0,User19,,
1490266474302,Mouse Moved,442.0,336.0,User19,,
1490266474308,Mouse Moved,441.0,337.0,User19,,
1490266474309,Mouse Moved,440.0,337.0,User19,,
1490266474311,Mouse Moved,440.0,338.0,User19,,
1490266474312,Mouse Moved,439.0,338.0,User19,,
1490266474315,Mouse Moved,438.0,338.0,User19,,
1490266474316,Mouse Moved,438.0,339.0,User19,,
1490266474319,Mouse Moved,438.0,340.0,User19,,
1490266474322,Mouse Moved,437.0,340.0,User19,,
1490266474325,Mouse Moved,436.0,340.0,User19,,
1490266474326,Mouse Moved,436.0,341.0,User19,,
1490266474328,Mouse Moved,435.0,341.0,User19,,
1490266474329,Mouse Moved,435.0,342.0,User19,,
1490266474332,Mouse Moved,434.0,342.0,User19,,
1490266474338,Mouse Moved,433.0,342.0,User19,,
1490266474339,Mouse Moved,433.0,343.0,User19,,
1490266474341,Mouse Moved,432.0,344.0,User19,,
1490266474342,Mouse Moved,431.0,344.0,User19,,
1490266474345,Mouse Moved,431.0,345.0,User19,,
1490266474348,Mouse Moved,430.0,346.0,User19,,
1490266474352,Mouse Moved,429.0,346.0,User19,,
1490266474355,Mouse Moved,429.0,347.0,User19,,
1490266474357,Mouse Moved,428.0,348.0,User19,,
1490266474358,Mouse Moved,427.0,348.0,User19,,
1490266474359,Mouse Moved,427.0,349.0,User19,,
1490266474368,Mouse Moved,426.0,349.0,User19,,
1490266474371,Mouse Moved,425.0,350.0,User19,,
1490266474372,Mouse Moved,424.0,350.0,User19,,
1490266474374,Mouse Moved,424.0,351.0,User19,,
1490266474375,Mouse Moved,423.0,352.0,User19,,
1490266474378,Mouse Moved,423.0,353.0,User19,,
1490266474381,Mouse Moved,421.0,353.0,User19,,
1490266474382,Mouse Moved,421.0,354.0,User19,,
1490266474384,Mouse Moved,420.0,354.0,User19,,
1490266474385,Mouse Moved,420.0,355.0,User19,,
1490266474388,Mouse Moved,419.0,355.0,User19,,
1490266474390,Mouse Moved,418.0,355.0,User19,,
1490266474391,Mouse Moved,418.0,356.0,User19,,
1490266474394,Mouse Moved,418.0,357.0,User19,,
1490266474397,Mouse Moved,417.0,357.0,User19,,
1490266474401,Mouse Moved,416.0,358.0,User19,,
1490266474403,Mouse Moved,416.0,359.0,User19,,
1490266474404,Mouse Moved,414.0,359.0,User19,,
1490266474407,Mouse Moved,414.0,360.0,User19,,
1490266474408,Mouse Moved,413.0,360.0,User19,,
1490266474411,Mouse Moved,413.0,361.0,User19,,
1490266474414,Mouse Moved,411.0,362.0,User19,,
1490266474415,Mouse Moved,410.0,362.0,User19,,
1490266474417,Mouse Moved,410.0,363.0,User19,,
1490266474418,Mouse Moved,409.0,363.0,User19,,
1490266474421,Mouse Moved,409.0,364.0,User19,,
1490266474424,Mouse Moved,408.0,365.0,User19,,
1490266474427,Mouse Moved,408.0,366.0,User19,,
1490266474430,Mouse Moved,407.0,366.0,User19,,
1490266474431,Mouse Moved,406.0,366.0,User19,,
1490266474434,Mouse Moved,406.0,367.0,User19,,
1490266474437,Mouse Moved,405.0,368.0,User19,,
1490266474443,Mouse Moved,405.0,369.0,User19,,
1490266474444,Mouse Moved,404.0,369.0,User19,,
1490266474447,Mouse Moved,403.0,369.0,User19,,
1490266474448,Mouse Moved,403.0,370.0,User19,,
1490266474450,Mouse Moved,402.0,370.0,User19,,
1490266474451,Mouse Moved,402.0,371.0,User19,,
1490266474453,Mouse Moved,401.0,371.0,User19,,
1490266474457,Mouse Moved,401.0,372.0,User19,,
1490266474460,Mouse Moved,401.0,373.0,User19,,
1490266474461,Mouse Moved,400.0,373.0,User19,,
1490266474463,Mouse Moved,399.0,373.0,User19,,
1490266474464,Mouse Moved,399.0,374.0,User19,,
1490266474473,Mouse Moved,398.0,374.0,User19,,
1490266474474,Mouse Moved,398.0,375.0,User19,,
1490266474476,Mouse Moved,397.0,375.0,User19,,
1490266474479,Mouse Moved,397.0,376.0,User19,,
1490266474480,Mouse Moved,397.0,377.0,User19,,
1490266474482,Mouse Moved,396.0,377.0,User19,,
1490266474487,Mouse Moved,396.0,378.0,User19,,
1490266474490,Mouse Moved,395.0,378.0,User19,,
1490266474492,Mouse Moved,394.0,379.0,User19,,
1490266474493,Mouse Moved,393.0,380.0,User19,,
1490266474494,Mouse Moved,393.0,381.0,User19,,
1490266474503,Mouse Moved,392.0,381.0,User19,,
1490266474505,Mouse Moved,392.0,382.0,User19,,
1490266474506,Mouse Moved,392.0,383.0,User19,,
1490266474507,Mouse Moved,391.0,383.0,User19,,
1490266474509,Mouse Moved,390.0,383.0,User19,,
1490266474512,Mouse Moved,390.0,384.0,User19,,
1490266474513,Mouse Moved,389.0,384.0,User19,,
1490266474515,Mouse Moved,389.0,385.0,User19,,
1490266474517,Mouse Moved,388.0,386.0,User19,,
1490266474519,Mouse Moved,387.0,387.0,User19,,
1490266474520,Mouse Moved,386.0,388.0,User19,,
1490266474523,Mouse Moved,385.0,389.0,User19,,
1490266474533,Mouse Moved,385.0,390.0,User19,,
1490266474536,Mouse Moved,384.0,390.0,User19,,
1490266474538,Mouse Moved,384.0,391.0,User19,,
1490266474539,Mouse Moved,383.0,391.0,User19,,
1490266474542,Mouse Moved,383.0,392.0,User19,,
1490266474543,Mouse Moved,382.0,392.0,User19,,
1490266474545,Mouse Moved,381.0,393.0,User19,,
1490266474549,Mouse Moved,381.0,394.0,User19,,
1490266474552,Mouse Moved,380.0,395.0,User19,,
1490266474555,Mouse Moved,378.0,397.0,User19,,
1490266474556,Mouse Moved,378.0,398.0,User19,,
1490266474562,Mouse Moved,377.0,398.0,User19,,
1490266474565,Mouse Moved,377.0,399.0,User19,,
1490266474568,Mouse Moved,376.0,400.0,User19,,
1490266474569,Mouse Moved,376.0,401.0,User19,,
1490266474571,Mouse Moved,375.0,402.0,User19,,
1490266474572,Mouse Moved,375.0,403.0,User19,,
1490266474575,Mouse Moved,374.0,403.0,User19,,
1490266474578,Mouse Moved,374.0,404.0,User19,,
1490266474581,Mouse Moved,373.0,405.0,User19,,
1490266474582,Mouse Moved,373.0,406.0,User19,,
1490266474598,Mouse Moved,372.0,407.0,User19,,
1490266474615,Mouse Moved,368.0,416.0,User19,,
1490266474630,Mouse Moved,364.0,424.0,User19,,
1490266474645,Mouse Moved,359.0,435.0,User19,,
1490266474661,Mouse Moved,354.0,443.0,User19,,
1490266474677,Mouse Moved,350.0,451.0,User19,,
1490266474693,Mouse Moved,345.0,459.0,User19,,
1490266474707,Mouse Moved,339.0,468.0,User19,,
1490266474723,Mouse Moved,335.0,475.0,User19,,
1490266474739,Mouse Moved,331.0,480.0,User19,,
1490266474755,Mouse Moved,326.0,486.0,User19,,
1490266474770,Mouse Moved,323.0,491.0,User19,,
1490266474786,Mouse Moved,319.0,497.0,User19,,
1490266474802,Mouse Moved,315.0,503.0,User19,,
1490266474816,Mouse Moved,310.0,508.0,User19,,
1490266474832,Mouse Moved,309.0,509.0,User19,,
1490266474848,Mouse Moved,308.0,511.0,User19,,
1490266474864,Mouse Moved,307.0,514.0,User19,,
1490266474880,Mouse Moved,305.0,517.0,User19,,
1490266474894,Mouse Moved,304.0,521.0,User19,,
1490266474911,Mouse Moved,302.0,527.0,User19,,
1490266474927,Mouse Moved,301.0,530.0,User19,,
1490266474941,Mouse Moved,300.0,534.0,User19,,
1490266474957,Mouse Moved,300.0,538.0,User19,,
1490266474973,Mouse Moved,300.0,542.0,User19,,
1490266474989,Mouse Moved,301.0,555.0,User19,,
1490266475005,Mouse Moved,301.0,556.0,User19,,
1490266475019,Mouse Moved,302.0,561.0,User19,,
1490266475036,Mouse Moved,303.0,566.0,User19,,
1490266475051,Mouse Moved,304.0,569.0,User19,,
1490266475114,Mouse Moved,305.0,569.0,User19,,
1490266475207,Mouse Moved,305.0,570.0,User19,,
1490266475223,Mouse Moved,307.0,569.0,User19,,
1490266475239,Mouse Moved,309.0,567.0,User19,,
1490266475253,Mouse Moved,313.0,564.0,User19,,
1490266475269,Mouse Moved,319.0,561.0,User19,,
1490266475285,Mouse Moved,321.0,559.0,User19,,
1490266475301,Mouse Moved,325.0,557.0,User19,,
1490266475316,Mouse Moved,327.0,556.0,User19,,
1490266475628,Mouse Moved,327.0,555.0,User19,,
1490266475862,Mouse Moved,326.0,554.0,User19,,
1490266475894,Mouse Moved,325.0,554.0,User19,,
1490266475908,Mouse Moved,324.0,554.0,User19,,
1490266475924,Mouse Moved,322.0,553.0,User19,,
1490266475940,Mouse Moved,319.0,553.0,User19,,
1490266475956,Mouse Moved,313.0,551.0,User19,,
1490266475971,Mouse Moved,306.0,548.0,User19,,
1490266475986,Mouse Moved,287.0,534.0,User19,,
1490266476003,Mouse Moved,255.0,496.0,User19,,
1490266476019,Mouse Moved,254.0,494.0,User19,,
1490266476033,Mouse Moved,253.0,493.0,User19,,
1490266476049,Mouse Moved,240.0,474.0,User19,,
1490266476065,Mouse Moved,229.0,458.0,User19,,
1490266476081,Mouse Moved,218.0,441.0,User19,,
1490266476096,Mouse Moved,207.0,420.0,User19,,
1490266476111,Mouse Moved,196.0,402.0,User19,,
1490266476128,Mouse Moved,188.0,388.0,User19,,
1490266476142,Mouse Moved,181.0,376.0,User19,,
1490266476158,Mouse Moved,174.0,363.0,User19,,
1490266476174,Mouse Moved,167.0,351.0,User19,,
1490266476190,Mouse Moved,160.0,338.0,User19,,
1490266476206,Mouse Moved,155.0,329.0,User19,,
1490266476220,Mouse Moved,151.0,320.0,User19,,
1490266476236,Mouse Moved,148.0,315.0,User19,,
1490266476253,Mouse Moved,145.0,307.0,User19,,
1490266476267,Mouse Moved,142.0,300.0,User19,,
1490266476283,Mouse Moved,140.0,293.0,User19,,
1490266476299,Mouse Moved,137.0,286.0,User19,,
1490266476315,Mouse Moved,137.0,278.0,User19,,
1490266476361,Mouse Moved,136.0,276.0,User19,,
1490266476377,Mouse Moved,135.0,275.0,User19,,
1490266476392,Mouse Moved,134.0,273.0,User19,,
1490266476688,Mouse Moved,133.0,273.0,User19,,
1490266476720,Mouse Moved,132.0,273.0,User19,,
1490266476736,Mouse Moved,131.0,273.0,User19,,
1490266476752,Mouse Moved,130.0,276.0,User19,,
1490266476766,Mouse Moved,129.0,277.0,User19,,
1490266476782,Mouse Moved,128.0,278.0,User19,,
1490266476799,Mouse Moved,128.0,280.0,User19,,
1490266476813,Mouse Moved,128.0,281.0,User19,,
1490266476829,Mouse Moved,128.0,282.0,User19,,
1490266476845,Mouse Moved,128.0,284.0,User19,,
1490266476861,Mouse Moved,128.0,286.0,User19,,
1490266476877,Mouse Moved,131.0,289.0,User19,,
1490266476891,Mouse Moved,137.0,299.0,User19,,
1490266476907,Mouse Moved,153.0,321.0,User19,,
1490266476923,Mouse Moved,166.0,336.0,User19,,
1490266476938,Mouse Moved,183.0,356.0,User19,,
1490266476954,Mouse Moved,206.0,377.0,User19,,
1490266476970,Mouse Moved,229.0,398.0,User19,,
1490266476986,Mouse Moved,261.0,425.0,User19,,
1490266477000,Mouse Moved,290.0,448.0,User19,,
1490266477016,Mouse Moved,316.0,470.0,User19,,
1490266477032,Mouse Moved,337.0,487.0,User19,,
1490266477048,Mouse Moved,355.0,504.0,User19,,
1490266477063,Mouse Moved,371.0,519.0,User19,,
1490266477078,Mouse Moved,381.0,530.0,User19,,
1490266477095,Mouse Moved,387.0,537.0,User19,,
1490266477111,Mouse Moved,390.0,541.0,User19,,
1490266477125,Mouse Moved,391.0,543.0,User19,,
1490266477157,Mouse Moved,391.0,544.0,User19,,
1490266477173,Mouse Moved,391.0,547.0,User19,,
1490266477188,Mouse Moved,390.0,549.0,User19,,
1490266477203,Mouse Moved,387.0,552.0,User19,,
1490266477220,Mouse Moved,381.0,556.0,User19,,
1490266477234,Mouse Moved,377.0,558.0,User19,,
1490266477250,Mouse Moved,372.0,561.0,User19,,
1490266477266,Mouse Moved,369.0,562.0,User19,,
1490266477282,Mouse Moved,365.0,563.0,User19,,
1490266477298,Mouse Moved,364.0,563.0,User19,,
1490266477312,Mouse Moved,363.0,563.0,User19,,
1490266477328,Mouse Moved,363.0,564.0,User19,,
1490266477345,Mouse Moved,361.0,565.0,User19,,
1490266477359,Mouse Moved,360.0,565.0,User19,,
1490266477437,Mouse Moved,358.0,565.0,User19,,
1490266477453,Mouse Moved,357.0,565.0,User19,,
1490266477469,Mouse Moved,356.0,565.0,User19,,
1490266477484,Mouse Moved,353.0,565.0,User19,,
1490266477500,Mouse Moved,350.0,565.0,User19,,
1490266477516,Mouse Moved,347.0,565.0,User19,,
1490266477532,Mouse Moved,345.0,564.0,User19,,
1490266477546,Mouse Moved,343.0,564.0,User19,,
1490266477562,Mouse Moved,341.0,564.0,User19,,
1490266477578,Mouse Moved,340.0,563.0,User19,,
1490266477671,Mouse Moved,340.0,563.0,User19,,
1490266477766,Mouse Moved,339.0,563.0,User19,,
1490266477796,Mouse Moved,337.0,563.0,User19,,
1490266477828,Mouse Moved,336.0,563.0,User19,,
1490266477891,Mouse Moved,335.0,563.0,User19,,
1490266477937,Mouse Moved,334.0,563.0,User19,,
1490266478233,Mouse Moved,333.0,563.0,User19,,
1490266478249,Mouse Moved,332.0,563.0,User19,,
1490266478608,Mouse Moved,331.0,563.0,User19,,
1490266478624,Mouse Moved,330.0,563.0,User19,,
1490266478638,Mouse Moved,329.0,563.0,User19,,
1490266478671,Mouse Moved,328.0,563.0,User19,,
1490266478779,Mouse Moved,327.0,563.0,User19,,
1490266478811,Mouse Moved,326.0,563.0,User19,,
1490266478920,Mouse Moved,325.0,563.0,User19,,
1490266479170,Mouse Moved,324.0,563.0,User19,,
1490266479325,Mouse Moved,323.0,563.0,User19,,
1490266479496,Mouse Moved,322.0,563.0,User19,,
1490266479700,Mouse Moved,321.0,563.0,User19,,
1490266479793,Mouse Moved,320.0,563.0,User19,,
1490266479809,Mouse Moved,319.0,563.0,User19,,
1490266482726,Mouse Moved,318.0,563.0,User19,,
1490266483569,Mouse Moved,317.0,563.0,User19,,
1490266483599,Mouse Moved,316.0,563.0,User19,,
1490266483631,Mouse Moved,315.0,563.0,User19,,
1490266483661,Mouse Moved,314.0,563.0,User19,,
1490266483959,Mouse Moved,313.0,563.0,User19,,
1490266483973,Mouse Moved,312.0,563.0,User19,,
1490266484006,Mouse Moved,312.0,564.0,User19,,
1490266484036,Mouse Moved,311.0,564.0,User19,,
1490266484052,Mouse Moved,310.0,564.0,User19,,
1490266484068,Mouse Moved,308.0,564.0,User19,,
1490266485160,Mouse Moved,308.0,563.0,User19,,
1490266485176,Mouse Moved,307.0,561.0,User19,,
1490266485190,Mouse Moved,307.0,559.0,User19,,
1490266485207,Mouse Moved,307.0,555.0,User19,,
1490266485221,Mouse Moved,309.0,551.0,User19,,
1490266485237,Mouse Moved,311.0,546.0,User19,,
1490266485253,Mouse Moved,312.0,538.0,User19,,
1490266485269,Mouse Moved,314.0,533.0,User19,,
1490266485285,Mouse Moved,315.0,530.0,User19,,
1490266485299,Mouse Moved,319.0,521.0,User19,,
1490266485315,Mouse Moved,323.0,510.0,User19,,
1490266485332,Mouse Moved,327.0,500.0,User19,,
1490266485346,Mouse Moved,330.0,491.0,User19,,
1490266485362,Mouse Moved,336.0,478.0,User19,,
1490266485378,Mouse Moved,341.0,464.0,User19,,
1490266485394,Mouse Moved,347.0,454.0,User19,,
1490266485410,Mouse Moved,351.0,442.0,User19,,
1490266485424,Mouse Moved,355.0,431.0,User19,,
1490266485440,Mouse Moved,358.0,419.0,User19,,
1490266485456,Mouse Moved,359.0,409.0,User19,,
1490266485471,Mouse Moved,360.0,400.0,User19,,
1490266485487,Mouse Moved,361.0,390.0,User19,,
1490266485503,Mouse Moved,361.0,381.0,User19,,
1490266485519,Mouse Moved,361.0,371.0,User19,,
1490266485533,Mouse Moved,362.0,362.0,User19,,
1490266485549,Mouse Moved,362.0,353.0,User19,,
1490266485674,Mouse Moved,361.0,349.0,User19,,
1490266485690,Mouse Moved,360.0,352.0,User19,,
1490266485706,Mouse Moved,360.0,356.0,User19,,
1490266485721,Mouse Moved,359.0,361.0,User19,,
1490266485736,Mouse Moved,359.0,366.0,User19,,
1490266485753,Mouse Moved,359.0,372.0,User19,,
1490266485767,Mouse Moved,359.0,377.0,User19,,
1490266485783,Mouse Moved,359.0,380.0,User19,,
1490266485799,Mouse Moved,359.0,384.0,User19,,
1490266485815,Mouse Moved,359.0,390.0,User19,,
1490266485831,Mouse Moved,359.0,393.0,User19,,
1490266485845,Mouse Moved,359.0,396.0,User19,,
1490266486625,Mouse Moved,359.0,396.0,User19,,
1490266486688,Mouse Moved,359.0,396.0,User19,,
1490266486703,Mouse Button.left Released,359.0,396.0,User19,,
1490266487141,Mouse Moved,359.0,396.0,User19,,
1490266487234,Mouse Moved,359.0,396.0,User19,,
1490266487671,Mouse Moved,359.0,396.0,User19,,
1490266487765,Mouse Moved,359.0,396.0,User19,,
1490266488950,Mouse Moved,358.0,392.0,User19,,
1490266488966,Mouse Moved,355.0,383.0,User19,,
1490266488982,Mouse Moved,351.0,369.0,User19,,
1490266488996,Mouse Moved,347.0,354.0,User19,,
1490266489013,Mouse Moved,347.0,352.0,User19,,
1490266489029,Mouse Moved,345.0,346.0,User19,,
1490266489043,Mouse Moved,343.0,334.0,User19,,
1490266489059,Mouse Moved,340.0,322.0,User19,,
1490266489075,Mouse Moved,339.0,311.0,User19,,
1490266489091,Mouse Moved,337.0,299.0,User19,,
1490266489107,Mouse Moved,336.0,290.0,User19,,
1490266489121,Mouse Moved,334.0,280.0,User19,,
1490266489138,Mouse Moved,333.0,268.0,User19,,
1490266489153,Mouse Moved,332.0,258.0,User19,,
1490266489168,Mouse Moved,331.0,249.0,User19,,
1490266489184,Mouse Moved,330.0,239.0,User19,,
1490266489200,Mouse Moved,329.0,230.0,User19,,
1490266489216,Mouse Moved,329.0,219.0,User19,,
1490266489230,Mouse Moved,329.0,210.0,User19,,
1490266489246,Mouse Moved,329.0,201.0,User19,,
1490266489263,Mouse Moved,331.0,192.0,User19,,
1490266489278,Mouse Moved,332.0,183.0,User19,,
1490266489293,Mouse Moved,333.0,178.0,User19,,
1490266489309,Mouse Moved,334.0,175.0,User19,,
1490266489325,Mouse Moved,335.0,172.0,User19,,
1490266489341,Mouse Moved,335.0,170.0,User19,,
1490266489355,Mouse Moved,335.0,169.0,User19,,
1490266489371,Mouse Moved,336.0,167.0,User19,,
1490266489387,Mouse Moved,336.0,166.0,User19,,
1490266489403,Mouse Moved,336.0,164.0,User19,,
1490266489464,Mouse Moved,336.0,163.0,User19,,
1490266489480,Mouse Moved,337.0,162.0,User19,,
1490266489496,Mouse Moved,337.0,160.0,User19,,
1490266489528,Mouse Moved,337.0,159.0,User19,,
1490266489605,Mouse Moved,337.0,159.0,User19,,
1490266489698,Mouse Moved,337.0,159.0,User19,,
1490266489714,Mouse Button.left Released,337.0,159.0,User19,,
1490266490338,Mouse Moved,337.0,162.0,User19,,
1490266490355,Mouse Moved,337.0,167.0,User19,,
1490266490369,Mouse Moved,336.0,174.0,User19,,
1490266490385,Mouse Moved,334.0,184.0,User19,,
1490266490401,Mouse Moved,333.0,199.0,User19,,
1490266490417,Mouse Moved,332.0,217.0,User19,,
1490266490433,Mouse Moved,330.0,237.0,User19,,
1490266490447,Mouse Moved,330.0,239.0,User19,,
1490266490463,Mouse Moved,330.0,250.0,User19,,
1490266490479,Mouse Moved,330.0,265.0,User19,,
1490266490494,Mouse Moved,330.0,276.0,User19,,
1490266490510,Mouse Moved,329.0,288.0,User19,,
1490266490526,Mouse Moved,329.0,317.0,User19,,
1490266490542,Mouse Moved,335.0,355.0,User19,,
1490266490556,Mouse Moved,335.0,356.0,User19,,
1490266490572,Mouse Moved,335.0,358.0,User19,,
1490266490619,Mouse Moved,335.0,359.0,User19,,
1490266490776,Mouse Moved,335.0,359.0,User19,,
1490266491088,Mouse Moved,335.0,360.0,User19,,
1490266491118,Mouse Moved,335.0,361.0,User19,,
1490266491134,Mouse Moved,335.0,363.0,User19,,
1490266491150,Mouse Moved,334.0,364.0,User19,,
1490266491165,Mouse Moved,334.0,369.0,User19,,
1490266491180,Mouse Moved,332.0,374.0,User19,,
1490266491197,Mouse Moved,332.0,375.0,User19,,
1490266491213,Mouse Moved,332.0,379.0,User19,,
1490266491227,Mouse Moved,331.0,385.0,User19,,
1490266491243,Mouse Moved,330.0,389.0,User19,,
1490266491259,Mouse Moved,328.0,395.0,User19,,
1490266491275,Mouse Moved,326.0,399.0,User19,,
1490266491290,Mouse Moved,324.0,404.0,User19,,
1490266491305,Mouse Moved,323.0,407.0,User19,,
1490266491322,Mouse Moved,322.0,411.0,User19,,
1490266491336,Mouse Moved,320.0,415.0,User19,,
1490266491352,Mouse Moved,319.0,418.0,User19,,
1490266491461,Mouse Moved,318.0,418.0,User19,,
1490266491477,Mouse Moved,318.0,419.0,User19,,
1490266491493,Mouse Moved,316.0,420.0,User19,,
1490266491509,Mouse Moved,316.0,422.0,User19,,
1490266491586,Mouse Moved,315.0,422.0,User19,,
1490266491602,Mouse Moved,315.0,423.0,User19,,
1490266491634,Mouse Moved,315.0,424.0,User19,,
1490266491648,Mouse Moved,314.0,424.0,User19,,
1490266491664,Mouse Moved,314.0,424.0,User19,,
1490266491993,Mouse Moved,314.0,424.0,User19,,
1490266492773,Mouse Moved,314.0,424.0,User19,,
1490266493038,Mouse Moved,314.0,422.0,User19,,
1490266493052,Mouse Moved,317.0,419.0,User19,,
1490266493069,Mouse Moved,323.0,415.0,User19,,
1490266493085,Mouse Moved,333.0,408.0,User19,,
1490266493099,Mouse Moved,351.0,396.0,User19,,
1490266493115,Mouse Moved,374.0,378.0,User19,,
1490266493131,Mouse Moved,402.0,354.0,User19,,
1490266493147,Mouse Moved,435.0,323.0,User19,,
1490266493163,Mouse Moved,473.0,288.0,User19,,
1490266493177,Mouse Moved,562.0,206.0,User19,,
1490266493194,Mouse Moved,603.0,172.0,User19,,
1490266493209,Mouse Moved,645.0,137.0,User19,,
1490266493224,Mouse Moved,646.0,135.0,User19,,
1490266493240,Mouse Moved,651.0,131.0,User19,,
1490266493256,Mouse Moved,674.0,111.0,User19,,
1490266493272,Mouse Moved,692.0,95.0,User19,,
1490266493286,Mouse Moved,700.0,88.0,User19,,
1490266493302,Mouse Moved,712.0,73.0,User19,,
1490266493319,Mouse Moved,721.0,63.0,User19,,
1490266493334,Mouse Moved,729.0,52.0,User19,,
1490266493349,Mouse Moved,734.0,42.0,User19,,
1490266493365,Mouse Moved,737.0,35.0,User19,,
1490266493381,Mouse Moved,738.0,26.0,User19,,
1490266493411,Mouse Moved,739.0,26.0,User19,,
1490266493443,Mouse Moved,739.0,25.0,User19,,
1490266493459,Mouse Moved,740.0,22.0,User19,,
1490266493474,Mouse Moved,740.0,16.0,User19,,
1490266493490,Mouse Moved,741.0,9.0,User19,,
1490266493506,Mouse Moved,742.0,0.0,User19,,
1490266494114,Mouse Moved,704.0,4.0,User19,,
1490266494130,Mouse Moved,695.0,14.0,User19,,
1490266494144,Mouse Moved,686.0,23.0,User19,,
1490266494161,Mouse Moved,686.0,24.0,User19,,
1490266494177,Mouse Moved,682.0,27.0,User19,,
1490266494191,Mouse Moved,676.0,35.0,User19,,
1490266494207,Mouse Moved,670.0,41.0,User19,,
1490266494223,Mouse Moved,664.0,48.0,User19,,
1490266494239,Mouse Moved,658.0,54.0,User19,,
1490266494255,Mouse Moved,654.0,60.0,User19,,
1490266494269,Mouse Moved,649.0,67.0,User19,,
1490266494286,Mouse Moved,647.0,69.0,User19,,
1490266494301,Mouse Moved,646.0,70.0,User19,,
1490266494316,Mouse Moved,644.0,72.0,User19,,
1490266494332,Mouse Moved,643.0,76.0,User19,,
1490266494348,Mouse Moved,642.0,77.0,User19,,
1490266494457,Mouse Moved,2053.0,180.0,User19,2560.0,1355.0
1490266494473,Mouse Moved,2047.0,190.0,User19,,
1490266494489,Mouse Moved,2040.0,197.0,User19,,
1490266494503,Mouse Moved,2031.0,208.0,User19,,
1490266494519,Mouse Moved,2018.0,220.0,User19,,
1490266494535,Mouse Moved,2005.0,232.0,User19,,
1490266494551,Mouse Moved,1999.0,241.0,User19,,
1490266494582,Mouse Moved,1996.0,241.0,User19,,
1490266494598,Mouse Moved,1992.0,248.0,User19,,
1490266494612,Mouse Moved,1983.0,258.0,User19,,
1490266494628,Mouse Moved,1973.0,265.0,User19,,
1490266494644,Mouse Moved,1973.0,267.0,User19,,
1490266494660,Mouse Moved,1970.0,272.0,User19,,
1490266494690,Mouse Moved,1967.0,274.0,User19,,
1490266494707,Mouse Moved,1964.0,277.0,User19,,
1490266494723,Mouse Moved,1960.0,279.0,User19,,
1490266494737,Mouse Moved,1957.0,284.0,User19,,
1490266494753,Mouse Moved,1957.0,286.0,User19,,
1490266494815,Mouse Moved,1954.0,286.0,User19,,
1490266494832,Mouse Moved,1951.0,288.0,User19,,
1490266494846,Mouse Moved,1951.0,291.0,User19,,
1490266494862,Mouse Moved,1947.0,291.0,User19,,
1490266494894,Mouse Moved,1944.0,295.0,User19,,
1490266494910,Mouse Moved,1944.0,298.0,User19,,
1490266494924,Mouse Moved,1938.0,302.0,User19,,
1490266494940,Mouse Moved,1938.0,307.0,User19,,
1490266494971,Mouse Moved,1935.0,309.0,User19,,
1490266494987,Mouse Moved,1931.0,309.0,User19,,
1490266495003,Mouse Moved,1928.0,312.0,User19,,
1490266495019,Mouse Moved,1925.0,321.0,User19,,
1490266495065,Mouse Moved,1922.0,321.0,User19,,
1490266495112,Mouse Moved,1919.0,326.0,User19,,
1490266495128,Mouse Moved,1912.0,328.0,User19,,
1490266495158,Mouse Moved,1906.0,333.0,User19,,
1490266495174,Mouse Moved,1903.0,335.0,User19,,
1490266495206,Mouse Moved,1903.0,338.0,User19,,
1490266495221,Mouse Moved,1899.0,342.0,User19,,
1490266495236,Mouse Moved,1893.0,345.0,User19,,
1490266495253,Mouse Moved,1890.0,347.0,User19,,
1490266495269,Mouse Moved,1880.0,359.0,User19,,
1490266495299,Mouse Moved,1871.0,371.0,User19,,
1490266495315,Mouse Moved,1858.0,387.0,User19,,
1490266495331,Mouse Moved,1848.0,401.0,User19,,
1490266495346,Mouse Moved,1835.0,413.0,User19,,
1490266495361,Mouse Moved,1819.0,425.0,User19,,
1490266495378,Mouse Moved,1803.0,436.0,User19,,
1490266495424,Mouse Moved,1800.0,436.0,User19,,
1490266495440,Mouse Moved,1800.0,439.0,User19,,
1490266495456,Mouse Moved,1797.0,441.0,User19,,
1490266495470,Mouse Moved,1794.0,441.0,User19,,
1490266495533,Mouse Moved,1794.0,443.0,User19,,
1490266495549,Mouse Moved,1790.0,443.0,User19,,
1490266495565,Mouse Moved,1787.0,443.0,User19,,
1490266495581,Mouse Moved,1787.0,446.0,User19,,
1490266495595,Mouse Moved,1787.0,448.0,User19,,
1490266495627,Mouse Moved,1784.0,448.0,User19,,
1490266495674,Mouse Moved,1781.0,448.0,User19,,
1490266495690,Mouse Moved,1781.0,453.0,User19,,
1490266495704,Mouse Moved,1778.0,453.0,User19,,
1490266496453,Mouse Moved,1434.0,581.0,User19,,
1490266496470,Mouse Moved,1433.0,583.0,User19,,
1490266496671,Mouse Moved,1432.0,584.0,User19,,
1490266496703,Mouse Moved,1432.0,585.0,User19,,
1490266496719,Mouse Moved,1431.0,585.0,User19,,
1490266496734,Mouse Moved,1430.0,586.0,User19,,
1490266496766,Mouse Moved,1429.0,586.0,User19,,
1490266496782,Mouse Moved,1429.0,587.0,User19,,
1490266496828,Mouse Moved,1428.0,587.0,User19,,
1490266496844,Mouse Moved,1428.0,588.0,User19,,
1490266496891,Mouse Moved,1427.0,588.0,User19,,
1490266496905,Mouse Moved,1427.0,589.0,User19,,
1490266496921,Mouse Moved,1427.0,590.0,User19,,
1490266496953,Mouse Moved,1426.0,591.0,User19,,
1490266496969,Mouse Moved,1425.0,592.0,User19,,
1490266497000,Mouse Moved,1424.0,593.0,User19,,
1490266497030,Mouse Moved,1422.0,595.0,User19,,
1490266497046,Mouse Moved,1420.0,596.0,User19,,
1490266497062,Mouse Moved,1419.0,597.0,User19,,
1490266497078,Mouse Moved,1418.0,598.0,User19,,
1490266497094,Mouse Moved,1416.0,599.0,User19,,
1490266497108,Mouse Moved,1414.0,599.0,User19,,
1490266497125,Mouse Moved,1411.0,601.0,User19,,
1490266497140,Mouse Moved,1409.0,602.0,User19,,
1490266497155,Mouse Moved,1403.0,604.0,User19,,
1490266497171,Mouse Moved,1397.0,605.0,User19,,
1490266497187,Mouse Moved,1388.0,606.0,User19,,
1490266497203,Mouse Moved,1380.0,607.0,User19,,
1490266497217,Mouse Moved,1369.0,607.0,User19,,
1490266497233,Mouse Moved,1353.0,607.0,User19,,
1490266497250,Mouse Moved,1342.0,607.0,User19,,
1490266497265,Mouse Moved,1320.0,607.0,User19,,
1490266497280,Mouse Moved,1297.0,606.0,User19,,
1490266497296,Mouse Moved,1268.0,603.0,User19,,
1490266497312,Mouse Moved,1236.0,599.0,User19,,
1490266497328,Mouse Moved,1201.0,593.0,User19,,
1490266497342,Mouse Moved,1066.0,567.0,User19,,
1490266497358,Mouse Moved,1018.0,557.0,User19,,
1490266497374,Mouse Moved,974.0,547.0,User19,,
1490266497390,Mouse Moved,939.0,539.0,User19,,
1490266497405,Mouse Moved,895.0,528.0,User19,,
1490266497421,Mouse Moved,856.0,518.0,User19,,
1490266497437,Mouse Moved,794.0,501.0,User19,,
1490266497451,Mouse Moved,737.0,483.0,User19,,
1490266497467,Mouse Moved,685.0,462.0,User19,,
1490266497592,Mouse Moved,685.0,461.0,User19,,
1490266497624,Mouse Moved,685.0,460.0,User19,,
1490266497640,Mouse Moved,684.0,459.0,User19,,
1490266497654,Mouse Moved,684.0,457.0,User19,,
1490266497671,Mouse Moved,684.0,454.0,User19,,
1490266497686,Mouse Moved,684.0,452.0,User19,,
1490266497701,Mouse Moved,684.0,449.0,User19,,
1490266497717,Mouse Moved,684.0,447.0,User19,,
1490266497733,Mouse Moved,684.0,444.0,User19,,
1490266497749,Mouse Moved,684.0,443.0,User19,,
1490266497763,Mouse Moved,685.0,440.0,User19,,
1490266497779,Mouse Moved,686.0,437.0,User19,,
1490266497796,Mouse Moved,686.0,435.0,User19,,
1490266498217,Mouse Moved,687.0,435.0,User19,,
1490266498232,Mouse Moved,689.0,436.0,User19,,
1490266498247,Mouse Moved,691.0,438.0,User19,,
1490266498263,Mouse Moved,695.0,439.0,User19,,
1490266498279,Mouse Moved,699.0,441.0,User19,,
1490266498295,Mouse Moved,704.0,443.0,User19,,
1490266498309,Mouse Moved,710.0,445.0,User19,,
1490266498325,Mouse Moved,716.0,447.0,User19,,
1490266498342,Mouse Moved,721.0,449.0,User19,,
1490266498357,Mouse Moved,723.0,450.0,User19,,
1490266498778,Mouse Moved,724.0,451.0,User19,,
1490266498966,Mouse Moved,723.0,451.0,User19,,
1490266498980,Mouse Moved,721.0,451.0,User19,,
1490266498996,Mouse Moved,716.0,451.0,User19,,
1490266499012,Mouse Moved,705.0,451.0,User19,,
1490266499028,Mouse Moved,688.0,450.0,User19,,
1490266499043,Mouse Moved,677.0,448.0,User19,,
1490266499059,Mouse Moved,676.0,448.0,User19,,
1490266499075,Mouse Moved,674.0,448.0,User19,,
1490266499089,Mouse Moved,667.0,446.0,User19,,
1490266499105,Mouse Moved,658.0,444.0,User19,,
1490266499121,Mouse Moved,650.0,442.0,User19,,
1490266499137,Mouse Moved,643.0,440.0,User19,,
1490266499558,Mouse Moved,643.0,439.0,User19,,
1490266500463,Mouse Moved,643.0,439.0,User19,,
1490266500930,Mouse Moved,643.0,439.0,User19,,
1490266501211,Mouse Moved,642.0,440.0,User19,,
1490266501243,Mouse Moved,642.0,441.0,User19,,
1490266501273,Mouse Moved,642.0,442.0,User19,,
1490266501305,Mouse Moved,642.0,443.0,User19,,
1490266501336,Mouse Moved,642.0,444.0,User19,,
1490266501351,Mouse Moved,642.0,445.0,User19,,
1490266501398,Mouse Moved,642.0,446.0,User19,,
1490266501414,Mouse Moved,642.0,447.0,User19,,
1490266501446,Mouse Moved,642.0,448.0,User19,,
1490266501476,Mouse Moved,642.0,449.0,User19,,
1490266501507,Mouse Moved,642.0,450.0,User19,,
1490266501539,Mouse Moved,642.0,451.0,User19,,
1490266501757,Mouse Moved,642.0,452.0,User19,,
1490266501789,Mouse Moved,642.0,453.0,User19,,
1490266501851,Mouse Moved,640.0,453.0,User19,,
1490266501867,Mouse Moved,640.0,454.0,User19,,
1490266501914,Mouse Moved,639.0,454.0,User19,,
1490266501930,Mouse Moved,639.0,455.0,User19,,
1490266501976,Mouse Moved,638.0,455.0,User19,,
1490266502131,Mouse Moved,637.0,456.0,User19,,
1490266502148,Mouse Moved,637.0,457.0,User19,,
1490266502164,Mouse Moved,636.0,457.0,User19,,
1490266502256,Mouse Moved,636.0,458.0,User19,,
1490266502288,Mouse Moved,635.0,458.0,User19,,
1490266502585,Mouse Moved,636.0,458.0,User19,,
1490266502599,Mouse Moved,638.0,458.0,User19,,
1490266502615,Mouse Moved,641.0,456.0,User19,,
1490266502631,Mouse Moved,643.0,454.0,User19,,
1490266502647,Mouse Moved,646.0,452.0,User19,,
1490266502663,Mouse Moved,647.0,452.0,User19,,
1490266502677,Mouse Moved,650.0,451.0,User19,,
1490266502694,Mouse Moved,650.0,450.0,User19,,
1490266504410,Mouse Moved,652.0,450.0,User19,,
1490266504424,Mouse Moved,653.0,449.0,User19,,
1490266504440,Mouse Moved,654.0,449.0,User19,,
1490266504457,Mouse Moved,655.0,448.0,User19,,
1490266504471,Mouse Moved,656.0,448.0,User19,,
1490266504487,Mouse Moved,657.0,447.0,User19,,
1490266504503,Mouse Moved,658.0,447.0,User19,,
1490266504519,Mouse Moved,659.0,447.0,User19,,
1490266504549,Mouse Moved,660.0,446.0,User19,,
1490266504581,Mouse Moved,661.0,445.0,User19,,
1490266504596,Mouse Moved,662.0,445.0,User19,,
1490266504628,Mouse Moved,662.0,445.0,User19,,
1490266505033,Mouse Moved,662.0,445.0,User19,,
1490266505049,Mouse Moved,665.0,445.0,User19,,
1490266505065,Mouse Moved,668.0,444.0,User19,,
1490266505081,Mouse Moved,671.0,443.0,User19,,
1490266505095,Mouse Moved,672.0,443.0,User19,,
1490266505158,Mouse Moved,672.0,443.0,User19,,
1490266505299,Mouse Moved,673.0,443.0,User19,,
1490266505424,Mouse Moved,673.0,444.0,User19,,
1490266505438,Mouse Moved,673.0,444.0,User19,,
1490266505502,Mouse Moved,673.0,444.0,User19,,
1490266505579,Mouse Moved,673.0,444.0,User19,,
1490266505673,Mouse Moved,673.0,444.0,User19,,
1490266505688,Mouse Scrolled (0 -1),673.0,444.0,User19,,
1490266506095,Mouse Moved,673.0,444.0,User19,,
1490266506109,Mouse Scrolled (0 1),673.0,444.0,User19,,
1490266506203,Mouse Moved,673.0,444.0,User19,,
1490266506282,Mouse Moved,673.0,444.0,User19,,
1490266506328,Mouse Moved,673.0,445.0,User19,,
1490266506375,Mouse Moved,673.0,445.0,User19,,
1490266506421,Mouse Moved,673.0,445.0,User19,,
1490266506437,Mouse Scrolled (0 -1),673.0,445.0,User19,,
1490266507374,Mouse Moved,672.0,445.0,User19,,
1490266507404,Mouse Moved,672.0,447.0,User19,,
1490266507436,Mouse Moved,672.0,448.0,User19,,
1490266507451,Mouse Moved,671.0,448.0,User19,,
1490266507513,Mouse Moved,671.0,450.0,User19,,
1490266508184,Mouse Moved,671.0,450.0,User19,,
1490266510525,Mouse Moved,671.0,450.0,User19,,
1490266510697,Mouse Moved,671.0,450.0,User19,,
1490266510789,Mouse Moved,671.0,450.0,User19,,
1490266510898,Mouse Moved,671.0,450.0,User19,,
1490266511243,Mouse Moved,671.0,450.0,User19,,
1490266511305,Mouse Moved,671.0,450.0,User19,,
1490266511460,Mouse Moved,671.0,450.0,User19,,
1490266511898,Mouse Moved,671.0,450.0,User19,,
1490266511960,Mouse Moved,671.0,450.0,User19,,
1490266512069,Mouse Moved,671.0,450.0,User19,,
1490266512177,Mouse Moved,671.0,450.0,User19,,
1490266512459,Mouse Moved,671.0,451.0,User19,,
1490266512506,Mouse Moved,670.0,451.0,User19,,
1490266512645,Mouse Moved,670.0,452.0,User19,,
1490266512740,Mouse Moved,670.0,453.0,User19,,
1490266512756,Mouse Moved,669.0,453.0,User19,,
1490266512865,Mouse Moved,669.0,454.0,User19,,
1490266512943,Mouse Moved,668.0,454.0,User19,,
1490266512957,Mouse Moved,668.0,455.0,User19,,
1490266512973,Mouse Moved,667.0,455.0,User19,,
1490266513005,Mouse Moved,667.0,456.0,User19,,
1490266513020,Mouse Moved,666.0,456.0,User19,,
1490266513052,Mouse Moved,665.0,457.0,User19,,
1490266513098,Mouse Moved,665.0,458.0,User19,,
1490266513130,Mouse Moved,664.0,458.0,User19,,
1490266513191,Mouse Moved,664.0,459.0,User19,,
1490266513207,Mouse Moved,663.0,459.0,User19,,
1490266513536,Mouse Moved,663.0,460.0,User19,,
1490266513566,Mouse Moved,662.0,460.0,User19,,
1490266513582,Mouse Moved,662.0,461.0,User19,,
1490266514517,Mouse Moved,661.0,461.0,User19,,
1490266514533,Mouse Moved,661.0,460.0,User19,,
1490266514565,Mouse Moved,660.0,460.0,User19,,
1490266514581,Mouse Moved,659.0,460.0,User19,,
1490266514595,Mouse Moved,658.0,460.0,User19,,
1490266514611,Mouse Moved,657.0,460.0,User19,,
1490266514628,Mouse Moved,655.0,460.0,User19,,
1490266514642,Mouse Moved,653.0,461.0,User19,,
1490266514658,Mouse Moved,650.0,461.0,User19,,
1490266514674,Mouse Moved,646.0,463.0,User19,,
1490266514690,Mouse Moved,642.0,464.0,User19,,
1490266514706,Mouse Moved,635.0,466.0,User19,,
1490266514720,Mouse Moved,628.0,469.0,User19,,
1490266514736,Mouse Moved,626.0,469.0,User19,,
1490266514752,Mouse Moved,624.0,470.0,User19,,
1490266514767,Mouse Moved,623.0,470.0,User19,,
1490266514783,Mouse Moved,622.0,470.0,User19,,
1490266514799,Mouse Moved,620.0,471.0,User19,,
1490266514815,Mouse Moved,619.0,471.0,User19,,
1490266514829,Mouse Moved,618.0,472.0,User19,,
1490266514845,Mouse Moved,617.0,473.0,User19,,
1490266514861,Mouse Moved,614.0,473.0,User19,,
1490266514877,Mouse Moved,614.0,474.0,User19,,
1490266514892,Mouse Moved,606.0,478.0,User19,,
1490266514907,Mouse Moved,601.0,481.0,User19,,
1490266514924,Mouse Moved,601.0,482.0,User19,,
1490266514940,Mouse Moved,596.0,484.0,User19,,
1490266514954,Mouse Moved,594.0,485.0,User19,,
1490266514970,Mouse Moved,594.0,486.0,User19,,
1490266515032,Mouse Moved,593.0,486.0,User19,,
1490266515298,Mouse Moved,593.0,487.0,User19,,
1490266515453,Mouse Moved,592.0,488.0,User19,,
1490266515500,Mouse Moved,591.0,488.0,User19,,
1490266515921,Mouse Moved,590.0,488.0,User19,,
1490266516219,Mouse Moved,589.0,488.0,User19,,
1490266516233,Mouse Moved,589.0,489.0,User19,,
1490266516562,Mouse Moved,589.0,490.0,User19,,
1490266516951,Mouse Moved,588.0,488.0,User19,,
1490266516967,Mouse Moved,583.0,484.0,User19,,
1490266516999,Mouse Moved,573.0,478.0,User19,,
1490266517013,Mouse Moved,557.0,462.0,User19,,
1490266517029,Mouse Moved,551.0,456.0,User19,,
1490266517046,Mouse Moved,551.0,455.0,User19,,
1490266517061,Mouse Moved,550.0,454.0,User19,,
1490266517076,Mouse Moved,545.0,449.0,User19,,
1490266517092,Mouse Moved,539.0,443.0,User19,,
1490266517108,Mouse Moved,533.0,439.0,User19,,
1490266517201,Mouse Moved,532.0,436.0,User19,,
1490266517358,Mouse Moved,531.0,436.0,User19,,
1490266517809,Mouse Moved,530.0,436.0,User19,,
1490266517904,Mouse Moved,530.0,437.0,User19,,
1490266517950,Mouse Moved,530.0,438.0,User19,,
1490266517982,Mouse Moved,529.0,438.0,User19,,
1490266518121,Mouse Moved,529.0,439.0,User19,,
1490266518293,Mouse Moved,529.0,440.0,User19,,
1490266518403,Mouse Moved,528.0,441.0,User19,,
1490266518496,Mouse Moved,528.0,442.0,User19,,
1490266518512,Mouse Moved,527.0,442.0,User19,,
1490266518528,Mouse Moved,526.0,442.0,User19,,
1490266518559,Mouse Moved,526.0,443.0,User19,,
1490266518621,Mouse Moved,525.0,443.0,User19,,
1490266518746,Mouse Moved,525.0,444.0,User19,,
1490266518762,Mouse Moved,524.0,445.0,User19,,
1490266518776,Mouse Moved,523.0,446.0,User19,,
1490266518792,Mouse Moved,522.0,448.0,User19,,
1490266518808,Mouse Moved,520.0,449.0,User19,,
1490266518823,Mouse Moved,518.0,451.0,User19,,
1490266518839,Mouse Moved,517.0,453.0,User19,,
1490266518855,Mouse Moved,515.0,455.0,User19,,
1490266518871,Mouse Moved,514.0,457.0,User19,,
1490266518885,Mouse Moved,513.0,457.0,User19,,
1490266518901,Mouse Moved,513.0,458.0,User19,,
1490266529134,Mouse Moved,514.0,457.0,User19,,
1490266529151,Mouse Moved,520.0,450.0,User19,,
1490266529165,Mouse Moved,630.0,230.0,User19,,
1490266529181,Mouse Moved,637.0,214.0,User19,,
1490266529197,Mouse Moved,657.0,168.0,User19,,
1490266529213,Mouse Moved,711.0,60.0,User19,,
1490266529602,Mouse Moved,928.0,0.0,User19,,
1490266529618,Mouse Moved,916.0,3.0,User19,,
1490266529634,Mouse Moved,900.0,8.0,User19,,
1490266529650,Mouse Moved,878.0,11.0,User19,,
1490266529665,Mouse Moved,856.0,15.0,User19,,
1490266529680,Mouse Moved,840.0,16.0,User19,,
1490266529697,Mouse Moved,838.0,16.0,User19,,
1490266529711,Mouse Moved,831.0,16.0,User19,,
1490266529727,Mouse Moved,820.0,19.0,User19,,
1490266529743,Mouse Moved,811.0,21.0,User19,,
1490266529759,Mouse Moved,799.0,23.0,User19,,
1490266529775,Mouse Moved,777.0,27.0,User19,,
1490266529789,Mouse Moved,777.0,28.0,User19,,
1490266529836,Mouse Moved,773.0,28.0,User19,,
1490266529852,Mouse Moved,772.0,29.0,User19,,
1490266529868,Mouse Moved,769.0,30.0,User19,,
1490266529884,Mouse Moved,767.0,31.0,User19,,
1490266529914,Mouse Moved,766.0,31.0,User19,,
1490266529961,Mouse Moved,765.0,31.0,User19,,
1490266529977,Mouse Moved,764.0,32.0,User19,,
1490266529993,Mouse Moved,762.0,33.0,User19,,
1490266530009,Mouse Moved,761.0,34.0,User19,,
1490266530055,Mouse Moved,760.0,34.0,User19,,
1490266530071,Mouse Moved,757.0,34.0,User19,,
1490266530086,Mouse Moved,753.0,34.0,User19,,
1490266530101,Mouse Moved,750.0,34.0,User19,,
1490266530118,Mouse Moved,749.0,34.0,User19,,
1490266530134,Mouse Moved,749.0,33.0,User19,,
1490266530211,Mouse Moved,749.0,33.0,User19,,
1490266530321,Mouse Moved,749.0,33.0,User19,,
1490266530992,Mouse Moved,748.0,33.0,User19,,
1490266531006,Mouse Moved,748.0,34.0,User19,,
1490266531069,Mouse Moved,747.0,34.0,User19,,
1490266531148,Mouse Moved,746.0,34.0,User19,,
1490266531226,Mouse Moved,746.0,35.0,User19,,
1490266531256,Mouse Moved,745.0,35.0,User19,,
1490266531272,Mouse Moved,745.0,36.0,User19,,
1490266531288,Mouse Moved,744.0,38.0,User19,,
1490266531303,Mouse Moved,742.0,40.0,User19,,
1490266531319,Mouse Moved,739.0,42.0,User19,,
1490266531335,Mouse Moved,736.0,46.0,User19,,
1490266531349,Mouse Moved,732.0,50.0,User19,,
1490266531365,Mouse Moved,728.0,53.0,User19,,
1490266531381,Mouse Moved,724.0,56.0,User19,,
1490266531397,Mouse Moved,720.0,60.0,User19,,
1490266531413,Mouse Moved,718.0,61.0,User19,,
1490266531427,Mouse Moved,715.0,64.0,User19,,
1490266531444,Mouse Moved,713.0,65.0,User19,,
1490266581736,Mouse Moved,711.0,64.0,User19,,
1490266581753,Mouse Moved,699.0,55.0,User19,,
1490266581767,Mouse Moved,691.0,50.0,User19,,
1490266581783,Mouse Moved,683.0,44.0,User19,,
1490266581799,Mouse Moved,673.0,35.0,User19,,
1490266581815,Mouse Moved,668.0,31.0,User19,,
1490266581831,Mouse Moved,666.0,30.0,User19,,
1490266582313,Mouse Moved,666.0,29.0,User19,,
1490266582329,Mouse Moved,667.0,28.0,User19,,
1490266582345,Mouse Moved,667.0,27.0,User19,,
1490266582361,Mouse Moved,668.0,25.0,User19,,
1490266582377,Mouse Moved,668.0,21.0,User19,,
1490266582391,Mouse Moved,668.0,13.0,User19,,
1490266582407,Mouse Moved,667.0,0.0,User19,,
1490266582500,Mouse Moved,678.0,3.0,User19,,
1490266582516,Mouse Moved,693.0,32.0,User19,,
1490266582532,Mouse Moved,717.0,102.0,User19,,
1490266582548,Mouse Moved,719.0,143.0,User19,,
1490266582563,Mouse Moved,710.0,195.0,User19,,
1490266582578,Mouse Moved,690.0,251.0,User19,,
1490266582595,Mouse Moved,669.0,307.0,User19,,
1490266582611,Mouse Moved,643.0,368.0,User19,,
1490266582625,Mouse Moved,617.0,432.0,User19,,
1490266582641,Mouse Moved,615.0,435.0,User19,,
1490266582657,Mouse Moved,610.0,447.0,User19,,
1490266582673,Mouse Moved,596.0,480.0,User19,,
1490266582688,Mouse Moved,577.0,530.0,User19,,
1490266582703,Mouse Moved,567.0,554.0,User19,,
1490266582720,Mouse Moved,558.0,607.0,User19,,
1490266582734,Mouse Moved,558.0,626.0,User19,,
1490266582750,Mouse Moved,558.0,637.0,User19,,
1490266582766,Mouse Moved,558.0,643.0,User19,,
1490266583046,Mouse Moved,558.0,648.0,User19,,
1490266583078,Mouse Moved,557.0,648.0,User19,,
1490266583109,Mouse Moved,557.0,649.0,User19,,
1490266583125,Mouse Moved,556.0,650.0,User19,,
1490266583141,Mouse Moved,555.0,650.0,User19,,
1490266583296,Mouse Moved,554.0,650.0,User19,,
1490266583328,Mouse Moved,553.0,650.0,User19,,
1490266583344,Mouse Moved,553.0,651.0,User19,,
1490266583904,Mouse Moved,552.0,651.0,User19,,
1490266583921,Mouse Moved,551.0,651.0,User19,,
1490266583937,Mouse Moved,549.0,651.0,User19,,
1490266583951,Mouse Moved,546.0,651.0,User19,,
1490266583967,Mouse Moved,542.0,651.0,User19,,
1490266583983,Mouse Moved,537.0,648.0,User19,,
1490266583999,Mouse Moved,531.0,644.0,User19,,
1490266584015,Mouse Moved,525.0,635.0,User19,,
1490266584029,Mouse Moved,518.0,623.0,User19,,
1490266584046,Mouse Moved,512.0,610.0,User19,,
1490266584061,Mouse Moved,507.0,593.0,User19,,
1490266584076,Mouse Moved,501.0,573.0,User19,,
1490266584092,Mouse Moved,485.0,533.0,User19,,
1490266584108,Mouse Moved,384.0,346.0,User19,,
1490266584124,Mouse Moved,384.0,344.0,User19,,
1490266584138,Mouse Moved,383.0,342.0,User19,,
1490266584154,Mouse Moved,375.0,328.0,User19,,
1490266584171,Mouse Moved,370.0,317.0,User19,,
1490266584186,Mouse Moved,364.0,306.0,User19,,
1490266584201,Mouse Moved,361.0,298.0,User19,,
1490266584217,Mouse Moved,358.0,293.0,User19,,
1490266584233,Mouse Moved,357.0,291.0,User19,,
1490266584249,Mouse Moved,357.0,287.0,User19,,
1490266584263,Mouse Moved,355.0,280.0,User19,,
1490266584279,Mouse Moved,352.0,273.0,User19,,
1490266584295,Mouse Moved,349.0,263.0,User19,,
1490266584311,Mouse Moved,343.0,252.0,User19,,
1490266584326,Mouse Moved,337.0,241.0,User19,,
1490266584342,Mouse Moved,328.0,229.0,User19,,
1490266584358,Mouse Moved,321.0,220.0,User19,,
1490266584372,Mouse Moved,312.0,210.0,User19,,
1490266584388,Mouse Moved,304.0,203.0,User19,,
1490266584404,Mouse Moved,294.0,193.0,User19,,
1490266584420,Mouse Moved,283.0,185.0,User19,,
1490266584436,Mouse Moved,276.0,181.0,User19,,
1490266584450,Mouse Moved,266.0,175.0,User19,,
1490266584467,Mouse Moved,257.0,171.0,User19,,
1490266584483,Mouse Moved,248.0,169.0,User19,,
1490266584561,Mouse Moved,245.0,168.0,User19,,
1490266584575,Mouse Moved,245.0,167.0,User19,,
1490266584592,Mouse Moved,243.0,165.0,User19,,
1490266584607,Mouse Moved,242.0,161.0,User19,,
1490266584622,Mouse Moved,239.0,156.0,User19,,
1490266584638,Mouse Moved,237.0,152.0,User19,,
1490266584654,Mouse Moved,235.0,149.0,User19,,
1490266584670,Mouse Moved,235.0,147.0,User19,,
1490266584684,Mouse Moved,234.0,145.0,User19,,
1490266584700,Mouse Moved,234.0,144.0,User19,,
1490266584717,Mouse Moved,234.0,142.0,User19,,
1490266584918,Mouse Moved,232.0,142.0,User19,,
1490266584934,Mouse Moved,232.0,143.0,User19,,
1490266584950,Mouse Moved,231.0,144.0,User19,,
1490266584966,Mouse Moved,227.0,146.0,User19,,
1490266584996,Mouse Moved,227.0,147.0,User19,,
1490266585029,Mouse Moved,226.0,147.0,User19,,
1490266585043,Mouse Moved,225.0,148.0,User19,,
1490266585059,Mouse Moved,225.0,149.0,User19,,
1490266585121,Mouse Moved,225.0,149.0,User19,,
1490266585216,Mouse Moved,225.0,149.0,User19,,
1490266585293,Mouse Moved,225.0,150.0,User19,,
1490266585309,Mouse Moved,225.0,151.0,User19,,
1490266585325,Mouse Moved,225.0,152.0,User19,,
1490266585341,Mouse Moved,226.0,153.0,User19,,
1490266585355,Mouse Moved,228.0,155.0,User19,,
1490266585371,Mouse Moved,233.0,159.0,User19,,
1490266585387,Mouse Moved,240.0,166.0,User19,,
1490266585403,Mouse Moved,252.0,177.0,User19,,
1490266585418,Mouse Moved,253.0,177.0,User19,,
1490266585434,Mouse Moved,256.0,179.0,User19,,
1490266585450,Mouse Moved,265.0,187.0,User19,,
1490266585464,Mouse Moved,278.0,198.0,User19,,
1490266585480,Mouse Moved,284.0,204.0,User19,,
1490266585496,Mouse Moved,294.0,212.0,User19,,
1490266585512,Mouse Moved,306.0,222.0,User19,,
1490266585528,Mouse Moved,315.0,232.0,User19,,
1490266585542,Mouse Moved,326.0,242.0,User19,,
1490266585559,Mouse Moved,333.0,251.0,User19,,
1490266585575,Mouse Moved,339.0,260.0,User19,,
1490266585589,Mouse Moved,345.0,270.0,User19,,
1490266585605,Mouse Moved,349.0,279.0,User19,,
1490266585621,Mouse Moved,352.0,288.0,User19,,
1490266585637,Mouse Moved,354.0,300.0,User19,,
1490266585653,Mouse Moved,354.0,313.0,User19,,
1490266585667,Mouse Moved,352.0,322.0,User19,,
1490266585684,Mouse Moved,349.0,331.0,User19,,
1490266585698,Mouse Moved,346.0,338.0,User19,,
1490266585714,Mouse Moved,341.0,344.0,User19,,
1490266585730,Mouse Moved,334.0,349.0,User19,,
1490266585792,Mouse Moved,331.0,351.0,User19,,
1490266585809,Mouse Moved,330.0,350.0,User19,,
1490266585823,Mouse Moved,329.0,346.0,User19,,
1490266585839,Mouse Moved,328.0,341.0,User19,,
1490266585855,Mouse Moved,327.0,332.0,User19,,
1490266585871,Mouse Moved,323.0,299.0,User19,,
1490266585887,Mouse Moved,323.0,297.0,User19,,
1490266585901,Mouse Moved,322.0,289.0,User19,,
1490266585917,Mouse Moved,320.0,279.0,User19,,
1490266585933,Mouse Moved,318.0,266.0,User19,,
1490266585948,Mouse Moved,317.0,255.0,User19,,
1490266585964,Mouse Moved,315.0,239.0,User19,,
1490266585980,Mouse Moved,314.0,228.0,User19,,
1490266586058,Mouse Moved,314.0,229.0,User19,,
1490266586073,Mouse Moved,314.0,230.0,User19,,
1490266586088,Mouse Moved,313.0,231.0,User19,,
1490266586105,Mouse Moved,312.0,237.0,User19,,
1490266586121,Mouse Moved,312.0,258.0,User19,,
1490266586135,Mouse Moved,312.0,289.0,User19,,
1490266586151,Mouse Moved,312.0,290.0,User19,,
1490266586167,Mouse Moved,313.0,293.0,User19,,
1490266586183,Mouse Moved,314.0,305.0,User19,,
1490266586198,Mouse Moved,316.0,315.0,User19,,
1490266586213,Mouse Moved,317.0,327.0,User19,,
1490266586230,Mouse Moved,318.0,341.0,User19,,
1490266586244,Mouse Moved,319.0,349.0,User19,,
1490266586260,Mouse Moved,320.0,359.0,User19,,
1490266586276,Mouse Moved,322.0,370.0,User19,,
1490266586292,Mouse Moved,323.0,381.0,User19,,
1490266586308,Mouse Moved,323.0,390.0,User19,,
1490266586322,Mouse Moved,323.0,400.0,User19,,
1490266586338,Mouse Moved,323.0,406.0,User19,,
1490266586355,Mouse Moved,323.0,409.0,User19,,
1490266586369,Mouse Moved,323.0,410.0,User19,,
1490266586385,Mouse Moved,323.0,411.0,User19,,
1490266586401,Mouse Moved,323.0,412.0,User19,,
1490266586417,Mouse Moved,323.0,413.0,User19,,
1490266586433,Mouse Moved,322.0,415.0,User19,,
1490266586447,Mouse Moved,322.0,417.0,User19,,
1490266586479,Mouse Moved,322.0,418.0,User19,,
1490266586494,Mouse Moved,321.0,419.0,User19,,
1490266586510,Mouse Moved,321.0,422.0,User19,,
1490266586526,Mouse Moved,320.0,424.0,User19,,
1490266586542,Mouse Moved,319.0,430.0,User19,,
1490266586556,Mouse Moved,318.0,435.0,User19,,
1490266586572,Mouse Moved,315.0,443.0,User19,,
1490266586588,Mouse Moved,313.0,446.0,User19,,
1490266586604,Mouse Moved,311.0,448.0,User19,,
1490266586619,Mouse Moved,310.0,450.0,User19,,
1490266586634,Mouse Moved,309.0,451.0,User19,,
1490266586979,Mouse Moved,308.0,451.0,User19,,
1490266586993,Mouse Moved,307.0,451.0,User19,,
1490266587009,Mouse Moved,306.0,450.0,User19,,
1490266587025,Mouse Moved,305.0,449.0,User19,,
1490266587040,Mouse Moved,304.0,448.0,User19,,
1490266587056,Mouse Moved,302.0,446.0,User19,,
1490266587072,Mouse Moved,301.0,444.0,User19,,
1490266587088,Mouse Moved,299.0,441.0,User19,,
1490266587102,Mouse Moved,298.0,439.0,User19,,
1490266587118,Mouse Moved,297.0,438.0,User19,,
1490266587134,Mouse Moved,296.0,435.0,User19,,
1490266587150,Mouse Moved,295.0,433.0,User19,,
1490266587165,Mouse Moved,293.0,430.0,User19,,
1490266587180,Mouse Moved,291.0,427.0,User19,,
1490266587197,Mouse Moved,290.0,426.0,User19,,
1490266587213,Mouse Moved,288.0,419.0,User19,,
1490266587227,Mouse Moved,287.0,413.0,User19,,
1490266587243,Mouse Moved,288.0,400.0,User19,,
1490266587259,Mouse Moved,288.0,398.0,User19,,
1490266587275,Mouse Moved,288.0,396.0,User19,,
1490266587290,Mouse Moved,290.0,390.0,User19,,
1490266587305,Mouse Moved,293.0,378.0,User19,,
1490266587322,Mouse Moved,295.0,367.0,User19,,
1490266587336,Mouse Moved,298.0,350.0,User19,,
1490266587352,Mouse Moved,302.0,332.0,User19,,
1490266587368,Mouse Moved,305.0,317.0,User19,,
1490266587384,Mouse Moved,310.0,301.0,User19,,
1490266587400,Mouse Moved,313.0,291.0,User19,,
1490266587414,Mouse Moved,317.0,277.0,User19,,
1490266587430,Mouse Moved,321.0,265.0,User19,,
1490266587447,Mouse Moved,325.0,252.0,User19,,
1490266587461,Mouse Moved,330.0,240.0,User19,,
1490266587477,Mouse Moved,336.0,227.0,User19,,
1490266587493,Mouse Moved,340.0,218.0,User19,,
1490266587509,Mouse Moved,343.0,210.0,User19,,
1490266587525,Mouse Moved,347.0,202.0,User19,,
1490266587539,Mouse Moved,350.0,193.0,User19,,
1490266587555,Mouse Moved,352.0,185.0,User19,,
1490266587571,Mouse Moved,355.0,178.0,User19,,
1490266587586,Mouse Moved,357.0,169.0,User19,,
1490266587602,Mouse Moved,360.0,163.0,User19,,
1490266587618,Mouse Moved,363.0,158.0,User19,,
1490266587634,Mouse Moved,363.0,154.0,User19,,
1490266587648,Mouse Moved,364.0,153.0,User19,,
1490266587664,Mouse Moved,365.0,152.0,User19,,
1490266587711,Mouse Moved,366.0,150.0,User19,,
1490266587726,Mouse Moved,366.0,149.0,User19,,
1490266587914,Mouse Moved,367.0,149.0,User19,,
1490266587960,Mouse Moved,367.0,149.0,User19,,
1490266587976,Mouse Button.left Released,367.0,149.0,User19,,
1490266588382,Mouse Moved,366.0,149.0,User19,,
1490266588398,Mouse Moved,365.0,149.0,User19,,
1490266588414,Mouse Moved,364.0,149.0,User19,,
1490266588428,Mouse Moved,363.0,149.0,User19,,
1490266588444,Mouse Moved,361.0,149.0,User19,,
1490266588460,Mouse Moved,358.0,149.0,User19,,
1490266588476,Mouse Moved,355.0,149.0,User19,,
1490266588492,Mouse Moved,352.0,148.0,User19,,
1490266588506,Mouse Moved,350.0,148.0,User19,,
1490266588523,Mouse Moved,349.0,148.0,User19,,
1490266588539,Mouse Moved,349.0,149.0,User19,,
1490266588553,Mouse Moved,347.0,150.0,User19,,
1490266588569,Mouse Moved,346.0,151.0,User19,,
1490266588601,Mouse Moved,344.0,151.0,User19,,
1490266588740,Mouse Moved,344.0,152.0,User19,,
1490266588756,Mouse Moved,343.0,152.0,User19,,
1490266588773,Mouse Moved,342.0,155.0,User19,,
1490266588788,Mouse Moved,341.0,156.0,User19,,
1490266588803,Mouse Moved,339.0,157.0,User19,,
1490266588819,Mouse Moved,337.0,159.0,User19,,
1490266588835,Mouse Moved,333.0,161.0,User19,,
1490266588851,Mouse Moved,331.0,165.0,User19,,
1490266588865,Mouse Moved,324.0,170.0,User19,,
1490266588881,Mouse Moved,316.0,175.0,User19,,
1490266588897,Mouse Moved,306.0,182.0,User19,,
1490266588913,Mouse Moved,294.0,190.0,User19,,
1490266588928,Mouse Moved,273.0,201.0,User19,,
1490266588944,Mouse Moved,259.0,208.0,User19,,
1490266588960,Mouse Moved,250.0,213.0,User19,,
1490266588974,Mouse Moved,241.0,216.0,User19,,
1490266588990,Mouse Moved,231.0,218.0,User19,,
1490266589006,Mouse Moved,223.0,220.0,User19,,
1490266589022,Mouse Moved,218.0,220.0,User19,,
1490266589038,Mouse Moved,215.0,220.0,User19,,
1490266589052,Mouse Moved,211.0,221.0,User19,,
1490266589069,Mouse Moved,210.0,222.0,User19,,
1490266589085,Mouse Moved,206.0,224.0,User19,,
1490266589099,Mouse Moved,201.0,226.0,User19,,
1490266589115,Mouse Moved,198.0,228.0,User19,,
1490266589131,Mouse Moved,193.0,230.0,User19,,
1490266589147,Mouse Moved,188.0,233.0,User19,,
1490266589163,Mouse Moved,181.0,236.0,User19,,
1490266589194,Mouse Moved,178.0,236.0,User19,,
1490266589209,Mouse Moved,177.0,236.0,User19,,
1490266589224,Mouse Moved,176.0,236.0,User19,,
1490266589240,Mouse Moved,174.0,236.0,User19,,
1490266589256,Mouse Moved,168.0,235.0,User19,,
1490266589272,Mouse Moved,165.0,233.0,User19,,
1490266589286,Mouse Moved,161.0,231.0,User19,,
1490266589302,Mouse Moved,157.0,228.0,User19,,
1490266589319,Mouse Moved,153.0,225.0,User19,,
1490266589334,Mouse Moved,153.0,224.0,User19,,
1490266589349,Mouse Moved,150.0,222.0,User19,,
1490266589365,Mouse Moved,144.0,217.0,User19,,
1490266589381,Mouse Moved,138.0,214.0,User19,,
1490266589395,Mouse Moved,130.0,209.0,User19,,
1490266589411,Mouse Moved,118.0,202.0,User19,,
1490266589427,Mouse Moved,117.0,202.0,User19,,
1490266589443,Mouse Moved,117.0,201.0,User19,,
1490266589459,Mouse Moved,111.0,197.0,User19,,
1490266589473,Mouse Moved,104.0,193.0,User19,,
1490266589490,Mouse Moved,101.0,191.0,User19,,
1490266589506,Mouse Moved,99.0,190.0,User19,,
1490266589520,Mouse Moved,98.0,189.0,User19,,
1490266589536,Mouse Moved,96.0,188.0,User19,,
1490266589552,Mouse Moved,96.0,187.0,User19,,
1490266589568,Mouse Moved,94.0,186.0,User19,,
1490266589584,Mouse Moved,93.0,186.0,User19,,
1490266589598,Mouse Moved,92.0,184.0,User19,,
1490266589615,Mouse Moved,86.0,180.0,User19,,
1490266589630,Mouse Moved,84.0,178.0,User19,,
1490266589707,Mouse Moved,83.0,178.0,User19,,
1490266589786,Mouse Moved,81.0,181.0,User19,,
1490266589802,Mouse Moved,79.0,189.0,User19,,
1490266589818,Mouse Moved,75.0,202.0,User19,,
1490266589832,Mouse Moved,71.0,220.0,User19,,
1490266589848,Mouse Moved,66.0,239.0,User19,,
1490266589864,Mouse Moved,63.0,254.0,User19,,
1490266589880,Mouse Moved,61.0,263.0,User19,,
1490266589895,Mouse Moved,61.0,268.0,User19,,
1490266589911,Mouse Moved,61.0,271.0,User19,,
1490266589927,Mouse Moved,61.0,272.0,User19,,
1490266590019,Mouse Moved,61.0,271.0,User19,,
1490266590036,Mouse Moved,61.0,269.0,User19,,
1490266590052,Mouse Moved,61.0,266.0,User19,,
1490266590066,Mouse Moved,61.0,259.0,User19,,
1490266590082,Mouse Moved,61.0,252.0,User19,,
1490266590098,Mouse Moved,61.0,245.0,User19,,
1490266590114,Mouse Moved,61.0,239.0,User19,,
1490266590130,Mouse Moved,61.0,235.0,User19,,
1490266590144,Mouse Moved,61.0,234.0,User19,,
1490266590161,Mouse Moved,61.0,233.0,User19,,
1490266590176,Mouse Moved,61.0,231.0,User19,,
1490266590191,Mouse Moved,61.0,229.0,User19,,
1490266590207,Mouse Moved,61.0,226.0,User19,,
1490266590223,Mouse Moved,61.0,224.0,User19,,
1490266590239,Mouse Moved,61.0,222.0,User19,,
1490266590628,Mouse Moved,61.0,222.0,User19,,
1490266590644,Mouse Moved,61.0,223.0,User19,,
1490266590660,Mouse Moved,61.0,225.0,User19,,
1490266590676,Mouse Moved,61.0,227.0,User19,,
1490266590690,Mouse Moved,63.0,229.0,User19,,
1490266590753,Mouse Moved,64.0,229.0,User19,,
1490266590769,Mouse Moved,65.0,229.0,User19,,
1490266590799,Mouse Moved,65.0,229.0,User19,,
1490266590862,Mouse Moved,65.0,229.0,User19,,
1490266590971,Mouse Moved,66.0,229.0,User19,,
1490266590987,Mouse Moved,66.0,229.0,User19,,
1490266591003,Mouse Moved,71.0,228.0,User19,,
1490266591019,Mouse Moved,76.0,226.0,User19,,
1490266591033,Mouse Moved,85.0,225.0,User19,,
1490266591049,Mouse Moved,93.0,223.0,User19,,
1490266591065,Mouse Moved,108.0,221.0,User19,,
1490266591081,Mouse Moved,121.0,220.0,User19,,
1490266591096,Mouse Moved,134.0,219.0,User19,,
1490266591111,Mouse Moved,146.0,218.0,User19,,
1490266591128,Mouse Moved,165.0,216.0,User19,,
1490266591144,Mouse Moved,212.0,209.0,User19,,
1490266591158,Mouse Moved,217.0,208.0,User19,,
1490266591174,Mouse Moved,221.0,205.0,User19,,
1490266591190,Mouse Moved,225.0,203.0,User19,,
1490266591206,Mouse Moved,226.0,203.0,User19,,
1490266591221,Mouse Moved,227.0,201.0,User19,,
1490266591236,Mouse Moved,232.0,197.0,User19,,
1490266591253,Mouse Moved,237.0,193.0,User19,,
1490266591267,Mouse Moved,243.0,188.0,User19,,
1490266591283,Mouse Moved,249.0,183.0,User19,,
1490266591299,Mouse Moved,251.0,182.0,User19,,
1490266591315,Mouse Moved,254.0,178.0,User19,,
1490266591331,Mouse Moved,260.0,171.0,User19,,
1490266591345,Mouse Moved,272.0,156.0,User19,,
1490266591361,Mouse Moved,276.0,152.0,User19,,
1490266591378,Mouse Moved,279.0,150.0,User19,,
1490266591392,Mouse Moved,280.0,147.0,User19,,
1490266591408,Mouse Moved,281.0,147.0,User19,,
1490266591424,Mouse Moved,282.0,146.0,User19,,
1490266591440,Mouse Moved,282.0,145.0,User19,,
1490266591627,Mouse Moved,281.0,147.0,User19,,
1490266591642,Mouse Moved,281.0,148.0,User19,,
1490266591657,Mouse Moved,280.0,152.0,User19,,
1490266591674,Mouse Moved,277.0,158.0,User19,,
1490266591690,Mouse Moved,276.0,164.0,User19,,
1490266591704,Mouse Moved,273.0,174.0,User19,,
1490266591720,Mouse Moved,271.0,191.0,User19,,
1490266591736,Mouse Moved,271.0,205.0,User19,,
1490266591752,Mouse Moved,274.0,216.0,User19,,
1490266591767,Mouse Moved,278.0,221.0,User19,,
1490266591782,Mouse Moved,279.0,223.0,User19,,
1490266591799,Mouse Moved,282.0,225.0,User19,,
1490266591813,Mouse Moved,284.0,227.0,User19,,
1490266591829,Mouse Moved,288.0,230.0,User19,,
1490266591845,Mouse Moved,294.0,232.0,User19,,
1490266591861,Mouse Moved,303.0,235.0,User19,,
1490266591877,Mouse Moved,316.0,238.0,User19,,
1490266591891,Mouse Moved,330.0,242.0,User19,,
1490266591907,Mouse Moved,347.0,248.0,User19,,
1490266591924,Mouse Moved,361.0,253.0,User19,,
1490266591938,Mouse Moved,376.0,261.0,User19,,
1490266591954,Mouse Moved,382.0,263.0,User19,,
1490266591970,Mouse Moved,400.0,273.0,User19,,
1490266591986,Mouse Moved,419.0,283.0,User19,,
1490266592002,Mouse Moved,438.0,293.0,User19,,
1490266592016,Mouse Moved,458.0,303.0,User19,,
1490266592032,Mouse Moved,476.0,313.0,User19,,
1490266592048,Mouse Moved,493.0,323.0,User19,,
1490266592063,Mouse Moved,510.0,333.0,User19,,
1490266592079,Mouse Moved,522.0,341.0,User19,,
1490266592095,Mouse Moved,529.0,348.0,User19,,
1490266592111,Mouse Moved,538.0,357.0,User19,,
1490266592125,Mouse Moved,546.0,365.0,User19,,
1490266592141,Mouse Moved,552.0,371.0,User19,,
1490266592157,Mouse Moved,558.0,376.0,User19,,
1490266592173,Mouse Moved,561.0,383.0,User19,,
1490266592188,Mouse Moved,562.0,392.0,User19,,
1490266592203,Mouse Moved,565.0,398.0,User19,,
1490266592220,Mouse Moved,569.0,404.0,User19,,
1490266592236,Mouse Moved,574.0,410.0,User19,,
1490266592250,Mouse Moved,579.0,415.0,User19,,
1490266592266,Mouse Moved,586.0,421.0,User19,,
1490266592282,Mouse Moved,593.0,425.0,User19,,
1490266592298,Mouse Moved,604.0,432.0,User19,,
1490266592313,Mouse Moved,615.0,439.0,User19,,
1490266592328,Mouse Moved,626.0,444.0,User19,,
1490266592345,Mouse Moved,641.0,449.0,User19,,
1490266592359,Mouse Moved,656.0,455.0,User19,,
1490266592375,Mouse Moved,674.0,461.0,User19,,
1490266592391,Mouse Moved,692.0,468.0,User19,,
1490266592407,Mouse Moved,711.0,475.0,User19,,
1490266592423,Mouse Moved,731.0,482.0,User19,,
1490266592437,Mouse Moved,754.0,494.0,User19,,
1490266592453,Mouse Moved,778.0,505.0,User19,,
1490266592470,Mouse Moved,806.0,519.0,User19,,
1490266592484,Mouse Moved,836.0,533.0,User19,,
1490266592500,Mouse Moved,866.0,547.0,User19,,
1490266592516,Mouse Moved,902.0,561.0,User19,,
1490266592532,Mouse Moved,951.0,583.0,User19,,
1490266592548,Mouse Moved,988.0,599.0,User19,,
1490266592562,Mouse Moved,1010.0,610.0,User19,,
1490266592578,Mouse Moved,1029.0,620.0,User19,,
1490266592594,Mouse Moved,1048.0,630.0,User19,,
1490266592609,Mouse Moved,1063.0,640.0,User19,,
1490266592625,Mouse Moved,1076.0,647.0,User19,,
1490266592641,Mouse Moved,1088.0,656.0,User19,,
1490266592657,Mouse Moved,1099.0,663.0,User19,,
1490266592671,Mouse Moved,1107.0,669.0,User19,,
1490266592687,Mouse Moved,1115.0,674.0,User19,,
1490266592703,Mouse Moved,1119.0,678.0,User19,,
1490266592719,Mouse Moved,1125.0,682.0,User19,,
1490266592734,Mouse Moved,1137.0,691.0,User19,,
1490266592750,Mouse Moved,1150.0,699.0,User19,,
1490266592766,Mouse Moved,1164.0,705.0,User19,,
1490266592782,Mouse Moved,1175.0,711.0,User19,,
1490266592796,Mouse Moved,1183.0,715.0,User19,,
1490266592812,Mouse Moved,1198.0,721.0,User19,,
1490266592828,Mouse Moved,1224.0,722.0,User19,,
1490266592844,Mouse Moved,1225.0,722.0,User19,,
1490266592859,Mouse Moved,1228.0,719.0,User19,,
1490266592875,Mouse Moved,1230.0,717.0,User19,,
1490266592891,Mouse Moved,1231.0,715.0,User19,,
1490266592905,Mouse Moved,1234.0,714.0,User19,,
1490266592921,Mouse Moved,1235.0,713.0,User19,,
1490266592937,Mouse Moved,1237.0,712.0,User19,,
1490266592953,Mouse Moved,1238.0,712.0,User19,,
1490266592969,Mouse Moved,1239.0,712.0,User19,,
1490266593000,Mouse Moved,1239.0,712.0,User19,,
1490266593016,Mouse Moved,1239.0,711.0,User19,,
1490266593046,Mouse Moved,1238.0,711.0,User19,,
1490266593062,Mouse Moved,1234.0,709.0,User19,,
1490266593078,Mouse Moved,1225.0,707.0,User19,,
1490266593094,Mouse Moved,1210.0,702.0,User19,,
1490266593108,Mouse Moved,1195.0,696.0,User19,,
1490266593125,Mouse Moved,1176.0,691.0,User19,,
1490266593140,Mouse Moved,1152.0,682.0,User19,,
1490266593155,Mouse Moved,1122.0,671.0,User19,,
1490266593171,Mouse Moved,1078.0,657.0,User19,,
1490266593187,Mouse Moved,1034.0,644.0,User19,,
1490266593203,Mouse Moved,985.0,626.0,User19,,
1490266593217,Mouse Moved,940.0,609.0,User19,,
1490266593233,Mouse Moved,897.0,592.0,User19,,
1490266593250,Mouse Moved,472.0,352.0,User19,,
1490266593265,Mouse Moved,470.0,350.0,User19,,
1490266593280,Mouse Moved,460.0,340.0,User19,,
1490266593296,Mouse Moved,448.0,331.0,User19,,
1490266593312,Mouse Moved,441.0,323.0,User19,,
1490266593328,Mouse Moved,431.0,315.0,User19,,
1490266593342,Mouse Moved,420.0,306.0,User19,,
1490266593358,Mouse Moved,410.0,297.0,User19,,
1490266593374,Mouse Moved,401.0,289.0,User19,,
1490266593390,Mouse Moved,390.0,279.0,User19,,
1490266593405,Mouse Moved,377.0,268.0,User19,,
1490266593421,Mouse Moved,366.0,258.0,User19,,
1490266593437,Mouse Moved,354.0,249.0,User19,,
1490266593451,Mouse Moved,344.0,242.0,User19,,
1490266593467,Mouse Moved,336.0,235.0,User19,,
1490266593483,Mouse Moved,325.0,228.0,User19,,
1490266593499,Mouse Moved,308.0,217.0,User19,,
1490266593515,Mouse Moved,114.0,161.0,User19,,
1490266593529,Mouse Moved,90.0,161.0,User19,,
1490266593546,Mouse Moved,73.0,159.0,User19,,
1490266593562,Mouse Moved,60.0,158.0,User19,,
1490266593576,Mouse Moved,51.0,157.0,User19,,
1490266593592,Mouse Moved,48.0,156.0,User19,,
1490266593608,Mouse Moved,46.0,156.0,User19,,
1490266593717,Mouse Moved,48.0,159.0,User19,,
1490266593733,Mouse Moved,50.0,162.0,User19,,
1490266593749,Mouse Moved,53.0,165.0,User19,,
1490266593763,Mouse Moved,56.0,168.0,User19,,
1490266593779,Mouse Moved,58.0,170.0,User19,,
1490266593796,Mouse Moved,58.0,171.0,User19,,
1490266593811,Mouse Moved,61.0,172.0,User19,,
1490266593826,Mouse Moved,61.0,173.0,User19,,
1490266593842,Mouse Moved,61.0,173.0,User19,,
1490266593904,Mouse Moved,61.0,174.0,User19,,
1490266593920,Mouse Button.left Pressed,61.0,174.0,User19,,
1490266593997,Mouse Moved,61.0,174.0,User19,,
1490266594482,Mouse Moved,61.0,175.0,User19,,
1490266594513,Mouse Moved,63.0,176.0,User19,,
1490266594529,Mouse Moved,64.0,178.0,User19,,
1490266594543,Mouse Moved,65.0,179.0,User19,,
1490266594559,Mouse Moved,66.0,181.0,User19,,
1490266594575,Mouse Moved,68.0,183.0,User19,,
1490266594591,Mouse Moved,73.0,186.0,User19,,
1490266594607,Mouse Moved,76.0,190.0,User19,,
1490266594621,Mouse Moved,81.0,194.0,User19,,
1490266594638,Mouse Moved,92.0,202.0,User19,,
1490266594654,Mouse Moved,98.0,206.0,User19,,
1490266594668,Mouse Moved,105.0,210.0,User19,,
1490266594684,Mouse Moved,112.0,215.0,User19,,
1490266594700,Mouse Moved,121.0,219.0,User19,,
1490266594716,Mouse Moved,132.0,225.0,User19,,
1490266594732,Mouse Moved,146.0,229.0,User19,,
1490266594746,Mouse Moved,163.0,234.0,User19,,
1490266594763,Mouse Moved,165.0,234.0,User19,,
1490266594778,Mouse Moved,171.0,235.0,User19,,
1490266594793,Mouse Moved,187.0,238.0,User19,,
1490266594809,Mouse Moved,202.0,241.0,User19,,
1490266594825,Mouse Moved,216.0,244.0,User19,,
1490266594841,Mouse Moved,231.0,247.0,User19,,
1490266594855,Mouse Moved,246.0,248.0,User19,,
1490266594871,Mouse Moved,265.0,249.0,User19,,
1490266594888,Mouse Moved,283.0,249.0,User19,,
1490266594903,Mouse Moved,304.0,250.0,User19,,
1490266594918,Mouse Moved,329.0,251.0,User19,,
1490266594934,Mouse Moved,349.0,251.0,User19,,
1490266594950,Mouse Moved,367.0,251.0,User19,,
1490266594966,Mouse Moved,383.0,251.0,User19,,
1490266594980,Mouse Moved,400.0,251.0,User19,,
1490266594996,Mouse Scrolled (0 -1),407.0,251.0,User19,,
1490266595043,Mouse Moved,407.0,251.0,User19,,
1490266595059,Mouse Scrolled (0 -1),407.0,251.0,User19,,
1490266595184,Mouse Moved,407.0,251.0,User19,,
1490266595292,Mouse Moved,407.0,251.0,User19,,
1490266595387,Mouse Moved,407.0,251.0,User19,,
1490266595542,Mouse Moved,407.0,251.0,User19,,
1490266595558,Mouse Moved,407.0,251.0,User19,,
1490266595589,Mouse Moved,407.0,251.0,User19,,
1490266595605,Mouse Moved,407.0,251.0,User19,,
1490266595651,Mouse Moved,407.0,251.0,User19,,
1490266595980,Mouse Moved,407.0,252.0,User19,,
1490266595994,Mouse Moved,406.0,252.0,User19,,
1490266596010,Mouse Moved,405.0,253.0,User19,,
1490266596026,Mouse Moved,405.0,255.0,User19,,
1490266596042,Mouse Moved,403.0,256.0,User19,,
1490266596058,Mouse Moved,402.0,258.0,User19,,
1490266596072,Mouse Moved,401.0,260.0,User19,,
1490266596088,Mouse Moved,400.0,262.0,User19,,
1490266596104,Mouse Moved,399.0,265.0,User19,,
1490266596119,Mouse Moved,398.0,265.0,User19,,
1490266596135,Mouse Moved,397.0,268.0,User19,,
1490266596369,Mouse Moved,395.0,269.0,User19,,
1490266596401,Mouse Moved,394.0,269.0,User19,,
1490266596415,Mouse Moved,392.0,270.0,User19,,
1490266596431,Mouse Moved,392.0,271.0,User19,,
1490266596447,Mouse Moved,390.0,271.0,User19,,
1490266596463,Mouse Moved,389.0,271.0,User19,,
1490266596479,Mouse Moved,387.0,272.0,User19,,
1490266596493,Mouse Moved,383.0,273.0,User19,,
1490266596509,Mouse Moved,379.0,274.0,User19,,
1490266596526,Mouse Moved,375.0,276.0,User19,,
1490266596540,Mouse Moved,370.0,280.0,User19,,
1490266596556,Mouse Moved,359.0,286.0,User19,,
1490266596572,Mouse Moved,355.0,288.0,User19,,
1490266596588,Mouse Moved,351.0,289.0,User19,,
1490266596604,Mouse Moved,351.0,290.0,User19,,
1490266596681,Mouse Moved,351.0,291.0,User19,,
1490266596697,Mouse Moved,349.0,292.0,User19,,
1490266596713,Mouse Moved,346.0,295.0,User19,,
1490266596727,Mouse Moved,343.0,300.0,User19,,
1490266596743,Mouse Moved,340.0,310.0,User19,,
1490266596759,Mouse Moved,339.0,317.0,User19,,
1490266596775,Mouse Moved,339.0,318.0,User19,,
1490266596868,Mouse Moved,338.0,319.0,User19,,
1490266596884,Mouse Moved,338.0,318.0,User19,,
1490266596900,Mouse Moved,338.0,316.0,User19,,
1490266596915,Mouse Moved,338.0,315.0,User19,,
1490266596947,Mouse Moved,338.0,314.0,User19,,
1490266596961,Mouse Moved,339.0,313.0,User19,,
1490266596977,Mouse Moved,350.0,309.0,User19,,
1490266596993,Mouse Moved,351.0,309.0,User19,,
1490266597009,Mouse Moved,352.0,308.0,User19,,
1490266597025,Mouse Moved,362.0,306.0,User19,,
1490266597039,Mouse Moved,372.0,303.0,User19,,
1490266597055,Mouse Moved,386.0,302.0,User19,,
1490266597072,Mouse Moved,401.0,299.0,User19,,
1490266597086,Mouse Moved,417.0,297.0,User19,,
1490266597102,Mouse Moved,432.0,296.0,User19,,
1490266597118,Mouse Moved,445.0,296.0,User19,,
1490266597134,Mouse Moved,455.0,296.0,User19,,
1490266597150,Mouse Moved,466.0,296.0,User19,,
1490266597164,Mouse Moved,476.0,297.0,User19,,
1490266597180,Mouse Moved,483.0,301.0,User19,,
1490266597196,Mouse Moved,489.0,308.0,User19,,
1490266597211,Mouse Moved,494.0,319.0,User19,,
1490266597226,Mouse Moved,498.0,335.0,User19,,
1490266597243,Mouse Moved,500.0,356.0,User19,,
1490266597259,Mouse Moved,502.0,380.0,User19,,
1490266597273,Mouse Moved,504.0,409.0,User19,,
1490266597289,Mouse Moved,506.0,439.0,User19,,
1490266597305,Mouse Moved,506.0,468.0,User19,,
1490266597321,Mouse Moved,507.0,495.0,User19,,
1490266597336,Mouse Moved,510.0,519.0,User19,,
1490266597351,Mouse Moved,512.0,533.0,User19,,
1490266597368,Mouse Moved,278.0,1084.0,User19,,
1490266597382,Mouse Moved,242.0,1126.0,User19,,
1490266597398,Mouse Moved,242.0,1127.0,User19,,
1490266597414,Mouse Moved,240.0,1128.0,User19,,
1490266597430,Mouse Moved,231.0,1138.0,User19,,
1490266597446,Mouse Moved,225.0,1146.0,User19,,
1490266597460,Mouse Moved,218.0,1153.0,User19,,
1490266597476,Mouse Moved,212.0,1162.0,User19,,
1490266597493,Mouse Moved,206.0,1169.0,User19,,
1490266597507,Mouse Moved,197.0,1179.0,User19,,
1490266597523,Mouse Moved,189.0,1187.0,User19,,
1490266597539,Mouse Moved,182.0,1194.0,User19,,
1490266597555,Mouse Moved,176.0,1196.0,User19,,
1490266597571,Mouse Moved,173.0,1196.0,User19,,
1490266597585,Mouse Moved,169.0,1199.0,User19,,
1490266597601,Mouse Moved,165.0,1202.0,User19,,
1490266597617,Mouse Moved,158.0,1209.0,User19,,
1490266597632,Mouse Moved,154.0,1217.0,User19,,
1490266597648,Mouse Moved,149.0,1226.0,User19,,
1490266597664,Mouse Moved,145.0,1233.0,User19,,
1490266597680,Mouse Moved,142.0,1239.0,User19,,
1490266597694,Mouse Moved,139.0,1245.0,User19,,
1490266597710,Mouse Moved,122.0,1290.0,User19,,
1490266597726,Mouse Moved,122.0,1292.0,User19,,
1490266597742,Mouse Moved,118.0,1300.0,User19,,
1490266597757,Mouse Moved,116.0,1310.0,User19,,
1490266597773,Mouse Moved,113.0,1318.0,User19,,
1490266597789,Mouse Moved,111.0,1324.0,User19,,
1490266597805,Mouse Moved,111.0,1330.0,User19,,
1490266597819,Mouse Moved,111.0,1331.0,User19,,
1490266597835,Mouse Moved,112.0,1332.0,User19,,
1490266597882,Mouse Moved,113.0,1332.0,User19,,
1490266597944,Mouse Moved,113.0,1333.0,User19,,
1490266597960,Mouse Moved,113.0,1335.0,User19,,
1490266597976,Mouse Moved,112.0,1339.0,User19,,
1490266597992,Mouse Moved,109.0,1342.0,User19,,
1490266598006,Mouse Moved,108.0,1345.0,User19,,
1490266598023,Mouse Moved,107.0,1345.0,User19,,
1490266598117,Mouse Moved,107.0,1345.0,User19,,
1490266598178,Mouse Moved,107.0,1345.0,User19,,
1490266598210,Mouse Moved,106.0,1345.0,User19,,
1490266598709,Mouse Moved,106.0,1344.0,User19,,
1490266599161,Mouse Moved,106.0,1343.0,User19,,
1490266599177,Mouse Moved,106.0,1342.0,User19,,
1490266599193,Mouse Moved,106.0,1341.0,User19,,
1490266599209,Mouse Moved,107.0,1337.0,User19,,
1490266599223,Mouse Moved,108.0,1332.0,User19,,
1490266599240,Mouse Moved,109.0,1325.0,User19,,
1490266599255,Mouse Moved,111.0,1317.0,User19,,
1490266599270,Mouse Moved,114.0,1303.0,User19,,
1490266599286,Mouse Moved,117.0,1284.0,User19,,
1490266599302,Mouse Moved,118.0,1260.0,User19,,
1490266599318,Mouse Moved,120.0,1231.0,User19,,
1490266599332,Mouse Moved,122.0,1192.0,User19,,
1490266599348,Mouse Moved,122.0,1158.0,User19,,
1490266599365,Mouse Moved,122.0,1128.0,User19,,
1490266599380,Mouse Moved,122.0,1074.0,User19,,
1490266599395,Mouse Moved,121.0,1028.0,User19,,
1490266599411,Mouse Moved,120.0,969.0,User19,,
1490266599427,Mouse Moved,119.0,928.0,User19,,
1490266599443,Mouse Moved,117.0,875.0,User19,,
1490266599457,Mouse Moved,116.0,837.0,User19,,
1490266599473,Mouse Moved,113.0,751.0,User19,,
1490266599489,Mouse Moved,112.0,717.0,User19,,
1490266599505,Mouse Moved,111.0,683.0,User19,,
1490266599520,Mouse Moved,109.0,643.0,User19,,
1490266599536,Mouse Moved,106.0,618.0,User19,,
1490266599552,Mouse Moved,105.0,604.0,User19,,
1490266599566,Mouse Moved,102.0,581.0,User19,,
1490266599582,Mouse Moved,101.0,571.0,User19,,
1490266599598,Mouse Moved,101.0,556.0,User19,,
1490266599614,Mouse Moved,100.0,549.0,User19,,
1490266599630,Mouse Moved,100.0,533.0,User19,,
1490266599644,Mouse Moved,100.0,524.0,User19,,
1490266599661,Mouse Moved,101.0,512.0,User19,,
1490266599677,Mouse Moved,103.0,497.0,User19,,
1490266599691,Mouse Moved,106.0,488.0,User19,,
1490266599707,Mouse Moved,110.0,476.0,User19,,
1490266599723,Mouse Moved,112.0,467.0,User19,,
1490266599739,Mouse Moved,115.0,453.0,User19,,
1490266599755,Mouse Moved,116.0,443.0,User19,,
1490266599769,Mouse Moved,118.0,430.0,User19,,
1490266599786,Mouse Moved,121.0,411.0,User19,,
1490266599801,Mouse Moved,123.0,404.0,User19,,
1490266599816,Mouse Moved,124.0,397.0,User19,,
1490266599832,Mouse Moved,126.0,386.0,User19,,
1490266599848,Mouse Moved,128.0,376.0,User19,,
1490266599864,Mouse Moved,130.0,362.0,User19,,
1490266599878,Mouse Moved,131.0,350.0,User19,,
1490266599894,Mouse Moved,132.0,339.0,User19,,
1490266599911,Mouse Moved,132.0,328.0,User19,,
1490266599926,Mouse Moved,132.0,318.0,User19,,
1490266599941,Mouse Moved,132.0,309.0,User19,,
1490266599957,Mouse Moved,131.0,298.0,User19,,
1490266599973,Mouse Moved,130.0,290.0,User19,,
1490266599989,Mouse Moved,128.0,280.0,User19,,
1490266600003,Mouse Moved,124.0,274.0,User19,,
1490266600019,Mouse Moved,117.0,267.0,User19,,
1490266600035,Mouse Moved,111.0,262.0,User19,,
1490266600051,Mouse Moved,106.0,257.0,User19,,
1490266600066,Mouse Moved,101.0,253.0,User19,,
1490266600082,Mouse Moved,98.0,247.0,User19,,
1490266600098,Mouse Moved,94.0,241.0,User19,,
1490266600112,Mouse Moved,92.0,233.0,User19,,
1490266600190,Mouse Moved,92.0,232.0,User19,,
1490266600285,Mouse Moved,92.0,232.0,User19,,
1490266600301,Mouse Button.left Released,92.0,232.0,User19,,
1490266600414,Mouse Moved,93.0,232.0,User19,,
1490266600415,Mouse Moved,94.0,232.0,User19,,
1490266600427,Mouse Moved,95.0,232.0,User19,,
1490266600430,Mouse Moved,96.0,232.0,User19,,
1490266600433,Mouse Moved,97.0,232.0,User19,,
1490266600440,Mouse Moved,98.0,232.0,User19,,
1490266600443,Mouse Moved,99.0,232.0,User19,,
1490266600444,Mouse Moved,100.0,232.0,User19,,
1490266600447,Mouse Moved,101.0,232.0,User19,,
1490266600457,Mouse Moved,104.0,232.0,User19,,
1490266600460,Mouse Moved,106.0,232.0,User19,,
1490266600463,Mouse Moved,108.0,231.0,User19,,
1490266600467,Mouse Moved,109.0,231.0,User19,,
1490266600469,Mouse Moved,110.0,231.0,User19,,
1490266600473,Mouse Moved,111.0,230.0,User19,,
1490266600486,Mouse Moved,113.0,230.0,User19,,
1490266600487,Mouse Moved,114.0,230.0,User19,,
1490266600489,Mouse Moved,115.0,230.0,User19,,
1490266600490,Mouse Moved,117.0,230.0,User19,,
1490266600493,Mouse Moved,119.0,230.0,User19,,
1490266600496,Mouse Moved,121.0,229.0,User19,,
1490266600499,Mouse Moved,126.0,228.0,User19,,
1490266600500,Mouse Moved,128.0,227.0,User19,,
1490266600502,Mouse Moved,130.0,227.0,User19,,
1490266600503,Mouse Moved,131.0,227.0,User19,,
1490266600505,Mouse Moved,133.0,227.0,User19,,
1490266600506,Mouse Moved,134.0,227.0,User19,,
1490266600509,Mouse Moved,136.0,226.0,User19,,
1490266600525,Mouse Moved,138.0,226.0,User19,,
1490266600539,Mouse Moved,182.0,219.0,User19,,
1490266600555,Mouse Moved,202.0,215.0,User19,,
1490266600572,Mouse Moved,230.0,210.0,User19,,
1490266600586,Mouse Moved,247.0,209.0,User19,,
1490266600602,Mouse Moved,264.0,207.0,User19,,
1490266600618,Mouse Moved,275.0,206.0,User19,,
1490266600634,Mouse Moved,289.0,204.0,User19,,
1490266600650,Mouse Moved,292.0,203.0,User19,,
1490266600664,Mouse Moved,298.0,202.0,User19,,
1490266600680,Mouse Moved,307.0,201.0,User19,,
1490266600696,Mouse Moved,318.0,199.0,User19,,
1490266600711,Mouse Moved,328.0,198.0,User19,,
1490266600727,Mouse Moved,335.0,195.0,User19,,
1490266600743,Mouse Moved,337.0,194.0,User19,,
1490266600851,Mouse Moved,337.0,194.0,User19,,
1490266600930,Mouse Moved,337.0,194.0,User19,,
1490266601007,Mouse Moved,337.0,194.0,User19,,
1490266601023,Mouse Button.left Released,337.0,194.0,User19,,
1490266601329,Mouse Moved,337.0,195.0,User19,,
1490266601407,Mouse Moved,337.0,196.0,User19,,
1490266601424,Mouse Moved,337.0,197.0,User19,,
1490266601438,Mouse Moved,337.0,198.0,User19,,
1490266601454,Mouse Moved,337.0,201.0,User19,,
1490266601470,Mouse Moved,337.0,203.0,User19,,
1490266601486,Mouse Moved,337.0,206.0,User19,,
1490266601502,Mouse Moved,337.0,207.0,User19,,
1490266601516,Mouse Moved,337.0,210.0,User19,,
1490266601532,Mouse Moved,337.0,213.0,User19,,
1490266601549,Mouse Moved,337.0,215.0,User19,,
1490266601563,Mouse Moved,337.0,218.0,User19,,
1490266601579,Mouse Moved,336.0,220.0,User19,,
1490266601595,Mouse Moved,334.0,221.0,User19,,
1490266601611,Mouse Moved,332.0,223.0,User19,,
1490266601627,Mouse Moved,329.0,224.0,User19,,
1490266601641,Mouse Moved,326.0,225.0,User19,,
1490266601657,Mouse Moved,322.0,226.0,User19,,
1490266601673,Mouse Moved,320.0,228.0,User19,,
1490266601736,Mouse Moved,319.0,228.0,User19,,
1490266601750,Mouse Moved,318.0,230.0,User19,,
1490266601766,Mouse Moved,317.0,231.0,User19,,
1490266601798,Mouse Moved,316.0,233.0,User19,,
1490266601861,Mouse Moved,316.0,234.0,User19,,
1490266601938,Mouse Moved,317.0,234.0,User19,,
1490266601953,Mouse Moved,318.0,234.0,User19,,
1490266601970,Mouse Moved,319.0,234.0,User19,,
1490266601984,Mouse Moved,321.0,235.0,User19,,
1490266602000,Mouse Moved,323.0,235.0,User19,,
1490266602016,Mouse Moved,325.0,235.0,User19,,
1490266602032,Mouse Moved,327.0,235.0,User19,,
1490266602048,Mouse Moved,331.0,236.0,User19,,
1490266602062,Mouse Moved,333.0,237.0,User19,,
1490266602078,Mouse Moved,335.0,237.0,User19,,
1490266602141,Mouse Moved,336.0,237.0,User19,,
1490266602203,Mouse Moved,335.0,238.0,User19,,
1490266602219,Mouse Moved,334.0,239.0,User19,,
1490266602250,Mouse Moved,333.0,239.0,User19,,
1490266602282,Mouse Moved,332.0,241.0,User19,,
1490266602296,Mouse Moved,331.0,242.0,User19,,
1490266602312,Mouse Moved,330.0,244.0,User19,,
1490266602328,Mouse Moved,329.0,245.0,User19,,
1490266602344,Mouse Moved,328.0,247.0,User19,,
1490266602375,Mouse Moved,327.0,249.0,User19,,
1490266602391,Mouse Moved,326.0,251.0,User19,,
1490266602407,Mouse Moved,324.0,253.0,User19,,
1490266602421,Mouse Moved,314.0,261.0,User19,,
1490266602437,Mouse Moved,304.0,266.0,User19,,
1490266602453,Mouse Moved,292.0,271.0,User19,,
1490266602469,Mouse Moved,277.0,277.0,User19,,
1490266602484,Mouse Moved,263.0,281.0,User19,,
1490266602500,Mouse Moved,248.0,285.0,User19,,
1490266602516,Mouse Moved,235.0,288.0,User19,,
1490266602530,Mouse Moved,224.0,290.0,User19,,
1490266602546,Mouse Moved,213.0,292.0,User19,,
1490266602562,Mouse Moved,203.0,293.0,User19,,
1490266602578,Mouse Moved,194.0,295.0,User19,,
1490266602594,Mouse Moved,185.0,295.0,User19,,
1490266602608,Mouse Moved,178.0,296.0,User19,,
1490266602625,Mouse Moved,170.0,297.0,User19,,
1490266602641,Mouse Moved,164.0,297.0,User19,,
1490266602655,Mouse Moved,158.0,297.0,User19,,
1490266602671,Mouse Moved,154.0,298.0,User19,,
1490266602687,Mouse Moved,151.0,298.0,User19,,
1490266602703,Mouse Moved,147.0,298.0,User19,,
1490266602719,Mouse Moved,146.0,298.0,User19,,
1490266602733,Mouse Moved,142.0,298.0,User19,,
1490266602750,Mouse Moved,138.0,298.0,User19,,
1490266602765,Mouse Moved,134.0,297.0,User19,,
1490266602780,Mouse Moved,128.0,297.0,User19,,
1490266602796,Mouse Moved,120.0,297.0,User19,,
1490266602812,Mouse Moved,115.0,299.0,User19,,
1490266602828,Mouse Moved,109.0,301.0,User19,,
1490266602842,Mouse Moved,103.0,305.0,User19,,
1490266602858,Mouse Moved,100.0,307.0,User19,,
1490266602875,Mouse Moved,98.0,311.0,User19,,
1490266602890,Mouse Moved,95.0,315.0,User19,,
1490266602905,Mouse Moved,92.0,320.0,User19,,
1490266602921,Mouse Moved,90.0,325.0,User19,,
1490266602937,Mouse Moved,88.0,330.0,User19,,
1490266602953,Mouse Moved,87.0,334.0,User19,,
1490266602967,Mouse Moved,86.0,338.0,User19,,
1490266602983,Mouse Moved,85.0,341.0,User19,,
1490266603015,Mouse Moved,85.0,345.0,User19,,
1490266603076,Mouse Moved,85.0,345.0,User19,,
1490266603201,Mouse Moved,85.0,345.0,User19,,
1490266603417,Mouse Moved,84.0,345.0,User19,,
1490266603512,Mouse Moved,83.0,345.0,User19,,
1490266603542,Mouse Moved,81.0,345.0,User19,,
1490266603558,Mouse Moved,81.0,345.0,User19,,
1490266603605,Mouse Moved,80.0,345.0,User19,,
1490266603621,Mouse Moved,79.0,345.0,User19,,
1490266603667,Mouse Moved,78.0,345.0,User19,,
1490266603683,Mouse Moved,76.0,345.0,User19,,
1490266603698,Mouse Moved,76.0,345.0,User19,,
1490266603713,Mouse Moved,75.0,345.0,User19,,
1490266603730,Mouse Moved,74.0,345.0,User19,,
1490266603746,Mouse Moved,73.0,345.0,User19,,
1490266603792,Mouse Moved,71.0,345.0,User19,,
1490266603808,Mouse Moved,71.0,346.0,User19,,
1490266603823,Mouse Moved,70.0,346.0,User19,,
1490266604026,Mouse Moved,69.0,346.0,User19,,
1490266604088,Mouse Moved,68.0,346.0,User19,,
1490266604135,Mouse Moved,68.0,344.0,User19,,
1490266604151,Mouse Moved,71.0,341.0,User19,,
1490266604167,Mouse Moved,84.0,335.0,User19,,
1490266604181,Mouse Moved,103.0,329.0,User19,,
1490266604197,Mouse Moved,129.0,321.0,User19,,
1490266604213,Mouse Moved,158.0,309.0,User19,,
1490266604229,Mouse Moved,161.0,307.0,User19,,
1490266604244,Mouse Moved,175.0,299.0,User19,,
1490266604259,Mouse Moved,193.0,289.0,User19,,
1490266604276,Mouse Moved,205.0,280.0,User19,,
1490266604292,Mouse Moved,219.0,271.0,User19,,
1490266604306,Mouse Moved,238.0,258.0,User19,,
1490266604322,Mouse Moved,256.0,244.0,User19,,
1490266604338,Mouse Moved,271.0,232.0,User19,,
1490266604354,Mouse Moved,285.0,220.0,User19,,
1490266604369,Mouse Moved,293.0,210.0,User19,,
1490266604384,Mouse Moved,301.0,201.0,User19,,
1490266604401,Mouse Moved,307.0,193.0,User19,,
1490266604415,Mouse Moved,313.0,184.0,User19,,
1490266604431,Mouse Moved,317.0,175.0,User19,,
1490266604447,Mouse Moved,320.0,161.0,User19,,
1490266604493,Mouse Moved,324.0,148.0,User19,,
1490266604572,Mouse Moved,324.0,148.0,User19,,
1490266604665,Mouse Moved,324.0,148.0,User19,,
1490266604742,Mouse Moved,324.0,148.0,User19,,
1490266604743,Mouse Button.left Released,324.0,148.0,User19,,
1490266604803,Mouse Moved,323.0,148.0,User19,,
1490266604828,Mouse Moved,322.0,148.0,User19,,
1490266604845,Mouse Moved,320.0,148.0,User19,,
1490266604875,Mouse Moved,317.0,148.0,User19,,
1490266604984,Mouse Moved,316.0,148.0,User19,,
1490266605000,Mouse Moved,315.0,148.0,User19,,
1490266605048,Mouse Moved,314.0,148.0,User19,,
1490266605125,Mouse Moved,314.0,149.0,User19,,
1490266605141,Mouse Moved,313.0,149.0,User19,,
1490266605546,Mouse Moved,313.0,148.0,User19,,
1490266605562,Mouse Moved,313.0,147.0,User19,,
1490266605578,Mouse Moved,313.0,146.0,User19,,
1490266605594,Mouse Moved,313.0,143.0,User19,,
1490266605608,Mouse Moved,312.0,141.0,User19,,
1490266605655,Mouse Moved,311.0,140.0,User19,,
1490266605796,Mouse Moved,311.0,139.0,User19,,
1490266605812,Mouse Moved,311.0,138.0,User19,,
1490266605828,Mouse Moved,310.0,137.0,User19,,
1490266605874,Mouse Moved,309.0,137.0,User19,,
1490266605890,Mouse Moved,308.0,137.0,User19,,
1490266605905,Mouse Moved,307.0,137.0,User19,,
1490266605921,Mouse Moved,307.0,136.0,User19,,
1490266605937,Mouse Moved,307.0,135.0,User19,,
1490266605951,Mouse Moved,307.0,134.0,User19,,
1490266606029,Mouse Moved,307.0,134.0,User19,,
1490266606046,Mouse Button.left Pressed,307.0,134.0,User19,,
1490266606108,Mouse Moved,307.0,134.0,User19,,
1490266606201,Mouse Moved,307.0,134.0,User19,,
1490266606296,Mouse Moved,307.0,134.0,User19,,
1490266606344,Mouse Moved,306.0,134.0,User19,,
1490266606803,Mouse Moved,305.0,138.0,User19,,
1490266606819,Mouse Moved,304.0,144.0,User19,,
1490266606835,Mouse Moved,303.0,149.0,User19,,
1490266606849,Mouse Moved,302.0,152.0,User19,,
1490266606865,Mouse Moved,302.0,153.0,User19,,
1490266607038,Mouse Moved,300.0,155.0,User19,,
1490266607052,Mouse Moved,297.0,158.0,User19,,
1490266607069,Mouse Moved,294.0,162.0,User19,,
1490266607084,Mouse Moved,289.0,166.0,User19,,
1490266607099,Mouse Moved,277.0,178.0,User19,,
1490266607115,Mouse Moved,268.0,186.0,User19,,
1490266607131,Mouse Moved,258.0,195.0,User19,,
1490266607147,Mouse Moved,246.0,205.0,User19,,
1490266607161,Mouse Moved,236.0,214.0,User19,,
1490266607177,Mouse Moved,228.0,221.0,User19,,
1490266607194,Mouse Moved,222.0,227.0,User19,,
1490266607209,Mouse Moved,221.0,228.0,User19,,
1490266607224,Mouse Moved,219.0,231.0,User19,,
1490266607240,Mouse Moved,217.0,233.0,User19,,
1490266607256,Mouse Moved,215.0,236.0,User19,,
1490266607272,Mouse Moved,213.0,237.0,User19,,
1490266607286,Mouse Moved,209.0,239.0,User19,,
1490266607302,Mouse Moved,209.0,240.0,User19,,
1490266607398,Mouse Moved,208.0,240.0,User19,,
1490266607401,Mouse Moved,208.0,239.0,User19,,
1490266607403,Mouse Moved,209.0,239.0,User19,,
1490266607404,Mouse Moved,209.0,238.0,User19,,
1490266607407,Mouse Moved,210.0,237.0,User19,,
1490266607410,Mouse Moved,212.0,235.0,User19,,
1490266607414,Mouse Moved,213.0,234.0,User19,,
1490266607415,Mouse Moved,214.0,233.0,User19,,
1490266607417,Mouse Moved,214.0,232.0,User19,,
1490266607418,Mouse Moved,215.0,231.0,User19,,
1490266607421,Mouse Moved,216.0,231.0,User19,,
1490266607424,Mouse Moved,218.0,229.0,User19,,
1490266607426,Mouse Moved,218.0,228.0,User19,,
1490266607427,Mouse Moved,219.0,227.0,User19,,
1490266607428,Mouse Moved,220.0,226.0,User19,,
1490266607430,Mouse Moved,221.0,225.0,User19,,
1490266607431,Mouse Moved,222.0,224.0,User19,,
1490266607434,Mouse Moved,223.0,224.0,User19,,
1490266607436,Mouse Moved,223.0,222.0,User19,,
1490266607437,Mouse Moved,225.0,222.0,User19,,
1490266607438,Mouse Moved,225.0,220.0,User19,,
1490266607440,Mouse Moved,227.0,220.0,User19,,
1490266607441,Mouse Moved,227.0,219.0,User19,,
1490266607444,Mouse Moved,228.0,218.0,User19,,
1490266607447,Mouse Moved,229.0,217.0,User19,,
1490266607448,Mouse Moved,230.0,217.0,User19,,
1490266607450,Mouse Moved,231.0,215.0,User19,,
1490266607451,Mouse Moved,232.0,215.0,User19,,
1490266607453,Mouse Moved,232.0,213.0,User19,,
1490266607456,Mouse Moved,234.0,213.0,User19,,
1490266607457,Mouse Moved,234.0,212.0,User19,,
1490266607459,Mouse Moved,235.0,211.0,User19,,
1490266607460,Mouse Moved,235.0,210.0,User19,,
1490266607461,Mouse Moved,237.0,210.0,User19,,
1490266607463,Mouse Moved,237.0,209.0,User19,,
1490266607466,Mouse Moved,238.0,209.0,User19,,
1490266607467,Mouse Moved,239.0,207.0,User19,,
1490266607469,Mouse Moved,240.0,206.0,User19,,
1490266607470,Mouse Moved,241.0,205.0,User19,,
1490266607471,Mouse Moved,242.0,204.0,User19,,
1490266607473,Mouse Moved,243.0,203.0,User19,,
1490266607474,Mouse Moved,244.0,202.0,User19,,
1490266607476,Mouse Moved,244.0,201.0,User19,,
1490266607477,Mouse Moved,245.0,200.0,User19,,
1490266607480,Mouse Moved,246.0,200.0,User19,,
1490266607482,Mouse Moved,246.0,198.0,User19,,
1490266607483,Mouse Moved,247.0,198.0,User19,,
1490266607484,Mouse Moved,247.0,197.0,User19,,
1490266607486,Mouse Moved,248.0,196.0,User19,,
1490266607487,Mouse Moved,249.0,196.0,User19,,
1490266607490,Mouse Moved,250.0,195.0,User19,,
1490266607493,Mouse Moved,251.0,194.0,User19,,
1490266607494,Mouse Moved,251.0,193.0,User19,,
1490266607496,Mouse Moved,252.0,193.0,User19,,
1490266607497,Mouse Moved,252.0,191.0,User19,,
1490266607500,Mouse Moved,253.0,191.0,User19,,
1490266607503,Mouse Moved,254.0,190.0,User19,,
1490266607506,Mouse Moved,254.0,188.0,User19,,
1490266607507,Mouse Moved,255.0,188.0,User19,,
1490266607509,Mouse Moved,255.0,187.0,User19,,
1490266607510,Mouse Moved,255.0,186.0,User19,,
1490266607513,Mouse Moved,256.0,186.0,User19,,
1490266607516,Mouse Moved,257.0,185.0,User19,,
1490266607519,Mouse Moved,258.0,184.0,User19,,
1490266607522,Mouse Moved,258.0,182.0,User19,,
1490266607523,Mouse Moved,259.0,182.0,User19,,
1490266607526,Mouse Moved,259.0,181.0,User19,,
1490266607529,Mouse Moved,260.0,180.0,User19,,
1490266607530,Mouse Moved,260.0,179.0,User19,,
1490266607532,Mouse Moved,261.0,179.0,User19,,
1490266607533,Mouse Moved,261.0,178.0,User19,,
1490266607535,Mouse Moved,261.0,177.0,User19,,
1490266607536,Mouse Moved,262.0,177.0,User19,,
1490266607539,Mouse Moved,262.0,176.0,User19,,
1490266607542,Mouse Moved,263.0,175.0,User19,,
1490266607545,Mouse Moved,263.0,173.0,User19,,
1490266607546,Mouse Moved,263.0,172.0,User19,,
1490266607549,Mouse Moved,264.0,172.0,User19,,
1490266607551,Mouse Moved,265.0,171.0,User19,,
1490266607552,Mouse Moved,265.0,170.0,User19,,
1490266607553,Mouse Moved,266.0,170.0,User19,,
1490266607555,Mouse Moved,266.0,169.0,User19,,
1490266607556,Mouse Moved,266.0,168.0,User19,,
1490266607559,Mouse Moved,267.0,168.0,User19,,
1490266607561,Mouse Moved,267.0,167.0,User19,,
1490266607562,Mouse Moved,268.0,167.0,User19,,
1490266607563,Mouse Moved,268.0,166.0,User19,,
1490266607565,Mouse Moved,268.0,164.0,User19,,
1490266607566,Mouse Moved,269.0,164.0,User19,,
1490266607568,Mouse Moved,270.0,163.0,User19,,
1490266607569,Mouse Moved,271.0,161.0,User19,,
1490266607571,Mouse Moved,272.0,160.0,User19,,
1490266607572,Mouse Moved,272.0,159.0,User19,,
1490266607575,Mouse Moved,273.0,158.0,User19,,
1490266607578,Mouse Moved,274.0,157.0,User19,,
1490266607579,Mouse Moved,274.0,156.0,User19,,
1490266607581,Mouse Moved,274.0,155.0,User19,,
1490266607582,Mouse Moved,274.0,154.0,User19,,
1490266607584,Mouse Moved,275.0,154.0,User19,,
1490266607585,Mouse Moved,276.0,153.0,User19,,
1490266607588,Mouse Moved,276.0,152.0,User19,,
1490266607591,Mouse Moved,277.0,151.0,User19,,
1490266607592,Mouse Moved,277.0,150.0,User19,,
1490266607594,Mouse Moved,277.0,149.0,User19,,
1490266607595,Mouse Moved,278.0,148.0,User19,,
1490266607596,Mouse Moved,278.0,147.0,User19,,
1490266607598,Mouse Moved,278.0,146.0,User19,,
1490266607601,Mouse Moved,279.0,146.0,User19,,
1490266607604,Mouse Moved,279.0,144.0,User19,,
1490266607605,Mouse Moved,279.0,143.0,User19,,
1490266607607,Mouse Moved,279.0,142.0,User19,,
1490266607608,Mouse Moved,280.0,141.0,User19,,
1490266607611,Mouse Moved,280.0,140.0,User19,,
1490266607614,Mouse Moved,281.0,139.0,User19,,
1490266607698,Mouse Moved,281.0,138.0,User19,,
1490266607760,Mouse Moved,281.0,138.0,User19,,
1490266607762,Mouse Button.left Pressed,281.0,138.0,User19,,
1490266607796,Mouse Moved,281.0,138.0,User19,,
1490266607920,Mouse Moved,281.0,138.0,User19,,
1490266607921,Mouse Button.left Pressed,281.0,138.0,User19,,
1490266607983,Mouse Moved,281.0,138.0,User19,,
1490266607986,Mouse Button.left Released,281.0,138.0,User19,,
1490266608091,Mouse Moved,281.0,137.0,User19,,
1490266608283,Mouse Moved,280.0,137.0,User19,,
1490266608313,Mouse Moved,279.0,137.0,User19,,
1490266608316,Mouse Moved,279.0,138.0,User19,,
1490266608329,Mouse Moved,278.0,138.0,User19,,
1490266608331,Mouse Moved,278.0,139.0,User19,,
1490266608345,Mouse Moved,277.0,139.0,User19,,
1490266608448,Mouse Moved,277.0,140.0,User19,,
1490266608463,Mouse Moved,276.0,140.0,User19,,
1490266608466,Mouse Moved,276.0,141.0,User19,,
1490266608479,Mouse Moved,275.0,141.0,User19,,
1490266608480,Mouse Moved,275.0,142.0,User19,,
1490266608482,Mouse Moved,275.0,143.0,User19,,
1490266608483,Mouse Moved,274.0,143.0,User19,,
1490266608486,Mouse Moved,274.0,144.0,User19,,
1490266608494,Mouse Moved,273.0,145.0,User19,,
1490266608496,Mouse Moved,273.0,146.0,User19,,
1490266608497,Mouse Moved,273.0,147.0,User19,,
1490266608499,Mouse Moved,272.0,147.0,User19,,
1490266608500,Mouse Moved,272.0,148.0,User19,,
1490266608502,Mouse Moved,271.0,148.0,User19,,
1490266608509,Mouse Moved,271.0,149.0,User19,,
1490266608510,Mouse Moved,270.0,149.0,User19,,
1490266608512,Mouse Moved,270.0,150.0,User19,,
1490266608513,Mouse Moved,270.0,151.0,User19,,
1490266608516,Mouse Moved,270.0,152.0,User19,,
1490266608525,Mouse Moved,269.0,153.0,User19,,
1490266608526,Mouse Moved,269.0,154.0,User19,,
1490266608528,Mouse Moved,269.0,155.0,User19,,
1490266608529,Mouse Moved,268.0,155.0,User19,,
1490266608530,Mouse Moved,268.0,156.0,User19,,
1490266608532,Mouse Moved,267.0,157.0,User19,,
1490266608539,Mouse Moved,267.0,158.0,User19,,
1490266608540,Mouse Moved,267.0,159.0,User19,,
1490266608542,Mouse Moved,266.0,159.0,User19,,
1490266608543,Mouse Moved,266.0,160.0,User19,,
1490266608546,Mouse Moved,266.0,161.0,User19,,
1490266608548,Mouse Moved,266.0,162.0,User19,,
1490266608549,Mouse Moved,266.0,163.0,User19,,
1490266608551,Mouse Moved,265.0,163.0,User19,,
1490266608555,Mouse Moved,265.0,164.0,User19,,
1490266608558,Mouse Moved,265.0,166.0,User19,,
1490266608559,Mouse Moved,265.0,167.0,User19,,
1490266608561,Mouse Moved,263.0,167.0,User19,,
1490266608562,Mouse Moved,263.0,168.0,User19,,
1490266608565,Mouse Moved,263.0,169.0,User19,,
1490266608566,Mouse Moved,263.0,170.0,User19,,
1490266608568,Mouse Moved,262.0,170.0,User19,,
1490266608569,Mouse Moved,262.0,171.0,User19,,
1490266608572,Mouse Moved,262.0,172.0,User19,,
1490266608575,Mouse Moved,261.0,174.0,User19,,
1490266608576,Mouse Moved,261.0,175.0,User19,,
1490266608578,Mouse Moved,261.0,176.0,User19,,
1490266608579,Mouse Moved,260.0,177.0,User19,,
1490266608582,Mouse Moved,260.0,178.0,User19,,
1490266608584,Mouse Moved,260.0,180.0,User19,,
1490266608585,Mouse Moved,260.0,181.0,User19,,
1490266608586,Mouse Moved,259.0,181.0,User19,,
1490266608588,Mouse Moved,259.0,182.0,User19,,
1490266608589,Mouse Moved,259.0,183.0,User19,,
1490266608591,Mouse Moved,259.0,184.0,User19,,
1490266608592,Mouse Moved,259.0,185.0,User19,,
1490266608595,Mouse Moved,258.0,186.0,User19,,
1490266608598,Mouse Moved,257.0,188.0,User19,,
1490266608614,Mouse Moved,257.0,189.0,User19,,
1490266608630,Mouse Moved,251.0,214.0,User19,,
1490266608645,Mouse Moved,248.0,229.0,User19,,
1490266608661,Mouse Moved,244.0,249.0,User19,,
1490266608677,Mouse Moved,241.0,265.0,User19,,
1490266608691,Mouse Moved,238.0,280.0,User19,,
1490266608707,Mouse Moved,237.0,294.0,User19,,
1490266608723,Mouse Moved,236.0,307.0,User19,,
1490266608739,Mouse Moved,234.0,320.0,User19,,
1490266608755,Mouse Moved,234.0,331.0,User19,,
1490266608769,Mouse Moved,234.0,343.0,User19,,
1490266608786,Mouse Moved,234.0,357.0,User19,,
1490266608802,Mouse Moved,234.0,368.0,User19,,
1490266608816,Mouse Moved,234.0,379.0,User19,,
1490266608832,Mouse Moved,234.0,389.0,User19,,
1490266608848,Mouse Moved,234.0,399.0,User19,,
1490266608864,Mouse Moved,234.0,409.0,User19,,
1490266608880,Mouse Moved,234.0,412.0,User19,,
1490266608911,Mouse Moved,234.0,413.0,User19,,
1490266608926,Mouse Moved,234.0,414.0,User19,,
1490266608941,Mouse Moved,234.0,418.0,User19,,
1490266608957,Mouse Moved,234.0,424.0,User19,,
1490266608973,Mouse Moved,233.0,431.0,User19,,
1490266608989,Mouse Moved,233.0,440.0,User19,,
1490266609003,Mouse Moved,232.0,448.0,User19,,
1490266609019,Mouse Moved,232.0,456.0,User19,,
1490266609036,Mouse Moved,232.0,463.0,User19,,
1490266609051,Mouse Moved,232.0,468.0,User19,,
1490266609066,Mouse Moved,232.0,474.0,User19,,
1490266609082,Mouse Moved,232.0,482.0,User19,,
1490266609098,Mouse Moved,232.0,492.0,User19,,
1490266609114,Mouse Moved,233.0,505.0,User19,,
1490266609128,Mouse Moved,233.0,525.0,User19,,
1490266609144,Mouse Moved,230.0,546.0,User19,,
1490266609160,Mouse Moved,226.0,573.0,User19,,
1490266609176,Mouse Moved,216.0,604.0,User19,,
1490266609191,Mouse Moved,207.0,638.0,User19,,
1490266609207,Mouse Moved,196.0,683.0,User19,,
1490266609223,Mouse Moved,184.0,734.0,User19,,
1490266609237,Mouse Moved,172.0,788.0,User19,,
1490266609253,Mouse Moved,161.0,844.0,User19,,
1490266609269,Mouse Moved,151.0,896.0,User19,,
1490266609285,Mouse Moved,139.0,974.0,User19,,
1490266609301,Mouse Moved,81.0,1310.0,User19,,
1490266609315,Mouse Moved,81.0,1311.0,User19,,
1490266609332,Mouse Moved,83.0,1319.0,User19,,
1490266609348,Mouse Moved,83.0,1325.0,User19,,
1490266609362,Mouse Moved,83.0,1326.0,User19,,
1490266609378,Mouse Moved,84.0,1327.0,User19,,
1490266609426,Mouse Moved,84.0,1329.0,User19,,
1490266609440,Mouse Moved,86.0,1330.0,User19,,
1490266609457,Mouse Moved,89.0,1332.0,User19,,
1490266609471,Mouse Moved,92.0,1333.0,User19,,
1490266609487,Mouse Moved,99.0,1335.0,User19,,
1490266609503,Mouse Moved,108.0,1337.0,User19,,
1490266609519,Mouse Moved,119.0,1340.0,User19,,
1490266609535,Mouse Moved,129.0,1342.0,User19,,
1490266609549,Mouse Moved,141.0,1343.0,User19,,
1490266609565,Mouse Moved,151.0,1344.0,User19,,
1490266609582,Mouse Moved,158.0,1345.0,User19,,
1490266609596,Mouse Moved,164.0,1345.0,User19,,
1490266609612,Mouse Moved,175.0,1345.0,User19,,
1490266609628,Mouse Moved,185.0,1346.0,User19,,
1490266609644,Mouse Moved,196.0,1344.0,User19,,
1490266609660,Mouse Moved,203.0,1342.0,User19,,
1490266609674,Mouse Moved,211.0,1339.0,User19,,
1490266609690,Mouse Moved,213.0,1339.0,User19,,
1490266609706,Mouse Moved,216.0,1338.0,User19,,
1490266609721,Mouse Moved,218.0,1337.0,User19,,
1490266609737,Mouse Moved,220.0,1337.0,User19,,
1490266609753,Mouse Moved,222.0,1337.0,User19,,
1490266609769,Mouse Moved,224.0,1337.0,User19,,
1490266609783,Mouse Moved,226.0,1337.0,User19,,
1490266609799,Mouse Moved,228.0,1337.0,User19,,
1490266609815,Mouse Moved,231.0,1337.0,User19,,
1490266609831,Mouse Moved,234.0,1337.0,User19,,
1490266609908,Mouse Moved,234.0,1336.0,User19,,
1490266609924,Mouse Moved,234.0,1334.0,User19,,
1490266610142,Mouse Moved,234.0,1333.0,User19,,
1490266610190,Mouse Moved,233.0,1333.0,User19,,
1490266610283,Mouse Moved,233.0,1333.0,User19,,
1490266610315,Mouse Moved,232.0,1333.0,User19,,
1490266610361,Mouse Moved,232.0,1333.0,User19,,
1490266610424,Mouse Moved,231.0,1333.0,User19,,
1490266610579,Mouse Moved,231.0,1332.0,User19,,
1490266610595,Mouse Moved,231.0,1331.0,User19,,
1490266610611,Mouse Moved,231.0,1330.0,User19,,
1490266610627,Mouse Moved,231.0,1328.0,User19,,
1490266610641,Mouse Moved,230.0,1327.0,User19,,
1490266610657,Mouse Moved,230.0,1326.0,User19,,
1490266610674,Mouse Moved,230.0,1325.0,User19,,
1490266610688,Mouse Moved,230.0,1324.0,User19,,
1490266610907,Mouse Moved,229.0,1324.0,User19,,
1490266610970,Mouse Moved,229.0,1323.0,User19,,
1490266611000,Mouse Moved,228.0,1323.0,User19,,
1490266611016,Mouse Moved,227.0,1323.0,User19,,
1490266611032,Mouse Moved,226.0,1323.0,User19,,
1490266611048,Mouse Moved,225.0,1323.0,User19,,
1490266611063,Mouse Moved,224.0,1322.0,User19,,
1490266611078,Mouse Moved,222.0,1322.0,User19,,
1490266611312,Mouse Moved,222.0,1321.0,User19,,
1490266611344,Mouse Moved,221.0,1320.0,User19,,
1490266611359,Mouse Moved,220.0,1318.0,User19,,
1490266611375,Mouse Moved,219.0,1317.0,User19,,
1490266611391,Mouse Moved,217.0,1315.0,User19,,
1490266611407,Mouse Moved,216.0,1315.0,User19,,
1490266611421,Mouse Moved,215.0,1315.0,User19,,
1490266611437,Mouse Moved,215.0,1314.0,User19,,
1490266611844,Mouse Moved,214.0,1313.0,User19,,
1490266611858,Mouse Moved,213.0,1311.0,User19,,
1490266611875,Mouse Moved,212.0,1308.0,User19,,
1490266611890,Mouse Moved,212.0,1306.0,User19,,
1490266611905,Mouse Moved,211.0,1306.0,User19,,
1490266611921,Mouse Moved,210.0,1304.0,User19,,
1490266611937,Mouse Moved,210.0,1303.0,User19,,
1490266612280,Mouse Moved,210.0,1303.0,User19,,
1490266612296,Mouse Moved,211.0,1304.0,User19,,
1490266612312,Mouse Moved,212.0,1306.0,User19,,
1490266612328,Mouse Moved,213.0,1309.0,User19,,
1490266612344,Mouse Moved,214.0,1313.0,User19,,
1490266612358,Mouse Moved,214.0,1318.0,User19,,
1490266612375,Mouse Moved,214.0,1325.0,User19,,
1490266612391,Mouse Moved,214.0,1332.0,User19,,
1490266612405,Mouse Moved,214.0,1340.0,User19,,
1490266612421,Mouse Moved,214.0,1346.0,User19,,
1490266612437,Mouse Moved,213.0,1351.0,User19,,
1490266785546,Mouse Moved,1378.0,1336.0,User19,,
1490266785562,Mouse Moved,1353.0,1316.0,User19,,
1490266785576,Mouse Moved,1321.0,1293.0,User19,,
1490266785592,Mouse Moved,1318.0,1291.0,User19,,
1490266785608,Mouse Moved,1306.0,1283.0,User19,,
1490266785624,Mouse Moved,1282.0,1267.0,User19,,
1490266785640,Mouse Moved,1249.0,1245.0,User19,,
1490266785654,Mouse Moved,1211.0,1219.0,User19,,
1490266785671,Mouse Moved,1168.0,1189.0,User19,,
1490266785687,Mouse Moved,1116.0,1152.0,User19,,
1490266785701,Mouse Moved,1072.0,1120.0,User19,,
1490266785717,Mouse Moved,1019.0,1084.0,User19,,
1490266785733,Mouse Moved,966.0,1046.0,User19,,
1490266785749,Mouse Moved,907.0,1004.0,User19,,
1490266785765,Mouse Moved,845.0,958.0,User19,,
1490266785779,Mouse Moved,777.0,909.0,User19,,
1490266785796,Mouse Moved,705.0,858.0,User19,,
1490266785811,Mouse Moved,641.0,813.0,User19,,
1490266785826,Mouse Moved,571.0,765.0,User19,,
1490266785842,Mouse Moved,504.0,719.0,User19,,
1490266785858,Mouse Moved,443.0,679.0,User19,,
1490266785874,Mouse Moved,391.0,647.0,User19,,
1490266785888,Mouse Moved,347.0,622.0,User19,,
1490266785904,Mouse Moved,315.0,605.0,User19,,
1490266785921,Mouse Moved,295.0,594.0,User19,,
1490266785936,Mouse Moved,280.0,585.0,User19,,
1490266785951,Mouse Moved,269.0,578.0,User19,,
1490266785967,Mouse Moved,262.0,572.0,User19,,
1490266785983,Mouse Moved,258.0,567.0,User19,,
1490266785999,Mouse Moved,255.0,571.0,User19,,
1490266786013,Mouse Moved,252.0,582.0,User19,,
1490266786029,Mouse Moved,251.0,597.0,User19,,
1490266786045,Mouse Moved,250.0,614.0,User19,,
1490266786061,Mouse Moved,250.0,633.0,User19,,
1490266786076,Mouse Moved,250.0,656.0,User19,,
1490266786092,Mouse Moved,250.0,684.0,User19,,
1490266786108,Mouse Moved,250.0,714.0,User19,,
1490266786122,Mouse Moved,252.0,746.0,User19,,
1490266786138,Mouse Moved,252.0,777.0,User19,,
1490266786154,Mouse Moved,252.0,811.0,User19,,
1490266786170,Mouse Moved,250.0,1031.0,User19,,
1490266786186,Mouse Moved,249.0,1032.0,User19,,
1490266786200,Mouse Moved,249.0,1034.0,User19,,
1490266786217,Mouse Moved,245.0,1045.0,User19,,
1490266786232,Mouse Moved,240.0,1057.0,User19,,
1490266786247,Mouse Moved,236.0,1067.0,User19,,
1490266786263,Mouse Moved,232.0,1078.0,User19,,
1490266786279,Mouse Moved,228.0,1087.0,User19,,
1490266786295,Mouse Moved,224.0,1097.0,User19,,
1490266786309,Mouse Moved,221.0,1107.0,User19,,
1490266786325,Mouse Moved,219.0,1115.0,User19,,
1490266786342,Mouse Moved,217.0,1124.0,User19,,
1490266786357,Mouse Moved,215.0,1134.0,User19,,
1490266786372,Mouse Moved,212.0,1141.0,User19,,
1490266786388,Mouse Moved,210.0,1150.0,User19,,
1490266786404,Mouse Moved,208.0,1159.0,User19,,
1490266786420,Mouse Moved,208.0,1169.0,User19,,
1490266786434,Mouse Moved,208.0,1179.0,User19,,
1490266786450,Mouse Moved,208.0,1188.0,User19,,
1490266786466,Mouse Moved,208.0,1195.0,User19,,
1490266786482,Mouse Moved,209.0,1203.0,User19,,
1490266786497,Mouse Moved,208.0,1212.0,User19,,
1490266786513,Mouse Moved,205.0,1220.0,User19,,
1490266786529,Mouse Moved,200.0,1228.0,User19,,
1490266786543,Mouse Moved,194.0,1234.0,User19,,
1490266786559,Mouse Moved,186.0,1242.0,User19,,
1490266786575,Mouse Moved,175.0,1248.0,User19,,
1490266786591,Mouse Moved,162.0,1255.0,User19,,
1490266786607,Mouse Moved,151.0,1259.0,User19,,
1490266786621,Mouse Moved,138.0,1264.0,User19,,
1490266786638,Mouse Moved,127.0,1268.0,User19,,
1490266786654,Mouse Moved,115.0,1271.0,User19,,
1490266786668,Mouse Moved,101.0,1275.0,User19,,
1490266786684,Mouse Moved,92.0,1278.0,User19,,
1490266786700,Mouse Moved,84.0,1281.0,User19,,
1490266786716,Mouse Moved,84.0,1284.0,User19,,
1490266786732,Mouse Moved,86.0,1288.0,User19,,
1490266786746,Mouse Moved,89.0,1292.0,User19,,
1490266786763,Mouse Moved,94.0,1300.0,User19,,
1490266786778,Mouse Moved,100.0,1306.0,User19,,
1490266786793,Mouse Moved,105.0,1311.0,User19,,
1490266786809,Mouse Moved,114.0,1321.0,User19,,
1490266786825,Mouse Moved,116.0,1327.0,User19,,
1490266786841,Mouse Moved,116.0,1328.0,User19,,
1490266786855,Mouse Moved,116.0,1331.0,User19,,
1490266786980,Mouse Moved,115.0,1332.0,User19,,
1490266786996,Mouse Moved,114.0,1332.0,User19,,
1490266787012,Mouse Moved,111.0,1332.0,User19,,
1490266787028,Mouse Moved,108.0,1332.0,User19,,
1490266787043,Mouse Moved,105.0,1333.0,User19,,
1490266787059,Mouse Moved,102.0,1333.0,User19,,
1490266787075,Mouse Moved,100.0,1334.0,User19,,
1490266787121,Mouse Moved,99.0,1334.0,User19,,
1490266787200,Mouse Moved,99.0,1334.0,User19,,
1490266787278,Mouse Moved,98.0,1334.0,User19,,
1490266787292,Mouse Moved,97.0,1334.0,User19,,
1490266787309,Mouse Moved,96.0,1334.0,User19,,
1490266787323,Mouse Moved,95.0,1334.0,User19,,
1490266787401,Mouse Moved,95.0,1333.0,User19,,
1490266787417,Mouse Moved,95.0,1332.0,User19,,
1490266787434,Mouse Moved,95.0,1331.0,User19,,
1490266787448,Mouse Moved,95.0,1330.0,User19,,
1490266787464,Mouse Moved,94.0,1330.0,User19,,
1490266787480,Mouse Moved,93.0,1328.0,User19,,
1490266787512,Mouse Moved,92.0,1328.0,User19,,
1490266787526,Mouse Moved,91.0,1328.0,User19,,
1490266787542,Mouse Moved,86.0,1328.0,User19,,
1490266787558,Mouse Moved,83.0,1331.0,User19,,
1490266787573,Mouse Moved,78.0,1334.0,User19,,
1490266787589,Mouse Moved,73.0,1337.0,User19,,
1490266787605,Mouse Moved,66.0,1341.0,User19,,
1490266787621,Mouse Moved,60.0,1345.0,User19,,
1490266787635,Mouse Moved,56.0,1347.0,User19,,
1490266787683,Mouse Moved,56.0,1346.0,User19,,
1490266787698,Mouse Moved,56.0,1345.0,User19,,
1490266787713,Mouse Moved,56.0,1339.0,User19,,
1490266787730,Mouse Moved,55.0,1335.0,User19,,
1490266787746,Mouse Moved,55.0,1330.0,User19,,
1490266787760,Mouse Moved,55.0,1328.0,User19,,
1490266787776,Mouse Moved,55.0,1326.0,User19,,
1490266787792,Mouse Moved,53.0,1325.0,User19,,
1490266787808,Mouse Moved,53.0,1323.0,User19,,
1490266787823,Mouse Moved,53.0,1322.0,User19,,
1490266787980,Mouse Moved,55.0,1322.0,User19,,
1490266787994,Mouse Moved,55.0,1320.0,User19,,
1490266788010,Mouse Moved,56.0,1320.0,User19,,
1490266788026,Mouse Moved,56.0,1319.0,User19,,
1490266788042,Mouse Moved,58.0,1318.0,User19,,
1490266788058,Mouse Moved,58.0,1318.0,User19,,
1490266788072,Mouse Moved,61.0,1318.0,User19,,
1490266788104,Mouse Moved,65.0,1315.0,User19,,
1490266788119,Mouse Moved,68.0,1315.0,User19,,
1490266788181,Mouse Moved,70.0,1315.0,User19,,
1490266791926,Mouse Moved,69.0,1315.0,User19,,
1490266791941,Mouse Moved,65.0,1313.0,User19,,
1490266791957,Mouse Moved,56.0,1306.0,User19,,
1490266791973,Mouse Moved,43.0,1299.0,User19,,
1490266791989,Mouse Moved,25.0,1289.0,User19,,
1490266792003,Mouse Moved,0.0,1271.0,User19,,
1490266792019,Mouse Moved,0.0,1199.0,User19,,
1490266792036,Mouse Moved,0.0,1198.0,User19,,
1490266792051,Mouse Moved,0.0,1184.0,User19,,
1490266792066,Mouse Moved,0.0,1173.0,User19,,
1490266792082,Mouse Moved,0.0,1164.0,User19,,
1490266792098,Mouse Moved,0.0,1151.0,User19,,
1490266792114,Mouse Moved,0.0,1141.0,User19,,
1490266792128,Mouse Moved,0.0,1131.0,User19,,
1490266792160,Mouse Moved,0.0,1123.0,User19,,
1490266792176,Mouse Moved,0.0,1095.0,User19,,
1490266792191,Mouse Moved,5.0,1029.0,User19,,
1490266792207,Mouse Moved,11.0,919.0,User19,,
1490266792223,Mouse Moved,11.0,910.0,User19,,
1490266792237,Mouse Moved,15.0,865.0,User19,,
1490266792253,Mouse Moved,20.0,799.0,User19,,
1490266792269,Mouse Moved,26.0,741.0,User19,,
1490266792285,Mouse Moved,33.0,687.0,User19,,
1490266792301,Mouse Moved,40.0,634.0,User19,,
1490266792315,Mouse Moved,46.0,579.0,User19,,
1490266792332,Mouse Moved,55.0,534.0,User19,,
1490266792348,Mouse Moved,65.0,490.0,User19,,
1490266792362,Mouse Moved,76.0,455.0,User19,,
1490266792378,Mouse Moved,91.0,419.0,User19,,
1490266792394,Mouse Moved,104.0,389.0,User19,,
1490266792410,Mouse Moved,133.0,339.0,User19,,
1490266792426,Mouse Moved,150.0,319.0,User19,,
1490266792440,Mouse Moved,152.0,316.0,User19,,
1490266792457,Mouse Moved,169.0,299.0,User19,,
1490266792471,Mouse Moved,199.0,272.0,User19,,
1490266792487,Mouse Moved,233.0,248.0,User19,,
1490266792503,Mouse Moved,264.0,230.0,User19,,
1490266792519,Mouse Moved,296.0,216.0,User19,,
1490266792535,Mouse Moved,335.0,204.0,User19,,
1490266792549,Mouse Moved,362.0,200.0,User19,,
1490266792565,Mouse Moved,386.0,198.0,User19,,
1490266792582,Mouse Moved,406.0,197.0,User19,,
1490266792596,Mouse Moved,420.0,198.0,User19,,
1490266792612,Mouse Moved,428.0,200.0,User19,,
1490266792628,Mouse Moved,437.0,201.0,User19,,
1490266792644,Mouse Moved,446.0,202.0,User19,,
1490266792660,Mouse Moved,456.0,203.0,User19,,
1490266792674,Mouse Moved,465.0,204.0,User19,,
1490266792690,Mouse Moved,475.0,205.0,User19,,
1490266792706,Mouse Moved,484.0,207.0,User19,,
1490266792721,Mouse Moved,491.0,310.0,User19,,
1490266792737,Mouse Moved,484.0,338.0,User19,,
1490266792753,Mouse Moved,478.0,362.0,User19,,
1490266792769,Mouse Moved,471.0,386.0,User19,,
1490266792783,Mouse Moved,466.0,408.0,User19,,
1490266792799,Mouse Moved,460.0,431.0,User19,,
1490266792815,Mouse Moved,454.0,453.0,User19,,
1490266792831,Mouse Moved,449.0,469.0,User19,,
1490266792846,Mouse Moved,444.0,486.0,User19,,
1490266792861,Mouse Moved,441.0,497.0,User19,,
1490266792878,Mouse Moved,437.0,505.0,User19,,
1490266792894,Mouse Moved,389.0,415.0,User19,,
1490266792908,Mouse Moved,384.0,397.0,User19,,
1490266792924,Mouse Moved,378.0,381.0,User19,,
1490266792940,Mouse Moved,374.0,367.0,User19,,
1490266792956,Mouse Moved,371.0,355.0,User19,,
1490266792971,Mouse Moved,368.0,345.0,User19,,
1490266792986,Mouse Moved,365.0,335.0,User19,,
1490266793003,Mouse Moved,361.0,326.0,User19,,
1490266793017,Mouse Moved,359.0,320.0,User19,,
1490266793033,Mouse Moved,360.0,318.0,User19,,
1490266793049,Mouse Moved,361.0,318.0,User19,,
1490266793095,Mouse Moved,361.0,319.0,User19,,
1490266793111,Mouse Moved,362.0,319.0,User19,,
1490266793158,Mouse Moved,362.0,319.0,User19,,
1490266793236,Mouse Moved,362.0,319.0,User19,,
1490266793252,Mouse Moved,362.0,321.0,User19,,
1490266793267,Mouse Moved,362.0,323.0,User19,,
1490266793283,Mouse Moved,362.0,325.0,User19,,
1490266793299,Mouse Moved,363.0,327.0,User19,,
1490266793315,Mouse Moved,364.0,330.0,User19,,
1490266793329,Mouse Moved,366.0,336.0,User19,,
1490266793345,Mouse Moved,370.0,345.0,User19,,
1490266793361,Mouse Moved,376.0,357.0,User19,,
1490266793377,Mouse Moved,383.0,370.0,User19,,
1490266793392,Mouse Moved,390.0,383.0,User19,,
1490266793407,Mouse Moved,399.0,397.0,User19,,
1490266793424,Mouse Moved,433.0,461.0,User19,,
1490266793440,Mouse Moved,438.0,469.0,User19,,
1490266793454,Mouse Moved,445.0,482.0,User19,,
1490266793470,Mouse Moved,448.0,491.0,User19,,
1490266793486,Mouse Moved,452.0,499.0,User19,,
1490266793502,Mouse Moved,455.0,508.0,User19,,
1490266793517,Mouse Moved,456.0,519.0,User19,,
1490266793532,Mouse Moved,457.0,527.0,User19,,
1490266793549,Mouse Moved,456.0,535.0,User19,,
1490266793563,Mouse Moved,455.0,540.0,User19,,
1490266793579,Mouse Moved,453.0,542.0,User19,,
1490266793595,Mouse Moved,452.0,542.0,User19,,
1490266793611,Mouse Moved,451.0,543.0,User19,,
1490266793627,Mouse Moved,450.0,545.0,User19,,
1490266793641,Mouse Moved,448.0,547.0,User19,,
1490266793657,Mouse Moved,448.0,548.0,User19,,
1490266793704,Mouse Moved,447.0,549.0,User19,,
1490266793720,Mouse Moved,445.0,549.0,User19,,
1490266793752,Mouse Moved,445.0,550.0,User19,,
1490266793766,Mouse Moved,443.0,550.0,User19,,
1490266793798,Mouse Moved,442.0,550.0,User19,,
1490266793861,Mouse Moved,442.0,551.0,User19,,
1490266793875,Mouse Moved,441.0,552.0,User19,,
1490266793891,Mouse Moved,440.0,555.0,User19,,
1490266793907,Mouse Moved,437.0,561.0,User19,,
1490266793923,Mouse Moved,434.0,568.0,User19,,
1490266793938,Mouse Moved,431.0,573.0,User19,,
1490266793953,Mouse Moved,428.0,579.0,User19,,
1490266793970,Mouse Moved,427.0,583.0,User19,,
1490266793986,Mouse Moved,426.0,584.0,User19,,
1490266794000,Mouse Moved,425.0,587.0,User19,,
1490266794016,Mouse Moved,424.0,589.0,User19,,
1490266794032,Mouse Moved,423.0,593.0,User19,,
1490266794157,Mouse Moved,422.0,595.0,User19,,
1490266794173,Mouse Button.left Pressed,422.0,595.0,User19,,
1490266794250,Mouse Moved,422.0,595.0,User19,,
1490266794282,Mouse Moved,422.0,596.0,User19,,
1490266794296,Mouse Moved,422.0,599.0,User19,,
1490266794312,Mouse Moved,423.0,605.0,User19,,
1490266794328,Mouse Moved,425.0,612.0,User19,,
1490266794344,Mouse Moved,430.0,623.0,User19,,
1490266794359,Mouse Moved,435.0,630.0,User19,,
1490266794375,Mouse Moved,440.0,638.0,User19,,
1490266794391,Mouse Moved,445.0,644.0,User19,,
1490266794407,Mouse Moved,450.0,650.0,User19,,
1490266794421,Mouse Moved,454.0,655.0,User19,,
1490266794437,Mouse Moved,455.0,661.0,User19,,
1490266794453,Mouse Moved,456.0,666.0,User19,,
1490266794469,Mouse Moved,457.0,673.0,User19,,
1490266794484,Mouse Moved,458.0,680.0,User19,,
1490266794500,Mouse Moved,458.0,689.0,User19,,
1490266794516,Mouse Moved,455.0,700.0,User19,,
1490266794530,Mouse Moved,454.0,705.0,User19,,
1490266794546,Mouse Moved,451.0,713.0,User19,,
1490266794562,Mouse Moved,449.0,722.0,User19,,
1490266794578,Mouse Moved,446.0,730.0,User19,,
1490266794594,Mouse Moved,445.0,734.0,User19,,
1490266794608,Mouse Moved,443.0,737.0,User19,,
1490266794625,Mouse Moved,443.0,739.0,User19,,
1490266794641,Mouse Moved,441.0,741.0,User19,,
1490266794655,Mouse Moved,440.0,741.0,User19,,
1490266794687,Mouse Moved,440.0,743.0,User19,,
1490266794765,Mouse Moved,440.0,743.0,User19,,
1490266794780,Mouse Button.left Released,440.0,743.0,User19,,
1490266794905,Mouse Moved,441.0,743.0,User19,,
1490266794921,Mouse Moved,441.0,742.0,User19,,
1490266794937,Mouse Moved,442.0,741.0,User19,,
1490266794953,Mouse Moved,443.0,740.0,User19,,
1490266794967,Mouse Moved,444.0,737.0,User19,,
1490266794983,Mouse Moved,446.0,736.0,User19,,
1490266794999,Mouse Moved,447.0,735.0,User19,,
1490266795015,Mouse Moved,447.0,733.0,User19,,
1490266795030,Mouse Moved,448.0,733.0,User19,,
1490266795046,Mouse Moved,448.0,732.0,User19,,
1490266795124,Mouse Moved,448.0,732.0,User19,,
1490266795201,Mouse Moved,447.0,731.0,User19,,
1490266795217,Mouse Moved,447.0,730.0,User19,,
1490266795233,Mouse Moved,446.0,728.0,User19,,
1490266795249,Mouse Moved,444.0,721.0,User19,,
1490266795265,Mouse Moved,440.0,712.0,User19,,
1490266795279,Mouse Moved,438.0,706.0,User19,,
1490266795296,Mouse Moved,437.0,701.0,User19,,
1490266795311,Mouse Moved,436.0,697.0,User19,,
1490266795326,Mouse Moved,433.0,689.0,User19,,
1490266795342,Mouse Moved,427.0,671.0,User19,,
1490266795358,Mouse Moved,424.0,663.0,User19,,
1490266795374,Mouse Moved,418.0,650.0,User19,,
1490266795388,Mouse Moved,411.0,634.0,User19,,
1490266795404,Mouse Moved,407.0,623.0,User19,,
1490266795421,Mouse Moved,400.0,608.0,User19,,
1490266795451,Mouse Moved,330.0,470.0,User19,,
1490266795467,Mouse Moved,279.0,365.0,User19,,
1490266795483,Mouse Moved,253.0,246.0,User19,,
1490266795499,Mouse Moved,250.0,232.0,User19,,
1490266795513,Mouse Moved,250.0,231.0,User19,,
1490266795529,Mouse Moved,249.0,220.0,User19,,
1490266795545,Mouse Moved,249.0,215.0,User19,,
1490266795561,Mouse Moved,249.0,211.0,User19,,
1490266795622,Mouse Moved,249.0,209.0,User19,,
1490266795638,Mouse Moved,249.0,208.0,User19,,
1490266795654,Mouse Moved,249.0,207.0,User19,,
1490266795670,Mouse Moved,249.0,204.0,User19,,
1490266795686,Mouse Moved,249.0,203.0,User19,,
1490266795700,Mouse Moved,249.0,200.0,User19,,
1490266795717,Mouse Moved,249.0,196.0,User19,,
1490266795733,Mouse Moved,250.0,191.0,User19,,
1490266795747,Mouse Moved,251.0,186.0,User19,,
1490266795763,Mouse Moved,252.0,177.0,User19,,
1490266795779,Mouse Moved,253.0,169.0,User19,,
1490266795795,Mouse Moved,254.0,161.0,User19,,
1490266795811,Mouse Moved,254.0,156.0,User19,,
1490266795825,Mouse Moved,255.0,152.0,User19,,
1490266795842,Mouse Moved,255.0,147.0,User19,,
1490266795857,Mouse Moved,255.0,143.0,User19,,
1490266795872,Mouse Moved,255.0,140.0,User19,,
1490266795888,Mouse Moved,255.0,138.0,User19,,
1490266796045,Mouse Moved,256.0,137.0,User19,,
1490266796107,Mouse Moved,256.0,137.0,User19,,
1490266796138,Mouse Moved,256.0,137.0,User19,,
1490266796246,Mouse Moved,256.0,137.0,User19,,
1490266796293,Mouse Moved,256.0,137.0,User19,,
1490266797433,Mouse Moved,255.0,138.0,User19,,
1490266797447,Mouse Moved,255.0,139.0,User19,,
1490266797463,Mouse Moved,255.0,140.0,User19,,
1490266797480,Mouse Moved,253.0,145.0,User19,,
1490266797494,Mouse Moved,253.0,148.0,User19,,
1490266797510,Mouse Moved,252.0,152.0,User19,,
1490266797526,Mouse Moved,252.0,156.0,User19,,
1490266797542,Mouse Moved,252.0,160.0,User19,,
1490266797558,Mouse Moved,252.0,161.0,User19,,
1490266797572,Mouse Moved,252.0,163.0,User19,,
1490266797588,Mouse Moved,252.0,169.0,User19,,
1490266797604,Mouse Moved,252.0,171.0,User19,,
1490266797697,Mouse Moved,252.0,172.0,User19,,
1490266798040,Mouse Moved,254.0,170.0,User19,,
1490266798056,Mouse Moved,256.0,165.0,User19,,
1490266798072,Mouse Moved,258.0,159.0,User19,,
1490266798088,Mouse Moved,259.0,152.0,User19,,
1490266798104,Mouse Moved,260.0,144.0,User19,,
1490266798118,Mouse Moved,262.0,136.0,User19,,
1490266798134,Mouse Moved,262.0,135.0,User19,,
1490266798150,Mouse Moved,263.0,129.0,User19,,
1490266798165,Mouse Moved,264.0,123.0,User19,,
1490266798181,Mouse Moved,264.0,121.0,User19,,
1490266798213,Mouse Moved,264.0,121.0,User19,,
1490266798290,Mouse Moved,264.0,121.0,User19,,
1490266798384,Mouse Moved,264.0,121.0,User19,,
1490266798461,Mouse Moved,264.0,121.0,User19,,
1490266799095,Mouse Moved,264.0,122.0,User19,,
1490266799111,Mouse Moved,264.0,123.0,User19,,
1490266799127,Mouse Moved,263.0,123.0,User19,,
1490266799142,Mouse Moved,263.0,124.0,User19,,
1490266799174,Mouse Moved,263.0,125.0,User19,,
1490266799188,Mouse Moved,262.0,128.0,User19,,
1490266799204,Mouse Moved,261.0,131.0,User19,,
1490266799220,Mouse Moved,261.0,133.0,User19,,
1490266799236,Mouse Moved,261.0,137.0,User19,,
1490266799252,Mouse Moved,261.0,141.0,User19,,
1490266799266,Mouse Moved,261.0,145.0,User19,,
1490266799282,Mouse Moved,261.0,150.0,User19,,
1490266799299,Mouse Moved,261.0,154.0,User19,,
1490266799313,Mouse Moved,261.0,158.0,User19,,
1490266799329,Mouse Moved,261.0,161.0,User19,,
1490266799345,Mouse Moved,261.0,162.0,User19,,
1490266799361,Mouse Moved,261.0,164.0,User19,,
1490266799377,Mouse Moved,262.0,167.0,User19,,
1490266799391,Mouse Moved,262.0,169.0,User19,,
1490266799407,Mouse Moved,262.0,170.0,User19,,
1490266799423,Mouse Moved,262.0,171.0,User19,,
1490266799438,Mouse Moved,262.0,173.0,User19,,
1490266799454,Mouse Moved,262.0,176.0,User19,,
1490266799470,Mouse Moved,262.0,178.0,User19,,
1490266799486,Mouse Moved,262.0,179.0,User19,,
1490266799500,Mouse Moved,262.0,181.0,User19,,
1490266799516,Mouse Moved,262.0,183.0,User19,,
1490266799532,Mouse Moved,262.0,184.0,User19,,
1490266799548,Mouse Moved,262.0,185.0,User19,,
1490266799641,Mouse Moved,262.0,186.0,User19,,
1490266800234,Mouse Moved,262.0,188.0,User19,,
1490266800250,Mouse Moved,261.0,189.0,User19,,
1490266800266,Mouse Moved,261.0,191.0,User19,,
1490266800280,Mouse Moved,260.0,192.0,User19,,
1490266800296,Mouse Moved,259.0,195.0,User19,,
1490266800312,Mouse Moved,259.0,198.0,User19,,
1490266800328,Mouse Moved,258.0,200.0,User19,,
1490266800344,Mouse Moved,257.0,202.0,User19,,
1490266800358,Mouse Moved,257.0,203.0,User19,,
1490266800530,Mouse Moved,256.0,205.0,User19,,
1490266800546,Mouse Moved,255.0,206.0,User19,,
1490266800562,Mouse Moved,255.0,207.0,User19,,
1490266800578,Mouse Moved,254.0,208.0,User19,,
1490266800592,Mouse Moved,253.0,209.0,User19,,
1490266800640,Mouse Moved,253.0,210.0,User19,,
1490266800717,Mouse Moved,253.0,210.0,User19,,
1490266800921,Mouse Moved,253.0,210.0,User19,,
1490266801015,Mouse Moved,253.0,210.0,User19,,
1490266801088,Mouse Moved,253.0,210.0,User19,,
1490266801095,Mouse Button.left Released,253.0,210.0,User19,,
1490266801230,Mouse Moved,253.0,209.0,User19,,
1490266801246,Mouse Moved,253.0,207.0,User19,,
1490266801262,Mouse Moved,253.0,204.0,User19,,
1490266801278,Mouse Moved,253.0,201.0,User19,,
1490266801292,Mouse Moved,253.0,198.0,User19,,
1490266801309,Mouse Moved,253.0,197.0,User19,,
1490266801325,Mouse Moved,253.0,196.0,User19,,
1490266801339,Mouse Moved,253.0,195.0,User19,,
1490266801355,Mouse Moved,253.0,194.0,User19,,
1490266801371,Mouse Moved,253.0,192.0,User19,,
1490266801387,Mouse Moved,253.0,188.0,User19,,
1490266801403,Mouse Moved,253.0,184.0,User19,,
1490266801417,Mouse Moved,253.0,180.0,User19,,
1490266801434,Mouse Moved,253.0,176.0,User19,,
1490266801448,Mouse Moved,253.0,173.0,User19,,
1490266801464,Mouse Moved,253.0,170.0,User19,,
1490266801480,Mouse Moved,253.0,166.0,User19,,
1490266801496,Mouse Moved,254.0,164.0,User19,,
1490266801512,Mouse Moved,254.0,159.0,User19,,
1490266801526,Mouse Moved,254.0,155.0,User19,,
1490266801542,Mouse Moved,255.0,153.0,User19,,
1490266801559,Mouse Moved,255.0,151.0,User19,,
1490266801573,Mouse Moved,255.0,147.0,User19,,
1490266801589,Mouse Moved,256.0,139.0,User19,,
1490266801605,Mouse Moved,257.0,137.0,User19,,
1490266801621,Mouse Moved,257.0,135.0,User19,,
1490266801637,Mouse Moved,257.0,134.0,User19,,
1490266801855,Mouse Moved,257.0,135.0,User19,,
1490266801901,Mouse Moved,256.0,135.0,User19,,
1490266802526,Mouse Moved,256.0,136.0,User19,,
1490266802540,Mouse Moved,256.0,137.0,User19,,
1490266802556,Mouse Moved,256.0,138.0,User19,,
1490266802572,Mouse Moved,256.0,140.0,User19,,
1490266802588,Mouse Moved,256.0,142.0,User19,,
1490266802604,Mouse Moved,256.0,149.0,User19,,
1490266802618,Mouse Moved,257.0,155.0,User19,,
1490266802634,Mouse Moved,257.0,163.0,User19,,
1490266802650,Mouse Moved,257.0,164.0,User19,,
1490266802665,Mouse Moved,257.0,167.0,User19,,
1490266802681,Mouse Moved,258.0,174.0,User19,,
1490266802697,Mouse Moved,258.0,178.0,User19,,
1490266802713,Mouse Moved,259.0,186.0,User19,,
1490266802727,Mouse Moved,259.0,188.0,User19,,
1490266802743,Mouse Moved,259.0,189.0,User19,,
1490266802759,Mouse Moved,259.0,190.0,User19,,
1490266802790,Mouse Moved,259.0,191.0,User19,,
1490266802884,Mouse Moved,259.0,191.0,User19,,
1490266802977,Mouse Moved,259.0,191.0,User19,,
1490266803025,Mouse Moved,259.0,191.0,User19,,
1490266803118,Mouse Moved,259.0,191.0,User19,,
1490266803131,Mouse Button.left Released,259.0,191.0,User19,,
1490266804085,Mouse Moved,260.0,191.0,User19,,
1490266804101,Mouse Moved,261.0,191.0,User19,,
1490266804117,Mouse Moved,263.0,191.0,User19,,
1490266804131,Mouse Moved,265.0,192.0,User19,,
1490266804148,Mouse Moved,271.0,192.0,User19,,
1490266804164,Mouse Moved,276.0,193.0,User19,,
1490266804178,Mouse Moved,282.0,195.0,User19,,
1490266804194,Mouse Moved,290.0,196.0,User19,,
1490266804210,Mouse Moved,299.0,198.0,User19,,
1490266804226,Mouse Moved,308.0,200.0,User19,,
1490266804242,Mouse Moved,317.0,204.0,User19,,
1490266804256,Mouse Moved,326.0,207.0,User19,,
1490266804273,Mouse Moved,376.0,224.0,User19,,
1490266804288,Mouse Moved,377.0,224.0,User19,,
1490266804303,Mouse Moved,381.0,227.0,User19,,
1490266804319,Mouse Moved,388.0,230.0,User19,,
1490266804335,Mouse Moved,398.0,234.0,User19,,
1490266804351,Mouse Moved,408.0,240.0,User19,,
1490266804365,Mouse Moved,413.0,244.0,User19,,
1490266804381,Mouse Moved,414.0,244.0,User19,,
1490266804490,Mouse Moved,418.0,248.0,User19,,
1490266804506,Mouse Moved,418.0,249.0,User19,,
1490266804553,Mouse Moved,418.0,250.0,User19,,
1490266804569,Mouse Moved,418.0,251.0,User19,,
1490266804585,Mouse Moved,418.0,252.0,User19,,
1490266804788,Mouse Moved,418.0,251.0,User19,,
1490266804802,Mouse Moved,417.0,250.0,User19,,
1490266804819,Mouse Moved,416.0,249.0,User19,,
1490266804834,Mouse Moved,413.0,248.0,User19,,
1490266804849,Mouse Moved,411.0,246.0,User19,,
1490266804865,Mouse Moved,410.0,245.0,User19,,
1490266804881,Mouse Moved,410.0,244.0,User19,,
1490266805145,Mouse Moved,409.0,244.0,User19,,
1490266805177,Mouse Moved,408.0,243.0,User19,,
1490266805193,Mouse Moved,407.0,242.0,User19,,
1490266805209,Mouse Moved,406.0,242.0,User19,,
1490266805223,Mouse Moved,404.0,241.0,User19,,
1490266805240,Mouse Moved,403.0,240.0,User19,,
1490266805256,Mouse Moved,402.0,240.0,User19,,
1490266805270,Mouse Moved,401.0,239.0,User19,,
1490266805286,Mouse Moved,401.0,238.0,User19,,
1490266805318,Mouse Moved,400.0,238.0,User19,,
1490266805411,Mouse Moved,400.0,237.0,User19,,
1490266805427,Mouse Moved,399.0,237.0,User19,,
1490266805443,Mouse Moved,399.0,235.0,User19,,
1490266805457,Mouse Moved,398.0,234.0,User19,,
1490266805473,Mouse Moved,398.0,233.0,User19,,
1490266805490,Mouse Moved,398.0,232.0,User19,,
1490266805505,Mouse Moved,398.0,231.0,User19,,
1490266805520,Mouse Moved,398.0,230.0,User19,,
1490266805536,Mouse Moved,398.0,229.0,User19,,
1490266805552,Mouse Moved,398.0,228.0,User19,,
1490266805568,Mouse Moved,397.0,228.0,User19,,
1490266805582,Mouse Moved,397.0,227.0,User19,,
1490266805598,Mouse Moved,397.0,226.0,User19,,
1490266805614,Mouse Moved,397.0,225.0,User19,,
1490266805630,Mouse Moved,397.0,224.0,User19,,
1490266805645,Mouse Moved,397.0,223.0,User19,,
1490266805661,Mouse Moved,397.0,219.0,User19,,
1490266805677,Mouse Moved,397.0,217.0,User19,,
1490266805691,Mouse Moved,397.0,215.0,User19,,
1490266805707,Mouse Moved,397.0,213.0,User19,,
1490266805723,Mouse Moved,396.0,212.0,User19,,
1490266805739,Mouse Moved,395.0,211.0,User19,,
1490266805769,Mouse Moved,394.0,209.0,User19,,
1490266805786,Mouse Moved,393.0,209.0,User19,,
1490266805802,Mouse Moved,391.0,208.0,User19,,
1490266805816,Mouse Moved,390.0,207.0,User19,,
1490266805832,Mouse Moved,388.0,207.0,User19,,
1490266805848,Mouse Moved,386.0,206.0,User19,,
1490266805864,Mouse Moved,384.0,205.0,User19,,
1490266805880,Mouse Moved,381.0,205.0,User19,,
1490266805894,Mouse Moved,379.0,204.0,User19,,
1490266805911,Mouse Moved,378.0,204.0,User19,,
1490266805926,Mouse Moved,377.0,203.0,User19,,
1490266805941,Mouse Moved,376.0,203.0,User19,,
1490266805973,Mouse Moved,375.0,203.0,User19,,
1490266806160,Mouse Moved,375.0,202.0,User19,,
1490266806191,Mouse Moved,374.0,201.0,User19,,
1490266806207,Mouse Moved,373.0,199.0,User19,,
1490266806223,Mouse Moved,371.0,194.0,User19,,
1490266806237,Mouse Moved,368.0,189.0,User19,,
1490266806253,Mouse Moved,368.0,188.0,User19,,
1490266806269,Mouse Moved,366.0,184.0,User19,,
1490266806285,Mouse Moved,362.0,178.0,User19,,
1490266806301,Mouse Moved,351.0,151.0,User19,,
1490266806315,Mouse Moved,350.0,150.0,User19,,
1490266806332,Mouse Moved,348.0,146.0,User19,,
1490266806348,Mouse Moved,343.0,141.0,User19,,
1490266806362,Mouse Moved,341.0,138.0,User19,,
1490266806378,Mouse Moved,340.0,136.0,User19,,
1490266806426,Mouse Moved,340.0,136.0,User19,,
1490266806471,Mouse Moved,339.0,136.0,User19,,
1490266806487,Mouse Moved,338.0,136.0,User19,,
1490266806503,Mouse Moved,336.0,136.0,User19,,
1490266806519,Mouse Moved,334.0,136.0,User19,,
1490266806535,Mouse Moved,333.0,137.0,User19,,
1490266806549,Mouse Moved,329.0,138.0,User19,,
1490266806565,Mouse Moved,327.0,138.0,User19,,
1490266806582,Mouse Moved,326.0,138.0,User19,,
1490266806596,Mouse Moved,324.0,138.0,User19,,
1490266806612,Mouse Moved,322.0,138.0,User19,,
1490266806644,Mouse Moved,320.0,138.0,User19,,
1490266806674,Mouse Moved,319.0,138.0,User19,,
1490266806831,Mouse Moved,319.0,139.0,User19,,
1490266806846,Mouse Moved,318.0,139.0,User19,,
1490266806861,Mouse Moved,318.0,140.0,User19,,
1490266806894,Mouse Moved,318.0,141.0,User19,,
1490266806986,Mouse Moved,317.0,141.0,User19,,
1490266807003,Mouse Moved,316.0,140.0,User19,,
1490266807017,Mouse Moved,315.0,139.0,User19,,
1490266807033,Mouse Moved,308.0,137.0,User19,,
1490266807049,Mouse Moved,302.0,136.0,User19,,
1490266807065,Mouse Moved,297.0,135.0,User19,,
1490266807081,Mouse Moved,293.0,133.0,User19,,
1490266807095,Mouse Moved,289.0,132.0,User19,,
1490266807111,Mouse Moved,286.0,130.0,User19,,
1490266807128,Mouse Moved,283.0,129.0,User19,,
1490266807142,Mouse Moved,281.0,127.0,User19,,
1490266807158,Mouse Moved,279.0,127.0,User19,,
1490266807174,Mouse Moved,279.0,126.0,User19,,
1490266807190,Mouse Moved,278.0,125.0,User19,,
1490266807206,Mouse Moved,277.0,123.0,User19,,
1490266807220,Mouse Moved,277.0,121.0,User19,,
1490266807236,Mouse Moved,277.0,120.0,User19,,
1490266807252,Mouse Moved,277.0,117.0,User19,,
1490266807267,Mouse Moved,279.0,111.0,User19,,
1490266807283,Mouse Moved,286.0,103.0,User19,,
1490266807299,Mouse Moved,299.0,94.0,User19,,
1490266807315,Mouse Moved,300.0,93.0,User19,,
1490266807329,Mouse Moved,304.0,90.0,User19,,
1490266807345,Mouse Moved,311.0,85.0,User19,,
1490266807361,Mouse Moved,321.0,80.0,User19,,
1490266807377,Mouse Moved,334.0,74.0,User19,,
1490266807392,Mouse Moved,349.0,70.0,User19,,
1490266807407,Mouse Moved,364.0,65.0,User19,,
1490266807424,Mouse Moved,377.0,62.0,User19,,
1490266807440,Mouse Moved,389.0,61.0,User19,,
1490266807454,Mouse Moved,403.0,59.0,User19,,
1490266807470,Mouse Moved,414.0,58.0,User19,,
1490266807486,Mouse Moved,469.0,57.0,User19,,
1490266807502,Mouse Moved,472.0,57.0,User19,,
1490266807517,Mouse Moved,476.0,57.0,User19,,
1490266807532,Mouse Moved,479.0,57.0,User19,,
1490266807549,Mouse Moved,483.0,57.0,User19,,
1490266807563,Mouse Moved,488.0,56.0,User19,,
1490266807579,Mouse Moved,492.0,55.0,User19,,
1490266807595,Mouse Moved,496.0,53.0,User19,,
1490266807611,Mouse Moved,500.0,51.0,User19,,
1490266807627,Mouse Moved,508.0,47.0,User19,,
1490266807641,Mouse Moved,512.0,46.0,User19,,
1490266807657,Mouse Moved,515.0,43.0,User19,,
1490266807674,Mouse Moved,519.0,42.0,User19,,
1490266807688,Mouse Moved,521.0,40.0,User19,,
1490266807704,Mouse Moved,524.0,39.0,User19,,
1490266807720,Mouse Moved,524.0,38.0,User19,,
1490266807752,Mouse Moved,524.0,38.0,User19,,
1490266807813,Mouse Moved,524.0,38.0,User19,,
1490266807990,Mouse Moved,524.0,39.0,User19,,
1490266808006,Mouse Moved,521.0,41.0,User19,,
1490266808022,Mouse Moved,519.0,42.0,User19,,
1490266808036,Mouse Moved,515.0,45.0,User19,,
1490266808052,Mouse Moved,510.0,48.0,User19,,
1490266808069,Mouse Moved,502.0,54.0,User19,,
1490266808084,Mouse Moved,495.0,58.0,User19,,
1490266808099,Mouse Moved,486.0,65.0,User19,,
1490266808115,Mouse Moved,476.0,72.0,User19,,
1490266808131,Mouse Moved,467.0,78.0,User19,,
1490266808147,Mouse Moved,461.0,82.0,User19,,
1490266808161,Mouse Moved,451.0,88.0,User19,,
1490266808177,Mouse Moved,443.0,93.0,User19,,
1490266808193,Mouse Moved,433.0,100.0,User19,,
1490266808209,Mouse Moved,425.0,106.0,User19,,
1490266808224,Mouse Moved,416.0,112.0,User19,,
1490266808240,Mouse Moved,407.0,118.0,User19,,
1490266808256,Mouse Moved,399.0,125.0,User19,,
1490266808270,Mouse Moved,391.0,131.0,User19,,
1490266808286,Mouse Moved,385.0,137.0,User19,,
1490266808302,Mouse Moved,377.0,145.0,User19,,
1490266808318,Mouse Moved,367.0,155.0,User19,,
1490266808334,Mouse Moved,362.0,162.0,User19,,
1490266808348,Mouse Moved,356.0,168.0,User19,,
1490266808365,Mouse Moved,351.0,174.0,User19,,
1490266808381,Mouse Moved,346.0,182.0,User19,,
1490266808395,Mouse Moved,341.0,189.0,User19,,
1490266808411,Mouse Moved,336.0,195.0,User19,,
1490266808427,Mouse Moved,331.0,200.0,User19,,
1490266808443,Mouse Moved,325.0,207.0,User19,,
1490266808459,Mouse Moved,320.0,214.0,User19,,
1490266808473,Mouse Moved,313.0,219.0,User19,,
1490266808490,Mouse Moved,309.0,225.0,User19,,
1490266808505,Mouse Moved,305.0,229.0,User19,,
1490266808520,Mouse Moved,300.0,234.0,User19,,
1490266808536,Mouse Moved,297.0,239.0,User19,,
1490266808552,Mouse Moved,293.0,244.0,User19,,
1490266808568,Mouse Moved,291.0,247.0,User19,,
1490266808816,Mouse Moved,291.0,248.0,User19,,
1490266808832,Mouse Moved,289.0,248.0,User19,,
1490266808848,Mouse Moved,288.0,251.0,User19,,
1490266808864,Mouse Moved,286.0,254.0,User19,,
1490266808880,Mouse Moved,284.0,256.0,User19,,
1490266808894,Mouse Moved,283.0,259.0,User19,,
1490266808911,Mouse Moved,281.0,260.0,User19,,
1490266808927,Mouse Moved,279.0,263.0,User19,,
1490266809301,Mouse Moved,279.0,263.0,User19,,
1490266809378,Mouse Moved,279.0,263.0,User19,,
1490266809440,Mouse Moved,279.0,263.0,User19,,
1490266809519,Mouse Moved,279.0,263.0,User19,,
1490266809540,Mouse Button.left Released,279.0,263.0,User19,,
1490266810095,Mouse Moved,279.0,262.0,User19,,
1490266810111,Mouse Moved,283.0,261.0,User19,,
1490266810127,Mouse Moved,290.0,254.0,User19,,
1490266810141,Mouse Moved,302.0,246.0,User19,,
1490266810157,Mouse Moved,316.0,236.0,User19,,
1490266810174,Mouse Moved,331.0,223.0,User19,,
1490266810188,Mouse Moved,349.0,209.0,User19,,
1490266810204,Mouse Moved,371.0,190.0,User19,,
1490266810220,Mouse Moved,391.0,174.0,User19,,
1490266810236,Mouse Moved,432.0,140.0,User19,,
1490266810250,Mouse Moved,511.0,76.0,User19,,
1490266810266,Mouse Moved,511.0,75.0,User19,,
1490266810282,Mouse Moved,513.0,74.0,User19,,
1490266810298,Mouse Moved,513.0,73.0,User19,,
1490266810328,Mouse Moved,514.0,73.0,User19,,
1490266810345,Mouse Moved,514.0,72.0,User19,,
1490266810361,Mouse Moved,514.0,71.0,User19,,
1490266810375,Mouse Moved,515.0,71.0,User19,,
1490266810391,Mouse Moved,517.0,65.0,User19,,
1490266810407,Mouse Moved,518.0,63.0,User19,,
1490266810423,Mouse Moved,519.0,56.0,User19,,
1490266810438,Mouse Moved,521.0,51.0,User19,,
1490266810453,Mouse Moved,522.0,46.0,User19,,
1490266810470,Mouse Moved,524.0,38.0,User19,,
1490266810484,Mouse Moved,524.0,37.0,User19,,
1490266810500,Mouse Moved,524.0,36.0,User19,,
1490266810516,Mouse Moved,524.0,36.0,User19,,
1490266810609,Mouse Moved,524.0,36.0,User19,,
1490266810661,Mouse Moved,523.0,36.0,User19,,
1490266810677,Mouse Moved,523.0,38.0,User19,,
1490266810680,Mouse Moved,522.0,38.0,User19,,
1490266810681,Mouse Moved,521.0,38.0,User19,,
1490266810684,Mouse Moved,521.0,39.0,User19,,
1490266810686,Mouse Moved,520.0,40.0,User19,,
1490266810690,Mouse Moved,519.0,40.0,User19,,
1490266810691,Mouse Moved,519.0,41.0,User19,,
1490266810693,Mouse Moved,519.0,42.0,User19,,
1490266810694,Mouse Moved,518.0,42.0,User19,,
1490266810697,Mouse Moved,517.0,42.0,User19,,
1490266810700,Mouse Moved,516.0,44.0,User19,,
1490266810704,Mouse Moved,515.0,45.0,User19,,
1490266810723,Mouse Moved,514.0,46.0,User19,,
1490266810727,Mouse Moved,513.0,46.0,User19,,
1490266810732,Mouse Moved,513.0,47.0,User19,,
1490266810740,Mouse Moved,512.0,48.0,User19,,
1490266810750,Mouse Moved,511.0,49.0,User19,,
1490266810769,Mouse Moved,510.0,50.0,User19,,
1490266810785,Mouse Moved,493.0,67.0,User19,,
1490266810801,Mouse Moved,482.0,77.0,User19,,
1490266810815,Mouse Moved,475.0,83.0,User19,,
1490266810832,Mouse Moved,464.0,91.0,User19,,
1490266810846,Mouse Moved,458.0,97.0,User19,,
1490266810878,Mouse Moved,449.0,105.0,User19,,
1490266810894,Mouse Moved,441.0,111.0,User19,,
1490266810910,Mouse Moved,432.0,117.0,User19,,
1490266810924,Mouse Moved,417.0,128.0,User19,,
1490266810940,Mouse Moved,402.0,139.0,User19,,
1490266810957,Mouse Moved,378.0,154.0,User19,,
1490266810971,Mouse Moved,362.0,165.0,User19,,
1490266810987,Mouse Moved,348.0,173.0,User19,,
1490266811003,Mouse Moved,337.0,180.0,User19,,
1490266811019,Mouse Moved,326.0,186.0,User19,,
1490266811035,Mouse Moved,317.0,191.0,User19,,
1490266811049,Mouse Moved,307.0,196.0,User19,,
1490266811065,Mouse Moved,297.0,201.0,User19,,
1490266811081,Mouse Moved,290.0,204.0,User19,,
1490266811096,Mouse Moved,283.0,208.0,User19,,
1490266811112,Mouse Moved,277.0,212.0,User19,,
1490266811128,Mouse Moved,271.0,215.0,User19,,
1490266811144,Mouse Moved,265.0,218.0,User19,,
1490266811158,Mouse Moved,258.0,222.0,User19,,
1490266811174,Mouse Moved,252.0,226.0,User19,,
1490266811190,Mouse Moved,246.0,231.0,User19,,
1490266811206,Mouse Moved,239.0,235.0,User19,,
1490266811221,Mouse Moved,238.0,237.0,User19,,
1490266811283,Mouse Moved,238.0,237.0,User19,,
1490266811361,Mouse Moved,238.0,237.0,User19,,
1490266811408,Mouse Button.left Released,238.0,237.0,User19,,
1490266811424,Mouse Moved,238.0,237.0,User19,,
1490266811486,Mouse Moved,238.0,237.0,User19,,
1490266811487,Mouse Button.left Released,238.0,237.0,User19,,
1490266812082,Mouse Moved,239.0,236.0,User19,,
1490266812098,Mouse Moved,243.0,235.0,User19,,
1490266812114,Mouse Moved,248.0,231.0,User19,,
1490266812130,Mouse Moved,256.0,225.0,User19,,
1490266812144,Mouse Moved,280.0,208.0,User19,,
1490266812161,Mouse Moved,324.0,170.0,User19,,
1490266812176,Mouse Moved,326.0,166.0,User19,,
1490266812191,Mouse Moved,338.0,156.0,User19,,
1490266812207,Mouse Moved,353.0,144.0,User19,,
1490266812223,Mouse Moved,366.0,134.0,User19,,
1490266812239,Mouse Moved,376.0,125.0,User19,,
1490266812253,Mouse Moved,386.0,117.0,User19,,
1490266812269,Mouse Moved,393.0,110.0,User19,,
1490266812286,Mouse Moved,400.0,105.0,User19,,
1490266812301,Mouse Moved,406.0,98.0,User19,,
1490266812316,Mouse Moved,411.0,93.0,User19,,
1490266812332,Mouse Moved,416.0,88.0,User19,,
1490266812348,Mouse Moved,417.0,86.0,User19,,
1490266812364,Mouse Moved,418.0,86.0,User19,,
1490266812378,Mouse Moved,418.0,85.0,User19,,
1490266812394,Mouse Moved,421.0,83.0,User19,,
1490266812410,Mouse Moved,424.0,82.0,User19,,
1490266812426,Mouse Moved,427.0,80.0,User19,,
1490266812441,Mouse Moved,435.0,77.0,User19,,
1490266812457,Mouse Moved,441.0,75.0,User19,,
1490266812473,Mouse Moved,449.0,73.0,User19,,
1490266812487,Mouse Moved,459.0,70.0,User19,,
1490266812503,Mouse Moved,468.0,68.0,User19,,
1490266812519,Mouse Moved,479.0,65.0,User19,,
1490266812535,Mouse Moved,488.0,63.0,User19,,
1490266812551,Mouse Moved,498.0,60.0,User19,,
1490266812565,Mouse Moved,509.0,57.0,User19,,
1490266812582,Mouse Moved,515.0,55.0,User19,,
1490266812598,Mouse Moved,524.0,53.0,User19,,
1490266812612,Mouse Moved,530.0,51.0,User19,,
1490266812628,Mouse Moved,535.0,50.0,User19,,
1490266812644,Mouse Moved,544.0,48.0,User19,,
1490266812676,Mouse Moved,557.0,43.0,User19,,
1490266812737,Mouse Moved,557.0,42.0,User19,,
1490266812753,Mouse Moved,556.0,42.0,User19,,
1490266812769,Mouse Moved,555.0,42.0,User19,,
1490266812785,Mouse Moved,550.0,42.0,User19,,
1490266812799,Mouse Moved,546.0,42.0,User19,,
1490266812815,Mouse Moved,540.0,42.0,User19,,
1490266812832,Mouse Moved,532.0,42.0,User19,,
1490266812846,Mouse Moved,529.0,42.0,User19,,
1490266812862,Mouse Moved,520.0,42.0,User19,,
1490266812878,Mouse Moved,512.0,40.0,User19,,
1490266812894,Mouse Moved,507.0,38.0,User19,,
1490266812924,Mouse Moved,506.0,38.0,User19,,
1490266813003,Mouse Moved,506.0,38.0,User19,,
1490266813063,Mouse Moved,505.0,38.0,User19,,
1490266813078,Mouse Moved,504.0,38.0,User19,,
1490266813094,Mouse Moved,504.0,39.0,User19,,
1490266813095,Mouse Moved,503.0,39.0,User19,,
1490266813115,Mouse Moved,503.0,40.0,User19,,
1490266813131,Mouse Moved,499.0,44.0,User19,,
1490266813147,Mouse Moved,495.0,49.0,User19,,
1490266813161,Mouse Moved,491.0,53.0,User19,,
1490266813177,Mouse Moved,485.0,58.0,User19,,
1490266813193,Mouse Moved,482.0,62.0,User19,,
1490266813209,Mouse Moved,472.0,71.0,User19,,
1490266813224,Mouse Moved,471.0,73.0,User19,,
1490266813240,Mouse Moved,462.0,81.0,User19,,
1490266813256,Mouse Moved,447.0,93.0,User19,,
1490266813270,Mouse Moved,436.0,103.0,User19,,
1490266813286,Mouse Moved,424.0,111.0,User19,,
1490266813302,Mouse Moved,409.0,121.0,User19,,
1490266813318,Mouse Moved,395.0,131.0,User19,,
1490266813334,Mouse Moved,378.0,141.0,User19,,
1490266813348,Mouse Moved,363.0,149.0,User19,,
1490266813365,Mouse Moved,348.0,157.0,User19,,
1490266813381,Mouse Moved,338.0,162.0,User19,,
1490266813395,Mouse Moved,330.0,165.0,User19,,
1490266813411,Mouse Moved,321.0,168.0,User19,,
1490266813427,Mouse Moved,312.0,170.0,User19,,
1490266813443,Mouse Moved,306.0,173.0,User19,,
1490266813459,Mouse Moved,299.0,176.0,User19,,
1490266813473,Mouse Moved,293.0,179.0,User19,,
1490266813490,Mouse Moved,287.0,183.0,User19,,
1490266813505,Mouse Moved,281.0,185.0,User19,,
1490266813520,Mouse Moved,274.0,189.0,User19,,
1490266813536,Mouse Moved,266.0,192.0,User19,,
1490266813552,Mouse Moved,258.0,196.0,User19,,
1490266813568,Mouse Moved,252.0,200.0,User19,,
1490266813582,Mouse Moved,245.0,204.0,User19,,
1490266813598,Mouse Button.left Pressed,241.0,207.0,User19,,
1490266813786,Mouse Moved,241.0,207.0,User19,,
1490266813880,Mouse Moved,241.0,207.0,User19,,
1490266813959,Mouse Moved,241.0,207.0,User19,,
1490266813980,Mouse Button.left Released,241.0,207.0,User19,,
1490266814211,Mouse Moved,241.0,206.0,User19,,
1490266814227,Mouse Moved,242.0,206.0,User19,,
1490266814243,Mouse Moved,243.0,204.0,User19,,
1490266814259,Mouse Moved,246.0,203.0,User19,,
1490266814275,Mouse Moved,249.0,200.0,User19,,
1490266814289,Mouse Moved,252.0,198.0,User19,,
1490266814305,Mouse Moved,260.0,195.0,User19,,
1490266814321,Mouse Moved,265.0,192.0,User19,,
1490266814336,Mouse Moved,272.0,188.0,User19,,
1490266814352,Mouse Moved,279.0,186.0,User19,,
1490266814368,Mouse Moved,285.0,183.0,User19,,
1490266814384,Mouse Moved,294.0,179.0,User19,,
1490266814398,Mouse Moved,302.0,174.0,User19,,
1490266814414,Mouse Moved,311.0,170.0,User19,,
1490266814430,Mouse Moved,323.0,164.0,User19,,
1490266814446,Mouse Moved,332.0,159.0,User19,,
1490266814461,Mouse Moved,344.0,153.0,User19,,
1490266814476,Mouse Moved,356.0,146.0,User19,,
1490266814493,Mouse Moved,370.0,137.0,User19,,
1490266814509,Mouse Moved,384.0,128.0,User19,,
1490266814523,Mouse Moved,397.0,120.0,User19,,
1490266814539,Mouse Moved,411.0,110.0,User19,,
1490266814555,Mouse Moved,424.0,101.0,User19,,
1490266814571,Mouse Moved,436.0,92.0,User19,,
1490266814586,Mouse Moved,448.0,83.0,User19,,
1490266814601,Mouse Moved,459.0,74.0,User19,,
1490266814618,Mouse Moved,466.0,68.0,User19,,
1490266814632,Mouse Moved,475.0,61.0,User19,,
1490266814648,Mouse Moved,481.0,55.0,User19,,
1490266814664,Mouse Moved,487.0,50.0,User19,,
1490266814680,Mouse Moved,492.0,44.0,User19,,
1490266814696,Mouse Moved,497.0,39.0,User19,,
1490266814710,Mouse Moved,503.0,35.0,User19,,
1490266814726,Mouse Moved,508.0,31.0,User19,,
1490266814743,Mouse Moved,514.0,28.0,User19,,
1490266814773,Mouse Moved,515.0,28.0,User19,,
1490266814821,Mouse Moved,515.0,28.0,User19,,
1490266814882,Mouse Moved,515.0,28.0,User19,,
1490266814944,Mouse Moved,515.0,29.0,User19,,
1490266814947,Mouse Moved,515.0,30.0,User19,,
1490266814948,Mouse Moved,515.0,31.0,User19,,
1490266814960,Mouse Moved,515.0,32.0,User19,,
1490266814961,Mouse Moved,515.0,33.0,User19,,
1490266814963,Mouse Moved,514.0,33.0,User19,,
1490266814969,Mouse Moved,513.0,34.0,User19,,
1490266814971,Mouse Moved,513.0,35.0,User19,,
1490266814973,Mouse Moved,513.0,36.0,User19,,
1490266814982,Mouse Moved,512.0,36.0,User19,,
1490266814990,Mouse Moved,512.0,37.0,User19,,
1490266815006,Mouse Moved,511.0,37.0,User19,,
1490266815022,Mouse Moved,511.0,39.0,User19,,
1490266815036,Mouse Moved,509.0,40.0,User19,,
1490266815052,Mouse Moved,509.0,41.0,User19,,
1490266815069,Mouse Moved,509.0,42.0,User19,,
1490266815084,Mouse Moved,508.0,42.0,User19,,
1490266815099,Mouse Moved,508.0,43.0,User19,,
1490266815115,Mouse Moved,500.0,52.0,User19,,
1490266815131,Mouse Moved,492.0,61.0,User19,,
1490266815147,Mouse Moved,482.0,71.0,User19,,
1490266815161,Mouse Moved,472.0,79.0,User19,,
1490266815177,Mouse Moved,458.0,89.0,User19,,
1490266815193,Mouse Moved,445.0,98.0,User19,,
1490266815209,Mouse Moved,430.0,108.0,User19,,
1490266815224,Mouse Moved,410.0,120.0,User19,,
1490266815240,Mouse Moved,394.0,128.0,User19,,
1490266815256,Mouse Moved,378.0,136.0,User19,,
1490266815270,Mouse Moved,365.0,143.0,User19,,
1490266815286,Mouse Moved,351.0,149.0,User19,,
1490266815302,Mouse Moved,337.0,154.0,User19,,
1490266815318,Mouse Moved,325.0,158.0,User19,,
1490266815334,Mouse Moved,312.0,162.0,User19,,
1490266815348,Mouse Moved,301.0,165.0,User19,,
1490266815365,Mouse Moved,290.0,168.0,User19,,
1490266815381,Mouse Moved,281.0,170.0,User19,,
1490266815395,Mouse Moved,273.0,172.0,User19,,
1490266815411,Mouse Moved,265.0,175.0,User19,,
1490266815427,Mouse Moved,259.0,178.0,User19,,
1490266815443,Mouse Moved,254.0,182.0,User19,,
1490266815459,Mouse Moved,251.0,184.0,User19,,
1490266815473,Mouse Moved,250.0,185.0,User19,,
1490266815490,Mouse Moved,249.0,186.0,User19,,
1490266815505,Mouse Moved,247.0,187.0,User19,,
1490266815520,Mouse Moved,246.0,187.0,User19,,
1490266815536,Mouse Moved,246.0,188.0,User19,,
1490266815598,Mouse Moved,246.0,188.0,User19,,
1490266815630,Mouse Moved,246.0,188.0,User19,,
1490266815645,Mouse Button.left Released,246.0,188.0,User19,,
1490266815723,Mouse Moved,246.0,188.0,User19,,
1490266815786,Mouse Moved,246.0,188.0,User19,,
1490266815963,Mouse Moved,246.0,187.0,User19,,
1490266815977,Mouse Moved,247.0,186.0,User19,,
1490266815993,Mouse Moved,251.0,184.0,User19,,
1490266816009,Mouse Moved,256.0,180.0,User19,,
1490266816025,Mouse Moved,262.0,176.0,User19,,
1490266816040,Mouse Moved,270.0,172.0,User19,,
1490266816055,Mouse Moved,279.0,167.0,User19,,
1490266816072,Mouse Moved,287.0,164.0,User19,,
1490266816088,Mouse Moved,296.0,159.0,User19,,
1490266816102,Mouse Moved,306.0,154.0,User19,,
1490266816118,Mouse Moved,317.0,150.0,User19,,
1490266816134,Mouse Moved,329.0,145.0,User19,,
1490266816150,Mouse Moved,338.0,140.0,User19,,
1490266816165,Mouse Moved,349.0,137.0,User19,,
1490266816180,Mouse Moved,361.0,131.0,User19,,
1490266816197,Mouse Moved,373.0,126.0,User19,,
1490266816211,Mouse Moved,383.0,122.0,User19,,
1490266816227,Mouse Moved,392.0,117.0,User19,,
1490266816243,Mouse Moved,403.0,112.0,User19,,
1490266816259,Mouse Moved,411.0,108.0,User19,,
1490266816275,Mouse Moved,420.0,103.0,User19,,
1490266816289,Mouse Moved,428.0,100.0,User19,,
1490266816305,Mouse Moved,435.0,95.0,User19,,
1490266816322,Mouse Moved,443.0,91.0,User19,,
1490266816336,Mouse Moved,452.0,85.0,User19,,
1490266816352,Mouse Moved,462.0,80.0,User19,,
1490266816368,Mouse Moved,475.0,72.0,User19,,
1490266816384,Mouse Moved,481.0,69.0,User19,,
1490266816400,Mouse Moved,488.0,64.0,User19,,
1490266816414,Mouse Moved,495.0,61.0,User19,,
1490266816430,Mouse Moved,501.0,56.0,User19,,
1490266816446,Mouse Moved,507.0,51.0,User19,,
1490266816461,Mouse Moved,515.0,46.0,User19,,
1490266816477,Mouse Moved,516.0,44.0,User19,,
1490266816493,Mouse Moved,518.0,44.0,User19,,
1490266816539,Mouse Moved,518.0,43.0,User19,,
1490266816696,Mouse Moved,519.0,43.0,User19,,
1490266816711,Mouse Moved,520.0,42.0,User19,,
1490266816805,Mouse Moved,520.0,42.0,User19,,
1490266816821,Mouse Button.left Pressed,520.0,42.0,User19,,
1490266816914,Mouse Moved,520.0,42.0,User19,,
1490266816973,Mouse Moved,520.0,43.0,User19,,
1490266816974,Mouse Moved,519.0,43.0,User19,,
1490266816976,Mouse Moved,519.0,44.0,User19,,
1490266816979,Mouse Moved,519.0,45.0,User19,,
1490266816980,Mouse Moved,518.0,45.0,User19,,
1490266816982,Mouse Moved,518.0,46.0,User19,,
1490266816987,Mouse Moved,517.0,46.0,User19,,
1490266816989,Mouse Moved,517.0,47.0,User19,,
1490266816990,Mouse Moved,516.0,47.0,User19,,
1490266816993,Mouse Moved,516.0,48.0,User19,,
1490266816996,Mouse Moved,515.0,50.0,User19,,
1490266816999,Mouse Moved,513.0,51.0,User19,,
1490266817003,Mouse Moved,512.0,52.0,User19,,
1490266817006,Mouse Moved,511.0,53.0,User19,,
1490266817007,Mouse Moved,511.0,54.0,User19,,
1490266817010,Mouse Moved,510.0,55.0,User19,,
1490266817025,Mouse Moved,509.0,56.0,User19,,
1490266817082,Mouse Moved,508.0,57.0,User19,,
1490266817096,Mouse Moved,507.0,58.0,User19,,
1490266817112,Mouse Moved,502.0,64.0,User19,,
1490266817128,Mouse Moved,496.0,70.0,User19,,
1490266817144,Mouse Moved,490.0,76.0,User19,,
1490266817160,Mouse Moved,482.0,85.0,User19,,
1490266817174,Mouse Moved,470.0,96.0,User19,,
1490266817190,Mouse Moved,456.0,109.0,User19,,
1490266817206,Mouse Moved,430.0,133.0,User19,,
1490266817221,Mouse Moved,399.0,161.0,User19,,
1490266817237,Mouse Moved,382.0,177.0,User19,,
1490266817253,Mouse Moved,367.0,191.0,User19,,
1490266817269,Mouse Moved,350.0,206.0,User19,,
1490266817283,Mouse Moved,328.0,225.0,User19,,
1490266817299,Mouse Moved,317.0,234.0,User19,,
1490266817315,Mouse Moved,308.0,242.0,User19,,
1490266817331,Mouse Moved,301.0,250.0,User19,,
1490266817346,Mouse Moved,294.0,258.0,User19,,
1490266817361,Mouse Moved,289.0,264.0,User19,,
1490266817378,Mouse Moved,284.0,270.0,User19,,
1490266817394,Mouse Moved,280.0,277.0,User19,,
1490266817408,Mouse Moved,275.0,284.0,User19,,
1490266817424,Mouse Moved,268.0,294.0,User19,,
1490266817440,Mouse Moved,263.0,302.0,User19,,
1490266817674,Mouse Moved,260.0,305.0,User19,,
1490266817690,Mouse Moved,260.0,304.0,User19,,
1490266817706,Mouse Moved,262.0,300.0,User19,,
1490266817720,Mouse Moved,263.0,296.0,User19,,
1490266817736,Mouse Moved,265.0,292.0,User19,,
1490266817752,Mouse Moved,267.0,290.0,User19,,
1490266817767,Mouse Moved,268.0,286.0,User19,,
1490266817783,Mouse Moved,270.0,283.0,User19,,
1490266818032,Mouse Moved,270.0,283.0,User19,,
1490266818079,Mouse Moved,270.0,283.0,User19,,
1490266818174,Mouse Moved,270.0,283.0,User19,,
1490266818236,Mouse Moved,270.0,283.0,User19,,
1490266818239,Mouse Button.left Released,270.0,283.0,User19,,
1490266818625,Mouse Moved,271.0,280.0,User19,,
1490266818641,Mouse Moved,275.0,275.0,User19,,
1490266818657,Mouse Moved,276.0,274.0,User19,,
1490266818671,Mouse Moved,280.0,271.0,User19,,
1490266818687,Mouse Moved,286.0,266.0,User19,,
1490266818703,Mouse Moved,295.0,259.0,User19,,
1490266818719,Mouse Moved,328.0,239.0,User19,,
1490266818734,Mouse Moved,328.0,238.0,User19,,
1490266818750,Mouse Moved,336.0,233.0,User19,,
1490266818766,Mouse Moved,343.0,229.0,User19,,
1490266818780,Mouse Moved,350.0,226.0,User19,,
1490266818796,Mouse Moved,357.0,221.0,User19,,
1490266818812,Mouse Moved,365.0,216.0,User19,,
1490266818828,Mouse Moved,372.0,212.0,User19,,
1490266818844,Mouse Moved,380.0,206.0,User19,,
1490266818858,Mouse Moved,389.0,200.0,User19,,
1490266818875,Mouse Moved,396.0,194.0,User19,,
1490266818890,Mouse Moved,404.0,187.0,User19,,
1490266818905,Mouse Moved,412.0,180.0,User19,,
1490266818921,Mouse Moved,421.0,173.0,User19,,
1490266818937,Mouse Moved,429.0,166.0,User19,,
1490266818953,Mouse Moved,438.0,158.0,User19,,
1490266818967,Mouse Moved,450.0,148.0,User19,,
1490266818983,Mouse Moved,460.0,138.0,User19,,
1490266819000,Mouse Moved,470.0,130.0,User19,,
1490266819015,Mouse Moved,479.0,122.0,User19,,
1490266819030,Mouse Moved,487.0,113.0,User19,,
1490266819046,Mouse Moved,494.0,106.0,User19,,
1490266819062,Mouse Moved,501.0,100.0,User19,,
1490266819078,Mouse Moved,506.0,94.0,User19,,
1490266819092,Mouse Moved,513.0,87.0,User19,,
1490266819108,Mouse Moved,519.0,82.0,User19,,
1490266819124,Mouse Moved,525.0,76.0,User19,,
1490266819140,Mouse Moved,530.0,70.0,User19,,
1490266819155,Mouse Moved,535.0,65.0,User19,,
1490266819171,Mouse Moved,538.0,59.0,User19,,
1490266819187,Mouse Moved,539.0,57.0,User19,,
1490266819201,Mouse Moved,540.0,57.0,User19,,
1490266819217,Mouse Moved,540.0,54.0,User19,,
1490266819233,Mouse Moved,540.0,53.0,User19,,
1490266819249,Mouse Moved,539.0,52.0,User19,,
1490266819265,Mouse Moved,538.0,49.0,User19,,
1490266819279,Mouse Moved,533.0,46.0,User19,,
1490266819296,Mouse Moved,525.0,42.0,User19,,
1490266819312,Mouse Moved,524.0,42.0,User19,,
1490266819326,Mouse Moved,522.0,40.0,User19,,
1490266819342,Mouse Moved,518.0,39.0,User19,,
1490266819374,Mouse Moved,517.0,39.0,User19,,
1490266819390,Mouse Button.left Pressed,517.0,39.0,User19,,
1490266819467,Mouse Moved,517.0,39.0,User19,,
1490266819631,Mouse Moved,516.0,39.0,User19,,
1490266819647,Mouse Moved,515.0,39.0,User19,,
1490266819663,Mouse Moved,514.0,39.0,User19,,
1490266819678,Mouse Moved,513.0,40.0,User19,,
1490266819694,Mouse Moved,513.0,41.0,User19,,
1490266819710,Mouse Moved,510.0,42.0,User19,,
1490266819724,Mouse Moved,509.0,42.0,User19,,
1490266819740,Mouse Moved,508.0,43.0,User19,,
1490266819756,Mouse Moved,507.0,45.0,User19,,
1490266819772,Mouse Moved,505.0,45.0,User19,,
1490266819788,Mouse Moved,504.0,48.0,User19,,
1490266819802,Mouse Moved,502.0,49.0,User19,,
1490266819819,Mouse Moved,500.0,50.0,User19,,
1490266819835,Mouse Moved,498.0,51.0,User19,,
1490266819849,Mouse Moved,496.0,53.0,User19,,
1490266819865,Mouse Moved,495.0,54.0,User19,,
1490266819881,Mouse Moved,493.0,56.0,User19,,
1490266819897,Mouse Moved,491.0,58.0,User19,,
1490266819913,Mouse Moved,489.0,59.0,User19,,
1490266819927,Mouse Moved,486.0,61.0,User19,,
1490266819944,Mouse Moved,485.0,63.0,User19,,
1490266819959,Mouse Moved,483.0,65.0,User19,,
1490266819974,Mouse Moved,481.0,67.0,User19,,
1490266819990,Mouse Moved,479.0,68.0,User19,,
1490266820006,Mouse Moved,476.0,71.0,User19,,
1490266820022,Mouse Moved,473.0,73.0,User19,,
1490266820036,Mouse Moved,470.0,77.0,User19,,
1490266820052,Mouse Moved,466.0,81.0,User19,,
1490266820069,Mouse Moved,461.0,85.0,User19,,
1490266820084,Mouse Moved,452.0,94.0,User19,,
1490266820099,Mouse Moved,431.0,108.0,User19,,
1490266820115,Mouse Moved,430.0,109.0,User19,,
1490266820131,Mouse Moved,428.0,110.0,User19,,
1490266820147,Mouse Moved,418.0,115.0,User19,,
1490266820161,Mouse Moved,409.0,122.0,User19,,
1490266820177,Mouse Moved,398.0,128.0,User19,,
1490266820193,Mouse Moved,388.0,133.0,User19,,
1490266820209,Mouse Moved,381.0,139.0,User19,,
1490266820224,Mouse Moved,373.0,145.0,User19,,
1490266820240,Mouse Moved,365.0,151.0,User19,,
1490266820256,Mouse Moved,360.0,156.0,User19,,
1490266820427,Mouse Moved,356.0,161.0,User19,,
1490266820459,Mouse Moved,356.0,163.0,User19,,
1490266820473,Mouse Moved,357.0,164.0,User19,,
1490266820490,Mouse Moved,357.0,165.0,User19,,
1490266820520,Mouse Moved,358.0,166.0,User19,,
1490266820536,Mouse Moved,358.0,167.0,User19,,
1490266820598,Mouse Moved,359.0,167.0,User19,,
1490266820615,Mouse Moved,359.0,168.0,User19,,
1490266820661,Mouse Moved,359.0,169.0,User19,,
1490266820739,Mouse Moved,360.0,169.0,User19,,
1490266820848,Mouse Moved,360.0,170.0,User19,,
1490266820880,Mouse Moved,360.0,172.0,User19,,
1490266820894,Mouse Moved,359.0,175.0,User19,,
1490266820911,Mouse Moved,356.0,179.0,User19,,
1490266820927,Mouse Moved,354.0,183.0,User19,,
1490266820941,Mouse Moved,352.0,186.0,User19,,
1490266820957,Mouse Moved,351.0,186.0,User19,,
1490266822532,Mouse Moved,350.0,186.0,User19,,
1490266822891,Mouse Moved,350.0,187.0,User19,,
1490266822907,Mouse Moved,350.0,189.0,User19,,
1490266822923,Mouse Moved,350.0,192.0,User19,,
1490266822938,Mouse Moved,350.0,194.0,User19,,
1490266822954,Mouse Moved,349.0,198.0,User19,,
1490266822970,Mouse Moved,347.0,202.0,User19,,
1490266822986,Mouse Moved,343.0,210.0,User19,,
1490266823000,Mouse Moved,342.0,213.0,User19,,
1490266823016,Mouse Moved,340.0,215.0,User19,,
1490266823032,Mouse Moved,339.0,216.0,User19,,
1490266823048,Mouse Moved,338.0,217.0,User19,,
1490266823063,Mouse Moved,337.0,217.0,User19,,
1490266823078,Mouse Moved,336.0,219.0,User19,,
1490266823095,Mouse Moved,333.0,222.0,User19,,
1490266823111,Mouse Moved,332.0,224.0,User19,,
1490266823125,Mouse Moved,324.0,232.0,User19,,
1490266823141,Mouse Moved,314.0,243.0,User19,,
1490266823157,Mouse Moved,313.0,243.0,User19,,
1490266823173,Mouse Moved,313.0,244.0,User19,,
1490266823188,Mouse Moved,308.0,248.0,User19,,
1490266823203,Mouse Moved,303.0,253.0,User19,,
1490266823220,Mouse Moved,297.0,256.0,User19,,
1490266823234,Mouse Moved,293.0,259.0,User19,,
1490266823250,Mouse Moved,288.0,262.0,User19,,
1490266823266,Mouse Moved,281.0,265.0,User19,,
1490266823282,Mouse Moved,278.0,267.0,User19,,
1490266823298,Mouse Moved,273.0,270.0,User19,,
1490266823312,Mouse Moved,272.0,270.0,User19,,
1490266823328,Mouse Moved,271.0,270.0,User19,,
1490266823453,Mouse Moved,271.0,271.0,User19,,
1490266823469,Mouse Moved,270.0,272.0,User19,,
1490266823484,Mouse Moved,268.0,274.0,User19,,
1490266823500,Mouse Moved,267.0,276.0,User19,,
1490266823516,Mouse Moved,265.0,278.0,User19,,
1490266823532,Mouse Moved,264.0,279.0,User19,,
1490266823546,Mouse Moved,262.0,283.0,User19,,
1490266823562,Mouse Moved,261.0,287.0,User19,,
1490266823578,Mouse Moved,259.0,291.0,User19,,
1490266823594,Mouse Moved,258.0,291.0,User19,,
1490266823609,Mouse Moved,258.0,292.0,User19,,
1490266823750,Mouse Moved,258.0,290.0,User19,,
1490266823844,Mouse Moved,258.0,289.0,User19,,
1490266823875,Mouse Moved,258.0,287.0,User19,,
1490266823891,Mouse Moved,257.0,286.0,User19,,
1490266823905,Mouse Moved,256.0,285.0,User19,,
1490266823921,Mouse Moved,256.0,284.0,User19,,
1490266823983,Mouse Moved,255.0,283.0,User19,,
1490266824000,Mouse Moved,255.0,281.0,User19,,
1490266824500,Mouse Moved,255.0,281.0,User19,,
1490266824562,Mouse Moved,255.0,281.0,User19,,
1490266824640,Mouse Moved,255.0,281.0,User19,,
1490266824704,Mouse Moved,255.0,281.0,User19,,
1490266824707,Mouse Button.left Released,255.0,281.0,User19,,
1490266824974,Mouse Moved,254.0,281.0,User19,,
1490266825131,Mouse Moved,253.0,281.0,User19,,
1490266825209,Mouse Moved,252.0,282.0,User19,,
1490266825224,Mouse Moved,252.0,284.0,User19,,
1490266825240,Mouse Moved,253.0,287.0,User19,,
1490266825256,Mouse Moved,257.0,294.0,User19,,
1490266825270,Mouse Moved,262.0,304.0,User19,,
1490266825286,Mouse Moved,268.0,316.0,User19,,
1490266825302,Mouse Moved,268.0,317.0,User19,,
1490266825318,Mouse Moved,272.0,324.0,User19,,
1490266825334,Mouse Moved,276.0,336.0,User19,,
1490266825348,Mouse Moved,279.0,346.0,User19,,
1490266825365,Mouse Moved,281.0,356.0,User19,,
1490266825381,Mouse Moved,281.0,366.0,User19,,
1490266825395,Mouse Moved,282.0,374.0,User19,,
1490266825473,Mouse Moved,282.0,376.0,User19,,
1490266825490,Mouse Moved,281.0,376.0,User19,,
1490266825505,Mouse Moved,280.0,377.0,User19,,
1490266825755,Mouse Moved,278.0,379.0,User19,,
1490266825802,Mouse Moved,278.0,378.0,User19,,
1490266825816,Mouse Moved,278.0,376.0,User19,,
1490266825832,Mouse Moved,278.0,375.0,User19,,
1490266825848,Mouse Moved,277.0,374.0,User19,,
1490266825864,Mouse Moved,277.0,372.0,User19,,
1490266825880,Mouse Moved,276.0,372.0,User19,,
1490266825894,Mouse Moved,276.0,371.0,User19,,
1490266825911,Mouse Moved,275.0,370.0,User19,,
1490266825927,Mouse Moved,275.0,369.0,User19,,
1490266826036,Mouse Moved,275.0,368.0,User19,,
1490266826051,Mouse Moved,274.0,366.0,User19,,
1490266826066,Mouse Moved,274.0,365.0,User19,,
1490266826082,Mouse Moved,274.0,364.0,User19,,
1490266826098,Mouse Moved,273.0,363.0,User19,,
1490266826114,Mouse Moved,273.0,362.0,User19,,
1490266826128,Mouse Moved,272.0,361.0,User19,,
1490266826144,Mouse Moved,272.0,360.0,User19,,
1490266826176,Mouse Moved,271.0,359.0,User19,,
1490266826223,Mouse Moved,271.0,359.0,User19,,
1490266826348,Mouse Moved,271.0,359.0,User19,,
1490266826410,Mouse Moved,271.0,359.0,User19,,
1490266826426,Mouse Button.right Pressed,271.0,359.0,User19,,
1490266826519,Mouse Moved,271.0,359.0,User19,,
1490266826535,Mouse Button.right Released,271.0,359.0,User19,,
1490266826582,Mouse Moved,270.0,359.0,User19,,
1490266826737,Mouse Moved,273.0,361.0,User19,,
1490266826753,Mouse Moved,277.0,365.0,User19,,
1490266826769,Mouse Moved,281.0,369.0,User19,,
1490266826785,Mouse Moved,282.0,371.0,User19,,
1490266826799,Mouse Moved,284.0,373.0,User19,,
1490266826815,Mouse Moved,288.0,375.0,User19,,
1490266826831,Mouse Moved,290.0,376.0,User19,,
1490266826846,Mouse Moved,293.0,378.0,User19,,
1490266826861,Mouse Moved,298.0,383.0,User19,,
1490266826878,Mouse Moved,304.0,388.0,User19,,
1490266826908,Mouse Moved,309.0,394.0,User19,,
1490266826924,Mouse Moved,309.0,395.0,User19,,
1490266826940,Mouse Moved,311.0,397.0,User19,,
1490266826956,Mouse Moved,320.0,407.0,User19,,
1490266826986,Mouse Moved,324.0,416.0,User19,,
1490266827003,Mouse Moved,323.0,416.0,User19,,
1490266827017,Mouse Moved,323.0,417.0,User19,,
1490266827033,Mouse Moved,323.0,419.0,User19,,
1490266827049,Mouse Moved,323.0,421.0,User19,,
1490266827065,Mouse Moved,323.0,423.0,User19,,
1490266827081,Mouse Moved,323.0,425.0,User19,,
1490266827095,Mouse Moved,324.0,427.0,User19,,
1490266827111,Mouse Moved,327.0,433.0,User19,,
1490266827128,Mouse Moved,337.0,447.0,User19,,
1490266827142,Mouse Moved,344.0,457.0,User19,,
1490266827158,Mouse Moved,344.0,458.0,User19,,
1490266827174,Mouse Moved,346.0,461.0,User19,,
1490266827190,Mouse Moved,352.0,470.0,User19,,
1490266827206,Mouse Moved,358.0,479.0,User19,,
1490266827220,Mouse Moved,366.0,490.0,User19,,
1490266827236,Mouse Moved,374.0,506.0,User19,,
1490266827252,Mouse Moved,381.0,518.0,User19,,
1490266827267,Mouse Moved,387.0,529.0,User19,,
1490266827283,Mouse Moved,393.0,543.0,User19,,
1490266827299,Mouse Moved,398.0,556.0,User19,,
1490266827315,Mouse Moved,404.0,572.0,User19,,
1490266827329,Mouse Moved,407.0,585.0,User19,,
1490266827345,Mouse Moved,411.0,600.0,User19,,
1490266827361,Mouse Moved,414.0,612.0,User19,,
1490266827377,Mouse Moved,416.0,623.0,User19,,
1490266827392,Mouse Moved,418.0,634.0,User19,,
1490266827407,Mouse Moved,419.0,643.0,User19,,
1490266827424,Mouse Moved,421.0,651.0,User19,,
1490266827440,Mouse Moved,421.0,656.0,User19,,
1490266827454,Mouse Moved,421.0,658.0,User19,,
1490266827470,Mouse Moved,419.0,661.0,User19,,
1490266827486,Mouse Moved,418.0,663.0,User19,,
1490266827502,Mouse Moved,417.0,666.0,User19,,
1490266827517,Mouse Moved,416.0,667.0,User19,,
1490266829421,Mouse Moved,416.0,667.0,User19,,
1490266829654,Mouse Moved,416.0,667.0,User19,,
1490266830013,Mouse Moved,415.0,667.0,User19,,
1490266830184,Mouse Moved,414.0,667.0,User19,,
1490266830263,Mouse Moved,413.0,667.0,User19,,
1490266830528,Mouse Moved,413.0,666.0,User19,,
1490266830543,Mouse Moved,413.0,665.0,User19,,
1490266830559,Mouse Moved,413.0,663.0,User19,,
1490266830575,Mouse Moved,413.0,661.0,User19,,
1490266830591,Mouse Moved,413.0,656.0,User19,,
1490266830605,Mouse Moved,413.0,649.0,User19,,
1490266830621,Mouse Moved,414.0,639.0,User19,,
1490266830638,Mouse Moved,414.0,626.0,User19,,
1490266830653,Mouse Moved,414.0,616.0,User19,,
1490266830668,Mouse Moved,414.0,605.0,User19,,
1490266830684,Mouse Moved,414.0,593.0,User19,,
1490266830700,Mouse Moved,414.0,579.0,User19,,
1490266830716,Mouse Moved,414.0,560.0,User19,,
1490266830730,Mouse Moved,415.0,538.0,User19,,
1490266830746,Mouse Moved,415.0,517.0,User19,,
1490266830762,Mouse Moved,415.0,502.0,User19,,
1490266830778,Mouse Moved,415.0,483.0,User19,,
1490266830793,Mouse Moved,415.0,470.0,User19,,
1490266830809,Mouse Moved,414.0,456.0,User19,,
1490266830825,Mouse Moved,412.0,443.0,User19,,
1490266830839,Mouse Moved,411.0,433.0,User19,,
1490266830855,Mouse Moved,410.0,421.0,User19,,
1490266830871,Mouse Moved,408.0,412.0,User19,,
1490266830887,Mouse Moved,408.0,405.0,User19,,
1490266830903,Mouse Moved,408.0,404.0,User19,,
1490266830917,Mouse Moved,407.0,404.0,User19,,
1490266830934,Mouse Moved,406.0,403.0,User19,,
1490266830950,Mouse Moved,404.0,403.0,User19,,
1490266830964,Mouse Moved,400.0,403.0,User19,,
1490266830980,Mouse Moved,395.0,402.0,User19,,
1490266830996,Mouse Moved,391.0,401.0,User19,,
1490266831012,Mouse Moved,385.0,401.0,User19,,
1490266831028,Mouse Moved,380.0,401.0,User19,,
1490266831042,Mouse Moved,376.0,401.0,User19,,
1490266831059,Mouse Moved,372.0,402.0,User19,,
1490266831089,Mouse Moved,371.0,402.0,User19,,
1490266831105,Mouse Moved,369.0,403.0,User19,,
1490266831121,Mouse Moved,368.0,404.0,User19,,
1490266831137,Mouse Moved,364.0,406.0,User19,,
1490266831151,Mouse Moved,359.0,407.0,User19,,
1490266831167,Mouse Moved,355.0,409.0,User19,,
1490266831184,Mouse Moved,351.0,410.0,User19,,
1490266831198,Mouse Moved,350.0,411.0,User19,,
1490266831276,Mouse Moved,349.0,411.0,User19,,
1490266831308,Mouse Moved,349.0,411.0,User19,,
1490266831605,Mouse Moved,348.0,411.0,User19,,
1490266831667,Mouse Moved,347.0,411.0,User19,,
1490266831808,Mouse Moved,346.0,411.0,User19,,
1490266831869,Mouse Moved,345.0,411.0,User19,,
1490266831917,Mouse Moved,344.0,411.0,User19,,
1490266831931,Mouse Moved,343.0,411.0,User19,,
1490266831979,Mouse Moved,342.0,411.0,User19,,
1490266832042,Mouse Moved,341.0,411.0,User19,,
1490266832088,Mouse Moved,340.0,411.0,User19,,
1490266832134,Mouse Moved,339.0,411.0,User19,,
1490266832181,Mouse Moved,339.0,412.0,User19,,
1490266832197,Mouse Moved,338.0,412.0,User19,,
1490266832213,Mouse Moved,338.0,414.0,User19,,
1490266832229,Mouse Moved,337.0,416.0,User19,,
1490266832243,Mouse Moved,337.0,418.0,User19,,
1490266832259,Mouse Moved,337.0,421.0,User19,,
1490266832276,Mouse Moved,338.0,423.0,User19,,
1490266832290,Mouse Moved,339.0,425.0,User19,,
1490266832306,Mouse Moved,341.0,429.0,User19,,
1490266832322,Mouse Moved,344.0,433.0,User19,,
1490266832338,Mouse Moved,347.0,437.0,User19,,
1490266832354,Mouse Moved,353.0,443.0,User19,,
1490266832368,Mouse Moved,358.0,447.0,User19,,
1490266832384,Mouse Moved,363.0,451.0,User19,,
1490266832400,Mouse Moved,366.0,453.0,User19,,
1490266832415,Mouse Moved,370.0,456.0,User19,,
1490266832431,Mouse Moved,374.0,459.0,User19,,
1490266832447,Mouse Moved,376.0,460.0,User19,,
1490266832463,Mouse Moved,381.0,463.0,User19,,
1490266832477,Mouse Moved,385.0,466.0,User19,,
1490266832493,Mouse Moved,389.0,469.0,User19,,
1490266832509,Mouse Moved,393.0,472.0,User19,,
1490266832525,Mouse Moved,396.0,473.0,User19,,
1490266832540,Mouse Moved,398.0,475.0,User19,,
1490266832555,Mouse Moved,402.0,477.0,User19,,
1490266832572,Mouse Moved,405.0,480.0,User19,,
1490266832588,Mouse Moved,409.0,484.0,User19,,
1490266832602,Mouse Moved,414.0,488.0,User19,,
1490266832618,Mouse Moved,419.0,493.0,User19,,
1490266832634,Mouse Moved,426.0,498.0,User19,,
1490266832650,Mouse Moved,430.0,503.0,User19,,
1490266832665,Mouse Moved,438.0,508.0,User19,,
1490266832680,Mouse Moved,444.0,514.0,User19,,
1490266832697,Mouse Moved,449.0,520.0,User19,,
1490266832711,Mouse Moved,457.0,526.0,User19,,
1490266832727,Mouse Moved,465.0,534.0,User19,,
1490266832743,Mouse Moved,473.0,541.0,User19,,
1490266832759,Mouse Moved,481.0,547.0,User19,,
1490266832775,Mouse Moved,488.0,553.0,User19,,
1490266832789,Mouse Moved,495.0,559.0,User19,,
1490266832805,Mouse Moved,503.0,565.0,User19,,
1490266832822,Mouse Moved,508.0,568.0,User19,,
1490266832836,Mouse Moved,514.0,574.0,User19,,
1490266832852,Mouse Moved,520.0,579.0,User19,,
1490266832868,Mouse Moved,525.0,585.0,User19,,
1490266832884,Mouse Moved,530.0,591.0,User19,,
1490266832900,Mouse Moved,536.0,597.0,User19,,
1490266832914,Mouse Moved,541.0,604.0,User19,,
1490266832930,Mouse Moved,546.0,612.0,User19,,
1490266832946,Mouse Moved,549.0,617.0,User19,,
1490266832961,Mouse Moved,551.0,624.0,User19,,
1490266832977,Mouse Moved,552.0,634.0,User19,,
1490266832993,Mouse Moved,550.0,639.0,User19,,
1490266833009,Mouse Moved,547.0,640.0,User19,,
1490266833023,Mouse Moved,543.0,640.0,User19,,
1490266833039,Mouse Moved,538.0,640.0,User19,,
1490266833055,Mouse Moved,530.0,640.0,User19,,
1490266833071,Mouse Moved,522.0,640.0,User19,,
1490266833086,Mouse Moved,513.0,640.0,User19,,
1490266833101,Mouse Moved,506.0,640.0,User19,,
1490266833118,Mouse Moved,502.0,640.0,User19,,
1490266833134,Mouse Moved,500.0,640.0,User19,,
1490266833289,Mouse Moved,501.0,640.0,User19,,
1490266833305,Mouse Moved,502.0,640.0,User19,,
1490266833321,Mouse Moved,502.0,641.0,User19,,
1490266833335,Mouse Moved,504.0,641.0,User19,,
1490266833351,Mouse Moved,505.0,642.0,User19,,
1490266833368,Mouse Moved,505.0,644.0,User19,,
1490266833382,Mouse Moved,507.0,647.0,User19,,
1490266833398,Mouse Moved,509.0,649.0,User19,,
1490266833414,Mouse Moved,510.0,654.0,User19,,
1490266833430,Mouse Moved,514.0,661.0,User19,,
1490266833446,Mouse Moved,516.0,664.0,User19,,
1490266833460,Mouse Moved,520.0,671.0,User19,,
1490266833476,Mouse Moved,525.0,679.0,User19,,
1490266833492,Mouse Moved,530.0,687.0,User19,,
1490266833507,Mouse Moved,535.0,695.0,User19,,
1490266833523,Mouse Moved,541.0,704.0,User19,,
1490266833539,Mouse Moved,546.0,711.0,User19,,
1490266833555,Mouse Moved,551.0,719.0,User19,,
1490266833569,Mouse Moved,555.0,727.0,User19,,
1490266833585,Mouse Moved,559.0,736.0,User19,,
1490266833601,Mouse Moved,563.0,744.0,User19,,
1490266833617,Mouse Moved,566.0,752.0,User19,,
1490266833632,Mouse Moved,570.0,761.0,User19,,
1490266833648,Mouse Moved,573.0,769.0,User19,,
1490266833664,Mouse Moved,575.0,776.0,User19,,
1490266833680,Mouse Moved,575.0,778.0,User19,,
1490266833694,Mouse Moved,575.0,780.0,User19,,
1490266833944,Mouse Moved,575.0,780.0,User19,,
1490266834085,Mouse Moved,575.0,780.0,User19,,
1490266834834,Mouse Moved,575.0,779.0,User19,,
1490266834848,Mouse Moved,574.0,778.0,User19,,
1490266834865,Mouse Moved,571.0,776.0,User19,,
1490266834881,Mouse Moved,566.0,772.0,User19,,
1490266834895,Mouse Moved,558.0,767.0,User19,,
1490266834911,Mouse Moved,550.0,763.0,User19,,
1490266834927,Mouse Moved,541.0,757.0,User19,,
1490266834943,Mouse Moved,528.0,750.0,User19,,
1490266834959,Mouse Moved,515.0,743.0,User19,,
1490266834973,Mouse Moved,500.0,736.0,User19,,
1490266834990,Mouse Moved,482.0,728.0,User19,,
1490266835005,Mouse Moved,462.0,720.0,User19,,
1490266835020,Mouse Moved,446.0,713.0,User19,,
1490266835036,Mouse Moved,426.0,706.0,User19,,
1490266835052,Mouse Moved,410.0,700.0,User19,,
1490266835068,Mouse Moved,393.0,693.0,User19,,
1490266835082,Mouse Moved,379.0,689.0,User19,,
1490266835098,Mouse Moved,369.0,685.0,User19,,
1490266835115,Mouse Moved,362.0,682.0,User19,,
1490266839747,Mouse Moved,358.0,679.0,User19,,
1490266839809,Mouse Moved,358.0,678.0,User19,,
1490266839825,Mouse Moved,358.0,677.0,User19,,
1490266839841,Mouse Moved,358.0,676.0,User19,,
1490266839872,Mouse Moved,358.0,675.0,User19,,
1490266839904,Mouse Moved,358.0,674.0,User19,,
1490266839918,Mouse Moved,359.0,674.0,User19,,
1490266839950,Mouse Moved,360.0,673.0,User19,,
1490266839996,Mouse Moved,360.0,672.0,User19,,
1490266840013,Mouse Moved,360.0,671.0,User19,,
1490266840029,Mouse Moved,361.0,671.0,User19,,
1490266840043,Mouse Moved,361.0,670.0,User19,,
1490266840059,Mouse Moved,362.0,669.0,User19,,
1490266840075,Mouse Moved,363.0,669.0,User19,,
1490266840107,Mouse Moved,364.0,667.0,User19,,
1490266840138,Mouse Moved,365.0,667.0,User19,,
1490266840153,Mouse Moved,366.0,666.0,User19,,
1490266840168,Mouse Moved,366.0,665.0,User19,,
1490266840184,Mouse Moved,367.0,664.0,User19,,
1490266840200,Mouse Moved,369.0,664.0,User19,,
1490266840216,Mouse Moved,369.0,663.0,User19,,
1490266840230,Mouse Moved,370.0,662.0,User19,,
1490266840246,Mouse Moved,372.0,662.0,User19,,
1490266840263,Mouse Moved,373.0,661.0,User19,,
1490266840278,Mouse Moved,375.0,660.0,User19,,
1490266840293,Mouse Moved,376.0,659.0,User19,,
1490266840309,Mouse Moved,377.0,659.0,User19,,
1490266840325,Mouse Moved,378.0,659.0,User19,,
1490266840341,Mouse Moved,380.0,658.0,User19,,
1490266840355,Mouse Moved,381.0,657.0,User19,,
1490266840371,Mouse Moved,383.0,656.0,User19,,
1490266840387,Mouse Moved,384.0,656.0,User19,,
1490266840403,Mouse Moved,385.0,656.0,User19,,
1490266840418,Mouse Moved,385.0,655.0,User19,,
1490266840434,Mouse Moved,386.0,655.0,User19,,
1490266840480,Mouse Moved,387.0,655.0,User19,,
1490266841447,Mouse Moved,387.0,654.0,User19,,
1490266841463,Mouse Moved,388.0,654.0,User19,,
1490266841479,Mouse Moved,389.0,653.0,User19,,
1490266841494,Mouse Moved,392.0,650.0,User19,,
1490266841510,Mouse Moved,393.0,648.0,User19,,
1490266841526,Mouse Moved,396.0,646.0,User19,,
1490266841542,Mouse Moved,398.0,644.0,User19,,
1490266841556,Mouse Moved,399.0,643.0,User19,,
1490266841619,Mouse Moved,399.0,643.0,User19,,
1490266841729,Mouse Moved,399.0,643.0,User19,,
1490266841901,Mouse Moved,399.0,644.0,User19,,
1490266841915,Mouse Moved,399.0,646.0,User19,,
1490266841931,Mouse Moved,399.0,647.0,User19,,
1490266841947,Mouse Moved,399.0,648.0,User19,,
1490266841963,Mouse Moved,399.0,649.0,User19,,
1490266841979,Mouse Moved,399.0,650.0,User19,,
1490266841993,Mouse Moved,399.0,651.0,User19,,
1490266842009,Mouse Moved,399.0,652.0,User19,,
1490266842025,Mouse Moved,399.0,654.0,User19,,
1490266842040,Mouse Moved,399.0,655.0,User19,,
1490266842056,Mouse Moved,399.0,655.0,User19,,
1490266842150,Mouse Moved,399.0,655.0,User19,,
1490266842213,Mouse Moved,399.0,656.0,User19,,
1490266842227,Mouse Moved,399.0,657.0,User19,,
1490266842243,Mouse Moved,399.0,660.0,User19,,
1490266842259,Mouse Moved,400.0,665.0,User19,,
1490266842275,Mouse Moved,401.0,672.0,User19,,
1490266842290,Mouse Moved,401.0,678.0,User19,,
1490266842305,Mouse Moved,402.0,687.0,User19,,
1490266842322,Mouse Moved,402.0,696.0,User19,,
1490266842336,Mouse Moved,402.0,706.0,User19,,
1490266842352,Mouse Moved,402.0,716.0,User19,,
1490266842368,Mouse Moved,402.0,723.0,User19,,
1490266842384,Mouse Moved,402.0,729.0,User19,,
1490266842400,Mouse Moved,402.0,739.0,User19,,
1490266842414,Mouse Moved,403.0,750.0,User19,,
1490266842430,Mouse Moved,403.0,760.0,User19,,
1490266842447,Mouse Moved,404.0,768.0,User19,,
1490266842461,Mouse Moved,405.0,777.0,User19,,
1490266842477,Mouse Moved,405.0,785.0,User19,,
1490266842493,Mouse Moved,405.0,787.0,User19,,
1490266842509,Mouse Moved,405.0,789.0,User19,,
1490266842539,Mouse Moved,405.0,790.0,User19,,
1490266842571,Mouse Moved,405.0,790.0,User19,,
1490266842648,Mouse Moved,405.0,790.0,User19,,
1490266842664,Mouse Button.left Released,405.0,790.0,User19,,
1490266843039,Mouse Moved,405.0,789.0,User19,,
1490266843055,Mouse Moved,405.0,788.0,User19,,
1490266843085,Mouse Moved,405.0,787.0,User19,,
1490266843117,Mouse Moved,405.0,786.0,User19,,
1490266843148,Mouse Moved,405.0,785.0,User19,,
1490266843180,Mouse Moved,405.0,784.0,User19,,
1490266843273,Mouse Moved,405.0,783.0,User19,,
1490266843289,Mouse Moved,405.0,782.0,User19,,
1490266843319,Mouse Moved,405.0,781.0,User19,,
1490266843351,Mouse Moved,405.0,780.0,User19,,
1490266843381,Mouse Moved,405.0,779.0,User19,,
1490266843414,Mouse Moved,405.0,778.0,User19,,
1490266843444,Mouse Moved,405.0,776.0,User19,,
1490266843476,Mouse Moved,405.0,775.0,User19,,
1490266843523,Mouse Moved,405.0,774.0,User19,,
1490266843538,Mouse Moved,405.0,773.0,User19,,
1490266843601,Mouse Moved,405.0,772.0,User19,,
1490266843694,Mouse Moved,405.0,771.0,User19,,
1490266843740,Mouse Moved,405.0,769.0,User19,,
1490266843788,Mouse Moved,406.0,768.0,User19,,
1490266843835,Mouse Moved,406.0,766.0,User19,,
1490266843849,Mouse Moved,406.0,765.0,User19,,
1490266843865,Mouse Moved,407.0,765.0,User19,,
1490266843881,Mouse Moved,407.0,764.0,User19,,
1490266843897,Mouse Moved,408.0,764.0,User19,,
1490266843913,Mouse Moved,408.0,763.0,User19,,
1490266843927,Mouse Moved,409.0,762.0,User19,,
1490266843944,Mouse Moved,410.0,762.0,User19,,
1490266843960,Mouse Moved,410.0,761.0,User19,,
1490266843974,Mouse Moved,411.0,761.0,User19,,
1490266843990,Mouse Moved,411.0,760.0,User19,,
1490266844022,Mouse Moved,412.0,760.0,User19,,
1490266844038,Mouse Moved,413.0,760.0,User19,,
1490266844052,Mouse Moved,414.0,760.0,User19,,
1490266844069,Mouse Moved,414.0,759.0,User19,,
1490266844084,Mouse Moved,416.0,759.0,User19,,
1490266844099,Mouse Moved,418.0,759.0,User19,,
1490266844115,Mouse Moved,419.0,758.0,User19,,
1490266844131,Mouse Moved,422.0,758.0,User19,,
1490266844147,Mouse Moved,424.0,758.0,User19,,
1490266844161,Mouse Moved,429.0,758.0,User19,,
1490266844177,Mouse Moved,432.0,758.0,User19,,
1490266844194,Mouse Moved,435.0,759.0,User19,,
1490266844209,Mouse Moved,440.0,759.0,User19,,
1490266844224,Mouse Moved,443.0,760.0,User19,,
1490266844240,Mouse Moved,448.0,760.0,User19,,
1490266844256,Mouse Moved,454.0,762.0,User19,,
1490266844272,Mouse Moved,458.0,763.0,User19,,
1490266844286,Mouse Moved,465.0,765.0,User19,,
1490266844302,Mouse Moved,470.0,766.0,User19,,
1490266844318,Mouse Moved,474.0,767.0,User19,,
1490266844334,Mouse Moved,478.0,768.0,User19,,
1490266844349,Mouse Moved,481.0,768.0,User19,,
1490266845910,Mouse Moved,482.0,768.0,User19,,
1490266845924,Mouse Moved,483.0,767.0,User19,,
1490266845940,Mouse Moved,484.0,767.0,User19,,
1490266845971,Mouse Moved,486.0,767.0,User19,,
1490266845987,Mouse Moved,493.0,765.0,User19,,
1490266846003,Mouse Moved,499.0,764.0,User19,,
1490266846019,Mouse Moved,509.0,762.0,User19,,
1490266846033,Mouse Moved,521.0,760.0,User19,,
1490266846049,Mouse Moved,530.0,758.0,User19,,
1490266846065,Mouse Moved,544.0,756.0,User19,,
1490266846081,Mouse Moved,557.0,753.0,User19,,
1490266846096,Mouse Moved,573.0,750.0,User19,,
1490266846111,Mouse Moved,590.0,745.0,User19,,
1490266846128,Mouse Moved,605.0,740.0,User19,,
1490266846144,Mouse Moved,623.0,734.0,User19,,
1490266846158,Mouse Moved,638.0,727.0,User19,,
1490266846174,Mouse Moved,652.0,720.0,User19,,
1490266846190,Mouse Moved,666.0,712.0,User19,,
1490266846206,Mouse Moved,676.0,705.0,User19,,
1490266846221,Mouse Moved,689.0,695.0,User19,,
1490266846236,Mouse Moved,700.0,685.0,User19,,
1490266846253,Mouse Moved,712.0,675.0,User19,,
1490266846267,Mouse Moved,726.0,662.0,User19,,
1490266846283,Mouse Moved,742.0,649.0,User19,,
1490266846299,Mouse Moved,760.0,634.0,User19,,
1490266846315,Mouse Moved,781.0,618.0,User19,,
1490266846331,Mouse Moved,796.0,606.0,User19,,
1490266846345,Mouse Moved,815.0,590.0,User19,,
1490266846361,Mouse Moved,831.0,576.0,User19,,
1490266846378,Mouse Moved,843.0,564.0,User19,,
1490266846392,Mouse Moved,853.0,555.0,User19,,
1490266846408,Mouse Moved,863.0,545.0,User19,,
1490266846424,Mouse Moved,871.0,537.0,User19,,
1490266846440,Mouse Moved,879.0,530.0,User19,,
1490266846456,Mouse Moved,887.0,524.0,User19,,
1490266846470,Mouse Moved,892.0,518.0,User19,,
1490266846486,Mouse Moved,898.0,514.0,User19,,
1490266846502,Mouse Moved,906.0,508.0,User19,,
1490266846517,Mouse Moved,914.0,505.0,User19,,
1490266846533,Mouse Moved,923.0,504.0,User19,,
1490266846549,Mouse Moved,932.0,503.0,User19,,
1490266846565,Mouse Moved,942.0,503.0,User19,,
1490266846579,Mouse Moved,950.0,505.0,User19,,
1490266846595,Mouse Moved,957.0,509.0,User19,,
1490266846611,Mouse Moved,962.0,515.0,User19,,
1490266846627,Mouse Moved,966.0,522.0,User19,,
1490266846752,Mouse Moved,966.0,527.0,User19,,
1490266846782,Mouse Moved,965.0,527.0,User19,,
1490266846799,Mouse Moved,964.0,527.0,User19,,
1490266846845,Mouse Moved,963.0,527.0,User19,,
1490266847345,Mouse Moved,963.0,527.0,User19,,
1490266847407,Mouse Moved,963.0,527.0,User19,,
1490266847578,Mouse Moved,962.0,527.0,User19,,
1490266847594,Mouse Moved,961.0,527.0,User19,,
1490266847609,Mouse Moved,959.0,526.0,User19,,
1490266847625,Mouse Moved,956.0,525.0,User19,,
1490266847641,Mouse Moved,951.0,523.0,User19,,
1490266847657,Mouse Moved,945.0,520.0,User19,,
1490266847671,Mouse Moved,938.0,516.0,User19,,
1490266847687,Mouse Moved,931.0,512.0,User19,,
1490266847703,Mouse Moved,925.0,509.0,User19,,
1490266847719,Mouse Moved,918.0,506.0,User19,,
1490266847734,Mouse Moved,915.0,502.0,User19,,
1490266847750,Mouse Moved,912.0,500.0,User19,,
1490266847766,Mouse Moved,911.0,499.0,User19,,
1490266847782,Mouse Moved,911.0,496.0,User19,,
1490266847796,Mouse Moved,910.0,494.0,User19,,
1490266847812,Mouse Moved,910.0,492.0,User19,,
1490266847828,Mouse Moved,909.0,486.0,User19,,
1490266847844,Mouse Moved,909.0,482.0,User19,,
1490266847859,Mouse Moved,909.0,478.0,User19,,
1490266847875,Mouse Moved,911.0,470.0,User19,,
1490266847891,Mouse Moved,911.0,467.0,User19,,
1490266847905,Mouse Moved,913.0,463.0,User19,,
1490266847921,Mouse Moved,915.0,457.0,User19,,
1490266847953,Mouse Moved,916.0,454.0,User19,,
1490266848000,Mouse Moved,917.0,454.0,User19,,
1490266848108,Mouse Moved,917.0,454.0,User19,,
1490266848140,Mouse Moved,917.0,455.0,User19,,
1490266848155,Mouse Moved,916.0,457.0,User19,,
1490266848171,Mouse Moved,912.0,459.0,User19,,
1490266848187,Mouse Moved,906.0,462.0,User19,,
1490266848203,Mouse Moved,898.0,466.0,User19,,
1490266848217,Mouse Moved,888.0,468.0,User19,,
1490266848233,Mouse Moved,875.0,470.0,User19,,
1490266848250,Mouse Moved,860.0,471.0,User19,,
1490266848265,Mouse Moved,842.0,472.0,User19,,
1490266848280,Mouse Moved,825.0,472.0,User19,,
1490266848296,Mouse Moved,806.0,470.0,User19,,
1490266848312,Mouse Moved,787.0,468.0,User19,,
1490266848328,Mouse Moved,769.0,464.0,User19,,
1490266848342,Mouse Moved,752.0,459.0,User19,,
1490266848358,Mouse Moved,737.0,455.0,User19,,
1490266848374,Mouse Moved,723.0,451.0,User19,,
1490266848390,Mouse Moved,710.0,446.0,User19,,
1490266848405,Mouse Moved,709.0,446.0,User19,,
1490266848421,Mouse Moved,700.0,443.0,User19,,
1490266848437,Mouse Moved,693.0,440.0,User19,,
1490266848451,Mouse Moved,685.0,436.0,User19,,
1490266848467,Mouse Moved,675.0,432.0,User19,,
1490266848483,Mouse Moved,671.0,429.0,User19,,
1490266848499,Mouse Moved,666.0,426.0,User19,,
1490266848515,Mouse Moved,661.0,423.0,User19,,
1490266848529,Mouse Moved,658.0,420.0,User19,,
1490266848546,Mouse Moved,655.0,418.0,User19,,
1490266848562,Mouse Moved,651.0,414.0,User19,,
1490266848576,Mouse Moved,648.0,411.0,User19,,
1490266848592,Mouse Moved,646.0,408.0,User19,,
1490266848608,Mouse Moved,641.0,403.0,User19,,
1490266848624,Mouse Moved,640.0,400.0,User19,,
1490266848640,Mouse Moved,637.0,397.0,User19,,
1490266848654,Mouse Moved,635.0,393.0,User19,,
1490266848671,Mouse Moved,632.0,390.0,User19,,
1490266848686,Mouse Moved,630.0,387.0,User19,,
1490266848701,Mouse Moved,628.0,385.0,User19,,
1490266848717,Mouse Moved,626.0,382.0,User19,,
1490266848733,Mouse Moved,624.0,379.0,User19,,
1490266848749,Mouse Moved,623.0,377.0,User19,,
1490266848763,Mouse Moved,622.0,375.0,User19,,
1490266848842,Mouse Moved,622.0,375.0,User19,,
1490266848936,Mouse Moved,622.0,375.0,User19,,
1490266848983,Mouse Moved,621.0,375.0,User19,,
1490266848997,Mouse Moved,620.0,376.0,User19,,
1490266849013,Mouse Moved,619.0,377.0,User19,,
1490266849029,Mouse Moved,619.0,381.0,User19,,
1490266849045,Mouse Moved,618.0,385.0,User19,,
1490266849061,Mouse Moved,617.0,389.0,User19,,
1490266849075,Mouse Moved,616.0,398.0,User19,,
1490266849092,Mouse Moved,615.0,428.0,User19,,
1490266849108,Mouse Moved,615.0,430.0,User19,,
1490266849122,Mouse Moved,613.0,440.0,User19,,
1490266849138,Mouse Moved,611.0,452.0,User19,,
1490266849154,Mouse Moved,610.0,467.0,User19,,
1490266849170,Mouse Moved,610.0,484.0,User19,,
1490266849186,Mouse Moved,610.0,502.0,User19,,
1490266849200,Mouse Moved,610.0,518.0,User19,,
1490266849217,Mouse Moved,609.0,535.0,User19,,
1490266849232,Mouse Moved,607.0,552.0,User19,,
1490266849247,Mouse Moved,604.0,576.0,User19,,
1490266849263,Mouse Moved,599.0,601.0,User19,,
1490266849279,Mouse Moved,591.0,632.0,User19,,
1490266849295,Mouse Moved,580.0,666.0,User19,,
1490266849309,Mouse Moved,563.0,706.0,User19,,
1490266849325,Mouse Moved,542.0,751.0,User19,,
1490266849342,Mouse Moved,519.0,798.0,User19,,
1490266849357,Mouse Moved,491.0,848.0,User19,,
1490266849372,Mouse Moved,462.0,901.0,User19,,
1490266849388,Mouse Moved,437.0,948.0,User19,,
1490266849404,Mouse Moved,417.0,986.0,User19,,
1490266849420,Mouse Moved,403.0,1017.0,User19,,
1490266849434,Mouse Moved,389.0,1046.0,User19,,
1490266849450,Mouse Moved,377.0,1072.0,User19,,
1490266849466,Mouse Moved,362.0,1100.0,User19,,
1490266849482,Mouse Moved,349.0,1127.0,User19,,
1490266849497,Mouse Moved,332.0,1158.0,User19,,
1490266849513,Mouse Moved,317.0,1188.0,User19,,
1490266849529,Mouse Moved,302.0,1218.0,User19,,
1490266849543,Mouse Moved,292.0,1243.0,User19,,
1490266849559,Mouse Moved,281.0,1270.0,User19,,
1490266931427,Mouse Moved,1369.0,1343.0,User19,,
1490266931441,Mouse Moved,1366.0,1342.0,User19,,
1490266931457,Mouse Moved,1353.0,1336.0,User19,,
1490266931473,Mouse Moved,1329.0,1324.0,User19,,
1490266931489,Mouse Moved,1300.0,1310.0,User19,,
1490266931505,Mouse Moved,1273.0,1298.0,User19,,
1490266931519,Mouse Moved,1245.0,1287.0,User19,,
1490266931536,Mouse Moved,1219.0,1276.0,User19,,
1490266931551,Mouse Moved,1190.0,1264.0,User19,,
1490266931566,Mouse Moved,1146.0,1247.0,User19,,
1490266931582,Mouse Moved,1098.0,1228.0,User19,,
1490266931598,Mouse Moved,1049.0,1208.0,User19,,
1490266931614,Mouse Moved,999.0,1186.0,User19,,
1490266931628,Mouse Moved,951.0,1162.0,User19,,
1490266931644,Mouse Moved,908.0,1130.0,User19,,
1490266931661,Mouse Moved,874.0,1097.0,User19,,
1490266931676,Mouse Moved,838.0,1057.0,User19,,
1490266931691,Mouse Moved,804.0,1014.0,User19,,
1490266931707,Mouse Moved,772.0,967.0,User19,,
1490266931723,Mouse Moved,738.0,918.0,User19,,
1490266931739,Mouse Moved,706.0,873.0,User19,,
1490266931753,Mouse Moved,674.0,827.0,User19,,
1490266931769,Mouse Moved,642.0,786.0,User19,,
1490266931785,Mouse Moved,606.0,743.0,User19,,
1490266931801,Mouse Moved,571.0,701.0,User19,,
1490266931816,Mouse Moved,540.0,667.0,User19,,
1490266931832,Mouse Moved,511.0,634.0,User19,,
1490266931848,Mouse Moved,488.0,606.0,User19,,
1490266931862,Mouse Moved,468.0,583.0,User19,,
1490266931878,Mouse Moved,451.0,564.0,User19,,
1490266931894,Mouse Moved,438.0,550.0,User19,,
1490266931910,Mouse Moved,426.0,537.0,User19,,
1490266931926,Mouse Moved,416.0,524.0,User19,,
1490266931940,Mouse Moved,406.0,512.0,User19,,
1490266931957,Mouse Moved,398.0,501.0,User19,,
1490266931973,Mouse Moved,389.0,488.0,User19,,
1490266931987,Mouse Moved,380.0,477.0,User19,,
1490266932003,Mouse Moved,371.0,468.0,User19,,
1490266932019,Mouse Moved,294.0,399.0,User19,,
1490266932035,Mouse Moved,253.0,365.0,User19,,
1490266932611,Mouse Moved,254.0,365.0,User19,,
1490266932628,Mouse Moved,255.0,363.0,User19,,
1490266932642,Mouse Moved,260.0,357.0,User19,,
1490266932658,Mouse Moved,267.0,349.0,User19,,
1490266932674,Mouse Moved,289.0,321.0,User19,,
1490266932690,Mouse Moved,332.0,265.0,User19,,
1490266932706,Mouse Moved,333.0,263.0,User19,,
1490266932720,Mouse Moved,348.0,247.0,User19,,
1490266932736,Mouse Moved,364.0,226.0,User19,,
1490266932753,Mouse Moved,379.0,208.0,User19,,
1490266932767,Mouse Moved,395.0,191.0,User19,,
1490266932783,Mouse Moved,409.0,176.0,User19,,
1490266932799,Mouse Moved,423.0,161.0,User19,,
1490266932815,Mouse Moved,434.0,150.0,User19,,
1490266932831,Mouse Moved,445.0,140.0,User19,,
1490266932845,Mouse Moved,452.0,133.0,User19,,
1490266932861,Mouse Moved,458.0,125.0,User19,,
1490266932877,Mouse Moved,464.0,120.0,User19,,
1490266932892,Mouse Moved,469.0,114.0,User19,,
1490266932908,Mouse Moved,475.0,108.0,User19,,
1490266932924,Mouse Moved,481.0,101.0,User19,,
1490266932940,Mouse Moved,487.0,96.0,User19,,
1490266932954,Mouse Moved,494.0,89.0,User19,,
1490266932970,Mouse Moved,502.0,83.0,User19,,
1490266932986,Mouse Moved,509.0,75.0,User19,,
1490266933002,Mouse Moved,518.0,68.0,User19,,
1490266933017,Mouse Moved,524.0,61.0,User19,,
1490266933032,Mouse Moved,528.0,54.0,User19,,
1490266933049,Mouse Moved,530.0,49.0,User19,,
1490266933065,Mouse Moved,530.0,48.0,User19,,
1490266933079,Mouse Moved,531.0,47.0,User19,,
1490266933111,Mouse Moved,531.0,46.0,User19,,
1490266933127,Mouse Moved,531.0,44.0,User19,,
1490266933142,Mouse Moved,531.0,42.0,User19,,
1490266933157,Mouse Moved,531.0,40.0,User19,,
1490266933188,Mouse Moved,530.0,40.0,User19,,
1490266933252,Mouse Moved,530.0,39.0,User19,,
1490266933299,Mouse Moved,529.0,39.0,User19,,
1490266933329,Mouse Moved,528.0,39.0,User19,,
1490266933345,Mouse Moved,527.0,39.0,User19,,
1490266933361,Mouse Moved,526.0,38.0,User19,,
1490266933407,Mouse Moved,526.0,38.0,User19,,
1490266933486,Mouse Moved,526.0,38.0,User19,,
1490266933562,Mouse Moved,525.0,39.0,User19,,
1490266933563,Mouse Moved,524.0,40.0,User19,,
1490266933576,Mouse Moved,523.0,40.0,User19,,
1490266933584,Mouse Moved,523.0,41.0,User19,,
1490266933586,Mouse Moved,523.0,42.0,User19,,
1490266933605,Mouse Moved,522.0,42.0,User19,,
1490266933638,Mouse Moved,522.0,43.0,User19,,
1490266933654,Mouse Moved,517.0,48.0,User19,,
1490266933670,Mouse Moved,513.0,55.0,User19,,
1490266933686,Mouse Moved,511.0,58.0,User19,,
1490266933700,Mouse Moved,506.0,65.0,User19,,
1490266933888,Mouse Moved,503.0,71.0,User19,,
1490266933950,Mouse Moved,472.0,143.0,User19,,
1490266933967,Mouse Moved,470.0,149.0,User19,,
1490266933982,Mouse Moved,466.0,159.0,User19,,
1490266933997,Mouse Moved,463.0,169.0,User19,,
1490266934013,Mouse Moved,460.0,178.0,User19,,
1490266934029,Mouse Moved,457.0,187.0,User19,,
1490266934045,Mouse Moved,455.0,197.0,User19,,
1490266934059,Mouse Moved,453.0,207.0,User19,,
1490266934075,Mouse Moved,451.0,219.0,User19,,
1490266934091,Mouse Moved,450.0,230.0,User19,,
1490266934107,Mouse Moved,450.0,242.0,User19,,
1490266934122,Mouse Moved,450.0,256.0,User19,,
1490266934138,Mouse Moved,451.0,274.0,User19,,
1490266934154,Mouse Moved,454.0,290.0,User19,,
1490266934168,Mouse Moved,457.0,309.0,User19,,
1490266934184,Mouse Moved,459.0,332.0,User19,,
1490266934200,Mouse Moved,459.0,355.0,User19,,
1490266934216,Mouse Moved,459.0,381.0,User19,,
1490266934232,Mouse Moved,458.0,404.0,User19,,
1490266934246,Mouse Moved,457.0,436.0,User19,,
1490266934263,Mouse Moved,454.0,472.0,User19,,
1490266934279,Mouse Moved,449.0,517.0,User19,,
1490266934293,Mouse Moved,443.0,557.0,User19,,
1490266934309,Mouse Moved,436.0,601.0,User19,,
1490266934325,Mouse Moved,427.0,647.0,User19,,
1490266934341,Mouse Moved,420.0,678.0,User19,,
1490266934357,Mouse Moved,412.0,711.0,User19,,
1490266934371,Mouse Moved,406.0,734.0,User19,,
1490266934388,Mouse Moved,401.0,753.0,User19,,
1490266934403,Mouse Moved,399.0,765.0,User19,,
1490266934418,Mouse Moved,398.0,774.0,User19,,
1490266934434,Mouse Moved,395.0,782.0,User19,,
1490266934450,Mouse Moved,392.0,782.0,User19,,
1490266934466,Mouse Moved,392.0,782.0,User19,,
1490266934496,Mouse Moved,392.0,782.0,User19,,
1490266934513,Mouse Scrolled (0 -1),392.0,782.0,User19,,
1490266934528,Mouse Scrolled (0 -1),392.0,782.0,User19,,
1490266934653,Mouse Moved,392.0,781.0,User19,,
1490266934778,Mouse Moved,392.0,781.0,User19,,
1490266934792,Mouse Moved,392.0,781.0,User19,,
1490266934809,Mouse Moved,392.0,781.0,User19,,
1490266934839,Mouse Moved,392.0,781.0,User19,,
1490266934871,Mouse Scrolled (0 -1),392.0,781.0,User19,,
1490266934917,Mouse Moved,392.0,779.0,User19,,
1490266935059,Mouse Moved,392.0,778.0,User19,,
1490266935073,Mouse Moved,392.0,778.0,User19,,
1490266935089,Mouse Scrolled (0 -1),392.0,778.0,User19,,
1490266935121,Mouse Moved,392.0,778.0,User19,,
1490266935151,Mouse Moved,392.0,778.0,User19,,
1490266935167,Mouse Scrolled (0 -1),392.0,778.0,User19,,
1490266935183,Mouse Moved,392.0,777.0,User19,,
1490266935260,Mouse Moved,393.0,777.0,User19,,
1490266935338,Mouse Moved,393.0,775.0,User19,,
1490266935371,Mouse Moved,393.0,775.0,User19,,
1490266935385,Mouse Moved,393.0,775.0,User19,,
1490266935401,Mouse Moved,393.0,775.0,User19,,
1490266935417,Mouse Scrolled (0 -1),393.0,775.0,User19,,
1490266935572,Mouse Moved,394.0,775.0,User19,,
1490266935588,Mouse Moved,394.0,774.0,User19,,
1490266935605,Mouse Moved,396.0,773.0,User19,,
1490266935619,Mouse Moved,399.0,771.0,User19,,
1490266935651,Mouse Moved,399.0,771.0,User19,,
1490266935667,Mouse Moved,400.0,771.0,User19,,
1490266935683,Mouse Moved,400.0,771.0,User19,,
1490266935697,Mouse Moved,400.0,771.0,User19,,
1490266935713,Mouse Moved,400.0,771.0,User19,,
1490266935729,Mouse Scrolled (0 -1),400.0,771.0,User19,,
1490266935760,Mouse Moved,402.0,771.0,User19,,
1490266935776,Mouse Moved,405.0,771.0,User19,,
1490266935792,Mouse Moved,408.0,771.0,User19,,
1490266935806,Mouse Moved,416.0,773.0,User19,,
1490266935838,Mouse Moved,419.0,775.0,User19,,
1490266935854,Mouse Moved,419.0,776.0,User19,,
1490266935884,Mouse Moved,419.0,777.0,User19,,
1490266935901,Mouse Moved,419.0,778.0,User19,,
1490266935917,Mouse Moved,418.0,778.0,User19,,
1490266935931,Mouse Moved,417.0,780.0,User19,,
1490266935947,Mouse Moved,411.0,791.0,User19,,
1490266935963,Mouse Moved,410.0,792.0,User19,,
1490266935979,Mouse Moved,404.0,802.0,User19,,
1490266935994,Mouse Moved,400.0,809.0,User19,,
1490266936009,Mouse Moved,399.0,811.0,User19,,
1490266936026,Mouse Moved,394.0,822.0,User19,,
1490266936040,Mouse Moved,391.0,827.0,User19,,
1490266936056,Mouse Moved,385.0,837.0,User19,,
1490266936072,Mouse Scrolled (0 -1),385.0,837.0,User19,,
1490266936088,Mouse Moved,380.0,844.0,User19,,
1490266936104,Mouse Moved,379.0,846.0,User19,,
1490266936134,Mouse Moved,376.0,850.0,User19,,
1490266936151,Mouse Moved,375.0,851.0,User19,,
1490266936165,Mouse Moved,375.0,854.0,User19,,
1490266936181,Mouse Moved,378.0,857.0,User19,,
1490266936197,Mouse Moved,379.0,866.0,User19,,
1490266936213,Mouse Moved,376.0,873.0,User19,,
1490266936227,Mouse Moved,374.0,881.0,User19,,
1490266936243,Mouse Moved,371.0,889.0,User19,,
1490266936259,Mouse Moved,370.0,895.0,User19,,
1490266936275,Mouse Moved,369.0,900.0,User19,,
1490266936305,Mouse Moved,367.0,906.0,User19,,
1490266936322,Mouse Scrolled (0 -1),366.0,912.0,User19,,
1490266936338,Mouse Moved,366.0,916.0,User19,,
1490266936352,Mouse Scrolled (0 -1),366.0,917.0,User19,,
1490266936368,Mouse Scrolled (0 -1),366.0,917.0,User19,,
1490266936400,Mouse Moved,367.0,916.0,User19,,
1490266936415,Mouse Moved,371.0,916.0,User19,,
1490266936430,Mouse Moved,377.0,914.0,User19,,
1490266936447,Mouse Moved,386.0,911.0,User19,,
1490266936461,Mouse Moved,394.0,908.0,User19,,
1490266936477,Mouse Moved,405.0,905.0,User19,,
1490266936493,Mouse Moved,405.0,908.0,User19,,
1490266936509,Mouse Moved,405.0,910.0,User19,,
1490266936539,Mouse Moved,405.0,912.0,User19,,
1490266936555,Mouse Moved,406.0,916.0,User19,,
1490266936572,Mouse Moved,407.0,917.0,User19,,
1490266936602,Mouse Scrolled (0 -1),407.0,917.0,User19,,
1490266936618,Mouse Moved,408.0,917.0,User19,,
1490266936634,Mouse Moved,408.0,918.0,User19,,
1490266936650,Mouse Moved,410.0,920.0,User19,,
1490266936664,Mouse Moved,413.0,923.0,User19,,
1490266936743,Mouse Moved,420.0,925.0,User19,,
1490266936759,Mouse Moved,420.0,927.0,User19,,
1490266936773,Mouse Moved,419.0,929.0,User19,,
1490266936789,Mouse Scrolled (0 -1),418.0,931.0,User19,,
1490266936805,Mouse Moved,418.0,935.0,User19,,
1490266936821,Mouse Moved,418.0,937.0,User19,,
1490266936836,Mouse Moved,419.0,941.0,User19,,
1490266936851,Mouse Moved,423.0,948.0,User19,,
1490266936868,Mouse Moved,427.0,949.0,User19,,
1490266936884,Mouse Moved,430.0,949.0,User19,,
1490266936914,Mouse Moved,431.0,947.0,User19,,
1490266936930,Mouse Moved,432.0,947.0,User19,,
1490266937007,Mouse Moved,432.0,946.0,User19,,
1490266937023,Mouse Moved,432.0,949.0,User19,,
1490266937039,Mouse Moved,430.0,954.0,User19,,
1490266937055,Mouse Scrolled (0 -1),429.0,955.0,User19,,
1490266937071,Mouse Moved,429.0,957.0,User19,,
1490266937085,Mouse Moved,430.0,964.0,User19,,
1490266937101,Mouse Moved,431.0,977.0,User19,,
1490266937118,Mouse Moved,436.0,989.0,User19,,
1490266937132,Mouse Moved,437.0,989.0,User19,,
1490266937164,Mouse Moved,438.0,989.0,User19,,
1490266937180,Mouse Moved,439.0,993.0,User19,,
1490266937196,Mouse Moved,439.0,999.0,User19,,
1490266937210,Mouse Moved,438.0,1007.0,User19,,
1490266937226,Mouse Moved,429.0,1027.0,User19,,
1490266937242,Mouse Moved,418.0,1048.0,User19,,
1490266937257,Mouse Moved,417.0,1049.0,User19,,
1490266937273,Mouse Moved,415.0,1053.0,User19,,
1490266937289,Mouse Moved,411.0,1063.0,User19,,
1490266937305,Mouse Moved,409.0,1070.0,User19,,
1490266937319,Mouse Moved,406.0,1080.0,User19,,
1490266937335,Mouse Moved,403.0,1089.0,User19,,
1490266937351,Mouse Moved,400.0,1100.0,User19,,
1490266937367,Mouse Moved,396.0,1113.0,User19,,
1490266937382,Mouse Moved,392.0,1128.0,User19,,
1490266937398,Mouse Moved,388.0,1139.0,User19,,
1490266937414,Mouse Moved,383.0,1152.0,User19,,
1490266937430,Mouse Moved,379.0,1164.0,User19,,
1490266937444,Mouse Moved,372.0,1175.0,User19,,
1490266937460,Mouse Moved,366.0,1185.0,User19,,
1490266937476,Mouse Moved,359.0,1192.0,User19,,
1490266937492,Mouse Moved,352.0,1198.0,User19,,
1490266937507,Mouse Moved,345.0,1203.0,User19,,
1490266937523,Mouse Moved,337.0,1208.0,User19,,
1490266937539,Mouse Moved,329.0,1209.0,User19,,
1490266937553,Mouse Moved,319.0,1209.0,User19,,
1490266937569,Mouse Moved,313.0,1209.0,User19,,
1490266937585,Mouse Moved,308.0,1210.0,User19,,
1490266937601,Mouse Moved,302.0,1212.0,User19,,
1490266937617,Mouse Moved,297.0,1214.0,User19,,
1490266937631,Mouse Moved,292.0,1217.0,User19,,
1490266937648,Mouse Moved,287.0,1222.0,User19,,
1490266937664,Mouse Moved,279.0,1232.0,User19,,
1490266937678,Mouse Moved,276.0,1236.0,User19,,
1490266937694,Mouse Moved,273.0,1241.0,User19,,
1490266937710,Mouse Moved,273.0,1242.0,User19,,
1490266937726,Mouse Moved,271.0,1245.0,User19,,
1490266937773,Mouse Moved,269.0,1246.0,User19,,
1490266937865,Mouse Moved,269.0,1246.0,User19,,
1490266937944,Mouse Moved,269.0,1246.0,User19,,
1490266938022,Mouse Moved,269.0,1246.0,User19,,
1490266938088,Mouse Moved,269.0,1246.0,User19,,
1490266938089,Mouse Button.left Released,269.0,1246.0,User19,,
1490266938188,Mouse Moved,269.0,1245.0,User19,,
1490266938220,Mouse Moved,269.0,1244.0,User19,,
1490266938236,Mouse Moved,270.0,1239.0,User19,,
1490266938250,Mouse Moved,271.0,1232.0,User19,,
1490266938266,Mouse Moved,273.0,1227.0,User19,,
1490266938282,Mouse Moved,274.0,1227.0,User19,,
1490266938298,Mouse Moved,274.0,1226.0,User19,,
1490266938313,Mouse Moved,276.0,1223.0,User19,,
1490266938328,Mouse Moved,277.0,1220.0,User19,,
1490266938345,Mouse Moved,279.0,1216.0,User19,,
1490266938361,Mouse Moved,280.0,1214.0,User19,,
1490266938375,Mouse Moved,280.0,1208.0,User19,,
1490266938391,Mouse Moved,281.0,1204.0,User19,,
1490266938407,Mouse Moved,282.0,1200.0,User19,,
1490266938423,Mouse Moved,282.0,1194.0,User19,,
1490266938438,Mouse Moved,282.0,1183.0,User19,,
1490266938453,Mouse Moved,281.0,1176.0,User19,,
1490266938470,Mouse Moved,277.0,1169.0,User19,,
1490266938484,Mouse Moved,274.0,1164.0,User19,,
1490266938500,Mouse Moved,271.0,1161.0,User19,,
1490266938516,Mouse Moved,271.0,1160.0,User19,,
1490266938532,Mouse Moved,269.0,1155.0,User19,,
1490266938548,Mouse Moved,266.0,1151.0,User19,,
1490266938562,Mouse Moved,257.0,1141.0,User19,,
1490266938578,Mouse Moved,257.0,1140.0,User19,,
1490266938595,Mouse Moved,253.0,1137.0,User19,,
1490266938609,Mouse Moved,252.0,1133.0,User19,,
1490266938625,Mouse Moved,252.0,1132.0,User19,,
1490266938641,Mouse Moved,251.0,1129.0,User19,,
1490266938657,Mouse Moved,251.0,1127.0,User19,,
1490266938673,Mouse Moved,250.0,1126.0,User19,,
1490266938687,Mouse Moved,249.0,1124.0,User19,,
1490266938703,Mouse Moved,247.0,1124.0,User19,,
1490266938734,Mouse Moved,246.0,1124.0,User19,,
1490266938750,Mouse Moved,245.0,1124.0,User19,,
1490266938766,Mouse Moved,243.0,1124.0,User19,,
1490266938782,Mouse Moved,241.0,1124.0,User19,,
1490266938796,Mouse Moved,240.0,1123.0,User19,,
1490266938812,Mouse Moved,240.0,1122.0,User19,,
1490266938828,Mouse Moved,240.0,1121.0,User19,,
1490266938844,Mouse Moved,238.0,1120.0,User19,,
1490266938859,Mouse Moved,234.0,1118.0,User19,,
1490266938875,Mouse Moved,230.0,1115.0,User19,,
1490266938891,Mouse Moved,226.0,1111.0,User19,,
1490266938907,Mouse Moved,227.0,1104.0,User19,,
1490266938921,Mouse Moved,232.0,1094.0,User19,,
1490266938937,Mouse Moved,242.0,1073.0,User19,,
1490266938953,Mouse Moved,256.0,1043.0,User19,,
1490266938969,Mouse Moved,270.0,1012.0,User19,,
1490266938984,Mouse Moved,287.0,970.0,User19,,
1490266939000,Mouse Moved,302.0,922.0,User19,,
1490266939016,Mouse Moved,321.0,847.0,User19,,
1490266939030,Mouse Moved,344.0,754.0,User19,,
1490266939046,Mouse Moved,366.0,664.0,User19,,
1490266939062,Mouse Moved,387.0,590.0,User19,,
1490266939078,Mouse Moved,408.0,519.0,User19,,
1490266939094,Mouse Moved,426.0,461.0,User19,,
1490266939108,Mouse Moved,443.0,397.0,User19,,
1490266939125,Mouse Moved,485.0,135.0,User19,,
1490266939141,Mouse Moved,485.0,133.0,User19,,
1490266939155,Mouse Moved,486.0,129.0,User19,,
1490266939171,Mouse Moved,488.0,119.0,User19,,
1490266939187,Mouse Moved,491.0,112.0,User19,,
1490266939203,Mouse Moved,495.0,105.0,User19,,
1490266939219,Mouse Moved,501.0,97.0,User19,,
1490266939233,Mouse Moved,506.0,89.0,User19,,
1490266939250,Mouse Moved,511.0,81.0,User19,,
1490266939265,Mouse Moved,515.0,73.0,User19,,
1490266939280,Mouse Moved,518.0,68.0,User19,,
1490266939296,Mouse Moved,522.0,61.0,User19,,
1490266939312,Mouse Moved,525.0,58.0,User19,,
1490266939328,Mouse Moved,527.0,53.0,User19,,
1490266939342,Mouse Moved,529.0,50.0,User19,,
1490266939358,Mouse Moved,530.0,44.0,User19,,
1490266939375,Mouse Moved,533.0,38.0,User19,,
1490266939390,Mouse Moved,534.0,38.0,User19,,
1490266939467,Mouse Moved,534.0,38.0,User19,,
1490266939546,Mouse Moved,534.0,38.0,User19,,
1490266939707,Mouse Moved,533.0,38.0,User19,,
1490266939723,Mouse Moved,531.0,41.0,User19,,
1490266939739,Mouse Moved,527.0,49.0,User19,,
1490266939755,Mouse Moved,523.0,55.0,User19,,
1490266939770,Mouse Moved,518.0,63.0,User19,,
1490266939786,Mouse Moved,512.0,78.0,User19,,
1490266939802,Mouse Moved,506.0,89.0,User19,,
1490266939816,Mouse Moved,501.0,104.0,User19,,
1490266939832,Mouse Moved,492.0,128.0,User19,,
1490266939848,Mouse Moved,485.0,152.0,User19,,
1490266939864,Mouse Moved,476.0,188.0,User19,,
1490266939880,Mouse Moved,467.0,224.0,User19,,
1490266939894,Mouse Moved,457.0,278.0,User19,,
1490266939911,Mouse Moved,447.0,331.0,User19,,
1490266939927,Mouse Moved,437.0,388.0,User19,,
1490266939941,Mouse Moved,430.0,435.0,User19,,
1490266939957,Mouse Moved,421.0,495.0,User19,,
1490266939973,Mouse Moved,412.0,545.0,User19,,
1490266939989,Mouse Moved,405.0,591.0,User19,,
1490266940005,Mouse Moved,395.0,653.0,User19,,
1490266940019,Mouse Moved,388.0,709.0,User19,,
1490266940036,Mouse Moved,379.0,773.0,User19,,
1490266940051,Mouse Moved,374.0,828.0,User19,,
1490266940066,Mouse Moved,370.0,872.0,User19,,
1490266940082,Mouse Moved,367.0,916.0,User19,,
1490266940098,Mouse Moved,364.0,949.0,User19,,
1490266940114,Mouse Moved,361.0,977.0,User19,,
1490266940128,Mouse Moved,358.0,997.0,User19,,
1490266940144,Mouse Moved,355.0,1015.0,User19,,
1490266940161,Mouse Moved,350.0,1029.0,User19,,
1490266940176,Mouse Moved,346.0,1038.0,User19,,
1490266940191,Mouse Moved,342.0,1048.0,User19,,
1490266940207,Mouse Moved,337.0,1055.0,User19,,
1490266940223,Mouse Moved,332.0,1059.0,User19,,
1490266940239,Mouse Moved,327.0,1065.0,User19,,
1490266940253,Mouse Moved,321.0,1071.0,User19,,
1490266940269,Mouse Moved,314.0,1077.0,User19,,
1490266940285,Mouse Moved,306.0,1085.0,User19,,
1490266940301,Mouse Moved,298.0,1095.0,User19,,
1490266940316,Mouse Moved,287.0,1107.0,User19,,
1490266940332,Mouse Moved,277.0,1120.0,User19,,
1490266940348,Mouse Moved,266.0,1133.0,User19,,
1490266940362,Mouse Moved,257.0,1146.0,User19,,
1490266940378,Mouse Moved,246.0,1163.0,User19,,
1490266940394,Mouse Moved,238.0,1174.0,User19,,
1490266940410,Mouse Moved,231.0,1186.0,User19,,
1490266940426,Mouse Moved,223.0,1200.0,User19,,
1490266940440,Mouse Moved,216.0,1212.0,User19,,
1490266940457,Mouse Moved,210.0,1223.0,User19,,
1490266940473,Mouse Moved,207.0,1234.0,User19,,
1490266940551,Mouse Moved,206.0,1238.0,User19,,
1490266940628,Mouse Moved,206.0,1238.0,User19,,
1490266940721,Mouse Moved,206.0,1238.0,User19,,
1490266940753,Mouse Moved,206.0,1238.0,User19,,
1490266940757,Mouse Button.left Released,206.0,1238.0,User19,,
1490266940983,Mouse Moved,206.0,1237.0,User19,,
1490266941000,Mouse Moved,206.0,1236.0,User19,,
1490266941016,Mouse Moved,206.0,1234.0,User19,,
1490266941030,Mouse Moved,207.0,1232.0,User19,,
1490266941046,Mouse Moved,209.0,1226.0,User19,,
1490266941062,Mouse Moved,212.0,1217.0,User19,,
1490266941078,Mouse Moved,216.0,1207.0,User19,,
1490266941094,Mouse Moved,225.0,1182.0,User19,,
1490266941108,Mouse Moved,246.0,1112.0,User19,,
1490266941125,Mouse Moved,261.0,1057.0,User19,,
1490266941140,Mouse Moved,278.0,986.0,User19,,
1490266941155,Mouse Moved,290.0,919.0,User19,,
1490266941171,Mouse Moved,290.0,913.0,User19,,
1490266941187,Mouse Moved,294.0,882.0,User19,,
1490266941203,Mouse Moved,310.0,781.0,User19,,
1490266941217,Mouse Moved,337.0,660.0,User19,,
1490266941233,Mouse Moved,338.0,657.0,User19,,
1490266941250,Mouse Moved,346.0,628.0,User19,,
1490266941265,Mouse Moved,356.0,595.0,User19,,
1490266941280,Mouse Moved,365.0,566.0,User19,,
1490266941296,Mouse Moved,374.0,532.0,User19,,
1490266941312,Mouse Moved,385.0,500.0,User19,,
1490266941328,Mouse Moved,393.0,473.0,User19,,
1490266941342,Mouse Moved,407.0,426.0,User19,,
1490266941358,Mouse Moved,423.0,301.0,User19,,
1490266941374,Mouse Moved,424.0,299.0,User19,,
1490266941390,Mouse Moved,424.0,297.0,User19,,
1490266941405,Mouse Moved,429.0,280.0,User19,,
1490266941421,Mouse Moved,435.0,264.0,User19,,
1490266941437,Mouse Moved,441.0,251.0,User19,,
1490266941451,Mouse Moved,446.0,238.0,User19,,
1490266941467,Mouse Moved,449.0,227.0,User19,,
1490266941483,Mouse Moved,451.0,218.0,User19,,
1490266941499,Mouse Moved,454.0,208.0,User19,,
1490266941500,Mouse Moved,456.0,197.0,User19,,
1490266941516,Mouse Moved,456.0,196.0,User19,,
1490266941530,Mouse Moved,461.0,177.0,User19,,
1490266941546,Mouse Moved,465.0,163.0,User19,,
1490266941562,Mouse Moved,469.0,151.0,User19,,
1490266941578,Mouse Moved,474.0,139.0,User19,,
1490266941594,Mouse Moved,478.0,127.0,User19,,
1490266941608,Mouse Moved,482.0,115.0,User19,,
1490266941625,Mouse Moved,486.0,101.0,User19,,
1490266941641,Mouse Moved,490.0,90.0,User19,,
1490266941655,Mouse Moved,493.0,78.0,User19,,
1490266941671,Mouse Moved,496.0,67.0,User19,,
1490266941687,Mouse Moved,499.0,54.0,User19,,
1490266941703,Mouse Moved,502.0,44.0,User19,,
1490266941719,Mouse Moved,505.0,35.0,User19,,
1490266941733,Mouse Moved,508.0,26.0,User19,,
1490266941750,Mouse Moved,509.0,26.0,User19,,
1490266941765,Mouse Moved,509.0,27.0,User19,,
1490266941780,Mouse Moved,509.0,30.0,User19,,
1490266941796,Mouse Moved,509.0,32.0,User19,,
1490266941812,Mouse Moved,510.0,35.0,User19,,
1490266941828,Mouse Moved,511.0,40.0,User19,,
1490266941905,Mouse Moved,512.0,42.0,User19,,
1490266941937,Mouse Moved,513.0,42.0,User19,,
1490266941999,Mouse Moved,513.0,42.0,User19,,
1490266942046,Mouse Moved,513.0,43.0,User19,,
1490266942049,Mouse Moved,513.0,44.0,User19,,
1490266942062,Mouse Moved,513.0,45.0,User19,,
1490266942063,Mouse Moved,513.0,46.0,User19,,
1490266942065,Mouse Moved,513.0,47.0,User19,,
1490266942066,Mouse Moved,513.0,48.0,User19,,
1490266942068,Mouse Moved,512.0,49.0,User19,,
1490266942069,Mouse Moved,512.0,50.0,User19,,
1490266942072,Mouse Moved,512.0,51.0,User19,,
1490266942073,Mouse Moved,512.0,52.0,User19,,
1490266942075,Mouse Moved,512.0,53.0,User19,,
1490266942081,Mouse Moved,512.0,54.0,User19,,
1490266942082,Mouse Moved,512.0,55.0,User19,,
1490266942084,Mouse Moved,512.0,56.0,User19,,
1490266942088,Mouse Moved,512.0,57.0,User19,,
1490266942089,Mouse Moved,512.0,58.0,User19,,
1490266942091,Mouse Moved,512.0,59.0,User19,,
1490266942095,Mouse Moved,511.0,60.0,User19,,
1490266942098,Mouse Moved,511.0,61.0,User19,,
1490266942101,Mouse Moved,511.0,64.0,User19,,
1490266942102,Mouse Moved,511.0,65.0,User19,,
1490266942104,Mouse Moved,511.0,66.0,User19,,
1490266942105,Mouse Moved,511.0,68.0,User19,,
1490266942108,Mouse Moved,511.0,69.0,User19,,
1490266942111,Mouse Moved,510.0,72.0,User19,,
1490266942114,Mouse Moved,509.0,75.0,User19,,
1490266942115,Mouse Moved,509.0,77.0,User19,,
1490266942117,Mouse Moved,509.0,78.0,User19,,
1490266942118,Mouse Moved,508.0,81.0,User19,,
1490266942119,Mouse Moved,508.0,82.0,User19,,
1490266942137,Mouse Moved,508.0,84.0,User19,,
1490266942151,Mouse Moved,503.0,112.0,User19,,
1490266942167,Mouse Moved,500.0,121.0,User19,,
1490266942183,Mouse Moved,491.0,153.0,User19,,
1490266942198,Mouse Moved,480.0,195.0,User19,,
1490266942214,Mouse Moved,474.0,215.0,User19,,
1490266942230,Mouse Moved,462.0,262.0,User19,,
1490266942246,Mouse Moved,459.0,275.0,User19,,
1490266942260,Mouse Moved,446.0,330.0,User19,,
1490266942276,Mouse Moved,436.0,384.0,User19,,
1490266942292,Mouse Moved,425.0,436.0,User19,,
1490266942308,Mouse Moved,412.0,509.0,User19,,
1490266942323,Mouse Moved,403.0,560.0,User19,,
1490266942338,Mouse Moved,390.0,631.0,User19,,
1490266942355,Mouse Moved,378.0,703.0,User19,,
1490266942371,Mouse Moved,365.0,782.0,User19,,
1490266942385,Mouse Moved,353.0,853.0,User19,,
1490266942401,Mouse Moved,337.0,935.0,User19,,
1490266942417,Mouse Moved,322.0,1006.0,User19,,
1490266942433,Mouse Moved,310.0,1067.0,User19,,
1490266942448,Mouse Moved,302.0,1110.0,User19,,
1490266942463,Mouse Moved,291.0,1166.0,User19,,
1490266942480,Mouse Moved,284.0,1190.0,User19,,
1490266942494,Mouse Moved,282.0,1202.0,User19,,
1490266942510,Mouse Moved,279.0,1211.0,User19,,
1490266942526,Mouse Moved,276.0,1220.0,User19,,
1490266942542,Mouse Moved,271.0,1227.0,User19,,
1490266942558,Mouse Moved,266.0,1233.0,User19,,
1490266942572,Mouse Moved,264.0,1232.0,User19,,
1490266942588,Mouse Moved,261.0,1225.0,User19,,
1490266942605,Mouse Moved,260.0,1223.0,User19,,
1490266942931,Mouse Moved,258.0,1223.0,User19,,
1490266942947,Mouse Moved,258.0,1225.0,User19,,
1490266942963,Mouse Moved,256.0,1227.0,User19,,
1490266942979,Mouse Moved,254.0,1227.0,User19,,
1490266942994,Mouse Moved,252.0,1229.0,User19,,
1490266943009,Mouse Moved,251.0,1231.0,User19,,
1490266943213,Mouse Moved,249.0,1232.0,User19,,
1490266943290,Mouse Moved,249.0,1232.0,User19,,
1490266943368,Mouse Moved,249.0,1232.0,User19,,
1490266943418,Mouse Moved,249.0,1232.0,User19,,
1490266943421,Mouse Button.left Released,249.0,1232.0,User19,,
1490266943528,Mouse Moved,248.0,1232.0,User19,,
1490266943543,Mouse Moved,248.0,1231.0,User19,,
1490266943559,Mouse Moved,248.0,1227.0,User19,,
1490266943575,Mouse Moved,248.0,1223.0,User19,,
1490266943591,Mouse Moved,248.0,1219.0,User19,,
1490266943605,Mouse Moved,249.0,1213.0,User19,,
1490266943621,Mouse Moved,250.0,1204.0,User19,,
1490266943638,Mouse Moved,251.0,1198.0,User19,,
1490266943653,Mouse Moved,252.0,1193.0,User19,,
1490266943668,Mouse Moved,253.0,1188.0,User19,,
1490266943684,Mouse Moved,255.0,1181.0,User19,,
1490266943700,Mouse Moved,259.0,1172.0,User19,,
1490266943716,Mouse Moved,265.0,1159.0,User19,,
1490266943730,Mouse Moved,269.0,1146.0,User19,,
1490266943746,Mouse Moved,275.0,1128.0,User19,,
1490266943762,Mouse Moved,282.0,1104.0,User19,,
1490266943778,Mouse Moved,306.0,885.0,User19,,
1490266943793,Mouse Moved,312.0,820.0,User19,,
1490266943809,Mouse Moved,320.0,755.0,User19,,
1490266943825,Mouse Moved,324.0,697.0,User19,,
1490266943839,Mouse Moved,325.0,695.0,User19,,
1490266943855,Mouse Moved,328.0,672.0,User19,,
1490266943871,Mouse Moved,332.0,640.0,User19,,
1490266943887,Mouse Moved,335.0,613.0,User19,,
1490266943903,Mouse Moved,337.0,587.0,User19,,
1490266943917,Mouse Moved,339.0,569.0,User19,,
1490266943934,Mouse Moved,341.0,550.0,User19,,
1490266943950,Mouse Moved,345.0,486.0,User19,,
1490266943964,Mouse Moved,345.0,485.0,User19,,
1490266943980,Mouse Moved,345.0,479.0,User19,,
1490266943996,Mouse Moved,345.0,474.0,User19,,
1490266944105,Mouse Moved,345.0,472.0,User19,,
1490266944121,Mouse Moved,343.0,470.0,User19,,
1490266944137,Mouse Moved,341.0,469.0,User19,,
1490266944151,Mouse Moved,338.0,466.0,User19,,
1490266944167,Mouse Moved,333.0,463.0,User19,,
1490266944184,Mouse Moved,328.0,459.0,User19,,
1490266944198,Mouse Moved,325.0,454.0,User19,,
1490266944214,Mouse Moved,322.0,449.0,User19,,
1490266944230,Mouse Moved,310.0,422.0,User19,,
1490266944246,Mouse Moved,310.0,421.0,User19,,
1490266944262,Mouse Moved,307.0,414.0,User19,,
1490266944276,Mouse Moved,301.0,403.0,User19,,
1490266944292,Mouse Moved,294.0,391.0,User19,,
1490266944308,Mouse Moved,286.0,380.0,User19,,
1490266944323,Mouse Moved,280.0,371.0,User19,,
1490266944339,Mouse Moved,275.0,366.0,User19,,
1490266944355,Mouse Moved,272.0,362.0,User19,,
1490266944385,Mouse Moved,270.0,362.0,User19,,
1490266944947,Mouse Moved,270.0,361.0,User19,,
1490266944963,Mouse Moved,270.0,357.0,User19,,
1490266944979,Mouse Moved,270.0,350.0,User19,,
1490266944994,Mouse Moved,267.0,336.0,User19,,
1490266945009,Mouse Moved,261.0,305.0,User19,,
1490266945026,Mouse Moved,260.0,304.0,User19,,
1490266945040,Mouse Moved,259.0,297.0,User19,,
1490266945056,Mouse Moved,256.0,286.0,User19,,
1490266945072,Mouse Moved,254.0,276.0,User19,,
1490266945088,Mouse Moved,252.0,268.0,User19,,
1490266945104,Mouse Moved,250.0,258.0,User19,,
1490266945118,Mouse Moved,247.0,249.0,User19,,
1490266945134,Mouse Moved,245.0,240.0,User19,,
1490266945306,Mouse Moved,245.0,238.0,User19,,
1490266945352,Mouse Moved,245.0,238.0,User19,,
1490266945463,Mouse Moved,245.0,239.0,User19,,
1490266945477,Mouse Moved,245.0,242.0,User19,,
1490266945493,Mouse Moved,244.0,246.0,User19,,
1490266945509,Mouse Moved,244.0,247.0,User19,,
1490266945525,Mouse Moved,244.0,255.0,User19,,
1490266945540,Mouse Moved,244.0,264.0,User19,,
1490266945555,Mouse Moved,244.0,273.0,User19,,
1490266945572,Mouse Moved,245.0,283.0,User19,,
1490266945586,Mouse Moved,245.0,293.0,User19,,
1490266945602,Mouse Moved,247.0,303.0,User19,,
1490266945618,Mouse Moved,248.0,311.0,User19,,
1490266945634,Mouse Moved,249.0,319.0,User19,,
1490266945680,Mouse Moved,251.0,327.0,User19,,
1490266945697,Mouse Moved,252.0,331.0,User19,,
1490266945711,Mouse Moved,253.0,339.0,User19,,
1490266945727,Mouse Moved,255.0,348.0,User19,,
1490266945743,Mouse Moved,256.0,354.0,User19,,
1490266945759,Mouse Moved,256.0,356.0,User19,,
1490266945775,Mouse Moved,256.0,357.0,User19,,
1490266945789,Mouse Moved,256.0,358.0,User19,,
1490266945961,Mouse Moved,256.0,358.0,User19,,
1490266945976,Mouse Button.left Pressed,256.0,358.0,User19,,
1490266946023,Mouse Moved,256.0,358.0,User19,,
1490266946071,Mouse Moved,256.0,359.0,User19,,
1490266946086,Mouse Moved,256.0,361.0,User19,,
1490266946101,Mouse Moved,256.0,364.0,User19,,
1490266946118,Mouse Moved,257.0,367.0,User19,,
1490266946132,Mouse Moved,257.0,371.0,User19,,
1490266946148,Mouse Moved,258.0,376.0,User19,,
1490266946164,Mouse Moved,259.0,378.0,User19,,
1490266946180,Mouse Moved,259.0,380.0,User19,,
1490266946196,Mouse Moved,259.0,381.0,User19,,
1490266946210,Mouse Moved,259.0,382.0,User19,,
1490266946273,Mouse Moved,259.0,383.0,User19,,
1490266946289,Mouse Moved,259.0,383.0,User19,,
1490266946351,Mouse Moved,259.0,383.0,User19,,
1490266946430,Mouse Moved,259.0,384.0,User19,,
1490266946444,Mouse Moved,259.0,385.0,User19,,
1490266946460,Mouse Moved,259.0,388.0,User19,,
1490266946476,Mouse Moved,259.0,390.0,User19,,
1490266946492,Mouse Moved,260.0,393.0,User19,,
1490266946507,Mouse Moved,260.0,396.0,User19,,
1490266946523,Mouse Moved,260.0,399.0,User19,,
1490266946539,Mouse Moved,260.0,402.0,User19,,
1490266946555,Mouse Moved,260.0,405.0,User19,,
1490266946569,Mouse Moved,260.0,408.0,User19,,
1490266946585,Mouse Moved,260.0,413.0,User19,,
1490266946601,Mouse Moved,260.0,416.0,User19,,
1490266946617,Mouse Moved,260.0,421.0,User19,,
1490266946632,Mouse Moved,260.0,422.0,User19,,
1490266946664,Mouse Moved,260.0,423.0,User19,,
1490266946678,Mouse Moved,259.0,427.0,User19,,
1490266946694,Mouse Moved,259.0,428.0,User19,,
1490266946710,Mouse Moved,259.0,430.0,User19,,
1490266946726,Mouse Moved,259.0,431.0,User19,,
1490266946742,Mouse Moved,259.0,434.0,User19,,
1490266946773,Mouse Moved,259.0,435.0,User19,,
1490266946789,Mouse Moved,258.0,436.0,User19,,
1490266946803,Mouse Moved,258.0,437.0,User19,,
1490266946819,Mouse Moved,258.0,438.0,User19,,
1490266946835,Mouse Moved,258.0,439.0,User19,,
1490266946851,Mouse Moved,258.0,441.0,User19,,
1490266946867,Mouse Moved,257.0,441.0,User19,,
1490266946960,Mouse Moved,257.0,441.0,User19,,
1490266947023,Mouse Moved,257.0,441.0,User19,,
1490266947038,Mouse Button.left Released,257.0,441.0,User19,,
1490266947131,Mouse Moved,257.0,442.0,User19,,
1490266947147,Mouse Moved,257.0,443.0,User19,,
1490266947163,Mouse Moved,257.0,445.0,User19,,
1490266947178,Mouse Moved,256.0,450.0,User19,,
1490266947194,Mouse Moved,256.0,453.0,User19,,
1490266947210,Mouse Moved,254.0,457.0,User19,,
1490266947224,Mouse Moved,254.0,459.0,User19,,
1490266947302,Mouse Moved,254.0,459.0,User19,,
1490266947365,Mouse Moved,254.0,459.0,User19,,
1490266947444,Mouse Moved,253.0,459.0,User19,,
1490266947848,Mouse Moved,253.0,459.0,User19,,
1490266948005,Mouse Moved,253.0,459.0,User19,,
1490266948536,Mouse Moved,254.0,459.0,User19,,
1490266948551,Mouse Moved,256.0,459.0,User19,,
1490266948566,Mouse Moved,259.0,459.0,User19,,
1490266948582,Mouse Moved,262.0,459.0,User19,,
1490266948598,Mouse Moved,268.0,460.0,User19,,
1490266948614,Mouse Moved,275.0,461.0,User19,,
1490266948628,Mouse Moved,281.0,463.0,User19,,
1490266948644,Mouse Moved,296.0,467.0,User19,,
1490266948661,Mouse Moved,304.0,471.0,User19,,
1490266948676,Mouse Moved,313.0,477.0,User19,,
1490266948691,Mouse Moved,323.0,482.0,User19,,
1490266948707,Mouse Moved,324.0,484.0,User19,,
1490266948723,Mouse Moved,331.0,488.0,User19,,
1490266948739,Mouse Moved,337.0,494.0,User19,,
1490266948753,Mouse Moved,342.0,499.0,User19,,
1490266948769,Mouse Moved,350.0,506.0,User19,,
1490266948785,Mouse Moved,355.0,511.0,User19,,
1490266948801,Mouse Moved,360.0,516.0,User19,,
1490266948816,Mouse Moved,366.0,524.0,User19,,
1490266948832,Mouse Moved,370.0,532.0,User19,,
1490266948848,Mouse Moved,374.0,540.0,User19,,
1490266948862,Mouse Moved,376.0,551.0,User19,,
1490266948878,Mouse Moved,377.0,561.0,User19,,
1490266948894,Mouse Moved,379.0,573.0,User19,,
1490266948910,Mouse Moved,379.0,587.0,User19,,
1490266948926,Mouse Moved,379.0,598.0,User19,,
1490266948940,Mouse Moved,379.0,610.0,User19,,
1490266948957,Mouse Moved,377.0,618.0,User19,,
1490266948973,Mouse Moved,377.0,628.0,User19,,
1490266948987,Mouse Moved,375.0,638.0,User19,,
1490266949003,Mouse Moved,374.0,648.0,User19,,
1490266949019,Mouse Moved,372.0,658.0,User19,,
1490266949035,Mouse Moved,370.0,666.0,User19,,
1490266949051,Mouse Moved,367.0,672.0,User19,,
1490266949299,Mouse Moved,367.0,672.0,User19,,
1490266949315,Mouse Moved,366.0,670.0,User19,,
1490266949331,Mouse Moved,366.0,669.0,User19,,
1490266949346,Mouse Moved,365.0,666.0,User19,,
1490266949378,Mouse Moved,365.0,665.0,User19,,
1490266949611,Mouse Moved,365.0,665.0,User19,,
1490266949706,Mouse Moved,365.0,665.0,User19,,
1490266950127,Mouse Moved,365.0,664.0,User19,,
1490266950142,Mouse Moved,365.0,663.0,User19,,
1490266950157,Mouse Moved,365.0,658.0,User19,,
1490266950174,Mouse Moved,365.0,651.0,User19,,
1490266950188,Mouse Moved,365.0,639.0,User19,,
1490266950204,Mouse Moved,365.0,631.0,User19,,
1490266950220,Mouse Moved,365.0,621.0,User19,,
1490266950236,Mouse Moved,365.0,607.0,User19,,
1490266950252,Mouse Moved,365.0,599.0,User19,,
1490266950266,Mouse Moved,364.0,585.0,User19,,
1490266950282,Mouse Moved,364.0,573.0,User19,,
1490266950299,Mouse Moved,362.0,559.0,User19,,
1490266950313,Mouse Moved,360.0,547.0,User19,,
1490266950329,Mouse Moved,359.0,535.0,User19,,
1490266950345,Mouse Moved,357.0,526.0,User19,,
1490266950361,Mouse Moved,356.0,516.0,User19,,
1490266950377,Mouse Moved,354.0,509.0,User19,,
1490266950391,Mouse Moved,354.0,505.0,User19,,
1490266950423,Mouse Moved,353.0,505.0,User19,,
1490266950438,Mouse Moved,353.0,504.0,User19,,
1490266950595,Mouse Moved,352.0,504.0,User19,,
1490266950798,Mouse Moved,352.0,504.0,User19,,
1490266950907,Mouse Moved,352.0,504.0,User19,,
1490266951109,Mouse Moved,352.0,505.0,User19,,
1490266951280,Mouse Moved,352.0,506.0,User19,,
1490266951562,Mouse Moved,352.0,507.0,User19,,
1490266951578,Mouse Moved,352.0,508.0,User19,,
1490266951592,Mouse Moved,352.0,509.0,User19,,
1490266951608,Mouse Moved,350.0,511.0,User19,,
1490266951625,Mouse Moved,346.0,512.0,User19,,
1490266951640,Mouse Moved,339.0,515.0,User19,,
1490266951655,Mouse Moved,332.0,516.0,User19,,
1490266951671,Mouse Moved,327.0,518.0,User19,,
1490266951687,Mouse Moved,322.0,518.0,User19,,
1490266951703,Mouse Moved,319.0,519.0,User19,,
1490266951717,Mouse Moved,318.0,519.0,User19,,
1490266951749,Mouse Moved,318.0,519.0,User19,,
1490266951765,Mouse Button.left Pressed,318.0,519.0,User19,,
1490266951858,Mouse Moved,318.0,519.0,User19,,
1490266951999,Mouse Moved,317.0,519.0,User19,,
1490266952015,Mouse Moved,316.0,517.0,User19,,
1490266952029,Mouse Moved,313.0,516.0,User19,,
1490266952046,Mouse Moved,309.0,515.0,User19,,
1490266952061,Mouse Moved,307.0,514.0,User19,,
1490266952076,Mouse Moved,304.0,513.0,User19,,
1490266952138,Mouse Moved,304.0,513.0,User19,,
1490266952295,Mouse Moved,303.0,513.0,User19,,
1490266952654,Mouse Moved,304.0,513.0,User19,,
1490266952670,Mouse Moved,306.0,513.0,User19,,
1490266952684,Mouse Moved,308.0,512.0,User19,,
1490266952700,Mouse Moved,311.0,511.0,User19,,
1490266952716,Mouse Moved,314.0,511.0,User19,,
1490266952732,Mouse Moved,319.0,511.0,User19,,
1490266952747,Mouse Moved,322.0,511.0,User19,,
1490266952763,Mouse Moved,325.0,511.0,User19,,
1490266952779,Mouse Moved,327.0,511.0,User19,,
1490266952793,Mouse Moved,329.0,511.0,User19,,
1490266952809,Mouse Moved,332.0,511.0,User19,,
1490266952825,Mouse Moved,334.0,512.0,User19,,
1490266952841,Mouse Moved,341.0,514.0,User19,,
1490266952857,Mouse Moved,346.0,515.0,User19,,
1490266952871,Mouse Moved,350.0,516.0,User19,,
1490266952888,Mouse Moved,355.0,518.0,User19,,
1490266952904,Mouse Moved,362.0,521.0,User19,,
1490266952918,Mouse Moved,369.0,524.0,User19,,
1490266952934,Mouse Moved,375.0,529.0,User19,,
1490266952950,Mouse Moved,380.0,533.0,User19,,
1490266952966,Mouse Moved,386.0,539.0,User19,,
1490266952982,Mouse Moved,391.0,545.0,User19,,
1490266952996,Mouse Moved,398.0,552.0,User19,,
1490266953013,Mouse Moved,402.0,558.0,User19,,
1490266953028,Mouse Moved,408.0,565.0,User19,,
1490266953043,Mouse Moved,414.0,570.0,User19,,
1490266953059,Mouse Moved,419.0,577.0,User19,,
1490266953075,Mouse Moved,423.0,582.0,User19,,
1490266953091,Mouse Moved,427.0,589.0,User19,,
1490266953105,Mouse Moved,430.0,596.0,User19,,
1490266953121,Mouse Moved,433.0,600.0,User19,,
1490266953138,Mouse Moved,435.0,606.0,User19,,
1490266953153,Mouse Moved,437.0,616.0,User19,,
1490266953168,Mouse Moved,439.0,621.0,User19,,
1490266953184,Mouse Moved,439.0,628.0,User19,,
1490266953200,Mouse Moved,440.0,635.0,User19,,
1490266953216,Mouse Moved,441.0,642.0,User19,,
1490266953230,Mouse Moved,441.0,651.0,User19,,
1490266953246,Mouse Moved,441.0,660.0,User19,,
1490266953262,Mouse Moved,441.0,669.0,User19,,
1490266953278,Mouse Moved,441.0,679.0,User19,,
1490266953293,Mouse Moved,440.0,687.0,User19,,
1490266953309,Mouse Moved,439.0,694.0,User19,,
1490266953325,Mouse Moved,438.0,700.0,User19,,
1490266953339,Mouse Moved,437.0,706.0,User19,,
1490266953355,Mouse Moved,436.0,711.0,User19,,
1490266953371,Mouse Moved,434.0,715.0,User19,,
1490266953387,Mouse Moved,433.0,719.0,User19,,
1490266953403,Mouse Moved,433.0,722.0,User19,,
1490266953417,Mouse Moved,432.0,725.0,User19,,
1490266953434,Mouse Moved,431.0,729.0,User19,,
1490266953450,Mouse Moved,431.0,732.0,User19,,
1490266953480,Mouse Moved,431.0,733.0,User19,,
1490266953496,Mouse Moved,431.0,734.0,User19,,
1490266953512,Mouse Moved,431.0,735.0,User19,,
1490266953528,Mouse Moved,430.0,737.0,User19,,
1490266953542,Mouse Moved,430.0,738.0,User19,,
1490266953573,Mouse Moved,430.0,739.0,User19,,
1490266953980,Mouse Moved,429.0,739.0,User19,,
1490266954026,Mouse Moved,428.0,739.0,User19,,
1490266954042,Mouse Moved,427.0,739.0,User19,,
1490266954058,Mouse Moved,425.0,739.0,User19,,
1490266954073,Mouse Moved,421.0,739.0,User19,,
1490266954088,Mouse Moved,417.0,739.0,User19,,
1490266954105,Mouse Moved,413.0,739.0,User19,,
1490266954119,Mouse Moved,408.0,738.0,User19,,
1490266954135,Mouse Moved,404.0,737.0,User19,,
1490266954151,Mouse Moved,400.0,737.0,User19,,
1490266954167,Mouse Moved,395.0,736.0,User19,,
1490266954183,Mouse Moved,392.0,735.0,User19,,
1490266954197,Mouse Moved,389.0,734.0,User19,,
1490266954213,Mouse Moved,386.0,733.0,User19,,
1490266954230,Mouse Moved,384.0,732.0,User19,,
1490266954244,Mouse Moved,382.0,732.0,User19,,
1490266954260,Mouse Moved,380.0,731.0,User19,,
1490266954292,Mouse Moved,379.0,731.0,User19,,
1490266954338,Mouse Moved,379.0,730.0,User19,,
1490266954369,Mouse Moved,379.0,730.0,User19,,
1490266954931,Mouse Moved,379.0,731.0,User19,,
1490266954947,Mouse Moved,379.0,732.0,User19,,
1490266954963,Mouse Moved,379.0,735.0,User19,,
1490266954977,Mouse Moved,379.0,738.0,User19,,
1490266954993,Mouse Moved,381.0,743.0,User19,,
1490266955009,Mouse Moved,383.0,749.0,User19,,
1490266955025,Mouse Moved,386.0,757.0,User19,,
1490266955040,Mouse Moved,390.0,763.0,User19,,
1490266955055,Mouse Moved,393.0,770.0,User19,,
1490266955072,Mouse Moved,397.0,777.0,User19,,
1490266955088,Mouse Moved,403.0,787.0,User19,,
1490266955102,Mouse Moved,409.0,798.0,User19,,
1490266955118,Mouse Moved,416.0,812.0,User19,,
1490266955134,Mouse Moved,424.0,825.0,User19,,
1490266955150,Mouse Moved,431.0,837.0,User19,,
1490266955165,Mouse Moved,439.0,850.0,User19,,
1490266955180,Mouse Moved,445.0,862.0,User19,,
1490266955197,Mouse Moved,453.0,872.0,User19,,
1490266955211,Mouse Moved,460.0,883.0,User19,,
1490266955227,Mouse Moved,466.0,890.0,User19,,
1490266955243,Mouse Moved,472.0,897.0,User19,,
1490266955259,Mouse Moved,478.0,902.0,User19,,
1490266955275,Mouse Moved,480.0,909.0,User19,,
1490266955289,Mouse Moved,479.0,911.0,User19,,
1490266955305,Mouse Moved,477.0,913.0,User19,,
1490266955322,Mouse Moved,475.0,915.0,User19,,
1490266955336,Mouse Moved,472.0,917.0,User19,,
1490266955352,Mouse Moved,470.0,920.0,User19,,
1490266955368,Mouse Moved,466.0,922.0,User19,,
1490266955384,Mouse Moved,464.0,924.0,User19,,
1490266955400,Mouse Moved,462.0,925.0,User19,,
1490266955446,Mouse Moved,462.0,926.0,User19,,
1490266955461,Mouse Moved,463.0,926.0,User19,,
1490266955477,Mouse Moved,465.0,926.0,User19,,
1490266955493,Mouse Moved,468.0,928.0,User19,,
1490266955509,Mouse Moved,477.0,929.0,User19,,
1490266955523,Mouse Moved,488.0,931.0,User19,,
1490266955539,Mouse Moved,500.0,932.0,User19,,
1490266955555,Mouse Moved,512.0,933.0,User19,,
1490266955571,Mouse Moved,523.0,935.0,User19,,
1490266955586,Mouse Moved,534.0,936.0,User19,,
1490266955601,Mouse Moved,546.0,938.0,User19,,
1490266955618,Mouse Moved,557.0,940.0,User19,,
1490266955634,Mouse Moved,566.0,941.0,User19,,
1490266955680,Mouse Moved,570.0,942.0,User19,,
1490266955696,Mouse Moved,572.0,942.0,User19,,
1490266955711,Mouse Moved,575.0,943.0,User19,,
1490266955726,Mouse Moved,580.0,945.0,User19,,
1490266955743,Mouse Moved,586.0,947.0,User19,,
1490266955757,Mouse Moved,593.0,949.0,User19,,
1490266955773,Mouse Moved,603.0,952.0,User19,,
1490266955789,Mouse Moved,607.0,953.0,User19,,
1490266955960,Mouse Moved,608.0,953.0,User19,,
1490266955976,Mouse Moved,607.0,953.0,User19,,
1490266955992,Mouse Moved,604.0,953.0,User19,,
1490266956007,Mouse Moved,602.0,952.0,User19,,
1490266956023,Mouse Moved,599.0,951.0,User19,,
1490266956039,Mouse Moved,595.0,951.0,User19,,
1490266956055,Mouse Moved,592.0,951.0,User19,,
1490266956117,Mouse Moved,591.0,951.0,User19,,
1490266956180,Mouse Moved,591.0,951.0,User19,,
1490266956273,Mouse Moved,590.0,951.0,User19,,
1490266956476,Mouse Moved,590.0,950.0,User19,,
1490266956648,Mouse Moved,589.0,950.0,User19,,
1490266956663,Mouse Moved,588.0,950.0,User19,,
1490266956678,Mouse Moved,586.0,950.0,User19,,
1490266956694,Mouse Moved,583.0,950.0,User19,,
1490266956710,Mouse Moved,582.0,950.0,User19,,
1490266956726,Mouse Moved,580.0,950.0,User19,,
1490266956740,Mouse Moved,578.0,950.0,User19,,
1490266956756,Mouse Moved,575.0,950.0,User19,,
1490266956772,Mouse Moved,571.0,950.0,User19,,
1490266956835,Mouse Moved,566.0,950.0,User19,,
1490266956849,Mouse Moved,563.0,950.0,User19,,
1490266956865,Mouse Moved,553.0,949.0,User19,,
1490266956881,Mouse Moved,544.0,948.0,User19,,
1490266956897,Mouse Moved,534.0,948.0,User19,,
1490266956913,Mouse Moved,524.0,947.0,User19,,
1490266956927,Mouse Moved,515.0,946.0,User19,,
1490266956944,Mouse Moved,506.0,945.0,User19,,
1490266956960,Mouse Moved,495.0,944.0,User19,,
1490266956974,Mouse Moved,487.0,942.0,User19,,
1490266956990,Mouse Moved,477.0,942.0,User19,,
1490266957006,Mouse Moved,468.0,941.0,User19,,
1490266957022,Mouse Moved,459.0,941.0,User19,,
1490266957038,Mouse Moved,454.0,941.0,User19,,
1490266957052,Mouse Moved,447.0,941.0,User19,,
1490266957069,Mouse Moved,442.0,940.0,User19,,
1490266957084,Mouse Moved,436.0,940.0,User19,,
1490266957099,Mouse Moved,432.0,939.0,User19,,
1490266957115,Mouse Moved,426.0,939.0,User19,,
1490266957131,Mouse Moved,422.0,938.0,User19,,
1490266957147,Mouse Moved,418.0,938.0,User19,,
1490266957161,Mouse Moved,414.0,938.0,User19,,
1490266957177,Mouse Moved,411.0,938.0,User19,,
1490266957194,Mouse Moved,409.0,938.0,User19,,
1490266957411,Mouse Moved,409.0,939.0,User19,,
1490266957427,Mouse Moved,409.0,940.0,User19,,
1490266957443,Mouse Moved,408.0,941.0,User19,,
1490266957459,Mouse Moved,408.0,943.0,User19,,
1490266957473,Mouse Moved,408.0,945.0,User19,,
1490266957568,Mouse Moved,408.0,945.0,User19,,
1490266957645,Mouse Moved,408.0,945.0,User19,,
1490266958535,Mouse Moved,407.0,945.0,User19,,
1490266958565,Mouse Moved,406.0,945.0,User19,,
1490266958612,Mouse Moved,406.0,944.0,User19,,
1490266958628,Mouse Moved,404.0,940.0,User19,,
1490266958644,Mouse Moved,404.0,934.0,User19,,
1490266958660,Mouse Moved,404.0,924.0,User19,,
1490266958676,Mouse Moved,404.0,909.0,User19,,
1490266958690,Mouse Moved,406.0,886.0,User19,,
1490266958707,Mouse Moved,409.0,858.0,User19,,
1490266958721,Mouse Moved,411.0,826.0,User19,,
1490266958737,Mouse Moved,416.0,785.0,User19,,
1490266958753,Mouse Moved,422.0,732.0,User19,,
1490266958769,Mouse Moved,429.0,677.0,User19,,
1490266958785,Mouse Moved,440.0,610.0,User19,,
1490266958799,Mouse Moved,448.0,551.0,User19,,
1490266958815,Mouse Moved,458.0,479.0,User19,,
1490266958832,Mouse Moved,471.0,202.0,User19,,
1490266958846,Mouse Moved,473.0,184.0,User19,,
1490266958862,Mouse Moved,474.0,182.0,User19,,
1490266958878,Mouse Moved,475.0,171.0,User19,,
1490266958894,Mouse Moved,476.0,162.0,User19,,
1490266958910,Mouse Moved,476.0,149.0,User19,,
1490266958924,Mouse Moved,477.0,140.0,User19,,
1490266958940,Mouse Moved,477.0,130.0,User19,,
1490266958956,Mouse Moved,477.0,119.0,User19,,
1490266958971,Mouse Moved,477.0,108.0,User19,,
1490266958987,Mouse Moved,477.0,99.0,User19,,
1490266959003,Mouse Moved,477.0,90.0,User19,,
1490266959019,Mouse Moved,478.0,80.0,User19,,
1490266959033,Mouse Moved,479.0,71.0,User19,,
1490266959049,Mouse Moved,481.0,65.0,User19,,
1490266959065,Mouse Moved,482.0,60.0,User19,,
1490266959081,Mouse Moved,484.0,57.0,User19,,
1490266959096,Mouse Moved,485.0,56.0,User19,,
1490266959111,Mouse Moved,487.0,54.0,User19,,
1490266959128,Mouse Moved,490.0,53.0,User19,,
1490266959144,Mouse Moved,493.0,53.0,User19,,
1490266959158,Mouse Moved,495.0,52.0,User19,,
1490266959174,Mouse Moved,498.0,52.0,User19,,
1490266959190,Mouse Moved,502.0,51.0,User19,,
1490266959206,Mouse Moved,504.0,51.0,User19,,
1490266959221,Mouse Moved,508.0,51.0,User19,,
1490266959236,Mouse Moved,515.0,51.0,User19,,
1490266959253,Mouse Moved,521.0,51.0,User19,,
1490266959267,Mouse Moved,527.0,50.0,User19,,
1490266959378,Mouse Moved,529.0,49.0,User19,,
1490266959392,Mouse Moved,529.0,48.0,User19,,
1490266959408,Mouse Moved,530.0,45.0,User19,,
1490266959440,Mouse Moved,530.0,44.0,User19,,
1490266959470,Mouse Moved,530.0,43.0,User19,,
1490266959502,Mouse Moved,530.0,42.0,User19,,
1490266959533,Mouse Moved,530.0,41.0,User19,,
1490266959611,Mouse Moved,529.0,40.0,User19,,
1490266959642,Mouse Moved,528.0,40.0,User19,,
1490266959657,Mouse Moved,528.0,39.0,User19,,
1490266959782,Mouse Moved,527.0,39.0,User19,,
1490266959924,Mouse Moved,526.0,40.0,User19,,
1490266959938,Mouse Moved,525.0,40.0,User19,,
1490266959954,Mouse Moved,523.0,44.0,User19,,
1490266959970,Mouse Moved,520.0,48.0,User19,,
1490266959986,Mouse Moved,510.0,69.0,User19,,
1490266960002,Mouse Moved,503.0,89.0,User19,,
1490266960032,Mouse Moved,496.0,114.0,User19,,
1490266960048,Mouse Moved,492.0,131.0,User19,,
1490266960063,Mouse Moved,488.0,147.0,User19,,
1490266960078,Mouse Moved,486.0,156.0,User19,,
1490266960095,Mouse Moved,482.0,174.0,User19,,
1490266960111,Mouse Moved,478.0,193.0,User19,,
1490266960125,Mouse Moved,476.0,212.0,User19,,
1490266960141,Mouse Moved,475.0,230.0,User19,,
1490266960157,Mouse Moved,473.0,249.0,User19,,
1490266960173,Mouse Moved,473.0,265.0,User19,,
1490266960188,Mouse Moved,473.0,283.0,User19,,
1490266960203,Mouse Moved,473.0,303.0,User19,,
1490266960220,Mouse Moved,473.0,327.0,User19,,
1490266960234,Mouse Moved,473.0,351.0,User19,,
1490266960250,Mouse Moved,473.0,375.0,User19,,
1490266960266,Mouse Moved,473.0,401.0,User19,,
1490266960282,Mouse Moved,472.0,428.0,User19,,
1490266960298,Mouse Moved,471.0,451.0,User19,,
1490266960312,Mouse Moved,469.0,482.0,User19,,
1490266960328,Mouse Moved,467.0,508.0,User19,,
1490266960345,Mouse Moved,464.0,535.0,User19,,
1490266960359,Mouse Moved,462.0,560.0,User19,,
1490266960375,Mouse Moved,459.0,588.0,User19,,
1490266960391,Mouse Moved,455.0,617.0,User19,,
1490266960407,Mouse Moved,451.0,647.0,User19,,
1490266960423,Mouse Moved,448.0,672.0,User19,,
1490266960437,Mouse Moved,443.0,699.0,User19,,
1490266960453,Mouse Moved,438.0,722.0,User19,,
1490266960469,Mouse Moved,433.0,742.0,User19,,
1490266960484,Mouse Moved,429.0,756.0,User19,,
1490266960500,Mouse Moved,426.0,771.0,User19,,
1490266960516,Mouse Moved,423.0,782.0,User19,,
1490266960532,Mouse Moved,421.0,793.0,User19,,
1490266960546,Mouse Moved,420.0,802.0,User19,,
1490266960780,Mouse Moved,420.0,803.0,User19,,
1490266960796,Mouse Moved,420.0,799.0,User19,,
1490266960812,Mouse Moved,420.0,793.0,User19,,
1490266960828,Mouse Moved,420.0,784.0,User19,,
1490266960844,Mouse Moved,423.0,767.0,User19,,
1490266960858,Mouse Moved,426.0,746.0,User19,,
1490266960875,Mouse Moved,432.0,717.0,User19,,
1490266960891,Mouse Moved,440.0,678.0,User19,,
1490266960905,Mouse Moved,447.0,641.0,User19,,
1490266960921,Mouse Moved,456.0,595.0,User19,,
1490266960937,Mouse Moved,466.0,545.0,User19,,
1490266960953,Mouse Moved,476.0,481.0,User19,,
1490266960969,Mouse Moved,486.0,184.0,User19,,
1490266960983,Mouse Moved,486.0,182.0,User19,,
1490266961000,Mouse Moved,485.0,174.0,User19,,
1490266961015,Mouse Moved,484.0,161.0,User19,,
1490266961030,Mouse Moved,484.0,147.0,User19,,
1490266961046,Mouse Moved,484.0,134.0,User19,,
1490266961062,Mouse Moved,484.0,122.0,User19,,
1490266961078,Mouse Moved,484.0,112.0,User19,,
1490266961092,Mouse Moved,486.0,100.0,User19,,
1490266961108,Mouse Moved,488.0,89.0,User19,,
1490266961125,Mouse Moved,489.0,79.0,User19,,
1490266961140,Mouse Moved,491.0,69.0,User19,,
1490266961155,Mouse Moved,492.0,60.0,User19,,
1490266961171,Mouse Moved,493.0,56.0,User19,,
1490266961187,Mouse Moved,496.0,53.0,User19,,
1490266961203,Mouse Moved,498.0,51.0,User19,,
1490266961217,Mouse Moved,503.0,48.0,User19,,
1490266961233,Mouse Moved,509.0,42.0,User19,,
1490266961249,Mouse Moved,518.0,39.0,User19,,
1490266961265,Mouse Moved,524.0,38.0,User19,,
1490266961280,Mouse Moved,531.0,36.0,User19,,
1490266961296,Mouse Moved,532.0,36.0,User19,,
1490266961312,Mouse Moved,536.0,36.0,User19,,
1490266961326,Mouse Moved,542.0,34.0,User19,,
1490266961342,Mouse Moved,547.0,32.0,User19,,
1490266961483,Mouse Moved,546.0,32.0,User19,,
1490266961499,Mouse Moved,545.0,32.0,User19,,
1490266961515,Mouse Moved,541.0,32.0,User19,,
1490266961529,Mouse Moved,530.0,35.0,User19,,
1490266961546,Mouse Moved,524.0,36.0,User19,,
1490266961561,Mouse Moved,512.0,40.0,User19,,
1490266961576,Mouse Moved,508.0,41.0,User19,,
1490266961592,Mouse Moved,506.0,41.0,User19,,
1490266964026,Mouse Moved,506.0,42.0,User19,,
1490266964042,Mouse Moved,502.0,44.0,User19,,
1490266964056,Mouse Moved,498.0,49.0,User19,,
1490266964072,Mouse Moved,493.0,55.0,User19,,
1490266964088,Mouse Moved,485.0,62.0,User19,,
1490266964104,Mouse Moved,476.0,73.0,User19,,
1490266964119,Mouse Moved,467.0,82.0,User19,,
1490266964134,Mouse Moved,467.0,83.0,User19,,
1490266964151,Mouse Moved,461.0,90.0,User19,,
1490266964167,Mouse Moved,449.0,105.0,User19,,
1490266964181,Mouse Moved,436.0,124.0,User19,,
1490266964197,Mouse Moved,425.0,140.0,User19,,
1490266964213,Mouse Moved,414.0,154.0,User19,,
1490266964229,Mouse Moved,402.0,168.0,User19,,
1490266964244,Mouse Moved,391.0,183.0,User19,,
1490266964259,Mouse Moved,380.0,195.0,User19,,
1490266964276,Mouse Moved,369.0,208.0,User19,,
1490266964290,Mouse Moved,357.0,224.0,User19,,
1490266964306,Mouse Moved,348.0,234.0,User19,,
1490266964322,Mouse Moved,338.0,246.0,User19,,
1490266964338,Mouse Moved,330.0,255.0,User19,,
1490266964354,Mouse Moved,325.0,261.0,User19,,
1490266964368,Mouse Moved,319.0,269.0,User19,,
1490266964384,Mouse Moved,314.0,275.0,User19,,
1490266964401,Mouse Moved,309.0,281.0,User19,,
1490266964415,Mouse Moved,304.0,288.0,User19,,
1490266964431,Mouse Moved,300.0,293.0,User19,,
1490266964447,Mouse Moved,296.0,300.0,User19,,
1490266964463,Mouse Moved,292.0,307.0,User19,,
1490266964479,Mouse Moved,289.0,313.0,User19,,
1490266964493,Mouse Moved,286.0,320.0,User19,,
1490266964509,Mouse Moved,283.0,325.0,User19,,
1490266964525,Mouse Moved,281.0,329.0,User19,,
1490266964540,Mouse Moved,278.0,334.0,User19,,
1490266964556,Mouse Moved,276.0,338.0,User19,,
1490266964572,Mouse Moved,273.0,345.0,User19,,
1490266964588,Mouse Moved,271.0,349.0,User19,,
1490266964602,Mouse Moved,271.0,350.0,User19,,
1490266964618,Mouse Moved,270.0,350.0,User19,,
1490266964650,Mouse Moved,269.0,351.0,User19,,
1490266964680,Mouse Moved,269.0,352.0,User19,,
1490266964993,Mouse Moved,268.0,352.0,User19,,
1490266965009,Mouse Moved,267.0,353.0,User19,,
1490266965025,Mouse Moved,266.0,354.0,User19,,
1490266965071,Mouse Moved,266.0,356.0,User19,,
1490266965086,Mouse Moved,266.0,357.0,User19,,
1490266965102,Mouse Moved,265.0,358.0,User19,,
1490266965118,Mouse Moved,265.0,360.0,User19,,
1490266965134,Mouse Moved,265.0,364.0,User19,,
1490266965148,Mouse Moved,265.0,367.0,User19,,
1490266965164,Mouse Moved,267.0,370.0,User19,,
1490266965180,Mouse Moved,273.0,379.0,User19,,
1490266965196,Mouse Moved,285.0,393.0,User19,,
1490266965211,Mouse Moved,286.0,393.0,User19,,
1490266965226,Mouse Moved,289.0,396.0,User19,,
1490266965243,Mouse Moved,296.0,403.0,User19,,
1490266965259,Mouse Moved,304.0,411.0,User19,,
1490266965273,Mouse Moved,313.0,420.0,User19,,
1490266965289,Mouse Moved,320.0,427.0,User19,,
1490266965305,Mouse Moved,329.0,435.0,User19,,
1490266965321,Mouse Moved,336.0,443.0,User19,,
1490266965336,Mouse Moved,345.0,452.0,User19,,
1490266965351,Mouse Moved,352.0,460.0,User19,,
1490266965368,Mouse Moved,360.0,466.0,User19,,
1490266965382,Mouse Moved,366.0,473.0,User19,,
1490266965398,Mouse Moved,376.0,482.0,User19,,
1490266965414,Mouse Moved,382.0,488.0,User19,,
1490266965430,Mouse Moved,388.0,493.0,User19,,
1490266965446,Mouse Moved,395.0,499.0,User19,,
1490266967177,Mouse Moved,396.0,502.0,User19,,
1490266967193,Mouse Moved,393.0,502.0,User19,,
1490266967209,Mouse Moved,390.0,502.0,User19,,
1490266967223,Mouse Moved,385.0,502.0,User19,,
1490266967240,Mouse Moved,380.0,502.0,User19,,
1490266967255,Mouse Moved,374.0,502.0,User19,,
1490266967270,Mouse Moved,367.0,501.0,User19,,
1490266967286,Mouse Moved,360.0,500.0,User19,,
1490266967302,Mouse Moved,353.0,498.0,User19,,
1490266967318,Mouse Moved,347.0,497.0,User19,,
1490266967332,Mouse Moved,340.0,495.0,User19,,
1490266967348,Mouse Moved,334.0,493.0,User19,,
1490266967365,Mouse Moved,328.0,490.0,User19,,
1490266967380,Mouse Moved,323.0,489.0,User19,,
1490266967395,Mouse Moved,318.0,488.0,User19,,
1490266967411,Mouse Moved,312.0,486.0,User19,,
1490266967427,Mouse Moved,306.0,485.0,User19,,
1490266967443,Mouse Moved,306.0,484.0,User19,,
1490266967457,Mouse Moved,301.0,483.0,User19,,
1490266967473,Mouse Moved,297.0,482.0,User19,,
1490266967489,Mouse Moved,293.0,481.0,User19,,
1490266967505,Mouse Moved,289.0,480.0,User19,,
1490266967520,Mouse Moved,287.0,479.0,User19,,
1490266967536,Mouse Moved,284.0,479.0,User19,,
1490266967552,Mouse Moved,280.0,478.0,User19,,
1490266967566,Mouse Moved,277.0,477.0,User19,,
1490266967582,Mouse Moved,273.0,476.0,User19,,
1490266967598,Mouse Moved,270.0,476.0,User19,,
1490266967661,Mouse Moved,269.0,476.0,User19,,
1490266967677,Mouse Moved,267.0,475.0,User19,,
1490266967691,Mouse Moved,260.0,473.0,User19,,
1490266967707,Mouse Moved,243.0,469.0,User19,,
1490266967723,Mouse Moved,240.0,468.0,User19,,
1490266967739,Mouse Moved,238.0,468.0,User19,,
1490266967755,Mouse Moved,237.0,467.0,User19,,
1490266967769,Mouse Moved,235.0,467.0,User19,,
1490266967786,Mouse Moved,234.0,467.0,User19,,
1490266967801,Mouse Moved,233.0,467.0,User19,,
1490266968299,Mouse Moved,233.0,467.0,User19,,
1490266968346,Mouse Moved,233.0,467.0,User19,,
1490266968487,Mouse Moved,233.0,466.0,User19,,
1490266968549,Mouse Moved,233.0,465.0,User19,,
1490266968565,Mouse Moved,233.0,464.0,User19,,
1490266968581,Mouse Moved,233.0,463.0,User19,,
1490266968596,Mouse Moved,233.0,457.0,User19,,
1490266968611,Mouse Moved,233.0,454.0,User19,,
1490266968628,Mouse Moved,233.0,452.0,User19,,
1490266968644,Mouse Moved,233.0,451.0,User19,,
1490266968658,Mouse Moved,233.0,448.0,User19,,
1490266968674,Mouse Moved,234.0,447.0,User19,,
1490266968690,Mouse Moved,234.0,445.0,User19,,
1490266968706,Mouse Moved,234.0,444.0,User19,,
1490266968736,Mouse Moved,234.0,443.0,User19,,
1490266969174,Mouse Moved,234.0,443.0,User19,,
1490266969236,Mouse Moved,234.0,443.0,User19,,
1490266969345,Mouse Moved,234.0,442.0,User19,,
1490266969361,Mouse Moved,234.0,440.0,User19,,
1490266969377,Mouse Moved,235.0,434.0,User19,,
1490266969391,Mouse Moved,237.0,425.0,User19,,
1490266969407,Mouse Moved,240.0,413.0,User19,,
1490266969424,Mouse Moved,241.0,403.0,User19,,
1490266969438,Mouse Moved,241.0,401.0,User19,,
1490266969454,Mouse Moved,242.0,396.0,User19,,
1490266969470,Mouse Moved,243.0,391.0,User19,,
1490266969486,Mouse Moved,243.0,385.0,User19,,
1490266969502,Mouse Moved,244.0,381.0,User19,,
1490266969579,Mouse Moved,244.0,379.0,User19,,
1490266969595,Mouse Moved,245.0,378.0,User19,,
1490266969611,Mouse Moved,245.0,376.0,User19,,
1490266969641,Mouse Moved,246.0,376.0,User19,,
1490266969673,Mouse Moved,246.0,376.0,User19,,
1490266969720,Mouse Moved,246.0,376.0,User19,,
1490266969813,Mouse Moved,246.0,375.0,User19,,
1490266969828,Mouse Moved,246.0,373.0,User19,,
1490266969845,Mouse Moved,246.0,371.0,User19,,
1490266969859,Mouse Moved,247.0,369.0,User19,,
1490266969875,Mouse Moved,247.0,367.0,User19,,
1490266969891,Mouse Moved,248.0,366.0,User19,,
1490266969937,Mouse Moved,248.0,365.0,User19,,
1490266970000,Mouse Moved,248.0,365.0,User19,,
1490266970078,Mouse Moved,248.0,365.0,User19,,
1490266970157,Mouse Moved,248.0,364.0,User19,,
1490266970171,Mouse Moved,248.0,363.0,User19,,
1490266970187,Mouse Moved,249.0,357.0,User19,,
1490266970203,Mouse Moved,249.0,353.0,User19,,
1490266970219,Mouse Moved,250.0,345.0,User19,,
1490266970234,Mouse Moved,250.0,337.0,User19,,
1490266970250,Mouse Moved,250.0,327.0,User19,,
1490266970266,Mouse Moved,250.0,317.0,User19,,
1490266970282,Mouse Moved,250.0,306.0,User19,,
1490266970296,Mouse Moved,250.0,295.0,User19,,
1490266970312,Mouse Moved,248.0,284.0,User19,,
1490266970328,Mouse Moved,248.0,273.0,User19,,
1490266970344,Mouse Moved,246.0,264.0,User19,,
1490266970375,Mouse Moved,245.0,257.0,User19,,
1490266970391,Mouse Moved,244.0,250.0,User19,,
1490266970405,Mouse Moved,244.0,246.0,User19,,
1490266970421,Mouse Moved,244.0,243.0,User19,,
1490266970437,Mouse Moved,244.0,239.0,User19,,
1490266970453,Mouse Moved,244.0,233.0,User19,,
1490266970469,Mouse Moved,244.0,228.0,User19,,
1490266970483,Mouse Moved,244.0,225.0,User19,,
1490266970500,Mouse Moved,243.0,223.0,User19,,
1490266970516,Mouse Moved,243.0,221.0,User19,,
1490266970530,Mouse Moved,243.0,220.0,User19,,
1490266970562,Mouse Moved,243.0,220.0,User19,,
1490266970671,Mouse Moved,243.0,220.0,User19,,
1490266970890,Mouse Moved,243.0,221.0,User19,,
1490266970905,Mouse Moved,243.0,223.0,User19,,
1490266970921,Mouse Moved,243.0,224.0,User19,,
1490266970937,Mouse Moved,243.0,227.0,User19,,
1490266970951,Mouse Moved,243.0,228.0,User19,,
1490266970967,Mouse Moved,243.0,229.0,User19,,
1490266970983,Mouse Moved,243.0,230.0,User19,,
1490266970999,Mouse Moved,243.0,231.0,User19,,
1490266971015,Mouse Moved,243.0,232.0,User19,,
1490266971108,Mouse Moved,243.0,232.0,User19,,
1490266971186,Mouse Moved,243.0,232.0,User19,,
1490266971404,Mouse Moved,243.0,233.0,User19,,
1490266971436,Mouse Moved,243.0,234.0,User19,,
1490266971451,Mouse Moved,245.0,236.0,User19,,
1490266971467,Mouse Moved,253.0,239.0,User19,,
1490266971483,Mouse Moved,254.0,239.0,User19,,
1490266971497,Mouse Moved,257.0,240.0,User19,,
1490266971513,Mouse Moved,267.0,243.0,User19,,
1490266971529,Mouse Moved,277.0,246.0,User19,,
1490266971545,Mouse Moved,290.0,249.0,User19,,
1490266971561,Mouse Moved,301.0,253.0,User19,,
1490266971575,Mouse Moved,313.0,255.0,User19,,
1490266971592,Mouse Moved,323.0,257.0,User19,,
1490266971608,Mouse Moved,333.0,259.0,User19,,
1490266971622,Mouse Moved,341.0,261.0,User19,,
1490266971686,Mouse Moved,342.0,261.0,User19,,
1490266971700,Mouse Moved,342.0,260.0,User19,,
1490266971717,Mouse Moved,341.0,259.0,User19,,
1490266971732,Mouse Moved,335.0,256.0,User19,,
1490266971747,Mouse Moved,332.0,254.0,User19,,
1490266971763,Mouse Moved,324.0,251.0,User19,,
1490266971779,Mouse Moved,315.0,248.0,User19,,
1490266971795,Mouse Moved,305.0,245.0,User19,,
1490266971809,Mouse Moved,298.0,242.0,User19,,
1490266971825,Mouse Moved,263.0,231.0,User19,,
1490266971842,Mouse Moved,256.0,229.0,User19,,
1490266971857,Mouse Moved,255.0,228.0,User19,,
1490266971872,Mouse Moved,252.0,227.0,User19,,
1490266971920,Mouse Moved,252.0,226.0,User19,,
1490266971966,Mouse Moved,251.0,226.0,User19,,
1490266971982,Mouse Moved,251.0,225.0,User19,,
1490266971997,Mouse Moved,251.0,224.0,User19,,
1490266972013,Mouse Moved,250.0,224.0,User19,,
1490266972029,Mouse Moved,248.0,222.0,User19,,
1490266972043,Mouse Moved,246.0,221.0,User19,,
1490266972059,Mouse Moved,244.0,220.0,User19,,
1490266972075,Mouse Moved,242.0,219.0,User19,,
1490266972091,Mouse Moved,239.0,218.0,User19,,
1490266972107,Mouse Moved,236.0,215.0,User19,,
1490266972154,Mouse Moved,236.0,215.0,User19,,
1490266972168,Mouse Button.left Pressed,236.0,215.0,User19,,
1490266972232,Mouse Moved,236.0,215.0,User19,,
1490266972309,Mouse Moved,236.0,216.0,User19,,
1490266972325,Mouse Moved,235.0,216.0,User19,,
1490266972341,Mouse Moved,235.0,217.0,User19,,
1490266972355,Mouse Moved,235.0,218.0,User19,,
1490266972371,Mouse Moved,235.0,219.0,User19,,
1490266972388,Mouse Moved,237.0,221.0,User19,,
1490266972403,Mouse Moved,238.0,222.0,User19,,
1490266972418,Mouse Moved,246.0,227.0,User19,,
1490266972434,Mouse Moved,257.0,233.0,User19,,
1490266972450,Mouse Moved,267.0,238.0,User19,,
1490266972466,Mouse Moved,268.0,239.0,User19,,
1490266972480,Mouse Moved,275.0,242.0,User19,,
1490266972496,Mouse Moved,279.0,243.0,User19,,
1490266972512,Mouse Moved,284.0,245.0,User19,,
1490266972528,Mouse Moved,294.0,249.0,User19,,
1490266972543,Mouse Moved,302.0,252.0,User19,,
1490266972559,Mouse Moved,312.0,256.0,User19,,
1490266972575,Mouse Moved,322.0,260.0,User19,,
1490266972589,Mouse Moved,331.0,263.0,User19,,
1490266972605,Mouse Moved,338.0,266.0,User19,,
1490266972621,Mouse Moved,346.0,268.0,User19,,
1490266972637,Mouse Moved,350.0,270.0,User19,,
1490266972653,Mouse Moved,350.0,271.0,User19,,
1490266973260,Mouse Moved,350.0,272.0,User19,,
1490266973292,Mouse Moved,349.0,273.0,User19,,
1490266973822,Mouse Moved,349.0,272.0,User19,,
1490266973838,Mouse Moved,349.0,268.0,User19,,
1490266973854,Mouse Moved,348.0,256.0,User19,,
1490266973869,Mouse Moved,347.0,245.0,User19,,
1490266973884,Mouse Moved,347.0,244.0,User19,,
1490266973901,Mouse Moved,347.0,238.0,User19,,
1490266973915,Mouse Moved,347.0,225.0,User19,,
1490266973931,Mouse Moved,347.0,213.0,User19,,
1490266973947,Mouse Moved,346.0,201.0,User19,,
1490266973963,Mouse Moved,345.0,189.0,User19,,
1490266973979,Mouse Moved,344.0,178.0,User19,,
1490266973993,Mouse Moved,343.0,166.0,User19,,
1490266974009,Mouse Moved,343.0,157.0,User19,,
1490266974026,Mouse Moved,341.0,146.0,User19,,
1490266974040,Mouse Moved,341.0,137.0,User19,,
1490266974056,Mouse Moved,341.0,130.0,User19,,
1490266974072,Mouse Moved,341.0,125.0,User19,,
1490266974088,Mouse Moved,340.0,120.0,User19,,
1490266974104,Mouse Moved,340.0,115.0,User19,,
1490266974118,Mouse Moved,339.0,109.0,User19,,
1490266974134,Mouse Moved,338.0,106.0,User19,,
1490266974150,Mouse Moved,337.0,100.0,User19,,
1490266974165,Mouse Moved,337.0,95.0,User19,,
1490266974181,Mouse Moved,336.0,90.0,User19,,
1490266974197,Mouse Moved,335.0,85.0,User19,,
1490266974213,Mouse Moved,335.0,81.0,User19,,
1490266974227,Mouse Moved,335.0,77.0,User19,,
1490266974243,Mouse Moved,335.0,72.0,User19,,
1490266974259,Mouse Moved,336.0,68.0,User19,,
1490266974275,Mouse Moved,336.0,64.0,User19,,
1490266974290,Mouse Moved,337.0,61.0,User19,,
1490266974305,Mouse Moved,338.0,57.0,User19,,
1490266974322,Mouse Moved,339.0,55.0,User19,,
1490266974338,Mouse Moved,340.0,53.0,User19,,
1490266974352,Mouse Moved,340.0,51.0,User19,,
1490266974368,Mouse Moved,341.0,50.0,User19,,
1490266974384,Mouse Moved,342.0,49.0,User19,,
1490266974400,Mouse Moved,342.0,48.0,User19,,
1490266974415,Mouse Moved,343.0,47.0,User19,,
1490266974430,Mouse Moved,343.0,46.0,User19,,
1490266974447,Mouse Moved,343.0,45.0,User19,,
1490266974461,Mouse Moved,344.0,44.0,User19,,
1490266974477,Mouse Moved,344.0,43.0,User19,,
1490266974509,Mouse Moved,344.0,41.0,User19,,
1490266974525,Mouse Moved,345.0,40.0,User19,,
1490266974664,Mouse Moved,345.0,40.0,User19,,
1490266974680,Mouse Moved,346.0,40.0,User19,,
1490266974773,Mouse Moved,346.0,40.0,User19,,
1490266974852,Mouse Moved,345.0,40.0,User19,,
1490266974867,Mouse Moved,344.0,40.0,User19,,
1490266974887,Mouse Moved,343.0,40.0,User19,,
1490266974901,Mouse Moved,339.0,42.0,User19,,
1490266974917,Mouse Moved,331.0,43.0,User19,,
1490266974933,Mouse Moved,329.0,43.0,User19,,
1490266974948,Mouse Moved,328.0,43.0,User19,,
1490266974964,Mouse Moved,324.0,43.0,User19,,
1490266974980,Mouse Moved,323.0,43.0,User19,,
1490266974996,Mouse Moved,321.0,43.0,User19,,
1490266975135,Mouse Moved,320.0,43.0,User19,,
1490266975167,Mouse Moved,319.0,43.0,User19,,
1490266975213,Mouse Moved,318.0,43.0,User19,,
1490266975681,Mouse Moved,317.0,43.0,User19,,
1490266975697,Mouse Moved,316.0,44.0,User19,,
1490266975713,Mouse Moved,315.0,46.0,User19,,
1490266975729,Mouse Moved,311.0,49.0,User19,,
1490266975743,Mouse Moved,296.0,67.0,User19,,
1490266975759,Mouse Moved,296.0,68.0,User19,,
1490266975776,Mouse Moved,293.0,70.0,User19,,
1490266975790,Mouse Moved,287.0,77.0,User19,,
1490266975806,Mouse Moved,278.0,87.0,User19,,
1490266975822,Mouse Moved,270.0,95.0,User19,,
1490266975838,Mouse Moved,264.0,102.0,User19,,
1490266975854,Mouse Moved,256.0,111.0,User19,,
1490266975868,Mouse Moved,248.0,120.0,User19,,
1490266975884,Mouse Moved,242.0,128.0,User19,,
1490266975900,Mouse Moved,235.0,136.0,User19,,
1490266975915,Mouse Moved,229.0,146.0,User19,,
1490266975931,Mouse Moved,224.0,153.0,User19,,
1490266975947,Mouse Moved,221.0,161.0,User19,,
1490266975963,Mouse Moved,218.0,169.0,User19,,
1490266975977,Mouse Moved,217.0,177.0,User19,,
1490266975993,Mouse Moved,215.0,182.0,User19,,
1490266976009,Mouse Moved,215.0,190.0,User19,,
1490266976025,Mouse Moved,215.0,196.0,User19,,
1490266976040,Mouse Moved,215.0,203.0,User19,,
1490266976055,Mouse Moved,216.0,209.0,User19,,
1490266976072,Mouse Moved,217.0,215.0,User19,,
1490266976088,Mouse Moved,218.0,222.0,User19,,
1490266976102,Mouse Moved,220.0,227.0,User19,,
1490266976118,Mouse Moved,222.0,233.0,User19,,
1490266976134,Mouse Moved,223.0,237.0,User19,,
1490266976150,Mouse Moved,225.0,242.0,User19,,
1490266976165,Mouse Moved,226.0,247.0,User19,,
1490266976180,Mouse Moved,228.0,249.0,User19,,
1490266976197,Mouse Moved,230.0,256.0,User19,,
1490266976211,Mouse Moved,231.0,260.0,User19,,
1490266976227,Mouse Moved,233.0,264.0,User19,,
1490266976243,Mouse Moved,234.0,267.0,User19,,
1490266976259,Mouse Moved,235.0,269.0,User19,,
1490266976275,Mouse Moved,235.0,272.0,User19,,
1490266976289,Mouse Moved,237.0,274.0,User19,,
1490266976305,Mouse Moved,237.0,277.0,User19,,
1490266976322,Mouse Moved,238.0,280.0,User19,,
1490266976336,Mouse Moved,239.0,283.0,User19,,
1490266976352,Mouse Moved,239.0,284.0,User19,,
1490266976539,Mouse Moved,240.0,284.0,User19,,
1490266976555,Mouse Moved,241.0,280.0,User19,,
1490266976571,Mouse Moved,243.0,274.0,User19,,
1490266976586,Mouse Moved,245.0,266.0,User19,,
1490266976601,Mouse Moved,248.0,246.0,User19,,
1490266976618,Mouse Moved,248.0,229.0,User19,,
1490266976634,Mouse Moved,248.0,228.0,User19,,
1490266976648,Mouse Moved,248.0,221.0,User19,,
1490266976664,Mouse Moved,248.0,219.0,User19,,
1490266976680,Mouse Moved,248.0,210.0,User19,,
1490266976696,Mouse Moved,248.0,207.0,User19,,
1490266976711,Mouse Moved,248.0,204.0,User19,,
1490266976726,Mouse Moved,248.0,201.0,User19,,
1490266976743,Mouse Moved,248.0,199.0,User19,,
1490266977117,Mouse Moved,247.0,199.0,User19,,
1490266977132,Mouse Moved,246.0,201.0,User19,,
1490266977148,Mouse Moved,244.0,203.0,User19,,
1490266977164,Mouse Moved,243.0,203.0,User19,,
1490266977180,Mouse Moved,241.0,206.0,User19,,
1490266977538,Mouse Moved,241.0,205.0,User19,,
1490266977553,Mouse Moved,241.0,202.0,User19,,
1490266977569,Mouse Moved,242.0,195.0,User19,,
1490266977585,Mouse Moved,242.0,192.0,User19,,
1490266977601,Mouse Moved,242.0,191.0,User19,,
1490266977615,Mouse Moved,242.0,190.0,User19,,
1490266977631,Mouse Moved,242.0,188.0,User19,,
1490266977648,Mouse Moved,242.0,187.0,User19,,
1490266977663,Mouse Moved,242.0,185.0,User19,,
1490266977678,Mouse Moved,242.0,181.0,User19,,
1490266977694,Mouse Moved,242.0,175.0,User19,,
1490266977710,Mouse Moved,242.0,172.0,User19,,
1490266977726,Mouse Moved,242.0,169.0,User19,,
1490266977740,Mouse Moved,241.0,166.0,User19,,
1490266977756,Mouse Moved,241.0,163.0,User19,,
1490266977772,Mouse Moved,241.0,162.0,User19,,
1490266977788,Mouse Moved,241.0,161.0,User19,,
1490266977803,Mouse Moved,241.0,160.0,User19,,
1490266977835,Mouse Moved,240.0,159.0,User19,,
1490266977849,Mouse Moved,240.0,158.0,User19,,
1490266977865,Mouse Moved,240.0,157.0,User19,,
1490266977881,Mouse Moved,240.0,156.0,User19,,
1490266977897,Mouse Moved,239.0,155.0,User19,,
1490266977960,Mouse Moved,238.0,155.0,User19,,
1490266978069,Mouse Moved,237.0,155.0,User19,,
1490266978084,Mouse Moved,237.0,157.0,User19,,
1490266978099,Mouse Moved,236.0,159.0,User19,,
1490266978115,Mouse Moved,236.0,164.0,User19,,
1490266978131,Mouse Moved,236.0,169.0,User19,,
1490266978147,Mouse Moved,236.0,178.0,User19,,
1490266978161,Mouse Moved,236.0,187.0,User19,,
1490266978177,Mouse Moved,236.0,189.0,User19,,
1490266978194,Mouse Moved,237.0,195.0,User19,,
1490266978209,Mouse Moved,240.0,207.0,User19,,
1490266978224,Mouse Moved,244.0,217.0,User19,,
1490266978240,Mouse Moved,250.0,225.0,User19,,
1490266978256,Mouse Moved,254.0,231.0,User19,,
1490266978272,Mouse Moved,257.0,237.0,User19,,
1490266978286,Mouse Moved,261.0,243.0,User19,,
1490266978302,Mouse Moved,268.0,249.0,User19,,
1490266978318,Mouse Moved,273.0,256.0,User19,,
1490266978334,Mouse Moved,278.0,261.0,User19,,
1490266978349,Mouse Moved,282.0,267.0,User19,,
1490266978365,Mouse Moved,285.0,274.0,User19,,
1490266978381,Mouse Moved,288.0,279.0,User19,,
1490266978395,Mouse Moved,290.0,285.0,User19,,
1490266978411,Mouse Moved,291.0,289.0,User19,,
1490266978427,Mouse Moved,293.0,290.0,User19,,
1490266978459,Mouse Moved,293.0,292.0,User19,,
1490266978490,Mouse Moved,293.0,293.0,User19,,
1490266978520,Mouse Moved,293.0,294.0,User19,,
1490266978536,Mouse Moved,293.0,295.0,User19,,
1490266978552,Mouse Moved,293.0,296.0,User19,,
1490266978568,Mouse Moved,293.0,297.0,User19,,
1490266978584,Mouse Moved,293.0,298.0,User19,,
1490266978598,Mouse Moved,293.0,299.0,User19,,
1490266978615,Mouse Moved,293.0,300.0,User19,,
1490266978630,Mouse Moved,293.0,302.0,User19,,
1490266978645,Mouse Moved,293.0,304.0,User19,,
1490266978661,Mouse Moved,292.0,306.0,User19,,
1490266978677,Mouse Moved,292.0,308.0,User19,,
1490266978693,Mouse Moved,292.0,310.0,User19,,
1490266978707,Mouse Moved,291.0,312.0,User19,,
1490266978723,Mouse Moved,291.0,314.0,User19,,
1490266978740,Mouse Moved,290.0,314.0,User19,,
1490266978755,Mouse Moved,290.0,315.0,User19,,
1490266978770,Mouse Moved,290.0,316.0,User19,,
1490266978864,Mouse Moved,290.0,317.0,User19,,
1490266978895,Mouse Moved,289.0,317.0,User19,,
1490266978927,Mouse Moved,288.0,317.0,User19,,
1490266978957,Mouse Moved,288.0,319.0,User19,,
1490266978989,Mouse Moved,286.0,319.0,User19,,
1490266979005,Mouse Moved,285.0,321.0,User19,,
1490266979019,Mouse Moved,284.0,323.0,User19,,
1490266979036,Mouse Moved,282.0,326.0,User19,,
1490266979052,Mouse Moved,279.0,328.0,User19,,
1490266979066,Mouse Moved,274.0,332.0,User19,,
1490266979082,Mouse Moved,272.0,335.0,User19,,
1490266979098,Mouse Moved,271.0,335.0,User19,,
1490266979114,Mouse Moved,270.0,337.0,User19,,
1490266979364,Mouse Moved,268.0,339.0,User19,,
1490266979378,Mouse Moved,267.0,340.0,User19,,
1490266979394,Mouse Moved,266.0,342.0,User19,,
1490266979410,Mouse Moved,265.0,344.0,User19,,
1490266979426,Mouse Moved,263.0,345.0,User19,,
1490266979441,Mouse Moved,262.0,348.0,User19,,
1490266979457,Mouse Moved,259.0,352.0,User19,,
1490266979473,Mouse Moved,258.0,354.0,User19,,
1490266979487,Mouse Moved,258.0,355.0,User19,,
1490266979503,Mouse Moved,257.0,355.0,User19,,
1490266979519,Mouse Moved,256.0,357.0,User19,,
1490266979535,Mouse Moved,256.0,358.0,User19,,
1490266979707,Mouse Moved,255.0,357.0,User19,,
1490266979721,Mouse Moved,256.0,354.0,User19,,
1490266979737,Mouse Moved,256.0,351.0,User19,,
1490266979753,Mouse Moved,257.0,347.0,User19,,
1490266979769,Mouse Moved,258.0,344.0,User19,,
1490266979785,Mouse Moved,258.0,341.0,User19,,
1490266979799,Mouse Moved,258.0,339.0,User19,,
1490266979910,Mouse Moved,258.0,339.0,User19,,
1490266979971,Mouse Moved,258.0,339.0,User19,,
1490266980065,Mouse Moved,258.0,339.0,User19,,
1490266980131,Mouse Moved,258.0,339.0,User19,,
1490266980134,Mouse Button.left Released,258.0,339.0,User19,,
1490266982385,Mouse Moved,258.0,338.0,User19,,
1490266982401,Mouse Moved,260.0,336.0,User19,,
1490266982417,Mouse Moved,260.0,335.0,User19,,
1490266982433,Mouse Moved,261.0,334.0,User19,,
1490266982447,Mouse Moved,262.0,333.0,User19,,
1490266982463,Mouse Moved,262.0,332.0,User19,,
1490266983430,Mouse Moved,262.0,332.0,User19,,
1490266983525,Mouse Moved,262.0,332.0,User19,,
1490266984039,Mouse Moved,262.0,331.0,User19,,
1490266984055,Mouse Moved,262.0,328.0,User19,,
1490266984071,Mouse Moved,266.0,323.0,User19,,
1490266984085,Mouse Moved,267.0,320.0,User19,,
1490266984101,Mouse Moved,274.0,311.0,User19,,
1490266984117,Mouse Moved,279.0,302.0,User19,,
1490266984132,Mouse Moved,290.0,285.0,User19,,
1490266984148,Mouse Moved,301.0,265.0,User19,,
1490266984164,Mouse Moved,313.0,245.0,User19,,
1490266984180,Mouse Moved,326.0,220.0,User19,,
1490266984194,Mouse Moved,337.0,198.0,User19,,
1490266984210,Mouse Moved,390.0,100.0,User19,,
1490266984335,Mouse Moved,390.0,99.0,User19,,
1490266984351,Mouse Moved,390.0,98.0,User19,,
1490266984367,Mouse Moved,390.0,97.0,User19,,
1490266984382,Mouse Moved,389.0,95.0,User19,,
1490266984398,Mouse Moved,388.0,94.0,User19,,
1490266984414,Mouse Moved,387.0,91.0,User19,,
1490266984428,Mouse Moved,385.0,89.0,User19,,
1490266984444,Mouse Moved,381.0,80.0,User19,,
1490266984460,Mouse Moved,378.0,74.0,User19,,
1490266984476,Mouse Moved,378.0,73.0,User19,,
1490266984492,Mouse Moved,375.0,67.0,User19,,
1490266984506,Mouse Moved,371.0,60.0,User19,,
1490266984523,Mouse Moved,367.0,55.0,User19,,
1490266984539,Mouse Moved,364.0,50.0,User19,,
1490266984553,Mouse Moved,360.0,46.0,User19,,
1490266984569,Mouse Moved,357.0,43.0,User19,,
1490266984585,Mouse Moved,353.0,40.0,User19,,
1490266984601,Mouse Moved,352.0,39.0,User19,,
1490266984913,Mouse Moved,352.0,38.0,User19,,
1490266984990,Mouse Moved,352.0,38.0,User19,,
1490266985019,Mouse Moved,351.0,38.0,User19,,
1490266985038,Mouse Moved,350.0,38.0,User19,,
1490266985049,Mouse Moved,349.0,38.0,User19,,
1490266985051,Mouse Moved,349.0,39.0,User19,,
1490266985055,Mouse Moved,348.0,39.0,User19,,
1490266985066,Mouse Moved,347.0,39.0,User19,,
1490266985069,Mouse Moved,346.0,39.0,User19,,
1490266985071,Mouse Moved,345.0,39.0,User19,,
1490266985072,Mouse Moved,345.0,40.0,User19,,
1490266985079,Mouse Moved,344.0,40.0,User19,,
1490266985082,Mouse Moved,343.0,40.0,User19,,
1490266985084,Mouse Moved,342.0,40.0,User19,,
1490266985099,Mouse Moved,341.0,40.0,User19,,
1490266985115,Mouse Moved,334.0,41.0,User19,,
1490266985131,Mouse Moved,328.0,41.0,User19,,
1490266985147,Mouse Moved,321.0,41.0,User19,,
1490266985163,Mouse Moved,313.0,41.0,User19,,
1490266985177,Mouse Moved,309.0,41.0,User19,,
1490266985194,Mouse Moved,307.0,41.0,User19,,
1490266985365,Mouse Moved,306.0,40.0,User19,,
1490266985443,Mouse Moved,306.0,40.0,User19,,
1490266985515,Mouse Moved,305.0,40.0,User19,,
1490266985555,Mouse Moved,305.0,41.0,User19,,
1490266985569,Mouse Moved,303.0,45.0,User19,,
1490266985585,Mouse Moved,301.0,49.0,User19,,
1490266985601,Mouse Moved,294.0,61.0,User19,,
1490266985617,Mouse Moved,294.0,62.0,User19,,
1490266985632,Mouse Moved,292.0,66.0,User19,,
1490266985648,Mouse Moved,289.0,72.0,User19,,
1490266985664,Mouse Moved,287.0,77.0,User19,,
1490266985678,Mouse Moved,284.0,82.0,User19,,
1490266985694,Mouse Moved,282.0,86.0,User19,,
1490266985710,Mouse Moved,280.0,90.0,User19,,
1490266985726,Mouse Moved,278.0,93.0,User19,,
1490266985742,Mouse Moved,276.0,96.0,User19,,
1490266985756,Mouse Moved,274.0,100.0,User19,,
1490266985773,Mouse Moved,271.0,104.0,User19,,
1490266985789,Mouse Moved,270.0,105.0,User19,,
1490266985881,Mouse Moved,270.0,105.0,User19,,
1490266985898,Mouse Moved,271.0,103.0,User19,,
1490266985913,Mouse Moved,271.0,102.0,User19,,
1490266985928,Mouse Moved,276.0,96.0,User19,,
1490266985944,Mouse Moved,280.0,89.0,User19,,
1490266985960,Mouse Moved,291.0,79.0,User19,,
1490266985976,Mouse Moved,301.0,74.0,User19,,
1490266985990,Mouse Moved,301.0,73.0,User19,,
1490266986038,Mouse Moved,301.0,74.0,User19,,
1490266986053,Mouse Moved,301.0,78.0,User19,,
1490266986069,Mouse Moved,300.0,86.0,User19,,
1490266986085,Mouse Moved,298.0,95.0,User19,,
1490266986101,Mouse Moved,295.0,104.0,User19,,
1490266986115,Mouse Moved,292.0,112.0,User19,,
1490266986131,Mouse Moved,292.0,113.0,User19,,
1490266986147,Mouse Moved,290.0,119.0,User19,,
1490266986163,Mouse Moved,287.0,123.0,User19,,
1490266986178,Mouse Moved,284.0,127.0,User19,,
1490266986194,Mouse Moved,283.0,130.0,User19,,
1490266986210,Mouse Moved,281.0,132.0,User19,,
1490266986272,Mouse Moved,281.0,132.0,User19,,
1490266986335,Mouse Moved,281.0,132.0,User19,,
1490266986427,Mouse Moved,281.0,132.0,User19,,
1490266986474,Mouse Moved,281.0,132.0,User19,,
1490266986663,Mouse Moved,281.0,132.0,User19,,
1490266986740,Mouse Moved,281.0,132.0,User19,,
1490266986819,Mouse Moved,281.0,132.0,User19,,
1490266986878,Mouse Moved,281.0,132.0,User19,,
1490266986881,Mouse Button.left Released,281.0,132.0,User19,,
1490266987313,Mouse Moved,281.0,132.0,User19,,
1490266987375,Mouse Moved,281.0,132.0,User19,,
1490266987657,Mouse Moved,281.0,132.0,User19,,
1490266987707,Mouse Moved,281.0,132.0,User19,,
1490266987709,Mouse Button.left Released,281.0,132.0,User19,,
1490266987888,Mouse Moved,281.0,133.0,User19,,
1490266987904,Mouse Moved,281.0,134.0,User19,,
1490266987920,Mouse Moved,280.0,136.0,User19,,
1490266987934,Mouse Moved,279.0,140.0,User19,,
1490266987950,Mouse Moved,278.0,145.0,User19,,
1490266987966,Mouse Moved,277.0,150.0,User19,,
1490266987982,Mouse Moved,276.0,155.0,User19,,
1490266987997,Mouse Moved,275.0,160.0,User19,,
1490266988013,Mouse Moved,274.0,164.0,User19,,
1490266988029,Mouse Moved,272.0,171.0,User19,,
1490266988043,Mouse Moved,269.0,179.0,User19,,
1490266988059,Mouse Moved,267.0,185.0,User19,,
1490266988075,Mouse Moved,266.0,191.0,User19,,
1490266988091,Mouse Moved,264.0,194.0,User19,,
1490266988418,Mouse Moved,264.0,195.0,User19,,
1490266988434,Mouse Moved,264.0,197.0,User19,,
1490266988450,Mouse Moved,263.0,200.0,User19,,
1490266988466,Mouse Moved,263.0,202.0,User19,,
1490266988480,Mouse Moved,261.0,205.0,User19,,
1490266988496,Mouse Moved,260.0,207.0,User19,,
1490266988512,Mouse Moved,258.0,212.0,User19,,
1490266988528,Mouse Moved,257.0,214.0,User19,,
1490266988543,Mouse Moved,256.0,216.0,User19,,
1490266988559,Mouse Moved,255.0,217.0,User19,,
1490266988575,Mouse Moved,255.0,218.0,User19,,
1490266988589,Mouse Moved,255.0,219.0,User19,,
1490266988605,Mouse Moved,254.0,219.0,User19,,
1490266988621,Mouse Moved,254.0,220.0,User19,,
1490266988637,Mouse Moved,254.0,221.0,User19,,
1490266988839,Mouse Moved,254.0,220.0,User19,,
1490266988855,Mouse Moved,254.0,219.0,User19,,
1490266988871,Mouse Moved,253.0,216.0,User19,,
1490266988887,Mouse Moved,252.0,211.0,User19,,
1490266988901,Mouse Moved,252.0,206.0,User19,,
1490266988917,Mouse Moved,252.0,203.0,User19,,
1490266988934,Mouse Moved,252.0,197.0,User19,,
1490266988948,Mouse Moved,252.0,196.0,User19,,
1490266988980,Mouse Moved,251.0,196.0,User19,,
1490266989105,Mouse Moved,251.0,195.0,User19,,
1490266989121,Mouse Moved,251.0,193.0,User19,,
1490266989135,Mouse Moved,251.0,190.0,User19,,
1490266989151,Mouse Moved,251.0,188.0,User19,,
1490266989167,Mouse Moved,251.0,184.0,User19,,
1490266989183,Mouse Moved,251.0,177.0,User19,,
1490266989198,Mouse Moved,251.0,173.0,User19,,
1490266989213,Mouse Moved,251.0,170.0,User19,,
1490266989230,Mouse Moved,251.0,165.0,User19,,
1490266989246,Mouse Moved,251.0,163.0,User19,,
1490266989260,Mouse Moved,251.0,161.0,User19,,
1490266989276,Mouse Moved,251.0,159.0,User19,,
1490266989292,Mouse Moved,251.0,157.0,User19,,
1490266989308,Mouse Moved,251.0,155.0,User19,,
1490266989323,Mouse Moved,251.0,152.0,User19,,
1490266989338,Mouse Moved,251.0,150.0,User19,,
1490266989355,Mouse Moved,251.0,147.0,User19,,
1490266989369,Mouse Moved,251.0,146.0,User19,,
1490266989385,Mouse Moved,252.0,144.0,User19,,
1490266989401,Mouse Moved,252.0,143.0,User19,,
1490266989433,Mouse Moved,252.0,142.0,User19,,
1490266989604,Mouse Moved,252.0,140.0,User19,,
1490266989792,Mouse Moved,252.0,142.0,User19,,
1490266989806,Mouse Moved,252.0,146.0,User19,,
1490266989822,Mouse Moved,252.0,149.0,User19,,
1490266989838,Mouse Moved,252.0,152.0,User19,,
1490266989854,Mouse Moved,252.0,154.0,User19,,
1490266989869,Mouse Moved,252.0,155.0,User19,,
1490266989884,Mouse Moved,252.0,156.0,User19,,
1490266989901,Mouse Moved,251.0,156.0,User19,,
1490266989931,Mouse Moved,251.0,156.0,User19,,
1490266990181,Mouse Moved,251.0,156.0,User19,,
1490266990275,Mouse Moved,251.0,156.0,User19,,
1490266990332,Mouse Moved,251.0,156.0,User19,,
1490266990334,Mouse Button.left Released,251.0,156.0,User19,,
1490266990884,Mouse Moved,251.0,157.0,User19,,
1490266990901,Mouse Moved,251.0,158.0,User19,,
1490266990915,Mouse Moved,251.0,159.0,User19,,
1490266990931,Mouse Moved,251.0,160.0,User19,,
1490266990947,Mouse Moved,251.0,164.0,User19,,
1490266990963,Mouse Moved,251.0,167.0,User19,,
1490266990979,Mouse Moved,251.0,171.0,User19,,
1490266990993,Mouse Moved,252.0,174.0,User19,,
1490266991009,Mouse Moved,253.0,178.0,User19,,
1490266991025,Mouse Moved,254.0,183.0,User19,,
1490266991040,Mouse Moved,254.0,184.0,User19,,
1490266991056,Mouse Moved,255.0,188.0,User19,,
1490266991072,Mouse Moved,256.0,191.0,User19,,
1490266991088,Mouse Moved,257.0,194.0,User19,,
1490266991102,Mouse Moved,258.0,196.0,User19,,
1490266991118,Mouse Moved,258.0,198.0,User19,,
1490266991134,Mouse Moved,258.0,200.0,User19,,
1490266991150,Mouse Moved,259.0,202.0,User19,,
1490266991165,Mouse Moved,260.0,205.0,User19,,
1490266991180,Mouse Moved,261.0,214.0,User19,,
1490266991197,Mouse Moved,262.0,217.0,User19,,
1490266991213,Mouse Moved,262.0,219.0,User19,,
1490266991243,Mouse Moved,262.0,220.0,User19,,
1490266991259,Mouse Moved,260.0,220.0,User19,,
1490266991275,Mouse Moved,258.0,221.0,User19,,
1490266991290,Mouse Moved,257.0,223.0,User19,,
1490266991305,Mouse Moved,257.0,224.0,User19,,
1490266991461,Mouse Moved,258.0,223.0,User19,,
1490266991525,Mouse Moved,259.0,223.0,User19,,
1490266991555,Mouse Moved,259.0,223.0,User19,,
1490266991789,Mouse Moved,263.0,222.0,User19,,
1490266991805,Mouse Moved,275.0,216.0,User19,,
1490266991821,Mouse Moved,293.0,206.0,User19,,
1490266991836,Mouse Moved,318.0,193.0,User19,,
1490266991851,Mouse Moved,354.0,177.0,User19,,
1490266991868,Mouse Moved,390.0,162.0,User19,,
1490266991882,Mouse Moved,392.0,161.0,User19,,
1490266991898,Mouse Moved,409.0,153.0,User19,,
1490266991914,Mouse Moved,423.0,146.0,User19,,
1490266991930,Mouse Moved,435.0,139.0,User19,,
1490266991946,Mouse Moved,444.0,134.0,User19,,
1490266991960,Mouse Moved,451.0,129.0,User19,,
1490266991976,Mouse Moved,456.0,124.0,User19,,
1490266991992,Mouse Moved,457.0,120.0,User19,,
1490266992007,Mouse Moved,457.0,117.0,User19,,
1490266992023,Mouse Moved,457.0,113.0,User19,,
1490266992039,Mouse Moved,458.0,109.0,User19,,
1490266992055,Mouse Moved,458.0,101.0,User19,,
1490266992069,Mouse Moved,458.0,91.0,User19,,
1490266992085,Mouse Moved,458.0,83.0,User19,,
1490266992101,Mouse Moved,457.0,74.0,User19,,
1490266992117,Mouse Moved,457.0,67.0,User19,,
1490266992132,Mouse Moved,456.0,60.0,User19,,
1490266992148,Mouse Moved,456.0,55.0,User19,,
1490266992164,Mouse Moved,456.0,49.0,User19,,
1490266992180,Mouse Moved,456.0,44.0,User19,,
1490266992194,Mouse Moved,456.0,42.0,User19,,
1490266992242,Mouse Moved,456.0,42.0,User19,,
1490266992257,Mouse Moved,457.0,42.0,User19,,
1490266992335,Mouse Moved,457.0,42.0,User19,,
1490266992588,Mouse Moved,456.0,42.0,User19,,
1490266992604,Mouse Moved,455.0,42.0,User19,,
1490266992618,Mouse Moved,454.0,43.0,User19,,
1490266992634,Mouse Moved,451.0,44.0,User19,,
1490266992651,Mouse Moved,448.0,47.0,User19,,
1490266992665,Mouse Moved,444.0,49.0,User19,,
1490266992681,Mouse Moved,439.0,52.0,User19,,
1490266992697,Mouse Moved,430.0,55.0,User19,,
1490266992713,Mouse Moved,419.0,60.0,User19,,
1490266992729,Mouse Moved,408.0,65.0,User19,,
1490266992743,Mouse Moved,399.0,69.0,User19,,
1490266992759,Mouse Moved,388.0,75.0,User19,,
1490266992775,Mouse Moved,379.0,80.0,User19,,
1490266992790,Mouse Moved,367.0,88.0,User19,,
1490266992806,Mouse Moved,362.0,92.0,User19,,
1490266992822,Mouse Moved,355.0,98.0,User19,,
1490266992838,Mouse Moved,348.0,104.0,User19,,
1490266992852,Mouse Moved,339.0,115.0,User19,,
1490266992868,Mouse Moved,333.0,121.0,User19,,
1490266992884,Mouse Moved,329.0,127.0,User19,,
1490266992900,Mouse Moved,324.0,134.0,User19,,
1490266992915,Mouse Moved,320.0,141.0,User19,,
1490266992930,Mouse Moved,315.0,148.0,User19,,
1490266992947,Mouse Moved,311.0,155.0,User19,,
1490266992963,Mouse Moved,306.0,161.0,User19,,
1490266992977,Mouse Moved,304.0,167.0,User19,,
1490266992993,Mouse Moved,302.0,171.0,User19,,
1490266993009,Mouse Moved,300.0,174.0,User19,,
1490266993025,Mouse Moved,298.0,179.0,User19,,
1490266993040,Mouse Moved,296.0,182.0,User19,,
1490266993055,Mouse Moved,294.0,184.0,User19,,
1490266993072,Mouse Moved,292.0,189.0,User19,,
1490266993086,Mouse Moved,291.0,192.0,User19,,
1490266993102,Mouse Moved,289.0,194.0,User19,,
1490266993118,Mouse Moved,288.0,196.0,User19,,
1490266993134,Mouse Moved,288.0,198.0,User19,,
1490266993150,Mouse Moved,287.0,199.0,User19,,
1490266993164,Mouse Moved,286.0,201.0,User19,,
1490266993180,Mouse Moved,285.0,202.0,User19,,
1490266993197,Mouse Moved,284.0,204.0,User19,,
1490266993898,Mouse Moved,284.0,201.0,User19,,
1490266993914,Mouse Moved,284.0,198.0,User19,,
1490266993930,Mouse Moved,284.0,195.0,User19,,
1490266993944,Mouse Moved,284.0,192.0,User19,,
1490266993960,Mouse Moved,286.0,189.0,User19,,
1490266993976,Mouse Moved,287.0,186.0,User19,,
1490266993992,Mouse Moved,287.0,185.0,User19,,
1490266994242,Mouse Moved,287.0,185.0,User19,,
1490266994351,Mouse Moved,287.0,185.0,User19,,
1490266994413,Mouse Moved,287.0,185.0,User19,,
1490266994486,Mouse Moved,287.0,185.0,User19,,
1490266994487,Mouse Button.left Released,287.0,185.0,User19,,
1490266994894,Mouse Moved,287.0,184.0,User19,,
1490266994910,Mouse Moved,288.0,182.0,User19,,
1490266994926,Mouse Moved,290.0,180.0,User19,,
1490266994941,Mouse Moved,292.0,177.0,User19,,
1490266994957,Mouse Moved,292.0,176.0,User19,,
1490266994973,Mouse Moved,295.0,174.0,User19,,
1490266994987,Mouse Moved,299.0,169.0,User19,,
1490266995003,Mouse Moved,305.0,164.0,User19,,
1490266995019,Mouse Moved,311.0,159.0,User19,,
1490266995035,Mouse Moved,318.0,152.0,User19,,
1490266995051,Mouse Moved,329.0,142.0,User19,,
1490266995065,Mouse Moved,338.0,135.0,User19,,
1490266995082,Mouse Moved,348.0,127.0,User19,,
1490266995098,Mouse Moved,358.0,119.0,User19,,
1490266995112,Mouse Moved,371.0,109.0,User19,,
1490266995128,Mouse Moved,381.0,101.0,User19,,
1490266995144,Mouse Moved,391.0,93.0,User19,,
1490266995160,Mouse Moved,403.0,84.0,User19,,
1490266995176,Mouse Moved,414.0,76.0,User19,,
1490266995190,Mouse Moved,422.0,70.0,User19,,
1490266995207,Mouse Moved,430.0,64.0,User19,,
1490266995221,Mouse Moved,438.0,58.0,User19,,
1490266995237,Mouse Moved,444.0,54.0,User19,,
1490266995253,Mouse Moved,449.0,48.0,User19,,
1490266995269,Mouse Moved,455.0,44.0,User19,,
1490266995285,Mouse Moved,459.0,40.0,User19,,
1490266995299,Mouse Moved,464.0,36.0,User19,,
1490266995315,Mouse Moved,467.0,35.0,User19,,
1490266995332,Mouse Moved,469.0,33.0,User19,,
1490266995346,Mouse Moved,470.0,31.0,User19,,
1490266995378,Mouse Moved,471.0,31.0,User19,,
1490266995394,Mouse Button.left Pressed,471.0,31.0,User19,,
1490266995456,Mouse Moved,471.0,31.0,User19,,
1490266995515,Mouse Moved,471.0,32.0,User19,,
1490266995529,Mouse Moved,471.0,33.0,User19,,
1490266995533,Mouse Moved,470.0,33.0,User19,,
1490266995535,Mouse Moved,470.0,34.0,User19,,
1490266995538,Mouse Moved,470.0,35.0,User19,,
1490266995539,Mouse Moved,469.0,35.0,User19,,
1490266995542,Mouse Moved,469.0,36.0,User19,,
1490266995543,Mouse Moved,469.0,37.0,User19,,
1490266995546,Mouse Moved,469.0,38.0,User19,,
1490266995548,Mouse Moved,468.0,38.0,User19,,
1490266995549,Mouse Moved,468.0,39.0,User19,,
1490266995551,Mouse Moved,467.0,40.0,User19,,
1490266995552,Mouse Moved,467.0,41.0,User19,,
1490266995553,Mouse Moved,466.0,41.0,User19,,
1490266995559,Mouse Moved,465.0,43.0,User19,,
1490266995562,Mouse Moved,465.0,44.0,User19,,
1490266995563,Mouse Moved,464.0,45.0,User19,,
1490266995565,Mouse Moved,464.0,46.0,User19,,
1490266995568,Mouse Moved,463.0,46.0,User19,,
1490266995569,Mouse Moved,462.0,48.0,User19,,
1490266995585,Mouse Moved,461.0,49.0,User19,,
1490266995599,Mouse Moved,449.0,63.0,User19,,
1490266995615,Mouse Moved,440.0,72.0,User19,,
1490266995631,Mouse Moved,433.0,78.0,User19,,
1490266995647,Mouse Moved,422.0,88.0,User19,,
1490266995663,Mouse Moved,412.0,94.0,User19,,
1490266995677,Mouse Moved,403.0,101.0,User19,,
1490266995694,Mouse Moved,394.0,108.0,User19,,
1490266995709,Mouse Moved,384.0,114.0,User19,,
1490266995724,Mouse Moved,376.0,120.0,User19,,
1490266995740,Mouse Moved,367.0,125.0,User19,,
1490266995756,Mouse Moved,359.0,130.0,User19,,
1490266995772,Mouse Moved,350.0,136.0,User19,,
1490266995786,Mouse Moved,341.0,142.0,User19,,
1490266995802,Mouse Moved,334.0,146.0,User19,,
1490266995819,Mouse Moved,329.0,150.0,User19,,
1490266995834,Mouse Moved,323.0,153.0,User19,,
1490266995849,Mouse Moved,318.0,157.0,User19,,
1490266995865,Mouse Moved,312.0,161.0,User19,,
1490266995881,Mouse Moved,307.0,165.0,User19,,
1490266995897,Mouse Moved,299.0,171.0,User19,,
1490266995911,Mouse Moved,292.0,175.0,User19,,
1490266995927,Mouse Moved,284.0,181.0,User19,,
1490266995943,Mouse Moved,277.0,186.0,User19,,
1490266995959,Mouse Moved,272.0,191.0,User19,,
1490266995974,Mouse Moved,265.0,197.0,User19,,
1490266995990,Mouse Moved,260.0,202.0,User19,,
1490266996006,Mouse Moved,256.0,207.0,User19,,
1490266996020,Mouse Moved,254.0,210.0,User19,,
1490266996084,Mouse Moved,254.0,210.0,User19,,
1490266996145,Mouse Moved,254.0,210.0,User19,,
1490266996240,Mouse Moved,254.0,210.0,User19,,
1490266996289,Mouse Moved,254.0,210.0,User19,,
1490266996292,Mouse Button.left Released,254.0,210.0,User19,,
1490266996845,Mouse Moved,255.0,208.0,User19,,
1490266996859,Mouse Moved,259.0,203.0,User19,,
1490266996875,Mouse Moved,265.0,197.0,User19,,
1490266996891,Mouse Moved,273.0,189.0,User19,,
1490266996907,Mouse Moved,280.0,181.0,User19,,
1490266996923,Mouse Moved,281.0,180.0,User19,,
1490266996937,Mouse Moved,287.0,175.0,User19,,
1490266996953,Mouse Moved,296.0,167.0,User19,,
1490266996969,Mouse Moved,303.0,161.0,User19,,
1490266996970,Mouse Moved,310.0,156.0,User19,,
1490266996971,Mouse Moved,311.0,156.0,User19,,
1490266996987,Mouse Moved,311.0,155.0,User19,,
1490266997003,Mouse Moved,323.0,146.0,User19,,
1490266997019,Mouse Moved,329.0,142.0,User19,,
1490266997035,Mouse Moved,330.0,140.0,User19,,
1490266997049,Mouse Moved,331.0,140.0,User19,,
1490266997065,Mouse Moved,333.0,138.0,User19,,
1490266997082,Mouse Moved,334.0,136.0,User19,,
1490266997096,Mouse Moved,342.0,130.0,User19,,
1490266997112,Mouse Moved,343.0,129.0,User19,,
1490266997128,Mouse Moved,343.0,128.0,User19,,
1490266997144,Mouse Moved,344.0,128.0,User19,,
1490266997160,Mouse Moved,344.0,127.0,User19,,
1490266997174,Mouse Moved,346.0,126.0,User19,,
1490266997190,Mouse Moved,347.0,124.0,User19,,
1490266997206,Mouse Moved,350.0,121.0,User19,,
1490266997221,Mouse Moved,352.0,120.0,User19,,
1490266997237,Mouse Moved,353.0,118.0,User19,,
1490266997283,Mouse Moved,355.0,117.0,User19,,
1490266997299,Mouse Moved,356.0,115.0,User19,,
1490266997315,Mouse Moved,359.0,113.0,User19,,
1490266997331,Mouse Moved,360.0,111.0,User19,,
1490266997346,Mouse Moved,361.0,109.0,User19,,
1490266997361,Mouse Moved,362.0,107.0,User19,,
1490266997378,Mouse Moved,363.0,106.0,User19,,
1490266997394,Mouse Moved,364.0,104.0,User19,,
1490266997408,Mouse Moved,365.0,103.0,User19,,
1490266997440,Mouse Moved,365.0,102.0,User19,,
1490266997595,Mouse Moved,364.0,106.0,User19,,
1490266997611,Mouse Moved,361.0,115.0,User19,,
1490266997628,Mouse Moved,357.0,132.0,User19,,
1490266997642,Mouse Moved,352.0,154.0,User19,,
1490266997658,Mouse Moved,352.0,155.0,User19,,
1490266997674,Mouse Moved,349.0,170.0,User19,,
1490266997690,Mouse Moved,348.0,187.0,User19,,
1490266997706,Mouse Moved,347.0,201.0,User19,,
1490266997720,Mouse Moved,347.0,220.0,User19,,
1490266997736,Mouse Moved,347.0,238.0,User19,,
1490266997752,Mouse Moved,347.0,252.0,User19,,
1490266997767,Mouse Moved,349.0,263.0,User19,,
1490266997783,Mouse Moved,355.0,272.0,User19,,
1490266997799,Mouse Moved,363.0,277.0,User19,,
1490266997815,Mouse Moved,374.0,279.0,User19,,
1490266997829,Mouse Moved,391.0,280.0,User19,,
1490266997845,Mouse Moved,416.0,280.0,User19,,
1490266997861,Mouse Moved,451.0,279.0,User19,,
1490266997877,Mouse Moved,495.0,276.0,User19,,
1490266997892,Mouse Moved,551.0,270.0,User19,,
1490266997907,Mouse Moved,621.0,261.0,User19,,
1490266997924,Mouse Moved,1712.0,225.0,User19,,
1490266997940,Mouse Moved,1993.0,269.0,User19,,
1490266997954,Mouse Moved,2030.0,277.0,User19,,
1490266997970,Mouse Moved,2083.0,289.0,User19,,
1490266997986,Mouse Moved,2128.0,301.0,User19,,
1490266998002,Mouse Moved,2163.0,310.0,User19,,
1490266998017,Mouse Moved,2187.0,316.0,User19,,
1490266998032,Mouse Moved,2201.0,321.0,User19,,
1490266998049,Mouse Moved,2209.0,323.0,User19,,
1490266998063,Mouse Moved,2214.0,323.0,User19,,
1490266998079,Mouse Moved,2216.0,319.0,User19,,
1490266998095,Mouse Moved,2219.0,314.0,User19,,
1490266998111,Mouse Moved,2224.0,305.0,User19,,
1490266998127,Mouse Moved,2231.0,296.0,User19,,
1490266998141,Mouse Moved,2239.0,288.0,User19,,
1490266998157,Mouse Moved,2247.0,281.0,User19,,
1490266998174,Mouse Moved,2258.0,274.0,User19,,
1490266998188,Mouse Moved,2266.0,268.0,User19,,
1490266998204,Mouse Moved,2276.0,263.0,User19,,
1490266998220,Mouse Moved,2283.0,260.0,User19,,
1490266998236,Mouse Moved,2296.0,257.0,User19,,
1490266998252,Mouse Moved,2308.0,254.0,User19,,
1490266998266,Mouse Moved,2321.0,253.0,User19,,
1490266998282,Mouse Moved,2336.0,252.0,User19,,
1490266998298,Mouse Moved,2353.0,250.0,User19,,
1490266998313,Mouse Moved,2364.0,250.0,User19,,
1490266998329,Mouse Moved,2376.0,249.0,User19,,
1490266998345,Mouse Moved,2390.0,249.0,User19,,
1490266998361,Mouse Moved,2404.0,248.0,User19,,
1490266998375,Mouse Moved,2418.0,248.0,User19,,
1490266998391,Mouse Moved,2429.0,248.0,User19,,
1490266998407,Mouse Moved,2438.0,248.0,User19,,
1490266998423,Mouse Moved,2449.0,247.0,User19,,
1490266998438,Mouse Moved,2461.0,245.0,User19,,
1490266998453,Mouse Moved,2469.0,244.0,User19,,
1490266998470,Mouse Moved,2480.0,244.0,User19,,
1490266998486,Mouse Moved,2488.0,243.0,User19,,
1490266998500,Mouse Moved,2492.0,242.0,User19,,
1490266998516,Mouse Moved,2499.0,241.0,User19,,
1490266998532,Mouse Moved,2509.0,241.0,User19,,
1490266998548,Mouse Moved,2515.0,241.0,User19,,
1490266998563,Mouse Moved,2515.0,240.0,User19,,
1490266998578,Mouse Moved,2519.0,239.0,User19,,
1490266998595,Mouse Moved,2523.0,238.0,User19,,
1490266998609,Mouse Moved,2525.0,237.0,User19,,
1490266998625,Mouse Moved,2527.0,236.0,User19,,
1490266998641,Mouse Moved,2528.0,236.0,User19,,
1490266998657,Mouse Moved,2530.0,236.0,User19,,
1490266998673,Mouse Moved,2532.0,235.0,User19,,
1490266998687,Mouse Moved,2535.0,233.0,User19,,
1490266998703,Mouse Moved,2539.0,232.0,User19,,
1490266998720,Mouse Moved,2542.0,230.0,User19,,
1490266998782,Mouse Moved,2543.0,229.0,User19,,
1490266998798,Mouse Moved,2544.0,229.0,User19,,
1490266998812,Mouse Moved,2547.0,227.0,User19,,
1490266998828,Mouse Moved,2548.0,227.0,User19,,
1490266998844,Mouse Moved,2549.0,227.0,User19,,
1490266999078,Mouse Moved,2550.0,227.0,User19,,
1490266999155,Mouse Moved,2550.0,227.0,User19,,
1490266999203,Mouse Moved,2551.0,227.0,User19,,
1490266999233,Mouse Moved,2551.0,228.0,User19,,
1490266999250,Mouse Moved,2553.0,235.0,User19,,
1490266999266,Mouse Moved,2553.0,244.0,User19,,
1490266999296,Mouse Moved,2554.0,251.0,User19,,
1490266999312,Mouse Moved,2554.0,262.0,User19,,
1490266999328,Mouse Moved,2554.0,266.0,User19,,
1490266999344,Mouse Moved,2556.0,274.0,User19,,
1490266999358,Mouse Moved,2556.0,275.0,User19,,
1490266999390,Mouse Moved,2557.0,287.0,User19,,
1490266999421,Mouse Moved,2558.0,295.0,User19,,
1490266999453,Mouse Moved,2559.0,304.0,User19,,
1490266999467,Mouse Moved,2559.0,318.0,User19,,
1490266999483,Mouse Moved,2559.0,320.0,User19,,
1490266999515,Mouse Moved,2559.0,326.0,User19,,
1490266999530,Mouse Moved,2559.0,332.0,User19,,
1490266999546,Mouse Moved,2559.0,342.0,User19,,
1490266999562,Mouse Moved,2559.0,344.0,User19,,
1490266999592,Mouse Moved,2558.0,355.0,User19,,
1490266999624,Mouse Moved,2557.0,361.0,User19,,
1490266999655,Mouse Moved,2556.0,367.0,User19,,
1490266999687,Mouse Moved,2553.0,378.0,User19,,
1490266999717,Mouse Moved,2551.0,388.0,User19,,
1490266999749,Mouse Moved,2548.0,401.0,User19,,
1490266999779,Mouse Moved,2546.0,410.0,User19,,
1490266999812,Mouse Moved,2544.0,417.0,User19,,
1490266999826,Mouse Moved,2544.0,421.0,User19,,
1490266999858,Mouse Moved,2541.0,431.0,User19,,
1490266999890,Mouse Moved,2539.0,441.0,User19,,
1490266999921,Mouse Moved,2538.0,449.0,User19,,
1490266999951,Mouse Moved,2536.0,456.0,User19,,
1490266999983,Mouse Moved,2536.0,462.0,User19,,
1490267000013,Mouse Moved,2534.0,471.0,User19,,
1490267000046,Mouse Moved,2533.0,476.0,User19,,
1490267000061,Mouse Moved,2531.0,484.0,User19,,
1490267000076,Mouse Moved,2529.0,490.0,User19,,
1490267000092,Mouse Moved,2527.0,500.0,User19,,
1490267000124,Mouse Moved,2525.0,507.0,User19,,
1490267000154,Mouse Moved,2525.0,511.0,User19,,
1490267000186,Mouse Moved,2523.0,521.0,User19,,
1490267000200,Mouse Moved,2522.0,528.0,User19,,
1490267000217,Mouse Moved,2521.0,529.0,User19,,
1490267000247,Mouse Moved,2518.0,545.0,User19,,
1490267000279,Mouse Moved,2516.0,552.0,User19,,
1490267000311,Mouse Moved,2515.0,555.0,User19,,
1490267000342,Mouse Moved,2514.0,563.0,User19,,
1490267000372,Mouse Moved,2512.0,572.0,User19,,
1490267000388,Mouse Moved,2511.0,581.0,User19,,
1490267000420,Mouse Moved,2507.0,594.0,User19,,
1490267000450,Mouse Moved,2507.0,597.0,User19,,
1490267000482,Mouse Moved,2504.0,612.0,User19,,
1490267000513,Mouse Moved,2503.0,617.0,User19,,
1490267000545,Mouse Moved,2502.0,624.0,User19,,
1490267000575,Mouse Moved,2499.0,638.0,User19,,
1490267000622,Mouse Moved,2497.0,652.0,User19,,
1490267000638,Mouse Moved,2496.0,655.0,User19,,
1490267000668,Mouse Moved,2495.0,668.0,User19,,
1490267000684,Mouse Moved,2494.0,673.0,User19,,
1490267000716,Mouse Moved,2493.0,685.0,User19,,
1490267000746,Mouse Moved,2491.0,699.0,User19,,
1490267000779,Mouse Moved,2490.0,710.0,User19,,
1490267000809,Mouse Moved,2489.0,716.0,User19,,
1490267000825,Mouse Moved,2489.0,724.0,User19,,
1490267000841,Mouse Moved,2489.0,726.0,User19,,
1490267000857,Mouse Moved,2488.0,730.0,User19,,
1490267000871,Mouse Moved,2488.0,733.0,User19,,
1490267000903,Mouse Moved,2486.0,748.0,User19,,
1490267000934,Mouse Moved,2485.0,756.0,User19,,
1490267000950,Mouse Moved,2484.0,761.0,User19,,
1490267000980,Mouse Moved,2483.0,770.0,User19,,
1490267001013,Mouse Moved,2483.0,780.0,User19,,
1490267001028,Mouse Moved,2483.0,785.0,User19,,
1490267001043,Mouse Moved,2483.0,786.0,User19,,
1490267001075,Mouse Moved,2481.0,792.0,User19,,
1490267001105,Mouse Moved,2481.0,801.0,User19,,
1490267001137,Mouse Moved,2481.0,807.0,User19,,
1490267001168,Mouse Moved,2481.0,817.0,User19,,
1490267001200,Mouse Moved,2481.0,823.0,User19,,
1490267001214,Mouse Moved,2481.0,832.0,User19,,
1490267001230,Mouse Moved,2481.0,841.0,User19,,
1490267001246,Mouse Moved,2481.0,844.0,User19,,
1490267001278,Mouse Moved,2481.0,851.0,User19,,
1490267001309,Mouse Moved,2481.0,855.0,User19,,
1490267001325,Mouse Moved,2481.0,864.0,User19,,
1490267001339,Mouse Moved,2481.0,867.0,User19,,
1490267001371,Mouse Moved,2481.0,876.0,User19,,
1490267001403,Mouse Moved,2481.0,880.0,User19,,
1490267001434,Mouse Moved,2481.0,889.0,User19,,
1490267001464,Mouse Moved,2481.0,894.0,User19,,
1490267001480,Mouse Moved,2481.0,906.0,User19,,
1490267001496,Mouse Moved,2481.0,909.0,User19,,
1490267001526,Mouse Moved,2481.0,917.0,User19,,
1490267001542,Mouse Moved,2481.0,923.0,User19,,
1490267001573,Mouse Moved,2481.0,931.0,User19,,
1490267001605,Mouse Moved,2481.0,938.0,User19,,
1490267001637,Mouse Moved,2481.0,945.0,User19,,
1490267001667,Mouse Moved,2481.0,949.0,User19,,
1490267001683,Mouse Moved,2481.0,955.0,User19,,
1490267001698,Mouse Moved,2481.0,956.0,User19,,
1490267001730,Mouse Moved,2481.0,964.0,User19,,
1490267001760,Mouse Moved,2481.0,970.0,User19,,
1490267001792,Mouse Moved,2481.0,974.0,User19,,
1490267001808,Mouse Moved,2481.0,980.0,User19,,
1490267001838,Mouse Moved,2481.0,988.0,User19,,
1490267001871,Mouse Moved,2481.0,995.0,User19,,
1490267001901,Mouse Moved,2481.0,1000.0,User19,,
1490267001933,Mouse Moved,2480.0,1005.0,User19,,
1490267001963,Mouse Moved,2479.0,1011.0,User19,,
1490267001994,Mouse Moved,2478.0,1016.0,User19,,
1490267002183,Mouse Moved,2478.0,1018.0,User19,,
1490267002197,Mouse Moved,2478.0,1021.0,User19,,
1490267002213,Mouse Moved,2477.0,1029.0,User19,,
1490267002244,Mouse Moved,2477.0,1036.0,User19,,
1490267002276,Mouse Moved,2476.0,1040.0,User19,,
1490267002306,Mouse Moved,2475.0,1047.0,User19,,
1490267002338,Mouse Moved,2474.0,1050.0,User19,,
1490267002369,Mouse Moved,2473.0,1055.0,User19,,
1490267002401,Mouse Moved,2473.0,1061.0,User19,,
1490267002431,Mouse Moved,2472.0,1070.0,User19,,
1490267002463,Mouse Moved,2471.0,1075.0,User19,,
1490267002479,Mouse Moved,2469.0,1081.0,User19,,
1490267002509,Mouse Moved,2469.0,1085.0,User19,,
1490267002540,Mouse Moved,2468.0,1088.0,User19,,
1490267002556,Mouse Moved,2467.0,1095.0,User19,,
1490267002572,Mouse Moved,2465.0,1103.0,User19,,
1490267002588,Mouse Moved,2464.0,1113.0,User19,,
1490267002604,Mouse Moved,2462.0,1122.0,User19,,
1490267002618,Mouse Moved,2462.0,1130.0,User19,,
1490267002634,Mouse Moved,2461.0,1142.0,User19,,
1490267002651,Mouse Moved,2460.0,1152.0,User19,,
1490267002665,Mouse Moved,2460.0,1161.0,User19,,
1490267002681,Mouse Moved,2460.0,1170.0,User19,,
1490267002697,Mouse Moved,2459.0,1181.0,User19,,
1490267002713,Mouse Moved,2457.0,1191.0,User19,,
1490267002729,Mouse Moved,2456.0,1199.0,User19,,
1490267002743,Mouse Moved,2455.0,1206.0,User19,,
1490267002759,Mouse Moved,2454.0,1215.0,User19,,
1490267002775,Mouse Moved,2452.0,1225.0,User19,,
1490267002790,Mouse Moved,2450.0,1233.0,User19,,
1490267002806,Mouse Moved,2449.0,1240.0,User19,,
1490267002822,Mouse Moved,2448.0,1246.0,User19,,
1490267002838,Mouse Moved,2446.0,1255.0,User19,,
1490267002852,Mouse Moved,2445.0,1262.0,User19,,
1490267002868,Mouse Moved,2444.0,1271.0,User19,,
1490267002884,Mouse Moved,2443.0,1280.0,User19,,
1490267002900,Mouse Moved,2443.0,1291.0,User19,,
1490267002915,Mouse Moved,2443.0,1299.0,User19,,
1490267002930,Mouse Moved,2443.0,1305.0,User19,,
1490267002947,Mouse Moved,2443.0,1313.0,User19,,
1490267002963,Mouse Moved,2443.0,1320.0,User19,,
1490267002977,Mouse Moved,2443.0,1330.0,User19,,
1490267002993,Mouse Moved,2441.0,1339.0,User19,,
1490267003009,Mouse Moved,2440.0,1347.0,User19,,
1490267003025,Mouse Moved,2440.0,1354.0,User19,,
1490267003040,Mouse Moved,2439.0,1354.0,User19,,
1490267003055,Mouse Moved,2439.0,1354.0,User19,,
1490267003072,Mouse Moved,2438.0,1354.0,User19,,
1490267003086,Mouse Moved,2438.0,1354.0,User19,,
1490267003102,Mouse Moved,2431.0,1354.0,User19,,
1490267003118,Mouse Moved,2368.0,1340.0,User19,,
1490267003134,Mouse Moved,1777.0,1219.0,User19,,
1490267003150,Mouse Moved,1422.0,1159.0,User19,,
1490267003164,Mouse Moved,1004.0,1307.0,User19,,
1490267003197,Mouse Moved,737.0,1354.0,User19,,
1490267003211,Mouse Moved,733.0,1353.0,User19,,
1490267003227,Mouse Moved,697.0,1340.0,User19,,
1490267003243,Mouse Moved,652.0,1323.0,User19,,
1490267003259,Mouse Moved,613.0,1306.0,User19,,
1490267003275,Mouse Moved,569.0,1287.0,User19,,
1490267003289,Mouse Moved,527.0,1268.0,User19,,
1490267003305,Mouse Moved,468.0,1241.0,User19,,
1490267003321,Mouse Moved,424.0,1220.0,User19,,
1490267003336,Mouse Moved,388.0,1201.0,User19,,
1490267003352,Mouse Moved,357.0,1184.0,User19,,
1490267003368,Mouse Moved,332.0,1171.0,User19,,
1490267003384,Mouse Moved,318.0,1162.0,User19,,
1490267003398,Mouse Moved,306.0,1156.0,User19,,
1490267003414,Mouse Moved,301.0,1153.0,User19,,
1490267003430,Mouse Moved,301.0,1151.0,User19,,
1490267003446,Mouse Moved,306.0,1146.0,User19,,
1490267003461,Mouse Moved,311.0,1140.0,User19,,
1490267003476,Mouse Moved,320.0,1132.0,User19,,
1490267003493,Mouse Moved,331.0,1123.0,User19,,
1490267003509,Mouse Moved,352.0,1112.0,User19,,
1490267003523,Mouse Moved,374.0,1102.0,User19,,
1490267003539,Mouse Moved,388.0,1097.0,User19,,
1490267003555,Mouse Moved,419.0,1085.0,User19,,
1490267003571,Mouse Moved,462.0,1073.0,User19,,
1490267003586,Mouse Moved,514.0,1060.0,User19,,
1490267003601,Mouse Moved,563.0,1051.0,User19,,
1490267003618,Mouse Moved,640.0,1037.0,User19,,
1490267003632,Mouse Moved,715.0,1026.0,User19,,
1490267003648,Mouse Moved,800.0,1019.0,User19,,
1490267003664,Mouse Moved,941.0,1008.0,User19,,
1490267003680,Mouse Moved,1036.0,1005.0,User19,,
1490267003696,Mouse Moved,1134.0,1002.0,User19,,
1490267003710,Mouse Moved,1216.0,1001.0,User19,,
1490267003726,Mouse Moved,1321.0,1003.0,User19,,
1490267003743,Mouse Moved,1411.0,1009.0,User19,,
1490267003757,Mouse Moved,1483.0,1015.0,User19,,
1490267003773,Mouse Moved,1547.0,1021.0,User19,,
1490267003789,Mouse Moved,1626.0,1030.0,User19,,
1490267003805,Mouse Moved,1657.0,1033.0,User19,,
1490267003821,Mouse Moved,1677.0,1036.0,User19,,
1490267003835,Mouse Moved,1703.0,1042.0,User19,,
1490267003851,Mouse Moved,1720.0,1047.0,User19,,
1490267003867,Mouse Moved,1731.0,1053.0,User19,,
1490267003882,Mouse Moved,1739.0,1059.0,User19,,
1490267003898,Mouse Moved,1739.0,1061.0,User19,,
1490267003914,Mouse Moved,1739.0,1061.0,User19,,
1490267003930,Mouse Moved,1737.0,1067.0,User19,,
1490267003944,Mouse Moved,1736.0,1068.0,User19,,
1490267003960,Mouse Moved,1733.0,1076.0,User19,,
1490267003976,Mouse Moved,1725.0,1079.0,User19,,
1490267003992,Mouse Moved,1715.0,1082.0,User19,,
1490267004007,Mouse Moved,1707.0,1084.0,User19,,
1490267004023,Mouse Moved,1695.0,1085.0,User19,,
1490267004039,Mouse Moved,1683.0,1086.0,User19,,
1490267004055,Mouse Moved,1671.0,1086.0,User19,,
1490267004069,Mouse Moved,1657.0,1086.0,User19,,
1490267004085,Mouse Moved,1641.0,1086.0,User19,,
1490267004101,Mouse Moved,1619.0,1084.0,User19,,
1490267004117,Mouse Moved,1594.0,1079.0,User19,,
1490267004132,Mouse Moved,1563.0,1071.0,User19,,
1490267004148,Mouse Moved,1529.0,1060.0,User19,,
1490267004164,Mouse Moved,1489.0,1044.0,User19,,
1490267004178,Mouse Moved,1444.0,1018.0,User19,,
1490267004194,Mouse Moved,1398.0,990.0,User19,,
1490267004210,Mouse Moved,1344.0,951.0,User19,,
1490267004226,Mouse Moved,1287.0,897.0,User19,,
1490267004242,Mouse Moved,1230.0,834.0,User19,,
1490267004256,Mouse Moved,1185.0,778.0,User19,,
1490267004273,Mouse Moved,1130.0,703.0,User19,,
1490267004289,Mouse Moved,1077.0,630.0,User19,,
1490267004303,Mouse Moved,1022.0,557.0,User19,,
1490267004319,Mouse Moved,969.0,489.0,User19,,
1490267004335,Mouse Moved,917.0,429.0,User19,,
1490267004351,Mouse Moved,869.0,373.0,User19,,
1490267004367,Mouse Moved,824.0,323.0,User19,,
1490267004381,Mouse Moved,784.0,281.0,User19,,
1490267004398,Mouse Moved,754.0,250.0,User19,,
1490267004413,Mouse Moved,707.0,205.0,User19,,
1490267004428,Mouse Moved,539.0,66.0,User19,,
1490267004444,Mouse Moved,538.0,66.0,User19,,
1490267004460,Mouse Moved,537.0,65.0,User19,,
1490267004476,Mouse Moved,536.0,63.0,User19,,
1490267004490,Mouse Moved,534.0,63.0,User19,,
1490267004506,Mouse Moved,528.0,62.0,User19,,
1490267004523,Mouse Moved,520.0,62.0,User19,,
1490267004538,Mouse Moved,516.0,61.0,User19,,
1490267004553,Mouse Moved,507.0,60.0,User19,,
1490267004569,Mouse Moved,497.0,60.0,User19,,
1490267004585,Mouse Moved,483.0,58.0,User19,,
1490267004601,Mouse Moved,468.0,58.0,User19,,
1490267004615,Mouse Moved,451.0,56.0,User19,,
1490267004631,Mouse Moved,433.0,56.0,User19,,
1490267004647,Mouse Moved,416.0,53.0,User19,,
1490267004663,Mouse Moved,399.0,53.0,User19,,
1490267004678,Mouse Moved,384.0,51.0,User19,,
1490267004694,Mouse Moved,369.0,49.0,User19,,
1490267004710,Mouse Moved,359.0,48.0,User19,,
1490267004724,Mouse Moved,348.0,47.0,User19,,
1490267004835,Mouse Moved,340.0,44.0,User19,,
1490267004849,Mouse Moved,340.0,43.0,User19,,
1490267004865,Mouse Moved,340.0,42.0,User19,,
1490267004881,Mouse Moved,340.0,41.0,User19,,
1490267004897,Mouse Moved,340.0,40.0,User19,,
1490267004913,Mouse Moved,340.0,38.0,User19,,
1490267004944,Mouse Moved,340.0,37.0,User19,,
1490267004959,Mouse Moved,340.0,36.0,User19,,
1490267005147,Mouse Moved,341.0,35.0,User19,,
1490267005224,Mouse Moved,341.0,34.0,User19,,
1490267005240,Mouse Moved,342.0,34.0,User19,,
1490267005256,Mouse Moved,344.0,34.0,User19,,
1490267005270,Mouse Moved,346.0,34.0,User19,,
1490267005286,Mouse Moved,347.0,33.0,User19,,
1490267005365,Mouse Moved,348.0,33.0,User19,,
1490267005411,Mouse Moved,348.0,33.0,User19,,
1490267005427,Mouse Moved,349.0,33.0,User19,,
1490267005459,Mouse Moved,350.0,33.0,User19,,
1490267005490,Mouse Moved,350.0,33.0,User19,,
1490267006187,Mouse Moved,349.0,33.0,User19,,
1490267006203,Mouse Moved,347.0,34.0,User19,,
1490267006219,Mouse Moved,345.0,37.0,User19,,
1490267006234,Mouse Moved,343.0,40.0,User19,,
1490267006250,Mouse Moved,341.0,44.0,User19,,
1490267006266,Mouse Moved,340.0,44.0,User19,,
1490267006282,Mouse Moved,339.0,49.0,User19,,
1490267006296,Mouse Moved,336.0,56.0,User19,,
1490267006312,Mouse Moved,333.0,65.0,User19,,
1490267006328,Mouse Moved,330.0,74.0,User19,,
1490267006344,Mouse Moved,325.0,87.0,User19,,
1490267006359,Mouse Moved,320.0,101.0,User19,,
1490267006375,Mouse Moved,315.0,117.0,User19,,
1490267006391,Mouse Moved,311.0,133.0,User19,,
1490267006407,Mouse Moved,306.0,148.0,User19,,
1490267006421,Mouse Moved,302.0,166.0,User19,,
1490267006437,Mouse Moved,298.0,185.0,User19,,
1490267006453,Mouse Moved,296.0,203.0,User19,,
1490267006469,Mouse Moved,292.0,222.0,User19,,
1490267006484,Mouse Moved,290.0,241.0,User19,,
1490267006500,Mouse Moved,287.0,260.0,User19,,
1490267006516,Mouse Moved,283.0,275.0,User19,,
1490267006530,Mouse Moved,281.0,289.0,User19,,
1490267006546,Mouse Moved,279.0,299.0,User19,,
1490267006562,Mouse Moved,277.0,309.0,User19,,
1490267006578,Mouse Moved,275.0,319.0,User19,,
1490267006594,Mouse Moved,273.0,329.0,User19,,
1490267006608,Mouse Moved,273.0,338.0,User19,,
1490267006625,Mouse Moved,273.0,348.0,User19,,
1490267006655,Mouse Moved,273.0,356.0,User19,,
1490267006671,Mouse Moved,273.0,357.0,User19,,
1490267006687,Mouse Moved,273.0,358.0,User19,,
1490267006703,Mouse Moved,273.0,359.0,User19,,
1490267007124,Mouse Moved,273.0,359.0,User19,,
1490267007140,Mouse Button.left Pressed,273.0,359.0,User19,,
1490267007201,Mouse Moved,273.0,359.0,User19,,
1490267007279,Mouse Moved,273.0,359.0,User19,,
1490267007335,Mouse Moved,273.0,359.0,User19,,
1490267007336,Mouse Button.left Released,273.0,359.0,User19,,
1490267007415,Mouse Moved,273.0,358.0,User19,,
1490267007430,Mouse Moved,274.0,358.0,User19,,
1490267007447,Mouse Moved,276.0,352.0,User19,,
1490267007461,Mouse Moved,279.0,346.0,User19,,
1490267007477,Mouse Moved,281.0,336.0,User19,,
1490267007493,Mouse Moved,282.0,324.0,User19,,
1490267007509,Mouse Moved,284.0,314.0,User19,,
1490267007525,Mouse Moved,285.0,302.0,User19,,
1490267007539,Mouse Moved,286.0,291.0,User19,,
1490267007555,Mouse Moved,286.0,282.0,User19,,
1490267007572,Mouse Moved,286.0,271.0,User19,,
1490267007586,Mouse Moved,285.0,258.0,User19,,
1490267007602,Mouse Moved,283.0,248.0,User19,,
1490267007618,Mouse Moved,280.0,238.0,User19,,
1490267007634,Mouse Moved,278.0,228.0,User19,,
1490267007650,Mouse Moved,274.0,216.0,User19,,
1490267007664,Mouse Moved,264.0,175.0,User19,,
1490267007680,Mouse Moved,264.0,174.0,User19,,
1490267007696,Mouse Moved,263.0,170.0,User19,,
1490267007711,Mouse Moved,262.0,166.0,User19,,
1490267007727,Mouse Moved,261.0,162.0,User19,,
1490267007743,Mouse Moved,261.0,160.0,User19,,
1490267007759,Mouse Moved,260.0,156.0,User19,,
1490267007773,Mouse Moved,260.0,152.0,User19,,
1490267007789,Mouse Moved,259.0,149.0,User19,,
1490267007805,Mouse Moved,259.0,146.0,User19,,
1490267007821,Mouse Moved,258.0,145.0,User19,,
1490267007836,Mouse Moved,258.0,142.0,User19,,
1490267007851,Mouse Moved,257.0,140.0,User19,,
1490267007868,Mouse Moved,257.0,139.0,User19,,
1490267008039,Mouse Moved,256.0,138.0,User19,,
1490267008117,Mouse Moved,256.0,137.0,User19,,
1490267008132,Mouse Moved,256.0,136.0,User19,,
1490267008148,Mouse Moved,256.0,134.0,User19,,
1490267008164,Mouse Moved,256.0,132.0,User19,,
1490267008180,Mouse Moved,256.0,129.0,User19,,
1490267008194,Mouse Moved,259.0,124.0,User19,,
1490267008210,Mouse Moved,263.0,120.0,User19,,
1490267008226,Mouse Moved,269.0,111.0,User19,,
1490267008242,Mouse Moved,287.0,92.0,User19,,
1490267008257,Mouse Moved,298.0,82.0,User19,,
1490267008273,Mouse Moved,300.0,80.0,User19,,
1490267008289,Mouse Moved,307.0,75.0,User19,,
1490267008305,Mouse Moved,315.0,67.0,User19,,
1490267008319,Mouse Moved,322.0,62.0,User19,,
1490267008335,Mouse Moved,327.0,57.0,User19,,
1490267008351,Mouse Moved,333.0,52.0,User19,,
1490267008367,Mouse Moved,339.0,47.0,User19,,
1490267008382,Mouse Moved,342.0,45.0,User19,,
1490267008398,Mouse Moved,343.0,42.0,User19,,
1490267008414,Mouse Moved,346.0,40.0,User19,,
1490267008428,Mouse Moved,347.0,38.0,User19,,
1490267008444,Mouse Moved,349.0,37.0,User19,,
1490267008460,Mouse Moved,351.0,35.0,User19,,
1490267008476,Mouse Moved,352.0,35.0,User19,,
1490267008788,Mouse Moved,352.0,35.0,User19,,
1490267008851,Mouse Moved,352.0,35.0,User19,,
1490267008997,Mouse Moved,352.0,36.0,User19,,
1490267009013,Mouse Moved,352.0,37.0,User19,,
1490267009029,Mouse Moved,352.0,39.0,User19,,
1490267009045,Mouse Moved,351.0,42.0,User19,,
1490267009059,Mouse Moved,350.0,44.0,User19,,
1490267009075,Mouse Moved,348.0,50.0,User19,,
1490267009092,Mouse Moved,345.0,55.0,User19,,
1490267009107,Mouse Moved,343.0,63.0,User19,,
1490267009122,Mouse Moved,338.0,72.0,User19,,
1490267009138,Mouse Moved,335.0,82.0,User19,,
1490267009154,Mouse Moved,332.0,90.0,User19,,
1490267009170,Mouse Moved,328.0,99.0,User19,,
1490267009184,Mouse Moved,324.0,109.0,User19,,
1490267009200,Mouse Moved,319.0,121.0,User19,,
1490267009216,Mouse Moved,313.0,135.0,User19,,
1490267009232,Mouse Moved,307.0,148.0,User19,,
1490267009247,Mouse Moved,302.0,159.0,User19,,
1490267009263,Mouse Moved,298.0,170.0,User19,,
1490267009279,Mouse Moved,292.0,183.0,User19,,
1490267009293,Mouse Moved,287.0,195.0,User19,,
1490267009309,Mouse Moved,282.0,209.0,User19,,
1490267009325,Mouse Moved,279.0,220.0,User19,,
1490267009341,Mouse Moved,275.0,233.0,User19,,
1490267009357,Mouse Moved,272.0,242.0,User19,,
1490267009371,Mouse Moved,271.0,251.0,User19,,
1490267009388,Mouse Moved,268.0,261.0,User19,,
1490267009404,Mouse Moved,266.0,271.0,User19,,
1490267009418,Mouse Moved,263.0,280.0,User19,,
1490267009434,Mouse Moved,261.0,290.0,User19,,
1490267009450,Mouse Moved,258.0,299.0,User19,,
1490267009466,Mouse Moved,256.0,312.0,User19,,
1490267009482,Mouse Moved,253.0,321.0,User19,,
1490267009496,Mouse Moved,252.0,332.0,User19,,
1490267009513,Mouse Moved,251.0,342.0,User19,,
1490267009528,Mouse Moved,250.0,353.0,User19,,
1490267009543,Mouse Moved,250.0,362.0,User19,,
1490267009716,Mouse Moved,250.0,367.0,User19,,
1490267009730,Mouse Moved,250.0,366.0,User19,,
1490267009746,Mouse Moved,250.0,365.0,User19,,
1490267009762,Mouse Moved,250.0,364.0,User19,,
1490267009778,Mouse Moved,250.0,362.0,User19,,
1490267009793,Mouse Moved,250.0,361.0,User19,,
1490267009809,Mouse Moved,251.0,361.0,User19,,
1490267009825,Mouse Moved,251.0,359.0,User19,,
1490267009855,Mouse Moved,251.0,358.0,User19,,
1490267009887,Mouse Moved,252.0,358.0,User19,,
1490267009903,Mouse Moved,252.0,356.0,User19,,
1490267009917,Mouse Moved,253.0,355.0,User19,,
1490267009934,Mouse Moved,254.0,354.0,User19,,
1490267009950,Mouse Moved,255.0,353.0,User19,,
1490267009964,Mouse Moved,256.0,351.0,User19,,
1490267009980,Mouse Moved,257.0,350.0,User19,,
1490267009996,Mouse Moved,258.0,347.0,User19,,
1490267010012,Mouse Moved,260.0,345.0,User19,,
1490267010028,Mouse Moved,261.0,343.0,User19,,
1490267010042,Mouse Moved,262.0,341.0,User19,,
1490267010059,Mouse Moved,263.0,341.0,User19,,
1490267010073,Mouse Moved,263.0,340.0,User19,,
1490267010089,Mouse Moved,263.0,339.0,User19,,
1490267010276,Mouse Moved,263.0,339.0,User19,,
1490267010339,Mouse Moved,263.0,339.0,User19,,
1490267010433,Mouse Moved,263.0,339.0,User19,,
1490267010507,Mouse Moved,263.0,339.0,User19,,
1490267010509,Mouse Button.left Released,263.0,339.0,User19,,
1490267011040,Mouse Moved,264.0,339.0,User19,,
1490267011056,Mouse Moved,264.0,337.0,User19,,
1490267011072,Mouse Moved,265.0,335.0,User19,,
1490267011088,Mouse Moved,268.0,331.0,User19,,
1490267011102,Mouse Moved,269.0,326.0,User19,,
1490267011118,Mouse Moved,271.0,322.0,User19,,
1490267011134,Mouse Moved,273.0,317.0,User19,,
1490267011150,Mouse Moved,273.0,313.0,User19,,
1490267011165,Mouse Moved,275.0,309.0,User19,,
1490267011180,Mouse Moved,276.0,305.0,User19,,
1490267011197,Mouse Moved,278.0,299.0,User19,,
1490267011213,Mouse Moved,280.0,293.0,User19,,
1490267011227,Mouse Moved,282.0,286.0,User19,,
1490267011243,Mouse Moved,284.0,279.0,User19,,
1490267011259,Mouse Moved,285.0,271.0,User19,,
1490267011275,Mouse Moved,286.0,263.0,User19,,
1490267011290,Mouse Moved,288.0,254.0,User19,,
1490267011305,Mouse Moved,289.0,246.0,User19,,
1490267011322,Mouse Moved,290.0,238.0,User19,,
1490267011336,Mouse Moved,291.0,228.0,User19,,
1490267011352,Mouse Moved,292.0,211.0,User19,,
1490267011368,Mouse Moved,292.0,204.0,User19,,
1490267011384,Mouse Moved,292.0,197.0,User19,,
1490267011400,Mouse Moved,292.0,190.0,User19,,
1490267011414,Mouse Moved,292.0,189.0,User19,,
1490267011430,Mouse Moved,292.0,180.0,User19,,
1490267011447,Mouse Moved,292.0,174.0,User19,,
1490267011461,Mouse Moved,292.0,170.0,User19,,
1490267011477,Mouse Moved,292.0,164.0,User19,,
1490267011493,Mouse Moved,292.0,161.0,User19,,
1490267011509,Mouse Moved,292.0,158.0,User19,,
1490267011525,Mouse Moved,292.0,155.0,User19,,
1490267011539,Mouse Moved,292.0,153.0,User19,,
1490267011555,Mouse Moved,292.0,150.0,User19,,
1490267011571,Mouse Moved,292.0,149.0,User19,,
1490267011586,Mouse Moved,292.0,148.0,User19,,
1490267011602,Mouse Moved,292.0,146.0,User19,,
1490267011618,Mouse Moved,292.0,144.0,User19,,
1490267011634,Mouse Moved,292.0,142.0,User19,,
1490267011648,Mouse Moved,292.0,140.0,User19,,
1490267011664,Mouse Moved,292.0,137.0,User19,,
1490267011680,Mouse Moved,292.0,136.0,User19,,
1490267011696,Mouse Moved,292.0,134.0,User19,,
1490267011711,Mouse Moved,292.0,133.0,User19,,
1490267011726,Mouse Moved,292.0,132.0,User19,,
1490267011759,Mouse Moved,292.0,131.0,User19,,
1490267011805,Mouse Moved,292.0,130.0,User19,,
1490267011898,Mouse Moved,292.0,130.0,User19,,
1490267011914,Mouse Button.left Released,292.0,130.0,User19,,
1490267011930,Mouse Moved,291.0,130.0,User19,,
1490267011976,Mouse Moved,291.0,131.0,User19,,
1490267012055,Mouse Moved,290.0,131.0,User19,,
1490267012101,Mouse Moved,290.0,132.0,User19,,
1490267012305,Mouse Moved,290.0,132.0,User19,,
1490267012414,Mouse Moved,290.0,132.0,User19,,
1490267012601,Mouse Moved,290.0,133.0,User19,,
1490267012663,Mouse Moved,290.0,134.0,User19,,
1490267012678,Mouse Moved,290.0,135.0,User19,,
1490267012694,Mouse Moved,290.0,136.0,User19,,
1490267012710,Mouse Moved,290.0,138.0,User19,,
1490267012726,Mouse Moved,290.0,141.0,User19,,
1490267012740,Mouse Moved,291.0,145.0,User19,,
1490267012756,Mouse Moved,295.0,151.0,User19,,
1490267012773,Mouse Moved,299.0,157.0,User19,,
1490267012788,Mouse Moved,305.0,164.0,User19,,
1490267012803,Mouse Moved,307.0,165.0,User19,,
1490267012819,Mouse Moved,310.0,170.0,User19,,
1490267012835,Mouse Moved,318.0,179.0,User19,,
1490267012851,Mouse Moved,326.0,190.0,User19,,
1490267012865,Mouse Moved,334.0,205.0,User19,,
1490267012881,Mouse Moved,344.0,225.0,User19,,
1490267012897,Mouse Moved,352.0,238.0,User19,,
1490267012913,Mouse Moved,364.0,257.0,User19,,
1490267012928,Mouse Moved,375.0,276.0,User19,,
1490267012944,Mouse Moved,387.0,295.0,User19,,
1490267012960,Mouse Moved,396.0,313.0,User19,,
1490267012974,Mouse Moved,406.0,332.0,User19,,
1490267012990,Mouse Moved,415.0,350.0,User19,,
1490267013006,Mouse Moved,420.0,365.0,User19,,
1490267013022,Mouse Moved,425.0,378.0,User19,,
1490267013038,Mouse Moved,428.0,389.0,User19,,
1490267013052,Mouse Moved,430.0,401.0,User19,,
1490267013069,Mouse Moved,431.0,413.0,User19,,
1490267013085,Mouse Moved,431.0,422.0,User19,,
1490267013099,Mouse Moved,429.0,429.0,User19,,
1490267013115,Mouse Moved,427.0,433.0,User19,,
1490267013131,Mouse Moved,425.0,436.0,User19,,
1490267013147,Mouse Moved,424.0,439.0,User19,,
1490267013272,Mouse Moved,423.0,440.0,User19,,
1490267013349,Mouse Moved,423.0,440.0,User19,,
1490267013365,Mouse Button.left Released,423.0,440.0,User19,,
1490267013520,Mouse Moved,422.0,440.0,User19,,
1490267013584,Mouse Moved,421.0,440.0,User19,,
1490267013598,Mouse Moved,420.0,440.0,User19,,
1490267013770,Mouse Moved,419.0,439.0,User19,,
1490267013786,Mouse Moved,419.0,437.0,User19,,
1490267013802,Mouse Moved,419.0,435.0,User19,,
1490267013818,Mouse Moved,420.0,423.0,User19,,
1490267013832,Mouse Moved,422.0,410.0,User19,,
1490267013848,Mouse Moved,424.0,391.0,User19,,
1490267013865,Mouse Moved,425.0,375.0,User19,,
1490267013880,Mouse Moved,426.0,355.0,User19,,
1490267013895,Mouse Moved,426.0,340.0,User19,,
1490267013911,Mouse Moved,426.0,322.0,User19,,
1490267013927,Mouse Moved,426.0,309.0,User19,,
1490267013943,Mouse Moved,426.0,295.0,User19,,
1490267013957,Mouse Moved,426.0,285.0,User19,,
1490267013973,Mouse Moved,426.0,273.0,User19,,
1490267013989,Mouse Moved,425.0,262.0,User19,,
1490267014005,Mouse Moved,425.0,251.0,User19,,
1490267014020,Mouse Moved,425.0,241.0,User19,,
1490267014036,Mouse Moved,425.0,232.0,User19,,
1490267014052,Mouse Moved,425.0,222.0,User19,,
1490267014066,Mouse Moved,425.0,211.0,User19,,
1490267014082,Mouse Moved,425.0,200.0,User19,,
1490267014098,Mouse Moved,424.0,192.0,User19,,
1490267014114,Mouse Moved,421.0,183.0,User19,,
1490267014130,Mouse Moved,419.0,175.0,User19,,
1490267014144,Mouse Moved,416.0,169.0,User19,,
1490267014161,Mouse Moved,415.0,169.0,User19,,
1490267014191,Mouse Moved,414.0,169.0,User19,,
1490267014207,Mouse Moved,412.0,169.0,User19,,
1490267014223,Mouse Moved,409.0,170.0,User19,,
1490267014239,Mouse Moved,406.0,171.0,User19,,
1490267014255,Mouse Moved,404.0,173.0,User19,,
1490267014269,Mouse Moved,401.0,174.0,User19,,
1490267014286,Mouse Moved,398.0,175.0,User19,,
1490267014301,Mouse Moved,395.0,177.0,User19,,
1490267014378,Mouse Moved,394.0,177.0,User19,,
1490267014457,Mouse Moved,394.0,177.0,User19,,
1490267014503,Mouse Moved,393.0,177.0,User19,,
1490267014535,Mouse Moved,392.0,177.0,User19,,
1490267014566,Mouse Moved,392.0,178.0,User19,,
1490267014582,Mouse Moved,392.0,179.0,User19,,
1490267014598,Mouse Moved,391.0,179.0,User19,,
1490267014612,Mouse Moved,391.0,181.0,User19,,
1490267014628,Mouse Moved,391.0,183.0,User19,,
1490267014644,Mouse Moved,390.0,186.0,User19,,
1490267014660,Mouse Moved,390.0,189.0,User19,,
1490267014676,Mouse Moved,389.0,195.0,User19,,
1490267014690,Mouse Moved,389.0,200.0,User19,,
1490267014707,Mouse Moved,389.0,208.0,User19,,
1490267014723,Mouse Moved,389.0,218.0,User19,,
1490267014737,Mouse Moved,390.0,228.0,User19,,
1490267014753,Mouse Moved,390.0,240.0,User19,,
1490267014769,Mouse Moved,392.0,253.0,User19,,
1490267014785,Mouse Moved,396.0,267.0,User19,,
1490267014801,Mouse Moved,399.0,278.0,User19,,
1490267014815,Mouse Moved,402.0,287.0,User19,,
1490267014832,Mouse Moved,407.0,298.0,User19,,
1490267014846,Mouse Moved,411.0,309.0,User19,,
1490267014862,Mouse Moved,416.0,321.0,User19,,
1490267014878,Mouse Moved,420.0,330.0,User19,,
1490267014894,Mouse Moved,425.0,340.0,User19,,
1490267014910,Mouse Moved,429.0,349.0,User19,,
1490267014924,Mouse Moved,432.0,357.0,User19,,
1490267014940,Mouse Moved,436.0,366.0,User19,,
1490267014957,Mouse Moved,439.0,374.0,User19,,
1490267014971,Mouse Moved,443.0,383.0,User19,,
1490267014987,Mouse Moved,448.0,391.0,User19,,
1490267015003,Mouse Moved,451.0,399.0,User19,,
1490267015019,Mouse Moved,456.0,409.0,User19,,
1490267015035,Mouse Moved,460.0,416.0,User19,,
1490267015049,Mouse Moved,464.0,422.0,User19,,
1490267015065,Mouse Moved,468.0,430.0,User19,,
1490267015081,Mouse Moved,472.0,440.0,User19,,
1490267015096,Mouse Moved,476.0,449.0,User19,,
1490267015112,Mouse Moved,479.0,455.0,User19,,
1490267015128,Mouse Moved,482.0,463.0,User19,,
1490267015144,Mouse Moved,485.0,471.0,User19,,
1490267015158,Mouse Moved,487.0,480.0,User19,,
1490267015174,Mouse Moved,489.0,491.0,User19,,
1490267015190,Mouse Moved,490.0,501.0,User19,,
1490267015206,Mouse Moved,492.0,509.0,User19,,
1490267015221,Mouse Moved,493.0,518.0,User19,,
1490267015236,Mouse Moved,494.0,527.0,User19,,
1490267015253,Mouse Moved,496.0,535.0,User19,,
1490267015269,Mouse Moved,499.0,541.0,User19,,
1490267015283,Mouse Moved,505.0,546.0,User19,,
1490267015299,Mouse Moved,513.0,549.0,User19,,
1490267015315,Mouse Moved,521.0,551.0,User19,,
1490267015331,Mouse Moved,531.0,552.0,User19,,
1490267015346,Mouse Moved,541.0,552.0,User19,,
1490267015361,Mouse Moved,550.0,552.0,User19,,
1490267015378,Mouse Moved,560.0,552.0,User19,,
1490267015392,Mouse Moved,568.0,551.0,User19,,
1490267015408,Mouse Moved,572.0,551.0,User19,,
1490267015658,Mouse Moved,573.0,551.0,User19,,
1490267015752,Mouse Moved,573.0,551.0,User19,,
1490267015767,Mouse Button.left Released,573.0,551.0,User19,,
1490267016328,Mouse Moved,572.0,551.0,User19,,
1490267016345,Mouse Moved,571.0,551.0,User19,,
1490267016359,Mouse Moved,569.0,551.0,User19,,
1490267016375,Mouse Moved,568.0,551.0,User19,,
1490267016391,Mouse Moved,566.0,552.0,User19,,
1490267016407,Mouse Moved,564.0,553.0,User19,,
1490267016423,Mouse Moved,563.0,553.0,User19,,
1490267016437,Mouse Moved,561.0,553.0,User19,,
1490267016453,Mouse Moved,559.0,554.0,User19,,
1490267016470,Mouse Moved,557.0,554.0,User19,,
1490267016500,Mouse Moved,556.0,554.0,User19,,
1490267016782,Mouse Moved,555.0,554.0,User19,,
1490267016796,Mouse Moved,554.0,554.0,User19,,
1490267016812,Mouse Moved,550.0,555.0,User19,,
1490267016828,Mouse Moved,547.0,556.0,User19,,
1490267016844,Mouse Moved,537.0,557.0,User19,,
1490267016859,Mouse Moved,531.0,558.0,User19,,
1490267016875,Mouse Moved,530.0,558.0,User19,,
1490267016891,Mouse Moved,528.0,558.0,User19,,
1490267016905,Mouse Moved,522.0,559.0,User19,,
1490267016921,Mouse Moved,516.0,559.0,User19,,
1490267016937,Mouse Moved,510.0,559.0,User19,,
1490267016953,Mouse Moved,505.0,560.0,User19,,
1490267016969,Mouse Moved,500.0,560.0,User19,,
1490267016983,Mouse Moved,495.0,561.0,User19,,
1490267017000,Mouse Moved,489.0,561.0,User19,,
1490267017016,Mouse Moved,485.0,562.0,User19,,
1490267017030,Mouse Moved,481.0,562.0,User19,,
1490267017046,Mouse Moved,478.0,563.0,User19,,
1490267017062,Mouse Moved,475.0,563.0,User19,,
1490267017078,Mouse Moved,472.0,563.0,User19,,
1490267017094,Mouse Moved,469.0,563.0,User19,,
1490267017108,Mouse Moved,466.0,563.0,User19,,
1490267017125,Mouse Moved,462.0,564.0,User19,,
1490267017140,Mouse Moved,459.0,564.0,User19,,
1490267017155,Mouse Moved,456.0,564.0,User19,,
1490267017171,Mouse Moved,452.0,565.0,User19,,
1490267017187,Mouse Moved,449.0,565.0,User19,,
1490267017203,Mouse Moved,446.0,565.0,User19,,
1490267017217,Mouse Moved,444.0,565.0,User19,,
1490267017233,Mouse Moved,440.0,565.0,User19,,
1490267017250,Mouse Moved,439.0,565.0,User19,,
1490267017265,Mouse Moved,436.0,565.0,User19,,
1490267017342,Mouse Moved,434.0,565.0,User19,,
1490267017576,Mouse Moved,433.0,565.0,User19,,
1490267017654,Mouse Moved,433.0,567.0,User19,,
1490267017874,Mouse Moved,432.0,566.0,User19,,
1490267017904,Mouse Moved,432.0,565.0,User19,,
1490267017920,Mouse Moved,431.0,564.0,User19,,
1490267017936,Mouse Moved,430.0,562.0,User19,,
1490267017951,Mouse Moved,428.0,560.0,User19,,
1490267017967,Mouse Moved,426.0,559.0,User19,,
1490267017983,Mouse Moved,423.0,557.0,User19,,
1490267017997,Mouse Moved,420.0,555.0,User19,,
1490267018013,Mouse Moved,417.0,552.0,User19,,
1490267018045,Mouse Moved,414.0,552.0,User19,,
1490267019089,Mouse Moved,414.0,552.0,User19,,
1490267019230,Mouse Moved,414.0,552.0,User19,,
1490267019713,Mouse Moved,414.0,553.0,User19,,
1490267019730,Mouse Moved,414.0,554.0,User19,,
1490267019746,Mouse Moved,414.0,555.0,User19,,
1490267019760,Mouse Moved,416.0,558.0,User19,,
1490267019776,Mouse Moved,418.0,561.0,User19,,
1490267019792,Mouse Moved,423.0,569.0,User19,,
1490267019808,Mouse Moved,432.0,580.0,User19,,
1490267019823,Mouse Moved,442.0,589.0,User19,,
1490267019838,Mouse Moved,456.0,602.0,User19,,
1490267019855,Mouse Moved,467.0,612.0,User19,,
1490267019869,Mouse Moved,481.0,625.0,User19,,
1490267019885,Mouse Moved,529.0,662.0,User19,,
1490267019901,Mouse Moved,529.0,663.0,User19,,
1490267020026,Mouse Moved,530.0,664.0,User19,,
1490267020042,Mouse Button.left Pressed,530.0,664.0,User19,,
1490267020104,Mouse Moved,530.0,664.0,User19,,
1490267020634,Mouse Moved,530.0,663.0,User19,,
1490267020727,Mouse Moved,530.0,662.0,User19,,
1490267020743,Mouse Moved,530.0,660.0,User19,,
1490267020759,Mouse Moved,530.0,659.0,User19,,
1490267020775,Mouse Moved,528.0,656.0,User19,,
1490267020790,Mouse Moved,527.0,650.0,User19,,
1490267020805,Mouse Moved,525.0,641.0,User19,,
1490267020822,Mouse Moved,523.0,631.0,User19,,
1490267020838,Mouse Moved,523.0,620.0,User19,,
1490267020852,Mouse Moved,522.0,610.0,User19,,
1490267020868,Mouse Moved,520.0,599.0,User19,,
1490267020884,Mouse Moved,520.0,590.0,User19,,
1490267020900,Mouse Moved,519.0,579.0,User19,,
1490267020915,Mouse Moved,518.0,570.0,User19,,
1490267020930,Mouse Moved,518.0,560.0,User19,,
1490267020947,Mouse Moved,518.0,551.0,User19,,
1490267020961,Mouse Moved,517.0,542.0,User19,,
1490267020977,Mouse Moved,517.0,533.0,User19,,
1490267020993,Mouse Moved,517.0,526.0,User19,,
1490267021009,Mouse Moved,517.0,519.0,User19,,
1490267021025,Mouse Moved,517.0,512.0,User19,,
1490267021039,Mouse Moved,515.0,501.0,User19,,
1490267021055,Mouse Moved,515.0,497.0,User19,,
1490267021072,Mouse Moved,515.0,495.0,User19,,
1490267021086,Mouse Moved,515.0,492.0,User19,,
1490267021118,Mouse Moved,515.0,491.0,User19,,
1490267021164,Mouse Moved,515.0,489.0,User19,,
1490267021180,Mouse Moved,515.0,487.0,User19,,
1490267021196,Mouse Moved,516.0,487.0,User19,,
1490267021211,Mouse Moved,518.0,486.0,User19,,
1490267021227,Mouse Moved,521.0,485.0,User19,,
1490267021243,Mouse Moved,526.0,485.0,User19,,
1490267021259,Mouse Moved,533.0,485.0,User19,,
1490267021273,Mouse Moved,541.0,484.0,User19,,
1490267021289,Mouse Moved,550.0,484.0,User19,,
1490267021305,Mouse Moved,557.0,484.0,User19,,
1490267021321,Mouse Moved,566.0,484.0,User19,,
1490267021336,Mouse Moved,570.0,484.0,User19,,
1490267021351,Mouse Moved,573.0,485.0,User19,,
1490267021384,Mouse Moved,573.0,485.0,User19,,
1490267021461,Mouse Moved,573.0,486.0,User19,,
1490267021571,Mouse Moved,573.0,487.0,User19,,
1490267021585,Mouse Moved,573.0,489.0,User19,,
1490267021601,Mouse Moved,574.0,490.0,User19,,
1490267021618,Mouse Moved,575.0,493.0,User19,,
1490267021632,Mouse Moved,576.0,495.0,User19,,
1490267021648,Mouse Moved,576.0,497.0,User19,,
1490267021664,Mouse Moved,577.0,499.0,User19,,
1490267021680,Mouse Moved,577.0,500.0,User19,,
1490267021696,Mouse Moved,578.0,503.0,User19,,
1490267021710,Mouse Moved,578.0,504.0,User19,,
1490267021726,Mouse Moved,579.0,504.0,User19,,
1490267021805,Mouse Moved,579.0,505.0,User19,,
1490267021819,Mouse Moved,580.0,505.0,User19,,
1490267021851,Mouse Moved,581.0,506.0,User19,,
1490267022351,Mouse Moved,581.0,508.0,User19,,
1490267022365,Mouse Moved,581.0,509.0,User19,,
1490267022381,Mouse Moved,580.0,510.0,User19,,
1490267022398,Mouse Moved,579.0,511.0,User19,,
1490267022413,Mouse Moved,578.0,512.0,User19,,
1490267022460,Mouse Moved,577.0,512.0,User19,,
1490267022476,Mouse Moved,577.0,513.0,User19,,
1490267022490,Mouse Moved,576.0,513.0,User19,,
1490267022506,Mouse Moved,575.0,515.0,User19,,
1490267022522,Mouse Moved,575.0,516.0,User19,,
1490267022538,Mouse Moved,574.0,516.0,User19,,
1490267022647,Mouse Moved,574.0,517.0,User19,,
1490267022663,Mouse Moved,573.0,517.0,User19,,
1490267022724,Mouse Moved,573.0,518.0,User19,,
1490267022740,Mouse Moved,572.0,519.0,User19,,
1490267022756,Mouse Moved,571.0,519.0,User19,,
1490267022865,Mouse Moved,571.0,520.0,User19,,
1490267022881,Mouse Moved,570.0,520.0,User19,,
1490267022897,Mouse Moved,570.0,521.0,User19,,
1490267022911,Mouse Moved,569.0,521.0,User19,,
1490267022927,Mouse Moved,568.0,523.0,User19,,
1490267022944,Mouse Moved,567.0,525.0,User19,,
1490267022959,Mouse Moved,566.0,527.0,User19,,
1490267022974,Mouse Moved,565.0,529.0,User19,,
1490267022990,Mouse Moved,564.0,530.0,User19,,
1490267023006,Mouse Moved,563.0,532.0,User19,,
1490267023022,Mouse Moved,561.0,534.0,User19,,
1490267023036,Mouse Moved,559.0,537.0,User19,,
1490267023052,Mouse Moved,558.0,539.0,User19,,
1490267023068,Mouse Moved,555.0,541.0,User19,,
1490267023084,Mouse Moved,552.0,546.0,User19,,
1490267023099,Mouse Moved,549.0,551.0,User19,,
1490267023115,Mouse Moved,546.0,554.0,User19,,
1490267023131,Mouse Moved,542.0,560.0,User19,,
1490267023145,Mouse Moved,538.0,564.0,User19,,
1490267023161,Mouse Moved,535.0,569.0,User19,,
1490267023177,Mouse Moved,530.0,573.0,User19,,
1490267023193,Mouse Moved,527.0,578.0,User19,,
1490267023209,Mouse Moved,524.0,582.0,User19,,
1490267023223,Mouse Moved,520.0,589.0,User19,,
1490267023240,Mouse Moved,516.0,593.0,User19,,
1490267023256,Mouse Moved,512.0,597.0,User19,,
1490267023270,Mouse Moved,509.0,601.0,User19,,
1490267023286,Mouse Moved,504.0,606.0,User19,,
1490267023302,Mouse Moved,501.0,608.0,User19,,
1490267023318,Mouse Moved,496.0,614.0,User19,,
1490267023334,Mouse Moved,494.0,616.0,User19,,
1490267023348,Mouse Moved,488.0,621.0,User19,,
1490267023365,Mouse Moved,484.0,625.0,User19,,
1490267023380,Mouse Moved,480.0,627.0,User19,,
1490267023395,Mouse Moved,478.0,628.0,User19,,
1490267023411,Mouse Moved,475.0,630.0,User19,,
1490267023427,Mouse Moved,474.0,631.0,User19,,
1490267023443,Mouse Moved,473.0,631.0,User19,,
1490267023457,Mouse Moved,471.0,632.0,User19,,
1490267023473,Mouse Moved,470.0,634.0,User19,,
1490267023505,Mouse Moved,469.0,634.0,User19,,
1490267023520,Mouse Moved,468.0,634.0,User19,,
1490267023536,Mouse Moved,468.0,635.0,User19,,
1490267023552,Mouse Moved,466.0,635.0,User19,,
1490267023582,Mouse Moved,465.0,636.0,User19,,
1490267023864,Mouse Moved,464.0,637.0,User19,,
1490267023894,Mouse Moved,465.0,637.0,User19,,
1490267023911,Mouse Moved,466.0,637.0,User19,,
1490267023926,Mouse Moved,468.0,637.0,User19,,
1490267023941,Mouse Moved,470.0,638.0,User19,,
1490267023957,Mouse Moved,477.0,638.0,User19,,
1490267023973,Mouse Moved,483.0,639.0,User19,,
1490267023989,Mouse Moved,489.0,640.0,User19,,
1490267024003,Mouse Moved,493.0,640.0,User19,,
1490267024019,Mouse Moved,503.0,641.0,User19,,
1490267024035,Mouse Moved,513.0,643.0,User19,,
1490267024051,Mouse Moved,526.0,645.0,User19,,
1490267024066,Mouse Moved,539.0,648.0,User19,,
1490267024082,Mouse Moved,555.0,650.0,User19,,
1490267024098,Mouse Moved,567.0,653.0,User19,,
1490267024112,Mouse Moved,580.0,655.0,User19,,
1490267024128,Mouse Moved,594.0,657.0,User19,,
1490267024144,Mouse Moved,604.0,659.0,User19,,
1490267024160,Mouse Moved,616.0,662.0,User19,,
1490267024176,Mouse Moved,628.0,666.0,User19,,
1490267024190,Mouse Moved,642.0,669.0,User19,,
1490267024207,Mouse Moved,653.0,672.0,User19,,
1490267024223,Mouse Moved,667.0,675.0,User19,,
1490267024237,Mouse Moved,678.0,678.0,User19,,
1490267024253,Mouse Moved,691.0,682.0,User19,,
1490267024269,Mouse Moved,700.0,684.0,User19,,
1490267024285,Mouse Moved,711.0,688.0,User19,,
1490267024301,Mouse Moved,723.0,691.0,User19,,
1490267024315,Mouse Moved,732.0,694.0,User19,,
1490267024332,Mouse Moved,741.0,697.0,User19,,
1490267024346,Mouse Moved,752.0,701.0,User19,,
1490267024362,Mouse Moved,762.0,704.0,User19,,
1490267024378,Mouse Moved,771.0,707.0,User19,,
1490267024394,Mouse Moved,781.0,710.0,User19,,
1490267024410,Mouse Moved,788.0,713.0,User19,,
1490267024424,Mouse Moved,796.0,716.0,User19,,
1490267024440,Mouse Moved,804.0,720.0,User19,,
1490267024457,Mouse Moved,808.0,725.0,User19,,
1490267024471,Mouse Moved,809.0,729.0,User19,,
1490267024487,Mouse Moved,809.0,731.0,User19,,
1490267024503,Mouse Moved,809.0,733.0,User19,,
1490267024519,Mouse Moved,809.0,734.0,User19,,
1490267024535,Mouse Moved,809.0,736.0,User19,,
1490267024549,Mouse Moved,809.0,737.0,User19,,
1490267024581,Mouse Moved,809.0,738.0,User19,,
1490267024596,Mouse Moved,809.0,739.0,User19,,
1490267024628,Mouse Moved,808.0,739.0,User19,,
1490267024721,Mouse Moved,808.0,740.0,User19,,
1490267024799,Mouse Moved,808.0,740.0,User19,,
1490267025252,Mouse Moved,809.0,740.0,User19,,
1490267025267,Mouse Moved,812.0,740.0,User19,,
1490267025282,Mouse Moved,819.0,740.0,User19,,
1490267025299,Mouse Moved,826.0,739.0,User19,,
1490267025315,Mouse Moved,839.0,738.0,User19,,
1490267025329,Mouse Moved,856.0,736.0,User19,,
1490267025345,Mouse Moved,874.0,736.0,User19,,
1490267025361,Mouse Moved,893.0,735.0,User19,,
1490267025377,Mouse Moved,916.0,735.0,User19,,
1490267025392,Mouse Moved,944.0,735.0,User19,,
1490267025407,Mouse Moved,973.0,736.0,User19,,
1490267025424,Mouse Moved,1004.0,737.0,User19,,
1490267025438,Mouse Moved,1034.0,738.0,User19,,
1490267025454,Mouse Moved,1060.0,739.0,User19,,
1490267025470,Mouse Moved,1087.0,741.0,User19,,
1490267025486,Mouse Moved,1112.0,742.0,User19,,
1490267025502,Mouse Moved,1134.0,743.0,User19,,
1490267025516,Mouse Moved,1152.0,745.0,User19,,
1490267025532,Mouse Moved,1166.0,746.0,User19,,
1490267025549,Mouse Moved,1178.0,747.0,User19,,
1490267025563,Mouse Moved,1186.0,748.0,User19,,
1490267025579,Mouse Moved,1192.0,748.0,User19,,
1490267025595,Mouse Moved,1200.0,749.0,User19,,
1490267025611,Mouse Moved,1208.0,749.0,User19,,
1490267025627,Mouse Moved,1217.0,747.0,User19,,
1490267025641,Mouse Moved,1229.0,744.0,User19,,
1490267025657,Mouse Moved,1242.0,744.0,User19,,
1490267025673,Mouse Moved,1256.0,745.0,User19,,
1490267025845,Mouse Moved,1263.0,741.0,User19,,
1490267025861,Mouse Moved,1266.0,741.0,User19,,
1490267025875,Mouse Moved,1268.0,741.0,User19,,
1490267025891,Mouse Moved,1270.0,743.0,User19,,
1490267025907,Mouse Moved,1275.0,745.0,User19,,
1490267025923,Mouse Moved,1276.0,747.0,User19,,
1490267025938,Mouse Moved,1280.0,748.0,User19,,
1490267026157,Mouse Moved,1282.0,748.0,User19,,
1490267028279,Mouse Moved,1281.0,748.0,User19,,
1490267028293,Mouse Moved,1280.0,748.0,User19,,
1490267028309,Mouse Moved,1279.0,748.0,User19,,
1490267028325,Mouse Moved,1278.0,748.0,User19,,
1490267028371,Mouse Moved,1276.0,748.0,User19,,
1490267028528,Mouse Moved,1275.0,748.0,User19,,
1490267028591,Mouse Moved,1274.0,748.0,User19,,
1490267028605,Mouse Moved,1273.0,748.0,User19,,
1490267029605,Mouse Moved,1273.0,749.0,User19,,
1490267029619,Mouse Moved,1272.0,749.0,User19,,
1490267029713,Mouse Moved,1271.0,749.0,User19,,
1490267029838,Mouse Moved,1271.0,750.0,User19,,
1490267029854,Mouse Moved,1269.0,750.0,User19,,
1490267029917,Mouse Moved,1268.0,751.0,User19,,
1490267029979,Mouse Moved,1267.0,751.0,User19,,
1490267029994,Mouse Moved,1266.0,752.0,User19,,
1490267030104,Mouse Moved,1265.0,752.0,User19,,
1490267030118,Mouse Moved,1264.0,753.0,User19,,
1490267030821,Mouse Moved,1265.0,753.0,User19,,
1490267030836,Mouse Moved,1267.0,754.0,User19,,
1490267030852,Mouse Moved,1269.0,755.0,User19,,
1490267030868,Mouse Moved,1272.0,756.0,User19,,
1490267030884,Mouse Moved,1277.0,756.0,User19,,
1490267030898,Mouse Moved,1281.0,756.0,User19,,
1490267030914,Mouse Moved,1289.0,756.0,User19,,
1490267030930,Mouse Moved,1297.0,756.0,User19,,
1490267030946,Mouse Moved,1303.0,757.0,User19,,
1490267030961,Mouse Moved,1315.0,757.0,User19,,
1490267030976,Mouse Moved,1325.0,758.0,User19,,
1490267030993,Mouse Moved,1338.0,759.0,User19,,
1490267031009,Mouse Moved,1350.0,760.0,User19,,
1490267031023,Mouse Moved,1362.0,760.0,User19,,
1490267031039,Mouse Moved,1373.0,761.0,User19,,
1490267031055,Mouse Moved,1383.0,762.0,User19,,
1490267031071,Mouse Moved,1395.0,762.0,User19,,
1490267031086,Mouse Moved,1407.0,763.0,User19,,
1490267031101,Mouse Moved,1417.0,763.0,User19,,
1490267031118,Mouse Moved,1427.0,763.0,User19,,
1490267031132,Mouse Moved,1437.0,765.0,User19,,
1490267031148,Mouse Moved,1447.0,765.0,User19,,
1490267031164,Mouse Moved,1457.0,766.0,User19,,
1490267031180,Mouse Moved,1466.0,766.0,User19,,
1490267031196,Mouse Moved,1474.0,767.0,User19,,
1490267031210,Mouse Moved,1479.0,767.0,User19,,
1490267031321,Mouse Moved,1479.0,767.0,User19,,
1490267031648,Mouse Moved,1478.0,767.0,User19,,
1490267031664,Mouse Moved,1476.0,768.0,User19,,
1490267031678,Mouse Moved,1472.0,769.0,User19,,
1490267031694,Mouse Moved,1467.0,769.0,User19,,
1490267031710,Mouse Moved,1458.0,769.0,User19,,
1490267031726,Mouse Moved,1449.0,769.0,User19,,
1490267031742,Mouse Moved,1438.0,769.0,User19,,
1490267031756,Mouse Moved,1425.0,768.0,User19,,
1490267031773,Mouse Moved,1413.0,766.0,User19,,
1490267031788,Mouse Moved,1398.0,764.0,User19,,
1490267031803,Mouse Moved,1381.0,762.0,User19,,
1490267031819,Mouse Moved,1361.0,759.0,User19,,
1490267031835,Mouse Moved,1341.0,757.0,User19,,
1490267031851,Mouse Moved,1317.0,754.0,User19,,
1490267031865,Mouse Moved,1291.0,749.0,User19,,
1490267031881,Mouse Moved,1266.0,745.0,User19,,
1490267031898,Mouse Moved,1237.0,740.0,User19,,
1490267031913,Mouse Moved,1209.0,735.0,User19,,
1490267031928,Mouse Moved,1184.0,730.0,User19,,
1490267031944,Mouse Moved,1155.0,725.0,User19,,
1490267031960,Mouse Moved,1127.0,718.0,User19,,
1490267031976,Mouse Moved,1099.0,712.0,User19,,
1490267031990,Mouse Moved,1074.0,704.0,User19,,
1490267032006,Mouse Moved,1044.0,694.0,User19,,
1490267032022,Mouse Moved,1015.0,684.0,User19,,
1490267032038,Mouse Moved,987.0,675.0,User19,,
1490267032053,Mouse Moved,959.0,664.0,User19,,
1490267032069,Mouse Moved,933.0,655.0,User19,,
1490267032085,Mouse Moved,907.0,645.0,User19,,
1490267032099,Mouse Moved,882.0,634.0,User19,,
1490267032115,Mouse Moved,858.0,624.0,User19,,
1490267032131,Mouse Moved,836.0,614.0,User19,,
1490267032147,Mouse Moved,813.0,603.0,User19,,
1490267032163,Mouse Moved,792.0,594.0,User19,,
1490267032177,Mouse Moved,773.0,584.0,User19,,
1490267032194,Mouse Moved,756.0,575.0,User19,,
1490267032210,Mouse Moved,740.0,565.0,User19,,
1490267032224,Mouse Moved,728.0,558.0,User19,,
1490267032240,Mouse Moved,716.0,550.0,User19,,
1490267032256,Mouse Moved,706.0,544.0,User19,,
1490267032272,Mouse Moved,700.0,539.0,User19,,
1490267032288,Mouse Moved,693.0,532.0,User19,,
1490267032302,Mouse Moved,687.0,525.0,User19,,
1490267032319,Mouse Moved,682.0,519.0,User19,,
1490267032334,Mouse Moved,677.0,513.0,User19,,
1490267032349,Mouse Moved,669.0,505.0,User19,,
1490267032365,Mouse Moved,663.0,500.0,User19,,
1490267032381,Mouse Moved,633.0,480.0,User19,,
1490267032397,Mouse Moved,654.0,502.0,User19,,
1490267032411,Mouse Moved,666.0,509.0,User19,,
1490267032427,Mouse Moved,667.0,509.0,User19,,
1490267032444,Mouse Moved,675.0,513.0,User19,,
1490267032459,Mouse Moved,688.0,520.0,User19,,
1490267032474,Mouse Moved,698.0,524.0,User19,,
1490267032490,Mouse Moved,712.0,528.0,User19,,
1490267032506,Mouse Moved,725.0,532.0,User19,,
1490267032522,Mouse Moved,737.0,536.0,User19,,
1490267032536,Mouse Moved,747.0,539.0,User19,,
1490267032552,Mouse Moved,754.0,545.0,User19,,
1490267032568,Mouse Moved,754.0,548.0,User19,,
1490267032584,Mouse Moved,753.0,549.0,User19,,
1490267032599,Mouse Moved,750.0,550.0,User19,,
1490267032615,Mouse Moved,743.0,552.0,User19,,
1490267032631,Mouse Moved,733.0,553.0,User19,,
1490267032645,Mouse Moved,726.0,556.0,User19,,
1490267032661,Mouse Moved,718.0,560.0,User19,,
1490267032677,Mouse Moved,714.0,563.0,User19,,
1490267032693,Mouse Moved,710.0,566.0,User19,,
1490267032709,Mouse Moved,706.0,569.0,User19,,
1490267032723,Mouse Moved,698.0,574.0,User19,,
1490267032740,Mouse Moved,691.0,577.0,User19,,
1490267032756,Mouse Moved,682.0,580.0,User19,,
1490267032770,Mouse Moved,676.0,583.0,User19,,
1490267032786,Mouse Moved,672.0,584.0,User19,,
1490267032802,Mouse Moved,663.0,585.0,User19,,
1490267032818,Mouse Moved,654.0,587.0,User19,,
1490267032834,Mouse Moved,643.0,588.0,User19,,
1490267032848,Mouse Moved,631.0,589.0,User19,,
1490267032865,Mouse Moved,619.0,589.0,User19,,
1490267032880,Mouse Moved,608.0,589.0,User19,,
1490267032895,Mouse Moved,594.0,589.0,User19,,
1490267032911,Mouse Moved,582.0,589.0,User19,,
1490267032927,Mouse Moved,567.0,588.0,User19,,
1490267032943,Mouse Moved,555.0,587.0,User19,,
1490267032957,Mouse Moved,545.0,587.0,User19,,
1490267032973,Mouse Moved,533.0,585.0,User19,,
1490267032990,Mouse Moved,523.0,583.0,User19,,
1490267033005,Mouse Moved,513.0,582.0,User19,,
1490267033020,Mouse Moved,506.0,579.0,User19,,
1490267033036,Mouse Moved,498.0,576.0,User19,,
1490267033052,Mouse Moved,490.0,574.0,User19,,
1490267033068,Mouse Moved,481.0,570.0,User19,,
1490267033082,Mouse Moved,473.0,567.0,User19,,
1490267033098,Mouse Moved,465.0,563.0,User19,,
1490267033114,Mouse Moved,457.0,559.0,User19,,
1490267033130,Mouse Moved,450.0,555.0,User19,,
1490267033239,Mouse Moved,446.0,553.0,User19,,
1490267033441,Mouse Moved,445.0,553.0,User19,,
1490267033473,Mouse Moved,445.0,554.0,User19,,
1490267033489,Mouse Moved,445.0,555.0,User19,,
1490267033503,Mouse Moved,446.0,555.0,User19,,
1490267033519,Mouse Moved,447.0,557.0,User19,,
1490267033536,Mouse Moved,448.0,560.0,User19,,
1490267033551,Mouse Moved,451.0,563.0,User19,,
1490267033566,Mouse Moved,455.0,565.0,User19,,
1490267033582,Mouse Moved,458.0,568.0,User19,,
1490267033598,Mouse Moved,462.0,571.0,User19,,
1490267033614,Mouse Moved,469.0,574.0,User19,,
1490267033628,Mouse Moved,475.0,576.0,User19,,
1490267033644,Mouse Moved,480.0,577.0,User19,,
1490267033660,Mouse Moved,488.0,581.0,User19,,
1490267033676,Mouse Moved,498.0,582.0,User19,,
1490267033691,Mouse Moved,507.0,583.0,User19,,
1490267033707,Mouse Moved,518.0,584.0,User19,,
1490267033723,Mouse Moved,529.0,585.0,User19,,
1490267033737,Mouse Moved,540.0,586.0,User19,,
1490267033753,Mouse Moved,547.0,588.0,User19,,
1490267033769,Mouse Moved,554.0,591.0,User19,,
1490267033785,Mouse Moved,559.0,597.0,User19,,
1490267033801,Mouse Moved,561.0,601.0,User19,,
1490267033815,Mouse Moved,561.0,605.0,User19,,
1490267033832,Mouse Moved,559.0,609.0,User19,,
1490267033848,Mouse Moved,555.0,609.0,User19,,
1490267033878,Mouse Moved,552.0,610.0,User19,,
1490267033910,Mouse Moved,552.0,612.0,User19,,
1490267034003,Mouse Moved,554.0,612.0,User19,,
1490267034221,Mouse Moved,554.0,613.0,User19,,
1490267034237,Mouse Moved,552.0,613.0,User19,,
1490267034253,Mouse Moved,550.0,615.0,User19,,
1490267034269,Mouse Moved,548.0,616.0,User19,,
1490267034283,Mouse Moved,543.0,619.0,User19,,
1490267034299,Mouse Moved,537.0,621.0,User19,,
1490267034315,Mouse Moved,536.0,621.0,User19,,
1490267034331,Mouse Moved,529.0,623.0,User19,,
1490267034346,Mouse Moved,521.0,624.0,User19,,
1490267034361,Mouse Moved,513.0,625.0,User19,,
1490267034378,Mouse Moved,503.0,627.0,User19,,
1490267034394,Mouse Moved,493.0,628.0,User19,,
1490267034408,Mouse Moved,482.0,628.0,User19,,
1490267034424,Mouse Moved,474.0,629.0,User19,,
1490267034440,Mouse Moved,468.0,629.0,User19,,
1490267034456,Mouse Moved,462.0,630.0,User19,,
1490267034471,Mouse Moved,460.0,631.0,User19,,
1490267034486,Mouse Moved,459.0,631.0,User19,,
1490267034845,Mouse Moved,459.0,630.0,User19,,
1490267034861,Mouse Moved,461.0,630.0,User19,,
1490267034877,Mouse Moved,465.0,630.0,User19,,
1490267034892,Mouse Moved,468.0,629.0,User19,,
1490267034907,Mouse Moved,476.0,629.0,User19,,
1490267034924,Mouse Moved,484.0,628.0,User19,,
1490267034940,Mouse Moved,489.0,627.0,User19,,
1490267034954,Mouse Moved,497.0,626.0,User19,,
1490267034970,Mouse Moved,507.0,626.0,User19,,
1490267034986,Mouse Moved,512.0,626.0,User19,,
1490267035002,Mouse Moved,517.0,626.0,User19,,
1490267035017,Mouse Moved,520.0,626.0,User19,,
1490267035844,Mouse Moved,521.0,626.0,User19,,
1490267035859,Mouse Button.left Pressed,521.0,626.0,User19,,
1490267035953,Mouse Moved,521.0,626.0,User19,,
1490267036453,Mouse Moved,522.0,626.0,User19,,
1490267036467,Mouse Moved,523.0,624.0,User19,,
1490267036483,Mouse Moved,525.0,623.0,User19,,
1490267036500,Mouse Moved,531.0,621.0,User19,,
1490267036515,Mouse Moved,536.0,617.0,User19,,
1490267036530,Mouse Moved,558.0,608.0,User19,,
1490267036546,Mouse Moved,568.0,603.0,User19,,
1490267036562,Mouse Moved,579.0,600.0,User19,,
1490267036578,Mouse Moved,592.0,596.0,User19,,
1490267036592,Mouse Moved,605.0,593.0,User19,,
1490267036608,Mouse Moved,618.0,590.0,User19,,
1490267036624,Mouse Moved,630.0,586.0,User19,,
1490267036640,Mouse Moved,642.0,585.0,User19,,
1490267036655,Mouse Moved,652.0,583.0,User19,,
1490267036671,Mouse Moved,662.0,581.0,User19,,
1490267036687,Mouse Moved,670.0,580.0,User19,,
1490267036701,Mouse Moved,678.0,579.0,User19,,
1490267036717,Mouse Moved,685.0,578.0,User19,,
1490267036733,Mouse Moved,691.0,577.0,User19,,
1490267036749,Mouse Moved,697.0,575.0,User19,,
1490267036765,Mouse Moved,702.0,574.0,User19,,
1490267036779,Mouse Moved,707.0,573.0,User19,,
1490267036796,Mouse Moved,708.0,573.0,User19,,
1490267036812,Mouse Moved,709.0,573.0,User19,,
1490267036999,Mouse Moved,708.0,573.0,User19,,
1490267037061,Mouse Moved,708.0,574.0,User19,,
1490267037124,Mouse Moved,708.0,575.0,User19,,
1490267037154,Mouse Moved,707.0,577.0,User19,,
1490267037170,Mouse Moved,707.0,578.0,User19,,
1490267037217,Mouse Moved,706.0,579.0,User19,,
1490267037311,Mouse Moved,705.0,580.0,User19,,
1490267037325,Mouse Moved,705.0,582.0,User19,,
1490267037342,Mouse Moved,705.0,583.0,User19,,
1490267037358,Mouse Moved,705.0,584.0,User19,,
1490267037372,Mouse Moved,705.0,585.0,User19,,
1490267037404,Mouse Moved,705.0,586.0,User19,,
1490267037420,Mouse Moved,705.0,587.0,User19,,
1490267037436,Mouse Moved,705.0,588.0,User19,,
1490267037450,Mouse Moved,705.0,590.0,User19,,
1490267037467,Mouse Moved,705.0,591.0,User19,,
1490267037482,Mouse Moved,705.0,592.0,User19,,
1490267037513,Mouse Moved,705.0,593.0,User19,,
1490267037545,Mouse Moved,705.0,595.0,User19,,
1490267037559,Mouse Moved,705.0,596.0,User19,,
1490267037575,Mouse Moved,704.0,596.0,User19,,
1490267037684,Mouse Moved,704.0,597.0,User19,,
1490267037700,Mouse Moved,703.0,597.0,User19,,
1490267037747,Mouse Moved,703.0,598.0,User19,,
1490267037793,Mouse Moved,704.0,598.0,User19,,
1490267037809,Mouse Moved,704.0,599.0,User19,,
1490267037825,Mouse Moved,705.0,599.0,User19,,
1490267037904,Mouse Moved,706.0,599.0,User19,,
1490267037918,Mouse Moved,708.0,599.0,User19,,
1490267037934,Mouse Moved,709.0,599.0,User19,,
1490267037950,Mouse Moved,710.0,599.0,User19,,
1490267037966,Mouse Moved,712.0,600.0,User19,,
1490267037982,Mouse Moved,715.0,601.0,User19,,
1490267037996,Mouse Moved,720.0,603.0,User19,,
1490267038013,Mouse Moved,723.0,605.0,User19,,
1490267038028,Mouse Moved,729.0,608.0,User19,,
1490267038043,Mouse Moved,733.0,610.0,User19,,
1490267038059,Mouse Moved,737.0,612.0,User19,,
1490267038075,Mouse Moved,739.0,613.0,User19,,
1490267038091,Mouse Moved,740.0,614.0,User19,,
1490267038105,Mouse Moved,741.0,614.0,User19,,
1490267038121,Mouse Moved,741.0,616.0,User19,,
1490267038138,Mouse Moved,742.0,617.0,User19,,
1490267038153,Mouse Moved,743.0,617.0,User19,,
1490267038200,Mouse Moved,744.0,618.0,User19,,
1490267038573,Mouse Moved,743.0,618.0,User19,,
1490267038621,Mouse Moved,742.0,618.0,User19,,
1490267039073,Mouse Moved,741.0,618.0,User19,,
1490267039088,Mouse Moved,740.0,618.0,User19,,
1490267039105,Mouse Moved,738.0,618.0,User19,,
1490267039119,Mouse Moved,738.0,619.0,User19,,
1490267039135,Mouse Moved,735.0,620.0,User19,,
1490267039151,Mouse Moved,732.0,620.0,User19,,
1490267039167,Mouse Moved,731.0,621.0,User19,,
1490267039183,Mouse Moved,729.0,621.0,User19,,
1490267039197,Mouse Moved,728.0,621.0,User19,,
1490267039213,Mouse Moved,725.0,621.0,User19,,
1490267039230,Mouse Moved,723.0,621.0,User19,,
1490267039244,Mouse Moved,722.0,621.0,User19,,
1490267039260,Mouse Moved,720.0,621.0,User19,,
1490267039276,Mouse Moved,718.0,621.0,User19,,
1490267039292,Mouse Moved,716.0,621.0,User19,,
1490267039308,Mouse Moved,714.0,621.0,User19,,
1490267039322,Mouse Moved,712.0,621.0,User19,,
1490267039338,Mouse Moved,711.0,621.0,User19,,
1490267039540,Mouse Moved,710.0,621.0,User19,,
1490267039556,Mouse Moved,710.0,620.0,User19,,
1490267039572,Mouse Moved,710.0,619.0,User19,,
1490267039588,Mouse Moved,709.0,619.0,User19,,
1490267039618,Mouse Moved,709.0,617.0,User19,,
1490267039634,Mouse Moved,707.0,617.0,User19,,
1490267039651,Mouse Moved,707.0,615.0,User19,,
1490267039665,Mouse Moved,706.0,615.0,User19,,
1490267039681,Mouse Moved,705.0,614.0,User19,,
1490267040180,Mouse Moved,706.0,614.0,User19,,
1490267040197,Mouse Moved,709.0,614.0,User19,,
1490267040211,Mouse Moved,710.0,614.0,User19,,
1490267040227,Mouse Moved,713.0,614.0,User19,,
1490267040243,Mouse Moved,715.0,615.0,User19,,
1490267040259,Mouse Moved,717.0,616.0,User19,,
1490267040275,Mouse Moved,720.0,617.0,User19,,
1490267040289,Mouse Moved,723.0,617.0,User19,,
1490267040305,Mouse Moved,725.0,618.0,User19,,
1490267040321,Mouse Moved,730.0,618.0,User19,,
1490267040336,Mouse Moved,732.0,618.0,User19,,
1490267040352,Mouse Moved,734.0,618.0,User19,,
1490267040368,Mouse Moved,735.0,619.0,User19,,
1490267040384,Mouse Moved,736.0,619.0,User19,,
1490267040398,Mouse Moved,738.0,619.0,User19,,
1490267040430,Mouse Moved,739.0,619.0,User19,,
1490267040461,Mouse Moved,740.0,619.0,User19,,
1490267040476,Mouse Moved,741.0,619.0,User19,,
1490267040509,Mouse Moved,742.0,619.0,User19,,
1490267040555,Mouse Moved,743.0,619.0,User19,,
1490267040632,Mouse Moved,744.0,619.0,User19,,
1490267040648,Mouse Moved,745.0,619.0,User19,,
1490267040664,Mouse Moved,745.0,620.0,User19,,
1490267040851,Mouse Moved,745.0,620.0,User19,,
1490267040867,Mouse Moved,743.0,620.0,User19,,
1490267040882,Mouse Moved,741.0,620.0,User19,,
1490267040898,Mouse Moved,739.0,620.0,User19,,
1490267040930,Mouse Moved,737.0,621.0,User19,,
1490267041178,Mouse Moved,737.0,621.0,User19,,
1490267041413,Mouse Moved,737.0,622.0,User19,,
1490267041428,Mouse Moved,737.0,623.0,User19,,
1490267041444,Mouse Moved,737.0,624.0,User19,,
1490267041460,Mouse Moved,737.0,625.0,User19,,
1490267041476,Mouse Moved,737.0,626.0,User19,,
1490267041490,Mouse Moved,737.0,627.0,User19,,
1490267041506,Mouse Moved,737.0,628.0,User19,,
1490267041523,Mouse Moved,737.0,629.0,User19,,
1490267041569,Mouse Moved,737.0,630.0,User19,,
1490267041663,Mouse Moved,737.0,631.0,User19,,
1490267041694,Mouse Moved,737.0,632.0,User19,,
1490267041710,Mouse Moved,737.0,633.0,User19,,
1490267041740,Mouse Moved,737.0,634.0,User19,,
1490267041756,Mouse Moved,737.0,635.0,User19,,
1490267041788,Mouse Moved,737.0,636.0,User19,,
1490267041819,Mouse Moved,737.0,638.0,User19,,
1490267041835,Mouse Moved,737.0,639.0,User19,,
1490267041897,Mouse Moved,737.0,640.0,User19,,
1490267041913,Mouse Moved,737.0,641.0,User19,,
1490267041944,Mouse Moved,737.0,642.0,User19,,
1490267041959,Mouse Moved,737.0,643.0,User19,,
1490267041974,Mouse Moved,737.0,644.0,User19,,
1490267041990,Mouse Moved,737.0,645.0,User19,,
1490267042006,Mouse Moved,737.0,646.0,User19,,
1490267042022,Mouse Moved,737.0,647.0,User19,,
1490267042036,Mouse Moved,737.0,648.0,User19,,
1490267042052,Mouse Moved,737.0,649.0,User19,,
1490267042069,Mouse Moved,737.0,650.0,User19,,
1490267042084,Mouse Moved,737.0,651.0,User19,,
1490267042099,Mouse Moved,737.0,652.0,User19,,
1490267042115,Mouse Moved,737.0,655.0,User19,,
1490267042131,Mouse Moved,737.0,656.0,User19,,
1490267042147,Mouse Moved,737.0,657.0,User19,,
1490267042161,Mouse Moved,737.0,658.0,User19,,
1490267042177,Mouse Moved,737.0,659.0,User19,,
1490267042193,Mouse Moved,737.0,660.0,User19,,
1490267042224,Mouse Moved,737.0,661.0,User19,,
1490267042240,Mouse Moved,737.0,662.0,User19,,
1490267042270,Mouse Moved,737.0,663.0,User19,,
1490267042302,Mouse Moved,737.0,664.0,User19,,
1490267042334,Mouse Moved,737.0,665.0,User19,,
1490267042348,Mouse Moved,737.0,666.0,User19,,
1490267042365,Mouse Moved,737.0,668.0,User19,,
1490267042381,Mouse Moved,737.0,670.0,User19,,
1490267042395,Mouse Moved,737.0,673.0,User19,,
1490267042411,Mouse Moved,737.0,676.0,User19,,
1490267042427,Mouse Moved,737.0,680.0,User19,,
1490267042443,Mouse Moved,737.0,682.0,User19,,
1490267042459,Mouse Moved,736.0,685.0,User19,,
1490267042473,Mouse Moved,736.0,687.0,User19,,
1490267042490,Mouse Moved,736.0,689.0,User19,,
1490267042505,Mouse Moved,736.0,691.0,User19,,
1490267042520,Mouse Moved,736.0,693.0,User19,,
1490267042536,Mouse Moved,736.0,694.0,User19,,
1490267042552,Mouse Moved,736.0,696.0,User19,,
1490267042568,Mouse Moved,736.0,697.0,User19,,
1490267042582,Mouse Moved,736.0,698.0,User19,,
1490267042598,Mouse Moved,736.0,699.0,User19,,
1490267042693,Mouse Moved,735.0,699.0,User19,,
1490267042723,Mouse Moved,735.0,699.0,User19,,
1490267042739,Mouse Button.left Released,735.0,699.0,User19,,
1490267042880,Mouse Moved,734.0,699.0,User19,,
1490267042927,Mouse Moved,733.0,699.0,User19,,
1490267042941,Mouse Moved,732.0,699.0,User19,,
1490267042957,Mouse Moved,732.0,698.0,User19,,
1490267042973,Mouse Moved,731.0,696.0,User19,,
1490267042989,Mouse Moved,729.0,695.0,User19,,
1490267043005,Mouse Moved,726.0,692.0,User19,,
1490267043019,Mouse Moved,722.0,688.0,User19,,
1490267043036,Mouse Moved,718.0,683.0,User19,,
1490267043051,Mouse Moved,714.0,680.0,User19,,
1490267043066,Mouse Moved,711.0,676.0,User19,,
1490267043082,Mouse Moved,708.0,674.0,User19,,
1490267043098,Mouse Moved,706.0,672.0,User19,,
1490267043114,Mouse Moved,706.0,670.0,User19,,
1490267043144,Mouse Moved,705.0,668.0,User19,,
1490267043161,Mouse Moved,704.0,666.0,User19,,
1490267043176,Mouse Moved,703.0,665.0,User19,,
1490267043191,Mouse Moved,703.0,664.0,User19,,
1490267043207,Mouse Moved,703.0,663.0,User19,,
1490267043223,Mouse Moved,703.0,662.0,User19,,
1490267043239,Mouse Moved,703.0,661.0,User19,,
1490267043269,Mouse Moved,703.0,660.0,User19,,
1490267043285,Mouse Moved,703.0,659.0,User19,,
1490267043362,Mouse Moved,703.0,658.0,User19,,
1490267043551,Mouse Moved,703.0,657.0,User19,,
1490267043660,Mouse Moved,702.0,657.0,User19,,
1490267043721,Mouse Moved,702.0,657.0,User19,,
1490267044081,Mouse Moved,701.0,657.0,User19,,
1490267044190,Mouse Moved,701.0,658.0,User19,,
1490267044267,Mouse Moved,701.0,659.0,User19,,
1490267044283,Mouse Moved,699.0,659.0,User19,,
1490267044315,Mouse Moved,699.0,661.0,User19,,
1490267044361,Mouse Moved,699.0,662.0,User19,,
1490267044377,Mouse Moved,699.0,663.0,User19,,
1490267044392,Mouse Moved,699.0,665.0,User19,,
1490267044408,Mouse Moved,700.0,668.0,User19,,
1490267044424,Mouse Moved,701.0,673.0,User19,,
1490267044440,Mouse Moved,702.0,677.0,User19,,
1490267044454,Mouse Moved,704.0,681.0,User19,,
1490267044470,Mouse Moved,705.0,685.0,User19,,
1490267044486,Mouse Moved,705.0,689.0,User19,,
1490267044502,Mouse Moved,706.0,693.0,User19,,
1490267044517,Mouse Moved,706.0,697.0,User19,,
1490267044532,Mouse Moved,706.0,701.0,User19,,
1490267044549,Mouse Moved,706.0,707.0,User19,,
1490267044565,Mouse Moved,706.0,710.0,User19,,
1490267044579,Mouse Moved,705.0,713.0,User19,,
1490267044595,Mouse Moved,704.0,719.0,User19,,
1490267044611,Mouse Moved,702.0,724.0,User19,,
1490267044627,Mouse Moved,698.0,729.0,User19,,
1490267044642,Mouse Moved,695.0,735.0,User19,,
1490267044657,Mouse Moved,692.0,740.0,User19,,
1490267044674,Mouse Moved,689.0,746.0,User19,,
1490267044688,Mouse Moved,685.0,752.0,User19,,
1490267044704,Mouse Moved,681.0,757.0,User19,,
1490267044720,Mouse Moved,679.0,761.0,User19,,
1490267044736,Mouse Moved,675.0,767.0,User19,,
1490267044752,Mouse Moved,671.0,772.0,User19,,
1490267044766,Mouse Moved,670.0,776.0,User19,,
1490267044782,Mouse Moved,668.0,780.0,User19,,
1490267044799,Mouse Moved,666.0,784.0,User19,,
1490267044813,Mouse Moved,665.0,788.0,User19,,
1490267044829,Mouse Moved,664.0,792.0,User19,,
1490267044845,Mouse Moved,663.0,796.0,User19,,
1490267044861,Mouse Moved,662.0,798.0,User19,,
1490267044877,Mouse Moved,662.0,801.0,User19,,
1490267044891,Mouse Moved,661.0,801.0,User19,,
1490267044907,Mouse Moved,661.0,803.0,User19,,
1490267044923,Mouse Moved,661.0,804.0,User19,,
1490267044938,Mouse Moved,660.0,806.0,User19,,
1490267044954,Mouse Moved,660.0,807.0,User19,,
1490267044970,Mouse Moved,659.0,809.0,User19,,
1490267044986,Mouse Moved,658.0,809.0,User19,,
1490267045000,Mouse Moved,658.0,812.0,User19,,
1490267045016,Mouse Moved,657.0,813.0,User19,,
1490267045048,Mouse Moved,656.0,813.0,User19,,
1490267045250,Mouse Moved,656.0,814.0,User19,,
1490267046499,Mouse Moved,656.0,814.0,User19,,
1490267046576,Mouse Moved,656.0,814.0,User19,,
1490267047279,Mouse Moved,656.0,813.0,User19,,
1490267047309,Mouse Moved,656.0,812.0,User19,,
1490267047325,Mouse Moved,656.0,811.0,User19,,
1490267047341,Mouse Moved,656.0,809.0,User19,,
1490267047357,Mouse Moved,656.0,806.0,User19,,
1490267047371,Mouse Moved,656.0,801.0,User19,,
1490267047388,Mouse Moved,657.0,795.0,User19,,
1490267047404,Mouse Moved,658.0,788.0,User19,,
1490267047418,Mouse Moved,659.0,780.0,User19,,
1490267047434,Mouse Moved,662.0,771.0,User19,,
1490267047450,Mouse Moved,663.0,761.0,User19,,
1490267047466,Mouse Moved,666.0,750.0,User19,,
1490267047482,Mouse Moved,669.0,734.0,User19,,
1490267047496,Mouse Moved,673.0,719.0,User19,,
1490267047513,Mouse Moved,679.0,700.0,User19,,
1490267047528,Mouse Moved,685.0,676.0,User19,,
1490267047543,Mouse Moved,696.0,649.0,User19,,
1490267047559,Mouse Moved,703.0,625.0,User19,,
1490267047575,Mouse Moved,712.0,602.0,User19,,
1490267047591,Mouse Moved,720.0,584.0,User19,,
1490267047605,Mouse Moved,727.0,566.0,User19,,
1490267047621,Mouse Moved,732.0,553.0,User19,,
1490267047638,Mouse Moved,736.0,542.0,User19,,
1490267047653,Mouse Moved,741.0,532.0,User19,,
1490267047668,Mouse Moved,745.0,525.0,User19,,
1490267047684,Mouse Moved,749.0,517.0,User19,,
1490267047700,Mouse Moved,755.0,509.0,User19,,
1490267047716,Mouse Moved,759.0,503.0,User19,,
1490267047730,Mouse Moved,764.0,498.0,User19,,
1490267047746,Mouse Moved,768.0,492.0,User19,,
1490267047762,Mouse Moved,771.0,491.0,User19,,
1490267047778,Mouse Moved,771.0,489.0,User19,,
1490267048885,Mouse Moved,771.0,490.0,User19,,
1490267048901,Mouse Moved,770.0,490.0,User19,,
1490267048917,Mouse Moved,768.0,491.0,User19,,
1490267048931,Mouse Moved,767.0,494.0,User19,,
1490267048947,Mouse Moved,765.0,496.0,User19,,
1490267048963,Mouse Moved,763.0,497.0,User19,,
1490267048994,Mouse Moved,762.0,498.0,User19,,
1490267049009,Mouse Moved,762.0,499.0,User19,,
1490267049088,Mouse Moved,762.0,499.0,User19,,
1490267049213,Mouse Moved,762.0,499.0,User19,,
1490267049618,Mouse Moved,761.0,499.0,User19,,
1490267049634,Mouse Moved,761.0,500.0,User19,,
1490267049650,Mouse Moved,758.0,503.0,User19,,
1490267049665,Mouse Moved,754.0,507.0,User19,,
1490267049680,Mouse Moved,749.0,511.0,User19,,
1490267049697,Mouse Moved,745.0,515.0,User19,,
1490267049711,Mouse Moved,739.0,520.0,User19,,
1490267049727,Mouse Moved,732.0,527.0,User19,,
1490267049743,Mouse Moved,722.0,535.0,User19,,
1490267049759,Mouse Moved,711.0,544.0,User19,,
1490267049775,Mouse Moved,696.0,555.0,User19,,
1490267049789,Mouse Moved,679.0,568.0,User19,,
1490267049805,Mouse Moved,657.0,582.0,User19,,
1490267049822,Mouse Moved,639.0,594.0,User19,,
1490267049836,Mouse Moved,619.0,606.0,User19,,
1490267049852,Mouse Moved,601.0,617.0,User19,,
1490267049868,Mouse Moved,583.0,626.0,User19,,
1490267049884,Mouse Moved,559.0,639.0,User19,,
1490267049900,Mouse Moved,507.0,658.0,User19,,
1490267049914,Mouse Moved,506.0,658.0,User19,,
1490267049930,Mouse Moved,504.0,658.0,User19,,
1490267049946,Mouse Moved,502.0,658.0,User19,,
1490267049961,Mouse Moved,500.0,658.0,User19,,
1490267049977,Mouse Moved,498.0,658.0,User19,,
1490267049993,Mouse Moved,495.0,658.0,User19,,
1490267050009,Mouse Moved,488.0,657.0,User19,,
1490267050023,Mouse Moved,484.0,656.0,User19,,
1490267050039,Mouse Moved,477.0,654.0,User19,,
1490267050055,Mouse Moved,469.0,652.0,User19,,
1490267050071,Mouse Moved,464.0,648.0,User19,,
1490267050086,Mouse Moved,458.0,645.0,User19,,
1490267050101,Mouse Moved,454.0,643.0,User19,,
1490267050118,Mouse Moved,450.0,641.0,User19,,
1490267050134,Mouse Moved,449.0,639.0,User19,,
1490267050148,Mouse Moved,445.0,637.0,User19,,
1490267050196,Mouse Moved,443.0,636.0,User19,,
1490267050211,Mouse Moved,443.0,635.0,User19,,
1490267050226,Mouse Moved,443.0,633.0,User19,,
1490267050243,Mouse Moved,443.0,632.0,User19,,
1490267050257,Mouse Moved,443.0,631.0,User19,,
1490267050273,Mouse Moved,448.0,628.0,User19,,
1490267050289,Mouse Moved,455.0,626.0,User19,,
1490267050305,Mouse Moved,464.0,625.0,User19,,
1490267050321,Mouse Moved,473.0,624.0,User19,,
1490267050335,Mouse Moved,485.0,623.0,User19,,
1490267050351,Mouse Moved,498.0,622.0,User19,,
1490267050368,Mouse Moved,509.0,622.0,User19,,
1490267050382,Mouse Moved,519.0,621.0,User19,,
1490267050398,Mouse Moved,530.0,621.0,User19,,
1490267050414,Mouse Moved,539.0,621.0,User19,,
1490267050430,Mouse Moved,545.0,622.0,User19,,
1490267050492,Mouse Moved,545.0,622.0,User19,,
1490267050944,Mouse Moved,546.0,622.0,User19,,
1490267050960,Mouse Moved,547.0,622.0,User19,,
1490267050976,Mouse Moved,550.0,619.0,User19,,
1490267050992,Mouse Moved,555.0,617.0,User19,,
1490267051006,Mouse Moved,565.0,612.0,User19,,
1490267051023,Mouse Moved,574.0,607.0,User19,,
1490267051038,Mouse Moved,584.0,603.0,User19,,
1490267051053,Mouse Moved,596.0,599.0,User19,,
1490267051069,Mouse Moved,611.0,594.0,User19,,
1490267051085,Mouse Moved,626.0,590.0,User19,,
1490267051101,Mouse Moved,642.0,585.0,User19,,
1490267051115,Mouse Moved,655.0,580.0,User19,,
1490267051131,Mouse Moved,666.0,577.0,User19,,
1490267051148,Mouse Moved,678.0,574.0,User19,,
1490267051163,Mouse Moved,690.0,570.0,User19,,
1490267051272,Mouse Moved,697.0,569.0,User19,,
1490267051288,Mouse Moved,697.0,570.0,User19,,
1490267051303,Mouse Moved,697.0,573.0,User19,,
1490267051319,Mouse Moved,697.0,577.0,User19,,
1490267051335,Mouse Moved,697.0,582.0,User19,,
1490267051349,Mouse Moved,697.0,588.0,User19,,
1490267051365,Mouse Moved,697.0,596.0,User19,,
1490267051381,Mouse Moved,697.0,605.0,User19,,
1490267051397,Mouse Moved,699.0,613.0,User19,,
1490267051413,Mouse Moved,703.0,620.0,User19,,
1490267051427,Mouse Moved,708.0,626.0,User19,,
1490267051444,Mouse Moved,711.0,630.0,User19,,
1490267051460,Mouse Moved,714.0,632.0,User19,,
1490267051474,Mouse Moved,715.0,634.0,User19,,
1490267051490,Mouse Moved,717.0,634.0,User19,,
1490267051506,Mouse Moved,718.0,634.0,User19,,
1490267051522,Mouse Moved,720.0,634.0,User19,,
1490267051538,Mouse Moved,721.0,634.0,User19,,
1490267051552,Mouse Moved,725.0,634.0,User19,,
1490267051569,Mouse Moved,728.0,633.0,User19,,
1490267051584,Mouse Moved,732.0,631.0,User19,,
1490267051599,Mouse Moved,734.0,631.0,User19,,
1490267051615,Mouse Moved,737.0,629.0,User19,,
1490267051631,Mouse Moved,738.0,629.0,User19,,
1490267051661,Mouse Moved,739.0,627.0,User19,,
1490267051709,Mouse Moved,740.0,626.0,User19,,
1490267051818,Mouse Moved,740.0,626.0,User19,,
1490267051895,Mouse Moved,740.0,627.0,User19,,
1490267051911,Mouse Moved,740.0,628.0,User19,,
1490267051943,Mouse Moved,740.0,629.0,User19,,
1490267051959,Mouse Moved,740.0,630.0,User19,,
1490267051973,Mouse Button.left Released,740.0,630.0,User19,,
1490267052130,Mouse Moved,739.0,630.0,User19,,
1490267052161,Mouse Moved,738.0,631.0,User19,,
1490267052177,Mouse Moved,737.0,631.0,User19,,
1490267052193,Mouse Moved,736.0,632.0,User19,,
1490267052207,Mouse Moved,736.0,633.0,User19,,
1490267052223,Mouse Moved,733.0,635.0,User19,,
1490267052240,Mouse Moved,732.0,638.0,User19,,
1490267052255,Mouse Moved,731.0,639.0,User19,,
1490267052270,Mouse Moved,729.0,641.0,User19,,
1490267052286,Mouse Moved,728.0,643.0,User19,,
1490267052302,Mouse Moved,727.0,646.0,User19,,
1490267052318,Mouse Moved,725.0,649.0,User19,,
1490267052332,Mouse Moved,724.0,652.0,User19,,
1490267052348,Mouse Moved,723.0,655.0,User19,,
1490267052364,Mouse Moved,722.0,657.0,User19,,
1490267052380,Mouse Moved,721.0,661.0,User19,,
1490267052395,Mouse Moved,720.0,665.0,User19,,
1490267052411,Mouse Moved,719.0,670.0,User19,,
1490267052427,Mouse Moved,717.0,676.0,User19,,
1490267052441,Mouse Moved,716.0,680.0,User19,,
1490267052457,Mouse Moved,715.0,684.0,User19,,
1490267052473,Mouse Moved,714.0,688.0,User19,,
1490267052489,Mouse Moved,713.0,691.0,User19,,
1490267052505,Mouse Moved,712.0,694.0,User19,,
1490267052519,Mouse Moved,711.0,697.0,User19,,
1490267052536,Mouse Moved,710.0,700.0,User19,,
1490267052552,Mouse Moved,709.0,704.0,User19,,
1490267052566,Mouse Moved,709.0,707.0,User19,,
1490267052582,Mouse Moved,708.0,709.0,User19,,
1490267052598,Mouse Moved,708.0,711.0,User19,,
1490267052614,Mouse Moved,707.0,713.0,User19,,
1490267052630,Mouse Moved,707.0,715.0,User19,,
1490267052644,Mouse Moved,706.0,716.0,User19,,
1490267052661,Mouse Moved,706.0,717.0,User19,,
1490267052676,Mouse Moved,706.0,718.0,User19,,
1490267052707,Mouse Moved,705.0,718.0,User19,,
1490267052753,Mouse Moved,704.0,718.0,User19,,
1490267052864,Mouse Moved,703.0,718.0,User19,,
1490267052894,Mouse Moved,702.0,718.0,User19,,
1490267052910,Mouse Moved,702.0,716.0,User19,,
1490267052926,Mouse Moved,701.0,715.0,User19,,
1490267052941,Mouse Moved,700.0,715.0,User19,,
1490267052957,Mouse Moved,700.0,714.0,User19,,
1490267052973,Mouse Moved,700.0,713.0,User19,,
1490267052987,Mouse Moved,699.0,713.0,User19,,
1490267053003,Mouse Moved,699.0,712.0,User19,,
1490267053019,Mouse Moved,699.0,711.0,User19,,
1490267053035,Mouse Moved,698.0,711.0,User19,,
1490267053051,Mouse Moved,698.0,709.0,User19,,
1490267053065,Mouse Moved,698.0,708.0,User19,,
1490267053082,Mouse Moved,697.0,706.0,User19,,
1490267053098,Mouse Moved,697.0,704.0,User19,,
1490267053112,Mouse Moved,696.0,702.0,User19,,
1490267053128,Mouse Moved,696.0,700.0,User19,,
1490267053144,Mouse Moved,696.0,696.0,User19,,
1490267053160,Mouse Moved,696.0,694.0,User19,,
1490267053176,Mouse Moved,696.0,691.0,User19,,
1490267053190,Mouse Moved,697.0,688.0,User19,,
1490267053207,Mouse Moved,697.0,685.0,User19,,
1490267053221,Mouse Moved,699.0,681.0,User19,,
1490267053237,Mouse Moved,699.0,679.0,User19,,
1490267053253,Mouse Moved,700.0,677.0,User19,,
1490267053269,Mouse Moved,701.0,674.0,User19,,
1490267053285,Mouse Moved,702.0,672.0,User19,,
1490267053299,Mouse Moved,703.0,670.0,User19,,
1490267053315,Mouse Moved,704.0,669.0,User19,,
1490267053332,Mouse Moved,705.0,666.0,User19,,
1490267053346,Mouse Moved,705.0,665.0,User19,,
1490267053362,Mouse Moved,705.0,664.0,User19,,
1490267053378,Mouse Moved,706.0,664.0,User19,,
1490267053394,Mouse Moved,706.0,663.0,User19,,
1490267053410,Mouse Moved,706.0,662.0,User19,,
1490267053424,Mouse Moved,706.0,661.0,User19,,
1490267053440,Mouse Moved,706.0,660.0,User19,,
1490267053456,Mouse Moved,706.0,659.0,User19,,
1490267053519,Mouse Moved,706.0,657.0,User19,,
1490267053533,Mouse Moved,706.0,656.0,User19,,
1490267053581,Mouse Moved,706.0,655.0,User19,,
1490267053644,Mouse Moved,706.0,654.0,User19,,
1490267053783,Mouse Moved,706.0,653.0,User19,,
1490267053815,Mouse Moved,705.0,653.0,User19,,
1490267053892,Mouse Moved,704.0,653.0,User19,,
1490267054033,Mouse Moved,704.0,653.0,User19,,
1490267054127,Mouse Moved,704.0,653.0,User19,,
1490267054204,Mouse Moved,703.0,653.0,User19,,
1490267054267,Mouse Moved,702.0,653.0,User19,,
1490267054282,Mouse Moved,702.0,654.0,User19,,
1490267054299,Mouse Moved,701.0,655.0,User19,,
1490267054313,Mouse Moved,701.0,656.0,User19,,
1490267054329,Mouse Moved,699.0,658.0,User19,,
1490267054345,Mouse Moved,697.0,663.0,User19,,
1490267054361,Mouse Moved,694.0,668.0,User19,,
1490267054377,Mouse Moved,690.0,677.0,User19,,
1490267054391,Mouse Moved,685.0,686.0,User19,,
1490267054407,Mouse Moved,681.0,693.0,User19,,
1490267054424,Mouse Moved,679.0,701.0,User19,,
1490267054438,Mouse Moved,676.0,709.0,User19,,
1490267054454,Mouse Moved,673.0,718.0,User19,,
1490267054470,Mouse Moved,670.0,725.0,User19,,
1490267054486,Mouse Moved,666.0,733.0,User19,,
1490267054502,Mouse Moved,664.0,743.0,User19,,
1490267054516,Mouse Moved,660.0,752.0,User19,,
1490267054532,Mouse Moved,658.0,760.0,User19,,
1490267054548,Mouse Moved,655.0,768.0,User19,,
1490267054563,Mouse Moved,652.0,774.0,User19,,
1490267054579,Mouse Moved,651.0,780.0,User19,,
1490267054595,Mouse Moved,649.0,782.0,User19,,
1490267054611,Mouse Moved,649.0,785.0,User19,,
1490267054625,Mouse Moved,647.0,787.0,User19,,
1490267054641,Mouse Moved,646.0,791.0,User19,,
1490267054657,Mouse Moved,646.0,794.0,User19,,
1490267054673,Mouse Moved,645.0,797.0,User19,,
1490267054688,Mouse Moved,643.0,799.0,User19,,
1490267054703,Mouse Moved,643.0,802.0,User19,,
1490267054720,Mouse Moved,642.0,805.0,User19,,
1490267054736,Mouse Moved,642.0,808.0,User19,,
1490267054766,Mouse Moved,642.0,809.0,User19,,
1490267054798,Mouse Moved,642.0,811.0,User19,,
1490267054813,Mouse Moved,642.0,812.0,User19,,
1490267054828,Mouse Moved,642.0,813.0,User19,,
1490267054845,Mouse Moved,641.0,813.0,User19,,
1490267054859,Mouse Moved,641.0,814.0,User19,,
1490267054907,Mouse Moved,641.0,815.0,User19,,
1490267055219,Mouse Moved,641.0,815.0,User19,,
1490267055312,Mouse Moved,641.0,815.0,User19,,
1490267055578,Mouse Moved,641.0,814.0,User19,,
1490267055592,Mouse Moved,641.0,810.0,User19,,
1490267055608,Mouse Moved,642.0,808.0,User19,,
1490267055625,Mouse Moved,645.0,802.0,User19,,
1490267055640,Mouse Moved,649.0,794.0,User19,,
1490267055655,Mouse Moved,655.0,785.0,User19,,
1490267055671,Mouse Moved,660.0,778.0,User19,,
1490267055687,Mouse Moved,667.0,768.0,User19,,
1490267055703,Mouse Moved,672.0,759.0,User19,,
1490267055717,Mouse Moved,678.0,750.0,User19,,
1490267055733,Mouse Moved,685.0,741.0,User19,,
1490267055749,Mouse Moved,691.0,733.0,User19,,
1490267055765,Mouse Moved,697.0,725.0,User19,,
1490267055780,Mouse Moved,705.0,713.0,User19,,
1490267055796,Mouse Moved,714.0,699.0,User19,,
1490267055812,Mouse Moved,721.0,688.0,User19,,
1490267055826,Mouse Moved,727.0,678.0,User19,,
1490267055842,Mouse Moved,732.0,667.0,User19,,
1490267055858,Mouse Moved,737.0,657.0,User19,,
1490267055874,Mouse Moved,743.0,645.0,User19,,
1490267055890,Mouse Moved,748.0,634.0,User19,,
1490267055904,Mouse Moved,753.0,621.0,User19,,
1490267055921,Mouse Moved,756.0,610.0,User19,,
1490267055937,Mouse Moved,759.0,600.0,User19,,
1490267055951,Mouse Moved,761.0,593.0,User19,,
1490267055967,Mouse Moved,762.0,584.0,User19,,
1490267055983,Mouse Moved,764.0,575.0,User19,,
1490267055999,Mouse Moved,766.0,567.0,User19,,
1490267056015,Mouse Moved,768.0,558.0,User19,,
1490267056029,Mouse Moved,770.0,549.0,User19,,
1490267056046,Mouse Moved,771.0,541.0,User19,,
1490267056061,Mouse Moved,772.0,538.0,User19,,
1490267056076,Mouse Moved,772.0,537.0,User19,,
1490267056108,Mouse Moved,772.0,536.0,User19,,
1490267056154,Mouse Moved,772.0,535.0,User19,,
1490267056171,Mouse Moved,773.0,534.0,User19,,
1490267056186,Mouse Moved,773.0,532.0,User19,,
1490267056201,Mouse Moved,774.0,531.0,User19,,
1490267056217,Mouse Moved,775.0,529.0,User19,,
1490267056358,Mouse Moved,774.0,528.0,User19,,
1490267056372,Mouse Moved,774.0,529.0,User19,,
1490267056388,Mouse Moved,772.0,531.0,User19,,
1490267056404,Mouse Moved,770.0,532.0,User19,,
1490267056420,Mouse Moved,769.0,534.0,User19,,
1490267056436,Mouse Moved,767.0,535.0,User19,,
1490267056450,Mouse Moved,766.0,536.0,User19,,
1490267056467,Mouse Moved,764.0,538.0,User19,,
1490267056483,Mouse Moved,763.0,539.0,User19,,
1490267056575,Mouse Moved,763.0,539.0,User19,,
1490267056592,Mouse Button.left Pressed,763.0,539.0,User19,,
1490267056622,Mouse Moved,763.0,539.0,User19,,
1490267056638,Mouse Button.left Released,763.0,539.0,User19,,
1490267056888,Mouse Moved,763.0,540.0,User19,,
1490267056904,Mouse Moved,762.0,541.0,User19,,
1490267056918,Mouse Moved,760.0,542.0,User19,,
1490267056934,Mouse Moved,759.0,543.0,User19,,
1490267056950,Mouse Moved,758.0,546.0,User19,,
1490267056966,Mouse Moved,756.0,548.0,User19,,
1490267056982,Mouse Moved,753.0,550.0,User19,,
1490267056996,Mouse Moved,751.0,553.0,User19,,
1490267057013,Mouse Moved,748.0,556.0,User19,,
1490267057029,Mouse Moved,744.0,561.0,User19,,
1490267057043,Mouse Moved,739.0,567.0,User19,,
1490267057059,Mouse Moved,734.0,573.0,User19,,
1490267057075,Mouse Moved,728.0,580.0,User19,,
1490267057091,Mouse Moved,720.0,588.0,User19,,
1490267057107,Mouse Moved,713.0,595.0,User19,,
1490267057121,Mouse Moved,705.0,603.0,User19,,
1490267057138,Mouse Moved,696.0,610.0,User19,,
1490267057153,Mouse Moved,689.0,616.0,User19,,
1490267057168,Mouse Moved,681.0,622.0,User19,,
1490267057184,Mouse Moved,671.0,629.0,User19,,
1490267057200,Mouse Moved,662.0,633.0,User19,,
1490267057216,Mouse Moved,656.0,637.0,User19,,
1490267057230,Mouse Moved,649.0,639.0,User19,,
1490267057246,Mouse Moved,640.0,641.0,User19,,
1490267057263,Mouse Moved,632.0,642.0,User19,,
1490267057278,Mouse Moved,625.0,642.0,User19,,
1490267057293,Mouse Moved,619.0,642.0,User19,,
1490267057309,Mouse Moved,610.0,642.0,User19,,
1490267057325,Mouse Moved,601.0,642.0,User19,,
1490267057341,Mouse Moved,590.0,642.0,User19,,
1490267057355,Mouse Moved,578.0,642.0,User19,,
1490267057371,Mouse Moved,567.0,642.0,User19,,
1490267057387,Mouse Moved,557.0,641.0,User19,,
1490267057403,Mouse Moved,541.0,640.0,User19,,
1490267057418,Mouse Moved,536.0,640.0,User19,,
1490267057434,Mouse Moved,533.0,640.0,User19,,
1490267057450,Mouse Moved,530.0,640.0,User19,,
1490267057464,Mouse Moved,529.0,640.0,User19,,
1490267057528,Mouse Moved,529.0,640.0,User19,,
1490267057542,Mouse Moved,527.0,640.0,User19,,
1490267057762,Mouse Moved,526.0,640.0,User19,,
1490267057792,Mouse Moved,526.0,641.0,User19,,
1490267057839,Mouse Moved,527.0,641.0,User19,,
1490267057855,Mouse Moved,528.0,641.0,User19,,
1490267057871,Mouse Moved,530.0,642.0,User19,,
1490267057887,Mouse Moved,531.0,642.0,User19,,
1490267057901,Mouse Moved,537.0,643.0,User19,,
1490267057917,Mouse Moved,544.0,644.0,User19,,
1490267057933,Mouse Moved,554.0,644.0,User19,,
1490267057948,Mouse Moved,561.0,645.0,User19,,
1490267057964,Mouse Moved,573.0,645.0,User19,,
1490267057980,Mouse Moved,583.0,645.0,User19,,
1490267057996,Mouse Moved,597.0,644.0,User19,,
1490267058010,Mouse Moved,610.0,642.0,User19,,
1490267058026,Mouse Moved,621.0,640.0,User19,,
1490267058042,Mouse Moved,631.0,639.0,User19,,
1490267058058,Mouse Moved,640.0,637.0,User19,,
1490267058073,Mouse Moved,650.0,636.0,User19,,
1490267058088,Mouse Moved,672.0,630.0,User19,,
1490267058105,Mouse Moved,709.0,618.0,User19,,
1490267058121,Mouse Moved,717.0,616.0,User19,,
1490267058135,Mouse Moved,723.0,615.0,User19,,
1490267058151,Mouse Moved,727.0,613.0,User19,,
1490267058167,Mouse Moved,728.0,612.0,User19,,
1490267058183,Mouse Moved,732.0,611.0,User19,,
1490267058198,Mouse Moved,734.0,610.0,User19,,
1490267058213,Mouse Moved,736.0,608.0,User19,,
1490267058230,Mouse Moved,738.0,608.0,User19,,
1490267058244,Mouse Moved,738.0,607.0,User19,,
1490267058433,Mouse Moved,739.0,607.0,User19,,
1490267058447,Mouse Moved,739.0,608.0,User19,,
1490267058479,Mouse Moved,737.0,609.0,User19,,
1490267058494,Mouse Moved,735.0,612.0,User19,,
1490267058510,Mouse Moved,734.0,614.0,User19,,
1490267058526,Mouse Moved,733.0,614.0,User19,,
1490267058542,Mouse Moved,733.0,615.0,User19,,
1490267058556,Mouse Moved,732.0,617.0,User19,,
1490267058572,Mouse Moved,732.0,619.0,User19,,
1490267058588,Mouse Moved,732.0,621.0,User19,,
1490267058604,Mouse Moved,732.0,624.0,User19,,
1490267058619,Mouse Moved,732.0,628.0,User19,,
1490267058634,Mouse Moved,732.0,632.0,User19,,
1490267058651,Mouse Moved,732.0,637.0,User19,,
1490267058667,Mouse Moved,732.0,643.0,User19,,
1490267058681,Mouse Moved,732.0,649.0,User19,,
1490267058697,Mouse Moved,732.0,656.0,User19,,
1490267058713,Mouse Moved,732.0,663.0,User19,,
1490267058729,Mouse Moved,732.0,670.0,User19,,
1490267058744,Mouse Moved,732.0,677.0,User19,,
1490267058759,Mouse Moved,732.0,682.0,User19,,
1490267058776,Mouse Moved,732.0,688.0,User19,,
1490267058790,Mouse Moved,732.0,694.0,User19,,
1490267058806,Mouse Moved,732.0,698.0,User19,,
1490267058822,Mouse Moved,731.0,703.0,User19,,
1490267058838,Mouse Moved,731.0,706.0,User19,,
1490267058854,Mouse Moved,731.0,709.0,User19,,
1490267058868,Mouse Moved,730.0,710.0,User19,,
1490267058884,Mouse Moved,730.0,712.0,User19,,
1490267058901,Mouse Moved,730.0,713.0,User19,,
1490267058915,Mouse Moved,730.0,714.0,User19,,
1490267058931,Mouse Moved,730.0,715.0,User19,,
1490267058963,Mouse Moved,729.0,715.0,User19,,
1490267058979,Mouse Moved,729.0,715.0,User19,,
1490267058993,Mouse Moved,728.0,715.0,User19,,
1490267059009,Mouse Moved,728.0,716.0,User19,,
1490267059088,Mouse Moved,727.0,716.0,User19,,
1490267059180,Mouse Moved,726.0,716.0,User19,,
1490267059197,Mouse Moved,725.0,715.0,User19,,
1490267059213,Mouse Moved,723.0,714.0,User19,,
1490267059227,Mouse Moved,722.0,713.0,User19,,
1490267059243,Mouse Moved,719.0,712.0,User19,,
1490267059259,Mouse Moved,717.0,711.0,User19,,
1490267059275,Mouse Moved,715.0,710.0,User19,,
1490267059290,Mouse Moved,714.0,709.0,User19,,
1490267059368,Mouse Moved,713.0,709.0,User19,,
1490267059384,Mouse Moved,712.0,709.0,User19,,
1490267059400,Mouse Moved,712.0,708.0,User19,,
1490267059414,Mouse Moved,712.0,705.0,User19,,
1490267059430,Mouse Moved,711.0,703.0,User19,,
1490267059447,Mouse Moved,711.0,701.0,User19,,
1490267059461,Mouse Moved,711.0,700.0,User19,,
1490267059477,Mouse Moved,711.0,698.0,User19,,
1490267059493,Mouse Moved,711.0,695.0,User19,,
1490267059509,Mouse Moved,711.0,693.0,User19,,
1490267059525,Mouse Moved,711.0,691.0,User19,,
1490267059539,Mouse Moved,711.0,688.0,User19,,
1490267059555,Mouse Moved,713.0,686.0,User19,,
1490267059571,Mouse Moved,713.0,683.0,User19,,
1490267059586,Mouse Moved,713.0,681.0,User19,,
1490267059602,Mouse Moved,714.0,680.0,User19,,
1490267059618,Mouse Moved,714.0,678.0,User19,,
1490267059634,Mouse Moved,714.0,676.0,User19,,
1490267059648,Mouse Moved,715.0,675.0,User19,,
1490267059664,Mouse Moved,715.0,673.0,User19,,
1490267059680,Mouse Moved,715.0,672.0,User19,,
1490267059696,Mouse Moved,715.0,671.0,User19,,
1490267059711,Mouse Moved,715.0,669.0,User19,,
1490267059726,Mouse Moved,715.0,667.0,User19,,
1490267059743,Mouse Moved,715.0,666.0,User19,,
1490267059759,Mouse Moved,715.0,665.0,User19,,
1490267059789,Mouse Moved,715.0,664.0,User19,,
1490267059821,Mouse Moved,715.0,663.0,User19,,
1490267059836,Mouse Moved,714.0,663.0,User19,,
1490267059851,Mouse Moved,713.0,662.0,User19,,
1490267059868,Mouse Moved,711.0,661.0,User19,,
1490267059882,Mouse Moved,709.0,660.0,User19,,
1490267059898,Mouse Moved,708.0,659.0,User19,,
1490267059914,Mouse Moved,707.0,658.0,User19,,
1490267059946,Mouse Moved,705.0,657.0,User19,,
1490267059960,Mouse Moved,704.0,657.0,User19,,
1490267059976,Mouse Moved,703.0,657.0,User19,,
1490267060007,Mouse Moved,702.0,656.0,User19,,
1490267060055,Mouse Moved,701.0,655.0,User19,,
1490267060071,Mouse Moved,701.0,654.0,User19,,
1490267060085,Mouse Moved,701.0,653.0,User19,,
1490267060164,Mouse Moved,701.0,653.0,User19,,
1490267060257,Mouse Moved,700.0,653.0,User19,,
1490267060273,Mouse Moved,699.0,654.0,User19,,
1490267060289,Mouse Moved,699.0,655.0,User19,,
1490267060305,Mouse Moved,698.0,656.0,User19,,
1490267060319,Mouse Moved,697.0,657.0,User19,,
1490267060335,Mouse Moved,696.0,659.0,User19,,
1490267060351,Mouse Moved,694.0,662.0,User19,,
1490267060367,Mouse Moved,691.0,665.0,User19,,
1490267060382,Mouse Moved,689.0,670.0,User19,,
1490267060398,Mouse Moved,687.0,674.0,User19,,
1490267060414,Mouse Moved,683.0,681.0,User19,,
1490267060428,Mouse Moved,681.0,687.0,User19,,
1490267060444,Mouse Moved,679.0,692.0,User19,,
1490267060460,Mouse Moved,678.0,697.0,User19,,
1490267060476,Mouse Moved,677.0,703.0,User19,,
1490267060492,Mouse Moved,677.0,707.0,User19,,
1490267060506,Mouse Moved,675.0,711.0,User19,,
1490267060523,Mouse Moved,674.0,716.0,User19,,
1490267060539,Mouse Moved,673.0,722.0,User19,,
1490267060553,Mouse Moved,671.0,727.0,User19,,
1490267060569,Mouse Moved,669.0,733.0,User19,,
1490267060585,Mouse Moved,667.0,742.0,User19,,
1490267060601,Mouse Moved,663.0,750.0,User19,,
1490267060617,Mouse Moved,660.0,759.0,User19,,
1490267060631,Mouse Moved,658.0,764.0,User19,,
1490267060648,Mouse Moved,657.0,772.0,User19,,
1490267060663,Mouse Moved,656.0,782.0,User19,,
1490267060678,Mouse Moved,655.0,791.0,User19,,
1490267060694,Mouse Moved,655.0,801.0,User19,,
1490267060710,Mouse Moved,655.0,804.0,User19,,
1490267060726,Mouse Moved,655.0,807.0,User19,,
1490267060819,Mouse Moved,655.0,809.0,User19,,
1490267061052,Mouse Moved,656.0,808.0,User19,,
1490267061069,Mouse Moved,658.0,806.0,User19,,
1490267061085,Mouse Moved,664.0,804.0,User19,,
1490267061099,Mouse Moved,672.0,800.0,User19,,
1490267061115,Mouse Moved,681.0,795.0,User19,,
1490267061131,Mouse Moved,690.0,791.0,User19,,
1490267061147,Mouse Moved,702.0,785.0,User19,,
1490267061163,Mouse Moved,714.0,780.0,User19,,
1490267061177,Mouse Moved,725.0,776.0,User19,,
1490267061194,Mouse Moved,734.0,771.0,User19,,
1490267061209,Mouse Moved,736.0,771.0,User19,,
1490267061224,Mouse Moved,744.0,768.0,User19,,
1490267061240,Mouse Moved,755.0,764.0,User19,,
1490267061256,Mouse Moved,766.0,760.0,User19,,
1490267061272,Mouse Moved,771.0,757.0,User19,,
1490267061286,Mouse Moved,774.0,757.0,User19,,
1490267061302,Mouse Moved,778.0,754.0,User19,,
1490267061443,Mouse Moved,778.0,754.0,User19,,
1490267061552,Mouse Moved,778.0,754.0,User19,,
1490267061740,Mouse Moved,778.0,753.0,User19,,
1490267061755,Mouse Moved,778.0,752.0,User19,,
1490267061770,Mouse Moved,779.0,751.0,User19,,
1490267061786,Mouse Moved,781.0,748.0,User19,,
1490267061802,Mouse Moved,782.0,746.0,User19,,
1490267061818,Mouse Moved,784.0,745.0,User19,,
1490267061832,Mouse Moved,784.0,745.0,User19,,
1490267061927,Mouse Moved,784.0,745.0,User19,,
1490267061943,Mouse Button.left Released,784.0,745.0,User19,,
1490267062161,Mouse Moved,783.0,745.0,User19,,
1490267062177,Mouse Moved,783.0,744.0,User19,,
1490267062191,Mouse Moved,782.0,744.0,User19,,
1490267062207,Mouse Moved,777.0,744.0,User19,,
1490267062223,Mouse Moved,774.0,743.0,User19,,
1490267062269,Mouse Moved,771.0,741.0,User19,,
1490267062301,Mouse Moved,771.0,740.0,User19,,
1490267062316,Mouse Moved,776.0,739.0,User19,,
1490267062332,Mouse Moved,782.0,737.0,User19,,
1490267062348,Mouse Moved,790.0,737.0,User19,,
1490267062364,Mouse Moved,806.0,737.0,User19,,
1490267062378,Mouse Moved,822.0,737.0,User19,,
1490267062394,Mouse Moved,849.0,739.0,User19,,
1490267062411,Mouse Moved,887.0,743.0,User19,,
1490267062426,Mouse Moved,937.0,746.0,User19,,
1490267062441,Mouse Moved,995.0,751.0,User19,,
1490267062457,Mouse Moved,1054.0,754.0,User19,,
1490267062473,Mouse Moved,1108.0,759.0,User19,,
1490267062489,Mouse Moved,1159.0,764.0,User19,,
1490267062503,Mouse Moved,1206.0,768.0,User19,,
1490267062519,Mouse Moved,1250.0,772.0,User19,,
1490267062535,Mouse Moved,1285.0,775.0,User19,,
1490267062551,Mouse Moved,1312.0,777.0,User19,,
1490267062566,Mouse Moved,1332.0,780.0,User19,,
1490267062582,Mouse Moved,1347.0,781.0,User19,,
1490267062598,Mouse Moved,1358.0,782.0,User19,,
1490267062723,Mouse Moved,1359.0,781.0,User19,,
1490267062737,Mouse Moved,1359.0,779.0,User19,,
1490267062753,Mouse Moved,1359.0,777.0,User19,,
1490267062785,Mouse Moved,1359.0,774.0,User19,,
1490267062801,Mouse Moved,1359.0,770.0,User19,,
1490267062815,Mouse Moved,1359.0,769.0,User19,,
1490267062832,Mouse Moved,1359.0,768.0,User19,,
1490267062910,Mouse Moved,1359.0,766.0,User19,,
1490267062924,Mouse Moved,1359.0,765.0,User19,,
1490267062940,Mouse Moved,1359.0,764.0,User19,,
1490267062956,Mouse Moved,1358.0,762.0,User19,,
1490267062971,Mouse Moved,1358.0,759.0,User19,,
1490267062987,Mouse Moved,1357.0,758.0,User19,,
1490267063019,Mouse Moved,1356.0,758.0,User19,,
1490267065312,Mouse Moved,1355.0,758.0,User19,2560.0,1355.0
1490267065342,Mouse Moved,1354.0,758.0,User19,,
1490267066138,Mouse Moved,1353.0,758.0,User19,,
1490267066154,Mouse Moved,1352.0,758.0,User19,,
1490267066170,Mouse Moved,1351.0,758.0,User19,,
1490267066186,Mouse Moved,1350.0,758.0,User19,,
1490267066200,Mouse Moved,1349.0,758.0,User19,,
1490267066217,Mouse Moved,1348.0,758.0,User19,,
1490267066232,Mouse Moved,1347.0,758.0,User19,,
1490267066279,Mouse Moved,1346.0,758.0,User19,,
1490267066404,Mouse Moved,1345.0,758.0,User19,,
1490267066466,Mouse Moved,1344.0,758.0,User19,,
1490267066529,Mouse Moved,1343.0,758.0,User19,,
1490267066763,Mouse Moved,1342.0,758.0,User19,,
1490267068838,Mouse Moved,1341.0,758.0,User19,,
1490267068852,Mouse Moved,1340.0,758.0,User19,,
1490267068868,Mouse Moved,1339.0,758.0,User19,,
1490267068884,Mouse Moved,1339.0,759.0,User19,,
1490267068900,Mouse Moved,1338.0,760.0,User19,,
1490267071006,Mouse Moved,1336.0,760.0,User19,,
1490267071723,Mouse Moved,1335.0,760.0,User19,,
1490267071755,Mouse Moved,1333.0,760.0,User19,,
1490267076045,Mouse Moved,1332.0,760.0,User19,,
1490267077059,Mouse Moved,1332.0,761.0,User19,,
1490267077073,Mouse Moved,1331.0,761.0,User19,,
1490267077105,Mouse Moved,1329.0,761.0,User19,,
1490267077137,Mouse Moved,1328.0,762.0,User19,,
1490267079398,Mouse Moved,1327.0,762.0,User19,,
1490267079430,Mouse Moved,1326.0,762.0,User19,,
1490267079898,Mouse Moved,1327.0,762.0,User19,,
1490267079913,Mouse Moved,1329.0,762.0,User19,,
1490267079928,Mouse Moved,1333.0,762.0,User19,,
1490267079944,Mouse Moved,1339.0,761.0,User19,,
1490267079960,Mouse Moved,1348.0,759.0,User19,,
1490267079976,Mouse Moved,1355.0,758.0,User19,,
1490267079990,Mouse Moved,1369.0,755.0,User19,,
1490267080006,Mouse Moved,1385.0,752.0,User19,,
1490267080022,Mouse Moved,1401.0,749.0,User19,,
1490267080038,Mouse Moved,1414.0,746.0,User19,,
1490267080053,Mouse Moved,1429.0,742.0,User19,,
1490267080069,Mouse Moved,1445.0,738.0,User19,,
1490267080085,Mouse Moved,1459.0,736.0,User19,,
1490267080099,Mouse Moved,1471.0,733.0,User19,,
1490267080115,Mouse Moved,1482.0,732.0,User19,,
1490267080131,Mouse Moved,1495.0,729.0,User19,,
1490267080147,Mouse Moved,1507.0,728.0,User19,,
1490267080163,Mouse Moved,1515.0,727.0,User19,,
1490267080194,Mouse Moved,1522.0,727.0,User19,,
1490267080210,Mouse Moved,1522.0,729.0,User19,,
1490267080224,Mouse Moved,1522.0,733.0,User19,,
1490267080240,Mouse Moved,1521.0,738.0,User19,,
1490267080256,Mouse Moved,1518.0,741.0,User19,,
1490267080272,Mouse Moved,1515.0,745.0,User19,,
1490267080288,Mouse Moved,1515.0,746.0,User19,,
1490267080302,Mouse Moved,1510.0,751.0,User19,,
1490267080319,Mouse Moved,1506.0,754.0,User19,,
1490267080334,Mouse Moved,1499.0,757.0,User19,,
1490267080349,Mouse Moved,1492.0,760.0,User19,,
1490267080365,Mouse Moved,1490.0,760.0,User19,,
1490267080427,Mouse Moved,1490.0,760.0,User19,,
1490267080444,Mouse Button.left Released,1490.0,760.0,User19,,
1490267080459,Mouse Moved,1488.0,760.0,User19,,
1490267080506,Mouse Moved,1487.0,760.0,User19,,
1490267080522,Mouse Moved,1486.0,760.0,User19,,
1490267080536,Mouse Moved,1485.0,760.0,User19,,
1490267080552,Mouse Moved,1482.0,760.0,User19,,
1490267080568,Mouse Moved,1479.0,760.0,User19,,
1490267080584,Mouse Moved,1472.0,760.0,User19,,
1490267080599,Mouse Moved,1460.0,760.0,User19,,
1490267080615,Mouse Moved,1446.0,760.0,User19,,
1490267080631,Mouse Moved,1427.0,759.0,User19,,
1490267080645,Mouse Moved,1407.0,757.0,User19,,
1490267080661,Mouse Moved,1380.0,754.0,User19,,
1490267080677,Mouse Moved,1353.0,752.0,User19,,
1490267080693,Mouse Moved,1323.0,748.0,User19,,
1490267080709,Mouse Moved,1293.0,744.0,User19,,
1490267080723,Mouse Moved,1259.0,738.0,User19,,
1490267080740,Mouse Moved,1229.0,733.0,User19,,
1490267080756,Mouse Moved,1193.0,726.0,User19,,
1490267080770,Mouse Moved,1163.0,721.0,User19,,
1490267080786,Mouse Moved,1131.0,716.0,User19,,
1490267080802,Mouse Moved,1101.0,710.0,User19,,
1490267080818,Mouse Moved,1069.0,705.0,User19,,
1490267080834,Mouse Moved,1040.0,701.0,User19,,
1490267080848,Mouse Moved,1009.0,696.0,User19,,
1490267080865,Mouse Moved,984.0,692.0,User19,,
1490267080880,Mouse Moved,961.0,689.0,User19,,
1490267080895,Mouse Moved,939.0,686.0,User19,,
1490267080911,Mouse Moved,923.0,683.0,User19,,
1490267080927,Mouse Moved,907.0,681.0,User19,,
1490267080943,Mouse Moved,895.0,679.0,User19,,
1490267080957,Mouse Moved,882.0,676.0,User19,,
1490267080973,Mouse Moved,873.0,674.0,User19,,
1490267080990,Mouse Moved,864.0,673.0,User19,,
1490267081005,Mouse Moved,852.0,671.0,User19,,
1490267081036,Mouse Moved,825.0,667.0,User19,,
1490267081052,Mouse Moved,825.0,666.0,User19,,
1490267081068,Mouse Moved,825.0,664.0,User19,,
1490267081082,Mouse Moved,825.0,662.0,User19,,
1490267081098,Mouse Moved,826.0,661.0,User19,,
1490267081130,Mouse Moved,826.0,659.0,User19,,
1490267081145,Mouse Moved,826.0,658.0,User19,,
1490267081161,Mouse Moved,826.0,657.0,User19,,
1490267081177,Mouse Moved,827.0,655.0,User19,,
1490267081191,Mouse Moved,828.0,653.0,User19,,
1490267081223,Mouse Moved,829.0,652.0,User19,,
1490267081269,Mouse Moved,829.0,651.0,User19,,
1490267081286,Mouse Moved,829.0,650.0,User19,,
1490267081302,Mouse Moved,828.0,649.0,User19,,
1490267081316,Mouse Moved,823.0,648.0,User19,,
1490267081332,Mouse Moved,818.0,645.0,User19,,
1490267081348,Mouse Moved,810.0,643.0,User19,,
1490267081364,Mouse Moved,802.0,640.0,User19,,
1490267081380,Mouse Moved,792.0,637.0,User19,,
1490267081394,Mouse Moved,784.0,634.0,User19,,
1490267081411,Mouse Moved,776.0,631.0,User19,,
1490267081426,Mouse Moved,768.0,627.0,User19,,
1490267081441,Mouse Moved,757.0,624.0,User19,,
1490267081457,Mouse Moved,746.0,620.0,User19,,
1490267081473,Mouse Moved,736.0,617.0,User19,,
1490267081489,Mouse Moved,727.0,613.0,User19,,
1490267081503,Mouse Moved,712.0,608.0,User19,,
1490267081519,Mouse Moved,699.0,603.0,User19,,
1490267081536,Mouse Moved,686.0,597.0,User19,,
1490267081551,Mouse Moved,671.0,590.0,User19,,
1490267081566,Mouse Moved,657.0,582.0,User19,,
1490267081582,Mouse Moved,648.0,581.0,User19,,
1490267081598,Mouse Moved,657.0,583.0,User19,,
1490267081614,Mouse Moved,668.0,583.0,User19,,
1490267081628,Mouse Moved,669.0,583.0,User19,,
1490267081644,Mouse Moved,671.0,583.0,User19,,
1490267081660,Mouse Moved,689.0,589.0,User19,,
1490267081676,Mouse Moved,707.0,594.0,User19,,
1490267081691,Mouse Moved,725.0,600.0,User19,,
1490267081707,Mouse Moved,737.0,606.0,User19,,
1490267081723,Mouse Moved,738.0,605.0,User19,,
1490267081737,Mouse Moved,728.0,605.0,User19,,
1490267081753,Mouse Moved,721.0,606.0,User19,,
1490267081769,Mouse Moved,712.0,610.0,User19,,
1490267081785,Mouse Moved,698.0,613.0,User19,,
1490267081801,Mouse Moved,680.0,616.0,User19,,
1490267081815,Mouse Moved,665.0,618.0,User19,,
1490267081832,Mouse Moved,648.0,620.0,User19,,
1490267081848,Mouse Moved,632.0,621.0,User19,,
1490267081862,Mouse Moved,618.0,622.0,User19,,
1490267081878,Mouse Moved,606.0,624.0,User19,,
1490267081894,Mouse Moved,594.0,626.0,User19,,
1490267081910,Mouse Moved,585.0,628.0,User19,,
1490267081926,Mouse Moved,577.0,631.0,User19,,
1490267081940,Mouse Moved,570.0,635.0,User19,,
1490267081987,Mouse Moved,569.0,634.0,User19,,
1490267082003,Mouse Moved,569.0,633.0,User19,,
1490267082019,Mouse Moved,569.0,631.0,User19,,
1490267082035,Mouse Moved,568.0,631.0,User19,,
1490267082049,Mouse Moved,567.0,629.0,User19,,
1490267082065,Mouse Moved,567.0,629.0,User19,,
1490267082082,Mouse Moved,566.0,629.0,User19,,
1490267082128,Mouse Moved,566.0,628.0,User19,,
1490267082144,Mouse Moved,566.0,628.0,User19,,
1490267082767,Mouse Moved,566.0,627.0,User19,,
1490267082783,Mouse Moved,565.0,626.0,User19,,
1490267082799,Mouse Moved,562.0,624.0,User19,,
1490267082815,Mouse Moved,558.0,622.0,User19,,
1490267082829,Mouse Moved,554.0,619.0,User19,,
1490267082845,Mouse Moved,551.0,612.0,User19,,
1490267082861,Mouse Moved,548.0,602.0,User19,,
1490267082877,Mouse Moved,546.0,585.0,User19,,
1490267082892,Mouse Moved,545.0,563.0,User19,,
1490267082907,Mouse Moved,547.0,537.0,User19,,
1490267082924,Mouse Moved,551.0,505.0,User19,,
1490267082940,Mouse Moved,555.0,473.0,User19,,
1490267082954,Mouse Moved,560.0,438.0,User19,,
1490267082970,Mouse Moved,563.0,411.0,User19,,
1490267082986,Mouse Moved,563.0,384.0,User19,,
1490267083002,Mouse Moved,563.0,362.0,User19,,
1490267083017,Mouse Moved,560.0,344.0,User19,,
1490267083032,Mouse Moved,555.0,331.0,User19,,
1490267083049,Mouse Moved,549.0,323.0,User19,,
1490267083063,Mouse Moved,542.0,315.0,User19,,
1490267083079,Mouse Moved,534.0,311.0,User19,,
1490267083095,Mouse Moved,525.0,310.0,User19,,
1490267083111,Mouse Moved,518.0,313.0,User19,,
1490267083127,Mouse Moved,506.0,320.0,User19,,
1490267083141,Mouse Moved,497.0,328.0,User19,,
1490267083157,Mouse Moved,485.0,339.0,User19,,
1490267083174,Mouse Moved,473.0,353.0,User19,,
1490267083188,Mouse Moved,460.0,370.0,User19,,
1490267083204,Mouse Moved,447.0,390.0,User19,,
1490267083220,Mouse Moved,436.0,408.0,User19,,
1490267083236,Mouse Moved,427.0,428.0,User19,,
1490267083252,Mouse Moved,418.0,449.0,User19,,
1490267083266,Mouse Moved,413.0,465.0,User19,,
1490267083282,Mouse Moved,409.0,483.0,User19,,
1490267083298,Mouse Moved,437.0,660.0,User19,,
1490267083391,Mouse Moved,448.0,660.0,User19,,
1490267083407,Mouse Moved,465.0,661.0,User19,,
1490267083423,Mouse Moved,478.0,658.0,User19,,
1490267083438,Mouse Moved,481.0,655.0,User19,,
1490267083453,Mouse Moved,479.0,655.0,User19,,
1490267083470,Mouse Moved,477.0,654.0,User19,,
1490267083486,Mouse Moved,475.0,653.0,User19,,
1490267083500,Mouse Moved,474.0,653.0,User19,,
1490267083516,Mouse Moved,472.0,653.0,User19,,
1490267083532,Mouse Moved,471.0,653.0,User19,,
1490267083548,Mouse Moved,470.0,653.0,User19,,
1490267083563,Mouse Moved,468.0,653.0,User19,,
1490267083578,Mouse Moved,467.0,652.0,User19,,
1490267083609,Mouse Moved,466.0,651.0,User19,,
1490267083625,Mouse Moved,465.0,651.0,User19,,
1490267083641,Mouse Moved,464.0,651.0,User19,,
1490267083673,Mouse Moved,463.0,651.0,User19,,
1490267083720,Mouse Moved,462.0,651.0,User19,,
1490267083734,Mouse Moved,461.0,651.0,User19,,
1490267083750,Mouse Moved,459.0,650.0,User19,,
1490267083766,Mouse Moved,458.0,650.0,User19,,
1490267083782,Mouse Moved,457.0,650.0,User19,,
1490267083921,Mouse Moved,456.0,650.0,User19,,
1490267083953,Mouse Moved,455.0,650.0,User19,,
1490267083969,Mouse Moved,454.0,650.0,User19,,
1490267083984,Mouse Moved,450.0,653.0,User19,,
1490267084000,Mouse Moved,447.0,654.0,User19,,
1490267084016,Mouse Moved,446.0,655.0,User19,,
1490267084032,Mouse Moved,445.0,656.0,User19,,
1490267084109,Mouse Moved,444.0,656.0,User19,,
1490267084125,Mouse Moved,443.0,656.0,User19,,
1490267084141,Mouse Moved,442.0,657.0,User19,,
1490267084155,Mouse Moved,440.0,657.0,User19,,
1490267084171,Mouse Moved,439.0,658.0,User19,,
1490267085888,Mouse Moved,451.0,658.0,User19,,
1490267085904,Mouse Moved,495.0,669.0,User19,,
1490267085918,Mouse Moved,570.0,698.0,User19,,
1490267085934,Mouse Moved,662.0,731.0,User19,,
1490267085950,Mouse Moved,745.0,748.0,User19,,
1490267085966,Mouse Moved,803.0,758.0,User19,,
1490267085982,Mouse Moved,839.0,766.0,User19,,
1490267085996,Mouse Moved,858.0,771.0,User19,,
1490267086013,Mouse Moved,859.0,772.0,User19,,
1490267086028,Mouse Moved,862.0,772.0,User19,,
1490267086043,Mouse Moved,860.0,774.0,User19,,
1490267086059,Mouse Moved,858.0,777.0,User19,,
1490267086075,Mouse Moved,856.0,779.0,User19,,
1490267086091,Mouse Moved,854.0,781.0,User19,,
1490267086105,Mouse Moved,851.0,784.0,User19,,
1490267086121,Mouse Moved,849.0,785.0,User19,,
1490267086153,Mouse Moved,848.0,786.0,User19,,
1490267086184,Mouse Moved,845.0,788.0,User19,,
1490267086200,Mouse Moved,837.0,788.0,User19,,
1490267086216,Mouse Moved,833.0,782.0,User19,,
1490267086230,Mouse Moved,833.0,774.0,User19,,
1490267086246,Mouse Moved,833.0,768.0,User19,,
1490267086339,Mouse Moved,832.0,768.0,User19,,
1490267086403,Mouse Moved,831.0,768.0,User19,,
1490267086417,Mouse Moved,828.0,768.0,User19,,
1490267086434,Mouse Moved,826.0,768.0,User19,,
1490267086448,Mouse Moved,820.0,770.0,User19,,
1490267086464,Mouse Moved,808.0,774.0,User19,,
1490267086480,Mouse Moved,785.0,782.0,User19,,
1490267086496,Mouse Moved,754.0,795.0,User19,,
1490267086512,Mouse Moved,717.0,811.0,User19,,
1490267086526,Mouse Moved,671.0,831.0,User19,,
1490267086542,Mouse Moved,623.0,853.0,User19,,
1490267086559,Mouse Moved,595.0,866.0,User19,,
1490267086573,Mouse Moved,585.0,869.0,User19,,
1490267086589,Mouse Moved,539.0,887.0,User19,,
1490267086605,Mouse Moved,497.0,904.0,User19,,
1490267086621,Mouse Moved,460.0,918.0,User19,,
1490267086637,Mouse Moved,431.0,928.0,User19,,
1490267086651,Mouse Moved,409.0,936.0,User19,,
1490267086667,Mouse Moved,379.0,946.0,User19,,
1490267086683,Mouse Moved,307.0,921.0,User19,,
1490267086698,Mouse Moved,260.0,912.0,User19,,
1490267086714,Mouse Moved,259.0,911.0,User19,,
1490267086730,Mouse Moved,247.0,910.0,User19,,
1490267086746,Mouse Moved,236.0,909.0,User19,,
1490267086760,Mouse Moved,227.0,909.0,User19,,
1490267086776,Mouse Moved,219.0,908.0,User19,,
1490267086838,Mouse Moved,213.0,907.0,User19,,
1490267086917,Mouse Moved,212.0,907.0,User19,,
1490267086980,Mouse Moved,212.0,906.0,User19,,
1490267086994,Mouse Moved,210.0,904.0,User19,,
1490267087010,Mouse Moved,203.0,901.0,User19,,
1490267087026,Mouse Moved,201.0,900.0,User19,,
1490267087042,Mouse Moved,200.0,900.0,User19,,
1490267087072,Mouse Moved,200.0,899.0,User19,,
1490267087151,Mouse Moved,200.0,899.0,User19,,
1490267087167,Mouse Button.left Pressed,200.0,899.0,User19,,
1490267087276,Mouse Moved,200.0,899.0,User19,,
1490267087651,Mouse Moved,200.0,898.0,User19,,
1490267087665,Mouse Moved,200.0,895.0,User19,,
1490267087681,Mouse Moved,201.0,890.0,User19,,
1490267087697,Mouse Moved,201.0,881.0,User19,,
1490267087713,Mouse Moved,203.0,870.0,User19,,
1490267087729,Mouse Moved,205.0,856.0,User19,,
1490267087743,Mouse Moved,210.0,830.0,User19,,
1490267087759,Mouse Moved,214.0,801.0,User19,,
1490267087775,Mouse Moved,219.0,771.0,User19,,
1490267087790,Mouse Moved,225.0,737.0,User19,,
1490267087806,Mouse Moved,233.0,703.0,User19,,
1490267087822,Mouse Moved,240.0,672.0,User19,,
1490267087838,Mouse Moved,249.0,638.0,User19,,
1490267087852,Mouse Moved,257.0,608.0,User19,,
1490267087868,Mouse Moved,265.0,585.0,User19,,
1490267087884,Mouse Moved,271.0,565.0,User19,,
1490267087900,Mouse Moved,277.0,548.0,User19,,
1490267087915,Mouse Moved,281.0,539.0,User19,,
1490267087930,Mouse Moved,283.0,533.0,User19,,
1490267087947,Mouse Moved,283.0,540.0,User19,,
1490267087963,Mouse Moved,283.0,549.0,User19,,
1490267087977,Mouse Moved,284.0,563.0,User19,,
1490267087993,Mouse Moved,287.0,582.0,User19,,
1490267088009,Mouse Moved,294.0,610.0,User19,,
1490267088025,Mouse Moved,308.0,651.0,User19,,
1490267088040,Mouse Moved,328.0,689.0,User19,,
1490267088259,Mouse Moved,330.0,692.0,User19,,
1490267088275,Mouse Moved,322.0,682.0,User19,,
1490267088289,Mouse Moved,313.0,665.0,User19,,
1490267088305,Mouse Moved,300.0,641.0,User19,,
1490267088321,Mouse Moved,288.0,614.0,User19,,
1490267088336,Mouse Moved,270.0,576.0,User19,,
1490267088352,Mouse Moved,256.0,550.0,User19,,
1490267088368,Mouse Moved,246.0,524.0,User19,,
1490267088384,Mouse Moved,221.0,375.0,User19,,
1490267088398,Mouse Moved,211.0,366.0,User19,,
1490267088414,Mouse Moved,201.0,360.0,User19,,
1490267088430,Mouse Moved,201.0,359.0,User19,,
1490267088446,Mouse Moved,196.0,356.0,User19,,
1490267088461,Mouse Moved,190.0,353.0,User19,,
1490267088476,Mouse Moved,184.0,349.0,User19,,
1490267088493,Mouse Moved,180.0,345.0,User19,,
1490267088509,Mouse Moved,176.0,340.0,User19,,
1490267088523,Mouse Moved,173.0,334.0,User19,,
1490267088539,Mouse Moved,170.0,330.0,User19,,
1490267088555,Mouse Moved,166.0,321.0,User19,,
1490267088571,Mouse Moved,164.0,313.0,User19,,
1490267088586,Mouse Moved,160.0,301.0,User19,,
1490267088601,Mouse Moved,156.0,291.0,User19,,
1490267088618,Mouse Moved,150.0,277.0,User19,,
1490267088632,Mouse Moved,145.0,263.0,User19,,
1490267088648,Mouse Moved,139.0,247.0,User19,,
1490267088664,Mouse Moved,134.0,235.0,User19,,
1490267088680,Mouse Moved,130.0,222.0,User19,,
1490267088696,Mouse Moved,128.0,213.0,User19,,
1490267088710,Mouse Moved,125.0,205.0,User19,,
1490267088726,Mouse Moved,122.0,196.0,User19,,
1490267088743,Mouse Moved,120.0,188.0,User19,,
1490267088757,Mouse Moved,117.0,181.0,User19,,
1490267088773,Mouse Moved,115.0,174.0,User19,,
1490267088789,Mouse Moved,114.0,166.0,User19,,
1490267088805,Mouse Moved,113.0,157.0,User19,,
1490267088821,Mouse Moved,113.0,150.0,User19,,
1490267088835,Mouse Moved,113.0,144.0,User19,,
1490267088851,Mouse Moved,115.0,139.0,User19,,
1490267088867,Mouse Moved,116.0,135.0,User19,,
1490267088882,Mouse Moved,116.0,133.0,User19,,
1490267088898,Mouse Moved,116.0,131.0,User19,,
1490267088914,Mouse Moved,116.0,126.0,User19,,
1490267088930,Mouse Moved,116.0,119.0,User19,,
1490267088944,Mouse Moved,116.0,112.0,User19,,
1490267088960,Mouse Moved,116.0,104.0,User19,,
1490267088976,Mouse Moved,116.0,98.0,User19,,
1490267088992,Mouse Moved,116.0,93.0,User19,,
1490267089007,Mouse Moved,116.0,91.0,User19,,
1490267089178,Mouse Moved,117.0,91.0,User19,,
1490267089194,Mouse Moved,118.0,91.0,User19,,
1490267089210,Mouse Moved,121.0,93.0,User19,,
1490267089226,Mouse Moved,125.0,94.0,User19,,
1490267089242,Mouse Moved,129.0,95.0,User19,,
1490267089289,Mouse Moved,130.0,95.0,User19,,
1490267089381,Mouse Moved,130.0,95.0,User19,,
1490267089428,Mouse Moved,130.0,96.0,User19,,
1490267089460,Mouse Moved,130.0,97.0,User19,,
1490267089506,Mouse Moved,130.0,98.0,User19,,
1490267089523,Mouse Moved,132.0,100.0,User19,,
1490267089538,Mouse Moved,135.0,105.0,User19,,
1490267089553,Mouse Moved,139.0,113.0,User19,,
1490267089569,Mouse Moved,163.0,150.0,User19,,
1490267089585,Mouse Moved,176.0,166.0,User19,,
1490267089601,Mouse Moved,187.0,184.0,User19,,
1490267089615,Mouse Moved,200.0,202.0,User19,,
1490267089631,Mouse Moved,212.0,220.0,User19,,
1490267089647,Mouse Moved,223.0,236.0,User19,,
1490267089663,Mouse Moved,232.0,250.0,User19,,
1490267089678,Mouse Moved,238.0,261.0,User19,,
1490267089694,Mouse Moved,243.0,270.0,User19,,
1490267089710,Mouse Moved,245.0,275.0,User19,,
1490267089724,Mouse Moved,246.0,278.0,User19,,
1490267089740,Mouse Moved,247.0,282.0,User19,,
1490267089756,Mouse Moved,247.0,286.0,User19,,
1490267089772,Mouse Moved,247.0,292.0,User19,,
1490267089788,Mouse Moved,247.0,297.0,User19,,
1490267089802,Mouse Moved,245.0,307.0,User19,,
1490267089819,Mouse Moved,244.0,313.0,User19,,
1490267089835,Mouse Moved,242.0,319.0,User19,,
1490267089849,Mouse Moved,240.0,326.0,User19,,
1490267089865,Mouse Moved,237.0,334.0,User19,,
1490267089881,Mouse Moved,234.0,341.0,User19,,
1490267089897,Mouse Moved,232.0,348.0,User19,,
1490267089913,Mouse Moved,230.0,354.0,User19,,
1490267089927,Mouse Moved,229.0,358.0,User19,,
1490267089944,Mouse Moved,228.0,362.0,User19,,
1490267089959,Mouse Moved,227.0,365.0,User19,,
1490267089974,Mouse Moved,226.0,368.0,User19,,
1490267089990,Mouse Moved,225.0,370.0,User19,,
1490267090006,Mouse Moved,225.0,372.0,User19,,
1490267090022,Mouse Moved,225.0,373.0,User19,,
1490267090052,Mouse Moved,225.0,374.0,User19,,
1490267090069,Mouse Moved,225.0,375.0,User19,,
1490267090084,Mouse Moved,225.0,376.0,User19,,
1490267090115,Mouse Moved,225.0,377.0,User19,,
1490267090177,Mouse Moved,225.0,376.0,User19,,
1490267090193,Mouse Moved,227.0,375.0,User19,,
1490267090209,Mouse Moved,227.0,373.0,User19,,
1490267090240,Mouse Moved,228.0,372.0,User19,,
1490267090270,Mouse Moved,228.0,371.0,User19,,
1490267090286,Mouse Moved,229.0,369.0,User19,,
1490267090302,Mouse Moved,229.0,368.0,User19,,
1490267090318,Mouse Moved,229.0,367.0,User19,,
1490267090365,Mouse Moved,229.0,367.0,User19,,
1490267090427,Mouse Moved,229.0,367.0,User19,,
1490267090536,Mouse Moved,229.0,368.0,User19,,
1490267090552,Mouse Moved,229.0,369.0,User19,,
1490267090568,Mouse Moved,229.0,372.0,User19,,
1490267090582,Mouse Moved,228.0,376.0,User19,,
1490267090598,Mouse Moved,226.0,383.0,User19,,
1490267090615,Mouse Moved,224.0,391.0,User19,,
1490267090630,Mouse Moved,222.0,402.0,User19,,
1490267090645,Mouse Moved,220.0,412.0,User19,,
1490267090661,Mouse Moved,217.0,423.0,User19,,
1490267090677,Mouse Moved,215.0,435.0,User19,,
1490267090693,Mouse Moved,213.0,444.0,User19,,
1490267090707,Mouse Moved,212.0,453.0,User19,,
1490267090723,Mouse Moved,209.0,463.0,User19,,
1490267090739,Mouse Moved,207.0,470.0,User19,,
1490267090755,Mouse Moved,206.0,479.0,User19,,
1490267090770,Mouse Moved,205.0,484.0,User19,,
1490267090786,Mouse Moved,205.0,489.0,User19,,
1490267090802,Mouse Moved,204.0,493.0,User19,,
1490267090816,Mouse Moved,203.0,498.0,User19,,
1490267090832,Mouse Moved,203.0,502.0,User19,,
1490267090848,Mouse Moved,202.0,505.0,User19,,
1490267090864,Mouse Moved,202.0,508.0,User19,,
1490267090880,Mouse Moved,202.0,510.0,User19,,
1490267090894,Mouse Moved,202.0,511.0,User19,,
1490267090973,Mouse Moved,203.0,511.0,User19,,
1490267090989,Mouse Moved,204.0,511.0,User19,,
1490267091005,Mouse Moved,205.0,511.0,User19,,
1490267091019,Mouse Moved,207.0,511.0,User19,,
1490267091036,Mouse Moved,210.0,511.0,User19,,
1490267091051,Mouse Moved,213.0,511.0,User19,,
1490267091066,Mouse Moved,216.0,511.0,User19,,
1490267091082,Mouse Moved,219.0,511.0,User19,,
1490267091098,Mouse Moved,221.0,510.0,User19,,
1490267091114,Mouse Moved,223.0,510.0,User19,,
1490267091144,Mouse Moved,225.0,510.0,User19,,
1490267091161,Mouse Moved,226.0,510.0,User19,,
1490267091799,Mouse Moved,227.0,510.0,User19,,
1490267091831,Mouse Moved,228.0,510.0,User19,,
1490267093048,Mouse Moved,228.0,510.0,User19,,
1490267093125,Mouse Moved,228.0,510.0,User19,,
1490267093578,Mouse Moved,227.0,510.0,User19,,
1490267093812,Mouse Moved,226.0,511.0,User19,,
1490267093969,Mouse Moved,225.0,511.0,User19,,
1490267093983,Mouse Moved,225.0,512.0,User19,,
1490267094062,Mouse Moved,225.0,511.0,User19,,
1490267094078,Mouse Moved,224.0,511.0,User19,,
1490267094092,Mouse Moved,223.0,508.0,User19,,
1490267094108,Mouse Moved,223.0,507.0,User19,,
1490267094124,Mouse Moved,224.0,504.0,User19,,
1490267094140,Mouse Moved,228.0,495.0,User19,,
1490267094155,Mouse Moved,236.0,482.0,User19,,
1490267094171,Mouse Moved,246.0,463.0,User19,,
1490267094187,Mouse Moved,260.0,437.0,User19,,
1490267094201,Mouse Moved,272.0,412.0,User19,,
1490267094217,Mouse Moved,289.0,374.0,User19,,
1490267094233,Mouse Moved,305.0,338.0,User19,,
1490267094249,Mouse Moved,325.0,294.0,User19,,
1490267094265,Mouse Moved,344.0,246.0,User19,,
1490267094279,Mouse Moved,360.0,208.0,User19,,
1490267094296,Mouse Moved,377.0,167.0,User19,,
1490267094312,Mouse Moved,388.0,133.0,User19,,
1490267094326,Mouse Moved,395.0,104.0,User19,,
1490267094342,Mouse Moved,373.0,13.0,User19,,
1490267094358,Mouse Moved,372.0,13.0,User19,,
1490267094374,Mouse Moved,366.0,13.0,User19,,
1490267094390,Mouse Moved,361.0,13.0,User19,,
1490267094421,Mouse Moved,359.0,13.0,User19,,
1490267094499,Mouse Moved,359.0,13.0,User19,,
1490267094513,Mouse Moved,359.0,15.0,User19,,
1490267094529,Mouse Moved,359.0,16.0,User19,,
1490267094546,Mouse Moved,358.0,18.0,User19,,
1490267094561,Mouse Moved,358.0,21.0,User19,,
1490267094576,Mouse Moved,357.0,24.0,User19,,
1490267094592,Mouse Moved,356.0,26.0,User19,,
1490267094608,Mouse Moved,355.0,28.0,User19,,
1490267094624,Mouse Moved,354.0,29.0,User19,,
1490267094638,Mouse Moved,353.0,31.0,User19,,
1490267094654,Mouse Moved,353.0,33.0,User19,,
1490267094811,Mouse Moved,352.0,33.0,User19,,
1490267094825,Mouse Button.left Pressed,352.0,33.0,User19,,
1490267094872,Mouse Moved,352.0,33.0,User19,,
1490267094934,Mouse Moved,352.0,34.0,User19,,
1490267094948,Mouse Moved,351.0,34.0,User19,,
1490267094953,Mouse Moved,351.0,35.0,User19,,
1490267094979,Mouse Moved,350.0,35.0,User19,,
1490267095003,Mouse Moved,350.0,36.0,User19,,
1490267095019,Mouse Moved,349.0,38.0,User19,,
1490267095035,Mouse Moved,349.0,40.0,User19,,
1490267095049,Mouse Moved,348.0,40.0,User19,,
1490267095065,Mouse Moved,348.0,42.0,User19,,
1490267095081,Mouse Moved,348.0,47.0,User19,,
1490267095096,Mouse Moved,346.0,50.0,User19,,
1490267095112,Mouse Moved,346.0,53.0,User19,,
1490267095128,Mouse Moved,345.0,58.0,User19,,
1490267095144,Mouse Moved,344.0,68.0,User19,,
1490267095158,Mouse Moved,342.0,79.0,User19,,
1490267095174,Mouse Moved,341.0,89.0,User19,,
1490267095190,Mouse Moved,340.0,99.0,User19,,
1490267095206,Mouse Moved,338.0,109.0,User19,,
1490267095221,Mouse Moved,336.0,119.0,User19,,
1490267095236,Mouse Moved,335.0,129.0,User19,,
1490267095253,Mouse Moved,333.0,141.0,User19,,
1490267095269,Mouse Moved,333.0,149.0,User19,,
1490267095285,Mouse Moved,330.0,167.0,User19,,
1490267095301,Mouse Moved,329.0,178.0,User19,,
1490267095315,Mouse Moved,326.0,190.0,User19,,
1490267095332,Mouse Moved,324.0,204.0,User19,,
1490267095348,Mouse Moved,320.0,220.0,User19,,
1490267095362,Mouse Moved,316.0,232.0,User19,,
1490267095378,Mouse Moved,311.0,246.0,User19,,
1490267095394,Mouse Moved,307.0,255.0,User19,,
1490267095410,Mouse Moved,304.0,261.0,User19,,
1490267095426,Mouse Moved,300.0,270.0,User19,,
1490267095440,Mouse Moved,295.0,280.0,User19,,
1490267095457,Mouse Moved,289.0,287.0,User19,,
1490267095471,Mouse Moved,286.0,293.0,User19,,
1490267095487,Mouse Moved,281.0,298.0,User19,,
1490267095503,Mouse Moved,276.0,304.0,User19,,
1490267095519,Mouse Moved,271.0,308.0,User19,,
1490267095535,Mouse Moved,269.0,310.0,User19,,
1490267095674,Mouse Moved,266.0,312.0,User19,,
1490267095769,Mouse Moved,266.0,312.0,User19,,
1490267095971,Mouse Moved,266.0,313.0,User19,,
1490267095986,Mouse Moved,266.0,314.0,User19,,
1490267096003,Mouse Moved,266.0,315.0,User19,,
1490267096017,Mouse Moved,266.0,316.0,User19,,
1490267096033,Mouse Moved,266.0,317.0,User19,,
1490267096049,Mouse Moved,266.0,319.0,User19,,
1490267096065,Mouse Moved,266.0,321.0,User19,,
1490267096081,Mouse Moved,266.0,323.0,User19,,
1490267096095,Mouse Moved,266.0,326.0,User19,,
1490267096111,Mouse Moved,267.0,328.0,User19,,
1490267096128,Mouse Moved,268.0,335.0,User19,,
1490267096142,Mouse Moved,271.0,342.0,User19,,
1490267096158,Mouse Moved,279.0,391.0,User19,,
1490267096174,Mouse Moved,280.0,394.0,User19,,
1490267096190,Mouse Moved,281.0,401.0,User19,,
1490267096206,Mouse Moved,284.0,423.0,User19,,
1490267096220,Mouse Moved,287.0,444.0,User19,,
1490267096236,Mouse Moved,290.0,464.0,User19,,
1490267096252,Mouse Moved,292.0,484.0,User19,,
1490267096267,Mouse Moved,293.0,499.0,User19,,
1490267096283,Mouse Moved,295.0,520.0,User19,,
1490267096299,Mouse Moved,295.0,538.0,User19,,
1490267096315,Mouse Moved,292.0,559.0,User19,,
1490267096329,Mouse Moved,288.0,578.0,User19,,
1490267096345,Mouse Moved,282.0,598.0,User19,,
1490267096361,Mouse Moved,278.0,614.0,User19,,
1490267096377,Mouse Moved,274.0,625.0,User19,,
1490267096392,Mouse Moved,273.0,635.0,User19,,
1490267096407,Mouse Moved,272.0,643.0,User19,,
1490267096424,Mouse Moved,272.0,653.0,User19,,
1490267096440,Mouse Moved,276.0,660.0,User19,,
1490267096454,Mouse Moved,280.0,661.0,User19,,
1490267096470,Mouse Moved,282.0,661.0,User19,,
1490267096486,Mouse Moved,283.0,661.0,User19,,
1490267096502,Mouse Moved,285.0,661.0,User19,,
1490267096517,Mouse Moved,286.0,661.0,User19,,
1490267096532,Mouse Moved,287.0,661.0,User19,,
1490267096549,Mouse Moved,288.0,661.0,User19,,
1490267096563,Mouse Moved,290.0,661.0,User19,,
1490267096579,Mouse Moved,291.0,661.0,User19,,
1490267096657,Mouse Moved,292.0,661.0,User19,,
1490267096688,Mouse Moved,293.0,662.0,User19,,
1490267096766,Mouse Moved,294.0,662.0,User19,,
1490267096782,Mouse Button.left Released,294.0,662.0,User19,,
1490267098390,Mouse Moved,293.0,662.0,User19,,
1490267098483,Mouse Moved,292.0,662.0,User19,,
1490267098811,Mouse Moved,293.0,662.0,User19,,
1490267099247,Mouse Moved,294.0,662.0,User19,,
1490267099263,Mouse Moved,297.0,662.0,User19,,
1490267099279,Mouse Moved,301.0,662.0,User19,,
1490267099293,Mouse Moved,310.0,662.0,User19,,
1490267099309,Mouse Moved,316.0,664.0,User19,,
1490267099325,Mouse Moved,323.0,666.0,User19,,
1490267099341,Mouse Moved,325.0,668.0,User19,,
1490267099357,Mouse Moved,330.0,670.0,User19,,
1490267099371,Mouse Moved,338.0,672.0,User19,,
1490267099388,Mouse Moved,346.0,674.0,User19,,
1490267099404,Mouse Moved,354.0,677.0,User19,,
1490267099418,Mouse Moved,362.0,679.0,User19,,
1490267099434,Mouse Moved,364.0,680.0,User19,,
1490267099482,Mouse Moved,366.0,680.0,User19,,
1490267099496,Mouse Moved,367.0,680.0,User19,,
1490267099528,Mouse Moved,368.0,680.0,User19,,
1490267099543,Mouse Moved,369.0,680.0,User19,,
1490267099559,Mouse Moved,369.0,679.0,User19,,
1490267099575,Mouse Moved,370.0,677.0,User19,,
1490267099591,Mouse Moved,372.0,674.0,User19,,
1490267099605,Mouse Moved,376.0,665.0,User19,,
1490267099621,Mouse Moved,379.0,657.0,User19,,
1490267099638,Mouse Moved,382.0,646.0,User19,,
1490267099653,Mouse Moved,385.0,634.0,User19,,
1490267099668,Mouse Moved,386.0,624.0,User19,,
1490267099684,Mouse Moved,388.0,614.0,User19,,
1490267099700,Mouse Moved,388.0,603.0,User19,,
1490267099716,Mouse Moved,388.0,593.0,User19,,
1490267099730,Mouse Moved,386.0,584.0,User19,,
1490267099746,Mouse Moved,385.0,575.0,User19,,
1490267099762,Mouse Moved,383.0,565.0,User19,,
1490267099778,Mouse Moved,382.0,556.0,User19,,
1490267099793,Mouse Moved,382.0,554.0,User19,,
1490267099809,Mouse Moved,382.0,552.0,User19,,
1490267099825,Mouse Moved,382.0,549.0,User19,,
1490267099839,Mouse Moved,382.0,545.0,User19,,
1490267099855,Mouse Moved,382.0,541.0,User19,,
1490267099871,Mouse Moved,382.0,538.0,User19,,
1490267099887,Mouse Moved,382.0,534.0,User19,,
1490267099903,Mouse Moved,382.0,531.0,User19,,
1490267099917,Mouse Moved,382.0,528.0,User19,,
1490267099934,Mouse Moved,383.0,523.0,User19,,
1490267099950,Mouse Moved,383.0,520.0,User19,,
1490267099964,Mouse Moved,384.0,517.0,User19,,
1490267100151,Mouse Moved,385.0,515.0,User19,,
1490267100167,Mouse Moved,387.0,512.0,User19,,
1490267100184,Mouse Moved,390.0,507.0,User19,,
1490267100198,Mouse Moved,398.0,497.0,User19,,
1490267100214,Mouse Moved,404.0,489.0,User19,,
1490267100230,Mouse Moved,414.0,476.0,User19,,
1490267100246,Mouse Moved,424.0,464.0,User19,,
1490267100262,Mouse Moved,435.0,450.0,User19,,
1490267100276,Mouse Moved,445.0,438.0,User19,,
1490267100292,Mouse Moved,454.0,428.0,User19,,
1490267100308,Mouse Moved,463.0,417.0,User19,,
1490267100323,Mouse Moved,473.0,407.0,User19,,
1490267100339,Mouse Moved,484.0,396.0,User19,,
1490267100355,Mouse Moved,494.0,386.0,User19,,
1490267100371,Mouse Moved,502.0,378.0,User19,,
1490267100385,Mouse Moved,511.0,367.0,User19,,
1490267100401,Mouse Moved,517.0,361.0,User19,,
1490267100417,Mouse Moved,523.0,354.0,User19,,
1490267100433,Mouse Moved,528.0,349.0,User19,,
1490267100448,Mouse Moved,533.0,344.0,User19,,
1490267100463,Mouse Moved,539.0,339.0,User19,,
1490267100480,Mouse Moved,546.0,333.0,User19,,
1490267100496,Mouse Moved,553.0,329.0,User19,,
1490267100510,Mouse Moved,560.0,324.0,User19,,
1490267100526,Mouse Moved,567.0,321.0,User19,,
1490267100542,Mouse Moved,574.0,317.0,User19,,
1490267100558,Mouse Moved,582.0,314.0,User19,,
1490267100573,Mouse Moved,591.0,310.0,User19,,
1490267100588,Mouse Moved,600.0,309.0,User19,,
1490267100619,Mouse Moved,606.0,309.0,User19,,
1490267100651,Mouse Moved,606.0,311.0,User19,,
1490267100667,Mouse Moved,607.0,314.0,User19,,
1490267100683,Mouse Moved,607.0,316.0,User19,,
1490267100697,Mouse Moved,609.0,318.0,User19,,
1490267100713,Mouse Moved,609.0,320.0,User19,,
1490267100744,Mouse Moved,609.0,322.0,User19,,
1490267100760,Mouse Moved,609.0,323.0,User19,,
1490267100776,Mouse Moved,610.0,323.0,User19,,
1490267100792,Mouse Moved,610.0,324.0,User19,,
1490267100885,Mouse Moved,610.0,325.0,User19,,
1490267101680,Mouse Moved,610.0,325.0,User19,,
1490267101743,Mouse Moved,610.0,325.0,User19,,
1490267101805,Mouse Moved,610.0,326.0,User19,,
1490267101822,Mouse Moved,608.0,327.0,User19,,
1490267101836,Mouse Moved,603.0,329.0,User19,,
1490267101852,Mouse Moved,592.0,331.0,User19,,
1490267101868,Mouse Moved,575.0,333.0,User19,,
1490267101884,Mouse Moved,549.0,335.0,User19,,
1490267101900,Mouse Moved,513.0,338.0,User19,,
1490267101914,Mouse Moved,474.0,341.0,User19,,
1490267101930,Mouse Moved,430.0,342.0,User19,,
1490267101946,Mouse Moved,398.0,342.0,User19,,
1490267101961,Mouse Moved,364.0,342.0,User19,,
1490267101976,Mouse Moved,338.0,342.0,User19,,
1490267101993,Mouse Moved,318.0,342.0,User19,,
1490267102009,Mouse Moved,307.0,342.0,User19,,
1490267102023,Mouse Moved,298.0,342.0,User19,,
1490267102039,Mouse Moved,296.0,342.0,User19,,
1490267102055,Mouse Moved,293.0,343.0,User19,,
1490267102071,Mouse Moved,291.0,344.0,User19,,
1490267102118,Mouse Moved,291.0,344.0,User19,,
1490267102210,Mouse Moved,291.0,344.0,User19,,
1490267102273,Mouse Moved,291.0,344.0,User19,,
1490267102367,Mouse Moved,291.0,344.0,User19,,
1490267102492,Mouse Moved,291.0,345.0,User19,,
1490267102507,Mouse Moved,292.0,346.0,User19,,
1490267102523,Mouse Moved,293.0,346.0,User19,,
1490267102539,Mouse Moved,294.0,347.0,User19,,
1490267102555,Mouse Moved,298.0,348.0,User19,,
1490267102585,Mouse Moved,303.0,351.0,User19,,
1490267102601,Mouse Moved,305.0,355.0,User19,,
1490267102617,Mouse Moved,309.0,360.0,User19,,
1490267102632,Mouse Moved,313.0,371.0,User19,,
1490267102648,Mouse Moved,317.0,381.0,User19,,
1490267102664,Mouse Moved,319.0,396.0,User19,,
1490267102678,Mouse Moved,362.0,648.0,User19,,
1490267102694,Mouse Moved,363.0,650.0,User19,,
1490267102710,Mouse Moved,363.0,652.0,User19,,
1490267102726,Mouse Moved,365.0,667.0,User19,,
1490267102742,Mouse Moved,368.0,681.0,User19,,
1490267102756,Mouse Moved,370.0,693.0,User19,,
1490267102773,Mouse Moved,371.0,703.0,User19,,
1490267102789,Mouse Moved,372.0,712.0,User19,,
1490267102819,Mouse Moved,372.0,716.0,User19,,
1490267102835,Mouse Moved,372.0,718.0,User19,,
1490267102851,Mouse Moved,372.0,722.0,User19,,
1490267102867,Mouse Moved,372.0,724.0,User19,,
1490267102990,Mouse Moved,372.0,725.0,User19,,
1490267103038,Mouse Moved,372.0,725.0,User19,,
1490267103115,Mouse Moved,372.0,724.0,User19,,
1490267103131,Mouse Moved,372.0,723.0,User19,,
1490267103147,Mouse Moved,372.0,722.0,User19,,
1490267103163,Mouse Moved,372.0,719.0,User19,,
1490267103178,Mouse Moved,372.0,716.0,User19,,
1490267103194,Mouse Moved,372.0,715.0,User19,,
1490267103210,Mouse Moved,372.0,712.0,User19,,
1490267103224,Mouse Moved,372.0,710.0,User19,,
1490267103256,Mouse Moved,372.0,709.0,User19,,
1490267103319,Mouse Moved,372.0,708.0,User19,,
1490267103335,Mouse Moved,372.0,706.0,User19,,
1490267103349,Mouse Moved,373.0,700.0,User19,,
1490267103365,Mouse Moved,375.0,694.0,User19,,
1490267103381,Mouse Moved,377.0,683.0,User19,,
1490267103397,Mouse Moved,379.0,669.0,User19,,
1490267103413,Mouse Moved,380.0,655.0,User19,,
1490267103427,Mouse Moved,383.0,635.0,User19,,
1490267103444,Mouse Moved,384.0,613.0,User19,,
1490267103459,Mouse Moved,385.0,589.0,User19,,
1490267103474,Mouse Moved,386.0,563.0,User19,,
1490267103490,Mouse Moved,386.0,541.0,User19,,
1490267103506,Mouse Moved,384.0,518.0,User19,,
1490267103522,Mouse Moved,379.0,496.0,User19,,
1490267103536,Mouse Moved,375.0,479.0,User19,,
1490267103552,Mouse Moved,370.0,466.0,User19,,
1490267103569,Mouse Moved,366.0,455.0,User19,,
1490267103584,Mouse Moved,360.0,444.0,User19,,
1490267103599,Mouse Moved,356.0,436.0,User19,,
1490267103615,Mouse Moved,352.0,430.0,User19,,
1490267103631,Mouse Moved,348.0,425.0,User19,,
1490267103647,Mouse Moved,344.0,418.0,User19,,
1490267103661,Mouse Moved,340.0,411.0,User19,,
1490267103677,Mouse Moved,337.0,404.0,User19,,
1490267103693,Mouse Moved,331.0,397.0,User19,,
1490267103709,Mouse Moved,326.0,391.0,User19,,
1490267103724,Mouse Moved,320.0,386.0,User19,,
1490267103740,Mouse Moved,312.0,381.0,User19,,
1490267103756,Mouse Moved,306.0,377.0,User19,,
1490267103770,Mouse Moved,300.0,373.0,User19,,
1490267103786,Mouse Moved,295.0,369.0,User19,,
1490267103802,Mouse Moved,289.0,364.0,User19,,
1490267103818,Mouse Moved,284.0,360.0,User19,,
1490267103834,Mouse Moved,277.0,356.0,User19,,
1490267103848,Mouse Moved,273.0,352.0,User19,,
1490267103865,Mouse Moved,269.0,350.0,User19,,
1490267103881,Mouse Moved,265.0,348.0,User19,,
1490267103895,Mouse Moved,262.0,346.0,User19,,
1490267103911,Mouse Moved,262.0,346.0,User19,,
1490267104036,Mouse Moved,262.0,346.0,User19,,
1490267104098,Mouse Moved,262.0,346.0,User19,,
1490267104239,Mouse Moved,262.0,346.0,User19,,
1490267104270,Mouse Moved,262.0,348.0,User19,,
1490267104286,Mouse Moved,262.0,356.0,User19,,
1490267104302,Mouse Moved,263.0,371.0,User19,,
1490267104316,Mouse Moved,268.0,394.0,User19,,
1490267104332,Mouse Moved,269.0,396.0,User19,,
1490267104348,Mouse Moved,270.0,401.0,User19,,
1490267104364,Mouse Moved,275.0,421.0,User19,,
1490267104380,Mouse Moved,280.0,442.0,User19,,
1490267104394,Mouse Moved,288.0,466.0,User19,,
1490267104411,Mouse Moved,295.0,494.0,User19,,
1490267104427,Mouse Moved,302.0,520.0,User19,,
1490267104441,Mouse Moved,309.0,544.0,User19,,
1490267104457,Mouse Moved,317.0,571.0,User19,,
1490267104473,Mouse Moved,323.0,595.0,User19,,
1490267104489,Mouse Moved,328.0,614.0,User19,,
1490267104505,Mouse Moved,333.0,633.0,User19,,
1490267104519,Mouse Moved,336.0,647.0,User19,,
1490267104536,Mouse Moved,339.0,660.0,User19,,
1490267104551,Mouse Moved,340.0,670.0,User19,,
1490267104566,Mouse Moved,342.0,678.0,User19,,
1490267104614,Mouse Moved,343.0,681.0,User19,,
1490267104628,Mouse Moved,344.0,681.0,User19,,
1490267104644,Mouse Moved,344.0,682.0,User19,,
1490267104661,Mouse Moved,344.0,683.0,User19,,
1490267104676,Mouse Moved,344.0,685.0,User19,,
1490267104691,Mouse Moved,344.0,688.0,User19,,
1490267104707,Mouse Moved,344.0,693.0,User19,,
1490267104723,Mouse Moved,344.0,695.0,User19,,
1490267104739,Mouse Moved,344.0,696.0,User19,,
1490267104753,Mouse Moved,344.0,698.0,User19,,
1490267104785,Mouse Moved,344.0,699.0,User19,,
1490267104848,Mouse Moved,344.0,699.0,User19,,
1490267104862,Mouse Button.left Pressed,344.0,699.0,User19,,
1490267104926,Mouse Moved,344.0,699.0,User19,,
1490267105112,Mouse Moved,343.0,699.0,User19,,
1490267105471,Mouse Moved,343.0,698.0,User19,,
1490267105486,Mouse Moved,343.0,697.0,User19,,
1490267105503,Mouse Moved,344.0,694.0,User19,,
1490267105519,Mouse Moved,345.0,692.0,User19,,
1490267105533,Mouse Moved,350.0,684.0,User19,,
1490267105549,Mouse Moved,357.0,673.0,User19,,
1490267105565,Mouse Moved,366.0,660.0,User19,,
1490267105581,Mouse Moved,378.0,642.0,User19,,
1490267105596,Mouse Moved,394.0,615.0,User19,,
1490267105611,Mouse Moved,410.0,590.0,User19,,
1490267105628,Mouse Moved,429.0,560.0,User19,,
1490267105642,Mouse Moved,445.0,535.0,User19,,
1490267105658,Mouse Moved,461.0,510.0,User19,,
1490267105674,Mouse Moved,473.0,492.0,User19,,
1490267105690,Mouse Moved,487.0,472.0,User19,,
1490267105706,Mouse Moved,497.0,458.0,User19,,
1490267105720,Mouse Moved,507.0,443.0,User19,,
1490267105736,Mouse Moved,515.0,434.0,User19,,
1490267105753,Mouse Moved,524.0,422.0,User19,,
1490267105767,Mouse Moved,531.0,415.0,User19,,
1490267105783,Mouse Moved,539.0,406.0,User19,,
1490267105799,Mouse Moved,544.0,399.0,User19,,
1490267105815,Mouse Moved,548.0,396.0,User19,,
1490267105831,Mouse Moved,552.0,390.0,User19,,
1490267105845,Mouse Moved,558.0,383.0,User19,,
1490267105861,Mouse Moved,563.0,378.0,User19,,
1490267105877,Mouse Moved,567.0,374.0,User19,,
1490267105892,Mouse Moved,573.0,368.0,User19,,
1490267105908,Mouse Moved,579.0,363.0,User19,,
1490267105924,Mouse Moved,584.0,359.0,User19,,
1490267105940,Mouse Moved,588.0,354.0,User19,,
1490267105954,Mouse Moved,593.0,351.0,User19,,
1490267105970,Mouse Moved,593.0,350.0,User19,,
1490267106065,Mouse Moved,594.0,351.0,User19,,
1490267106079,Mouse Moved,596.0,353.0,User19,,
1490267106095,Mouse Moved,596.0,356.0,User19,,
1490267106111,Mouse Moved,597.0,358.0,User19,,
1490267106127,Mouse Moved,597.0,359.0,User19,,
1490267106142,Mouse Moved,598.0,361.0,User19,,
1490267106157,Mouse Moved,598.0,363.0,User19,,
1490267106174,Mouse Moved,599.0,363.0,User19,,
1490267106252,Mouse Moved,600.0,363.0,User19,,
1490267106266,Mouse Moved,601.0,363.0,User19,,
1490267106282,Mouse Moved,602.0,363.0,User19,,
1490267106299,Mouse Moved,605.0,363.0,User19,,
1490267106313,Mouse Moved,606.0,363.0,User19,,
1490267106329,Mouse Moved,608.0,363.0,User19,,
1490267106361,Mouse Moved,609.0,362.0,User19,,
1490267106438,Mouse Moved,609.0,362.0,User19,,
1490267106454,Mouse Button.left Released,609.0,362.0,User19,,
1490267107171,Mouse Moved,609.0,363.0,User19,,
1490267107187,Mouse Moved,607.0,364.0,User19,,
1490267107203,Mouse Moved,607.0,367.0,User19,,
1490267107219,Mouse Moved,601.0,368.0,User19,,
1490267107234,Mouse Moved,590.0,369.0,User19,,
1490267107250,Mouse Moved,600.0,366.0,User19,,
1490267110197,Mouse Moved,600.0,365.0,User19,,
1490267110260,Mouse Moved,600.0,364.0,User19,,
1490267110276,Mouse Moved,597.0,362.0,User19,,
1490267110292,Mouse Moved,593.0,359.0,User19,,
1490267110308,Mouse Moved,585.0,356.0,User19,,
1490267110322,Mouse Moved,573.0,351.0,User19,,
1490267110338,Mouse Moved,548.0,341.0,User19,,
1490267110354,Mouse Moved,435.0,264.0,User19,,
1490267110369,Mouse Moved,431.0,262.0,User19,,
1490267110385,Mouse Moved,416.0,247.0,User19,,
1490267110401,Mouse Moved,397.0,227.0,User19,,
1490267110417,Mouse Moved,380.0,212.0,User19,,
1490267110431,Mouse Moved,361.0,195.0,User19,,
1490267110447,Mouse Moved,344.0,184.0,User19,,
1490267110463,Mouse Moved,328.0,174.0,User19,,
1490267110479,Mouse Moved,313.0,167.0,User19,,
1490267110494,Mouse Moved,299.0,160.0,User19,,
1490267110509,Mouse Moved,285.0,154.0,User19,,
1490267110526,Mouse Moved,269.0,147.0,User19,,
1490267110542,Mouse Moved,257.0,141.0,User19,,
1490267110556,Mouse Moved,248.0,136.0,User19,,
1490267110572,Mouse Moved,240.0,131.0,User19,,
1490267110588,Mouse Moved,231.0,125.0,User19,,
1490267110604,Mouse Moved,225.0,120.0,User19,,
1490267110619,Mouse Moved,217.0,115.0,User19,,
1490267110634,Mouse Moved,209.0,111.0,User19,,
1490267110651,Mouse Moved,203.0,107.0,User19,,
1490267110665,Mouse Moved,200.0,106.0,User19,,
1490267110681,Mouse Moved,199.0,111.0,User19,,
1490267110697,Mouse Moved,198.0,115.0,User19,,
1490267110713,Mouse Moved,197.0,120.0,User19,,
1490267110729,Mouse Moved,196.0,124.0,User19,,
1490267110743,Mouse Moved,195.0,127.0,User19,,
1490267110759,Mouse Moved,194.0,130.0,User19,,
1490267110776,Mouse Moved,193.0,133.0,User19,,
1490267110790,Mouse Moved,192.0,136.0,User19,,
1490267110806,Mouse Moved,192.0,138.0,User19,,
1490267110822,Mouse Moved,191.0,140.0,User19,,
1490267110931,Mouse Moved,190.0,141.0,User19,,
1490267111009,Mouse Moved,190.0,141.0,User19,,
1490267111040,Mouse Moved,189.0,141.0,User19,,
1490267111055,Mouse Moved,189.0,143.0,User19,,
1490267111072,Mouse Moved,188.0,145.0,User19,,
1490267111088,Mouse Moved,188.0,149.0,User19,,
1490267111102,Mouse Moved,188.0,152.0,User19,,
1490267111118,Mouse Moved,189.0,157.0,User19,,
1490267111134,Mouse Moved,190.0,163.0,User19,,
1490267111150,Mouse Moved,193.0,171.0,User19,,
1490267111165,Mouse Moved,197.0,181.0,User19,,
1490267111180,Mouse Moved,201.0,194.0,User19,,
1490267111197,Mouse Moved,205.0,208.0,User19,,
1490267111211,Mouse Moved,208.0,222.0,User19,,
1490267111227,Mouse Moved,212.0,235.0,User19,,
1490267111243,Mouse Moved,214.0,246.0,User19,,
1490267111259,Mouse Moved,217.0,258.0,User19,,
1490267111275,Mouse Moved,219.0,270.0,User19,,
1490267111289,Mouse Moved,222.0,283.0,User19,,
1490267111305,Mouse Moved,224.0,296.0,User19,,
1490267111322,Mouse Moved,226.0,307.0,User19,,
1490267111336,Mouse Moved,228.0,319.0,User19,,
1490267111352,Mouse Moved,229.0,328.0,User19,,
1490267111368,Mouse Moved,230.0,337.0,User19,,
1490267111384,Mouse Moved,231.0,344.0,User19,,
1490267111400,Mouse Moved,231.0,349.0,User19,,
1490267111414,Mouse Moved,231.0,354.0,User19,,
1490267111430,Mouse Moved,231.0,359.0,User19,,
1490267111446,Mouse Moved,232.0,363.0,User19,,
1490267111461,Mouse Moved,232.0,369.0,User19,,
1490267111477,Mouse Moved,232.0,375.0,User19,,
1490267111493,Mouse Moved,232.0,380.0,User19,,
1490267111509,Mouse Moved,231.0,384.0,User19,,
1490267111523,Mouse Moved,230.0,387.0,User19,,
1490267111539,Mouse Moved,230.0,390.0,User19,,
1490267111555,Mouse Moved,230.0,393.0,User19,,
1490267111571,Mouse Moved,230.0,397.0,User19,,
1490267111586,Mouse Moved,230.0,402.0,User19,,
1490267111601,Mouse Moved,229.0,405.0,User19,,
1490267111618,Mouse Moved,229.0,408.0,User19,,
1490267111634,Mouse Moved,229.0,410.0,User19,,
1490267111648,Mouse Moved,229.0,413.0,User19,,
1490267111664,Mouse Moved,229.0,415.0,User19,,
1490267111680,Mouse Moved,229.0,416.0,User19,,
1490267111743,Mouse Moved,228.0,416.0,User19,,
1490267111821,Mouse Moved,228.0,416.0,User19,,
1490267111898,Mouse Moved,228.0,417.0,User19,,
1490267111914,Mouse Moved,228.0,419.0,User19,,
1490267111930,Mouse Moved,228.0,422.0,User19,,
1490267111946,Mouse Moved,228.0,426.0,User19,,
1490267111960,Mouse Moved,228.0,433.0,User19,,
1490267111976,Mouse Moved,229.0,440.0,User19,,
1490267111992,Mouse Moved,229.0,449.0,User19,,
1490267112007,Mouse Moved,230.0,456.0,User19,,
1490267112085,Mouse Moved,231.0,460.0,User19,,
1490267112117,Mouse Moved,231.0,459.0,User19,,
1490267112132,Mouse Moved,232.0,458.0,User19,,
1490267112148,Mouse Moved,232.0,455.0,User19,,
1490267112164,Mouse Moved,233.0,451.0,User19,,
1490267112180,Mouse Moved,233.0,445.0,User19,,
1490267112194,Mouse Moved,233.0,441.0,User19,,
1490267112210,Mouse Moved,233.0,437.0,User19,,
1490267112273,Mouse Moved,233.0,436.0,User19,,
1490267112367,Mouse Moved,233.0,436.0,User19,,
1490267112414,Mouse Moved,234.0,435.0,User19,,
1490267112428,Mouse Moved,234.0,434.0,User19,,
1490267112476,Mouse Moved,234.0,433.0,User19,,
1490267112506,Mouse Moved,234.0,432.0,User19,,
1490267112538,Mouse Moved,234.0,431.0,User19,,
1490267112585,Mouse Moved,234.0,430.0,User19,,
1490267112601,Mouse Moved,234.0,430.0,User19,,
1490267112678,Mouse Moved,234.0,430.0,User19,,
1490267112726,Mouse Moved,234.0,431.0,User19,,
1490267112772,Mouse Moved,234.0,432.0,User19,,
1490267112819,Mouse Moved,234.0,433.0,User19,,
1490267112835,Mouse Moved,234.0,434.0,User19,,
1490267112849,Mouse Moved,234.0,435.0,User19,,
1490267112881,Mouse Moved,234.0,437.0,User19,,
1490267112927,Mouse Moved,234.0,438.0,User19,,
1490267113099,Mouse Moved,234.0,439.0,User19,,
1490267113115,Mouse Moved,234.0,440.0,User19,,
1490267113161,Mouse Moved,234.0,440.0,User19,,
1490267113224,Mouse Moved,234.0,440.0,User19,,
1490267113286,Mouse Moved,234.0,441.0,User19,,
1490267113302,Mouse Moved,234.0,442.0,User19,,
1490267113318,Mouse Moved,234.0,443.0,User19,,
1490267113334,Mouse Moved,235.0,445.0,User19,,
1490267113349,Mouse Moved,237.0,448.0,User19,,
1490267113365,Mouse Moved,239.0,452.0,User19,,
1490267113381,Mouse Moved,242.0,456.0,User19,,
1490267113395,Mouse Moved,247.0,463.0,User19,,
1490267113411,Mouse Moved,250.0,469.0,User19,,
1490267113427,Mouse Moved,254.0,476.0,User19,,
1490267113443,Mouse Moved,258.0,482.0,User19,,
1490267113459,Mouse Moved,261.0,489.0,User19,,
1490267113473,Mouse Moved,263.0,492.0,User19,,
1490267113490,Mouse Moved,265.0,496.0,User19,,
1490267113506,Mouse Moved,265.0,501.0,User19,,
1490267113520,Mouse Moved,268.0,506.0,User19,,
1490267113536,Mouse Moved,269.0,512.0,User19,,
1490267113552,Mouse Moved,271.0,516.0,User19,,
1490267113568,Mouse Moved,272.0,519.0,User19,,
1490267113584,Mouse Moved,273.0,523.0,User19,,
1490267113598,Mouse Moved,275.0,525.0,User19,,
1490267113615,Mouse Moved,276.0,528.0,User19,,
1490267113630,Mouse Moved,278.0,530.0,User19,,
1490267113645,Mouse Moved,278.0,533.0,User19,,
1490267113661,Mouse Moved,278.0,534.0,User19,,
1490267113677,Mouse Moved,279.0,535.0,User19,,
1490267113693,Mouse Moved,280.0,536.0,User19,,
1490267113707,Mouse Moved,280.0,538.0,User19,,
1490267113723,Mouse Moved,280.0,539.0,User19,,
1490267113740,Mouse Moved,280.0,541.0,User19,,
1490267113880,Mouse Moved,280.0,542.0,User19,,
1490267113973,Mouse Moved,280.0,542.0,User19,,
1490267114286,Mouse Moved,279.0,542.0,User19,,
1490267114301,Mouse Moved,278.0,543.0,User19,,
1490267114316,Mouse Moved,277.0,544.0,User19,,
1490267114332,Mouse Moved,275.0,546.0,User19,,
1490267114348,Mouse Moved,273.0,548.0,User19,,
1490267114364,Mouse Moved,272.0,549.0,User19,,
1490267114378,Mouse Moved,271.0,550.0,User19,,
1490267114457,Mouse Moved,269.0,550.0,User19,,
1490267114473,Mouse Moved,269.0,551.0,User19,,
1490267114487,Mouse Moved,268.0,552.0,User19,,
1490267114503,Mouse Moved,267.0,553.0,User19,,
1490267114519,Mouse Moved,266.0,553.0,User19,,
1490267114769,Mouse Moved,266.0,552.0,User19,,
1490267114799,Mouse Moved,266.0,551.0,User19,,
1490267114815,Mouse Moved,267.0,544.0,User19,,
1490267114832,Mouse Moved,267.0,535.0,User19,,
1490267114846,Mouse Moved,268.0,526.0,User19,,
1490267114862,Mouse Moved,268.0,515.0,User19,,
1490267114878,Mouse Moved,268.0,502.0,User19,,
1490267114894,Mouse Moved,267.0,493.0,User19,,
1490267114910,Mouse Moved,266.0,482.0,User19,,
1490267114924,Mouse Moved,264.0,472.0,User19,,
1490267114940,Mouse Moved,262.0,463.0,User19,,
1490267114956,Mouse Moved,261.0,455.0,User19,,
1490267114971,Mouse Moved,259.0,446.0,User19,,
1490267115065,Mouse Moved,259.0,445.0,User19,,
1490267115158,Mouse Moved,259.0,444.0,User19,,
1490267115190,Mouse Moved,259.0,443.0,User19,,
1490267115253,Mouse Moved,259.0,443.0,User19,,
1490267115267,Mouse Moved,259.0,442.0,User19,,
1490267115331,Mouse Moved,259.0,442.0,User19,,
1490267115345,Mouse Button.left Released,259.0,442.0,User19,,
1490267115424,Mouse Moved,259.0,443.0,User19,,
1490267115440,Mouse Moved,259.0,445.0,User19,,
1490267115456,Mouse Moved,258.0,447.0,User19,,
1490267115470,Mouse Moved,256.0,450.0,User19,,
1490267115486,Mouse Moved,253.0,456.0,User19,,
1490267115502,Mouse Moved,250.0,462.0,User19,,
1490267115517,Mouse Moved,246.0,470.0,User19,,
1490267115533,Mouse Moved,244.0,479.0,User19,,
1490267115549,Mouse Moved,242.0,488.0,User19,,
1490267115565,Mouse Moved,240.0,495.0,User19,,
1490267115579,Mouse Moved,238.0,502.0,User19,,
1490267115595,Mouse Moved,236.0,509.0,User19,,
1490267115611,Mouse Moved,235.0,515.0,User19,,
1490267115627,Mouse Moved,233.0,522.0,User19,,
1490267115642,Mouse Moved,232.0,525.0,User19,,
1490267115657,Mouse Moved,231.0,531.0,User19,,
1490267115674,Mouse Moved,230.0,536.0,User19,,
1490267115690,Mouse Moved,229.0,539.0,User19,,
1490267115704,Mouse Moved,229.0,541.0,User19,,
1490267115720,Mouse Moved,229.0,542.0,User19,,
1490267115736,Mouse Moved,228.0,543.0,User19,,
1490267115752,Mouse Moved,228.0,545.0,User19,,
1490267115767,Mouse Moved,228.0,546.0,User19,,
1490267115782,Mouse Moved,228.0,547.0,User19,,
1490267115799,Mouse Moved,228.0,548.0,User19,,
1490267115813,Mouse Moved,228.0,549.0,User19,,
1490267115877,Mouse Moved,228.0,550.0,User19,,
1490267115938,Mouse Moved,229.0,550.0,User19,,
1490267115970,Mouse Moved,230.0,550.0,User19,,
1490267116002,Mouse Moved,231.0,550.0,User19,,
1490267116016,Mouse Moved,233.0,550.0,User19,,
1490267116032,Mouse Moved,235.0,550.0,User19,,
1490267116048,Mouse Moved,238.0,550.0,User19,,
1490267116063,Mouse Moved,240.0,550.0,User19,,
1490267116079,Mouse Moved,242.0,550.0,User19,,
1490267116095,Mouse Moved,244.0,550.0,User19,,
1490267116111,Mouse Moved,246.0,550.0,User19,,
1490267116125,Mouse Moved,249.0,551.0,User19,,
1490267116141,Mouse Moved,252.0,552.0,User19,,
1490267116157,Mouse Moved,257.0,553.0,User19,,
1490267116173,Mouse Moved,259.0,553.0,User19,,
1490267116188,Mouse Moved,260.0,553.0,User19,,
1490267116391,Mouse Moved,261.0,553.0,User19,,
1490267117826,Mouse Moved,261.0,552.0,User19,,
1490267117842,Mouse Moved,261.0,551.0,User19,,
1490267117858,Mouse Moved,262.0,547.0,User19,,
1490267117872,Mouse Moved,262.0,544.0,User19,,
1490267117888,Mouse Moved,264.0,538.0,User19,,
1490267117920,Mouse Moved,264.0,535.0,User19,,
1490267117950,Mouse Moved,265.0,534.0,User19,,
1490267117967,Mouse Moved,265.0,533.0,User19,,
1490267117983,Mouse Moved,265.0,532.0,User19,,
1490267117997,Mouse Moved,266.0,530.0,User19,,
1490267118013,Mouse Moved,268.0,528.0,User19,,
1490267118029,Mouse Moved,269.0,522.0,User19,,
1490267118045,Mouse Moved,270.0,520.0,User19,,
1490267118061,Mouse Moved,271.0,518.0,User19,,
1490267118075,Mouse Moved,272.0,514.0,User19,,
1490267118092,Mouse Moved,273.0,512.0,User19,,
1490267118107,Mouse Moved,274.0,509.0,User19,,
1490267118122,Mouse Moved,276.0,506.0,User19,,
1490267118138,Mouse Moved,278.0,501.0,User19,,
1490267118154,Mouse Moved,280.0,497.0,User19,,
1490267118170,Mouse Moved,282.0,495.0,User19,,
1490267118184,Mouse Moved,282.0,493.0,User19,,
1490267118200,Mouse Moved,283.0,492.0,User19,,
1490267118217,Mouse Moved,284.0,492.0,User19,,
1490267118232,Mouse Moved,285.0,490.0,User19,,
1490267118247,Mouse Moved,286.0,489.0,User19,,
1490267118263,Mouse Moved,286.0,486.0,User19,,
1490267118279,Mouse Moved,288.0,484.0,User19,,
1490267118295,Mouse Moved,289.0,482.0,User19,,
1490267118309,Mouse Moved,290.0,481.0,User19,,
1490267118325,Mouse Moved,291.0,480.0,User19,,
1490267118341,Mouse Moved,291.0,478.0,User19,,
1490267118357,Mouse Moved,293.0,477.0,User19,,
1490267118372,Mouse Moved,294.0,474.0,User19,,
1490267118388,Mouse Button.left Pressed,294.0,474.0,User19,,
1490267118482,Mouse Moved,294.0,474.0,User19,,
1490267118543,Mouse Moved,294.0,475.0,User19,,
1490267118559,Mouse Moved,294.0,476.0,User19,,
1490267118575,Mouse Moved,293.0,476.0,User19,,
1490267118591,Mouse Moved,292.0,479.0,User19,,
1490267118607,Mouse Moved,290.0,482.0,User19,,
1490267118621,Mouse Moved,288.0,487.0,User19,,
1490267118638,Mouse Moved,286.0,494.0,User19,,
1490267118653,Mouse Moved,283.0,500.0,User19,,
1490267118668,Mouse Moved,280.0,507.0,User19,,
1490267118684,Mouse Moved,278.0,515.0,User19,,
1490267118700,Mouse Moved,275.0,519.0,User19,,
1490267118716,Mouse Moved,274.0,524.0,User19,,
1490267118730,Mouse Moved,273.0,526.0,User19,,
1490267118918,Mouse Moved,273.0,527.0,User19,,
1490267118934,Mouse Moved,274.0,527.0,User19,,
1490267118950,Mouse Moved,278.0,527.0,User19,,
1490267118964,Mouse Moved,286.0,527.0,User19,,
1490267118980,Mouse Moved,294.0,527.0,User19,,
1490267118996,Mouse Moved,307.0,527.0,User19,,
1490267119012,Mouse Moved,326.0,528.0,User19,,
1490267119028,Mouse Moved,352.0,533.0,User19,,
1490267119042,Mouse Moved,381.0,537.0,User19,,
1490267119059,Mouse Moved,423.0,544.0,User19,,
1490267119075,Mouse Moved,472.0,551.0,User19,,
1490267119089,Mouse Moved,520.0,558.0,User19,,
1490267119105,Mouse Moved,576.0,569.0,User19,,
1490267119121,Mouse Moved,617.0,576.0,User19,,
1490267119137,Mouse Moved,667.0,584.0,User19,,
1490267119153,Mouse Moved,714.0,592.0,User19,,
1490267119167,Mouse Moved,762.0,601.0,User19,,
1490267119184,Mouse Moved,819.0,611.0,User19,,
1490267119198,Mouse Moved,868.0,621.0,User19,,
1490267119214,Mouse Moved,916.0,630.0,User19,,
1490267119230,Mouse Moved,967.0,639.0,User19,,
1490267119246,Mouse Moved,1008.0,647.0,User19,,
1490267119262,Mouse Moved,1043.0,652.0,User19,,
1490267119276,Mouse Moved,1072.0,656.0,User19,,
1490267119292,Mouse Moved,1095.0,659.0,User19,,
1490267119309,Mouse Moved,1116.0,663.0,User19,,
1490267119323,Mouse Moved,1135.0,665.0,User19,,
1490267119339,Mouse Moved,1149.0,668.0,User19,,
1490267119355,Mouse Moved,1163.0,672.0,User19,,
1490267119371,Mouse Moved,1177.0,676.0,User19,,
1490267119387,Mouse Moved,1189.0,679.0,User19,,
1490267119401,Mouse Moved,1201.0,682.0,User19,,
1490267119417,Mouse Moved,1212.0,684.0,User19,,
1490267119433,Mouse Moved,1227.0,686.0,User19,,
1490267119448,Mouse Moved,1364.0,704.0,User19,,
1490267119542,Mouse Moved,1386.0,707.0,User19,,
1490267119605,Mouse Moved,1387.0,707.0,User19,,
1490267119621,Mouse Moved,1389.0,707.0,User19,,
1490267119635,Mouse Moved,1391.0,707.0,User19,,
1490267119651,Mouse Moved,1394.0,707.0,User19,,
1490267119667,Mouse Moved,1396.0,707.0,User19,,
1490267119683,Mouse Moved,1398.0,707.0,User19,,
1490267119698,Mouse Moved,1400.0,706.0,User19,,
1490267119713,Mouse Moved,1403.0,706.0,User19,,
1490267119730,Mouse Moved,1406.0,706.0,User19,,
1490267119744,Mouse Moved,1408.0,705.0,User19,,
1490267119760,Mouse Moved,1410.0,705.0,User19,,
1490267119776,Mouse Moved,1411.0,705.0,User19,,
1490267119792,Mouse Moved,1412.0,705.0,User19,,
1490267119808,Mouse Moved,1414.0,704.0,User19,,
1490267119822,Mouse Moved,1415.0,704.0,User19,,
1490267119838,Mouse Moved,1417.0,704.0,User19,,
1490267119855,Mouse Moved,1418.0,704.0,User19,,
1490267119917,Mouse Moved,1418.0,704.0,User19,,
1490267119994,Mouse Moved,1417.0,704.0,User19,,
1490267120010,Mouse Moved,1416.0,704.0,User19,,
1490267120026,Mouse Moved,1412.0,705.0,User19,,
1490267120042,Mouse Moved,1407.0,706.0,User19,,
1490267120056,Mouse Moved,1400.0,708.0,User19,,
1490267120072,Mouse Moved,1390.0,710.0,User19,,
1490267120088,Mouse Moved,1381.0,711.0,User19,,
1490267120104,Mouse Moved,1370.0,713.0,User19,,
1490267120119,Mouse Moved,1354.0,714.0,User19,,
1490267120134,Mouse Moved,1337.0,716.0,User19,,
1490267120151,Mouse Moved,1315.0,716.0,User19,,
1490267120167,Mouse Moved,1292.0,717.0,User19,,
1490267120181,Mouse Moved,1264.0,717.0,User19,,
1490267120197,Mouse Moved,1234.0,715.0,User19,,
1490267120213,Mouse Moved,1201.0,712.0,User19,,
1490267120229,Mouse Moved,1164.0,708.0,User19,,
1490267120244,Mouse Moved,1131.0,704.0,User19,,
1490267120259,Mouse Moved,1090.0,700.0,User19,,
1490267120276,Mouse Moved,1044.0,696.0,User19,,
1490267120290,Mouse Moved,998.0,692.0,User19,,
1490267120306,Mouse Moved,947.0,687.0,User19,,
1490267120322,Mouse Moved,903.0,683.0,User19,,
1490267120338,Mouse Moved,849.0,678.0,User19,,
1490267120354,Mouse Moved,802.0,674.0,User19,,
1490267120368,Mouse Moved,751.0,667.0,User19,,
1490267120384,Mouse Moved,703.0,660.0,User19,,
1490267120401,Mouse Moved,660.0,654.0,User19,,
1490267120415,Mouse Moved,616.0,648.0,User19,,
1490267120431,Mouse Moved,578.0,642.0,User19,,
1490267120447,Mouse Moved,537.0,637.0,User19,,
1490267120463,Mouse Moved,508.0,633.0,User19,,
1490267120479,Mouse Moved,267.0,583.0,User19,,
1490267120509,Mouse Moved,265.0,580.0,User19,,
1490267120525,Mouse Moved,264.0,577.0,User19,,
1490267120540,Mouse Moved,264.0,576.0,User19,,
1490267120556,Mouse Moved,263.0,574.0,User19,,
1490267120572,Mouse Moved,262.0,570.0,User19,,
1490267120588,Mouse Moved,262.0,568.0,User19,,
1490267120602,Mouse Moved,261.0,568.0,User19,,
1490267120665,Mouse Moved,261.0,567.0,User19,,
1490267120680,Mouse Moved,261.0,566.0,User19,,
1490267120697,Mouse Moved,262.0,565.0,User19,,
1490267120713,Mouse Moved,262.0,564.0,User19,,
1490267120727,Mouse Moved,263.0,564.0,User19,,
1490267120743,Mouse Moved,264.0,563.0,User19,,
1490267120759,Mouse Moved,265.0,563.0,User19,,
1490267120775,Mouse Moved,265.0,562.0,User19,,
1490267120790,Mouse Moved,267.0,561.0,User19,,
1490267120805,Mouse Moved,268.0,561.0,User19,,
1490267120836,Mouse Moved,268.0,560.0,User19,,
1490267120884,Mouse Moved,270.0,560.0,User19,,
1490267121664,Mouse Moved,270.0,560.0,User19,,
1490267121757,Mouse Moved,270.0,560.0,User19,,
1490267122163,Mouse Moved,269.0,560.0,User19,,
1490267122709,Mouse Moved,269.0,559.0,User19,,
1490267122724,Mouse Moved,272.0,557.0,User19,,
1490267122740,Mouse Moved,277.0,556.0,User19,,
1490267122756,Mouse Moved,282.0,556.0,User19,,
1490267122772,Mouse Moved,287.0,558.0,User19,,
1490267122786,Mouse Moved,291.0,560.0,User19,,
1490267122802,Mouse Moved,291.0,561.0,User19,,
1490267122819,Mouse Moved,294.0,563.0,User19,,
1490267122834,Mouse Moved,298.0,565.0,User19,,
1490267122849,Mouse Moved,302.0,566.0,User19,,
1490267122865,Mouse Moved,306.0,568.0,User19,,
1490267122881,Mouse Moved,312.0,569.0,User19,,
1490267122943,Mouse Moved,316.0,571.0,User19,,
1490267122959,Mouse Moved,317.0,571.0,User19,,
1490267122974,Mouse Moved,318.0,574.0,User19,,
1490267122990,Mouse Moved,321.0,575.0,User19,,
1490267123006,Mouse Moved,322.0,574.0,User19,,
1490267123020,Mouse Moved,323.0,576.0,User19,,
1490267123036,Mouse Moved,322.0,576.0,User19,,
1490267123068,Mouse Moved,321.0,577.0,User19,,
1490267123098,Mouse Moved,323.0,578.0,User19,,
1490267123115,Mouse Moved,324.0,578.0,User19,,
1490267123131,Mouse Moved,325.0,578.0,User19,,
1490267123145,Mouse Moved,324.0,580.0,User19,,
1490267123161,Mouse Moved,329.0,581.0,User19,,
1490267123177,Mouse Moved,330.0,582.0,User19,,
1490267123193,Mouse Moved,331.0,582.0,User19,,
1490267123209,Mouse Moved,333.0,582.0,User19,,
1490267123223,Mouse Moved,332.0,583.0,User19,,
1490267123240,Mouse Moved,336.0,583.0,User19,,
1490267123332,Mouse Moved,336.0,582.0,User19,,
1490267123427,Mouse Moved,336.0,580.0,User19,,
1490267123457,Mouse Moved,336.0,579.0,User19,,
1490267123489,Mouse Moved,336.0,578.0,User19,,
1490267123520,Mouse Moved,337.0,575.0,User19,,
1490267123536,Mouse Moved,337.0,574.0,User19,,
1490267123552,Mouse Moved,337.0,573.0,User19,,
1490267123566,Mouse Moved,337.0,571.0,User19,,
1490267123582,Mouse Moved,337.0,570.0,User19,,
1490267123598,Mouse Moved,337.0,568.0,User19,,
1490267123614,Mouse Moved,337.0,567.0,User19,,
1490267123630,Mouse Moved,337.0,565.0,User19,,
1490267123644,Mouse Moved,337.0,564.0,User19,,
1490267123661,Mouse Moved,337.0,562.0,User19,,
1490267123677,Mouse Moved,337.0,560.0,User19,,
1490267123691,Mouse Moved,337.0,556.0,User19,,
1490267123707,Mouse Moved,337.0,553.0,User19,,
1490267123723,Mouse Moved,337.0,549.0,User19,,
1490267123739,Mouse Moved,337.0,545.0,User19,,
1490267123755,Mouse Moved,337.0,540.0,User19,,
1490267123769,Mouse Moved,337.0,539.0,User19,,
1490267123786,Mouse Moved,336.0,538.0,User19,,
1490267123801,Mouse Moved,336.0,537.0,User19,,
1490267123816,Mouse Moved,336.0,535.0,User19,,
1490267123832,Mouse Moved,336.0,533.0,User19,,
1490267123848,Mouse Moved,336.0,532.0,User19,,
1490267123864,Mouse Moved,336.0,530.0,User19,,
1490267123878,Mouse Moved,336.0,529.0,User19,,
1490267123894,Mouse Moved,336.0,528.0,User19,,
1490267123911,Mouse Moved,335.0,527.0,User19,,
1490267124535,Mouse Moved,335.0,526.0,User19,,
1490267124549,Mouse Moved,335.0,520.0,User19,,
1490267124565,Mouse Moved,333.0,517.0,User19,,
1490267124581,Mouse Moved,332.0,515.0,User19,,
1490267124596,Mouse Moved,329.0,511.0,User19,,
1490267124612,Mouse Moved,325.0,508.0,User19,,
1490267124628,Mouse Moved,320.0,505.0,User19,,
1490267124644,Mouse Moved,316.0,503.0,User19,,
1490267124658,Mouse Moved,311.0,502.0,User19,,
1490267124674,Mouse Moved,307.0,501.0,User19,,
1490267124690,Mouse Moved,304.0,501.0,User19,,
1490267124706,Mouse Moved,302.0,500.0,User19,,
1490267124721,Mouse Moved,301.0,500.0,User19,,
1490267124753,Mouse Moved,300.0,500.0,User19,,
1490267124799,Mouse Moved,299.0,500.0,User19,,
1490267124815,Mouse Moved,298.0,500.0,User19,,
1490267124846,Mouse Moved,296.0,501.0,User19,,
1490267124861,Mouse Moved,294.0,502.0,User19,,
1490267124878,Mouse Moved,292.0,503.0,User19,,
1490267124892,Mouse Moved,289.0,505.0,User19,,
1490267124908,Mouse Moved,287.0,506.0,User19,,
1490267124924,Mouse Moved,284.0,507.0,User19,,
1490267124956,Mouse Moved,282.0,508.0,User19,,
1490267125720,Mouse Moved,283.0,508.0,User19,,
1490267125736,Mouse Moved,283.0,507.0,User19,,
1490267125782,Mouse Moved,284.0,507.0,User19,,
1490267125798,Mouse Moved,284.0,506.0,User19,,
1490267125845,Mouse Moved,285.0,506.0,User19,,
1490267126078,Mouse Moved,285.0,505.0,User19,,
1490267126141,Mouse Moved,285.0,505.0,User19,,
1490267126234,Mouse Moved,285.0,505.0,User19,,
1490267126296,Mouse Moved,285.0,505.0,User19,,
1490267126312,Mouse Button.left Released,285.0,505.0,User19,,
1490267126555,Mouse Moved,284.0,505.0,User19,,
1490267126884,Mouse Moved,283.0,504.0,User19,,
1490267126898,Mouse Moved,282.0,502.0,User19,,
1490267126914,Mouse Moved,280.0,498.0,User19,,
1490267126930,Mouse Moved,279.0,492.0,User19,,
1490267126946,Mouse Moved,275.0,484.0,User19,,
1490267126961,Mouse Moved,270.0,474.0,User19,,
1490267126976,Mouse Moved,266.0,462.0,User19,,
1490267126993,Mouse Moved,258.0,443.0,User19,,
1490267127009,Mouse Moved,249.0,420.0,User19,,
1490267127023,Mouse Moved,238.0,395.0,User19,,
1490267127039,Mouse Moved,230.0,374.0,User19,,
1490267127055,Mouse Moved,222.0,357.0,User19,,
1490267127071,Mouse Moved,217.0,345.0,User19,,
1490267127086,Mouse Moved,213.0,335.0,User19,,
1490267127101,Mouse Moved,209.0,329.0,User19,,
1490267127118,Mouse Moved,207.0,325.0,User19,,
1490267127132,Mouse Moved,205.0,322.0,User19,,
1490267127148,Mouse Moved,205.0,321.0,User19,,
1490267127226,Mouse Moved,205.0,319.0,User19,,
1490267127243,Mouse Moved,204.0,316.0,User19,,
1490267127257,Mouse Moved,204.0,308.0,User19,,
1490267127273,Mouse Moved,204.0,304.0,User19,,
1490267127289,Mouse Moved,204.0,299.0,User19,,
1490267127305,Mouse Moved,204.0,296.0,User19,,
1490267127321,Mouse Moved,204.0,292.0,User19,,
1490267127335,Mouse Moved,205.0,290.0,User19,,
1490267127351,Mouse Moved,205.0,287.0,User19,,
1490267127367,Mouse Moved,207.0,284.0,User19,,
1490267127382,Mouse Moved,208.0,281.0,User19,,
1490267127398,Mouse Moved,210.0,277.0,User19,,
1490267127414,Mouse Moved,212.0,275.0,User19,,
1490267127430,Mouse Moved,213.0,273.0,User19,,
1490267127444,Mouse Moved,214.0,271.0,User19,,
1490267127460,Mouse Moved,214.0,270.0,User19,,
1490267127476,Mouse Moved,216.0,267.0,User19,,
1490267127492,Mouse Moved,218.0,264.0,User19,,
1490267127507,Mouse Moved,221.0,259.0,User19,,
1490267127523,Mouse Moved,225.0,252.0,User19,,
1490267127539,Mouse Moved,229.0,245.0,User19,,
1490267127555,Mouse Moved,233.0,235.0,User19,,
1490267127569,Mouse Moved,237.0,225.0,User19,,
1490267127585,Mouse Moved,241.0,215.0,User19,,
1490267127601,Mouse Moved,245.0,207.0,User19,,
1490267127617,Mouse Moved,248.0,198.0,User19,,
1490267127632,Mouse Moved,252.0,190.0,User19,,
1490267127648,Mouse Moved,258.0,175.0,User19,,
1490267127664,Mouse Moved,259.0,169.0,User19,,
1490267127678,Mouse Moved,259.0,168.0,User19,,
1490267127694,Mouse Moved,260.0,167.0,User19,,
1490267127710,Mouse Moved,261.0,164.0,User19,,
1490267127960,Mouse Moved,262.0,165.0,User19,,
1490267127976,Mouse Moved,261.0,165.0,User19,,
1490267127990,Mouse Moved,261.0,167.0,User19,,
1490267128006,Mouse Moved,261.0,168.0,User19,,
1490267128085,Mouse Moved,261.0,169.0,User19,,
1490267128101,Mouse Button.left Pressed,261.0,169.0,User19,,
1490267128163,Mouse Moved,261.0,169.0,User19,,
1490267128224,Mouse Moved,261.0,168.0,User19,,
1490267128240,Mouse Moved,261.0,167.0,User19,,
1490267128256,Mouse Moved,261.0,166.0,User19,,
1490267128272,Mouse Moved,262.0,165.0,User19,,
1490267128288,Mouse Moved,263.0,159.0,User19,,
1490267128302,Mouse Moved,264.0,156.0,User19,,
1490267128319,Mouse Moved,264.0,155.0,User19,,
1490267128335,Mouse Moved,264.0,151.0,User19,,
1490267128349,Mouse Moved,264.0,148.0,User19,,
1490267128365,Mouse Moved,265.0,145.0,User19,,
1490267128381,Mouse Moved,265.0,142.0,User19,,
1490267128397,Mouse Moved,266.0,138.0,User19,,
1490267128413,Mouse Moved,266.0,135.0,User19,,
1490267128427,Mouse Moved,267.0,132.0,User19,,
1490267128444,Mouse Moved,267.0,131.0,User19,,
1490267128490,Mouse Moved,268.0,129.0,User19,,
1490267128522,Mouse Moved,268.0,128.0,User19,,
1490267128536,Mouse Moved,269.0,126.0,User19,,
1490267128552,Mouse Moved,270.0,124.0,User19,,
1490267128569,Mouse Moved,271.0,121.0,User19,,
1490267128584,Mouse Moved,276.0,111.0,User19,,
1490267128599,Mouse Moved,282.0,104.0,User19,,
1490267128615,Mouse Moved,283.0,103.0,User19,,
1490267128631,Mouse Moved,286.0,99.0,User19,,
1490267128647,Mouse Moved,291.0,92.0,User19,,
1490267128661,Mouse Moved,298.0,85.0,User19,,
1490267128677,Mouse Moved,303.0,79.0,User19,,
1490267128693,Mouse Moved,310.0,71.0,User19,,
1490267128709,Mouse Moved,317.0,66.0,User19,,
1490267128724,Mouse Moved,322.0,62.0,User19,,
1490267128740,Mouse Moved,326.0,58.0,User19,,
1490267128756,Mouse Moved,328.0,55.0,User19,,
1490267128770,Mouse Moved,330.0,54.0,User19,,
1490267128786,Mouse Moved,331.0,52.0,User19,,
1490267128802,Mouse Moved,333.0,50.0,User19,,
1490267128818,Mouse Moved,334.0,48.0,User19,,
1490267128834,Mouse Moved,334.0,46.0,User19,,
1490267128848,Mouse Moved,336.0,44.0,User19,,
1490267128865,Mouse Moved,336.0,43.0,User19,,
1490267128911,Mouse Moved,337.0,42.0,User19,,
1490267128927,Mouse Moved,337.0,41.0,User19,,
1490267128943,Mouse Moved,337.0,40.0,User19,,
1490267128959,Mouse Moved,338.0,39.0,User19,,
1490267128973,Mouse Moved,338.0,38.0,User19,,
1490267129005,Mouse Moved,339.0,37.0,User19,,
1490267129020,Mouse Moved,340.0,37.0,User19,,
1490267129036,Mouse Moved,341.0,36.0,User19,,
1490267129098,Mouse Moved,342.0,36.0,User19,,
1490267129177,Mouse Moved,342.0,36.0,User19,,
1490267129237,Mouse Moved,342.0,37.0,User19,,
1490267129260,Mouse Moved,342.0,38.0,User19,,
1490267129282,Mouse Moved,342.0,39.0,User19,,
1490267129289,Mouse Moved,341.0,39.0,User19,,
1490267129301,Mouse Moved,341.0,40.0,User19,,
1490267129323,Mouse Moved,340.0,40.0,User19,,
1490267129339,Mouse Moved,336.0,49.0,User19,,
1490267129355,Mouse Moved,331.0,58.0,User19,,
1490267129371,Mouse Moved,323.0,73.0,User19,,
1490267129387,Mouse Moved,318.0,84.0,User19,,
1490267129401,Mouse Moved,314.0,93.0,User19,,
1490267129417,Mouse Moved,310.0,102.0,User19,,
1490267129433,Mouse Moved,307.0,109.0,User19,,
1490267129448,Mouse Moved,306.0,113.0,User19,,
1490267129464,Mouse Moved,302.0,121.0,User19,,
1490267129480,Mouse Moved,297.0,135.0,User19,,
1490267129496,Mouse Moved,291.0,148.0,User19,,
1490267129510,Mouse Moved,287.0,158.0,User19,,
1490267129526,Mouse Moved,285.0,166.0,User19,,
1490267129542,Mouse Moved,281.0,175.0,User19,,
1490267129558,Mouse Moved,279.0,184.0,User19,,
1490267129573,Mouse Moved,276.0,192.0,User19,,
1490267129588,Mouse Moved,272.0,204.0,User19,,
1490267129605,Mouse Moved,269.0,215.0,User19,,
1490267129621,Mouse Moved,266.0,223.0,User19,,
1490267129635,Mouse Moved,263.0,233.0,User19,,
1490267129651,Mouse Moved,261.0,243.0,User19,,
1490267129667,Mouse Moved,259.0,252.0,User19,,
1490267129683,Mouse Moved,258.0,259.0,User19,,
1490267129698,Mouse Moved,258.0,269.0,User19,,
1490267129713,Mouse Moved,258.0,280.0,User19,,
1490267129730,Mouse Moved,257.0,290.0,User19,,
1490267129744,Mouse Moved,257.0,299.0,User19,,
1490267129760,Mouse Moved,257.0,309.0,User19,,
1490267129776,Mouse Moved,257.0,318.0,User19,,
1490267129792,Mouse Moved,258.0,328.0,User19,,
1490267129808,Mouse Moved,258.0,331.0,User19,,
1490267129822,Mouse Moved,259.0,338.0,User19,,
1490267129838,Mouse Moved,260.0,349.0,User19,,
1490267129855,Mouse Moved,262.0,358.0,User19,,
1490267129869,Mouse Moved,263.0,368.0,User19,,
1490267129885,Mouse Moved,265.0,377.0,User19,,
1490267129901,Mouse Moved,267.0,390.0,User19,,
1490267129917,Mouse Moved,269.0,402.0,User19,,
1490267129933,Mouse Moved,270.0,414.0,User19,,
1490267129947,Mouse Moved,271.0,424.0,User19,,
1490267129963,Mouse Moved,272.0,434.0,User19,,
1490267129979,Mouse Moved,274.0,443.0,User19,,
1490267129994,Mouse Moved,275.0,451.0,User19,,
1490267130010,Mouse Moved,276.0,461.0,User19,,
1490267130026,Mouse Moved,278.0,470.0,User19,,
1490267130042,Mouse Moved,281.0,477.0,User19,,
1490267130056,Mouse Moved,283.0,483.0,User19,,
1490267130354,Mouse Moved,284.0,486.0,User19,,
1490267130415,Mouse Moved,284.0,486.0,User19,,
1490267130431,Mouse Button.left Released,284.0,486.0,User19,,
1490267130493,Mouse Moved,284.0,486.0,User19,,
1490267130584,Mouse Moved,284.0,486.0,User19,,
1490267130585,Mouse Button.left Released,284.0,486.0,User19,,
1490267130716,Mouse Moved,284.0,485.0,User19,,
1490267130730,Mouse Moved,284.0,484.0,User19,,
1490267130746,Mouse Moved,284.0,479.0,User19,,
1490267130762,Mouse Moved,284.0,470.0,User19,,
1490267130778,Mouse Moved,284.0,461.0,User19,,
1490267130793,Mouse Moved,283.0,450.0,User19,,
1490267130809,Mouse Moved,283.0,440.0,User19,,
1490267130825,Mouse Moved,282.0,430.0,User19,,
1490267130839,Mouse Moved,281.0,419.0,User19,,
1490267130855,Mouse Moved,280.0,410.0,User19,,
1490267130871,Mouse Moved,278.0,401.0,User19,,
1490267130887,Mouse Moved,276.0,386.0,User19,,
1490267130903,Mouse Moved,275.0,379.0,User19,,
1490267130917,Mouse Moved,275.0,370.0,User19,,
1490267130934,Mouse Moved,275.0,361.0,User19,,
1490267130950,Mouse Moved,275.0,351.0,User19,,
1490267130964,Mouse Moved,275.0,339.0,User19,,
1490267130980,Mouse Moved,274.0,329.0,User19,,
1490267130996,Mouse Moved,274.0,316.0,User19,,
1490267131012,Mouse Moved,272.0,301.0,User19,,
1490267131028,Mouse Moved,271.0,285.0,User19,,
1490267131042,Mouse Moved,270.0,270.0,User19,,
1490267131059,Mouse Moved,268.0,249.0,User19,,
1490267131073,Mouse Moved,266.0,237.0,User19,,
1490267131089,Mouse Moved,264.0,218.0,User19,,
1490267131105,Mouse Moved,261.0,207.0,User19,,
1490267131121,Mouse Moved,259.0,192.0,User19,,
1490267131137,Mouse Moved,257.0,178.0,User19,,
1490267131151,Mouse Moved,255.0,167.0,User19,,
1490267131167,Mouse Moved,254.0,156.0,User19,,
1490267131184,Mouse Moved,253.0,147.0,User19,,
1490267131198,Mouse Moved,252.0,140.0,User19,,
1490267131214,Mouse Moved,251.0,135.0,User19,,
1490267131230,Mouse Moved,251.0,129.0,User19,,
1490267131246,Mouse Moved,251.0,127.0,User19,,
1490267131262,Mouse Moved,251.0,126.0,User19,,
1490267131308,Mouse Moved,251.0,125.0,User19,,
1490267131480,Mouse Moved,251.0,125.0,User19,,
1490267131869,Mouse Moved,250.0,125.0,User19,,
1490267132042,Mouse Moved,250.0,126.0,User19,,
1490267132229,Mouse Moved,251.0,126.0,User19,,
1490267132243,Mouse Moved,255.0,126.0,User19,,
1490267132259,Mouse Moved,265.0,123.0,User19,,
1490267132276,Mouse Moved,277.0,120.0,User19,,
1490267132290,Mouse Moved,292.0,115.0,User19,,
1490267132306,Mouse Moved,309.0,109.0,User19,,
1490267132322,Mouse Moved,334.0,102.0,User19,,
1490267132338,Mouse Moved,342.0,100.0,User19,,
1490267132354,Mouse Moved,348.0,99.0,User19,,
1490267132368,Mouse Moved,352.0,99.0,User19,,
1490267132400,Mouse Moved,353.0,98.0,User19,,
1490267132477,Mouse Moved,354.0,97.0,User19,,
1490267132493,Mouse Moved,357.0,97.0,User19,,
1490267132509,Mouse Moved,359.0,96.0,User19,,
1490267132525,Mouse Moved,363.0,95.0,User19,,
1490267132540,Mouse Moved,367.0,94.0,User19,,
1490267132555,Mouse Moved,369.0,93.0,User19,,
1490267132572,Mouse Moved,373.0,92.0,User19,,
1490267132588,Mouse Moved,376.0,91.0,User19,,
1490267132602,Mouse Moved,380.0,89.0,User19,,
1490267132618,Mouse Moved,383.0,88.0,User19,,
1490267132634,Mouse Moved,386.0,87.0,User19,,
1490267132650,Mouse Moved,388.0,85.0,User19,,
1490267132665,Mouse Moved,390.0,83.0,User19,,
1490267132680,Mouse Moved,393.0,80.0,User19,,
1490267132697,Mouse Moved,394.0,78.0,User19,,
1490267132711,Mouse Moved,394.0,77.0,User19,,
1490267132727,Mouse Moved,395.0,73.0,User19,,
1490267132743,Mouse Moved,396.0,72.0,User19,,
1490267132775,Mouse Moved,396.0,70.0,User19,,
1490267132789,Mouse Moved,397.0,68.0,User19,,
1490267132805,Mouse Moved,397.0,67.0,User19,,
1490267132822,Mouse Moved,397.0,64.0,User19,,
1490267132836,Mouse Moved,397.0,62.0,User19,,
1490267132852,Mouse Moved,396.0,60.0,User19,,
1490267132868,Mouse Moved,395.0,59.0,User19,,
1490267132884,Mouse Moved,395.0,58.0,User19,,
1490267132900,Mouse Moved,394.0,58.0,User19,,
1490267132914,Mouse Moved,394.0,56.0,User19,,
1490267132930,Mouse Moved,393.0,55.0,User19,,
1490267132946,Mouse Moved,390.0,54.0,User19,,
1490267132961,Mouse Moved,388.0,52.0,User19,,
1490267132977,Mouse Moved,385.0,51.0,User19,,
1490267132993,Mouse Moved,383.0,50.0,User19,,
1490267133009,Mouse Moved,380.0,49.0,User19,,
1490267133023,Mouse Moved,378.0,48.0,User19,,
1490267133039,Mouse Moved,375.0,47.0,User19,,
1490267133055,Mouse Moved,372.0,46.0,User19,,
1490267133071,Mouse Moved,371.0,46.0,User19,,
1490267133086,Mouse Moved,367.0,45.0,User19,,
1490267133101,Mouse Moved,363.0,45.0,User19,,
1490267133118,Mouse Moved,362.0,44.0,User19,,
1490267133134,Mouse Moved,359.0,44.0,User19,,
1490267133148,Mouse Moved,357.0,43.0,User19,,
1490267133164,Mouse Moved,356.0,43.0,User19,,
1490267133196,Mouse Moved,353.0,42.0,User19,,
1490267133257,Mouse Moved,353.0,41.0,User19,,
1490267133273,Mouse Moved,353.0,40.0,User19,,
1490267133289,Mouse Moved,353.0,39.0,User19,,
1490267133398,Mouse Moved,353.0,38.0,User19,,
1490267133446,Mouse Moved,353.0,38.0,User19,,
1490267133507,Mouse Moved,353.0,38.0,User19,,
1490267133549,Mouse Moved,352.0,38.0,User19,,
1490267133582,Mouse Moved,352.0,39.0,User19,,
1490267133598,Mouse Moved,352.0,40.0,User19,,
1490267133624,Mouse Moved,351.0,40.0,User19,,
1490267133625,Mouse Moved,351.0,41.0,User19,,
1490267133642,Mouse Moved,350.0,41.0,User19,,
1490267133660,Mouse Moved,349.0,43.0,User19,,
1490267133674,Mouse Moved,347.0,50.0,User19,,
1490267133690,Mouse Moved,344.0,54.0,User19,,
1490267133706,Mouse Moved,342.0,60.0,User19,,
1490267133721,Mouse Moved,340.0,67.0,User19,,
1490267133737,Mouse Moved,337.0,76.0,User19,,
1490267133753,Mouse Moved,334.0,86.0,User19,,
1490267133769,Mouse Moved,332.0,91.0,User19,,
1490267133783,Mouse Moved,330.0,99.0,User19,,
1490267133799,Mouse Moved,327.0,109.0,User19,,
1490267133815,Mouse Moved,325.0,118.0,User19,,
1490267133831,Mouse Moved,322.0,127.0,User19,,
1490267133846,Mouse Moved,319.0,137.0,User19,,
1490267133861,Mouse Moved,316.0,148.0,User19,,
1490267133878,Mouse Moved,314.0,157.0,User19,,
1490267133894,Mouse Moved,310.0,167.0,User19,,
1490267133908,Mouse Moved,308.0,177.0,User19,,
1490267133924,Mouse Moved,305.0,185.0,User19,,
1490267133940,Mouse Moved,303.0,192.0,User19,,
1490267133956,Mouse Moved,302.0,201.0,User19,,
1490267133971,Mouse Moved,302.0,210.0,User19,,
1490267133986,Mouse Moved,305.0,216.0,User19,,
1490267134003,Mouse Moved,309.0,221.0,User19,,
1490267134017,Mouse Moved,311.0,226.0,User19,,
1490267134033,Mouse Moved,312.0,230.0,User19,,
1490267134049,Mouse Moved,312.0,235.0,User19,,
1490267134549,Mouse Moved,310.0,237.0,User19,,
1490267134563,Mouse Moved,318.0,237.0,User19,,
1490267134579,Mouse Moved,324.0,236.0,User19,,
1490267134595,Mouse Moved,328.0,235.0,User19,,
1490267134611,Mouse Moved,328.0,235.0,User19,,
1490267134641,Mouse Moved,327.0,234.0,User19,,
1490267134674,Mouse Moved,326.0,234.0,User19,,
1490267134704,Mouse Moved,325.0,234.0,User19,,
1490267134720,Mouse Moved,324.0,235.0,User19,,
1490267134736,Mouse Moved,324.0,236.0,User19,,
1490267134752,Mouse Moved,323.0,236.0,User19,,
1490267134766,Mouse Moved,323.0,237.0,User19,,
1490267134782,Mouse Moved,323.0,238.0,User19,,
1490267134798,Mouse Moved,322.0,240.0,User19,,
1490267134813,Mouse Moved,320.0,242.0,User19,,
1490267134829,Mouse Moved,320.0,244.0,User19,,
1490267134891,Mouse Moved,319.0,245.0,User19,,
1490267134923,Mouse Moved,318.0,245.0,User19,,
1490267134938,Mouse Moved,317.0,245.0,User19,,
1490267134953,Mouse Moved,317.0,246.0,User19,,
1490267134970,Mouse Moved,316.0,246.0,User19,,
1490267134986,Mouse Moved,315.0,249.0,User19,,
1490267135000,Mouse Moved,315.0,250.0,User19,,
1490267135063,Mouse Moved,313.0,250.0,User19,,
1490267135109,Mouse Moved,312.0,251.0,User19,,
1490267135203,Mouse Moved,312.0,252.0,User19,,
1490267135282,Mouse Moved,311.0,252.0,User19,,
1490267135625,Mouse Moved,310.0,252.0,User19,,
1490267136015,Mouse Moved,309.0,252.0,User19,,
1490267136312,Mouse Moved,308.0,252.0,User19,,
1490267136326,Mouse Moved,308.0,253.0,User19,,
1490267137325,Mouse Moved,308.0,252.0,User19,,
1490267137341,Mouse Moved,308.0,251.0,User19,,
1490267137357,Mouse Moved,308.0,250.0,User19,,
1490267137371,Mouse Moved,308.0,249.0,User19,,
1490267137404,Mouse Moved,308.0,248.0,User19,,
1490267137418,Mouse Moved,308.0,246.0,User19,,
1490267137434,Mouse Moved,308.0,243.0,User19,,
1490267137450,Mouse Moved,308.0,239.0,User19,,
1490267137466,Mouse Moved,307.0,236.0,User19,,
1490267137482,Mouse Moved,307.0,232.0,User19,,
1490267137496,Mouse Moved,307.0,226.0,User19,,
1490267137513,Mouse Moved,306.0,221.0,User19,,
1490267137528,Mouse Moved,306.0,220.0,User19,,
1490267137543,Mouse Moved,306.0,216.0,User19,,
1490267137559,Mouse Moved,305.0,212.0,User19,,
1490267137575,Mouse Moved,304.0,207.0,User19,,
1490267137591,Mouse Moved,303.0,202.0,User19,,
1490267137605,Mouse Moved,303.0,198.0,User19,,
1490267137621,Mouse Moved,302.0,193.0,User19,,
1490267137638,Mouse Moved,301.0,189.0,User19,,
1490267137653,Mouse Moved,300.0,186.0,User19,,
1490267137700,Mouse Moved,300.0,184.0,User19,,
1490267137716,Mouse Moved,300.0,183.0,User19,,
1490267137730,Mouse Moved,300.0,182.0,User19,,
1490267137839,Mouse Moved,300.0,183.0,User19,,
1490267137855,Mouse Moved,299.0,183.0,User19,,
1490267137871,Mouse Moved,299.0,185.0,User19,,
1490267137887,Mouse Moved,298.0,187.0,User19,,
1490267137903,Mouse Moved,296.0,189.0,User19,,
1490267137917,Mouse Moved,293.0,193.0,User19,,
1490267137934,Mouse Moved,289.0,198.0,User19,,
1490267137950,Mouse Moved,286.0,204.0,User19,,
1490267137964,Mouse Moved,279.0,214.0,User19,,
1490267137980,Mouse Moved,270.0,228.0,User19,,
1490267137996,Mouse Moved,269.0,229.0,User19,,
1490267138012,Mouse Moved,266.0,233.0,User19,,
1490267138028,Mouse Moved,261.0,240.0,User19,,
1490267138042,Mouse Moved,258.0,245.0,User19,,
1490267138059,Mouse Moved,257.0,249.0,User19,,
1490267138073,Mouse Moved,255.0,253.0,User19,,
1490267138089,Mouse Moved,254.0,256.0,User19,,
1490267138105,Mouse Moved,253.0,258.0,User19,,
1490267138121,Mouse Moved,253.0,263.0,User19,,
1490267138137,Mouse Moved,252.0,267.0,User19,,
1490267138151,Mouse Moved,252.0,269.0,User19,,
1490267138167,Mouse Moved,251.0,275.0,User19,,
1490267138184,Mouse Moved,251.0,276.0,User19,,
1490267138292,Mouse Moved,251.0,277.0,User19,,
1490267138308,Mouse Moved,250.0,279.0,User19,,
1490267138323,Mouse Moved,250.0,281.0,User19,,
1490267138339,Mouse Moved,249.0,283.0,User19,,
1490267138355,Mouse Moved,249.0,285.0,User19,,
1490267138371,Mouse Moved,249.0,286.0,User19,,
1490267138385,Mouse Moved,249.0,287.0,User19,,
1490267138510,Mouse Moved,249.0,290.0,User19,,
1490267138526,Mouse Moved,250.0,296.0,User19,,
1490267138542,Mouse Moved,252.0,301.0,User19,,
1490267138558,Mouse Moved,255.0,306.0,User19,,
1490267138573,Mouse Moved,260.0,313.0,User19,,
1490267138588,Mouse Moved,265.0,320.0,User19,,
1490267138605,Mouse Moved,272.0,327.0,User19,,
1490267138619,Mouse Moved,278.0,331.0,User19,,
1490267138635,Mouse Moved,278.0,332.0,User19,,
1490267138651,Mouse Moved,279.0,332.0,User19,,
1490267138667,Mouse Moved,284.0,337.0,User19,,
1490267138683,Mouse Moved,289.0,342.0,User19,,
1490267138697,Mouse Moved,294.0,347.0,User19,,
1490267138713,Mouse Moved,299.0,351.0,User19,,
1490267138730,Mouse Moved,300.0,353.0,User19,,
1490267138760,Mouse Moved,300.0,354.0,User19,,
1490267138822,Mouse Moved,300.0,355.0,User19,,
1490267138931,Mouse Moved,300.0,356.0,User19,,
1490267139026,Mouse Moved,299.0,356.0,User19,,
1490267139056,Mouse Moved,298.0,356.0,User19,,
1490267139477,Mouse Moved,297.0,355.0,User19,,
1490267139493,Mouse Moved,297.0,354.0,User19,,
1490267139509,Mouse Moved,297.0,353.0,User19,,
1490267139525,Mouse Moved,297.0,352.0,User19,,
1490267139540,Mouse Moved,297.0,350.0,User19,,
1490267139555,Mouse Moved,297.0,348.0,User19,,
1490267139572,Mouse Moved,297.0,347.0,User19,,
1490267139588,Mouse Moved,297.0,346.0,User19,,
1490267139602,Mouse Moved,297.0,345.0,User19,,
1490267139618,Mouse Moved,297.0,344.0,User19,,
1490267139634,Mouse Moved,297.0,343.0,User19,,
1490267139650,Mouse Moved,297.0,341.0,User19,,
1490267139665,Mouse Moved,297.0,339.0,User19,,
1490267139680,Mouse Moved,297.0,337.0,User19,,
1490267139697,Mouse Moved,297.0,334.0,User19,,
1490267139711,Mouse Moved,298.0,332.0,User19,,
1490267139727,Mouse Moved,298.0,331.0,User19,,
1490267139743,Mouse Moved,298.0,329.0,User19,,
1490267139759,Mouse Moved,299.0,328.0,User19,,
1490267139775,Mouse Moved,299.0,327.0,User19,,
1490267139805,Mouse Moved,299.0,326.0,User19,,
1490267139822,Mouse Moved,299.0,325.0,User19,,
1490267140446,Mouse Moved,299.0,326.0,User19,,
1490267140460,Mouse Moved,298.0,328.0,User19,,
1490267140476,Mouse Moved,296.0,331.0,User19,,
1490267140492,Mouse Moved,295.0,334.0,User19,,
1490267140507,Mouse Moved,293.0,337.0,User19,,
1490267140523,Mouse Moved,292.0,339.0,User19,,
1490267140539,Mouse Moved,291.0,340.0,User19,,
1490267140555,Mouse Moved,290.0,342.0,User19,,
1490267140569,Mouse Moved,289.0,344.0,User19,,
1490267140585,Mouse Moved,288.0,345.0,User19,,
1490267140601,Mouse Moved,287.0,346.0,User19,,
1490267140617,Mouse Moved,287.0,348.0,User19,,
1490267140632,Mouse Moved,285.0,349.0,User19,,
1490267140648,Mouse Moved,284.0,351.0,User19,,
1490267140680,Mouse Moved,284.0,352.0,User19,,
1490267140710,Mouse Moved,283.0,353.0,User19,,
1490267140726,Mouse Moved,282.0,353.0,User19,,
1490267140742,Mouse Moved,281.0,355.0,User19,,
1490267140757,Mouse Moved,280.0,355.0,User19,,
1490267140773,Mouse Moved,280.0,357.0,User19,,
1490267140789,Mouse Moved,278.0,360.0,User19,,
1490267140803,Mouse Moved,277.0,361.0,User19,,
1490267140819,Mouse Moved,276.0,362.0,User19,,
1490267140835,Mouse Moved,276.0,364.0,User19,,
1490267140851,Mouse Moved,276.0,366.0,User19,,
1490267140867,Mouse Moved,275.0,369.0,User19,,
1490267140881,Mouse Moved,275.0,370.0,User19,,
1490267140898,Mouse Moved,274.0,371.0,User19,,
1490267140914,Mouse Moved,274.0,376.0,User19,,
1490267140928,Mouse Moved,274.0,379.0,User19,,
1490267140944,Mouse Moved,274.0,380.0,User19,,
1490267140960,Mouse Moved,274.0,382.0,User19,,
1490267140976,Mouse Moved,274.0,385.0,User19,,
1490267140992,Mouse Moved,274.0,388.0,User19,,
1490267141006,Mouse Moved,274.0,390.0,User19,,
1490267141023,Mouse Moved,274.0,393.0,User19,,
1490267141038,Mouse Moved,274.0,395.0,User19,,
1490267141053,Mouse Moved,274.0,397.0,User19,,
1490267141069,Mouse Moved,274.0,399.0,User19,,
1490267141085,Mouse Moved,274.0,401.0,User19,,
1490267141101,Mouse Moved,274.0,402.0,User19,,
1490267141115,Mouse Moved,274.0,403.0,User19,,
1490267141131,Mouse Moved,274.0,405.0,User19,,
1490267141148,Mouse Moved,274.0,406.0,User19,,
1490267141163,Mouse Moved,274.0,408.0,User19,,
1490267141178,Mouse Moved,274.0,410.0,User19,,
1490267141194,Mouse Moved,274.0,412.0,User19,,
1490267141210,Mouse Moved,274.0,414.0,User19,,
1490267141226,Mouse Moved,273.0,417.0,User19,,
1490267141240,Mouse Moved,273.0,418.0,User19,,
1490267141256,Mouse Moved,273.0,421.0,User19,,
1490267141272,Mouse Moved,273.0,425.0,User19,,
1490267141288,Mouse Moved,273.0,426.0,User19,,
1490267141303,Mouse Moved,273.0,428.0,User19,,
1490267141319,Mouse Moved,274.0,430.0,User19,,
1490267141335,Mouse Moved,274.0,432.0,User19,,
1490267141349,Mouse Moved,275.0,434.0,User19,,
1490267141365,Mouse Moved,276.0,441.0,User19,,
1490267141381,Mouse Moved,276.0,446.0,User19,,
1490267141397,Mouse Moved,277.0,446.0,User19,,
1490267141413,Mouse Moved,278.0,449.0,User19,,
1490267141427,Mouse Moved,279.0,456.0,User19,,
1490267141444,Mouse Moved,280.0,464.0,User19,,
1490267141459,Mouse Moved,281.0,472.0,User19,,
1490267141474,Mouse Moved,282.0,481.0,User19,,
1490267141490,Mouse Moved,282.0,491.0,User19,,
1490267141506,Mouse Moved,282.0,501.0,User19,,
1490267141522,Mouse Moved,282.0,510.0,User19,,
1490267141536,Mouse Moved,282.0,520.0,User19,,
1490267141552,Mouse Moved,283.0,534.0,User19,,
1490267141569,Mouse Moved,283.0,543.0,User19,,
1490267141584,Mouse Moved,283.0,553.0,User19,,
1490267141599,Mouse Moved,283.0,562.0,User19,,
1490267141615,Mouse Moved,283.0,572.0,User19,,
1490267141631,Mouse Moved,283.0,582.0,User19,,
1490267141647,Mouse Moved,283.0,591.0,User19,,
1490267141661,Mouse Moved,283.0,599.0,User19,,
1490267141677,Mouse Moved,283.0,609.0,User19,,
1490267141693,Mouse Moved,283.0,618.0,User19,,
1490267141709,Mouse Moved,283.0,631.0,User19,,
1490267141724,Mouse Moved,282.0,639.0,User19,,
1490267141740,Mouse Moved,281.0,648.0,User19,,
1490267141756,Mouse Moved,280.0,656.0,User19,,
1490267141770,Mouse Moved,280.0,661.0,User19,,
1490267141786,Mouse Moved,280.0,663.0,User19,,
1490267141802,Mouse Moved,280.0,666.0,User19,,
1490267141818,Mouse Moved,279.0,670.0,User19,,
1490267141834,Mouse Moved,278.0,674.0,User19,,
1490267141848,Mouse Moved,278.0,678.0,User19,,
1490267141959,Mouse Moved,276.0,679.0,User19,,
1490267141990,Mouse Moved,275.0,679.0,User19,,
1490267142020,Mouse Moved,273.0,679.0,User19,,
1490267142239,Mouse Moved,271.0,679.0,User19,,
1490267142316,Mouse Moved,270.0,679.0,User19,,
1490267142364,Mouse Moved,270.0,678.0,User19,,
1490267142380,Mouse Moved,268.0,677.0,User19,,
1490267142394,Mouse Moved,266.0,675.0,User19,,
1490267142644,Mouse Moved,265.0,673.0,User19,,
1490267142661,Mouse Moved,263.0,672.0,User19,,
1490267142676,Mouse Moved,262.0,670.0,User19,,
1490267142691,Mouse Moved,261.0,666.0,User19,,
1490267142707,Mouse Moved,258.0,661.0,User19,,
1490267142723,Mouse Moved,257.0,659.0,User19,,
1490267142739,Mouse Moved,257.0,658.0,User19,,
1490267142753,Mouse Moved,256.0,657.0,User19,,
1490267142910,Mouse Moved,255.0,657.0,User19,,
1490267142926,Mouse Moved,255.0,655.0,User19,,
1490267143082,Mouse Moved,254.0,655.0,User19,,
1490267143096,Mouse Moved,254.0,654.0,User19,,
1490267143112,Mouse Moved,254.0,653.0,User19,,
1490267143144,Mouse Moved,253.0,651.0,User19,,
1490267143160,Mouse Moved,253.0,650.0,User19,,
1490267143174,Mouse Moved,253.0,649.0,User19,,
1490267143299,Mouse Moved,250.0,646.0,User19,,
1490267143315,Mouse Moved,248.0,643.0,User19,,
1490267143331,Mouse Moved,246.0,641.0,User19,,
1490267143346,Mouse Moved,245.0,639.0,User19,,
1490267143362,Mouse Moved,243.0,636.0,User19,,
1490267143378,Mouse Moved,241.0,634.0,User19,,
1490267143394,Mouse Moved,241.0,633.0,User19,,
1490267143408,Mouse Moved,240.0,632.0,User19,,
1490267143424,Mouse Moved,239.0,632.0,User19,,
1490267143440,Mouse Moved,239.0,631.0,User19,,
1490267143549,Mouse Moved,238.0,631.0,User19,,
1490267143658,Mouse Moved,238.0,630.0,User19,,
1490267143674,Mouse Moved,237.0,629.0,User19,,
1490267143690,Mouse Moved,235.0,628.0,User19,,
1490267143706,Mouse Moved,235.0,627.0,User19,,
1490267143720,Mouse Moved,234.0,627.0,User19,,
1490267143877,Mouse Moved,234.0,626.0,User19,,
1490267143892,Mouse Moved,232.0,622.0,User19,,
1490267143908,Mouse Moved,232.0,619.0,User19,,
1490267143924,Mouse Moved,231.0,616.0,User19,,
1490267143940,Mouse Moved,231.0,614.0,User19,,
1490267143954,Mouse Moved,231.0,612.0,User19,,
1490267143986,Mouse Moved,231.0,611.0,User19,,
1490267144017,Mouse Moved,231.0,610.0,User19,,
1490267144032,Mouse Moved,231.0,609.0,User19,,
1490267144049,Mouse Moved,234.0,608.0,User19,,
1490267144065,Mouse Moved,237.0,604.0,User19,,
1490267144079,Mouse Moved,240.0,600.0,User19,,
1490267144095,Mouse Moved,240.0,596.0,User19,,
1490267144111,Mouse Moved,241.0,595.0,User19,,
1490267144127,Mouse Moved,241.0,592.0,User19,,
1490267144142,Mouse Moved,241.0,589.0,User19,,
1490267144157,Mouse Moved,241.0,585.0,User19,,
1490267144174,Mouse Moved,242.0,584.0,User19,,
1490267144204,Mouse Moved,242.0,582.0,User19,,
1490267144220,Mouse Moved,242.0,580.0,User19,,
1490267144236,Mouse Moved,242.0,577.0,User19,,
1490267144329,Mouse Moved,241.0,576.0,User19,,
1490267144345,Mouse Moved,241.0,575.0,User19,,
1490267144361,Mouse Moved,241.0,574.0,User19,,
1490267144407,Mouse Moved,241.0,573.0,User19,,
1490267144470,Mouse Moved,240.0,573.0,User19,,
1490267144486,Mouse Moved,239.0,573.0,User19,,
1490267144500,Mouse Moved,238.0,572.0,User19,,
1490267144516,Mouse Moved,238.0,571.0,User19,,
1490267144532,Mouse Moved,237.0,569.0,User19,,
1490267144703,Mouse Moved,237.0,568.0,User19,,
1490267144798,Mouse Moved,236.0,568.0,User19,,
1490267144812,Mouse Moved,234.0,567.0,User19,,
1490267144828,Mouse Moved,232.0,566.0,User19,,
1490267144845,Mouse Moved,229.0,564.0,User19,,
1490267144859,Mouse Moved,228.0,563.0,User19,,
1490267144875,Mouse Moved,227.0,563.0,User19,,
1490267144891,Mouse Moved,226.0,562.0,User19,,
1490267144907,Mouse Moved,225.0,561.0,User19,,
1490267144923,Mouse Moved,224.0,561.0,User19,,
1490267144937,Mouse Moved,222.0,561.0,User19,,
1490267144969,Mouse Moved,221.0,561.0,User19,,
1490267144984,Mouse Moved,218.0,560.0,User19,,
1490267145000,Mouse Moved,216.0,559.0,User19,,
1490267145016,Mouse Moved,214.0,557.0,User19,,
1490267145032,Mouse Moved,212.0,555.0,User19,,
1490267145046,Mouse Moved,210.0,553.0,User19,,
1490267145062,Mouse Moved,209.0,553.0,User19,,
1490267145157,Mouse Moved,209.0,552.0,User19,,
1490267145469,Mouse Moved,208.0,552.0,User19,,
1490267145483,Mouse Moved,207.0,552.0,User19,,
1490267145500,Mouse Moved,206.0,552.0,User19,,
1490267145515,Mouse Moved,205.0,552.0,User19,,
1490267145592,Mouse Moved,204.0,552.0,User19,,
1490267145625,Mouse Moved,203.0,552.0,User19,,
1490267146046,Mouse Moved,201.0,552.0,User19,,
1490267146061,Mouse Moved,199.0,552.0,User19,,
1490267146076,Mouse Moved,198.0,552.0,User19,,
1490267146092,Mouse Moved,196.0,552.0,User19,,
1490267146108,Mouse Moved,194.0,552.0,User19,,
1490267146124,Mouse Moved,193.0,553.0,User19,,
1490267146138,Mouse Moved,191.0,555.0,User19,,
1490267146154,Mouse Moved,188.0,556.0,User19,,
1490267146171,Mouse Moved,186.0,557.0,User19,,
1490267146186,Mouse Moved,185.0,558.0,User19,,
1490267146201,Mouse Moved,183.0,558.0,User19,,
1490267146233,Mouse Moved,182.0,558.0,User19,,
1490267146249,Mouse Moved,181.0,558.0,User19,,
1490267146311,Mouse Moved,181.0,557.0,User19,,
1490267146326,Mouse Moved,180.0,556.0,User19,,
1490267146342,Mouse Moved,179.0,553.0,User19,,
1490267146358,Mouse Moved,176.0,549.0,User19,,
1490267146372,Mouse Moved,175.0,546.0,User19,,
1490267146388,Mouse Moved,173.0,543.0,User19,,
1490267146404,Mouse Moved,171.0,541.0,User19,,
1490267146561,Mouse Moved,170.0,542.0,User19,,
1490267146622,Mouse Moved,169.0,542.0,User19,,
1490267146700,Mouse Moved,168.0,542.0,User19,,
1490267146717,Mouse Moved,165.0,543.0,User19,,
1490267146732,Mouse Moved,163.0,543.0,User19,,
1490267146918,Mouse Moved,162.0,542.0,User19,,
1490267147450,Mouse Moved,162.0,541.0,User19,,
1490267147464,Mouse Moved,162.0,540.0,User19,,
1490267147480,Mouse Moved,162.0,539.0,User19,,
1490267147528,Mouse Moved,163.0,536.0,User19,,
1490267147559,Mouse Moved,163.0,535.0,User19,,
1490267147684,Mouse Moved,163.0,537.0,User19,,
1490267147698,Mouse Moved,163.0,538.0,User19,,
1490267147776,Mouse Moved,162.0,538.0,User19,,
1490267147901,Mouse Moved,162.0,537.0,User19,,
1490267148073,Mouse Moved,162.0,536.0,User19,,
1490267148308,Mouse Moved,163.0,536.0,User19,,
1490267148322,Mouse Moved,163.0,535.0,User19,,
1490267148338,Mouse Moved,165.0,532.0,User19,,
1490267148355,Mouse Moved,166.0,528.0,User19,,
1490267148369,Mouse Moved,166.0,526.0,User19,,
1490267148385,Mouse Moved,166.0,524.0,User19,,
1490267148401,Mouse Moved,167.0,524.0,User19,,
1490267148417,Mouse Moved,167.0,523.0,User19,,
1490267148588,Mouse Moved,167.0,522.0,User19,,
1490267148604,Mouse Moved,166.0,520.0,User19,,
1490267148619,Mouse Moved,166.0,518.0,User19,,
1490267148634,Mouse Moved,165.0,517.0,User19,,
1490267148651,Mouse Moved,165.0,516.0,User19,,
1490267148667,Mouse Moved,165.0,515.0,User19,,
1490267149056,Mouse Moved,166.0,515.0,User19,,
1490267149072,Mouse Moved,174.0,514.0,User19,,
1490267149088,Mouse Moved,188.0,508.0,User19,,
1490267149102,Mouse Moved,203.0,499.0,User19,,
1490267149118,Mouse Moved,218.0,487.0,User19,,
1490267149134,Mouse Moved,230.0,469.0,User19,,
1490267149150,Mouse Moved,231.0,467.0,User19,,
1490267149165,Mouse Moved,234.0,462.0,User19,,
1490267149180,Mouse Moved,246.0,440.0,User19,,
1490267149197,Mouse Moved,255.0,415.0,User19,,
1490267149211,Mouse Moved,264.0,388.0,User19,,
1490267149227,Mouse Moved,271.0,361.0,User19,,
1490267149243,Mouse Moved,278.0,332.0,User19,,
1490267149259,Mouse Moved,281.0,310.0,User19,,
1490267149275,Mouse Moved,285.0,287.0,User19,,
1490267149289,Mouse Moved,286.0,264.0,User19,,
1490267149305,Mouse Moved,289.0,242.0,User19,,
1490267149322,Mouse Moved,290.0,222.0,User19,,
1490267149336,Mouse Moved,291.0,209.0,User19,,
1490267149352,Mouse Moved,291.0,197.0,User19,,
1490267149368,Mouse Moved,291.0,183.0,User19,,
1490267149384,Mouse Moved,289.0,173.0,User19,,
1490267149400,Mouse Moved,285.0,171.0,User19,,
1490267149461,Mouse Moved,284.0,171.0,User19,,
1490267149477,Mouse Moved,284.0,172.0,User19,,
1490267149493,Mouse Moved,282.0,173.0,User19,,
1490267149509,Mouse Moved,279.0,175.0,User19,,
1490267149523,Mouse Moved,277.0,176.0,User19,,
1490267149555,Mouse Moved,276.0,176.0,User19,,
1490267149601,Mouse Moved,276.0,177.0,User19,,
1490267149618,Mouse Moved,275.0,177.0,User19,,
1490267149634,Mouse Moved,273.0,180.0,User19,,
1490267149648,Mouse Moved,271.0,181.0,User19,,
1490267149664,Mouse Moved,270.0,182.0,User19,,
1490267149680,Mouse Moved,270.0,183.0,User19,,
1490267149696,Mouse Moved,269.0,184.0,User19,,
1490267149711,Mouse Moved,269.0,185.0,User19,,
1490267149743,Mouse Moved,268.0,186.0,User19,,
1490267149757,Mouse Moved,267.0,186.0,User19,,
1490267149773,Mouse Moved,267.0,187.0,User19,,
1490267149789,Mouse Moved,266.0,188.0,User19,,
1490267149805,Mouse Moved,266.0,189.0,User19,,
1490267149821,Mouse Moved,265.0,191.0,User19,,
1490267149960,Mouse Moved,264.0,191.0,User19,,
1490267150039,Mouse Moved,264.0,191.0,User19,,
1490267150117,Mouse Moved,264.0,191.0,User19,,
1490267150168,Mouse Moved,264.0,191.0,User19,,
1490267150171,Mouse Button.left Released,264.0,191.0,User19,,
1490267150670,Mouse Moved,263.0,191.0,User19,,
1490267150684,Mouse Moved,263.0,192.0,User19,,
1490267150716,Mouse Moved,263.0,193.0,User19,,
1490267150732,Mouse Moved,263.0,194.0,User19,,
1490267150747,Mouse Moved,263.0,195.0,User19,,
1490267150763,Mouse Moved,263.0,196.0,User19,,
1490267150779,Mouse Moved,263.0,199.0,User19,,
1490267150793,Mouse Moved,265.0,202.0,User19,,
1490267150809,Mouse Moved,268.0,204.0,User19,,
1490267150825,Mouse Moved,276.0,209.0,User19,,
1490267150841,Mouse Moved,283.0,214.0,User19,,
1490267150857,Mouse Moved,296.0,222.0,User19,,
1490267150871,Mouse Moved,311.0,229.0,User19,,
1490267150888,Mouse Moved,329.0,237.0,User19,,
1490267150904,Mouse Moved,344.0,244.0,User19,,
1490267150918,Mouse Moved,364.0,252.0,User19,,
1490267150934,Mouse Moved,383.0,259.0,User19,,
1490267150950,Mouse Moved,403.0,266.0,User19,,
1490267150966,Mouse Moved,428.0,274.0,User19,,
1490267150982,Mouse Moved,456.0,283.0,User19,,
1490267150996,Mouse Moved,488.0,293.0,User19,,
1490267151013,Mouse Moved,528.0,304.0,User19,,
1490267151028,Mouse Moved,568.0,314.0,User19,,
1490267151043,Mouse Moved,609.0,326.0,User19,,
1490267151059,Mouse Moved,654.0,337.0,User19,,
1490267151075,Mouse Moved,690.0,348.0,User19,,
1490267151091,Mouse Moved,728.0,359.0,User19,,
1490267151105,Mouse Moved,759.0,367.0,User19,,
1490267151121,Mouse Moved,794.0,378.0,User19,,
1490267151138,Mouse Moved,827.0,390.0,User19,,
1490267151153,Mouse Moved,859.0,400.0,User19,,
1490267151168,Mouse Moved,894.0,413.0,User19,,
1490267151184,Mouse Moved,935.0,427.0,User19,,
1490267151200,Mouse Moved,972.0,441.0,User19,,
1490267151216,Mouse Moved,1009.0,456.0,User19,,
1490267151230,Mouse Moved,1042.0,468.0,User19,,
1490267151246,Mouse Moved,1075.0,481.0,User19,,
1490267151262,Mouse Moved,1103.0,491.0,User19,,
1490267151278,Mouse Moved,1132.0,502.0,User19,,
1490267151293,Mouse Moved,1160.0,513.0,User19,,
1490267151309,Mouse Moved,1194.0,528.0,User19,,
1490267151325,Mouse Moved,1412.0,658.0,User19,,
1490267151387,Mouse Moved,1434.0,683.0,User19,,
1490267151464,Mouse Moved,1434.0,682.0,User19,,
1490267151512,Mouse Moved,1433.0,682.0,User19,,
1490267151823,Mouse Moved,1433.0,682.0,User19,,
1490267151948,Mouse Moved,1433.0,682.0,User19,,
1490267151996,Mouse Moved,1432.0,682.0,User19,,
1490267152010,Mouse Moved,1431.0,682.0,User19,,
1490267152026,Mouse Moved,1430.0,682.0,User19,,
1490267152042,Mouse Moved,1430.0,681.0,User19,,
1490267152058,Mouse Moved,1429.0,681.0,User19,,
1490267152088,Mouse Moved,1428.0,681.0,User19,,
1490267152105,Mouse Moved,1427.0,681.0,User19,,
1490267152151,Mouse Moved,1426.0,681.0,User19,,
1490267152183,Mouse Moved,1425.0,681.0,User19,,
1490267152197,Mouse Moved,1424.0,681.0,User19,,
1490267152213,Mouse Moved,1422.0,681.0,User19,,
1490267152230,Mouse Moved,1420.0,681.0,User19,,
1490267152244,Mouse Moved,1418.0,681.0,User19,,
1490267152260,Mouse Moved,1413.0,680.0,User19,,
1490267152276,Mouse Moved,1408.0,680.0,User19,,
1490267152292,Mouse Moved,1398.0,680.0,User19,,
1490267152308,Mouse Moved,1389.0,679.0,User19,,
1490267152322,Mouse Moved,1377.0,679.0,User19,,
1490267152338,Mouse Moved,1363.0,677.0,User19,,
1490267152354,Mouse Moved,1344.0,675.0,User19,,
1490267152369,Mouse Moved,1335.0,674.0,User19,,
1490267152385,Mouse Moved,1311.0,671.0,User19,,
1490267152401,Mouse Moved,1288.0,667.0,User19,,
1490267152417,Mouse Moved,1251.0,662.0,User19,,
1490267152431,Mouse Moved,1210.0,655.0,User19,,
1490267152447,Mouse Moved,1168.0,647.0,User19,,
1490267152463,Mouse Moved,1116.0,637.0,User19,,
1490267152479,Mouse Moved,1053.0,626.0,User19,,
1490267152494,Mouse Moved,994.0,614.0,User19,,
1490267152509,Mouse Moved,928.0,603.0,User19,,
1490267152526,Mouse Moved,863.0,587.0,User19,,
1490267152542,Mouse Moved,788.0,572.0,User19,,
1490267152556,Mouse Moved,675.0,546.0,User19,,
1490267152729,Mouse Moved,179.0,440.0,User19,,
1490267152743,Mouse Moved,180.0,440.0,User19,,
1490267152759,Mouse Moved,183.0,440.0,User19,,
1490267152776,Mouse Moved,188.0,440.0,User19,,
1490267152790,Mouse Moved,193.0,440.0,User19,,
1490267152806,Mouse Moved,199.0,440.0,User19,,
1490267152822,Mouse Moved,207.0,440.0,User19,,
1490267152838,Mouse Moved,216.0,440.0,User19,,
1490267152854,Mouse Moved,225.0,439.0,User19,,
1490267152868,Mouse Moved,235.0,438.0,User19,,
1490267152884,Mouse Moved,246.0,436.0,User19,,
1490267152900,Mouse Moved,257.0,435.0,User19,,
1490267152915,Mouse Moved,267.0,434.0,User19,,
1490267152931,Mouse Moved,277.0,431.0,User19,,
1490267153009,Mouse Moved,284.0,427.0,User19,,
1490267153025,Mouse Moved,286.0,423.0,User19,,
1490267153040,Mouse Moved,288.0,418.0,User19,,
1490267153055,Mouse Moved,289.0,413.0,User19,,
1490267153072,Mouse Moved,291.0,408.0,User19,,
1490267153088,Mouse Moved,291.0,403.0,User19,,
1490267153102,Mouse Moved,291.0,399.0,User19,,
1490267153118,Mouse Moved,291.0,394.0,User19,,
1490267153134,Mouse Moved,291.0,391.0,User19,,
1490267153150,Mouse Moved,291.0,390.0,User19,,
1490267153165,Mouse Moved,291.0,387.0,User19,,
1490267153180,Mouse Moved,291.0,384.0,User19,,
1490267153197,Mouse Moved,292.0,382.0,User19,,
1490267153211,Mouse Moved,292.0,380.0,User19,,
1490267153227,Mouse Moved,292.0,378.0,User19,,
1490267153243,Mouse Moved,293.0,376.0,User19,,
1490267153259,Mouse Moved,293.0,374.0,User19,,
1490267153275,Mouse Moved,294.0,373.0,User19,,
1490267153289,Mouse Moved,294.0,370.0,User19,,
1490267153305,Mouse Moved,295.0,366.0,User19,,
1490267153322,Mouse Moved,296.0,364.0,User19,,
1490267153336,Mouse Moved,296.0,362.0,User19,,
1490267153555,Mouse Moved,297.0,360.0,User19,,
1490267153680,Mouse Moved,297.0,359.0,User19,,
1490267153914,Mouse Moved,298.0,359.0,User19,,
1490267154117,Mouse Moved,299.0,359.0,User19,,
1490267154335,Mouse Moved,299.0,358.0,User19,,
1490267154367,Mouse Moved,299.0,357.0,User19,,
1490267154381,Mouse Moved,299.0,356.0,User19,,
1490267154398,Mouse Moved,299.0,355.0,User19,,
1490267154414,Mouse Moved,299.0,354.0,User19,,
1490267154428,Mouse Moved,299.0,351.0,User19,,
1490267154444,Mouse Moved,299.0,348.0,User19,,
1490267154460,Mouse Moved,298.0,343.0,User19,,
1490267154476,Mouse Moved,298.0,336.0,User19,,
1490267154492,Mouse Moved,297.0,328.0,User19,,
1490267154506,Mouse Moved,295.0,317.0,User19,,
1490267154523,Mouse Moved,293.0,309.0,User19,,
1490267154538,Mouse Moved,290.0,301.0,User19,,
1490267154553,Mouse Moved,288.0,296.0,User19,,
1490267154569,Mouse Moved,287.0,292.0,User19,,
1490267154585,Mouse Moved,287.0,289.0,User19,,
1490267154601,Mouse Moved,286.0,286.0,User19,,
1490267154615,Mouse Moved,286.0,283.0,User19,,
1490267154631,Mouse Moved,285.0,281.0,User19,,
1490267154648,Mouse Moved,285.0,280.0,User19,,
1490267154663,Mouse Moved,285.0,278.0,User19,,
1490267154772,Mouse Moved,285.0,277.0,User19,,
1490267154788,Mouse Moved,284.0,276.0,User19,,
1490267154803,Mouse Moved,283.0,275.0,User19,,
1490267154819,Mouse Moved,282.0,275.0,User19,,
1490267154927,Mouse Moved,281.0,275.0,User19,,
1490267154960,Mouse Moved,281.0,276.0,User19,,
1490267154974,Mouse Moved,280.0,277.0,User19,,
1490267154990,Mouse Moved,278.0,281.0,User19,,
1490267155006,Mouse Moved,276.0,286.0,User19,,
1490267155022,Mouse Moved,273.0,294.0,User19,,
1490267155038,Mouse Moved,262.0,334.0,User19,,
1490267155052,Mouse Moved,262.0,336.0,User19,,
1490267155069,Mouse Moved,261.0,340.0,User19,,
1490267155084,Mouse Moved,260.0,351.0,User19,,
1490267155099,Mouse Moved,260.0,361.0,User19,,
1490267155115,Mouse Moved,260.0,369.0,User19,,
1490267155131,Mouse Moved,260.0,381.0,User19,,
1490267155147,Mouse Moved,262.0,393.0,User19,,
1490267155161,Mouse Moved,264.0,403.0,User19,,
1490267155177,Mouse Moved,266.0,417.0,User19,,
1490267155194,Mouse Moved,267.0,429.0,User19,,
1490267155209,Mouse Moved,268.0,440.0,User19,,
1490267155224,Mouse Moved,269.0,451.0,User19,,
1490267155240,Mouse Moved,269.0,464.0,User19,,
1490267155256,Mouse Moved,269.0,476.0,User19,,
1490267155272,Mouse Moved,269.0,486.0,User19,,
1490267155286,Mouse Moved,271.0,496.0,User19,,
1490267155302,Mouse Moved,271.0,509.0,User19,,
1490267155318,Mouse Moved,273.0,521.0,User19,,
1490267155334,Mouse Moved,274.0,535.0,User19,,
1490267155349,Mouse Moved,274.0,550.0,User19,,
1490267155365,Mouse Moved,274.0,567.0,User19,,
1490267155381,Mouse Moved,274.0,588.0,User19,,
1490267155395,Mouse Moved,272.0,613.0,User19,,
1490267155411,Mouse Moved,270.0,635.0,User19,,
1490267155427,Mouse Moved,268.0,660.0,User19,,
1490267155443,Mouse Moved,265.0,690.0,User19,,
1490267155459,Mouse Moved,263.0,719.0,User19,,
1490267155473,Mouse Moved,259.0,749.0,User19,,
1490267155490,Mouse Moved,253.0,783.0,User19,,
1490267155506,Mouse Moved,248.0,809.0,User19,,
1490267155520,Mouse Moved,244.0,837.0,User19,,
1490267155536,Mouse Moved,240.0,858.0,User19,,
1490267155552,Mouse Moved,236.0,878.0,User19,,
1490267155568,Mouse Moved,234.0,895.0,User19,,
1490267155584,Mouse Moved,232.0,908.0,User19,,
1490267155598,Mouse Moved,230.0,922.0,User19,,
1490267155615,Mouse Moved,228.0,933.0,User19,,
1490267155630,Mouse Moved,225.0,943.0,User19,,
1490267155645,Mouse Moved,224.0,951.0,User19,,
1490267155661,Mouse Moved,223.0,956.0,User19,,
1490267155677,Mouse Moved,222.0,963.0,User19,,
1490267155693,Mouse Moved,221.0,973.0,User19,,
1490267155707,Mouse Moved,220.0,983.0,User19,,
1490267155723,Mouse Moved,219.0,993.0,User19,,
1490267155740,Mouse Moved,217.0,1004.0,User19,,
1490267155755,Mouse Moved,216.0,1017.0,User19,,
1490267155770,Mouse Moved,214.0,1028.0,User19,,
1490267155786,Mouse Moved,213.0,1042.0,User19,,
1490267155802,Mouse Moved,211.0,1056.0,User19,,
1490267155818,Mouse Moved,210.0,1069.0,User19,,
1490267155832,Mouse Moved,209.0,1081.0,User19,,
1490267155848,Mouse Moved,207.0,1095.0,User19,,
1490267155864,Mouse Moved,207.0,1105.0,User19,,
1490267155880,Mouse Moved,205.0,1119.0,User19,,
1490267155895,Mouse Moved,204.0,1131.0,User19,,
1490267155911,Mouse Moved,203.0,1142.0,User19,,
1490267155927,Mouse Moved,200.0,1152.0,User19,,
1490267155941,Mouse Moved,198.0,1161.0,User19,,
1490267155957,Mouse Moved,196.0,1172.0,User19,,
1490267155989,Mouse Moved,195.0,1180.0,User19,,
1490267156005,Mouse Moved,193.0,1190.0,User19,,
1490267156019,Mouse Moved,191.0,1200.0,User19,,
1490267156036,Mouse Moved,190.0,1210.0,User19,,
1490267156052,Mouse Moved,188.0,1219.0,User19,,
1490267156066,Mouse Moved,186.0,1229.0,User19,,
1490267158719,Mouse Moved,184.0,1232.0,User19,,
1490267158734,Mouse Moved,185.0,1231.0,User19,,
1490267158750,Mouse Moved,188.0,1231.0,User19,,
1490267158766,Mouse Moved,188.0,1217.0,User19,,
1490267158780,Mouse Moved,187.0,1195.0,User19,,
1490267158796,Mouse Moved,187.0,1156.0,User19,,
1490267158812,Mouse Moved,187.0,1104.0,User19,,
1490267158828,Mouse Moved,191.0,1033.0,User19,,
1490267158844,Mouse Moved,197.0,963.0,User19,,
1490267158858,Mouse Moved,202.0,879.0,User19,,
1490267158875,Mouse Moved,205.0,805.0,User19,,
1490267158891,Mouse Moved,206.0,728.0,User19,,
1490267158905,Mouse Moved,200.0,609.0,User19,,
1490267158921,Mouse Moved,116.0,87.0,User19,,
1490267158937,Mouse Moved,116.0,84.0,User19,,
1490267158953,Mouse Moved,113.0,71.0,User19,,
1490267158969,Mouse Moved,108.0,51.0,User19,,
1490267158983,Mouse Moved,105.0,40.0,User19,,
1490267159000,Mouse Moved,103.0,37.0,User19,,
1490267159015,Mouse Moved,106.0,41.0,User19,,
1490267159030,Mouse Moved,108.0,48.0,User19,,
1490267159046,Mouse Moved,111.0,59.0,User19,,
1490267159062,Mouse Moved,117.0,74.0,User19,,
1490267159078,Mouse Moved,125.0,96.0,User19,,
1490267159092,Mouse Moved,137.0,122.0,User19,,
1490267159108,Mouse Moved,145.0,137.0,User19,,
1490267159125,Mouse Moved,158.0,156.0,User19,,
1490267159140,Mouse Moved,172.0,171.0,User19,,
1490267159155,Mouse Moved,186.0,181.0,User19,,
1490267159171,Mouse Moved,201.0,187.0,User19,,
1490267159187,Mouse Moved,215.0,188.0,User19,,
1490267159203,Mouse Moved,228.0,188.0,User19,,
1490267159217,Mouse Moved,240.0,184.0,User19,,
1490267159233,Mouse Moved,250.0,180.0,User19,,
1490267159249,Mouse Moved,257.0,174.0,User19,,
1490267159265,Mouse Moved,265.0,168.0,User19,,
1490267159280,Mouse Moved,270.0,163.0,User19,,
1490267159296,Mouse Moved,276.0,155.0,User19,,
1490267159312,Mouse Moved,280.0,147.0,User19,,
1490267159326,Mouse Moved,279.0,150.0,User19,,
1490267159342,Mouse Moved,276.0,153.0,User19,,
1490267159358,Mouse Moved,272.0,157.0,User19,,
1490267159374,Mouse Moved,265.0,161.0,User19,,
1490267159390,Mouse Moved,260.0,162.0,User19,,
1490267159404,Mouse Moved,256.0,164.0,User19,,
1490267159421,Mouse Moved,252.0,165.0,User19,,
1490267159437,Mouse Moved,246.0,169.0,User19,,
1490267159451,Mouse Moved,242.0,172.0,User19,,
1490267159467,Mouse Moved,240.0,172.0,User19,,
1490267159483,Mouse Moved,239.0,174.0,User19,,
1490267159561,Mouse Moved,239.0,175.0,User19,,
1490267159576,Mouse Moved,237.0,177.0,User19,,
1490267159592,Mouse Moved,235.0,180.0,User19,,
1490267159608,Mouse Moved,233.0,182.0,User19,,
1490267159624,Mouse Moved,231.0,185.0,User19,,
1490267159701,Mouse Moved,231.0,186.0,User19,,
1490267159733,Mouse Moved,231.0,186.0,User19,,
1490267159826,Mouse Moved,231.0,186.0,User19,,
1490267159920,Mouse Moved,231.0,187.0,User19,,
1490267159936,Mouse Moved,231.0,189.0,User19,,
1490267159950,Mouse Moved,230.0,191.0,User19,,
1490267159967,Mouse Moved,229.0,192.0,User19,,
1490267159983,Mouse Moved,229.0,195.0,User19,,
1490267159997,Mouse Moved,229.0,197.0,User19,,
1490267160013,Mouse Moved,228.0,200.0,User19,,
1490267160029,Mouse Moved,227.0,204.0,User19,,
1490267160045,Mouse Moved,226.0,205.0,User19,,
1490267160061,Mouse Moved,226.0,207.0,User19,,
1490267160075,Mouse Moved,226.0,209.0,User19,,
1490267160107,Mouse Moved,226.0,209.0,User19,,
1490267160184,Mouse Moved,226.0,209.0,User19,,
1490267160200,Mouse Button.left Released,226.0,209.0,User19,,
1490267160232,Mouse Moved,225.0,209.0,User19,,
1490267160295,Mouse Moved,225.0,210.0,User19,,
1490267160309,Mouse Moved,224.0,210.0,User19,,
1490267160325,Mouse Moved,224.0,211.0,User19,,
1490267160341,Mouse Moved,224.0,213.0,User19,,
1490267160357,Mouse Moved,224.0,214.0,User19,,
1490267160372,Mouse Moved,224.0,219.0,User19,,
1490267160388,Mouse Moved,225.0,224.0,User19,,
1490267160404,Mouse Moved,226.0,228.0,User19,,
1490267160418,Mouse Moved,227.0,235.0,User19,,
1490267160434,Mouse Moved,228.0,240.0,User19,,
1490267160450,Mouse Moved,229.0,248.0,User19,,
1490267160466,Mouse Moved,230.0,251.0,User19,,
1490267160513,Mouse Moved,231.0,251.0,User19,,
1490267160529,Mouse Moved,232.0,249.0,User19,,
1490267160543,Mouse Moved,234.0,246.0,User19,,
1490267160559,Mouse Moved,235.0,240.0,User19,,
1490267160575,Mouse Moved,236.0,236.0,User19,,
1490267160591,Mouse Moved,237.0,228.0,User19,,
1490267160607,Mouse Moved,239.0,222.0,User19,,
1490267160621,Mouse Moved,241.0,216.0,User19,,
1490267160638,Mouse Moved,243.0,209.0,User19,,
1490267160653,Mouse Moved,244.0,204.0,User19,,
1490267160668,Mouse Moved,245.0,203.0,User19,,
1490267160730,Mouse Moved,245.0,202.0,User19,,
1490267160746,Mouse Moved,245.0,201.0,User19,,
1490267160763,Mouse Moved,245.0,199.0,User19,,
1490267160793,Mouse Moved,245.0,198.0,User19,,
1490267160871,Mouse Moved,245.0,198.0,User19,,
1490267160950,Mouse Moved,245.0,198.0,User19,,
1490267161042,Mouse Moved,245.0,199.0,User19,,
1490267161059,Mouse Moved,245.0,200.0,User19,,
1490267161075,Mouse Moved,244.0,203.0,User19,,
1490267161089,Mouse Moved,243.0,207.0,User19,,
1490267161105,Mouse Moved,242.0,211.0,User19,,
1490267161121,Mouse Moved,239.0,217.0,User19,,
1490267161137,Mouse Moved,235.0,226.0,User19,,
1490267161153,Mouse Moved,230.0,235.0,User19,,
1490267161167,Mouse Moved,226.0,247.0,User19,,
1490267161184,Mouse Moved,222.0,259.0,User19,,
1490267161198,Mouse Moved,220.0,277.0,User19,,
1490267161214,Mouse Moved,217.0,293.0,User19,,
1490267161230,Mouse Moved,217.0,308.0,User19,,
1490267161246,Mouse Moved,217.0,321.0,User19,,
1490267161262,Mouse Moved,216.0,338.0,User19,,
1490267161276,Mouse Moved,215.0,352.0,User19,,
1490267161292,Mouse Moved,215.0,364.0,User19,,
1490267161309,Mouse Moved,214.0,377.0,User19,,
1490267161323,Mouse Moved,213.0,388.0,User19,,
1490267161339,Mouse Moved,213.0,396.0,User19,,
1490267161355,Mouse Moved,213.0,403.0,User19,,
1490267161371,Mouse Moved,213.0,416.0,User19,,
1490267161387,Mouse Moved,213.0,426.0,User19,,
1490267161401,Mouse Moved,213.0,438.0,User19,,
1490267161417,Mouse Moved,213.0,449.0,User19,,
1490267161433,Mouse Moved,213.0,459.0,User19,,
1490267161448,Mouse Moved,213.0,469.0,User19,,
1490267161464,Mouse Moved,215.0,476.0,User19,,
1490267161480,Mouse Moved,216.0,480.0,User19,,
1490267161496,Mouse Moved,216.0,482.0,User19,,
1490267161510,Mouse Moved,216.0,483.0,User19,,
1490267161526,Mouse Moved,217.0,485.0,User19,,
1490267161542,Mouse Moved,217.0,486.0,User19,,
1490267161558,Mouse Moved,217.0,489.0,User19,,
1490267161573,Mouse Moved,218.0,492.0,User19,,
1490267161588,Mouse Moved,218.0,494.0,User19,,
1490267161605,Mouse Moved,218.0,496.0,User19,,
1490267161635,Mouse Moved,218.0,498.0,User19,,
1490267161651,Mouse Moved,219.0,499.0,User19,,
1490267161760,Mouse Moved,218.0,499.0,User19,,
1490267161776,Mouse Moved,217.0,498.0,User19,,
1490267161792,Mouse Moved,216.0,497.0,User19,,
1490267161808,Mouse Moved,213.0,496.0,User19,,
1490267161822,Mouse Moved,212.0,496.0,User19,,
1490267161855,Mouse Moved,211.0,496.0,User19,,
1490267161885,Mouse Moved,211.0,496.0,User19,,
1490267161979,Mouse Moved,211.0,496.0,User19,,
1490267162197,Mouse Moved,211.0,497.0,User19,,
1490267162213,Mouse Moved,211.0,498.0,User19,,
1490267162229,Mouse Moved,211.0,501.0,User19,,
1490267162244,Mouse Moved,211.0,505.0,User19,,
1490267162259,Mouse Moved,211.0,509.0,User19,,
1490267162276,Mouse Moved,211.0,513.0,User19,,
1490267162290,Mouse Moved,211.0,517.0,User19,,
1490267162306,Mouse Moved,210.0,520.0,User19,,
1490267162322,Mouse Moved,209.0,524.0,User19,,
1490267162401,Mouse Moved,208.0,524.0,User19,,
1490267162479,Mouse Moved,208.0,524.0,User19,,
1490267162743,Mouse Moved,208.0,525.0,User19,,
1490267162775,Mouse Moved,210.0,526.0,User19,,
1490267162790,Mouse Moved,212.0,527.0,User19,,
1490267162805,Mouse Moved,214.0,529.0,User19,,
1490267162822,Mouse Moved,218.0,530.0,User19,,
1490267162836,Mouse Moved,221.0,532.0,User19,,
1490267162852,Mouse Moved,224.0,533.0,User19,,
1490267162868,Mouse Moved,228.0,535.0,User19,,
1490267162884,Mouse Moved,232.0,537.0,User19,,
1490267162900,Mouse Moved,237.0,538.0,User19,,
1490267162914,Mouse Moved,242.0,539.0,User19,,
1490267162930,Mouse Moved,247.0,540.0,User19,,
1490267162947,Mouse Moved,248.0,540.0,User19,,
1490267162961,Mouse Moved,252.0,541.0,User19,,
1490267162977,Mouse Moved,255.0,542.0,User19,,
1490267162993,Mouse Moved,259.0,543.0,User19,,
1490267163009,Mouse Moved,262.0,544.0,User19,,
1490267163025,Mouse Moved,263.0,545.0,User19,,
1490267163039,Mouse Moved,267.0,545.0,User19,,
1490267163055,Mouse Moved,268.0,546.0,User19,,
1490267163071,Mouse Moved,269.0,546.0,User19,,
1490267163102,Mouse Moved,271.0,547.0,User19,,
1490267163164,Mouse Moved,272.0,547.0,User19,,
1490267163211,Mouse Moved,273.0,547.0,User19,,
1490267163914,Mouse Moved,274.0,547.0,User19,,
1490267163960,Mouse Moved,275.0,547.0,User19,,
1490267163992,Mouse Moved,276.0,547.0,User19,,
1490267164006,Mouse Moved,277.0,547.0,User19,,
1490267164023,Mouse Moved,278.0,547.0,User19,,
1490267164039,Mouse Moved,280.0,547.0,User19,,
1490267164053,Mouse Moved,281.0,547.0,User19,,
1490267164069,Mouse Moved,284.0,547.0,User19,,
1490267164085,Mouse Moved,287.0,548.0,User19,,
1490267164101,Mouse Moved,291.0,548.0,User19,,
1490267164117,Mouse Moved,295.0,549.0,User19,,
1490267164131,Mouse Moved,301.0,549.0,User19,,
1490267164148,Mouse Moved,307.0,550.0,User19,,
1490267164163,Mouse Moved,314.0,551.0,User19,,
1490267164178,Mouse Moved,322.0,553.0,User19,,
1490267164194,Mouse Moved,331.0,555.0,User19,,
1490267164210,Mouse Moved,341.0,557.0,User19,,
1490267164226,Mouse Moved,351.0,560.0,User19,,
1490267164240,Mouse Moved,361.0,562.0,User19,,
1490267164256,Mouse Moved,374.0,566.0,User19,,
1490267164273,Mouse Moved,386.0,569.0,User19,,
1490267164288,Mouse Moved,397.0,573.0,User19,,
1490267164303,Mouse Moved,407.0,576.0,User19,,
1490267164319,Mouse Moved,418.0,580.0,User19,,
1490267164335,Mouse Moved,427.0,582.0,User19,,
1490267164351,Mouse Moved,434.0,585.0,User19,,
1490267164365,Mouse Moved,441.0,587.0,User19,,
1490267164381,Mouse Moved,449.0,590.0,User19,,
1490267164397,Mouse Moved,457.0,594.0,User19,,
1490267164413,Mouse Moved,460.0,597.0,User19,,
1490267164428,Mouse Moved,461.0,598.0,User19,,
1490267164444,Mouse Moved,462.0,598.0,User19,,
1490267164506,Mouse Moved,462.0,599.0,User19,,
1490267164522,Mouse Moved,463.0,599.0,User19,,
1490267164615,Mouse Moved,463.0,600.0,User19,,
1490267164631,Mouse Moved,467.0,600.0,User19,,
1490267164647,Mouse Moved,470.0,601.0,User19,,
1490267164663,Mouse Moved,473.0,602.0,User19,,
1490267164677,Mouse Moved,475.0,602.0,User19,,
1490267164724,Mouse Moved,475.0,602.0,User19,,
1490267164756,Mouse Moved,475.0,602.0,User19,,
1490267164895,Mouse Moved,474.0,602.0,User19,,
1490267164911,Mouse Moved,473.0,602.0,User19,,
1490267164927,Mouse Moved,469.0,602.0,User19,,
1490267164943,Mouse Moved,464.0,602.0,User19,,
1490267164959,Mouse Moved,462.0,602.0,User19,,
1490267164973,Mouse Moved,455.0,602.0,User19,,
1490267164990,Mouse Moved,448.0,603.0,User19,,
1490267165006,Mouse Moved,437.0,603.0,User19,,
1490267165020,Mouse Moved,425.0,603.0,User19,,
1490267165036,Mouse Moved,421.0,603.0,User19,,
1490267165052,Mouse Moved,414.0,603.0,User19,,
1490267165068,Mouse Moved,405.0,603.0,User19,,
1490267165084,Mouse Moved,394.0,603.0,User19,,
1490267165098,Mouse Moved,384.0,603.0,User19,,
1490267165115,Mouse Moved,374.0,603.0,User19,,
1490267165130,Mouse Moved,364.0,605.0,User19,,
1490267165145,Mouse Moved,354.0,605.0,User19,,
1490267165161,Mouse Moved,345.0,606.0,User19,,
1490267165177,Mouse Moved,334.0,607.0,User19,,
1490267165193,Mouse Moved,329.0,607.0,User19,,
1490267165207,Mouse Moved,324.0,607.0,User19,,
1490267165223,Mouse Moved,320.0,607.0,User19,,
1490267165240,Mouse Moved,317.0,607.0,User19,,
1490267165255,Mouse Moved,315.0,608.0,User19,,
1490267165270,Mouse Moved,313.0,608.0,User19,,
1490267165348,Mouse Moved,313.0,608.0,User19,,
1490267165411,Mouse Moved,313.0,608.0,User19,,
1490267165676,Mouse Moved,313.0,607.0,User19,,
1490267165691,Mouse Moved,314.0,607.0,User19,,
1490267165707,Mouse Moved,315.0,605.0,User19,,
1490267165723,Mouse Moved,317.0,603.0,User19,,
1490267165739,Mouse Moved,318.0,600.0,User19,,
1490267165753,Mouse Moved,318.0,598.0,User19,,
1490267165786,Mouse Moved,319.0,597.0,User19,,
1490267165801,Mouse Moved,319.0,596.0,User19,,
1490267165816,Mouse Moved,321.0,595.0,User19,,
1490267165832,Mouse Moved,322.0,592.0,User19,,
1490267165848,Mouse Moved,323.0,588.0,User19,,
1490267165864,Mouse Moved,323.0,584.0,User19,,
1490267165878,Mouse Moved,325.0,580.0,User19,,
1490267165894,Mouse Moved,326.0,576.0,User19,,
1490267165910,Mouse Moved,328.0,568.0,User19,,
1490267165926,Mouse Moved,330.0,560.0,User19,,
1490267165941,Mouse Moved,333.0,551.0,User19,,
1490267165957,Mouse Moved,335.0,539.0,User19,,
1490267165973,Mouse Moved,337.0,527.0,User19,,
1490267165987,Mouse Moved,337.0,511.0,User19,,
1490267166003,Mouse Moved,337.0,497.0,User19,,
1490267166019,Mouse Moved,337.0,482.0,User19,,
1490267166035,Mouse Moved,335.0,468.0,User19,,
1490267166051,Mouse Moved,333.0,456.0,User19,,
1490267166065,Mouse Moved,330.0,446.0,User19,,
1490267166082,Mouse Moved,326.0,432.0,User19,,
1490267166098,Mouse Moved,321.0,418.0,User19,,
1490267166112,Mouse Moved,316.0,404.0,User19,,
1490267166128,Mouse Moved,312.0,390.0,User19,,
1490267166144,Mouse Moved,307.0,375.0,User19,,
1490267166160,Mouse Moved,298.0,352.0,User19,,
1490267166176,Mouse Moved,263.0,242.0,User19,,
1490267166190,Mouse Moved,263.0,239.0,User19,,
1490267166207,Mouse Moved,263.0,228.0,User19,,
1490267166221,Mouse Moved,264.0,217.0,User19,,
1490267166237,Mouse Moved,265.0,209.0,User19,,
1490267166253,Mouse Moved,267.0,200.0,User19,,
1490267166269,Mouse Moved,269.0,192.0,User19,,
1490267166285,Mouse Moved,272.0,183.0,User19,,
1490267166299,Mouse Moved,274.0,175.0,User19,,
1490267166315,Mouse Moved,276.0,167.0,User19,,
1490267166332,Mouse Moved,279.0,160.0,User19,,
1490267166346,Mouse Moved,280.0,156.0,User19,,
1490267166378,Mouse Moved,280.0,155.0,User19,,
1490267166410,Mouse Moved,280.0,154.0,User19,,
1490267166424,Mouse Moved,280.0,153.0,User19,,
1490267166456,Mouse Moved,280.0,152.0,User19,,
1490267166861,Mouse Moved,280.0,152.0,User19,,
1490267166940,Mouse Moved,280.0,152.0,User19,,
1490267167049,Mouse Moved,280.0,152.0,User19,,
1490267167142,Mouse Moved,280.0,152.0,User19,,
1490267167157,Mouse Button.right Released,280.0,152.0,User19,,
1490267167220,Mouse Moved,280.0,153.0,User19,,
1490267167236,Mouse Moved,279.0,160.0,User19,,
1490267167252,Mouse Moved,279.0,166.0,User19,,
1490267167267,Mouse Moved,279.0,167.0,User19,,
1490267167282,Mouse Moved,279.0,170.0,User19,,
1490267167299,Mouse Moved,282.0,178.0,User19,,
1490267167313,Mouse Moved,284.0,187.0,User19,,
1490267167329,Mouse Moved,288.0,197.0,User19,,
1490267167345,Mouse Moved,292.0,211.0,User19,,
1490267167361,Mouse Moved,296.0,224.0,User19,,
1490267167377,Mouse Moved,302.0,243.0,User19,,
1490267167391,Mouse Moved,308.0,260.0,User19,,
1490267167407,Mouse Moved,316.0,283.0,User19,,
1490267167424,Mouse Moved,320.0,296.0,User19,,
1490267167438,Mouse Moved,326.0,315.0,User19,,
1490267167454,Mouse Moved,341.0,364.0,User19,,
1490267167470,Mouse Moved,376.0,486.0,User19,,
1490267167486,Mouse Moved,376.0,487.0,User19,,
1490267167502,Mouse Moved,376.0,490.0,User19,,
1490267167516,Mouse Moved,376.0,497.0,User19,,
1490267167532,Mouse Moved,376.0,501.0,User19,,
1490267167548,Mouse Moved,376.0,502.0,User19,,
1490267167595,Mouse Moved,376.0,503.0,User19,,
1490267167611,Mouse Moved,376.0,504.0,User19,,
1490267167625,Mouse Moved,376.0,505.0,User19,,
1490267167688,Mouse Moved,376.0,505.0,User19,,
1490267167766,Mouse Moved,376.0,505.0,User19,,
1490267167845,Mouse Moved,376.0,504.0,User19,,
1490267167859,Mouse Moved,376.0,503.0,User19,,
1490267167875,Mouse Moved,375.0,502.0,User19,,
1490267167907,Mouse Moved,375.0,501.0,User19,,
1490267167923,Mouse Moved,375.0,500.0,User19,,
1490267167937,Mouse Moved,376.0,500.0,User19,,
1490267167953,Mouse Moved,378.0,499.0,User19,,
1490267167970,Mouse Moved,381.0,499.0,User19,,
1490267167984,Mouse Moved,385.0,498.0,User19,,
1490267168000,Mouse Moved,390.0,498.0,User19,,
1490267168016,Mouse Moved,399.0,498.0,User19,,
1490267168032,Mouse Moved,410.0,498.0,User19,,
1490267168048,Mouse Moved,422.0,499.0,User19,,
1490267168062,Mouse Moved,434.0,500.0,User19,,
1490267168078,Mouse Moved,448.0,501.0,User19,,
1490267168094,Mouse Moved,463.0,502.0,User19,,
1490267168109,Mouse Moved,478.0,504.0,User19,,
1490267168125,Mouse Moved,491.0,505.0,User19,,
1490267168141,Mouse Moved,503.0,507.0,User19,,
1490267168157,Mouse Moved,515.0,508.0,User19,,
1490267168171,Mouse Moved,525.0,510.0,User19,,
1490267168187,Mouse Moved,534.0,512.0,User19,,
1490267168203,Mouse Moved,543.0,515.0,User19,,
1490267168219,Mouse Moved,552.0,521.0,User19,,
1490267168234,Mouse Moved,556.0,529.0,User19,,
1490267168250,Mouse Moved,557.0,538.0,User19,,
1490267168266,Mouse Moved,554.0,547.0,User19,,
1490267168282,Mouse Moved,549.0,556.0,User19,,
1490267168296,Mouse Moved,544.0,566.0,User19,,
1490267168312,Mouse Moved,540.0,574.0,User19,,
1490267168328,Mouse Moved,536.0,581.0,User19,,
1490267168344,Mouse Moved,532.0,587.0,User19,,
1490267168359,Mouse Moved,528.0,594.0,User19,,
1490267168375,Mouse Moved,522.0,600.0,User19,,
1490267168391,Mouse Moved,519.0,608.0,User19,,
1490267168405,Mouse Moved,519.0,615.0,User19,,
1490267168421,Mouse Moved,518.0,616.0,User19,,
1490267168453,Mouse Moved,518.0,617.0,User19,,
1490267168516,Mouse Moved,518.0,617.0,User19,,
1490267168608,Mouse Moved,517.0,616.0,User19,,
1490267168733,Mouse Moved,517.0,615.0,User19,,
1490267168750,Mouse Moved,515.0,612.0,User19,,
1490267168765,Mouse Moved,512.0,608.0,User19,,
1490267168780,Mouse Moved,509.0,601.0,User19,,
1490267168796,Mouse Moved,503.0,590.0,User19,,
1490267168812,Mouse Moved,497.0,579.0,User19,,
1490267168828,Mouse Moved,487.0,563.0,User19,,
1490267168842,Mouse Moved,477.0,541.0,User19,,
1490267168858,Mouse Moved,466.0,518.0,User19,,
1490267168874,Mouse Moved,456.0,487.0,User19,,
1490267168890,Mouse Moved,446.0,451.0,User19,,
1490267168905,Mouse Moved,433.0,408.0,User19,,
1490267168921,Mouse Moved,416.0,361.0,User19,,
1490267168937,Mouse Moved,400.0,324.0,User19,,
1490267168951,Mouse Moved,381.0,291.0,User19,,
1490267168967,Mouse Moved,361.0,261.0,User19,,
1490267168983,Mouse Moved,344.0,238.0,User19,,
1490267168999,Mouse Moved,326.0,219.0,User19,,
1490267169015,Mouse Moved,308.0,202.0,User19,,
1490267169029,Mouse Moved,295.0,190.0,User19,,
1490267169046,Mouse Moved,284.0,182.0,User19,,
1490267169062,Mouse Moved,276.0,177.0,User19,,
1490267169154,Mouse Moved,270.0,173.0,User19,,
1490267169233,Mouse Moved,270.0,173.0,User19,,
1490267169311,Mouse Moved,270.0,173.0,User19,,
1490267169404,Mouse Moved,270.0,173.0,User19,,
1490267169451,Mouse Moved,269.0,173.0,User19,,
1490267169467,Mouse Moved,269.0,175.0,User19,,
1490267169483,Mouse Moved,268.0,177.0,User19,,
1490267169497,Mouse Moved,272.0,210.0,User19,,
1490267169513,Mouse Moved,273.0,212.0,User19,,
1490267169529,Mouse Moved,276.0,220.0,User19,,
1490267169545,Mouse Moved,284.0,239.0,User19,,
1490267169561,Mouse Moved,291.0,258.0,User19,,
1490267169575,Mouse Moved,301.0,279.0,User19,,
1490267169592,Mouse Moved,311.0,304.0,User19,,
1490267169608,Mouse Moved,320.0,323.0,User19,,
1490267169622,Mouse Moved,329.0,340.0,User19,,
1490267169638,Mouse Moved,337.0,356.0,User19,,
1490267169654,Mouse Moved,343.0,366.0,User19,,
1490267169686,Mouse Moved,347.0,374.0,User19,,
1490267169700,Mouse Moved,351.0,381.0,User19,,
1490267169717,Mouse Moved,357.0,393.0,User19,,
1490267169732,Mouse Moved,361.0,403.0,User19,,
1490267169747,Mouse Moved,364.0,412.0,User19,,
1490267169763,Mouse Moved,366.0,419.0,User19,,
1490267169779,Mouse Moved,367.0,428.0,User19,,
1490267169795,Mouse Moved,368.0,437.0,User19,,
1490267169809,Mouse Moved,369.0,446.0,User19,,
1490267169825,Mouse Moved,370.0,457.0,User19,,
1490267169842,Mouse Moved,371.0,467.0,User19,,
1490267169857,Mouse Moved,373.0,477.0,User19,,
1490267169872,Mouse Moved,374.0,488.0,User19,,
1490267169888,Mouse Moved,375.0,496.0,User19,,
1490267169904,Mouse Moved,377.0,506.0,User19,,
1490267169920,Mouse Moved,378.0,515.0,User19,,
1490267169934,Mouse Moved,378.0,525.0,User19,,
1490267169966,Mouse Moved,378.0,527.0,User19,,
1490267170043,Mouse Moved,378.0,527.0,User19,,
1490267170232,Mouse Moved,379.0,527.0,User19,,
1490267170246,Mouse Moved,381.0,526.0,User19,,
1490267170263,Mouse Moved,384.0,526.0,User19,,
1490267170278,Mouse Moved,388.0,526.0,User19,,
1490267170293,Mouse Moved,394.0,526.0,User19,,
1490267170309,Mouse Moved,402.0,526.0,User19,,
1490267170325,Mouse Moved,414.0,526.0,User19,,
1490267170341,Mouse Moved,424.0,527.0,User19,,
1490267170355,Mouse Moved,436.0,528.0,User19,,
1490267170371,Mouse Moved,446.0,529.0,User19,,
1490267170388,Mouse Moved,456.0,530.0,User19,,
1490267170403,Mouse Moved,465.0,532.0,User19,,
1490267170418,Mouse Moved,472.0,534.0,User19,,
1490267170434,Mouse Moved,479.0,537.0,User19,,
1490267170450,Mouse Moved,482.0,540.0,User19,,
1490267170466,Mouse Moved,484.0,543.0,User19,,
1490267170480,Mouse Moved,486.0,545.0,User19,,
1490267170496,Mouse Moved,488.0,548.0,User19,,
1490267170512,Mouse Moved,491.0,551.0,User19,,
1490267170528,Mouse Moved,493.0,557.0,User19,,
1490267170543,Mouse Moved,495.0,565.0,User19,,
1490267170559,Mouse Moved,497.0,573.0,User19,,
1490267170575,Mouse Moved,499.0,580.0,User19,,
1490267170589,Mouse Moved,502.0,589.0,User19,,
1490267170605,Mouse Moved,502.0,597.0,User19,,
1490267170621,Mouse Moved,503.0,602.0,User19,,
1490267170637,Mouse Moved,503.0,610.0,User19,,
1490267170653,Mouse Moved,504.0,616.0,User19,,
1490267170667,Mouse Moved,505.0,622.0,User19,,
1490267170684,Mouse Moved,506.0,628.0,User19,,
1490267170700,Mouse Moved,506.0,633.0,User19,,
1490267170714,Mouse Moved,507.0,637.0,User19,,
1490267170730,Mouse Moved,507.0,639.0,User19,,
1490267170809,Mouse Moved,507.0,639.0,User19,,
1490267170887,Mouse Moved,507.0,639.0,User19,,
1490267170917,Mouse Moved,507.0,638.0,User19,,
1490267170934,Mouse Moved,507.0,637.0,User19,,
1490267170948,Mouse Moved,507.0,635.0,User19,,
1490267170964,Mouse Moved,504.0,631.0,User19,,
1490267170980,Mouse Moved,499.0,624.0,User19,,
1490267170996,Mouse Moved,493.0,618.0,User19,,
1490267171012,Mouse Moved,485.0,610.0,User19,,
1490267171026,Mouse Moved,475.0,600.0,User19,,
1490267171042,Mouse Moved,465.0,590.0,User19,,
1490267171058,Mouse Moved,453.0,579.0,User19,,
1490267171073,Mouse Moved,440.0,564.0,User19,,
1490267171089,Mouse Moved,428.0,551.0,User19,,
1490267171105,Mouse Moved,415.0,535.0,User19,,
1490267171121,Mouse Moved,404.0,518.0,User19,,
1490267171135,Mouse Moved,393.0,499.0,User19,,
1490267171151,Mouse Moved,380.0,471.0,User19,,
1490267171167,Mouse Moved,368.0,442.0,User19,,
1490267171183,Mouse Moved,354.0,412.0,User19,,
1490267171198,Mouse Moved,336.0,381.0,User19,,
1490267171213,Mouse Moved,316.0,352.0,User19,,
1490267171230,Mouse Moved,297.0,327.0,User19,,
1490267171246,Mouse Moved,276.0,302.0,User19,,
1490267171260,Mouse Moved,257.0,281.0,User19,,
1490267171276,Mouse Moved,240.0,265.0,User19,,
1490267171292,Mouse Moved,225.0,252.0,User19,,
1490267171308,Mouse Moved,212.0,241.0,User19,,
1490267171323,Mouse Moved,201.0,232.0,User19,,
1490267171338,Mouse Moved,195.0,227.0,User19,,
1490267171355,Mouse Moved,190.0,221.0,User19,,
1490267171369,Mouse Moved,187.0,215.0,User19,,
1490267171385,Mouse Moved,187.0,211.0,User19,,
1490267171433,Mouse Moved,188.0,211.0,User19,,
1490267171447,Mouse Moved,188.0,209.0,User19,,
1490267171463,Mouse Moved,191.0,209.0,User19,,
1490267171480,Mouse Moved,193.0,207.0,User19,,
1490267171494,Mouse Moved,196.0,205.0,User19,,
1490267171510,Mouse Moved,198.0,204.0,User19,,
1490267171526,Mouse Moved,202.0,200.0,User19,,
1490267171542,Mouse Moved,204.0,197.0,User19,,
1490267171558,Mouse Moved,206.0,196.0,User19,,
1490267171572,Mouse Moved,206.0,196.0,User19,,
1490267171588,Mouse Button.left Pressed,206.0,196.0,User19,,
1490267171697,Mouse Moved,206.0,196.0,User19,,
1490267171729,Mouse Moved,206.0,196.0,User19,,
1490267171744,Mouse Button.right Pressed,206.0,196.0,User19,,
1490267171854,Mouse Moved,206.0,196.0,User19,,
1490267171901,Mouse Moved,206.0,197.0,User19,,
1490267171915,Mouse Moved,207.0,198.0,User19,,
1490267171931,Mouse Moved,215.0,206.0,User19,,
1490267171947,Mouse Moved,224.0,213.0,User19,,
1490267171963,Mouse Moved,236.0,223.0,User19,,
1490267171979,Mouse Moved,238.0,223.0,User19,,
1490267171993,Mouse Moved,245.0,229.0,User19,,
1490267172009,Mouse Moved,255.0,236.0,User19,,
1490267172026,Mouse Moved,267.0,246.0,User19,,
1490267172040,Mouse Moved,281.0,257.0,User19,,
1490267172056,Mouse Moved,296.0,273.0,User19,,
1490267172072,Mouse Moved,308.0,286.0,User19,,
1490267172088,Mouse Moved,323.0,302.0,User19,,
1490267172104,Mouse Moved,334.0,319.0,User19,,
1490267172118,Mouse Moved,345.0,335.0,User19,,
1490267172134,Mouse Moved,353.0,351.0,User19,,
1490267172150,Mouse Moved,360.0,369.0,User19,,
1490267172165,Mouse Moved,365.0,383.0,User19,,
1490267172181,Mouse Moved,371.0,400.0,User19,,
1490267172197,Mouse Moved,375.0,418.0,User19,,
1490267172213,Mouse Moved,376.0,434.0,User19,,
1490267172227,Mouse Moved,377.0,450.0,User19,,
1490267172243,Mouse Moved,377.0,464.0,User19,,
1490267172259,Mouse Moved,377.0,477.0,User19,,
1490267172275,Mouse Moved,375.0,489.0,User19,,
1490267172290,Mouse Moved,372.0,501.0,User19,,
1490267172305,Mouse Moved,370.0,513.0,User19,,
1490267172322,Mouse Moved,367.0,525.0,User19,,
1490267172338,Mouse Moved,363.0,532.0,User19,,
1490267172352,Mouse Moved,360.0,540.0,User19,,
1490267172368,Mouse Moved,356.0,548.0,User19,,
1490267172384,Mouse Moved,352.0,553.0,User19,,
1490267172400,Mouse Moved,347.0,561.0,User19,,
1490267172415,Mouse Moved,345.0,564.0,User19,,
1490267172493,Mouse Moved,345.0,564.0,User19,,
1490267172572,Mouse Moved,345.0,563.0,User19,,
1490267172680,Mouse Moved,346.0,563.0,User19,,
1490267172696,Mouse Moved,346.0,562.0,User19,,
1490267172711,Mouse Moved,349.0,562.0,User19,,
1490267172726,Mouse Moved,353.0,561.0,User19,,
1490267172743,Mouse Moved,359.0,561.0,User19,,
1490267172759,Mouse Moved,367.0,561.0,User19,,
1490267172773,Mouse Moved,377.0,563.0,User19,,
1490267172789,Mouse Moved,386.0,564.0,User19,,
1490267172805,Mouse Moved,394.0,566.0,User19,,
1490267172821,Mouse Moved,402.0,567.0,User19,,
1490267172836,Mouse Moved,411.0,570.0,User19,,
1490267172851,Mouse Moved,421.0,573.0,User19,,
1490267172868,Mouse Moved,432.0,576.0,User19,,
1490267172882,Mouse Moved,440.0,579.0,User19,,
1490267172898,Mouse Moved,447.0,583.0,User19,,
1490267172914,Mouse Moved,453.0,588.0,User19,,
1490267172930,Mouse Moved,457.0,595.0,User19,,
1490267172946,Mouse Moved,458.0,603.0,User19,,
1490267172960,Mouse Moved,458.0,615.0,User19,,
1490267172976,Mouse Moved,458.0,624.0,User19,,
1490267172993,Mouse Moved,458.0,633.0,User19,,
1490267173007,Mouse Moved,457.0,639.0,User19,,
1490267173023,Mouse Moved,457.0,642.0,User19,,
1490267173039,Mouse Moved,454.0,646.0,User19,,
1490267173055,Mouse Moved,453.0,650.0,User19,,
1490267173071,Mouse Moved,453.0,651.0,User19,,
1490267173085,Mouse Moved,453.0,654.0,User19,,
1490267173101,Mouse Moved,453.0,656.0,User19,,
1490267173117,Mouse Moved,452.0,659.0,User19,,
1490267173132,Mouse Moved,452.0,662.0,User19,,
1490267173148,Mouse Moved,452.0,665.0,User19,,
1490267173164,Mouse Moved,452.0,667.0,User19,,
1490267173180,Mouse Moved,452.0,669.0,User19,,
1490267173194,Mouse Moved,452.0,671.0,User19,,
1490267173210,Mouse Moved,452.0,672.0,User19,,
1490267173226,Mouse Moved,452.0,674.0,User19,,
1490267173414,Mouse Moved,452.0,675.0,User19,,
1490267173444,Mouse Moved,452.0,676.0,User19,,
1490267173740,Mouse Moved,452.0,676.0,User19,,
1490267173788,Mouse Moved,451.0,676.0,User19,,
1490267173803,Mouse Moved,451.0,676.0,User19,,
1490267173851,Mouse Moved,451.0,675.0,User19,,
1490267173865,Mouse Moved,450.0,675.0,User19,,
1490267173881,Mouse Moved,449.0,671.0,User19,,
1490267173897,Mouse Moved,445.0,666.0,User19,,
1490267173913,Mouse Moved,441.0,660.0,User19,,
1490267173928,Mouse Moved,434.0,651.0,User19,,
1490267173944,Mouse Moved,425.0,640.0,User19,,
1490267173960,Mouse Moved,416.0,631.0,User19,,
1490267173974,Mouse Moved,405.0,619.0,User19,,
1490267173990,Mouse Moved,394.0,607.0,User19,,
1490267174006,Mouse Moved,381.0,595.0,User19,,
1490267174022,Mouse Moved,370.0,583.0,User19,,
1490267174038,Mouse Moved,359.0,569.0,User19,,
1490267174052,Mouse Moved,348.0,555.0,User19,,
1490267174069,Mouse Moved,336.0,537.0,User19,,
1490267174085,Mouse Moved,326.0,518.0,User19,,
1490267174099,Mouse Moved,313.0,494.0,User19,,
1490267174115,Mouse Moved,299.0,469.0,User19,,
1490267174131,Mouse Moved,287.0,444.0,User19,,
1490267174147,Mouse Moved,275.0,419.0,User19,,
1490267174163,Mouse Moved,264.0,392.0,User19,,
1490267174177,Mouse Moved,252.0,364.0,User19,,
1490267174194,Mouse Moved,237.0,325.0,User19,,
1490267174209,Mouse Moved,210.0,215.0,User19,,
1490267174224,Mouse Moved,210.0,214.0,User19,,
1490267174240,Mouse Moved,212.0,211.0,User19,,
1490267174256,Mouse Moved,213.0,209.0,User19,,
1490267174272,Mouse Moved,215.0,207.0,User19,,
1490267174286,Mouse Moved,217.0,205.0,User19,,
1490267174302,Mouse Moved,217.0,203.0,User19,,
1490267174319,Mouse Moved,218.0,201.0,User19,,
1490267174334,Mouse Moved,219.0,200.0,User19,,
1490267174349,Mouse Moved,220.0,199.0,User19,,
1490267174365,Mouse Moved,221.0,198.0,User19,,
1490267174381,Mouse Moved,222.0,197.0,User19,,
1490267174397,Mouse Moved,222.0,196.0,User19,,
1490267174411,Mouse Moved,224.0,193.0,User19,,
1490267174427,Mouse Moved,225.0,191.0,User19,,
1490267174443,Mouse Moved,226.0,189.0,User19,,
1490267174459,Mouse Moved,227.0,188.0,User19,,
1490267174474,Mouse Moved,228.0,187.0,User19,,
1490267174490,Mouse Moved,229.0,185.0,User19,,
1490267174506,Mouse Moved,230.0,184.0,User19,,
1490267174520,Mouse Moved,231.0,181.0,User19,,
1490267174536,Mouse Moved,233.0,179.0,User19,,
1490267174552,Mouse Moved,234.0,177.0,User19,,
1490267174568,Mouse Moved,235.0,175.0,User19,,
1490267174598,Mouse Moved,235.0,173.0,User19,,
1490267174645,Mouse Moved,237.0,172.0,User19,,
1490267174661,Mouse Moved,237.0,171.0,User19,,
1490267174677,Mouse Moved,237.0,170.0,User19,,
1490267174865,Mouse Moved,237.0,171.0,User19,,
1490267174880,Mouse Moved,237.0,172.0,User19,,
1490267174911,Mouse Moved,237.0,174.0,User19,,
1490267174927,Mouse Moved,237.0,175.0,User19,,
1490267174943,Mouse Moved,237.0,177.0,User19,,
1490267174957,Mouse Moved,236.0,181.0,User19,,
1490267174973,Mouse Moved,236.0,185.0,User19,,
1490267174989,Mouse Moved,235.0,190.0,User19,,
1490267175005,Mouse Moved,234.0,194.0,User19,,
1490267175020,Mouse Moved,234.0,197.0,User19,,
1490267175036,Mouse Moved,234.0,199.0,User19,,
1490267175052,Mouse Moved,234.0,200.0,User19,,
1490267175769,Mouse Moved,234.0,199.0,User19,,
1490267175846,Mouse Moved,234.0,198.0,User19,,
1490267176253,Mouse Moved,234.0,199.0,User19,,
1490267176269,Mouse Moved,234.0,200.0,User19,,
1490267176283,Mouse Moved,235.0,207.0,User19,,
1490267176299,Mouse Moved,235.0,211.0,User19,,
1490267176315,Mouse Moved,235.0,212.0,User19,,
1490267176331,Mouse Moved,235.0,214.0,User19,,
1490267176440,Mouse Moved,235.0,214.0,User19,,
1490267176517,Mouse Moved,235.0,214.0,User19,,
1490267176690,Mouse Moved,235.0,215.0,User19,,
1490267176704,Mouse Moved,235.0,216.0,User19,,
1490267176720,Mouse Moved,235.0,218.0,User19,,
1490267176736,Mouse Moved,235.0,220.0,User19,,
1490267176752,Mouse Moved,235.0,221.0,User19,,
1490267176815,Mouse Moved,235.0,223.0,User19,,
1490267176829,Mouse Moved,235.0,225.0,User19,,
1490267176845,Mouse Moved,235.0,226.0,User19,,
1490267176877,Mouse Moved,235.0,228.0,User19,,
1490267176892,Mouse Moved,235.0,229.0,User19,,
1490267177204,Mouse Moved,235.0,229.0,User19,,
1490267177266,Mouse Moved,235.0,229.0,User19,,
1490267177345,Mouse Moved,235.0,230.0,User19,,
1490267177361,Mouse Moved,235.0,231.0,User19,,
1490267177375,Mouse Moved,235.0,235.0,User19,,
1490267177391,Mouse Moved,235.0,239.0,User19,,
1490267177407,Mouse Moved,235.0,245.0,User19,,
1490267177423,Mouse Moved,236.0,254.0,User19,,
1490267177438,Mouse Moved,237.0,258.0,User19,,
1490267177453,Mouse Moved,237.0,260.0,User19,,
1490267177470,Mouse Moved,237.0,261.0,User19,,
1490267177516,Mouse Moved,238.0,261.0,User19,,
1490267177532,Mouse Moved,238.0,261.0,User19,,
1490267177595,Mouse Moved,238.0,261.0,User19,,
1490267177703,Mouse Moved,238.0,266.0,User19,,
1490267177719,Mouse Moved,238.0,271.0,User19,,
1490267177734,Mouse Moved,238.0,272.0,User19,,
1490267177750,Mouse Moved,238.0,277.0,User19,,
1490267177766,Mouse Moved,238.0,284.0,User19,,
1490267177782,Mouse Moved,238.0,288.0,User19,,
1490267177921,Mouse Moved,239.0,290.0,User19,,
1490267178203,Mouse Moved,239.0,289.0,User19,,
1490267178219,Mouse Moved,239.0,287.0,User19,,
1490267178233,Mouse Moved,239.0,282.0,User19,,
1490267178250,Mouse Moved,239.0,279.0,User19,,
1490267178265,Mouse Moved,239.0,278.0,User19,,
1490267178280,Mouse Moved,239.0,278.0,User19,,
1490267178358,Mouse Moved,239.0,278.0,User19,,
1490267178467,Mouse Moved,239.0,277.0,User19,,
1490267178483,Mouse Moved,239.0,276.0,User19,,
1490267178499,Mouse Moved,239.0,275.0,User19,,
1490267178530,Mouse Moved,240.0,274.0,User19,,
1490267178546,Mouse Moved,241.0,273.0,User19,,
1490267178562,Mouse Moved,242.0,271.0,User19,,
1490267178576,Mouse Moved,243.0,269.0,User19,,
1490267178592,Mouse Moved,245.0,266.0,User19,,
1490267178608,Mouse Moved,246.0,265.0,User19,,
1490267178624,Mouse Moved,249.0,262.0,User19,,
1490267178640,Mouse Moved,250.0,262.0,User19,,
1490267178654,Mouse Button.left Pressed,250.0,262.0,User19,,
1490267178717,Mouse Moved,250.0,262.0,User19,,
1490267178858,Mouse Moved,250.0,263.0,User19,,
1490267178874,Mouse Moved,250.0,266.0,User19,,
1490267178888,Mouse Moved,250.0,267.0,User19,,
1490267178904,Mouse Moved,250.0,269.0,User19,,
1490267178921,Mouse Moved,250.0,272.0,User19,,
1490267178936,Mouse Moved,250.0,274.0,User19,,
1490267178951,Mouse Moved,250.0,276.0,User19,,
1490267179061,Mouse Moved,250.0,276.0,User19,,
1490267179076,Mouse Moved,250.0,275.0,User19,,
1490267179092,Mouse Moved,251.0,271.0,User19,,
1490267179108,Mouse Moved,252.0,267.0,User19,,
1490267179122,Mouse Moved,253.0,259.0,User19,,
1490267179138,Mouse Moved,254.0,240.0,User19,,
1490267179154,Mouse Moved,254.0,235.0,User19,,
1490267179170,Mouse Moved,254.0,234.0,User19,,
1490267179186,Mouse Moved,253.0,234.0,User19,,
1490267179200,Mouse Moved,252.0,229.0,User19,,
1490267179217,Mouse Moved,252.0,228.0,User19,,
1490267179325,Mouse Moved,252.0,228.0,User19,,
1490267179404,Mouse Moved,252.0,229.0,User19,,
1490267179450,Mouse Moved,252.0,230.0,User19,,
1490267179467,Mouse Moved,251.0,233.0,User19,,
1490267179482,Mouse Moved,248.0,243.0,User19,,
1490267179497,Mouse Moved,247.0,250.0,User19,,
1490267179513,Mouse Moved,247.0,254.0,User19,,
1490267179545,Mouse Moved,246.0,256.0,User19,,
1490267179559,Mouse Moved,246.0,259.0,User19,,
1490267179575,Mouse Moved,246.0,261.0,User19,,
1490267179591,Mouse Moved,246.0,262.0,User19,,
1490267179668,Mouse Moved,245.0,262.0,User19,,
1490267179746,Mouse Moved,245.0,262.0,User19,,
1490267179809,Mouse Moved,245.0,263.0,User19,,
1490267179825,Mouse Moved,244.0,266.0,User19,,
1490267179841,Mouse Moved,243.0,271.0,User19,,
1490267179857,Mouse Moved,242.0,276.0,User19,,
1490267179871,Mouse Moved,240.0,293.0,User19,,
1490267179888,Mouse Moved,238.0,303.0,User19,,
1490267179903,Mouse Moved,238.0,304.0,User19,,
1490267179918,Mouse Moved,238.0,305.0,User19,,
1490267179934,Mouse Moved,237.0,313.0,User19,,
1490267179980,Mouse Moved,237.0,316.0,User19,,
1490267180075,Mouse Moved,237.0,316.0,User19,,
1490267180184,Mouse Moved,236.0,316.0,User19,,
1490267180292,Mouse Moved,236.0,315.0,User19,,
1490267180325,Mouse Moved,236.0,312.0,User19,,
1490267180339,Mouse Moved,237.0,305.0,User19,,
1490267180355,Mouse Moved,238.0,300.0,User19,,
1490267180371,Mouse Moved,239.0,297.0,User19,,
1490267180387,Mouse Moved,239.0,296.0,User19,,
1490267180434,Mouse Moved,239.0,296.0,User19,,
1490267180480,Mouse Moved,239.0,296.0,User19,,
1490267180589,Mouse Moved,240.0,296.0,User19,,
1490267180605,Mouse Moved,240.0,293.0,User19,,
1490267180621,Mouse Moved,241.0,285.0,User19,,
1490267180635,Mouse Moved,242.0,280.0,User19,,
1490267180651,Mouse Moved,242.0,276.0,User19,,
1490267180667,Mouse Moved,242.0,274.0,User19,,
1490267180683,Mouse Moved,242.0,272.0,User19,,
1490267180713,Mouse Moved,242.0,271.0,User19,,
1490267180792,Mouse Moved,242.0,271.0,User19,,
1490267180885,Mouse Moved,243.0,268.0,User19,,
1490267180901,Mouse Moved,245.0,264.0,User19,,
1490267180917,Mouse Moved,246.0,264.0,User19,,
1490267180933,Mouse Moved,248.0,259.0,User19,,
1490267180947,Mouse Moved,250.0,255.0,User19,,
1490267180963,Mouse Moved,251.0,252.0,User19,,
1490267180994,Mouse Moved,252.0,251.0,User19,,
1490267181058,Mouse Moved,252.0,251.0,User19,,
1490267181104,Mouse Moved,252.0,252.0,User19,,
1490267181119,Mouse Moved,252.0,253.0,User19,,
1490267181135,Mouse Moved,252.0,256.0,User19,,
1490267181151,Mouse Moved,252.0,261.0,User19,,
1490267181167,Mouse Moved,251.0,269.0,User19,,
1490267181181,Mouse Moved,247.0,289.0,User19,,
1490267181197,Mouse Moved,247.0,290.0,User19,,
1490267181213,Mouse Moved,246.0,292.0,User19,,
1490267181259,Mouse Moved,245.0,295.0,User19,,
1490267181338,Mouse Moved,245.0,295.0,User19,,
1490267181354,Mouse Button.left Released,245.0,295.0,User19,,
1490267181415,Mouse Moved,245.0,296.0,User19,,
1490267181431,Mouse Moved,244.0,300.0,User19,,
1490267181447,Mouse Moved,241.0,309.0,User19,,
1490267181463,Mouse Moved,241.0,310.0,User19,,
1490267181479,Mouse Moved,240.0,311.0,User19,,
1490267181493,Mouse Moved,239.0,316.0,User19,,
1490267181509,Mouse Moved,238.0,321.0,User19,,
1490267181526,Mouse Moved,237.0,324.0,User19,,
1490267181572,Mouse Moved,237.0,324.0,User19,,
1490267181588,Mouse Moved,236.0,324.0,User19,,
1490267181650,Mouse Moved,236.0,324.0,User19,,
1490267181759,Mouse Moved,236.0,325.0,User19,,
1490267181775,Mouse Moved,235.0,328.0,User19,,
1490267181790,Mouse Moved,235.0,332.0,User19,,
1490267181805,Mouse Moved,235.0,333.0,User19,,
1490267181822,Mouse Moved,234.0,337.0,User19,,
1490267181838,Mouse Moved,233.0,340.0,User19,,
1490267181884,Mouse Moved,233.0,340.0,User19,,
1490267181900,Mouse Button.left Pressed,233.0,340.0,User19,,
1490267181947,Mouse Moved,233.0,340.0,User19,,
1490267182072,Mouse Moved,233.0,341.0,User19,,
1490267182086,Mouse Moved,233.0,343.0,User19,,
1490267182102,Mouse Moved,232.0,346.0,User19,,
1490267182118,Mouse Moved,232.0,348.0,User19,,
1490267182134,Mouse Moved,231.0,351.0,User19,,
1490267182150,Mouse Moved,230.0,351.0,User19,,
1490267182164,Mouse Moved,229.0,352.0,User19,,
1490267182180,Mouse Moved,227.0,356.0,User19,,
1490267182211,Mouse Moved,227.0,357.0,User19,,
1490267182273,Mouse Moved,227.0,357.0,User19,,
1490267182289,Mouse Button.left Released,227.0,357.0,User19,,
1490267182398,Mouse Moved,227.0,356.0,User19,,
1490267182414,Mouse Moved,226.0,355.0,User19,,
1490267182430,Mouse Moved,226.0,352.0,User19,,
1490267182446,Mouse Moved,226.0,350.0,User19,,
1490267182461,Mouse Moved,226.0,349.0,User19,,
1490267182476,Mouse Moved,226.0,345.0,User19,,
1490267182507,Mouse Moved,226.0,341.0,User19,,
1490267182523,Mouse Moved,227.0,340.0,User19,,
1490267182571,Mouse Moved,227.0,340.0,User19,,
1490267182632,Mouse Moved,227.0,340.0,User19,,
1490267182696,Mouse Moved,227.0,339.0,User19,,
1490267182710,Mouse Moved,227.0,336.0,User19,,
1490267182726,Mouse Moved,227.0,333.0,User19,,
1490267182742,Mouse Moved,227.0,326.0,User19,,
1490267182757,Mouse Moved,228.0,301.0,User19,,
1490267182773,Mouse Moved,228.0,300.0,User19,,
1490267182789,Mouse Moved,229.0,293.0,User19,,
1490267182805,Mouse Moved,230.0,280.0,User19,,
1490267182819,Mouse Moved,231.0,266.0,User19,,
1490267182835,Mouse Moved,232.0,253.0,User19,,
1490267182851,Mouse Moved,233.0,237.0,User19,,
1490267182867,Mouse Moved,233.0,226.0,User19,,
1490267182882,Mouse Moved,233.0,213.0,User19,,
1490267182898,Mouse Moved,233.0,199.0,User19,,
1490267182914,Mouse Moved,233.0,190.0,User19,,
1490267182930,Mouse Moved,233.0,180.0,User19,,
1490267182944,Mouse Moved,233.0,171.0,User19,,
1490267182960,Mouse Moved,233.0,161.0,User19,,
1490267182976,Mouse Moved,234.0,154.0,User19,,
1490267182992,Mouse Moved,234.0,151.0,User19,,
1490267183039,Mouse Moved,234.0,151.0,User19,,
1490267183117,Mouse Moved,234.0,151.0,User19,,
1490267183178,Mouse Moved,234.0,152.0,User19,,
1490267183194,Mouse Moved,234.0,153.0,User19,,
1490267183210,Mouse Moved,233.0,157.0,User19,,
1490267183226,Mouse Moved,232.0,159.0,User19,,
1490267183242,Mouse Moved,231.0,159.0,User19,,
1490267183365,Mouse Moved,231.0,160.0,User19,,
1490267183381,Mouse Moved,230.0,161.0,User19,,
1490267183398,Mouse Moved,229.0,163.0,User19,,
1490267183413,Mouse Moved,227.0,164.0,User19,,
1490267183428,Mouse Moved,227.0,166.0,User19,,
1490267183444,Mouse Moved,226.0,166.0,User19,,
1490267183460,Mouse Moved,225.0,167.0,User19,,
1490267183476,Mouse Moved,225.0,169.0,User19,,
1490267183490,Mouse Moved,223.0,170.0,User19,,
1490267183569,Mouse Moved,223.0,171.0,User19,,
1490267183615,Mouse Moved,223.0,171.0,User19,,
1490267183694,Mouse Moved,223.0,171.0,User19,,
1490267183756,Mouse Moved,223.0,171.0,User19,,
1490267183757,Mouse Button.left Released,223.0,171.0,User19,,
1490267183818,Mouse Moved,223.0,172.0,User19,,
1490267183832,Mouse Moved,222.0,172.0,User19,,
1490267183834,Mouse Moved,222.0,173.0,User19,,
1490267183849,Mouse Moved,222.0,174.0,User19,,
1490267183865,Mouse Moved,222.0,177.0,User19,,
1490267183881,Mouse Moved,223.0,182.0,User19,,
1490267183897,Mouse Moved,225.0,188.0,User19,,
1490267183911,Mouse Moved,228.0,200.0,User19,,
1490267183927,Mouse Moved,229.0,206.0,User19,,
1490267183944,Mouse Moved,232.0,215.0,User19,,
1490267183959,Mouse Moved,234.0,224.0,User19,,
1490267183974,Mouse Moved,237.0,236.0,User19,,
1490267183990,Mouse Moved,241.0,247.0,User19,,
1490267184006,Mouse Moved,245.0,264.0,User19,,
1490267184022,Mouse Moved,251.0,277.0,User19,,
1490267184036,Mouse Moved,255.0,292.0,User19,,
1490267184052,Mouse Moved,259.0,304.0,User19,,
1490267184068,Mouse Moved,261.0,314.0,User19,,
1490267184084,Mouse Moved,264.0,324.0,User19,,
1490267184099,Mouse Moved,266.0,332.0,User19,,
1490267184131,Mouse Moved,267.0,334.0,User19,,
1490267184240,Mouse Moved,267.0,334.0,User19,,
1490267184536,Mouse Moved,267.0,335.0,User19,,
1490267184552,Mouse Moved,266.0,338.0,User19,,
1490267184568,Mouse Moved,264.0,340.0,User19,,
1490267184582,Mouse Moved,261.0,342.0,User19,,
1490267184598,Mouse Moved,260.0,344.0,User19,,
1490267184894,Mouse Moved,259.0,343.0,User19,,
1490267185176,Mouse Moved,258.0,343.0,User19,,
1490267185191,Mouse Moved,257.0,343.0,User19,,
1490267185207,Mouse Moved,257.0,345.0,User19,,
1490267185223,Mouse Moved,256.0,345.0,User19,,
1490267185237,Mouse Moved,256.0,346.0,User19,,
1490267185315,Mouse Moved,255.0,346.0,User19,,
1490267185348,Mouse Moved,255.0,347.0,User19,,
1490267185362,Mouse Moved,254.0,348.0,User19,,
1490267185378,Mouse Moved,250.0,352.0,User19,,
1490267185690,Mouse Moved,249.0,355.0,User19,,
1490267185878,Mouse Moved,249.0,356.0,User19,,
1490267185894,Mouse Moved,249.0,358.0,User19,,
1490267185908,Mouse Moved,249.0,361.0,User19,,
1490267185924,Mouse Moved,249.0,366.0,User19,,
1490267185940,Mouse Moved,251.0,371.0,User19,,
1490267185956,Mouse Moved,254.0,380.0,User19,,
1490267185971,Mouse Moved,259.0,392.0,User19,,
1490267185986,Mouse Moved,263.0,402.0,User19,,
1490267186003,Mouse Moved,267.0,415.0,User19,,
1490267186017,Mouse Moved,272.0,430.0,User19,,
1490267186033,Mouse Moved,277.0,442.0,User19,,
1490267186049,Mouse Moved,281.0,456.0,User19,,
1490267186065,Mouse Moved,281.0,474.0,User19,,
1490267186081,Mouse Moved,281.0,486.0,User19,,
1490267186095,Mouse Moved,283.0,501.0,User19,,
1490267186111,Mouse Moved,284.0,511.0,User19,,
1490267186158,Mouse Moved,286.0,516.0,User19,,
1490267186174,Mouse Button.left Released,286.0,516.0,User19,,
1490267186252,Mouse Moved,285.0,516.0,User19,,
1490267186345,Mouse Moved,285.0,517.0,User19,,
1490267186361,Mouse Moved,284.0,518.0,User19,,
1490267186377,Mouse Moved,284.0,519.0,User19,,
1490267186392,Mouse Moved,283.0,520.0,User19,,
1490267186407,Mouse Moved,280.0,523.0,User19,,
1490267186424,Mouse Moved,275.0,526.0,User19,,
1490267186440,Mouse Moved,266.0,529.0,User19,,
1490267186454,Mouse Moved,258.0,530.0,User19,,
1490267186470,Mouse Moved,249.0,532.0,User19,,
1490267186486,Mouse Moved,240.0,534.0,User19,,
1490267186502,Mouse Moved,232.0,536.0,User19,,
1490267186517,Mouse Moved,222.0,537.0,User19,,
1490267186532,Mouse Moved,211.0,538.0,User19,,
1490267186549,Mouse Moved,199.0,540.0,User19,,
1490267186563,Mouse Moved,191.0,541.0,User19,,
1490267186579,Mouse Moved,181.0,544.0,User19,,
1490267186595,Mouse Moved,173.0,546.0,User19,,
1490267186611,Mouse Moved,164.0,548.0,User19,,
1490267186627,Mouse Moved,159.0,553.0,User19,,
1490267186861,Mouse Moved,157.0,553.0,User19,,
1490267186875,Mouse Moved,157.0,552.0,User19,,
1490267186891,Mouse Moved,152.0,548.0,User19,,
1490267186907,Mouse Moved,156.0,539.0,User19,,
1490267186923,Mouse Moved,157.0,538.0,User19,,
1490267186938,Mouse Moved,158.0,538.0,User19,,
1490267186953,Mouse Moved,164.0,532.0,User19,,
1490267186970,Mouse Moved,169.0,530.0,User19,,
1490267186986,Mouse Moved,169.0,527.0,User19,,
1490267187000,Mouse Moved,171.0,526.0,User19,,
1490267187016,Mouse Moved,177.0,524.0,User19,,
1490267187032,Mouse Moved,184.0,523.0,User19,,
1490267187048,Mouse Moved,196.0,521.0,User19,,
1490267187063,Mouse Moved,209.0,519.0,User19,,
1490267187078,Mouse Moved,220.0,518.0,User19,,
1490267187095,Mouse Moved,233.0,517.0,User19,,
1490267187109,Mouse Moved,242.0,517.0,User19,,
1490267187125,Mouse Moved,251.0,517.0,User19,,
1490267187141,Mouse Moved,261.0,517.0,User19,,
1490267187157,Mouse Moved,270.0,519.0,User19,,
1490267187173,Mouse Moved,280.0,521.0,User19,,
1490267187187,Mouse Moved,290.0,525.0,User19,,
1490267187203,Mouse Moved,298.0,531.0,User19,,
1490267187220,Mouse Moved,304.0,539.0,User19,,
1490267187234,Mouse Moved,308.0,551.0,User19,,
1490267187250,Mouse Moved,310.0,568.0,User19,,
1490267187266,Mouse Moved,310.0,592.0,User19,,
1490267187282,Mouse Moved,306.0,624.0,User19,,
1490267187298,Mouse Moved,297.0,666.0,User19,,
1490267187312,Mouse Moved,286.0,718.0,User19,,
1490267187328,Mouse Moved,274.0,769.0,User19,,
1490267187344,Mouse Moved,257.0,832.0,User19,,
1490267187359,Mouse Moved,238.0,893.0,User19,,
1490267187375,Mouse Moved,216.0,964.0,User19,,
1490267187391,Mouse Moved,192.0,1034.0,User19,,
1490267187407,Mouse Moved,171.0,1094.0,User19,,
1490267187421,Mouse Moved,148.0,1155.0,User19,,
1490267187437,Mouse Moved,114.0,1233.0,User19,,
1490267187453,Mouse Moved,95.0,1333.0,User19,,
1490267187469,Mouse Moved,96.0,1333.0,User19,,
1490267187484,Mouse Moved,98.0,1331.0,User19,,
1490267187500,Mouse Moved,100.0,1331.0,User19,,
1490267187516,Mouse Moved,102.0,1331.0,User19,,
1490267187532,Mouse Moved,106.0,1331.0,User19,,
1490267187546,Mouse Moved,112.0,1331.0,User19,,
1490267187562,Mouse Moved,119.0,1331.0,User19,,
1490267187578,Mouse Moved,126.0,1330.0,User19,,
1490267187594,Mouse Moved,134.0,1328.0,User19,,
1490267187609,Mouse Moved,141.0,1326.0,User19,,
1490267187625,Mouse Moved,149.0,1322.0,User19,,
1490267187641,Mouse Moved,157.0,1319.0,User19,,
1490267187655,Mouse Moved,168.0,1315.0,User19,,
1490267187671,Mouse Moved,178.0,1310.0,User19,,
1490267187687,Mouse Moved,188.0,1306.0,User19,,
1490267187703,Mouse Moved,197.0,1304.0,User19,,
1490267187719,Mouse Moved,208.0,1301.0,User19,,
1490267187733,Mouse Moved,215.0,1299.0,User19,,
1490267187750,Mouse Moved,225.0,1299.0,User19,,
1490267187766,Mouse Moved,232.0,1299.0,User19,,
1490267187780,Mouse Moved,241.0,1300.0,User19,,
1490267187796,Mouse Moved,249.0,1303.0,User19,,
1490267187812,Mouse Moved,256.0,1306.0,User19,,
1490267187828,Mouse Moved,264.0,1309.0,User19,,
1490267187844,Mouse Moved,270.0,1315.0,User19,,
1490267187858,Mouse Moved,272.0,1323.0,User19,,
1490267187875,Mouse Moved,273.0,1325.0,User19,,
1490267187890,Mouse Moved,273.0,1326.0,User19,,
1490267187905,Mouse Moved,274.0,1329.0,User19,,
1490267187921,Mouse Moved,274.0,1333.0,User19,,
1490267187937,Mouse Moved,274.0,1335.0,User19,,
1490267187983,Mouse Moved,274.0,1335.0,User19,,
1490267188078,Mouse Moved,274.0,1335.0,User19,,
1490267188670,Mouse Moved,274.0,1334.0,User19,,
1490267188686,Mouse Moved,274.0,1333.0,User19,,
1490267188700,Mouse Moved,274.0,1330.0,User19,,
1490267188717,Mouse Moved,276.0,1323.0,User19,,
1490267188733,Mouse Moved,279.0,1318.0,User19,,
1490267188747,Mouse Moved,287.0,1308.0,User19,,
1490267188763,Mouse Moved,291.0,1301.0,User19,,
1490267188779,Mouse Moved,303.0,1287.0,User19,,
1490267188795,Mouse Moved,313.0,1275.0,User19,,
1490267188811,Mouse Moved,335.0,1252.0,User19,,
1490267188825,Mouse Moved,359.0,1229.0,User19,,
1490267188842,Mouse Moved,390.0,1198.0,User19,,
1490267188857,Mouse Moved,404.0,1186.0,User19,,
1490267188872,Mouse Moved,434.0,1158.0,User19,,
1490267188888,Mouse Moved,469.0,1127.0,User19,,
1490267188904,Mouse Moved,513.0,1091.0,User19,,
1490267188920,Mouse Moved,557.0,1059.0,User19,,
1490267188934,Mouse Moved,599.0,1030.0,User19,,
1490267188950,Mouse Moved,636.0,1004.0,User19,,
1490267188967,Mouse Moved,686.0,969.0,User19,,
1490267188982,Mouse Moved,726.0,943.0,User19,,
1490267188997,Mouse Moved,770.0,915.0,User19,,
1490267189013,Mouse Moved,801.0,898.0,User19,,
1490267189029,Mouse Moved,818.0,889.0,User19,,
1490267189045,Mouse Moved,835.0,882.0,User19,,
1490267189059,Mouse Moved,842.0,879.0,User19,,
1490267189075,Mouse Moved,847.0,877.0,User19,,
1490267189091,Mouse Moved,852.0,876.0,User19,,
1490267189107,Mouse Moved,861.0,874.0,User19,,
1490267189122,Mouse Moved,870.0,872.0,User19,,
1490267189138,Mouse Moved,877.0,869.0,User19,,
1490267189154,Mouse Moved,884.0,867.0,User19,,
1490267189168,Mouse Moved,895.0,864.0,User19,,
1490267189184,Mouse Moved,902.0,862.0,User19,,
1490267189200,Mouse Moved,909.0,860.0,User19,,
1490267189216,Mouse Moved,919.0,857.0,User19,,
1490267189232,Mouse Moved,930.0,852.0,User19,,
1490267189246,Mouse Moved,935.0,850.0,User19,,
1490267189279,Mouse Moved,943.0,846.0,User19,,
1490267189293,Mouse Moved,946.0,843.0,User19,,
1490267189309,Mouse Moved,949.0,837.0,User19,,
1490267189325,Mouse Moved,950.0,829.0,User19,,
1490267189341,Mouse Moved,944.0,818.0,User19,,
1490267189357,Mouse Moved,939.0,817.0,User19,,
1490267189371,Mouse Moved,930.0,817.0,User19,,
1490267189388,Mouse Moved,922.0,817.0,User19,,
1490267189403,Mouse Moved,899.0,816.0,User19,,
1490267189637,Mouse Moved,886.0,815.0,User19,,
1490267189653,Mouse Moved,886.0,817.0,User19,,
1490267189668,Mouse Moved,896.0,821.0,User19,,
1490267189684,Mouse Moved,903.0,824.0,User19,,
1490267189700,Mouse Moved,911.0,826.0,User19,,
1490267189714,Mouse Moved,912.0,824.0,User19,,
1490267189730,Mouse Moved,914.0,817.0,User19,,
1490267189746,Mouse Moved,912.0,806.0,User19,,
1490267189762,Mouse Moved,911.0,802.0,User19,,
1490267189809,Mouse Moved,911.0,801.0,User19,,
1490267189825,Mouse Moved,908.0,795.0,User19,,
1490267189839,Mouse Moved,901.0,784.0,User19,,
1490267189855,Mouse Moved,893.0,771.0,User19,,
1490267189871,Mouse Moved,881.0,754.0,User19,,
1490267189887,Mouse Moved,869.0,736.0,User19,,
1490267189903,Mouse Moved,856.0,715.0,User19,,
1490267189917,Mouse Moved,842.0,693.0,User19,,
1490267189934,Mouse Moved,829.0,674.0,User19,,
1490267189948,Mouse Moved,818.0,656.0,User19,,
1490267189964,Mouse Moved,805.0,635.0,User19,,
1490267189980,Mouse Moved,797.0,623.0,User19,,
1490267189996,Mouse Moved,785.0,605.0,User19,,
1490267190012,Mouse Moved,777.0,594.0,User19,,
1490267190026,Mouse Moved,766.0,579.0,User19,,
1490267190042,Mouse Moved,757.0,567.0,User19,,
1490267190059,Mouse Moved,748.0,556.0,User19,,
1490267190073,Mouse Moved,739.0,547.0,User19,,
1490267190089,Mouse Moved,730.0,538.0,User19,,
1490267190105,Mouse Moved,725.0,533.0,User19,,
1490267190121,Mouse Moved,719.0,528.0,User19,,
1490267190137,Mouse Moved,717.0,525.0,User19,,
1490267190151,Mouse Moved,715.0,525.0,User19,,
1490267190167,Mouse Moved,715.0,524.0,User19,,
1490267190183,Mouse Moved,714.0,523.0,User19,,
1490267190198,Mouse Moved,711.0,520.0,User19,,
1490267190214,Mouse Moved,703.0,513.0,User19,,
1490267190230,Mouse Moved,698.0,510.0,User19,,
1490267190246,Mouse Moved,696.0,509.0,User19,,
1490267190260,Mouse Moved,696.0,508.0,User19,,
1490267190276,Mouse Moved,695.0,506.0,User19,,
1490267190292,Mouse Moved,690.0,506.0,User19,,
1490267190433,Mouse Moved,687.0,510.0,User19,,
1490267191134,Mouse Moved,686.0,510.0,User19,,
1490267191197,Mouse Moved,686.0,511.0,User19,,
1490267191213,Mouse Moved,685.0,511.0,User19,,
1490267191243,Mouse Moved,685.0,512.0,User19,,
1490267191259,Mouse Moved,684.0,512.0,User19,,
1490267191555,Mouse Moved,683.0,512.0,User19,,
1490267191976,Mouse Moved,685.0,511.0,User19,,
1490267191993,Mouse Moved,687.0,509.0,User19,,
1490267192009,Mouse Moved,687.0,507.0,User19,,
1490267192023,Mouse Moved,689.0,505.0,User19,,
1490267192055,Mouse Moved,689.0,503.0,User19,,
1490267192335,Mouse Moved,688.0,503.0,User19,,
1490267193335,Mouse Moved,688.0,504.0,User19,,
1490267193474,Mouse Moved,687.0,505.0,User19,,
1490267193569,Mouse Moved,686.0,505.0,User19,,
1490267193615,Mouse Moved,686.0,506.0,User19,,
1490267193647,Mouse Moved,685.0,506.0,User19,,
1490267193677,Mouse Moved,684.0,506.0,User19,,
1490267193770,Mouse Moved,684.0,507.0,User19,,
1490267193927,Mouse Moved,683.0,507.0,User19,,
1490267193959,Mouse Moved,682.0,507.0,User19,,
1490267193973,Mouse Moved,680.0,507.0,User19,,
1490267193990,Mouse Moved,679.0,507.0,User19,,
1490267194005,Mouse Moved,678.0,505.0,User19,,
1490267194020,Mouse Moved,677.0,504.0,User19,,
1490267194036,Mouse Moved,675.0,501.0,User19,,
1490267194052,Mouse Moved,670.0,497.0,User19,,
1490267194068,Mouse Moved,664.0,490.0,User19,,
1490267194082,Mouse Moved,650.0,479.0,User19,,
1490267194098,Mouse Moved,645.0,476.0,User19,,
1490267194115,Mouse Moved,641.0,474.0,User19,,
1490267194130,Mouse Moved,637.0,472.0,User19,,
1490267194145,Mouse Moved,636.0,472.0,User19,,
1490267194161,Mouse Moved,633.0,470.0,User19,,
1490267194177,Mouse Moved,628.0,468.0,User19,,
1490267194193,Mouse Moved,623.0,465.0,User19,,
1490267194207,Mouse Moved,617.0,463.0,User19,,
1490267194223,Mouse Moved,612.0,461.0,User19,,
1490267194239,Mouse Moved,607.0,459.0,User19,,
1490267194255,Mouse Moved,602.0,457.0,User19,,
1490267194270,Mouse Moved,598.0,455.0,User19,,
1490267194286,Mouse Moved,594.0,452.0,User19,,
1490267194302,Mouse Moved,589.0,449.0,User19,,
1490267194316,Mouse Moved,586.0,447.0,User19,,
1490267194332,Mouse Moved,580.0,442.0,User19,,
1490267194348,Mouse Moved,574.0,436.0,User19,,
1490267194364,Mouse Moved,574.0,435.0,User19,,
1490267194380,Mouse Moved,573.0,435.0,User19,,
1490267194394,Mouse Moved,571.0,430.0,User19,,
1490267194411,Mouse Moved,569.0,425.0,User19,,
1490267194427,Mouse Moved,566.0,420.0,User19,,
1490267194441,Mouse Moved,564.0,414.0,User19,,
1490267194457,Mouse Moved,560.0,407.0,User19,,
1490267194473,Mouse Moved,559.0,402.0,User19,,
1490267194489,Mouse Moved,556.0,397.0,User19,,
1490267194505,Mouse Moved,556.0,395.0,User19,,
1490267194676,Mouse Moved,554.0,394.0,User19,,
1490267194691,Mouse Moved,552.0,394.0,User19,,
1490267194707,Mouse Moved,551.0,395.0,User19,,
1490267194723,Mouse Moved,551.0,396.0,User19,,
1490267194739,Mouse Moved,547.0,399.0,User19,,
1490267194753,Mouse Moved,544.0,402.0,User19,,
1490267194769,Mouse Moved,541.0,404.0,User19,,
1490267194785,Mouse Moved,539.0,405.0,User19,,
1490267194801,Mouse Moved,539.0,406.0,User19,,
1490267194816,Mouse Moved,537.0,407.0,User19,,
1490267194832,Mouse Moved,533.0,408.0,User19,,
1490267194848,Mouse Moved,531.0,409.0,User19,,
1490267194862,Mouse Moved,523.0,412.0,User19,,
1490267194878,Mouse Moved,516.0,417.0,User19,,
1490267194894,Mouse Moved,510.0,418.0,User19,,
1490267194910,Mouse Moved,508.0,417.0,User19,,
1490267194926,Mouse Moved,510.0,416.0,User19,,
1490267195065,Mouse Moved,511.0,416.0,User19,,
1490267195082,Mouse Moved,528.0,416.0,User19,,
1490267195096,Mouse Moved,545.0,412.0,User19,,
1490267195112,Mouse Moved,553.0,405.0,User19,,
1490267195128,Mouse Moved,548.0,399.0,User19,,
1490267195144,Mouse Moved,540.0,392.0,User19,,
1490267195160,Mouse Moved,532.0,385.0,User19,,
1490267195174,Mouse Moved,523.0,379.0,User19,,
1490267195190,Mouse Moved,517.0,375.0,User19,,
1490267195207,Mouse Moved,510.0,370.0,User19,,
1490267195221,Mouse Moved,503.0,366.0,User19,,
1490267195237,Mouse Moved,497.0,360.0,User19,,
1490267195253,Mouse Moved,496.0,353.0,User19,,
1490267195269,Mouse Moved,496.0,345.0,User19,,
1490267195285,Mouse Moved,496.0,342.0,User19,,
1490267195299,Mouse Moved,496.0,338.0,User19,,
1490267195315,Mouse Moved,496.0,333.0,User19,,
1490267195331,Mouse Moved,496.0,330.0,User19,,
1490267195346,Mouse Moved,496.0,326.0,User19,,
1490267195362,Mouse Moved,496.0,322.0,User19,,
1490267195378,Mouse Moved,496.0,318.0,User19,,
1490267195394,Mouse Moved,496.0,316.0,User19,,
1490267195408,Mouse Moved,497.0,313.0,User19,,
1490267195503,Mouse Moved,497.0,312.0,User19,,
1490267195519,Mouse Moved,497.0,311.0,User19,,
1490267195533,Mouse Moved,497.0,309.0,User19,,
1490267195549,Mouse Moved,497.0,308.0,User19,,
1490267195581,Mouse Moved,497.0,306.0,User19,,
1490267195611,Mouse Moved,497.0,305.0,User19,,
1490267195628,Mouse Moved,497.0,304.0,User19,,
1490267195642,Mouse Moved,498.0,303.0,User19,,
1490267195845,Mouse Moved,498.0,302.0,User19,,
1490267195924,Mouse Moved,498.0,302.0,User19,,
1490267196032,Mouse Moved,498.0,303.0,User19,,
1490267196049,Mouse Moved,498.0,304.0,User19,,
1490267196065,Mouse Moved,498.0,307.0,User19,,
1490267196079,Mouse Moved,501.0,316.0,User19,,
1490267196095,Mouse Moved,505.0,327.0,User19,,
1490267196111,Mouse Moved,510.0,339.0,User19,,
1490267196127,Mouse Moved,514.0,352.0,User19,,
1490267196142,Mouse Moved,516.0,358.0,User19,,
1490267196157,Mouse Moved,522.0,374.0,User19,,
1490267196174,Mouse Moved,529.0,392.0,User19,,
1490267196188,Mouse Moved,537.0,413.0,User19,,
1490267196204,Mouse Moved,545.0,437.0,User19,,
1490267196220,Mouse Moved,554.0,459.0,User19,,
1490267196236,Mouse Moved,561.0,478.0,User19,,
1490267196252,Mouse Moved,570.0,501.0,User19,,
1490267196266,Mouse Moved,580.0,524.0,User19,,
1490267196282,Mouse Moved,591.0,556.0,User19,,
1490267196298,Mouse Moved,603.0,587.0,User19,,
1490267196313,Mouse Moved,613.0,613.0,User19,,
1490267196329,Mouse Moved,622.0,638.0,User19,,
1490267196345,Mouse Moved,628.0,658.0,User19,,
1490267196361,Mouse Moved,634.0,676.0,User19,,
1490267196375,Mouse Moved,639.0,689.0,User19,,
1490267196391,Mouse Moved,641.0,695.0,User19,,
1490267196407,Mouse Moved,643.0,704.0,User19,,
1490267196423,Mouse Moved,645.0,712.0,User19,,
1490267196438,Mouse Moved,645.0,722.0,User19,,
1490267196453,Mouse Moved,644.0,726.0,User19,,
1490267196470,Mouse Moved,643.0,720.0,User19,,
1490267196486,Mouse Moved,641.0,717.0,User19,,
1490267196500,Mouse Moved,640.0,716.0,User19,,
1490267196516,Mouse Moved,640.0,715.0,User19,,
1490267196532,Mouse Moved,640.0,714.0,User19,,
1490267196548,Mouse Moved,640.0,712.0,User19,,
1490267196563,Mouse Moved,640.0,711.0,User19,,
1490267196578,Mouse Moved,640.0,709.0,User19,,
1490267196595,Mouse Moved,640.0,708.0,User19,,
1490267196625,Mouse Moved,641.0,708.0,User19,,
1490267196641,Mouse Moved,641.0,707.0,User19,,
1490267196657,Mouse Moved,641.0,705.0,User19,,
1490267196673,Mouse Moved,641.0,703.0,User19,,
1490267196687,Mouse Moved,641.0,702.0,User19,,
1490267196782,Mouse Moved,641.0,702.0,User19,,
1490267196812,Mouse Moved,641.0,701.0,User19,,
1490267196859,Mouse Moved,641.0,701.0,User19,,
1490267196875,Mouse Button.left Released,641.0,701.0,User19,,
1490267197032,Mouse Moved,641.0,700.0,User19,,
1490267197046,Mouse Moved,642.0,700.0,User19,,
1490267197109,Mouse Moved,642.0,701.0,User19,,
1490267197125,Mouse Moved,640.0,701.0,User19,,
1490267197141,Mouse Moved,639.0,703.0,User19,,
1490267197155,Mouse Moved,637.0,704.0,User19,,
1490267197171,Mouse Moved,637.0,705.0,User19,,
1490267197187,Mouse Moved,636.0,706.0,User19,,
1490267197203,Mouse Moved,635.0,707.0,User19,,
1490267201823,Mouse Moved,634.0,708.0,User19,,
1490267201855,Mouse Moved,634.0,709.0,User19,,
1490267201871,Mouse Moved,633.0,709.0,User19,,
1490267201885,Mouse Moved,632.0,709.0,User19,,
1490267201901,Mouse Moved,631.0,708.0,User19,,
1490267201917,Mouse Moved,630.0,706.0,User19,,
1490267201948,Mouse Moved,628.0,704.0,User19,,
1490267201963,Mouse Moved,628.0,703.0,User19,,
1490267201980,Mouse Moved,627.0,696.0,User19,,
1490267201996,Mouse Moved,625.0,686.0,User19,,
1490267202010,Mouse Moved,622.0,676.0,User19,,
1490267202026,Mouse Moved,610.0,642.0,User19,,
1490267202042,Mouse Moved,490.0,418.0,User19,,
1490267202058,Mouse Moved,490.0,417.0,User19,,
1490267202088,Mouse Moved,490.0,416.0,User19,,
1490267202119,Mouse Moved,491.0,416.0,User19,,
1490267202135,Mouse Moved,492.0,416.0,User19,,
1490267202151,Mouse Moved,493.0,416.0,User19,,
1490267202167,Mouse Moved,495.0,415.0,User19,,
1490267202183,Mouse Moved,498.0,414.0,User19,,
1490267202197,Mouse Moved,506.0,412.0,User19,,
1490267202244,Mouse Moved,510.0,411.0,User19,,
1490267202292,Mouse Moved,510.0,410.0,User19,,
1490267202385,Mouse Moved,510.0,411.0,User19,,
1490267202417,Mouse Moved,509.0,411.0,User19,,
1490267202463,Mouse Moved,509.0,411.0,User19,,
1490267202556,Mouse Moved,509.0,411.0,User19,,
1490267202977,Mouse Moved,509.0,412.0,User19,,
1490267204335,Mouse Moved,509.0,413.0,User19,,
1490267204615,Mouse Moved,509.0,414.0,User19,,
1490267205318,Mouse Moved,509.0,415.0,User19,,
1490267205473,Mouse Moved,508.0,415.0,User19,,
1490267208671,Mouse Moved,509.0,415.0,User19,,
1490267208687,Mouse Moved,513.0,415.0,User19,,
1490267208703,Mouse Moved,518.0,414.0,User19,,
1490267208719,Mouse Moved,526.0,413.0,User19,,
1490267208734,Mouse Moved,535.0,410.0,User19,,
1490267208750,Mouse Moved,546.0,406.0,User19,,
1490267208766,Mouse Moved,555.0,404.0,User19,,
1490267208780,Mouse Moved,567.0,400.0,User19,,
1490267208796,Mouse Moved,577.0,396.0,User19,,
1490267208812,Mouse Moved,588.0,391.0,User19,,
1490267208828,Mouse Moved,597.0,387.0,User19,,
1490267208844,Mouse Moved,607.0,382.0,User19,,
1490267208858,Mouse Moved,615.0,378.0,User19,,
1490267208875,Mouse Moved,625.0,371.0,User19,,
1490267208891,Mouse Moved,634.0,366.0,User19,,
1490267208905,Mouse Moved,641.0,362.0,User19,,
1490267208921,Mouse Moved,650.0,360.0,User19,,
1490267208937,Mouse Moved,658.0,362.0,User19,,
1490267208953,Mouse Moved,663.0,367.0,User19,,
1490267208969,Mouse Moved,667.0,373.0,User19,,
1490267208983,Mouse Moved,668.0,380.0,User19,,
1490267209000,Mouse Moved,670.0,385.0,User19,,
1490267209015,Mouse Moved,672.0,393.0,User19,,
1490267209030,Mouse Moved,673.0,400.0,User19,,
1490267209046,Mouse Moved,676.0,408.0,User19,,
1490267209062,Mouse Moved,678.0,413.0,User19,,
1490267209140,Mouse Moved,679.0,412.0,User19,,
1490267209155,Mouse Moved,680.0,409.0,User19,,
1490267209171,Mouse Moved,681.0,408.0,User19,,
1490267209187,Mouse Moved,682.0,406.0,User19,,
1490267209203,Mouse Moved,683.0,404.0,User19,,
1490267209217,Mouse Moved,683.0,398.0,User19,,
1490267209233,Mouse Moved,684.0,396.0,User19,,
1490267209342,Mouse Moved,684.0,396.0,User19,,
1490267209437,Mouse Moved,684.0,396.0,User19,,
1490267209451,Mouse Button.left Released,684.0,396.0,User19,,
1490267210825,Mouse Moved,684.0,395.0,User19,,
1490267211838,Mouse Moved,680.0,403.0,User19,,
1490267211855,Mouse Moved,652.0,461.0,User19,,
1490267211869,Mouse Moved,621.0,524.0,User19,,
1490267211885,Mouse Moved,578.0,611.0,User19,,
1490267211901,Mouse Moved,538.0,710.0,User19,,
1490267211917,Mouse Moved,536.0,714.0,User19,,
1490267211933,Mouse Moved,530.0,730.0,User19,,
1490267211947,Mouse Moved,504.0,803.0,User19,,
1490267211963,Mouse Moved,480.0,870.0,User19,,
1490267211979,Mouse Moved,455.0,944.0,User19,,
1490267211994,Mouse Moved,421.0,1038.0,User19,,
1490267212010,Mouse Moved,400.0,1092.0,User19,,
1490267212026,Mouse Moved,375.0,1146.0,User19,,
1490267212042,Mouse Moved,353.0,1186.0,User19,,
1490267212056,Mouse Moved,336.0,1214.0,User19,,
1490267212072,Mouse Moved,323.0,1234.0,User19,,
1490267212088,Mouse Moved,311.0,1250.0,User19,,
1490267212104,Mouse Moved,302.0,1264.0,User19,,
1490267212119,Mouse Moved,297.0,1273.0,User19,,
1490267212134,Mouse Moved,297.0,1275.0,User19,,
1490267212151,Mouse Moved,297.0,1276.0,User19,,
1490267212167,Mouse Moved,297.0,1278.0,User19,,
1490267212181,Mouse Moved,295.0,1279.0,User19,,
1490267212197,Mouse Moved,293.0,1282.0,User19,,
1490267212213,Mouse Moved,291.0,1283.0,User19,,
1490267212229,Mouse Moved,289.0,1283.0,User19,,
1490267212244,Mouse Moved,287.0,1285.0,User19,,
1490267212259,Mouse Moved,281.0,1288.0,User19,,
1490267212276,Mouse Moved,271.0,1295.0,User19,,
1490267212290,Mouse Moved,266.0,1298.0,User19,,
1490267212306,Mouse Moved,262.0,1300.0,User19,,
1490267212322,Mouse Moved,257.0,1303.0,User19,,
1490267212338,Mouse Moved,253.0,1306.0,User19,,
1490267212354,Mouse Moved,250.0,1307.0,User19,,
1490267212368,Mouse Moved,247.0,1310.0,User19,,
1490267212384,Mouse Moved,244.0,1312.0,User19,,
1490267212401,Mouse Moved,241.0,1314.0,User19,,
1490267212415,Mouse Moved,239.0,1316.0,User19,,
1490267212431,Mouse Moved,236.0,1319.0,User19,,
1490267212447,Mouse Moved,235.0,1320.0,User19,,
1490267212463,Mouse Moved,234.0,1320.0,User19,,
1490267212479,Mouse Moved,232.0,1324.0,User19,,
1490267212493,Mouse Moved,230.0,1326.0,User19,,
1490267212509,Mouse Moved,228.0,1328.0,User19,,
1490267212525,Mouse Moved,226.0,1329.0,User19,,
1490267212540,Mouse Moved,225.0,1331.0,User19,,
1490267212697,Mouse Moved,224.0,1331.0,User19,,
1490267212822,Mouse Moved,224.0,1331.0,User19,,
1490267212979,Mouse Moved,223.0,1331.0,User19,,
1490267213009,Mouse Moved,222.0,1331.0,User19,,
1490267213040,Mouse Moved,221.0,1332.0,User19,,
1490267213275,Mouse Moved,221.0,1331.0,User19,,
1490267213290,Mouse Moved,224.0,1306.0,User19,,
1490267213305,Mouse Moved,225.0,1273.0,User19,,
1490267213322,Mouse Moved,225.0,1270.0,User19,,
1490267213336,Mouse Moved,227.0,1245.0,User19,,
1490267213352,Mouse Moved,227.0,1216.0,User19,,
1490267213368,Mouse Moved,227.0,1176.0,User19,,
1490267213384,Mouse Moved,228.0,1133.0,User19,,
1490267213400,Mouse Moved,228.0,1093.0,User19,,
1490267213414,Mouse Moved,232.0,1036.0,User19,,
1490267213430,Mouse Moved,238.0,976.0,User19,,
1490267213447,Mouse Moved,246.0,917.0,User19,,
1490267213461,Mouse Moved,260.0,829.0,User19,,
1490267213477,Mouse Moved,275.0,741.0,User19,,
1490267213493,Mouse Moved,296.0,653.0,User19,,
1490267213509,Mouse Moved,319.0,557.0,User19,,
1490267213525,Mouse Moved,344.0,477.0,User19,,
1490267213539,Mouse Moved,375.0,380.0,User19,,
1490267213555,Mouse Moved,398.0,310.0,User19,,
1490267213571,Mouse Moved,420.0,244.0,User19,,
1490267213586,Mouse Moved,436.0,186.0,User19,,
1490267213602,Mouse Moved,446.0,132.0,User19,,
1490267213618,Mouse Moved,452.0,90.0,User19,,
1490267213634,Mouse Moved,454.0,40.0,User19,,
1490267213648,Mouse Moved,453.0,0.0,User19,,
1490267213759,Mouse Moved,276.0,0.0,User19,,
1490267213773,Mouse Moved,265.0,2.0,User19,,
1490267213789,Mouse Moved,255.0,5.0,User19,,
1490267213805,Mouse Moved,238.0,10.0,User19,,
1490267213821,Mouse Moved,227.0,10.0,User19,,
1490267213836,Mouse Moved,226.0,10.0,User19,,
1490267213851,Mouse Moved,224.0,10.0,User19,,
1490267213868,Mouse Moved,223.0,10.0,User19,,
1490267213898,Mouse Moved,222.0,10.0,User19,,
1490267214007,Mouse Moved,220.0,11.0,User19,,
1490267214023,Mouse Moved,221.0,11.0,User19,,
1490267214039,Mouse Moved,222.0,11.0,User19,,
1490267214055,Mouse Moved,223.0,13.0,User19,,
1490267214085,Mouse Moved,224.0,13.0,User19,,
1490267214117,Mouse Moved,225.0,13.0,User19,,
1490267214132,Mouse Moved,226.0,13.0,User19,,
1490267214148,Mouse Moved,226.0,15.0,User19,,
1490267214180,Mouse Moved,227.0,15.0,User19,,
1490267214194,Mouse Moved,228.0,15.0,User19,,
1490267214242,Mouse Moved,229.0,15.0,User19,,
1490267214289,Mouse Moved,229.0,15.0,User19,,
1490267214367,Mouse Moved,230.0,15.0,User19,,
1490267214483,Mouse Moved,229.0,16.0,User19,,
1490267214500,Mouse Moved,229.0,16.0,User19,,
1490267214510,Mouse Moved,228.0,18.0,User19,,
1490267214529,Mouse Moved,228.0,20.0,User19,,
1490267214539,Mouse Moved,228.0,21.0,User19,,
1490267214542,Mouse Moved,227.0,21.0,User19,,
1490267214553,Mouse Moved,227.0,21.0,User19,,
1490267214569,Mouse Moved,227.0,23.0,User19,,
1490267214571,Mouse Moved,227.0,24.0,User19,,
1490267214572,Mouse Moved,226.0,24.0,User19,,
1490267214573,Mouse Moved,226.0,25.0,User19,,
1490267214575,Mouse Moved,225.0,25.0,User19,,
1490267214584,Mouse Moved,225.0,26.0,User19,,
1490267214585,Mouse Moved,225.0,28.0,User19,,
1490267214586,Mouse Moved,225.0,29.0,User19,,
1490267214599,Mouse Moved,225.0,30.0,User19,,
1490267214601,Mouse Moved,224.0,30.0,User19,,
1490267214602,Mouse Moved,224.0,31.0,User19,,
1490267214605,Mouse Moved,224.0,32.0,User19,,
1490267214615,Mouse Moved,224.0,34.0,User19,,
1490267214617,Mouse Moved,223.0,34.0,User19,,
1490267214618,Mouse Moved,223.0,35.0,User19,,
1490267214619,Mouse Moved,223.0,36.0,User19,,
1490267214621,Mouse Moved,223.0,37.0,User19,,
1490267214630,Mouse Moved,223.0,38.0,User19,,
1490267214631,Mouse Moved,222.0,38.0,User19,,
1490267214634,Mouse Moved,222.0,39.0,User19,,
1490267214635,Mouse Moved,222.0,40.0,User19,,
1490267214644,Mouse Moved,222.0,41.0,User19,,
1490267214648,Mouse Moved,221.0,41.0,User19,,
1490267214660,Mouse Moved,221.0,42.0,User19,,
1490267214661,Mouse Moved,220.0,42.0,User19,,
1490267214664,Mouse Moved,220.0,43.0,User19,,
1490267214674,Mouse Moved,220.0,44.0,User19,,
1490267214697,Mouse Moved,220.0,45.0,User19,,
1490267214704,Mouse Moved,219.0,45.0,User19,,
1490267214709,Mouse Moved,219.0,46.0,User19,,
1490267214736,Mouse Moved,219.0,47.0,User19,,
1490267214740,Mouse Moved,219.0,48.0,User19,,
1490267214756,Mouse Moved,218.0,48.0,User19,,
1490267214760,Mouse Moved,218.0,49.0,User19,,
1490267214908,Mouse Moved,218.0,49.0,User19,,
1490267214910,Mouse Button.left Pressed,218.0,49.0,User19,,
1490267215049,Mouse Moved,218.0,49.0,User19,,
1490267215052,Mouse Button.left Released,218.0,49.0,User19,,
1490267215239,Mouse Moved,217.0,49.0,User19,,
1490267215240,Mouse Moved,216.0,49.0,User19,,
1490267215243,Mouse Moved,216.0,50.0,User19,,
1490267215246,Mouse Moved,215.0,52.0,User19,,
1490267215247,Mouse Moved,214.0,52.0,User19,,
1490267215249,Mouse Moved,214.0,53.0,User19,,
1490267215250,Mouse Moved,213.0,54.0,User19,,
1490267215259,Mouse Moved,212.0,54.0,User19,,
1490267215262,Mouse Moved,212.0,55.0,User19,,
1490267215263,Mouse Moved,211.0,55.0,User19,,
1490267215266,Mouse Moved,211.0,56.0,User19,,
1490267215276,Mouse Moved,210.0,57.0,User19,,
1490267215279,Mouse Moved,209.0,58.0,User19,,
1490267215289,Mouse Moved,209.0,59.0,User19,,
1490267215292,Mouse Moved,208.0,59.0,User19,,
1490267215293,Mouse Moved,207.0,59.0,User19,,
1490267215299,Mouse Moved,207.0,60.0,User19,,
1490267215303,Mouse Moved,207.0,61.0,User19,,
1490267215305,Mouse Moved,206.0,61.0,User19,,
1490267215308,Mouse Moved,206.0,62.0,User19,,
1490267215309,Mouse Moved,205.0,62.0,User19,,
1490267215312,Mouse Moved,204.0,62.0,User19,,
1490267215313,Mouse Moved,204.0,63.0,User19,,
1490267215319,Mouse Moved,203.0,63.0,User19,,
1490267215321,Mouse Moved,203.0,64.0,User19,,
1490267215335,Mouse Moved,202.0,66.0,User19,,
1490267215348,Mouse Moved,200.0,67.0,User19,,
1490267215364,Mouse Moved,199.0,68.0,User19,,
1490267215394,Mouse Moved,199.0,69.0,User19,,
1490267225265,Mouse Moved,199.0,68.0,User19,,
1490267225459,Mouse Moved,200.0,68.0,User19,,
1490267225460,Mouse Moved,201.0,68.0,User19,,
1490267225463,Mouse Moved,201.0,67.0,User19,,
1490267225464,Mouse Moved,202.0,67.0,User19,,
1490267225466,Mouse Moved,203.0,67.0,User19,,
1490267225467,Mouse Moved,203.0,66.0,User19,,
1490267225473,Mouse Moved,204.0,66.0,User19,,
1490267225476,Mouse Moved,205.0,65.0,User19,,
1490267225477,Mouse Moved,206.0,65.0,User19,,
1490267225480,Mouse Moved,206.0,64.0,User19,,
1490267225483,Mouse Moved,208.0,63.0,User19,,
1490267225484,Mouse Moved,209.0,63.0,User19,,
1490267225486,Mouse Moved,209.0,62.0,User19,,
1490267225487,Mouse Moved,210.0,62.0,User19,,
1490267225492,Mouse Moved,210.0,61.0,User19,,
1490267225494,Mouse Moved,211.0,60.0,User19,,
1490267225496,Mouse Moved,212.0,60.0,User19,,
1490267225497,Mouse Moved,212.0,59.0,User19,,
1490267225500,Mouse Moved,213.0,59.0,User19,,
1490267225502,Mouse Moved,214.0,58.0,User19,,
1490267225507,Mouse Moved,215.0,57.0,User19,,
1490267225509,Mouse Moved,216.0,56.0,User19,,
1490267225512,Mouse Moved,216.0,55.0,User19,,
1490267225516,Mouse Moved,217.0,54.0,User19,,
1490267225517,Mouse Moved,218.0,54.0,User19,,
1490267225519,Mouse Moved,219.0,54.0,User19,,
1490267225520,Mouse Moved,219.0,52.0,User19,,
1490267225523,Mouse Moved,221.0,51.0,User19,,
1490267225525,Mouse Moved,221.0,50.0,User19,,
1490267225526,Mouse Moved,222.0,49.0,User19,,
1490267225529,Mouse Moved,223.0,48.0,User19,,
1490267225530,Mouse Moved,224.0,47.0,User19,,
1490267225532,Mouse Moved,225.0,46.0,User19,,
1490267225533,Mouse Moved,226.0,45.0,User19,,
1490267225536,Mouse Moved,227.0,44.0,User19,,
1490267225538,Mouse Moved,227.0,43.0,User19,,
1490267225539,Mouse Moved,229.0,41.0,User19,,
1490267225540,Mouse Moved,229.0,40.0,User19,,
1490267225542,Mouse Moved,231.0,39.0,User19,,
1490267225545,Mouse Moved,232.0,37.0,User19,,
1490267225546,Mouse Moved,233.0,35.0,User19,,
1490267225548,Mouse Moved,234.0,34.0,User19,,
1490267225549,Mouse Moved,235.0,32.0,User19,,
1490267225552,Mouse Moved,237.0,30.0,User19,,
1490267225555,Mouse Moved,239.0,26.0,User19,,
1490267225556,Mouse Moved,240.0,25.0,User19,,
1490267225558,Mouse Moved,241.0,21.0,User19,,
1490267225559,Mouse Moved,242.0,20.0,User19,,
1490267225562,Mouse Moved,245.0,16.0,User19,,
1490267225565,Mouse Moved,247.0,13.0,User19,,
1490267225566,Mouse Moved,250.0,8.0,User19,,
1490267225568,Mouse Moved,250.0,6.0,User19,,
1490267225569,Mouse Moved,253.0,3.0,User19,,
1490267225572,Mouse Moved,254.0,1.0,User19,,
1490267225894,Mouse Moved,445.0,0.0,User19,,
1490267225897,Mouse Moved,446.0,0.0,User19,,
1490267225898,Mouse Moved,446.0,0.0,User19,,
1490267225910,Mouse Moved,446.0,1.0,User19,,
1490267225911,Mouse Moved,446.0,2.0,User19,,
1490267225914,Mouse Moved,446.0,3.0,User19,,
1490267225924,Mouse Moved,447.0,5.0,User19,,
1490267225927,Mouse Moved,448.0,5.0,User19,,
1490267225928,Mouse Moved,448.0,6.0,User19,,
1490267225940,Mouse Moved,448.0,8.0,User19,,
1490267225941,Mouse Moved,448.0,8.0,User19,,
1490267225944,Mouse Moved,448.0,10.0,User19,,
1490267225954,Mouse Moved,448.0,10.0,User19,,
1490267225957,Mouse Moved,448.0,11.0,User19,,
1490267225959,Mouse Moved,448.0,13.0,User19,,
1490267225960,Mouse Moved,448.0,13.0,User19,,
1490267225961,Mouse Moved,448.0,15.0,User19,,
1490267225970,Mouse Moved,448.0,16.0,User19,,
1490267225971,Mouse Moved,448.0,16.0,User19,,
1490267225973,Mouse Moved,448.0,18.0,User19,,
1490267225974,Mouse Moved,448.0,19.0,User19,,
1490267225976,Mouse Moved,448.0,20.0,User19,,
1490267225984,Mouse Moved,448.0,21.0,User19,,
1490267225986,Mouse Moved,448.0,21.0,User19,,
1490267225989,Mouse Moved,448.0,23.0,User19,,
1490267225990,Mouse Moved,448.0,24.0,User19,,
1490267225993,Mouse Moved,448.0,25.0,User19,,
1490267226000,Mouse Moved,448.0,26.0,User19,,
1490267226002,Mouse Moved,448.0,27.0,User19,,
1490267226003,Mouse Moved,448.0,28.0,User19,,
1490267226013,Mouse Moved,448.0,29.0,User19,,
1490267226016,Mouse Moved,448.0,30.0,User19,,
1490267226029,Mouse Moved,448.0,31.0,User19,,
1490267226030,Mouse Moved,447.0,31.0,User19,,
1490267226032,Mouse Moved,447.0,32.0,User19,,
1490267226035,Mouse Moved,447.0,33.0,User19,,
1490267226036,Mouse Moved,447.0,34.0,User19,,
1490267226038,Mouse Moved,446.0,34.0,User19,,
1490267226039,Mouse Moved,446.0,35.0,User19,,
1490267226043,Mouse Moved,446.0,36.0,User19,,
1490267226046,Mouse Moved,445.0,36.0,User19,,
1490267226048,Mouse Moved,445.0,37.0,User19,,
1490267226049,Mouse Moved,445.0,38.0,User19,,
1490267226051,Mouse Moved,444.0,39.0,User19,,
1490267226059,Mouse Moved,444.0,40.0,User19,,
1490267226061,Mouse Moved,443.0,40.0,User19,,
1490267226062,Mouse Moved,443.0,41.0,User19,,
1490267226073,Mouse Moved,442.0,41.0,User19,,
1490267226088,Mouse Moved,442.0,42.0,User19,,
1490267226105,Mouse Moved,442.0,43.0,User19,,
1490267226108,Mouse Moved,441.0,44.0,User19,,
1490267226119,Mouse Moved,441.0,45.0,User19,,
1490267226134,Mouse Moved,441.0,46.0,User19,,
1490267226135,Mouse Moved,441.0,47.0,User19,,
1490267226138,Mouse Moved,441.0,48.0,User19,,
1490267226150,Mouse Moved,440.0,48.0,User19,,
1490267226151,Mouse Moved,440.0,49.0,User19,,
1490267226164,Mouse Moved,440.0,50.0,User19,,
1490267226180,Mouse Moved,439.0,50.0,User19,,
1490267226194,Mouse Moved,439.0,51.0,User19,,
1490267226210,Mouse Moved,439.0,52.0,User19,,
1490267226211,Mouse Moved,439.0,53.0,User19,,
1490267226224,Mouse Moved,439.0,54.0,User19,,
1490267226269,Mouse Moved,439.0,55.0,User19,,
1490267226331,Mouse Moved,439.0,56.0,User19,,
1490267226345,Mouse Moved,439.0,57.0,User19,,
1490267226359,Mouse Moved,439.0,58.0,User19,,
1490267226375,Mouse Moved,439.0,59.0,User19,,
1490267226391,Mouse Moved,439.0,60.0,User19,,
1490267226392,Mouse Moved,439.0,61.0,User19,,
1490267226404,Mouse Moved,439.0,62.0,User19,,
1490267226418,Mouse Moved,439.0,63.0,User19,,
1490267226434,Mouse Moved,439.0,64.0,User19,,
1490267226450,Mouse Moved,439.0,65.0,User19,,
1490267226451,Mouse Moved,439.0,66.0,User19,,
1490267226464,Mouse Moved,439.0,67.0,User19,,
1490267226480,Mouse Moved,439.0,68.0,User19,,
1490267226482,Mouse Moved,439.0,69.0,User19,,
1490267226494,Mouse Moved,439.0,70.0,User19,,
1490267226496,Mouse Moved,439.0,71.0,User19,,
1490267226510,Mouse Moved,439.0,72.0,User19,,
1490267226512,Mouse Moved,439.0,73.0,User19,,
1490267226539,Mouse Moved,439.0,74.0,User19,,
1490267226555,Mouse Moved,439.0,75.0,User19,,
1490267226571,Mouse Moved,438.0,76.0,User19,,
1490267226585,Mouse Moved,438.0,77.0,User19,,
1490267226630,Mouse Moved,438.0,78.0,User19,,
1490267226720,Mouse Moved,438.0,79.0,User19,,
1490267226809,Mouse Moved,439.0,79.0,User19,,
1490267226839,Mouse Moved,439.0,80.0,User19,,
1490267226914,Mouse Moved,439.0,81.0,User19,,
1490267227740,Mouse Moved,439.0,80.0,User19,,
1490267227769,Mouse Moved,439.0,79.0,User19,,
1490267227770,Mouse Moved,439.0,78.0,User19,,
1490267227785,Mouse Moved,439.0,77.0,User19,,
1490267227786,Mouse Moved,439.0,76.0,User19,,
1490267227799,Mouse Moved,440.0,76.0,User19,,
1490267227802,Mouse Moved,440.0,75.0,User19,,
1490267227803,Mouse Moved,440.0,74.0,User19,,
1490267227805,Mouse Moved,440.0,73.0,User19,,
1490267227815,Mouse Moved,440.0,72.0,User19,,
1490267227816,Mouse Moved,441.0,72.0,User19,,
1490267227819,Mouse Moved,441.0,71.0,User19,,
1490267227821,Mouse Moved,441.0,70.0,User19,,
1490267227822,Mouse Moved,442.0,69.0,User19,,
1490267227823,Mouse Moved,442.0,68.0,User19,,
1490267227825,Mouse Moved,442.0,67.0,User19,,
1490267227829,Mouse Moved,442.0,66.0,User19,,
1490267227832,Mouse Moved,443.0,66.0,User19,,
1490267227834,Mouse Moved,443.0,65.0,User19,,
1490267227835,Mouse Moved,443.0,64.0,User19,,
1490267227836,Mouse Moved,444.0,64.0,User19,,
1490267227838,Mouse Moved,444.0,63.0,User19,,
1490267227839,Mouse Moved,444.0,62.0,User19,,
1490267227842,Mouse Moved,444.0,60.0,User19,,
1490267227845,Mouse Moved,444.0,59.0,User19,,
1490267227848,Mouse Moved,445.0,58.0,User19,,
1490267227849,Mouse Moved,445.0,57.0,User19,,
1490267227851,Mouse Moved,445.0,56.0,User19,,
1490267227852,Mouse Moved,445.0,55.0,User19,,
1490267227859,Mouse Moved,445.0,54.0,User19,,
1490267227861,Mouse Moved,445.0,53.0,User19,,
1490267227862,Mouse Moved,446.0,53.0,User19,,
1490267227865,Mouse Moved,446.0,52.0,User19,,
1490267227875,Mouse Moved,446.0,51.0,User19,,
1490267227877,Mouse Moved,446.0,50.0,User19,,
1490267227878,Mouse Moved,446.0,49.0,User19,,
1490267227901,Mouse Moved,446.0,48.0,User19,,
1490267227904,Mouse Moved,446.0,47.0,User19,,
1490267227905,Mouse Moved,447.0,47.0,User19,,
1490267227907,Mouse Moved,447.0,46.0,User19,,
1490267227908,Mouse Moved,447.0,45.0,User19,,
1490267227920,Mouse Moved,447.0,44.0,User19,,
1490267227921,Mouse Moved,448.0,44.0,User19,,
1490267227934,Mouse Moved,448.0,43.0,User19,,
1490267227937,Mouse Moved,448.0,42.0,User19,,
1490267227950,Mouse Moved,448.0,41.0,User19,,
1490267227963,Mouse Moved,448.0,40.0,User19,,
1490267227980,Mouse Moved,448.0,39.0,User19,,
1490267227994,Mouse Moved,448.0,38.0,User19,,
1490267228220,Mouse Moved,448.0,39.0,User19,,
1490267228265,Mouse Moved,448.0,40.0,User19,,
1490267228293,Mouse Moved,448.0,41.0,User19,,
1490267228309,Mouse Moved,448.0,42.0,User19,,
1490267228339,Mouse Moved,448.0,43.0,User19,,
1490267228400,Mouse Moved,448.0,44.0,User19,,
1490267228474,Mouse Moved,448.0,45.0,User19,,
1490267228489,Mouse Moved,448.0,46.0,User19,,
1490267228505,Mouse Moved,448.0,47.0,User19,,
1490267228506,Mouse Moved,447.0,47.0,User19,,
1490267229059,Mouse Moved,447.0,48.0,User19,,
1490267230065,Mouse Moved,446.0,48.0,User19,,
1490267230095,Mouse Moved,446.0,49.0,User19,,
1490267230125,Mouse Moved,445.0,49.0,User19,,
1490267230127,Mouse Moved,445.0,50.0,User19,,
1490267230391,Mouse Moved,445.0,50.0,User19,,
1490267230394,Mouse Button.left Pressed,445.0,50.0,User19,,
1490267230404,Mouse Moved,446.0,50.0,User19,,
1490267230507,Mouse Moved,446.0,50.0,User19,,
1490267230509,Mouse Button.left Released,446.0,50.0,User19,,
1490267230724,Mouse Moved,446.0,51.0,User19,,
1490267230726,Mouse Moved,445.0,51.0,User19,,
1490267230755,Mouse Moved,444.0,51.0,User19,,
1490267230773,Mouse Moved,443.0,51.0,User19,,
1490267230775,Mouse Moved,443.0,52.0,User19,,
1490267230829,Mouse Moved,442.0,52.0,User19,,
1490267233815,Mouse Moved,442.0,53.0,User19,,
1490267233816,Mouse Moved,443.0,53.0,User19,,
1490267233819,Mouse Moved,444.0,53.0,User19,,
1490267233821,Mouse Moved,444.0,54.0,User19,,
1490267233822,Mouse Moved,445.0,54.0,User19,,
1490267233829,Mouse Moved,446.0,54.0,User19,,
1490267233831,Mouse Moved,447.0,54.0,User19,,
1490267233832,Mouse Moved,448.0,54.0,User19,,
1490267233835,Mouse Moved,449.0,54.0,User19,,
1490267233845,Mouse Moved,449.0,55.0,User19,,
1490267233846,Mouse Moved,450.0,55.0,User19,,
1490267233848,Mouse Moved,451.0,55.0,User19,,
1490267233849,Mouse Moved,452.0,55.0,User19,,
1490267233851,Mouse Moved,453.0,55.0,User19,,
1490267233859,Mouse Moved,454.0,55.0,User19,,
1490267233861,Mouse Moved,455.0,55.0,User19,,
1490267233862,Mouse Moved,456.0,55.0,User19,,
1490267233865,Mouse Moved,457.0,55.0,User19,,
1490267233867,Mouse Moved,458.0,56.0,User19,,
1490267233875,Mouse Moved,459.0,56.0,User19,,
1490267233877,Mouse Moved,460.0,56.0,User19,,
1490267233878,Mouse Moved,461.0,56.0,User19,,
1490267233880,Mouse Moved,462.0,56.0,User19,,
1490267233881,Mouse Moved,463.0,56.0,User19,,
1490267233882,Mouse Moved,464.0,56.0,User19,,
1490267233890,Mouse Moved,465.0,56.0,User19,,
1490267233891,Mouse Moved,466.0,56.0,User19,,
1490267233892,Mouse Moved,466.0,57.0,User19,,
1490267233894,Mouse Moved,467.0,57.0,User19,,
1490267233897,Mouse Moved,468.0,57.0,User19,,
1490267233898,Mouse Moved,469.0,57.0,User19,,
1490267233900,Mouse Moved,469.0,58.0,User19,,
1490267233901,Mouse Moved,470.0,58.0,User19,,
1490267233904,Mouse Moved,471.0,58.0,User19,,
1490267233907,Mouse Moved,472.0,58.0,User19,,
1490267233908,Mouse Moved,473.0,58.0,User19,,
1490267233910,Mouse Moved,474.0,58.0,User19,,
1490267233911,Mouse Moved,475.0,58.0,User19,,
1490267233914,Mouse Moved,476.0,58.0,User19,,
1490267233920,Mouse Moved,485.0,59.0,User19,,
1490267233936,Mouse Moved,494.0,60.0,User19,,
1490267233950,Mouse Moved,501.0,61.0,User19,,
1490267233964,Mouse Moved,510.0,63.0,User19,,
1490267233980,Mouse Moved,511.0,63.0,User19,,
1490267233982,Mouse Moved,512.0,63.0,User19,,
1490267233983,Mouse Moved,513.0,63.0,User19,,
1490267233986,Mouse Moved,514.0,63.0,User19,,
1490267233989,Mouse Moved,516.0,64.0,User19,,
1490267233990,Mouse Moved,517.0,64.0,User19,,
1490267233996,Mouse Moved,518.0,64.0,User19,,
1490267233997,Mouse Moved,519.0,64.0,User19,,
1490267234000,Mouse Moved,519.0,65.0,User19,,
1490267234002,Mouse Moved,520.0,65.0,User19,,
1490267234003,Mouse Moved,521.0,65.0,User19,,
1490267234005,Mouse Moved,522.0,65.0,User19,,
1490267234006,Mouse Moved,523.0,65.0,User19,,
1490267234007,Mouse Moved,523.0,66.0,User19,,
1490267234009,Mouse Moved,528.0,67.0,User19,,
1490267234025,Mouse Moved,533.0,68.0,User19,,
1490267234039,Mouse Moved,538.0,70.0,User19,,
1490267234055,Mouse Moved,544.0,72.0,User19,,
1490267234069,Mouse Moved,549.0,75.0,User19,,
1490267234085,Mouse Moved,550.0,75.0,User19,,
1490267234086,Mouse Moved,550.0,76.0,User19,,
1490267234088,Mouse Moved,551.0,76.0,User19,,
1490267234089,Mouse Moved,552.0,77.0,User19,,
1490267234092,Mouse Moved,553.0,77.0,User19,,
1490267234095,Mouse Moved,554.0,78.0,User19,,
1490267234096,Mouse Moved,554.0,79.0,User19,,
1490267234098,Mouse Moved,555.0,79.0,User19,,
1490267234099,Mouse Moved,556.0,80.0,User19,,
1490267234101,Mouse Moved,557.0,81.0,User19,,
1490267234102,Mouse Moved,558.0,82.0,User19,,
1490267234105,Mouse Moved,559.0,83.0,User19,,
1490267234107,Mouse Moved,560.0,83.0,User19,,
1490267234108,Mouse Moved,560.0,84.0,User19,,
1490267234109,Mouse Moved,561.0,85.0,User19,,
1490267234111,Mouse Moved,562.0,86.0,User19,,
1490267234112,Mouse Moved,563.0,86.0,User19,,
1490267234115,Mouse Moved,563.0,87.0,User19,,
1490267234117,Mouse Moved,564.0,88.0,User19,,
1490267234118,Mouse Moved,564.0,89.0,User19,,
1490267234119,Mouse Moved,565.0,89.0,User19,,
1490267234121,Mouse Moved,565.0,90.0,User19,,
1490267234122,Mouse Moved,566.0,91.0,User19,,
1490267234125,Mouse Moved,567.0,92.0,User19,,
1490267234127,Mouse Moved,567.0,93.0,User19,,
1490267234128,Mouse Moved,568.0,93.0,User19,,
1490267234130,Mouse Moved,568.0,94.0,User19,,
1490267234131,Mouse Moved,570.0,95.0,User19,,
1490267234132,Mouse Moved,570.0,96.0,User19,,
1490267234134,Mouse Moved,571.0,97.0,User19,,
1490267234137,Mouse Moved,572.0,98.0,User19,,
1490267234138,Mouse Moved,573.0,99.0,User19,,
1490267234140,Mouse Moved,574.0,100.0,User19,,
1490267234141,Mouse Moved,575.0,101.0,User19,,
1490267234144,Mouse Moved,575.0,103.0,User19,,
1490267234147,Mouse Moved,578.0,106.0,User19,,
1490267234148,Mouse Moved,579.0,107.0,User19,,
1490267234151,Mouse Moved,579.0,109.0,User19,,
1490267234154,Mouse Moved,582.0,112.0,User19,,
1490267234155,Mouse Moved,583.0,113.0,User19,,
1490267234157,Mouse Moved,584.0,114.0,User19,,
1490267234158,Mouse Moved,585.0,116.0,User19,,
1490267234161,Mouse Moved,587.0,117.0,User19,,
1490267234164,Mouse Moved,588.0,119.0,User19,,
1490267234165,Mouse Moved,589.0,121.0,User19,,
1490267234167,Mouse Moved,590.0,122.0,User19,,
1490267234168,Mouse Moved,591.0,124.0,User19,,
1490267234171,Mouse Moved,592.0,125.0,User19,,
1490267234173,Mouse Moved,593.0,127.0,User19,,
1490267234174,Mouse Moved,594.0,128.0,User19,,
1490267234176,Mouse Moved,595.0,130.0,User19,,
1490267234177,Mouse Moved,598.0,132.0,User19,,
1490267234178,Mouse Moved,599.0,134.0,User19,,
1490267234180,Mouse Moved,600.0,135.0,User19,,
1490267234183,Mouse Moved,601.0,137.0,User19,,
1490267234184,Mouse Moved,603.0,139.0,User19,,
1490267234186,Mouse Moved,604.0,140.0,User19,,
1490267234187,Mouse Moved,605.0,142.0,User19,,
1490267234190,Mouse Moved,606.0,144.0,User19,,
1490267234193,Mouse Moved,610.0,147.0,User19,,
1490267234194,Mouse Moved,611.0,149.0,User19,,
1490267234196,Mouse Moved,613.0,151.0,User19,,
1490267234197,Mouse Moved,614.0,153.0,User19,,
1490267234200,Mouse Moved,616.0,155.0,User19,,
1490267234201,Mouse Moved,617.0,156.0,User19,,
1490267234203,Mouse Moved,619.0,159.0,User19,,
1490267234204,Mouse Moved,620.0,160.0,User19,,
1490267234207,Mouse Moved,622.0,162.0,User19,,
1490267234209,Mouse Moved,624.0,164.0,User19,,
1490267234210,Mouse Moved,626.0,166.0,User19,,
1490267234211,Mouse Moved,628.0,168.0,User19,,
1490267234213,Mouse Moved,630.0,171.0,User19,,
1490267234214,Mouse Moved,632.0,173.0,User19,,
1490267234217,Mouse Moved,634.0,175.0,User19,,
1490267234219,Mouse Moved,635.0,177.0,User19,,
1490267234220,Mouse Moved,638.0,180.0,User19,,
1490267234223,Mouse Moved,640.0,182.0,User19,,
1490267234226,Mouse Moved,644.0,186.0,User19,,
1490267234227,Mouse Moved,647.0,188.0,User19,,
1490267234229,Mouse Moved,649.0,191.0,User19,,
1490267234230,Mouse Moved,652.0,193.0,User19,,
1490267234233,Mouse Moved,653.0,195.0,User19,,
1490267234234,Mouse Moved,656.0,198.0,User19,,
1490267234236,Mouse Moved,659.0,200.0,User19,,
1490267234237,Mouse Moved,661.0,202.0,User19,,
1490267234240,Mouse Moved,664.0,205.0,User19,,
1490267234243,Mouse Moved,669.0,211.0,User19,,
1490267234246,Mouse Moved,674.0,216.0,User19,,
1490267234247,Mouse Moved,677.0,217.0,User19,,
1490267234249,Mouse Moved,680.0,220.0,User19,,
1490267234250,Mouse Moved,682.0,223.0,User19,,
1490267234253,Mouse Moved,686.0,226.0,User19,,
1490267234255,Mouse Moved,688.0,228.0,User19,,
1490267234256,Mouse Moved,691.0,230.0,User19,,
1490267234257,Mouse Moved,694.0,234.0,User19,,
1490267234259,Mouse Moved,698.0,236.0,User19,,
1490267234260,Mouse Moved,701.0,239.0,User19,,
1490267234263,Mouse Moved,703.0,242.0,User19,,
1490267234265,Mouse Moved,708.0,246.0,User19,,
1490267234266,Mouse Moved,711.0,249.0,User19,,
1490267234267,Mouse Moved,713.0,250.0,User19,,
1490267234269,Mouse Moved,717.0,254.0,User19,,
1490267234270,Mouse Moved,719.0,255.0,User19,,
1490267234273,Mouse Moved,722.0,258.0,User19,,
1490267234275,Mouse Moved,726.0,261.0,User19,,
1490267234276,Mouse Moved,728.0,265.0,User19,,
1490267234278,Mouse Moved,733.0,267.0,User19,,
1490267234279,Mouse Moved,737.0,271.0,User19,,
1490267234280,Mouse Moved,739.0,273.0,User19,,
1490267234282,Mouse Moved,744.0,276.0,User19,,
1490267234285,Mouse Moved,745.0,278.0,User19,,
1490267234286,Mouse Moved,748.0,281.0,User19,,
1490267234288,Mouse Moved,753.0,285.0,User19,,
1490267234289,Mouse Moved,756.0,287.0,User19,,
1490267234292,Mouse Moved,760.0,291.0,User19,,
1490267234295,Mouse Moved,766.0,296.0,User19,,
1490267234296,Mouse Moved,770.0,300.0,User19,,
1490267234299,Mouse Moved,773.0,302.0,User19,,
1490267234302,Mouse Moved,779.0,308.0,User19,,
1490267234303,Mouse Moved,783.0,311.0,User19,,
1490267234305,Mouse Moved,786.0,314.0,User19,,
1490267234306,Mouse Moved,790.0,317.0,User19,,
1490267234309,Mouse Moved,793.0,321.0,User19,,
1490267234312,Mouse Moved,798.0,325.0,User19,,
1490267234315,Mouse Moved,804.0,330.0,User19,,
1490267234316,Mouse Moved,809.0,334.0,User19,,
1490267234319,Mouse Moved,811.0,336.0,User19,,
1490267234322,Mouse Moved,818.0,343.0,User19,,
1490267234323,Mouse Moved,822.0,346.0,User19,,
1490267234325,Mouse Moved,824.0,348.0,User19,,
1490267234326,Mouse Moved,827.0,351.0,User19,,
1490267234328,Mouse Moved,830.0,353.0,User19,,
1490267234331,Mouse Moved,833.0,356.0,User19,,
1490267234332,Mouse Moved,837.0,360.0,User19,,
1490267234334,Mouse Moved,839.0,362.0,User19,,
1490267234335,Mouse Moved,843.0,365.0,User19,,
1490267234336,Mouse Moved,845.0,367.0,User19,,
1490267234338,Mouse Moved,848.0,369.0,User19,,
1490267234339,Mouse Moved,852.0,372.0,User19,,
1490267234342,Mouse Moved,855.0,376.0,User19,,
1490267234344,Mouse Moved,858.0,378.0,User19,,
1490267234345,Mouse Moved,861.0,381.0,User19,,
1490267234346,Mouse Moved,864.0,383.0,User19,,
1490267234348,Mouse Moved,867.0,386.0,User19,,
1490267234351,Mouse Moved,871.0,389.0,User19,,
1490267234354,Mouse Moved,876.0,394.0,User19,,
1490267234355,Mouse Moved,879.0,396.0,User19,,
1490267234357,Mouse Moved,882.0,398.0,User19,,
1490267234358,Mouse Moved,885.0,402.0,User19,,
1490267234361,Mouse Moved,888.0,404.0,User19,,
1490267234364,Mouse Moved,894.0,408.0,User19,,
1490267234365,Mouse Moved,896.0,410.0,User19,,
1490267234368,Mouse Moved,900.0,413.0,User19,,
1490267234371,Mouse Moved,906.0,418.0,User19,,
1490267234372,Mouse Moved,908.0,420.0,User19,,
1490267234374,Mouse Moved,912.0,423.0,User19,,
1490267234375,Mouse Moved,915.0,426.0,User19,,
1490267234378,Mouse Moved,919.0,428.0,User19,,
1490267234380,Mouse Moved,921.0,430.0,User19,,
1490267234381,Mouse Moved,926.0,433.0,User19,,
1490267234382,Mouse Moved,928.0,436.0,User19,,
1490267234384,Mouse Moved,931.0,437.0,User19,,
1490267234387,Mouse Moved,935.0,441.0,User19,,
1490267234388,Mouse Moved,938.0,443.0,User19,,
1490267234390,Mouse Moved,941.0,446.0,User19,,
1490267234391,Mouse Moved,945.0,449.0,User19,,
1490267234392,Mouse Moved,948.0,450.0,User19,,
1490267234394,Mouse Moved,951.0,453.0,User19,,
1490267234397,Mouse Moved,954.0,455.0,User19,,
1490267234398,Mouse Moved,957.0,457.0,User19,,
1490267234400,Mouse Moved,960.0,460.0,User19,,
1490267234401,Mouse Moved,964.0,462.0,User19,,
1490267234403,Mouse Moved,967.0,465.0,User19,,
1490267234404,Mouse Moved,971.0,468.0,User19,,
1490267234407,Mouse Moved,973.0,469.0,User19,,
1490267234410,Mouse Moved,979.0,473.0,User19,,
1490267234411,Mouse Moved,983.0,477.0,User19,,
1490267234414,Mouse Moved,986.0,479.0,User19,,
1490267234415,Mouse Moved,988.0,481.0,User19,,
1490267234417,Mouse Moved,993.0,484.0,User19,,
1490267234418,Mouse Moved,995.0,485.0,User19,,
1490267234421,Mouse Moved,999.0,487.0,User19,,
1490267234423,Mouse Moved,1002.0,489.0,User19,,
1490267234424,Mouse Moved,1004.0,492.0,User19,,
1490267234426,Mouse Moved,1008.0,494.0,User19,,
1490267234427,Mouse Moved,1010.0,496.0,User19,,
1490267234430,Mouse Moved,1014.0,498.0,User19,,
1490267234433,Mouse Moved,1020.0,502.0,User19,,
1490267234434,Mouse Moved,1023.0,504.0,User19,,
1490267234436,Mouse Moved,1025.0,505.0,User19,,
1490267234437,Mouse Moved,1029.0,508.0,User19,,
1490267234440,Mouse Moved,1032.0,510.0,User19,,
1490267234443,Mouse Moved,1037.0,513.0,User19,,
1490267234444,Mouse Moved,1040.0,515.0,User19,,
1490267234447,Mouse Moved,1043.0,518.0,User19,,
1490267234450,Mouse Moved,1049.0,522.0,User19,,
1490267234451,Mouse Moved,1051.0,523.0,User19,,
1490267234453,Mouse Moved,1053.0,525.0,User19,,
1490267234454,Mouse Moved,1056.0,527.0,User19,,
1490267234457,Mouse Moved,1059.0,528.0,User19,,
1490267234460,Mouse Moved,1064.0,532.0,User19,,
1490267234461,Mouse Moved,1066.0,534.0,User19,,
1490267234463,Mouse Moved,1068.0,535.0,User19,,
1490267234464,Mouse Moved,1070.0,536.0,User19,,
1490267234467,Mouse Moved,1073.0,538.0,User19,,
1490267234469,Mouse Moved,1076.0,540.0,User19,,
1490267234470,Mouse Moved,1077.0,541.0,User19,,
1490267234471,Mouse Moved,1080.0,543.0,User19,,
1490267234473,Mouse Moved,1083.0,545.0,User19,,
1490267234476,Mouse Moved,1084.0,546.0,User19,,
1490267234479,Mouse Moved,1089.0,549.0,User19,,
1490267234480,Mouse Moved,1090.0,550.0,User19,,
1490267234482,Mouse Moved,1092.0,551.0,User19,,
1490267234483,Mouse Moved,1095.0,553.0,User19,,
1490267234486,Mouse Moved,1097.0,554.0,User19,,
1490267234489,Mouse Moved,1100.0,556.0,User19,,
1490267234490,Mouse Moved,1102.0,558.0,User19,,
1490267234493,Mouse Moved,1104.0,558.0,User19,,
1490267234496,Mouse Moved,1108.0,561.0,User19,,
1490267234497,Mouse Moved,1109.0,562.0,User19,,
1490267234499,Mouse Moved,1111.0,564.0,User19,,
1490267234500,Mouse Moved,1113.0,564.0,User19,,
1490267234503,Mouse Moved,1114.0,566.0,User19,,
1490267234505,Mouse Moved,1115.0,566.0,User19,,
1490267234506,Mouse Moved,1118.0,568.0,User19,,
1490267234507,Mouse Moved,1119.0,569.0,User19,,
1490267234509,Mouse Moved,1120.0,570.0,User19,,
1490267234510,Mouse Moved,1123.0,571.0,User19,,
1490267234513,Mouse Moved,1124.0,572.0,User19,,
1490267234515,Mouse Moved,1125.0,573.0,User19,,
1490267234516,Mouse Moved,1127.0,574.0,User19,,
1490267234517,Mouse Moved,1128.0,575.0,User19,,
1490267234519,Mouse Moved,1130.0,576.0,User19,,
1490267234520,Mouse Moved,1131.0,578.0,User19,,
1490267234523,Mouse Moved,1132.0,578.0,User19,,
1490267234525,Mouse Moved,1134.0,580.0,User19,,
1490267234526,Mouse Moved,1136.0,581.0,User19,,
1490267234528,Mouse Moved,1138.0,582.0,User19,,
1490267234529,Mouse Moved,1138.0,583.0,User19,,
1490267234530,Mouse Moved,1140.0,584.0,User19,,
1490267234532,Mouse Moved,1141.0,585.0,User19,,
1490267234535,Mouse Moved,1142.0,586.0,User19,,
1490267234536,Mouse Moved,1144.0,587.0,User19,,
1490267234538,Mouse Moved,1145.0,588.0,User19,,
1490267234539,Mouse Moved,1147.0,590.0,User19,,
1490267234542,Mouse Moved,1150.0,592.0,User19,,
1490267234545,Mouse Moved,1185.0,626.0,User19,,
1490267234546,Mouse Moved,1202.0,641.0,User19,,
1490267234549,Mouse Moved,1217.0,655.0,User19,,
1490267234551,Mouse Moved,1227.0,661.0,User19,,
1490267234552,Mouse Moved,1236.0,666.0,User19,,
1490267234555,Mouse Moved,1248.0,669.0,User19,,
1490267234558,Mouse Moved,1290.0,672.0,User19,,
1490267234559,Mouse Moved,1317.0,672.0,User19,,
1490267234561,Mouse Moved,1344.0,671.0,User19,,
1490267234562,Mouse Moved,1371.0,669.0,User19,,
1490267234563,Mouse Moved,1400.0,669.0,User19,,
1490267234565,Mouse Moved,1430.0,669.0,User19,,
1490267234579,Mouse Moved,1432.0,669.0,User19,,
1490267234582,Mouse Moved,1435.0,669.0,User19,,
1490267234584,Mouse Moved,1437.0,669.0,User19,,
1490267234585,Mouse Moved,1439.0,669.0,User19,,
1490267234586,Mouse Moved,1440.0,669.0,User19,,
1490267234588,Mouse Moved,1442.0,669.0,User19,,
1490267234591,Mouse Moved,1444.0,669.0,User19,,
1490267234592,Mouse Moved,1446.0,669.0,User19,,
1490267234594,Mouse Moved,1449.0,669.0,User19,,
1490267234595,Mouse Moved,1450.0,669.0,User19,,
1490267234596,Mouse Moved,1451.0,669.0,User19,,
1490267234598,Mouse Moved,1454.0,669.0,User19,,
1490267234601,Mouse Moved,1457.0,669.0,User19,,
1490267234602,Mouse Moved,1459.0,669.0,User19,,
1490267234605,Mouse Moved,1461.0,669.0,User19,,
1490267234608,Mouse Moved,1465.0,670.0,User19,,
1490267234609,Mouse Moved,1466.0,670.0,User19,,
1490267234611,Mouse Moved,1469.0,670.0,User19,,
1490267234612,Mouse Moved,1471.0,670.0,User19,,
1490267234615,Mouse Moved,1473.0,670.0,User19,,
1490267234618,Mouse Moved,1476.0,670.0,User19,,
1490267234619,Mouse Moved,1478.0,671.0,User19,,
1490267234621,Mouse Moved,1480.0,671.0,User19,,
1490267234622,Mouse Moved,1482.0,671.0,User19,,
1490267234625,Mouse Moved,1484.0,671.0,User19,,
1490267234628,Mouse Moved,1487.0,671.0,User19,,
1490267234630,Mouse Moved,1490.0,671.0,User19,,
1490267234631,Mouse Moved,1491.0,671.0,User19,,
1490267234632,Mouse Moved,1493.0,671.0,User19,,
1490267234634,Mouse Moved,1494.0,671.0,User19,,
1490267234635,Mouse Moved,1496.0,671.0,User19,,
1490267234638,Mouse Moved,1498.0,671.0,User19,,
1490267234640,Mouse Moved,1500.0,671.0,User19,,
1490267234641,Mouse Moved,1501.0,671.0,User19,,
1490267234642,Mouse Moved,1502.0,671.0,User19,,
1490267234644,Mouse Moved,1504.0,671.0,User19,,
1490267234645,Mouse Moved,1506.0,671.0,User19,,
1490267234648,Mouse Moved,1507.0,671.0,User19,,
1490267234650,Mouse Moved,1509.0,671.0,User19,,
1490267234651,Mouse Moved,1511.0,671.0,User19,,
1490267234653,Mouse Moved,1512.0,671.0,User19,,
1490267234654,Mouse Moved,1513.0,671.0,User19,,
1490267234655,Mouse Moved,1515.0,671.0,User19,,
1490267234657,Mouse Moved,1517.0,671.0,User19,,
1490267234658,Mouse Moved,1519.0,671.0,User19,,
1490267234661,Mouse Moved,1520.0,671.0,User19,,
1490267234663,Mouse Moved,1522.0,671.0,User19,,
1490267234664,Mouse Moved,1524.0,671.0,User19,,
1490267234665,Mouse Moved,1525.0,671.0,User19,,
1490267234667,Mouse Moved,1526.0,671.0,User19,,
1490267234670,Mouse Moved,1528.0,671.0,User19,,
1490267234671,Mouse Moved,1529.0,671.0,User19,,
1490267234673,Mouse Moved,1530.0,671.0,User19,,
1490267234674,Mouse Moved,1532.0,671.0,User19,,
1490267234676,Mouse Moved,1533.0,671.0,User19,,
1490267234677,Mouse Moved,1535.0,671.0,User19,,
1490267234680,Mouse Moved,1537.0,671.0,User19,,
1490267234681,Mouse Moved,1539.0,672.0,User19,,
1490267234683,Mouse Moved,1540.0,672.0,User19,,
1490267234684,Mouse Moved,1542.0,672.0,User19,,
1490267234687,Mouse Moved,1544.0,672.0,User19,,
1490267234688,Mouse Moved,1545.0,673.0,User19,,
1490267234690,Mouse Moved,1546.0,673.0,User19,,
1490267234691,Mouse Moved,1547.0,673.0,User19,,
1490267234694,Mouse Moved,1548.0,673.0,User19,,
1490267234697,Mouse Moved,1551.0,673.0,User19,,
1490267234698,Mouse Moved,1552.0,673.0,User19,,
1490267234700,Mouse Moved,1553.0,673.0,User19,,
1490267234701,Mouse Moved,1554.0,673.0,User19,,
1490267234703,Mouse Moved,1555.0,674.0,User19,,
1490267234706,Mouse Moved,1556.0,674.0,User19,,
1490267234707,Mouse Moved,1557.0,674.0,User19,,
1490267234709,Mouse Moved,1558.0,674.0,User19,,
1490267234710,Mouse Moved,1560.0,675.0,User19,,
1490267234713,Mouse Moved,1561.0,675.0,User19,,
1490267234716,Mouse Moved,1563.0,675.0,User19,,
1490267234717,Mouse Moved,1564.0,675.0,User19,,
1490267234719,Mouse Moved,1565.0,675.0,User19,,
1490267234720,Mouse Moved,1566.0,676.0,User19,,
1490267234721,Mouse Moved,1567.0,676.0,User19,,
1490267234723,Mouse Moved,1568.0,676.0,User19,,
1490267234726,Mouse Moved,1571.0,676.0,User19,,
1490267234729,Mouse Moved,1574.0,676.0,User19,,
1490267234730,Mouse Moved,1575.0,677.0,User19,,
1490267234732,Mouse Moved,1576.0,677.0,User19,,
1490267234733,Mouse Moved,1577.0,677.0,User19,,
1490267234736,Mouse Moved,1578.0,678.0,User19,,
1490267234739,Mouse Moved,1581.0,678.0,User19,,
1490267234740,Mouse Moved,1582.0,678.0,User19,,
1490267234742,Mouse Moved,1584.0,678.0,User19,,
1490267234743,Mouse Moved,1585.0,678.0,User19,,
1490267234746,Mouse Moved,1586.0,678.0,User19,,
1490267234749,Mouse Moved,1588.0,678.0,User19,,
1490267234750,Mouse Moved,1589.0,678.0,User19,,
1490267234752,Mouse Moved,1590.0,678.0,User19,,
1490267234753,Mouse Moved,1590.0,679.0,User19,,
1490267234755,Mouse Moved,1591.0,679.0,User19,,
1490267234868,Mouse Moved,1591.0,679.0,User19,,
1490267234871,Mouse Button.left Pressed,1591.0,679.0,User19,,
1490267234940,Mouse Moved,1591.0,679.0,User19,,
1490267234943,Mouse Button.left Released,1591.0,679.0,User19,,
1490267235045,Mouse Moved,1587.0,679.0,User19,,
1490267235059,Mouse Moved,1581.0,680.0,User19,,
1490267235075,Mouse Moved,1573.0,682.0,User19,,
1490267235089,Mouse Moved,1563.0,684.0,User19,,
1490267235105,Mouse Moved,1553.0,689.0,User19,,
1490267235119,Mouse Moved,1535.0,694.0,User19,,
1490267235134,Mouse Moved,1513.0,701.0,User19,,
1490267235150,Mouse Moved,1488.0,708.0,User19,,
1490267235164,Mouse Moved,1462.0,715.0,User19,,
1490267235180,Mouse Moved,1439.0,723.0,User19,,
1490267235194,Mouse Moved,1419.0,730.0,User19,,
1490267235210,Mouse Moved,1418.0,730.0,User19,,
1490267235211,Mouse Moved,1417.0,730.0,User19,,
1490267235213,Mouse Moved,1415.0,732.0,User19,,
1490267235216,Mouse Moved,1414.0,732.0,User19,,
1490267235217,Mouse Moved,1413.0,732.0,User19,,
1490267235219,Mouse Moved,1411.0,733.0,User19,,
1490267235220,Mouse Moved,1410.0,734.0,User19,,
1490267235221,Mouse Moved,1409.0,734.0,User19,,
1490267235223,Mouse Moved,1407.0,735.0,User19,,
1490267235226,Mouse Moved,1406.0,735.0,User19,,
1490267235229,Mouse Moved,1404.0,736.0,User19,,
1490267235230,Mouse Moved,1403.0,737.0,User19,,
1490267235232,Mouse Moved,1401.0,738.0,User19,,
1490267235233,Mouse Moved,1400.0,738.0,User19,,
1490267235234,Mouse Moved,1399.0,738.0,User19,,
1490267235236,Mouse Moved,1397.0,739.0,User19,,
1490267235237,Mouse Moved,1396.0,740.0,User19,,
1490267235240,Mouse Moved,1395.0,740.0,User19,,
1490267235242,Mouse Moved,1394.0,740.0,User19,,
1490267235243,Mouse Moved,1392.0,741.0,User19,,
1490267235244,Mouse Moved,1391.0,742.0,User19,,
1490267235246,Mouse Moved,1389.0,742.0,User19,,
1490267235247,Mouse Moved,1388.0,743.0,User19,,
1490267235250,Mouse Moved,1387.0,743.0,User19,,
1490267235252,Mouse Moved,1386.0,744.0,User19,,
1490267235253,Mouse Moved,1384.0,744.0,User19,,
1490267235255,Mouse Moved,1383.0,745.0,User19,,
1490267235256,Mouse Moved,1382.0,745.0,User19,,
1490267235257,Mouse Moved,1381.0,746.0,User19,,
1490267235259,Mouse Moved,1380.0,746.0,User19,,
1490267235262,Mouse Moved,1378.0,747.0,User19,,
1490267235263,Mouse Moved,1377.0,748.0,User19,,
1490267235265,Mouse Moved,1376.0,748.0,User19,,
1490267235266,Mouse Moved,1375.0,748.0,User19,,
1490267235269,Mouse Moved,1373.0,750.0,User19,,
1490267235272,Mouse Moved,1371.0,750.0,User19,,
1490267235273,Mouse Moved,1370.0,751.0,User19,,
1490267235275,Mouse Moved,1369.0,752.0,User19,,
1490267235276,Mouse Moved,1368.0,752.0,User19,,
1490267235279,Mouse Moved,1366.0,753.0,User19,,
1490267235280,Mouse Moved,1365.0,754.0,User19,,
1490267235282,Mouse Moved,1364.0,754.0,User19,,
1490267235283,Mouse Moved,1362.0,754.0,User19,,
1490267235286,Mouse Moved,1362.0,755.0,User19,,
1490267235288,Mouse Moved,1360.0,756.0,User19,,
1490267235289,Mouse Moved,1359.0,756.0,User19,,
1490267235290,Mouse Moved,1358.0,757.0,User19,,
1490267235292,Mouse Moved,1357.0,757.0,User19,,
1490267235295,Mouse Moved,1355.0,758.0,User19,,
1490267235296,Mouse Moved,1354.0,759.0,User19,,
1490267235298,Mouse Moved,1353.0,760.0,User19,,
1490267235299,Mouse Moved,1352.0,760.0,User19,,
1490267235301,Mouse Moved,1351.0,761.0,User19,,
1490267235302,Mouse Moved,1349.0,761.0,User19,,
1490267235303,Mouse Moved,1349.0,763.0,User19,,
1490267235305,Mouse Moved,1347.0,763.0,User19,,
1490267235308,Mouse Moved,1346.0,765.0,User19,,
1490267235309,Mouse Moved,1344.0,765.0,User19,,
1490267235311,Mouse Moved,1343.0,766.0,User19,,
1490267235312,Mouse Moved,1342.0,767.0,User19,,
1490267235315,Mouse Moved,1341.0,767.0,User19,,
1490267235318,Mouse Moved,1339.0,769.0,User19,,
1490267235319,Mouse Moved,1338.0,770.0,User19,,
1490267235322,Mouse Moved,1337.0,770.0,User19,,
1490267235325,Mouse Moved,1335.0,772.0,User19,,
1490267235326,Mouse Moved,1334.0,773.0,User19,,
1490267235328,Mouse Moved,1333.0,774.0,User19,,
1490267235329,Mouse Moved,1332.0,774.0,User19,,
1490267235332,Mouse Moved,1331.0,775.0,User19,,
1490267235335,Mouse Moved,1329.0,777.0,User19,,
1490267235336,Mouse Moved,1328.0,777.0,User19,,
1490267235338,Mouse Moved,1327.0,779.0,User19,,
1490267235339,Mouse Moved,1326.0,779.0,User19,,
1490267235342,Mouse Moved,1325.0,781.0,User19,,
1490267235345,Mouse Moved,1322.0,783.0,User19,,
1490267235346,Mouse Moved,1321.0,784.0,User19,,
1490267235348,Mouse Moved,1320.0,785.0,User19,,
1490267235349,Mouse Moved,1318.0,786.0,User19,,
1490267235351,Mouse Moved,1318.0,787.0,User19,,
1490267235354,Mouse Moved,1317.0,787.0,User19,,
1490267235355,Mouse Moved,1316.0,789.0,User19,,
1490267235357,Mouse Moved,1315.0,789.0,User19,,
1490267235358,Mouse Moved,1314.0,790.0,User19,,
1490267235359,Mouse Moved,1314.0,791.0,User19,,
1490267235361,Mouse Moved,1313.0,792.0,User19,,
1490267235364,Mouse Moved,1312.0,794.0,User19,,
1490267235365,Mouse Moved,1311.0,794.0,User19,,
1490267235367,Mouse Moved,1310.0,795.0,User19,,
1490267235368,Mouse Moved,1309.0,796.0,User19,,
1490267235369,Mouse Moved,1309.0,797.0,User19,,
1490267235371,Mouse Moved,1308.0,798.0,User19,,
1490267235374,Mouse Moved,1306.0,799.0,User19,,
1490267235375,Mouse Moved,1306.0,800.0,User19,,
1490267235377,Mouse Moved,1304.0,801.0,User19,,
1490267235378,Mouse Moved,1303.0,802.0,User19,,
1490267235380,Mouse Moved,1303.0,803.0,User19,,
1490267235381,Mouse Moved,1301.0,804.0,User19,,
1490267235384,Mouse Moved,1301.0,805.0,User19,,
1490267235387,Mouse Moved,1299.0,807.0,User19,,
1490267235388,Mouse Moved,1298.0,808.0,User19,,
1490267235390,Mouse Moved,1298.0,809.0,User19,,
1490267235391,Mouse Moved,1297.0,810.0,User19,,
1490267235394,Mouse Moved,1296.0,812.0,User19,,
1490267235397,Mouse Moved,1293.0,814.0,User19,,
1490267235398,Mouse Moved,1293.0,815.0,User19,,
1490267235400,Mouse Moved,1292.0,816.0,User19,,
1490267235401,Mouse Moved,1291.0,818.0,User19,,
1490267235403,Mouse Moved,1290.0,818.0,User19,,
1490267235404,Mouse Moved,1289.0,819.0,User19,,
1490267235405,Mouse Moved,1289.0,820.0,User19,,
1490267235407,Mouse Moved,1288.0,820.0,User19,,
1490267235410,Mouse Moved,1287.0,822.0,User19,,
1490267235411,Mouse Moved,1286.0,823.0,User19,,
1490267235413,Mouse Moved,1284.0,825.0,User19,,
1490267235414,Mouse Moved,1283.0,826.0,User19,,
1490267235415,Mouse Moved,1282.0,827.0,User19,,
1490267235417,Mouse Moved,1281.0,828.0,User19,,
1490267235418,Mouse Moved,1280.0,829.0,User19,,
1490267235421,Mouse Moved,1279.0,830.0,User19,,
1490267235423,Mouse Moved,1278.0,832.0,User19,,
1490267235424,Mouse Moved,1277.0,832.0,User19,,
1490267235426,Mouse Moved,1276.0,833.0,User19,,
1490267235427,Mouse Moved,1275.0,834.0,User19,,
1490267235430,Mouse Moved,1274.0,835.0,User19,,
1490267235431,Mouse Moved,1273.0,836.0,User19,,
1490267235433,Mouse Moved,1272.0,837.0,User19,,
1490267235434,Mouse Moved,1271.0,838.0,User19,,
1490267235437,Mouse Moved,1270.0,839.0,User19,,
1490267235438,Mouse Moved,1268.0,841.0,User19,,
1490267235440,Mouse Moved,1266.0,842.0,User19,,
1490267235441,Mouse Moved,1265.0,843.0,User19,,
1490267235444,Mouse Moved,1264.0,844.0,User19,,
1490267235446,Mouse Moved,1263.0,846.0,User19,,
1490267235447,Mouse Moved,1262.0,847.0,User19,,
1490267235448,Mouse Moved,1261.0,848.0,User19,,
1490267235450,Mouse Moved,1260.0,848.0,User19,,
1490267235451,Mouse Moved,1259.0,850.0,User19,,
1490267235453,Mouse Moved,1258.0,851.0,User19,,
1490267235456,Mouse Moved,1257.0,852.0,User19,,
1490267235457,Mouse Moved,1256.0,852.0,User19,,
1490267235459,Mouse Moved,1256.0,854.0,User19,,
1490267235460,Mouse Moved,1255.0,854.0,User19,,
1490267235461,Mouse Moved,1254.0,855.0,User19,,
1490267235463,Mouse Moved,1252.0,856.0,User19,,
1490267235466,Mouse Moved,1252.0,857.0,User19,,
1490267235467,Mouse Moved,1250.0,857.0,User19,,
1490267235469,Mouse Moved,1250.0,859.0,User19,,
1490267235470,Mouse Moved,1249.0,860.0,User19,,
1490267235473,Mouse Moved,1249.0,861.0,User19,,
1490267235476,Mouse Moved,1247.0,862.0,User19,,
1490267235477,Mouse Moved,1245.0,863.0,User19,,
1490267235480,Mouse Moved,1245.0,864.0,User19,,
1490267235483,Mouse Moved,1243.0,866.0,User19,,
1490267235486,Mouse Moved,1241.0,867.0,User19,,
1490267235487,Mouse Moved,1240.0,868.0,User19,,
1490267235489,Mouse Moved,1240.0,869.0,User19,,
1490267235490,Mouse Moved,1239.0,870.0,User19,,
1490267235493,Mouse Moved,1238.0,870.0,User19,,
1490267235494,Mouse Moved,1236.0,872.0,User19,,
1490267235500,Mouse Moved,1235.0,873.0,User19,,
1490267235502,Mouse Moved,1234.0,875.0,User19,,
1490267235503,Mouse Moved,1233.0,875.0,User19,,
1490267235505,Mouse Moved,1231.0,877.0,User19,,
1490267235506,Mouse Moved,1230.0,878.0,User19,,
1490267235509,Mouse Moved,1229.0,879.0,User19,,
1490267235512,Mouse Moved,1228.0,880.0,User19,,
1490267235513,Mouse Moved,1227.0,881.0,User19,,
1490267235516,Mouse Moved,1226.0,881.0,User19,,
1490267235519,Mouse Moved,1224.0,883.0,User19,,
1490267235520,Mouse Moved,1223.0,884.0,User19,,
1490267235523,Mouse Moved,1223.0,885.0,User19,,
1490267235526,Mouse Moved,1221.0,886.0,User19,,
1490267235528,Mouse Moved,1220.0,886.0,User19,,
1490267235529,Mouse Moved,1220.0,888.0,User19,,
1490267235530,Mouse Moved,1219.0,888.0,User19,,
1490267235532,Mouse Moved,1218.0,889.0,User19,,
1490267235533,Mouse Moved,1217.0,889.0,User19,,
1490267235536,Mouse Moved,1217.0,890.0,User19,,
1490267235538,Mouse Moved,1216.0,890.0,User19,,
1490267235539,Mouse Moved,1215.0,891.0,User19,,
1490267235540,Mouse Moved,1215.0,892.0,User19,,
1490267235543,Mouse Moved,1214.0,892.0,User19,,
1490267235546,Mouse Moved,1213.0,892.0,User19,,
1490267235549,Mouse Moved,1212.0,893.0,User19,,
1490267235551,Mouse Moved,1211.0,893.0,User19,,
1490267235552,Mouse Moved,1210.0,894.0,User19,,
1490267235553,Mouse Moved,1209.0,895.0,User19,,
1490267235555,Mouse Moved,1208.0,896.0,User19,,
1490267235558,Mouse Moved,1207.0,896.0,User19,,
1490267235559,Mouse Moved,1206.0,896.0,User19,,
1490267235562,Mouse Moved,1206.0,897.0,User19,,
1490267235565,Mouse Moved,1204.0,897.0,User19,,
1490267235566,Mouse Moved,1204.0,898.0,User19,,
1490267235569,Mouse Moved,1203.0,898.0,User19,,
1490267235571,Mouse Moved,1202.0,898.0,User19,,
1490267235572,Mouse Moved,1201.0,898.0,User19,,
1490267235573,Mouse Moved,1201.0,899.0,User19,,
1490267235575,Mouse Moved,1200.0,899.0,User19,,
1490267235578,Mouse Moved,1199.0,899.0,User19,,
1490267235581,Mouse Moved,1198.0,900.0,User19,,
1490267235582,Mouse Moved,1197.0,900.0,User19,,
1490267235585,Mouse Moved,1197.0,900.0,User19,,
1490267235588,Mouse Moved,1196.0,900.0,User19,,
1490267235591,Mouse Moved,1196.0,901.0,User19,,
1490267235592,Mouse Button.left Released,1196.0,901.0,User19,,
1490267235796,Mouse Moved,1196.0,900.0,User19,,
1490267235825,Mouse Moved,1196.0,899.0,User19,,
1490267235855,Mouse Moved,1196.0,898.0,User19,,
1490267235914,Mouse Moved,1196.0,897.0,User19,,
1490267235990,Mouse Moved,1196.0,896.0,User19,,
1490267236005,Mouse Moved,1195.0,896.0,User19,,
1490267236006,Mouse Moved,1195.0,895.0,User19,,
1490267236019,Mouse Moved,1195.0,894.0,User19,,
1490267236022,Mouse Moved,1195.0,893.0,User19,,
1490267236035,Mouse Moved,1195.0,892.0,User19,,
1490267236036,Mouse Moved,1195.0,891.0,User19,,
1490267236039,Mouse Moved,1195.0,890.0,User19,,
1490267236049,Mouse Moved,1195.0,889.0,User19,,
1490267236052,Mouse Moved,1195.0,888.0,User19,,
1490267236053,Mouse Moved,1195.0,887.0,User19,,
1490267236055,Mouse Moved,1196.0,887.0,User19,,
1490267236056,Mouse Moved,1196.0,886.0,User19,,
1490267236059,Mouse Moved,1196.0,885.0,User19,,
1490267236065,Mouse Moved,1197.0,884.0,User19,,
1490267236066,Mouse Moved,1198.0,884.0,User19,,
1490267236069,Mouse Moved,1198.0,883.0,User19,,
1490267236072,Mouse Moved,1199.0,882.0,User19,,
1490267236073,Mouse Moved,1199.0,881.0,User19,,
1490267236075,Mouse Moved,1200.0,881.0,User19,,
1490267236081,Mouse Moved,1200.0,880.0,User19,,
1490267236082,Mouse Moved,1201.0,879.0,User19,,
1490267236084,Mouse Moved,1202.0,879.0,User19,,
1490267236085,Mouse Moved,1202.0,878.0,User19,,
1490267236086,Mouse Moved,1203.0,878.0,User19,,
1490267236088,Mouse Moved,1203.0,877.0,User19,,
1490267236091,Mouse Moved,1204.0,877.0,User19,,
1490267236092,Mouse Moved,1204.0,876.0,User19,,
1490267236094,Mouse Moved,1205.0,876.0,User19,,
1490267236095,Mouse Moved,1205.0,875.0,User19,,
1490267236098,Mouse Moved,1206.0,875.0,User19,,
1490267236101,Mouse Moved,1208.0,874.0,User19,,
1490267236102,Mouse Moved,1209.0,873.0,User19,,
1490267236104,Mouse Moved,1210.0,873.0,User19,,
1490267236105,Mouse Moved,1211.0,873.0,User19,,
1490267236108,Mouse Moved,1211.0,872.0,User19,,
1490267236109,Mouse Moved,1212.0,871.0,User19,,
1490267236111,Mouse Moved,1213.0,871.0,User19,,
1490267236112,Mouse Moved,1214.0,871.0,User19,,
1490267236115,Mouse Moved,1215.0,870.0,User19,,
1490267236118,Mouse Moved,1217.0,869.0,User19,,
1490267236119,Mouse Moved,1218.0,869.0,User19,,
1490267236121,Mouse Moved,1218.0,868.0,User19,,
1490267236122,Mouse Moved,1219.0,868.0,User19,,
1490267236124,Mouse Moved,1220.0,868.0,User19,,
1490267236125,Mouse Moved,1221.0,867.0,User19,,
1490267236128,Mouse Moved,1222.0,867.0,User19,,
1490267236131,Mouse Moved,1224.0,867.0,User19,,
1490267236134,Mouse Moved,1226.0,865.0,User19,,
1490267236135,Mouse Moved,1227.0,865.0,User19,,
1490267236137,Mouse Moved,1229.0,865.0,User19,,
1490267236138,Mouse Moved,1230.0,864.0,User19,,
1490267236140,Mouse Moved,1231.0,863.0,User19,,
1490267236141,Mouse Moved,1232.0,863.0,User19,,
1490267236144,Mouse Moved,1233.0,863.0,User19,,
1490267236147,Mouse Moved,1235.0,862.0,User19,,
1490267236148,Mouse Moved,1236.0,862.0,User19,,
1490267236150,Mouse Moved,1237.0,862.0,User19,,
1490267236151,Mouse Moved,1238.0,862.0,User19,,
1490267236153,Mouse Moved,1239.0,862.0,User19,,
1490267236154,Mouse Moved,1240.0,861.0,User19,,
1490267236157,Mouse Moved,1241.0,861.0,User19,,
1490267236160,Mouse Moved,1243.0,860.0,User19,,
1490267236161,Mouse Moved,1244.0,860.0,User19,,
1490267236163,Mouse Moved,1246.0,860.0,User19,,
1490267236164,Mouse Moved,1247.0,860.0,User19,,
1490267236165,Mouse Moved,1249.0,859.0,User19,,
1490267236167,Mouse Moved,1251.0,859.0,User19,,
1490267236170,Mouse Moved,1252.0,858.0,User19,,
1490267236171,Mouse Moved,1253.0,858.0,User19,,
1490267236173,Mouse Moved,1254.0,858.0,User19,,
1490267236174,Mouse Moved,1255.0,858.0,User19,,
1490267236176,Mouse Moved,1257.0,858.0,User19,,
1490267236177,Mouse Moved,1258.0,858.0,User19,,
1490267236178,Mouse Moved,1259.0,858.0,User19,,
1490267236180,Mouse Moved,1260.0,858.0,User19,,
1490267236183,Mouse Moved,1261.0,858.0,User19,,
1490267236184,Mouse Moved,1262.0,858.0,User19,,
1490267236186,Mouse Moved,1263.0,858.0,User19,,
1490267236187,Mouse Moved,1264.0,858.0,User19,,
1490267236190,Mouse Moved,1264.0,857.0,User19,,
1490267236193,Mouse Moved,1266.0,857.0,User19,,
1490267236194,Mouse Moved,1267.0,857.0,User19,,
1490267236196,Mouse Moved,1268.0,857.0,User19,,
1490267236197,Mouse Moved,1270.0,857.0,User19,,
1490267236200,Mouse Moved,1271.0,857.0,User19,,
1490267236203,Mouse Moved,1273.0,857.0,User19,,
1490267236204,Mouse Moved,1274.0,857.0,User19,,
1490267236206,Mouse Moved,1276.0,857.0,User19,,
1490267236207,Mouse Moved,1277.0,857.0,User19,,
1490267236210,Mouse Moved,1278.0,857.0,User19,,
1490267236213,Mouse Moved,1280.0,856.0,User19,,
1490267236214,Mouse Moved,1281.0,856.0,User19,,
1490267236216,Mouse Moved,1283.0,856.0,User19,,
1490267236217,Mouse Moved,1284.0,856.0,User19,,
1490267236220,Mouse Moved,1286.0,856.0,User19,,
1490267236223,Mouse Moved,1288.0,856.0,User19,,
1490267236224,Mouse Moved,1289.0,856.0,User19,,
1490267236226,Mouse Moved,1290.0,856.0,User19,,
1490267236227,Mouse Moved,1291.0,856.0,User19,,
1490267236230,Mouse Moved,1292.0,856.0,User19,,
1490267236233,Mouse Moved,1294.0,856.0,User19,,
1490267236234,Mouse Moved,1296.0,856.0,User19,,
1490267236236,Mouse Moved,1297.0,856.0,User19,,
1490267236237,Mouse Moved,1298.0,856.0,User19,,
1490267236239,Mouse Moved,1299.0,856.0,User19,,
1490267236240,Mouse Moved,1300.0,856.0,User19,,
1490267236243,Mouse Moved,1301.0,856.0,User19,,
1490267236246,Mouse Moved,1304.0,856.0,User19,,
1490267236247,Mouse Moved,1305.0,856.0,User19,,
1490267236249,Mouse Moved,1306.0,856.0,User19,,
1490267236250,Mouse Moved,1307.0,856.0,User19,,
1490267236252,Mouse Moved,1307.0,857.0,User19,,
1490267236253,Mouse Moved,1308.0,857.0,User19,,
1490267236256,Mouse Moved,1309.0,857.0,User19,,
1490267236259,Mouse Moved,1311.0,857.0,User19,,
1490267236260,Mouse Moved,1312.0,857.0,User19,,
1490267236262,Mouse Moved,1312.0,858.0,User19,,
1490267236263,Mouse Moved,1314.0,858.0,User19,,
1490267236266,Mouse Moved,1315.0,858.0,User19,,
1490267236269,Mouse Moved,1316.0,859.0,User19,,
1490267236270,Mouse Moved,1317.0,859.0,User19,,
1490267236272,Mouse Moved,1318.0,859.0,User19,,
1490267236273,Mouse Moved,1319.0,860.0,User19,,
1490267236276,Mouse Moved,1320.0,860.0,User19,,
1490267236279,Mouse Moved,1322.0,860.0,User19,,
1490267236280,Mouse Moved,1322.0,861.0,User19,,
1490267236282,Mouse Moved,1323.0,861.0,User19,,
1490267236285,Mouse Moved,1324.0,861.0,User19,,
1490267236286,Mouse Moved,1325.0,861.0,User19,,
1490267236288,Mouse Moved,1326.0,861.0,User19,,
1490267236289,Mouse Moved,1327.0,862.0,User19,,
1490267236290,Mouse Moved,1328.0,862.0,User19,,
1490267236292,Mouse Moved,1329.0,862.0,User19,,
1490267236295,Mouse Moved,1330.0,862.0,User19,,
1490267236296,Mouse Moved,1330.0,863.0,User19,,
1490267236298,Mouse Moved,1331.0,863.0,User19,,
1490267236299,Mouse Moved,1332.0,863.0,User19,,
1490267236302,Mouse Moved,1333.0,863.0,User19,,
1490267236305,Mouse Moved,1334.0,864.0,User19,,
1490267236306,Mouse Moved,1338.0,865.0,User19,,
1490267236308,Mouse Moved,1339.0,866.0,User19,,
1490267236311,Mouse Moved,1339.0,866.0,User19,,
1490267236312,Mouse Button.left Pressed,1339.0,866.0,User19,,
1490267236322,Mouse Moved,1340.0,866.0,User19,,
1490267236401,Mouse Moved,1340.0,866.0,User19,,
1490267236403,Mouse Button.left Released,1340.0,866.0,User19,,
1490267236563,Mouse Moved,1340.0,865.0,User19,,
1490267236575,Mouse Moved,1340.0,864.0,User19,,
1490267236578,Mouse Moved,1339.0,864.0,User19,,
1490267236589,Mouse Moved,1338.0,862.0,User19,,
1490267236594,Mouse Moved,1338.0,861.0,User19,,
1490267236595,Mouse Moved,1337.0,861.0,User19,,
1490267236596,Mouse Moved,1336.0,861.0,User19,,
1490267236598,Mouse Moved,1336.0,860.0,User19,,
1490267236599,Mouse Moved,1335.0,860.0,User19,,
1490267236601,Mouse Moved,1335.0,859.0,User19,,
1490267236605,Mouse Moved,1334.0,859.0,User19,,
1490267236608,Mouse Moved,1333.0,858.0,User19,,
1490267236609,Mouse Moved,1332.0,858.0,User19,,
1490267236611,Mouse Moved,1332.0,857.0,User19,,
1490267236612,Mouse Moved,1331.0,856.0,User19,,
1490267236614,Mouse Moved,1329.0,856.0,User19,,
1490267236615,Mouse Moved,1329.0,855.0,User19,,
1490267236618,Mouse Moved,1328.0,854.0,User19,,
1490267236621,Mouse Moved,1326.0,853.0,User19,,
1490267236624,Mouse Moved,1324.0,852.0,User19,,
1490267236625,Mouse Moved,1324.0,851.0,User19,,
1490267236628,Mouse Moved,1323.0,851.0,User19,,
1490267236630,Mouse Moved,1322.0,850.0,User19,,
1490267236631,Mouse Moved,1321.0,849.0,User19,,
1490267236632,Mouse Moved,1320.0,849.0,User19,,
1490267236634,Mouse Moved,1319.0,849.0,User19,,
1490267236635,Mouse Moved,1318.0,848.0,User19,,
1490267236638,Mouse Moved,1318.0,847.0,User19,,
1490267236641,Mouse Moved,1315.0,846.0,User19,,
1490267236642,Mouse Moved,1314.0,845.0,User19,,
1490267236644,Mouse Moved,1312.0,844.0,User19,,
1490267236645,Mouse Moved,1310.0,843.0,User19,,
1490267236647,Mouse Moved,1309.0,842.0,User19,,
1490267236648,Mouse Moved,1307.0,841.0,User19,,
1490267236663,Mouse Moved,1306.0,841.0,User19,,
1490267236664,Mouse Moved,1305.0,840.0,User19,,
1490267236668,Mouse Moved,1304.0,839.0,User19,,
1490267236677,Mouse Moved,1303.0,838.0,User19,,
1490267236680,Mouse Moved,1302.0,838.0,User19,,
1490267236683,Mouse Moved,1301.0,837.0,User19,,
1490267236687,Mouse Moved,1299.0,835.0,User19,,
1490267236698,Mouse Moved,1298.0,835.0,User19,,
1490267236701,Mouse Moved,1296.0,834.0,User19,,
1490267236719,Mouse Moved,1295.0,833.0,User19,,
1490267236720,Mouse Moved,1294.0,833.0,User19,,
1490267236734,Mouse Moved,1293.0,831.0,User19,,
1490267236744,Mouse Moved,1292.0,830.0,User19,,
1490267236746,Mouse Moved,1290.0,829.0,User19,,
1490267236766,Mouse Moved,1289.0,829.0,User19,,
1490267236769,Mouse Moved,1288.0,827.0,User19,,
1490267236770,Mouse Moved,1286.0,827.0,User19,,
1490267236773,Mouse Moved,1285.0,826.0,User19,,
1490267236776,Mouse Moved,1282.0,824.0,User19,,
1490267236778,Mouse Moved,1281.0,822.0,User19,,
1490267236790,Mouse Moved,1279.0,822.0,User19,,
1490267236792,Mouse Moved,1278.0,820.0,User19,,
1490267236795,Mouse Moved,1276.0,819.0,User19,,
1490267236796,Mouse Moved,1274.0,818.0,User19,,
1490267236798,Mouse Moved,1274.0,817.0,User19,,
1490267236799,Mouse Moved,1271.0,816.0,User19,,
1490267236801,Mouse Moved,1270.0,814.0,User19,,
1490267236802,Mouse Moved,1269.0,813.0,User19,,
1490267236805,Mouse Moved,1267.0,812.0,User19,,
1490267236808,Mouse Moved,1264.0,810.0,User19,,
1490267236809,Mouse Moved,1263.0,809.0,User19,,
1490267236811,Mouse Moved,1261.0,808.0,User19,,
1490267236812,Mouse Moved,1259.0,807.0,User19,,
1490267236813,Mouse Moved,1257.0,805.0,User19,,
1490267236815,Mouse Moved,1256.0,804.0,User19,,
1490267236816,Mouse Moved,1254.0,803.0,User19,,
1490267236819,Mouse Moved,1253.0,802.0,User19,,
1490267236821,Mouse Moved,1251.0,800.0,User19,,
1490267236822,Mouse Moved,1250.0,800.0,User19,,
1490267236823,Mouse Moved,1247.0,798.0,User19,,
1490267236825,Mouse Moved,1247.0,797.0,User19,,
1490267236826,Mouse Moved,1245.0,796.0,User19,,
1490267236828,Mouse Moved,1243.0,795.0,User19,,
1490267236831,Mouse Moved,1241.0,794.0,User19,,
1490267236832,Mouse Moved,1239.0,793.0,User19,,
1490267236834,Mouse Moved,1238.0,791.0,User19,,
1490267236835,Mouse Moved,1237.0,790.0,User19,,
1490267236838,Mouse Moved,1235.0,789.0,User19,,
1490267236844,Mouse Moved,1233.0,787.0,User19,,
1490267236845,Mouse Moved,1232.0,787.0,User19,,
1490267236846,Mouse Moved,1230.0,786.0,User19,,
1490267236848,Mouse Moved,1228.0,785.0,User19,,
1490267236849,Mouse Moved,1226.0,783.0,User19,,
1490267236851,Mouse Moved,1225.0,783.0,User19,,
1490267236852,Mouse Moved,1223.0,781.0,User19,,
1490267236855,Mouse Moved,1221.0,780.0,User19,,
1490267236857,Mouse Moved,1219.0,780.0,User19,,
1490267236858,Mouse Moved,1218.0,777.0,User19,,
1490267236859,Mouse Moved,1216.0,776.0,User19,,
1490267236861,Mouse Moved,1214.0,775.0,User19,,
1490267236862,Mouse Moved,1214.0,774.0,User19,,
1490267236865,Mouse Moved,1211.0,772.0,User19,,
1490267236867,Mouse Moved,1210.0,772.0,User19,,
1490267236868,Mouse Moved,1208.0,770.0,User19,,
1490267236869,Mouse Moved,1206.0,769.0,User19,,
1490267236871,Mouse Moved,1204.0,768.0,User19,,
1490267236872,Mouse Moved,1203.0,767.0,User19,,
1490267236875,Mouse Moved,1201.0,766.0,User19,,
1490267236878,Mouse Moved,1200.0,764.0,User19,,
1490267236880,Mouse Moved,1198.0,763.0,User19,,
1490267236881,Mouse Moved,1196.0,762.0,User19,,
1490267236882,Mouse Moved,1195.0,761.0,User19,,
1490267236884,Mouse Moved,1193.0,759.0,User19,,
1490267236887,Mouse Moved,1192.0,758.0,User19,,
1490267236888,Mouse Moved,1191.0,757.0,User19,,
1490267236891,Mouse Moved,1189.0,756.0,User19,,
1490267236894,Mouse Moved,1187.0,755.0,User19,,
1490267236895,Mouse Moved,1186.0,754.0,User19,,
1490267236897,Mouse Moved,1184.0,753.0,User19,,
1490267236898,Mouse Moved,1184.0,752.0,User19,,
1490267236900,Mouse Moved,1182.0,751.0,User19,,
1490267236904,Mouse Moved,1180.0,750.0,User19,,
1490267236910,Mouse Moved,1179.0,749.0,User19,,
1490267236921,Mouse Moved,1178.0,748.0,User19,,
1490267236923,Mouse Moved,1177.0,746.0,User19,,
1490267236924,Mouse Moved,1176.0,746.0,User19,,
1490267236944,Mouse Moved,1174.0,745.0,User19,,
1490267236947,Mouse Moved,1173.0,744.0,User19,,
1490267236950,Mouse Moved,1173.0,742.0,User19,,
1490267236951,Mouse Moved,1172.0,742.0,User19,,
1490267236953,Mouse Moved,1171.0,740.0,User19,,
1490267236954,Mouse Moved,1169.0,740.0,User19,,
1490267236960,Mouse Moved,1169.0,738.0,User19,,
1490267236963,Mouse Moved,1163.0,734.0,User19,,
1490267236964,Mouse Moved,1161.0,733.0,User19,,
1490267236967,Mouse Moved,1160.0,732.0,User19,,
1490267236971,Mouse Moved,1159.0,731.0,User19,,
1490267236974,Mouse Moved,1159.0,730.0,User19,,
1490267236976,Mouse Moved,1158.0,730.0,User19,,
1490267236980,Mouse Moved,1157.0,729.0,User19,,
1490267236982,Mouse Moved,1156.0,728.0,User19,,
1490267236983,Mouse Moved,1155.0,728.0,User19,,
1490267236986,Mouse Moved,1153.0,727.0,User19,,
1490267236987,Mouse Moved,1153.0,726.0,User19,,
1490267236990,Mouse Moved,1151.0,725.0,User19,,
1490267236993,Mouse Moved,1149.0,724.0,User19,,
1490267236994,Mouse Moved,1146.0,724.0,User19,,
1490267236999,Mouse Moved,1146.0,722.0,User19,,
1490267237000,Mouse Moved,1146.0,721.0,User19,,
1490267237003,Mouse Moved,1146.0,720.0,User19,,
1490267237006,Mouse Moved,1144.0,719.0,User19,,
1490267237007,Mouse Moved,1143.0,719.0,User19,,
1490267237009,Mouse Moved,1142.0,719.0,User19,,
1490267237010,Mouse Moved,1141.0,719.0,User19,,
1490267237013,Mouse Moved,1140.0,719.0,User19,,
1490267237015,Mouse Moved,1139.0,719.0,User19,,
1490267237016,Mouse Moved,1138.0,719.0,User19,,
1490267237017,Mouse Moved,1137.0,720.0,User19,,
1490267237019,Mouse Moved,1136.0,720.0,User19,,
1490267237020,Mouse Moved,1135.0,720.0,User19,,
1490267237022,Mouse Moved,1134.0,720.0,User19,,
1490267237023,Mouse Moved,1134.0,721.0,User19,,
1490267237026,Mouse Moved,1132.0,721.0,User19,,
1490267237029,Mouse Moved,1131.0,721.0,User19,,
1490267237032,Mouse Moved,1129.0,721.0,User19,,
1490267237033,Mouse Moved,1128.0,721.0,User19,,
1490267237036,Mouse Moved,1127.0,721.0,User19,,
1490267237039,Mouse Moved,1125.0,721.0,User19,,
1490267237040,Mouse Moved,1124.0,721.0,User19,,
1490267237042,Mouse Moved,1123.0,721.0,User19,,
1490267237043,Mouse Moved,1123.0,720.0,User19,,
1490267237046,Mouse Moved,1122.0,720.0,User19,,
1490267237048,Mouse Moved,1121.0,720.0,User19,,
1490267237049,Mouse Moved,1117.0,720.0,User19,,
1490267237051,Mouse Moved,1117.0,719.0,User19,,
1490267237052,Mouse Moved,1116.0,719.0,User19,,
1490267237053,Mouse Moved,1115.0,719.0,User19,,
1490267237055,Mouse Moved,1113.0,719.0,User19,,
1490267237056,Mouse Moved,1113.0,718.0,User19,,
1490267237059,Mouse Moved,1111.0,718.0,User19,,
1490267237061,Mouse Moved,1111.0,717.0,User19,,
1490267237062,Mouse Moved,1110.0,717.0,User19,,
1490267237063,Mouse Moved,1109.0,717.0,User19,,
1490267237065,Mouse Moved,1109.0,716.0,User19,,
1490267237066,Mouse Moved,1108.0,716.0,User19,,
1490267237069,Mouse Moved,1107.0,716.0,User19,,
1490267237071,Mouse Moved,1106.0,716.0,User19,,
1490267237072,Mouse Moved,1105.0,715.0,User19,,
1490267237073,Mouse Moved,1104.0,715.0,User19,,
1490267237075,Mouse Moved,1102.0,715.0,User19,,
1490267237076,Mouse Moved,1102.0,714.0,User19,,
1490267237078,Mouse Moved,1101.0,713.0,User19,,
1490267237081,Mouse Moved,1099.0,713.0,User19,,
1490267237082,Mouse Moved,1097.0,712.0,User19,,
1490267237084,Mouse Moved,1096.0,711.0,User19,,
1490267237085,Mouse Moved,1095.0,711.0,User19,,
1490267237086,Mouse Moved,1093.0,710.0,User19,,
1490267237088,Mouse Moved,1092.0,709.0,User19,,
1490267237091,Mouse Moved,1090.0,708.0,User19,,
1490267237092,Mouse Moved,1089.0,708.0,User19,,
1490267237094,Mouse Moved,1087.0,707.0,User19,,
1490267237095,Mouse Moved,1086.0,705.0,User19,,
1490267237098,Mouse Moved,1085.0,705.0,User19,,
1490267237101,Mouse Moved,1083.0,703.0,User19,,
1490267237102,Mouse Moved,1081.0,702.0,User19,,
1490267237104,Mouse Moved,1079.0,701.0,User19,,
1490267237105,Mouse Moved,1077.0,700.0,User19,,
1490267237108,Mouse Moved,1076.0,699.0,User19,,
1490267237109,Mouse Moved,1075.0,698.0,User19,,
1490267237111,Mouse Moved,1074.0,698.0,User19,,
1490267237112,Mouse Moved,1073.0,696.0,User19,,
1490267237114,Mouse Moved,1071.0,696.0,User19,,
1490267237115,Mouse Moved,1070.0,694.0,User19,,
1490267237118,Mouse Moved,1069.0,694.0,User19,,
1490267237121,Mouse Moved,1066.0,691.0,User19,,
1490267237122,Mouse Moved,1064.0,689.0,User19,,
1490267237125,Mouse Moved,1064.0,688.0,User19,,
1490267237127,Mouse Moved,1062.0,686.0,User19,,
1490267237128,Mouse Moved,1061.0,686.0,User19,,
1490267237130,Mouse Moved,1059.0,684.0,User19,,
1490267237131,Mouse Moved,1058.0,683.0,User19,,
1490267237132,Mouse Moved,1057.0,681.0,User19,,
1490267237134,Mouse Moved,1055.0,680.0,User19,,
1490267237137,Mouse Moved,1054.0,679.0,User19,,
1490267237138,Mouse Moved,1052.0,677.0,User19,,
1490267237140,Mouse Moved,1051.0,676.0,User19,,
1490267237141,Mouse Moved,1050.0,675.0,User19,,
1490267237144,Mouse Moved,1048.0,673.0,User19,,
1490267237147,Mouse Moved,1045.0,671.0,User19,,
1490267237148,Mouse Moved,1044.0,669.0,User19,,
1490267237151,Mouse Moved,1042.0,668.0,User19,,
1490267237154,Mouse Moved,1039.0,665.0,User19,,
1490267237155,Mouse Moved,1037.0,664.0,User19,,
1490267237157,Mouse Moved,1035.0,662.0,User19,,
1490267237158,Mouse Moved,1034.0,661.0,User19,,
1490267237161,Mouse Moved,1032.0,659.0,User19,,
1490267237163,Mouse Moved,1030.0,658.0,User19,,
1490267237164,Mouse Moved,1029.0,656.0,User19,,
1490267237165,Mouse Moved,1026.0,655.0,User19,,
1490267237167,Mouse Moved,1024.0,652.0,User19,,
1490267237168,Mouse Moved,1023.0,652.0,User19,,
1490267237171,Mouse Moved,1020.0,649.0,User19,,
1490267237173,Mouse Moved,1019.0,649.0,User19,,
1490267237174,Mouse Moved,1017.0,645.0,User19,,
1490267237176,Mouse Moved,1014.0,644.0,User19,,
1490267237177,Mouse Moved,1013.0,643.0,User19,,
1490267237180,Mouse Moved,1011.0,640.0,User19,,
1490267237183,Mouse Moved,1007.0,636.0,User19,,
1490267237184,Mouse Moved,1004.0,633.0,User19,,
1490267237186,Mouse Moved,1002.0,632.0,User19,,
1490267237187,Mouse Moved,1000.0,630.0,User19,,
1490267237190,Mouse Moved,998.0,627.0,User19,,
1490267237193,Mouse Moved,993.0,623.0,User19,,
1490267237194,Mouse Moved,991.0,621.0,User19,,
1490267237196,Mouse Moved,988.0,619.0,User19,,
1490267237197,Mouse Moved,985.0,616.0,User19,,
1490267237200,Mouse Moved,983.0,614.0,User19,,
1490267237203,Mouse Moved,978.0,609.0,User19,,
1490267237204,Mouse Moved,976.0,608.0,User19,,
1490267237207,Mouse Moved,973.0,603.0,User19,,
1490267237210,Mouse Moved,967.0,598.0,User19,,
1490267237211,Mouse Moved,964.0,596.0,User19,,
1490267237213,Mouse Moved,961.0,592.0,User19,,
1490267237214,Mouse Moved,957.0,590.0,User19,,
1490267237217,Mouse Moved,954.0,588.0,User19,,
1490267237219,Mouse Moved,951.0,585.0,User19,,
1490267237220,Mouse Moved,948.0,582.0,User19,,
1490267237221,Mouse Moved,945.0,579.0,User19,,
1490267237223,Mouse Moved,940.0,575.0,User19,,
1490267237224,Mouse Moved,936.0,572.0,User19,,
1490267237226,Mouse Moved,934.0,570.0,User19,,
1490267237229,Mouse Moved,931.0,566.0,User19,,
1490267237230,Mouse Moved,927.0,563.0,User19,,
1490267237232,Mouse Moved,923.0,560.0,User19,,
1490267237233,Mouse Moved,920.0,556.0,User19,,
1490267237234,Mouse Moved,915.0,554.0,User19,,
1490267237236,Mouse Moved,913.0,550.0,User19,,
1490267237239,Mouse Moved,908.0,546.0,User19,,
1490267237240,Mouse Moved,903.0,542.0,User19,,
1490267237242,Mouse Moved,899.0,540.0,User19,,
1490267237243,Mouse Moved,897.0,538.0,User19,,
1490267237246,Mouse Moved,892.0,533.0,User19,,
1490267237249,Mouse Moved,884.0,526.0,User19,,
1490267237250,Mouse Moved,879.0,522.0,User19,,
1490267237252,Mouse Moved,876.0,520.0,User19,,
1490267237253,Mouse Moved,871.0,516.0,User19,,
1490267237255,Mouse Moved,869.0,514.0,User19,,
1490267237256,Mouse Moved,863.0,510.0,User19,,
1490267237259,Mouse Moved,858.0,505.0,User19,,
1490267237262,Mouse Moved,849.0,498.0,User19,,
1490267237263,Mouse Moved,847.0,496.0,User19,,
1490267237265,Mouse Moved,842.0,491.0,User19,,
1490267237266,Mouse Moved,837.0,488.0,User19,,
1490267237269,Mouse Moved,834.0,485.0,User19,,
1490267237272,Mouse Moved,824.0,477.0,User19,,
1490267237273,Mouse Moved,821.0,474.0,User19,,
1490267237275,Mouse Moved,816.0,471.0,User19,,
1490267237276,Mouse Moved,811.0,467.0,User19,,
1490267237279,Mouse Moved,808.0,464.0,User19,,
1490267237282,Mouse Moved,799.0,458.0,User19,,
1490267237283,Mouse Moved,795.0,455.0,User19,,
1490267237285,Mouse Moved,790.0,450.0,User19,,
1490267237286,Mouse Moved,786.0,447.0,User19,,
1490267237288,Mouse Moved,782.0,443.0,User19,,
1490267237289,Mouse Moved,778.0,441.0,User19,,
1490267237292,Mouse Moved,773.0,437.0,User19,,
1490267237295,Mouse Moved,765.0,431.0,User19,,
1490267237296,Mouse Moved,760.0,428.0,User19,,
1490267237298,Mouse Moved,757.0,425.0,User19,,
1490267237299,Mouse Moved,752.0,421.0,User19,,
1490267237302,Mouse Moved,749.0,420.0,User19,,
1490267237303,Mouse Moved,744.0,416.0,User19,,
1490267237305,Mouse Moved,742.0,413.0,User19,,
1490267237306,Mouse Moved,737.0,411.0,User19,,
1490267237308,Mouse Moved,733.0,407.0,User19,,
1490267237309,Mouse Moved,730.0,404.0,User19,,
1490267237312,Mouse Moved,725.0,402.0,User19,,
1490267237315,Mouse Moved,718.0,395.0,User19,,
1490267237316,Mouse Moved,714.0,394.0,User19,,
1490267237319,Mouse Moved,711.0,391.0,User19,,
1490267237322,Mouse Moved,703.0,384.0,User19,,
1490267237325,Mouse Moved,696.0,380.0,User19,,
1490267237326,Mouse Moved,693.0,377.0,User19,,
1490267237328,Mouse Moved,688.0,373.0,User19,,
1490267237329,Mouse Moved,686.0,372.0,User19,,
1490267237332,Mouse Moved,682.0,368.0,User19,,
1490267237335,Mouse Moved,675.0,363.0,User19,,
1490267237338,Mouse Moved,670.0,358.0,User19,,
1490267237339,Mouse Moved,666.0,355.0,User19,,
1490267237341,Mouse Moved,664.0,354.0,User19,,
1490267237342,Mouse Moved,661.0,352.0,User19,,
1490267237345,Mouse Moved,657.0,350.0,User19,,
1490267237348,Mouse Moved,647.0,340.0,User19,,
1490267237349,Mouse Moved,644.0,338.0,User19,,
1490267237351,Mouse Moved,641.0,336.0,User19,,
1490267237352,Mouse Moved,639.0,334.0,User19,,
1490267237355,Mouse Moved,637.0,332.0,User19,,
1490267237358,Mouse Moved,631.0,327.0,User19,,
1490267237359,Mouse Moved,629.0,326.0,User19,,
1490267237361,Mouse Moved,626.0,324.0,User19,,
1490267237362,Mouse Moved,624.0,322.0,User19,,
1490267237365,Mouse Moved,621.0,319.0,User19,,
1490267237368,Mouse Moved,617.0,315.0,User19,,
1490267237369,Mouse Moved,615.0,314.0,User19,,
1490267237371,Mouse Moved,612.0,312.0,User19,,
1490267237372,Mouse Moved,611.0,311.0,User19,,
1490267237375,Mouse Moved,609.0,308.0,User19,,
1490267237377,Mouse Moved,606.0,306.0,User19,,
1490267237378,Mouse Moved,604.0,305.0,User19,,
1490267237380,Mouse Moved,603.0,303.0,User19,,
1490267237381,Mouse Moved,600.0,302.0,User19,,
1490267237382,Mouse Moved,599.0,299.0,User19,,
1490267237384,Mouse Moved,597.0,297.0,User19,,
1490267237387,Mouse Moved,595.0,296.0,User19,,
1490267237388,Mouse Moved,593.0,294.0,User19,,
1490267237390,Mouse Moved,591.0,293.0,User19,,
1490267237391,Mouse Moved,589.0,290.0,User19,,
1490267237394,Mouse Moved,588.0,289.0,User19,,
1490267237397,Mouse Moved,585.0,285.0,User19,,
1490267237398,Mouse Moved,583.0,285.0,User19,,
1490267237400,Mouse Moved,582.0,283.0,User19,,
1490267237401,Mouse Moved,581.0,281.0,User19,,
1490267237404,Mouse Moved,579.0,279.0,User19,,
1490267237407,Mouse Moved,576.0,277.0,User19,,
1490267237408,Mouse Moved,575.0,275.0,User19,,
1490267237410,Mouse Moved,573.0,274.0,User19,,
1490267237411,Mouse Moved,572.0,272.0,User19,,
1490267237414,Mouse Moved,571.0,271.0,User19,,
1490267237415,Mouse Moved,560.0,259.0,User19,,
1490267237417,Mouse Moved,552.0,249.0,User19,,
1490267237418,Mouse Moved,548.0,245.0,User19,,
1490267237421,Mouse Moved,548.0,243.0,User19,,
1490267237423,Mouse Moved,549.0,243.0,User19,,
1490267237424,Mouse Moved,556.0,243.0,User19,,
1490267237426,Mouse Moved,568.0,245.0,User19,,
1490267237427,Mouse Moved,587.0,248.0,User19,,
1490267237428,Mouse Moved,612.0,253.0,User19,,
1490267237430,Mouse Moved,641.0,262.0,User19,,
1490267237433,Mouse Moved,674.0,272.0,User19,,
1490267237434,Mouse Moved,709.0,284.0,User19,,
1490267237444,Mouse Moved,751.0,296.0,User19,,
1490267237460,Mouse Moved,788.0,310.0,User19,,
1490267237474,Mouse Moved,820.0,322.0,User19,,
1490267237490,Mouse Moved,853.0,335.0,User19,,
1490267237505,Mouse Moved,876.0,344.0,User19,,
1490267237519,Mouse Moved,906.0,353.0,User19,,
1490267237535,Mouse Moved,956.0,367.0,User19,,
1490267237549,Mouse Moved,1036.0,388.0,User19,,
1490267237565,Mouse Moved,1129.0,411.0,User19,,
1490267237581,Mouse Moved,1220.0,433.0,User19,,
1490267237595,Mouse Moved,1285.0,446.0,User19,,
1490267237609,Mouse Moved,1289.0,446.0,User19,,
1490267237611,Mouse Moved,1293.0,447.0,User19,,
1490267237614,Mouse Moved,1297.0,448.0,User19,,
1490267237615,Mouse Moved,1300.0,449.0,User19,,
1490267237617,Mouse Moved,1303.0,450.0,User19,,
1490267237618,Mouse Moved,1307.0,450.0,User19,,
1490267237621,Mouse Moved,1310.0,450.0,User19,,
1490267237624,Mouse Moved,1316.0,451.0,User19,,
1490267237625,Mouse Moved,1318.0,452.0,User19,,
1490267237627,Mouse Moved,1322.0,453.0,User19,,
1490267237628,Mouse Moved,1323.0,453.0,User19,,
1490267237630,Mouse Moved,1327.0,454.0,User19,,
1490267237631,Mouse Moved,1332.0,454.0,User19,,
1490267237634,Mouse Moved,1334.0,454.0,User19,,
1490267237637,Mouse Moved,1340.0,455.0,User19,,
1490267237638,Mouse Moved,1342.0,456.0,User19,,
1490267237640,Mouse Moved,1345.0,456.0,User19,,
1490267237641,Mouse Moved,1347.0,457.0,User19,,
1490267237644,Mouse Moved,1350.0,457.0,User19,,
1490267237647,Mouse Moved,1356.0,457.0,User19,,
1490267237648,Mouse Moved,1359.0,457.0,User19,,
1490267237650,Mouse Moved,1360.0,458.0,User19,,
1490267237651,Mouse Moved,1363.0,458.0,User19,,
1490267237654,Mouse Moved,1365.0,459.0,User19,,
1490267237657,Mouse Moved,1369.0,459.0,User19,,
1490267237658,Mouse Moved,1372.0,460.0,User19,,
1490267237660,Mouse Moved,1374.0,460.0,User19,,
1490267237661,Mouse Moved,1376.0,460.0,User19,,
1490267237664,Mouse Moved,1377.0,460.0,User19,,
1490267237667,Mouse Moved,1381.0,460.0,User19,,
1490267237668,Mouse Moved,1383.0,460.0,User19,,
1490267237671,Mouse Moved,1385.0,460.0,User19,,
1490267237674,Mouse Moved,1388.0,460.0,User19,,
1490267237676,Mouse Moved,1390.0,460.0,User19,,
1490267237677,Mouse Moved,1391.0,461.0,User19,,
1490267237678,Mouse Moved,1392.0,461.0,User19,,
1490267237680,Mouse Moved,1394.0,461.0,User19,,
1490267237683,Mouse Moved,1395.0,461.0,User19,,
1490267237684,Mouse Moved,1396.0,461.0,User19,,
1490267237686,Mouse Moved,1397.0,461.0,User19,,
1490267237687,Mouse Moved,1399.0,461.0,User19,,
1490267237690,Mouse Moved,1400.0,461.0,User19,,
1490267237693,Mouse Moved,1402.0,461.0,User19,,
1490267237694,Mouse Moved,1404.0,461.0,User19,,
1490267237696,Mouse Moved,1405.0,461.0,User19,,
1490267237697,Mouse Moved,1407.0,461.0,User19,,
1490267237700,Mouse Moved,1408.0,461.0,User19,,
1490267237703,Mouse Moved,1410.0,461.0,User19,,
1490267237704,Mouse Moved,1411.0,461.0,User19,,
1490267237707,Mouse Moved,1412.0,461.0,User19,,
1490267237710,Mouse Moved,1414.0,461.0,User19,,
1490267237713,Mouse Moved,1416.0,461.0,User19,,
1490267237730,Mouse Moved,1415.0,461.0,User19,,
1490267237744,Mouse Moved,1414.0,461.0,User19,,
1490267237746,Mouse Moved,1413.0,461.0,User19,,
1490267237749,Mouse Moved,1412.0,461.0,User19,,
1490267237760,Mouse Moved,1411.0,461.0,User19,,
1490267237762,Mouse Moved,1410.0,461.0,User19,,
1490267237763,Mouse Moved,1409.0,461.0,User19,,
1490267237765,Mouse Moved,1409.0,460.0,User19,,
1490267237766,Mouse Moved,1408.0,460.0,User19,,
1490267237775,Mouse Moved,1407.0,460.0,User19,,
1490267237776,Mouse Moved,1406.0,460.0,User19,,
1490267237779,Mouse Moved,1405.0,460.0,User19,,
1490267237782,Mouse Moved,1403.0,460.0,User19,,
1490267237789,Mouse Moved,1402.0,460.0,User19,,
1490267237792,Mouse Moved,1401.0,459.0,User19,,
1490267237793,Mouse Moved,1400.0,459.0,User19,,
1490267237796,Mouse Moved,1399.0,459.0,User19,,
1490267237798,Mouse Moved,1398.0,459.0,User19,,
1490267237799,Mouse Moved,1397.0,459.0,User19,,
1490267237801,Mouse Moved,1397.0,458.0,User19,,
1490267237802,Mouse Moved,1396.0,458.0,User19,,
1490267237805,Mouse Moved,1395.0,458.0,User19,,
1490267237806,Mouse Moved,1395.0,457.0,User19,,
1490267237809,Mouse Moved,1394.0,457.0,User19,,
1490267237812,Mouse Moved,1392.0,457.0,User19,,
1490267237813,Mouse Moved,1391.0,457.0,User19,,
1490267237815,Mouse Moved,1390.0,457.0,User19,,
1490267237816,Mouse Moved,1390.0,456.0,User19,,
1490267237818,Mouse Moved,1389.0,456.0,User19,,
1490267237821,Mouse Moved,1388.0,456.0,User19,,
1490267237822,Mouse Moved,1387.0,456.0,User19,,
1490267237823,Mouse Moved,1386.0,456.0,User19,,
1490267237825,Mouse Moved,1385.0,456.0,User19,,
1490267237826,Mouse Moved,1384.0,456.0,User19,,
1490267237828,Mouse Moved,1383.0,456.0,User19,,
1490267237829,Mouse Moved,1382.0,456.0,User19,,
1490267237832,Mouse Moved,1381.0,456.0,User19,,
1490267237834,Mouse Moved,1380.0,455.0,User19,,
1490267237835,Mouse Moved,1379.0,455.0,User19,,
1490267237836,Mouse Moved,1378.0,455.0,User19,,
1490267237838,Mouse Moved,1377.0,455.0,User19,,
1490267237839,Mouse Moved,1376.0,455.0,User19,,
1490267237842,Mouse Moved,1375.0,455.0,User19,,
1490267237845,Mouse Moved,1374.0,454.0,User19,,
1490267237846,Mouse Moved,1372.0,454.0,User19,,
1490267237848,Mouse Moved,1371.0,453.0,User19,,
1490267237849,Mouse Moved,1370.0,453.0,User19,,
1490267237851,Mouse Moved,1368.0,453.0,User19,,
1490267237852,Mouse Moved,1367.0,453.0,User19,,
1490267237855,Mouse Moved,1366.0,453.0,User19,,
1490267237858,Mouse Moved,1364.0,452.0,User19,,
1490267237859,Mouse Moved,1362.0,451.0,User19,,
1490267237861,Mouse Moved,1361.0,451.0,User19,,
1490267237862,Mouse Moved,1360.0,451.0,User19,,
1490267237865,Mouse Moved,1359.0,451.0,User19,,
1490267237868,Mouse Moved,1357.0,450.0,User19,,
1490267237869,Mouse Moved,1356.0,450.0,User19,,
1490267237871,Mouse Moved,1355.0,449.0,User19,,
1490267237872,Mouse Moved,1353.0,449.0,User19,,
1490267237875,Mouse Moved,1352.0,449.0,User19,,
1490267237878,Mouse Moved,1350.0,449.0,User19,,
1490267237880,Mouse Moved,1349.0,449.0,User19,,
1490267237881,Mouse Moved,1347.0,448.0,User19,,
1490267237882,Mouse Moved,1347.0,447.0,User19,,
1490267237884,Mouse Moved,1346.0,447.0,User19,,
1490267237885,Mouse Moved,1345.0,447.0,User19,,
1490267237888,Mouse Moved,1343.0,447.0,User19,,
1490267237890,Mouse Moved,1341.0,445.0,User19,,
1490267237891,Mouse Moved,1340.0,445.0,User19,,
1490267237892,Mouse Moved,1338.0,445.0,User19,,
1490267237894,Mouse Moved,1337.0,444.0,User19,,
1490267237895,Mouse Moved,1336.0,444.0,User19,,
1490267237898,Mouse Moved,1335.0,443.0,User19,,
1490267237900,Mouse Moved,1333.0,443.0,User19,,
1490267237901,Mouse Moved,1332.0,443.0,User19,,
1490267237903,Mouse Moved,1331.0,442.0,User19,,
1490267237904,Mouse Moved,1330.0,442.0,User19,,
1490267237905,Mouse Moved,1328.0,442.0,User19,,
1490267237907,Mouse Moved,1327.0,441.0,User19,,
1490267237910,Mouse Moved,1326.0,441.0,User19,,
1490267237911,Mouse Moved,1325.0,440.0,User19,,
1490267237913,Mouse Moved,1324.0,440.0,User19,,
1490267237914,Mouse Moved,1323.0,440.0,User19,,
1490267237917,Mouse Moved,1321.0,440.0,User19,,
1490267237920,Mouse Moved,1319.0,439.0,User19,,
1490267237921,Mouse Moved,1318.0,438.0,User19,,
1490267237923,Mouse Moved,1316.0,438.0,User19,,
1490267237924,Mouse Moved,1315.0,437.0,User19,,
1490267237927,Mouse Moved,1314.0,437.0,User19,,
1490267237930,Mouse Moved,1312.0,437.0,User19,,
1490267237931,Mouse Moved,1311.0,436.0,User19,,
1490267237933,Mouse Moved,1310.0,436.0,User19,,
1490267237934,Mouse Moved,1309.0,435.0,User19,,
1490267237937,Mouse Moved,1307.0,435.0,User19,,
1490267237940,Mouse Moved,1291.0,429.0,User19,,
1490267237941,Mouse Moved,1275.0,425.0,User19,,
1490267237943,Mouse Moved,1263.0,422.0,User19,,
1490267237954,Mouse Moved,1255.0,420.0,User19,,
1490267237970,Mouse Moved,1254.0,419.0,User19,,
1490267237971,Mouse Moved,1253.0,419.0,User19,,
1490267237989,Mouse Moved,1252.0,419.0,User19,,
1490267238042,Mouse Moved,1252.0,419.0,User19,,
1490267238043,Mouse Button.left Pressed,1252.0,419.0,User19,,
1490267238121,Mouse Moved,1252.0,419.0,User19,,
1490267238122,Mouse Button.left Released,1252.0,419.0,User19,,
1490267241615,Mouse Moved,1252.0,418.0,User19,,
1490267241630,Mouse Moved,1251.0,418.0,User19,,
1490267241631,Mouse Moved,1251.0,417.0,User19,,
1490267241634,Mouse Moved,1250.0,417.0,User19,,
1490267241637,Mouse Moved,1249.0,416.0,User19,,
1490267241644,Mouse Moved,1248.0,416.0,User19,,
1490267241648,Mouse Moved,1247.0,415.0,User19,,
1490267241650,Mouse Moved,1246.0,415.0,User19,,
1490267241651,Mouse Moved,1245.0,415.0,User19,,
1490267241653,Mouse Moved,1244.0,415.0,User19,,
1490267241654,Mouse Moved,1243.0,415.0,User19,,
1490267241657,Mouse Moved,1242.0,415.0,User19,,
1490267241660,Mouse Moved,1241.0,414.0,User19,,
1490267241661,Mouse Moved,1240.0,414.0,User19,,
1490267241664,Mouse Moved,1239.0,414.0,User19,,
1490267241667,Mouse Moved,1237.0,414.0,User19,,
1490267241670,Mouse Moved,1235.0,414.0,User19,,
1490267241671,Mouse Moved,1233.0,413.0,User19,,
1490267241673,Mouse Moved,1232.0,412.0,User19,,
1490267241674,Mouse Moved,1230.0,412.0,User19,,
1490267241677,Mouse Moved,1228.0,411.0,User19,,
1490267241678,Mouse Moved,1225.0,411.0,User19,,
1490267241680,Mouse Moved,1224.0,411.0,User19,,
1490267241681,Mouse Moved,1221.0,411.0,User19,,
1490267241684,Mouse Moved,1218.0,410.0,User19,,
1490267241687,Mouse Moved,1213.0,408.0,User19,,
1490267241690,Mouse Moved,1205.0,408.0,User19,,
1490267241691,Mouse Moved,1201.0,407.0,User19,,
1490267241693,Mouse Moved,1197.0,407.0,User19,,
1490267241694,Mouse Moved,1191.0,406.0,User19,,
1490267241697,Mouse Moved,1186.0,405.0,User19,,
1490267241700,Mouse Moved,1177.0,403.0,User19,,
1490267241701,Mouse Moved,1172.0,402.0,User19,,
1490267241703,Mouse Moved,1166.0,401.0,User19,,
1490267241704,Mouse Moved,1159.0,400.0,User19,,
1490267241706,Mouse Moved,1151.0,399.0,User19,,
1490267241707,Mouse Moved,1145.0,398.0,User19,,
1490267241710,Mouse Moved,1137.0,397.0,User19,,
1490267241711,Mouse Moved,1130.0,396.0,User19,,
1490267241713,Mouse Moved,1122.0,394.0,User19,,
1490267241714,Mouse Moved,1112.0,393.0,User19,,
1490267241716,Mouse Moved,1107.0,392.0,User19,,
1490267241717,Mouse Moved,1099.0,391.0,User19,,
1490267241720,Mouse Moved,1089.0,389.0,User19,,
1490267241723,Mouse Moved,1072.0,387.0,User19,,
1490267241724,Mouse Moved,1065.0,385.0,User19,,
1490267241726,Mouse Moved,1056.0,384.0,User19,,
1490267241727,Mouse Moved,1046.0,382.0,User19,,
1490267241730,Mouse Moved,1039.0,381.0,User19,,
1490267241733,Mouse Moved,1028.0,379.0,User19,,
1490267241736,Mouse Moved,1010.0,377.0,User19,,
1490267241737,Mouse Moved,1003.0,376.0,User19,,
1490267241739,Mouse Moved,993.0,373.0,User19,,
1490267241740,Mouse Moved,983.0,371.0,User19,,
1490267241743,Mouse Moved,975.0,370.0,User19,,
1490267241746,Mouse Moved,953.0,367.0,User19,,
1490267241747,Mouse Moved,945.0,365.0,User19,,
1490267241750,Mouse Moved,934.0,364.0,User19,,
1490267241753,Mouse Moved,915.0,362.0,User19,,
1490267241756,Mouse Moved,895.0,358.0,User19,,
1490267241757,Mouse Moved,884.0,356.0,User19,,
1490267241759,Mouse Moved,876.0,355.0,User19,,
1490267241760,Mouse Moved,714.0,333.0,User19,,
1490267241763,Mouse Moved,548.0,318.0,User19,,
1490267241765,Mouse Moved,431.0,306.0,User19,,
1490267241766,Mouse Moved,358.0,303.0,User19,,
1490267241782,Mouse Moved,319.0,302.0,User19,,
1490267241795,Mouse Moved,318.0,302.0,User19,,
1490267241796,Mouse Moved,317.0,302.0,User19,,
1490267241799,Mouse Moved,315.0,302.0,User19,,
1490267241801,Mouse Moved,313.0,302.0,User19,,
1490267241802,Mouse Moved,311.0,302.0,User19,,
1490267241803,Mouse Moved,310.0,302.0,User19,,
1490267241805,Mouse Moved,309.0,302.0,User19,,
1490267241808,Mouse Moved,308.0,302.0,User19,,
1490267241809,Mouse Moved,307.0,302.0,User19,,
1490267241812,Mouse Moved,306.0,302.0,User19,,
1490267241813,Mouse Moved,305.0,302.0,User19,,
1490267241825,Mouse Moved,302.0,302.0,User19,,
1490267241885,Mouse Moved,303.0,302.0,User19,,
1490267241888,Mouse Moved,304.0,302.0,User19,,
1490267241901,Mouse Moved,305.0,302.0,User19,,
1490267241903,Mouse Moved,305.0,301.0,User19,,
1490267241904,Mouse Moved,306.0,301.0,User19,,
1490267241905,Mouse Moved,307.0,301.0,User19,,
1490267241915,Mouse Moved,308.0,301.0,User19,,
1490267241918,Mouse Moved,308.0,300.0,User19,,
1490267241921,Mouse Moved,309.0,300.0,User19,,
1490267241930,Mouse Moved,310.0,300.0,User19,,
1490267241931,Mouse Moved,311.0,300.0,User19,,
1490267241934,Mouse Moved,311.0,299.0,User19,,
1490267241936,Mouse Moved,312.0,299.0,User19,,
1490267241937,Mouse Moved,312.0,298.0,User19,,
1490267241946,Mouse Moved,313.0,298.0,User19,,
1490267241947,Mouse Moved,314.0,298.0,User19,,
1490267241948,Mouse Moved,315.0,297.0,User19,,
1490267241960,Mouse Moved,316.0,297.0,User19,,
1490267241961,Mouse Moved,317.0,297.0,User19,,
1490267241963,Mouse Moved,318.0,297.0,User19,,
1490267241966,Mouse Moved,319.0,297.0,User19,,
1490267241974,Mouse Moved,320.0,297.0,User19,,
1490267241976,Mouse Moved,320.0,296.0,User19,,
1490267241979,Mouse Moved,321.0,296.0,User19,,
1490267241980,Mouse Moved,322.0,296.0,User19,,
1490267241982,Mouse Moved,323.0,296.0,User19,,
1490267241990,Mouse Moved,324.0,296.0,User19,,
1490267241992,Mouse Moved,325.0,296.0,User19,,
1490267241993,Mouse Moved,326.0,296.0,User19,,
1490267241996,Mouse Moved,327.0,296.0,User19,,
1490267242005,Mouse Moved,327.0,295.0,User19,,
1490267242006,Mouse Moved,328.0,295.0,User19,,
1490267242009,Mouse Moved,329.0,295.0,User19,,
1490267242010,Mouse Moved,330.0,295.0,User19,,
1490267242019,Mouse Moved,331.0,295.0,User19,,
1490267242022,Mouse Moved,332.0,295.0,User19,,
1490267242023,Mouse Moved,332.0,294.0,User19,,
1490267242026,Mouse Moved,333.0,294.0,User19,,
1490267242028,Mouse Moved,334.0,293.0,User19,,
1490267242035,Mouse Moved,335.0,293.0,User19,,
1490267242036,Mouse Moved,336.0,293.0,User19,,
1490267242039,Mouse Moved,337.0,293.0,User19,,
1490267242042,Mouse Moved,338.0,292.0,User19,,
1490267242049,Mouse Moved,339.0,292.0,User19,,
1490267242052,Mouse Moved,340.0,291.0,User19,,
1490267242053,Mouse Moved,341.0,291.0,User19,,
1490267242055,Mouse Moved,342.0,291.0,User19,,
1490267242065,Mouse Moved,343.0,290.0,User19,,
1490267242066,Mouse Moved,344.0,290.0,User19,,
1490267242069,Mouse Moved,345.0,290.0,User19,,
1490267242071,Mouse Moved,345.0,289.0,User19,,
1490267242072,Mouse Moved,346.0,289.0,User19,,
1490267242079,Mouse Moved,347.0,289.0,User19,,
1490267242082,Mouse Moved,348.0,289.0,User19,,
1490267242084,Mouse Moved,349.0,289.0,User19,,
1490267242085,Mouse Moved,350.0,288.0,User19,,
1490267242095,Mouse Moved,351.0,288.0,User19,,
1490267242096,Mouse Moved,352.0,288.0,User19,,
1490267242098,Mouse Moved,353.0,288.0,User19,,
1490267242101,Mouse Moved,354.0,288.0,User19,,
1490267242111,Mouse Moved,356.0,288.0,User19,,
1490267242112,Mouse Moved,357.0,288.0,User19,,
1490267242115,Mouse Moved,358.0,288.0,User19,,
1490267242118,Mouse Moved,360.0,288.0,User19,,
1490267242121,Mouse Moved,362.0,287.0,User19,,
1490267242127,Mouse Moved,363.0,287.0,User19,,
1490267242128,Mouse Moved,364.0,287.0,User19,,
1490267242130,Mouse Moved,365.0,287.0,User19,,
1490267242131,Mouse Moved,366.0,287.0,User19,,
1490267242134,Mouse Moved,367.0,287.0,User19,,
1490267242137,Mouse Moved,369.0,287.0,User19,,
1490267242138,Mouse Moved,370.0,287.0,User19,,
1490267242141,Mouse Moved,371.0,287.0,User19,,
1490267242142,Mouse Moved,372.0,287.0,User19,,
1490267242144,Mouse Moved,373.0,287.0,User19,,
1490267242145,Mouse Moved,374.0,287.0,User19,,
1490267242147,Mouse Moved,375.0,287.0,User19,,
1490267242148,Mouse Moved,376.0,287.0,User19,,
1490267242150,Mouse Moved,377.0,287.0,User19,,
1490267242155,Mouse Moved,379.0,287.0,User19,,
1490267242157,Mouse Moved,380.0,287.0,User19,,
1490267242158,Mouse Moved,381.0,287.0,User19,,
1490267242161,Mouse Moved,382.0,287.0,User19,,
1490267242164,Mouse Moved,384.0,287.0,User19,,
1490267242167,Mouse Moved,385.0,287.0,User19,,
1490267242170,Mouse Moved,386.0,286.0,User19,,
1490267242171,Mouse Moved,387.0,286.0,User19,,
1490267242173,Mouse Moved,388.0,286.0,User19,,
1490267242174,Mouse Moved,389.0,286.0,User19,,
1490267242176,Mouse Moved,390.0,286.0,User19,,
1490267242177,Mouse Moved,392.0,286.0,User19,,
1490267242180,Mouse Moved,402.0,286.0,User19,,
1490267242186,Mouse Moved,424.0,289.0,User19,,
1490267242200,Mouse Moved,452.0,296.0,User19,,
1490267242214,Mouse Moved,454.0,296.0,User19,,
1490267242217,Mouse Moved,456.0,297.0,User19,,
1490267242220,Mouse Moved,459.0,298.0,User19,,
1490267242221,Mouse Moved,461.0,299.0,User19,,
1490267242223,Mouse Moved,463.0,299.0,User19,,
1490267242224,Mouse Moved,465.0,300.0,User19,,
1490267242226,Mouse Moved,467.0,301.0,User19,,
1490267242227,Mouse Moved,470.0,301.0,User19,,
1490267242230,Mouse Moved,472.0,302.0,User19,,
1490267242232,Mouse Moved,474.0,304.0,User19,,
1490267242233,Mouse Moved,476.0,304.0,User19,,
1490267242234,Mouse Moved,478.0,304.0,User19,,
1490267242236,Mouse Moved,481.0,305.0,User19,,
1490267242239,Mouse Moved,482.0,306.0,User19,,
1490267242240,Mouse Moved,485.0,307.0,User19,,
1490267242242,Mouse Moved,487.0,308.0,User19,,
1490267242243,Mouse Moved,489.0,309.0,User19,,
1490267242244,Mouse Moved,491.0,310.0,User19,,
1490267242246,Mouse Moved,493.0,310.0,User19,,
1490267242249,Mouse Moved,495.0,311.0,User19,,
1490267242250,Mouse Moved,497.0,312.0,User19,,
1490267242252,Mouse Moved,499.0,313.0,User19,,
1490267242253,Mouse Moved,501.0,314.0,User19,,
1490267242256,Mouse Moved,502.0,315.0,User19,,
1490267242257,Mouse Moved,505.0,315.0,User19,,
1490267242259,Mouse Moved,506.0,316.0,User19,,
1490267242260,Mouse Moved,508.0,318.0,User19,,
1490267242262,Mouse Moved,510.0,318.0,User19,,
1490267242263,Mouse Moved,512.0,319.0,User19,,
1490267242266,Mouse Moved,514.0,320.0,User19,,
1490267242267,Mouse Moved,515.0,320.0,User19,,
1490267242269,Mouse Moved,518.0,321.0,User19,,
1490267242270,Mouse Moved,519.0,322.0,User19,,
1490267242273,Mouse Moved,521.0,323.0,User19,,
1490267242276,Mouse Moved,524.0,325.0,User19,,
1490267242278,Mouse Moved,526.0,325.0,User19,,
1490267242279,Mouse Moved,528.0,326.0,User19,,
1490267242280,Mouse Moved,530.0,327.0,User19,,
1490267242282,Mouse Moved,532.0,327.0,User19,,
1490267242285,Mouse Moved,533.0,328.0,User19,,
1490267242286,Mouse Moved,535.0,329.0,User19,,
1490267242288,Mouse Moved,538.0,330.0,User19,,
1490267242289,Mouse Moved,540.0,332.0,User19,,
1490267242290,Mouse Moved,542.0,332.0,User19,,
1490267242292,Mouse Moved,544.0,333.0,User19,,
1490267242293,Mouse Moved,546.0,334.0,User19,,
1490267242296,Mouse Moved,547.0,334.0,User19,,
1490267242299,Mouse Moved,552.0,337.0,User19,,
1490267242301,Mouse Moved,553.0,337.0,User19,,
1490267242302,Mouse Moved,555.0,338.0,User19,,
1490267242303,Mouse Moved,558.0,339.0,User19,,
1490267242305,Mouse Moved,560.0,339.0,User19,,
1490267242306,Mouse Moved,562.0,340.0,User19,,
1490267242309,Mouse Moved,570.0,345.0,User19,,
1490267242312,Mouse Moved,648.0,380.0,User19,,
1490267242313,Mouse Moved,687.0,398.0,User19,,
1490267242319,Mouse Moved,718.0,416.0,User19,,
1490267242335,Mouse Moved,744.0,430.0,User19,,
1490267242349,Mouse Moved,746.0,431.0,User19,,
1490267242351,Mouse Moved,747.0,431.0,User19,,
1490267242354,Mouse Moved,748.0,432.0,User19,,
1490267242355,Mouse Moved,750.0,433.0,User19,,
1490267242357,Mouse Moved,751.0,434.0,User19,,
1490267242358,Mouse Moved,753.0,435.0,User19,,
1490267242361,Mouse Moved,754.0,436.0,User19,,
1490267242364,Mouse Moved,756.0,437.0,User19,,
1490267242365,Mouse Moved,757.0,438.0,User19,,
1490267242367,Mouse Moved,758.0,438.0,User19,,
1490267242368,Mouse Moved,759.0,439.0,User19,,
1490267242369,Mouse Moved,760.0,440.0,User19,,
1490267242371,Mouse Moved,761.0,440.0,User19,,
1490267242372,Mouse Moved,762.0,441.0,User19,,
1490267242375,Mouse Moved,763.0,441.0,User19,,
1490267242377,Mouse Moved,763.0,442.0,User19,,
1490267242378,Mouse Moved,764.0,443.0,User19,,
1490267242380,Mouse Moved,765.0,443.0,User19,,
1490267242382,Mouse Moved,766.0,444.0,User19,,
1490267242384,Mouse Moved,767.0,444.0,User19,,
1490267242385,Mouse Moved,767.0,445.0,User19,,
1490267242388,Mouse Moved,768.0,445.0,User19,,
1490267242390,Mouse Moved,769.0,445.0,User19,,
1490267242391,Mouse Moved,770.0,446.0,User19,,
1490267242392,Mouse Moved,771.0,446.0,User19,,
1490267242394,Mouse Moved,772.0,447.0,User19,,
1490267242395,Mouse Moved,772.0,448.0,User19,,
1490267242398,Mouse Moved,773.0,448.0,User19,,
1490267242401,Mouse Moved,774.0,449.0,User19,,
1490267242404,Mouse Moved,775.0,449.0,User19,,
1490267242407,Mouse Moved,776.0,450.0,User19,,
1490267242408,Mouse Moved,777.0,450.0,User19,,
1490267242411,Mouse Moved,778.0,451.0,User19,,
1490267242413,Mouse Moved,778.0,452.0,User19,,
1490267242414,Mouse Moved,779.0,452.0,User19,,
1490267242415,Mouse Moved,780.0,452.0,User19,,
1490267242417,Mouse Moved,780.0,453.0,User19,,
1490267242420,Mouse Moved,781.0,453.0,User19,,
1490267242421,Mouse Moved,782.0,453.0,User19,,
1490267242423,Mouse Moved,782.0,454.0,User19,,
1490267242424,Mouse Moved,783.0,454.0,User19,,
1490267242427,Mouse Moved,784.0,455.0,User19,,
1490267242428,Mouse Moved,784.0,456.0,User19,,
1490267242430,Mouse Moved,785.0,456.0,User19,,
1490267242431,Mouse Moved,785.0,457.0,User19,,
1490267242470,Mouse Moved,784.0,457.0,User19,,
1490267242471,Mouse Moved,784.0,458.0,User19,,
1490267242486,Mouse Moved,783.0,458.0,User19,,
1490267242500,Mouse Moved,782.0,459.0,User19,,
1490267242502,Mouse Moved,781.0,459.0,User19,,
1490267242503,Mouse Moved,781.0,460.0,User19,,
1490267242516,Mouse Moved,780.0,460.0,User19,,
1490267242530,Mouse Moved,778.0,461.0,User19,,
1490267242532,Mouse Moved,777.0,461.0,User19,,
1490267242533,Mouse Moved,777.0,462.0,User19,,
1490267242536,Mouse Moved,776.0,462.0,User19,,
1490267242546,Mouse Moved,771.0,463.0,User19,,
1490267242559,Mouse Moved,767.0,464.0,User19,,
1490267242575,Mouse Moved,766.0,464.0,User19,,
1490267242578,Mouse Moved,764.0,464.0,User19,,
1490267242579,Mouse Moved,763.0,464.0,User19,,
1490267242582,Mouse Moved,762.0,464.0,User19,,
1490267242589,Mouse Moved,760.0,464.0,User19,,
1490267242592,Mouse Moved,759.0,464.0,User19,,
1490267242594,Mouse Moved,758.0,464.0,User19,,
1490267242595,Mouse Moved,757.0,464.0,User19,,
1490267242596,Mouse Moved,756.0,464.0,User19,,
1490267242598,Mouse Moved,755.0,464.0,User19,,
1490267242599,Mouse Moved,754.0,464.0,User19,,
1490267242605,Mouse Moved,753.0,464.0,User19,,
1490267242607,Mouse Moved,752.0,464.0,User19,,
1490267242608,Mouse Moved,751.0,464.0,User19,,
1490267242609,Mouse Moved,750.0,464.0,User19,,
1490267242611,Mouse Moved,749.0,464.0,User19,,
1490267242614,Mouse Moved,748.0,464.0,User19,,
1490267242615,Mouse Moved,747.0,464.0,User19,,
1490267242619,Mouse Moved,746.0,464.0,User19,,
1490267242621,Mouse Moved,745.0,464.0,User19,,
1490267242624,Mouse Moved,744.0,464.0,User19,,
1490267242625,Mouse Moved,743.0,464.0,User19,,
1490267242627,Mouse Moved,742.0,464.0,User19,,
1490267242634,Mouse Moved,741.0,464.0,User19,,
1490267242637,Mouse Moved,740.0,464.0,User19,,
1490267242638,Mouse Moved,739.0,464.0,User19,,
1490267242641,Mouse Moved,738.0,464.0,User19,,
1490267242650,Mouse Moved,737.0,464.0,User19,,
1490267242651,Mouse Moved,736.0,464.0,User19,,
1490267242664,Mouse Moved,735.0,464.0,User19,,
1490267242667,Mouse Moved,735.0,463.0,User19,,
1490267242668,Mouse Moved,734.0,463.0,User19,,
1490267242680,Mouse Moved,733.0,463.0,User19,,
1490267242681,Mouse Moved,733.0,462.0,User19,,
1490267242696,Mouse Moved,732.0,462.0,User19,,
1490267242727,Mouse Moved,732.0,461.0,User19,,
1490267242815,Mouse Moved,732.0,460.0,User19,,
1490267242980,Mouse Moved,732.0,459.0,User19,,
1490267242994,Mouse Moved,733.0,459.0,User19,,
1490267243063,Mouse Moved,733.0,459.0,User19,,
1490267243065,Mouse Button.left Pressed,733.0,459.0,User19,,
1490267243108,Mouse Moved,733.0,459.0,User19,,
1490267243109,Mouse Button.left Released,733.0,459.0,User19,,
1490267243339,Mouse Moved,733.0,458.0,User19,,
1490267243401,Mouse Moved,732.0,458.0,User19,,
1490267243404,Mouse Moved,732.0,457.0,User19,,
1490267243407,Mouse Moved,731.0,457.0,User19,,
1490267243414,Mouse Moved,730.0,457.0,User19,,
1490267243417,Mouse Moved,729.0,457.0,User19,,
1490267243430,Mouse Moved,728.0,456.0,User19,,
1490267243433,Mouse Moved,728.0,455.0,User19,,
1490267243434,Mouse Moved,727.0,455.0,User19,,
1490267243437,Mouse Moved,726.0,455.0,User19,,
1490267243440,Mouse Moved,725.0,454.0,User19,,
1490267243444,Mouse Moved,724.0,454.0,User19,,
1490267243446,Mouse Moved,724.0,453.0,User19,,
1490267243447,Mouse Moved,723.0,453.0,User19,,
1490267243448,Mouse Moved,723.0,452.0,User19,,
1490267243460,Mouse Moved,722.0,452.0,User19,,
1490267243463,Mouse Moved,722.0,451.0,User19,,
1490267243466,Mouse Moved,720.0,451.0,User19,,
1490267243467,Mouse Moved,720.0,450.0,User19,,
1490267243470,Mouse Moved,719.0,450.0,User19,,
1490267243476,Mouse Moved,719.0,449.0,User19,,
1490267243479,Mouse Moved,717.0,449.0,User19,,
1490267243490,Mouse Moved,717.0,448.0,User19,,
1490267243492,Mouse Moved,717.0,447.0,User19,,
1490267243493,Mouse Moved,716.0,447.0,User19,,
1490267243494,Mouse Moved,715.0,447.0,User19,,
1490267243505,Mouse Moved,715.0,446.0,User19,,
1490267243506,Mouse Moved,714.0,445.0,User19,,
1490267243509,Mouse Moved,713.0,444.0,User19,,
1490267243519,Mouse Moved,712.0,442.0,User19,,
1490267243522,Mouse Moved,711.0,442.0,User19,,
1490267243523,Mouse Moved,711.0,441.0,User19,,
1490267243526,Mouse Moved,710.0,440.0,User19,,
1490267243529,Mouse Moved,709.0,439.0,User19,,
1490267243530,Mouse Moved,709.0,438.0,User19,,
1490267243532,Mouse Moved,708.0,437.0,User19,,
1490267243533,Mouse Moved,707.0,436.0,User19,,
1490267243536,Mouse Moved,706.0,435.0,User19,,
1490267243539,Mouse Moved,706.0,433.0,User19,,
1490267243540,Mouse Moved,705.0,433.0,User19,,
1490267243542,Mouse Moved,705.0,432.0,User19,,
1490267243543,Mouse Moved,704.0,431.0,User19,,
1490267243546,Mouse Moved,704.0,430.0,User19,,
1490267243549,Mouse Moved,702.0,427.0,User19,,
1490267243551,Mouse Moved,701.0,426.0,User19,,
1490267243552,Mouse Moved,700.0,424.0,User19,,
1490267243553,Mouse Moved,699.0,423.0,User19,,
1490267243555,Mouse Moved,698.0,422.0,User19,,
1490267243558,Mouse Moved,697.0,421.0,User19,,
1490267243559,Mouse Moved,697.0,420.0,User19,,
1490267243562,Mouse Moved,697.0,419.0,User19,,
1490267243563,Mouse Moved,696.0,418.0,User19,,
1490267243565,Mouse Moved,695.0,418.0,User19,,
1490267243566,Mouse Moved,694.0,416.0,User19,,
1490267243569,Mouse Moved,694.0,415.0,User19,,
1490267243572,Mouse Moved,691.0,412.0,User19,,
1490267243573,Mouse Moved,691.0,411.0,User19,,
1490267243575,Mouse Moved,690.0,409.0,User19,,
1490267243576,Mouse Moved,689.0,408.0,User19,,
1490267243578,Mouse Moved,689.0,407.0,User19,,
1490267243579,Mouse Moved,688.0,406.0,User19,,
1490267243582,Mouse Moved,686.0,405.0,User19,,
1490267243584,Mouse Moved,685.0,403.0,User19,,
1490267243585,Mouse Moved,684.0,402.0,User19,,
1490267243586,Mouse Moved,683.0,401.0,User19,,
1490267243588,Mouse Moved,681.0,400.0,User19,,
1490267243589,Mouse Moved,681.0,398.0,User19,,
1490267243592,Mouse Moved,680.0,396.0,User19,,
1490267243594,Mouse Moved,678.0,395.0,User19,,
1490267243595,Mouse Moved,678.0,393.0,User19,,
1490267243596,Mouse Moved,676.0,391.0,User19,,
1490267243598,Mouse Moved,673.0,388.0,User19,,
1490267243599,Mouse Moved,673.0,387.0,User19,,
1490267243601,Mouse Moved,671.0,384.0,User19,,
1490267243602,Mouse Moved,670.0,383.0,User19,,
1490267243605,Mouse Moved,668.0,381.0,User19,,
1490267243607,Mouse Moved,668.0,379.0,User19,,
1490267243608,Mouse Moved,666.0,376.0,User19,,
1490267243609,Mouse Moved,665.0,374.0,User19,,
1490267243611,Mouse Moved,663.0,371.0,User19,,
1490267243614,Mouse Moved,662.0,369.0,User19,,
1490267243615,Mouse Moved,660.0,366.0,User19,,
1490267243618,Mouse Moved,658.0,363.0,User19,,
1490267243621,Mouse Moved,655.0,357.0,User19,,
1490267243622,Mouse Moved,653.0,355.0,User19,,
1490267243624,Mouse Moved,651.0,353.0,User19,,
1490267243625,Mouse Moved,650.0,349.0,User19,,
1490267243628,Mouse Moved,648.0,346.0,User19,,
1490267243631,Mouse Moved,645.0,341.0,User19,,
1490267243632,Mouse Moved,644.0,339.0,User19,,
1490267243634,Mouse Moved,642.0,335.0,User19,,
1490267243635,Mouse Moved,639.0,332.0,User19,,
1490267243638,Mouse Moved,638.0,329.0,User19,,
1490267243641,Mouse Moved,635.0,323.0,User19,,
1490267243642,Mouse Moved,634.0,321.0,User19,,
1490267243644,Mouse Moved,631.0,317.0,User19,,
1490267243645,Mouse Moved,630.0,313.0,User19,,
1490267243648,Mouse Moved,628.0,310.0,User19,,
1490267243651,Mouse Moved,625.0,304.0,User19,,
1490267243653,Mouse Moved,623.0,299.0,User19,,
1490267243657,Mouse Moved,621.0,295.0,User19,,
1490267243660,Mouse Moved,620.0,292.0,User19,,
1490267243661,Mouse Moved,618.0,288.0,User19,,
1490267243663,Mouse Moved,616.0,285.0,User19,,
1490267243664,Mouse Moved,616.0,282.0,User19,,
1490267243665,Mouse Moved,614.0,278.0,User19,,
1490267243667,Mouse Moved,612.0,275.0,User19,,
1490267243670,Mouse Moved,610.0,270.0,User19,,
1490267243671,Mouse Moved,610.0,268.0,User19,,
1490267243673,Mouse Moved,608.0,264.0,User19,,
1490267243674,Mouse Moved,606.0,260.0,User19,,
1490267243676,Mouse Moved,605.0,256.0,User19,,
1490267243677,Mouse Moved,604.0,254.0,User19,,
1490267243680,Mouse Moved,603.0,249.0,User19,,
1490267243681,Mouse Moved,601.0,245.0,User19,,
1490267243683,Mouse Moved,600.0,242.0,User19,,
1490267243687,Mouse Moved,599.0,237.0,User19,,
1490267243688,Mouse Moved,597.0,234.0,User19,,
1490267243690,Mouse Moved,595.0,231.0,User19,,
1490267243693,Mouse Moved,595.0,228.0,User19,,
1490267243694,Mouse Moved,594.0,223.0,User19,,
1490267243696,Mouse Moved,592.0,220.0,User19,,
1490267243697,Mouse Moved,592.0,217.0,User19,,
1490267243700,Mouse Moved,590.0,214.0,User19,,
1490267243703,Mouse Moved,589.0,207.0,User19,,
1490267243704,Mouse Moved,588.0,203.0,User19,,
1490267243706,Mouse Moved,587.0,200.0,User19,,
1490267243707,Mouse Moved,586.0,196.0,User19,,
1490267243710,Mouse Moved,586.0,194.0,User19,,
1490267243711,Mouse Moved,585.0,189.0,User19,,
1490267243713,Mouse Moved,584.0,186.0,User19,,
1490267243716,Mouse Moved,583.0,183.0,User19,,
1490267243717,Mouse Moved,582.0,180.0,User19,,
1490267243719,Mouse Moved,581.0,177.0,User19,,
1490267243720,Mouse Moved,581.0,174.0,User19,,
1490267243723,Mouse Moved,580.0,170.0,User19,,
1490267243726,Mouse Moved,579.0,168.0,User19,,
1490267243727,Mouse Moved,579.0,164.0,User19,,
1490267243729,Mouse Moved,578.0,161.0,User19,,
1490267243730,Mouse Moved,578.0,159.0,User19,,
1490267243733,Mouse Moved,577.0,156.0,User19,,
1490267243736,Mouse Moved,575.0,150.0,User19,,
1490267243737,Mouse Moved,575.0,149.0,User19,,
1490267243739,Mouse Moved,575.0,146.0,User19,,
1490267243740,Mouse Moved,574.0,144.0,User19,,
1490267243743,Mouse Moved,573.0,141.0,User19,,
1490267243744,Mouse Moved,573.0,139.0,User19,,
1490267243746,Mouse Moved,572.0,136.0,User19,,
1490267243747,Mouse Moved,572.0,134.0,User19,,
1490267243750,Mouse Moved,571.0,132.0,User19,,
1490267243753,Mouse Moved,570.0,127.0,User19,,
1490267243755,Mouse Moved,570.0,125.0,User19,,
1490267243756,Mouse Moved,569.0,123.0,User19,,
1490267243757,Mouse Moved,569.0,121.0,User19,,
1490267243759,Mouse Moved,568.0,118.0,User19,,
1490267243762,Mouse Moved,567.0,117.0,User19,,
1490267243763,Mouse Moved,567.0,116.0,User19,,
1490267243765,Mouse Moved,566.0,114.0,User19,,
1490267243766,Mouse Moved,565.0,112.0,User19,,
1490267243767,Mouse Moved,565.0,110.0,User19,,
1490267243769,Mouse Moved,565.0,109.0,User19,,
1490267243770,Mouse Moved,564.0,107.0,User19,,
1490267243773,Mouse Moved,563.0,106.0,User19,,
1490267243776,Mouse Moved,563.0,105.0,User19,,
1490267243779,Mouse Moved,561.0,102.0,User19,,
1490267243780,Mouse Moved,561.0,101.0,User19,,
1490267243782,Mouse Moved,560.0,99.0,User19,,
1490267243783,Mouse Moved,560.0,98.0,User19,,
1490267243785,Mouse Moved,559.0,96.0,User19,,
1490267243786,Mouse Moved,558.0,95.0,User19,,
1490267243789,Mouse Moved,557.0,93.0,User19,,
1490267243792,Mouse Moved,556.0,91.0,User19,,
1490267243793,Mouse Moved,555.0,90.0,User19,,
1490267243795,Mouse Moved,555.0,89.0,User19,,
1490267243796,Mouse Moved,554.0,88.0,User19,,
1490267243799,Mouse Moved,553.0,87.0,User19,,
1490267243802,Mouse Moved,552.0,86.0,User19,,
1490267243803,Mouse Moved,552.0,85.0,User19,,
1490267243805,Mouse Moved,551.0,85.0,User19,,
1490267243806,Mouse Moved,551.0,84.0,User19,,
1490267243808,Mouse Moved,550.0,83.0,User19,,
1490267243809,Mouse Moved,550.0,82.0,User19,,
1490267243812,Mouse Moved,548.0,82.0,User19,,
1490267243815,Mouse Moved,547.0,80.0,User19,,
1490267243818,Mouse Moved,546.0,78.0,User19,,
1490267243819,Mouse Moved,545.0,78.0,User19,,
1490267243821,Mouse Moved,544.0,78.0,User19,,
1490267243822,Mouse Moved,544.0,77.0,User19,,
1490267243823,Mouse Moved,543.0,76.0,User19,,
1490267243825,Mouse Moved,543.0,75.0,User19,,
1490267243828,Mouse Moved,542.0,75.0,User19,,
1490267243829,Mouse Moved,542.0,74.0,User19,,
1490267243831,Mouse Moved,541.0,74.0,User19,,
1490267243832,Mouse Moved,541.0,73.0,User19,,
1490267243835,Mouse Moved,541.0,72.0,User19,,
1490267243838,Mouse Moved,541.0,70.0,User19,,
1490267243841,Mouse Moved,541.0,68.0,User19,,
1490267243842,Mouse Moved,541.0,67.0,User19,,
1490267243845,Mouse Moved,541.0,66.0,User19,,
1490267243848,Mouse Moved,541.0,64.0,User19,,
1490267243849,Mouse Moved,541.0,63.0,User19,,
1490267243851,Mouse Moved,541.0,62.0,User19,,
1490267243852,Mouse Moved,541.0,61.0,User19,,
1490267243854,Mouse Moved,541.0,60.0,User19,,
1490267243855,Mouse Moved,541.0,59.0,User19,,
1490267243857,Mouse Moved,541.0,58.0,User19,,
1490267243858,Mouse Moved,541.0,57.0,User19,,
1490267243861,Mouse Moved,541.0,56.0,User19,,
1490267243864,Mouse Moved,541.0,54.0,User19,,
1490267243865,Mouse Moved,541.0,53.0,User19,,
1490267243867,Mouse Moved,542.0,52.0,User19,,
1490267243868,Mouse Moved,542.0,51.0,User19,,
1490267243869,Mouse Moved,542.0,49.0,User19,,
1490267243871,Mouse Moved,542.0,48.0,User19,,
1490267243874,Mouse Moved,542.0,47.0,User19,,
1490267243875,Mouse Moved,542.0,46.0,User19,,
1490267243877,Mouse Moved,542.0,45.0,User19,,
1490267243878,Mouse Moved,542.0,44.0,User19,,
1490267243881,Mouse Moved,542.0,43.0,User19,,
1490267243884,Mouse Moved,542.0,41.0,User19,,
1490267243885,Mouse Moved,542.0,39.0,User19,,
1490267243888,Mouse Moved,542.0,38.0,User19,,
1490267243891,Mouse Moved,543.0,36.0,User19,,
1490267243894,Mouse Moved,543.0,33.0,User19,,
1490267243895,Mouse Moved,543.0,32.0,User19,,
1490267243897,Mouse Moved,543.0,31.0,User19,,
1490267243898,Mouse Moved,543.0,30.0,User19,,
1490267243901,Mouse Moved,543.0,29.0,User19,,
1490267243904,Mouse Moved,543.0,27.0,User19,,
1490267243907,Mouse Moved,543.0,24.0,User19,,
1490267243910,Mouse Moved,543.0,21.0,User19,,
1490267243911,Mouse Moved,543.0,21.0,User19,,
1490267243913,Mouse Moved,543.0,20.0,User19,,
1490267243914,Mouse Moved,543.0,19.0,User19,,
1490267243917,Mouse Moved,543.0,18.0,User19,,
1490267243920,Mouse Moved,543.0,16.0,User19,,
1490267243923,Mouse Moved,543.0,15.0,User19,,
1490267243924,Mouse Moved,543.0,13.0,User19,,
1490267243927,Mouse Moved,543.0,13.0,User19,,
1490267243930,Mouse Moved,543.0,10.0,User19,,
1490267243933,Mouse Moved,543.0,10.0,User19,,
1490267243934,Mouse Moved,543.0,8.0,User19,,
1490267243936,Mouse Moved,542.0,8.0,User19,,
1490267243937,Mouse Moved,542.0,6.0,User19,,
1490267243938,Mouse Moved,542.0,5.0,User19,,
1490267243940,Mouse Moved,542.0,5.0,User19,,
1490267243941,Mouse Moved,542.0,3.0,User19,,
1490267243944,Mouse Moved,542.0,2.0,User19,,
1490267243946,Mouse Moved,542.0,1.0,User19,,
1490267243947,Mouse Moved,542.0,0.0,User19,,
1490267243948,Mouse Moved,542.0,0.0,User19,,
1490267244270,Mouse Moved,539.0,0.0,User19,,
1490267244272,Mouse Moved,539.0,0.0,User19,,
1490267244273,Mouse Moved,539.0,1.0,User19,,
1490267244286,Mouse Moved,539.0,2.0,User19,,
1490267244315,Mouse Moved,539.0,3.0,User19,,
1490267244329,Mouse Moved,539.0,5.0,User19,,
1490267244332,Mouse Moved,538.0,5.0,User19,,
1490267244334,Mouse Moved,538.0,5.0,User19,,
1490267244345,Mouse Moved,538.0,6.0,User19,,
1490267244346,Mouse Moved,538.0,8.0,User19,,
1490267244361,Mouse Moved,538.0,8.0,User19,,
1490267244364,Mouse Moved,537.0,10.0,User19,,
1490267244365,Mouse Moved,537.0,10.0,User19,,
1490267244375,Mouse Moved,537.0,11.0,User19,,
1490267244391,Mouse Moved,536.0,13.0,User19,,
1490267244450,Mouse Moved,535.0,13.0,User19,,
1490267244453,Mouse Moved,535.0,13.0,User19,,
1490267244454,Mouse Button.left Pressed,535.0,13.0,User19,,
1490267244546,Mouse Moved,535.0,13.0,User19,,
1490267244548,Mouse Button.left Released,535.0,13.0,User19,,
1490267245155,Mouse Moved,534.0,13.0,User19,,
1490267245171,Mouse Moved,534.0,13.0,User19,,
1490267245230,Mouse Moved,533.0,13.0,User19,,
1490267245247,Mouse Moved,533.0,15.0,User19,,
1490267247736,Mouse Moved,534.0,15.0,User19,,
1490267247750,Mouse Moved,535.0,15.0,User19,,
1490267247752,Mouse Moved,538.0,13.0,User19,,
1490267247753,Mouse Moved,540.0,13.0,User19,,
1490267247756,Mouse Moved,541.0,11.0,User19,,
1490267247757,Mouse Moved,542.0,11.0,User19,,
1490267247759,Mouse Moved,542.0,10.0,User19,,
1490267247766,Mouse Moved,543.0,10.0,User19,,
1490267247769,Mouse Moved,545.0,8.0,User19,,
1490267247770,Mouse Moved,546.0,8.0,User19,,
1490267247773,Mouse Moved,547.0,6.0,User19,,
1490267247776,Mouse Moved,550.0,5.0,User19,,
1490267247778,Mouse Moved,552.0,3.0,User19,,
1490267247786,Mouse Moved,553.0,2.0,User19,,
1490267247789,Mouse Moved,555.0,1.0,User19,,
1490267247803,Mouse Moved,556.0,0.0,User19,,
1490267247976,Mouse Moved,913.0,0.0,User19,,
1490267247977,Mouse Moved,914.0,0.0,User19,,
1490267247980,Mouse Moved,916.0,2.0,User19,,
1490267247983,Mouse Moved,919.0,5.0,User19,,
1490267247984,Mouse Moved,920.0,8.0,User19,,
1490267247986,Mouse Moved,922.0,10.0,User19,,
1490267247987,Mouse Moved,923.0,10.0,User19,,
1490267247990,Mouse Moved,924.0,13.0,User19,,
1490267247993,Mouse Moved,927.0,18.0,User19,,
1490267247994,Mouse Moved,929.0,20.0,User19,,
1490267247996,Mouse Moved,930.0,21.0,User19,,
1490267247997,Mouse Moved,931.0,24.0,User19,,
1490267248000,Mouse Moved,933.0,26.0,User19,,
1490267248003,Mouse Moved,936.0,31.0,User19,,
1490267248005,Mouse Moved,937.0,33.0,User19,,
1490267248006,Mouse Moved,938.0,34.0,User19,,
1490267248007,Mouse Moved,939.0,38.0,User19,,
1490267248009,Mouse Moved,941.0,40.0,User19,,
1490267248013,Mouse Moved,942.0,42.0,User19,,
1490267248019,Mouse Moved,944.0,45.0,User19,,
1490267248020,Mouse Moved,945.0,47.0,User19,,
1490267248023,Mouse Moved,946.0,50.0,User19,,
1490267248025,Mouse Moved,947.0,52.0,User19,,
1490267248026,Mouse Moved,949.0,56.0,User19,,
1490267248029,Mouse Moved,949.0,58.0,User19,,
1490267248032,Mouse Moved,952.0,64.0,User19,,
1490267248033,Mouse Moved,952.0,67.0,User19,,
1490267248035,Mouse Moved,953.0,69.0,User19,,
1490267248036,Mouse Moved,954.0,73.0,User19,,
1490267248039,Mouse Moved,955.0,75.0,User19,,
1490267248042,Mouse Moved,956.0,78.0,User19,,
1490267248043,Mouse Moved,957.0,80.0,User19,,
1490267248046,Mouse Moved,959.0,84.0,User19,,
1490267248049,Mouse Moved,959.0,88.0,User19,,
1490267248052,Mouse Moved,961.0,94.0,User19,,
1490267248053,Mouse Moved,963.0,97.0,User19,,
1490267248055,Mouse Moved,963.0,100.0,User19,,
1490267248056,Mouse Moved,964.0,102.0,User19,,
1490267248059,Mouse Moved,965.0,106.0,User19,,
1490267248061,Mouse Moved,966.0,109.0,User19,,
1490267248062,Mouse Moved,966.0,112.0,User19,,
1490267248068,Mouse Moved,967.0,114.0,User19,,
1490267248073,Mouse Moved,968.0,118.0,User19,,
1490267248076,Mouse Moved,969.0,121.0,User19,,
1490267248078,Mouse Moved,970.0,124.0,User19,,
1490267248081,Mouse Moved,971.0,128.0,User19,,
1490267248082,Mouse Moved,972.0,130.0,User19,,
1490267248084,Mouse Moved,973.0,133.0,User19,,
1490267248085,Mouse Moved,973.0,136.0,User19,,
1490267248088,Mouse Moved,973.0,139.0,User19,,
1490267248091,Mouse Moved,976.0,146.0,User19,,
1490267248092,Mouse Moved,976.0,148.0,User19,,
1490267248094,Mouse Moved,977.0,151.0,User19,,
1490267248095,Mouse Moved,977.0,154.0,User19,,
1490267248098,Mouse Moved,977.0,157.0,User19,,
1490267248102,Mouse Moved,979.0,163.0,User19,,
1490267248105,Mouse Moved,979.0,166.0,User19,,
1490267248107,Mouse Moved,980.0,169.0,User19,,
1490267248108,Mouse Moved,980.0,171.0,User19,,
1490267248109,Mouse Moved,980.0,174.0,User19,,
1490267248111,Mouse Moved,981.0,176.0,User19,,
1490267248114,Mouse Moved,981.0,179.0,User19,,
1490267248115,Mouse Moved,982.0,182.0,User19,,
1490267248117,Mouse Moved,982.0,184.0,User19,,
1490267248118,Mouse Moved,982.0,187.0,User19,,
1490267248119,Mouse Moved,983.0,189.0,User19,,
1490267248121,Mouse Moved,983.0,192.0,User19,,
1490267248124,Mouse Moved,983.0,195.0,User19,,
1490267248125,Mouse Moved,983.0,198.0,User19,,
1490267248128,Mouse Moved,983.0,200.0,User19,,
1490267248134,Mouse Moved,984.0,204.0,User19,,
1490267248135,Mouse Moved,984.0,207.0,User19,,
1490267248138,Mouse Moved,984.0,210.0,User19,,
1490267248142,Mouse Moved,985.0,226.0,User19,,
1490267248144,Mouse Moved,985.0,228.0,User19,,
1490267248147,Mouse Moved,985.0,231.0,User19,,
1490267248148,Mouse Moved,985.0,232.0,User19,,
1490267248150,Mouse Moved,984.0,236.0,User19,,
1490267248153,Mouse Moved,984.0,238.0,User19,,
1490267248154,Mouse Moved,984.0,240.0,User19,,
1490267248155,Mouse Moved,984.0,242.0,User19,,
1490267248157,Mouse Moved,983.0,244.0,User19,,
1490267248160,Mouse Moved,983.0,246.0,User19,,
1490267248161,Mouse Moved,982.0,249.0,User19,,
1490267248163,Mouse Moved,981.0,251.0,User19,,
1490267248164,Mouse Moved,981.0,253.0,User19,,
1490267248167,Mouse Moved,980.0,255.0,User19,,
1490267248170,Mouse Moved,978.0,259.0,User19,,
1490267248171,Mouse Moved,978.0,261.0,User19,,
1490267248173,Mouse Moved,977.0,263.0,User19,,
1490267248174,Mouse Moved,976.0,265.0,User19,,
1490267248177,Mouse Moved,976.0,267.0,User19,,
1490267248180,Mouse Moved,973.0,270.0,User19,,
1490267248181,Mouse Moved,972.0,272.0,User19,,
1490267248183,Mouse Moved,971.0,275.0,User19,,
1490267248184,Mouse Moved,970.0,276.0,User19,,
1490267248187,Mouse Moved,970.0,278.0,User19,,
1490267248190,Mouse Moved,967.0,282.0,User19,,
1490267248191,Mouse Moved,966.0,283.0,User19,,
1490267248193,Mouse Moved,965.0,285.0,User19,,
1490267248197,Mouse Moved,964.0,287.0,User19,,
1490267248200,Mouse Moved,963.0,289.0,User19,,
1490267248203,Mouse Moved,961.0,292.0,User19,,
1490267248204,Mouse Moved,960.0,293.0,User19,,
1490267248207,Mouse Moved,959.0,295.0,User19,,
1490267248210,Mouse Moved,957.0,299.0,User19,,
1490267248213,Mouse Moved,956.0,300.0,User19,,
1490267248214,Mouse Moved,955.0,302.0,User19,,
1490267248216,Mouse Moved,953.0,304.0,User19,,
1490267248217,Mouse Moved,952.0,306.0,User19,,
1490267248220,Mouse Moved,951.0,307.0,User19,,
1490267248223,Mouse Moved,949.0,311.0,User19,,
1490267248224,Mouse Moved,947.0,313.0,User19,,
1490267248230,Mouse Moved,946.0,314.0,User19,,
1490267248233,Mouse Moved,945.0,316.0,User19,,
1490267248237,Mouse Moved,944.0,317.0,User19,,
1490267248240,Mouse Moved,942.0,319.0,User19,,
1490267248243,Mouse Moved,939.0,322.0,User19,,
1490267248244,Mouse Moved,939.0,323.0,User19,,
1490267248246,Mouse Moved,938.0,324.0,User19,,
1490267248247,Mouse Moved,936.0,326.0,User19,,
1490267248250,Mouse Moved,935.0,327.0,User19,,
1490267248252,Mouse Moved,933.0,328.0,User19,,
1490267248253,Mouse Moved,932.0,330.0,User19,,
1490267248255,Mouse Moved,930.0,331.0,User19,,
1490267248256,Mouse Moved,929.0,333.0,User19,,
1490267248257,Mouse Moved,928.0,333.0,User19,,
1490267248259,Mouse Moved,926.0,336.0,User19,,
1490267248262,Mouse Moved,924.0,336.0,User19,,
1490267248263,Mouse Moved,923.0,338.0,User19,,
1490267248267,Mouse Moved,922.0,339.0,User19,,
1490267248270,Mouse Moved,920.0,340.0,User19,,
1490267248272,Mouse Moved,919.0,341.0,User19,,
1490267248273,Mouse Moved,918.0,342.0,User19,,
1490267248275,Mouse Moved,916.0,343.0,User19,,
1490267248276,Mouse Moved,915.0,344.0,User19,,
1490267248279,Mouse Moved,913.0,345.0,User19,,
1490267248282,Mouse Moved,911.0,346.0,User19,,
1490267248285,Mouse Moved,908.0,348.0,User19,,
1490267248286,Mouse Moved,906.0,349.0,User19,,
1490267248289,Mouse Moved,905.0,350.0,User19,,
1490267248292,Mouse Moved,903.0,351.0,User19,,
1490267248293,Mouse Moved,901.0,351.0,User19,,
1490267248295,Mouse Moved,899.0,353.0,User19,,
1490267248296,Mouse Moved,898.0,353.0,User19,,
1490267248298,Mouse Moved,897.0,354.0,User19,,
1490267248299,Mouse Moved,894.0,355.0,User19,,
1490267248302,Mouse Moved,892.0,356.0,User19,,
1490267248306,Mouse Moved,889.0,357.0,User19,,
1490267248308,Mouse Moved,888.0,358.0,User19,,
1490267248319,Mouse Moved,886.0,360.0,User19,,
1490267248321,Mouse Moved,885.0,360.0,User19,,
1490267248322,Mouse Moved,884.0,361.0,User19,,
1490267248331,Mouse Moved,881.0,362.0,User19,,
1490267248332,Mouse Moved,880.0,362.0,User19,,
1490267248335,Mouse Moved,879.0,363.0,User19,,
1490267248338,Mouse Moved,877.0,364.0,User19,,
1490267248339,Mouse Moved,876.0,365.0,User19,,
1490267248342,Mouse Moved,875.0,365.0,User19,,
1490267248345,Mouse Moved,871.0,367.0,User19,,
1490267248346,Mouse Moved,869.0,367.0,User19,,
1490267248349,Mouse Moved,867.0,369.0,User19,,
1490267248351,Mouse Moved,866.0,370.0,User19,,
1490267248352,Mouse Moved,865.0,370.0,User19,,
1490267248355,Mouse Moved,862.0,371.0,User19,,
1490267248357,Mouse Moved,861.0,371.0,User19,,
1490267248358,Mouse Moved,860.0,372.0,User19,,
1490267248359,Mouse Moved,858.0,372.0,User19,,
1490267248361,Mouse Moved,856.0,373.0,User19,,
1490267248364,Mouse Moved,854.0,374.0,User19,,
1490267248365,Mouse Moved,851.0,375.0,User19,,
1490267248367,Mouse Moved,850.0,375.0,User19,,
1490267248368,Mouse Moved,848.0,376.0,User19,,
1490267248369,Mouse Moved,847.0,376.0,User19,,
1490267248372,Mouse Moved,845.0,377.0,User19,,
1490267248375,Mouse Moved,843.0,378.0,User19,,
1490267248377,Mouse Moved,841.0,379.0,User19,,
1490267248378,Mouse Moved,839.0,379.0,User19,,
1490267248380,Mouse Moved,838.0,379.0,User19,,
1490267248381,Mouse Moved,836.0,380.0,User19,,
1490267248384,Mouse Moved,834.0,381.0,User19,,
1490267248387,Mouse Moved,830.0,381.0,User19,,
1490267248388,Mouse Moved,828.0,381.0,User19,,
1490267248391,Mouse Moved,827.0,382.0,User19,,
1490267248394,Mouse Moved,823.0,383.0,User19,,
1490267248397,Mouse Moved,820.0,383.0,User19,,
1490267248398,Mouse Moved,818.0,383.0,User19,,
1490267248400,Mouse Moved,817.0,384.0,User19,,
1490267248401,Mouse Moved,814.0,385.0,User19,,
1490267248403,Mouse Moved,813.0,385.0,User19,,
1490267248404,Mouse Moved,811.0,386.0,User19,,
1490267248411,Mouse Moved,810.0,386.0,User19,,
1490267248413,Mouse Moved,807.0,386.0,User19,,
1490267248414,Mouse Moved,805.0,386.0,User19,,
1490267248417,Mouse Moved,804.0,386.0,User19,,
1490267248420,Mouse Moved,800.0,387.0,User19,,
1490267248421,Mouse Moved,798.0,387.0,User19,,
1490267248423,Mouse Moved,797.0,388.0,User19,,
1490267248424,Mouse Moved,795.0,388.0,User19,,
1490267248427,Mouse Moved,793.0,388.0,User19,,
1490267248430,Mouse Moved,789.0,388.0,User19,,
1490267248431,Mouse Moved,788.0,388.0,User19,,
1490267248434,Mouse Moved,786.0,388.0,User19,,
1490267248436,Mouse Moved,784.0,388.0,User19,,
1490267248437,Mouse Moved,782.0,389.0,User19,,
1490267248438,Mouse Moved,781.0,389.0,User19,,
1490267248440,Mouse Moved,779.0,389.0,User19,,
1490267248441,Mouse Moved,778.0,389.0,User19,,
1490267248444,Mouse Moved,775.0,389.0,User19,,
1490267248447,Mouse Moved,774.0,389.0,User19,,
1490267248448,Mouse Moved,772.0,389.0,User19,,
1490267248450,Mouse Moved,771.0,389.0,User19,,
1490267248453,Mouse Moved,769.0,389.0,User19,,
1490267248454,Mouse Moved,767.0,389.0,User19,,
1490267248457,Mouse Moved,765.0,389.0,User19,,
1490267248460,Mouse Moved,763.0,389.0,User19,,
1490267248461,Mouse Moved,761.0,389.0,User19,,
1490267248463,Mouse Moved,759.0,389.0,User19,,
1490267248464,Mouse Moved,758.0,389.0,User19,,
1490267248467,Mouse Moved,756.0,389.0,User19,,
1490267248469,Mouse Moved,754.0,389.0,User19,,
1490267248470,Mouse Moved,753.0,389.0,User19,,
1490267248471,Mouse Moved,752.0,389.0,User19,,
1490267248473,Mouse Moved,750.0,388.0,User19,,
1490267248474,Mouse Moved,749.0,388.0,User19,,
1490267248476,Mouse Moved,748.0,388.0,User19,,
1490267248479,Mouse Moved,747.0,388.0,User19,,
1490267248480,Mouse Moved,745.0,387.0,User19,,
1490267248482,Mouse Moved,743.0,387.0,User19,,
1490267248483,Mouse Moved,742.0,387.0,User19,,
1490267248486,Mouse Moved,741.0,387.0,User19,,
1490267248489,Mouse Moved,740.0,386.0,User19,,
1490267248490,Mouse Moved,738.0,385.0,User19,,
1490267248497,Mouse Moved,737.0,385.0,User19,,
1490267248512,Mouse Moved,736.0,385.0,User19,,
1490267248513,Mouse Moved,735.0,384.0,User19,,
1490267248515,Mouse Moved,732.0,384.0,User19,,
1490267248516,Mouse Moved,732.0,383.0,User19,,
1490267248517,Mouse Moved,731.0,383.0,User19,,
1490267248519,Mouse Moved,729.0,383.0,User19,,
1490267248520,Mouse Moved,729.0,382.0,User19,,
1490267248523,Mouse Moved,728.0,382.0,User19,,
1490267248525,Mouse Moved,726.0,381.0,User19,,
1490267248526,Mouse Moved,725.0,381.0,User19,,
1490267248530,Mouse Moved,724.0,380.0,User19,,
1490267248532,Mouse Moved,722.0,380.0,User19,,
1490267248535,Mouse Moved,722.0,379.0,User19,,
1490267248536,Mouse Moved,721.0,379.0,User19,,
1490267248538,Mouse Moved,719.0,378.0,User19,,
1490267248539,Mouse Moved,718.0,378.0,User19,,
1490267248540,Mouse Moved,717.0,377.0,User19,,
1490267248545,Mouse Moved,716.0,376.0,User19,,
1490267248546,Mouse Moved,714.0,376.0,User19,,
1490267248548,Mouse Moved,714.0,375.0,User19,,
1490267248551,Mouse Moved,713.0,375.0,User19,,
1490267248552,Mouse Moved,708.0,373.0,User19,,
1490267248553,Mouse Moved,707.0,372.0,User19,,
1490267248555,Mouse Moved,706.0,372.0,User19,,
1490267248558,Mouse Moved,705.0,371.0,User19,,
1490267248559,Mouse Moved,704.0,371.0,User19,,
1490267248561,Mouse Moved,703.0,370.0,User19,,
1490267248562,Mouse Moved,702.0,369.0,User19,,
1490267248563,Mouse Moved,701.0,369.0,User19,,
1490267248565,Mouse Moved,700.0,368.0,User19,,
1490267248568,Mouse Moved,699.0,368.0,User19,,
1490267248569,Mouse Moved,699.0,367.0,User19,,
1490267248571,Mouse Moved,698.0,367.0,User19,,
1490267248572,Mouse Moved,697.0,367.0,User19,,
1490267248573,Mouse Moved,697.0,366.0,User19,,
1490267248575,Mouse Moved,696.0,366.0,User19,,
1490267248576,Mouse Moved,695.0,366.0,User19,,
1490267248578,Mouse Moved,695.0,364.0,User19,,
1490267248581,Mouse Moved,694.0,364.0,User19,,
1490267248582,Mouse Moved,693.0,364.0,User19,,
1490267248584,Mouse Moved,692.0,364.0,User19,,
1490267248585,Mouse Moved,692.0,363.0,User19,,
1490267248586,Mouse Moved,691.0,363.0,User19,,
1490267248588,Mouse Moved,691.0,362.0,User19,,
1490267248589,Mouse Moved,690.0,362.0,User19,,
1490267248592,Mouse Moved,689.0,362.0,User19,,
1490267248594,Mouse Moved,688.0,361.0,User19,,
1490267248595,Mouse Moved,687.0,360.0,User19,,
1490267248598,Mouse Moved,686.0,360.0,User19,,
1490267248601,Mouse Moved,685.0,359.0,User19,,
1490267248602,Mouse Moved,684.0,359.0,User19,,
1490267248604,Mouse Moved,684.0,358.0,User19,,
1490267248729,Mouse Moved,684.0,358.0,User19,,
1490267248730,Mouse Button.left Pressed,684.0,358.0,User19,,
1490267248823,Mouse Moved,684.0,358.0,User19,,
1490267248825,Mouse Button.left Released,684.0,358.0,User19,,
1490267250780,Mouse Moved,684.0,359.0,User19,,
1490267250809,Mouse Moved,684.0,360.0,User19,,
1490267250828,Mouse Moved,684.0,361.0,User19,,
1490267250839,Mouse Moved,683.0,361.0,User19,,
1490267250857,Mouse Moved,683.0,362.0,User19,,
1490267250901,Mouse Moved,683.0,363.0,User19,,
1490267250915,Mouse Moved,683.0,364.0,User19,,
1490267250917,Mouse Moved,683.0,365.0,User19,,
1490267250931,Mouse Moved,683.0,366.0,User19,,
1490267250947,Mouse Moved,683.0,367.0,User19,,
1490267251200,Mouse Moved,683.0,368.0,User19,,
1490267251217,Mouse Moved,683.0,369.0,User19,,
1490267252101,Mouse Moved,683.0,370.0,User19,,
1490267252115,Mouse Moved,683.0,371.0,User19,,
1490267252118,Mouse Moved,684.0,371.0,User19,,
1490267252121,Mouse Moved,686.0,372.0,User19,,
1490267252122,Mouse Moved,686.0,373.0,User19,,
1490267252131,Mouse Moved,687.0,373.0,User19,,
1490267252134,Mouse Moved,687.0,374.0,User19,,
1490267252135,Mouse Moved,688.0,374.0,User19,,
1490267252138,Mouse Moved,689.0,374.0,User19,,
1490267252141,Mouse Moved,691.0,375.0,User19,,
1490267252145,Mouse Moved,692.0,375.0,User19,,
1490267252147,Mouse Moved,692.0,376.0,User19,,
1490267252148,Mouse Moved,693.0,376.0,User19,,
1490267252151,Mouse Moved,694.0,377.0,User19,,
1490267252153,Mouse Moved,695.0,377.0,User19,,
1490267252154,Mouse Moved,696.0,378.0,User19,,
1490267252155,Mouse Moved,697.0,378.0,User19,,
1490267252160,Mouse Moved,698.0,378.0,User19,,
1490267252161,Mouse Moved,699.0,379.0,User19,,
1490267252164,Mouse Moved,700.0,379.0,User19,,
1490267252167,Mouse Moved,702.0,380.0,User19,,
1490267252168,Mouse Moved,703.0,381.0,User19,,
1490267252170,Mouse Moved,704.0,381.0,User19,,
1490267252171,Mouse Moved,705.0,381.0,User19,,
1490267252174,Mouse Moved,706.0,382.0,User19,,
1490267252177,Mouse Moved,708.0,382.0,User19,,
1490267252178,Mouse Moved,708.0,383.0,User19,,
1490267252180,Mouse Moved,709.0,384.0,User19,,
1490267252181,Mouse Moved,710.0,384.0,User19,,
1490267252184,Mouse Moved,711.0,384.0,User19,,
1490267252186,Mouse Moved,713.0,385.0,User19,,
1490267252187,Mouse Moved,714.0,385.0,User19,,
1490267252188,Mouse Moved,715.0,386.0,User19,,
1490267252190,Mouse Moved,716.0,387.0,User19,,
1490267252193,Mouse Moved,718.0,387.0,User19,,
1490267252194,Mouse Moved,718.0,388.0,User19,,
1490267252196,Mouse Moved,720.0,388.0,User19,,
1490267252197,Mouse Moved,721.0,389.0,User19,,
1490267252200,Mouse Moved,722.0,389.0,User19,,
1490267252201,Mouse Moved,723.0,389.0,User19,,
1490267252203,Mouse Moved,724.0,391.0,User19,,
1490267252204,Mouse Moved,725.0,391.0,User19,,
1490267252207,Mouse Moved,727.0,392.0,User19,,
1490267252209,Mouse Moved,728.0,392.0,User19,,
1490267252210,Mouse Moved,730.0,393.0,User19,,
1490267252211,Mouse Moved,731.0,394.0,User19,,
1490267252213,Mouse Moved,733.0,395.0,User19,,
1490267252216,Mouse Moved,735.0,396.0,User19,,
1490267252217,Mouse Moved,736.0,396.0,User19,,
1490267252219,Mouse Moved,737.0,398.0,User19,,
1490267252220,Mouse Moved,738.0,398.0,User19,,
1490267252223,Mouse Moved,740.0,398.0,User19,,
1490267252226,Mouse Moved,743.0,400.0,User19,,
1490267252227,Mouse Moved,744.0,400.0,User19,,
1490267252230,Mouse Moved,746.0,402.0,User19,,
1490267252232,Mouse Moved,748.0,402.0,User19,,
1490267252233,Mouse Moved,749.0,403.0,User19,,
1490267252234,Mouse Moved,751.0,404.0,User19,,
1490267252236,Mouse Moved,753.0,405.0,User19,,
1490267252237,Mouse Moved,755.0,406.0,User19,,
1490267252240,Mouse Moved,756.0,406.0,User19,,
1490267252242,Mouse Moved,757.0,407.0,User19,,
1490267252243,Mouse Moved,759.0,408.0,User19,,
1490267252246,Mouse Moved,760.0,409.0,User19,,
1490267252247,Mouse Moved,763.0,410.0,User19,,
1490267252249,Mouse Moved,764.0,411.0,User19,,
1490267252250,Mouse Moved,766.0,412.0,User19,,
1490267252252,Mouse Moved,768.0,413.0,User19,,
1490267252253,Mouse Moved,770.0,414.0,User19,,
1490267252256,Mouse Moved,771.0,415.0,User19,,
1490267252259,Mouse Moved,775.0,417.0,User19,,
1490267252260,Mouse Moved,776.0,418.0,User19,,
1490267252262,Mouse Moved,778.0,419.0,User19,,
1490267252263,Mouse Moved,780.0,420.0,User19,,
1490267252266,Mouse Moved,782.0,421.0,User19,,
1490267252269,Mouse Moved,785.0,423.0,User19,,
1490267252270,Mouse Moved,787.0,424.0,User19,,
1490267252272,Mouse Moved,789.0,425.0,User19,,
1490267252273,Mouse Moved,791.0,427.0,User19,,
1490267252276,Mouse Moved,793.0,428.0,User19,,
1490267252278,Mouse Moved,794.0,429.0,User19,,
1490267252280,Mouse Moved,797.0,430.0,User19,,
1490267252282,Mouse Moved,798.0,431.0,User19,,
1490267252283,Mouse Moved,800.0,432.0,User19,,
1490267252286,Mouse Moved,802.0,434.0,User19,,
1490267252288,Mouse Moved,804.0,435.0,User19,,
1490267252289,Mouse Moved,806.0,436.0,User19,,
1490267252290,Mouse Moved,808.0,438.0,User19,,
1490267252292,Mouse Moved,810.0,439.0,User19,,
1490267252295,Mouse Moved,812.0,440.0,User19,,
1490267252296,Mouse Moved,814.0,442.0,User19,,
1490267252298,Mouse Moved,816.0,443.0,User19,,
1490267252299,Mouse Moved,817.0,444.0,User19,,
1490267252301,Mouse Moved,819.0,446.0,User19,,
1490267252302,Mouse Moved,822.0,447.0,User19,,
1490267252305,Mouse Moved,824.0,448.0,User19,,
1490267252306,Mouse Moved,825.0,450.0,User19,,
1490267252308,Mouse Moved,827.0,451.0,User19,,
1490267252309,Mouse Moved,829.0,452.0,User19,,
1490267252312,Mouse Moved,831.0,455.0,User19,,
1490267252313,Mouse Moved,832.0,455.0,User19,,
1490267252315,Mouse Moved,836.0,458.0,User19,,
1490267252316,Mouse Moved,837.0,459.0,User19,,
1490267252319,Mouse Moved,839.0,461.0,User19,,
1490267252321,Mouse Moved,841.0,462.0,User19,,
1490267252322,Mouse Moved,843.0,465.0,User19,,
1490267252323,Mouse Moved,845.0,466.0,User19,,
1490267252325,Mouse Moved,847.0,468.0,User19,,
1490267252326,Mouse Moved,848.0,469.0,User19,,
1490267252328,Mouse Moved,851.0,470.0,User19,,
1490267252331,Mouse Moved,852.0,472.0,User19,,
1490267252332,Mouse Moved,854.0,473.0,User19,,
1490267252334,Mouse Moved,865.0,485.0,User19,,
1490267252335,Mouse Moved,868.0,486.0,User19,,
1490267252338,Mouse Moved,869.0,487.0,User19,,
1490267252341,Mouse Moved,874.0,492.0,User19,,
1490267252342,Mouse Moved,875.0,494.0,User19,,
1490267252345,Mouse Moved,877.0,495.0,User19,,
1490267252348,Mouse Moved,879.0,499.0,User19,,
1490267252349,Mouse Moved,883.0,501.0,User19,,
1490267252351,Mouse Moved,884.0,503.0,User19,,
1490267252352,Mouse Moved,886.0,505.0,User19,,
1490267252355,Mouse Moved,888.0,507.0,User19,,
1490267252358,Mouse Moved,893.0,512.0,User19,,
1490267252359,Mouse Moved,894.0,513.0,User19,,
1490267252361,Mouse Moved,896.0,515.0,User19,,
1490267252362,Mouse Moved,898.0,517.0,User19,,
1490267252365,Mouse Moved,900.0,519.0,User19,,
1490267252368,Mouse Moved,904.0,523.0,User19,,
1490267252369,Mouse Moved,905.0,525.0,User19,,
1490267252371,Mouse Moved,908.0,527.0,User19,,
1490267252372,Mouse Moved,910.0,529.0,User19,,
1490267252375,Mouse Moved,911.0,531.0,User19,,
1490267252378,Mouse Moved,916.0,536.0,User19,,
1490267252380,Mouse Moved,918.0,537.0,User19,,
1490267252381,Mouse Moved,920.0,540.0,User19,,
1490267252382,Mouse Moved,922.0,542.0,User19,,
1490267252384,Mouse Moved,924.0,543.0,User19,,
1490267252385,Mouse Moved,926.0,546.0,User19,,
1490267252388,Mouse Moved,928.0,548.0,User19,,
1490267252390,Mouse Moved,931.0,550.0,User19,,
1490267252391,Mouse Moved,933.0,552.0,User19,,
1490267252394,Mouse Moved,935.0,553.0,User19,,
1490267252395,Mouse Moved,937.0,556.0,User19,,
1490267252398,Mouse Moved,940.0,558.0,User19,,
1490267252401,Mouse Moved,943.0,562.0,User19,,
1490267252403,Mouse Moved,946.0,564.0,User19,,
1490267252404,Mouse Moved,948.0,566.0,User19,,
1490267252407,Mouse Moved,950.0,567.0,User19,,
1490267252410,Mouse Moved,955.0,572.0,User19,,
1490267252411,Mouse Moved,957.0,574.0,User19,,
1490267252413,Mouse Moved,959.0,576.0,User19,,
1490267252414,Mouse Moved,962.0,578.0,User19,,
1490267252417,Mouse Moved,964.0,580.0,User19,,
1490267252420,Mouse Moved,969.0,583.0,User19,,
1490267252421,Mouse Moved,971.0,586.0,User19,,
1490267252423,Mouse Moved,975.0,588.0,User19,,
1490267252424,Mouse Moved,976.0,590.0,User19,,
1490267252427,Mouse Moved,979.0,592.0,User19,,
1490267252428,Mouse Moved,982.0,594.0,User19,,
1490267252430,Mouse Moved,984.0,596.0,User19,,
1490267252431,Mouse Moved,985.0,598.0,User19,,
1490267252434,Mouse Moved,988.0,600.0,User19,,
1490267252437,Mouse Moved,994.0,605.0,User19,,
1490267252438,Mouse Moved,997.0,606.0,User19,,
1490267252440,Mouse Moved,999.0,608.0,User19,,
1490267252441,Mouse Moved,1002.0,610.0,User19,,
1490267252444,Mouse Moved,1004.0,611.0,User19,,
1490267252447,Mouse Moved,1006.0,614.0,User19,,
1490267252448,Mouse Moved,1009.0,616.0,User19,,
1490267252450,Mouse Moved,1012.0,618.0,User19,,
1490267252451,Mouse Moved,1014.0,620.0,User19,,
1490267252453,Mouse Moved,1017.0,621.0,User19,,
1490267252456,Mouse Moved,1019.0,623.0,User19,,
1490267252457,Mouse Moved,1022.0,625.0,User19,,
1490267252459,Mouse Moved,1024.0,626.0,User19,,
1490267252460,Mouse Moved,1026.0,629.0,User19,,
1490267252461,Mouse Moved,1029.0,630.0,User19,,
1490267252463,Mouse Moved,1032.0,632.0,User19,,
1490267252466,Mouse Moved,1034.0,634.0,User19,,
1490267252467,Mouse Moved,1036.0,636.0,User19,,
1490267252469,Mouse Moved,1039.0,637.0,User19,,
1490267252470,Mouse Moved,1042.0,639.0,User19,,
1490267252473,Mouse Moved,1044.0,640.0,User19,,
1490267252474,Mouse Moved,1046.0,642.0,User19,,
1490267252476,Mouse Moved,1049.0,644.0,User19,,
1490267252477,Mouse Moved,1052.0,646.0,User19,,
1490267252480,Mouse Moved,1054.0,647.0,User19,,
1490267252482,Mouse Moved,1056.0,649.0,User19,,
1490267252483,Mouse Moved,1059.0,650.0,User19,,
1490267252484,Mouse Moved,1062.0,652.0,User19,,
1490267252486,Mouse Moved,1064.0,654.0,User19,,
1490267252489,Mouse Moved,1066.0,655.0,User19,,
1490267252490,Mouse Moved,1068.0,657.0,User19,,
1490267252492,Mouse Moved,1071.0,658.0,User19,,
1490267252493,Mouse Moved,1074.0,661.0,User19,,
1490267252496,Mouse Moved,1076.0,662.0,User19,,
1490267252499,Mouse Moved,1081.0,665.0,User19,,
1490267252500,Mouse Moved,1083.0,667.0,User19,,
1490267252502,Mouse Moved,1086.0,668.0,User19,,
1490267252503,Mouse Moved,1088.0,670.0,User19,,
1490267252505,Mouse Moved,1091.0,672.0,User19,,
1490267252506,Mouse Moved,1093.0,673.0,User19,,
1490267252509,Mouse Moved,1095.0,674.0,User19,,
1490267252512,Mouse Moved,1100.0,677.0,User19,,
1490267252513,Mouse Moved,1102.0,680.0,User19,,
1490267252516,Mouse Moved,1104.0,680.0,User19,,
1490267252519,Mouse Moved,1109.0,684.0,User19,,
1490267252520,Mouse Moved,1111.0,686.0,User19,,
1490267252522,Mouse Moved,1113.0,686.0,User19,,
1490267252523,Mouse Moved,1116.0,688.0,User19,,
1490267252526,Mouse Moved,1118.0,689.0,User19,,
1490267252529,Mouse Moved,1122.0,692.0,User19,,
1490267252530,Mouse Moved,1124.0,694.0,User19,,
1490267252532,Mouse Moved,1127.0,695.0,User19,,
1490267252533,Mouse Moved,1129.0,696.0,User19,,
1490267252536,Mouse Moved,1131.0,698.0,User19,,
1490267252539,Mouse Moved,1135.0,700.0,User19,,
1490267252540,Mouse Moved,1138.0,702.0,User19,,
1490267252542,Mouse Moved,1139.0,702.0,User19,,
1490267252545,Mouse Moved,1142.0,704.0,User19,,
1490267252546,Mouse Moved,1144.0,705.0,User19,,
1490267252548,Mouse Moved,1146.0,707.0,User19,,
1490267252549,Mouse Moved,1148.0,708.0,User19,,
1490267252551,Mouse Moved,1150.0,709.0,User19,,
1490267252552,Mouse Moved,1152.0,710.0,User19,,
1490267252555,Mouse Moved,1153.0,711.0,User19,,
1490267252558,Mouse Moved,1158.0,713.0,User19,,
1490267252559,Mouse Moved,1161.0,715.0,User19,,
1490267252562,Mouse Moved,1162.0,716.0,User19,,
1490267252565,Mouse Moved,1166.0,718.0,User19,,
1490267252566,Mouse Moved,1168.0,718.0,User19,,
1490267252568,Mouse Moved,1169.0,720.0,User19,,
1490267252569,Mouse Moved,1172.0,721.0,User19,,
1490267252572,Mouse Moved,1173.0,722.0,User19,,
1490267252573,Mouse Moved,1175.0,723.0,User19,,
1490267252575,Mouse Moved,1177.0,723.0,User19,,
1490267252576,Mouse Moved,1180.0,724.0,User19,,
1490267252578,Mouse Moved,1181.0,726.0,User19,,
1490267252579,Mouse Moved,1182.0,726.0,User19,,
1490267252582,Mouse Moved,1185.0,728.0,User19,,
1490267252584,Mouse Moved,1187.0,729.0,User19,,
1490267252585,Mouse Moved,1188.0,729.0,User19,,
1490267252586,Mouse Moved,1190.0,730.0,User19,,
1490267252588,Mouse Moved,1192.0,731.0,User19,,
1490267252591,Mouse Moved,1194.0,731.0,User19,,
1490267252592,Mouse Moved,1195.0,733.0,User19,,
1490267252595,Mouse Moved,1198.0,733.0,User19,,
1490267252598,Mouse Moved,1201.0,735.0,User19,,
1490267252601,Mouse Moved,1205.0,736.0,User19,,
1490267252602,Mouse Moved,1206.0,737.0,User19,,
1490267252605,Mouse Moved,1207.0,738.0,User19,,
1490267252608,Mouse Moved,1210.0,740.0,User19,,
1490267252609,Mouse Moved,1212.0,740.0,User19,,
1490267252611,Mouse Moved,1213.0,740.0,User19,,
1490267252612,Mouse Moved,1215.0,742.0,User19,,
1490267252615,Mouse Moved,1217.0,742.0,User19,,
1490267252617,Mouse Moved,1218.0,742.0,User19,,
1490267252618,Mouse Moved,1220.0,743.0,User19,,
1490267252619,Mouse Moved,1221.0,744.0,User19,,
1490267252621,Mouse Moved,1222.0,744.0,User19,,
1490267252622,Mouse Moved,1224.0,745.0,User19,,
1490267252625,Mouse Moved,1224.0,746.0,User19,,
1490267252628,Mouse Moved,1228.0,746.0,User19,,
1490267252630,Mouse Moved,1229.0,747.0,User19,,
1490267252631,Mouse Moved,1230.0,748.0,User19,,
1490267252632,Mouse Moved,1231.0,748.0,User19,,
1490267252634,Mouse Moved,1232.0,748.0,User19,,
1490267252637,Mouse Moved,1233.0,749.0,User19,,
1490267252638,Mouse Moved,1235.0,750.0,User19,,
1490267252640,Mouse Moved,1237.0,750.0,User19,,
1490267252641,Mouse Moved,1238.0,751.0,User19,,
1490267252642,Mouse Moved,1239.0,752.0,User19,,
1490267252644,Mouse Moved,1240.0,752.0,User19,,
1490267252647,Mouse Moved,1242.0,753.0,User19,,
1490267252648,Mouse Moved,1243.0,753.0,User19,,
1490267252650,Mouse Moved,1244.0,753.0,User19,,
1490267252651,Mouse Moved,1245.0,754.0,User19,,
1490267252654,Mouse Moved,1245.0,755.0,User19,,
1490267252657,Mouse Moved,1247.0,755.0,User19,,
1490267252658,Mouse Moved,1248.0,756.0,User19,,
1490267252660,Mouse Moved,1249.0,756.0,User19,,
1490267252661,Mouse Moved,1250.0,756.0,User19,,
1490267252664,Mouse Moved,1251.0,757.0,User19,,
1490267252667,Mouse Moved,1254.0,758.0,User19,,
1490267252670,Mouse Moved,1255.0,759.0,User19,,
1490267252671,Mouse Moved,1256.0,759.0,User19,,
1490267252674,Mouse Moved,1257.0,760.0,User19,,
1490267252677,Mouse Moved,1258.0,761.0,User19,,
1490267252680,Mouse Moved,1260.0,761.0,User19,,
1490267252760,Mouse Moved,1259.0,761.0,User19,,
1490267252819,Mouse Moved,1258.0,761.0,User19,,
1490267252835,Mouse Moved,1257.0,761.0,User19,,
1490267253046,Mouse Moved,1256.0,761.0,User19,,
1490267253135,Mouse Moved,1255.0,761.0,User19,,
1490267253150,Mouse Moved,1254.0,761.0,User19,,
1490267253151,Mouse Moved,1253.0,761.0,User19,,
1490267253164,Mouse Moved,1252.0,761.0,User19,,
1490267253180,Mouse Moved,1251.0,761.0,User19,,
1490267253181,Mouse Moved,1251.0,760.0,User19,,
1490267253184,Mouse Moved,1250.0,760.0,User19,,
1490267253196,Mouse Moved,1249.0,760.0,User19,,
1490267253210,Mouse Moved,1248.0,760.0,User19,,
1490267253226,Mouse Moved,1247.0,760.0,User19,,
1490267253240,Mouse Moved,1246.0,760.0,User19,,
1490267253256,Mouse Moved,1245.0,760.0,User19,,
1490267253269,Mouse Moved,1244.0,760.0,User19,,
1490267253272,Mouse Moved,1243.0,760.0,User19,,
1490267253275,Mouse Moved,1242.0,760.0,User19,,
1490267253285,Mouse Moved,1241.0,760.0,User19,,
1490267253286,Mouse Moved,1240.0,760.0,User19,,
1490267253299,Mouse Moved,1239.0,760.0,User19,,
1490267253302,Mouse Moved,1238.0,760.0,User19,,
1490267253303,Mouse Moved,1237.0,760.0,User19,,
1490267253315,Mouse Moved,1236.0,760.0,User19,,
1490267253318,Mouse Moved,1235.0,760.0,User19,,
1490267253319,Mouse Moved,1234.0,760.0,User19,,
1490267253331,Mouse Moved,1233.0,760.0,User19,,
1490267253332,Mouse Moved,1232.0,760.0,User19,,
1490267253334,Mouse Moved,1231.0,760.0,User19,,
1490267253335,Mouse Moved,1230.0,760.0,User19,,
1490267253345,Mouse Moved,1229.0,760.0,User19,,
1490267253346,Mouse Moved,1228.0,760.0,User19,,
1490267253348,Mouse Moved,1227.0,760.0,User19,,
1490267253349,Mouse Moved,1226.0,760.0,User19,,
1490267253359,Mouse Moved,1225.0,759.0,User19,,
1490267253361,Mouse Moved,1224.0,759.0,User19,,
1490267253364,Mouse Moved,1223.0,759.0,User19,,
1490267253365,Mouse Moved,1222.0,759.0,User19,,
1490267253375,Mouse Moved,1221.0,759.0,User19,,
1490267253378,Mouse Moved,1220.0,759.0,User19,,
1490267253380,Mouse Moved,1219.0,759.0,User19,,
1490267253391,Mouse Moved,1218.0,759.0,User19,,
1490267253394,Mouse Moved,1216.0,759.0,User19,,
1490267253404,Mouse Moved,1215.0,759.0,User19,,
1490267253407,Mouse Moved,1214.0,759.0,User19,,
1490267253408,Mouse Moved,1213.0,759.0,User19,,
1490267253420,Mouse Moved,1212.0,759.0,User19,,
1490267253421,Mouse Moved,1211.0,759.0,User19,,
1490267253436,Mouse Moved,1210.0,759.0,User19,,
1490267253437,Mouse Moved,1209.0,759.0,User19,,
1490267253438,Mouse Moved,1208.0,759.0,User19,,
1490267253450,Mouse Moved,1207.0,759.0,User19,,
1490267253466,Mouse Moved,1206.0,759.0,User19,,
1490267253467,Mouse Moved,1205.0,759.0,User19,,
1490267253480,Mouse Moved,1204.0,759.0,User19,,
1490267253482,Mouse Moved,1204.0,760.0,User19,,
1490267253496,Mouse Moved,1203.0,760.0,User19,,
1490267253509,Mouse Moved,1201.0,760.0,User19,,
1490267253539,Mouse Moved,1200.0,760.0,User19,,
1490267253555,Mouse Moved,1199.0,760.0,User19,,
1490267253585,Mouse Moved,1198.0,760.0,User19,,
1490267253599,Mouse Moved,1197.0,760.0,User19,,
1490267253618,Mouse Moved,1196.0,760.0,User19,,
1490267253631,Mouse Moved,1195.0,760.0,User19,,
1490267253660,Mouse Moved,1194.0,760.0,User19,,
1490267253674,Mouse Moved,1193.0,760.0,User19,,
1490267253690,Mouse Moved,1192.0,760.0,User19,,
1490267253704,Mouse Moved,1192.0,761.0,User19,,
1490267253707,Mouse Moved,1191.0,761.0,User19,,
1490267253734,Mouse Moved,1190.0,761.0,User19,,
1490267253750,Mouse Moved,1189.0,761.0,User19,,
1490267253766,Mouse Moved,1188.0,761.0,User19,,
1490267253796,Mouse Moved,1187.0,761.0,User19,,
1490267253825,Mouse Moved,1186.0,761.0,User19,,
1490267253885,Mouse Moved,1185.0,761.0,User19,,
1490267253900,Mouse Moved,1184.0,761.0,User19,,
1490267253930,Mouse Moved,1183.0,761.0,User19,,
1490267253976,Mouse Moved,1182.0,761.0,User19,,
1490267254049,Mouse Moved,1181.0,761.0,User19,,
1490267254065,Mouse Moved,1180.0,761.0,User19,,
1490267254111,Mouse Moved,1179.0,761.0,User19,,
1490267254125,Mouse Moved,1179.0,762.0,User19,,
1490267254155,Mouse Moved,1178.0,762.0,User19,,
1490267254200,Mouse Moved,1177.0,762.0,User19,,
1490267254216,Mouse Moved,1176.0,762.0,User19,,
1490267254246,Mouse Moved,1175.0,762.0,User19,,
1490267254276,Mouse Moved,1174.0,762.0,User19,,
1490267254290,Mouse Moved,1174.0,763.0,User19,,
1490267254305,Mouse Moved,1173.0,763.0,User19,,
1490267254321,Mouse Moved,1172.0,763.0,User19,,
1490267254365,Mouse Moved,1171.0,763.0,User19,,
1490267254410,Mouse Moved,1170.0,763.0,User19,,
1490267254440,Mouse Moved,1169.0,763.0,User19,,
1490267254470,Mouse Moved,1168.0,763.0,User19,,
1490267254650,Mouse Moved,1167.0,763.0,User19,,
1490267255401,Mouse Moved,1167.0,764.0,User19,,
1490267255415,Mouse Moved,1165.0,764.0,User19,,
1490267255430,Mouse Moved,1164.0,765.0,User19,,
1490267255446,Mouse Moved,1163.0,765.0,User19,,
1490267255447,Mouse Moved,1163.0,765.0,User19,,
1490267255450,Mouse Scrolled (0 -1),1163.0,765.0,User19,,
1490267255460,Mouse Moved,1162.0,765.0,User19,,
1490267255476,Mouse Moved,1161.0,765.0,User19,,
1490267255500,Mouse Moved,1159.0,765.0,User19,,
1490267255523,Mouse Moved,1159.0,765.0,User19,,
1490267255539,Mouse Scrolled (0 -1),1159.0,765.0,User19,,
1490267255542,Mouse Moved,1158.0,765.0,User19,,
1490267255543,Mouse Moved,1158.0,766.0,User19,,
1490267255581,Mouse Moved,1158.0,766.0,User19,,
1490267255582,Mouse Scrolled (0 -1),1158.0,766.0,User19,,
1490267255703,Mouse Moved,1157.0,766.0,User19,,
1490267256059,Mouse Moved,1157.0,767.0,User19,,
1490267256075,Mouse Moved,1156.0,767.0,User19,,
1490267256091,Mouse Moved,1156.0,768.0,User19,,
1490267256092,Mouse Moved,1155.0,768.0,User19,,
1490267256094,Mouse Moved,1155.0,769.0,User19,,
1490267256105,Mouse Moved,1154.0,771.0,User19,,
1490267256121,Mouse Moved,1153.0,771.0,User19,,
1490267256135,Mouse Moved,1152.0,772.0,User19,,
1490267256137,Mouse Moved,1152.0,773.0,User19,,
1490267256138,Mouse Moved,1151.0,773.0,User19,,
1490267256141,Mouse Moved,1151.0,774.0,User19,,
1490267256151,Mouse Moved,1150.0,775.0,User19,,
1490267256154,Mouse Moved,1149.0,776.0,User19,,
1490267256155,Mouse Moved,1149.0,777.0,User19,,
1490267256165,Mouse Moved,1148.0,777.0,User19,,
1490267256167,Mouse Moved,1148.0,778.0,User19,,
1490267256168,Mouse Moved,1147.0,778.0,User19,,
1490267256171,Mouse Moved,1147.0,779.0,User19,,
1490267256180,Mouse Moved,1146.0,780.0,User19,,
1490267256181,Mouse Moved,1146.0,781.0,User19,,
1490267256184,Mouse Moved,1145.0,781.0,User19,,
1490267256186,Mouse Moved,1145.0,782.0,User19,,
1490267256187,Mouse Moved,1145.0,783.0,User19,,
1490267256188,Mouse Moved,1144.0,783.0,User19,,
1490267256190,Mouse Moved,1144.0,784.0,User19,,
1490267256196,Mouse Moved,1143.0,784.0,User19,,
1490267256197,Mouse Moved,1143.0,785.0,User19,,
1490267256198,Mouse Moved,1143.0,786.0,User19,,
1490267256200,Mouse Moved,1142.0,786.0,User19,,
1490267256203,Mouse Moved,1142.0,787.0,User19,,
1490267256210,Mouse Moved,1141.0,789.0,User19,,
1490267256213,Mouse Moved,1141.0,790.0,User19,,
1490267256216,Mouse Moved,1140.0,791.0,User19,,
1490267256217,Mouse Moved,1140.0,792.0,User19,,
1490267256219,Mouse Moved,1139.0,792.0,User19,,
1490267256220,Mouse Moved,1139.0,793.0,User19,,
1490267256226,Mouse Moved,1138.0,794.0,User19,,
1490267256227,Mouse Moved,1138.0,795.0,User19,,
1490267256229,Mouse Moved,1138.0,796.0,User19,,
1490267256230,Mouse Moved,1137.0,796.0,User19,,
1490267256233,Mouse Moved,1137.0,797.0,User19,,
1490267256236,Mouse Moved,1136.0,798.0,User19,,
1490267256237,Mouse Moved,1135.0,799.0,User19,,
1490267256240,Mouse Moved,1135.0,800.0,User19,,
1490267256243,Mouse Moved,1134.0,800.0,User19,,
1490267256246,Mouse Moved,1134.0,802.0,User19,,
1490267256247,Mouse Moved,1133.0,803.0,User19,,
1490267256250,Mouse Moved,1133.0,804.0,User19,,
1490267256252,Mouse Moved,1133.0,805.0,User19,,
1490267256253,Mouse Moved,1132.0,805.0,User19,,
1490267256256,Mouse Moved,1131.0,806.0,User19,,
1490267256259,Mouse Moved,1131.0,808.0,User19,,
1490267256260,Mouse Moved,1130.0,808.0,User19,,
1490267256262,Mouse Moved,1130.0,809.0,User19,,
1490267256263,Mouse Moved,1129.0,811.0,User19,,
1490267256266,Mouse Moved,1129.0,812.0,User19,,
1490267256270,Mouse Moved,1128.0,813.0,User19,,
1490267256273,Mouse Moved,1127.0,813.0,User19,,
1490267256276,Mouse Moved,1127.0,815.0,User19,,
1490267256278,Mouse Moved,1126.0,816.0,User19,,
1490267256279,Mouse Moved,1126.0,817.0,User19,,
1490267256280,Mouse Moved,1126.0,818.0,User19,,
1490267256282,Mouse Moved,1125.0,819.0,User19,,
1490267256286,Mouse Moved,1125.0,820.0,User19,,
1490267256289,Mouse Moved,1124.0,821.0,User19,,
1490267256292,Mouse Moved,1123.0,823.0,User19,,
1490267256293,Mouse Moved,1123.0,824.0,User19,,
1490267256295,Mouse Moved,1122.0,824.0,User19,,
1490267256296,Mouse Moved,1122.0,825.0,User19,,
1490267256299,Mouse Moved,1122.0,826.0,User19,,
1490267256301,Mouse Moved,1121.0,827.0,User19,,
1490267256302,Mouse Moved,1120.0,828.0,User19,,
1490267256303,Mouse Moved,1120.0,829.0,User19,,
1490267256305,Mouse Moved,1120.0,830.0,User19,,
1490267256308,Mouse Moved,1119.0,830.0,User19,,
1490267256309,Mouse Moved,1119.0,831.0,User19,,
1490267256311,Mouse Moved,1119.0,832.0,User19,,
1490267256312,Mouse Moved,1118.0,832.0,User19,,
1490267256313,Mouse Moved,1118.0,833.0,User19,,
1490267256315,Mouse Moved,1118.0,834.0,User19,,
1490267256318,Mouse Moved,1117.0,835.0,User19,,
1490267256319,Mouse Moved,1116.0,836.0,User19,,
1490267256321,Mouse Moved,1116.0,837.0,User19,,
1490267256322,Mouse Moved,1116.0,838.0,User19,,
1490267256325,Mouse Moved,1115.0,839.0,User19,,
1490267256326,Mouse Moved,1115.0,840.0,User19,,
1490267256328,Mouse Moved,1115.0,841.0,User19,,
1490267256329,Mouse Moved,1114.0,842.0,User19,,
1490267256332,Mouse Moved,1113.0,842.0,User19,,
1490267256334,Mouse Moved,1113.0,843.0,User19,,
1490267256335,Mouse Moved,1113.0,844.0,User19,,
1490267256336,Mouse Moved,1112.0,845.0,User19,,
1490267256338,Mouse Moved,1112.0,846.0,User19,,
1490267256341,Mouse Moved,1111.0,846.0,User19,,
1490267256342,Mouse Moved,1111.0,847.0,User19,,
1490267256344,Mouse Moved,1110.0,848.0,User19,,
1490267256345,Mouse Moved,1110.0,849.0,User19,,
1490267256346,Mouse Moved,1109.0,850.0,User19,,
1490267256348,Mouse Moved,1109.0,851.0,User19,,
1490267256351,Mouse Moved,1108.0,852.0,User19,,
1490267256355,Mouse Moved,1108.0,853.0,User19,,
1490267256357,Mouse Moved,1107.0,854.0,User19,,
1490267256358,Mouse Moved,1107.0,855.0,User19,,
1490267256361,Mouse Moved,1106.0,856.0,User19,,
1490267256362,Mouse Moved,1105.0,857.0,User19,,
1490267256364,Mouse Moved,1105.0,858.0,User19,,
1490267256365,Mouse Moved,1103.0,860.0,User19,,
1490267256368,Mouse Moved,1103.0,861.0,User19,,
1490267256371,Mouse Moved,1101.0,863.0,User19,,
1490267256374,Mouse Moved,1100.0,864.0,User19,,
1490267256375,Mouse Moved,1100.0,865.0,User19,,
1490267256377,Mouse Moved,1100.0,866.0,User19,,
1490267256378,Mouse Moved,1099.0,867.0,User19,,
1490267256381,Mouse Moved,1098.0,868.0,User19,,
1490267256384,Mouse Moved,1097.0,869.0,User19,,
1490267256385,Mouse Moved,1097.0,870.0,User19,,
1490267256387,Mouse Moved,1097.0,871.0,User19,,
1490267256388,Mouse Moved,1096.0,871.0,User19,,
1490267256391,Mouse Moved,1096.0,872.0,User19,,
1490267256394,Mouse Moved,1095.0,874.0,User19,,
1490267256395,Mouse Moved,1094.0,874.0,User19,,
1490267256397,Mouse Moved,1094.0,875.0,User19,,
1490267256398,Mouse Moved,1094.0,876.0,User19,,
1490267256401,Mouse Moved,1093.0,876.0,User19,,
1490267256404,Mouse Moved,1093.0,878.0,User19,,
1490267256405,Mouse Moved,1092.0,878.0,User19,,
1490267256407,Mouse Moved,1092.0,879.0,User19,,
1490267256408,Mouse Moved,1092.0,880.0,User19,,
1490267256411,Mouse Moved,1091.0,880.0,User19,,
1490267256413,Mouse Moved,1091.0,881.0,User19,,
1490267256415,Mouse Moved,1090.0,881.0,User19,,
1490267256417,Mouse Moved,1090.0,882.0,User19,,
1490267256418,Mouse Moved,1089.0,883.0,User19,,
1490267256421,Mouse Moved,1089.0,884.0,User19,,
1490267256423,Mouse Moved,1088.0,884.0,User19,,
1490267256424,Mouse Moved,1088.0,885.0,User19,,
1490267256426,Mouse Moved,1088.0,886.0,User19,,
1490267256427,Mouse Moved,1087.0,886.0,User19,,
1490267256430,Mouse Moved,1087.0,887.0,User19,,
1490267256433,Mouse Moved,1086.0,888.0,User19,,
1490267256434,Mouse Moved,1085.0,889.0,User19,,
1490267256436,Mouse Moved,1084.0,890.0,User19,,
1490267256437,Mouse Moved,1083.0,890.0,User19,,
1490267256440,Mouse Moved,1083.0,891.0,User19,,
1490267256443,Mouse Moved,1082.0,892.0,User19,,
1490267256444,Mouse Moved,1081.0,892.0,User19,,
1490267256446,Mouse Moved,1081.0,893.0,User19,,
1490267256447,Mouse Moved,1080.0,894.0,User19,,
1490267256450,Mouse Moved,1076.0,897.0,User19,,
1490267256451,Mouse Moved,1073.0,900.0,User19,,
1490267256466,Mouse Moved,1072.0,900.0,User19,,
1490267256467,Mouse Moved,1071.0,900.0,User19,,
1490267256470,Mouse Moved,1071.0,901.0,User19,,
1490267256480,Mouse Moved,1069.0,901.0,User19,,
1490267256483,Mouse Moved,1068.0,901.0,User19,,
1490267256484,Mouse Moved,1068.0,902.0,User19,,
1490267256494,Mouse Moved,1067.0,902.0,User19,,
1490267256496,Mouse Moved,1066.0,902.0,User19,,
1490267256510,Mouse Moved,1065.0,902.0,User19,,
1490267256512,Mouse Moved,1064.0,902.0,User19,,
1490267256526,Mouse Moved,1063.0,902.0,User19,,
1490267256528,Mouse Moved,1063.0,903.0,User19,,
1490267256529,Mouse Moved,1062.0,903.0,User19,,
1490267256539,Mouse Moved,1061.0,903.0,User19,,
1490267256542,Mouse Moved,1060.0,903.0,User19,,
1490267256543,Mouse Moved,1060.0,904.0,User19,,
1490267256545,Mouse Moved,1059.0,904.0,User19,,
1490267256555,Mouse Moved,1058.0,904.0,User19,,
1490267256556,Mouse Moved,1057.0,904.0,User19,,
1490267256559,Mouse Moved,1056.0,904.0,User19,,
1490267256561,Mouse Moved,1055.0,904.0,User19,,
1490267256562,Mouse Moved,1054.0,904.0,User19,,
1490267256571,Mouse Moved,1053.0,904.0,User19,,
1490267256572,Mouse Moved,1052.0,904.0,User19,,
1490267256573,Mouse Moved,1051.0,904.0,User19,,
1490267256575,Mouse Moved,1050.0,904.0,User19,,
1490267256576,Mouse Moved,1049.0,904.0,User19,,
1490267256578,Mouse Moved,1049.0,905.0,User19,,
1490267256581,Mouse Moved,1048.0,905.0,User19,,
1490267256585,Mouse Moved,1047.0,905.0,User19,,
1490267256586,Mouse Moved,1046.0,905.0,User19,,
1490267256588,Mouse Moved,1045.0,905.0,User19,,
1490267256591,Mouse Moved,1044.0,905.0,User19,,
1490267256592,Mouse Moved,1043.0,905.0,User19,,
1490267256594,Mouse Moved,1042.0,905.0,User19,,
1490267256599,Mouse Moved,1041.0,905.0,User19,,
1490267256601,Mouse Moved,1040.0,906.0,User19,,
1490267256604,Mouse Moved,1039.0,906.0,User19,,
1490267256605,Mouse Moved,1038.0,906.0,User19,,
1490267256608,Mouse Moved,1037.0,906.0,User19,,
1490267256615,Mouse Moved,1030.0,908.0,User19,,
1490267256631,Mouse Moved,1023.0,910.0,User19,,
1490267256645,Mouse Moved,1023.0,911.0,User19,,
1490267256648,Mouse Moved,1021.0,912.0,User19,,
1490267256650,Mouse Moved,1020.0,912.0,User19,,
1490267256651,Mouse Moved,1019.0,913.0,User19,,
1490267256653,Mouse Moved,1018.0,913.0,User19,,
1490267256654,Mouse Moved,1017.0,913.0,User19,,
1490267256655,Mouse Moved,1017.0,914.0,User19,,
1490267256657,Mouse Moved,1016.0,914.0,User19,,
1490267256661,Mouse Moved,1015.0,914.0,User19,,
1490267256663,Mouse Moved,1014.0,914.0,User19,,
1490267256664,Mouse Moved,1013.0,915.0,User19,,
1490267256665,Mouse Moved,1012.0,915.0,User19,,
1490267256667,Mouse Moved,1011.0,916.0,User19,,
1490267256668,Mouse Moved,1009.0,917.0,User19,,
1490267256671,Mouse Moved,1008.0,917.0,User19,,
1490267256673,Mouse Moved,1007.0,918.0,User19,,
1490267256674,Mouse Moved,1006.0,918.0,User19,,
1490267256677,Mouse Moved,1005.0,918.0,User19,,
1490267256680,Mouse Moved,1003.0,919.0,User19,,
1490267256681,Mouse Moved,1002.0,919.0,User19,,
1490267256683,Mouse Moved,1001.0,919.0,User19,,
1490267256684,Mouse Moved,1001.0,920.0,User19,,
1490267256690,Mouse Moved,1000.0,920.0,User19,,
1490267256691,Mouse Moved,1000.0,921.0,User19,,
1490267256694,Mouse Moved,999.0,921.0,User19,,
1490267256697,Mouse Moved,997.0,921.0,User19,,
1490267256698,Mouse Moved,997.0,922.0,User19,,
1490267256700,Mouse Moved,996.0,922.0,User19,,
1490267256701,Mouse Moved,995.0,922.0,User19,,
1490267256703,Mouse Moved,994.0,922.0,User19,,
1490267256706,Mouse Moved,994.0,923.0,User19,,
1490267256707,Mouse Moved,993.0,923.0,User19,,
1490267256709,Mouse Moved,992.0,923.0,User19,,
1490267256710,Mouse Moved,992.0,924.0,User19,,
1490267256711,Mouse Moved,991.0,924.0,User19,,
1490267256713,Mouse Moved,990.0,924.0,User19,,
1490267256714,Mouse Moved,990.0,925.0,User19,,
1490267256720,Mouse Moved,989.0,925.0,User19,,
1490267256721,Mouse Moved,988.0,925.0,User19,,
1490267256723,Mouse Moved,988.0,926.0,User19,,
1490267256736,Mouse Moved,987.0,926.0,User19,,
1490267256795,Mouse Moved,987.0,927.0,User19,,
1490267256869,Mouse Moved,988.0,927.0,User19,,
1490267256871,Mouse Moved,988.0,926.0,User19,,
1490267256874,Mouse Moved,989.0,926.0,User19,,
1490267256885,Mouse Moved,990.0,926.0,User19,,
1490267256887,Mouse Moved,991.0,926.0,User19,,
1490267256888,Mouse Moved,991.0,925.0,User19,,
1490267256891,Mouse Moved,992.0,925.0,User19,,
1490267256892,Mouse Moved,992.0,924.0,User19,,
1490267256894,Mouse Moved,993.0,924.0,User19,,
1490267256901,Mouse Moved,994.0,924.0,User19,,
1490267256904,Mouse Moved,995.0,923.0,User19,,
1490267256905,Mouse Moved,996.0,923.0,User19,,
1490267256907,Mouse Moved,997.0,923.0,User19,,
1490267256915,Mouse Moved,998.0,923.0,User19,,
1490267256917,Mouse Moved,999.0,923.0,User19,,
1490267256920,Mouse Moved,999.0,922.0,User19,,
1490267256921,Mouse Moved,1000.0,922.0,User19,,
1490267256923,Mouse Moved,1003.0,921.0,User19,,
1490267256930,Mouse Moved,1004.0,921.0,User19,,
1490267256931,Mouse Moved,1005.0,921.0,User19,,
1490267256934,Mouse Moved,1005.0,920.0,User19,,
1490267256937,Mouse Moved,1007.0,920.0,User19,,
1490267256944,Mouse Moved,1008.0,919.0,User19,,
1490267256947,Mouse Moved,1009.0,919.0,User19,,
1490267256948,Mouse Moved,1010.0,919.0,User19,,
1490267256950,Mouse Moved,1011.0,919.0,User19,,
1490267256953,Mouse Moved,1012.0,919.0,User19,,
1490267256956,Mouse Moved,1014.0,919.0,User19,,
1490267256960,Mouse Moved,1015.0,919.0,User19,,
1490267256961,Mouse Moved,1016.0,919.0,User19,,
1490267256963,Mouse Moved,1016.0,918.0,User19,,
1490267256966,Mouse Moved,1017.0,918.0,User19,,
1490267256967,Mouse Moved,1018.0,918.0,User19,,
1490267256969,Mouse Moved,1019.0,918.0,User19,,
1490267256970,Mouse Moved,1020.0,918.0,User19,,
1490267256973,Mouse Moved,1021.0,918.0,User19,,
1490267256976,Mouse Moved,1022.0,918.0,User19,,
1490267256979,Mouse Moved,1023.0,918.0,User19,,
1490267256980,Mouse Moved,1024.0,918.0,User19,,
1490267256982,Mouse Moved,1025.0,918.0,User19,,
1490267256983,Mouse Moved,1027.0,918.0,User19,,
1490267256984,Mouse Moved,1028.0,918.0,User19,,
1490267256986,Mouse Moved,1029.0,918.0,User19,,
1490267256990,Mouse Moved,1031.0,918.0,User19,,
1490267256992,Mouse Moved,1032.0,918.0,User19,,
1490267256993,Mouse Moved,1033.0,918.0,User19,,
1490267256996,Mouse Moved,1034.0,918.0,User19,,
1490267256999,Mouse Moved,1036.0,918.0,User19,,
1490267257006,Mouse Moved,1038.0,918.0,User19,,
1490267257007,Mouse Moved,1039.0,918.0,User19,,
1490267257009,Mouse Moved,1040.0,918.0,User19,,
1490267257010,Mouse Moved,1041.0,918.0,User19,,
1490267257013,Mouse Moved,1042.0,918.0,User19,,
1490267257016,Mouse Moved,1044.0,918.0,User19,,
1490267257020,Mouse Moved,1045.0,918.0,User19,,
1490267257023,Mouse Moved,1046.0,918.0,User19,,
1490267257026,Mouse Moved,1048.0,918.0,User19,,
1490267257028,Mouse Moved,1049.0,918.0,User19,,
1490267257029,Mouse Moved,1050.0,918.0,User19,,
1490267257030,Mouse Moved,1051.0,918.0,User19,,
1490267257032,Mouse Moved,1052.0,918.0,User19,,
1490267257035,Mouse Moved,1053.0,918.0,User19,,
1490267257036,Mouse Moved,1054.0,918.0,User19,,
1490267257038,Mouse Moved,1055.0,918.0,User19,,
1490267257039,Mouse Moved,1056.0,918.0,User19,,
1490267257042,Mouse Moved,1057.0,918.0,User19,,
1490267257045,Mouse Moved,1059.0,918.0,User19,,
1490267257049,Mouse Moved,1060.0,918.0,User19,,
1490267257052,Mouse Moved,1061.0,918.0,User19,,
1490267257053,Mouse Moved,1062.0,918.0,User19,,
1490267257055,Mouse Moved,1063.0,918.0,User19,,
1490267257056,Mouse Moved,1064.0,918.0,User19,,
1490267257059,Mouse Moved,1065.0,918.0,User19,,
1490267257062,Mouse Moved,1067.0,918.0,User19,,
1490267257068,Mouse Moved,1069.0,919.0,User19,,
1490267257069,Mouse Moved,1070.0,919.0,User19,,
1490267257071,Mouse Moved,1071.0,919.0,User19,,
1490267257072,Mouse Moved,1072.0,919.0,User19,,
1490267257073,Mouse Moved,1073.0,919.0,User19,,
1490267257075,Mouse Moved,1074.0,919.0,User19,,
1490267257078,Mouse Moved,1075.0,919.0,User19,,
1490267257081,Mouse Moved,1076.0,920.0,User19,,
1490267257082,Mouse Moved,1077.0,920.0,User19,,
1490267257084,Mouse Moved,1078.0,921.0,User19,,
1490267257085,Mouse Moved,1079.0,921.0,User19,,
1490267257086,Mouse Moved,1080.0,921.0,User19,,
1490267257088,Mouse Moved,1081.0,921.0,User19,,
1490267257091,Mouse Moved,1082.0,921.0,User19,,
1490267257092,Mouse Moved,1084.0,921.0,User19,,
1490267257094,Mouse Moved,1085.0,922.0,User19,,
1490267257095,Mouse Moved,1086.0,922.0,User19,,
1490267257098,Mouse Moved,1087.0,922.0,User19,,
1490267257101,Mouse Moved,1089.0,922.0,User19,,
1490267257102,Mouse Moved,1090.0,922.0,User19,,
1490267257105,Mouse Moved,1091.0,922.0,User19,,
1490267257108,Mouse Moved,1093.0,922.0,User19,,
1490267257109,Mouse Moved,1094.0,923.0,User19,,
1490267257111,Mouse Moved,1095.0,923.0,User19,,
1490267257112,Mouse Moved,1096.0,923.0,User19,,
1490267257115,Mouse Moved,1097.0,923.0,User19,,
1490267257117,Mouse Moved,1098.0,923.0,User19,,
1490267257118,Mouse Moved,1100.0,924.0,User19,,
1490267257125,Mouse Moved,1101.0,924.0,User19,,
1490267257127,Mouse Moved,1102.0,925.0,User19,,
1490267257128,Mouse Moved,1104.0,925.0,User19,,
1490267257131,Mouse Moved,1105.0,925.0,User19,,
1490267257140,Mouse Moved,1106.0,925.0,User19,,
1490267257141,Mouse Moved,1107.0,925.0,User19,,
1490267257144,Mouse Moved,1108.0,925.0,User19,,
1490267257145,Mouse Moved,1109.0,925.0,User19,,
1490267257147,Mouse Moved,1109.0,926.0,User19,,
1490267257148,Mouse Moved,1110.0,926.0,User19,,
1490267257155,Mouse Moved,1111.0,926.0,User19,,
1490267257157,Mouse Moved,1112.0,926.0,User19,,
1490267257158,Mouse Moved,1113.0,926.0,User19,,
1490267257171,Mouse Moved,1114.0,926.0,User19,,
1490267257173,Mouse Moved,1115.0,926.0,User19,,
1490267257174,Mouse Moved,1116.0,926.0,User19,,
1490267257176,Mouse Moved,1117.0,926.0,User19,,
1490267257177,Mouse Moved,1117.0,927.0,User19,,
1490267257186,Mouse Moved,1118.0,927.0,User19,,
1490267257200,Mouse Moved,1119.0,927.0,User19,,
1490267257203,Mouse Moved,1120.0,927.0,User19,,
1490267257260,Mouse Moved,1121.0,927.0,User19,,
1490267257289,Mouse Moved,1122.0,927.0,User19,,
1490267257292,Mouse Moved,1122.0,928.0,User19,,
1490267257365,Mouse Moved,1122.0,929.0,User19,,
1490267257381,Mouse Moved,1121.0,929.0,User19,,
1490267257382,Mouse Moved,1120.0,929.0,User19,,
1490267257384,Mouse Moved,1119.0,929.0,User19,,
1490267257394,Mouse Moved,1118.0,929.0,User19,,
1490267257397,Mouse Moved,1117.0,929.0,User19,,
1490267257398,Mouse Moved,1116.0,929.0,User19,,
1490267257401,Mouse Moved,1115.0,929.0,User19,,
1490267257404,Mouse Moved,1113.0,929.0,User19,,
1490267257411,Mouse Moved,1112.0,929.0,User19,,
1490267257414,Mouse Moved,1110.0,929.0,User19,,
1490267257415,Mouse Moved,1109.0,929.0,User19,,
1490267257417,Mouse Moved,1108.0,929.0,User19,,
1490267257420,Mouse Moved,1107.0,929.0,User19,,
1490267257421,Mouse Moved,1106.0,929.0,User19,,
1490267257423,Mouse Moved,1105.0,929.0,User19,,
1490267257424,Mouse Moved,1104.0,929.0,User19,,
1490267257427,Mouse Moved,1103.0,929.0,User19,,
1490267257430,Mouse Moved,1100.0,929.0,User19,,
1490267257431,Mouse Moved,1099.0,929.0,User19,,
1490267257434,Mouse Moved,1098.0,929.0,User19,,
1490267257437,Mouse Moved,1096.0,929.0,User19,,
1490267257438,Mouse Moved,1095.0,929.0,User19,,
1490267257440,Mouse Moved,1093.0,929.0,User19,,
1490267257441,Mouse Moved,1092.0,929.0,User19,,
1490267257444,Mouse Moved,1091.0,929.0,User19,,
1490267257447,Mouse Moved,1089.0,929.0,User19,,
1490267257448,Mouse Moved,1088.0,929.0,User19,,
1490267257450,Mouse Moved,1087.0,929.0,User19,,
1490267257451,Mouse Moved,1086.0,929.0,User19,,
1490267257453,Mouse Moved,1085.0,929.0,User19,,
1490267257456,Mouse Moved,1084.0,929.0,User19,,
1490267257457,Mouse Moved,1083.0,929.0,User19,,
1490267257459,Mouse Moved,1082.0,929.0,User19,,
1490267257460,Mouse Moved,1081.0,929.0,User19,,
1490267257463,Mouse Moved,1080.0,929.0,User19,,
1490267257466,Mouse Moved,1078.0,929.0,User19,,
1490267257467,Mouse Moved,1077.0,929.0,User19,,
1490267257469,Mouse Moved,1076.0,929.0,User19,,
1490267257470,Mouse Moved,1075.0,929.0,User19,,
1490267257473,Mouse Moved,1074.0,929.0,User19,,
1490267257476,Mouse Moved,1060.0,930.0,User19,,
1490267257484,Mouse Moved,1048.0,930.0,User19,,
1490267257500,Mouse Moved,1038.0,930.0,User19,,
1490267257515,Mouse Moved,1037.0,930.0,User19,,
1490267257516,Mouse Moved,1035.0,930.0,User19,,
1490267257519,Mouse Moved,1034.0,930.0,User19,,
1490267257522,Mouse Moved,1031.0,930.0,User19,,
1490267257523,Mouse Moved,1030.0,930.0,User19,,
1490267257525,Mouse Moved,1029.0,930.0,User19,,
1490267257526,Mouse Moved,1028.0,930.0,User19,,
1490267257529,Mouse Moved,1027.0,930.0,User19,,
1490267257530,Mouse Moved,1026.0,930.0,User19,,
1490267257532,Mouse Moved,1024.0,930.0,User19,,
1490267257533,Mouse Moved,1023.0,930.0,User19,,
1490267257536,Mouse Moved,1022.0,930.0,User19,,
1490267257538,Mouse Moved,1021.0,930.0,User19,,
1490267257539,Mouse Moved,1020.0,930.0,User19,,
1490267257540,Mouse Moved,1019.0,930.0,User19,,
1490267257542,Mouse Moved,1018.0,930.0,User19,,
1490267257546,Mouse Moved,1017.0,930.0,User19,,
1490267257548,Mouse Moved,1016.0,930.0,User19,,
1490267257549,Mouse Moved,1015.0,930.0,User19,,
1490267257552,Mouse Moved,1014.0,930.0,User19,,
1490267257553,Mouse Moved,1013.0,930.0,User19,,
1490267257555,Mouse Moved,1012.0,930.0,User19,,
1490267257556,Mouse Moved,1011.0,930.0,User19,,
1490267257562,Mouse Moved,1010.0,930.0,User19,,
1490267257565,Mouse Moved,1009.0,930.0,User19,,
1490267257568,Mouse Moved,1007.0,930.0,User19,,
1490267257569,Mouse Moved,1006.0,930.0,User19,,
1490267257572,Mouse Moved,1005.0,930.0,User19,,
1490267257575,Mouse Moved,1004.0,930.0,User19,,
1490267257578,Mouse Moved,1003.0,930.0,User19,,
1490267257579,Mouse Moved,1002.0,930.0,User19,,
1490267257582,Mouse Moved,1001.0,930.0,User19,,
1490267257591,Mouse Moved,1000.0,930.0,User19,,
1490267257592,Mouse Moved,999.0,930.0,User19,,
1490267257595,Mouse Moved,998.0,930.0,User19,,
1490267257598,Mouse Moved,996.0,930.0,User19,,
1490267257605,Mouse Moved,995.0,930.0,User19,,
1490267257608,Mouse Moved,994.0,930.0,User19,,
1490267257609,Mouse Moved,993.0,930.0,User19,,
1490267257611,Mouse Moved,992.0,930.0,User19,,
1490267257612,Mouse Moved,991.0,930.0,User19,,
1490267257621,Mouse Moved,990.0,930.0,User19,,
1490267257624,Mouse Moved,989.0,930.0,User19,,
1490267257625,Mouse Moved,988.0,930.0,User19,,
1490267257627,Mouse Moved,987.0,930.0,User19,,
1490267257628,Mouse Moved,986.0,930.0,User19,,
1490267257631,Mouse Moved,985.0,930.0,User19,,
1490267257635,Mouse Moved,982.0,930.0,User19,,
1490267257638,Mouse Moved,981.0,930.0,User19,,
1490267257641,Mouse Moved,979.0,930.0,User19,,
1490267257642,Mouse Moved,978.0,930.0,User19,,
1490267257644,Mouse Moved,977.0,930.0,User19,,
1490267257645,Mouse Moved,975.0,930.0,User19,,
1490267257651,Mouse Moved,974.0,930.0,User19,,
1490267257654,Mouse Moved,972.0,930.0,User19,,
1490267257655,Mouse Moved,971.0,930.0,User19,,
1490267257657,Mouse Moved,970.0,930.0,User19,,
1490267257658,Mouse Moved,969.0,930.0,User19,,
1490267257661,Mouse Moved,967.0,930.0,User19,,
1490267257663,Mouse Moved,966.0,930.0,User19,,
1490267257665,Mouse Moved,965.0,930.0,User19,,
1490267257667,Mouse Moved,964.0,930.0,User19,,
1490267257668,Mouse Moved,963.0,930.0,User19,,
1490267257671,Mouse Moved,962.0,930.0,User19,,
1490267257674,Mouse Moved,959.0,930.0,User19,,
1490267257676,Mouse Moved,958.0,930.0,User19,,
1490267257677,Mouse Moved,957.0,930.0,User19,,
1490267257678,Mouse Moved,956.0,930.0,User19,,
1490267257680,Mouse Moved,954.0,930.0,User19,,
1490267257683,Mouse Moved,953.0,930.0,User19,,
1490267257684,Mouse Moved,952.0,930.0,User19,,
1490267257686,Mouse Moved,951.0,930.0,User19,,
1490267257687,Mouse Moved,950.0,930.0,User19,,
1490267257690,Mouse Moved,949.0,930.0,User19,,
1490267257693,Mouse Moved,947.0,930.0,User19,,
1490267257694,Mouse Moved,946.0,930.0,User19,,
1490267257696,Mouse Moved,944.0,930.0,User19,,
1490267257697,Mouse Moved,943.0,930.0,User19,,
1490267257698,Mouse Moved,942.0,930.0,User19,,
1490267257700,Mouse Moved,941.0,930.0,User19,,
1490267257703,Mouse Moved,940.0,930.0,User19,,
1490267257706,Mouse Moved,931.0,929.0,User19,,
1490267257710,Mouse Moved,919.0,928.0,User19,,
1490267257740,Mouse Moved,904.0,927.0,User19,,
1490267257742,Mouse Moved,903.0,927.0,User19,,
1490267257743,Mouse Moved,902.0,927.0,User19,,
1490267257746,Mouse Moved,901.0,927.0,User19,,
1490267257747,Mouse Moved,900.0,927.0,User19,,
1490267257749,Mouse Moved,898.0,927.0,User19,,
1490267257750,Mouse Moved,897.0,927.0,User19,,
1490267257753,Mouse Moved,896.0,926.0,User19,,
1490267257756,Mouse Moved,894.0,926.0,User19,,
1490267257757,Mouse Moved,893.0,926.0,User19,,
1490267257759,Mouse Moved,892.0,925.0,User19,,
1490267257760,Mouse Moved,891.0,925.0,User19,,
1490267257763,Mouse Moved,890.0,925.0,User19,,
1490267257766,Mouse Moved,888.0,925.0,User19,,
1490267257767,Mouse Moved,887.0,925.0,User19,,
1490267257769,Mouse Moved,886.0,925.0,User19,,
1490267257770,Mouse Moved,885.0,925.0,User19,,
1490267257773,Mouse Moved,884.0,925.0,User19,,
1490267257775,Mouse Moved,883.0,925.0,User19,,
1490267257776,Mouse Moved,882.0,925.0,User19,,
1490267257778,Mouse Moved,881.0,925.0,User19,,
1490267257779,Mouse Moved,880.0,925.0,User19,,
1490267257782,Mouse Moved,879.0,925.0,User19,,
1490267257785,Mouse Moved,877.0,925.0,User19,,
1490267257786,Mouse Moved,875.0,924.0,User19,,
1490267257788,Mouse Moved,874.0,924.0,User19,,
1490267257789,Mouse Moved,873.0,924.0,User19,,
1490267257792,Mouse Moved,871.0,924.0,User19,,
1490267257795,Mouse Moved,869.0,924.0,User19,,
1490267257796,Mouse Moved,868.0,924.0,User19,,
1490267257798,Mouse Moved,867.0,923.0,User19,,
1490267257799,Mouse Moved,866.0,923.0,User19,,
1490267257802,Mouse Moved,865.0,923.0,User19,,
1490267257805,Mouse Moved,863.0,923.0,User19,,
1490267257806,Mouse Moved,862.0,923.0,User19,,
1490267257809,Mouse Moved,861.0,923.0,User19,,
1490267257811,Mouse Moved,860.0,922.0,User19,,
1490267257812,Mouse Moved,859.0,922.0,User19,,
1490267257815,Mouse Moved,858.0,922.0,User19,,
1490267257818,Mouse Moved,855.0,922.0,User19,,
1490267257819,Mouse Moved,854.0,922.0,User19,,
1490267257821,Mouse Moved,853.0,922.0,User19,,
1490267257822,Mouse Moved,852.0,922.0,User19,,
1490267257825,Mouse Moved,851.0,921.0,User19,,
1490267257828,Mouse Moved,849.0,921.0,User19,,
1490267257829,Mouse Moved,848.0,921.0,User19,,
1490267257831,Mouse Moved,846.0,921.0,User19,,
1490267257832,Mouse Moved,845.0,921.0,User19,,
1490267257835,Mouse Moved,843.0,921.0,User19,,
1490267257838,Mouse Moved,840.0,921.0,User19,,
1490267257839,Mouse Moved,839.0,921.0,User19,,
1490267257842,Mouse Moved,838.0,921.0,User19,,
1490267257845,Mouse Moved,836.0,920.0,User19,,
1490267257846,Mouse Moved,835.0,920.0,User19,,
1490267257848,Mouse Moved,835.0,919.0,User19,,
1490267257849,Mouse Moved,834.0,919.0,User19,,
1490267257851,Mouse Moved,833.0,919.0,User19,,
1490267257852,Mouse Moved,832.0,919.0,User19,,
1490267257855,Mouse Moved,830.0,919.0,User19,,
1490267257858,Mouse Moved,828.0,919.0,User19,,
1490267257859,Mouse Moved,827.0,919.0,User19,,
1490267257861,Mouse Moved,826.0,919.0,User19,,
1490267257862,Mouse Moved,825.0,919.0,User19,,
1490267257865,Mouse Moved,824.0,919.0,User19,,
1490267257867,Mouse Moved,824.0,918.0,User19,,
1490267257868,Mouse Moved,823.0,918.0,User19,,
1490267257869,Mouse Moved,822.0,918.0,User19,,
1490267257871,Mouse Moved,821.0,918.0,User19,,
1490267257872,Mouse Moved,820.0,918.0,User19,,
1490267257875,Mouse Moved,819.0,918.0,User19,,
1490267257878,Mouse Moved,817.0,918.0,User19,,
1490267257880,Mouse Moved,816.0,918.0,User19,,
1490267257881,Mouse Moved,815.0,918.0,User19,,
1490267257882,Mouse Moved,815.0,917.0,User19,,
1490267257884,Mouse Moved,814.0,917.0,User19,,
1490267257885,Mouse Moved,813.0,917.0,User19,,
1490267257888,Mouse Moved,812.0,917.0,User19,,
1490267257890,Mouse Moved,811.0,917.0,User19,,
1490267257891,Mouse Moved,810.0,917.0,User19,,
1490267257892,Mouse Moved,809.0,917.0,User19,,
1490267257894,Mouse Moved,809.0,916.0,User19,,
1490267257897,Mouse Moved,808.0,916.0,User19,,
1490267257898,Mouse Moved,807.0,916.0,User19,,
1490267257900,Mouse Moved,806.0,916.0,User19,,
1490267257901,Mouse Moved,805.0,916.0,User19,,
1490267257903,Mouse Moved,804.0,916.0,User19,,
1490267257904,Mouse Moved,804.0,915.0,User19,,
1490267257907,Mouse Moved,803.0,915.0,User19,,
1490267257950,Mouse Moved,803.0,914.0,User19,,
1490267257966,Mouse Moved,804.0,914.0,User19,,
1490267257967,Mouse Moved,804.0,913.0,User19,,
1490267257980,Mouse Moved,805.0,913.0,User19,,
1490267257983,Mouse Moved,806.0,913.0,User19,,
1490267257984,Mouse Moved,807.0,913.0,User19,,
1490267257986,Mouse Moved,807.0,912.0,User19,,
1490267257994,Mouse Moved,808.0,912.0,User19,,
1490267257996,Mouse Moved,809.0,911.0,User19,,
1490267257999,Mouse Moved,810.0,911.0,User19,,
1490267258000,Mouse Moved,811.0,911.0,User19,,
1490267258002,Mouse Moved,812.0,911.0,User19,,
1490267258009,Mouse Moved,813.0,911.0,User19,,
1490267258012,Mouse Moved,814.0,911.0,User19,,
1490267258013,Mouse Moved,815.0,910.0,User19,,
1490267258016,Mouse Moved,816.0,910.0,User19,,
1490267258019,Mouse Moved,818.0,910.0,User19,,
1490267258020,Mouse Moved,819.0,910.0,User19,,
1490267258025,Mouse Moved,820.0,910.0,User19,,
1490267258026,Mouse Moved,821.0,910.0,User19,,
1490267258029,Mouse Moved,822.0,910.0,User19,,
1490267258032,Mouse Moved,824.0,909.0,User19,,
1490267258035,Mouse Moved,826.0,909.0,User19,,
1490267258036,Mouse Moved,828.0,909.0,User19,,
1490267258038,Mouse Moved,829.0,909.0,User19,,
1490267258039,Mouse Moved,830.0,909.0,User19,,
1490267258042,Mouse Moved,831.0,909.0,User19,,
1490267258045,Mouse Moved,833.0,909.0,User19,,
1490267258046,Mouse Moved,834.0,908.0,User19,,
1490267258048,Mouse Moved,835.0,908.0,User19,,
1490267258049,Mouse Moved,836.0,908.0,User19,,
1490267258052,Mouse Moved,838.0,908.0,User19,,
1490267258055,Mouse Moved,841.0,908.0,User19,,
1490267258056,Mouse Moved,842.0,908.0,User19,,
1490267258058,Mouse Moved,844.0,908.0,User19,,
1490267258059,Mouse Moved,845.0,908.0,User19,,
1490267258062,Mouse Moved,846.0,908.0,User19,,
1490267258065,Mouse Moved,849.0,908.0,User19,,
1490267258066,Mouse Moved,850.0,908.0,User19,,
1490267258068,Mouse Moved,851.0,908.0,User19,,
1490267258069,Mouse Moved,853.0,908.0,User19,,
1490267258071,Mouse Moved,854.0,908.0,User19,,
1490267258072,Mouse Moved,855.0,908.0,User19,,
1490267258075,Mouse Moved,856.0,908.0,User19,,
1490267258078,Mouse Moved,860.0,908.0,User19,,
1490267258079,Mouse Moved,861.0,908.0,User19,,
1490267258081,Mouse Moved,862.0,908.0,User19,,
1490267258082,Mouse Moved,864.0,908.0,User19,,
1490267258085,Mouse Moved,866.0,908.0,User19,,
1490267258088,Mouse Moved,868.0,908.0,User19,,
1490267258091,Mouse Moved,873.0,908.0,User19,,
1490267258092,Mouse Moved,875.0,908.0,User19,,
1490267258094,Mouse Moved,876.0,908.0,User19,,
1490267258095,Mouse Moved,879.0,908.0,User19,,
1490267258098,Mouse Moved,880.0,908.0,User19,,
1490267258101,Mouse Moved,883.0,908.0,User19,,
1490267258102,Mouse Moved,885.0,908.0,User19,,
1490267258105,Mouse Moved,888.0,908.0,User19,,
1490267258108,Mouse Moved,894.0,908.0,User19,,
1490267258109,Mouse Moved,922.0,908.0,User19,,
1490267258111,Mouse Moved,949.0,909.0,User19,,
1490267258115,Mouse Moved,977.0,911.0,User19,,
1490267258131,Mouse Moved,1005.0,913.0,User19,,
1490267258145,Mouse Moved,1007.0,914.0,User19,,
1490267258148,Mouse Moved,1009.0,914.0,User19,,
1490267258151,Mouse Moved,1013.0,914.0,User19,,
1490267258153,Mouse Moved,1014.0,915.0,User19,,
1490267258154,Mouse Moved,1017.0,915.0,User19,,
1490267258155,Mouse Moved,1018.0,915.0,User19,,
1490267258157,Mouse Moved,1019.0,915.0,User19,,
1490267258158,Mouse Moved,1020.0,915.0,User19,,
1490267258161,Mouse Moved,1023.0,915.0,User19,,
1490267258163,Mouse Moved,1024.0,915.0,User19,,
1490267258164,Mouse Moved,1026.0,916.0,User19,,
1490267258165,Mouse Moved,1028.0,916.0,User19,,
1490267258167,Mouse Moved,1029.0,916.0,User19,,
1490267258168,Mouse Moved,1031.0,916.0,User19,,
1490267258171,Mouse Moved,1033.0,916.0,User19,,
1490267258174,Mouse Moved,1036.0,917.0,User19,,
1490267258176,Mouse Moved,1038.0,917.0,User19,,
1490267258177,Mouse Moved,1039.0,917.0,User19,,
1490267258178,Mouse Moved,1040.0,917.0,User19,,
1490267258180,Mouse Moved,1041.0,917.0,User19,,
1490267258184,Mouse Moved,1043.0,918.0,User19,,
1490267258186,Mouse Moved,1045.0,918.0,User19,,
1490267258187,Mouse Moved,1046.0,918.0,User19,,
1490267258190,Mouse Moved,1047.0,918.0,User19,,
1490267258193,Mouse Moved,1050.0,919.0,User19,,
1490267258194,Mouse Moved,1051.0,919.0,User19,,
1490267258196,Mouse Moved,1053.0,919.0,User19,,
1490267258197,Mouse Moved,1055.0,919.0,User19,,
1490267258198,Mouse Moved,1057.0,919.0,User19,,
1490267258200,Mouse Moved,1059.0,920.0,User19,,
1490267258201,Mouse Moved,1060.0,920.0,User19,,
1490267258203,Mouse Moved,1061.0,920.0,User19,,
1490267258206,Mouse Moved,1063.0,920.0,User19,,
1490267258207,Mouse Moved,1064.0,921.0,User19,,
1490267258209,Mouse Moved,1066.0,921.0,User19,,
1490267258210,Mouse Moved,1067.0,921.0,User19,,
1490267258211,Mouse Moved,1069.0,921.0,User19,,
1490267258213,Mouse Moved,1070.0,921.0,User19,,
1490267258216,Mouse Moved,1071.0,922.0,User19,,
1490267258220,Mouse Moved,1072.0,922.0,User19,,
1490267258223,Mouse Moved,1075.0,922.0,User19,,
1490267258224,Mouse Moved,1077.0,923.0,User19,,
1490267258226,Mouse Moved,1079.0,923.0,User19,,
1490267258227,Mouse Moved,1081.0,923.0,User19,,
1490267258230,Mouse Moved,1082.0,923.0,User19,,
1490267258233,Mouse Moved,1084.0,923.0,User19,,
1490267258234,Mouse Moved,1085.0,924.0,User19,,
1490267258236,Mouse Moved,1086.0,924.0,User19,,
1490267258237,Mouse Moved,1087.0,924.0,User19,,
1490267258240,Mouse Moved,1088.0,924.0,User19,,
1490267258242,Mouse Moved,1089.0,924.0,User19,,
1490267258243,Mouse Moved,1091.0,924.0,User19,,
1490267258244,Mouse Moved,1091.0,925.0,User19,,
1490267258246,Mouse Moved,1092.0,925.0,User19,,
1490267258247,Mouse Moved,1094.0,925.0,User19,,
1490267258250,Mouse Moved,1095.0,925.0,User19,,
1490267258252,Mouse Moved,1096.0,925.0,User19,,
1490267258253,Mouse Moved,1097.0,925.0,User19,,
1490267258256,Mouse Moved,1098.0,925.0,User19,,
1490267258259,Mouse Moved,1100.0,926.0,User19,,
1490267258260,Mouse Moved,1101.0,926.0,User19,,
1490267258263,Mouse Moved,1103.0,926.0,User19,,
1490267258265,Mouse Moved,1104.0,926.0,User19,,
1490267258266,Mouse Moved,1105.0,927.0,User19,,
1490267258267,Mouse Moved,1106.0,927.0,User19,,
1490267258269,Mouse Moved,1107.0,927.0,User19,,
1490267258270,Mouse Moved,1108.0,927.0,User19,,
1490267258273,Mouse Moved,1109.0,927.0,User19,,
1490267258275,Mouse Moved,1110.0,928.0,User19,,
1490267258276,Mouse Moved,1111.0,928.0,User19,,
1490267258278,Mouse Moved,1112.0,928.0,User19,,
1490267258279,Mouse Moved,1113.0,928.0,User19,,
1490267258282,Mouse Moved,1114.0,928.0,User19,,
1490267258286,Mouse Moved,1116.0,928.0,User19,,
1490267258288,Mouse Moved,1117.0,928.0,User19,,
1490267258289,Mouse Moved,1119.0,928.0,User19,,
1490267258292,Mouse Moved,1120.0,928.0,User19,,
1490267258293,Mouse Moved,1121.0,928.0,User19,,
1490267258295,Mouse Moved,1122.0,928.0,User19,,
1490267258296,Mouse Moved,1122.0,929.0,User19,,
1490267258299,Mouse Moved,1123.0,929.0,User19,,
1490267258302,Mouse Moved,1125.0,929.0,User19,,
1490267258303,Mouse Moved,1126.0,930.0,User19,,
1490267258305,Mouse Moved,1127.0,930.0,User19,,
1490267258306,Mouse Moved,1128.0,930.0,User19,,
1490267258309,Mouse Moved,1129.0,930.0,User19,,
1490267258311,Mouse Moved,1130.0,930.0,User19,,
1490267258312,Mouse Moved,1131.0,930.0,User19,,
1490267258313,Mouse Moved,1133.0,930.0,User19,,
1490267258315,Mouse Moved,1134.0,930.0,User19,,
1490267258316,Mouse Moved,1134.0,931.0,User19,,
1490267258319,Mouse Moved,1135.0,931.0,User19,,
1490267258321,Mouse Moved,1136.0,931.0,User19,,
1490267258322,Mouse Moved,1137.0,931.0,User19,,
1490267258323,Mouse Moved,1138.0,931.0,User19,,
1490267258325,Mouse Moved,1139.0,931.0,User19,,
1490267258326,Mouse Moved,1140.0,931.0,User19,,
1490267258328,Mouse Moved,1141.0,931.0,User19,,
1490267258331,Mouse Moved,1142.0,931.0,User19,,
1490267258332,Mouse Moved,1143.0,932.0,User19,,
1490267258334,Mouse Moved,1145.0,932.0,User19,,
1490267258335,Mouse Moved,1146.0,932.0,User19,,
1490267258336,Mouse Moved,1147.0,932.0,User19,,
1490267258338,Mouse Moved,1148.0,932.0,User19,,
1490267258341,Mouse Moved,1149.0,932.0,User19,,
1490267258342,Mouse Moved,1150.0,932.0,User19,,
1490267258344,Mouse Moved,1150.0,933.0,User19,,
1490267258345,Mouse Moved,1151.0,933.0,User19,,
1490267258348,Mouse Moved,1152.0,933.0,User19,,
1490267258351,Mouse Moved,1153.0,934.0,User19,,
1490267258352,Mouse Moved,1154.0,934.0,User19,,
1490267258355,Mouse Moved,1155.0,934.0,User19,,
1490267258358,Mouse Moved,1157.0,934.0,User19,,
1490267258359,Mouse Moved,1158.0,934.0,User19,,
1490267258361,Mouse Moved,1159.0,934.0,User19,,
1490267258362,Mouse Moved,1160.0,934.0,User19,,
1490267258365,Mouse Moved,1161.0,934.0,User19,,
1490267258368,Mouse Moved,1162.0,935.0,User19,,
1490267258369,Mouse Moved,1163.0,935.0,User19,,
1490267258371,Mouse Moved,1164.0,935.0,User19,,
1490267258372,Mouse Moved,1165.0,935.0,User19,,
1490267258375,Mouse Moved,1166.0,935.0,User19,,
1490267258655,Mouse Moved,1165.0,935.0,User19,,
1490267258671,Mouse Moved,1164.0,935.0,User19,,
1490267258686,Mouse Moved,1160.0,935.0,User19,,
1490267258700,Mouse Moved,1156.0,935.0,User19,,
1490267258716,Mouse Moved,1153.0,935.0,User19,,
1490267258730,Mouse Moved,1149.0,935.0,User19,,
1490267258746,Mouse Moved,1146.0,936.0,User19,,
1490267258763,Mouse Moved,1144.0,936.0,User19,,
1490267258776,Mouse Moved,1142.0,936.0,User19,,
1490267258805,Mouse Moved,1141.0,936.0,User19,,
1490267259148,Mouse Moved,1141.0,936.0,User19,,
1490267259150,Mouse Button.left Pressed,1141.0,936.0,User19,,
1490267259214,Mouse Moved,1141.0,936.0,User19,,
1490267259217,Mouse Button.left Released,1141.0,936.0,User19,,
1490267261415,Mouse Moved,1141.0,935.0,User19,,
1490267261430,Mouse Moved,1141.0,934.0,User19,,
1490267261433,Mouse Moved,1140.0,934.0,User19,,
1490267261434,Mouse Moved,1140.0,933.0,User19,,
1490267261436,Mouse Moved,1139.0,933.0,User19,,
1490267261437,Mouse Moved,1139.0,932.0,User19,,
1490267261438,Mouse Moved,1138.0,932.0,User19,,
1490267261440,Mouse Moved,1138.0,931.0,User19,,
1490267261446,Mouse Moved,1137.0,931.0,User19,,
1490267261447,Mouse Moved,1137.0,930.0,User19,,
1490267261453,Mouse Moved,1136.0,930.0,User19,,
1490267261456,Mouse Moved,1135.0,929.0,User19,,
1490267261457,Mouse Moved,1135.0,928.0,User19,,
1490267261459,Mouse Moved,1134.0,928.0,User19,,
1490267261460,Mouse Moved,1133.0,927.0,User19,,
1490267261463,Mouse Moved,1133.0,926.0,User19,,
1490267261466,Mouse Moved,1131.0,925.0,User19,,
1490267261467,Mouse Moved,1130.0,924.0,User19,,
1490267261469,Mouse Moved,1129.0,923.0,User19,,
1490267261470,Mouse Moved,1128.0,922.0,User19,,
1490267261476,Mouse Moved,1127.0,922.0,User19,,
1490267261479,Mouse Moved,1127.0,921.0,User19,,
1490267261480,Mouse Moved,1126.0,921.0,User19,,
1490267261482,Mouse Moved,1126.0,920.0,User19,,
1490267261483,Mouse Moved,1126.0,919.0,User19,,
1490267261486,Mouse Moved,1125.0,919.0,User19,,
1490267261489,Mouse Moved,1125.0,917.0,User19,,
1490267261490,Mouse Moved,1125.0,916.0,User19,,
1490267261493,Mouse Moved,1124.0,916.0,User19,,
1490267261496,Mouse Moved,1123.0,914.0,User19,,
1490267261497,Mouse Moved,1123.0,913.0,User19,,
1490267261499,Mouse Moved,1123.0,911.0,User19,,
1490267261500,Mouse Moved,1122.0,911.0,User19,,
1490267261503,Mouse Moved,1122.0,909.0,User19,,
1490267261506,Mouse Moved,1122.0,907.0,User19,,
1490267261507,Mouse Moved,1120.0,906.0,User19,,
1490267261509,Mouse Moved,1120.0,905.0,User19,,
1490267261510,Mouse Moved,1120.0,904.0,User19,,
1490267261513,Mouse Moved,1120.0,902.0,User19,,
1490267261515,Mouse Moved,1119.0,901.0,User19,,
1490267261516,Mouse Moved,1118.0,900.0,User19,,
1490267261517,Mouse Moved,1117.0,898.0,User19,,
1490267261519,Mouse Moved,1117.0,897.0,User19,,
1490267261522,Mouse Moved,1116.0,895.0,User19,,
1490267261523,Mouse Moved,1116.0,893.0,User19,,
1490267261525,Mouse Moved,1115.0,892.0,User19,,
1490267261526,Mouse Moved,1115.0,891.0,User19,,
1490267261528,Mouse Moved,1114.0,888.0,User19,,
1490267261529,Mouse Moved,1112.0,887.0,User19,,
1490267261532,Mouse Moved,1112.0,886.0,User19,,
1490267261535,Mouse Moved,1110.0,881.0,User19,,
1490267261536,Mouse Moved,1110.0,880.0,User19,,
1490267261539,Mouse Moved,1109.0,878.0,User19,,
1490267261542,Mouse Moved,1107.0,875.0,User19,,
1490267261543,Mouse Moved,1107.0,872.0,User19,,
1490267261546,Mouse Moved,1106.0,871.0,User19,,
1490267261548,Mouse Moved,1105.0,868.0,User19,,
1490267261549,Mouse Moved,1104.0,867.0,User19,,
1490267261551,Mouse Moved,1103.0,866.0,User19,,
1490267261552,Mouse Moved,1102.0,863.0,User19,,
1490267261553,Mouse Moved,1102.0,861.0,User19,,
1490267261555,Mouse Moved,1101.0,859.0,User19,,
1490267261558,Mouse Moved,1100.0,857.0,User19,,
1490267261559,Mouse Moved,1099.0,855.0,User19,,
1490267261561,Mouse Moved,1099.0,852.0,User19,,
1490267261562,Mouse Moved,1098.0,850.0,User19,,
1490267261563,Mouse Moved,1097.0,848.0,User19,,
1490267261565,Mouse Moved,1096.0,846.0,User19,,
1490267261568,Mouse Moved,1096.0,843.0,User19,,
1490267261569,Mouse Moved,1096.0,842.0,User19,,
1490267261573,Mouse Moved,1095.0,840.0,User19,,
1490267261575,Mouse Moved,1094.0,837.0,User19,,
1490267261576,Mouse Moved,1094.0,835.0,User19,,
1490267261578,Mouse Moved,1093.0,834.0,User19,,
1490267261581,Mouse Moved,1092.0,830.0,User19,,
1490267261582,Mouse Moved,1091.0,828.0,User19,,
1490267261584,Mouse Moved,1091.0,827.0,User19,,
1490267261585,Mouse Moved,1090.0,824.0,User19,,
1490267261586,Mouse Moved,1089.0,822.0,User19,,
1490267261588,Mouse Moved,1088.0,819.0,User19,,
1490267261591,Mouse Moved,1088.0,817.0,User19,,
1490267261592,Mouse Moved,1087.0,814.0,User19,,
1490267261594,Mouse Moved,1086.0,812.0,User19,,
1490267261595,Mouse Moved,1086.0,810.0,User19,,
1490267261596,Mouse Moved,1085.0,808.0,User19,,
1490267261598,Mouse Moved,1085.0,806.0,User19,,
1490267261601,Mouse Moved,1084.0,803.0,User19,,
1490267261602,Mouse Moved,1083.0,801.0,User19,,
1490267261604,Mouse Moved,1082.0,799.0,User19,,
1490267261605,Mouse Moved,1081.0,796.0,User19,,
1490267261608,Mouse Moved,1081.0,794.0,User19,,
1490267261611,Mouse Moved,1079.0,790.0,User19,,
1490267261612,Mouse Moved,1078.0,788.0,User19,,
1490267261614,Mouse Moved,1077.0,786.0,User19,,
1490267261615,Mouse Moved,1076.0,783.0,User19,,
1490267261618,Mouse Moved,1076.0,780.0,User19,,
1490267261621,Mouse Moved,1074.0,777.0,User19,,
1490267261622,Mouse Moved,1074.0,774.0,User19,,
1490267261624,Mouse Moved,1071.0,772.0,User19,,
1490267261625,Mouse Moved,1071.0,771.0,User19,,
1490267261628,Mouse Moved,1070.0,768.0,User19,,
1490267261631,Mouse Moved,1068.0,764.0,User19,,
1490267261632,Mouse Moved,1068.0,762.0,User19,,
1490267261634,Mouse Moved,1066.0,760.0,User19,,
1490267261635,Mouse Moved,1066.0,758.0,User19,,
1490267261638,Mouse Moved,1065.0,755.0,User19,,
1490267261641,Mouse Moved,1063.0,752.0,User19,,
1490267261642,Mouse Moved,1062.0,750.0,User19,,
1490267261644,Mouse Moved,1061.0,747.0,User19,,
1490267261645,Mouse Moved,1060.0,746.0,User19,,
1490267261648,Mouse Moved,1059.0,744.0,User19,,
1490267261651,Mouse Moved,1057.0,739.0,User19,,
1490267261653,Mouse Moved,1056.0,738.0,User19,,
1490267261654,Mouse Moved,1055.0,736.0,User19,,
1490267261655,Mouse Moved,1054.0,734.0,User19,,
1490267261657,Mouse Moved,1053.0,731.0,User19,,
1490267261660,Mouse Moved,1052.0,731.0,User19,,
1490267261661,Mouse Moved,1051.0,729.0,User19,,
1490267261663,Mouse Moved,1050.0,727.0,User19,,
1490267261664,Mouse Moved,1049.0,725.0,User19,,
1490267261665,Mouse Moved,1048.0,723.0,User19,,
1490267261667,Mouse Moved,1047.0,721.0,User19,,
1490267261668,Mouse Moved,1046.0,719.0,User19,,
1490267261671,Mouse Moved,1045.0,717.0,User19,,
1490267261673,Mouse Moved,1045.0,716.0,User19,,
1490267261674,Mouse Moved,1043.0,714.0,User19,,
1490267261676,Mouse Moved,1042.0,712.0,User19,,
1490267261677,Mouse Moved,1042.0,711.0,User19,,
1490267261680,Mouse Moved,1039.0,708.0,User19,,
1490267261683,Mouse Moved,1038.0,706.0,User19,,
1490267261684,Mouse Moved,1037.0,704.0,User19,,
1490267261686,Mouse Moved,1036.0,702.0,User19,,
1490267261687,Mouse Moved,1035.0,701.0,User19,,
1490267261688,Mouse Moved,1034.0,699.0,User19,,
1490267261690,Mouse Moved,1033.0,697.0,User19,,
1490267261693,Mouse Moved,1032.0,696.0,User19,,
1490267261694,Mouse Moved,1031.0,694.0,User19,,
1490267261696,Mouse Moved,1029.0,692.0,User19,,
1490267261697,Mouse Moved,1028.0,691.0,User19,,
1490267261698,Mouse Moved,1027.0,689.0,User19,,
1490267261700,Mouse Moved,1027.0,687.0,User19,,
1490267261701,Mouse Moved,1025.0,686.0,User19,,
1490267261703,Mouse Moved,1025.0,684.0,User19,,
1490267261706,Mouse Moved,1023.0,683.0,User19,,
1490267261707,Mouse Moved,1022.0,682.0,User19,,
1490267261709,Mouse Moved,1021.0,679.0,User19,,
1490267261710,Mouse Moved,1020.0,679.0,User19,,
1490267261713,Mouse Moved,1020.0,677.0,User19,,
1490267261716,Mouse Moved,1018.0,674.0,User19,,
1490267261717,Mouse Moved,1017.0,673.0,User19,,
1490267261719,Mouse Moved,1016.0,672.0,User19,,
1490267261720,Mouse Moved,1015.0,671.0,User19,,
1490267261721,Mouse Moved,1014.0,669.0,User19,,
1490267261723,Mouse Moved,1013.0,668.0,User19,,
1490267261724,Mouse Moved,1012.0,666.0,User19,,
1490267261726,Mouse Moved,1011.0,665.0,User19,,
1490267261729,Mouse Moved,1010.0,664.0,User19,,
1490267261730,Mouse Moved,1009.0,663.0,User19,,
1490267261732,Mouse Moved,1008.0,662.0,User19,,
1490267261733,Mouse Moved,1007.0,660.0,User19,,
1490267261734,Mouse Moved,1006.0,660.0,User19,,
1490267261736,Mouse Moved,1005.0,658.0,User19,,
1490267261739,Mouse Moved,1005.0,657.0,User19,,
1490267261740,Mouse Moved,1003.0,656.0,User19,,
1490267261743,Mouse Moved,1002.0,655.0,User19,,
1490267261746,Mouse Moved,1002.0,654.0,User19,,
1490267261747,Mouse Moved,1001.0,653.0,User19,,
1490267261749,Mouse Moved,1000.0,652.0,User19,,
1490267261750,Mouse Moved,999.0,651.0,User19,,
1490267261753,Mouse Moved,999.0,650.0,User19,,
1490267261755,Mouse Moved,998.0,650.0,User19,,
1490267261756,Mouse Moved,997.0,648.0,User19,,
1490267261757,Mouse Moved,996.0,648.0,User19,,
1490267261759,Mouse Moved,996.0,647.0,User19,,
1490267261760,Mouse Moved,994.0,646.0,User19,,
1490267261763,Mouse Moved,984.0,636.0,User19,,
1490267261765,Mouse Moved,977.0,629.0,User19,,
1490267261766,Mouse Moved,970.0,624.0,User19,,
1490267261767,Mouse Moved,965.0,621.0,User19,,
1490267261769,Mouse Moved,962.0,620.0,User19,,
1490267261770,Mouse Moved,961.0,619.0,User19,,
1490267261773,Mouse Moved,958.0,617.0,User19,,
1490267261775,Mouse Moved,956.0,616.0,User19,,
1490267261778,Mouse Moved,952.0,613.0,User19,,
1490267261779,Mouse Moved,949.0,611.0,User19,,
1490267261789,Mouse Moved,945.0,609.0,User19,,
1490267261805,Mouse Moved,944.0,609.0,User19,,
1490267261806,Mouse Moved,943.0,609.0,User19,,
1490267261809,Mouse Moved,943.0,608.0,User19,,
1490267261811,Mouse Moved,942.0,608.0,User19,,
1490267261812,Mouse Moved,941.0,608.0,User19,,
1490267261822,Mouse Moved,941.0,607.0,User19,,
1490267261825,Mouse Moved,940.0,606.0,User19,,
1490267261826,Mouse Moved,939.0,606.0,User19,,
1490267261828,Mouse Moved,939.0,605.0,User19,,
1490267261829,Mouse Moved,938.0,605.0,User19,,
1490267261835,Mouse Moved,937.0,604.0,User19,,
1490267261838,Mouse Moved,936.0,604.0,User19,,
1490267261841,Mouse Moved,935.0,603.0,User19,,
1490267261842,Mouse Moved,934.0,602.0,User19,,
1490267261844,Mouse Moved,933.0,601.0,User19,,
1490267261851,Mouse Moved,932.0,601.0,User19,,
1490267261852,Mouse Moved,932.0,600.0,User19,,
1490267261855,Mouse Moved,931.0,600.0,User19,,
1490267261858,Mouse Moved,930.0,599.0,User19,,
1490267261859,Mouse Moved,929.0,599.0,User19,,
1490267261861,Mouse Moved,929.0,598.0,User19,,
1490267261862,Mouse Moved,928.0,597.0,User19,,
1490267261865,Mouse Moved,927.0,596.0,User19,,
1490267261867,Mouse Moved,926.0,595.0,User19,,
1490267261868,Mouse Moved,925.0,595.0,User19,,
1490267261871,Mouse Moved,925.0,594.0,User19,,
1490267261874,Mouse Moved,923.0,594.0,User19,,
1490267261881,Mouse Moved,923.0,593.0,User19,,
1490267261884,Mouse Moved,921.0,592.0,User19,,
1490267261885,Mouse Moved,921.0,591.0,User19,,
1490267261887,Mouse Moved,920.0,591.0,User19,,
1490267261888,Mouse Moved,919.0,590.0,User19,,
1490267261895,Mouse Moved,918.0,590.0,User19,,
1490267261897,Mouse Moved,917.0,589.0,User19,,
1490267261898,Mouse Moved,917.0,588.0,User19,,
1490267261901,Mouse Moved,916.0,588.0,User19,,
1490267261917,Mouse Moved,914.0,587.0,User19,,
1490267261918,Mouse Moved,913.0,586.0,User19,,
1490267261920,Mouse Moved,912.0,586.0,User19,,
1490267261921,Mouse Moved,912.0,585.0,User19,,
1490267261926,Mouse Moved,911.0,584.0,User19,,
1490267261927,Mouse Moved,910.0,584.0,User19,,
1490267261928,Mouse Moved,910.0,583.0,User19,,
1490267261940,Mouse Moved,909.0,583.0,User19,,
1490267261943,Mouse Moved,908.0,583.0,User19,,
1490267261944,Mouse Moved,908.0,582.0,User19,,
1490267261956,Mouse Moved,908.0,581.0,User19,,
1490267261957,Mouse Moved,907.0,581.0,User19,,
1490267261970,Mouse Moved,907.0,580.0,User19,,
1490267262005,Mouse Moved,907.0,580.0,User19,,
1490267262006,Mouse Button.left Pressed,907.0,580.0,User19,,
1490267262092,Mouse Moved,907.0,580.0,User19,,
1490267262095,Mouse Button.left Released,907.0,580.0,User19,,
1490267262135,Mouse Moved,906.0,580.0,User19,,
1490267262180,Mouse Moved,906.0,581.0,User19,,
1490267262196,Mouse Moved,906.0,582.0,User19,,
1490267262210,Mouse Moved,906.0,583.0,User19,,
1490267262226,Mouse Moved,906.0,584.0,User19,,
1490267262240,Mouse Moved,906.0,586.0,User19,,
1490267262256,Mouse Moved,907.0,586.0,User19,,
1490267262270,Mouse Moved,907.0,587.0,User19,,
1490267262272,Mouse Moved,907.0,588.0,User19,,
1490267262286,Mouse Moved,907.0,589.0,User19,,
1490267262288,Mouse Moved,908.0,589.0,User19,,
1490267262289,Mouse Moved,909.0,590.0,User19,,
1490267262290,Mouse Moved,909.0,591.0,User19,,
1490267262301,Mouse Moved,910.0,591.0,User19,,
1490267262302,Mouse Moved,910.0,592.0,User19,,
1490267262303,Mouse Moved,911.0,593.0,User19,,
1490267262305,Mouse Moved,911.0,594.0,User19,,
1490267262306,Mouse Moved,912.0,594.0,User19,,
1490267262309,Mouse Moved,913.0,596.0,User19,,
1490267262312,Mouse Moved,914.0,596.0,User19,,
1490267262315,Mouse Moved,914.0,597.0,User19,,
1490267262318,Mouse Moved,915.0,598.0,User19,,
1490267262319,Mouse Moved,916.0,599.0,User19,,
1490267262322,Mouse Moved,917.0,600.0,User19,,
1490267262323,Mouse Moved,918.0,601.0,User19,,
1490267262326,Mouse Moved,918.0,602.0,User19,,
1490267262328,Mouse Moved,919.0,602.0,User19,,
1490267262329,Mouse Moved,920.0,603.0,User19,,
1490267262332,Mouse Moved,921.0,604.0,User19,,
1490267262335,Mouse Moved,924.0,607.0,User19,,
1490267262336,Mouse Moved,926.0,609.0,User19,,
1490267262338,Mouse Moved,927.0,611.0,User19,,
1490267262339,Mouse Moved,928.0,611.0,User19,,
1490267262342,Mouse Moved,930.0,612.0,User19,,
1490267262344,Mouse Moved,930.0,613.0,User19,,
1490267262345,Mouse Moved,931.0,614.0,User19,,
1490267262346,Mouse Moved,932.0,614.0,User19,,
1490267262348,Mouse Moved,934.0,616.0,User19,,
1490267262351,Mouse Moved,935.0,618.0,User19,,
1490267262354,Mouse Moved,937.0,620.0,User19,,
1490267262355,Mouse Moved,938.0,620.0,User19,,
1490267262358,Mouse Moved,939.0,620.0,User19,,
1490267262361,Mouse Moved,941.0,623.0,User19,,
1490267262362,Mouse Moved,942.0,623.0,User19,,
1490267262364,Mouse Moved,943.0,625.0,User19,,
1490267262365,Mouse Moved,944.0,625.0,User19,,
1490267262368,Mouse Moved,945.0,627.0,User19,,
1490267262371,Mouse Moved,957.0,635.0,User19,,
1490267262372,Mouse Moved,972.0,645.0,User19,,
1490267262375,Mouse Moved,987.0,653.0,User19,,
1490267262390,Mouse Moved,1003.0,662.0,User19,,
1490267262405,Mouse Moved,1021.0,672.0,User19,,
1490267262421,Mouse Moved,1022.0,673.0,User19,,
1490267262424,Mouse Moved,1025.0,675.0,User19,,
1490267262426,Mouse Moved,1026.0,675.0,User19,,
1490267262427,Mouse Moved,1027.0,676.0,User19,,
1490267262428,Mouse Moved,1028.0,677.0,User19,,
1490267262430,Mouse Moved,1030.0,677.0,User19,,
1490267262431,Mouse Moved,1031.0,678.0,User19,,
1490267262434,Mouse Moved,1033.0,679.0,User19,,
1490267262436,Mouse Moved,1034.0,680.0,User19,,
1490267262437,Mouse Moved,1035.0,680.0,User19,,
1490267262438,Mouse Moved,1036.0,681.0,User19,,
1490267262440,Mouse Moved,1038.0,682.0,User19,,
1490267262441,Mouse Moved,1039.0,682.0,User19,,
1490267262444,Mouse Moved,1040.0,684.0,User19,,
1490267262446,Mouse Moved,1041.0,684.0,User19,,
1490267262447,Mouse Moved,1042.0,684.0,User19,,
1490267262448,Mouse Moved,1043.0,685.0,User19,,
1490267262450,Mouse Moved,1044.0,685.0,User19,,
1490267262453,Mouse Moved,1046.0,686.0,User19,,
1490267262456,Mouse Moved,1047.0,687.0,User19,,
1490267262457,Mouse Moved,1049.0,688.0,User19,,
1490267262460,Mouse Moved,1049.0,689.0,User19,,
1490267262461,Mouse Moved,1051.0,689.0,User19,,
1490267262463,Mouse Moved,1052.0,690.0,User19,,
1490267262464,Mouse Moved,1053.0,690.0,User19,,
1490267262467,Mouse Moved,1054.0,691.0,User19,,
1490267262470,Mouse Moved,1056.0,692.0,User19,,
1490267262471,Mouse Moved,1056.0,693.0,User19,,
1490267262473,Mouse Moved,1058.0,693.0,User19,,
1490267262474,Mouse Moved,1059.0,693.0,User19,,
1490267262476,Mouse Moved,1060.0,695.0,User19,,
1490267262477,Mouse Moved,1061.0,695.0,User19,,
1490267262480,Mouse Moved,1063.0,695.0,User19,,
1490267262483,Mouse Moved,1064.0,697.0,User19,,
1490267262484,Mouse Moved,1066.0,697.0,User19,,
1490267262486,Mouse Moved,1067.0,698.0,User19,,
1490267262487,Mouse Moved,1068.0,699.0,User19,,
1490267262490,Mouse Moved,1069.0,699.0,User19,,
1490267262493,Mouse Moved,1071.0,700.0,User19,,
1490267262494,Mouse Moved,1072.0,700.0,User19,,
1490267262496,Mouse Moved,1074.0,700.0,User19,,
1490267262497,Mouse Moved,1075.0,702.0,User19,,
1490267262500,Mouse Moved,1077.0,702.0,User19,,
1490267262503,Mouse Moved,1078.0,703.0,User19,,
1490267262505,Mouse Moved,1080.0,703.0,User19,,
1490267262506,Mouse Moved,1081.0,703.0,User19,,
1490267262507,Mouse Moved,1082.0,703.0,User19,,
1490267262509,Mouse Moved,1082.0,704.0,User19,,
1490267262512,Mouse Moved,1083.0,704.0,User19,,
1490267262513,Mouse Moved,1084.0,704.0,User19,,
1490267262515,Mouse Moved,1085.0,704.0,User19,,
1490267262516,Mouse Moved,1086.0,704.0,User19,,
1490267262517,Mouse Moved,1086.0,705.0,User19,,
1490267262519,Mouse Moved,1088.0,705.0,User19,,
1490267262522,Mouse Moved,1089.0,705.0,User19,,
1490267262523,Mouse Moved,1090.0,706.0,User19,,
1490267262525,Mouse Moved,1091.0,706.0,User19,,
1490267262526,Mouse Moved,1092.0,706.0,User19,,
1490267262528,Mouse Moved,1092.0,707.0,User19,,
1490267262529,Mouse Moved,1093.0,707.0,User19,,
1490267262532,Mouse Moved,1094.0,707.0,User19,,
1490267262535,Mouse Moved,1096.0,707.0,User19,,
1490267262536,Mouse Moved,1097.0,707.0,User19,,
1490267262538,Mouse Moved,1097.0,708.0,User19,,
1490267262539,Mouse Moved,1098.0,708.0,User19,,
1490267262548,Mouse Moved,1099.0,708.0,User19,,
1490267262555,Mouse Moved,1100.0,708.0,User19,,
1490267262631,Mouse Moved,1101.0,708.0,User19,,
1490267262645,Mouse Moved,1102.0,708.0,User19,,
1490267262661,Mouse Moved,1103.0,708.0,User19,,
1490267262663,Mouse Moved,1104.0,708.0,User19,,
1490267262664,Mouse Moved,1104.0,707.0,User19,,
1490267262676,Mouse Moved,1105.0,706.0,User19,,
1490267262690,Mouse Moved,1106.0,706.0,User19,,
1490267262691,Mouse Moved,1106.0,705.0,User19,,
1490267262694,Mouse Moved,1107.0,705.0,User19,,
1490267262704,Mouse Moved,1107.0,704.0,User19,,
1490267262707,Mouse Moved,1108.0,704.0,User19,,
1490267262709,Mouse Moved,1108.0,703.0,User19,,
1490267262720,Mouse Moved,1109.0,703.0,User19,,
1490267262721,Mouse Moved,1109.0,702.0,User19,,
1490267262723,Mouse Moved,1110.0,701.0,User19,,
1490267262734,Mouse Moved,1110.0,700.0,User19,,
1490267262736,Mouse Moved,1111.0,700.0,User19,,
1490267262750,Mouse Moved,1111.0,699.0,User19,,
1490267262752,Mouse Moved,1112.0,699.0,User19,,
1490267262753,Mouse Moved,1112.0,698.0,User19,,
1490267262756,Mouse Moved,1113.0,698.0,User19,,
1490267262766,Mouse Moved,1113.0,697.0,User19,,
1490267262769,Mouse Moved,1114.0,696.0,User19,,
1490267262779,Mouse Moved,1114.0,695.0,User19,,
1490267262782,Mouse Moved,1115.0,695.0,User19,,
1490267262783,Mouse Moved,1115.0,694.0,User19,,
1490267262785,Mouse Moved,1115.0,693.0,User19,,
1490267262796,Mouse Moved,1116.0,692.0,User19,,
1490267262809,Mouse Moved,1116.0,691.0,User19,,
1490267262825,Mouse Moved,1117.0,689.0,User19,,
1490267262841,Mouse Moved,1117.0,688.0,User19,,
1490267262855,Mouse Moved,1117.0,687.0,User19,,
1490267262871,Mouse Moved,1118.0,685.0,User19,,
1490267262885,Mouse Moved,1118.0,684.0,User19,,
1490267262915,Mouse Moved,1118.0,683.0,User19,,
1490267262946,Mouse Moved,1119.0,681.0,User19,,
1490267262960,Mouse Moved,1119.0,680.0,User19,,
1490267262990,Mouse Moved,1119.0,679.0,User19,,
1490267263006,Mouse Moved,1119.0,677.0,User19,,
1490267263020,Mouse Moved,1120.0,676.0,User19,,
1490267263036,Mouse Moved,1121.0,674.0,User19,,
1490267263049,Mouse Moved,1121.0,673.0,User19,,
1490267263079,Mouse Moved,1121.0,672.0,User19,,
1490267263109,Mouse Moved,1122.0,671.0,User19,,
1490267263125,Mouse Moved,1122.0,670.0,User19,,
1490267263381,Mouse Moved,1121.0,670.0,User19,,
1490267263395,Mouse Moved,1120.0,671.0,User19,,
1490267263411,Mouse Moved,1120.0,672.0,User19,,
1490267263426,Mouse Moved,1119.0,672.0,User19,,
1490267263440,Mouse Moved,1118.0,673.0,User19,,
1490267263456,Mouse Moved,1118.0,674.0,User19,,
1490267263561,Mouse Moved,1117.0,674.0,User19,,
1490267263575,Mouse Moved,1116.0,674.0,User19,,
1490267263591,Mouse Moved,1116.0,675.0,User19,,
1490267263608,Mouse Moved,1115.0,675.0,User19,,
1490267263621,Mouse Moved,1114.0,676.0,User19,,
1490267263650,Mouse Moved,1113.0,676.0,User19,,
1490267263680,Mouse Moved,1112.0,677.0,User19,,
1490267263742,Mouse Moved,1112.0,677.0,User19,,
1490267263743,Mouse Button.left Pressed,1112.0,677.0,User19,,
1490267263819,Mouse Moved,1112.0,677.0,User19,,
1490267263822,Mouse Button.left Released,1112.0,677.0,User19,,
1490267264897,Mouse Moved,1111.0,677.0,User19,,
1490267264911,Mouse Moved,1111.0,678.0,User19,,
1490267264986,Mouse Moved,1113.0,678.0,User19,,
1490267264987,Mouse Moved,1114.0,678.0,User19,,
1490267264990,Mouse Moved,1115.0,678.0,User19,,
1490267264992,Mouse Moved,1116.0,678.0,User19,,
1490267264993,Mouse Moved,1117.0,677.0,User19,,
1490267265000,Mouse Moved,1118.0,677.0,User19,,
1490267265003,Mouse Moved,1119.0,677.0,User19,,
1490267265006,Mouse Moved,1122.0,676.0,User19,,
1490267265007,Mouse Moved,1124.0,676.0,User19,,
1490267265009,Mouse Moved,1125.0,675.0,User19,,
1490267265010,Mouse Moved,1127.0,675.0,User19,,
1490267265013,Mouse Moved,1128.0,674.0,User19,,
1490267265016,Mouse Moved,1132.0,673.0,User19,,
1490267265017,Mouse Moved,1135.0,673.0,User19,,
1490267265019,Mouse Moved,1137.0,672.0,User19,,
1490267265020,Mouse Moved,1138.0,672.0,User19,,
1490267265023,Mouse Moved,1140.0,670.0,User19,,
1490267265026,Mouse Moved,1146.0,670.0,User19,,
1490267265028,Mouse Moved,1148.0,669.0,User19,,
1490267265029,Mouse Moved,1150.0,668.0,User19,,
1490267265030,Mouse Moved,1153.0,667.0,User19,,
1490267265032,Mouse Moved,1155.0,667.0,User19,,
1490267265033,Mouse Moved,1158.0,666.0,User19,,
1490267265036,Mouse Moved,1161.0,665.0,User19,,
1490267265038,Mouse Moved,1164.0,664.0,User19,,
1490267265039,Mouse Moved,1167.0,664.0,User19,,
1490267265040,Mouse Moved,1170.0,663.0,User19,,
1490267265042,Mouse Moved,1174.0,662.0,User19,,
1490267265043,Mouse Moved,1176.0,661.0,User19,,
1490267265046,Mouse Moved,1180.0,661.0,User19,,
1490267265048,Mouse Moved,1183.0,660.0,User19,,
1490267265049,Mouse Moved,1187.0,659.0,User19,,
1490267265051,Mouse Moved,1190.0,659.0,User19,,
1490267265052,Mouse Moved,1194.0,658.0,User19,,
1490267265053,Mouse Moved,1198.0,657.0,User19,,
1490267265055,Mouse Moved,1201.0,656.0,User19,,
1490267265058,Mouse Moved,1206.0,655.0,User19,,
1490267265059,Mouse Moved,1209.0,655.0,User19,,
1490267265061,Mouse Moved,1214.0,654.0,User19,,
1490267265062,Mouse Moved,1219.0,653.0,User19,,
1490267265063,Mouse Moved,1223.0,652.0,User19,,
1490267265065,Mouse Moved,1229.0,651.0,User19,,
1490267265068,Mouse Moved,1232.0,650.0,User19,,
1490267265069,Mouse Moved,1236.0,649.0,User19,,
1490267265071,Mouse Moved,1243.0,647.0,User19,,
1490267265072,Mouse Moved,1248.0,647.0,User19,,
1490267265073,Mouse Moved,1252.0,647.0,User19,,
1490267265075,Mouse Moved,1258.0,646.0,User19,,
1490267265078,Mouse Moved,1263.0,644.0,User19,,
1490267265081,Mouse Moved,1275.0,642.0,User19,,
1490267265082,Mouse Moved,1280.0,641.0,User19,,
1490267265085,Mouse Moved,1285.0,640.0,User19,,
1490267265088,Mouse Moved,1298.0,637.0,User19,,
1490267265089,Mouse Moved,1302.0,636.0,User19,,
1490267265092,Mouse Moved,1309.0,635.0,User19,,
1490267265094,Mouse Moved,1314.0,634.0,User19,,
1490267265095,Mouse Moved,1322.0,631.0,User19,,
1490267265096,Mouse Moved,1328.0,631.0,User19,,
1490267265098,Mouse Moved,1335.0,629.0,User19,,
1490267265101,Mouse Moved,1342.0,627.0,User19,,
1490267265104,Mouse Moved,1355.0,623.0,User19,,
1490267265105,Mouse Moved,1362.0,621.0,User19,,
1490267265108,Mouse Moved,1369.0,619.0,User19,,
1490267265111,Mouse Moved,1384.0,614.0,User19,,
1490267265112,Mouse Moved,1390.0,613.0,User19,,
1490267265114,Mouse Moved,1397.0,611.0,User19,,
1490267265115,Mouse Moved,1404.0,609.0,User19,,
1490267265118,Mouse Moved,1412.0,606.0,User19,,
1490267265121,Mouse Moved,1426.0,602.0,User19,,
1490267265122,Mouse Moved,1436.0,599.0,User19,,
1490267265124,Mouse Moved,1441.0,598.0,User19,,
1490267265125,Mouse Moved,1450.0,595.0,User19,,
1490267265128,Mouse Moved,1457.0,593.0,User19,,
1490267265130,Mouse Moved,1466.0,590.0,User19,,
1490267265131,Mouse Moved,1473.0,589.0,User19,,
1490267265132,Mouse Moved,1482.0,586.0,User19,,
1490267265134,Mouse Moved,1491.0,583.0,User19,,
1490267265135,Mouse Moved,1498.0,581.0,User19,,
1490267265138,Mouse Moved,1507.0,577.0,User19,,
1490267265140,Mouse Moved,1516.0,575.0,User19,,
1490267265141,Mouse Moved,1523.0,573.0,User19,,
1490267265142,Mouse Moved,1533.0,570.0,User19,,
1490267265144,Mouse Moved,1539.0,567.0,User19,,
1490267265147,Mouse Moved,1546.0,565.0,User19,,
1490267265148,Mouse Moved,1555.0,563.0,User19,,
1490267265150,Mouse Moved,1565.0,561.0,User19,,
1490267265151,Mouse Moved,1572.0,558.0,User19,,
1490267265153,Mouse Moved,1582.0,555.0,User19,,
1490267265154,Mouse Moved,1589.0,554.0,User19,,
1490267265155,Mouse Moved,1597.0,550.0,User19,,
1490267265157,Mouse Moved,1604.0,548.0,User19,,
1490267265160,Mouse Moved,1614.0,545.0,User19,,
1490267265161,Mouse Moved,1621.0,543.0,User19,,
1490267265163,Mouse Moved,1631.0,540.0,User19,,
1490267265164,Mouse Moved,1638.0,537.0,User19,,
1490267265165,Mouse Moved,1647.0,535.0,User19,,
1490267265167,Mouse Moved,1656.0,531.0,User19,,
1490267265170,Mouse Moved,1663.0,530.0,User19,,
1490267265171,Mouse Moved,1671.0,526.0,User19,,
1490267265173,Mouse Moved,1678.0,524.0,User19,,
1490267265174,Mouse Moved,1688.0,521.0,User19,,
1490267265177,Mouse Moved,1697.0,518.0,User19,,
1490267265180,Mouse Moved,1713.0,514.0,User19,,
1490267265181,Mouse Moved,1718.0,512.0,User19,,
1490267265183,Mouse Moved,1725.0,510.0,User19,,
1490267265184,Mouse Moved,1735.0,507.0,User19,,
1490267265187,Mouse Moved,1743.0,505.0,User19,,
1490267265188,Mouse Moved,1749.0,502.0,User19,,
1490267265190,Mouse Moved,1759.0,500.0,User19,,
1490267265191,Mouse Moved,1767.0,496.0,User19,,
1490267265194,Mouse Moved,1773.0,494.0,User19,,
1490267265197,Mouse Moved,1786.0,490.0,User19,,
1490267265198,Mouse Moved,1793.0,488.0,User19,,
1490267265200,Mouse Moved,1800.0,486.0,User19,,
1490267265201,Mouse Moved,1807.0,483.0,User19,,
1490267265203,Mouse Moved,1813.0,481.0,User19,,
1490267265206,Mouse Moved,1820.0,479.0,User19,,
1490267265207,Mouse Moved,1827.0,477.0,User19,,
1490267265209,Mouse Moved,1833.0,475.0,User19,,
1490267265210,Mouse Moved,1838.0,473.0,User19,,
1490267265211,Mouse Moved,1844.0,471.0,User19,,
1490267265213,Mouse Moved,1850.0,468.0,User19,,
1490267265214,Mouse Moved,1856.0,466.0,User19,,
1490267265217,Mouse Moved,1862.0,464.0,User19,,
1490267265219,Mouse Moved,1866.0,463.0,User19,,
1490267265220,Mouse Moved,1872.0,461.0,User19,,
1490267265221,Mouse Moved,1876.0,459.0,User19,,
1490267265223,Mouse Moved,1881.0,458.0,User19,,
1490267265224,Mouse Moved,1885.0,455.0,User19,,
1490267265226,Mouse Moved,1888.0,455.0,User19,,
1490267265229,Mouse Moved,1894.0,453.0,User19,,
1490267265230,Mouse Moved,1898.0,451.0,User19,,
1490267265232,Mouse Moved,1902.0,450.0,User19,,
1490267265233,Mouse Moved,1906.0,449.0,User19,,
1490267265236,Mouse Moved,1910.0,447.0,User19,,
1490267265239,Mouse Moved,1916.0,445.0,User19,,
1490267265240,Mouse Moved,1919.0,444.0,User19,,
1490267265242,Mouse Moved,1923.0,442.0,User19,,
1490267265243,Mouse Moved,1926.0,441.0,User19,,
1490267265246,Mouse Moved,1929.0,440.0,User19,,
1490267265249,Mouse Moved,1934.0,437.0,User19,,
1490267265250,Mouse Moved,1936.0,437.0,User19,,
1490267265252,Mouse Moved,1938.0,436.0,User19,,
1490267265253,Mouse Moved,1942.0,434.0,User19,,
1490267265256,Mouse Moved,1944.0,434.0,User19,,
1490267265259,Mouse Moved,1947.0,432.0,User19,,
1490267265260,Mouse Moved,1951.0,431.0,User19,,
1490267265262,Mouse Moved,1953.0,430.0,User19,,
1490267265263,Mouse Moved,1953.0,429.0,User19,,
1490267265265,Mouse Moved,1955.0,429.0,User19,,
1490267265266,Mouse Moved,1957.0,428.0,User19,,
1490267265269,Mouse Moved,1959.0,427.0,User19,,
1490267265272,Mouse Moved,1963.0,425.0,User19,,
1490267265273,Mouse Moved,1964.0,424.0,User19,,
1490267265275,Mouse Moved,1965.0,424.0,User19,,
1490267265276,Mouse Moved,1966.0,423.0,User19,,
1490267265278,Mouse Moved,1967.0,422.0,User19,,
1490267265279,Mouse Moved,1969.0,421.0,User19,,
1490267265282,Mouse Moved,1971.0,420.0,User19,,
1490267265285,Mouse Moved,1973.0,419.0,User19,,
1490267265286,Mouse Moved,1974.0,418.0,User19,,
1490267265288,Mouse Moved,1976.0,417.0,User19,,
1490267265289,Mouse Moved,1976.0,416.0,User19,,
1490267265290,Mouse Moved,1977.0,416.0,User19,,
1490267265292,Mouse Moved,1977.0,415.0,User19,,
1490267265295,Mouse Moved,1978.0,415.0,User19,,
1490267265296,Mouse Moved,1978.0,414.0,User19,,
1490267265298,Mouse Moved,1979.0,414.0,User19,,
1490267265299,Mouse Moved,1980.0,413.0,User19,,
1490267265302,Mouse Moved,1980.0,412.0,User19,,
1490267265305,Mouse Moved,1981.0,411.0,User19,,
1490267265308,Mouse Moved,1982.0,410.0,User19,,
1490267265309,Mouse Moved,1983.0,410.0,User19,,
1490267265311,Mouse Moved,1983.0,408.0,User19,,
1490267265312,Mouse Moved,1984.0,408.0,User19,,
1490267265313,Mouse Moved,1984.0,407.0,User19,,
1490267265315,Mouse Moved,1985.0,407.0,User19,,
1490267265318,Mouse Moved,1985.0,406.0,User19,,
1490267265319,Mouse Moved,1985.0,405.0,User19,,
1490267265321,Mouse Moved,1986.0,405.0,User19,,
1490267265322,Mouse Moved,1986.0,404.0,User19,,
1490267265323,Mouse Moved,1986.0,403.0,User19,,
1490267265325,Mouse Moved,1987.0,403.0,User19,,
1490267265328,Mouse Moved,1987.0,402.0,User19,,
1490267265331,Mouse Moved,1988.0,401.0,User19,,
1490267265332,Mouse Moved,1989.0,400.0,User19,,
1490267265334,Mouse Moved,1989.0,399.0,User19,,
1490267265335,Mouse Moved,1990.0,398.0,User19,,
1490267265338,Mouse Moved,1990.0,397.0,User19,,
1490267265341,Mouse Moved,1992.0,396.0,User19,,
1490267265342,Mouse Moved,1992.0,395.0,User19,,
1490267265344,Mouse Moved,1993.0,395.0,User19,,
1490267265345,Mouse Moved,1993.0,394.0,User19,,
1490267265348,Mouse Moved,1994.0,394.0,User19,,
1490267265351,Mouse Moved,1995.0,393.0,User19,,
1490267265352,Mouse Moved,1995.0,392.0,User19,,
1490267265354,Mouse Moved,1996.0,392.0,User19,,
1490267265355,Mouse Moved,1996.0,391.0,User19,,
1490267265357,Mouse Moved,1997.0,391.0,User19,,
1490267265358,Mouse Moved,1998.0,390.0,User19,,
1490267265361,Mouse Moved,1999.0,389.0,User19,,
1490267265362,Mouse Moved,2000.0,389.0,User19,,
1490267265364,Mouse Moved,2000.0,388.0,User19,,
1490267265365,Mouse Moved,2002.0,387.0,User19,,
1490267265368,Mouse Moved,2003.0,386.0,User19,,
1490267265371,Mouse Moved,2005.0,385.0,User19,,
1490267265374,Mouse Moved,2006.0,384.0,User19,,
1490267265375,Mouse Moved,2007.0,383.0,User19,,
1490267265378,Mouse Moved,2008.0,383.0,User19,,
1490267265380,Mouse Moved,2009.0,382.0,User19,,
1490267265381,Mouse Moved,2009.0,381.0,User19,,
1490267265382,Mouse Moved,2010.0,381.0,User19,,
1490267265384,Mouse Moved,2011.0,380.0,User19,,
1490267265385,Mouse Moved,2012.0,380.0,User19,,
1490267265388,Mouse Moved,2014.0,378.0,User19,,
1490267265390,Mouse Moved,2015.0,378.0,User19,,
1490267265391,Mouse Moved,2016.0,377.0,User19,,
1490267265392,Mouse Moved,2018.0,376.0,User19,,
1490267265394,Mouse Moved,2019.0,376.0,User19,,
1490267265397,Mouse Moved,2020.0,375.0,User19,,
1490267265398,Mouse Moved,2021.0,374.0,User19,,
1490267265400,Mouse Moved,2022.0,374.0,User19,,
1490267265401,Mouse Moved,2024.0,372.0,User19,,
1490267265403,Mouse Moved,2025.0,372.0,User19,,
1490267265404,Mouse Moved,2026.0,371.0,User19,,
1490267265407,Mouse Moved,2027.0,371.0,User19,,
1490267265410,Mouse Moved,2030.0,370.0,User19,,
1490267265411,Mouse Moved,2032.0,369.0,User19,,
1490267265414,Mouse Moved,2033.0,368.0,User19,,
1490267265417,Mouse Moved,2036.0,367.0,User19,,
1490267265418,Mouse Moved,2037.0,366.0,User19,,
1490267265421,Mouse Moved,2038.0,365.0,User19,,
1490267265424,Mouse Moved,2042.0,363.0,User19,,
1490267265426,Mouse Moved,2043.0,363.0,User19,,
1490267265427,Mouse Moved,2045.0,362.0,User19,,
1490267265428,Mouse Moved,2046.0,362.0,User19,,
1490267265430,Mouse Moved,2047.0,360.0,User19,,
1490267265433,Mouse Moved,2049.0,359.0,User19,,
1490267265434,Mouse Moved,2051.0,359.0,User19,,
1490267265436,Mouse Moved,2052.0,358.0,User19,,
1490267265437,Mouse Moved,2054.0,357.0,User19,,
1490267265440,Mouse Moved,2055.0,357.0,User19,,
1490267265443,Mouse Moved,2059.0,355.0,User19,,
1490267265444,Mouse Moved,2060.0,355.0,User19,,
1490267265446,Mouse Moved,2061.0,353.0,User19,,
1490267265447,Mouse Moved,2064.0,352.0,User19,,
1490267265450,Mouse Moved,2065.0,352.0,User19,,
1490267265453,Mouse Moved,2068.0,350.0,User19,,
1490267265454,Mouse Moved,2070.0,350.0,User19,,
1490267265456,Mouse Moved,2072.0,349.0,User19,,
1490267265457,Mouse Moved,2073.0,347.0,User19,,
1490267265460,Mouse Moved,2075.0,347.0,User19,,
1490267265461,Mouse Moved,2076.0,346.0,User19,,
1490267265463,Mouse Moved,2078.0,345.0,User19,,
1490267265466,Mouse Moved,2080.0,344.0,User19,,
1490267265467,Mouse Moved,2081.0,343.0,User19,,
1490267265469,Mouse Moved,2083.0,343.0,User19,,
1490267265470,Mouse Moved,2084.0,342.0,User19,,
1490267265471,Mouse Moved,2086.0,341.0,User19,,
1490267265473,Mouse Moved,2088.0,340.0,User19,,
1490267265476,Mouse Moved,2090.0,340.0,User19,,
1490267265479,Mouse Moved,2093.0,338.0,User19,,
1490267265480,Mouse Moved,2095.0,337.0,User19,,
1490267265482,Mouse Moved,2096.0,336.0,User19,,
1490267265483,Mouse Moved,2098.0,335.0,User19,,
1490267265486,Mouse Moved,2100.0,335.0,User19,,
1490267265487,Mouse Moved,2100.0,333.0,User19,,
1490267265493,Mouse Moved,2103.0,333.0,User19,,
1490267265502,Mouse Moved,2104.0,332.0,User19,,
1490267265506,Mouse Moved,2105.0,331.0,User19,,
1490267265509,Mouse Moved,2107.0,331.0,User19,,
1490267265510,Mouse Moved,2108.0,330.0,User19,,
1490267265512,Mouse Moved,2109.0,329.0,User19,,
1490267265513,Mouse Moved,2112.0,329.0,User19,,
1490267265516,Mouse Moved,2112.0,328.0,User19,,
1490267265517,Mouse Moved,2114.0,327.0,User19,,
