{
  "n": [
    1,
    2,
    3,
    4,
    5,
    6,
    7,
    8,
    9,
    10,
    11,
    12,
    13,
    14,
    15,
    16,
    17,
    18,
    19,
    20,
    21,
    22,
    23,
    24,
    25,
    26,
    27,
    28,
    29,
    30,
    31,
    32,
    33,
    34,
    35,
    36,
    37,
    38,
    39,
    40,
    41,
    42,
    43,
    44,
    45,
    46,
    47,
    48,
    49
  ],
  "avg_eer": [
    0.2539074824278499,
    0.17058842264424434,
    0.1267919685089663,
    0.09264458242400853,
    0.07457174977201539,
    0.059848990640817154,
    0.04651029961228191,
    0.03834114931404277,
    0.030989737042843822,
    0.021180880930567303,
    0.0192127777999705,
    0.013692502865885487,
    0.01266072230218079,
    0.010442008324398353,
    0.007645908551554009,
    0.006874325065162916,
    0.003853643598663581,
    0.004775081753500961,
    0.0033271016954684518,
    0.0016466762867794345,
    0.0031936944738484704,
    0.0026289555066899657,
    0.0010878518571350176,
    0.0023412698413685764,
    0.0021553430344042274,
    0.0016768292682329791,
    0.0015803006328129273,
    0.00016393442631854215,
    0.000509337860843496,
    0.00034935803556996475,
    0.0001814882033999637,
    0.0003752345216361102,
    0.0,
    0.0,
    0.0,
    0.0,
    0.0,
    0.0,
    0.0,
    0.0,
    0.0,
    0.0,
    0.0,
    0.0,
    0.0,
    0.0,
    0.0,
    0.0,
    0.0
  ],
  "avg_auc": [
    0.8251786087188846,
    0.9010665980089975,
    0.940154800653527,
    0.9620716475963306,
    0.9754759113597491,
    0.9843709936756995,
    0.9892618254895449,
    0.9926032802342333,
    0.9947398431577362,
    0.996988496448842,
    0.9976102596317447,
    0.9986579257558784,
    0.9989276579196295,
    0.9990834515060957,
    0.999281801994812,
    0.9995028113576986,
    0.9997377338168769,
    0.9997198207850765,
    0.9998455015068496,
    0.999918057035514,
    0.999832608340031,
    0.9999038648944731,
    0.9999499793063127,
    0.9999165255921921,
    0.9999011309294611,
    0.9999501641651032,
    0.9999488114074744,
    0.9999965846994534,
    0.9999778548756183,
    0.9999914023205981,
    0.9999957793441101,
    0.9999910658447243,
    1.0,
    1.0,
    1.0,
    1.0,
    1.0,
    1.0,
    1.0,
    1.0,
    1.0,
    1.0,
    1.0,
    1.0,
    1.0,
    1.0,
    1.0,
    1.0,
    1.0
  ]
}