{
  "n": [
    1,
    2,
    3,
    4,
    5,
    6,
    7,
    8,
    9,
    10,
    11,
    12,
    13,
    14,
    15,
    16,
    17,
    18,
    19,
    20,
    21,
    22,
    23,
    24,
    25,
    26,
    27,
    28,
    29,
    30,
    31,
    32,
    33,
    34,
    35,
    36,
    37,
    38,
    39,
    40,
    41,
    42,
    43,
    44,
    45,
    46,
    47,
    48,
    49
  ],
  "avg_eer": [
    0.22289102817426842,
    0.14566278462987398,
    0.10794379227854908,
    0.08078623810642262,
    0.06356187956459466,
    0.04937816760409553,
    0.03639569520467217,
    0.02947636894737618,
    0.024051077804067778,
    0.01802306994364688,
    0.014191306708700982,
    0.01249517516372314,
    0.010251546788198732,
    0.006544367258834216,
    0.004144677067304822,
    0.004252989572876204,
    0.0033719538777844185,
    0.0029816437807433705,
    0.0029575717347698365,
    0.0016780403435059453,
    0.0013959235470401596,
    0.0013244666714932573,
    0.0018418395100724648,
    0.0009906470445173957,
    0.00018796992482165536,
    0.00019531250008281067,
    0.0006085192698462696,
    0.0008421052632379359,
    0.0004357298475433259,
    0.00022522522530994343,
    0.00023809523820418274,
    0.00024038461541352007,
    0.000248138957893788,
    0.000255754475729131,
    0.0,
    0.0,
    0.0,
    0.0,
    0.0,
    0.0,
    0.0,
    0.0,
    0.0,
    0.0,
    0.0,
    0.0,
    0.0,
    0.0,
    0.0
  ],
  "avg_auc": [
    0.8516879482941571,
    0.9177761698604321,
    0.9508918013889882,
    0.9713145934877223,
    0.9809016979557492,
    0.9876687470845129,
    0.9923474544570251,
    0.994691518729684,
    0.995931871669766,
    0.9974629141286341,
    0.9981314524909417,
    0.9988896017815334,
    0.9992510889124219,
    0.9993464175992584,
    0.9995933908134523,
    0.9997813819731791,
    0.9997921155723422,
    0.9998909225454113,
    0.999872436951444,
    0.9999332605394866,
    0.9999409134231161,
    0.9999099120385662,
    0.9999347348692632,
    0.9999855662781993,
    0.9999944714727997,
    0.9999644886363637,
    0.9999683062880325,
    0.9999728353140916,
    0.9999849748328451,
    0.9999919562419564,
    0.9999935649935651,
    0.9999910968660968,
    0.9999904561939301,
    0.9999795396419436,
    1.0,
    1.0,
    1.0,
    1.0,
    1.0,
    1.0,
    1.0,
    1.0,
    1.0,
    1.0,
    1.0,
    1.0,
    1.0,
    1.0,
    1.0
  ]
}