{
  "n": [
    1,
    2,
    3,
    4,
    5,
    6,
    7,
    8,
    9,
    10,
    11,
    12,
    13,
    14,
    15,
    16,
    17,
    18,
    19,
    20,
    21,
    22,
    23,
    24,
    25,
    26,
    27,
    28,
    29,
    30,
    31,
    32,
    33,
    34,
    35,
    36,
    37,
    38,
    39,
    40,
    41,
    42,
    43,
    44,
    45,
    46,
    47,
    48,
    49
  ],
  "avg_eer": [
    0.28516111894762475,
    0.2064322743880181,
    0.15822612934943442,
    0.12457484839194359,
    0.09895723372878897,
    0.08350768538711698,
    0.0669289048939123,
    0.05820991094842204,
    0.0501615231943532,
    0.04080546918587561,
    0.034681621890890545,
    0.031076533017872988,
    0.022652347455098223,
    0.022402583173268802,
    0.01852215518091716,
    0.013453805212850048,
    0.012549475476392017,
    0.009599494541604383,
    0.007846341501958032,
    0.006303730463668731,
    0.006090871350883808,
    0.004879917984697919,
    0.004165874120590392,
    0.003347352346248846,
    0.002240003170586095,
    0.0020546527331332548,
    0.001338373353304847,
    0.000491803278769894,
    0.0010421386817557607,
    0.000557426313888232,
    0.00019723865880637244,
    0.0009413087379431103,
    0.0004201680672569623,
    0.0,
    0.0002049180328038605,
    0.0004576659039639496,
    0.00021691973977861571,
    0.0,
    0.0,
    0.0,
    0.0,
    0.0,
    0.0,
    0.0,
    0.0,
    0.0,
    0.0,
    0.0,
    0.0
  ],
  "avg_auc": [
    0.7902985539372391,
    0.8704196126033066,
    0.9144177358987424,
    0.9402533611998573,
    0.9574196291494163,
    0.9688503730206948,
    0.9768898215507138,
    0.9843593111940043,
    0.9882507402627683,
    0.9910154837938927,
    0.9934164559996701,
    0.994802965601103,
    0.9963697099602294,
    0.9969870549524398,
    0.9978054094150096,
    0.9984601142863626,
    0.9988276630161744,
    0.9992171521210764,
    0.9993853462294784,
    0.9995452989741352,
    0.9996775812573393,
    0.9997463895270553,
    0.9997853354454953,
    0.9998744287284435,
    0.9999238564632847,
    0.999903459300089,
    0.9998614540062952,
    0.9999829234972678,
    0.9999474626494969,
    0.9999755608920611,
    0.9999954657779592,
    0.9999649885017382,
    0.9999948127399108,
    1.0,
    0.9999892148403797,
    0.9999938977879481,
    0.9999879489033502,
    1.0,
    1.0,
    1.0,
    1.0,
    1.0,
    1.0,
    1.0,
    1.0,
    1.0,
    1.0,
    1.0,
    1.0
  ]
}