{
  "n": [
    1,
    2,
    3,
    4,
    5,
    6,
    7,
    8,
    9,
    10,
    11,
    12,
    13,
    14,
    15,
    16,
    17,
    18,
    19,
    20,
    21,
    22,
    23,
    24,
    25,
    26,
    27,
    28,
    29,
    30,
    31,
    32,
    33,
    34,
    35,
    36,
    37,
    38,
    39,
    40,
    41,
    42,
    43,
    44,
    45,
    46,
    47,
    48,
    49
  ],
  "avg_eer": [
    0.25546976089817414,
    0.17182569854197183,
    0.1269791327488588,
    0.09670345414099789,
    0.07127304772438584,
    0.05955837151743595,
    0.048461315129685864,
    0.037352323805574475,
    0.02943208800896413,
    0.02261617784917553,
    0.02034980521787636,
    0.01356816815765811,
    0.013120340791260213,
    0.00982044004074424,
    0.007634309610781478,
    0.00570624975216703,
    0.004776178047702922,
    0.004230385973656568,
    0.0037389671291172466,
    0.004675761943809255,
    0.0017586119771343116,
    0.0027669626715049523,
    0.0022915771649281947,
    0.0007117434857875922,
    0.0005944127376482222,
    0.0006355139579694365,
    0.00015625000003878568,
    0.0,
    0.0005033557048293811,
    0.0005552905004627462,
    0.0,
    0.0,
    0.0,
    0.0,
    0.00020242914983100357,
    0.0,
    0.00021413276241955136,
    0.0,
    0.00022573363434326633,
    0.0,
    0.0,
    0.0,
    0.0,
    0.0,
    0.0,
    0.0,
    0.0,
    0.0,
    0.0
  ],
  "avg_auc": [
    0.821098998491148,
    0.8985043526174914,
    0.9376549988424712,
    0.9594638969040694,
    0.9746377451326333,
    0.9823080042252876,
    0.9880512471872667,
    0.9917895213389354,
    0.9946948067038784,
    0.9961761582560023,
    0.9975218003767556,
    0.9982744380207033,
    0.9984473592982998,
    0.998965431205146,
    0.9994087567236335,
    0.9995144362463761,
    0.9993515776528111,
    0.9996930422753018,
    0.9998126931056494,
    0.9996886068108932,
    0.9998896668120818,
    0.9999115408584747,
    0.9999502293033753,
    0.9999721907390857,
    0.9999585824481965,
    0.9999669476297081,
    0.9999925595238096,
    1.0,
    0.9999870934434693,
    0.9999910669257044,
    1.0,
    1.0,
    1.0,
    1.0,
    0.9999936740890689,
    1.0,
    0.9999928622412563,
    1.0,
    0.9999922160815755,
    1.0,
    1.0,
    1.0,
    1.0,
    1.0,
    1.0,
    1.0,
    1.0,
    1.0,
    1.0
  ]
}