{
  "n": [
    1,
    2,
    3,
    4,
    5,
    6,
    7,
    8,
    9,
    10,
    11,
    12,
    13,
    14,
    15,
    16,
    17,
    18,
    19,
    20,
    21,
    22,
    23,
    24,
    25,
    26,
    27,
    28,
    29,
    30,
    31,
    32,
    33,
    34,
    35,
    36,
    37,
    38,
    39,
    40,
    41,
    42,
    43,
    44,
    45,
    46,
    47,
    48,
    49
  ],
  "avg_eer": [
    0.2529162740515658,
    0.17336602399800788,
    0.13228486164895817,
    0.10214552521249942,
    0.08049222437069863,
    0.06592003332226333,
    0.0519610564592292,
    0.043057268166266954,
    0.03675045806143369,
    0.028084020767736084,
    0.02383072334879514,
    0.019973235091650894,
    0.016556599874550597,
    0.013667031221263929,
    0.009840918090686036,
    0.012081196759454719,
    0.007654717494344258,
    0.006377279290976283,
    0.005630126255823488,
    0.0046984928223318565,
    0.004311608573619245,
    0.005978856465427643,
    0.003000139753482445,
    0.0031353439808329046,
    0.0030736841047719296,
    0.003384151497698602,
    0.0031633892185199534,
    0.0019041207728662554,
    0.0008088024592202552,
    0.00046189376444691094,
    0.0,
    0.00021739130445147344,
    0.00022075055193197492,
    0.0002314814814835061,
    0.0,
    0.0,
    0.0,
    0.0,
    0.0,
    0.0,
    0.0,
    0.0,
    0.0,
    0.00029411764717496275,
    0.0,
    0.0,
    0.0,
    0.0,
    0.0
  ],
  "avg_auc": [
    0.8237704501069774,
    0.8956714703356559,
    0.9327064244204635,
    0.9541452204494008,
    0.9696335374855443,
    0.9786949737009107,
    0.9852069726436838,
    0.989564851569023,
    0.9927308642277397,
    0.9948901686588763,
    0.9955489288939392,
    0.9973540007075394,
    0.9976067485213218,
    0.9980161634964414,
    0.9986774728636473,
    0.9988139026919562,
    0.9992317845531751,
    0.9992442419779411,
    0.9998275437921336,
    0.9997908135415182,
    0.9998546713498284,
    0.9992929620572746,
    0.9998329664148609,
    0.9998430566932791,
    0.999907981167123,
    0.9998700076246569,
    0.9998968810707872,
    0.9999169769585471,
    0.9999555439553806,
    0.9999931401916173,
    1.0,
    0.9999946977730648,
    0.9999931015452539,
    0.9999939083820664,
    1.0,
    1.0,
    1.0,
    1.0,
    1.0,
    1.0,
    1.0,
    1.0,
    1.0,
    0.9999877450980392,
    1.0,
    1.0,
    1.0,
    1.0,
    1.0
  ]}
