{
  "n": [
    1,
    2,
    3,
    4,
    5,
    6,
    7,
    8,
    9,
    10,
    11,
    12,
    13,
    14,
    15,
    16,
    17,
    18,
    19,
    20,
    21,
    22,
    23,
    24,
    25,
    26,
    27,
    28,
    29,
    30
  ],
  "avg_eer": [
    0.19204622253723694,
    0.16836323347011242,
    0.15242314209321414,
    0.13999891974796513,
    0.13237070262111716,
    0.12488514107745992,
    0.11964049977362308,
    0.11909076299211538,
    0.11059983369372758,
    0.11536695563799275,
    0.10888750825799806,
    0.10222004912369087,
    0.09387079014587474,
    0.09078762710444711,
    0.08645317943156802,
    0.08249942179016648,
    0.07283386546054846,
    0.08274728531363132,
    0.08263254299507888,
    0.07499185868795477,
    0.0747358876003758,
    0.06548299595352507,
    0.06250016838927372,
    0.058638818068714814,
    0.05291716003540048,
    0.048579483880759146,
    0.038149183680544416,
    0.03648440710400812,
    0.03551943454352087,
    0.033771846682724975
  ],
  "avg_auc": [
    0.8842006425187666,
    0.9063739933487053,
    0.9189933985122645,
    0.9268965668778305,
    0.9326625952873859,
    0.9367696416297633,
    0.9414117420383388,
    0.9412457281097654,
    0.9487626816148808,
    0.9490781100075376,
    0.9500105486521075,
    0.9526216257749212,
    0.9565121744139112,
    0.9557752096736192,
    0.9567463898763341,
    0.959176871718942,
    0.963861265051978,
    0.9651173498819879,
    0.9660146564036559,
    0.96982140995829,
    0.969272798291788,
    0.9672647868677595,
    0.9681750576733654,
    0.9699859320783801,
    0.9764557953156261,
    0.9803272476482794,
    0.9893193290440017,
    0.9881745458842441,
    0.9884627656368525,
    0.9892914678661316
  ]
}