{
  "n": [
    1,
    2,
    3,
    4,
    5,
    6,
    7,
    8,
    9,
    10,
    11,
    12,
    13,
    14,
    15,
    16,
    17,
    18,
    19,
    20,
    21,
    22,
    23,
    24,
    25,
    26,
    27,
    28,
    29,
    30,
    31,
    32,
    33,
    34,
    35,
    36,
    37,
    38,
    39,
    40,
    41,
    42,
    43,
    44,
    45,
    46,
    47,
    48,
    49
  ],
  "avg_eer": [
    0.3068722396449454,
    0.20530135924370868,
    0.14089950958122607,
    0.10791700753965461,
    0.08571971829361184,
    0.06513986642654661,
    0.04067091004020014,
    0.04371130665132318,
    0.0250318296376765,
    0.02649259975482879,
    0.02034110138838921,
    0.011166177908220005,
    0.005672518019401156,
    0.0049114291758397734,
    0.0013157894737278533,
    0.0,
    0.001538461538512941,
    0.0,
    0.0,
    0.0,
    0.0,
    0.0,
    0.0,
    0.0,
    0.0,
    0.0,
    0.0,
    0.0,
    0.0,
    0.0,
    0.0,
    0.0,
    0.0,
    0.0,
    0.0,
    0.0,
    0.0,
    0.0,
    0.0,
    0.0,
    0.0,
    0.0,
    0.0,
    0.0,
    0.0,
    0.0,
    0.0,
    0.0,
    0.0
  ],
  "avg_auc": [
    0.7700086802179035,
    0.8590831707017239,
    0.9156441921379279,
    0.9435699659651375,
    0.9582165250345327,
    0.9757587096571196,
    0.9846194498512268,
    0.9885567528480674,
    0.9921755276203124,
    0.9932549582254058,
    0.9966603018784757,
    0.9976830588766072,
    0.9983308145392545,
    0.9984931717921983,
    0.9995065789473685,
    1.0,
    0.9998290598290598,
    1.0,
    1.0,
    1.0,
    1.0,
    1.0,
    1.0,
    1.0,
    1.0,
    1.0,
    1.0,
    1.0,
    1.0,
    1.0,
    1.0,
    1.0,
    1.0,
    1.0,
    1.0,
    1.0,
    1.0,
    1.0,
    1.0,
    1.0,
    1.0,
    1.0,
    1.0,
    1.0,
    1.0,
    1.0,
    1.0,
    1.0,
    1.0
  ]
}