{
  "n": [
    1,
    2,
    3,
    4,
    5,
    6,
    7,
    8,
    9,
    10,
    11,
    12,
    13,
    14,
    15,
    16,
    17,
    18,
    19,
    20,
    21,
    22,
    23,
    24,
    25,
    26,
    27,
    28,
    29,
    30,
    31,
    32,
    33,
    34,
    35,
    36,
    37,
    38,
    39,
    40,
    41,
    42,
    43,
    44,
    45,
    46,
    47,
    48,
    49
  ],
  "avg_eer": [
    0.28084765595996,
    0.18552653778015715,
    0.13314463043269276,
    0.09918562316124908,
    0.08016693139825294,
    0.06560397697183995,
    0.048552788558399555,
    0.04235057795205309,
    0.03383772748163678,
    0.028077895509344076,
    0.021685046124078747,
    0.019295817818285273,
    0.010936095961829463,
    0.014208344520711621,
    0.010611247307781475,
    0.008459460416385482,
    0.007207266046028285,
    0.006112843406645867,
    0.004297247757921907,
    0.00209807089130898,
    0.0027354101605306697,
    0.0011332119342984475,
    0.0017973360703946485,
    0.002109258930005136,
    0.00022222222228313895,
    0.002032665712924939,
    0.0012019230769191736,
    0.0009975062343502723,
    0.0007552720712136694,
    0.0,
    0.0,
    0.0,
    0.0,
    0.0,
    0.0,
    0.0,
    0.0,
    0.0,
    0.0,
    0.0,
    0.0,
    0.0,
    0.0,
    0.0,
    0.0,
    0.0,
    0.0,
    0.0,
    0.0
  ],
  "avg_auc": [
    0.7966519576466884,
    0.8867602718807104,
    0.9306201205211193,
    0.9561157845112438,
    0.9714095854579406,
    0.9797473211013468,
    0.98590484534178,
    0.990536333019697,
    0.9932701504267545,
    0.9950671363534849,
    0.997057634777517,
    0.9971867759538107,
    0.9984470342938143,
    0.9984587012800572,
    0.9993169341469346,
    0.9993916330676301,
    0.9995275799715589,
    0.999577034207714,
    0.9997451678000691,
    0.9998682952509581,
    0.9998196868533782,
    0.999942017030525,
    0.9999635578369175,
    0.9999282419296505,
    0.9999717813051147,
    0.9999116451813806,
    0.999962698938992,
    0.9999821873886712,
    0.9999804623655028,
    1.0,
    1.0,
    1.0,
    1.0,
    1.0,
    1.0,
    1.0,
    1.0,
    1.0,
    1.0,
    1.0,
    1.0,
    1.0,
    1.0,
    1.0,
    1.0,
    1.0,
    1.0,
    1.0,
    1.0
  ]
}