{
  "n": [
    1,
    2,
    3,
    4,
    5,
    6,
    7,
    8,
    9,
    10,
    11,
    12,
    13,
    14,
    15,
    16,
    17,
    18,
    19,
    20,
    21,
    22,
    23,
    24,
    25,
    26,
    27,
    28,
    29,
    30,
    31,
    32,
    33,
    34,
    35,
    36,
    37,
    38,
    39,
    40,
    41,
    42,
    43,
    44,
    45,
    46,
    47,
    48,
    49
  ],
  "avg_eer": [
    0.2384962113645844,
    0.1435394390099386,
    0.09300393419671144,
    0.06006539842578303,
    0.047722148318494514,
    0.028016795984452676,
    0.024890939044695883,
    0.016335752493950577,
    0.011519396216314665,
    0.01111880957839879,
    0.008113798849007394,
    0.004358645480620231,
    0.001356960408768399,
    0.001999999999982454,
    0.00106951871673901,
    0.0011428571429253041,
    0.0012121212122061806,
    0.0,
    0.0,
    0.0,
    0.0,
    0.000787401574899392,
    0.0,
    0.0,
    0.0,
    0.0,
    0.0,
    0.0,
    0.0,
    0.0,
    0.0,
    0.0,
    0.0,
    0.0,
    0.0,
    0.0,
    0.0,
    0.0,
    0.0,
    0.0,
    0.0,
    0.0,
    0.0,
    0.0,
    0.0,
    0.0,
    0.0,
    0.0,
    0.0
  ],
  "avg_auc": [
    0.8438376558664281,
    0.9257004280994791,
    0.9603892371907726,
    0.9793658815248701,
    0.987855110819452,
    0.9940009469878662,
    0.9955232234187121,
    0.9978427714849328,
    0.9987268798169913,
    0.9982975478414314,
    0.9987471173323058,
    0.9995552653123259,
    0.9999359793037954,
    0.9997321428571428,
    0.9999382969971204,
    0.9999523809523809,
    0.9998945981554677,
    1.0,
    1.0,
    1.0,
    1.0,
    0.9999536822603057,
    1.0,
    1.0,
    1.0,
    1.0,
    1.0,
    1.0,
    1.0,
    1.0,
    1.0,
    1.0,
    1.0,
    1.0,
    1.0,
    1.0,
    1.0,
    1.0,
    1.0,
    1.0,
    1.0,
    1.0,
    1.0,
    1.0,
    1.0,
    1.0,
    1.0,
    1.0,
    1.0
  ]
}