{
  "n": [
    1,
    2,
    3,
    4,
    5,
    6,
    7,
    8,
    9,
    10,
    11,
    12,
    13,
    14,
    15,
    16,
    17,
    18,
    19,
    20,
    21,
    22,
    23,
    24,
    25,
    26,
    27,
    28,
    29,
    30,
    31,
    32,
    33,
    34,
    35,
    36,
    37,
    38,
    39,
    40,
    41,
    42,
    43,
    44,
    45,
    46,
    47,
    48,
    49
  ],
  "avg_eer": [
    0.2526714832771749,
    0.15253616238649595,
    0.1042086679535558,
    0.0650464164956117,
    0.05807715338314754,
    0.03784313819201198,
    0.0349617016372975,
    0.02627858078760812,
    0.014875599623050323,
    0.016615331908112756,
    0.015384387763715679,
    0.009360523525102245,
    0.00548434609396775,
    0.005999999999823646,
    0.00427807486635091,
    0.004166666666667807,
    0.004347826086969852,
    0.0019230769230813665,
    0.002652027027132594,
    0.001428571428721153,
    0.0007518796992756068,
    0.0015748031496586473,
    0.0016393442622967005,
    0.0,
    0.0008928571428743588,
    0.0,
    0.0,
    0.0,
    0.0,
    0.0,
    0.0,
    0.0,
    0.0,
    0.0,
    0.0,
    0.0,
    0.0,
    0.0,
    0.0,
    0.0,
    0.0,
    0.0,
    0.0,
    0.0,
    0.0,
    0.0,
    0.0,
    0.0,
    0.0
  ],
  "avg_auc": [
    0.8286853248587563,
    0.9133532966382225,
    0.950883389655476,
    0.9715708966387021,
    0.9806633167720198,
    0.9879037128005332,
    0.9909171098207556,
    0.9940110942896201,
    0.9957272311763166,
    0.9956601115319907,
    0.996675130965804,
    0.9981809609773531,
    0.9987446809279291,
    0.9986607142857142,
    0.998868778280543,
    0.9991904761904762,
    0.9997364953886694,
    0.9996947496947497,
    0.9995728764478764,
    0.9998120300751878,
    0.999874686716792,
    0.9997220935618343,
    0.9998071359691417,
    1.0,
    0.9998214285714286,
    1.0,
    1.0,
    1.0,
    1.0,
    1.0,
    1.0,
    1.0,
    1.0,
    1.0,
    1.0,
    1.0,
    1.0,
    1.0,
    1.0,
    1.0,
    1.0,
    1.0,
    1.0,
    1.0,
    1.0,
    1.0,
    1.0,
    1.0,
    1.0
  ]
}