{
  "n": [
    1,
    2,
    3,
    4,
    5,
    6,
    7,
    8,
    9,
    10,
    11,
    12,
    13,
    14,
    15,
    16,
    17,
    18,
    19,
    20,
    21,
    22,
    23,
    24,
    25,
    26,
    27,
    28,
    29,
    30,
    31,
    32,
    33,
    34,
    35,
    36,
    37,
    38,
    39,
    40,
    41,
    42,
    43,
    44,
    45,
    46,
    47,
    48,
    49
  ],
  "avg_eer": [
    0.2823200355343719,
    0.1911562359775534,
    0.12273895140763968,
    0.09549183530139757,
    0.07219202309061679,
    0.05807560707326219,
    0.03982393556162571,
    0.030821773906929778,
    0.019621080542723598,
    0.02469496178080414,
    0.012316518937313914,
    0.012166177908302881,
    0.005672518019417777,
    0.004911429175673399,
    0.0013157894738300667,
    0.0,
    0.001538461538512941,
    0.0,
    0.0,
    0.0,
    0.0,
    0.0,
    0.0,
    0.0,
    0.0,
    0.0,
    0.0,
    0.0,
    0.0,
    0.0,
    0.0,
    0.0,
    0.0,
    0.0,
    0.0,
    0.0,
    0.0,
    0.0,
    0.0,
    0.0,
    0.0,
    0.0,
    0.0,
    0.0,
    0.0,
    0.0,
    0.0,
    0.0,
    0.0
  ],
  "avg_auc": [
    0.7962128652666947,
    0.8815288674675456,
    0.9324945168414575,
    0.9572107921025769,
    0.9693920072415974,
    0.9819137370227716,
    0.9893749425511995,
    0.9934723291800213,
    0.9955937818061035,
    0.9949086894410565,
    0.9984808819100648,
    0.9977787526565116,
    0.9986618422072386,
    0.9989637600274925,
    0.9998355263157894,
    1.0,
    0.9998290598290598,
    1.0,
    1.0,
    1.0,
    1.0,
    1.0,
    1.0,
    1.0,
    1.0,
    1.0,
    1.0,
    1.0,
    1.0,
    1.0,
    1.0,
    1.0,
    1.0,
    1.0,
    1.0,
    1.0,
    1.0,
    1.0,
    1.0,
    1.0,
    1.0,
    1.0,
    1.0,
    1.0,
    1.0,
    1.0,
    1.0,
    1.0,
    1.0
  ]
}