{
  "n": [
    1,
    2,
    3,
    4,
    5,
    6,
    7,
    8,
    9,
    10,
    11,
    12,
    13,
    14,
    15,
    16,
    17,
    18,
    19,
    20,
    21,
    22,
    23,
    24,
    25,
    26,
    27,
    28,
    29,
    30,
    31,
    32,
    33,
    34,
    35,
    36,
    37,
    38,
    39,
    40,
    41,
    42,
    43,
    44,
    45,
    46,
    47,
    48,
    49
  ],
  "avg_eer": [
    0.2622866964913821,
    0.16551775354319972,
    0.10844391785654905,
    0.07544649721744785,
    0.06329055858566476,
    0.04602406683149939,
    0.03548067875304858,
    0.024784122753568602,
    0.023786915743247736,
    0.01786224998273626,
    0.011905258137998706,
    0.010153351722050688,
    0.00532021654926867,
    0.0036557150832274956,
    0.0028463628287890273,
    0.0017179316751010434,
    0.0020833333333328055,
    0.001314964157867616,
    0.0006802721089476329,
    0.0,
    0.0,
    0.0,
    0.0,
    0.0,
    0.0,
    0.0,
    0.0,
    0.0,
    0.0,
    0.0,
    0.0,
    0.0,
    0.0,
    0.0,
    0.0,
    0.0,
    0.0,
    0.0,
    0.0,
    0.0,
    0.0,
    0.0,
    0.0,
    0.0,
    0.0,
    0.0,
    0.0,
    0.0,
    0.0
  ],
  "avg_auc": [
    0.8189290831541862,
    0.906881492798221,
    0.9484371134394483,
    0.9692568507165623,
    0.9803506308571099,
    0.9874881811449141,
    0.9919827459389307,
    0.9948537405193066,
    0.9955226065627706,
    0.997879826758413,
    0.9984245257335026,
    0.998970284246653,
    0.9994906423439763,
    0.9996240116940948,
    0.9997106229601556,
    0.9998733764637215,
    0.9998793191056912,
    0.9999733884145057,
    0.999984179718399,
    1.0,
    1.0,
    1.0,
    1.0,
    1.0,
    1.0,
    1.0,
    1.0,
    1.0,
    1.0,
    1.0,
    1.0,
    1.0,
    1.0,
    1.0,
    1.0,
    1.0,
    1.0,
    1.0,
    1.0,
    1.0,
    1.0,
    1.0,
    1.0,
    1.0,
    1.0,
    1.0,
    1.0,
    1.0,
    1.0
  ]
}