{
  "n": [
    1,
    2,
    3,
    4,
    5,
    6,
    7,
    8,
    9,
    10
  ],
  "avg_eer": [
    0.09643177063598804,
    0.07256573367747705,
    0.05397474168014952,
    0.04833916449818322,
    0.037195674403765075,
    0.041369078158253886,
    0.03372813845708343,
    0.025367891412373646,
    0.013092474370962092,
    0.014166922745788188
  ],
  "avg_auc": [
    0.9625939949469492,
    0.9769632137283008,
    0.9854442431769634,
    0.9882973445161252,
    0.9915075812556735,
    0.9925720293373723,
    0.9942408896926918,
    0.9953377298135033,
    0.9970725157755723,
    0.99643996722869
  ]
}