{
  "n": [
    1,
    2,
    3,
    4,
    5,
    6,
    7,
    8,
    9,
    10,
    11,
    12,
    13,
    14,
    15,
    16,
    17,
    18,
    19,
    20,
    21,
    22,
    23,
    24,
    25,
    26,
    27,
    28,
    29,
    30,
    31,
    32,
    33,
    34,
    35,
    36,
    37,
    38,
    39,
    40,
    41,
    42,
    43,
    44,
    45,
    46,
    47,
    48,
    49,
    50,
    51,
    52,
    53,
    54,
    55,
    56,
    57,
    58,
    59,
    60,
    61,
    62,
    63,
    64,
    65,
    66,
    67,
    68,
    69,
    70,
    71,
    72,
    73,
    74,
    75,
    76,
    77,
    78,
    79,
    80,
    81,
    82,
    83,
    84,
    85,
    86,
    87,
    88,
    89,
    90,
    91,
    92,
    93,
    94,
    95,
    96,
    97,
    98,
    99,
    100
  ],
  "avg_eer": [
    0.2434394730658477,
    0.2133504431869709,
    0.2049380217444841,
    0.19094711878630113,
    0.18318507967066494,
    0.17791727828641438,
    0.1727961567240512,
    0.1726301637519709,
    0.16515699929046812,
    0.165131678283845,
    0.15486274391451482,
    0.1580058515964946,
    0.14601291311916934,
    0.14791000841053684,
    0.15287208299756078,
    0.1529872107722879,
    0.14776726611477783,
    0.14607811781067886,
    0.140187004668427,
    0.1425036935424605,
    0.12813400605614594,
    0.12517893466158475,
    0.1329532523069449,
    0.1333000595450037,
    0.13093318191066022,
    0.12746664909091032,
    0.13364481920689264,
    0.13046170133321394,
    0.13308361212080677,
    0.13430450314771,
    0.13231884938110663,
    0.13273166579266626,
    0.12797284590506225,
    0.1266727972666745,
    0.12186350287807593,
    0.12006514269399189,
    0.11386498817206943,
    0.12139269440603177,
    0.11697008066226036,
    0.11610463701419711,
    0.1266098824027408,
    0.11721748580558136,
    0.1198921017934497,
    0.11696841112683005,
    0.11830219780254306,
    0.11519142478324651,
    0.10852753895253149,
    0.10703124476717604,
    0.10701420340630954,
    0.11066409441954383,
    0.10342358272892942,
    0.11005089367190504,
    0.10464922859195722,
    0.1070631053095783,
    0.10689089727904318,
    0.10746850639622114,
    0.10271523742475645,
    0.10152786911041509,
    0.10561239230858224,
    0.1056594855726952,
    0.10718186034993996,
    0.11084792109629649,
    0.10602707110283031,
    0.1063478493850116,
    0.09735028274796059,
    0.0919058317487735,
    0.09340740142221302,
    0.09401405540237298,
    0.08199595543359495,
    0.08687996031783665,
    0.0918253968255382,
    0.09497160767483803,
    0.09472077710632247,
    0.09969976461015154,
    0.10143229879382436,
    0.09274100261773903,
    0.08750598711305695,
    0.09613797598447964,
    0.08799093039130977,
    0.0852312599680649,
    0.08425925925931091,
    0.08890794739838036,
    0.09080012107749774,
    0.08382250174718181,
    0.08667150459595346,
    0.08482099661349543,
    0.0921862504073324,
    0.09410932733053574,
    0.10234951571353013,
    0.10825310893580906,
    0.10240365376918684,
    0.09791370896194089,
    0.09635564712824782,
    0.09288690967069357,
    0.08523903632599722,
    0.085140222096592,
    0.08746580349209947,
    0.08752117447757837,
    0.08524844720494815,
    0.08687229437241926
  ],
  "avg_auc": [
    0.8281763949873199,
    0.8491450867955139,
    0.8614210204105376,
    0.8693729104292778,
    0.8769066973980337,
    0.8811643788444948,
    0.8852279359480681,
    0.8872066283534737,
    0.8879946703728872,
    0.8927657223564527,
    0.8955779537530308,
    0.8965103733773088,
    0.8989788837021179,
    0.9006205944971637,
    0.9003180866518349,
    0.9008656808617058,
    0.9037103054653531,
    0.9034715683949909,
    0.905344983547999,
    0.9063679181055356,
    0.9069858301895903,
    0.9081636283638698,
    0.9070933717240461,
    0.9069616730670234,
    0.9104825813931402,
    0.9088462347974801,
    0.9098632080213285,
    0.9096792818852808,
    0.9102782828479213,
    0.9097997173607885,
    0.9107881421832978,
    0.9101589543591025,
    0.9131377406578285,
    0.9121905315091909,
    0.9154696955146516,
    0.9145180052060372,
    0.9162353743175433,
    0.9163163875318123,
    0.9162183423286263,
    0.9175747577020303,
    0.9159397968096211,
    0.9165321728066717,
    0.9153697937015259,
    0.9159776724369857,
    0.9124259437425117,
    0.9129128703991182,
    0.9198662431663418,
    0.9203431512278357,
    0.9206032595942423,
    0.9194829193448044,
    0.9204385419745513,
    0.9175074366163031,
    0.9163386309240338,
    0.9142335414541481,
    0.9163960238243897,
    0.9208719562626655,
    0.9188861327581911,
    0.9187527897307529,
    0.9205350615292321,
    0.9167826391281769,
    0.9175649960192296,
    0.9192205925783202,
    0.9212165877270106,
    0.9184733810151611,
    0.9256316244862643,
    0.9246924035478546,
    0.9237793158128635,
    0.9243465549709619,
    0.9250633394383394,
    0.9211622405372406,
    0.9208547008547008,
    0.9216525794374004,
    0.9218962183933606,
    0.9202180018115789,
    0.9208265068358985,
    0.922403828741199,
    0.9227283356613925,
    0.921852891634952,
    0.9236034990893582,
    0.9219558544732328,
    0.9258038258038258,
    0.9236640545297593,
    0.922425475621924,
    0.9252501747030049,
    0.9253658067000385,
    0.9234790142472082,
    0.9175905630757383,
    0.9197389986473545,
    0.9186964920075432,
    0.9167942625768257,
    0.9179211043391715,
    0.9161138223405304,
    0.9188418411683907,
    0.9210321256437041,
    0.9249990589121024,
    0.9240589121023903,
    0.9234775167535532,
    0.9228251458686241,
    0.922630340673819,
    0.9218896103896104
  ]
}