{
  "n": [
    1,
    2,
    3,
    4,
    5,
    6,
    7,
    8,
    9,
    10,
    11,
    12,
    13,
    14,
    15,
    16,
    17,
    18,
    19,
    20,
    21,
    22,
    23,
    24,
    25,
    26,
    27,
    28,
    29,
    30
  ],
  "avg_eer": [
    0.2291306447762965,
    0.1997501451693918,
    0.18592750527402974,
    0.1761306661519265,
    0.16266618220707008,
    0.14750469081180678,
    0.14136058504040644,
    0.13496707966159122,
    0.1340660102070665,
    0.12482049920825569,
    0.12430664573525171,
    0.1268615759200718,
    0.11314606521111951,
    0.11787834218690336,
    0.1210089703898634,
    0.12306981299490664,
    0.11348307909769509,
    0.09619852369876818,
    0.08738827838842911,
    0.10224826772816446,
    0.09196687370623244,
    0.10588345864646534,
    0.07426470588225373,
    0.023333333333430368,
    0.04000000000000292,
    0.044999999999991255,
    0.009090909090888936,
    0.010000000000039585,
    0.0,
    0.0
  ],
  "avg_auc": [
    0.8256046500573813,
    0.8540301320085801,
    0.8728361174031857,
    0.8801291865270793,
    0.8908541560767912,
    0.896485882698685,
    0.9041575131541826,
    0.9066067937580347,
    0.9198630898722697,
    0.9165001534240693,
    0.9166160688569652,
    0.9223207664727937,
    0.9261427918860516,
    0.9227291952482981,
    0.9163041838702377,
    0.9146841772473451,
    0.9243503231208148,
    0.929303175990676,
    0.9378107586857587,
    0.9331008280505184,
    0.9352173913043478,
    0.9500860104807474,
    0.955578431372549,
    0.9844444444444445,
    0.9783333333333333,
    0.9766666666666668,
    0.9969696969696968,
    0.9949999999999999,
    1.0,
    1.0
  ]
}