{
  "n": [
    1,
    2,
    3,
    4,
    5,
    6,
    7,
    8,
    9,
    10,
    11,
    12,
    13,
    14,
    15,
    16,
    17,
    18,
    19,
    20,
    21,
    22,
    23,
    24,
    25,
    26,
    27,
    28,
    29,
    30
  ],
  "avg_eer": [
    0.15389707103025815,
    0.12021560046555169,
    0.1003741561894241,
    0.0861327941013654,
    0.07477534611863697,
    0.06902493992158167,
    0.06123176558702299,
    0.05896431364517357,
    0.054654611399954055,
    0.053878436919590066,
    0.05112970977928567,
    0.038814908897392246,
    0.03888183228245918,
    0.04232992452329927,
    0.0380734265617768,
    0.03518198429893429,
    0.03370521604182988,
    0.03293789026408029,
    0.026134461209729364,
    0.024754079668269983,
    0.02294420044527007,
    0.022002505862821195,
    0.019404846583781315,
    0.01805193514889407,
    0.013209329892106844,
    0.011368815214779487,
    0.00989079626237037,
    0.009713316576039865,
    0.007419816001710483,
    0.007623420837731756
  ],
  "avg_auc": [
    0.9215428472595093,
    0.9464545925051157,
    0.9594500293070372,
    0.9668819079114572,
    0.9731573871028523,
    0.9765835402033349,
    0.9800544502532043,
    0.9812332058815503,
    0.984017167076091,
    0.985066913577098,
    0.9868229644804029,
    0.987797661020751,
    0.9881809678789631,
    0.9873678107246973,
    0.9889936793920336,
    0.9892662226764333,
    0.9895752288809344,
    0.9910973983174172,
    0.9931163101857843,
    0.9934349168752543,
    0.9949054508297495,
    0.9944249590452214,
    0.9934684278992327,
    0.9938419764455018,
    0.9954621990259085,
    0.9965654408102813,
    0.9968043749193793,
    0.9975705977657514,
    0.9975546840084561,
    0.9980151384326706
  ]
}