{
    "n": [
      1,
      2,
      3,
      4,
      5,
      6,
      7,
      8,
      9,
      10,
      11,
      12,
      13,
      14,
      15
    ],
    "avg_eer": [
      0.07890668599271047,
      0.04799053817851178,
      0.03823910745803657,
      0.030427578298485015,
      0.02994681826962408,
      0.020873191063658557,
      0.015329486228826123,
      0.013475863460686275,
      0.009194060871473139,
      0.00924723329622994,
      0.006178073561608663,
      0.010675193063883376,
      0.0048126965320527465,
      0.0009009009009661531,
      0.0019999999999515948
    ],
    "avg_auc": [
      0.9729478831433187,
      0.9867589834370512,
      0.9917012410952495,
      0.9936446501566488,
      0.9960925619384808,
      0.9968959089093488,
      0.9975703328860792,
      0.9977859903018984,
      0.998539948278799,
      0.9989383558647912,
      0.9984858648644426,
      0.9980957810068395,
      0.9981669076677011,
      0.9999830018697944,
      0.9999583333333334
    ]
  }