{
    "user12": {
      "1": {
        "User": "user12",
        "n": 1,
        "EER": 0.1324146195330183,
        "AUC": 0.947628875130373
      },
      "2": {
        "User": "user12",
        "n": 2,
        "EER": 0.08993288590651702,
        "AUC": 0.9696513340972337
      },
      "3": {
        "User": "user12",
        "n": 3,
        "EER": 0.0681818181808462,
        "AUC": 0.978381374722838
      },
      "4": {
        "User": "user12",
        "n": 4,
        "EER": 0.03703703703705859,
        "AUC": 0.9912551440329218
      },
      "5": {
        "User": "user12",
        "n": 5,
        "EER": 0.05853658536544695,
        "AUC": 0.9934959349593495
      },
      "6": {
        "User": "user12",
        "n": 6,
        "EER": 0.04255319149004724,
        "AUC": 0.993920972644377
      },
      "7": {
        "User": "user12",
        "n": 7,
        "EER": 0.0,
        "AUC": 1.0
      },
      "8": {
        "User": "user12",
        "n": 8,
        "EER": 0.0,
        "AUC": 1.0
      },
      "9": {
        "User": "user12",
        "n": 9,
        "EER": 0.0,
        "AUC": 1.0
      },
      "10": {
        "User": "user12",
        "n": 10,
        "EER": 0.0,
        "AUC": 1.0
      }
    },
    "user15": {
      "1": {
        "User": "user15",
        "n": 1,
        "EER": 0.07753705815337837,
        "AUC": 0.9795796421366547
      },
      "2": {
        "User": "user15",
        "n": 2,
        "EER": 0.025445292621757126,
        "AUC": 0.994538571339912
      },
      "3": {
        "User": "user15",
        "n": 3,
        "EER": 0.030303030302327876,
        "AUC": 0.9980633401686033
      },
      "4": {
        "User": "user15",
        "n": 4,
        "EER": 0.006557377049607798,
        "AUC": 0.9990163934426229
      },
      "5": {
        "User": "user15",
        "n": 5,
        "EER": 0.0,
        "AUC": 1.0
      },
      "6": {
        "User": "user15",
        "n": 6,
        "EER": 0.0,
        "AUC": 1.0
      },
      "7": {
        "User": "user15",
        "n": 7,
        "EER": 0.0,
        "AUC": 1.0
      },
      "8": {
        "User": "user15",
        "n": 8,
        "EER": 0.0,
        "AUC": 1.0
      },
      "9": {
        "User": "user15",
        "n": 9,
        "EER": 0.0,
        "AUC": 1.0
      },
      "10": {
        "User": "user15",
        "n": 10,
        "EER": 0.0,
        "AUC": 1.0
      }
    },
    "user16": {
      "1": {
        "User": "user16",
        "n": 1,
        "EER": 0.13429256594639793,
        "AUC": 0.943613530228449
      },
      "2": {
        "User": "user16",
        "n": 2,
        "EER": 0.1184210526315521,
        "AUC": 0.9614724227345995
      },
      "3": {
        "User": "user16",
        "n": 3,
        "EER": 0.11111111111111119,
        "AUC": 0.9695718654434251
      },
      "4": {
        "User": "user16",
        "n": 4,
        "EER": 0.09897610921568246,
        "AUC": 0.9810735339745579
      },
      "5": {
        "User": "user16",
        "n": 5,
        "EER": 0.06666666666667902,
        "AUC": 0.9808130081300813
      },
      "6": {
        "User": "user16",
        "n": 6,
        "EER": 0.07194244604209413,
        "AUC": 0.9792166266986411
      },
      "7": {
        "User": "user16",
        "n": 7,
        "EER": 0.018691588786017434,
        "AUC": 0.9859813084112149
      },
      "8": {
        "User": "user16",
        "n": 8,
        "EER": 0.0,
        "AUC": 1.0
      },
      "9": {
        "User": "user16",
        "n": 9,
        "EER": 0.0,
        "AUC": 1.0
      },
      "10": {
        "User": "user16",
        "n": 10,
        "EER": 0.0,
        "AUC": 1.0
      }
    },
    "user20": {
      "1": {
        "User": "user20",
        "n": 1,
        "EER": 0.08462013588635078,
        "AUC": 0.9757559938078415
      },
      "2": {
        "User": "user20",
        "n": 2,
        "EER": 0.058741258740694385,
        "AUC": 0.9911713286713286
      },
      "3": {
        "User": "user20",
        "n": 3,
        "EER": 0.02919708029305726,
        "AUC": 0.9962460896767467
      },
      "4": {
        "User": "user20",
        "n": 4,
        "EER": 0.019607843137632378,
        "AUC": 0.9982917409387998
      },
      "5": {
        "User": "user20",
        "n": 5,
        "EER": 0.027777777777454833,
        "AUC": 0.9983393719806763
      },
      "6": {
        "User": "user20",
        "n": 6,
        "EER": 0.0,
        "AUC": 1.0
      },
      "7": {
        "User": "user20",
        "n": 7,
        "EER": 0.0,
        "AUC": 1.0
      },
      "8": {
        "User": "user20",
        "n": 8,
        "EER": 0.0,
        "AUC": 1.0
      },
      "9": {
        "User": "user20",
        "n": 9,
        "EER": 0.0,
        "AUC": 1.0
      },
      "10": {
        "User": "user20",
        "n": 10,
        "EER": 0.0,
        "AUC": 1.0
      }
    },
    "user21": {
      "1": {
        "User": "user21",
        "n": 1,
        "EER": 0.06239364719223722,
        "AUC": 0.9883929904170522
      },
      "2": {
        "User": "user21",
        "n": 2,
        "EER": 0.012690355330785472,
        "AUC": 0.9965508265000651
      },
      "3": {
        "User": "user21",
        "n": 3,
        "EER": 0.008658008658418927,
        "AUC": 0.9993164730006835
      },
      "4": {
        "User": "user21",
        "n": 4,
        "EER": 0.0,
        "AUC": 1.0
      },
      "5": {
        "User": "user21",
        "n": 5,
        "EER": 0.0,
        "AUC": 1.0
      },
      "6": {
        "User": "user21",
        "n": 6,
        "EER": 0.0,
        "AUC": 1.0
      },
      "7": {
        "User": "user21",
        "n": 7,
        "EER": 0.0,
        "AUC": 1.0
      },
      "8": {
        "User": "user21",
        "n": 8,
        "EER": 0.0,
        "AUC": 1.0
      },
      "9": {
        "User": "user21",
        "n": 9,
        "EER": 0.0,
        "AUC": 1.0
      },
      "10": {
        "User": "user21",
        "n": 10,
        "EER": 0.0,
        "AUC": 1.0
      }
    },
    "user23": {
      "1": {
        "User": "user23",
        "n": 1,
        "EER": 0.08888888888888888,
        "AUC": 0.967345399698341
      },
      "2": {
        "User": "user23",
        "n": 2,
        "EER": 0.06249999999999998,
        "AUC": 0.9823506289308177
      },
      "3": {
        "User": "user23",
        "n": 3,
        "EER": 0.04310344827550178,
        "AUC": 0.9949290060851926
      },
      "4": {
        "User": "user23",
        "n": 4,
        "EER": 0.0,
        "AUC": 1.0
      },
      "5": {
        "User": "user23",
        "n": 5,
        "EER": 0.0,
        "AUC": 1.0
      },
      "6": {
        "User": "user23",
        "n": 6,
        "EER": 0.0,
        "AUC": 1.0
      },
      "7": {
        "User": "user23",
        "n": 7,
        "EER": 0.0,
        "AUC": 1.0
      },
      "8": {
        "User": "user23",
        "n": 8,
        "EER": 0.0,
        "AUC": 1.0
      },
      "9": {
        "User": "user23",
        "n": 9,
        "EER": 0.0,
        "AUC": 1.0
      },
      "10": {
        "User": "user23",
        "n": 10,
        "EER": 0.0,
        "AUC": 1.0
      }
    },
    "user29": {
      "1": {
        "User": "user29",
        "n": 1,
        "EER": 0.09803921568635117,
        "AUC": 0.9643463307874403
      },
      "2": {
        "User": "user29",
        "n": 2,
        "EER": 0.09523809523809523,
        "AUC": 0.9796481649984835
      },
      "3": {
        "User": "user29",
        "n": 3,
        "EER": 0.05639913232235477,
        "AUC": 0.977114967462039
      },
      "4": {
        "User": "user29",
        "n": 4,
        "EER": 0.045602605863494045,
        "AUC": 0.9849348534201954
      },
      "5": {
        "User": "user29",
        "n": 5,
        "EER": 0.03669724770764908,
        "AUC": 0.981651376146789
      },
      "6": {
        "User": "user29",
        "n": 6,
        "EER": 0.0,
        "AUC": 1.0
      },