{
    "n": [
      1,
      2,
      3,
      4,
      5,
      6,
      7,
      8,
      9,
      10,
      11,
      12,
      13,
      14,
      15
    ],
    "avg_eer": [
      0.07520950472979714,
      0.04528826945067428,
      0.030567215464751146,
      0.02270940047794961,
      0.01642891693221141,
      0.014738252224842069,
      0.012480952426900496,
      0.008987052456206217,
      0.0033911856471079403,
      0.0016882716577895473,
      0.001154574361194529,
      0.0012857353375655574,
      0.0,
      0.0,
      0.0
    ],
    "avg_auc": [
      0.9748962369509048,
      0.9890380897515809,
      0.9941848752529052,
      0.996276716920869,
      0.9978429881501001,
      0.9983867049008597,
      0.9989444200201352,
      0.9990406424710475,
      0.9995195415253736,
      0.9996961169954488,
      0.9996420091667979,
      0.999628892818548,
      1.0,
      1.0,
      1.0
    ]
  }