{
    "n": [
      1,
      2,
      3,
      4,
      5,
      6,
      7,
      8,
      9,
      10,
      11,
      12,
      13,
      14,
      15
    ],
    "avg_eer": [
      0.06674959206563352,
      0.040368651603627397,
      0.028382722274902645,
      0.02117211149703141,
      0.013429722435138125,
      0.01077613815587648,
      0.007741523440434187,
      0.007025043738604617,
      0.003527307607293283,
      0.001698347991082735,
      0.0011502860738165093,
      0.0008547008547293946,
      0.0005076142133206413,
      0.0,
      0.0
    ],
    "avg_auc": [
      0.9804456382619049,
      0.9915616104130894,
      0.995915014318747,
      0.9975551668836949,
      0.9986148643087642,
      0.9991331210041029,
      0.9993958700929723,
      0.9993517202599633,
      0.9996900893312347,
      0.9996557321826789,
      0.9996030913938233,
      0.9997150997150998,
      0.999746192893401,
      1.0,
      1.0
    ]
  }