{
  "n": [
    1,
    2,
    3,
    4,
    5,
    6,
    7,
    8,
    9,
    10,
    11,
    12,
    13,
    14,
    15,
    16,
    17,
    18,
    19,
    20,
    21,
    22,
    23,
    24,
    25,
    26,
    27,
    28,
    29,
    30
  ],
  "avg_eer": [
    0.10558757882406578,
    0.07603666603469642,
    0.06060630217943587,
    0.04997558567063075,
    0.04402058746075096,
    0.038865977008463885,
    0.03486530111873842,
    0.03226707288116568,
    0.03208469878479893,
    0.0315399966391829,
    0.02782618468783209,
    0.022952428127393003,
    0.02273716855742865,
    0.02004032677468806,
    0.021302950028377787,
    0.020514955920752358,
    0.018029133512454967,
    0.014867110955575436,
    0.013729240000185387,
    0.013961173531944981,
    0.01186499862263432,
    0.012570286843879128,
    0.009548969163721294,
    0.009931185213945462,
    0.009776835031723833,
    0.006704051926640425,
    0.0011566877278491566,
    0.0006493506493768961,
    0.0006711409396178969,
    0.000719424460566394
  ],
  "avg_auc": [
    0.9568397910294758,
    0.9737110405495588,
    0.981786693182365,
    0.9860809663130776,
    0.9886274377335816,
    0.99139196991172,
    0.9925597530993405,
    0.9930369603344718,
    0.9945731304585058,
    0.99475690508421,
    0.9952270672509217,
    0.9959680610167713,
    0.9963182735645304,
    0.9966777168020743,
    0.9967648959747459,
    0.996365290262862,
    0.9968244903360424,
    0.9977477896956681,
    0.997653481735998,
    0.9978878378807717,
    0.9978739508552534,
    0.9974084318904376,
    0.9979167726242084,
    0.9976924662944102,
    0.9975725313125556,
    0.9976251555563478,
    0.9997040913598931,
    0.9999350649350649,
    0.9999328859060401,
    0.9999200639488409
  ]
}