{
  "n": [
    1,
    2,
    3,
    4,
    5,
    6,
    7,
    8,
    9,
    10,
    11,
    12,
    13,
    14,
    15,
    16,
    17,
    18,
    19,
    20,
    21,
    22,
    23,
    24,
    25,
    26,
    27,
    28,
    29,
    30
  ],
  "avg_eer": [
    0.13562987090798723,
    0.11619289054435311,
    0.10019845206572242,
    0.0923937676290688,
    0.08570168638549984,
    0.07714648148972247,
    0.06843341767235571,
    0.05100943637674747,
    0.05009631098387575,
    0.037647940001852606,
    0.020899503071753738,
    0.01751303010091544,
    0.009779505269543508,
    0.0053817350340617685,
    0.002948717948891268,
    0.003280423280553807,
    0.003680160588862132,
    0.0,
    0.0,
    0.0,
    0.0,
    0.0,
    0.0,
    0.0,
    0.0,
    0.0,
    0.0,
    0.0,
    0.0,
    0.0
  ],
  "avg_auc": [
    0.9324878755571213,
    0.9493043755193364,
    0.9578781459100256,
    0.963288122772189,
    0.9675199898458253,
    0.9703176505602571,
    0.974968049014923,
    0.9795304663477319,
    0.9776060952364386,
    0.9826121482345526,
    0.9915104963337719,
    0.9919873745873252,
    0.9956301531732878,
    0.996960864895122,
    0.999707298391509,
    0.9998117024587613,
    0.999833195007794,
    1.0,
    1.0,
    1.0,
    1.0,
    1.0,
    1.0,
    1.0,
    1.0,
    1.0,
    1.0,
    1.0,
    1.0,
    1.0
  ]
}