{
  "n": [
    1,
    2,
    3,
    4,
    5,
    6,
    7,
    8,
    9,
    10,
    11,
    12,
    13,
    14,
    15,
    16,
    17,
    18,
    19,
    20,
    21,
    22,
    23,
    24,
    25,
    26,
    27,
    28,
    29,
    30
  ],
  "avg_eer": [
    0.14163937059114803,
    0.11811332243876331,
    0.09997034437029992,
    0.09236463890984872,
    0.08071730187768392,
    0.07999657159957023,
    0.07287254657676054,
    0.07259065695677087,
    0.06638533948759634,
    0.07155908150994303,
    0.06474930834039423,
    0.061466951793758565,
    0.05554206793207171,
    0.05897236163413958,
    0.05862021922527401,
    0.05713833708440201,
    0.05087669899903696,
    0.04689283536333337,
    0.04368370321305259,
    0.03824312089216152,
    0.037016846564179126,
    0.033397714866639956,
    0.02644658791888736,
    0.029377832529355725,
    0.025216856780101105,
    0.02117398942429413,
    0.015463624982261597,
    0.01279193870608471,
    0.010023967283917029,
    0.009297615827635794
  ],
  "avg_auc": [
    0.9283860330323812,
    0.947796282617292,
    0.9577410236071104,
    0.9632551245749461,
    0.9672745456251978,
    0.9707536675819319,
    0.9739948758839446,
    0.9738299722163217,
    0.97817707540448,
    0.9774890935519617,
    0.9794104305859384,
    0.980891242989965,
    0.9821108223098584,
    0.981979904916575,
    0.9818339996056615,
    0.982865336406117,
    0.9853852996616219,
    0.9883957423092152,
    0.9882688251117786,
    0.9894448351827851,
    0.9892984177010391,
    0.9899377062589527,
    0.9911836567876755,
    0.990789465355998,
    0.9922680533727124,
    0.9920230365031506,
    0.9946234932923541,
    0.9956085790058198,
    0.9953406859601875,
    0.9954084065886317
  ]
}