{
  "n": [
    1,
    2,
    3,
    4,
    5,
    6,
    7,
    8,
    9,
    10,
    11,
    12,
    13,
    14,
    15,
    16,
    17,
    18,
    19,
    20,
    21,
    22,
    23,
    24,
    25,
    26,
    27,
    28,
    29,
    30,
    31,
    32,
    33,
    34,
    35,
    36,
    37,
    38,
    39,
    40,
    41,
    42,
    43,
    44,
    45,
    46,
    47,
    48,
    49
  ],
  "avg_eer": [
    0.253576417549203,
    0.16119343914344336,
    0.10976196563337932,
    0.08371800337870242,
    0.06820489796574256,
    0.05326783123997254,
    0.03918729117688467,
    0.03233098264644922,
    0.02231834462031118,
    0.02562767185357011,
    0.02077662543403557,
    0.014757721368171875,
    0.008097176226809529,
    0.007273885454003022,
    0.006318238980599663,
    0.00450289671051605,
    0.0030386304031913515,
    0.00442477876093079,
    0.002687700847355063,
    0.0025000000000005586,
    0.0013793103447527393,
    0.002702702702702696,
    0.0007547169812135701,
    0.0003937007874893879,
    0.003125000000031624,
    0.0,
    0.000442477876112961,
    0.0004587155963699175,
    0.0,
    0.000492610837567165,
    0.0005076142132586848,
    0.0005263157895043504,
    0.0005405405406027174,
    0.0,
    0.0011494252874593095,
    0.0,
    0.0,
    0.0,
    0.0,
    0.0013157894737468128,
    0.0,
    0.0,
    0.0,
    0.0,
    0.0,
    0.0,
    0.0,
    0.0,
    0.0
  ],
  "avg_auc": [
    0.826641784602278,
    0.9095308593762228,
    0.9468648442087785,
    0.966990839859292,
    0.9784616771188525,
    0.9852327324199205,
    0.9900046042701675,
    0.9923766198427844,
    0.994713957190782,
    0.995696835220978,
    0.996972079171551,
    0.9979072293983267,
    0.9983784584178226,
    0.9989378224165402,
    0.9989645196918435,
    0.9994359537982627,
    0.999538082925552,
    0.9995083579154376,
    0.9994949687637668,
    0.9997295081967212,
    0.9999001814882031,
    0.9997072885159527,
    0.9999460916442049,
    0.9999880696731089,
    0.9998847336065573,
    1.0,
    0.9999705014749264,
    0.9999683644416324,
    1.0,
    0.9999817551541689,
    0.9999804763764155,
    0.999978947368421,
    0.9999774774774774,
    1.0,
    0.9999500249875062,
    1.0,
    1.0,
    1.0,
    1.0,
    0.9999342105263157,
    1.0,
    1.0,
    1.0,
    1.0,
    1.0,
    1.0,
    1.0,
    1.0,
    1.0
  ]
}