{
  "n": [
    1,
    2,
    3,
    4,
    5,
    6,
    7,
    8,
    9,
    10,
    11,
    12,
    13,
    14,
    15,
    16,
    17,
    18,
    19,
    20,
    21,
    22,
    23,
    24,
    25,
    26,
    27,
    28,
    29,
    30,
    31,
    32,
    33,
    34,
    35,
    36,
    37,
    38,
    39,
    40,
    41,
    42,
    43,
    44,
    45,
    46,
    47,
    48,
    49
  ],
  "avg_eer": [
    0.26561762621793267,
    0.15442170630672808,
    0.08762305765112369,
    0.06909956870205747,
    0.04555388107083828,
    0.03170205914376622,
    0.023797625731257255,
    0.012721816594013882,
    0.011125879448000628,
    0.006249999999999997,
    0.001818181818261049,
    0.003960396039517418,
    0.0021505376345123508,
    0.0034482758622325083,
    0.001234567901285091,
    0.0,
    0.0,
    0.0,
    0.0,
    0.0016666666667673284,
    0.0,
    0.0,
    0.0,
    0.0,
    0.0,
    0.0,
    0.0,
    0.0,
    0.0,
    0.0,
    0.0,
    0.0,
    0.0,
    0.0,
    0.0,
    0.0,
    0.0,
    0.0,
    0.0,
    0.0,
    0.0,
    0.0,
    0.0,
    0.0,
    0.0,
    0.0,
    0.0,
    0.0,
    0.0
  ],
  "avg_auc": [
    0.8152856354685396,
    0.9092602316553562,
    0.956177086284699,
    0.9704910046567674,
    0.9857788600832489,
    0.9906314668270717,
    0.9945744331635626,
    0.9963210976770543,
    0.9983648864242471,
    0.9979338842975206,
    0.9997402597402598,
    0.9992383853769992,
    0.9998207885304659,
    0.9996865203761756,
    0.9998765432098764,
    1.0,
    1.0,
    1.0,
    1.0,
    0.9997916666666666,
    1.0,
    1.0,
    1.0,
    1.0,
    1.0,
    1.0,
    1.0,
    1.0,
    1.0,
    1.0,
    1.0,
    1.0,
    1.0,
    1.0,
    1.0,
    1.0,
    1.0,
    1.0,
    1.0,
    1.0,
    1.0,
    1.0,
    1.0,
    1.0,
    1.0,
    1.0,
    1.0,
    1.0,
    1.0
  ]
}