{
  "n": [
    1,
    2,
    3,
    4,
    5,
    6,
    7,
    8,
    9,
    10,
    11,
    12,
    13,
    14,
    15,
    16,
    17,
    18,
    19,
    20,
    21,
    22,
    23,
    24,
    25,
    26,
    27,
    28,
    29,
    30,
    31,
    32,
    33,
    34,
    35,
    36,
    37,
    38,
    39,
    40,
    41,
    42,
    43,
    44,
    45,
    46,
    47,
    48,
    49
  ],
  "avg_eer": [
    0.3430184977769708,
    0.2727501305224228,
    0.23048772332621548,
    0.2008810129544339,
    0.17649654867905235,
    0.1565380070821294,
    0.13889585970918644,
    0.12286712790042516,
    0.11099781657998295,
    0.10123923332602014,
    0.08981825972475788,
    0.085186104024286,
    0.073190918488648,
    0.07127340465643979,
    0.0629618881076453,
    0.05427172341553692,
    0.053682108371173876,
    0.04356490991018633,
    0.040456148313638626,
    0.038959649504443146,
    0.036719350282003176,
    0.03580178352959808,
    0.02993873704050253,
    0.027342105042673825,
    0.02789424680073707,
    0.022791126918582875,
    0.02279289010960558,
    0.021462270335449965,
    0.019343670775947043,
    0.01814473080421332,
    0.015584250224217657,
    0.017764601470177516,
    0.010878426713298611,
    0.012283960119254162,
    0.012739107439615751,
    0.01205805063502482,
    0.009476003452720094,
    0.008709297259332636,
    0.007229329244512818,
    0.007464941046134811,
    0.008394374429805191,
    0.009009026924047606,
    0.004684700277750036,
    0.007452730258935421,
    0.007041269393882038,
    0.005113035753563,
    0.005454255219463329,
    0.0066967633650954084,
    0.002649394943266049
  ],
  "avg_auc": [
    0.7117883418312307,
    0.7938360995401256,
    0.8423093413327329,
    0.8754840554271806,
    0.8994297207632858,
    0.9178371593556127,
    0.931670626897591,
    0.9431837029426694,
    0.9531836088649419,
    0.9602862457144052,
    0.9659582133676705,
    0.9722523523244622,
    0.9764130536189315,
    0.9786940655319748,
    0.9815406537221627,
    0.9846905922846162,
    0.9868149097827441,
    0.9897460142316256,
    0.9907607386960736,
    0.9918609638140999,
    0.9924433144965187,
    0.99280158460205,
    0.9949060023708096,
    0.9953912075766441,
    0.9961421418331886,
    0.9964617202629065,
    0.9963108979316402,
    0.9965642581835571,
    0.9976589489955325,
    0.9980287495611405,
    0.9980023193553599,
    0.997834144100055,
    0.998546024993154,
    0.9986731059056295,
    0.9986750221082181,
    0.9990832718935743,
    0.999025163109215,
    0.9991709857566852,
    0.9991305001753007,
    0.9995105767621382,
    0.9992216280043996,
    0.999464756029169,
    0.9996257462735405,
    0.999454572212754,
    0.9995298506372812,
    0.9996151614778481,
    0.9996598981176481,
    0.9995974765530192,
    0.9998606713168261
  ]
}