{
  "n": [
    1,
    2,
    3,
    4,
    5,
    6,
    7,
    8,
    9,
    10,
    11,
    12,
    13,
    14,
    15,
    16,
    17,
    18,
    19,
    20,
    21,
    22,
    23,
    24,
    25,
    26,
    27,
    28,
    29,
    30,
    31,
    32,
    33,
    34,
    35,
    36,
    37,
    38,
    39,
    40,
    41,
    42,
    43,
    44,
    45,
    46,
    47,
    48,
    49
  ],
  "avg_eer": [
    0.30578447272860343,
    0.2196648659699576,
    0.1725916235331628,
    0.1344470708152373,
    0.10927852168088412,
    0.09616751672295323,
    0.08260084928751063,
    0.06767435841408219,
    0.05761743939551293,
    0.04982429328765932,
    0.041686333568837705,
    0.035478600454495045,
    0.02966914200089396,
    0.024331443878406685,
    0.02153186807370103,
    0.019590613602764418,
    0.017656361743113087,
    0.018848891622479106,
    0.014398156072207586,
    0.013273341401109298,
    0.00966233332789555,
    0.00789780497729176,
    0.009515560126799745,
    0.008810589918360158,
    0.008429181765219215,
    0.0055797379500642326,
    0.003910345619999339,
    0.005186295338146197,
    0.002380024087792406,
    0.0041023063641048765,
    0.002246935943234354,
    0.002833438435857295,
    0.002587021094062621,
    0.0008356545962118938,
    0.001970299165143282,
    0.0005719935609992949,
    0.0026005961252228973,
    0.0006039241406873312,
    0.0009383788334566238,
    0.0,
    0.002564102564083114,
    0.00034482758620985157,
    0.0007042253521585689,
    0.0003610108304198937,
    0.0007380073800837807,
    0.00037735849061509743,
    0.0019305019304947432,
    0.0,
    0.0004016064257830607
  ],
  "avg_auc": [
    0.7647850277324229,
    0.8527321138370791,
    0.9008229809701132,
    0.9293290180540501,
    0.9494527499441141,
    0.9625307893509776,
    0.9717315851137924,
    0.9782687424076976,
    0.9835356267772937,
    0.987584954302641,
    0.9907569422018963,
    0.9923955307939067,
    0.993707018397702,
    0.995099202928928,
    0.9962364111489341,
    0.9964861092724947,
    0.9977316071790903,
    0.9977122243402802,
    0.9983362508990133,
    0.9984297573372128,
    0.9990620082312007,
    0.9989489069377543,
    0.999164675203469,
    0.9994180298548037,
    0.9994443619088795,
    0.9995899573236944,
    0.9997190108475552,
    0.9996519977708088,
    0.999836955933539,
    0.9997847201549359,
    0.9998169747071687,
    0.9998834710655246,
    0.9998206118811248,
    0.9999245589600744,
    0.9999034173642452,
    0.9999491156839231,
    0.9998988295447182,
    0.9999788315000112,
    0.9999172809105659,
    1.0,
    0.9999222999222999,
    0.9999557913351017,
    0.9999814677538919,
    0.9999902429505317,
    0.999979499794998,
    0.9999784366576818,
    0.9998977969566205,
    1.0,
    0.999975660216624
  ]
}