{
  "n": [
    1,
    2,
    3,
    4,
    5,
    6,
    7,
    8,
    9,
    10,
    11,
    12,
    13,
    14,
    15,
    16,
    17,
    18,
    19,
    20,
    21,
    22,
    23,
    24,
    25,
    26,
    27,
    28,
    29,
    30,
    31,
    32,
    33,
    34,
    35,
    36,
    37,
    38,
    39,
    40,
    41,
    42,
    43,
    44,
    45,
    46,
    47,
    48,
    49
  ],
  "avg_eer": [
    0.30600971236557994,
    0.22098415467429597,
    0.16964199617374404,
    0.13358198870439103,
    0.10924734736159211,
    0.08834008308342935,
    0.07398968860067162,
    0.061700847702773384,
    0.05109198510742653,
    0.042380460641915245,
    0.03536570924916076,
    0.03206463893619816,
    0.025330049387842123,
    0.023642810945293555,
    0.01826955727559555,
    0.015568405941287672,
    0.013480848166680045,
    0.010790182063054777,
    0.01205759590394201,
    0.01031107497238158,
    0.009054344969300557,
    0.007696521673228511,
    0.005159243626770419,
    0.004457161387924772,
    0.004148251596842222,
    0.004694484739564818,
    0.003169800926037867,
    0.002744354614835474,
    0.0027011634516818806,
    0.0017768978558807338,
    0.002068575268488931,
    0.001622746748291766,
    0.0020352194632807965,
    0.0010561204613237182,
    0.0016054900874684537,
    0.0012647121609302247,
    0.0007070707070047265,
    0.0009191082494613304,
    0.0008997008973611137,
    0.0005458515282346704,
    0.0006641059192981312,
    0.0003367691839058651,
    0.0005868544600431762,
    0.00011248593937609979,
    0.0009750256584127171,
    0.00024311757336904953,
    0.00012019230783828107,
    0.0003848225845254433,
    0.0
  ],
  "avg_auc": [
    0.7657669015525856,
    0.8552056907921983,
    0.9035802200374595,
    0.9326656525693062,
    0.9525517792818305,
    0.9661602950649009,
    0.9751339304389879,
    0.9811024961463112,
    0.9866848787517452,
    0.9898124400551513,
    0.9920124441957648,
    0.9942879515448482,
    0.9957954073113928,
    0.9964557553448291,
    0.9972942819124331,
    0.9979145603454935,
    0.9984454639768507,
    0.9987444515922409,
    0.9990766987262167,
    0.9992085417935475,
    0.9994531185838931,
    0.9994880773709938,
    0.9996204970467506,
    0.9996221746399847,
    0.9996972607367528,
    0.9997324542676791,
    0.9997907271505075,
    0.9998861643236019,
    0.9999137129990615,
    0.9999285681599883,
    0.9999226805619019,
    0.999921488987716,
    0.9998892700007745,
    0.9999754039583767,
    0.9999538814784454,
    0.9999778196475871,
    0.9999938781756963,
    0.9999844645863941,
    0.9999721029909585,
    0.9999946309685732,
    0.9999852703447694,
    0.9999951822459614,
    0.9999897043077176,
    0.9999959096022089,
    0.9999790782220233,
    0.999994376804248,
    0.9999976886094675,
    0.9999949761769964,
    1.0
  ]
}