{
  "n": [
    1,
    2,
    3,
    4,
    5,
    6,
    7,
    8,
    9,
    10,
    11,
    12,
    13,
    14,
    15,
    16,
    17,
    18,
    19,
    20,
    21,
    22,
    23,
    24,
    25,
    26,
    27,
    28,
    29,
    30,
    31,
    32,
    33,
    34,
    35,
    36,
    37,
    38,
    39,
    40,
    41,
    42,
    43,
    44,
    45,
    46,
    47,
    48,
    49
  ],
  "avg_eer": [
    0.23299562089042064,
    0.14154259376064776,
    0.0965157378624683,
    0.07216186050803228,
    0.05069141387939406,
    0.04163054642195961,
    0.03796958776989983,
    0.023066623380858874,
    0.018482125833973545,
    0.023350845411979685,
    0.012854021651584247,
    0.0064504385778005715,
    0.007978375621647835,
    0.0053828575660917945,
    0.0019344535170205432,
    0.005468220593646096,
    0.00538952101162161,
    0.002324598478519308,
    0.0018280346822901147,
    0.003851091142491611,
    0.004137931034353927,
    0.0020669195604762895,
    0.0015151515151998335,
    0.0,
    0.0,
    0.0,
    0.0,
    0.0,
    0.0,
    0.0,
    0.0,
    0.0,
    0.0,
    0.0,
    0.0,
    0.0,
    0.0,
    0.0,
    0.0,
    0.0,
    0.0,
    0.0,
    0.0,
    0.0,
    0.0,
    0.0,
    0.0,
    0.0,
    0.0
  ],
  "avg_auc": [
    0.8452631460751201,
    0.9221851674797865,
    0.9575365632055082,
    0.9746194677244986,
    0.984925608926828,
    0.9901596351614161,
    0.9923977531451543,
    0.9957753683784725,
    0.9962362515078796,
    0.9961569185368283,
    0.9982442746122,
    0.9984012880792917,
    0.9983742753677676,
    0.9985281361970667,
    0.9998672647704296,
    0.9995034933844282,
    0.9990689890322237,
    0.999858261396723,
    0.999868221855216,
    0.9997159820282413,
    0.9997822141560799,
    0.9997277301479228,
    0.9999108734402853,
    1.0,
    1.0,
    1.0,
    1.0,
    1.0,
    1.0,
    1.0,
    1.0,
    1.0,
    1.0,
    1.0,
    1.0,
    1.0,
    1.0,
    1.0,
    1.0,
    1.0,
    1.0,
    1.0,
    1.0,
    1.0,
    1.0,
    1.0,
    1.0,
    1.0,
    1.0
  ]
}