{
  "n": [
    1,
    2,
    3,
    4,
    5,
    6,
    7,
    8,
    9,
    10,
    11,
    12,
    13,
    14,
    15,
    16,
    17,
    18,
    19,
    20,
    21,
    22,
    23,
    24,
    25,
    26,
    27,
    28,
    29,
    30,
    31,
    32,
    33,
    34,
    35,
    36,
    37,
    38,
    39,
    40,
    41,
    42,
    43,
    44,
    45,
    46,
    47,
    48,
    49,
    50,
    51,
    52,
    53,
    54,
    55,
    56,
    57,
    58,
    59,
    60,
    61,
    62,
    63,
    64,
    65,
    66,
    67,
    68,
    69,
    70,
    71,
    72,
    73,
    74,
    75,
    76,
    77,
    78,
    79,
    80,
    81,
    82,
    83,
    84,
    85,
    86,
    87,
    88,
    89,
    90,
    91,
    92,
    93,
    94,
    95,
    96,
    97,
    98,
    99,
    100
  ],
  "avg_eer": [
    0.21444952749508034,
    0.19662747079229337,
    0.17221086205068278,
    0.1543384586482675,
    0.14291965009782054,
    0.13652194623086777,
    0.13137794807347686,
    0.13031129723929655,
    0.12385683301184933,
    0.11506347299968249,
    0.10476277152077076,
    0.1034896145002446,
    0.1022942205068857,
    0.09185344361994925,
    0.10087593368664867,
    0.08805150164485384,
    0.09187708124469378,
    0.09052519221883017,
    0.07760173595115102,
    0.0888650316933208,
    0.07903188737351681,
    0.0811288617772544,
    0.08473134644099536,
    0.08685755396258377,
    0.07468494045390436,
    0.07769716064544455,
    0.0735150323197318,
    0.07152163874675989,
    0.07853836829870617,
    0.07417189072485914,
    0.07424993286061536,
    0.08040436914241748,
    0.06940337295900285,
    0.06806924529119558,
    0.06852038892485525,
    0.06323057487384154,
    0.06468829865761569,
    0.06393678160928871,
    0.06619938567041157,
    0.06996890577471815,
    0.06005244755246305,
    0.06392519081209172,
    0.06453424026953249,
    0.06889608191586753,
    0.06450762829402724,
    0.06973341423938367,
    0.06341614906841098,
    0.07219806763280522,
    0.0704744069912056,
    0.06945509271076274,
    0.07010335917320132,
    0.06944444444442609,
    0.07184959349604529,
    0.06812427410006305,
    0.0567427939607546,
    0.05782627865975325,
    0.055789473684172496,
    0.06092105263153806,
    0.06977650727633482,
    0.07535714285696529,
    0.062393822393775555,
    0.060004892368087606,
    0.05865079365075869,
    0.0692647058823348,
    0.07282677521491118,
    0.07322773484352596,
    0.06612415158351626,
    0.06660709921781129,
    0.0622170179547466,
    0.0622170179547466,
    0.05269320843082113,
    0.05067796610145597,
    0.051548801870196934,
    0.053026634382469726,
    0.049874686716874,
    0.048120300751917686,
    0.048120300751917686,
    0.04804713804714665,
    0.044378306878677276,
    0.04510958643043782,
    0.044121915820085074,
    0.0449849170437812,
    0.043061840120752606,
    0.041921568627546854,
    0.04273469387763308,
    0.05246781789654167,
    0.05054945054945144,
    0.05054945054945144,
    0.052472527472511944,
    0.049632352941204314,
    0.04374999999998954,
    0.043478260869595095,
    0.04090909090911197,
    0.046408268734003943,
    0.04280177187158126,
    0.04280177187158126,
    0.04280177187158126,
    0.04042081949078234,
    0.04042081949078234,
    0.03993902439035219
  ],
  "avg_auc": [
    0.8543839210625404,
    0.8778276499520608,
    0.8942986265470954,
    0.9068947837659911,
    0.9166416846933888,
    0.9189126764335975,
    0.9272986644535475,
    0.9298622615574933,
    0.9313662071080484,
    0.9369329898764918,
    0.9379329543284216,
    0.94086623630578,
    0.9423377282854954,
    0.9429061054927181,
    0.9435422723889528,
    0.9444514010377791,
    0.946506786691155,
    0.9477745945214927,
    0.9518729244242774,
    0.9489750299874397,
    0.9520804336973978,
    0.9504683748045769,
    0.9506366654203411,
    0.9499930029552944,
    0.9536333172676796,
    0.9527426698986963,
    0.9544154348897228,
    0.9552958473662736,
    0.9510662985852658,
    0.9535489466598618,
    0.9535454900556534,
    0.9530211787586886,
    0.9569758968126788,
    0.9550742875704088,
    0.9562912856479032,
    0.9587591320869719,
    0.9564932969240661,
    0.9559426913880019,
    0.9577700189979353,
    0.9558243802233573,
    0.9578043553591226,
    0.9593347141527735,
    0.9607158883862518,
    0.9551427716031677,
    0.9559632851198732,
    0.9564814372978973,
    0.9601481226814326,
    0.9581375540300027,
    0.9585651976519773,
    0.9593482744645534,
    0.9567444114829105,
    0.9575297088532382,
    0.9539818660022149,
    0.9570001451800232,
    0.9591823129366975,
    0.9606520331520331,
    0.961687969924812,
    0.9582801321485531,
    0.9579129129129129,
    0.955365722865723,
    0.9579096954096954,
    0.9609643132769218,
    0.9618214532189688,
    0.9578278565157406,
    0.959831682215686,
    0.9570499528051443,
    0.9578954730930833,
    0.9562354899804497,
    0.9578844652615144,
    0.9583606557377049,
    0.9607416081186573,
    0.959592413236481,
    0.9588962177506888,
    0.9571720798196545,
    0.9580140828261129,
    0.9593268886501969,
    0.9608575008950948,
    0.9612602212602213,
    0.9618992504409171,
    0.9613274251953496,
    0.9642525399129174,
    0.9632252388134741,
    0.9636098541980894,
    0.964549019607843,
    0.9647863945578232,
    0.9612018838304554,
    0.9569597069597069,
    0.9572998430141286,
    0.9552982731554159,
    0.9560253267973856,
    0.9576388888888889,
    0.9582608695652173,
    0.9595454545454546,
    0.9597243755383291,
    0.9598947951273533,
    0.9594186046511627,
    0.9594186046511627,
    0.9603709856035436,
    0.9603709856035436,
    0.960890243902439
  ]
}