{
  "n": [
    1,
    2,
    3,
    4,
    5,
    6,
    7,
    8,
    9,
    10,
    11,
    12,
    13,
    14,
    15,
    16,
    17,
    18,
    19,
    20,
    21,
    22,
    23,
    24,
    25,
    26,
    27,
    28,
    29,
    30,
    31,
    32,
    33,
    34,
    35,
    36,
    37,
    38,
    39,
    40,
    41,
    42,
    43,
    44,
    45,
    46,
    47,
    48,
    49
  ],
  "avg_eer": [
    0.2941119256326984,
    0.20219760549252297,
    0.14998401415256365,
    0.11867138202882699,
    0.08900997760208529,
    0.08022473344868183,
    0.059688897527326354,
    0.042720471043255895,
    0.03227173368735192,
    0.02057917365948843,
    0.01920527860958058,
    0.01062688713171746,
    0.007441711913187525,
    0.01348814229275514,
    0.0037037037037849795,
    0.009228070175480468,
    0.004225352112725813,
    0.004477611940450791,
    0.012499999999831377,
    0.0016666666667673284,
    0.0,
    0.0,
    0.0,
    0.006000000000016865,
    0.0020833333334163108,
    0.0,
    0.0,
    0.0,
    0.0023809523810451928,
    0.0,
    0.0,
    0.0,
    0.0,
    0.0,
    0.0,
    0.0,
    0.0,
    0.0,
    0.0,
    0.0,
    0.0,
    0.0,
    0.0,
    0.0,
    0.0,
    0.0,
    0.0,
    0.0,
    0.0
  ],
  "avg_auc": [
    0.7727320273381808,
    0.8695326664283842,
    0.9201706771590311,
    0.9450396731225987,
    0.9651769310492211,
    0.9755755322978331,
    0.9841027926410666,
    0.9885997668698756,
    0.9921424627296604,
    0.9957110078738388,
    0.9964070919217406,
    0.9969818188658754,
    0.9990356293693885,
    0.9978033142519649,
    0.9996296296296296,
    0.9982842105263158,
    0.9995305164319248,
    0.9991708126036485,
    0.9984375,
    0.9997916666666666,
    1.0,
    1.0,
    1.0,
    0.999,
    0.9996527777777778,
    1.0,
    1.0,
    1.0,
    0.9995238095238095,
    1.0,
    1.0,
    1.0,
    1.0,
    1.0,
    1.0,
    1.0,
    1.0,
    1.0,
    1.0,
    1.0,
    1.0,
    1.0,
    1.0,
    1.0,
    1.0,
    1.0,
    1.0,
    1.0,
    1.0
  ]
}