{
  "n": [
    1,
    2,
    3,
    4,
    5,
    6,
    7,
    8,
    9,
    10,
    11,
    12,
    13,
    14,
    15,
    16,
    17,
    18,
    19,
    20,
    21,
    22,
    23,
    24,
    25,
    26,
    27,
    28,
    29,
    30,
    31,
    32,
    33,
    34,
    35,
    36,
    37,
    38,
    39,
    40,
    41,
    42,
    43,
    44,
    45,
    46,
    47,
    48,
    49
  ],
  "avg_eer": [
    0.24961405923368357,
    0.15723040493937832,
    0.1113980735027547,
    0.07932580088374329,
    0.05599999352140796,
    0.046066935050531735,
    0.03672389724052587,
    0.02962419231818062,
    0.018815331418037463,
    0.01206753336880961,
    0.01167459435560932,
    0.008319223497414943,
    0.005729026653544414,
    0.00330438633040981,
    0.002596225844728251,
    0.002032082586590235,
    0.0010944427640346712,
    0.0011602339438376813,
    0.0006230529595878718,
    0.0,
    0.0006896551725281663,
    0.0,
    0.0,
    0.0,
    0.0,
    0.0,
    0.0,
    0.0,
    0.0,
    0.0,
    0.0,
    0.0,
    0.0,
    0.0,
    0.0,
    0.0,
    0.0,
    0.0,
    0.0,
    0.0,
    0.0,
    0.0,
    0.0,
    0.0,
    0.0,
    0.0,
    0.0,
    0.0,
    0.0
  ],
  "avg_auc": [
    0.8202355390587058,
    0.9074599126889394,
    0.9485433768287276,
    0.9695099597276267,
    0.9815975474543007,
    0.988363753396766,
    0.9926506966889306,
    0.9954795333618826,
    0.9970563033548068,
    0.9982875038570492,
    0.9988779372852467,
    0.9991583113547019,
    0.9993875412713153,
    0.9997874903462328,
    0.9998257431709849,
    0.9998555651946651,
    0.9999340356761168,
    0.9999547529842004,
    0.9999777481085893,
    1.0,
    0.9999818511796732,
    1.0,
    1.0,
    1.0,
    1.0,
    1.0,
    1.0,
    1.0,
    1.0,
    1.0,
    1.0,
    1.0,
    1.0,
    1.0,
    1.0,
    1.0,
    1.0,
    1.0,
    1.0,
    1.0,
    1.0,
    1.0,
    1.0,
    1.0,
    1.0,
    1.0,
    1.0,
    1.0,
    1.0
  ]
}