{
  "n": [
    1,
    2,
    3,
    4,
    5,
    6,
    7,
    8,
    9,
    10,
    11,
    12,
    13,
    14,
    15,
    16,
    17,
    18,
    19,
    20,
    21,
    22,
    23,
    24,
    25,
    26,
    27,
    28,
    29,
    30,
    31,
    32,
    33,
    34,
    35,
    36,
    37,
    38,
    39,
    40,
    41,
    42,
    43,
    44,
    45,
    46,
    47,
    48,
    49
  ],
  "avg_eer": [
    0.21337494370273324,
    0.12577864250392226,
    0.0822873218030323,
    0.05841439095920435,
    0.04291083028758973,
    0.032615558742544716,
    0.027648229189562206,
    0.015270398335491809,
    0.0128246780469671,
    0.006120177694606401,
    0.00943894510041566,
    0.004026719099600347,
    0.0027667984189880092,
    0.0012820983125537496,
    0.000460829493126798,
    0.0,
    0.0,
    0.0,
    0.0,
    0.0,
    0.0,
    0.0,
    0.0,
    0.0,
    0.0,
    0.0,
    0.0,
    0.0,
    0.0,
    0.0,
    0.0,
    0.0,
    0.0,
    0.0,
    0.0,
    0.0,
    0.0,
    0.0,
    0.0,
    0.0,
    0.0,
    0.0,
    0.0,
    0.0,
    0.0,
    0.0,
    0.0,
    0.0,
    0.0
  ],
  "avg_auc": [
    0.8618870686357806,
    0.9340928838186329,
    0.9646616969897558,
    0.9817817281211546,
    0.9899983533155267,
    0.9935975173851807,
    0.9963523361573948,
    0.9977182931759575,
    0.9980523579469798,
    0.9992671498714053,
    0.9991236660143615,
    0.9996781447671299,
    0.9997035573122529,
    0.9997450000476412,
    0.9999645515774548,
    1.0,
    1.0,
    1.0,
    1.0,
    1.0,
    1.0,
    1.0,
    1.0,
    1.0,
    1.0,
    1.0,
    1.0,
    1.0,
    1.0,
    1.0,
    1.0,
    1.0,
    1.0,
    1.0,
    1.0,
    1.0,
    1.0,
    1.0,
    1.0,
    1.0,
    1.0,
    1.0,
    1.0,
    1.0,
    1.0,
    1.0,
    1.0,
    1.0,
    1.0
  ]
}