{
  "n": [
    1,
    2,
    3,
    4,
    5,
    6,
    7,
    8,
    9,
    10,
    11,
    12,
    13,
    14,
    15,
    16,
    17,
    18,
    19,
    20,
    21,
    22,
    23,
    24,
    25,
    26,
    27,
    28,
    29,
    30,
    31,
    32,
    33,
    34,
    35,
    36,
    37,
    38,
    39,
    40,
    41,
    42,
    43,
    44,
    45,
    46,
    47,
    48,
    49
  ],
  "avg_eer": [
    0.21830450534146748,
    0.12037561182017693,
    0.07302254040136888,
    0.047924301332635186,
    0.033439453261968094,
    0.023000456918868505,
    0.016844291415241054,
    0.010810508460395496,
    0.008846209388149718,
    0.00693896220638333,
    0.004613667046894748,
    0.001969956714164659,
    0.0023224403694611174,
    0.0016071519722365402,
    0.00172722308570683,
    0.0010323116833963941,
    0.0009676499349260522,
    0.000553250345749569,
    0.0009523809523809071,
    0.0,
    0.0,
    0.0,
    0.0001766784453482522,
    0.0,
    0.0,
    0.0,
    0.0,
    0.0,
    0.0,
    0.0,
    0.0,
    0.0,
    0.0,
    0.0,
    0.0,
    0.0,
    0.0,
    0.0,
    0.0,
    0.0,
    0.0,
    0.0,
    0.0,
    0.0,
    0.0,
    0.0,
    0.0,
    0.0,
    0.0
  ],
  "avg_auc": [
    0.8647277289304645,
    0.9418121996079096,
    0.9726820636213909,
    0.9860197258865482,
    0.992425139940811,
    0.9959062819877526,
    0.9975931277025218,
    0.9987437573408343,
    0.9992037407473313,
    0.9995804471387707,
    0.9996189127508981,
    0.9998220747315557,
    0.9998420158411478,
    0.9999139927897069,
    0.9999398550549461,
    0.9999763444177592,
    0.9999688784077906,
    0.9999950157626506,
    0.9999860966284324,
    1.0,
    1.0,
    1.0,
    0.9999979692132733,
    1.0,
    1.0,
    1.0,
    1.0,
    1.0,
    1.0,
    1.0,
    1.0,
    1.0,
    1.0,
    1.0,
    1.0,
    1.0,
    1.0,
    1.0,
    1.0,
    1.0,
    1.0,
    1.0,
    1.0,
    1.0,
    1.0,
    1.0,
    1.0,
    1.0,
    1.0
  ]
}