{
  "n": [
    1,
    2,
    3,
    4,
    5,
    6,
    7,
    8,
    9,
    10,
    11,
    12,
    13,
    14,
    15,
    16,
    17,
    18,
    19,
    20,
    21,
    22,
    23,
    24,
    25,
    26,
    27,
    28,
    29,
    30,
    31,
    32,
    33,
    34,
    35,
    36,
    37,
    38,
    39,
    40,
    41,
    42,
    43,
    44,
    45,
    46,
    47,
    48,
    49
  ],
  "avg_eer": [
    0.27371916323936174,
    0.1855204206619157,
    0.13563808779807965,
    0.10102886793964772,
    0.08183228793107745,
    0.06710004858166188,
    0.051635658479289824,
    0.04496213021748535,
    0.035937197439605204,
    0.029101663359073677,
    0.026851517147256625,
    0.02063871884570707,
    0.017575734056638464,
    0.014016816933399037,
    0.012796466946240995,
    0.009987124382816178,
    0.008273994543449011,
    0.005782317333063782,
    0.006769498443567186,
    0.0061661818284654895,
    0.004124849661278768,
    0.0038379666262067973,
    0.002840248301205767,
    0.0033689070713413642,
    0.0011531281824967484,
    0.0017955070147416155,
    0.001652919245564817,
    0.0007549600561296808,
    0.0003329633740446441,
    0.0010430009375022372,
    0.0014222344745057126,
    0.0006106614586048492,
    0.00037878787879804047,
    0.0002617872807527696,
    0.0,
    0.0004132231405132753,
    0.0004249291784821826,
    0.0,
    0.00014925373141193944,
    0.0,
    0.0,
    0.0,
    0.0,
    0.0,
    0.0,
    0.0,
    0.0,
    0.0,
    0.0
  ],
  "avg_auc": [
    0.7977823648179536,
    0.8846802872926549,
    0.9287290116475043,
    0.9537749119748671,
    0.9688153581373038,
    0.978068706051517,
    0.9845607169209177,
    0.9892801913188676,
    0.9923676629561019,
    0.9939124654773552,
    0.9954954268901846,
    0.9970854603050109,
    0.9974693526185842,
    0.9981791969597642,
    0.9985424185082195,
    0.9988464218895409,
    0.9992801922778275,
    0.9994340504882219,
    0.9994994806582541,
    0.9994789199677552,
    0.999726397938597,
    0.9997559355794005,
    0.9997670802626375,
    0.9998104101241175,
    0.9999076149592767,
    0.9999174597570935,
    0.9999316738853459,
    0.9999609507656748,
    0.9999938340115921,
    0.9999453044301783,
    0.9999710400236678,
    0.9999607120084211,
    0.9999892542445734,
    0.9999947770395604,
    1.0,
    0.9999871868793644,
    0.999989882638608,
    1.0,
    0.9999962686567164,
    1.0,
    1.0,
    1.0,
    1.0,
    1.0,
    1.0,
    1.0,
    1.0,
    1.0,
    1.0
  ]
}