{
  "n": [
    1,
    2,
    3,
    4,
    5,
    6,
    7,
    8,
    9,
    10,
    11,
    12,
    13,
    14,
    15,
    16,
    17,
    18,
    19,
    20,
    21,
    22,
    23,
    24,
    25,
    26,
    27,
    28,
    29,
    30,
    31,
    32,
    33,
    34,
    35,
    36,
    37,
    38,
    39,
    40,
    41,
    42,
    43,
    44,
    45,
    46,
    47,
    48,
    49
  ],
  "avg_eer": [
    0.2631631754180076,
    0.17430339163060737,
    0.12498629780930601,
    0.09439541614447158,
    0.07546122292349751,
    0.05733188029471502,
    0.04532878076897475,
    0.03731538115504951,
    0.028289560522980362,
    0.02397584222349694,
    0.018618804030169127,
    0.015553598695631471,
    0.011909552234162311,
    0.009814486017241365,
    0.0074514818341349055,
    0.006379233886380125,
    0.005520729121957178,
    0.004540743105294389,
    0.003801013151726964,
    0.0029501830582037763,
    0.001811615828021175,
    0.0025007148247034997,
    0.0009140646187881116,
    0.0006175957117204491,
    0.0011078937357355038,
    0.0006668610495841887,
    0.0002841819608195977,
    0.0004340732363610527,
    0.0002954329724607852,
    8.183306058326018e-05,
    0.0007131537241709295,
    0.0004146684867919933,
    9.000900104216376e-05,
    8.69565218785253e-05,
    0.0002683363149137615,
    0.00019031285858084562,
    0.0,
    9.718172992887192e-05,
    0.0,
    0.0,
    0.0,
    0.0,
    0.0,
    0.0,
    0.0,
    0.0,
    0.0,
    0.0,
    0.0
  ],
  "avg_auc": [
    0.8110569305786713,
    0.8957105925392914,
    0.9367809929762719,
    0.9603864375400496,
    0.9739524740573066,
    0.9833068553348389,
    0.9883187904726393,
    0.9922321936023122,
    0.9951589103033431,
    0.996201888737079,
    0.9976600466266866,
    0.9981544493172667,
    0.9989950789613365,
    0.9991509324792069,
    0.9994367244189807,
    0.9996480972040676,
    0.9997081141835278,
    0.9998004654890942,
    0.9998420147079669,
    0.9998942747178345,
    0.999914228346593,
    0.9999201351831044,
    0.9999767265713129,
    0.9999724081404702,
    0.9999657508724479,
    0.9999806511845843,
    0.9999874341311482,
    0.9999863927489617,
    0.9999944462164038,
    0.9999994979566837,
    0.9999847616725589,
    0.9999934745957606,
    0.99999878366215,
    0.999993876301286,
    0.9999961110679008,
    0.9999979033634027,
    1.0,
    0.9999984815354713,
    1.0,
    1.0,
    1.0,
    1.0,
    1.0,
    1.0,
    1.0,
    1.0,
    1.0,
    1.0,
    1.0
  ]
}