{
  "0": {"4": {"User": 0, "n": 4, "EER": 0.14545454545476538, "AUC": 0.9329231849410453}},
  "1": {"4": {"User": 1, "n": 4, "EER": 0.17951251646903638, "AUC": 0.9080760601412191}},
  "2": {"4": {"User": 2, "n": 4, "EER": 0.15065192743943454, "AUC": 0.9153345498211569}},
  "3": {"4": {"User": 3, "n": 4, "EER": 0.1272727272727272, "AUC": 0.9349183106508288}},
  "4": {"4": {"User": 4, "n": 4, "EER": 0.137511693171188, "AUC": 0.934806641099707}},
  "5": {"4": {"User": 5, "n": 4, "EER": 0.18522653270265274, "AUC": 0.9004503542132307}},
  "6": {"4": {"User": 6, "n": 4, "EER": 0.1519339667905229, "AUC": 0.9223085497380054}},
  "7": {"4": {"User": 7, "n": 4, "EER": 0.19318181818192773, "AUC": 0.8846288513559137}},
  "8": {"4": {"User": 8, "n": 4, "EER": 0.20504539923169218, "AUC": 0.8857619647096794}},
  "9": {"4": {"User": 9, "n": 4, "EER": 0.12250554323725253, "AUC": 0.9485493377041111}},
  "10": {"4": {"User": 10, "n": 4, "EER": 0.09772684926548032, "AUC": 0.9606354884185602}},
  "11": {"4": {"User": 11, "n": 4, "EER": 0.1824806038998178, "AUC": 0.906309669136689}},
  "12": {"4": {"User": 12, "n": 4, "EER": 0.16067808202465841, "AUC": 0.927766160457637}},
  "13": {"4": {"User": 13, "n": 4, "EER": 0.145344910757183, "AUC": 0.9317746598206978}},
  "14": {"4": {"User": 14, "n": 4, "EER": 0.15331594634873355, "AUC": 0.9243450418944907}},
  "15": {"4": {"User": 15, "n": 4, "EER": 0.14638894296216387, "AUC": 0.9314104256414685}},
  "16": {"4": {"User": 16, "n": 4, "EER": 0.2153679653679589, "AUC": 0.8902720111363234}},
  "17": {"4": {"User": 17, "n": 4, "EER": 0.19407190090387855, "AUC": 0.8920496994534318}},
  "18": {"4": {"User": 18, "n": 4, "EER": 0.18022094118200344, "AUC": 0.8518959033367806}},
  "19": {"4": {"User": 19, "n": 4, "EER": 0.24679487179487186, "AUC": 0.8175158508906104}},
  "20": {"4": {"User": 20, "n": 4, "EER": 0.25862068965517243, "AUC": 0.8154666631062913}},
  "21": {"4": {"User": 21, "n": 4, "EER": 0.1760299625468164, "AUC": 0.8880231307687864}},
  "22": {"4": {"User": 22, "n": 4, "EER": 0.19072863148167968, "AUC": 0.8906918863481218}},
  "23": {"4": {"User": 23, "n": 4, "EER": 0.18063099503240396, "AUC": 0.8859685800338499}},
  "24": {"4": {"User": 24, "n": 4, "EER": 0.17768595041319882, "AUC": 0.8946031993431005}},
  "25": {"4": {"User": 25, "n": 4, "EER": 0.4090909090906645, "AUC": 0.743127025846867}},
  "26": {"4": {"User": 26, "n": 4, "EER": 0.14680050188205766, "AUC": 0.9222764951219436}},
  "27": {"4": {"User": 27, "n": 4, "EER": 0.18458781362007168, "AUC": 0.8938547478963921}}
}