{
  "n": [
    1,
    2
  ],
  "avg_eer": [
    0.0789905000196213,
    0.05311296209097668
  ],
  "avg_auc": [
    0.9739113792515603,
    0.9858524142033998
  ]
}