{
  "n": [
    1,
    2,
    3,
    4,
    5,
    6,
    7,
    8,
    9,
    10,
    11,
    12,
    13,
    14,
    15,
    16,
    17,
    18,
    19,
    20,
    21,
    22,
    23,
    24,
    25,
    26,
    27,
    28,
    29,
    30
  ],
  "avg_eer": [
    0.10343816790808916,
    0.0761939978426498,
    0.061141010823360174,
    0.052759311771523876,
    0.04417777297581736,
    0.03754972130288548,
    0.03532683226284035,
    0.033774731248833345,
    0.029167881122711133,
    0.029615808106526996,
    0.02693096139003983,
    0.02382847347301498,
    0.022300870186313857,
    0.020288664291775064,
    0.020047902389542804,
    0.020418328206433727,
    0.018043746827524736,
    0.011957009902843268,
    0.014730088488752046,
    0.011745554038896478,
    0.00994050519956405,
    0.01012591384614316,
    0.009347526068503064,
    0.009392070400565392,
    0.007424137091289548,
    0.006929795119819751,
    0.0025680758353437707,
    0.0012987012987776658,
    0.001342281879295746,
    0.001438848920869935
  ],
  "avg_auc": [
    0.9574486270724922,
    0.974386379536216,
    0.9823164391441187,
    0.9869022158320829,
    0.9889277312805046,
    0.9921265919372158,
    0.9931862331143847,
    0.9936102629253796,
    0.9951962546404415,
    0.9951724358651592,
    0.9954783061510275,
    0.9963905227080321,
    0.9965808783751566,
    0.997083430313497,
    0.9970797746104939,
    0.9971283483113726,
    0.9974837900747234,
    0.9983389361905901,
    0.998008329358633,
    0.9983377199113155,
    0.9983212708266788,
    0.9980939804320629,
    0.9981982633409843,
    0.9979646275641111,
    0.9980677884396243,
    0.9977267595804943,
    0.9996361667202853,
    0.9998051948051948,
    0.9998657718120805,
    0.9997601918465229
  ]
}