{
  "n": [
    1,
    2,
    3,
    4,
    5,
    6,
    7,
    8,
    9,
    10
  ],
  "avg_eer": [
    0.2086818416847603,
    0.19431902665218176,
    0.18403600722544397,
    0.17792597376218997,
    0.17204959537555822,
    0.17009129060987355,
    0.1670372119445332,
    0.16271154287203024,
    0.16034425447831777,
    0.1577500000234133
  ],
  "avg_auc": [
    0.8731284403374496,
    0.8845685948572364,
    0.8929584349359023,
    0.8983653107452916,
    0.9026935979591421,
    0.9050408283089524,
    0.9078648290083571,
    0.9099045177510591,
    0.9121577383019152,
    0.9138196077333067
  ]
}