{
  "n": [
    1,
    2,
    3,
    4,
    5,
    6,
    7,
    8,
    9,
    10
  ],
  "avg_eer": [
    0.1330343942675036,
    0.10319066820292452,
    0.08980217869204042,
    0.08131604405413662,
    0.07655696185542593,
    0.07247160576182508,
    0.06890465109509361,
    0.06584696353678239,
    0.06440474027995484,
    0.06239210188013857
  ],
  "avg_auc": [
    0.9409323240318465,
    0.9588848297806488,
    0.9668783503554518,
    0.9712719268312435,
    0.9742450736531777,
    0.9761854383981786,
    0.9776133981261718,
    0.9789327416051673,
    0.979997414239824,
    0.980661781793559
  ]
}