{
  "0": {
    "1": {
      "User": 0,
      "n": 1,
      "EER": 0.1471321695756121,
      "AUC": 0.9312454950075124
    },
    "2": {
      "User": 0,
      "n": 2,
      "EER": 0.11503894547466995,
      "AUC": 0.9558300918396784
    },
    "3": {
      "User": 0,
      "n": 3,
      "EER": 0.09482758620689669,
      "AUC": 0.9679720853858785
    },
    "4": {
      "User": 0,
      "n": 4,
      "EER": 0.0617449664436446,
      "AUC": 0.9791455229988542
    },
    "5": {
      "User": 0,
      "n": 5,
      "EER": 0.06525573192170102,
      "AUC": 0.9802217183169565
    },
    "6": {
      "User": 0,
      "n": 6,
      "EER": 0.06590909090831477,
      "AUC": 0.9854767184035477
    },
    "7": {
      "User": 0,
      "n": 7,
      "EER": 0.03682719546760298,
      "AUC": 0.9922740149369045
    },
    "8": {
      "User": 0,
      "n": 8,
      "EER": 0.02777777777744079,
      "AUC": 0.9970421810699588
    },
    "9": {
      "User": 0,
      "n": 9,
      "EER": 0.012552301255982796,
      "AUC": 0.997527577025485
    },
    "10": {
      "User": 0,
      "n": 10,
      "EER": 0.014634146341950333,
      "AUC": 0.9977235772357723
    }
  },
  "1": {
    "1": {
      "User": 1,
      "n": 1,
      "EER": 0.10222222222222331,
      "AUC": 0.9650814253951085
    },
    "2": {
      "User": 1,
      "n": 2,
      "EER": 0.06784492588429124,
      "AUC": 0.9811639329883344
    },
    "3": {
      "User": 1,
      "n": 3,
      "EER": 0.0517241379310345,
      "AUC": 0.9898854724262417
    },
    "4": {
      "User": 1,
      "n": 4,
      "EER": 0.04878048780487809,
      "AUC": 0.9942903245826351
    },
    "5": {
      "User": 1,
      "n": 5,
      "EER": 0.03523489932796503,
      "AUC": 0.9985085756897838
    },
    "6": {
      "User": 1,
      "n": 6,
      "EER": 0.04329004328861285,
      "AUC": 0.9973798131692868
    },
    "7": {
      "User": 1,
      "n": 7,
      "EER": 0.024258760108399797,
      "AUC": 0.9980233602875113
    },
    "8": {
      "User": 1,
      "n": 8,
      "EER": 0.01311475409905586,
      "AUC": 0.9983606557377049
    },
    "9": {
      "User": 1,
      "n": 9,
      "EER": 0.003921568627656014,
      "AUC": 0.9993464052287582
    },
    "10": {
      "User": 1,
      "n": 10,
      "EER": 0.0,
      "AUC": 1.0
    }
  },
  "2": {
    "1": {
      "User": 2,
      "n": 1,
      "EER": 0.1383495145633119,
      "AUC": 0.9400884321950707
    },
    "2": {
      "User": 2,
      "n": 2,
      "EER": 0.10791366906416994,
      "AUC": 0.9581187681433799
    },
    "3": {
      "User": 2,
      "n": 3,
      "EER": 0.09971509971555348,
      "AUC": 0.96929968316399
    },
    "4": {
      "User": 2,
      "n": 4,
      "EER": 0.0719041278303856,
      "AUC": 0.9780117737753171
    },
    "5": {
      "User": 2,
      "n": 5,
      "EER": 0.07272727272727274,
      "AUC": 0.9809859154929578
    },
    "6": {
      "User": 2,
      "n": 6,
      "EER": 0.0825688073390649,
      "AUC": 0.9805300713557594
    },
    "7": {
      "User": 2,
      "n": 7,
      "EER": 0.08215297450396393,
      "AUC": 0.9836037428105417
    },
    "8": {
      "User": 2,
      "n": 8,
      "EER": 0.06484641638276609,
      "AUC": 0.989605957182749
    },
    "9": {
      "User": 2,
      "n": 9,
      "EER": 0.05349794238758056,
      "AUC": 0.991540923639689
    },
    "10": {
      "User": 2,
      "n": 10,
      "EER": 0.03902439024211234,
      "AUC": 0.9931707317073171
    }
  },
  "3": {
    "1": {
      "User": 3,
      "n": 1,
      "EER": 0.1128279883379251,
      "AUC": 0.9507294543433137
    },
    "2": {
      "User": 3,
      "n": 2,
      "EER": 0.08786610878662081,
      "AUC": 0.9708663594708237
    },
    "3": {
      "User": 3,
      "n": 3,
      "EER": 0.0645161290324173,
      "AUC": 0.9795539389298363
    },
    "4": {
      "User": 3,
      "n": 4,
      "EER": 0.062937062937311,
      "AUC": 0.9817307692307692
    },
    "5": {
      "User": 3,
      "n": 5,
      "EER": 0.06716417910426144,
      "AUC": 0.9834019557385487
    },
    "6": {
      "User": 3,
      "n": 6,
      "EER": 0.05596107055947845,
      "AUC": 0.9864094542926659
    },
    "7": {
      "User": 3,
      "n": 7,
      "EER": 0.06422018348601749,
      "AUC": 0.9847094801223242
    },
    "8": {
      "User": 3,
      "n": 8,
      "EER": 0.058823529411593446,
      "AUC": 0.9857397504456328
    },
    "9": {
      "User": 3,
      "n": 9,
      "EER": 0.06306306306174991,
      "AUC": 0.9864864864864865
    },
    "10": {
      "User": 3,
      "n": 10,
      "EER": 0.05555555555555554,
      "AUC": 0.9888285024154589
    }
  },
  "4": {
    "1": {
      "User": 4,
      "n": 1,
      "EER": 0.06086722326952269,
      "AUC": 0.986753106844677
    },
    "2": {
      "User": 4,
      "n": 2,
      "EER": 0.03743618831490259,
      "AUC": 0.9949786548049079
    },
    "3": {
      "User": 4,
      "n": 3,
      "EER": 0.013550135501467714,
      "AUC": 0.9990047923078101
    },
    "4": {
      "User": 4,
      "n": 4,
      "EER": 0.025641025641017907,
      "AUC": 0.9983404919953144
    },
    "5": {
      "User": 4,
      "n": 5,
      "EER": 0.00504201680675829,
      "AUC": 0.9995798319327731
    },
    "6": {
      "User": 4,
      "n": 6,
      "EER": 0.002164502165043708,
      "AUC": 0.9997721576668945
    },
    "7": {
      "User": 4,
      "n": 7,
      "EER": 0.0,
      "AUC": 1.0
    },
    "8": {
      "User": 4,
      "n": 8,
      "EER": 0.0,
      "AUC": 1.0
    },
    "9": {
      "User": 4,
      "n": 9,
      "EER": 0.0,
      "AUC": 1.0
    },
    "10": {
      "User": 4,
      "n": 10,
      "EER": 0.0,
      "AUC": 1.0
    }
  },
  "5": {
    "1": {
      "User": 5,
      "n": 1,
      "EER": 0.11633530360037886,
      "AUC": 0.9562544611707716
    },
    "2": {
      "User": 5,
      "n": 2,
      "EER": 0.0984162895927024,
      "AUC": 0.9712166918049271
    },
    "3": {
      "User": 5,
      "n": 3,
      "EER": 0.07906558849945802,
      "AUC": 0.9810134092796963
    },
    "4": {
      "User": 5,
      "n": 4,
      "EER": 0.06249999999999998,
      "AUC": 0.9840801886792454
    },
    "5": {
      "User": 5,
      "n": 5,
      "EER": 0.037037037037037535,
      "AUC": 0.9949664429530201
    },
    "6": {
      "User": 5,
      "n": 6,
      "EER": 0.012931034482808555,
      "AUC": 0.9977180527383367
    },
    "7": {
      "User": 5,
      "n": 7,
      "EER": 0.0026809651485899134,
      "AUC": 0.9987626314704062
    },
    "8": {
      "User": 5,
      "n": 8,
      "EER": 0.0,
      "AUC": 1.0
    },
    "9": {
      "User": 5,
      "n": 9,
      "EER": 0.0,
      "AUC": 1.0
    },
    "10": {
      "User": 5,
      "n": 10,
      "EER": 0.0,
      "AUC": 1.0
    }
  },
  "6": {
    "1": {
      "User": 6,
      "n": 1,
      "EER": 0.11850649350592075,
      "AUC": 0.9595955622938002
    },
    "2": {
      "User": 6,
      "n": 2,
      "EER": 0.11731207289163564,
      "AUC": 0.9696056098977176
    },
    "3": {
      "User": 6,
      "n": 3,
      "EER": 0.08333333333333343,
      "AUC": 0.9785412899336949
    },
    "4": {
      "User": 6,
      "n": 4,
      "EER": 0.0636942675150899,
      "AUC": 0.9853806490749166
    },
    "5": {
      "User": 6,
      "n": 5,
      "EER": 0.047217537943070174,
      "AUC": 0.9901630129286116
    },
    "6": {
      "User": 6,
      "n": 6,
      "EER": 0.05639913232235477,
      "AUC": 0.9856832971800433
    },
    "7": {
      "User": 6,
      "n": 7,
      "EER": 0.04838709677404278,
      "AUC": 0.9879032258064516
    },
    "8": {
      "User": 6,
      "n": 8,
      "EER": 0.03908794788299884,
      "AUC": 0.9898208469055374
    },
    "9": {
      "User": 6,
      "n": 9,
      "EER": 0.02713178294614824,
      "AUC": 0.983204134366925
    },
    "10": {
      "User": 6,
      "n": 10,
      "EER": 0.01834862385328667,
      "AUC": 0.9908256880733946
    }
  },
  "7": {
    "1": {
      "User": 7,
      "n": 1,
      "EER": 0.14649852428054594,