{
  "user12": {
    "1": {
      "User": "user12",
      "n": 1,
      "EER": 0.1481750060430165,
      "AUC": 0.937034406624652
    },
    "2": {
      "User": "user12",
      "n": 2,
      "EER": 0.09417721518914753,
      "AUC": 0.9616455696202532
    },
    "3": {
      "User": "user12",
      "n": 3,
      "EER": 0.07194244604316537,
      "AUC": 0.977363332264125
    },
    "4": {
      "User": "user12",
      "n": 4,
      "EER": 0.06930693069306933,
      "AUC": 0.9817607588573426
    },
    "5": {
      "User": "user12",
      "n": 5,
      "EER": 0.04789550072493985,
      "AUC": 0.9871141097556192
    },
    "6": {
      "User": "user12",
      "n": 6,
      "EER": 0.03345724907035044,
      "AUC": 0.9916701087704806
    },
    "7": {
      "User": "user12",
      "n": 7,
      "EER": 0.02483069977477179,
      "AUC": 0.9916888980094397
    },
    "8": {
      "User": "user12",
      "n": 8,
      "EER": 0.027777777777777814,
      "AUC": 0.9925474254742548
    },
    "9": {
      "User": "user12",
      "n": 9,
      "EER": 0.029605263157712527,
      "AUC": 0.9930555555555556
    },
    "10": {
      "User": "user12",
      "n": 10,
      "EER": 0.023076923076619526,
      "AUC": 0.9915384615384615
    }
  },
  "user15": {
    "1": {
      "User": "user15",
      "n": 1,
      "EER": 0.11032028469742974,
      "AUC": 0.9588833115678449
    },
    "2": {
      "User": "user15",
      "n": 2,
      "EER": 0.09523809523764544,
      "AUC": 0.9745301908277353
    },
    "3": {
      "User": "user15",
      "n": 3,
      "EER": 0.062215477995780484,
      "AUC": 0.9829533137575626
    },
    "4": {
      "User": "user15",
      "n": 4,
      "EER": 0.05660377358490577,
      "AUC": 0.9885684901704839
    },
    "5": {
      "User": "user15",
      "n": 5,
      "EER": 0.07182320441842763,
      "AUC": 0.9906856495254286
    },
    "6": {
      "User": "user15",
      "n": 6,
      "EER": 0.037037037036801015,
      "AUC": 0.9948869223205506
    },
    "7": {
      "User": "user15",
      "n": 7,
      "EER": 0.03218884120081964,
      "AUC": 0.9966278356836297
    },
    "8": {
      "User": "user15",
      "n": 8,
      "EER": 0.03865979381367541,
      "AUC": 0.9962098241358399
    },
    "9": {
      "User": "user15",
      "n": 9,
      "EER": 0.006269592477426873,
      "AUC": 0.9986938349007314
    },
    "10": {
      "User": "user15",
      "n": 10,
      "EER": 0.0036101083045399825,
      "AUC": 0.9986462093862816
    }
  },
  "user16": {
    "1": {
      "User": "user16",
      "n": 1,
      "EER": 0.17514124293785313,
      "AUC": 0.9200592361810248
    },
    "2": {
      "User": "user16",
      "n": 2,
      "EER": 0.13773681515596015,
      "AUC": 0.9427854582693291
    },
    "3": {
      "User": "user16",
      "n": 3,
      "EER": 0.11764705882344426,
      "AUC": 0.9542273162619851
    },
    "4": {
      "User": "user16",
      "n": 4,
      "EER": 0.10344827586286304,
      "AUC": 0.959564124747662
    },
    "5": {
      "User": "user16",
      "n": 5,
      "EER": 0.11250000000014904,
      "AUC": 0.9635614934114203
    },
    "6": {
      "User": "user16",
      "n": 6,
      "EER": 0.0847457627118636,
      "AUC": 0.9721118071676154
    },
    "7": {
      "User": "user16",
      "n": 7,
      "EER": 0.10416666666666663,
      "AUC": 0.9699126803340925
    },
    "8": {
      "User": "user16",
      "n": 8,
      "EER": 0.12195121951214209,
      "AUC": 0.9697802197802198
    },
    "9": {
      "User": "user16",
      "n": 9,
      "EER": 0.10033444816113941,
      "AUC": 0.9700041806020065
    },
    "10": {
      "User": "user16",
      "n": 10,
      "EER": 0.12499999999986486,
      "AUC": 0.9714240102171137
    }
  },
  "user20": {
    "1": {
      "User": "user20",
      "n": 1,
      "EER": 0.09118086696663841,
      "AUC": 0.9705340518710829
    },
    "2": {
      "User": "user20",
      "n": 2,
      "EER": 0.060304142632035956,
      "AUC": 0.9876583780949276
    },
    "3": {
      "User": "user20",
      "n": 3,
      "EER": 0.03322259136318265,
      "AUC": 0.9954253709276235
    },
    "4": {
      "User": "user20",
      "n": 4,
      "EER": 0.028169014084507,
      "AUC": 0.9978832532768868
    },
    "5": {
      "User": "user20",
      "n": 5,
      "EER": 0.018018018018020557,
      "AUC": 0.9987426076383131
    },
    "6": {
      "User": "user20",
      "n": 6,
      "EER": 0.011857707510319407,
      "AUC": 0.9995403989337255
    },
    "7": {
      "User": "user20",
      "n": 7,
      "EER": 0.013513513513513736,
      "AUC": 0.999312872194228
    },
    "8": {
      "User": "user20",
      "n": 8,
      "EER": 0.0029411764715820215,
      "AUC": 0.9999547511312217
    },
    "9": {
      "User": "user20",
      "n": 9,
      "EER": 0.0,
      "AUC": 1.0
    },
    "10": {
      "User": "user20",
      "n": 10,
      "EER": 0.0,
      "AUC": 1.0
    }
  },
  "user21": {
    "1": {
      "User": "user21",
      "n": 1,
      "EER": 0.07936507936517458,
      "AUC": 0.9742136137445061
    },
    "2": {
      "User": "user21",
      "n": 2,
      "EER": 0.05651340996224739,
      "AUC": 0.989272030651341
    },
    "3": {
      "User": "user21",
      "n": 3,
      "EER": 0.04225352112678067,
      "AUC": 0.9902238202629676
    },
    "4": {
      "User": "user21",
      "n": 4,
      "EER": 0.03441084462959796,
      "AUC": 0.9964372610358012
    },
    "5": {
      "User": "user21",
      "n": 5,
      "EER": 0.023351648351539526,
      "AUC": 0.9971742543171114
    },
    "6": {
      "User": "user21",
      "n": 6,
      "EER": 0.008833922261738295,
      "AUC": 0.9983691220440337
    },
    "7": {
      "User": "user21",
      "n": 7,
      "EER": 0.0021367521383775256,
      "AUC": 0.9996626180836707
    },
    "8": {
      "User": "user21",
      "n": 8,
      "EER": 0.005115089514096628,
      "AUC": 0.9994519546949214
    },
    "9": {
      "User": "user21",
      "n": 9,
      "EER": 0.00940438871559842,
      "AUC": 0.9992163009404388
    },
    "10": {
      "User": "user21",
      "n": 10,
      "EER": 0.0,
      "AUC": 1.0
    }
  },
  "user23": {
    "1": {
      "User": "user23",
      "n": 1,
      "EER": 0.110655737704918,
      "AUC": 0.9599291165215048
    },
    "2": {
      "User": "user23",
      "n": 2,
      "EER": 0.07084729535717475,
      "AUC": 0.9788952995221418
    },
    "3": {
      "User": "user23",
      "n": 3,
      "EER": 0.06561085972762917,
      "AUC": 0.982971560976676
    },
    "4": {
      "User": "user23",
      "n": 4,
      "EER": 0.0600000000000001,
      "AUC": 0.9910344827586207
    },
    "5": {
      "User": "user23",
      "n": 5,
      "EER": 0.06451612903225819,
      "AUC": 0.9884100123391504
    },
    "6": {
      "User": "user23",
      "n": 6,
      "EER": 0.03703703703703707,
      "AUC": 0.9949524745984922
    },
    "7": {
      "User": "user23",
      "n": 7,
      "EER": 0.0405117270773001,
      "AUC": 0.9970386164416015
    },
    "8": {
      "User": "user23",
      "n": 8,
      "EER": 0.028132992328152157,
      "AUC": 0.9976251370113263
    },
    "9": {
      "User": "user23",
      "n": 9,
      "EER": 0.003115264798290593,
      "AUC": 0.9996884735202493
    },
    "10": {
      "User": "user23",
      "n": 10,
      "EER": 0.003610108304209103,
      "AUC": 0.9995487364620939
    }
  },
  "user29": {
    "1": {
      "User": "user29",
      "n": 1,
      "EER": 0.12150612150523123,
      "AUC": 0.9524833313229217
    },
    "2": {
      "User": "user29",
      "n": 2,
      "EER": 0.08148148148148178,
      "AUC": 0.972601905580629
    },
    "3": {
      "User": "user29",
      "n": 3,
      "EER": 0.07228915662650612,
      "AUC": 0.980522700558331
    },
    "4": {
      "User": "user29",
      "n": 4,
      "EER": 0.0611169652247799,
      "AUC": 0.9822499182442499
    },
    "5": {
      "User": "user29",
      "n": 5,
      "EER": 0.04761904761904779,
      "AUC": 0.9872531536886598
    },