{
  "n": [
    1,
    2,
    3,
    4,
    5,
    6,
    7,
    8,
    9,
    10,
    11,
    12,
    13,
    14,
    15,
    16,
    17,
    18,
    19,
    20,
    21,
    22,
    23,
    24,
    25,
    26,
    27,
    28,
    29,
    30
  ],
  "avg_eer": [
    0.11500996933671517,
    0.09138873448712345,
    0.07414627163892326,
    0.06576983916661305,
    0.058539432645021316,
    0.054849175084617265,
    0.047795648637768764,
    0.04983807700522077,
    0.04205616165243477,
    0.042522634462698265,
    0.03969300949649947,
    0.03975006601824851,
    0.03693650102611985,
    0.03304678919105393,
    0.03353616267025434,
    0.03491817356406342,
    0.03256779516835859,
    0.026466479429780688,
    0.022576551630547552,
    0.02281078516371462,
    0.015608571285528824,
    0.013859470864021593,
    0.014679839676253243,
    0.015036228804539416,
    0.014545188596292608,
    0.010927836502723193,
    0.004115267609596583,
    0.0019480519481222028,
    0.002013422818794984,
    0.001438848920869935
  ],
  "avg_auc": [
    0.9492244814224373,
    0.966058598421124,
    0.974498080961237,
    0.9791158499641632,
    0.9826960127869352,
    0.9850445903647597,
    0.9869727867381567,
    0.9870644226727346,
    0.9897173616059017,
    0.9903588843210139,
    0.9910040427525371,
    0.9921573579559819,
    0.9930985145878276,
    0.993705497125811,
    0.9933210916256016,
    0.9925616124622684,
    0.9931264873715092,
    0.9951392084371363,
    0.9951459493309788,
    0.9959207738085825,
    0.9960759617930639,
    0.9959381811071438,
    0.996600524471529,
    0.9961691218295664,
    0.9966696842604736,
    0.9966273452647183,
    0.9992737524680159,
    0.9997402597402598,
    0.9997315436241611,
    0.9997601918465229
  ]
}