{
  "n": [
    1,
    2,
    3,
    4,
    5,
    6,
    7,
    8,
    9,
    10,
    11,
    12,
    13,
    14,
    15,
    16,
    17,
    18,
    19,
    20,
    21,
    22,
    23,
    24,
    25,
    26,
    27,
    28,
    29,
    30
  ],
  "avg_eer": [
    0.0706349743168044,
    0.0439360493637967,
    0.03520150890724868,
    0.022279473191723,
    0.021362665911397495,
    0.02401055328355561,
    0.015072335706034376,
    0.006746264192390228,
    0.0028511053787805283,
    0.0029538663280191694,
    0.0012861604208823732,
    0.0,
    0.0,
    0.0,
    0.0,
    0.0,
    0.0,
    0.0,
    0.0,
    0.0,
    0.0,
    0.0,
    0.0,
    0.0,
    0.0,
    0.0,
    0.0,
    0.0,
    0.0,
    0.0
  ],
  "avg_auc": [
    0.9780404582540332,
    0.9892032277033443,
    0.993394439143674,
    0.9959415798584154,
    0.9963909041062055,
    0.9967803838434346,
    0.9978103323490088,
    0.9986284808794459,
    0.9988821935068888,
    0.999001236333912,
    0.999383482436367,
    1.0,
    1.0,
    1.0,
    1.0,
    1.0,
    1.0,
    1.0,
    1.0,
    1.0,
    1.0,
    1.0,
    1.0,
    1.0,
    1.0,
    1.0,
    1.0,
    1.0,
    1.0,
    1.0
  ]
}