{
  "0": {
    "1": {
      "User": 0,
      "n": 1,
      "EER": 0.09681998864320726,
      "AUC": 0.9646355434525554
    },
    "2": {
      "User": 0,
      "n": 2,
      "EER": 0.06650689035230767,
      "AUC": 0.9809916909976826
    },
    "3": {
      "User": 0,
      "n": 3,
      "EER": 0.055238095238318796,
      "AUC": 0.9898111658456485
    },
    "4": {
      "User": 0,
      "n": 4,
      "EER": 0.03489932886040267,
      "AUC": 0.9925683417908004
    },
    "5": {
      "User": 0,
      "n": 5,
      "EER": 0.02821869488484516,
      "AUC": 0.9944885361552028
    },
    "6": {
      "User": 0,
      "n": 6,
      "EER": 0.024390243902439056,
      "AUC": 0.9971175166297118
    },
    "7": {
      "User": 0,
      "n": 7,
      "EER": 0.014164305950368288,
      "AUC": 0.9984548029873809
    },
    "8": {
      "User": 0,
      "n": 8,
      "EER": 0.006944444444893597,
      "AUC": 0.9989711934156379
    },
    "9": {
      "User": 0,
      "n": 9,
      "EER": 0.004184100419366859,
      "AUC": 0.99923925446938
    },
    "10": {
      "User": 0,
      "n": 10,
      "EER": 0.0,
      "AUC": 1.0
    }
  },
  "1": {
    "1": {
      "User": 1,
      "n": 1,
      "EER": 0.08000000000000054,
      "AUC": 0.9740003605552552
    },
    "2": {
      "User": 1,
      "n": 2,
      "EER": 0.0518814139120544,
      "AUC": 0.9871173581264802
    },
    "3": {
      "User": 1,
      "n": 3,
      "EER": 0.05172413793103416,
      "AUC": 0.9918772563176895
    },
    "4": {
      "User": 1,
      "n": 4,
      "EER": 0.026717557252386163,
      "AUC": 0.9949730031651461
    },
    "5": {
      "User": 1,
      "n": 5,
      "EER": 0.03703703703703168,
      "AUC": 0.9967685806611981
    },
    "6": {
      "User": 1,
      "n": 6,
      "EER": 0.021645021645327465,
      "AUC": 0.9978354978354977
    },
    "7": {
      "User": 1,
      "n": 7,
      "EER": 0.029649595687598916,
      "AUC": 0.9971248876909254
    },
    "8": {
      "User": 1,
      "n": 8,
      "EER": 0.016393442623339964,
      "AUC": 0.9963934426229508
    },
    "9": {
      "User": 1,
      "n": 9,
      "EER": 0.00392156862794899,
      "AUC": 0.9973856209150327
    },
    "10": {
      "User": 1,
      "n": 10,
      "EER": 0.004629629630357103,
      "AUC": 0.9965277777777778
    }
  },
  "2": {
    "1": {
      "User": 2,
      "n": 1,
      "EER": 0.0995145631067961,
      "AUC": 0.963325387893251
    },
    "2": {
      "User": 2,
      "n": 2,
      "EER": 0.06894484412537707,
      "AUC": 0.9789883882367789
    },
    "3": {
      "User": 2,
      "n": 3,
      "EER": 0.05887939221133296,
      "AUC": 0.9848557429678374
    },
    "4": {
      "User": 2,
      "n": 4,
      "EER": 0.050599201064636765,
      "AUC": 0.9900483565771954
    },
    "5": {
      "User": 2,
      "n": 5,
      "EER": 0.04577464788545432,
      "AUC": 0.9939180537772087
    },
    "6": {
      "User": 2,
      "n": 6,
      "EER": 0.04128440366913948,
      "AUC": 0.9941896024464831
    },
    "7": {
      "User": 2,
      "n": 7,
      "EER": 0.030303030303030273,
      "AUC": 0.9969096059747617
    },
    "8": {
      "User": 2,
      "n": 8,
      "EER": 0.02389078498267708,
      "AUC": 0.9968973006515669
    },
    "9": {
      "User": 2,
      "n": 9,
      "EER": 0.012345679012571033,
      "AUC": 0.9979423868312757
    },
    "10": {
      "User": 2,
      "n": 10,
      "EER": 0.009756097561920512,
      "AUC": 0.9990243902439024
    }
  },
  "3": {
    "1": {
      "User": 3,
      "n": 1,
      "EER": 0.08921282798776405,
      "AUC": 0.972773641476295
    },
    "2": {
      "User": 3,
      "n": 2,
      "EER": 0.07659048795585507,
      "AUC": 0.985090750269421
    },
    "3": {
      "User": 3,
      "n": 3,
      "EER": 0.05161290322580696,
      "AUC": 0.9896493411186624
    },
    "4": {
      "User": 3,
      "n": 4,
      "EER": 0.04055944055859382,
      "AUC": 0.99242007992008
    },
    "5": {
      "User": 3,
      "n": 5,
      "EER": 0.04104477611777006,
      "AUC": 0.9943600960713673
    },
    "6": {
      "User": 3,
      "n": 6,
      "EER": 0.03892944038839143,
      "AUC": 0.994577685088634
    },
    "7": {
      "User": 3,
      "n": 7,
      "EER": 0.027522935778696894,
      "AUC": 0.9952832633597679
    },
    "8": {
      "User": 3,
      "n": 8,
      "EER": 0.022727272727451505,
      "AUC": 0.9962121212121212
    },
    "9": {
      "User": 3,
      "n": 9,
      "EER": 0.004504504505023895,
      "AUC": 0.9998844998844999
    },
    "10": {
      "User": 3,
      "n": 10,
      "EER": 0.01630434782542601,
      "AUC": 0.9992451690821257
    }
  },
  "4": {
    "1": {
      "User": 4,
      "n": 1,
      "EER": 0.05817398330194995,
      "AUC": 0.9852628473958935
    },
    "2": {
      "User": 4,
      "n": 2,
      "EER": 0.03157894736842104,
      "AUC": 0.9948413290742454
    },
    "3": {
      "User": 4,
      "n": 3,
      "EER": 0.016949152542099766,
      "AUC": 0.997688055976605
    },
    "4": {
      "User": 4,
      "n": 4,
      "EER": 0.013959390862508931,
      "AUC": 0.9988611219575686
    },
    "5": {
      "User": 4,
      "n": 5,
      "EER": 0.0033613445381325013,
      "AUC": 0.9996998799519808
    },
    "6": {
      "User": 4,
      "n": 6,
      "EER": 0.002164502165967578,
      "AUC": 0.9994303941672363
    },
    "7": {
      "User": 4,
      "n": 7,
      "EER": 0.0026809651484458346,
      "AUC": 0.9991750876469375
    },
    "8": {
      "User": 4,
      "n": 8,
      "EER": 0.003278688525478568,
      "AUC": 0.999672131147541
    },
    "9": {
      "User": 4,
      "n": 9,
      "EER": 0.0,
      "AUC": 1.0
    },
    "10": {
      "User": 4,
      "n": 10,
      "EER": 0.0,
      "AUC": 1.0
    }
  },
  "5": {
    "1": {
      "User": 5,
      "n": 1,
      "EER": 0.09376679204853607,
      "AUC": 0.96881792007186
    },
    "2": {
      "User": 5,
      "n": 2,
      "EER": 0.06666666666666668,
      "AUC": 0.9851244343891403
    },
    "3": {
      "User": 5,
      "n": 3,
      "EER": 0.0377358490566326,
      "AUC": 0.9905745138924207
    },
    "4": {
      "User": 5,
      "n": 4,
      "EER": 0.031250000000080984,
      "AUC": 0.9940644654088051
    },
    "5": {
      "User": 5,
      "n": 5,
      "EER": 0.03703703703699797,
      "AUC": 0.9966442953020134
    },
    "6": {
      "User": 5,
      "n": 6,
      "EER": 0.02801724137970162,
      "AUC": 0.9982251521298174
    },
    "7": {
      "User": 5,
      "n": 7,
      "EER": 0.016085790884799285,
      "AUC": 0.9981439472056094
    },
    "8": {
      "User": 5,
      "n": 8,
      "EER": 0.009803921569107876,
      "AUC": 0.9989106753812637
    },
    "9": {
      "User": 5,
      "n": 9,
      "EER": 0.007905138339947581,
      "AUC": 0.9990118577075099
    },
    "10": {
      "User": 5,
      "n": 10,
      "EER": 0.0,
      "AUC": 1.0
    }
  },
  "6": {
    "1": {
      "User": 6,
      "n": 1,
      "EER": 0.09253246753360761,
      "AUC": 0.9731546903903732
    },
    "2": {
      "User": 6,
      "n": 2,
      "EER": 0.06264236902068578,
      "AUC": 0.9820447541203269
    },
    "3": {
      "User": 6,
      "n": 3,
      "EER": 0.05877034357944299,
      "AUC": 0.9893459915611814
    },
    "4": {
      "User": 6,
      "n": 4,
      "EER": 0.03566878980916688,
      "AUC": 0.9927509857446163
    },
    "5": {
      "User": 6,
      "n": 5,
      "EER": 0.03333333333321623,
      "AUC": 0.9938729623383924
    },
    "6": {
      "User": 6,
      "n": 6,
      "EER": 0.047722342733070494,
      "AUC": 0.9936008676789587
    },
    "7": {
      "User": 6,
      "n": 7,
      "EER": 0.021505376344908584,
      "AUC": 0.9953917050691244
    },
    "8": {
      "User": 6,
      "n": 8,
      "EER": 0.009771986971965189,
      "AUC": 0.9979641693811074
    },
    "9": {
      "User": 6,
      "n": 9,
      "EER": 0.0077519379854644535,
      "AUC": 0.9974160206718347
    },
    "10": {
      "User": 6,
      "n": 10,