{
  "n": [
    1,
    2,
    3,
    4,
    5,
    6,
    7,
    8,
    9,
    10,
    11,
    12,
    13,
    14,
    15,
    16,
    17,
    18,
    19,
    20,
    21,
    22,
    23,
    24,
    25,
    26,
    27,
    28,
    29,
    30
  ],
  "avg_eer": [
    0.16381769906547478,
    0.127762649551912,
    0.11138641699145144,
    0.09681642456227849,
    0.0924285380667226,
    0.0872951931348646,
    0.08831854155295571,
    0.07684514076604806,
    0.07541828372506917,
    0.077043458871688,
    0.07616009029859262,
    0.06553776996218619,
    0.06605504081297622,
    0.05649787149796583,
    0.05894205210010086,
    0.059041514041600504,
    0.06549605811879522,
    0.06306001188356512,
    0.051254480286839744,
    0.060256410256242746,
    0.05833333333326869,
    0.049999999999915126,
    0.04000000000007507,
    0.03538461538462972,
    0.028333333333449517,
    0.03409090909101532,
    0.0,
    0.0,
    0.0,
    0.0
  ],
  "avg_auc": [
    0.8976326639352011,
    0.9235096042586232,
    0.9386965001730594,
    0.9454040416751852,
    0.9509883527321129,
    0.9565277827708286,
    0.9586628029887727,
    0.9593891075171112,
    0.9657844714685574,
    0.9652855005865677,
    0.9674714567293599,
    0.970370595039396,
    0.968488775573265,
    0.9713954330349825,
    0.9686699180978356,
    0.9690183556553527,
    0.9703532953328036,
    0.9728508615567438,
    0.9753991528185078,
    0.9711858974358976,
    0.9714583333333333,
    0.9729166666666668,
    0.9795238095238096,
    0.9820512820512821,
    0.9879166666666667,
    0.9829545454545455,
    1.0,
    1.0,
    1.0,
    1.0
  ]
}