{
  "n": [
    1,
    2,
    3,
    4,
    5,
    6,
    7,
    8,
    9,
    10
  ],
  "avg_eer": [
    0.14743392407297326,
    0.11190243706766159,
    0.08735519846493611,
    0.07296723787349867,
    0.06188638380820838,
    0.05461419967249714,
    0.054467482483501486,
    0.03941442130528143,
    0.03521843645067112,
    0.032214820995858755
  ],
  "avg_auc": [
    0.9362429208159982,
    0.9582718910976566,
    0.9703210663001082,
    0.9785105410483335,
    0.983380535551083,
    0.9847590563902846,
    0.9872982807588316,
    0.9899221314660961,
    0.9903434413766664,
    0.9911462860742372
  ]
}