{
  "n": [
    1,
    2,
    3,
    4,
    5,
    6,
    7,
    8,
    9,
    10,
    11,
    12,
    13,
    14,
    15,
    16,
    17,
    18,
    19,
    20,
    21,
    22,
    23,
    24,
    25,
    26,
    27,
    28,
    29,
    30,
    31,
    32,
    33,
    34,
    35,
    36,
    37,
    38,
    39,
    40,
    41,
    42,
    43,
    44,
    45,
    46,
    47,
    48,
    49,
    50,
    51,
    52,
    53,
    54,
    55,
    56,
    57,
    58,
    59,
    60,
    61,
    62,
    63,
    64,
    65,
    66,
    67,
    68,
    69,
    70,
    71,
    72,
    73,
    74,
    75,
    76,
    77,
    78,
    79,
    80,
    81,
    82,
    83,
    84,
    85,
    86,
    87,
    88,
    89,
    90,
    91,
    92,
    93,
    94,
    95,
    96,
    97,
    98,
    99,
    100
  ],
  "avg_eer": [
    0.23893720465257745,
    0.21812502500853195,
    0.20375000678555164,
    0.19783826839363636,
    0.18468680742240423,
    0.17877700044569464,
    0.1740866440315852,
    0.16909097152139316,
    0.16382643330698937,
    0.1647966466724871,
    0.15884382147971032,
    0.15800165285546078,
    0.1531575448849031,
    0.15236736598894818,
    0.1482453154040257,
    0.144528716147745,
    0.14228950956523012,
    0.13945142530408255,
    0.13970243524614107,
    0.14415987210361736,
    0.13723405948104853,
    0.13076117937810716,
    0.13531292963464997,
    0.13504092834966086,
    0.1307849366071398,
    0.13711814906987546,
    0.1310990568732132,
    0.13030263233550266,
    0.12848423701597386,
    0.12451303850717735,
    0.1268865523405843,
    0.12629493830729197,
    0.12864580524831193,
    0.12169026270522787,
    0.12241956172482729,
    0.11713452610385362,
    0.12827060046460817,
    0.12276511479802088,
    0.11894955048637086,
    0.1251820347578067,
    0.11794029588071422,
    0.11706550802669542,
    0.11800221632528292,
    0.11798905408460118,
    0.1152501352605733,
    0.11948614131479396,
    0.11753507498944893,
    0.11717314773321266,
    0.11292055637147627,
    0.11941637033388819,
    0.11601829186211927,
    0.1207542634703409,
    0.1175795019490761,
    0.11565188574925615,
    0.11561348830054116,
    0.11576963822528556,
    0.11498590939041828,
    0.11070660875894892,
    0.11194150061689638,
    0.11710733626065588,
    0.11628195819687084,
    0.11494118560260644,
    0.11726951545103788,
    0.1146773770015345,
    0.10887118851133777,
    0.11307069126682145,
    0.1104984617814158,
    0.103329281309298,
    0.10832436578504256,
    0.10737530820837253,
    0.10411366557418729,
    0.10179799918770713,
    0.10393262794626235,
    0.10289897602372641,
    0.09773941434299474,
    0.10135492164768929,
    0.10721381966581156,
    0.10797350828453448,
    0.09796475982772178,
    0.10164674686240241,
    0.10548206311444205,
    0.10395146935404236,
    0.09914034461943984,
    0.09650534055837004,
    0.09699600586758957,
    0.10191115421443034,
    0.09347628534891732,
    0.09895132813899524,
    0.10199313707846999,
    0.10412557578488453,
    0.10510878742317412,
    0.10750652055289737,
    0.09963088532253393,
    0.09913785794098892,
    0.09544322266653005,
    0.09290856266098532,
    0.09307263720016276,
    0.0948509432673204,
    0.09492371256979311,
    0.10022998762571259
  ],
  "avg_auc": [
    0.8272759538322809,
    0.8472795503349392,
    0.8593760338777866,
    0.8681571322623423,
    0.8745526650923926,
    0.8801194542300891,
    0.8849056436572595,
    0.8876308857732372,
    0.890655909881036,
    0.8931907415183163,
    0.8954520926311655,
    0.8973371367843974,
    0.8992447998023634,
    0.9014112147226172,
    0.9031447719038408,
    0.904136032157903,
    0.9059920230794916,
    0.9068259354120027,
    0.907125116274987,
    0.9089215936290518,
    0.9096177512502944,
    0.9105060612013307,
    0.9114740870883284,
    0.9110845085510858,
    0.9121684444463517,
    0.911926801551985,
    0.9126956144860507,
    0.91430232019753,
    0.9141142017699426,
    0.9160439918710143,
    0.9163172593513839,
    0.9157284003298998,
    0.9156827637883962,
    0.9182694616186812,
    0.9177163579897769,
    0.9175655068174429,
    0.9169212778405551,
    0.9184593045102984,
    0.9188373795014211,
    0.9188467304875513,
    0.9188969884940839,
    0.9193770049002788,
    0.9182485793095065,
    0.9187952804402428,
    0.919614901759122,
    0.9185808329656947,
    0.9197183198081204,
    0.9201657766413239,
    0.920926892939368,
    0.9209014159266621,
    0.9226204995955485,
    0.9200731474415942,
    0.921621917312355,
    0.9217471101116168,
    0.9217333337821725,
    0.9201696531869887,
    0.9217596040054618,
    0.9236220128885593,
    0.9220341294998207,
    0.9228520231543703,
    0.9227420099385382,
    0.9243657233763299,
    0.9233290743026107,
    0.9224446458226169,
    0.9223374605794966,
    0.9227746954638893,
    0.9217454554572713,
    0.924902330233474,
    0.9227589934671254,
    0.924132123772781,
    0.9243165381917452,
    0.9244692485925053,
    0.9248630808711858,
    0.9249859014771161,
    0.9258878662960637,
    0.9261370776009367,
    0.9251529948598639,
    0.924760704053714,
    0.9260279935667854,
    0.9254596732798552,
    0.9253331761903265,
    0.9256994339808433,
    0.9273913190237822,
    0.9261604735731078,
    0.9279629013880057,
    0.9261497381662036,
    0.9274796470278772,
    0.9266296373547129,
    0.9267102268871904,
    0.9235033247290818,
    0.9248532762504208,
    0.9241283845709564,
    0.926576426352948,
    0.9267375532671192,
    0.9265987254935106,
    0.9252937907225931,
    0.9266700130034247,
    0.9275620678272161,
    0.9280123111074113,
    0.9283615455265718
  ]
}