{
  "n": [
    1,
    2,
    3,
    4,
    5,
    6,
    7,
    8,
    9,
    10,
    11,
    12,
    13,
    14,
    15,
    16,
    17,
    18,
    19,
    20,
    21,
    22,
    23,
    24,
    25,
    26,
    27,
    28,
    29,
    30,
    31,
    32,
    33,
    34,
    35,
    36,
    37,
    38,
    39,
    40,
    41,
    42,
    43,
    44,
    45,
    46,
    47,
    48,
    49,
    50,
    51,
    52,
    53,
    54,
    55,
    56,
    57,
    58,
    59,
    60,
    61,
    62,
    63,
    64,
    65,
    66,
    67,
    68,
    69,
    70,
    71,
    72,
    73,
    74,
    75,
    76,
    77,
    78,
    79,
    80,
    81,
    82,
    83,
    84,
    85,
    86,
    87,
    88,
    89,
    90,
    91,
    92,
    93,
    94,
    95,
    96,
    97,
    98,
    99,
    100
  ],
  "avg_eer": [
    0.20430022070023052,
    0.18588529712038432,
    0.16602085872347655,
    0.15805320343824056,
    0.14689952067488024,
    0.14345959794840363,
    0.14149202927693127,
    0.13503068326150544,
    0.14514914064858644,
    0.12871152213990728,
    0.13345726158467802,
    0.12661865201635714,
    0.12040055205246622,
    0.13018189839321262,
    0.11760118235125745,
    0.11826295994880001,
    0.12601520939494998,
    0.11859281098300745,
    0.1171573985416217,
    0.10617419598652127,
    0.11113289966334965,
    0.11352889754079162,
    0.1070391806222449,
    0.09838384074268333,
    0.10611097967729688,
    0.09480228389959533,
    0.10027684328590158,
    0.09880018650103933,
    0.10043193256607492,
    0.09830075188014938,
    0.10836391320905965,
    0.10557104107318974,
    0.10160356227514442,
    0.08623497786206025,
    0.0880350887731048,
    0.09586551166413411,
    0.09258920368485105,
    0.09046490914719875,
    0.09213553915612219,
    0.08867610230067376,
    0.08736442802472281,
    0.08356936736957579,
    0.09318678356697077,
    0.09534080744057688,
    0.07873226213587813,
    0.08205116829348177,
    0.07391587822816778,
    0.06268820663684946,
    0.06723366118230763,
    0.06614824200232142,
    0.066785309132532,
    0.06928530913254356,
    0.0676217694199916,
    0.07001831501860487,
    0.07001831501853777,
    0.07398785425127688,
    0.0827656980290068,
    0.08539727697642656,
    0.09511986776706127,
    0.0785014005603484,
    0.07564425770327148,
    0.07278244631197375,
    0.07000466853425054,
    0.07728386809300995,
    0.07501221896388621,
    0.06501221896403686,
    0.06501221896377855,
    0.06501221896375689,
    0.06139414163884947,
    0.057945865776806146,
    0.05461253244361821,
    0.050014831294158624,
    0.052972085386087796,
    0.054162561576576174,
    0.05571835571861208,
    0.05700040700063733,
    0.05700040700063733,
    0.05894586894594598,
    0.06294586894592903,
    0.061358974359085584,
    0.0639782608699421,
    0.05981159420319622,
    0.05981159420319622,
    0.06230237154177409,
    0.060446075663827224,
    0.060446075663827224,
    0.06479390175071968,
    0.060446075663649165,
    0.06044607566376241,
    0.05839826839862128,
    0.05363636363644268,
    0.05428571428564545,
    0.059285714285791144,
    0.04710526315796857,
    0.04710526315796857,
    0.04710526315796857,
    0.04710526315796857,
    0.04710526315796857,
    0.05236842105268354,
    0.05236842105268354
  ],
  "avg_auc": [
    0.8584332545607442,
    0.8769159092782403,
    0.8867227528282667,
    0.8955917849395142,
    0.9027965126470111,
    0.904358744326025,
    0.90734307417991,
    0.9086774747052833,
    0.9093324481638657,
    0.9144116667877344,
    0.9144683097294882,
    0.9118820501937964,
    0.9160928800003283,
    0.9138728790282521,
    0.915217493883668,
    0.9149597678850085,
    0.9151529855138559,
    0.9179668666949066,
    0.9209226200236371,
    0.9229467702462454,
    0.9217073143000427,
    0.9185805742319897,
    0.9221409986620321,
    0.9269740486167424,
    0.9226395102840254,
    0.9260642281794812,
    0.9235796053773345,
    0.9258598516982051,
    0.9219807348193099,
    0.9216415249836303,
    0.922469618918828,
    0.9249724406065726,
    0.9265823620463465,
    0.9300345275573573,
    0.9291310874917432,
    0.930817539780173,
    0.9311209303259298,
    0.9314429347293529,
    0.9314899923151485,
    0.9299395811808921,
    0.9334685797615876,
    0.9314744522546965,
    0.9259846509285863,
    0.9287142481956497,
    0.9318092814048697,
    0.9344154835847384,
    0.9400875279264691,
    0.942012286668505,
    0.9418205017092782,
    0.9407497448351106,
    0.9397668328315663,
    0.9344142687290022,
    0.9430317640385706,
    0.9359870830923462,
    0.9377684596105649,
    0.9335048358074672,
    0.9277941475309897,
    0.9273054257264783,
    0.9244039417568828,
    0.9297058823529412,
    0.9313598166539343,
    0.9336894151600035,
    0.934281045751634,
    0.934418844517279,
    0.9335966520039101,
    0.9418258186705767,
    0.9435966520039101,
    0.9446719208211144,
    0.948318502039303,
    0.9506173526140156,
    0.951134593993326,
    0.9534334445680386,
    0.9541707717569787,
    0.9517898193760264,
    0.9506919006919008,
    0.9494098494098495,
    0.9494098494098495,
    0.9489002849002848,
    0.9462336182336182,
    0.9454188034188034,
    0.9372898550724639,
    0.9393731884057971,
    0.9393731884057971,
    0.9368412384716732,
    0.9386520484346572,
    0.9370647468473556,
    0.9343042223477006,
    0.9465885563711651,
    0.9450012547838635,
    0.9456493506493506,
    0.9496969696969696,
    0.9507142857142856,
    0.9482142857142858,
    0.9607894736842105,
    0.9607894736842105,
    0.9607894736842105,
    0.9607894736842105,
    0.9607894736842105,
    0.9555263157894738,
    0.9555263157894738
  ]
}