{
  "n": [
    1,
    2,
    3,
    4,
    5,
    6,
    7,
    8,
    9,
    10,
    11,
    12,
    13,
    14,
    15,
    16,
    17,
    18,
    19,
    20,
    21,
    22,
    23,
    24,
    25,
    26,
    27,
    28,
    29,
    30,
    31,
    32,
    33,
    34,
    35,
    36,
    37,
    38,
    39,
    40,
    41,
    42,
    43,
    44,
    45,
    46,
    47,
    48,
    49,
    50,
    51,
    52,
    53,
    54,
    55,
    56,
    57,
    58,
    59,
    60,
    61,
    62,
    63,
    64,
    65,
    66,
    67,
    68,
    69,
    70,
    71,
    72,
    73,
    74,
    75,
    76,
    77,
    78,
    79,
    80,
    81,
    82,
    83,
    84,
    85,
    86,
    87,
    88,
    89,
    90,
    91,
    92,
    93,
    94,
    95,
    96,
    97,
    98,
    99,
    100
  ],
  "avg_eer": [
    0.20051573073637735,
    0.19253924336968464,
    0.18319405395047927,
    0.16776701471169547,
    0.15801875923916037,
    0.15674534384432529,
    0.15868282243832937,
    0.15110291005002163,
    0.14477695664662915,
    0.14683868877552214,
    0.14887349654284482,
    0.14827558565425497,
    0.13252355636981902,
    0.12084021311334978,
    0.12036836451982921,
    0.12670889195699733,
    0.11927447103681307,
    0.12075699592459496,
    0.12593131403552843,
    0.1076312107255933,
    0.101692905690421,
    0.11087646414377121,
    0.12530146909422804,
    0.10826505602258092,
    0.11129026610676748,
    0.10415811339217676,
    0.09082478005875114,
    0.09129482493801508,
    0.09691388432789201,
    0.1020260480262235,
    0.12125356125355877,
    0.09719230769237923,
    0.1011304347828736,
    0.10548654244328073,
    0.09659326181092631,
    0.09149350649381656,
    0.09928571428590931,
    0.08921052631593294,
    0.08921052631593294,
    0.09447368421049525,
    0.09415204678359734,
    0.09415204678359734,
    0.09415204678359734,
    0.10555555555558147,
    0.10588235294136886,
    0.09963235294136015,
    0.10333333333343808,
    0.0690476190479173,
    0.07571428571445639,
    0.07571428571445639,
    0.07362637362650129,
    0.06648351648360913,
    0.07417582417578858,
    0.06703296703300718,
    0.06474358974360912,
    0.06666666666677423,
    0.06666666666677423,
    0.06666666666668788,
    0.06666666666677423,
    0.0700000000000752,
    0.0700000000000752,
    0.0700000000000752,
    0.0700000000000752,
    0.0700000000000752,
    0.05555555555556616,
    0.05555555555556616,
    0.050000000000064895,
    0.04285714285729629,
    0.04285714285729629,
    0.04285714285729629,
    0.04285714285729629,
    0.04285714285729629,
    0.04285714285729629,
    0.04285714285729629,
    0.04285714285729629,
    0.028571428571441924,
    0.028571428571441924,
    0.028571428571441924,
    0.028571428571441924,
    0.028571428571441924,
    0.028571428571441924,
    0.028571428571441924,
    0.028571428571441924,
    0.028571428571441924,
    0.028571428571441924,
    0.028571428571441924,
    0.028571428571441924,
    0.028571428571441924,
    0.028571428571441924,
    0.03333333333334394,
    0.03333333333334394,
    0.03333333333334394,
    0.04,
    0.04,
    0.05,
    0.05,
    0.05,
    0.05,
    0.05,
    0.05
  ],
  "avg_auc": [
    0.8511804896558308,
    0.865830539223929,
    0.8736175136839005,
    0.8764196976800402,
    0.8821224656531769,
    0.8837646906131054,
    0.885841069090557,
    0.8905011942887147,
    0.8946540968140889,
    0.8964899595067329,
    0.8951967072278137,
    0.8957817457863225,
    0.9025722907131083,
    0.9013414896767074,
    0.9069299538662008,
    0.9043201817956475,
    0.9036450430970646,
    0.9051139151787282,
    0.9054704190398043,
    0.9141326401587321,
    0.9132872128754409,
    0.9089800251096787,
    0.9038581947715075,
    0.9057325884899414,
    0.9097892793481028,
    0.915169843597263,
    0.925653714565005,
    0.9240274246517295,
    0.9272924648786718,
    0.9266149776149776,
    0.9185669515669515,
    0.9221965811965813,
    0.9118224637681159,
    0.9108915239350022,
    0.9190993788819876,
    0.9275541125541125,
    0.9232142857142858,
    0.9344736842105263,
    0.9344736842105263,
    0.9318421052631578,
    0.9336257309941521,
    0.9336257309941521,
    0.9336257309941521,
    0.926797385620915,
    0.9253676470588236,
    0.9284926470588235,
    0.9066666666666666,
    0.930952380952381,
    0.9242857142857144,
    0.9242857142857144,
    0.9263736263736263,
    0.9335164835164835,
    0.9335164835164835,
    0.9406593406593406,
    0.9435897435897436,
    0.9333333333333332,
    0.9333333333333332,
    0.9333333333333333,
    0.9333333333333332,
    0.93,
    0.93,
    0.93,
    0.93,
    0.93,
    0.9444444444444444,
    0.9444444444444444,
    0.95,
    0.9571428571428571,
    0.9571428571428571,
    0.9571428571428571,
    0.9571428571428571,
    0.9571428571428571,
    0.9571428571428571,
    0.9571428571428571,
    0.9571428571428571,
    0.9714285714285715,
    0.9714285714285715,
    0.9714285714285715,
    0.9714285714285715,
    0.9714285714285715,
    0.9714285714285715,
    0.9714285714285715,
    0.9714285714285715,
    0.9714285714285715,
    0.9714285714285715,
    0.9714285714285715,
    0.9714285714285715,
    0.9714285714285715,
    0.9714285714285715,
    0.9666666666666668,
    0.9666666666666668,
    0.9666666666666668,
    0.96,
    0.96,
    0.95,
    0.95,
    0.95,
    0.95,
    0.95,
    0.95
  ]
}