{
  "n": [
    1,
    2,
    3,
    4,
    5,
    6,
    7,
    8,
    9,
    10,
    11,
    12,
    13,
    14,
    15,
    16,
    17,
    18,
    19,
    20,
    21,
    22,
    23,
    24,
    25,
    26,
    27,
    28,
    29,
    30,
    31,
    32,
    33,
    34,
    35,
    36,
    37,
    38,
    39,
    40,
    41,
    42,
    43,
    44,
    45,
    46,
    47,
    48,
    49,
    50,
    51,
    52,
    53,
    54,
    55,
    56,
    57,
    58,
    59,
    60,
    61,
    62,
    63,
    64,
    65,
    66,
    67,
    68,
    69,
    70,
    71,
    72,
    73,
    74,
    75,
    76,
    77,
    78,
    79,
    80,
    81,
    82,
    83,
    84,
    85,
    86,
    87,
    88,
    89,
    90,
    91,
    92,
    93,
    94,
    95,
    96,
    97,
    98,
    99,
    100
  ],
  "avg_eer": [
    0.20404252438577922,
    0.18235201959304068,
    0.17071124124535336,
    0.16313045509532145,
    0.1467858693295679,
    0.14846319653299084,
    0.1359721784539154,
    0.12921464635196883,
    0.1302231633876838,
    0.11515387275951658,
    0.12125563442359402,
    0.11761212436921761,
    0.12123292987878967,
    0.11393630430080352,
    0.11632372038906214,
    0.10917512153298806,
    0.1093918004200031,
    0.113197836633988,
    0.10350517557072421,
    0.10297997774119531,
    0.11630145525748661,
    0.11133469108520355,
    0.10477964064935277,
    0.10419557825660704,
    0.10174020840926579,
    0.09534557160550114,
    0.09186574879366442,
    0.09949244739957727,
    0.09566969296769871,
    0.09023096885677165,
    0.0897614103174725,
    0.09026227953975655,
    0.09259801863387662,
    0.0997923376485216,
    0.09428104905777095,
    0.09558374307294419,
    0.08530074188169666,
    0.08594133775068526,
    0.08755322634764406,
    0.0846647324317086,
    0.0921717391442887,
    0.09308816183823725,
    0.08568113793258973,
    0.07915061242707822,
    0.08987844115361183,
    0.08666403048077087,
    0.07027533920436549,
    0.08364709799403325,
    0.08976007054548094,
    0.09027672656285216,
    0.08666947533997163,
    0.0887062874702994,
    0.0964788697535757,
    0.092209263015539,
    0.08893410852710959,
    0.08239439238451216,
    0.08573792023988067,
    0.09561446344959557,
    0.09714345114350864,
    0.09558021179059568,
    0.0953099415204707,
    0.09549622056647773,
    0.09574184368975397,
    0.09293899299671493,
    0.08474024803516875,
    0.08190208378398361,
    0.08938308015513015,
    0.09197807055369081,
    0.08702776276543323,
    0.08240307051785505,
    0.0936240717388841,
    0.09702079916183287,
    0.08694422354497582,
    0.08661312445709603,
    0.08644039941484342,
    0.08837248372399639,
    0.09188433538695376,
    0.09167259871973202,
    0.09257206714101425,
    0.08851965534179378,
    0.0805325177968732,
    0.0818611540145081,
    0.08385822279830721,
    0.0771989147863508,
    0.07483320991706106,
    0.08284245134942587,
    0.07876081869638105,
    0.0768740262436129,
    0.0813451615769058,
    0.08291374242014608,
    0.08095295810639799,
    0.07295622596881814,
    0.07224497519155279,
    0.05546978943331431,
    0.05576431657352613,
    0.06338336419246078,
    0.06338336419252347,
    0.06338336419246078,
    0.06338336419246078,
    0.06400828845968966
  ],
  "avg_auc": [
    0.8587090423138605,
    0.8795346599281135,
    0.8921961142426355,
    0.8995112313517488,
    0.9069714341184648,
    0.9098408350142673,
    0.9158531250767183,
    0.915915601237282,
    0.916887775357296,
    0.9216765883512659,
    0.9202680937751871,
    0.9232365956998583,
    0.9218811443791802,
    0.9248550017500314,
    0.926107101537599,
    0.9257794598049622,
    0.9257950617705017,
    0.926303339519382,
    0.9292391889389698,
    0.9289871587613568,
    0.9270820644259563,
    0.9284015249617183,
    0.927770363573105,
    0.9293064671045652,
    0.9306594848468543,
    0.9288130747735414,
    0.9304481262833157,
    0.9297895838895357,
    0.932652244439225,
    0.9300482216268302,
    0.9325219373563902,
    0.9296500101332091,
    0.9324082974307041,
    0.9310137666377278,
    0.9346732697937948,
    0.9337393865026058,
    0.9370845516614852,
    0.9327032819714691,
    0.9328016046383846,
    0.9377777922699213,
    0.9311982792541216,
    0.9334009849394238,
    0.9386517836634993,
    0.9370695531005978,
    0.9310923302284122,
    0.9348592132709417,
    0.9418580531246242,
    0.9368460686229974,
    0.9338346941777986,
    0.9337344211052878,
    0.9371505712429142,
    0.9371868634046427,
    0.9318673164391994,
    0.9338495620844357,
    0.9355117544940719,
    0.9390648478399483,
    0.9368721036804049,
    0.9377763023597426,
    0.9325462577962579,
    0.9317897672108199,
    0.92949359886202,
    0.9345454918204773,
    0.9369922478421586,
    0.9386394934123,
    0.9424076598468227,
    0.9422536199109853,
    0.9362502272543634,
    0.9364488995744924,
    0.9418221941992433,
    0.9406912668388078,
    0.9388551612322104,
    0.9330837946509932,
    0.9330057245421667,
    0.9349035522395459,
    0.9349892630065485,
    0.9332579147295327,
    0.9340227252627262,
    0.9318844963804821,
    0.9358687967524174,
    0.9384254661811763,
    0.9429757105228804,
    0.9411588177514926,
    0.9415726978657057,
    0.9399486167632671,
    0.939158334567499,
    0.9375346662322404,
    0.9378748022866621,
    0.9414622750116012,
    0.9379824215317477,
    0.9355175531751161,
    0.9365183701685803,
    0.9434679089026915,
    0.9403565721974603,
    0.9497326222808657,
    0.9500707785642064,
    0.9440751075685352,
    0.9443564928499206,
    0.9431227266161543,
    0.9435989170923449,
    0.942820979833175
  ]
}