{
    "n": [
      1,
      2,
      3,
      4,
      5,
      6,
      7,
      8,
      9,
      10
    ],
    "avg_eer": [
      0.08352722385325681,
      0.05591598152242098,
      0.041896759405349114,
      0.028950885996398796,
      0.024238483022495434,
      0.012819426766942305,
      0.0018691588786017433,
      0.0,
      0.0,
      0.0
    ],
    "avg_auc": [
      0.9708846321349476,
      0.9839129748740187,
      0.988557467739262,
      0.9933882168054822,
      0.9940210481815187,
      0.9962863626740278,
      0.9985981308411216,
      1.0,
      1.0,
      1.0
    ]
  }