{
    "user12": {
      "1": {
        "User": "user12",
        "n": 1,
        "EER": 0.11716791980070794,
        "AUC": 0.9494043915936413
      },
      "2": {
        "User": "user12",
        "n": 2,
        "EER": 0.07785467127910084,
        "AUC": 0.9786750126355895
      },
      "3": {
        "User": "user12",
        "n": 3,
        "EER": 0.05882352941176473,
        "AUC": 0.986387580812515
      },
      "4": {
        "User": "user12",
        "n": 4,
        "EER": 0.04249291784853147,
        "AUC": 0.9913597733711048
      },
      "5": {
        "User": "user12",
        "n": 5,
        "EER": 0.0320197044329416,
        "AUC": 0.995269816390506
      },
      "6": {
        "User": "user12",
        "n": 6,
        "EER": 0.026194144837200915,
        "AUC": 0.9968977914740627
      },
      "7": {
        "User": "user12",
        "n": 7,
        "EER": 0.015151515152124635,
        "AUC": 0.9980345911949686
      },
      "8": {
        "User": "user12",
        "n": 8,
        "EER": 0.011389521640453105,
        "AUC": 0.9982518408645442
      },
      "9": {
        "User": "user12",
        "n": 9,
        "EER": 0.013513513515234443,
        "AUC": 0.9978228228228229
      },
      "10": {
        "User": "user12",
        "n": 10,
        "EER": 0.006250000000220312,
        "AUC": 0.9981681034482759
      },
      "11": {
        "User": "user12",
        "n": 11,
        "EER": 0.003731343283851029,
        "AUC": 0.9987562189054727
      },
      "12": {
        "User": "user12",
        "n": 12,
        "EER": 0.004219409283418114,
        "AUC": 0.9987158319574391
      },
      "13": {
        "User": "user12",
        "n": 13,
        "EER": 0.004830917874737857,
        "AUC": 0.9985507246376811
      },
      "14": {
        "User": "user12",
        "n": 14,
        "EER": 0.0,
        "AUC": 1.0
      },
      "15": {
        "User": "user12",
        "n": 15,
        "EER": 0.0,
        "AUC": 1.0
      }
    },
    "user15": {
      "1": {
        "User": "user15",
        "n": 1,
        "EER": 0.13213213213210476,
        "AUC": 0.9413268618289541
      },
      "2": {
        "User": "user15",
        "n": 2,
        "EER": 0.07006369426755539,
        "AUC": 0.9828614557637789
      },
      "3": {
        "User": "user15",
        "n": 3,
        "EER": 0.05154639175257687,
        "AUC": 0.9912567723362145
      },
      "4": {
        "User": "user15",
        "n": 4,
        "EER": 0.02152466367849999,
        "AUC": 0.9943806053811659
      },
      "5": {
        "User": "user15",
        "n": 5,
        "EER": 0.041079812205609606,
        "AUC": 0.9963077073552425
      },
      "6": {
        "User": "user15",
        "n": 6,
        "EER": 0.021834061135083467,
        "AUC": 0.998701758527086
      },
      "7": {
        "User": "user15",
        "n": 7,
        "EER": 0.030575539567779874,
        "AUC": 0.9983453237410072
      },
      "8": {
        "User": "user15",
        "n": 8,
        "EER": 0.0,
        "AUC": 1.0
      },
      "9": {
        "User": "user15",
        "n": 9,
        "EER": 0.0,
        "AUC": 1.0
      },
      "10": {
        "User": "user15",
        "n": 10,
        "EER": 0.0,
        "AUC": 1.0
      },
      "11": {
        "User": "user15",
        "n": 11,
        "EER": 0.0,
        "AUC": 1.0
      },
      "12": {
        "User": "user15",
        "n": 12,
        "EER": 0.0,
        "AUC": 1.0
      },
      "13": {
        "User": "user15",
        "n": 13,
        "EER": 0.0,
        "AUC": 1.0
      },
      "14": {
        "User": "user15",
        "n": 14,
        "EER": 0.0,
        "AUC": 1.0
      },
      "15": {
        "User": "user15",
        "n": 15,
        "EER": 0.0,
        "AUC": 1.0
      }
    },
    "user16": {
      "1": {
        "User": "user16",
        "n": 1,
        "EER": 0.12798634812286278,
        "AUC": 0.9431281589300777
      },
      "2": {
        "User": "user16",
        "n": 2,
        "EER": 0.07916485428450246,
        "AUC": 0.9742776362393588
      },
      "3": {
        "User": "user16",
        "n": 3,
        "EER": 0.058463630184507,
        "AUC": 0.9855000137533745
      },
      "4": {
        "User": "user16",
        "n": 4,
        "EER": 0.04132231404959552,
        "AUC": 0.9897826868096673
      },
      "5": {
        "User": "user16",
        "n": 5,
        "EER": 0.03329223181257564,
        "AUC": 0.995109380844844
      },
      "6": {
        "User": "user16",
        "n": 6,
        "EER": 0.02896341463360322,
        "AUC": 0.99663737446198
      },
      "7": {
        "User": "user16",
        "n": 7,
        "EER": 0.022727272728875272,
        "AUC": 0.9976057747284163
      },
      "8": {
        "User": "user16",
        "n": 8,
        "EER": 0.021739130435230358,
        "AUC": 0.997856003191065
      },
      "9": {
        "User": "user16",
        "n": 9,
        "EER": 0.024390243902220374,
        "AUC": 0.998095656632242
      },
      "10": {
        "User": "user16",
        "n": 10,
        "EER": 0.003134796238581993,
        "AUC": 0.9996865203761756
      },
      "11": {
        "User": "user16",
        "n": 11,
        "EER": 0.0,
        "AUC": 1.0
      },
      "12": {
        "User": "user16",
        "n": 12,
        "EER": 0.0,
        "AUC": 1.0
      },
      "13": {
        "User": "user16",
        "n": 13,
        "EER": 0.0,
        "AUC": 1.0
      },
      "14": {
        "User": "user16",
        "n": 14,
        "EER": 0.0,
        "AUC": 1.0
      },
      "15": {
        "User": "user16",
        "n": 15,
        "EER": 0.0,
        "AUC": 1.0
      }
    },
    "user20": {
      "1": {
        "User": "user20",
        "n": 1,
        "EER": 0.1702786377708999,
        "AUC": 0.9117179965237712
      },
      "2": {
        "User": "user20",
        "n": 2,
        "EER": 0.10905077262737756,
        "AUC": 0.9578774201712574
      },
      "3": {
        "User": "user20",
        "n": 3,
        "EER": 0.06862745098039219,
        "AUC": 0.9728383714596951
      },
      "4": {
        "User": "user20",
        "n": 4,
        "EER": 0.0666666666666666,
        "AUC": 0.9802461937155815
      },
      "5": {
        "User": "user20",
        "n": 5,
        "EER": 0.06130268199319695,
        "AUC": 0.9838338190828613
      },
      "6": {
        "User": "user20",
        "n": 6,
        "EER": 0.034976152624200244,
        "AUC": 0.9869969040247677
      },
      "7": {
        "User": "user20",
        "n": 7,
        "EER": 0.026315789473684126,
        "AUC": 0.991323606044815
      },
      "8": {
        "User": "user20",
        "n": 8,
        "EER": 0.03605769230806888,
        "AUC": 0.9929705710955712
      },
      "9": {
        "User": "user20",
        "n": 9,
        "EER": 0.03746397694601338,
        "AUC": 0.9962389488594735
      },
      "10": {
        "User": "user20",
        "n": 10,
        "EER": 0.0371621621616636,
        "AUC": 0.9979602243753187
      },
      "11": {
        "User": "user20",
        "n": 11,
        "EER": 0.02222222222222231,
        "AUC": 0.9982222222222221
      },
      "12": {
        "User": "user20",
        "n": 12,
        "EER": 0.025641025641025647,
        "AUC": 0.9977955679313146
      },
      "13": {
        "User": "user20",
        "n": 13,
        "EER": 0.02777777777783411,
        "AUC": 0.997673065735893
      },
      "14": {
        "User": "user20",
        "n": 14,
        "EER": 0.0,
        "AUC": 1.0
      },
      "15": {
        "User": "user20",
        "n": 15,
        "EER": 0.0,
        "AUC": 1.0
      }
    },
    "user21": {
      "1": {
        "User": "user21",
        "n": 1,
        "EER": 0.10158415841561222,
        "AUC": 0.9514195790439972
      },
      "2": {
        "User": "user21",
        "n": 2,
        "EER": 0.07042253521129485,
        "AUC": 0.9826096505169714
      },
      "3": {
        "User": "user21",
        "n": 3,