{
  "n": [
    1,
    2,
    3,
    4,
    5,
    6,
    7,
    8,
    9,
    10,
    11,
    12,
    13,
    14,
    15,
    16,
    17,
    18,
    19,
    20,
    21,
    22,
    23,
    24,
    25,
    26,
    27,
    28,
    29,
    30
  ],
  "avg_eer": [
    0.1847745004000188,
    0.1568212781921919,
    0.13649418033081517,
    0.12238234376093307,
    0.11217784686304562,
    0.1056265952933236,
    0.09975737103667379,
    0.09422224986811216,
    0.0898988717921197,
    0.0859369551412072,
    0.0849078132821863,
    0.07813687447859832,
    0.07285853081693165,
    0.0740872175452504,
    0.0684498017281924,
    0.0688735945617424,
    0.06781502069585699,
    0.06086682982221314,
    0.055609197561215476,
    0.04779930712612446,
    0.04579224679336778,
    0.04024437053730788,
    0.03011570009245651,
    0.028099184355396323,
    0.023290237763734924,
    0.02222277252356937,
    0.015487367627533055,
    0.013362459652956802,
    0.01495307486987126,
    0.015198717777310624
  ],
  "avg_auc": [
    0.8929967756723943,
    0.9176521463821548,
    0.931823687920938,
    0.9401427342073363,
    0.9460518778303564,
    0.9510544669384334,
    0.9561220288031695,
    0.9569914456206631,
    0.9624294848476206,
    0.9631221833320087,
    0.9640174933384928,
    0.9660592900102916,
    0.9685763429676463,
    0.9673505867210543,
    0.9704563390985369,
    0.9706666629716935,
    0.9747215196471656,
    0.9767616504187544,
    0.9791591051927655,
    0.9814272150134421,
    0.981795932518645,
    0.9821340876063424,
    0.9836335118739491,
    0.9842395965340238,
    0.9881933853104435,
    0.9907789802854534,
    0.995377049072304,
    0.9964439142603638,
    0.9955935221321089,
    0.9954992357949306
  ]
}