{
  "n": [
    1,
    2,
    3,
    4,
    5,
    6,
    7,
    8,
    9,
    10
  ],
  "avg_eer": [
    0.07017082877231283,
    0.04347366339186963,
    0.035814820809060496,
    0.02396575914287372,
    0.022884535747049888,
    0.022417532431788997,
    0.011997952671951957,
    0.0070005705146183456,
    0.003907887641045479,
    0.002490903364889146
  ],
  "avg_auc": [
    0.978974633230201,
    0.9900770110762338,
    0.9933018006501833,
    0.9961208749002901,
    0.9969809319150512,
    0.9971707973907185,
    0.9981630689753814,
    0.9988748301496075,
    0.9990450437409635,
    0.9991812292185707
  ]
}