{
  "0": {
    "1": {
      "User": 0,
      "n": 1,
      "EER": 0.07231920199501281,
      "AUC": 0.981026281542028
    },
    "2": {
      "User": 0,
      "n": 2,
      "EER": 0.04553624924926517,
      "AUC": 0.9923662428156137
    },
    "3": {
      "User": 0,
      "n": 3,
      "EER": 0.03047619047596368,
      "AUC": 0.9974220032840723
    },
    "4": {
      "User": 0,
      "n": 4,
      "EER": 0.009395973155530035,
      "AUC": 0.9992797511867736
    },
    "5": {
      "User": 0,
      "n": 5,
      "EER": 0.008818342152381,
      "AUC": 0.9997165532879819
    },
    "6": {
      "User": 0,
      "n": 6,
      "EER": 0.0,
      "AUC": 1.0
    },
    "7": {
      "User": 0,
      "n": 7,
      "EER": 0.0,
      "AUC": 1.0
    },
    "8": {
      "User": 0,
      "n": 8,
      "EER": 0.0,
      "AUC": 1.0
    },
    "9": {
      "User": 0,
      "n": 9,
      "EER": 0.0,
      "AUC": 1.0
    },
    "10": {
      "User": 0,
      "n": 10,
      "EER": 0.0,
      "AUC": 1.0
    }
  },
  "1": {
    "1": {
      "User": 1,
      "n": 1,
      "EER": 0.07111111111111174,
      "AUC": 0.9820996334354907
    },
    "2": {
      "User": 1,
      "n": 2,
      "EER": 0.038461538461541905,
      "AUC": 0.9953293570739409
    },
    "3": {
      "User": 1,
      "n": 3,
      "EER": 0.021660649820105817,
      "AUC": 0.9981949458483754
    },
    "4": {
      "User": 1,
      "n": 4,
      "EER": 0.024390243902438997,
      "AUC": 0.9983553652330417
    },
    "5": {
      "User": 1,
      "n": 5,
      "EER": 0.02013422818632284,
      "AUC": 0.9992542878448919
    },
    "6": {
      "User": 1,
      "n": 6,
      "EER": 0.006493506493832067,
      "AUC": 0.9996582365003418
    },
    "7": {
      "User": 1,
      "n": 7,
      "EER": 0.005390835580611615,
      "AUC": 0.9994609164420485
    },
    "8": {
      "User": 1,
      "n": 8,
      "EER": 0.003278688525478568,
      "AUC": 0.999672131147541
    },
    "9": {
      "User": 1,
      "n": 9,
      "EER": 0.0,
      "AUC": 1.0
    },
    "10": {
      "User": 1,
      "n": 10,
      "EER": 0.0,
      "AUC": 1.0
    }
  },
  "2": {
    "1": {
      "User": 2,
      "n": 1,
      "EER": 0.08495145631067948,
      "AUC": 0.975968039421181
    },
    "2": {
      "User": 2,
      "n": 2,
      "EER": 0.05263157894736934,
      "AUC": 0.9872302158273382
    },
    "3": {
      "User": 2,
      "n": 3,
      "EER": 0.04273504273431718,
      "AUC": 0.9944364605131567
    },
    "4": {
      "User": 2,
      "n": 4,
      "EER": 0.03595206391390038,
      "AUC": 0.9971441586656388
    },
    "5": {
      "User": 2,
      "n": 5,
      "EER": 0.03521126760463818,
      "AUC": 0.9975672215108835
    },
    "6": {
      "User": 2,
      "n": 6,
      "EER": 0.038990825687223146,
      "AUC": 0.9972986748216106
    },
    "7": {
      "User": 2,
      "n": 7,
      "EER": 0.008498583569410224,
      "AUC": 0.9993990900506481
    },
    "8": {
      "User": 2,
      "n": 8,
      "EER": 0.006825938567158934,
      "AUC": 0.999534595097735
    },
    "9": {
      "User": 2,
      "n": 9,
      "EER": 0.0,
      "AUC": 1.0
    },
    "10": {
      "User": 2,
      "n": 10,
      "EER": 0.0,
      "AUC": 1.0
    }
  },
  "3": {
    "1": {
      "User": 3,
      "n": 1,
      "EER": 0.10058309037857303,
      "AUC": 0.967744930484509
    },
    "2": {
      "User": 3,
      "n": 2,
      "EER": 0.07288449660361669,
      "AUC": 0.9832119108597951
    },
    "3": {
      "User": 3,
      "n": 3,
      "EER": 0.05806451612900252,
      "AUC": 0.9867138891547813
    },
    "4": {
      "User": 3,
      "n": 4,
      "EER": 0.0535714285715785,
      "AUC": 0.9920079920079921
    },
    "5": {
      "User": 3,
      "n": 5,
      "EER": 0.046641791045119646,
      "AUC": 0.9916151998627551
    },
    "6": {
      "User": 3,
      "n": 6,
      "EER": 0.057142857142854636,
      "AUC": 0.9916579770594369
    },
    "7": {
      "User": 3,
      "n": 7,
      "EER": 0.050847457627190375,
      "AUC": 0.9934691338827554
    },
    "8": {
      "User": 3,
      "n": 8,
      "EER": 0.039215686274513176,
      "AUC": 0.9958407605466428
    },
    "9": {
      "User": 3,
      "n": 9,
      "EER": 0.018018018017219292,
      "AUC": 0.9993069993069993
    },
    "10": {
      "User": 3,
      "n": 10,
      "EER": 0.0,
      "AUC": 1.0
    }
  },
  "4": {
    "1": {
      "User": 4,
      "n": 1,
      "EER": 0.040667923510610576,
      "AUC": 0.9920357046670001
    },
    "2": {
      "User": 4,
      "n": 2,
      "EER": 0.021052631578957464,
      "AUC": 0.9981789413977371
    },
    "3": {
      "User": 4,
      "n": 3,
      "EER": 0.01694915254237278,
      "AUC": 0.9989129269823772
    },
    "4": {
      "User": 4,
      "n": 4,
      "EER": 0.0025380710660809734,
      "AUC": 0.9998047637641547
    },
    "5": {
      "User": 4,
      "n": 5,
      "EER": 0.0,
      "AUC": 1.0
    },
    "6": {
      "User": 4,
      "n": 6,
      "EER": 0.0,
      "AUC": 1.0
    },
    "7": {
      "User": 4,
      "n": 7,
      "EER": 0.0,
      "AUC": 1.0
    },
    "8": {
      "User": 4,
      "n": 8,
      "EER": 0.0,
      "AUC": 1.0
    },
    "9": {
      "User": 4,
      "n": 9,
      "EER": 0.0,
      "AUC": 1.0
    },
    "10": {
      "User": 4,
      "n": 10,
      "EER": 0.0,
      "AUC": 1.0
    }
  },
  "5": {
    "1": {
      "User": 5,
      "n": 1,
      "EER": 0.08087049973203075,
      "AUC": 0.9682110671788826
    },
    "2": {
      "User": 5,
      "n": 2,
      "EER": 0.050904977374210625,
      "AUC": 0.9824346405228758
    },
    "3": {
      "User": 5,
      "n": 3,
      "EER": 0.039532794251141465,
      "AUC": 0.9850141551814746
    },
    "4": {
      "User": 5,
      "n": 4,
      "EER": 0.03125000000013281,
      "AUC": 0.9900157232704403
    },
    "5": {
      "User": 5,
      "n": 5,
      "EER": 0.037037037037037125,
      "AUC": 0.992418593089734
    },
    "6": {
      "User": 5,
      "n": 6,
      "EER": 0.03448275862012904,
      "AUC": 0.9949290060851927
    },
    "7": {
      "User": 5,
      "n": 7,
      "EER": 0.02144772118009659,
      "AUC": 0.995050525881625
    },
    "8": {
      "User": 5,
      "n": 8,
      "EER": 0.006535947713789184,
      "AUC": 0.9981844589687727
    },
    "9": {
      "User": 5,
      "n": 9,
      "EER": 0.003952569170967487,
      "AUC": 0.9985177865612649
    },
    "10": {
      "User": 5,
      "n": 10,
      "EER": 0.004694835681655959,
      "AUC": 0.9986586183769283
    }
  },
  "6": {
    "1": {
      "User": 6,
      "n": 1,
      "EER": 0.07929515418513892,
      "AUC": 0.975213112878311
    },
    "2": {
      "User": 6,
      "n": 2,
      "EER": 0.058823529411764754,
      "AUC": 0.9865614810844612
    },
    "3": {
      "User": 6,
      "n": 3,
      "EER": 0.04972875225977397,
      "AUC": 0.9901145268233875
    },
    "4": {
      "User": 6,
      "n": 4,
      "EER": 0.03312101910886058,
      "AUC": 0.99478313618441
    },
    "5": {
      "User": 6,
      "n": 5,
      "EER": 0.03333333333321623,
      "AUC": 0.9943788645306353
    },
    "6": {
      "User": 6,
      "n": 6,
      "EER": 0.0260303687630628,
      "AUC": 0.9954446854663774
    },
    "7": {
      "User": 6,
      "n": 7,
      "EER": 0.024193548387315463,
      "AUC": 0.9959677419354839
    },
    "8": {
      "User": 6,
      "n": 8,
      "EER": 0.00651465798133681,
      "AUC": 0.996742671009772
    },
    "9": {
      "User": 6,
      "n": 9,
      "EER": 0.007751937985526586,
      "AUC": 0.9948320413436692
    },
    "10": {
      "User": 6,
      "n": 10,
      "EER": 0.009174311926642992,
      "AUC": 0.9954128440366973
    }
  },
  "7": {
    "1": {
      "User": 7,
      "n": 1,
      "EER": 0.13120472229600227,
      "AUC": 0.9552835623114285
    },
    "2": {
      "User": 7,
      "n": 2,
      "EER": 0.06719367588887833,
      "AUC": 0.979107848673066
    },
    "3": {
      "User": 7,
      "n": 3,
      "EER": 0.0754716981131895,