{
  "n": [
    1,
    2,
    3,
    4,
    5,
    6,
    7,
    8,
    9,
    10,
    11,
    12,
    13,
    14,
    15,
    16,
    17,
    18,
    19,
    20,
    21,
    22,
    23,
    24,
    25,
    26,
    27,
    28,
    29,
    30
  ],
  "avg_eer": [
    0.13686968395115243,
    0.10758696417651945,
    0.09391207331803328,
    0.07886174518309545,
    0.07238704328945338,
    0.07109581283150362,
    0.06248139759673904,
    0.06125485542027442,
    0.053720072348756975,
    0.05871814215422063,
    0.05727747268929253,
    0.05214159762708907,
    0.04559347883663306,
    0.05022334738906019,
    0.051600131310714205,
    0.050211850301342856,
    0.040790608302707226,
    0.031851689787464124,
    0.030488788985779336,
    0.025880627711529713,
    0.025351872688723416,
    0.024914848407180244,
    0.022319245492500698,
    0.022761062013190624,
    0.017549041545605874,
    0.015342306055307597,
    0.013003828750563648,
    0.00908671973201079,
    0.009391498881484422,
    0.008622888923080194
  ],
  "avg_auc": [
    0.9336822062395862,
    0.9537862412794883,
    0.963794127664959,
    0.9702221456565461,
    0.9742505978323462,
    0.9765599357998814,
    0.9793889698566991,
    0.9796649362186409,
    0.9834437144321845,
    0.9838868550963674,
    0.9842692244421694,
    0.9865653438637386,
    0.9875062651375069,
    0.9874888017264303,
    0.9868460760666874,
    0.9869699992908055,
    0.9888684959153876,
    0.9918398388944187,
    0.9923811080378085,
    0.9933307425761793,
    0.9930523182662412,
    0.9925267651699061,
    0.9931007041957229,
    0.9927178405287416,
    0.9943944954128441,
    0.9943387596670888,
    0.9958328323260449,
    0.9969994879672299,
    0.996616455381556,
    0.9966584786881741
  ]
}