{
  "n": [
    1,
    2,
    3,
    4,
    5,
    6,
    7,
    8,
    9,
    10,
    11,
    12,
    13,
    14,
    15,
    16,
    17,
    18,
    19,
    20,
    21,
    22,
    23,
    24,
    25,
    26,
    27,
    28,
    29,
    30,
    31,
    32,
    33,
    34,
    35,
    36,
    37,
    38,
    39,
    40,
    41,
    42,
    43,
    44,
    45,
    46,
    47,
    48,
    49
  ],
  "avg_eer": [
    0.21574806281162356,
    0.12529021879334698,
    0.07984968213042823,
    0.05469944716851362,
    0.04000956965122229,
    0.029137840932019165,
    0.02166975329859278,
    0.014069683613333847,
    0.011021744753915538,
    0.006610888749066959,
    0.004531813577139167,
    0.004903268192320476,
    0.0026095626340753566,
    0.0009385503146765225,
    0.0026268662595882114,
    0.0009305334124105011,
    0.00042333486983514785,
    0.0004611006177967625,
    0.0003297719055320705,
    0.00016528925631613322,
    0.0,
    0.0,
    0.0,
    0.0,
    0.0,
    0.0,
    0.0,
    0.0,
    0.0,
    0.0,
    0.0,
    0.0,
    0.0,
    0.0,
    0.0,
    0.0,
    0.0,
    0.0,
    0.0,
    0.0,
    0.0,
    0.0,
    0.0,
    0.0,
    0.0,
    0.0,
    0.0,
    0.0,
    0.0
  ],
  "avg_auc": [
    0.8612007277458323,
    0.9375187770246122,
    0.9686286609864979,
    0.9832614033510104,
    0.9907953871185798,
    0.9943584252163686,
    0.9966974106035847,
    0.9979134327975059,
    0.9989852923931952,
    0.9994564454352712,
    0.9997768650219916,
    0.9997504805784689,
    0.9998358682750507,
    0.9999617403228059,
    0.99992468627365,
    0.9999496458030599,
    0.9999677515905685,
    0.9999785052634069,
    0.999995174633581,
    0.9999954086317722,
    1.0,
    1.0,
    1.0,
    1.0,
    1.0,
    1.0,
    1.0,
    1.0,
    1.0,
    1.0,
    1.0,
    1.0,
    1.0,
    1.0,
    1.0,
    1.0,
    1.0,
    1.0,
    1.0,
    1.0,
    1.0,
    1.0,
    1.0,
    1.0,
    1.0,
    1.0,
    1.0,
    1.0,
    1.0
  ]
}