{
  "n": [
    1,
    2,
    3,
    4,
    5,
    6,
    7,
    8,
    9,
    10,
    11,
    12,
    13,
    14,
    15,
    16,
    17,
    18,
    19,
    20,
    21,
    22,
    23,
    24,
    25,
    26,
    27,
    28,
    29,
    30,
    31,
    32,
    33,
    34,
    35,
    36,
    37,
    38,
    39,
    40,
    41,
    42,
    43,
    44,
    45,
    46,
    47,
    48,
    49
  ],
  "avg_eer": [
    0.28998380070505364,
    0.23337188834436634,
    0.18350918042727188,
    0.16058289552097066,
    0.15297039269937945,
    0.13553204927769041,
    0.12684120680280328,
    0.10921346474243845,
    0.08340521950092114,
    0.09746977738465115,
    0.07483113979620817,
    0.08209609791668868,
    0.08491561181440792,
    0.0880137867520133,
    0.08131578947381635,
    0.0894234154929371,
    0.0667196982123323,
    0.05698336750956305,
    0.05328520234086807,
    0.04759029927769757,
    0.04656271837887455,
    0.04510489510476208,
    0.04448979591822312,
    0.04540425531933069,
    0.0436009485096296,
    0.032820512820607294,
    0.03458646616552057,
    0.041666666666669974,
    0.03736263736257785,
    0.033552631578880984,
    0.03712121212144853,
    0.03428571428553858,
    0.039285714285773723,
    0.029437229437380762,
    0.02366071428573441,
    0.02956989247326185,
    0.02666666666675984,
    0.02333333333343098,
    0.033421750663291366,
    0.023809523809554367,
    0.03518518518514285,
    0.031111111111129304,
    0.028929765886346596,
    0.025083612040085013,
    0.013636363636332638,
    0.026515151515225432,
    0.01845238095235261,
    0.027743271221548533,
    0.028695652173946568
  ],
  "avg_auc": [
    0.7622101134572168,
    0.8232405117088029,
    0.8662597231204178,
    0.8861493620545051,
    0.8981714576822999,
    0.9073151575186029,
    0.9182418487781299,
    0.9264850986201912,
    0.940648050227326,
    0.9358089121339894,
    0.9387172306241125,
    0.9431767995312388,
    0.9444042287832808,
    0.9477531772426075,
    0.9465340975650574,
    0.9493212135129617,
    0.9552924024565815,
    0.9648050362336077,
    0.965921610318162,
    0.9680065359477125,
    0.9684594144499805,
    0.9686606871389479,
    0.9744387755102041,
    0.96777304964539,
    0.9714681571815719,
    0.9764465164465165,
    0.9761173767752716,
    0.971111111111111,
    0.9753205128205128,
    0.9826238390092878,
    0.9787878787878788,
    0.9823214285714285,
    0.9804011927351587,
    0.9853102453102454,
    0.9874025041050902,
    0.9868855606758833,
    0.9876543209876543,
    0.9862962962962964,
    0.9856542882404952,
    0.9852380952380952,
    0.9891604938271605,
    0.985462962962963,
    0.992675585284281,
    0.990479375696767,
    0.9945454545454545,
    0.989469696969697,
    0.9931547619047618,
    0.9908902691511386,
    0.9836521739130435
  ]
}