{
  "n": [
    1,
    2,
    3,
    4,
    5,
    6,
    7,
    8,
    9,
    10,
    11,
    12,
    13,
    14,
    15,
    16,
    17,
    18,
    19,
    20,
    21,
    22,
    23,
    24,
    25,
    26,
    27,
    28,
    29,
    30,
    31,
    32,
    33,
    34,
    35,
    36,
    37,
    38,
    39,
    40,
    41,
    42,
    43,
    44,
    45,
    46,
    47,
    48,
    49
  ],
  "avg_eer": [
    0.308811390015704,
    0.24545300502124595,
    0.19420938717535136,
    0.17381255782378896,
    0.15141482894715877,
    0.14095947836708653,
    0.1303398801728619,
    0.1117993391569646,
    0.11042236136047948,
    0.10585677168398384,
    0.08821620191385823,
    0.08910207052425757,
    0.0945502162983218,
    0.08326574802541639,
    0.07236270003409769,
    0.0693026010304604,
    0.07523711195935481,
    0.06433982683989188,
    0.07146735864982669,
    0.06630718818999674,
    0.05826545530487184,
    0.06791153509672607,
    0.06019126445721111,
    0.06034712950603803,
    0.06538865546205536,
    0.053602693602606034,
    0.048338635049336914,
    0.05415181115194121,
    0.053226155288064805,
    0.04561990950240989,
    0.05005382354172735,
    0.04399425287350965,
    0.032305537599783496,
    0.042664818921151565,
    0.03719018795810366,
    0.03945467677876925,
    0.03898550724633739,
    0.034691407825731276,
    0.044242424242488386,
    0.039523809523927735,
    0.03207885304664531,
    0.04055555555559539,
    0.03653483992471207,
    0.04173508483846733,
    0.04097340124511348,
    0.03977272727263452,
    0.03657407407386719,
    0.03659726740408846,
    0.033603238866423094
  ],
  "avg_auc": [
    0.747512051250251,
    0.8141330219694828,
    0.8539098621164463,
    0.878214499459595,
    0.8906737788104229,
    0.9027071953980303,
    0.9126135963845436,
    0.9190068315205233,
    0.9231680209224791,
    0.9251393225161684,
    0.9330835794554219,
    0.9327267137435437,
    0.9352424589042186,
    0.9401027570845926,
    0.9434559435665901,
    0.9434224577925695,
    0.9462439130393492,
    0.9476757964257965,
    0.951805754856274,
    0.9522276740473792,
    0.9545423625662517,
    0.9556811438819347,
    0.9574793594410945,
    0.9561945231003977,
    0.9572509202027918,
    0.9634036950703617,
    0.9642163362000318,
    0.9607958769625438,
    0.963043442811484,
    0.9682393463588911,
    0.9620630862510753,
    0.9665689907239363,
    0.9673704829741983,
    0.970743943500041,
    0.9702349595026403,
    0.9694392751683555,
    0.9703253017454122,
    0.9716397741024607,
    0.9685006313131312,
    0.9720238095238095,
    0.9731804764916718,
    0.9663406607054148,
    0.972104261087312,
    0.9718527640941435,
    0.9709480354111084,
    0.9725578929267453,
    0.975914457482254,
    0.9797817301436365,
    0.9756410256410257
  ]
}