{
  "n": [
    1,
    2,
    3,
    4,
    5,
    6,
    7,
    8,
    9,
    10,
    11,
    12,
    13,
    14,
    15,
    16,
    17,
    18,
    19,
    20,
    21,
    22,
    23,
    24,
    25,
    26,
    27,
    28,
    29,
    30,
    31,
    32,
    33,
    34,
    35,
    36,
    37,
    38,
    39,
    40,
    41,
    42,
    43,
    44,
    45,
    46,
    47,
    48,
    49
  ],
  "avg_eer": [
    0.19632939304697644,
    0.10596139879183056,
    0.060344807368492334,
    0.041821954253435545,
    0.03170925377338259,
    0.021595125631170477,
    0.016757138294523,
    0.006876780213812104,
    0.006313491105920693,
    0.006173414987529446,
    0.004775798913830318,
    0.004201981189457678,
    0.0049259259259805165,
    0.0014634146341513921,
    0.0,
    0.0005714285714915201,
    0.0,
    0.0,
    0.0,
    0.0,
    0.0,
    0.0,
    0.0,
    0.0,
    0.0,
    0.0,
    0.0,
    0.0,
    0.0,
    0.0,
    0.0,
    0.0,
    0.0,
    0.0,
    0.0,
    0.0,
    0.0,
    0.0,
    0.0,
    0.0,
    0.0,
    0.0,
    0.0,
    0.0,
    0.0,
    0.0,
    0.0,
    0.0,
    0.0
  ],
  "avg_auc": [
    0.878957264891943,
    0.9504679488712098,
    0.9759514897717058,
    0.989231301320425,
    0.9932734074315321,
    0.9959108252053248,
    0.9976733901102083,
    0.9985654130180069,
    0.9994283084409027,
    0.9993777886412374,
    0.9995004705684218,
    0.9997958984491412,
    0.999666610549944,
    0.9999363732767762,
    1.0,
    0.999904761904762,
    1.0,
    1.0,
    1.0,
    1.0,
    1.0,
    1.0,
    1.0,
    1.0,
    1.0,
    1.0,
    1.0,
    1.0,
    1.0,
    1.0,
    1.0,
    1.0,
    1.0,
    1.0,
    1.0,
    1.0,
    1.0,
    1.0,
    1.0,
    1.0,
    1.0,
    1.0,
    1.0,
    1.0,
    1.0,
    1.0,
    1.0,
    1.0,
    1.0
  ]
}