{
  "n": [
    1,
    2,
    3,
    4,
    5,
    6,
    7,
    8,
    9,
    10,
    11,
    12,
    13,
    14,
    15,
    16,
    17,
    18,
    19,
    20,
    21,
    22,
    23,
    24,
    25,
    26,
    27,
    28,
    29,
    30,
    31,
    32,
    33,
    34,
    35,
    36,
    37,
    38,
    39,
    40,
    41,
    42,
    43,
    44,
    45,
    46,
    47,
    48,
    49
  ],
  "avg_eer": [
    0.20706221308694905,
    0.11773658591074199,
    0.06732971200509923,
    0.045257463660277414,
    0.030753040153750293,
    0.023863633076324695,
    0.014952551794988334,
    0.011155116125364756,
    0.007893023883887133,
    0.004276533821313468,
    0.0030107718850122776,
    0.0010685483871141258,
    0.0013986013985938862,
    0.0,
    0.0005376344086632759,
    0.0002865329513368715,
    0.0,
    0.0,
    0.0,
    0.0,
    0.0,
    0.0,
    0.0,
    0.0,
    0.0,
    0.0,
    0.0,
    0.0,
    0.0,
    0.0,
    0.0,
    0.0,
    0.0,
    0.0,
    0.0,
    0.0,
    0.0,
    0.0,
    0.0,
    0.0,
    0.0,
    0.0,
    0.0,
    0.0,
    0.0,
    0.0,
    0.0,
    0.0,
    0.0
  ],
  "avg_auc": [
    0.8700779209100669,
    0.942820151239653,
    0.974482917409901,
    0.9864503581646723,
    0.9930361782699186,
    0.9955473764147952,
    0.9982143419146936,
    0.9984839915370018,
    0.9995899416975259,
    0.9997727994876922,
    0.9998901634738404,
    0.9999549559629086,
    0.9999777999778001,
    1.0,
    0.9999902248289345,
    0.9999943817068374,
    1.0,
    1.0,
    1.0,
    1.0,
    1.0,
    1.0,
    1.0,
    1.0,
    1.0,
    1.0,
    1.0,
    1.0,
    1.0,
    1.0,
    1.0,
    1.0,
    1.0,
    1.0,
    1.0,
    1.0,
    1.0,
    1.0,
    1.0,
    1.0,
    1.0,
    1.0,
    1.0,
    1.0,
    1.0,
    1.0,
    1.0,
    1.0,
    1.0
  ]
}