{
  "n": [
    1,
    2,
    3,
    4,
    5,
    6,
    7,
    8,
    9,
    10,
    11,
    12,
    13,
    14,
    15,
    16,
    17,
    18,
    19,
    20,
    21,
    22,
    23,
    24,
    25,
    26,
    27,
    28,
    29,
    30,
    31,
    32,
    33,
    34,
    35,
    36,
    37,
    38,
    39,
    40,
    41,
    42,
    43,
    44,
    45,
    46,
    47,
    48,
    49
  ],
  "avg_eer": [
    0.20573830468072046,
    0.11575648382424986,
    0.06343320265174404,
    0.04403386576125522,
    0.03626553231569957,
    0.020389683235742348,
    0.01602768868442437,
    0.009312270463292544,
    0.008064516129048705,
    0.006249999999999999,
    0.001980198019872024,
    0.002150537634453726,
    0.0011764705883987882,
    0.0012658227849219935,
    0.0,
    0.0,
    0.001538461538512941,
    0.0,
    0.0,
    0.0,
    0.0,
    0.0,
    0.0,
    0.0,
    0.0,
    0.0,
    0.0,
    0.0,
    0.0,
    0.0,
    0.0,
    0.0,
    0.0,
    0.0,
    0.0,
    0.0,
    0.0,
    0.0,
    0.0,
    0.0,
    0.0,
    0.0,
    0.0,
    0.0,
    0.0,
    0.0,
    0.0,
    0.0,
    0.0
  ],
  "avg_auc": [
    0.8670786418628056,
    0.9395964242339954,
    0.9719989146747917,
    0.9837156356351204,
    0.9901125724022067,
    0.9944133109505255,
    0.9970777484553055,
    0.9986149192534086,
    0.998719165085389,
    0.9993243243243242,
    0.9997878359264497,
    0.9998345740281224,
    0.9999019607843138,
    0.9998849252013808,
    1.0,
    1.0,
    0.9998290598290598,
    1.0,
    1.0,
    1.0,
    1.0,
    1.0,
    1.0,
    1.0,
    1.0,
    1.0,
    1.0,
    1.0,
    1.0,
    1.0,
    1.0,
    1.0,
    1.0,
    1.0,
    1.0,
    1.0,
    1.0,
    1.0,
    1.0,
    1.0,
    1.0,
    1.0,
    1.0,
    1.0,
    1.0,
    1.0,
    1.0,
    1.0,
    1.0
  ]
}