{
  "n": [
    1,
    2,
    3,
    4,
    5,
    6,
    7,
    8,
    9,
    10,
    11,
    12,
    13,
    14,
    15,
    16,
    17,
    18,
    19,
    20,
    21,
    22,
    23,
    24,
    25,
    26,
    27,
    28,
    29,
    30
  ],
  "avg_eer": [
    0.10921359890102247,
    0.08208240818326781,
    0.06725087505426403,
    0.05798944189886238,
    0.04994746797543583,
    0.04281555472127,
    0.043441095325507884,
    0.03955290327682037,
    0.034534223147693874,
    0.035098262087117325,
    0.03264489409361766,
    0.02959747625245937,
    0.029010033228505462,
    0.026185625675352837,
    0.03183100504390757,
    0.03320923414514735,
    0.031280040363127606,
    0.01937760730683496,
    0.0190635165640921,
    0.016640666851085242,
    0.014707951083217019,
    0.011393958343679528,
    0.009968705904749678,
    0.01066997712095803,
    0.009801145894123424,
    0.008248388725591803,
    0.0028516029821002284,
    0.0018839185506512597,
    0.0019450262899516804,
    0.0014043559675854553
  ],
  "avg_auc": [
    0.9540180590836324,
    0.9713577091524112,
    0.9793836880462751,
    0.9838193930625618,
    0.9865860086717397,
    0.9894859494284447,
    0.9906316321020541,
    0.9908863605675002,
    0.9931724300583635,
    0.9931928677006223,
    0.9934182696411158,
    0.9945849530664178,
    0.9947262969121091,
    0.995085273626862,
    0.9950411330442991,
    0.9947212983948244,
    0.9952327608537905,
    0.9969131476822065,
    0.9970312072488883,
    0.9971799974288116,
    0.9971432268310864,
    0.9971667785820214,
    0.9974429479529026,
    0.9972751964470629,
    0.9973979667904308,
    0.9970480678765463,
    0.9991391196084807,
    0.9993177809844477,
    0.999295943230881,
    0.9995775981954163
  ]
}