{
  "n": [
    1,
    2,
    3,
    4,
    5,
    6,
    7,
    8,
    9,
    10
  ],
  "avg_eer": [
    0.15004488679557298,
    0.11174495518627195,
    0.09357082649270657,
    0.08094612586057287,
    0.07446815989622263,
    0.06000343020767427,
    0.05799215243835345,
    0.060990608240302405,
    0.05573488171681153,
    0.04156672269582873
  ],
  "avg_auc": [
    0.927292169202658,
    0.9521265615356516,
    0.9639556695830178,
    0.9703740478255993,
    0.9754083013945969,
    0.9804278336679326,
    0.9803565773230913,
    0.9819664260626502,
    0.9840253642078023,
    0.9877301476115635
  ]
}