{
    "user12": {
      "1": {
        "User": "user12",
        "n": 1,
        "EER": 0.16375838926192487,
        "AUC": 0.8836143394990996
      },
      "2": {
        "User": "user12",
        "n": 2,
        "EER": 0.14814814814813881,
        "AUC": 0.9387860082304527
      },
      "3": {
        "User": "user12",
        "n": 3,
        "EER": 0.09219858155919139,
        "AUC": 0.9584599797365755
      },
      "4": {
        "User": "user12",
        "n": 4,
        "EER": 0.0,
        "AUC": 1.0
      },
      "5": {
        "User": "user12",
        "n": 5,
        "EER": 0.0,
        "AUC": 1.0
      }
    },
    "user15": {
      "1": {
        "User": "user15",
        "n": 1,
        "EER": 0.15139949109438908,
        "AUC": 0.9180785700986781
      },
      "2": {
        "User": "user15",
        "n": 2,
        "EER": 0.1213114754104543,
        "AUC": 0.9547540983606558
      },
      "3": {
        "User": "user15",
        "n": 3,
        "EER": 0.0,
        "AUC": 1.0
      },
      "4": {
        "User": "user15",
        "n": 4,
        "EER": 0.0,
        "AUC": 1.0
      },
      "5": {
        "User": "user15",
        "n": 5,
        "EER": 0.0,
        "AUC": 1.0
      }
    },
    "user16": {
      "1": {
        "User": "user16",
        "n": 1,
        "EER": 0.20505992010496465,
        "AUC": 0.8705935945055716
      },
      "2": {
        "User": "user16",
        "n": 2,
        "EER": 0.18181818181818174,
        "AUC": 0.914055228048402
      },
      "3": {
        "User": "user16",
        "n": 3,
        "EER": 0.07913669064838899,
        "AUC": 0.9728217426059154
      },
      "4": {
        "User": "user16",
        "n": 4,
        "EER": 0.0,
        "AUC": 1.0
      },
      "5": {
        "User": "user16",
        "n": 5,
        "EER": 0.0,
        "AUC": 1.0
      }
    },
    "user20": {
      "1": {
        "User": "user20",
        "n": 1,
        "EER": 0.24999999999951875,
        "AUC": 0.7797015484515484
      },
      "2": {
        "User": "user20",
        "n": 2,
        "EER": 0.274509803921569,
        "AUC": 0.7938205585264408
      },
      "3": {
        "User": "user20",
        "n": 3,
        "EER": 0.25925925925922644,
        "AUC": 0.820018365472911
      },
      "4": {
        "User": "user20",
        "n": 4,
        "EER": 0.30000000000098587,
        "AUC": 0.8158730158730159
      },
      "5": {
        "User": "user20",
        "n": 5,
        "EER": 0.30612244897814306,
        "AUC": 0.7463556851311953
      }
    },
    "user21": {
      "1": {
        "User": "user21",
        "n": 1,
        "EER": 0.0769230769230769,
        "AUC": 0.96293765456202
      },
      "2": {
        "User": "user21",
        "n": 2,
        "EER": 0.0918032786874995,
        "AUC": 0.9822950819672132
      },
      "3": {
        "User": "user21",
        "n": 3,
        "EER": 0.0068965517248723365,
        "AUC": 0.9954022988505747
      },
      "4": {
        "User": "user21",
        "n": 4,
        "EER": 0.0,
        "AUC": 1.0
      },
      "5": {
        "User": "user21",
        "n": 5,
        "EER": 0.0,
        "AUC": 1.0
      }
    },
    "user23": {
      "1": {
        "User": "user23",
        "n": 1,
        "EER": 0.18749999999978278,
        "AUC": 0.884316037735849
      },
      "2": {
        "User": "user23",
        "n": 2,
        "EER": 0.11111111111111123,
        "AUC": 0.94880174291939
      },
      "3": {
        "User": "user23",
        "n": 3,
        "EER": 0.0,
        "AUC": 1.0
      },
      "4": {
        "User": "user23",
        "n": 4,
        "EER": 0.0,
        "AUC": 1.0
      },
      "5": {
        "User": "user23",
        "n": 5,
        "EER": 0.0,
        "AUC": 1.0
      }
    },
    "user29": {
      "1": {
        "User": "user29",
        "n": 1,
        "EER": 0.2267515923566288,
        "AUC": 0.8620260843190779
      },
      "2": {
        "User": "user29",
        "n": 2,
        "EER": 0.1250000000004952,
        "AUC": 0.9450325732899023
      },
      "3": {
        "User": "user29",
        "n": 3,
        "EER": 0.0,
        "AUC": 1.0
      },
      "4": {
        "User": "user29",
        "n": 4,
        "EER": 0.0,
        "AUC": 1.0
      },
      "5": {
        "User": "user29",
        "n": 5,
        "EER": 0.0,
        "AUC": 1.0
      }
    },
    "user35": {
      "1": {
        "User": "user35",
        "n": 1,
        "EER": 0.23640960809100087,
        "AUC": 0.8345975558364939
      },
      "2": {
        "User": "user35",
        "n": 2,
        "EER": 0.13725490196186327,
        "AUC": 0.9306463326071169
      },
      "3": {
        "User": "user35",
        "n": 3,
        "EER": 0.013698630137972352,
        "AUC": 0.9931506849315068
      },
      "4": {
        "User": "user35",
        "n": 4,
        "EER": 0.0,
        "AUC": 1.0
      },
      "5": {
        "User": "user35",
        "n": 5,
        "EER": 0.0,
        "AUC": 1.0
      }
    },
    "user7": {
      "1": {
        "User": "user7",
        "n": 1,
        "EER": 0.09048361934515547,
        "AUC": 0.9626591515273514
      },
      "2": {
        "User": "user7",
        "n": 2,
        "EER": 0.08139534883720934,
        "AUC": 0.976337970955621
      },
      "3": {
        "User": "user7",
        "n": 3,
        "EER": 0.0800000000015382,
        "AUC": 0.975625
      },
      "4": {
        "User": "user7",
        "n": 4,
        "EER": 0.08823529411764718,
        "AUC": 0.9749455337690631
      },
      "5": {
        "User": "user7",
        "n": 5,
        "EER": 0.06976744186148261,
        "AUC": 0.9767441860465116
      }
    },
    "user9": {
      "1": {
        "User": "user9",
        "n": 1,
        "EER": 0.009287925696407254,
        "AUC": 0.9994355404272788
      },
      "2": {
        "User": "user9",
        "n": 2,
        "EER": 0.0,
        "AUC": 1.0
      },
      "3": {
        "User": "user9",
        "n": 3,
        "EER": 0.0,
        "AUC": 1.0
      },
      "4": {
        "User": "user9",
        "n": 4,
        "EER": 0.0,
        "AUC": 1.0
      },
      "5": {
        "User": "user9",
        "n": 5,
        "EER": 0.0,
        "AUC": 1.0
      }
    }
  }