{
  "n": [
    1,
    2,
    3,
    4,
    5,
    6,
    7,
    8,
    9,
    10,
    11,
    12,
    13,
    14,
    15,
    16,
    17,
    18,
    19,
    20,
    21,
    22,
    23,
    24,
    25,
    26,
    27,
    28,
    29,
    30
  ],
  "avg_eer": [
    0.1136436241688393,
    0.08626585065571775,
    0.06680468850384896,
    0.056424456877896455,
    0.04761580127770461,
    0.0403865814456766,
    0.03430257565066556,
    0.032198277709017106,
    0.030641439933519553,
    0.028762953658393077,
    0.02792538976874383,
    0.02374038489827205,
    0.018738993879897047,
    0.019190802220715873,
    0.018010165826215837,
    0.01733510117202518,
    0.017583261947294627,
    0.013711225517305307,
    0.012308292290701859,
    0.012733178206996381,
    0.009695693908221005,
    0.00861826018935625,
    0.00524894745991959,
    0.005647201271196964,
    0.005148154743458236,
    0.005140845021705934,
    0.0005917159763851328,
    0.0,
    0.0,
    0.0
  ],
  "avg_auc": [
    0.9526182825579962,
    0.9704984098826761,
    0.9797606859680286,
    0.9846032006516197,
    0.9880838502943476,
    0.9906558841413651,
    0.9925388326711321,
    0.9927995690322995,
    0.994908272582343,
    0.994830779394781,
    0.9951510655621767,
    0.9961784502826363,
    0.9968885622260606,
    0.9970243111519916,
    0.9968938132544893,
    0.9967865029417382,
    0.9968803168958429,
    0.9978473865565769,
    0.9980367053518264,
    0.9980905048684943,
    0.9983087115980753,
    0.9979725604240567,
    0.9984928721807446,
    0.9983462745290783,
    0.9983434824135051,
    0.9981316205442811,
    0.9999462076385154,
    1.0,
    1.0,
    1.0
  ]
}