{
    "user12": {
      "1": {
        "User": "user12",
        "n": 1,
        "EER": 0.0944118972508631,
        "AUC": 0.9678707600430073
      },
      "2": {
        "User": "user12",
        "n": 2,
        "EER": 0.0497925311203323,
        "AUC": 0.9858268670245602
      },
      "3": {
        "User": "user12",
        "n": 3,
        "EER": 0.039215686274593806,
        "AUC": 0.994537404404577
      },
      "4": {
        "User": "user12",
        "n": 4,
        "EER": 0.028301886792452925,
        "AUC": 0.9952152183177715
      },
      "5": {
        "User": "user12",
        "n": 5,
        "EER": 0.03658536585365859,
        "AUC": 0.9957603535766901
      },
      "6": {
        "User": "user12",
        "n": 6,
        "EER": 0.020202020202028066,
        "AUC": 0.9985236985236985
      },
      "7": {
        "User": "user12",
        "n": 7,
        "EER": 0.012552301254921383,
        "AUC": 0.999628079962808
      },
      "8": {
        "User": "user12",
        "n": 8,
        "EER": 0.009975062344771739,
        "AUC": 0.9995843724023274
      },
      "9": {
        "User": "user12",
        "n": 9,
        "EER": 0.0,
        "AUC": 1.0
      },
      "10": {
        "User": "user12",
        "n": 10,
        "EER": 0.0,
        "AUC": 1.0
      },
      "11": {
        "User": "user12",
        "n": 11,
        "EER": 0.0,
        "AUC": 1.0
      },
      "12": {
        "User": "user12",
        "n": 12,
        "EER": 0.0,
        "AUC": 1.0
      },
      "13": {
        "User": "user12",
        "n": 13,
        "EER": 0.0,
        "AUC": 1.0
      },
      "14": {
        "User": "user12",
        "n": 14,
        "EER": 0.0,
        "AUC": 1.0
      },
      "15": {
        "User": "user12",
        "n": 15,
        "EER": 0.0,
        "AUC": 1.0
      }
    },
    "user15": {
      "1": {
        "User": "user15",
        "n": 1,
        "EER": 0.07343783551657777,
        "AUC": 0.9791102132221985
      },
      "2": {
        "User": "user15",
        "n": 2,
        "EER": 0.037169726824490504,
        "AUC": 0.9938355792587767
      },
      "3": {
        "User": "user15",
        "n": 3,
        "EER": 0.024390243902473456,
        "AUC": 0.9967791280700263
      },
      "4": {
        "User": "user15",
        "n": 4,
        "EER": 0.017857142857225106,
        "AUC": 0.9975237165178571
      },
      "5": {
        "User": "user15",
        "n": 5,
        "EER": 0.024173027989816957,
        "AUC": 0.99847948861168
      },
      "6": {
        "User": "user15",
        "n": 6,
        "EER": 0.0063492063495577625,
        "AUC": 0.9993979200875753
      },
      "7": {
        "User": "user15",
        "n": 7,
        "EER": 0.0,
        "AUC": 1.0
      },
      "8": {
        "User": "user15",
        "n": 8,
        "EER": 0.0023866348455776902,
        "AUC": 0.999867409175285
      },
      "9": {
        "User": "user15",
        "n": 9,
        "EER": 0.0028248587576781706,
        "AUC": 0.9996233521657251
      },
      "10": {
        "User": "user15",
        "n": 10,
        "EER": 0.003278688525478568,
        "AUC": 0.999672131147541
      },
      "11": {
        "User": "user15",
        "n": 11,
        "EER": 0.0037878787881464137,
        "AUC": 0.9993686868686869
      },
      "12": {
        "User": "user15",
        "n": 12,
        "EER": 0.004310344828361628,
        "AUC": 0.9991379310344828
      },
      "13": {
        "User": "user15",
        "n": 13,
        "EER": 0.005076142133206413,
        "AUC": 0.9974619289340101
      },
      "14": {
        "User": "user15",
        "n": 14,
        "EER": 0.0,
        "AUC": 1.0
      },
      "15": {
        "User": "user15",
        "n": 15,
        "EER": 0.0,
        "AUC": 1.0
      }
    },
    "user16": {
      "1": {
        "User": "user16",
        "n": 1,
        "EER": 0.10617760617760603,
        "AUC": 0.9634883140980702
      },
      "2": {
        "User": "user16",
        "n": 2,
        "EER": 0.06488011283505092,
        "AUC": 0.9828140000711145
      },
      "3": {
        "User": "user16",
        "n": 3,
        "EER": 0.051976573937265076,
        "AUC": 0.9891984136988161
      },
      "4": {
        "User": "user16",
        "n": 4,
        "EER": 0.03883495145615709,
        "AUC": 0.9904601961622164
      },
      "5": {
        "User": "user16",
        "n": 5,
        "EER": 0.026315789473684077,
        "AUC": 0.9946737683089214
      },
      "6": {
        "User": "user16",
        "n": 6,
        "EER": 0.02653399668435248,
        "AUC": 0.9962094290452499
      },
      "7": {
        "User": "user16",
        "n": 7,
        "EER": 0.021276595744680882,
        "AUC": 0.9969604863221885
      },
      "8": {
        "User": "user16",
        "n": 8,
        "EER": 0.025641025641028645,
        "AUC": 0.9967787656229867
      },
      "9": {
        "User": "user16",
        "n": 9,
        "EER": 0.023598820058192943,
        "AUC": 0.9975417895771879
      },
      "10": {
        "User": "user16",
        "n": 10,
        "EER": 0.02389078498247532,
        "AUC": 0.9975178405212535
      },
      "11": {
        "User": "user16",
        "n": 11,
        "EER": 0.0159362549802122,
        "AUC": 0.9983224994757811
      },
      "12": {
        "User": "user16",
        "n": 12,
        "EER": 0.01351351351371135,
        "AUC": 0.9987987987987988
      },
      "13": {
        "User": "user16",
        "n": 13,
        "EER": 0.0053475935831936,
        "AUC": 0.999554367201426
      },
      "14": {
        "User": "user16",
        "n": 14,
        "EER": 0.0,
        "AUC": 1.0
      },
      "15": {
        "User": "user16",
        "n": 15,
        "EER": 0.0,
        "AUC": 1.0
      }
    },
    "user20": {
      "1": {
        "User": "user20",
        "n": 1,
        "EER": 0.08360277136159025,
        "AUC": 0.9741935604810894
      },
      "2": {
        "User": "user20",
        "n": 2,
        "EER": 0.05960264900662249,
        "AUC": 0.9871851255003805
      },
      "3": {
        "User": "user20",
        "n": 3,
        "EER": 0.044663133989126275,
        "AUC": 0.9911090855721547
      },
      "4": {
        "User": "user20",
        "n": 4,
        "EER": 0.03546099290732002,
        "AUC": 0.9941389285417563
      },
      "5": {
        "User": "user20",
        "n": 5,
        "EER": 0.035714285714192946,
        "AUC": 0.9971903096903096
      },
      "6": {
        "User": "user20",
        "n": 6,
        "EER": 0.03260869565217398,
        "AUC": 0.9953607852158577
      },
      "7": {
        "User": "user20",
        "n": 7,
        "EER": 0.013513513513913238,
        "AUC": 0.9952145909829652
      },
      "8": {
        "User": "user20",
        "n": 8,
        "EER": 0.01612903225807162,
        "AUC": 0.9978924731182797
      },
      "9": {
        "User": "user20",
        "n": 9,
        "EER": 0.01592356687802413,
        "AUC": 0.9994209612044007
      },
      "10": {
        "User": "user20",
        "n": 10,
        "EER": 0.019607843137254933,
        "AUC": 0.9992572786690435
      },
      "11": {
        "User": "user20",
        "n": 11,
        "EER": 0.00434782608838011,
        "AUC": 0.9998913043478261
      },
      "12": {
        "User": "user20",
        "n": 12,
        "EER": 0.027027027026755458,
        "AUC": 0.9989189189189189
      },
      "13": {
        "User": "user20",
        "n": 13,
        "EER": 0.0,
        "AUC": 1.0
      },
      "14": {
        "User": "user20",
        "n": 14,
        "EER": 0.0,
        "AUC": 1.0
      },
      "15": {
        "User": "user20",
        "n": 15,
        "EER": 0.0,
        "AUC": 1.0
      }
    },
    "user21": {
      "1": {
        "User": "user21",
        "n": 1,
        "EER": 0.05340739158428533,
        "AUC": 0.9848250454466672
      },
      "2": {
        "User": "user21",
        "n": 2,
        "EER": 0.02096342551245956,