{
  "n": [
    1,
    2,
    3,
    4,
    5,
    6,
    7,
    8,
    9,
    10
  ],
  "avg_eer": [
    0.04749824182588952,
    0.028233949586758823,
    0.021070475247913285,
    0.01778041675714373,
    0.015644889999130912,
    0.013864801766296116,
    0.01330590785049134,
    0.01227484987691697,
    0.011542794095643103,
    0.011124781871272013
  ],
  "avg_auc": [
    0.9887426564051732,
    0.9946718484796232,
    0.9964855894119227,
    0.9973355807319505,
    0.9978150063464629,
    0.998081196249605,
    0.998335998912242,
    0.9984819994933846,
    0.9985841443175364,
    0.9987934081640694
  ]
}