{
  "n": [
    1,
    2,
    3,
    4,
    5,
    6,
    7,
    8,
    9,
    10,
    11,
    12,
    13,
    14,
    15,
    16,
    17,
    18,
    19,
    20,
    21,
    22,
    23,
    24,
    25,
    26,
    27,
    28,
    29,
    30,
    31,
    32,
    33,
    34,
    35,
    36,
    37,
    38,
    39,
    40,
    41,
    42,
    43,
    44,
    45,
    46,
    47,
    48,
    49,
    50,
    51,
    52,
    53,
    54,
    55,
    56,
    57,
    58,
    59,
    60
  ],
  "avg_eer": [
    0.23727898684155826,
    0.22186373195814393,
    0.21540039122563986,
    0.21161647415373563,
    0.20084633107305527,
    0.20271674461455919,
    0.21117497483834766,
    0.20713035697832774,
    0.20207199053088892,
    0.21277706643893457,
    0.2012628606831655,
    0.2149787117964584,
    0.21345905477421226,
    0.20138578848662006,
    0.19777460780492132,
    0.1764830867842903,
    0.19519816437211218,
    0.18724765684968459,
    0.1737507108871031,
    0.1421765651632702,
    0.14163615995836323,
    0.1412356474127674,
    0.13404222499860455,
    0.12007850052251341,
    0.13803173981254407,
    0.13040466258843447,
    0.12040301981674155,
    0.12393270397789573,
    0.11520401692838426,
    0.12597659747696296,
    0.11829073100846113,
    0.13409340659378594,
    0.13441391941419925,
    0.12585042976325475,
    0.1357538114059897,
    0.12188596491260198,
    0.1171240601506934,
    0.10760025062693368,
    0.10735380116981293,
    0.09676986584118058,
    0.09676986584119354,
    0.10264355742357978,
    0.10889355742314218,
    0.10670814479651507,
    0.10082579185537761,
    0.0951785714286427,
    0.07576923076922074,
    0.07576923076922074,
    0.06576923076951888,
    0.06743589743608736,
    0.06743589743604575,
    0.0674358974360794,
    0.0674358974360794,
    0.06186868686882541,
    0.0702020202021605,
    0.08613636363667956,
    0.08613636363662144,
    0.08613636363662144,
    0.08361111111121967,
    0.08361111111121967
  ],
  "avg_auc": [
    0.8320298485515798,
    0.8483146057093484,
    0.8515842326219465,
    0.8592963713958758,
    0.8640002223171919,
    0.8632809496548773,
    0.8686385000462857,
    0.867604972442576,
    0.8680200934708984,
    0.8727427097664944,
    0.8788045939217135,
    0.8734467041177851,
    0.8717490849041031,
    0.8742450810863194,
    0.8846757550542547,
    0.8808009592786478,
    0.8772207460179926,
    0.880820398213024,
    0.887717185598915,
    0.8995944762365635,
    0.8963462183929127,
    0.8924062258853281,
    0.8941776046003987,
    0.9103103806417906,
    0.8934131758351029,
    0.90130666569557,
    0.8995925900177152,
    0.8993340143115256,
    0.9036748665340619,
    0.9021562518169661,
    0.9066212772734511,
    0.8987999681477941,
    0.9026461219939479,
    0.9017084927954493,
    0.8979156210134471,
    0.8982894736842105,
    0.901593045112782,
    0.9131672932330828,
    0.914198343079922,
    0.9205177158582731,
    0.9193739250085999,
    0.9145483193277311,
    0.9124649859943977,
    0.9107758295625944,
    0.9181966440422323,
    0.925297619047619,
    0.9517307692307693,
    0.9517307692307693,
    0.9492307692307692,
    0.9483974358974357,
    0.9467307692307692,
    0.9467307692307692,
    0.9467307692307692,
    0.9436868686868687,
    0.9353535353535353,
    0.9219886363636363,
    0.9169886363636364,
    0.9169886363636364,
    0.9261111111111111,
    0.9261111111111111
  ]
}