{
  "n": [
    1,
    2,
    3,
    4,
    5,
    6,
    7,
    8,
    9,
    10,
    11,
    12,
    13,
    14,
    15,
    16,
    17,
    18,
    19,
    20,
    21,
    22,
    23,
    24,
    25,
    26,
    27,
    28,
    29,
    30,
    31,
    32,
    33,
    34,
    35,
    36,
    37,
    38,
    39,
    40,
    41,
    42,
    43,
    44,
    45,
    46,
    47,
    48,
    49,
    50,
    51,
    52,
    53,
    54,
    55,
    56,
    57,
    58,
    59,
    60
  ],
  "avg_eer": [
    0.2316426630762754,
    0.21446360580110307,
    0.2034517954107248,
    0.2003611977166789,
    0.2043778886571655,
    0.19159019383047277,
    0.191155077249284,
    0.18963661103486856,
    0.18158843110950285,
    0.1853397227444244,
    0.1853517509784452,
    0.1816129684561588,
    0.18889462344420166,
    0.17867479288771598,
    0.18247553190683588,
    0.18673556859463095,
    0.17928318383827255,
    0.17491912573386928,
    0.1789238926928217,
    0.17712473681177032,
    0.16769702192969085,
    0.173479279708716,
    0.17202869590356454,
    0.16946471165471858,
    0.16738497066827546,
    0.16761443074075072,
    0.171781101869871,
    0.16368654881710662,
    0.16904465436297114,
    0.16881959862882456,
    0.1720745861227897,
    0.17032784451913163,
    0.1602222599967083,
    0.16288000769033173,
    0.16694507418494423,
    0.16182990766166533,
    0.17075799457959714,
    0.1751619437699236,
    0.15869032857656756,
    0.1518364441464002,
    0.15545378082928402,
    0.150611696495847,
    0.14768042829837819,
    0.14490303778590666,
    0.15121166249297835,
    0.14544144521945968,
    0.14396906594027029,
    0.13830830122895818,
    0.13584879814359896,
    0.1458914500997025,
    0.14440521780143736,
    0.1465219735949373,
    0.14617875432453376,
    0.1396517370123409,
    0.14640475114878165,
    0.14961204067062353,
    0.15270829712791836,
    0.1486220478979654,
    0.1395046340018428,
    0.14533810695010108
  ],
  "avg_auc": [
    0.8383244977423272,
    0.8561755848218855,
    0.8666290371600853,
    0.8714884331783633,
    0.8740870560772066,
    0.8774193228186562,
    0.8811523694955314,
    0.8823504583727584,
    0.8840543347371497,
    0.8852243553404027,
    0.8858987480142003,
    0.8885478488956793,
    0.8897172768004907,
    0.8915473885186916,
    0.8903477480196802,
    0.8917022883926048,
    0.894671398902017,
    0.8945371907708506,
    0.8934788461355488,
    0.8936583492712842,
    0.8956701152968863,
    0.8960226041726749,
    0.8963990555451721,
    0.8969809945991635,
    0.90210140924438,
    0.8975315882133476,
    0.8974347038846024,
    0.9009616645379307,
    0.8974985023790933,
    0.8989559970703291,
    0.900439031476339,
    0.9024436100396303,
    0.9064123075649932,
    0.904878955373056,
    0.9031689608766976,
    0.8994336597870628,
    0.8991439670085898,
    0.9009989315546049,
    0.9046538526529119,
    0.9058407763633906,
    0.9076833151890774,
    0.9094331957081898,
    0.9099026506046343,
    0.9075407593780955,
    0.9047458432936732,
    0.9036396824756097,
    0.9052338335839245,
    0.9108571239587147,
    0.910720409653323,
    0.9106517092791997,
    0.9101321656554828,
    0.9124519385173746,
    0.911410178161225,
    0.9109828881152762,
    0.9107159523196315,
    0.9103100245944923,
    0.9111095147572355,
    0.9086523624704339,
    0.9122879442306688,
    0.9127718921656743
  ]
}