{
  "n": [
    1,
    2,
    3,
    4,
    5,
    6,
    7,
    8,
    9,
    10,
    11,
    12,
    13,
    14,
    15,
    16,
    17,
    18,
    19,
    20,
    21,
    22,
    23,
    24,
    25,
    26,
    27,
    28,
    29,
    30,
    31,
    32,
    33,
    34,
    35,
    36,
    37,
    38,
    39,
    40,
    41,
    42,
    43,
    44,
    45,
    46,
    47,
    48,
    49,
    50,
    51,
    52,
    53,
    54,
    55,
    56,
    57,
    58,
    59,
    60
  ],
  "avg_eer": [
    0.2284743716463284,
    0.20855482232736056,
    0.20131507735360268,
    0.19506295676939225,
    0.1936757102043875,
    0.184463898973124,
    0.18607989503446293,
    0.1833355197714089,
    0.18060607961088193,
    0.1729873768004729,
    0.16459608967306427,
    0.17095035138100842,
    0.1682717738994182,
    0.15801795340643582,
    0.1609472584035811,
    0.16306348894358574,
    0.1654773998952698,
    0.16963919633616267,
    0.15889222098076627,
    0.15290275648091428,
    0.1528338241838706,
    0.14215639532390473,
    0.15684279882999172,
    0.15048459001880557,
    0.13564828241445068,
    0.1290951901273793,
    0.13125059663427874,
    0.1373988496501703,
    0.12755600429771796,
    0.14082381852275438,
    0.13737224076274504,
    0.14181048470191304,
    0.13649064162077706,
    0.13317078188067116,
    0.14270789832250863,
    0.13256193744087325,
    0.13776627215657106,
    0.138845266784569,
    0.13114453031204984,
    0.12680565730578403,
    0.1290492470495107,
    0.12786399666282924,
    0.13345223195667588,
    0.13037492890143437,
    0.13536405941137097,
    0.12420024737808018,
    0.13831005186159828,
    0.12686195477193357,
    0.11649321057733145,
    0.10354688042201547,
    0.11947281679124293,
    0.11458536363676268,
    0.11855018127918186,
    0.1147430514623915,
    0.11659411972105889,
    0.10912938641609451,
    0.10587351947592682,
    0.07521291344855606,
    0.0847679170924774,
    0.08423069403700582
  ],
  "avg_auc": [
    0.8460544440079651,
    0.860839922029659,
    0.8703100110734446,
    0.8746352505463999,
    0.8781243679584356,
    0.8824420186351795,
    0.8848466383780635,
    0.886821750956598,
    0.8881341104523525,
    0.8923984536413677,
    0.8938580685515095,
    0.8952917177914557,
    0.8938508004100238,
    0.9021075367559565,
    0.8984889939948776,
    0.8991211371603958,
    0.902580292619285,
    0.9007650152582813,
    0.8999874059463295,
    0.9084107467415012,
    0.9059751661990083,
    0.9061131901961212,
    0.9047556781630061,
    0.9049017920318668,
    0.9144702410046458,
    0.9115705735818984,
    0.9108817055967474,
    0.9166614242946804,
    0.9186851757363256,
    0.9129399353970407,
    0.9127888757411682,
    0.9127276259276188,
    0.9119427654623115,
    0.915417459522828,
    0.910368261037633,
    0.9155164768574909,
    0.9112606821871673,
    0.909097052483018,
    0.9160492829968607,
    0.9198959157380902,
    0.9179447760941983,
    0.9155234374164287,
    0.9159837884963041,
    0.9228334791701371,
    0.9181799898907075,
    0.9192298600399565,
    0.9146791980109079,
    0.917108118932609,
    0.9261648101693479,
    0.9267486441522177,
    0.9218073302265288,
    0.9259810386610905,
    0.9206108547571962,
    0.9226599607966331,
    0.9193718361729198,
    0.9286274635820915,
    0.9300465609267787,
    0.9466205380816387,
    0.9389416913994714,
    0.9437943337715307
  ]
}