{
  "n": [
    1,
    2,
    3,
    4,
    5,
    6,
    7,
    8,
    9,
    10,
    11,
    12,
    13,
    14,
    15,
    16,
    17,
    18,
    19,
    20,
    21,
    22,
    23,
    24,
    25,
    26,
    27,
    28,
    29,
    30,
    31,
    32,
    33,
    34,
    35,
    36,
    37,
    38,
    39,
    40,
    41,
    42,
    43,
    44,
    45,
    46,
    47,
    48,
    49,
    50,
    51,
    52,
    53,
    54,
    55,
    56,
    57,
    58,
    59,
    60
  ],
  "avg_eer": [
    0.25922100068121157,
    0.23447501182584793,
    0.22232778665766206,
    0.21577551162632078,
    0.21103095510604422,
    0.20742527402219033,
    0.20502484703911988,
    0.20406227729823184,
    0.20016709798911086,
    0.20055875517282398,
    0.1962852007111184,
    0.1940762877301506,
    0.18848229829418983,
    0.19032548381355716,
    0.19179540720430205,
    0.18451351177626324,
    0.1862118848081434,
    0.18259446993116749,
    0.1863410538132297,
    0.18059691634086528,
    0.18372251034379283,
    0.17992887040382208,
    0.18445466827128193,
    0.17879894423871284,
    0.17766185211724958,
    0.1761313596161612,
    0.17702274945674218,
    0.18012820185196243,
    0.18269622805313293,
    0.1768133875561791,
    0.17171965093547104,
    0.16633589119271383,
    0.16850048233273227,
    0.17488598818927487,
    0.17551389567469305,
    0.17249678251129283,
    0.17117037068179713,
    0.1684222661034304,
    0.17089165183340502,
    0.1693615094526522,
    0.16434128920114915,
    0.16395450183747987,
    0.17172102338103218,
    0.16755836816519198,
    0.1635037954189001,
    0.1620628596205,
    0.16442327726548675,
    0.1615025168948318,
    0.16264420536246735,
    0.17043252070343123,
    0.16597351646674796,
    0.16398482500754466,
    0.15880764313330042,
    0.15155593367307307,
    0.15060743461301218,
    0.15984598565012542,
    0.15426670134126363,
    0.1490297488072561,
    0.15480126212343576,
    0.16756699213281454
  ],
  "avg_auc": [
    0.8122834275871653,
    0.838852602802892,
    0.8506937369068949,
    0.8568090415923308,
    0.8621211169373,
    0.8658596871307015,
    0.867040216456294,
    0.8699315597577808,
    0.8725890463666641,
    0.873607286630272,
    0.8759013026142387,
    0.8774530980779929,
    0.8792925645514608,
    0.8804596069500972,
    0.8794468464785243,
    0.8823224072666861,
    0.8827227642102604,
    0.8847428430619608,
    0.883894731508246,
    0.8863241743561427,
    0.8859896720263751,
    0.8884674539395615,
    0.8862071764469075,
    0.8899592327035573,
    0.8886034025441131,
    0.8913912317269306,
    0.8926281713832477,
    0.8916731269273491,
    0.8907756681271701,
    0.890988619395548,
    0.8936326818555562,
    0.8946951874940663,
    0.8950676529149089,
    0.8959685619843448,
    0.8935163665369391,
    0.8954084975569547,
    0.8959787882841626,
    0.8955232446700755,
    0.8978055867223084,
    0.8978774416737751,
    0.8991108528840469,
    0.8999266605247034,
    0.8972070002126816,
    0.8989563718565201,
    0.8990594220155245,
    0.8976829299319997,
    0.8995999228003108,
    0.9013924081163511,
    0.9001801454430101,
    0.8975643780991561,
    0.8991028263107651,
    0.9010802016197946,
    0.9015814232908094,
    0.9041091285513936,
    0.9046914828218906,
    0.9043468660892501,
    0.9048630049330052,
    0.9048580044065883,
    0.9042090051455494,
    0.9033418260385279
  ]
}