{
  "n": [
    1,
    2,
    3,
    4,
    5,
    6,
    7,
    8,
    9,
    10,
    11,
    12,
    13,
    14,
    15,
    16,
    17,
    18,
    19,
    20,
    21,
    22,
    23,
    24,
    25,
    26,
    27,
    28,
    29,
    30,
    31,
    32,
    33,
    34,
    35,
    36,
    37,
    38,
    39,
    40,
    41,
    42,
    43,
    44,
    45,
    46,
    47,
    48,
    49,
    50,
    51,
    52,
    53,
    54,
    55,
    56,
    57,
    58,
    59,
    60
  ],
  "avg_eer": [
    0.24072671107776014,
    0.2223363224334554,
    0.21382723043172464,
    0.20563708053929516,
    0.20026243716478748,
    0.19733020028101614,
    0.1920219494830226,
    0.1931774841399393,
    0.1845374694082264,
    0.18918371877475273,
    0.18474465377450316,
    0.185516028448412,
    0.18477122388016962,
    0.18183469809008765,
    0.1820023065282641,
    0.1817086223639371,
    0.1758480222016361,
    0.18403342819535026,
    0.18147991297635532,
    0.1791698024699972,
    0.17473080593740448,
    0.18026304097988363,
    0.17031744618238023,
    0.16453929389800673,
    0.17020759417216363,
    0.16815860382585485,
    0.16946186425760285,
    0.16605335004139415,
    0.1678216543665745,
    0.17544699967818095,
    0.16925614771261469,
    0.1664122978749437,
    0.16691455821373294,
    0.16688344826924523,
    0.1764572750971826,
    0.1633609037494877,
    0.16507726948804227,
    0.17026850312630262,
    0.15804125114196949,
    0.15250734071102362,
    0.16080681298605692,
    0.15677057858023286,
    0.16572938621749445,
    0.1636575234128851,
    0.1650191524359497,
    0.1606755341565374,
    0.16041204553570057,
    0.157847248855535,
    0.15577633892263174,
    0.15551380541917398,
    0.15103143414151296,
    0.14722067315622106,
    0.15458441080151022,
    0.15840482028747774,
    0.15477627847824332,
    0.1564259562244902,
    0.15377196507553667,
    0.1569087958969635,
    0.1580840485896287,
    0.15475745427869642
  ],
  "avg_auc": [
    0.8284261961540803,
    0.8499626001640666,
    0.8599086065357586,
    0.8648748615751712,
    0.8696951790753067,
    0.8739231377318097,
    0.8758567817723464,
    0.876415658007448,
    0.8797945963645759,
    0.8804413649164669,
    0.8829487869703705,
    0.8847400032062331,
    0.8847701193310631,
    0.8853367718485373,
    0.8858601929543355,
    0.886934806684527,
    0.8892277468610128,
    0.8876379884192493,
    0.8898005985721646,
    0.8901681003528724,
    0.8910712718784595,
    0.891942837901944,
    0.893710597737428,
    0.8935933413745918,
    0.8939435829235233,
    0.8957964535222278,
    0.896474267393226,
    0.8970885731325037,
    0.8965757738136115,
    0.8938047708991071,
    0.8955200903902589,
    0.8965185633571447,
    0.898556716757312,
    0.8990919849090675,
    0.8974823900098279,
    0.8977857470449996,
    0.9007142477114682,
    0.8990581791715251,
    0.9017061136398757,
    0.9019596784633521,
    0.9021670839068502,
    0.9021285902640835,
    0.9019650510222823,
    0.9020774039371757,
    0.9010302189480248,
    0.9051022090942983,
    0.9026265462707412,
    0.9026671339391367,
    0.9043919470151105,
    0.9041783499034592,
    0.9036410132650765,
    0.9060923179875736,
    0.9049352286273432,
    0.9042685159540982,
    0.9044118893884667,
    0.9062505412629693,
    0.9031684106462672,
    0.9015758005162763,
    0.9014842086141724,
    0.9042338648856125
  ]
}