timestamp,event,x,y,user,screen_width,screen_height
1490124076552,Mouse Moved,372.0,830.0,User23,1536.0,864.0
1490124076568,Mouse Moved,383.0,835.0,User23,,
1490124082184,Mouse Moved,382.0,835.0,User23,,
1490124082200,Mouse Moved,379.0,835.0,User23,,
1490124082230,Mouse Moved,375.0,835.0,User23,,
1490124082246,Mouse Moved,355.0,835.0,User23,,
1490124082262,Mouse Moved,336.0,833.0,User23,,
1490124082278,Mouse Moved,322.0,830.0,User23,,
1490124082293,Mouse Moved,319.0,829.0,User23,,
1490124082309,Mouse Moved,314.0,829.0,User23,,
1490124082325,Mouse Moved,311.0,828.0,User23,,
1490124082339,Mouse Moved,310.0,828.0,User23,,
1490124082387,Mouse Moved,309.0,828.0,User23,,
1490124082573,Mouse Moved,310.0,828.0,User23,,
1490124082589,Mouse Moved,311.0,828.0,User23,,
1490124082605,Mouse Moved,315.0,830.0,User23,,
1490124082637,Mouse Moved,319.0,832.0,User23,,
1490124082651,Mouse Moved,323.0,834.0,User23,,
1490124082667,Mouse Moved,325.0,835.0,User23,,
1490124082684,Mouse Moved,327.0,836.0,User23,,
1490124082698,Mouse Moved,330.0,837.0,User23,,
1490124082746,Mouse Moved,330.0,838.0,User23,,
1490124082762,Mouse Moved,332.0,839.0,User23,,
1490124082776,Mouse Moved,337.0,842.0,User23,,
1490124082808,Mouse Moved,340.0,843.0,User23,,
1490124082823,Mouse Moved,343.0,844.0,User23,,
1490124082839,Mouse Moved,348.0,845.0,User23,,
1490124082855,Mouse Moved,350.0,845.0,User23,,
1490124082871,Mouse Moved,355.0,845.0,User23,,
1490124082917,Mouse Moved,358.0,845.0,User23,,
1490124082963,Mouse Moved,361.0,845.0,User23,,
1490124082980,Mouse Moved,363.0,845.0,User23,,
1490124082996,Mouse Moved,364.0,845.0,User23,,
1490124083010,Mouse Moved,366.0,845.0,User23,,
1490124083026,Mouse Moved,367.0,845.0,User23,,
1490124083042,Mouse Moved,370.0,846.0,User23,,
1490124083073,Mouse Moved,371.0,846.0,User23,,
1490124083088,Mouse Moved,372.0,847.0,User23,,
1490124083105,Mouse Moved,373.0,847.0,User23,,
1490124083119,Mouse Moved,377.0,848.0,User23,,
1490124083135,Mouse Moved,377.0,849.0,User23,,
1490124083151,Mouse Moved,378.0,849.0,User23,,
1490124083431,Mouse Moved,381.0,846.0,User23,,
1490124083463,Mouse Moved,386.0,840.0,User23,,
1490124083479,Mouse Moved,410.0,817.0,User23,,
1490124083509,Mouse Moved,501.0,707.0,User23,,
1490124083526,Mouse Moved,542.0,663.0,User23,,
1490124083542,Mouse Moved,640.0,566.0,User23,,
1490124083556,Mouse Moved,692.0,523.0,User23,,
1490124083572,Mouse Moved,695.0,521.0,User23,,
1490124083588,Mouse Moved,698.0,519.0,User23,,
1490124083604,Mouse Moved,698.0,517.0,User23,,
1490124083619,Mouse Moved,699.0,516.0,User23,,
1490124086302,Mouse Moved,700.0,516.0,User23,,
1490124086318,Mouse Moved,701.0,516.0,User23,,
1490124086334,Mouse Moved,702.0,516.0,User23,,
1490124086349,Mouse Moved,704.0,516.0,User23,,
1490124086365,Mouse Moved,706.0,516.0,User23,,
1490124086381,Mouse Moved,707.0,515.0,User23,,
1490124086411,Mouse Moved,710.0,515.0,User23,,
1490124086427,Mouse Moved,711.0,515.0,User23,,
1490124086459,Mouse Moved,712.0,515.0,User23,,
1490124086473,Mouse Moved,713.0,515.0,User23,,
1490124086506,Mouse Moved,714.0,516.0,User23,,
1490124086520,Mouse Moved,714.0,517.0,User23,,
1490124086536,Mouse Moved,716.0,519.0,User23,,
1490124086552,Mouse Moved,718.0,522.0,User23,,
1490124086568,Mouse Moved,719.0,524.0,User23,,
1490124086584,Mouse Moved,720.0,525.0,User23,,
1490124086598,Mouse Moved,720.0,526.0,User23,,
1490124086927,Mouse Moved,720.0,526.0,User23,,
1490124087036,Mouse Moved,720.0,526.0,User23,,
1490124088128,Mouse Moved,722.0,526.0,User23,,
1490124088144,Mouse Moved,729.0,526.0,User23,,
1490124088158,Mouse Moved,732.0,527.0,User23,,
1490124088174,Mouse Moved,743.0,527.0,User23,,
1490124088190,Mouse Moved,763.0,531.0,User23,,
1490124088206,Mouse Moved,789.0,535.0,User23,,
1490124088236,Mouse Moved,796.0,535.0,User23,,
1490124088253,Mouse Moved,809.0,538.0,User23,,
1490124088267,Mouse Moved,813.0,538.0,User23,,
1490124088283,Mouse Moved,815.0,538.0,User23,,
1490124088299,Mouse Moved,816.0,538.0,User23,,
1490124088331,Mouse Moved,817.0,538.0,User23,,
1490124088361,Mouse Moved,817.0,538.0,User23,,
1490124088440,Mouse Moved,817.0,538.0,User23,,
1490124088891,Mouse Moved,817.0,536.0,User23,,
1490124088907,Mouse Moved,816.0,536.0,User23,,
1490124088924,Mouse Moved,812.0,532.0,User23,,
1490124088938,Mouse Moved,803.0,522.0,User23,,
1490124088954,Mouse Moved,799.0,516.0,User23,,
1490124088970,Mouse Moved,793.0,505.0,User23,,
1490124089095,Mouse Moved,792.0,502.0,User23,,
1490124089111,Mouse Moved,791.0,493.0,User23,,
1490124089141,Mouse Moved,801.0,471.0,User23,,
1490124089173,Mouse Moved,810.0,464.0,User23,,
1490124089203,Mouse Moved,823.0,454.0,User23,,
1490124089236,Mouse Moved,841.0,446.0,User23,,
1490124089282,Mouse Moved,862.0,434.0,User23,,
1490124089298,Mouse Moved,925.0,396.0,User23,,
1490124089328,Mouse Moved,941.0,386.0,User23,,
1490124089345,Mouse Moved,946.0,382.0,User23,,
1490124089407,Mouse Moved,953.0,374.0,User23,,
1490124089423,Mouse Moved,959.0,368.0,User23,,
1490124089437,Mouse Moved,963.0,359.0,User23,,
1490124089548,Mouse Moved,964.0,353.0,User23,,
1490124089562,Mouse Moved,964.0,351.0,User23,,
1490124089578,Mouse Moved,959.0,324.0,User23,,
1490124089594,Mouse Moved,956.0,312.0,User23,,
1490124089609,Mouse Moved,954.0,306.0,User23,,
1490124089625,Mouse Moved,950.0,294.0,User23,,
1490124089641,Mouse Moved,948.0,290.0,User23,,
1490124089766,Mouse Moved,947.0,290.0,User23,,
1490124089782,Mouse Moved,940.0,299.0,User23,,
1490124089796,Mouse Moved,800.0,530.0,User23,,
1490124089891,Mouse Moved,795.0,536.0,User23,,
1490124089905,Mouse Moved,788.0,545.0,User23,,
1490124090078,Mouse Moved,779.0,550.0,User23,,
1490124090094,Mouse Moved,760.0,540.0,User23,,
1490124090108,Mouse Moved,754.0,537.0,User23,,
1490124090125,Mouse Moved,742.0,533.0,User23,,
1490124090140,Mouse Moved,739.0,532.0,User23,,
1490124090155,Mouse Moved,736.0,531.0,User23,,
1490124090187,Mouse Moved,734.0,531.0,User23,,
1490124090203,Mouse Moved,734.0,530.0,User23,,
1490124090328,Mouse Moved,733.0,528.0,User23,,
1490124090342,Mouse Moved,734.0,529.0,User23,,
1490124090483,Mouse Moved,734.0,529.0,User23,,
1490124090640,Mouse Moved,734.0,529.0,User23,,
1490124091200,Mouse Moved,734.0,526.0,User23,,
1490124091217,Mouse Moved,756.0,485.0,User23,,
1490124091342,Mouse Moved,792.0,422.0,User23,,
1490124091357,Mouse Moved,812.0,370.0,User23,,
1490124091388,Mouse Moved,816.0,357.0,User23,,
1490124091404,Mouse Moved,816.0,356.0,User23,,
1490124091621,Mouse Moved,816.0,357.0,User23,,
1490124091638,Mouse Moved,816.0,358.0,User23,,
1490124091668,Mouse Moved,816.0,359.0,User23,,
1490124091684,Mouse Moved,816.0,362.0,User23,,
1490124091716,Mouse Moved,816.0,363.0,User23,,
1490124091746,Mouse Moved,816.0,365.0,User23,,
1490124091793,Mouse Moved,816.0,366.0,User23,,
1490124091809,Mouse Moved,816.0,368.0,User23,,
1490124091841,Mouse Moved,816.0,369.0,User23,,
1490124091855,Mouse Moved,816.0,370.0,User23,,
1490124091871,Mouse Moved,816.0,371.0,User23,,
1490124091903,Mouse Moved,816.0,372.0,User23,,
1490124092012,Mouse Moved,815.0,373.0,User23,,
1490124092028,Mouse Button.left Pressed,815.0,373.0,User23,,
1490124092121,Mouse Moved,815.0,373.0,User23,,
1490124092401,Mouse Moved,816.0,370.0,User23,,
1490124092434,Mouse Moved,814.0,365.0,User23,,
1490124092448,Mouse Moved,813.0,359.0,User23,,
1490124092464,Mouse Moved,812.0,358.0,User23,,
1490124092480,Mouse Moved,811.0,356.0,User23,,
1490124092496,Mouse Moved,810.0,353.0,User23,,
1490124092512,Mouse Moved,808.0,350.0,User23,,
1490124092526,Mouse Moved,807.0,349.0,User23,,
1490124092542,Mouse Moved,806.0,346.0,User23,,
1490124092558,Mouse Moved,806.0,345.0,User23,,
1490124092573,Mouse Moved,804.0,342.0,User23,,
1490124092589,Mouse Moved,804.0,341.0,User23,,
1490124092605,Mouse Moved,804.0,340.0,User23,,
1490124092621,Mouse Moved,804.0,339.0,User23,,
1490124092635,Mouse Moved,803.0,338.0,User23,,
1490124092713,Mouse Moved,803.0,337.0,User23,,
1490124093292,Mouse Moved,802.0,337.0,User23,,
1490124094773,Mouse Moved,802.0,338.0,User23,,
1490124094851,Mouse Moved,802.0,338.0,User23,,
1490124100513,Mouse Moved,802.0,339.0,User23,,
1490124100529,Mouse Moved,802.0,341.0,User23,,
1490124100546,Mouse Moved,802.0,342.0,User23,,
1490124100561,Mouse Moved,802.0,346.0,User23,,
1490124100576,Mouse Moved,802.0,348.0,User23,,
1490124100592,Mouse Moved,802.0,350.0,User23,,
1490124100608,Mouse Moved,802.0,355.0,User23,,
1490124100624,Mouse Moved,802.0,357.0,User23,,
1490124100638,Mouse Moved,802.0,359.0,User23,,
1490124100654,Mouse Moved,802.0,361.0,User23,,
1490124100670,Mouse Moved,802.0,362.0,User23,,
1490124100717,Mouse Moved,802.0,363.0,User23,,
1490124100763,Mouse Moved,802.0,364.0,User23,,
1490124100811,Mouse Moved,802.0,365.0,User23,,
1490124100842,Mouse Moved,802.0,366.0,User23,,
1490124100904,Mouse Moved,802.0,367.0,User23,,
1490124101621,Mouse Moved,802.0,367.0,User23,,
1490124101762,Mouse Moved,802.0,367.0,User23,,
1490124102385,Mouse Moved,801.0,368.0,User23,,
1490124102401,Mouse Moved,801.0,370.0,User23,,
1490124102417,Mouse Moved,801.0,372.0,User23,,
1490124102433,Mouse Moved,800.0,376.0,User23,,
1490124102448,Mouse Moved,800.0,378.0,User23,,
1490124102463,Mouse Moved,799.0,382.0,User23,,
1490124102496,Mouse Moved,799.0,393.0,User23,,
1490124102526,Mouse Moved,799.0,397.0,User23,,
1490124102558,Mouse Moved,799.0,400.0,User23,,
1490124102573,Mouse Moved,799.0,402.0,User23,,
1490124102588,Mouse Moved,799.0,404.0,User23,,
1490124102635,Mouse Moved,799.0,405.0,User23,,
1490124102697,Mouse Moved,799.0,406.0,User23,,
1490124102713,Mouse Moved,799.0,407.0,User23,,
1490124103026,Mouse Moved,799.0,406.0,User23,,
1490124103042,Mouse Moved,799.0,406.0,User23,,
1490124103165,Mouse Moved,799.0,406.0,User23,,
1490124109375,Mouse Moved,799.0,408.0,User23,,
1490124109391,Mouse Moved,799.0,423.0,User23,,
1490124109500,Mouse Moved,799.0,424.0,User23,,
1490124109530,Mouse Moved,799.0,434.0,User23,,
1490124109546,Mouse Moved,799.0,443.0,User23,,
1490124109562,Mouse Moved,799.0,445.0,User23,,
1490124109671,Mouse Moved,799.0,447.0,User23,,
1490124109687,Mouse Moved,799.0,450.0,User23,,
1490124109828,Mouse Moved,799.0,457.0,User23,,
1490124110140,Mouse Moved,799.0,457.0,User23,,
1490124110154,Mouse Moved,799.0,457.0,User23,,
1490124110388,Mouse Moved,799.0,458.0,User23,,
1490124110404,Mouse Moved,799.0,461.0,User23,,
1490124110420,Mouse Moved,799.0,466.0,User23,,
1490124110436,Mouse Moved,798.0,469.0,User23,,
1490124110451,Mouse Moved,797.0,473.0,User23,,
1490124110467,Mouse Moved,797.0,477.0,User23,,
1490124110483,Mouse Moved,797.0,483.0,User23,,
1490124110497,Mouse Moved,796.0,486.0,User23,,
1490124110513,Mouse Moved,796.0,487.0,User23,,
1490124110575,Mouse Moved,796.0,488.0,User23,,
1490124110592,Mouse Moved,796.0,489.0,User23,,
1490124110608,Mouse Moved,796.0,490.0,User23,,
1490124110638,Mouse Moved,796.0,491.0,User23,,
1490124110670,Mouse Moved,796.0,492.0,User23,,
1490124110825,Mouse Moved,796.0,493.0,User23,,
1490124111075,Mouse Moved,797.0,492.0,User23,,
1490124111091,Mouse Moved,799.0,491.0,User23,,
1490124111107,Mouse Moved,806.0,486.0,User23,,
1490124111121,Mouse Moved,813.0,483.0,User23,,
1490124111138,Mouse Moved,841.0,475.0,User23,,
1490124111154,Mouse Moved,877.0,478.0,User23,,
1490124111168,Mouse Moved,890.0,480.0,User23,,
1490124111184,Mouse Moved,916.0,494.0,User23,,
1490124111200,Mouse Moved,925.0,499.0,User23,,
1490124111216,Mouse Moved,930.0,502.0,User23,,
1490124111496,Mouse Moved,933.0,498.0,User23,,
1490124111512,Mouse Moved,937.0,494.0,User23,,
1490124111528,Mouse Moved,968.0,460.0,User23,,
1490124111543,Mouse Moved,980.0,446.0,User23,,
1490124111559,Mouse Moved,985.0,441.0,User23,,
1490124111575,Mouse Moved,989.0,438.0,User23,,
1490124111589,Mouse Moved,993.0,434.0,User23,,
1490124111605,Mouse Moved,994.0,433.0,User23,,
1490124111621,Mouse Moved,996.0,432.0,User23,,
1490124112105,Mouse Moved,998.0,431.0,User23,,
1490124112121,Mouse Moved,1000.0,430.0,User23,,
1490124112135,Mouse Moved,1007.0,429.0,User23,,
1490124112151,Mouse Moved,1011.0,429.0,User23,,
1490124112167,Mouse Moved,1014.0,429.0,User23,,
1490124112183,Mouse Moved,1015.0,429.0,User23,,
1490124112198,Mouse Moved,1017.0,429.0,User23,,
1490124113696,Mouse Moved,1017.0,429.0,User23,,
1490124116068,Mouse Moved,1017.0,429.0,User23,,
1490124116114,Mouse Moved,1017.0,429.0,User23,,
1490124116130,Mouse Scrolled (0 -1),1017.0,429.0,User23,,
1490124116177,Mouse Moved,1017.0,429.0,User23,,
1490124117190,Mouse Moved,1017.0,429.0,User23,,
1490124118407,Mouse Moved,1017.0,429.0,User23,,
1490124119467,Mouse Moved,1014.0,429.0,User23,,
1490124119483,Mouse Moved,1009.0,429.0,User23,,
1490124119500,Mouse Moved,981.0,433.0,User23,,
1490124119608,Mouse Moved,956.0,434.0,User23,,
1490124119624,Mouse Moved,905.0,443.0,User23,,
1490124119640,Mouse Moved,860.0,475.0,User23,,
1490124119655,Mouse Moved,858.0,477.0,User23,,
1490124119687,Mouse Moved,856.0,477.0,User23,,
1490124119983,Mouse Moved,855.0,477.0,User23,,
1490124119999,Mouse Moved,829.0,494.0,User23,,
1490124120013,Mouse Moved,825.0,496.0,User23,,
1490124120170,Mouse Moved,824.0,496.0,User23,,
1490124120217,Mouse Moved,824.0,497.0,User23,,
1490124120311,Mouse Moved,824.0,497.0,User23,,
1490124121637,Mouse Moved,826.0,497.0,User23,,
1490124121651,Mouse Moved,832.0,495.0,User23,,
1490124121667,Mouse Moved,856.0,482.0,User23,,
1490124121684,Mouse Moved,870.0,476.0,User23,,
1490124121698,Mouse Moved,900.0,460.0,User23,,
1490124121714,Mouse Moved,915.0,456.0,User23,,
1490124121730,Mouse Moved,937.0,451.0,User23,,
1490124121746,Mouse Moved,947.0,449.0,User23,,
1490124121762,Mouse Moved,962.0,447.0,User23,,
1490124121776,Mouse Moved,972.0,447.0,User23,,
1490124121792,Mouse Moved,988.0,447.0,User23,,
1490124121808,Mouse Moved,994.0,447.0,User23,,
1490124121823,Mouse Moved,999.0,447.0,User23,,
1490124121839,Mouse Moved,1000.0,447.0,User23,,
1490124123789,Mouse Moved,1001.0,447.0,User23,,
1490124133696,Mouse Moved,996.0,445.0,User23,,
1490124133710,Mouse Moved,962.0,436.0,User23,,
1490124133726,Mouse Moved,951.0,434.0,User23,,
1490124133742,Mouse Moved,930.0,430.0,User23,,
1490124133757,Mouse Moved,922.0,428.0,User23,,
1490124133773,Mouse Moved,915.0,428.0,User23,,
1490124133789,Mouse Moved,901.0,425.0,User23,,
1490124133805,Mouse Moved,894.0,424.0,User23,,
1490124133819,Mouse Moved,879.0,423.0,User23,,
1490124133835,Mouse Moved,873.0,421.0,User23,,
1490124133851,Mouse Moved,866.0,421.0,User23,,
1490124133867,Mouse Moved,863.0,421.0,User23,,
1490124133882,Mouse Moved,862.0,421.0,User23,,
1490124133898,Mouse Moved,861.0,421.0,User23,,
1490124133914,Mouse Moved,860.0,421.0,User23,,
1490124133930,Mouse Moved,859.0,421.0,User23,,
1490124133944,Mouse Moved,858.0,421.0,User23,,
1490124133976,Mouse Moved,857.0,421.0,User23,,
1490124134007,Mouse Moved,856.0,422.0,User23,,
1490124134023,Mouse Moved,856.0,423.0,User23,,
1490124134039,Mouse Moved,854.0,423.0,User23,,
1490124134053,Mouse Moved,853.0,424.0,User23,,
1490124134069,Mouse Moved,850.0,425.0,User23,,
1490124134085,Mouse Moved,846.0,428.0,User23,,
1490124134101,Mouse Moved,842.0,430.0,User23,,
1490124134117,Mouse Moved,838.0,431.0,User23,,
1490124134131,Mouse Moved,836.0,432.0,User23,,
1490124134148,Mouse Moved,834.0,433.0,User23,,
1490124134164,Mouse Moved,833.0,433.0,User23,,
1490124134194,Mouse Moved,830.0,434.0,User23,,
1490124134210,Mouse Moved,827.0,435.0,User23,,
1490124134226,Mouse Moved,826.0,436.0,User23,,
1490124134444,Mouse Moved,825.0,437.0,User23,,
1490124134460,Mouse Moved,820.0,439.0,User23,,
1490124134476,Mouse Moved,818.0,439.0,User23,,
1490124134490,Mouse Moved,814.0,440.0,User23,,
1490124134506,Mouse Moved,812.0,440.0,User23,,
1490124134522,Mouse Button.left Pressed,812.0,440.0,User23,,
1490124134615,Mouse Moved,812.0,440.0,User23,,
1490124135411,Mouse Moved,813.0,441.0,User23,,
1490124135427,Mouse Moved,822.0,441.0,User23,,
1490124135443,Mouse Moved,849.0,434.0,User23,,
1490124135457,Mouse Moved,891.0,423.0,User23,,
1490124135473,Mouse Moved,929.0,412.0,User23,,
1490124135490,Mouse Moved,944.0,410.0,User23,,
1490124135505,Mouse Moved,982.0,410.0,User23,,
1490124135520,Mouse Moved,989.0,410.0,User23,,
1490124135536,Mouse Moved,1000.0,410.0,User23,,
1490124135552,Mouse Moved,1013.0,410.0,User23,,
1490124135568,Mouse Moved,1018.0,410.0,User23,,
1490124135582,Mouse Moved,1023.0,410.0,User23,,
1490124135598,Mouse Moved,1025.0,410.0,User23,,
1490124135614,Mouse Moved,1027.0,411.0,User23,,
1490124135630,Mouse Moved,1027.0,412.0,User23,,
1490124136036,Mouse Moved,1029.0,413.0,User23,,
1490124136051,Mouse Moved,1035.0,413.0,User23,,
1490124136066,Mouse Moved,1043.0,417.0,User23,,
1490124136082,Mouse Moved,1054.0,420.0,User23,,
1490124136098,Mouse Moved,1060.0,422.0,User23,,
1490124136114,Mouse Moved,1068.0,425.0,User23,,
1490124136128,Mouse Moved,1070.0,426.0,User23,,
1490124136144,Mouse Moved,1075.0,428.0,User23,,
1490124136176,Mouse Moved,1077.0,428.0,User23,,
1490124136582,Mouse Moved,1081.0,430.0,User23,,
1490124137361,Mouse Moved,1082.0,430.0,User23,,
1490124137377,Mouse Moved,1084.0,430.0,User23,,
1490124137392,Mouse Moved,1088.0,430.0,User23,,
1490124137407,Mouse Moved,1090.0,430.0,User23,,
1490124137424,Mouse Moved,1101.0,426.0,User23,,
1490124137440,Mouse Moved,1108.0,424.0,User23,,
1490124137454,Mouse Moved,1112.0,423.0,User23,,
1490124137470,Mouse Moved,1117.0,422.0,User23,,
1490124137486,Mouse Moved,1120.0,422.0,User23,,
1490124137502,Mouse Moved,1122.0,422.0,User23,,
1490124137517,Mouse Moved,1124.0,422.0,User23,,
1490124137532,Mouse Moved,1125.0,422.0,User23,,
1490124137549,Mouse Moved,1126.0,422.0,User23,,
1490124137563,Mouse Moved,1128.0,422.0,User23,,
1490124137595,Mouse Moved,1133.0,423.0,User23,,
1490124137611,Mouse Moved,1136.0,424.0,User23,,
1490124137641,Mouse Moved,1137.0,424.0,User23,,
1490124137688,Mouse Moved,1138.0,424.0,User23,,
1490124137720,Mouse Moved,1139.0,424.0,User23,,
1490124137736,Mouse Moved,1139.0,425.0,User23,,
1490124137766,Mouse Moved,1140.0,426.0,User23,,
1490124137798,Mouse Moved,1141.0,428.0,User23,,
1490124137813,Mouse Moved,1142.0,428.0,User23,,
1490124137829,Mouse Moved,1143.0,429.0,User23,,
1490124137861,Mouse Moved,1143.0,430.0,User23,,
1490124137875,Mouse Moved,1144.0,430.0,User23,,
1490124138298,Mouse Moved,1143.0,430.0,User23,,
1490124138312,Mouse Moved,1142.0,430.0,User23,,
1490124138328,Mouse Moved,1141.0,430.0,User23,,
1490124138344,Mouse Moved,1140.0,430.0,User23,,
1490124138359,Mouse Moved,1139.0,430.0,User23,,
1490124138391,Mouse Moved,1137.0,429.0,User23,,
1490124138532,Mouse Moved,1136.0,429.0,User23,,
1490124138844,Mouse Moved,1134.0,429.0,User23,,
1490124138967,Mouse Moved,1131.0,437.0,User23,,
1490124138983,Mouse Moved,1130.0,438.0,User23,,
1490124139030,Mouse Moved,1128.0,443.0,User23,,
1490124139279,Mouse Moved,1128.0,444.0,User23,,
1490124139358,Mouse Moved,1129.0,444.0,User23,,
1490124139499,Mouse Moved,1129.0,445.0,User23,,
1490124139513,Mouse Moved,1134.0,445.0,User23,,
1490124139529,Mouse Moved,1158.0,446.0,User23,,
1490124139546,Mouse Moved,1160.0,446.0,User23,,
1490124139561,Mouse Moved,1164.0,446.0,User23,,
1490124139576,Mouse Moved,1171.0,445.0,User23,,
1490124139592,Mouse Moved,1173.0,444.0,User23,,
1490124139608,Mouse Moved,1177.0,444.0,User23,,
1490124139624,Mouse Moved,1179.0,444.0,User23,,
1490124139638,Mouse Moved,1182.0,444.0,User23,,
1490124139654,Mouse Moved,1184.0,444.0,User23,,
1490124139670,Mouse Moved,1186.0,444.0,User23,,
1490124139795,Mouse Moved,1188.0,444.0,User23,,
1490124139811,Mouse Moved,1192.0,444.0,User23,,
1490124139920,Mouse Moved,1194.0,444.0,User23,,
1490124139936,Mouse Moved,1199.0,444.0,User23,,
1490124139967,Mouse Moved,1200.0,444.0,User23,,
1490124140092,Mouse Moved,1201.0,444.0,User23,,
1490124140107,Mouse Moved,1202.0,444.0,User23,,
1490124140232,Mouse Moved,1203.0,444.0,User23,,
1490124140247,Mouse Moved,1203.0,445.0,User23,,
1490124140279,Mouse Moved,1204.0,445.0,User23,,
1490124140404,Mouse Moved,1204.0,446.0,User23,,
1490124140716,Mouse Moved,1205.0,446.0,User23,,
1490124140730,Mouse Moved,1205.0,446.0,User23,,
1490124141105,Mouse Moved,1204.0,446.0,User23,,
1490124141121,Mouse Moved,1201.0,446.0,User23,,
1490124141137,Mouse Moved,1183.0,446.0,User23,,
1490124141151,Mouse Moved,1180.0,446.0,User23,,
1490124141167,Mouse Moved,1178.0,446.0,User23,,
1490124141184,Mouse Moved,1174.0,446.0,User23,,
1490124141308,Mouse Moved,1172.0,446.0,User23,,
1490124141323,Mouse Moved,1167.0,446.0,User23,,
1490124141339,Mouse Moved,1164.0,446.0,User23,,
1490124141792,Mouse Moved,1164.0,446.0,User23,,
1490124143009,Mouse Moved,1164.0,446.0,User23,,
1490124143023,Mouse Scrolled (0 -1),1164.0,446.0,User23,,
1490124152773,Mouse Moved,1163.0,446.0,User23,,
1490124152789,Mouse Moved,1160.0,446.0,User23,,
1490124152805,Mouse Moved,1159.0,444.0,User23,,
1490124152821,Mouse Moved,1156.0,443.0,User23,,
1490124152836,Mouse Moved,1155.0,443.0,User23,,
1490124152868,Mouse Moved,1154.0,443.0,User23,,
1490124155411,Mouse Moved,1153.0,443.0,User23,,
1490124155426,Mouse Moved,1148.0,444.0,User23,,
1490124155441,Mouse Moved,1116.0,444.0,User23,,
1490124155457,Mouse Moved,1080.0,444.0,User23,,
1490124155473,Mouse Moved,994.0,444.0,User23,,
1490124155489,Mouse Moved,957.0,440.0,User23,,
1490124155503,Mouse Moved,863.0,421.0,User23,,
1490124155519,Mouse Moved,856.0,417.0,User23,,
1490124155551,Mouse Moved,849.0,415.0,User23,,
1490124155566,Mouse Moved,834.0,408.0,User23,,
1490124155598,Mouse Moved,832.0,408.0,User23,,
1490124155862,Mouse Moved,830.0,407.0,User23,,
1490124155878,Mouse Moved,828.0,407.0,User23,,
1490124155894,Mouse Moved,825.0,407.0,User23,,
1490124155926,Mouse Moved,822.0,407.0,User23,,
1490124155940,Mouse Moved,820.0,407.0,User23,,
1490124156003,Mouse Moved,819.0,407.0,User23,,
1490124157266,Mouse Moved,822.0,407.0,User23,,
1490124157282,Mouse Moved,838.0,408.0,User23,,
1490124157298,Mouse Moved,877.0,411.0,User23,,
1490124157313,Mouse Moved,900.0,414.0,User23,,
1490124157329,Mouse Moved,968.0,424.0,User23,,
1490124157345,Mouse Moved,1005.0,435.0,User23,,
1490124157361,Mouse Moved,1022.0,444.0,User23,,
1490124157375,Mouse Moved,1036.0,450.0,User23,,
1490124157391,Mouse Moved,1043.0,452.0,User23,,
1490124157407,Mouse Moved,1047.0,453.0,User23,,
1490124157423,Mouse Moved,1054.0,454.0,User23,,
1490124157703,Mouse Moved,1057.0,453.0,User23,,
1490124157720,Mouse Moved,1060.0,450.0,User23,,
1490124157734,Mouse Moved,1068.0,446.0,User23,,
1490124157750,Mouse Moved,1081.0,439.0,User23,,
1490124157766,Mouse Moved,1095.0,434.0,User23,,
1490124157782,Mouse Moved,1101.0,431.0,User23,,
1490124157798,Mouse Moved,1111.0,429.0,User23,,
1490124157812,Mouse Moved,1113.0,428.0,User23,,
1490124157828,Mouse Moved,1116.0,428.0,User23,,
1490124157859,Mouse Moved,1120.0,428.0,User23,,
1490124157875,Mouse Moved,1121.0,428.0,User23,,
1490124157891,Mouse Moved,1123.0,428.0,User23,,
1490124158453,Mouse Moved,1123.0,429.0,User23,,
1490124158467,Mouse Moved,1123.0,430.0,User23,,
1490124158483,Mouse Moved,1123.0,433.0,User23,,
1490124158500,Mouse Moved,1123.0,435.0,User23,,
1490124158515,Mouse Moved,1121.0,436.0,User23,,
1490124158530,Mouse Moved,1121.0,437.0,User23,,
1490124158546,Mouse Moved,1120.0,437.0,User23,,
1490124158562,Mouse Moved,1120.0,438.0,User23,,
1490124158578,Mouse Moved,1119.0,438.0,User23,,
1490124158608,Mouse Moved,1118.0,438.0,User23,,
1490124158640,Mouse Moved,1117.0,436.0,User23,,
1490124158671,Mouse Moved,1117.0,430.0,User23,,
1490124158687,Mouse Moved,1118.0,427.0,User23,,
1490124158701,Mouse Moved,1123.0,419.0,User23,,
1490124158842,Mouse Moved,1126.0,417.0,User23,,
1490124159138,Mouse Moved,1126.0,416.0,User23,,
1490124159247,Mouse Moved,1124.0,414.0,User23,,
1490124159263,Mouse Moved,1118.0,410.0,User23,,
1490124159279,Mouse Moved,1111.0,402.0,User23,,
1490124161401,Mouse Moved,1111.0,404.0,User23,,
1490124161417,Mouse Moved,1112.0,406.0,User23,,
1490124161431,Mouse Moved,1116.0,416.0,User23,,
1490124161447,Mouse Moved,1119.0,425.0,User23,,
1490124161463,Mouse Moved,1122.0,432.0,User23,,
1490124161479,Mouse Moved,1128.0,449.0,User23,,
1490124161494,Mouse Moved,1130.0,455.0,User23,,
1490124161509,Mouse Moved,1132.0,463.0,User23,,
1490124161526,Mouse Moved,1134.0,471.0,User23,,
1490124161542,Mouse Moved,1135.0,473.0,User23,,
1490124161556,Mouse Moved,1135.0,476.0,User23,,
1490124161572,Mouse Moved,1135.0,479.0,User23,,
1490124162055,Mouse Moved,1134.0,478.0,User23,,
1490124162072,Mouse Moved,1134.0,477.0,User23,,
1490124162088,Mouse Moved,1131.0,467.0,User23,,
1490124162102,Mouse Moved,1129.0,462.0,User23,,
1490124162118,Mouse Moved,1129.0,460.0,User23,,
1490124162134,Mouse Moved,1128.0,458.0,User23,,
1490124162150,Mouse Moved,1127.0,456.0,User23,,
1490124162493,Mouse Moved,1128.0,456.0,User23,,
1490124162523,Mouse Moved,1128.0,456.0,User23,,
1490124162571,Mouse Moved,1128.0,456.0,User23,,
1490124162586,Mouse Scrolled (0 -1),1128.0,456.0,User23,,
1490124163678,Mouse Moved,1128.0,456.0,User23,,
1490124163694,Mouse Scrolled (0 1),1128.0,456.0,User23,,
1490124163772,Mouse Moved,1128.0,456.0,User23,,
1490124163927,Mouse Moved,1128.0,456.0,User23,,
1490124164677,Mouse Moved,1130.0,453.0,User23,,
1490124164693,Mouse Moved,1132.0,451.0,User23,,
1490124164707,Mouse Moved,1138.0,446.0,User23,,
1490124164723,Mouse Moved,1141.0,443.0,User23,,
1490124164740,Mouse Moved,1146.0,440.0,User23,,
1490124164755,Mouse Moved,1147.0,438.0,User23,,
1490124164770,Mouse Moved,1148.0,438.0,User23,,
1490124164786,Mouse Moved,1149.0,437.0,User23,,
1490124164818,Mouse Moved,1149.0,436.0,User23,,
1490124164848,Mouse Moved,1149.0,434.0,User23,,
1490124164864,Mouse Moved,1147.0,433.0,User23,,
1490124164880,Mouse Moved,1145.0,428.0,User23,,
1490124164895,Mouse Moved,1143.0,427.0,User23,,
1490124164911,Mouse Moved,1143.0,426.0,User23,,
1490124164927,Mouse Moved,1142.0,425.0,User23,,
1490124164941,Mouse Moved,1141.0,424.0,User23,,
1490124164973,Mouse Moved,1139.0,421.0,User23,,
1490124165005,Mouse Moved,1137.0,418.0,User23,,
1490124165019,Mouse Moved,1137.0,417.0,User23,,
1490124165036,Mouse Moved,1136.0,416.0,User23,,
1490124165066,Mouse Moved,1135.0,414.0,User23,,
1490124165114,Mouse Moved,1135.0,413.0,User23,,
1490124165301,Mouse Moved,1135.0,412.0,User23,,
1490124165316,Mouse Moved,1135.0,411.0,User23,,
1490124165332,Mouse Moved,1134.0,408.0,User23,,
1490124165348,Mouse Moved,1134.0,407.0,User23,,
1490124165364,Mouse Moved,1133.0,406.0,User23,,
1490124165378,Mouse Moved,1133.0,405.0,User23,,
1490124165426,Mouse Moved,1133.0,404.0,User23,,
1490124165457,Mouse Moved,1133.0,403.0,User23,,
1490124165565,Mouse Moved,1133.0,402.0,User23,,
1490124165598,Mouse Moved,1132.0,402.0,User23,,
1490124165612,Mouse Moved,1132.0,401.0,User23,,
1490124165676,Mouse Moved,1132.0,400.0,User23,,
1490124165690,Mouse Moved,1131.0,400.0,User23,,
1490124165737,Mouse Moved,1131.0,399.0,User23,,
1490124165769,Mouse Moved,1131.0,400.0,User23,,
1490124165832,Mouse Moved,1131.0,399.0,User23,,
1490124165862,Mouse Moved,1132.0,398.0,User23,,
1490124165878,Mouse Moved,1134.0,398.0,User23,,
1490124165894,Mouse Moved,1138.0,398.0,User23,,
1490124165910,Mouse Moved,1141.0,398.0,User23,,
1490124165924,Mouse Moved,1145.0,397.0,User23,,
1490124165940,Mouse Moved,1148.0,397.0,User23,,
1490124165956,Mouse Moved,1154.0,397.0,User23,,
1490124165971,Mouse Moved,1161.0,397.0,User23,,
1490124166361,Mouse Moved,1165.0,397.0,User23,,
1490124166378,Mouse Moved,1186.0,398.0,User23,,
1490124166456,Mouse Moved,1198.0,398.0,User23,,
1490124166470,Mouse Moved,1207.0,398.0,User23,,
1490124166970,Mouse Moved,1212.0,398.0,User23,,
1490124166986,Mouse Moved,1211.0,398.0,User23,,
1490124167002,Mouse Moved,1210.0,398.0,User23,,
1490124167032,Mouse Moved,1209.0,398.0,User23,,
1490124167048,Mouse Moved,1207.0,397.0,User23,,
1490124167063,Mouse Moved,1206.0,397.0,User23,,
1490124167095,Mouse Moved,1205.0,397.0,User23,,
1490124167141,Mouse Moved,1204.0,397.0,User23,,
1490124167203,Mouse Moved,1203.0,397.0,User23,,
1490124167470,Mouse Moved,1204.0,398.0,User23,,
1490124167828,Mouse Moved,1204.0,398.0,User23,,
1490124167937,Mouse Moved,1204.0,398.0,User23,,
1490124168374,Mouse Moved,1205.0,397.0,User23,,
1490124168405,Mouse Moved,1206.0,397.0,User23,,
1490124168451,Mouse Moved,1207.0,397.0,User23,,
1490124168529,Mouse Moved,1207.0,398.0,User23,,
1490124168717,Mouse Moved,1205.0,397.0,User23,,
1490124168733,Mouse Moved,1172.0,397.0,User23,,
1490124168749,Mouse Moved,1168.0,397.0,User23,,
1490124168763,Mouse Moved,1161.0,397.0,User23,,
1490124168779,Mouse Moved,1154.0,397.0,User23,,
1490124168796,Mouse Moved,1149.0,397.0,User23,,
1490124168811,Mouse Moved,1143.0,397.0,User23,,
1490124168826,Mouse Moved,1140.0,397.0,User23,,
1490124168842,Mouse Moved,1136.0,397.0,User23,,
1490124168967,Mouse Moved,1133.0,397.0,User23,,
1490124168983,Mouse Moved,1132.0,397.0,User23,,
1490124168997,Mouse Moved,1122.0,397.0,User23,,
1490124169108,Mouse Moved,1120.0,397.0,User23,,
1490124169122,Mouse Moved,1119.0,397.0,User23,,
1490124169388,Mouse Moved,1121.0,397.0,User23,,
1490124169404,Mouse Moved,1126.0,397.0,User23,,
1490124169434,Mouse Moved,1127.0,397.0,User23,,
1490124169466,Mouse Moved,1129.0,397.0,User23,,
1490124169543,Mouse Moved,1130.0,397.0,User23,,
1490124169684,Mouse Moved,1131.0,397.0,User23,,
1490124170043,Mouse Moved,1130.0,398.0,User23,,
1490124170059,Mouse Moved,1130.0,398.0,User23,,
1490124170823,Mouse Moved,1129.0,400.0,User23,,
1490124170838,Mouse Moved,1118.0,407.0,User23,,
1490124170855,Mouse Moved,1073.0,416.0,User23,,
1490124170869,Mouse Moved,1038.0,425.0,User23,,
1490124170885,Mouse Moved,972.0,435.0,User23,,
1490124170901,Mouse Moved,945.0,435.0,User23,,
1490124170917,Mouse Moved,918.0,430.0,User23,,
1490124170933,Mouse Moved,887.0,427.0,User23,,
1490124170947,Mouse Moved,858.0,422.0,User23,,
1490124170963,Mouse Moved,853.0,419.0,User23,,
1490124170980,Mouse Moved,846.0,417.0,User23,,
1490124170994,Mouse Moved,839.0,416.0,User23,,
1490124171010,Mouse Moved,834.0,415.0,User23,,
1490124171244,Mouse Moved,832.0,413.0,User23,,
1490124171259,Mouse Moved,828.0,410.0,User23,,
1490124171276,Mouse Moved,823.0,407.0,User23,,
1490124171292,Mouse Moved,813.0,402.0,User23,,
1490124171306,Mouse Moved,805.0,398.0,User23,,
1490124171322,Mouse Moved,803.0,397.0,User23,,
1490124171338,Mouse Moved,799.0,395.0,User23,,
1490124171354,Mouse Moved,798.0,393.0,User23,,
1490124171384,Mouse Moved,795.0,392.0,User23,,
1490124171401,Mouse Moved,794.0,392.0,User23,,
1490124171415,Mouse Moved,793.0,392.0,User23,,
1490124171431,Mouse Moved,794.0,392.0,User23,,
1490124171447,Mouse Moved,794.0,392.0,User23,,
1490124171556,Mouse Moved,794.0,392.0,User23,,
1490124171572,Mouse Button.left Released,794.0,392.0,User23,,
1490124171947,Mouse Moved,790.0,388.0,User23,,
1490124171961,Mouse Moved,787.0,385.0,User23,,
1490124171977,Mouse Moved,781.0,378.0,User23,,
1490124171993,Mouse Moved,778.0,375.0,User23,,
1490124172009,Mouse Moved,775.0,372.0,User23,,
1490124172025,Mouse Moved,773.0,370.0,User23,,
1490124172039,Mouse Moved,772.0,369.0,User23,,
1490124172055,Mouse Moved,771.0,368.0,User23,,
1490124172072,Mouse Moved,770.0,366.0,User23,,
1490124172134,Mouse Moved,769.0,366.0,User23,,
1490124172523,Mouse Moved,770.0,366.0,User23,,
1490124172601,Mouse Moved,770.0,366.0,User23,,
1490124173647,Mouse Moved,767.0,365.0,User23,,
1490124173663,Mouse Moved,766.0,364.0,User23,,
1490124173677,Mouse Moved,761.0,360.0,User23,,
1490124173694,Mouse Moved,756.0,355.0,User23,,
1490124173710,Mouse Moved,752.0,350.0,User23,,
1490124173724,Mouse Moved,750.0,348.0,User23,,
1490124173740,Mouse Moved,747.0,345.0,User23,,
1490124173756,Mouse Moved,746.0,344.0,User23,,
1490124173772,Mouse Moved,745.0,343.0,User23,,
1490124173802,Mouse Moved,743.0,342.0,User23,,
1490124173819,Mouse Moved,743.0,341.0,User23,,
1490124173834,Mouse Moved,742.0,340.0,User23,,
1490124173881,Mouse Moved,741.0,340.0,User23,,
1490124173897,Mouse Moved,742.0,340.0,User23,,
1490124173911,Mouse Moved,741.0,340.0,User23,,
1490124173990,Mouse Moved,741.0,340.0,User23,,
1490124174520,Mouse Moved,741.0,342.0,User23,,
1490124174536,Mouse Moved,741.0,349.0,User23,,
1490124174552,Mouse Moved,741.0,356.0,User23,,
1490124174568,Mouse Moved,742.0,362.0,User23,,
1490124174582,Mouse Moved,743.0,370.0,User23,,
1490124174598,Mouse Moved,744.0,373.0,User23,,
1490124174614,Mouse Moved,746.0,384.0,User23,,
1490124174630,Mouse Moved,750.0,400.0,User23,,
1490124174645,Mouse Moved,751.0,403.0,User23,,
1490124174661,Mouse Moved,751.0,406.0,User23,,
1490124174677,Mouse Moved,751.0,407.0,User23,,
1490124174691,Mouse Moved,752.0,408.0,User23,,
1490124174769,Mouse Moved,751.0,408.0,User23,,
1490124174786,Mouse Moved,751.0,408.0,User23,,
1490124174864,Mouse Moved,751.0,408.0,User23,,
1490124175706,Mouse Moved,752.0,411.0,User23,,
1490124175721,Mouse Moved,753.0,413.0,User23,,
1490124175737,Mouse Moved,754.0,419.0,User23,,
1490124175753,Mouse Moved,755.0,423.0,User23,,
1490124175769,Mouse Moved,756.0,429.0,User23,,
1490124175783,Mouse Moved,756.0,431.0,User23,,
1490124175799,Mouse Moved,756.0,433.0,User23,,
1490124175815,Mouse Moved,756.0,435.0,User23,,
1490124175846,Mouse Moved,757.0,437.0,User23,,
1490124175878,Mouse Moved,758.0,439.0,User23,,
1490124175894,Mouse Moved,758.0,440.0,User23,,
1490124175986,Mouse Moved,758.0,440.0,User23,,
1490124176003,Mouse Moved,759.0,441.0,User23,,
1490124176095,Mouse Moved,758.0,440.0,User23,,
1490124177048,Mouse Moved,760.0,441.0,User23,,
1490124177063,Mouse Moved,767.0,441.0,User23,,
1490124177078,Mouse Moved,773.0,441.0,User23,,
1490124177095,Mouse Moved,801.0,440.0,User23,,
1490124177109,Mouse Moved,818.0,434.0,User23,,
1490124177125,Mouse Moved,858.0,430.0,User23,,
1490124177141,Mouse Moved,870.0,430.0,User23,,
1490124177157,Mouse Moved,872.0,430.0,User23,,
1490124177173,Mouse Moved,881.0,430.0,User23,,
1490124177203,Mouse Moved,886.0,431.0,User23,,
1490124177220,Mouse Moved,887.0,431.0,User23,,
1490124177250,Mouse Moved,885.0,431.0,User23,,
1490124177266,Mouse Moved,882.0,431.0,User23,,
1490124177282,Mouse Moved,879.0,432.0,User23,,
1490124177298,Mouse Moved,874.0,432.0,User23,,
1490124177312,Mouse Moved,870.0,434.0,User23,,
1490124177328,Mouse Moved,862.0,437.0,User23,,
1490124177344,Mouse Moved,855.0,440.0,User23,,
1490124177359,Mouse Moved,852.0,443.0,User23,,
1490124177375,Mouse Moved,846.0,449.0,User23,,
1490124177391,Mouse Moved,841.0,457.0,User23,,
1490124177407,Mouse Moved,841.0,459.0,User23,,
1490124177421,Mouse Moved,839.0,464.0,User23,,
1490124177437,Mouse Moved,839.0,466.0,User23,,
1490124177469,Mouse Moved,838.0,469.0,User23,,
1490124177484,Mouse Moved,838.0,471.0,User23,,
1490124177500,Mouse Moved,837.0,472.0,User23,,
1490124177516,Mouse Moved,837.0,473.0,User23,,
1490124177532,Mouse Moved,837.0,474.0,User23,,
1490124177562,Mouse Moved,837.0,476.0,User23,,
1490124178670,Mouse Moved,838.0,475.0,User23,,
1490124178811,Mouse Moved,838.0,475.0,User23,,
1490124180683,Mouse Moved,829.0,476.0,User23,,
1490124180697,Mouse Moved,811.0,483.0,User23,,
1490124180713,Mouse Moved,719.0,496.0,User23,,
1490124180730,Mouse Moved,677.0,492.0,User23,,
1490124180744,Mouse Moved,574.0,488.0,User23,,
1490124180760,Mouse Moved,506.0,480.0,User23,,
1490124180776,Mouse Moved,478.0,479.0,User23,,
1490124180792,Mouse Moved,449.0,474.0,User23,,
1490124180808,Mouse Moved,434.0,472.0,User23,,
1490124180822,Mouse Moved,430.0,471.0,User23,,
1490124180838,Mouse Moved,420.0,468.0,User23,,
1490124180854,Mouse Moved,418.0,467.0,User23,,
1490124181056,Mouse Moved,411.0,467.0,User23,,
1490124181072,Mouse Moved,402.0,468.0,User23,,
1490124181088,Mouse Moved,376.0,474.0,User23,,
1490124181104,Mouse Moved,292.0,470.0,User23,,
1490124181119,Mouse Moved,212.0,454.0,User23,,
1490124181134,Mouse Moved,196.0,450.0,User23,,
1490124181151,Mouse Moved,151.0,447.0,User23,,
1490124181165,Mouse Moved,141.0,446.0,User23,,
1490124181181,Mouse Moved,136.0,445.0,User23,,
1490124181197,Mouse Moved,132.0,445.0,User23,,
1490124181213,Mouse Moved,128.0,445.0,User23,,
1490124181229,Mouse Moved,126.0,445.0,User23,,
1490124181493,Mouse Moved,124.0,443.0,User23,,
1490124181509,Mouse Moved,120.0,435.0,User23,,
1490124181525,Mouse Moved,116.0,426.0,User23,,
1490124181540,Mouse Moved,108.0,415.0,User23,,
1490124181555,Mouse Moved,99.0,402.0,User23,,
1490124181572,Mouse Moved,96.0,399.0,User23,,
1490124181588,Mouse Moved,87.0,387.0,User23,,
1490124181602,Mouse Moved,84.0,382.0,User23,,
1490124181618,Mouse Moved,81.0,377.0,User23,,
1490124181650,Mouse Moved,78.0,370.0,User23,,
1490124181680,Mouse Moved,75.0,367.0,User23,,
1490124181697,Mouse Moved,73.0,364.0,User23,,
1490124181711,Mouse Moved,71.0,363.0,User23,,
1490124181743,Mouse Moved,69.0,358.0,User23,,
1490124181759,Mouse Moved,67.0,355.0,User23,,
1490124181775,Mouse Moved,66.0,353.0,User23,,
1490124181789,Mouse Moved,64.0,351.0,User23,,
1490124181822,Mouse Moved,65.0,351.0,User23,,
1490124181914,Mouse Moved,65.0,351.0,User23,,
1490124181993,Mouse Moved,65.0,351.0,User23,,
1490124182071,Mouse Moved,65.0,351.0,User23,,
1490124183490,Mouse Moved,66.0,349.0,User23,,
1490124183506,Mouse Moved,77.0,339.0,User23,,
1490124183522,Mouse Moved,196.0,256.0,User23,,
1490124183538,Mouse Moved,266.0,212.0,User23,,
1490124183552,Mouse Moved,404.0,169.0,User23,,
1490124183569,Mouse Moved,429.0,168.0,User23,,
1490124183584,Mouse Moved,514.0,151.0,User23,,
1490124183599,Mouse Moved,526.0,151.0,User23,,
1490124183615,Mouse Moved,556.0,152.0,User23,,
1490124183631,Mouse Moved,557.0,154.0,User23,,
1490124183647,Mouse Moved,558.0,154.0,User23,,
1490124183834,Mouse Moved,564.0,151.0,User23,,
1490124183849,Mouse Moved,646.0,105.0,User23,,
1490124183865,Mouse Moved,695.0,90.0,User23,,
1490124183881,Mouse Moved,762.0,75.0,User23,,
1490124183895,Mouse Moved,776.0,73.0,User23,,
1490124183911,Mouse Moved,793.0,72.0,User23,,
1490124183927,Mouse Moved,801.0,72.0,User23,,
1490124183943,Mouse Moved,803.0,72.0,User23,,
1490124184130,Mouse Moved,808.0,70.0,User23,,
1490124184145,Mouse Moved,818.0,63.0,User23,,
1490124184161,Mouse Moved,828.0,58.0,User23,,
1490124184177,Mouse Moved,865.0,42.0,User23,,
1490124184193,Mouse Moved,877.0,36.0,User23,,
1490124184207,Mouse Moved,895.0,31.0,User23,,
1490124184223,Mouse Moved,904.0,28.0,User23,,
1490124184240,Mouse Moved,907.0,28.0,User23,,
1490124184255,Mouse Moved,918.0,28.0,User23,,
1490124184270,Mouse Moved,921.0,28.0,User23,,
1490124184473,Mouse Moved,924.0,28.0,User23,,
1490124184489,Mouse Moved,925.0,28.0,User23,,
1490124184552,Mouse Moved,927.0,29.0,User23,,
1490124184566,Mouse Moved,929.0,29.0,User23,,
1490124184598,Mouse Moved,930.0,30.0,User23,,
1490124184630,Mouse Moved,930.0,31.0,User23,,
1490124184661,Mouse Moved,931.0,31.0,User23,,
1490124184676,Mouse Moved,931.0,32.0,User23,,
1490124184707,Mouse Moved,932.0,32.0,User23,,
1490124184753,Mouse Moved,933.0,32.0,User23,,
1490124184816,Mouse Moved,931.0,33.0,User23,,
1490124184832,Mouse Moved,929.0,35.0,User23,,
1490124184848,Mouse Moved,922.0,38.0,User23,,
1490124184878,Mouse Moved,920.0,38.0,User23,,
1490124184894,Mouse Moved,917.0,38.0,User23,,
1490124184926,Mouse Moved,914.0,38.0,User23,,
1490124184957,Mouse Moved,913.0,38.0,User23,,
1490124184973,Mouse Moved,912.0,38.0,User23,,
1490124184987,Mouse Moved,910.0,38.0,User23,,
1490124185003,Mouse Moved,909.0,40.0,User23,,
1490124185035,Mouse Moved,907.0,40.0,User23,,
1490124185051,Mouse Moved,906.0,40.0,User23,,
1490124185065,Mouse Moved,906.0,41.0,User23,,
1490124185098,Mouse Moved,905.0,41.0,User23,,
1490124185144,Mouse Moved,904.0,42.0,User23,,
1490124185160,Mouse Button.left Pressed,905.0,42.0,User23,,
1490124185207,Mouse Moved,904.0,44.0,User23,,
1490124185221,Mouse Moved,904.0,43.0,User23,,
1490124185237,Mouse Moved,904.0,45.0,User23,,
1490124185269,Mouse Moved,904.0,46.0,User23,,
1490124185299,Mouse Moved,905.0,47.0,User23,,
1490124185315,Mouse Moved,906.0,47.0,User23,,
1490124185332,Mouse Moved,907.0,48.0,User23,,
1490124185362,Mouse Moved,908.0,48.0,User23,,
1490124185628,Mouse Moved,907.0,49.0,User23,,
1490124185644,Mouse Moved,897.0,53.0,User23,,
1490124185658,Mouse Moved,853.0,76.0,User23,,
1490124185674,Mouse Moved,692.0,140.0,User23,,
1490124185690,Mouse Moved,615.0,151.0,User23,,
1490124185706,Mouse Moved,505.0,173.0,User23,,
1490124185721,Mouse Moved,420.0,203.0,User23,,
1490124185736,Mouse Moved,404.0,208.0,User23,,
1490124185753,Mouse Moved,394.0,211.0,User23,,
1490124185767,Mouse Moved,387.0,213.0,User23,,
1490124185799,Mouse Moved,384.0,208.0,User23,,
1490124185956,Mouse Moved,383.0,208.0,User23,,
1490124185970,Mouse Moved,376.0,212.0,User23,,
1490124185986,Mouse Moved,343.0,232.0,User23,,
1490124186002,Mouse Moved,295.0,262.0,User23,,
1490124186017,Mouse Moved,124.0,332.0,User23,,
1490124186033,Mouse Moved,58.0,370.0,User23,,
1490124186049,Mouse Moved,30.0,382.0,User23,,
1490124186065,Mouse Moved,18.0,387.0,User23,,
1490124186079,Mouse Moved,4.0,392.0,User23,,
1490124186095,Mouse Moved,1.0,393.0,User23,,
1490124186111,Mouse Moved,0.0,394.0,User23,,
1490124186299,Mouse Moved,0.0,396.0,User23,,
1490124186313,Mouse Moved,3.0,399.0,User23,,
1490124186329,Mouse Moved,7.0,404.0,User23,,
1490124186345,Mouse Moved,13.0,414.0,User23,,
1490124186361,Mouse Moved,16.0,418.0,User23,,
1490124186391,Mouse Moved,16.0,421.0,User23,,
1490124186407,Mouse Moved,21.0,428.0,User23,,
1490124186424,Mouse Moved,21.0,430.0,User23,,
1490124186454,Mouse Moved,21.0,431.0,User23,,
1490124186611,Mouse Moved,21.0,430.0,User23,,
1490124186703,Mouse Moved,21.0,430.0,User23,,
1490124186828,Mouse Moved,21.0,430.0,User23,,
1490124186891,Mouse Moved,21.0,430.0,User23,,
1490124188154,Mouse Moved,22.0,431.0,User23,,
1490124188171,Mouse Moved,36.0,429.0,User23,,
1490124188186,Mouse Moved,77.0,419.0,User23,,
1490124188201,Mouse Moved,198.0,405.0,User23,,
1490124188217,Mouse Moved,326.0,414.0,User23,,
1490124188233,Mouse Moved,385.0,424.0,User23,,
1490124188249,Mouse Moved,467.0,454.0,User23,,
1490124188263,Mouse Moved,519.0,478.0,User23,,
1490124188279,Mouse Moved,530.0,485.0,User23,,
1490124188296,Mouse Moved,552.0,502.0,User23,,
1490124188311,Mouse Moved,558.0,511.0,User23,,
1490124188513,Mouse Moved,564.0,511.0,User23,,
1490124188529,Mouse Moved,615.0,506.0,User23,,
1490124188545,Mouse Moved,728.0,496.0,User23,,
1490124188561,Mouse Moved,758.0,496.0,User23,,
1490124188575,Mouse Moved,830.0,501.0,User23,,
1490124188592,Mouse Moved,850.0,502.0,User23,,
1490124188700,Mouse Moved,868.0,505.0,User23,,
1490124188717,Mouse Moved,875.0,507.0,User23,,
1490124188809,Mouse Moved,877.0,506.0,User23,,
1490124188857,Mouse Moved,881.0,503.0,User23,,
1490124188872,Mouse Moved,932.0,484.0,User23,,
1490124188982,Mouse Moved,940.0,483.0,User23,,
1490124188997,Mouse Moved,943.0,482.0,User23,,
1490124189013,Mouse Moved,954.0,481.0,User23,,
1490124189121,Mouse Moved,954.0,482.0,User23,,
1490124189246,Mouse Moved,954.0,490.0,User23,,
1490124189418,Mouse Moved,954.0,490.0,User23,,
1490124189434,Mouse Button.left Pressed,954.0,490.0,User23,,
1490124189621,Mouse Moved,954.0,490.0,User23,,
1490124189887,Mouse Moved,953.0,492.0,User23,,
1490124189901,Mouse Moved,948.0,495.0,User23,,
1490124189917,Mouse Moved,602.0,533.0,User23,,
1490124190026,Mouse Moved,565.0,524.0,User23,,
1490124190042,Mouse Moved,541.0,519.0,User23,,
1490124190246,Mouse Moved,489.0,507.0,User23,,
1490124190260,Mouse Moved,484.0,510.0,User23,,
1490124190276,Mouse Moved,473.0,520.0,User23,,
1490124190292,Mouse Moved,416.0,554.0,User23,,
1490124190308,Mouse Moved,362.0,581.0,User23,,
1490124190323,Mouse Moved,334.0,593.0,User23,,
1490124190338,Mouse Moved,307.0,601.0,User23,,
1490124190355,Mouse Moved,261.0,619.0,User23,,
1490124190480,Mouse Moved,250.0,622.0,User23,,
1490124190494,Mouse Moved,224.0,630.0,User23,,
1490124190792,Mouse Moved,223.0,633.0,User23,,
1490124190806,Mouse Moved,191.0,714.0,User23,,
1490124190884,Mouse Moved,181.0,738.0,User23,,
1490124191650,Mouse Moved,181.0,744.0,User23,,
1490124191664,Mouse Moved,236.0,709.0,User23,,
1490124191680,Mouse Moved,330.0,671.0,User23,,
1490124191696,Mouse Moved,372.0,662.0,User23,,
1490124191711,Mouse Moved,452.0,648.0,User23,,
1490124191727,Mouse Moved,470.0,645.0,User23,,
1490124191743,Mouse Moved,513.0,641.0,User23,,
1490124191759,Mouse Moved,526.0,639.0,User23,,
1490124191773,Mouse Moved,538.0,639.0,User23,,
1490124191789,Mouse Moved,545.0,639.0,User23,,
1490124191805,Mouse Moved,549.0,639.0,User23,,
1490124192055,Mouse Moved,551.0,637.0,User23,,
1490124192071,Mouse Moved,587.0,616.0,User23,,
1490124192085,Mouse Moved,626.0,600.0,User23,,
1490124192101,Mouse Moved,684.0,580.0,User23,,
1490124192118,Mouse Moved,723.0,563.0,User23,,
1490124192132,Mouse Moved,768.0,552.0,User23,,
1490124192148,Mouse Moved,783.0,546.0,User23,,
1490124192164,Mouse Moved,799.0,543.0,User23,,
1490124192180,Mouse Moved,814.0,540.0,User23,,
1490124192210,Mouse Moved,818.0,540.0,User23,,
1490124192226,Mouse Moved,819.0,540.0,User23,,
1490124200651,Mouse Moved,820.0,539.0,User23,,
1490124200665,Mouse Moved,822.0,538.0,User23,,
1490124200681,Mouse Moved,827.0,536.0,User23,,
1490124200697,Mouse Moved,831.0,533.0,User23,,
1490124200713,Mouse Moved,839.0,529.0,User23,,
1490124200729,Mouse Moved,845.0,525.0,User23,,
1490124200759,Mouse Moved,875.0,491.0,User23,,
1490124200790,Mouse Moved,895.0,471.0,User23,,
1490124200806,Mouse Moved,914.0,458.0,User23,,
1490124200822,Mouse Moved,918.0,456.0,User23,,
1490124200838,Mouse Moved,925.0,453.0,User23,,
1490124200854,Mouse Moved,928.0,453.0,User23,,
1490124200868,Mouse Moved,929.0,453.0,User23,,
1490124200884,Mouse Moved,931.0,452.0,User23,,
1490124200900,Mouse Moved,932.0,450.0,User23,,
1490124200915,Mouse Moved,929.0,435.0,User23,,
1490124200931,Mouse Moved,924.0,424.0,User23,,
1490124200947,Mouse Moved,916.0,408.0,User23,,
1490124200963,Mouse Moved,912.0,402.0,User23,,
1490124200977,Mouse Moved,908.0,398.0,User23,,
1490124200993,Mouse Moved,901.0,391.0,User23,,
1490124201009,Mouse Moved,899.0,389.0,User23,,
1490124201025,Mouse Moved,895.0,386.0,User23,,
1490124201040,Mouse Moved,894.0,386.0,User23,,
1490124201055,Mouse Moved,893.0,386.0,User23,,
1490124201072,Mouse Moved,892.0,386.0,User23,,
1490124201102,Mouse Moved,891.0,386.0,User23,,
1490124201134,Mouse Moved,890.0,386.0,User23,,
1490124201165,Mouse Moved,888.0,386.0,User23,,
1490124201211,Mouse Moved,888.0,387.0,User23,,
1490124201227,Mouse Moved,887.0,387.0,User23,,
1490124201275,Mouse Moved,887.0,388.0,User23,,
1490124201322,Mouse Moved,886.0,388.0,User23,,
1490124201336,Mouse Moved,885.0,389.0,User23,,
1490124201368,Mouse Moved,884.0,390.0,User23,,
1490124201400,Mouse Moved,884.0,391.0,User23,,
1490124201430,Mouse Moved,883.0,393.0,User23,,
1490124201446,Mouse Moved,882.0,393.0,User23,,
1490124201477,Mouse Moved,881.0,395.0,User23,,
1490124201493,Mouse Moved,880.0,396.0,User23,,
1490124201509,Mouse Moved,880.0,397.0,User23,,
1490124201773,Mouse Moved,881.0,397.0,User23,,
1490124201914,Mouse Moved,881.0,397.0,User23,,
1490124202990,Mouse Moved,880.0,399.0,User23,,
1490124203006,Mouse Moved,879.0,402.0,User23,,
1490124203022,Mouse Moved,878.0,403.0,User23,,
1490124203038,Mouse Moved,878.0,408.0,User23,,
1490124203052,Mouse Moved,877.0,410.0,User23,,
1490124203069,Mouse Moved,875.0,415.0,User23,,
1490124203084,Mouse Moved,873.0,417.0,User23,,
1490124203099,Mouse Moved,871.0,419.0,User23,,
1490124203115,Mouse Moved,871.0,421.0,User23,,
1490124203147,Mouse Moved,869.0,422.0,User23,,
1490124203161,Mouse Moved,869.0,423.0,User23,,
1490124203194,Mouse Moved,869.0,424.0,User23,,
1490124203209,Mouse Moved,868.0,425.0,User23,,
1490124203224,Mouse Moved,868.0,426.0,User23,,
1490124203256,Mouse Moved,868.0,427.0,User23,,
1490124203272,Mouse Moved,867.0,428.0,User23,,
1490124203286,Mouse Moved,867.0,432.0,User23,,
1490124203302,Mouse Moved,867.0,435.0,User23,,
1490124203318,Mouse Moved,866.0,440.0,User23,,
1490124203334,Mouse Moved,866.0,441.0,User23,,
1490124203349,Mouse Moved,866.0,443.0,User23,,
1490124203615,Mouse Moved,867.0,442.0,User23,,
1490124203723,Mouse Moved,867.0,442.0,User23,,
1490124223614,Mouse Moved,866.0,443.0,User23,,
1490124223630,Mouse Moved,863.0,443.0,User23,,
1490124223644,Mouse Moved,858.0,443.0,User23,,
1490124223661,Mouse Moved,832.0,443.0,User23,,
1490124223676,Mouse Moved,806.0,447.0,User23,,
1490124223691,Mouse Moved,738.0,466.0,User23,,
1490124223707,Mouse Moved,695.0,476.0,User23,,
1490124223723,Mouse Moved,618.0,492.0,User23,,
1490124223739,Mouse Moved,594.0,498.0,User23,,
1490124223753,Mouse Moved,510.0,531.0,User23,,
1490124223769,Mouse Moved,471.0,541.0,User23,,
1490124223786,Mouse Moved,462.0,546.0,User23,,
1490124223816,Mouse Moved,456.0,549.0,User23,,
1490124224003,Mouse Moved,446.0,554.0,User23,,
1490124224019,Mouse Moved,446.0,556.0,User23,,
1490124224035,Mouse Moved,444.0,558.0,User23,,
1490124224128,Mouse Moved,419.0,580.0,User23,,
1490124224144,Mouse Moved,105.0,800.0,User23,,
1490124224160,Mouse Moved,92.0,807.0,User23,,
1490124224176,Mouse Moved,87.0,809.0,User23,,
1490124224207,Mouse Moved,83.0,811.0,User23,,
1490124224378,Mouse Moved,80.0,813.0,User23,,
1490124224394,Mouse Moved,78.0,816.0,User23,,
1490124224410,Mouse Moved,74.0,819.0,User23,,
1490124224424,Mouse Moved,66.0,824.0,User23,,
1490124224440,Mouse Moved,51.0,836.0,User23,,
1490124224456,Mouse Moved,40.0,843.0,User23,,
1490124224471,Mouse Moved,31.0,847.0,User23,,
1490124224487,Mouse Moved,28.0,849.0,User23,,
1490124224503,Mouse Moved,26.0,849.0,User23,,
1490124224519,Mouse Moved,22.0,851.0,User23,,
1490124224533,Mouse Moved,21.0,851.0,User23,,
1490124224565,Mouse Moved,19.0,851.0,User23,,
1490124224628,Mouse Moved,21.0,850.0,User23,,
1490124224721,Mouse Moved,21.0,850.0,User23,,
1490124225033,Mouse Moved,21.0,851.0,User23,,
1490124225049,Mouse Moved,29.0,846.0,User23,,
1490124225065,Mouse Moved,35.0,843.0,User23,,
1490124225079,Mouse Moved,67.0,822.0,User23,,
1490124225095,Mouse Moved,86.0,810.0,User23,,
1490124225111,Mouse Moved,142.0,789.0,User23,,
1490124225127,Mouse Moved,163.0,779.0,User23,,
1490124225142,Mouse Moved,188.0,772.0,User23,,
1490124225157,Mouse Moved,214.0,770.0,User23,,
1490124225174,Mouse Moved,232.0,774.0,User23,,
1490124225190,Mouse Moved,235.0,776.0,User23,,
1490124225204,Mouse Moved,245.0,785.0,User23,,
1490124225220,Mouse Moved,247.0,786.0,User23,,
1490124225236,Mouse Moved,250.0,787.0,User23,,
1490124225252,Mouse Moved,251.0,788.0,User23,,
1490124225438,Mouse Moved,252.0,788.0,User23,,
1490124225470,Mouse Moved,255.0,789.0,User23,,
1490124225486,Mouse Moved,264.0,790.0,User23,,
1490124225502,Mouse Moved,271.0,793.0,User23,,
1490124225516,Mouse Moved,273.0,793.0,User23,,
1490124225532,Mouse Moved,276.0,794.0,User23,,
1490124225548,Mouse Moved,277.0,794.0,User23,,
1490124225563,Mouse Moved,278.0,794.0,User23,,
1490124225579,Mouse Moved,279.0,794.0,User23,,
1490124225625,Mouse Moved,280.0,794.0,User23,,
1490124225641,Mouse Moved,281.0,794.0,User23,,
1490124225703,Mouse Moved,282.0,794.0,User23,,
1490124225736,Mouse Moved,283.0,794.0,User23,,
1490124225766,Mouse Moved,284.0,794.0,User23,,
1490124225782,Mouse Moved,283.0,794.0,User23,,
1490124225875,Mouse Moved,283.0,794.0,User23,,
1490125228874,Mouse Moved,1085.0,216.0,User23,1536.0,864.0
1490125228888,Mouse Moved,1066.0,243.0,User23,,
1490125228967,Mouse Moved,1057.0,256.0,User23,,
1490125228983,Mouse Moved,1053.0,260.0,User23,,
1490125228997,Mouse Moved,1047.0,264.0,User23,,
1490125229108,Mouse Moved,1042.0,267.0,User23,,
1490125229122,Mouse Moved,1029.0,275.0,User23,,
1490125229138,Mouse Moved,1018.0,280.0,User23,,
1490125229247,Mouse Moved,1008.0,287.0,User23,,
1490125229263,Mouse Moved,1006.0,288.0,User23,,
1490125229279,Mouse Moved,1006.0,289.0,User23,,
1490125229309,Mouse Moved,1005.0,289.0,User23,,
1490125229388,Mouse Moved,1004.0,290.0,User23,,
1490125229434,Mouse Moved,1003.0,292.0,User23,,
1490125229466,Mouse Moved,1002.0,292.0,User23,,
1490125229497,Mouse Moved,1000.0,294.0,User23,,
1490125229529,Mouse Moved,998.0,295.0,User23,,
1490125229638,Mouse Moved,996.0,296.0,User23,,
1490125229654,Mouse Moved,995.0,296.0,User23,,
1490125229778,Mouse Moved,994.0,297.0,User23,,
1490125229793,Mouse Moved,993.0,297.0,User23,,
1490125229809,Mouse Moved,993.0,296.0,User23,,
1490125229825,Mouse Button.left Pressed,993.0,296.0,User23,,
1490125230387,Mouse Moved,991.0,297.0,User23,,
1490125230573,Mouse Moved,944.0,311.0,User23,,
1490125230589,Mouse Moved,881.0,341.0,User23,,
1490125230621,Mouse Moved,805.0,369.0,User23,,
1490125230746,Mouse Moved,611.0,441.0,User23,,
1490125230760,Mouse Moved,475.0,504.0,User23,,
1490125230855,Mouse Moved,449.0,515.0,User23,,
1490125230869,Mouse Moved,429.0,522.0,User23,,
1490125230901,Mouse Moved,420.0,524.0,User23,,
1490125230933,Mouse Moved,418.0,524.0,User23,,
1490125230947,Mouse Moved,416.0,524.0,User23,,
1490125230963,Mouse Moved,405.0,550.0,User23,,
1490125230980,Mouse Moved,383.0,583.0,User23,,
1490125230994,Mouse Moved,368.0,605.0,User23,,
1490125231010,Mouse Moved,353.0,622.0,User23,,
1490125231088,Mouse Moved,326.0,651.0,User23,,
1490125231119,Mouse Moved,300.0,675.0,User23,,
1490125231167,Mouse Moved,244.0,724.0,User23,,
1490125231181,Mouse Moved,232.0,734.0,User23,,
1490125231213,Mouse Moved,214.0,750.0,User23,,
1490125231244,Mouse Moved,207.0,758.0,User23,,
1490125231292,Mouse Moved,200.0,765.0,User23,,
1490125231306,Mouse Moved,194.0,770.0,User23,,
1490125231322,Mouse Moved,192.0,772.0,User23,,
1490125231338,Mouse Moved,195.0,776.0,User23,,
1490125231354,Mouse Moved,198.0,783.0,User23,,
1490125231369,Mouse Moved,199.0,791.0,User23,,
1490125231384,Mouse Moved,196.0,796.0,User23,,
1490125231401,Mouse Moved,193.0,799.0,User23,,
1490125231431,Mouse Moved,185.0,803.0,User23,,
1490125231463,Mouse Moved,178.0,808.0,User23,,
1490125231509,Mouse Moved,163.0,816.0,User23,,
1490125231526,Mouse Moved,156.0,819.0,User23,,
1490125231540,Mouse Moved,147.0,821.0,User23,,
1490125231572,Mouse Moved,141.0,823.0,User23,,
1490125231588,Mouse Moved,138.0,824.0,User23,,
1490125231604,Mouse Moved,135.0,825.0,User23,,
1490125231650,Mouse Moved,144.0,821.0,User23,,
1490125231665,Mouse Moved,150.0,820.0,User23,,
1490125231697,Mouse Moved,199.0,808.0,User23,,
1490125231713,Mouse Moved,224.0,808.0,User23,,
1490125231727,Mouse Moved,249.0,808.0,User23,,
1490125231759,Mouse Moved,256.0,808.0,User23,,
1490125231790,Mouse Moved,260.0,808.0,User23,,
1490125231838,Mouse Moved,271.0,808.0,User23,,
1490125231884,Mouse Moved,279.0,808.0,User23,,
1490125231915,Mouse Moved,286.0,808.0,User23,,
1490125231947,Mouse Moved,294.0,809.0,User23,,
1490125232025,Mouse Moved,301.0,809.0,User23,,
1490125232072,Mouse Moved,305.0,809.0,User23,,
1490125232086,Mouse Moved,309.0,809.0,User23,,
1490125232164,Mouse Moved,311.0,809.0,User23,,
1490125232196,Mouse Moved,313.0,809.0,User23,,
1490125232211,Mouse Moved,320.0,809.0,User23,,
1490125232273,Mouse Moved,323.0,809.0,User23,,
1490125232321,Mouse Moved,339.0,811.0,User23,,
1490125232336,Mouse Moved,349.0,813.0,User23,,
1490125232384,Mouse Moved,358.0,817.0,User23,,
1490125232476,Mouse Moved,372.0,822.0,User23,,
1490125232539,Mouse Moved,380.0,824.0,User23,,
1490125232555,Mouse Moved,386.0,826.0,User23,,
1490125232571,Mouse Moved,393.0,829.0,User23,,
1490125232618,Mouse Moved,395.0,831.0,User23,,
1490125232680,Mouse Moved,397.0,832.0,User23,,
1490125232710,Mouse Moved,398.0,832.0,User23,,
1490125232742,Mouse Moved,399.0,832.0,User23,,
1490125232773,Mouse Moved,399.0,833.0,User23,,
1490125232789,Mouse Moved,400.0,833.0,User23,,
1490125232819,Mouse Moved,401.0,833.0,User23,,
1490125232851,Mouse Moved,401.0,834.0,User23,,
1490125232914,Mouse Moved,400.0,834.0,User23,,
1490125232944,Mouse Moved,400.0,834.0,User23,,
1490125233039,Mouse Moved,400.0,834.0,User23,,
1490125240012,Mouse Moved,404.0,830.0,User23,,
1490125240028,Mouse Moved,486.0,741.0,User23,,
1490125240042,Mouse Moved,744.0,539.0,User23,,
1490125240059,Mouse Moved,771.0,526.0,User23,,
1490125240073,Mouse Moved,781.0,522.0,User23,,
1490125241009,Mouse Moved,782.0,521.0,User23,,
1490125241026,Mouse Moved,782.0,520.0,User23,,
1490125241042,Mouse Moved,782.0,516.0,User23,,
1490125241056,Mouse Moved,782.0,512.0,User23,,
1490125241119,Mouse Moved,782.0,511.0,User23,,
1490125241525,Mouse Moved,782.0,510.0,User23,,
1490125242039,Mouse Moved,782.0,510.0,User23,,
1490125242055,Mouse Moved,782.0,510.0,User23,,
1490125242071,Mouse Scrolled (0 -1),782.0,510.0,User23,,
1490125242086,Mouse Moved,782.0,510.0,User23,,
1490125242118,Mouse Moved,782.0,510.0,User23,,
1490125242148,Mouse Moved,782.0,510.0,User23,,
1490125242243,Mouse Moved,782.0,510.0,User23,,
1490125243163,Mouse Moved,782.0,510.0,User23,,
1490125243178,Mouse Moved,782.0,510.0,User23,,
1490125243194,Mouse Moved,782.0,510.0,User23,,
1490125243210,Mouse Scrolled (0 2),782.0,510.0,User23,,
1490125243226,Mouse Moved,782.0,510.0,User23,,
1490125243240,Mouse Moved,782.0,510.0,User23,,
1490125243272,Mouse Moved,782.0,510.0,User23,,
1490125243303,Mouse Moved,782.0,510.0,User23,,
1490125243349,Mouse Moved,782.0,510.0,User23,,
1490125243413,Mouse Moved,782.0,510.0,User23,,
1490125244395,Mouse Moved,783.0,507.0,User23,,
1490125244411,Mouse Moved,791.0,500.0,User23,,
1490125244441,Mouse Moved,917.0,408.0,User23,,
1490125244457,Mouse Moved,982.0,374.0,User23,,
1490125244473,Mouse Moved,1052.0,368.0,User23,,
1490125244489,Mouse Moved,1087.0,357.0,User23,,
1490125244519,Mouse Moved,1105.0,353.0,User23,,
1490125244536,Mouse Moved,1116.0,356.0,User23,,
1490125244552,Mouse Moved,1124.0,358.0,User23,,
1490125244566,Mouse Moved,1128.0,360.0,User23,,
1490125244582,Mouse Moved,1130.0,361.0,User23,,
1490125244598,Mouse Moved,1132.0,363.0,User23,,
1490125244878,Mouse Moved,1132.0,366.0,User23,,
1490125244894,Mouse Moved,1131.0,375.0,User23,,
1490125244910,Mouse Moved,1130.0,385.0,User23,,
1490125244926,Mouse Moved,1128.0,393.0,User23,,
1490125244941,Mouse Moved,1127.0,397.0,User23,,
1490125244957,Mouse Moved,1126.0,401.0,User23,,
1490125245144,Mouse Moved,1126.0,401.0,User23,,
1490125245237,Mouse Moved,1126.0,401.0,User23,,
1490125245767,Mouse Moved,1126.0,401.0,User23,,
1490125247625,Mouse Moved,1124.0,401.0,User23,,
1490125247640,Mouse Moved,1115.0,403.0,User23,,
1490125247655,Mouse Moved,1073.0,409.0,User23,,
1490125247671,Mouse Moved,1023.0,414.0,User23,,
1490125247687,Mouse Moved,936.0,426.0,User23,,
1490125247703,Mouse Moved,860.0,438.0,User23,,
1490125247717,Mouse Moved,834.0,449.0,User23,,
1490125247733,Mouse Moved,807.0,459.0,User23,,
1490125247750,Mouse Moved,798.0,462.0,User23,,
1490125247765,Mouse Moved,783.0,469.0,User23,,
1490125247780,Mouse Moved,780.0,470.0,User23,,
1490125247796,Mouse Moved,773.0,473.0,User23,,
1490125247812,Mouse Moved,769.0,474.0,User23,,
1490125247828,Mouse Moved,768.0,474.0,User23,,
1490125249278,Mouse Moved,768.0,469.0,User23,,
1490125249403,Mouse Moved,771.0,456.0,User23,,
1490125249418,Mouse Moved,773.0,448.0,User23,,
1490125249434,Mouse Moved,774.0,440.0,User23,,
1490125249466,Mouse Moved,777.0,406.0,User23,,
1490125249480,Mouse Moved,777.0,392.0,User23,,
1490125249528,Mouse Moved,776.0,383.0,User23,,
1490125249543,Mouse Moved,774.0,376.0,User23,,
1490125249559,Mouse Moved,773.0,375.0,User23,,
1490125249575,Mouse Moved,773.0,373.0,User23,,
1490125249589,Mouse Moved,772.0,370.0,User23,,
1490125249714,Mouse Moved,771.0,370.0,User23,,
1490125249730,Mouse Moved,771.0,365.0,User23,,
1490125249871,Mouse Moved,771.0,364.0,User23,,
1490125250167,Mouse Moved,770.0,365.0,User23,,
1490125250183,Mouse Moved,769.0,366.0,User23,,
1490125250198,Mouse Moved,769.0,367.0,User23,,
1490125250213,Mouse Moved,768.0,372.0,User23,,
1490125250230,Mouse Moved,768.0,373.0,User23,,
1490125250246,Mouse Moved,768.0,374.0,User23,,
1490125250260,Mouse Moved,768.0,375.0,User23,,
1490125250276,Mouse Moved,768.0,376.0,User23,,
1490125250369,Mouse Moved,767.0,378.0,User23,,
1490125250401,Mouse Moved,767.0,379.0,User23,,
1490125250806,Mouse Moved,750.0,377.0,User23,,
1490125250822,Mouse Moved,725.0,375.0,User23,,
1490125250838,Mouse Moved,661.0,362.0,User23,,
1490125250854,Mouse Moved,632.0,355.0,User23,,
1490125250869,Mouse Moved,595.0,347.0,User23,,
1490125250884,Mouse Moved,570.0,338.0,User23,,
1490125250901,Mouse Moved,561.0,333.0,User23,,
1490125250915,Mouse Moved,554.0,328.0,User23,,
1490125250931,Mouse Moved,546.0,321.0,User23,,
1490125250947,Mouse Moved,542.0,318.0,User23,,
1490125250963,Mouse Moved,541.0,316.0,User23,,
1490125251181,Mouse Moved,539.0,317.0,User23,,
1490125251197,Mouse Moved,538.0,320.0,User23,,
1490125251213,Mouse Moved,535.0,324.0,User23,,
1490125251227,Mouse Moved,530.0,334.0,User23,,
1490125251243,Mouse Moved,527.0,338.0,User23,,
1490125251259,Mouse Moved,521.0,345.0,User23,,
1490125251275,Mouse Moved,519.0,348.0,User23,,
1490125251290,Mouse Moved,518.0,350.0,User23,,
1490125251305,Mouse Moved,517.0,351.0,User23,,
1490125251338,Mouse Moved,516.0,352.0,User23,,
1490125251352,Mouse Moved,514.0,353.0,User23,,
1490125251368,Mouse Moved,513.0,355.0,User23,,
1490125251384,Mouse Moved,511.0,356.0,User23,,
1490125251400,Mouse Moved,510.0,357.0,User23,,
1490125251415,Mouse Moved,509.0,357.0,User23,,
1490125251430,Mouse Moved,508.0,359.0,User23,,
1490125251447,Mouse Moved,507.0,361.0,User23,,
1490125251461,Mouse Moved,505.0,363.0,User23,,
1490125251477,Mouse Moved,504.0,365.0,User23,,
1490125251493,Mouse Moved,503.0,367.0,User23,,
1490125251509,Mouse Moved,502.0,367.0,User23,,
1490125251525,Mouse Moved,502.0,369.0,User23,,
1490125251539,Mouse Moved,501.0,370.0,User23,,
1490125252430,Mouse Moved,501.0,370.0,User23,,
1490125252523,Mouse Moved,501.0,370.0,User23,,
1490125253365,Mouse Moved,501.0,369.0,User23,,
1490125253397,Mouse Moved,502.0,368.0,User23,,
1490125253411,Mouse Moved,504.0,366.0,User23,,
1490125253427,Mouse Moved,508.0,364.0,User23,,
1490125253444,Mouse Moved,509.0,363.0,User23,,
1490125253459,Mouse Moved,511.0,362.0,User23,,
1490125253474,Mouse Moved,513.0,361.0,User23,,
1490125253506,Mouse Moved,514.0,360.0,User23,,
1490125253522,Mouse Moved,515.0,358.0,User23,,
1490125253536,Mouse Moved,516.0,357.0,User23,,
1490125253552,Mouse Moved,518.0,356.0,User23,,
1490125253568,Mouse Moved,518.0,355.0,User23,,
1490125253584,Mouse Moved,519.0,354.0,User23,,
1490125253599,Mouse Moved,520.0,353.0,User23,,
1490125253615,Mouse Moved,523.0,352.0,User23,,
1490125253631,Mouse Moved,531.0,345.0,User23,,
1490125253645,Mouse Moved,546.0,334.0,User23,,
1490125253661,Mouse Moved,607.0,288.0,User23,,
1490125253677,Mouse Moved,650.0,262.0,User23,,
1490125253693,Mouse Moved,674.0,254.0,User23,,
1490125253709,Mouse Moved,687.0,252.0,User23,,
1490125253723,Mouse Moved,695.0,249.0,User23,,
1490125253756,Mouse Moved,705.0,248.0,User23,,
1490125253770,Mouse Moved,716.0,248.0,User23,,
1490125253786,Mouse Moved,721.0,248.0,User23,,
1490125254020,Mouse Moved,723.0,248.0,User23,,
1490125254036,Mouse Moved,731.0,250.0,User23,,
1490125254052,Mouse Moved,736.0,252.0,User23,,
1490125254068,Mouse Moved,746.0,255.0,User23,,
1490125254098,Mouse Moved,756.0,262.0,User23,,
1490125254130,Mouse Moved,767.0,275.0,User23,,
1490125254161,Mouse Moved,774.0,286.0,User23,,
1490125254177,Mouse Moved,777.0,291.0,User23,,
1490125254191,Mouse Moved,778.0,294.0,User23,,
1490125254207,Mouse Moved,779.0,295.0,User23,,
1490125254457,Mouse Moved,778.0,296.0,User23,,
1490125254551,Mouse Moved,778.0,296.0,User23,,
1490125254566,Mouse Button.left Released,778.0,296.0,User23,,
1490125255160,Mouse Moved,773.0,298.0,User23,,
1490125255174,Mouse Moved,751.0,309.0,User23,,
1490125255190,Mouse Moved,646.0,330.0,User23,,
1490125255206,Mouse Moved,608.0,330.0,User23,,
1490125255221,Mouse Moved,527.0,329.0,User23,,
1490125255237,Mouse Moved,479.0,322.0,User23,,
1490125255253,Mouse Moved,449.0,314.0,User23,,
1490125255269,Mouse Moved,446.0,313.0,User23,,
1490125255283,Mouse Moved,444.0,312.0,User23,,
1490125255299,Mouse Moved,442.0,309.0,User23,,
1490125255533,Mouse Moved,444.0,308.0,User23,,
1490125255549,Mouse Moved,452.0,302.0,User23,,
1490125255565,Mouse Moved,456.0,298.0,User23,,
1490125255581,Mouse Moved,462.0,294.0,User23,,
1490125255595,Mouse Moved,466.0,288.0,User23,,
1490125255611,Mouse Moved,468.0,287.0,User23,,
1490125255628,Mouse Moved,469.0,284.0,User23,,
1490125255642,Mouse Moved,469.0,279.0,User23,,
1490125255674,Mouse Moved,467.0,275.0,User23,,
1490125255690,Mouse Moved,463.0,269.0,User23,,
1490125255706,Mouse Moved,460.0,266.0,User23,,
1490125255720,Mouse Moved,459.0,264.0,User23,,
1490125255736,Mouse Moved,458.0,263.0,User23,,
1490125255752,Mouse Moved,457.0,262.0,User23,,
1490125255799,Mouse Moved,457.0,261.0,User23,,
1490125255877,Mouse Moved,456.0,260.0,User23,,
1490125255892,Mouse Moved,456.0,261.0,User23,,
1490125255970,Mouse Moved,456.0,261.0,User23,,
1490125256703,Mouse Moved,457.0,260.0,User23,,
1490125256720,Mouse Moved,475.0,260.0,User23,,
1490125256734,Mouse Moved,500.0,266.0,User23,,
1490125256750,Mouse Moved,610.0,302.0,User23,,
1490125256766,Mouse Moved,637.0,311.0,User23,,
1490125256782,Mouse Moved,720.0,359.0,User23,,
1490125256798,Mouse Moved,743.0,370.0,User23,,
1490125256812,Mouse Moved,757.0,380.0,User23,,
1490125256828,Mouse Moved,763.0,385.0,User23,,
1490125256859,Mouse Moved,774.0,396.0,User23,,
1490125256875,Mouse Moved,777.0,405.0,User23,,
1490125256891,Mouse Moved,777.0,406.0,User23,,
1490125258779,Mouse Moved,777.0,407.0,User23,,
1490125258793,Mouse Moved,759.0,426.0,User23,,
1490125258809,Mouse Moved,748.0,439.0,User23,,
1490125258934,Mouse Moved,742.0,447.0,User23,,
1490125258950,Mouse Moved,728.0,473.0,User23,,
1490125259075,Mouse Moved,727.0,476.0,User23,,
1490125259091,Mouse Moved,722.0,500.0,User23,,
1490125259105,Mouse Moved,722.0,502.0,User23,,
1490125259216,Mouse Moved,722.0,503.0,User23,,
1490125259230,Mouse Moved,722.0,504.0,User23,,
1490125262553,Mouse Moved,722.0,504.0,User23,,
1490125262569,Mouse Moved,749.0,452.0,User23,,
1490125262585,Mouse Moved,774.0,419.0,User23,,
1490125262601,Mouse Moved,829.0,345.0,User23,,
1490125262615,Mouse Moved,851.0,320.0,User23,,
1490125262631,Mouse Moved,897.0,270.0,User23,,
1490125262648,Mouse Moved,930.0,238.0,User23,,
1490125262678,Mouse Moved,936.0,232.0,User23,,
1490125262694,Mouse Moved,944.0,228.0,User23,,
1490125262710,Mouse Moved,945.0,226.0,User23,,
1490125262726,Mouse Moved,946.0,226.0,User23,,
1490125262756,Mouse Moved,947.0,226.0,User23,,
1490125262788,Mouse Moved,948.0,225.0,User23,,
1490125268357,Mouse Moved,943.0,225.0,User23,,
1490125268372,Mouse Moved,911.0,225.0,User23,,
1490125268388,Mouse Moved,811.0,248.0,User23,,
1490125268404,Mouse Moved,768.0,261.0,User23,,
1490125268420,Mouse Moved,737.0,275.0,User23,,
1490125268434,Mouse Moved,700.0,295.0,User23,,
1490125268450,Mouse Moved,689.0,301.0,User23,,
1490125268466,Mouse Moved,673.0,313.0,User23,,
1490125268482,Mouse Moved,668.0,315.0,User23,,
1490125268497,Mouse Moved,666.0,317.0,User23,,
1490125268778,Mouse Moved,663.0,317.0,User23,,
1490125268793,Mouse Moved,536.0,309.0,User23,,
1490125268918,Mouse Moved,491.0,294.0,User23,,
1490125268934,Mouse Moved,460.0,282.0,User23,,
1490125268950,Mouse Moved,444.0,276.0,User23,,
1490125269059,Mouse Moved,444.0,275.0,User23,,
1490125269184,Mouse Moved,445.0,275.0,User23,,
1490125269200,Mouse Moved,445.0,275.0,User23,,
1490125270447,Mouse Moved,448.0,274.0,User23,,
1490125270463,Mouse Moved,480.0,271.0,User23,,
1490125270479,Mouse Moved,562.0,275.0,User23,,
1490125270493,Mouse Moved,624.0,289.0,User23,,
1490125270526,Mouse Moved,654.0,299.0,User23,,
1490125270540,Mouse Moved,793.0,350.0,User23,,
1490125270556,Mouse Moved,817.0,369.0,User23,,
1490125270572,Mouse Moved,824.0,375.0,User23,,
1490125270588,Mouse Moved,835.0,386.0,User23,,
1490125270604,Mouse Moved,840.0,391.0,User23,,
1490125270618,Mouse Moved,842.0,394.0,User23,,
1490125271009,Mouse Moved,841.0,394.0,User23,,
1490125271025,Mouse Moved,834.0,399.0,User23,,
1490125271039,Mouse Moved,829.0,407.0,User23,,
1490125271055,Mouse Moved,802.0,431.0,User23,,
1490125271072,Mouse Moved,780.0,449.0,User23,,
1490125271086,Mouse Moved,771.0,455.0,User23,,
1490125271102,Mouse Moved,756.0,469.0,User23,,
1490125271118,Mouse Moved,750.0,474.0,User23,,
1490125271134,Mouse Moved,742.0,481.0,User23,,
1490125271150,Mouse Moved,740.0,482.0,User23,,
1490125271164,Mouse Moved,737.0,484.0,User23,,
1490125271180,Mouse Moved,736.0,485.0,User23,,
1490125271196,Mouse Moved,735.0,485.0,User23,,
1490125271227,Mouse Moved,735.0,486.0,User23,,
1490125271243,Mouse Moved,734.0,486.0,User23,,
1490125271289,Mouse Moved,734.0,487.0,User23,,
1490125271305,Mouse Moved,734.0,493.0,User23,,
1490125271321,Mouse Moved,734.0,498.0,User23,,
1490125271336,Mouse Moved,734.0,503.0,User23,,
1490125271351,Mouse Moved,734.0,508.0,User23,,
1490125271368,Mouse Moved,734.0,511.0,User23,,
1490125271384,Mouse Moved,734.0,518.0,User23,,
1490125271398,Mouse Moved,733.0,524.0,User23,,
1490125271414,Mouse Moved,733.0,527.0,User23,,
1490125271430,Mouse Moved,732.0,528.0,User23,,
1490125271446,Mouse Moved,732.0,530.0,User23,,
1490125271555,Mouse Moved,732.0,532.0,User23,,
1490125271664,Mouse Moved,732.0,532.0,User23,,
1490125272319,Mouse Moved,732.0,532.0,User23,,
1490125272413,Mouse Moved,732.0,532.0,User23,,
1490125272522,Mouse Moved,732.0,532.0,User23,,
1490125272599,Mouse Moved,732.0,532.0,User23,,
1490125272756,Mouse Moved,732.0,532.0,User23,,
1490125272772,Mouse Moved,732.0,532.0,User23,,
1490125272788,Mouse Button.left Released,732.0,532.0,User23,,
1490125274457,Mouse Moved,731.0,532.0,User23,,
1490125274471,Mouse Moved,731.0,530.0,User23,,
1490125274487,Mouse Moved,736.0,518.0,User23,,
1490125274503,Mouse Moved,742.0,505.0,User23,,
1490125274519,Mouse Moved,752.0,480.0,User23,,
1490125274535,Mouse Moved,757.0,470.0,User23,,
1490125274549,Mouse Moved,763.0,452.0,User23,,
1490125274565,Mouse Moved,765.0,444.0,User23,,
1490125274582,Mouse Moved,768.0,430.0,User23,,
1490125274596,Mouse Moved,772.0,417.0,User23,,
1490125274612,Mouse Moved,772.0,415.0,User23,,
1490125274737,Mouse Moved,771.0,415.0,User23,,
1490125274753,Mouse Scrolled (0 2),771.0,415.0,User23,,
1490125274769,Mouse Moved,771.0,415.0,User23,,
1490125274783,Mouse Scrolled (0 2),771.0,415.0,User23,,
1490125274799,Mouse Scrolled (0 1),771.0,415.0,User23,,
1490125274815,Mouse Moved,771.0,415.0,User23,,
1490125274831,Mouse Moved,771.0,415.0,User23,,
1490125274846,Mouse Moved,771.0,415.0,User23,,
1490125274878,Mouse Moved,771.0,415.0,User23,,
1490125274894,Mouse Moved,771.0,415.0,User23,,
1490125274924,Mouse Moved,771.0,415.0,User23,,
1490125274940,Mouse Moved,771.0,415.0,User23,,
1490125274956,Mouse Moved,771.0,415.0,User23,,
1490125275003,Mouse Moved,771.0,415.0,User23,,
1490125275095,Mouse Moved,771.0,415.0,User23,,
1490125275345,Mouse Moved,772.0,413.0,User23,,
1490125275361,Mouse Moved,773.0,408.0,User23,,
1490125275377,Mouse Moved,774.0,400.0,User23,,
1490125275392,Mouse Moved,774.0,395.0,User23,,
1490125275407,Mouse Moved,774.0,394.0,User23,,
1490125275424,Mouse Moved,771.0,389.0,User23,,
1490125275440,Mouse Moved,770.0,384.0,User23,,
1490125275454,Mouse Moved,768.0,382.0,User23,,
1490125275470,Mouse Moved,764.0,379.0,User23,,
1490125275486,Mouse Moved,759.0,375.0,User23,,
1490125275502,Mouse Moved,757.0,371.0,User23,,
1490125275517,Mouse Moved,749.0,361.0,User23,,
1490125275532,Mouse Moved,743.0,350.0,User23,,
1490125275549,Mouse Moved,742.0,349.0,User23,,
1490125275563,Mouse Moved,741.0,348.0,User23,,
1490125275579,Mouse Moved,738.0,343.0,User23,,
1490125275595,Mouse Moved,737.0,342.0,User23,,
1490125275611,Mouse Moved,735.0,341.0,User23,,
1490125275627,Mouse Moved,734.0,339.0,User23,,
1490125275641,Mouse Moved,731.0,335.0,User23,,
1490125275674,Mouse Moved,731.0,334.0,User23,,
1490125275688,Mouse Moved,727.0,325.0,User23,,
1490125275704,Mouse Moved,725.0,318.0,User23,,
1490125275720,Mouse Moved,725.0,318.0,User23,,
1490125275813,Mouse Moved,725.0,318.0,User23,,
1490125278293,Mouse Moved,723.0,318.0,User23,,
1490125278309,Mouse Moved,718.0,318.0,User23,,
1490125278325,Mouse Moved,676.0,319.0,User23,,
1490125278357,Mouse Moved,642.0,316.0,User23,,
1490125278371,Mouse Moved,595.0,299.0,User23,,
1490125278388,Mouse Moved,555.0,272.0,User23,,
1490125278404,Mouse Moved,548.0,268.0,User23,,
1490125278418,Mouse Moved,544.0,265.0,User23,,
1490125278434,Mouse Moved,543.0,265.0,User23,,
1490125278450,Mouse Moved,542.0,265.0,User23,,
1490125278466,Mouse Moved,541.0,264.0,User23,,
1490125278482,Mouse Moved,541.0,262.0,User23,,
1490125278496,Mouse Moved,541.0,260.0,User23,,
1490125278653,Mouse Moved,540.0,260.0,User23,,
1490125278668,Mouse Moved,538.0,260.0,User23,,
1490125278684,Mouse Moved,537.0,260.0,User23,,
1490125278700,Mouse Moved,531.0,260.0,User23,,
1490125278716,Mouse Moved,526.0,260.0,User23,,
1490125278730,Mouse Moved,524.0,260.0,User23,,
1490125278746,Mouse Moved,519.0,258.0,User23,,
1490125278762,Mouse Moved,517.0,258.0,User23,,
1490125278778,Mouse Moved,516.0,257.0,User23,,
1490125278903,Mouse Moved,515.0,257.0,User23,,
1490125278917,Mouse Moved,514.0,258.0,User23,,
1490125279184,Mouse Moved,512.0,257.0,User23,,
1490125279198,Mouse Moved,509.0,255.0,User23,,
1490125279308,Mouse Moved,502.0,255.0,User23,,
1490125279323,Mouse Moved,494.0,255.0,User23,,
1490125279385,Mouse Moved,488.0,256.0,User23,,
1490125279510,Mouse Moved,496.0,259.0,User23,,
1490125279526,Mouse Moved,648.0,321.0,User23,,
1490125279635,Mouse Moved,660.0,330.0,User23,,
1490125279822,Mouse Moved,665.0,337.0,User23,,
1490125279838,Mouse Moved,713.0,385.0,User23,,
1490125279963,Mouse Moved,715.0,387.0,User23,,
1490125279979,Mouse Moved,718.0,390.0,User23,,
1490125280165,Mouse Moved,722.0,399.0,User23,,
1490125280181,Mouse Moved,718.0,399.0,User23,,
1490125280197,Mouse Moved,709.0,401.0,User23,,
1490125280213,Mouse Moved,695.0,403.0,User23,,
1490125280229,Mouse Moved,679.0,409.0,User23,,
1490125280243,Mouse Moved,656.0,410.0,User23,,
1490125280259,Mouse Moved,628.0,409.0,User23,,
1490125280276,Mouse Moved,601.0,398.0,User23,,
1490125280290,Mouse Moved,590.0,394.0,User23,,
1490125280306,Mouse Moved,572.0,383.0,User23,,
1490125280447,Mouse Moved,565.0,377.0,User23,,
1490125280665,Mouse Moved,552.0,366.0,User23,,
1490125280697,Mouse Moved,548.0,370.0,User23,,
1490125280711,Mouse Moved,538.0,376.0,User23,,
1490125280727,Mouse Moved,528.0,382.0,User23,,
1490125280743,Mouse Moved,523.0,384.0,User23,,
1490125280759,Mouse Moved,510.0,387.0,User23,,
1490125280775,Mouse Moved,499.0,388.0,User23,,
1490125280789,Mouse Moved,492.0,389.0,User23,,
1490125280805,Mouse Moved,481.0,389.0,User23,,
1490125280822,Mouse Moved,474.0,389.0,User23,,
1490125280836,Mouse Moved,468.0,388.0,User23,,
1490125280852,Mouse Moved,466.0,388.0,User23,,
1490125280868,Mouse Moved,464.0,387.0,User23,,
1490125280884,Mouse Moved,463.0,387.0,User23,,
1490125280930,Mouse Moved,462.0,387.0,User23,,
1490125280977,Mouse Moved,462.0,386.0,User23,,
1490125280993,Mouse Moved,461.0,385.0,User23,,
1490125281023,Mouse Moved,460.0,382.0,User23,,
1490125281039,Mouse Moved,459.0,378.0,User23,,
1490125281071,Mouse Moved,457.0,374.0,User23,,
1490125281086,Mouse Moved,455.0,371.0,User23,,
1490125281101,Mouse Moved,455.0,370.0,User23,,
1490125281134,Mouse Moved,454.0,369.0,User23,,
1490125281164,Mouse Moved,454.0,368.0,User23,,
1490125281243,Mouse Moved,454.0,367.0,User23,,
1490125281257,Mouse Moved,455.0,365.0,User23,,
1490125281273,Mouse Moved,487.0,353.0,User23,,
1490125281289,Mouse Moved,544.0,335.0,User23,,
1490125281305,Mouse Moved,666.0,311.0,User23,,
1490125281335,Mouse Moved,740.0,315.0,User23,,
1490125281351,Mouse Moved,831.0,335.0,User23,,
1490125281368,Mouse Moved,850.0,340.0,User23,,
1490125281382,Mouse Moved,857.0,345.0,User23,,
1490125281398,Mouse Moved,870.0,357.0,User23,,
1490125281414,Mouse Moved,872.0,360.0,User23,,
1490125281726,Mouse Moved,872.0,360.0,User23,,
1490125281742,Mouse Moved,872.0,360.0,User23,,
1490125281757,Mouse Moved,872.0,360.0,User23,,
1490125281773,Mouse Scrolled (0 -1),872.0,360.0,User23,,
1490125281789,Mouse Moved,872.0,360.0,User23,,
1490125281803,Mouse Scrolled (0 -1),872.0,360.0,User23,,
1490125281819,Mouse Moved,872.0,360.0,User23,,
1490125281881,Mouse Moved,872.0,360.0,User23,,
1490125281928,Mouse Moved,872.0,360.0,User23,,
1490125281960,Mouse Moved,872.0,360.0,User23,,
1490125282023,Mouse Moved,872.0,360.0,User23,,
1490125282194,Mouse Moved,872.0,360.0,User23,,
1490125282210,Mouse Moved,872.0,360.0,User23,,
1490125282226,Mouse Moved,872.0,360.0,User23,,
1490125282240,Mouse Moved,872.0,360.0,User23,,
1490125282256,Mouse Moved,872.0,360.0,User23,,
1490125282272,Mouse Moved,872.0,360.0,User23,,
1490125282288,Mouse Moved,872.0,360.0,User23,,
1490125282319,Mouse Moved,872.0,360.0,User23,,
1490125282444,Mouse Moved,872.0,360.0,User23,,
1490125282990,Mouse Moved,872.0,360.0,User23,,
1490125283068,Mouse Moved,872.0,360.0,User23,,
1490125284065,Mouse Moved,871.0,362.0,User23,,
1490125284082,Mouse Moved,867.0,379.0,User23,,
1490125284098,Mouse Moved,864.0,385.0,User23,,
1490125284128,Mouse Moved,842.0,418.0,User23,,
1490125284144,Mouse Moved,834.0,435.0,User23,,
1490125284160,Mouse Moved,826.0,449.0,User23,,
1490125284176,Mouse Moved,822.0,457.0,User23,,
1490125284190,Mouse Moved,819.0,465.0,User23,,
1490125284207,Mouse Moved,818.0,467.0,User23,,
1490125284221,Mouse Moved,817.0,470.0,User23,,
1490125284237,Mouse Moved,816.0,475.0,User23,,
1490125284269,Mouse Moved,816.0,476.0,User23,,
1490125284285,Mouse Moved,816.0,477.0,User23,,
1490125284362,Mouse Moved,816.0,478.0,User23,,
1490125284394,Mouse Moved,816.0,480.0,User23,,
1490125284410,Mouse Moved,815.0,481.0,User23,,
1490125284424,Mouse Moved,815.0,482.0,User23,,
1490125284440,Mouse Moved,815.0,483.0,User23,,
1490125284456,Mouse Moved,814.0,487.0,User23,,
1490125284487,Mouse Moved,814.0,490.0,User23,,
1490125284503,Mouse Moved,813.0,495.0,User23,,
1490125284581,Mouse Moved,813.0,496.0,User23,,
1490125284674,Mouse Moved,813.0,496.0,User23,,
1490125288528,Mouse Moved,813.0,497.0,User23,,
1490125288543,Mouse Moved,817.0,488.0,User23,,
1490125288559,Mouse Moved,821.0,473.0,User23,,
1490125288575,Mouse Moved,823.0,461.0,User23,,
1490125288589,Mouse Moved,825.0,454.0,User23,,
1490125288605,Mouse Moved,828.0,439.0,User23,,
1490125288621,Mouse Moved,830.0,426.0,User23,,
1490125288637,Mouse Moved,830.0,424.0,User23,,
1490125288653,Mouse Moved,831.0,419.0,User23,,
1490125288762,Mouse Moved,831.0,417.0,User23,,
1490125288778,Mouse Moved,832.0,410.0,User23,,
1490125294269,Mouse Moved,832.0,410.0,User23,,
1490125294299,Mouse Moved,832.0,410.0,User23,,
1490125294315,Mouse Scrolled (0 2),832.0,410.0,User23,,
1490125294346,Mouse Moved,832.0,410.0,User23,,
1490125294361,Mouse Moved,832.0,410.0,User23,,
1490125294378,Mouse Moved,832.0,410.0,User23,,
1490125294408,Mouse Moved,832.0,410.0,User23,,
1490125294440,Mouse Moved,832.0,410.0,User23,,
1490125294503,Mouse Moved,832.0,410.0,User23,,
1490125294565,Mouse Moved,832.0,410.0,User23,,
1490125294595,Mouse Moved,832.0,410.0,User23,,
1490125294642,Mouse Moved,832.0,410.0,User23,,
1490125295079,Mouse Moved,833.0,409.0,User23,,
1490125295095,Mouse Moved,835.0,408.0,User23,,
1490125295111,Mouse Moved,840.0,404.0,User23,,
1490125295127,Mouse Moved,851.0,399.0,User23,,
1490125295141,Mouse Moved,859.0,398.0,User23,,
1490125295157,Mouse Moved,878.0,397.0,User23,,
1490125295174,Mouse Moved,883.0,397.0,User23,,
1490125295188,Mouse Moved,898.0,405.0,User23,,
1490125295204,Mouse Moved,906.0,413.0,User23,,
1490125295220,Mouse Moved,917.0,423.0,User23,,
1490125295236,Mouse Moved,928.0,438.0,User23,,
1490125295252,Mouse Moved,932.0,443.0,User23,,
1490125295266,Mouse Moved,933.0,445.0,User23,,
1490125295282,Mouse Moved,936.0,450.0,User23,,
1490125295313,Mouse Moved,940.0,452.0,User23,,
1490125295532,Mouse Moved,943.0,449.0,User23,,
1490125295548,Mouse Moved,959.0,424.0,User23,,
1490125295563,Mouse Moved,1038.0,332.0,User23,,
1490125295578,Mouse Moved,1079.0,305.0,User23,,
1490125295595,Mouse Moved,1194.0,249.0,User23,,
1490125295609,Mouse Moved,1269.0,216.0,User23,,
1490125295625,Mouse Moved,1320.0,189.0,User23,,
1490125295641,Mouse Moved,1329.0,182.0,User23,,
1490125295657,Mouse Moved,1348.0,171.0,User23,,
1490125295673,Mouse Moved,1353.0,168.0,User23,,
1490125295687,Mouse Moved,1360.0,166.0,User23,,
1490125295703,Mouse Moved,1362.0,166.0,User23,,
1490125295720,Mouse Moved,1364.0,168.0,User23,,
1490125295859,Mouse Moved,1365.0,168.0,User23,,
1490125295875,Mouse Moved,1367.0,166.0,User23,,
1490125295891,Mouse Moved,1397.0,148.0,User23,,
1490125295907,Mouse Moved,1446.0,124.0,User23,,
1490125295921,Mouse Moved,1458.0,119.0,User23,,
1490125295937,Mouse Moved,1472.0,115.0,User23,,
1490125295953,Mouse Moved,1487.0,112.0,User23,,
1490125295969,Mouse Moved,1493.0,112.0,User23,,
1490125295984,Mouse Moved,1499.0,112.0,User23,,
1490125296000,Mouse Moved,1501.0,112.0,User23,,
1490125296016,Mouse Moved,1505.0,112.0,User23,,
1490125296032,Mouse Moved,1508.0,112.0,User23,,
1490125296046,Mouse Moved,1509.0,112.0,User23,,
1490125296062,Mouse Moved,1512.0,112.0,User23,,
1490125296094,Mouse Moved,1513.0,112.0,User23,,
1490125296187,Mouse Moved,1512.0,112.0,User23,,
1490125296203,Mouse Moved,1510.0,112.0,User23,,
1490125296219,Mouse Moved,1508.0,111.0,User23,,
1490125296250,Mouse Moved,1504.0,109.0,User23,,
1490125296266,Mouse Moved,1497.0,105.0,User23,,
1490125296280,Mouse Moved,1495.0,105.0,User23,,
1490125296296,Mouse Moved,1495.0,104.0,User23,,
1490125296312,Mouse Moved,1492.0,103.0,User23,,
1490125296328,Mouse Moved,1491.0,102.0,User23,,
1490125296344,Mouse Moved,1489.0,100.0,User23,,
1490125296358,Mouse Moved,1488.0,100.0,User23,,
1490125296390,Mouse Moved,1487.0,100.0,User23,,
1490125296405,Mouse Moved,1486.0,99.0,User23,,
1490125296453,Mouse Moved,1485.0,99.0,User23,,
1490125296483,Mouse Moved,1485.0,98.0,User23,,
1490125296500,Mouse Moved,1484.0,98.0,User23,,
1490125296515,Mouse Moved,1484.0,97.0,User23,,
1490125296592,Mouse Moved,1484.0,98.0,User23,,
1490125296826,Mouse Moved,1482.0,99.0,User23,,
1490125296842,Mouse Moved,1470.0,104.0,User23,,
1490125296858,Mouse Moved,1336.0,117.0,User23,,
1490125296874,Mouse Moved,1250.0,130.0,User23,,
1490125296890,Mouse Moved,1098.0,136.0,User23,,
1490125296904,Mouse Moved,1030.0,132.0,User23,,
1490125296921,Mouse Moved,937.0,138.0,User23,,
1490125296936,Mouse Moved,925.0,139.0,User23,,
1490125296951,Mouse Moved,900.0,140.0,User23,,
1490125296967,Mouse Moved,890.0,139.0,User23,,
1490125296983,Mouse Moved,886.0,137.0,User23,,
1490125296999,Mouse Moved,883.0,132.0,User23,,
1490125297186,Mouse Moved,867.0,114.0,User23,,
1490125297201,Mouse Moved,815.0,136.0,User23,,
1490125297217,Mouse Moved,692.0,162.0,User23,,
1490125297233,Mouse Moved,540.0,164.0,User23,,
1490125297247,Mouse Moved,491.0,164.0,User23,,
1490125297263,Mouse Moved,417.0,161.0,User23,,
1490125297279,Mouse Moved,405.0,157.0,User23,,
1490125297295,Mouse Moved,388.0,153.0,User23,,
1490125297311,Mouse Moved,384.0,150.0,User23,,
1490125297325,Mouse Moved,379.0,147.0,User23,,
1490125297342,Mouse Moved,378.0,146.0,User23,,
1490125297358,Mouse Moved,378.0,144.0,User23,,
1490125297513,Mouse Moved,376.0,144.0,User23,,
1490125297529,Mouse Moved,367.0,146.0,User23,,
1490125297545,Mouse Moved,310.0,155.0,User23,,
1490125297559,Mouse Moved,212.0,155.0,User23,,
1490125297575,Mouse Moved,168.0,155.0,User23,,
1490125297592,Mouse Moved,130.0,149.0,User23,,
1490125297607,Mouse Moved,116.0,144.0,User23,,
1490125297622,Mouse Moved,106.0,140.0,User23,,
1490125297638,Mouse Moved,104.0,140.0,User23,,
1490125297654,Mouse Moved,99.0,137.0,User23,,
1490125297670,Mouse Moved,98.0,136.0,User23,,
1490125297684,Mouse Moved,97.0,135.0,User23,,
1490125297996,Mouse Moved,98.0,135.0,User23,,
1490125298013,Mouse Moved,101.0,135.0,User23,,
1490125298028,Mouse Moved,102.0,135.0,User23,,
1490125298043,Mouse Moved,107.0,138.0,User23,,
1490125298059,Mouse Moved,109.0,140.0,User23,,
1490125298075,Mouse Moved,114.0,146.0,User23,,
1490125298091,Mouse Moved,117.0,150.0,User23,,
1490125298105,Mouse Moved,121.0,160.0,User23,,
1490125298121,Mouse Moved,122.0,163.0,User23,,
1490125298138,Mouse Moved,123.0,171.0,User23,,
1490125298153,Mouse Moved,123.0,176.0,User23,,
1490125298871,Mouse Moved,123.0,178.0,User23,,
1490125298885,Mouse Moved,129.0,241.0,User23,,
1490125298901,Mouse Moved,131.0,315.0,User23,,
1490125299010,Mouse Moved,131.0,364.0,User23,,
1490125299026,Mouse Moved,135.0,535.0,User23,,
1490125299042,Mouse Moved,132.0,570.0,User23,,
1490125299276,Mouse Moved,129.0,579.0,User23,,
1490125299292,Mouse Moved,126.0,582.0,User23,,
1490125299308,Mouse Moved,115.0,598.0,User23,,
1490125299322,Mouse Moved,99.0,616.0,User23,,
1490125299338,Mouse Moved,94.0,623.0,User23,,
1490125299354,Mouse Moved,84.0,632.0,User23,,
1490125299479,Mouse Moved,76.0,637.0,User23,,
1490125299494,Mouse Moved,48.0,650.0,User23,,
1490125299604,Mouse Moved,47.0,651.0,User23,,
1490125299665,Mouse Moved,36.0,658.0,User23,,
1490125299790,Mouse Moved,36.0,658.0,User23,,
1490125299931,Mouse Moved,36.0,658.0,User23,,
1490125299947,Mouse Button.left Pressed,36.0,658.0,User23,,
1490125304674,Mouse Moved,38.0,655.0,User23,,
1490125304690,Mouse Moved,73.0,605.0,User23,,
1490125304704,Mouse Moved,138.0,505.0,User23,,
1490125304720,Mouse Moved,169.0,457.0,User23,,
1490125304736,Mouse Moved,207.0,397.0,User23,,
1490125304752,Mouse Moved,220.0,378.0,User23,,
1490125304767,Mouse Moved,236.0,359.0,User23,,
1490125304782,Mouse Moved,253.0,340.0,User23,,
1490125304799,Mouse Moved,259.0,333.0,User23,,
1490125306779,Mouse Moved,262.0,329.0,User23,,
1490125306796,Mouse Button.left Pressed,262.0,329.0,User23,,
1490125306874,Mouse Moved,262.0,329.0,User23,,
1490125309276,Mouse Moved,265.0,325.0,User23,,
1490125309292,Mouse Moved,308.0,257.0,User23,,
1490125309415,Mouse Moved,486.0,95.0,User23,,
1490125309431,Mouse Moved,550.0,67.0,User23,,
1490125312022,Mouse Moved,558.0,74.0,User23,,
1490125312036,Mouse Moved,556.0,91.0,User23,,
1490125312052,Mouse Moved,516.0,269.0,User23,,
1490125312068,Mouse Moved,507.0,302.0,User23,,
1490125312084,Mouse Moved,469.0,411.0,User23,,
1490125312099,Mouse Moved,451.0,473.0,User23,,
1490125312115,Mouse Moved,433.0,541.0,User23,,
1490125312131,Mouse Moved,426.0,563.0,User23,,
1490125312145,Mouse Moved,418.0,593.0,User23,,
1490125312161,Mouse Moved,414.0,600.0,User23,,
1490125312177,Mouse Moved,411.0,607.0,User23,,
1490125314283,Mouse Moved,412.0,607.0,User23,,
1490125314299,Mouse Button.left Pressed,412.0,607.0,User23,,
1490125314424,Mouse Moved,412.0,607.0,User23,,
1490125314938,Mouse Moved,408.0,613.0,User23,,
1490125314953,Mouse Moved,405.0,617.0,User23,,
1490125314970,Mouse Moved,386.0,645.0,User23,,
1490125314986,Mouse Moved,370.0,666.0,User23,,
1490125315000,Mouse Moved,337.0,704.0,User23,,
1490125315016,Mouse Moved,314.0,732.0,User23,,
1490125315032,Mouse Moved,281.0,769.0,User23,,
1490125315048,Mouse Moved,268.0,789.0,User23,,
1490125315063,Mouse Moved,249.0,813.0,User23,,
1490125315078,Mouse Moved,240.0,822.0,User23,,
1490125315375,Mouse Moved,235.0,822.0,User23,,
1490125315391,Mouse Moved,228.0,824.0,User23,,
1490125315407,Mouse Moved,224.0,826.0,User23,,
1490125315421,Mouse Moved,222.0,827.0,User23,,
1490125315437,Mouse Moved,219.0,829.0,User23,,
1490125315453,Mouse Moved,217.0,830.0,User23,,
1490125315484,Mouse Moved,216.0,830.0,User23,,
1490125315500,Mouse Moved,216.0,831.0,User23,,
1490125315516,Mouse Moved,215.0,831.0,User23,,
1490125315532,Mouse Moved,215.0,833.0,User23,,
1490125315546,Mouse Moved,214.0,833.0,User23,,
1490125315562,Mouse Moved,213.0,834.0,User23,,
1490125315578,Mouse Moved,213.0,835.0,User23,,
1490125315609,Mouse Moved,212.0,835.0,User23,,
1490125315625,Mouse Moved,212.0,836.0,User23,,
1490125315641,Mouse Moved,212.0,837.0,User23,,
1490125315719,Mouse Moved,211.0,838.0,User23,,
1490125315733,Mouse Moved,209.0,839.0,User23,,
1490125315750,Mouse Moved,207.0,840.0,User23,,
1490125315766,Mouse Moved,202.0,841.0,User23,,
1490125315780,Mouse Moved,198.0,842.0,User23,,
1490125315796,Mouse Moved,194.0,842.0,User23,,
1490125315812,Mouse Moved,190.0,842.0,User23,,
1490125315828,Mouse Moved,187.0,842.0,User23,,
1490125315844,Mouse Moved,182.0,843.0,User23,,
1490125315858,Mouse Moved,179.0,844.0,User23,,
1490125315875,Mouse Moved,178.0,844.0,User23,,
1490125315921,Mouse Moved,177.0,844.0,User23,,
1490125315937,Mouse Moved,176.0,844.0,User23,,
1490125315953,Mouse Moved,174.0,844.0,User23,,
1490125315967,Mouse Moved,174.0,843.0,User23,,
1490125315983,Mouse Button.left Pressed,174.0,843.0,User23,,
1490125316078,Mouse Moved,174.0,843.0,User23,,
1490125318246,Mouse Moved,175.0,841.0,User23,,
1490125318262,Mouse Moved,188.0,818.0,User23,,
1490125318276,Mouse Moved,220.0,772.0,User23,,
1490125318292,Mouse Moved,322.0,646.0,User23,,
1490125318308,Mouse Moved,390.0,593.0,User23,,
1490125318323,Mouse Moved,555.0,508.0,User23,,
1490125318339,Mouse Moved,626.0,482.0,User23,,
1490125318355,Mouse Moved,709.0,473.0,User23,,
1490125318371,Mouse Moved,728.0,469.0,User23,,
1490125318385,Mouse Moved,743.0,469.0,User23,,
1490125318401,Mouse Moved,746.0,469.0,User23,,
1490125318417,Mouse Moved,749.0,470.0,User23,,
1490125318433,Mouse Moved,752.0,484.0,User23,,
1490125318619,Mouse Moved,755.0,484.0,User23,,
1490125318635,Mouse Moved,758.0,484.0,User23,,
1490125318651,Mouse Moved,769.0,482.0,User23,,
1490125318667,Mouse Moved,776.0,482.0,User23,,
1490125318683,Mouse Moved,787.0,481.0,User23,,
1490125318697,Mouse Moved,790.0,481.0,User23,,
1490125318713,Mouse Moved,795.0,481.0,User23,,
1490125318838,Mouse Moved,798.0,481.0,User23,,
1490125318979,Mouse Moved,804.0,482.0,User23,,
1490125318994,Mouse Moved,807.0,476.0,User23,,
1490125319119,Mouse Moved,807.0,474.0,User23,,
1490125319134,Mouse Moved,807.0,472.0,User23,,
1490125319243,Mouse Moved,806.0,473.0,User23,,
1490125321661,Mouse Moved,807.0,471.0,User23,,
1490125321677,Mouse Moved,804.0,467.0,User23,,
1490125321694,Mouse Moved,799.0,461.0,User23,,
1490125321709,Mouse Moved,772.0,432.0,User23,,
1490125321724,Mouse Moved,745.0,416.0,User23,,
1490125321740,Mouse Moved,708.0,394.0,User23,,
1490125321756,Mouse Moved,686.0,387.0,User23,,
1490125321772,Mouse Moved,674.0,381.0,User23,,
1490125321786,Mouse Moved,664.0,379.0,User23,,
1490125321802,Mouse Moved,657.0,377.0,User23,,
1490125321818,Mouse Moved,649.0,375.0,User23,,
1490125321834,Mouse Moved,646.0,373.0,User23,,
1490125321849,Mouse Moved,644.0,339.0,User23,,
1490125322020,Mouse Moved,641.0,339.0,User23,,
1490125322036,Mouse Moved,635.0,339.0,User23,,
1490125322052,Mouse Moved,622.0,343.0,User23,,
1490125322068,Mouse Moved,561.0,352.0,User23,,
1490125322084,Mouse Moved,506.0,362.0,User23,,
1490125322098,Mouse Moved,461.0,363.0,User23,,
1490125322115,Mouse Moved,449.0,365.0,User23,,
1490125322130,Mouse Moved,434.0,366.0,User23,,
1490125322145,Mouse Moved,424.0,368.0,User23,,
1490125322161,Mouse Moved,421.0,368.0,User23,,
1490125322177,Mouse Moved,418.0,369.0,User23,,
1490125322193,Mouse Moved,415.0,369.0,User23,,
1490125322395,Mouse Moved,414.0,369.0,User23,,
1490125322411,Mouse Moved,412.0,367.0,User23,,
1490125322427,Mouse Moved,406.0,365.0,User23,,
1490125322441,Mouse Moved,403.0,363.0,User23,,
1490125322457,Mouse Moved,399.0,361.0,User23,,
1490125322473,Mouse Moved,398.0,361.0,User23,,
1490125322489,Mouse Moved,396.0,360.0,User23,,
1490125322519,Mouse Moved,395.0,360.0,User23,,
1490125322536,Mouse Moved,395.0,359.0,User23,,
1490125322552,Mouse Moved,394.0,359.0,User23,,
1490125322566,Mouse Moved,393.0,358.0,User23,,
1490125322582,Mouse Moved,392.0,357.0,User23,,
1490125322598,Mouse Moved,391.0,357.0,User23,,
1490125322614,Mouse Moved,390.0,356.0,User23,,
1490125322644,Mouse Moved,389.0,355.0,User23,,
1490125322676,Mouse Moved,389.0,354.0,User23,,
1490125322691,Mouse Moved,388.0,354.0,User23,,
1490125322707,Mouse Moved,388.0,353.0,User23,,
1490125322723,Mouse Moved,386.0,352.0,User23,,
1490125322739,Mouse Moved,384.0,349.0,User23,,
1490125322753,Mouse Moved,381.0,344.0,User23,,
1490125322769,Mouse Moved,380.0,344.0,User23,,
1490125322786,Mouse Moved,377.0,339.0,User23,,
1490125322801,Mouse Moved,376.0,337.0,User23,,
1490125322816,Mouse Moved,375.0,334.0,User23,,
1490125322832,Mouse Moved,372.0,328.0,User23,,
1490125322848,Mouse Moved,370.0,322.0,User23,,
1490125322864,Mouse Moved,369.0,321.0,User23,,
1490125322894,Mouse Moved,368.0,320.0,User23,,
1490125322910,Mouse Moved,368.0,319.0,User23,,
1490125322926,Mouse Moved,368.0,319.0,User23,,
1490125323019,Mouse Moved,368.0,319.0,User23,,
1490125323144,Mouse Moved,368.0,321.0,User23,,
1490125323160,Mouse Moved,368.0,323.0,User23,,
1490125323176,Mouse Moved,368.0,328.0,User23,,
1490125323190,Mouse Moved,368.0,335.0,User23,,
1490125323207,Mouse Moved,369.0,339.0,User23,,
1490125323221,Mouse Moved,370.0,342.0,User23,,
1490125323237,Mouse Moved,371.0,343.0,User23,,
1490125323253,Mouse Moved,371.0,344.0,User23,,
1490125323269,Mouse Moved,372.0,346.0,User23,,
1490125323299,Mouse Moved,372.0,347.0,User23,,
1490125323332,Mouse Moved,372.0,346.0,User23,,
1490125323410,Mouse Moved,372.0,346.0,User23,,
1490125323424,Mouse Button.left Released,372.0,346.0,User23,,
1490125323767,Mouse Moved,371.0,346.0,User23,,
1490125323783,Mouse Moved,371.0,345.0,User23,,
1490125323799,Mouse Moved,369.0,343.0,User23,,
1490125323815,Mouse Moved,368.0,343.0,User23,,
1490125323831,Mouse Moved,368.0,342.0,User23,,
1490125323861,Mouse Moved,368.0,342.0,User23,,
1490125323878,Mouse Moved,367.0,342.0,User23,,
1490125323892,Mouse Moved,367.0,341.0,User23,,
1490125323924,Mouse Moved,367.0,340.0,User23,,
1490125323956,Mouse Moved,366.0,340.0,User23,,
1490125323986,Mouse Moved,366.0,341.0,User23,,
1490125324033,Mouse Moved,366.0,340.0,User23,,
1490125324579,Mouse Moved,367.0,340.0,User23,,
1490125324595,Mouse Moved,372.0,338.0,User23,,
1490125324611,Mouse Moved,465.0,300.0,User23,,
1490125324625,Mouse Moved,572.0,261.0,User23,,
1490125324641,Mouse Moved,653.0,241.0,User23,,
1490125324657,Mouse Moved,694.0,245.0,User23,,
1490125324673,Mouse Moved,719.0,245.0,User23,,
1490125324688,Mouse Moved,735.0,235.0,User23,,
1490125324703,Mouse Moved,742.0,235.0,User23,,
1490125324720,Mouse Moved,752.0,233.0,User23,,
1490125324750,Mouse Moved,753.0,233.0,User23,,
1490125324937,Mouse Moved,757.0,228.0,User23,,
1490125324953,Mouse Moved,768.0,215.0,User23,,
1490125324970,Mouse Moved,860.0,141.0,User23,,
1490125324984,Mouse Moved,887.0,124.0,User23,,
1490125325000,Mouse Moved,925.0,97.0,User23,,
1490125325016,Mouse Moved,934.0,91.0,User23,,
1490125325032,Mouse Moved,947.0,80.0,User23,,
1490125325048,Mouse Moved,959.0,68.0,User23,,
1490125325062,Mouse Moved,962.0,67.0,User23,,
1490125325078,Mouse Moved,965.0,62.0,User23,,
1490125325094,Mouse Moved,966.0,61.0,User23,,
1490125325328,Mouse Moved,966.0,60.0,User23,,
1490125325344,Mouse Moved,961.0,59.0,User23,,
1490125325359,Mouse Moved,957.0,58.0,User23,,
1490125325375,Mouse Moved,947.0,56.0,User23,,
1490125325391,Mouse Moved,943.0,56.0,User23,,
1490125325405,Mouse Moved,938.0,56.0,User23,,
1490125325421,Mouse Moved,937.0,56.0,User23,,
1490125325437,Mouse Moved,936.0,56.0,User23,,
1490125325453,Mouse Moved,935.0,56.0,User23,,
1490125325500,Mouse Moved,934.0,57.0,User23,,
1490125325516,Mouse Moved,932.0,57.0,User23,,
1490125325530,Mouse Moved,930.0,57.0,User23,,
1490125325546,Mouse Moved,929.0,57.0,User23,,
1490125325578,Mouse Moved,928.0,57.0,User23,,
1490125325594,Mouse Moved,927.0,57.0,User23,,
1490125325608,Mouse Moved,926.0,57.0,User23,,
1490125325625,Mouse Moved,924.0,57.0,User23,,
1490125325640,Mouse Moved,921.0,57.0,User23,,
1490125325655,Mouse Moved,917.0,56.0,User23,,
1490125325687,Mouse Moved,916.0,56.0,User23,,
1490125325703,Mouse Moved,912.0,54.0,User23,,
1490125325717,Mouse Moved,911.0,54.0,User23,,
1490125325733,Mouse Moved,909.0,53.0,User23,,
1490125325750,Mouse Moved,907.0,53.0,User23,,
1490125325765,Mouse Moved,904.0,53.0,User23,,
1490125325967,Mouse Moved,904.0,53.0,User23,,
1490125326062,Mouse Moved,904.0,53.0,User23,,
1490125326076,Mouse Button.left Released,904.0,53.0,User23,,
1490125326497,Mouse Moved,898.0,59.0,User23,,
1490125326513,Mouse Moved,880.0,75.0,User23,,
1490125326529,Mouse Moved,825.0,124.0,User23,,
1490125326575,Mouse Moved,706.0,232.0,User23,,
1490125326592,Mouse Moved,642.0,301.0,User23,,
1490125326608,Mouse Moved,541.0,434.0,User23,,
1490125326622,Mouse Moved,462.0,558.0,User23,,
1490125326654,Mouse Moved,437.0,600.0,User23,,
1490125326670,Mouse Moved,420.0,638.0,User23,,
1490125326686,Mouse Moved,414.0,649.0,User23,,
1490125326700,Mouse Moved,408.0,664.0,User23,,
1490125326747,Mouse Moved,403.0,673.0,User23,,
1490125326763,Mouse Moved,401.0,677.0,User23,,
1490125326888,Mouse Moved,399.0,680.0,User23,,
1490125326904,Mouse Moved,389.0,690.0,User23,,
1490125326920,Mouse Moved,379.0,700.0,User23,,
1490125326934,Mouse Moved,323.0,764.0,User23,,
1490125326950,Mouse Moved,291.0,792.0,User23,,
1490125326966,Mouse Moved,281.0,802.0,User23,,
1490125326982,Mouse Moved,266.0,814.0,User23,,
1490125326997,Mouse Moved,263.0,816.0,User23,,
1490125327029,Mouse Moved,255.0,821.0,User23,,
1490125327043,Mouse Moved,251.0,823.0,User23,,
1490125327059,Mouse Moved,250.0,823.0,User23,,
1490125327075,Mouse Moved,242.0,826.0,User23,,
1490125327091,Mouse Moved,236.0,830.0,User23,,
1490125327107,Mouse Moved,224.0,840.0,User23,,
1490125327121,Mouse Moved,214.0,844.0,User23,,
1490125327138,Mouse Moved,206.0,850.0,User23,,
1490125327154,Mouse Moved,201.0,852.0,User23,,
1490125327168,Mouse Moved,197.0,853.0,User23,,
1490125327184,Mouse Moved,196.0,854.0,User23,,
1490125327200,Mouse Moved,193.0,854.0,User23,,
1490125327418,Mouse Moved,191.0,854.0,User23,,
1490125327434,Mouse Moved,189.0,854.0,User23,,
1490125327450,Mouse Moved,188.0,854.0,User23,,
1490125327466,Mouse Moved,181.0,853.0,User23,,
1490125327480,Mouse Moved,176.0,853.0,User23,,
1490125327496,Mouse Moved,174.0,853.0,User23,,
1490125327512,Mouse Moved,172.0,852.0,User23,,
1490125327528,Mouse Moved,169.0,851.0,User23,,
1490125327543,Mouse Moved,168.0,851.0,User23,,
1490125327559,Mouse Moved,168.0,850.0,User23,,
1490125327575,Mouse Moved,166.0,850.0,User23,,
1490125327589,Mouse Moved,166.0,849.0,User23,,
1490125327621,Mouse Moved,164.0,849.0,User23,,
1490125327637,Mouse Moved,162.0,848.0,User23,,
1490125327653,Mouse Moved,162.0,847.0,User23,,
1490125327684,Mouse Moved,158.0,844.0,User23,,
1490125327700,Mouse Moved,157.0,843.0,User23,,
1490125327730,Mouse Moved,157.0,842.0,User23,,
1490125327839,Mouse Moved,157.0,842.0,User23,,
1490125328979,Mouse Moved,160.0,835.0,User23,,
1490125328993,Mouse Moved,454.0,326.0,User23,,
1490125329118,Mouse Moved,572.0,213.0,User23,,
1490125329134,Mouse Moved,827.0,66.0,User23,,
1490125329259,Mouse Moved,829.0,65.0,User23,,
1490125329275,Mouse Moved,833.0,65.0,User23,,
1490125329384,Mouse Moved,842.0,69.0,User23,,
1490125329400,Mouse Moved,885.0,95.0,User23,,
1490125329430,Mouse Moved,922.0,242.0,User23,,
1490125329447,Mouse Moved,917.0,250.0,User23,,
1490125329680,Mouse Moved,913.0,258.0,User23,,
1490125329696,Mouse Moved,913.0,265.0,User23,,
1490125329711,Mouse Moved,917.0,292.0,User23,,
1490125329727,Mouse Moved,923.0,321.0,User23,,
1490125329743,Mouse Moved,925.0,323.0,User23,,
1490125329759,Mouse Moved,925.0,325.0,User23,,
1490125329773,Mouse Moved,928.0,329.0,User23,,
1490125329898,Mouse Moved,928.0,331.0,User23,,
1490125329914,Mouse Moved,929.0,332.0,User23,,
1490125329961,Mouse Moved,930.0,340.0,User23,,
1490125330196,Mouse Moved,929.0,340.0,User23,,
1490125330210,Mouse Moved,929.0,340.0,User23,,
1490125330367,Mouse Moved,925.0,292.0,User23,,
1490125330382,Mouse Moved,940.0,68.0,User23,,
1490125330664,Mouse Moved,943.0,54.0,User23,,
1490125330678,Mouse Moved,931.0,52.0,User23,,
1490125330694,Mouse Moved,926.0,52.0,User23,,
1490125330742,Mouse Moved,925.0,52.0,User23,,
1490125330756,Mouse Moved,920.0,52.0,User23,,
1490125330773,Mouse Moved,919.0,53.0,User23,,
1490125330788,Mouse Moved,918.0,53.0,User23,,
1490125330803,Mouse Moved,918.0,54.0,User23,,
1490125330819,Mouse Moved,917.0,54.0,User23,,
1490125330835,Mouse Moved,918.0,53.0,User23,,
1490125330865,Mouse Moved,915.0,54.0,User23,,
1490125330944,Mouse Moved,915.0,54.0,User23,,
1490125331210,Mouse Moved,910.0,60.0,User23,,
1490125331224,Mouse Moved,890.0,78.0,User23,,
1490125331240,Mouse Moved,842.0,121.0,User23,,
1490125331256,Mouse Moved,795.0,169.0,User23,,
1490125331288,Mouse Moved,684.0,313.0,User23,,
1490125331302,Mouse Moved,664.0,338.0,User23,,
1490125331319,Mouse Moved,631.0,387.0,User23,,
1490125331334,Mouse Moved,608.0,427.0,User23,,
1490125331349,Mouse Moved,571.0,491.0,User23,,
1490125331365,Mouse Moved,552.0,521.0,User23,,
1490125331381,Mouse Moved,551.0,521.0,User23,,
1490125331584,Mouse Moved,551.0,524.0,User23,,
1490125331599,Mouse Moved,549.0,531.0,User23,,
1490125331615,Mouse Moved,476.0,715.0,User23,,
1490125331631,Mouse Moved,435.0,778.0,User23,,
1490125331645,Mouse Moved,427.0,793.0,User23,,
1490125331661,Mouse Moved,424.0,796.0,User23,,
1490125331677,Mouse Moved,422.0,800.0,User23,,
1490125331693,Mouse Moved,421.0,800.0,User23,,
1490125331880,Mouse Moved,421.0,802.0,User23,,
1490125331895,Mouse Moved,419.0,805.0,User23,,
1490125331911,Mouse Moved,417.0,810.0,User23,,
1490125331927,Mouse Moved,414.0,817.0,User23,,
1490125331943,Mouse Moved,412.0,821.0,User23,,
1490125331957,Mouse Moved,408.0,824.0,User23,,
1490125331973,Mouse Moved,405.0,826.0,User23,,
1490125331990,Mouse Moved,404.0,827.0,User23,,
1490125332005,Mouse Moved,403.0,827.0,User23,,
1490125332020,Mouse Moved,403.0,828.0,User23,,
1490125332036,Mouse Moved,402.0,828.0,User23,,
1490125332082,Mouse Moved,401.0,828.0,User23,,
1490125332098,Mouse Moved,401.0,829.0,User23,,
1490125332207,Mouse Moved,400.0,830.0,User23,,
1490125332302,Mouse Moved,399.0,833.0,User23,,
1490125332394,Mouse Moved,399.0,833.0,User23,,
1490125335094,Mouse Moved,398.0,830.0,User23,,
1490125335109,Mouse Moved,398.0,821.0,User23,,
1490125335125,Mouse Moved,403.0,770.0,User23,,
1490125335141,Mouse Moved,415.0,714.0,User23,,
1490125335155,Mouse Moved,443.0,604.0,User23,,
1490125335171,Mouse Moved,463.0,552.0,User23,,
1490125335187,Mouse Moved,505.0,452.0,User23,,
1490125335203,Mouse Moved,560.0,329.0,User23,,
1490125335219,Mouse Moved,565.0,323.0,User23,,
1490125335233,Mouse Moved,578.0,312.0,User23,,
1490125335250,Mouse Moved,584.0,306.0,User23,,
1490125335467,Mouse Moved,584.0,309.0,User23,,
1490125335483,Mouse Moved,584.0,314.0,User23,,
1490125335500,Mouse Moved,585.0,325.0,User23,,
1490125335515,Mouse Moved,580.0,368.0,User23,,
1490125335530,Mouse Moved,577.0,384.0,User23,,
1490125335546,Mouse Moved,576.0,387.0,User23,,
1490125335562,Mouse Moved,576.0,396.0,User23,,
1490125335578,Mouse Moved,576.0,401.0,User23,,
1490125335592,Mouse Moved,576.0,407.0,User23,,
1490125335608,Mouse Moved,576.0,408.0,User23,,
1490125335624,Mouse Moved,575.0,408.0,User23,,
1490125335640,Mouse Moved,575.0,409.0,User23,,
1490125335655,Mouse Moved,575.0,410.0,User23,,
1490125335687,Mouse Moved,575.0,411.0,User23,,
1490125335733,Mouse Moved,574.0,411.0,User23,,
1490125335812,Mouse Moved,573.0,411.0,User23,,
1490125335842,Mouse Moved,572.0,409.0,User23,,
1490125335858,Mouse Moved,569.0,403.0,User23,,
1490125335874,Mouse Moved,566.0,400.0,User23,,
1490125335890,Mouse Moved,565.0,398.0,User23,,
1490125335904,Mouse Moved,562.0,393.0,User23,,
1490125335921,Mouse Moved,562.0,391.0,User23,,
1490125335936,Mouse Moved,561.0,390.0,User23,,
1490125335951,Mouse Moved,560.0,388.0,User23,,
1490125335967,Mouse Moved,560.0,387.0,User23,,
1490125336013,Mouse Moved,560.0,386.0,User23,,
1490125336046,Mouse Moved,560.0,385.0,User23,,
1490125336076,Mouse Moved,561.0,385.0,User23,,
1490125336092,Mouse Moved,562.0,384.0,User23,,
1490125336108,Mouse Moved,563.0,384.0,User23,,
1490125336138,Mouse Moved,563.0,383.0,User23,,
1490125336170,Mouse Moved,563.0,382.0,User23,,
1490125336201,Mouse Moved,564.0,382.0,User23,,
1490125336295,Mouse Moved,566.0,382.0,User23,,
1490125336311,Mouse Moved,575.0,380.0,User23,,
1490125336325,Mouse Moved,654.0,373.0,User23,,
1490125336342,Mouse Moved,691.0,369.0,User23,,
1490125336358,Mouse Moved,768.0,364.0,User23,,
1490125336372,Mouse Moved,807.0,364.0,User23,,
1490125336388,Mouse Moved,836.0,364.0,User23,,
1490125336420,Mouse Moved,853.0,364.0,User23,,
1490125336436,Mouse Moved,861.0,365.0,User23,,
1490125336622,Mouse Moved,864.0,363.0,User23,,
1490125336638,Mouse Moved,886.0,329.0,User23,,
1490125336654,Mouse Moved,923.0,283.0,User23,,
1490125336670,Mouse Moved,950.0,253.0,User23,,
1490125336684,Mouse Moved,958.0,246.0,User23,,
1490125336700,Mouse Moved,969.0,235.0,User23,,
1490125336716,Mouse Moved,971.0,233.0,User23,,
1490125336732,Mouse Moved,974.0,230.0,User23,,
1490125336747,Mouse Moved,976.0,229.0,User23,,
1490125336841,Mouse Moved,974.0,231.0,User23,,
1490125336871,Mouse Moved,970.0,238.0,User23,,
1490125336888,Mouse Moved,961.0,253.0,User23,,
1490125336904,Mouse Moved,958.0,256.0,User23,,
1490125336918,Mouse Moved,954.0,279.0,User23,,
1490125336934,Mouse Moved,953.0,280.0,User23,,
1490125336950,Mouse Moved,952.0,281.0,User23,,
1490125336966,Mouse Moved,952.0,282.0,User23,,
1490125336982,Mouse Moved,951.0,283.0,User23,,
1490125337013,Mouse Moved,951.0,284.0,User23,,
1490125337043,Mouse Moved,950.0,285.0,User23,,
1490125337059,Mouse Moved,949.0,289.0,User23,,
1490125337075,Mouse Moved,948.0,290.0,User23,,
1490125337091,Mouse Moved,948.0,292.0,User23,,
1490125337105,Mouse Moved,948.0,294.0,User23,,
1490125337168,Mouse Moved,947.0,295.0,User23,,
1490125337216,Mouse Moved,946.0,295.0,User23,,
1490125337293,Mouse Moved,946.0,293.0,User23,,
1490125337339,Mouse Moved,945.0,293.0,User23,,
1490125337371,Mouse Moved,944.0,290.0,User23,,
1490125337403,Mouse Moved,943.0,290.0,User23,,
1490125337450,Mouse Moved,943.0,288.0,User23,,
1490125337480,Mouse Moved,943.0,286.0,User23,,
1490125337589,Mouse Moved,943.0,285.0,User23,,
1490125337651,Mouse Moved,943.0,286.0,User23,,
1490125337808,Mouse Moved,949.0,277.0,User23,,
1490125337823,Mouse Moved,982.0,245.0,User23,,
1490125337839,Mouse Moved,1020.0,219.0,User23,,
1490125337855,Mouse Moved,1082.0,182.0,User23,,
1490125337871,Mouse Moved,1102.0,173.0,User23,,
1490125337885,Mouse Moved,1150.0,153.0,User23,,
1490125337901,Mouse Moved,1171.0,150.0,User23,,
1490125337917,Mouse Moved,1211.0,146.0,User23,,
1490125337933,Mouse Moved,1217.0,146.0,User23,,
1490125337948,Mouse Moved,1226.0,150.0,User23,,
1490125337963,Mouse Moved,1233.0,153.0,User23,,
1490125337980,Mouse Moved,1235.0,166.0,User23,,
1490125337996,Mouse Moved,1235.0,169.0,User23,,
1490125338151,Mouse Moved,1238.0,164.0,User23,,
1490125338167,Mouse Moved,1255.0,146.0,User23,,
1490125338183,Mouse Moved,1316.0,95.0,User23,,
1490125338197,Mouse Moved,1342.0,82.0,User23,,
1490125338213,Mouse Moved,1397.0,54.0,User23,,
1490125338230,Mouse Moved,1438.0,37.0,User23,,
1490125338244,Mouse Moved,1449.0,35.0,User23,,
1490125338260,Mouse Moved,1468.0,30.0,User23,,
1490125338276,Mouse Moved,1472.0,29.0,User23,,
1490125338292,Mouse Moved,1476.0,29.0,User23,,
1490125338308,Mouse Moved,1478.0,29.0,User23,,
1490125338369,Mouse Moved,1478.0,32.0,User23,,
1490125338385,Mouse Moved,1477.0,34.0,User23,,
1490125338401,Mouse Moved,1476.0,36.0,User23,,
1490125338417,Mouse Moved,1474.0,38.0,User23,,
1490125338431,Mouse Moved,1469.0,48.0,User23,,
1490125338447,Mouse Moved,1457.0,74.0,User23,,
1490125338463,Mouse Moved,1451.0,88.0,User23,,
1490125338479,Mouse Moved,1446.0,96.0,User23,,
1490125338494,Mouse Moved,1445.0,97.0,User23,,
1490125338509,Mouse Moved,1443.0,99.0,User23,,
1490125338526,Mouse Moved,1441.0,101.0,User23,,
1490125338542,Mouse Moved,1440.0,101.0,User23,,
1490125338556,Mouse Moved,1433.0,102.0,User23,,
1490125338572,Mouse Moved,1431.0,102.0,User23,,
1490125338588,Mouse Moved,1430.0,102.0,User23,,
1490125338604,Mouse Moved,1429.0,102.0,User23,,
1490125338634,Mouse Moved,1428.0,102.0,User23,,
1490125338651,Mouse Moved,1425.0,102.0,User23,,
1490125338665,Mouse Moved,1424.0,101.0,User23,,
1490125338776,Mouse Moved,1421.0,99.0,User23,,
1490125338790,Mouse Moved,1417.0,95.0,User23,,
1490125338806,Mouse Button.left Pressed,1410.0,92.0,User23,,
1490125338915,Mouse Moved,1409.0,92.0,User23,,
1490125339571,Mouse Moved,1409.0,93.0,User23,,
1490125339586,Mouse Moved,1230.0,247.0,User23,,
1490125339601,Mouse Moved,1102.0,294.0,User23,,
1490125339634,Mouse Moved,1083.0,300.0,User23,,
1490125339648,Mouse Moved,1040.0,310.0,User23,,
1490125339773,Mouse Moved,1030.0,311.0,User23,,
1490125339789,Mouse Moved,1027.0,311.0,User23,,
1490125339914,Mouse Moved,1023.0,311.0,User23,,
1490125340039,Mouse Moved,1015.0,311.0,User23,,
1490125340055,Mouse Moved,982.0,307.0,User23,,
1490125340085,Mouse Moved,957.0,293.0,User23,,
1490125340132,Mouse Moved,956.0,292.0,User23,,
1490125340164,Mouse Moved,956.0,291.0,User23,,
1490125340180,Mouse Moved,955.0,289.0,User23,,
1490125340194,Mouse Moved,954.0,287.0,User23,,
1490125340351,Mouse Moved,954.0,286.0,User23,,
1490125340648,Mouse Moved,954.0,286.0,User23,,
1490125340788,Mouse Moved,954.0,286.0,User23,,
1490125341099,Mouse Moved,953.0,287.0,User23,,
1490125341115,Mouse Moved,788.0,386.0,User23,,
1490125341131,Mouse Moved,580.0,526.0,User23,,
1490125341147,Mouse Moved,527.0,552.0,User23,,
1490125341209,Mouse Moved,478.0,585.0,User23,,
1490125341224,Mouse Moved,386.0,649.0,User23,,
1490125341349,Mouse Moved,376.0,654.0,User23,,
1490125341443,Mouse Moved,373.0,659.0,User23,,
1490125341459,Mouse Moved,301.0,706.0,User23,,
1490125341473,Mouse Moved,248.0,732.0,User23,,
1490125341490,Mouse Moved,177.0,769.0,User23,,
1490125341506,Mouse Moved,138.0,789.0,User23,,
1490125341520,Mouse Moved,114.0,801.0,User23,,
1490125341536,Mouse Moved,96.0,807.0,User23,,
1490125341552,Mouse Moved,89.0,809.0,User23,,
1490125341568,Mouse Moved,84.0,810.0,User23,,
1490125341584,Mouse Moved,82.0,811.0,User23,,
1490125341598,Mouse Moved,81.0,811.0,User23,,
1490125341895,Mouse Moved,77.0,811.0,User23,,
1490125341911,Mouse Moved,73.0,811.0,User23,,
1490125341927,Mouse Moved,66.0,811.0,User23,,
1490125341941,Mouse Moved,55.0,815.0,User23,,
1490125341957,Mouse Moved,50.0,816.0,User23,,
1490125341973,Mouse Moved,44.0,819.0,User23,,
1490125341989,Mouse Moved,41.0,821.0,User23,,
1490125342005,Mouse Moved,39.0,822.0,User23,,
1490125342019,Mouse Moved,38.0,823.0,User23,,
1490125342052,Mouse Moved,37.0,823.0,User23,,
1490125342176,Mouse Moved,37.0,822.0,User23,,
1490125342269,Mouse Moved,37.0,822.0,User23,,
1490125342286,Mouse Button.left Released,37.0,822.0,User23,,
1490125342503,Mouse Moved,37.0,823.0,User23,,
1490125342565,Mouse Moved,36.0,823.0,User23,,
1490125342582,Mouse Moved,35.0,824.0,User23,,
1490125342598,Mouse Moved,33.0,828.0,User23,,
1490125342612,Mouse Moved,30.0,835.0,User23,,
1490125342628,Mouse Moved,29.0,836.0,User23,,
1490125342644,Mouse Moved,29.0,837.0,User23,,
1490125342676,Mouse Moved,28.0,837.0,User23,,
1490125342690,Mouse Moved,29.0,837.0,User23,,
1490125342707,Mouse Button.left Pressed,29.0,837.0,User23,,
1490125342785,Mouse Moved,29.0,837.0,User23,,
1490125345640,Mouse Moved,28.0,833.0,User23,,
1490125345654,Mouse Moved,38.0,802.0,User23,,
1490125345671,Mouse Moved,66.0,739.0,User23,,
1490125345686,Mouse Moved,91.0,676.0,User23,,
1490125345701,Mouse Moved,114.0,620.0,User23,,
1490125345717,Mouse Moved,126.0,592.0,User23,,
1490125345733,Mouse Moved,145.0,560.0,User23,,
1490125345749,Mouse Moved,157.0,540.0,User23,,
1490125345763,Mouse Moved,159.0,536.0,User23,,
1490125345779,Mouse Moved,164.0,528.0,User23,,
1490125345796,Mouse Moved,167.0,524.0,User23,,
1490125345811,Mouse Moved,168.0,523.0,User23,,
1490125345826,Mouse Moved,168.0,522.0,User23,,
1490125346746,Mouse Moved,167.0,522.0,User23,,
1490125346763,Mouse Button.left Pressed,167.0,522.0,User23,,
1490125346841,Mouse Moved,167.0,522.0,User23,,
1490125348650,Mouse Moved,170.0,520.0,User23,,
1490125348775,Mouse Moved,186.0,493.0,User23,,
1490125348790,Mouse Moved,310.0,281.0,User23,,
1490125348805,Mouse Moved,566.0,25.0,User23,,
1490125348822,Mouse Moved,569.0,22.0,User23,,
1490125348947,Mouse Moved,570.0,22.0,User23,,
1490125348961,Mouse Moved,552.0,43.0,User23,,
1490125349072,Mouse Moved,534.0,51.0,User23,,
1490125349086,Mouse Moved,531.0,52.0,User23,,
1490125349102,Mouse Moved,470.0,108.0,User23,,
1490125349118,Mouse Moved,464.0,112.0,User23,,
1490125349211,Mouse Moved,463.0,112.0,User23,,
1490125349227,Mouse Moved,463.0,109.0,User23,,
1490125349351,Mouse Moved,463.0,105.0,User23,,
1490125349368,Mouse Moved,469.0,96.0,User23,,
1490125349414,Mouse Moved,477.0,91.0,User23,,
1490125349430,Mouse Moved,478.0,90.0,User23,,
1490125349507,Mouse Moved,479.0,89.0,User23,,
1490125349523,Mouse Moved,480.0,89.0,User23,,
1490125349539,Mouse Moved,482.0,87.0,User23,,
1490125349648,Mouse Moved,482.0,86.0,User23,,
1490125349680,Mouse Moved,482.0,85.0,User23,,
1490125349726,Mouse Moved,482.0,86.0,User23,,
1490125350023,Mouse Moved,480.0,89.0,User23,,
1490125350039,Mouse Moved,473.0,98.0,User23,,
1490125350053,Mouse Moved,452.0,139.0,User23,,
1490125350069,Mouse Moved,426.0,187.0,User23,,
1490125350085,Mouse Moved,332.0,342.0,User23,,
1490125350210,Mouse Moved,268.0,495.0,User23,,
1490125350226,Mouse Moved,232.0,599.0,User23,,
1490125350365,Mouse Moved,196.0,692.0,User23,,
1490125350398,Mouse Moved,186.0,704.0,User23,,
1490125350413,Mouse Moved,145.0,769.0,User23,,
1490125350428,Mouse Moved,118.0,808.0,User23,,
1490125350460,Mouse Moved,109.0,821.0,User23,,
1490125350599,Mouse Moved,99.0,841.0,User23,,
1490125350615,Mouse Moved,97.0,845.0,User23,,
1490125350724,Mouse Moved,98.0,845.0,User23,,
1490125350788,Mouse Moved,98.0,845.0,User23,,
1490125351864,Mouse Moved,99.0,841.0,User23,,
1490125351880,Mouse Moved,119.0,812.0,User23,,
1490125351894,Mouse Moved,208.0,683.0,User23,,
1490125351911,Mouse Moved,325.0,525.0,User23,,
1490125351926,Mouse Moved,351.0,501.0,User23,,
1490125351941,Mouse Moved,425.0,413.0,User23,,
1490125351957,Mouse Moved,456.0,377.0,User23,,
1490125351973,Mouse Moved,466.0,369.0,User23,,
1490125351989,Mouse Moved,467.0,368.0,User23,,
1490125352003,Mouse Moved,469.0,367.0,User23,,
1490125352036,Mouse Moved,469.0,368.0,User23,,
1490125352051,Mouse Moved,467.0,388.0,User23,,
1490125352066,Mouse Moved,464.0,396.0,User23,,
1490125352082,Mouse Moved,463.0,398.0,User23,,
1490125352098,Mouse Moved,461.0,402.0,User23,,
1490125352114,Mouse Moved,461.0,404.0,User23,,
1490125352128,Mouse Moved,459.0,413.0,User23,,
1490125352144,Mouse Moved,458.0,417.0,User23,,
1490125352160,Mouse Moved,458.0,427.0,User23,,
1490125352176,Mouse Moved,458.0,428.0,User23,,
1490125352191,Mouse Moved,458.0,434.0,User23,,
1490125352253,Mouse Moved,458.0,433.0,User23,,
1490125352269,Mouse Button.left Pressed,458.0,433.0,User23,,
1490125352362,Mouse Moved,458.0,433.0,User23,,
1490125352542,Mouse Moved,459.0,432.0,User23,,
1490125352558,Mouse Moved,473.0,419.0,User23,,
1490125352573,Mouse Moved,493.0,403.0,User23,,
1490125352589,Mouse Moved,528.0,371.0,User23,,
1490125352605,Mouse Moved,540.0,363.0,User23,,
1490125352621,Mouse Moved,559.0,345.0,User23,,
1490125352635,Mouse Moved,566.0,337.0,User23,,
1490125352651,Mouse Moved,580.0,322.0,User23,,
1490125352667,Mouse Moved,588.0,313.0,User23,,
1490125352683,Mouse Moved,590.0,311.0,User23,,
1490125352698,Mouse Moved,593.0,307.0,User23,,
1490125352713,Mouse Moved,595.0,305.0,User23,,
1490125352730,Mouse Moved,596.0,304.0,User23,,
1490125352760,Mouse Moved,599.0,304.0,User23,,
1490125352792,Mouse Moved,599.0,305.0,User23,,
1490125352808,Mouse Moved,598.0,306.0,User23,,
1490125352823,Mouse Moved,592.0,313.0,User23,,
1490125352838,Mouse Moved,591.0,317.0,User23,,
1490125352855,Mouse Moved,583.0,329.0,User23,,
1490125352869,Mouse Moved,577.0,334.0,User23,,
1490125352885,Mouse Moved,566.0,342.0,User23,,
1490125352901,Mouse Moved,560.0,343.0,User23,,
1490125352917,Mouse Moved,554.0,347.0,User23,,
1490125352933,Mouse Moved,551.0,347.0,User23,,
1490125352947,Mouse Moved,548.0,346.0,User23,,
1490125352963,Mouse Moved,547.0,345.0,User23,,
1490125352980,Mouse Moved,546.0,344.0,User23,,
1490125352994,Mouse Moved,545.0,344.0,User23,,
1490125353010,Mouse Moved,542.0,340.0,User23,,
1490125353026,Mouse Moved,540.0,338.0,User23,,
1490125353042,Mouse Moved,536.0,335.0,User23,,
1490125353058,Mouse Moved,534.0,332.0,User23,,
1490125353072,Mouse Moved,531.0,330.0,User23,,
1490125353088,Mouse Moved,528.0,327.0,User23,,
1490125353104,Mouse Moved,527.0,326.0,User23,,
1490125353119,Mouse Moved,526.0,325.0,User23,,
1490125353369,Mouse Moved,524.0,325.0,User23,,
1490125353384,Mouse Moved,521.0,326.0,User23,,
1490125353401,Mouse Moved,504.0,331.0,User23,,
1490125353415,Mouse Moved,475.0,338.0,User23,,
1490125353431,Mouse Moved,468.0,339.0,User23,,
1490125353447,Mouse Moved,451.0,341.0,User23,,
1490125353463,Mouse Moved,444.0,341.0,User23,,
1490125353479,Mouse Moved,435.0,341.0,User23,,
1490125353493,Mouse Moved,432.0,341.0,User23,,
1490125353509,Mouse Moved,426.0,341.0,User23,,
1490125353526,Mouse Moved,425.0,341.0,User23,,
1490125353540,Mouse Moved,422.0,341.0,User23,,
1490125353572,Mouse Moved,421.0,341.0,User23,,
1490125353588,Mouse Moved,420.0,341.0,User23,,
1490125353604,Mouse Moved,419.0,340.0,User23,,
1490125353634,Mouse Moved,417.0,340.0,User23,,
1490125353650,Mouse Moved,416.0,339.0,User23,,
1490125353665,Mouse Moved,415.0,338.0,User23,,
1490125353681,Mouse Moved,413.0,338.0,User23,,
1490125353697,Mouse Moved,412.0,337.0,User23,,
1490125353713,Mouse Moved,411.0,337.0,User23,,
1490125353727,Mouse Moved,411.0,336.0,User23,,
1490125353743,Mouse Moved,410.0,335.0,User23,,
1490125354039,Mouse Moved,410.0,335.0,User23,,
1490125354118,Mouse Moved,410.0,335.0,User23,,
1490125354325,Mouse Moved,411.0,334.0,User23,,
1490125354339,Mouse Moved,417.0,327.0,User23,,
1490125354355,Mouse Moved,429.0,316.0,User23,,
1490125354371,Mouse Moved,470.0,287.0,User23,,
1490125354387,Mouse Moved,497.0,271.0,User23,,
1490125354403,Mouse Moved,510.0,266.0,User23,,
1490125354417,Mouse Moved,529.0,256.0,User23,,
1490125354434,Mouse Moved,535.0,252.0,User23,,
1490125354448,Mouse Moved,547.0,249.0,User23,,
1490125354464,Mouse Moved,554.0,247.0,User23,,
1490125354480,Mouse Moved,559.0,247.0,User23,,
1490125354496,Mouse Moved,566.0,248.0,User23,,
1490125354512,Mouse Moved,567.0,248.0,User23,,
1490125354542,Mouse Moved,570.0,249.0,User23,,
1490125354573,Mouse Moved,571.0,249.0,User23,,
1490125354589,Mouse Moved,572.0,249.0,User23,,
1490125354621,Mouse Moved,573.0,249.0,User23,,
1490125354651,Mouse Moved,574.0,248.0,User23,,
1490125354808,Mouse Moved,574.0,249.0,User23,,
1490125354838,Mouse Moved,574.0,251.0,User23,,
1490125354855,Mouse Moved,574.0,253.0,User23,,
1490125354871,Mouse Moved,575.0,262.0,User23,,
1490125354885,Mouse Moved,575.0,266.0,User23,,
1490125354901,Mouse Moved,575.0,275.0,User23,,
1490125354917,Mouse Moved,573.0,284.0,User23,,
1490125354933,Mouse Moved,572.0,290.0,User23,,
1490125354948,Mouse Moved,570.0,300.0,User23,,
1490125354963,Mouse Moved,568.0,302.0,User23,,
1490125354980,Mouse Moved,567.0,303.0,User23,,
1490125354994,Mouse Moved,566.0,304.0,User23,,
1490125355010,Mouse Moved,554.0,305.0,User23,,
1490125355026,Mouse Moved,543.0,303.0,User23,,
1490125355042,Mouse Moved,522.0,299.0,User23,,
1490125355058,Mouse Moved,510.0,297.0,User23,,
1490125355072,Mouse Moved,485.0,303.0,User23,,
1490125355105,Mouse Moved,476.0,306.0,User23,,
1490125355119,Mouse Moved,450.0,321.0,User23,,
1490125355135,Mouse Moved,437.0,329.0,User23,,
1490125355151,Mouse Moved,431.0,331.0,User23,,
1490125355167,Mouse Moved,427.0,331.0,User23,,
1490125355183,Mouse Moved,425.0,331.0,User23,,
1490125355401,Mouse Moved,426.0,331.0,User23,,
1490125355681,Mouse Moved,426.0,331.0,User23,,
1490125355966,Mouse Moved,429.0,329.0,User23,,
1490125355982,Mouse Moved,438.0,324.0,User23,,
1490125355996,Mouse Moved,521.0,298.0,User23,,
1490125356013,Mouse Moved,606.0,285.0,User23,,
1490125356028,Mouse Moved,664.0,277.0,User23,,
1490125356043,Mouse Moved,755.0,282.0,User23,,
1490125356059,Mouse Moved,811.0,304.0,User23,,
1490125356075,Mouse Moved,827.0,313.0,User23,,
1490125356091,Mouse Moved,869.0,326.0,User23,,
1490125356105,Mouse Moved,878.0,329.0,User23,,
1490125356121,Mouse Moved,881.0,332.0,User23,,
1490125356138,Mouse Moved,886.0,332.0,User23,,
1490125356278,Mouse Moved,887.0,331.0,User23,,
1490125356293,Mouse Moved,892.0,327.0,User23,,
1490125356309,Mouse Moved,896.0,323.0,User23,,
1490125356325,Mouse Moved,912.0,311.0,User23,,
1490125356339,Mouse Moved,920.0,306.0,User23,,
1490125356355,Mouse Moved,931.0,300.0,User23,,
1490125356371,Mouse Moved,937.0,298.0,User23,,
1490125356387,Mouse Moved,948.0,292.0,User23,,
1490125356403,Mouse Moved,951.0,289.0,User23,,
1490125356417,Mouse Moved,959.0,286.0,User23,,
1490125356434,Mouse Moved,959.0,285.0,User23,,
1490125356450,Mouse Moved,961.0,285.0,User23,,
1490125356480,Mouse Moved,962.0,284.0,User23,,
1490125356512,Mouse Moved,963.0,284.0,User23,,
1490125356528,Mouse Moved,963.0,283.0,User23,,
1490125356667,Mouse Moved,962.0,283.0,User23,,
1490125356684,Mouse Moved,962.0,282.0,User23,,
1490125356698,Mouse Moved,961.0,281.0,User23,,
1490125356714,Mouse Moved,961.0,282.0,User23,,
1490125356730,Mouse Moved,961.0,282.0,User23,,
1490125356823,Mouse Moved,961.0,282.0,User23,,
1490125357073,Mouse Moved,959.0,282.0,User23,,
1490125357088,Mouse Moved,958.0,284.0,User23,,
1490125357197,Mouse Moved,956.0,287.0,User23,,
1490125357213,Mouse Moved,706.0,368.0,User23,,
1490125357230,Mouse Moved,607.0,378.0,User23,,
1490125357244,Mouse Moved,599.0,378.0,User23,,
1490125357276,Mouse Moved,591.0,377.0,User23,,
1490125357447,Mouse Moved,587.0,376.0,User23,,
1490125357463,Mouse Moved,586.0,376.0,User23,,
1490125357479,Mouse Moved,578.0,376.0,User23,,
1490125357494,Mouse Moved,570.0,376.0,User23,,
1490125357509,Mouse Moved,550.0,375.0,User23,,
1490125357526,Mouse Moved,491.0,364.0,User23,,
1490125357542,Mouse Moved,479.0,362.0,User23,,
1490125357556,Mouse Moved,459.0,356.0,User23,,
1490125357572,Mouse Moved,446.0,351.0,User23,,
1490125357588,Mouse Moved,441.0,350.0,User23,,
1490125357604,Mouse Moved,439.0,350.0,User23,,
1490125357619,Mouse Moved,438.0,350.0,User23,,
1490125357634,Mouse Moved,437.0,349.0,User23,,
1490125357651,Mouse Moved,436.0,349.0,User23,,
1490125357713,Mouse Moved,435.0,349.0,User23,,
1490125357759,Mouse Moved,434.0,349.0,User23,,
1490125357776,Mouse Moved,433.0,349.0,User23,,
1490125357790,Mouse Moved,432.0,349.0,User23,,
1490125357806,Mouse Moved,429.0,349.0,User23,,
1490125357822,Mouse Moved,428.0,349.0,User23,,
1490125357838,Mouse Moved,425.0,349.0,User23,,
1490125357854,Mouse Moved,424.0,349.0,User23,,
1490125357868,Mouse Moved,423.0,349.0,User23,,
1490125357963,Mouse Moved,424.0,350.0,User23,,
1490125357977,Mouse Moved,424.0,350.0,User23,,
1490125358234,Mouse Moved,424.0,349.0,User23,,
1490125358282,Mouse Moved,424.0,350.0,User23,,
1490125358296,Mouse Moved,424.0,351.0,User23,,
1490125358312,Mouse Moved,422.0,351.0,User23,,
1490125358328,Mouse Moved,420.0,351.0,User23,,
1490125358359,Mouse Moved,416.0,353.0,User23,,
1490125358391,Mouse Moved,415.0,353.0,User23,,
1490125358407,Mouse Moved,414.0,353.0,User23,,
1490125358437,Mouse Moved,412.0,354.0,User23,,
1490125358484,Mouse Moved,411.0,354.0,User23,,
1490125358500,Mouse Moved,411.0,353.0,User23,,
1490125358516,Mouse Moved,411.0,352.0,User23,,
1490125358530,Mouse Moved,411.0,348.0,User23,,
1490125358546,Mouse Moved,411.0,344.0,User23,,
1490125358562,Mouse Moved,414.0,335.0,User23,,
1490125358578,Mouse Moved,421.0,320.0,User23,,
1490125358594,Mouse Moved,427.0,313.0,User23,,
1490125358608,Mouse Moved,432.0,311.0,User23,,
1490125358625,Mouse Moved,435.0,308.0,User23,,
1490125358641,Mouse Moved,447.0,308.0,User23,,
1490125358765,Mouse Moved,469.0,305.0,User23,,
1490125358780,Mouse Moved,509.0,293.0,User23,,
1490125358905,Mouse Moved,517.0,296.0,User23,,
1490125358921,Mouse Moved,455.0,334.0,User23,,
1490125358937,Mouse Moved,408.0,354.0,User23,,
1490125359046,Mouse Moved,403.0,354.0,User23,,
1490125359062,Mouse Moved,397.0,353.0,User23,,
1490125359171,Mouse Moved,387.0,346.0,User23,,
1490125359187,Mouse Moved,383.0,341.0,User23,,
1490125359201,Mouse Moved,381.0,339.0,User23,,
1490125359217,Mouse Moved,376.0,334.0,User23,,
1490125359233,Mouse Moved,375.0,333.0,User23,,
1490125359249,Mouse Moved,375.0,334.0,User23,,
1490125359374,Mouse Moved,374.0,332.0,User23,,
1490125359388,Mouse Button.left Released,374.0,333.0,User23,,
1490125359556,Mouse Moved,373.0,332.0,User23,,
1490125359681,Mouse Moved,371.0,332.0,User23,,
1490125359697,Mouse Moved,337.0,328.0,User23,,
1490125359838,Mouse Moved,331.0,328.0,User23,,
1490125359852,Mouse Moved,325.0,328.0,User23,,
1490125359993,Mouse Moved,324.0,328.0,User23,,
1490125360055,Mouse Moved,325.0,328.0,User23,,
1490125360289,Mouse Moved,324.0,329.0,User23,,
1490125360305,Mouse Moved,325.0,329.0,User23,,
1490125360446,Mouse Moved,325.0,330.0,User23,,
1490125360461,Mouse Moved,328.0,331.0,User23,,
1490125360539,Mouse Moved,330.0,331.0,User23,,
1490125360696,Mouse Moved,330.0,332.0,User23,,
1490125360710,Mouse Moved,331.0,332.0,User23,,
1490125360757,Mouse Moved,331.0,333.0,User23,,
1490125360789,Mouse Moved,332.0,333.0,User23,,
1490125360819,Mouse Moved,333.0,334.0,User23,,
1490125360835,Mouse Moved,334.0,335.0,User23,,
1490125360851,Mouse Moved,336.0,336.0,User23,,
1490125360867,Mouse Moved,337.0,337.0,User23,,
1490125360882,Mouse Moved,338.0,338.0,User23,,
1490125360898,Mouse Moved,339.0,339.0,User23,,
1490125360914,Mouse Moved,341.0,341.0,User23,,
1490125360930,Mouse Moved,344.0,343.0,User23,,
1490125360944,Mouse Moved,348.0,345.0,User23,,
1490125360960,Mouse Moved,350.0,346.0,User23,,
1490125360976,Mouse Moved,358.0,350.0,User23,,
1490125360992,Mouse Moved,370.0,350.0,User23,,
1490125361007,Mouse Moved,374.0,351.0,User23,,
1490125361023,Mouse Moved,375.0,351.0,User23,,
1490125361039,Mouse Moved,376.0,351.0,User23,,
1490125361117,Mouse Moved,375.0,350.0,User23,,
1490125361131,Mouse Moved,375.0,350.0,User23,,
1490125361226,Mouse Moved,375.0,350.0,User23,,
1490125361734,Mouse Moved,376.0,351.0,User23,,
1490125361750,Mouse Moved,378.0,352.0,User23,,
1490125361766,Mouse Moved,381.0,355.0,User23,,
1490125361780,Mouse Moved,382.0,356.0,User23,,
1490125361796,Mouse Moved,386.0,359.0,User23,,
1490125361812,Mouse Moved,390.0,361.0,User23,,
1490125361828,Mouse Moved,394.0,363.0,User23,,
1490125361844,Mouse Moved,397.0,365.0,User23,,
1490125361858,Mouse Moved,398.0,365.0,User23,,
1490125361875,Mouse Moved,399.0,366.0,User23,,
1490125361905,Mouse Moved,400.0,366.0,User23,,
1490125361937,Mouse Moved,400.0,366.0,User23,,
1490125362046,Mouse Moved,400.0,366.0,User23,,
1490125363038,Mouse Moved,400.0,371.0,User23,,
1490125363052,Mouse Moved,400.0,372.0,User23,,
1490125363069,Mouse Moved,400.0,373.0,User23,,
1490125363085,Mouse Moved,400.0,377.0,User23,,
1490125363099,Mouse Moved,400.0,378.0,User23,,
1490125363131,Mouse Moved,400.0,380.0,User23,,
1490125363147,Mouse Moved,402.0,384.0,User23,,
1490125363163,Mouse Moved,402.0,385.0,User23,,
1490125363177,Mouse Moved,403.0,388.0,User23,,
1490125363209,Mouse Moved,403.0,390.0,User23,,
1490125363224,Mouse Moved,403.0,391.0,User23,,
1490125363240,Mouse Moved,403.0,392.0,User23,,
1490125363256,Mouse Moved,403.0,393.0,User23,,
1490125363272,Mouse Moved,403.0,394.0,User23,,
1490125363365,Mouse Moved,402.0,395.0,User23,,
1490125363381,Mouse Moved,400.0,395.0,User23,,
1490125363397,Mouse Moved,396.0,396.0,User23,,
1490125363411,Mouse Moved,393.0,396.0,User23,,
1490125363427,Mouse Moved,392.0,396.0,User23,,
1490125363443,Mouse Moved,389.0,396.0,User23,,
1490125363459,Mouse Moved,387.0,396.0,User23,,
1490125363474,Mouse Moved,386.0,396.0,User23,,
1490125363490,Mouse Moved,384.0,395.0,User23,,
1490125363506,Mouse Moved,383.0,395.0,User23,,
1490125363615,Mouse Moved,383.0,394.0,User23,,
1490125363881,Mouse Moved,383.0,395.0,User23,,
1490125363897,Mouse Moved,382.0,399.0,User23,,
1490125363911,Mouse Moved,382.0,400.0,User23,,
1490125363927,Mouse Moved,382.0,402.0,User23,,
1490125363944,Mouse Moved,382.0,405.0,User23,,
1490125363959,Mouse Moved,383.0,407.0,User23,,
1490125363974,Mouse Moved,383.0,409.0,User23,,
1490125364006,Mouse Moved,383.0,410.0,User23,,
1490125364022,Mouse Moved,383.0,411.0,User23,,
1490125364036,Mouse Moved,383.0,412.0,User23,,
1490125364068,Mouse Moved,383.0,413.0,User23,,
1490125364099,Mouse Moved,383.0,414.0,User23,,
1490125364131,Mouse Moved,383.0,415.0,User23,,
1490125364145,Mouse Moved,383.0,416.0,User23,,
1490125364520,Mouse Moved,383.0,416.0,User23,,
1490125364630,Mouse Moved,383.0,416.0,User23,,
1490125364983,Mouse Moved,384.0,416.0,User23,,
1490125365029,Mouse Moved,385.0,416.0,User23,,
1490125365045,Mouse Moved,386.0,415.0,User23,,
1490125365061,Mouse Moved,387.0,415.0,User23,,
1490125365075,Mouse Moved,388.0,415.0,User23,,
1490125365092,Mouse Moved,391.0,414.0,User23,,
1490125365107,Mouse Moved,393.0,414.0,User23,,
1490125365122,Mouse Moved,394.0,414.0,User23,,
1490125365154,Mouse Moved,395.0,414.0,User23,,
1490125365170,Mouse Moved,397.0,412.0,User23,,
1490125365184,Mouse Moved,400.0,411.0,User23,,
1490125365200,Mouse Moved,401.0,410.0,User23,,
1490125365232,Mouse Moved,411.0,405.0,User23,,
1490125365247,Mouse Moved,442.0,383.0,User23,,
1490125365263,Mouse Moved,454.0,374.0,User23,,
1490125365279,Mouse Moved,460.0,370.0,User23,,
1490125365295,Mouse Moved,468.0,365.0,User23,,
1490125365309,Mouse Moved,480.0,357.0,User23,,
1490125365325,Mouse Moved,486.0,353.0,User23,,
1490125365341,Mouse Moved,492.0,349.0,User23,,
1490125365357,Mouse Moved,495.0,349.0,User23,,
1490125365372,Mouse Moved,500.0,346.0,User23,,
1490125365388,Mouse Moved,502.0,345.0,User23,,
1490125365404,Mouse Moved,504.0,343.0,User23,,
1490125365653,Mouse Moved,507.0,343.0,User23,,
1490125365668,Mouse Moved,507.0,342.0,User23,,
1490125365684,Mouse Moved,508.0,342.0,User23,,
1490125365763,Mouse Moved,508.0,341.0,User23,,
1490125365778,Mouse Moved,499.0,341.0,User23,,
1490125365793,Mouse Moved,488.0,341.0,User23,,
1490125365809,Mouse Moved,470.0,346.0,User23,,
1490125365825,Mouse Moved,454.0,352.0,User23,,
1490125365841,Mouse Moved,449.0,354.0,User23,,
1490125365855,Mouse Moved,446.0,356.0,User23,,
1490125365871,Mouse Moved,441.0,359.0,User23,,
1490125365887,Mouse Moved,439.0,360.0,User23,,
1490125365903,Mouse Moved,438.0,360.0,User23,,
1490125365918,Mouse Moved,437.0,360.0,User23,,
1490125365934,Mouse Moved,436.0,361.0,User23,,
1490125365996,Mouse Moved,435.0,361.0,User23,,
1490125366012,Mouse Moved,435.0,362.0,User23,,
1490125366028,Mouse Moved,435.0,363.0,User23,,
1490125366042,Mouse Moved,432.0,369.0,User23,,
1490125366059,Mouse Moved,431.0,371.0,User23,,
1490125366075,Mouse Moved,428.0,377.0,User23,,
1490125366089,Mouse Moved,427.0,380.0,User23,,
1490125366105,Mouse Moved,426.0,382.0,User23,,
1490125366121,Mouse Moved,426.0,384.0,User23,,
1490125366137,Mouse Moved,425.0,384.0,User23,,
1490125366153,Mouse Moved,425.0,385.0,User23,,
1490125366776,Mouse Moved,426.0,385.0,User23,,
1490125366792,Mouse Button.left Released,426.0,385.0,User23,,
1490125366806,Mouse Moved,426.0,384.0,User23,,
1490125366822,Mouse Moved,436.0,375.0,User23,,
1490125366835,Mouse Moved,441.0,370.0,User23,,
1490125366851,Mouse Moved,449.0,363.0,User23,,
1490125366852,Mouse Moved,458.0,357.0,User23,,
1490125366865,Mouse Moved,467.0,351.0,User23,,
1490125366880,Mouse Moved,474.0,349.0,User23,,
1490125366881,Mouse Moved,480.0,345.0,User23,,
1490125366910,Mouse Moved,484.0,342.0,User23,,
1490125366924,Mouse Moved,498.0,335.0,User23,,
1490125366940,Mouse Moved,509.0,335.0,User23,,
1490125366957,Mouse Moved,511.0,334.0,User23,,
1490125366987,Mouse Moved,514.0,334.0,User23,,
1490125367096,Mouse Moved,514.0,334.0,User23,,
1490125367174,Mouse Moved,514.0,334.0,User23,,
1490125367331,Mouse Moved,514.0,333.0,User23,,
1490125367346,Mouse Moved,518.0,330.0,User23,,
1490125367361,Mouse Moved,525.0,325.0,User23,,
1490125367378,Mouse Moved,531.0,320.0,User23,,
1490125367392,Mouse Moved,533.0,316.0,User23,,
1490125367408,Mouse Moved,541.0,311.0,User23,,
1490125367424,Mouse Moved,543.0,310.0,User23,,
1490125367440,Mouse Moved,546.0,307.0,User23,,
1490125367456,Mouse Moved,546.0,306.0,User23,,
1490125367470,Mouse Moved,547.0,304.0,User23,,
1490125367486,Mouse Moved,548.0,304.0,User23,,
1490125367503,Mouse Moved,549.0,303.0,User23,,
1490125367517,Mouse Moved,550.0,301.0,User23,,
1490125367533,Mouse Moved,551.0,298.0,User23,,
1490125367549,Mouse Moved,552.0,297.0,User23,,
1490125367565,Mouse Moved,552.0,296.0,User23,,
1490125367581,Mouse Moved,552.0,295.0,User23,,
1490125367611,Mouse Moved,553.0,295.0,User23,,
1490125367642,Mouse Moved,553.0,294.0,User23,,
1490125367674,Mouse Moved,553.0,293.0,User23,,
1490125367704,Mouse Moved,553.0,291.0,User23,,
1490125367720,Mouse Moved,553.0,290.0,User23,,
1490125367736,Mouse Moved,553.0,288.0,User23,,
1490125367752,Mouse Moved,553.0,287.0,User23,,
1490125367782,Mouse Moved,552.0,287.0,User23,,
1490125367877,Mouse Moved,552.0,286.0,User23,,
1490125367892,Mouse Button.left Released,552.0,286.0,User23,,
1490125367986,Mouse Moved,552.0,286.0,User23,,
1490125368075,Mouse Moved,552.0,286.0,User23,,
1490125368076,Mouse Button.left Released,552.0,286.0,User23,,
1490125368726,Mouse Moved,550.0,287.0,User23,,
1490125368742,Mouse Moved,492.0,329.0,User23,,
1490125368757,Mouse Moved,398.0,402.0,User23,,
1490125368867,Mouse Moved,392.0,409.0,User23,,
1490125368882,Mouse Moved,377.0,417.0,User23,,
1490125369131,Mouse Moved,375.0,418.0,User23,,
1490125369148,Mouse Moved,376.0,418.0,User23,,
1490125369164,Mouse Button.left Released,377.0,418.0,User23,,
1490125369279,Mouse Moved,374.0,418.0,User23,,
1490125369332,Mouse Moved,374.0,418.0,User23,,
1490125369335,Mouse Button.left Pressed,374.0,418.0,User23,,
1490125369430,Mouse Moved,376.0,415.0,User23,,
1490125369447,Mouse Moved,441.0,379.0,User23,,
1490125369555,Mouse Moved,466.0,368.0,User23,,
1490125369571,Mouse Moved,490.0,352.0,User23,,
1490125369586,Mouse Moved,549.0,334.0,User23,,
1490125369618,Mouse Moved,554.0,334.0,User23,,
1490125369634,Mouse Moved,554.0,333.0,User23,,
1490125369789,Mouse Moved,555.0,333.0,User23,,
1490125369805,Mouse Moved,534.0,307.0,User23,,
1490125369930,Mouse Moved,532.0,307.0,User23,,
1490125370117,Mouse Moved,530.0,298.0,User23,,
1490125370132,Mouse Button.left Pressed,530.0,298.0,User23,,
1490125370865,Mouse Moved,530.0,298.0,User23,,
1490125370913,Mouse Moved,530.0,298.0,User23,,
1490125370928,Mouse Button.left Released,530.0,298.0,User23,,
1490125371022,Mouse Moved,530.0,298.0,User23,,
1490125371131,Mouse Moved,530.0,298.0,User23,,
1490125371851,Mouse Moved,530.0,298.0,User23,,
1490125371914,Mouse Moved,530.0,298.0,User23,,
1490125371930,Mouse Button.left Released,530.0,298.0,User23,,
1490125372039,Mouse Moved,530.0,298.0,User23,,
1490125372128,Mouse Moved,530.0,298.0,User23,,
1490125372134,Mouse Button.left Released,530.0,298.0,User23,,
1490125372970,Mouse Moved,529.0,298.0,User23,,
1490125372986,Mouse Moved,533.0,295.0,User23,,
1490125373002,Mouse Moved,538.0,294.0,User23,,
1490125373016,Mouse Moved,554.0,293.0,User23,,
1490125373032,Mouse Moved,563.0,293.0,User23,,
1490125373048,Mouse Moved,603.0,300.0,User23,,
1490125373063,Mouse Moved,626.0,304.0,User23,,
1490125373079,Mouse Moved,633.0,304.0,User23,,
1490125373095,Mouse Moved,645.0,307.0,User23,,
1490125373111,Mouse Moved,652.0,307.0,User23,,
1490125373125,Mouse Moved,656.0,308.0,User23,,
1490125373141,Mouse Moved,662.0,308.0,User23,,
1490125373157,Mouse Moved,663.0,308.0,User23,,
1490125373983,Mouse Moved,662.0,307.0,User23,,
1490125374094,Mouse Moved,662.0,307.0,User23,,
1490125374155,Mouse Moved,662.0,307.0,User23,,
1490125374171,Mouse Button.left Pressed,662.0,307.0,User23,,
1490125374285,Mouse Moved,662.0,307.0,User23,,
1490125374286,Mouse Button.left Released,662.0,307.0,User23,,
1490125375635,Mouse Moved,662.0,307.0,User23,,
1490125375713,Mouse Moved,662.0,307.0,User23,,
1490125375729,Mouse Button.left Released,662.0,307.0,User23,,
1490125375822,Mouse Moved,662.0,307.0,User23,,
1490125375884,Mouse Moved,662.0,307.0,User23,,
1490125375888,Mouse Button.left Released,662.0,307.0,User23,,
1490125376851,Mouse Moved,662.0,308.0,User23,,
1490125376868,Mouse Moved,659.0,308.0,User23,,
1490125376882,Mouse Moved,655.0,309.0,User23,,
1490125376898,Mouse Moved,639.0,309.0,User23,,
1490125376914,Mouse Moved,621.0,309.0,User23,,
1490125376930,Mouse Moved,607.0,311.0,User23,,
1490125376946,Mouse Moved,581.0,313.0,User23,,
1490125376960,Mouse Moved,564.0,313.0,User23,,
1490125376976,Mouse Moved,553.0,313.0,User23,,
1490125376993,Mouse Moved,547.0,313.0,User23,,
1490125377007,Mouse Moved,543.0,313.0,User23,,
1490125377023,Mouse Moved,540.0,313.0,User23,,
1490125377039,Mouse Moved,538.0,313.0,User23,,
1490125377055,Mouse Moved,537.0,313.0,User23,,
1490125377382,Mouse Moved,538.0,313.0,User23,,
1490125377460,Mouse Moved,538.0,313.0,User23,,
1490125377476,Mouse Button.left Released,538.0,313.0,User23,,
1490125378224,Mouse Moved,538.0,313.0,User23,,
1490125378319,Mouse Moved,538.0,313.0,User23,,
1490125378381,Mouse Moved,538.0,313.0,User23,,
1490125378520,Mouse Moved,538.0,313.0,User23,,
1490125380986,Mouse Moved,546.0,308.0,User23,,
1490125381002,Mouse Moved,571.0,290.0,User23,,
1490125381016,Mouse Moved,661.0,245.0,User23,,
1490125381032,Mouse Moved,716.0,223.0,User23,,
1490125381049,Mouse Moved,763.0,205.0,User23,,
1490125381063,Mouse Moved,853.0,183.0,User23,,
1490125381079,Mouse Moved,891.0,183.0,User23,,
1490125381095,Mouse Moved,924.0,187.0,User23,,
1490125381111,Mouse Moved,934.0,190.0,User23,,
1490125381127,Mouse Moved,948.0,195.0,User23,,
1490125381141,Mouse Moved,952.0,198.0,User23,,
1490125381157,Mouse Moved,956.0,200.0,User23,,
1490125381328,Mouse Moved,957.0,200.0,User23,,
1490125381345,Mouse Moved,959.0,198.0,User23,,
1490125381361,Mouse Moved,986.0,190.0,User23,,
1490125381375,Mouse Moved,1035.0,174.0,User23,,
1490125381391,Mouse Moved,1122.0,159.0,User23,,
1490125381407,Mouse Moved,1175.0,156.0,User23,,
1490125381423,Mouse Moved,1220.0,155.0,User23,,
1490125381438,Mouse Moved,1232.0,154.0,User23,,
1490125381453,Mouse Moved,1242.0,154.0,User23,,
1490125381470,Mouse Moved,1260.0,154.0,User23,,
1490125381484,Mouse Moved,1267.0,155.0,User23,,
1490125381500,Mouse Moved,1271.0,156.0,User23,,
1490125381657,Mouse Moved,1272.0,156.0,User23,,
1490125381673,Mouse Moved,1273.0,156.0,User23,,
1490125381687,Mouse Moved,1278.0,153.0,User23,,
1490125381703,Mouse Moved,1280.0,152.0,User23,,
1490125381796,Mouse Moved,1285.0,150.0,User23,,
1490125381812,Mouse Moved,1286.0,150.0,User23,,
1490125381921,Mouse Moved,1294.0,151.0,User23,,
1490125382016,Mouse Moved,1294.0,151.0,User23,,
1490125382701,Mouse Moved,1294.0,152.0,User23,,
1490125382717,Mouse Moved,1293.0,152.0,User23,,
1490125382733,Mouse Moved,1291.0,153.0,User23,,
1490125382749,Mouse Moved,1286.0,153.0,User23,,
1490125382765,Mouse Moved,1261.0,155.0,User23,,
1490125382779,Mouse Moved,1246.0,155.0,User23,,
1490125382796,Mouse Moved,1230.0,154.0,User23,,
1490125382811,Mouse Moved,1199.0,145.0,User23,,
1490125382826,Mouse Moved,1182.0,140.0,User23,,
1490125382842,Mouse Moved,1174.0,138.0,User23,,
1490125382858,Mouse Moved,1162.0,133.0,User23,,
1490125382874,Mouse Moved,1157.0,130.0,User23,,
1490125382888,Mouse Moved,1151.0,125.0,User23,,
1490125382904,Mouse Moved,1151.0,124.0,User23,,
1490125383654,Mouse Moved,1151.0,122.0,User23,,
1490125383668,Mouse Moved,1153.0,121.0,User23,,
1490125383684,Mouse Moved,1158.0,119.0,User23,,
1490125383700,Mouse Moved,1162.0,117.0,User23,,
1490125383716,Mouse Moved,1164.0,115.0,User23,,
1490125383732,Mouse Moved,1169.0,112.0,User23,,
1490125383746,Mouse Moved,1173.0,110.0,User23,,
1490125383763,Mouse Moved,1175.0,109.0,User23,,
1490125383779,Mouse Moved,1179.0,109.0,User23,,
1490125383809,Mouse Moved,1181.0,109.0,User23,,
1490125384043,Mouse Moved,1180.0,108.0,User23,,
1490125384075,Mouse Moved,1180.0,107.0,User23,,
1490125384091,Mouse Moved,1179.0,106.0,User23,,
1490125384137,Mouse Moved,1178.0,105.0,User23,,
1490125384168,Mouse Moved,1176.0,104.0,User23,,
1490125384184,Mouse Moved,1175.0,103.0,User23,,
1490125384200,Mouse Moved,1175.0,102.0,User23,,
1490125384214,Mouse Moved,1174.0,102.0,User23,,
1490125384230,Mouse Moved,1173.0,102.0,User23,,
1490125384339,Mouse Moved,1172.0,103.0,User23,,
1490125384526,Mouse Moved,1171.0,104.0,User23,,
1490125384542,Mouse Moved,1136.0,128.0,User23,,
1490125384559,Mouse Moved,1087.0,162.0,User23,,
1490125384573,Mouse Moved,969.0,232.0,User23,,
1490125384589,Mouse Moved,896.0,257.0,User23,,
1490125384605,Mouse Moved,845.0,286.0,User23,,
1490125384621,Mouse Moved,744.0,322.0,User23,,
1490125384637,Mouse Moved,703.0,337.0,User23,,
1490125384651,Mouse Moved,662.0,347.0,User23,,
1490125384667,Mouse Moved,638.0,348.0,User23,,
1490125384683,Mouse Moved,636.0,348.0,User23,,
1490125384698,Mouse Moved,635.0,348.0,User23,,
1490125384730,Mouse Moved,635.0,344.0,User23,,
1490125384901,Mouse Moved,631.0,348.0,User23,,
1490125384917,Mouse Moved,604.0,368.0,User23,,
1490125384933,Mouse Moved,555.0,405.0,User23,,
1490125384948,Mouse Moved,486.0,459.0,User23,,
1490125384963,Mouse Moved,427.0,487.0,User23,,
1490125384980,Mouse Moved,389.0,503.0,User23,,
1490125384994,Mouse Moved,384.0,506.0,User23,,
1490125385010,Mouse Moved,380.0,507.0,User23,,
1490125385026,Mouse Moved,377.0,508.0,User23,,
1490125385229,Mouse Moved,377.0,506.0,User23,,
1490125385244,Mouse Moved,380.0,500.0,User23,,
1490125385260,Mouse Moved,388.0,487.0,User23,,
1490125385276,Mouse Moved,391.0,482.0,User23,,
1490125385292,Mouse Moved,393.0,475.0,User23,,
1490125385306,Mouse Moved,394.0,474.0,User23,,
1490125385322,Mouse Moved,394.0,473.0,User23,,
1490125385338,Mouse Moved,394.0,472.0,User23,,
1490125385369,Mouse Moved,394.0,471.0,User23,,
1490125385526,Mouse Moved,395.0,471.0,User23,,
1490125385588,Mouse Moved,394.0,471.0,User23,,
1490125385604,Mouse Button.left Pressed,394.0,471.0,User23,,
1490125385665,Mouse Moved,394.0,471.0,User23,,
1490125386309,Mouse Moved,408.0,454.0,User23,,
1490125386323,Mouse Moved,444.0,403.0,User23,,
1490125386339,Mouse Moved,509.0,346.0,User23,,
1490125386355,Mouse Moved,536.0,331.0,User23,,
1490125386371,Mouse Moved,555.0,320.0,User23,,
1490125386387,Mouse Moved,586.0,303.0,User23,,
1490125386401,Mouse Moved,596.0,297.0,User23,,
1490125386417,Mouse Moved,606.0,292.0,User23,,
1490125386433,Mouse Moved,608.0,292.0,User23,,
1490125386448,Mouse Moved,612.0,291.0,User23,,
1490125386464,Mouse Moved,612.0,290.0,User23,,
1490125386526,Mouse Moved,612.0,290.0,User23,,
1490125386542,Mouse Moved,609.0,291.0,User23,,
1490125386558,Mouse Moved,593.0,293.0,User23,,
1490125386573,Mouse Moved,585.0,293.0,User23,,
1490125386588,Mouse Moved,562.0,294.0,User23,,
1490125386605,Mouse Moved,544.0,294.0,User23,,
1490125386621,Mouse Moved,531.0,298.0,User23,,
1490125386635,Mouse Moved,519.0,299.0,User23,,
1490125386651,Mouse Moved,514.0,300.0,User23,,
1490125386667,Mouse Moved,506.0,303.0,User23,,
1490125386683,Mouse Moved,504.0,303.0,User23,,
1490125386776,Mouse Moved,505.0,302.0,User23,,
1490125386792,Mouse Moved,505.0,302.0,User23,,
1490125386869,Mouse Moved,505.0,302.0,User23,,
1490125386963,Mouse Moved,505.0,302.0,User23,,
1490125387584,Mouse Moved,507.0,306.0,User23,,
1490125387598,Mouse Moved,510.0,307.0,User23,,
1490125387615,Mouse Moved,516.0,305.0,User23,,
1490125387630,Mouse Moved,544.0,295.0,User23,,
1490125387645,Mouse Moved,682.0,223.0,User23,,
1490125387661,Mouse Moved,728.0,209.0,User23,,
1490125387677,Mouse Moved,819.0,197.0,User23,,
1490125387693,Mouse Moved,864.0,198.0,User23,,
1490125387707,Mouse Moved,873.0,198.0,User23,,
1490125387723,Mouse Moved,882.0,201.0,User23,,
1490125387740,Mouse Moved,882.0,202.0,User23,,
1490125387755,Mouse Moved,884.0,202.0,User23,,
1490125387770,Mouse Moved,884.0,209.0,User23,,
1490125387802,Mouse Moved,882.0,226.0,User23,,
1490125387818,Mouse Moved,870.0,259.0,User23,,
1490125387832,Mouse Moved,812.0,299.0,User23,,
1490125387848,Mouse Moved,757.0,334.0,User23,,
1490125387864,Mouse Moved,729.0,346.0,User23,,
1490125387880,Mouse Moved,672.0,375.0,User23,,
1490125387895,Mouse Moved,652.0,382.0,User23,,
1490125387911,Mouse Moved,627.0,391.0,User23,,
1490125387927,Mouse Moved,619.0,391.0,User23,,
1490125387941,Mouse Moved,608.0,391.0,User23,,
1490125387957,Mouse Moved,604.0,391.0,User23,,
1490125387973,Mouse Moved,603.0,391.0,User23,,
1490125388161,Mouse Moved,607.0,389.0,User23,,
1490125388176,Mouse Moved,628.0,372.0,User23,,
1490125388191,Mouse Moved,880.0,243.0,User23,,
1490125388207,Mouse Moved,935.0,201.0,User23,,
1490125388239,Mouse Moved,1027.0,139.0,User23,,
1490125388253,Mouse Moved,1065.0,114.0,User23,,
1490125388269,Mouse Moved,1084.0,108.0,User23,,
1490125388286,Mouse Moved,1087.0,108.0,User23,,
1490125388316,Mouse Moved,1090.0,107.0,User23,,
1490125388535,Mouse Moved,1092.0,107.0,User23,,
1490125388551,Mouse Moved,1094.0,108.0,User23,,
1490125388565,Mouse Moved,1096.0,110.0,User23,,
1490125388628,Mouse Moved,1090.0,107.0,User23,,
1490125388785,Mouse Moved,1090.0,107.0,User23,,
1490125388799,Mouse Moved,1091.0,105.0,User23,,
1490125388815,Mouse Moved,1103.0,98.0,User23,,
1490125388910,Mouse Moved,1111.0,93.0,User23,,
1490125388924,Mouse Moved,1124.0,86.0,User23,,
1490125388940,Mouse Moved,1169.0,83.0,User23,,
1490125388987,Mouse Moved,1170.0,84.0,User23,,
1490125389111,Mouse Moved,1170.0,85.0,User23,,
1490125389128,Mouse Moved,1170.0,89.0,User23,,
1490125389236,Mouse Moved,1170.0,93.0,User23,,
1490125389253,Mouse Moved,1168.0,97.0,User23,,
1490125389283,Mouse Moved,1168.0,99.0,User23,,
1490125389424,Mouse Moved,1168.0,100.0,User23,,
1490125389907,Mouse Moved,1169.0,100.0,User23,,
1490125389924,Mouse Moved,1202.0,105.0,User23,,
1490125390063,Mouse Moved,1206.0,106.0,User23,,
1490125390095,Mouse Moved,1216.0,110.0,User23,,
1490125390125,Mouse Moved,1217.0,110.0,User23,,
1490125390157,Mouse Moved,1220.0,108.0,User23,,
1490125390173,Mouse Moved,1221.0,108.0,User23,,
1490125390188,Mouse Moved,1224.0,106.0,User23,,
1490125390203,Mouse Moved,1228.0,105.0,User23,,
1490125390220,Mouse Moved,1232.0,104.0,User23,,
1490125390345,Mouse Moved,1234.0,104.0,User23,,
1490125390359,Mouse Moved,1235.0,104.0,User23,,
1490125390375,Mouse Moved,1238.0,103.0,User23,,
1490125390470,Mouse Moved,1238.0,104.0,User23,,
1490125390516,Mouse Moved,1238.0,104.0,User23,,
1490125390969,Mouse Moved,1236.0,103.0,User23,,
1490125390983,Mouse Moved,981.0,161.0,User23,,
1490125391108,Mouse Moved,889.0,181.0,User23,,
1490125391125,Mouse Moved,871.0,182.0,User23,,
1490125391842,Mouse Moved,868.0,176.0,User23,,
1490125391936,Mouse Moved,824.0,218.0,User23,,
1490125391951,Mouse Moved,704.0,291.0,User23,,
1490125391967,Mouse Moved,484.0,450.0,User23,,
1490125391983,Mouse Moved,475.0,455.0,User23,,
1490125391997,Mouse Moved,464.0,460.0,User23,,
1490125392013,Mouse Moved,461.0,463.0,User23,,
1490125392029,Mouse Moved,460.0,463.0,User23,,
1490125392263,Mouse Moved,457.0,464.0,User23,,
1490125392279,Mouse Moved,450.0,466.0,User23,,
1490125392295,Mouse Moved,416.0,469.0,User23,,
1490125392309,Mouse Moved,376.0,459.0,User23,,
1490125392325,Mouse Moved,313.0,438.0,User23,,
1490125392342,Mouse Moved,290.0,428.0,User23,,
1490125392372,Mouse Moved,245.0,393.0,User23,,
1490125392388,Mouse Moved,209.0,363.0,User23,,
1490125392404,Mouse Moved,200.0,351.0,User23,,
1490125392420,Mouse Moved,195.0,344.0,User23,,
1490125392434,Mouse Moved,192.0,341.0,User23,,
1490125392450,Mouse Moved,191.0,340.0,User23,,
1490125392855,Mouse Moved,188.0,339.0,User23,,
1490125392871,Mouse Moved,179.0,339.0,User23,,
1490125392888,Mouse Moved,172.0,337.0,User23,,
1490125392903,Mouse Moved,148.0,329.0,User23,,
1490125392918,Mouse Moved,133.0,324.0,User23,,
1490125392934,Mouse Moved,125.0,318.0,User23,,
1490125392950,Mouse Moved,113.0,309.0,User23,,
1490125392966,Mouse Moved,108.0,306.0,User23,,
1490125392980,Mouse Moved,98.0,297.0,User23,,
1490125392996,Mouse Moved,92.0,292.0,User23,,
1490125393012,Mouse Moved,91.0,292.0,User23,,
1490125393028,Mouse Moved,90.0,291.0,User23,,
1490125393043,Mouse Moved,89.0,291.0,User23,,
1490125393371,Mouse Moved,89.0,290.0,User23,,
1490125393387,Mouse Moved,87.0,288.0,User23,,
1490125393401,Mouse Moved,85.0,287.0,User23,,
1490125393417,Mouse Moved,78.0,282.0,User23,,
1490125393434,Mouse Moved,73.0,279.0,User23,,
1490125393448,Mouse Moved,71.0,277.0,User23,,
1490125393464,Mouse Moved,68.0,276.0,User23,,
1490125393496,Mouse Moved,67.0,274.0,User23,,
1490125393512,Mouse Moved,66.0,274.0,User23,,
1490125393526,Mouse Moved,66.0,273.0,User23,,
1490125393855,Mouse Moved,63.0,273.0,User23,,
1490125393869,Mouse Moved,60.0,272.0,User23,,
1490125393885,Mouse Moved,58.0,271.0,User23,,
1490125393901,Mouse Moved,56.0,270.0,User23,,
1490125393917,Mouse Moved,52.0,266.0,User23,,
1490125393933,Mouse Moved,50.0,264.0,User23,,
1490125394042,Mouse Moved,50.0,264.0,User23,,
1490125395992,Mouse Moved,50.0,266.0,User23,,
1490125396007,Mouse Moved,50.0,269.0,User23,,
1490125396023,Mouse Moved,56.0,288.0,User23,,
1490125396039,Mouse Moved,80.0,429.0,User23,,
1490125396053,Mouse Moved,94.0,475.0,User23,,
1490125396069,Mouse Moved,116.0,536.0,User23,,
1490125396085,Mouse Moved,131.0,580.0,User23,,
1490125396101,Mouse Moved,149.0,652.0,User23,,
1490125396117,Mouse Moved,152.0,664.0,User23,,
1490125396131,Mouse Moved,159.0,692.0,User23,,
1490125396148,Mouse Moved,160.0,701.0,User23,,
1490125396164,Mouse Moved,163.0,711.0,User23,,
1490125396178,Mouse Moved,163.0,717.0,User23,,
1490125396413,Mouse Moved,168.0,710.0,User23,,
1490125396428,Mouse Moved,224.0,640.0,User23,,
1490125396444,Mouse Moved,282.0,593.0,User23,,
1490125396460,Mouse Moved,436.0,479.0,User23,,
1490125396476,Mouse Moved,530.0,426.0,User23,,
1490125396490,Mouse Moved,662.0,393.0,User23,,
1490125396506,Mouse Moved,736.0,389.0,User23,,
1490125396522,Mouse Moved,749.0,389.0,User23,,
1490125396538,Mouse Moved,775.0,396.0,User23,,
1490125396553,Mouse Moved,780.0,398.0,User23,,
1490125396569,Mouse Moved,782.0,402.0,User23,,
1490125396585,Mouse Moved,783.0,403.0,User23,,
1490125396756,Mouse Moved,786.0,401.0,User23,,
1490125396772,Mouse Moved,814.0,376.0,User23,,
1490125396788,Mouse Moved,834.0,361.0,User23,,
1490125396819,Mouse Moved,856.0,345.0,User23,,
1490125396834,Mouse Moved,896.0,327.0,User23,,
1490125396849,Mouse Moved,901.0,325.0,User23,,
1490125396865,Mouse Moved,906.0,322.0,User23,,
1490125396881,Mouse Moved,909.0,321.0,User23,,
1490125397052,Mouse Moved,911.0,323.0,User23,,
1490125397068,Mouse Moved,911.0,335.0,User23,,
1490125397084,Mouse Moved,909.0,365.0,User23,,
1490125397099,Mouse Moved,897.0,391.0,User23,,
1490125397115,Mouse Moved,877.0,430.0,User23,,
1490125397131,Mouse Moved,854.0,465.0,User23,,
1490125397145,Mouse Moved,834.0,490.0,User23,,
1490125397161,Mouse Moved,813.0,516.0,User23,,
1490125397177,Mouse Moved,806.0,523.0,User23,,
1490125397193,Mouse Moved,803.0,525.0,User23,,
1490125397209,Mouse Moved,799.0,526.0,User23,,
1490125397443,Mouse Moved,800.0,527.0,User23,,
1490125397457,Mouse Moved,802.0,529.0,User23,,
1490125397490,Mouse Moved,803.0,530.0,User23,,
1490125397505,Mouse Moved,803.0,531.0,User23,,
1490125397520,Mouse Moved,803.0,532.0,User23,,
1490125397598,Mouse Moved,803.0,532.0,User23,,
1490125397739,Mouse Moved,803.0,532.0,User23,,
1490125398706,Mouse Moved,800.0,532.0,User23,,
1490125398721,Mouse Moved,793.0,533.0,User23,,
1490125398737,Mouse Moved,730.0,541.0,User23,,
1490125398753,Mouse Moved,724.0,541.0,User23,,
1490125398769,Mouse Moved,720.0,541.0,User23,,
1490125398783,Mouse Moved,719.0,541.0,User23,,
1490125398799,Mouse Moved,718.0,541.0,User23,,
1490125398956,Mouse Moved,717.0,541.0,User23,,
1490125398971,Mouse Moved,718.0,541.0,User23,,
1490125399220,Mouse Moved,719.0,540.0,User23,,
1490125399236,Mouse Moved,720.0,537.0,User23,,
1490125399361,Mouse Moved,721.0,535.0,User23,,
1490125399377,Mouse Moved,721.0,534.0,User23,,
1490125399424,Mouse Moved,721.0,534.0,User23,,
1490125399657,Mouse Moved,721.0,534.0,User23,,
1490125399674,Mouse Moved,721.0,534.0,User23,,
1490125400625,Mouse Moved,719.0,534.0,User23,,
1490125400655,Mouse Moved,677.0,550.0,User23,,
1490125400671,Mouse Moved,526.0,620.0,User23,,
1490125400687,Mouse Moved,477.0,637.0,User23,,
1490125400703,Mouse Moved,409.0,670.0,User23,,
1490125400719,Mouse Moved,373.0,691.0,User23,,
1490125400733,Mouse Moved,350.0,697.0,User23,,
1490125400750,Mouse Moved,346.0,699.0,User23,,
1490125400766,Mouse Moved,338.0,701.0,User23,,
1490125400780,Mouse Moved,337.0,701.0,User23,,
1490125401078,Mouse Moved,334.0,703.0,User23,,
1490125401092,Mouse Moved,324.0,706.0,User23,,
1490125401108,Mouse Moved,265.0,725.0,User23,,
1490125401124,Mouse Moved,177.0,755.0,User23,,
1490125401140,Mouse Moved,147.0,765.0,User23,,
1490125401155,Mouse Moved,122.0,773.0,User23,,
1490125401171,Mouse Moved,79.0,780.0,User23,,
1490125401187,Mouse Moved,75.0,780.0,User23,,
1490125401201,Mouse Moved,62.0,781.0,User23,,
1490125401217,Mouse Moved,61.0,781.0,User23,,
1490125401421,Mouse Moved,59.0,784.0,User23,,
1490125401451,Mouse Moved,57.0,787.0,User23,,
1490125401467,Mouse Moved,49.0,806.0,User23,,
1490125401483,Mouse Moved,39.0,822.0,User23,,
1490125401499,Mouse Moved,37.0,826.0,User23,,
1490125401513,Mouse Moved,32.0,838.0,User23,,
1490125401529,Mouse Moved,32.0,839.0,User23,,
1490125401546,Mouse Moved,32.0,840.0,User23,,
1490125401561,Mouse Moved,31.0,841.0,User23,,
1490125401576,Mouse Moved,31.0,842.0,User23,,
1490125401592,Mouse Moved,30.0,844.0,User23,,
1490125401624,Mouse Moved,30.0,845.0,User23,,
1490125401638,Mouse Moved,29.0,847.0,User23,,
1490125401654,Mouse Moved,27.0,849.0,User23,,
1490125401670,Mouse Moved,27.0,851.0,User23,,
1490125401686,Mouse Moved,26.0,851.0,User23,,
1490125401763,Mouse Moved,26.0,850.0,User23,,
1490125401872,Mouse Moved,26.0,850.0,User23,,
1490125403854,Mouse Moved,26.0,850.0,User23,,
1490125404026,Mouse Moved,26.0,852.0,User23,,
1490125404181,Mouse Moved,26.0,851.0,User23,,
1490125404572,Mouse Moved,26.0,851.0,User23,,
1490125404588,Mouse Button.left Pressed,26.0,851.0,User23,,
1490125404759,Mouse Moved,26.0,851.0,User23,,
1490125404993,Mouse Moved,27.0,852.0,User23,,
1490125405009,Mouse Moved,31.0,851.0,User23,,
1490125405023,Mouse Moved,34.0,850.0,User23,,
1490125405039,Mouse Moved,45.0,849.0,User23,,
1490125405055,Mouse Moved,50.0,849.0,User23,,
1490125405071,Mouse Moved,57.0,849.0,User23,,
1490125405086,Mouse Moved,60.0,849.0,User23,,
1490125405101,Mouse Moved,66.0,849.0,User23,,
1490125405118,Mouse Moved,77.0,849.0,User23,,
1490125405134,Mouse Moved,79.0,849.0,User23,,
1490125405148,Mouse Moved,83.0,849.0,User23,,
1490125405164,Mouse Moved,84.0,849.0,User23,,
1490125405180,Mouse Moved,87.0,849.0,User23,,
1490125405196,Mouse Moved,90.0,850.0,User23,,
1490125405211,Mouse Moved,93.0,850.0,User23,,
1490125405226,Mouse Moved,94.0,851.0,User23,,
1490125405243,Mouse Moved,95.0,851.0,User23,,
1490125405257,Mouse Moved,96.0,851.0,User23,,
1490125405398,Mouse Moved,95.0,850.0,User23,,
1490125406101,Mouse Moved,97.0,846.0,User23,,
1490125406115,Mouse Moved,119.0,767.0,User23,,
1490125406131,Mouse Moved,131.0,736.0,User23,,
1490125406148,Mouse Moved,153.0,679.0,User23,,
1490125406163,Mouse Moved,211.0,567.0,User23,,
1490125406178,Mouse Moved,272.0,495.0,User23,,
1490125406288,Mouse Moved,345.0,376.0,User23,,
1490125406303,Mouse Moved,380.0,328.0,User23,,
1490125406444,Mouse Moved,381.0,328.0,User23,,
1490125406460,Mouse Moved,382.0,325.0,User23,,
1490125406474,Mouse Moved,385.0,323.0,User23,,
1490125406490,Mouse Moved,393.0,312.0,User23,,
1490125406506,Mouse Moved,400.0,302.0,User23,,
1490125406522,Mouse Moved,407.0,282.0,User23,,
1490125406538,Mouse Moved,410.0,271.0,User23,,
1490125406552,Mouse Moved,412.0,268.0,User23,,
1490125406569,Mouse Moved,412.0,267.0,User23,,
1490125406584,Mouse Moved,413.0,264.0,User23,,
1490125406631,Mouse Moved,413.0,263.0,User23,,
1490125406709,Mouse Moved,413.0,261.0,User23,,
1490125406740,Mouse Moved,412.0,259.0,User23,,
1490125406756,Mouse Moved,411.0,258.0,User23,,
1490125406818,Mouse Moved,411.0,257.0,User23,,
1490125406834,Mouse Button.left Pressed,411.0,258.0,User23,,
1490125406943,Mouse Moved,411.0,258.0,User23,,
1490125407539,Mouse Moved,411.0,259.0,User23,,
1490125407553,Mouse Moved,412.0,261.0,User23,,
1490125407569,Mouse Moved,413.0,264.0,User23,,
1490125407585,Mouse Moved,414.0,265.0,User23,,
1490125407601,Mouse Moved,415.0,268.0,User23,,
1490125407617,Mouse Moved,416.0,270.0,User23,,
1490125407648,Mouse Moved,416.0,273.0,User23,,
1490125407663,Mouse Moved,417.0,275.0,User23,,
1490125407694,Mouse Moved,417.0,276.0,User23,,
1490125407756,Mouse Moved,417.0,277.0,User23,,
1490125407803,Mouse Moved,417.0,276.0,User23,,
1490125407897,Mouse Moved,417.0,276.0,User23,,
1490125408187,Mouse Moved,416.0,275.0,User23,,
1490125408201,Mouse Moved,413.0,273.0,User23,,
1490125408217,Mouse Moved,408.0,269.0,User23,,
1490125408233,Mouse Moved,406.0,268.0,User23,,
1490125408249,Mouse Moved,405.0,267.0,User23,,
1490125408265,Mouse Moved,405.0,266.0,User23,,
1490125408296,Mouse Moved,403.0,265.0,User23,,
1490125408358,Mouse Moved,403.0,264.0,User23,,
1490125408390,Mouse Moved,402.0,264.0,User23,,
1490125408404,Mouse Moved,400.0,262.0,User23,,
1490125408436,Mouse Moved,399.0,260.0,User23,,
1490125408451,Mouse Moved,398.0,258.0,User23,,
1490125408467,Mouse Moved,397.0,253.0,User23,,
1490125408483,Mouse Moved,396.0,253.0,User23,,
1490125408499,Mouse Moved,396.0,252.0,User23,,
1490125408576,Mouse Moved,396.0,251.0,User23,,
1490125408779,Mouse Moved,395.0,250.0,User23,,
1490125409206,Mouse Moved,395.0,251.0,User23,,
1490125409221,Mouse Moved,395.0,252.0,User23,,
1490125409236,Mouse Moved,395.0,253.0,User23,,
1490125409253,Mouse Moved,397.0,257.0,User23,,
1490125409378,Mouse Moved,400.0,262.0,User23,,
1490125409503,Mouse Moved,401.0,264.0,User23,,
1490125409828,Mouse Moved,401.0,264.0,User23,,
1490125409844,Mouse Button.right Pressed,401.0,264.0,User23,,
1490125410451,Mouse Moved,402.0,264.0,User23,,
1490125410529,Mouse Moved,402.0,265.0,User23,,
1490125410546,Mouse Moved,403.0,265.0,User23,,
1490125410654,Mouse Moved,404.0,265.0,User23,,
1490125410717,Mouse Moved,405.0,266.0,User23,,
1490125410795,Mouse Moved,406.0,266.0,User23,,
1490125410811,Mouse Moved,406.0,267.0,User23,,
1490125410826,Mouse Moved,408.0,267.0,User23,,
1490125410858,Mouse Moved,416.0,271.0,User23,,
1490125410872,Mouse Moved,420.0,273.0,User23,,
1490125410888,Mouse Moved,431.0,277.0,User23,,
1490125410904,Mouse Moved,438.0,280.0,User23,,
1490125410920,Mouse Moved,450.0,287.0,User23,,
1490125410936,Mouse Moved,451.0,289.0,User23,,
1490125410950,Mouse Moved,475.0,302.0,User23,,
1490125410967,Mouse Moved,480.0,305.0,User23,,
1490125410983,Mouse Moved,497.0,314.0,User23,,
1490125410997,Mouse Moved,505.0,319.0,User23,,
1490125411013,Mouse Moved,513.0,323.0,User23,,
1490125411029,Mouse Moved,516.0,324.0,User23,,
1490125411045,Mouse Moved,518.0,326.0,User23,,
1490125411061,Mouse Moved,518.0,328.0,User23,,
1490125411279,Mouse Moved,520.0,328.0,User23,,
1490125411295,Mouse Moved,523.0,328.0,User23,,
1490125411309,Mouse Moved,525.0,327.0,User23,,
1490125411325,Mouse Moved,529.0,323.0,User23,,
1490125411341,Mouse Moved,530.0,321.0,User23,,
1490125411357,Mouse Moved,532.0,319.0,User23,,
1490125411372,Mouse Moved,533.0,319.0,User23,,
1490125411388,Mouse Moved,536.0,316.0,User23,,
1490125411404,Mouse Moved,537.0,315.0,User23,,
1490125411418,Mouse Moved,539.0,312.0,User23,,
1490125411434,Mouse Moved,540.0,311.0,User23,,
1490125411450,Mouse Moved,542.0,309.0,User23,,
1490125411466,Mouse Moved,543.0,307.0,User23,,
1490125411482,Mouse Moved,546.0,306.0,User23,,
1490125411496,Mouse Moved,546.0,305.0,User23,,
1490125411513,Mouse Moved,548.0,305.0,User23,,
1490125411529,Mouse Moved,549.0,303.0,User23,,
1490125411543,Mouse Moved,551.0,302.0,User23,,
1490125411575,Mouse Moved,554.0,300.0,User23,,
1490125411591,Mouse Moved,558.0,296.0,User23,,
1490125411607,Mouse Moved,559.0,295.0,User23,,
1490125411621,Mouse Moved,561.0,293.0,User23,,
1490125411653,Mouse Moved,562.0,291.0,User23,,
1490125411668,Mouse Moved,564.0,291.0,User23,,
1490125411684,Mouse Moved,567.0,286.0,User23,,
1490125411700,Mouse Moved,567.0,285.0,User23,,
1490125411716,Mouse Moved,568.0,284.0,User23,,
1490125411730,Mouse Moved,569.0,284.0,User23,,
1490125411746,Mouse Moved,570.0,282.0,User23,,
1490125411763,Mouse Moved,570.0,281.0,User23,,
1490125411778,Mouse Moved,571.0,281.0,User23,,
1490125411934,Mouse Moved,572.0,281.0,User23,,
1490125412417,Mouse Moved,572.0,282.0,User23,,
1490125412433,Mouse Moved,572.0,284.0,User23,,
1490125412448,Mouse Moved,572.0,288.0,User23,,
1490125412464,Mouse Moved,572.0,291.0,User23,,
1490125412480,Mouse Moved,571.0,295.0,User23,,
1490125412496,Mouse Moved,570.0,301.0,User23,,
1490125412510,Mouse Moved,570.0,307.0,User23,,
1490125412526,Mouse Moved,568.0,318.0,User23,,
1490125412542,Mouse Moved,568.0,319.0,User23,,
1490125412558,Mouse Moved,568.0,320.0,User23,,
1490125412573,Mouse Moved,568.0,324.0,User23,,
1490125412588,Mouse Moved,568.0,325.0,User23,,
1490125412605,Mouse Moved,568.0,326.0,User23,,
1490125412621,Mouse Moved,568.0,327.0,User23,,
1490125412651,Mouse Moved,568.0,328.0,User23,,
1490125412698,Mouse Moved,568.0,329.0,User23,,
1490125413010,Mouse Moved,568.0,329.0,User23,,
1490125413119,Mouse Moved,568.0,329.0,User23,,
1490125414025,Mouse Moved,567.0,329.0,User23,,
1490125414039,Mouse Moved,566.0,329.0,User23,,
1490125414118,Mouse Moved,565.0,330.0,User23,,
1490125414211,Mouse Moved,564.0,330.0,User23,,
1490125414259,Mouse Moved,565.0,330.0,User23,,
1490125414446,Mouse Moved,567.0,330.0,User23,,
1490125414571,Mouse Moved,567.0,330.0,User23,,
1490125416020,Mouse Moved,568.0,329.0,User23,,
1490125416036,Mouse Moved,573.0,326.0,User23,,
1490125416052,Mouse Moved,644.0,290.0,User23,,
1490125416068,Mouse Moved,683.0,273.0,User23,,
1490125416084,Mouse Moved,782.0,238.0,User23,,
1490125416098,Mouse Moved,820.0,238.0,User23,,
1490125416115,Mouse Moved,919.0,228.0,User23,,
1490125416131,Mouse Moved,963.0,225.0,User23,,
1490125416145,Mouse Moved,993.0,230.0,User23,,
1490125416161,Mouse Moved,1007.0,233.0,User23,,
1490125416177,Mouse Moved,1011.0,233.0,User23,,
1490125416193,Mouse Moved,1014.0,235.0,User23,,
1490125416365,Mouse Moved,1016.0,235.0,User23,,
1490125416380,Mouse Moved,1026.0,230.0,User23,,
1490125416395,Mouse Moved,1033.0,227.0,User23,,
1490125416411,Mouse Moved,1083.0,203.0,User23,,
1490125416427,Mouse Moved,1097.0,203.0,User23,,
1490125416443,Mouse Moved,1143.0,185.0,User23,,
1490125416457,Mouse Moved,1149.0,185.0,User23,,
1490125416473,Mouse Moved,1174.0,180.0,User23,,
1490125416489,Mouse Moved,1186.0,175.0,User23,,
1490125416505,Mouse Moved,1192.0,170.0,User23,,
1490125416520,Mouse Moved,1201.0,165.0,User23,,
1490125416536,Mouse Moved,1203.0,165.0,User23,,
1490125416723,Mouse Moved,1205.0,161.0,User23,,
1490125416739,Mouse Moved,1209.0,156.0,User23,,
1490125416755,Mouse Moved,1216.0,148.0,User23,,
1490125416769,Mouse Moved,1220.0,142.0,User23,,
1490125416786,Mouse Moved,1227.0,132.0,User23,,
1490125416801,Mouse Moved,1228.0,129.0,User23,,
1490125416816,Mouse Moved,1230.0,128.0,User23,,
1490125416832,Mouse Moved,1231.0,126.0,User23,,
1490125416848,Mouse Moved,1232.0,124.0,User23,,
1490125416864,Mouse Moved,1233.0,124.0,User23,,
1490125416878,Mouse Moved,1234.0,122.0,User23,,
1490125416894,Mouse Moved,1235.0,122.0,User23,,
1490125416926,Mouse Moved,1236.0,121.0,User23,,
1490125416941,Mouse Moved,1236.0,120.0,User23,,
1490125417082,Mouse Moved,1236.0,115.0,User23,,
1490125417128,Mouse Moved,1233.0,107.0,User23,,
1490125417223,Mouse Moved,1232.0,105.0,User23,,
1490125417253,Mouse Moved,1230.0,100.0,User23,,
1490125417362,Mouse Moved,1230.0,100.0,User23,,
1490125417440,Mouse Moved,1230.0,100.0,User23,,
1490125417457,Mouse Button.left Released,1230.0,100.0,User23,,
1490125417674,Mouse Moved,1227.0,101.0,User23,,
1490125417690,Mouse Moved,1198.0,121.0,User23,,
1490125417706,Mouse Moved,1073.0,187.0,User23,,
1490125417721,Mouse Moved,1014.0,220.0,User23,,
1490125417736,Mouse Moved,860.0,297.0,User23,,
1490125417753,Mouse Moved,803.0,331.0,User23,,
1490125417769,Mouse Moved,727.0,368.0,User23,,
1490125417783,Mouse Moved,692.0,388.0,User23,,
1490125417799,Mouse Moved,649.0,407.0,User23,,
1490125417831,Mouse Moved,638.0,412.0,User23,,
1490125418033,Mouse Moved,631.0,416.0,User23,,
1490125418049,Mouse Moved,604.0,434.0,User23,,
1490125418065,Mouse Moved,530.0,489.0,User23,,
1490125418081,Mouse Moved,447.0,536.0,User23,,
1490125418095,Mouse Moved,346.0,614.0,User23,,
1490125418111,Mouse Moved,264.0,668.0,User23,,
1490125418127,Mouse Moved,253.0,676.0,User23,,
1490125418142,Mouse Moved,242.0,684.0,User23,,
1490125418158,Mouse Moved,207.0,710.0,User23,,
1490125418361,Mouse Moved,197.0,716.0,User23,,
1490125418377,Mouse Moved,194.0,719.0,User23,,
1490125418392,Mouse Moved,166.0,735.0,User23,,
1490125418424,Mouse Moved,144.0,753.0,User23,,
1490125418438,Mouse Moved,116.0,773.0,User23,,
1490125418454,Mouse Moved,63.0,801.0,User23,,
1490125418470,Mouse Moved,53.0,807.0,User23,,
1490125418486,Mouse Moved,48.0,810.0,User23,,
1490125418502,Mouse Moved,46.0,811.0,User23,,
1490125418516,Mouse Moved,45.0,812.0,User23,,
1490125418563,Mouse Moved,43.0,813.0,User23,,
1490125418579,Mouse Moved,43.0,815.0,User23,,
1490125418688,Mouse Moved,42.0,816.0,User23,,
1490125418704,Mouse Moved,41.0,818.0,User23,,
1490125418720,Mouse Moved,15.0,852.0,User23,,
1490125418736,Mouse Moved,7.0,857.0,User23,,
1490125418750,Mouse Moved,6.0,859.0,User23,,
1490125418766,Mouse Moved,3.0,859.0,User23,,
1490125418782,Mouse Moved,3.0,860.0,User23,,
1490125419032,Mouse Moved,3.0,859.0,User23,,
1490125419048,Mouse Moved,3.0,859.0,User23,,
1490125419703,Mouse Moved,3.0,859.0,User23,,
1490125419828,Mouse Moved,9.0,850.0,User23,,
1490125419842,Mouse Moved,13.0,845.0,User23,,
1490125419858,Mouse Moved,495.0,523.0,User23,,
1490125419983,Mouse Moved,509.0,523.0,User23,,
1490125420030,Mouse Moved,547.0,512.0,User23,,
1490125420171,Mouse Moved,547.0,512.0,User23,,
1490125420358,Mouse Moved,546.0,512.0,User23,,
1490125420374,Mouse Moved,500.0,529.0,User23,,
1490125420421,Mouse Moved,487.0,535.0,User23,,
1490125420436,Mouse Moved,469.0,547.0,User23,,
1490125420451,Mouse Moved,460.0,551.0,User23,,
1490125420467,Mouse Moved,433.0,560.0,User23,,
1490125420483,Mouse Moved,422.0,565.0,User23,,
1490125420499,Mouse Moved,377.0,591.0,User23,,
1490125420513,Mouse Moved,338.0,612.0,User23,,
1490125420529,Mouse Moved,261.0,655.0,User23,,
1490125420545,Mouse Moved,213.0,679.0,User23,,
1490125420561,Mouse Moved,153.0,711.0,User23,,
1490125420576,Mouse Moved,136.0,721.0,User23,,
1490125420608,Mouse Moved,128.0,724.0,User23,,
1490125420857,Mouse Moved,121.0,730.0,User23,,
1490125420872,Mouse Moved,108.0,747.0,User23,,
1490125420888,Mouse Moved,100.0,756.0,User23,,
1490125420904,Mouse Moved,57.0,806.0,User23,,
1490125420920,Mouse Moved,46.0,821.0,User23,,
1490125420934,Mouse Moved,31.0,838.0,User23,,
1490125420950,Mouse Moved,27.0,842.0,User23,,
1490125420967,Mouse Moved,19.0,850.0,User23,,
1490125421029,Mouse Moved,19.0,850.0,User23,,
1490125421045,Mouse Button.left Pressed,19.0,850.0,User23,,
1490125421168,Mouse Moved,19.0,850.0,User23,,
1490125421434,Mouse Moved,22.0,848.0,User23,,
1490125421450,Mouse Moved,56.0,833.0,User23,,
1490125421466,Mouse Moved,106.0,814.0,User23,,
1490125421480,Mouse Moved,184.0,793.0,User23,,
1490125421496,Mouse Moved,251.0,784.0,User23,,
1490125421513,Mouse Moved,276.0,788.0,User23,,
1490125421528,Mouse Moved,288.0,788.0,User23,,
1490125421543,Mouse Moved,294.0,789.0,User23,,
1490125421575,Mouse Moved,305.0,792.0,User23,,
1490125421591,Mouse Moved,321.0,801.0,User23,,
1490125421605,Mouse Moved,324.0,802.0,User23,,
1490125421621,Mouse Moved,327.0,806.0,User23,,
1490125421637,Mouse Moved,329.0,808.0,User23,,
1490125421839,Mouse Moved,329.0,807.0,User23,,
1490125421887,Mouse Moved,329.0,806.0,User23,,
1490125421903,Mouse Moved,329.0,805.0,User23,,
1490125421917,Mouse Moved,324.0,796.0,User23,,
1490125421934,Mouse Moved,322.0,794.0,User23,,
1490125421948,Mouse Moved,318.0,792.0,User23,,
1490125421964,Mouse Moved,317.0,790.0,User23,,
1490125421980,Mouse Moved,316.0,790.0,User23,,
1490125421996,Mouse Moved,315.0,789.0,User23,,
1490125422042,Mouse Moved,315.0,788.0,User23,,
1490125422059,Mouse Moved,314.0,788.0,User23,,
1490125422121,Mouse Moved,314.0,788.0,User23,,
1490125517174,Mouse Moved,388.0,835.0,User23,1536.0,864.0
1490125517299,Mouse Moved,388.0,835.0,User23,,
1490125532181,Mouse Moved,391.0,833.0,User23,,
1490125532213,Mouse Moved,418.0,797.0,User23,,
1490125532229,Mouse Moved,509.0,715.0,User23,,
1490125532243,Mouse Moved,540.0,690.0,User23,,
1490125532259,Mouse Moved,559.0,676.0,User23,,
1490125532275,Mouse Moved,575.0,669.0,User23,,
1490125532290,Mouse Moved,610.0,660.0,User23,,
1490125532306,Mouse Moved,629.0,660.0,User23,,
1490125532322,Mouse Moved,636.0,660.0,User23,,
1490125532338,Mouse Moved,646.0,663.0,User23,,
1490125532352,Mouse Moved,651.0,667.0,User23,,
1490125532368,Mouse Moved,658.0,671.0,User23,,
1490125532384,Mouse Moved,660.0,674.0,User23,,
1490125532400,Mouse Moved,662.0,677.0,User23,,
1490125532697,Mouse Moved,663.0,675.0,User23,,
1490125532711,Mouse Moved,666.0,673.0,User23,,
1490125532727,Mouse Moved,671.0,665.0,User23,,
1490125532743,Mouse Moved,696.0,634.0,User23,,
1490125532759,Mouse Moved,706.0,623.0,User23,,
1490125532775,Mouse Moved,735.0,561.0,User23,,
1490125532789,Mouse Moved,740.0,550.0,User23,,
1490125532805,Mouse Moved,752.0,527.0,User23,,
1490125532836,Mouse Moved,754.0,523.0,User23,,
1490125532868,Mouse Moved,755.0,521.0,User23,,
1490125532898,Mouse Moved,757.0,520.0,User23,,
1490125532993,Mouse Moved,756.0,521.0,User23,,
1490125533023,Mouse Moved,752.0,527.0,User23,,
1490125533039,Mouse Moved,747.0,533.0,User23,,
1490125533055,Mouse Moved,747.0,540.0,User23,,
1490125533071,Mouse Moved,746.0,544.0,User23,,
1490125533086,Mouse Moved,744.0,544.0,User23,,
1490125533101,Mouse Moved,743.0,546.0,User23,,
1490125533118,Mouse Moved,742.0,546.0,User23,,
1490125533132,Mouse Moved,741.0,546.0,User23,,
1490125533180,Mouse Moved,740.0,546.0,User23,,
1490125533210,Mouse Moved,739.0,544.0,User23,,
1490125533226,Mouse Moved,738.0,542.0,User23,,
1490125533257,Mouse Moved,736.0,537.0,User23,,
1490125533273,Mouse Moved,733.0,532.0,User23,,
1490125533305,Mouse Moved,732.0,529.0,User23,,
1490125533321,Mouse Moved,732.0,527.0,User23,,
1490125533335,Mouse Moved,732.0,526.0,User23,,
1490125533430,Mouse Moved,732.0,526.0,User23,,
1490125534256,Mouse Moved,732.0,526.0,User23,,
1490125534319,Mouse Moved,732.0,526.0,User23,,
1490125534786,Mouse Moved,732.0,526.0,User23,,
1490125534865,Mouse Moved,732.0,526.0,User23,,
1490125535239,Mouse Moved,732.0,526.0,User23,,
1490125535316,Mouse Moved,732.0,526.0,User23,,
1490125536096,Mouse Moved,733.0,526.0,User23,,
1490125536112,Mouse Moved,739.0,524.0,User23,,
1490125536128,Mouse Moved,743.0,521.0,User23,,
1490125536144,Mouse Moved,747.0,520.0,User23,,
1490125536160,Mouse Moved,752.0,518.0,User23,,
1490125536174,Mouse Moved,763.0,512.0,User23,,
1490125536190,Mouse Moved,772.0,507.0,User23,,
1490125536207,Mouse Moved,786.0,500.0,User23,,
1490125536221,Mouse Moved,794.0,496.0,User23,,
1490125536253,Mouse Moved,807.0,487.0,User23,,
1490125536269,Mouse Moved,823.0,477.0,User23,,
1490125536299,Mouse Moved,832.0,469.0,User23,,
1490125536486,Mouse Moved,835.0,469.0,User23,,
1490125536503,Mouse Moved,843.0,464.0,User23,,
1490125536533,Mouse Moved,851.0,456.0,User23,,
1490125536565,Mouse Moved,878.0,432.0,User23,,
1490125536581,Mouse Moved,891.0,415.0,User23,,
1490125536596,Mouse Moved,891.0,414.0,User23,,
1490125536611,Mouse Moved,892.0,413.0,User23,,
1490125536658,Mouse Moved,894.0,413.0,User23,,
1490125536783,Mouse Moved,894.0,412.0,User23,,
1490125536815,Mouse Moved,894.0,411.0,User23,,
1490125536831,Mouse Moved,894.0,410.0,User23,,
1490125536845,Mouse Moved,894.0,409.0,User23,,
1490125536861,Mouse Moved,894.0,408.0,User23,,
1490125536877,Mouse Moved,895.0,408.0,User23,,
1490125536924,Mouse Moved,895.0,407.0,User23,,
1490125536940,Mouse Moved,898.0,405.0,User23,,
1490125536954,Mouse Moved,900.0,404.0,User23,,
1490125536986,Mouse Moved,902.0,400.0,User23,,
1490125537002,Mouse Moved,904.0,399.0,User23,,
1490125537017,Mouse Moved,905.0,398.0,User23,,
1490125537049,Mouse Moved,905.0,397.0,User23,,
1490125537095,Mouse Moved,905.0,395.0,User23,,
1490125537111,Mouse Moved,905.0,394.0,User23,,
1490125537127,Mouse Moved,905.0,391.0,User23,,
1490125537142,Mouse Moved,905.0,387.0,User23,,
1490125537157,Mouse Moved,905.0,385.0,User23,,
1490125537174,Mouse Moved,904.0,384.0,User23,,
1490125537329,Mouse Moved,904.0,383.0,User23,,
1490125537345,Mouse Button.left Pressed,904.0,383.0,User23,,
1490125537361,Mouse Moved,904.0,381.0,User23,,
1490125537438,Mouse Moved,905.0,380.0,User23,,
1490125537828,Mouse Moved,902.0,381.0,User23,,
1490125537891,Mouse Moved,900.0,383.0,User23,,
1490125538046,Mouse Moved,894.0,388.0,User23,,
1490125538171,Mouse Moved,871.0,403.0,User23,,
1490125538219,Mouse Moved,845.0,414.0,User23,,
1490125538234,Mouse Moved,815.0,424.0,User23,,
1490125538391,Mouse Moved,730.0,455.0,User23,,
1490125538421,Mouse Moved,708.0,459.0,User23,,
1490125538437,Mouse Moved,671.0,465.0,User23,,
1490125538608,Mouse Moved,661.0,467.0,User23,,
1490125538655,Mouse Moved,626.0,474.0,User23,,
1490125538671,Mouse Moved,623.0,474.0,User23,,
1490125538687,Mouse Moved,622.0,474.0,User23,,
1490125538703,Mouse Moved,615.0,474.0,User23,,
1490125538717,Mouse Moved,611.0,477.0,User23,,
1490125538733,Mouse Moved,589.0,487.0,User23,,
1490125538749,Mouse Moved,569.0,496.0,User23,,
1490125538765,Mouse Moved,559.0,499.0,User23,,
1490125538842,Mouse Moved,548.0,502.0,User23,,
1490125538921,Mouse Moved,523.0,521.0,User23,,
1490125538937,Mouse Moved,514.0,527.0,User23,,
1490125538951,Mouse Moved,507.0,527.0,User23,,
1490125538967,Mouse Moved,488.0,531.0,User23,,
1490125538983,Mouse Moved,480.0,531.0,User23,,
1490125538999,Mouse Moved,480.0,529.0,User23,,
1490125539015,Mouse Moved,483.0,528.0,User23,,
1490125539171,Mouse Moved,487.0,526.0,User23,,
1490125539186,Mouse Moved,493.0,520.0,User23,,
1490125539201,Mouse Moved,505.0,511.0,User23,,
1490125539263,Mouse Moved,517.0,502.0,User23,,
1490125539358,Mouse Moved,519.0,502.0,User23,,
1490125539388,Mouse Moved,524.0,499.0,User23,,
1490125539420,Mouse Moved,529.0,496.0,User23,,
1490125539467,Mouse Moved,531.0,495.0,User23,,
1490125539529,Mouse Moved,532.0,495.0,User23,,
1490125539607,Mouse Moved,534.0,494.0,User23,,
1490125539622,Mouse Moved,538.0,493.0,User23,,
1490125539638,Mouse Moved,542.0,492.0,User23,,
1490125539654,Mouse Moved,545.0,491.0,User23,,
1490125539670,Mouse Moved,547.0,490.0,User23,,
1490125539684,Mouse Moved,548.0,490.0,User23,,
1490125539700,Mouse Moved,549.0,489.0,User23,,
1490125539763,Mouse Moved,552.0,489.0,User23,,
1490125539779,Mouse Moved,551.0,490.0,User23,,
1490125539795,Mouse Moved,551.0,490.0,User23,,
1490125539809,Mouse Moved,551.0,490.0,User23,,
1490125539825,Mouse Button.left Released,551.0,490.0,User23,,
1490125540309,Mouse Moved,552.0,488.0,User23,,
1490125540325,Mouse Moved,558.0,481.0,User23,,
1490125540355,Mouse Moved,560.0,476.0,User23,,
1490125540387,Mouse Moved,565.0,469.0,User23,,
1490125540403,Mouse Moved,567.0,466.0,User23,,
1490125540418,Mouse Moved,568.0,465.0,User23,,
1490125540434,Mouse Moved,569.0,462.0,User23,,
1490125540542,Mouse Moved,569.0,462.0,User23,,
1490125540698,Mouse Moved,569.0,462.0,User23,,
1490125540948,Mouse Moved,570.0,460.0,User23,,
1490125540964,Mouse Moved,573.0,456.0,User23,,
1490125540980,Mouse Moved,573.0,455.0,User23,,
1490125540996,Mouse Moved,574.0,454.0,User23,,
1490125541010,Mouse Moved,575.0,453.0,User23,,
1490125541026,Mouse Moved,577.0,450.0,User23,,
1490125541167,Mouse Moved,578.0,449.0,User23,,
1490125541183,Mouse Moved,579.0,447.0,User23,,
1490125541292,Mouse Moved,581.0,444.0,User23,,
1490125541308,Mouse Moved,580.0,445.0,User23,,
1490125541463,Mouse Moved,580.0,445.0,User23,,
1490125542789,Mouse Moved,579.0,444.0,User23,,
1490125542805,Mouse Moved,575.0,443.0,User23,,
1490125542821,Mouse Moved,555.0,440.0,User23,,
1490125542836,Mouse Moved,529.0,431.0,User23,,
1490125542851,Mouse Moved,511.0,423.0,User23,,
1490125542868,Mouse Moved,474.0,409.0,User23,,
1490125542882,Mouse Moved,458.0,401.0,User23,,
1490125542898,Mouse Moved,440.0,387.0,User23,,
1490125542914,Mouse Moved,425.0,378.0,User23,,
1490125542946,Mouse Moved,418.0,370.0,User23,,
1490125542960,Mouse Moved,413.0,366.0,User23,,
1490125542976,Mouse Moved,411.0,364.0,User23,,
1490125542993,Mouse Moved,410.0,362.0,User23,,
1490125543226,Mouse Moved,406.0,361.0,User23,,
1490125543242,Mouse Moved,402.0,361.0,User23,,
1490125543257,Mouse Moved,384.0,355.0,User23,,
1490125543273,Mouse Moved,358.0,348.0,User23,,
1490125543289,Mouse Moved,330.0,340.0,User23,,
1490125543319,Mouse Moved,314.0,333.0,User23,,
1490125543351,Mouse Moved,297.0,326.0,User23,,
1490125543367,Mouse Moved,285.0,318.0,User23,,
1490125543398,Mouse Moved,282.0,316.0,User23,,
1490125543414,Mouse Moved,277.0,314.0,User23,,
1490125543428,Mouse Moved,275.0,313.0,User23,,
1490125543444,Mouse Moved,272.0,311.0,User23,,
1490125543460,Mouse Moved,268.0,309.0,User23,,
1490125543476,Mouse Moved,267.0,307.0,User23,,
1490125543492,Mouse Moved,264.0,306.0,User23,,
1490125543506,Mouse Moved,260.0,305.0,User23,,
1490125543539,Mouse Moved,254.0,300.0,User23,,
1490125543553,Mouse Moved,247.0,296.0,User23,,
1490125543569,Mouse Moved,244.0,293.0,User23,,
1490125543585,Mouse Moved,240.0,289.0,User23,,
1490125543601,Mouse Moved,236.0,284.0,User23,,
1490125543617,Mouse Moved,234.0,283.0,User23,,
1490125543631,Mouse Moved,231.0,281.0,User23,,
1490125543648,Mouse Moved,229.0,279.0,User23,,
1490125543663,Mouse Moved,226.0,277.0,User23,,
1490125543678,Mouse Moved,223.0,277.0,User23,,
1490125543694,Mouse Moved,222.0,276.0,User23,,
1490125543710,Mouse Moved,220.0,274.0,User23,,
1490125543740,Mouse Moved,219.0,274.0,User23,,
1490125543773,Mouse Moved,219.0,273.0,User23,,
1490125544598,Mouse Moved,218.0,274.0,User23,,
1490125544615,Mouse Moved,222.0,277.0,User23,,
1490125544631,Mouse Moved,313.0,318.0,User23,,
1490125544645,Mouse Moved,368.0,346.0,User23,,
1490125544661,Mouse Moved,443.0,408.0,User23,,
1490125544677,Mouse Moved,484.0,435.0,User23,,
1490125544693,Mouse Moved,505.0,447.0,User23,,
1490125544709,Mouse Moved,543.0,477.0,User23,,
1490125544723,Mouse Moved,564.0,500.0,User23,,
1490125544740,Mouse Moved,572.0,508.0,User23,,
1490125544770,Mouse Moved,582.0,520.0,User23,,
1490125545052,Mouse Moved,594.0,541.0,User23,,
1490125545066,Mouse Moved,594.0,541.0,User23,,
1490125545255,Mouse Moved,594.0,541.0,User23,,
1490125545457,Mouse Moved,594.0,540.0,User23,,
1490125545473,Mouse Moved,595.0,539.0,User23,,
1490125545503,Mouse Moved,598.0,534.0,User23,,
1490125545519,Mouse Moved,603.0,527.0,User23,,
1490125545535,Mouse Moved,603.0,525.0,User23,,
1490125545551,Mouse Moved,605.0,523.0,User23,,
1490125545566,Mouse Moved,605.0,521.0,User23,,
1490125545582,Mouse Moved,605.0,520.0,User23,,
1490125545612,Mouse Moved,605.0,518.0,User23,,
1490125545644,Mouse Moved,605.0,513.0,User23,,
1490125545660,Mouse Moved,599.0,505.0,User23,,
1490125545690,Mouse Moved,595.0,499.0,User23,,
1490125545707,Mouse Moved,591.0,493.0,User23,,
1490125545723,Mouse Moved,589.0,488.0,User23,,
1490125545769,Mouse Moved,588.0,488.0,User23,,
1490125545785,Mouse Moved,588.0,487.0,User23,,
1490125546253,Mouse Moved,588.0,487.0,User23,,
1490125546627,Mouse Moved,588.0,486.0,User23,,
1490125546642,Mouse Moved,585.0,480.0,User23,,
1490125546658,Mouse Moved,582.0,471.0,User23,,
1490125546674,Mouse Moved,571.0,434.0,User23,,
1490125546690,Mouse Moved,567.0,419.0,User23,,
1490125546704,Mouse Moved,567.0,416.0,User23,,
1490125546720,Mouse Moved,564.0,408.0,User23,,
1490125546736,Mouse Moved,564.0,405.0,User23,,
1490125546767,Mouse Moved,563.0,400.0,User23,,
1490125546782,Mouse Moved,560.0,392.0,User23,,
1490125546799,Mouse Moved,560.0,390.0,User23,,
1490125546829,Mouse Moved,560.0,387.0,User23,,
1490125546845,Mouse Moved,559.0,385.0,User23,,
1490125546907,Mouse Moved,559.0,384.0,User23,,
1490125547002,Mouse Moved,559.0,384.0,User23,,
1490125547016,Mouse Button.left Released,559.0,384.0,User23,,
1490125547282,Mouse Moved,561.0,390.0,User23,,
1490125547298,Mouse Moved,566.0,403.0,User23,,
1490125547313,Mouse Moved,580.0,432.0,User23,,
1490125547345,Mouse Moved,586.0,445.0,User23,,
1490125547375,Mouse Moved,597.0,471.0,User23,,
1490125547407,Mouse Moved,603.0,486.0,User23,,
1490125547438,Mouse Moved,607.0,500.0,User23,,
1490125547470,Mouse Moved,609.0,515.0,User23,,
1490125547891,Mouse Moved,609.0,517.0,User23,,
1490125548046,Mouse Moved,609.0,517.0,User23,,
1490125548233,Mouse Moved,609.0,517.0,User23,,
1490125548499,Mouse Moved,609.0,517.0,User23,,
1490125549247,Mouse Moved,609.0,518.0,User23,,
1490125549263,Mouse Moved,599.0,542.0,User23,,
1490125549295,Mouse Moved,585.0,573.0,User23,,
1490125549311,Mouse Moved,579.0,581.0,User23,,
1490125549325,Mouse Moved,579.0,582.0,User23,,
1490125549450,Mouse Moved,575.0,586.0,User23,,
1490125549575,Mouse Moved,574.0,588.0,User23,,
1490125549934,Mouse Moved,574.0,588.0,User23,,
1490125550434,Mouse Moved,572.0,588.0,User23,,
1490125550464,Mouse Moved,571.0,588.0,User23,,
1490125550480,Mouse Moved,568.0,588.0,User23,,
1490125550496,Mouse Moved,566.0,588.0,User23,,
1490125550512,Mouse Moved,558.0,585.0,User23,,
1490125550526,Mouse Moved,555.0,585.0,User23,,
1490125550542,Mouse Moved,547.0,580.0,User23,,
1490125550559,Mouse Moved,544.0,578.0,User23,,
1490125550589,Mouse Moved,542.0,578.0,User23,,
1490125550605,Mouse Moved,541.0,577.0,User23,,
1490125550683,Mouse Moved,541.0,578.0,User23,,
1490125550698,Mouse Moved,541.0,578.0,User23,,
1490125551868,Mouse Moved,541.0,578.0,User23,,
1490125552025,Mouse Moved,541.0,578.0,User23,,
1490125552757,Mouse Moved,546.0,568.0,User23,,
1490125552773,Mouse Moved,634.0,371.0,User23,,
1490125552789,Mouse Moved,641.0,358.0,User23,,
1490125552805,Mouse Moved,662.0,306.0,User23,,
1490125552821,Mouse Moved,675.0,272.0,User23,,
1490125552835,Mouse Moved,679.0,263.0,User23,,
1490125552851,Mouse Moved,687.0,242.0,User23,,
1490125552867,Mouse Moved,689.0,237.0,User23,,
1490125552882,Mouse Moved,691.0,231.0,User23,,
1490125553132,Mouse Moved,695.0,213.0,User23,,
1490125553164,Mouse Moved,693.0,214.0,User23,,
1490125553178,Mouse Moved,670.0,218.0,User23,,
1490125553194,Mouse Moved,661.0,220.0,User23,,
1490125553210,Mouse Moved,654.0,220.0,User23,,
1490125553226,Mouse Moved,651.0,220.0,User23,,
1490125553256,Mouse Moved,646.0,220.0,User23,,
1490125553273,Mouse Moved,641.0,219.0,User23,,
1490125553289,Mouse Moved,640.0,219.0,User23,,
1490125553303,Mouse Moved,638.0,219.0,User23,,
1490125553319,Mouse Moved,635.0,222.0,User23,,
1490125553335,Mouse Moved,633.0,223.0,User23,,
1490125553351,Mouse Moved,631.0,226.0,User23,,
1490125553367,Mouse Moved,631.0,229.0,User23,,
1490125553381,Mouse Moved,629.0,233.0,User23,,
1490125553413,Mouse Moved,628.0,236.0,User23,,
1490125553428,Mouse Moved,628.0,241.0,User23,,
1490125553444,Mouse Moved,628.0,244.0,User23,,
1490125553460,Mouse Moved,628.0,251.0,User23,,
1490125553476,Mouse Moved,628.0,253.0,User23,,
1490125553490,Mouse Moved,628.0,254.0,User23,,
1490125553506,Mouse Moved,628.0,256.0,User23,,
1490125553553,Mouse Moved,629.0,257.0,User23,,
1490125553585,Mouse Moved,629.0,258.0,User23,,
1490125553678,Mouse Moved,629.0,259.0,User23,,
1490125553819,Mouse Moved,630.0,260.0,User23,,
1490125553835,Mouse Moved,630.0,262.0,User23,,
1490125553865,Mouse Moved,631.0,265.0,User23,,
1490125553881,Mouse Moved,631.0,266.0,User23,,
1490125553927,Mouse Moved,632.0,269.0,User23,,
1490125553944,Mouse Moved,632.0,272.0,User23,,
1490125553974,Mouse Moved,633.0,273.0,User23,,
1490125554036,Mouse Moved,633.0,274.0,User23,,
1490125554256,Mouse Moved,632.0,274.0,User23,,
1490125554334,Mouse Moved,632.0,274.0,User23,,
1490125605315,Mouse Moved,637.0,278.0,User23,,
1490125605329,Mouse Moved,640.0,281.0,User23,,
1490125605345,Mouse Moved,656.0,284.0,User23,,
1490125606016,Mouse Moved,656.0,285.0,User23,,
1490125606032,Mouse Moved,656.0,286.0,User23,,
1490125606062,Mouse Moved,656.0,289.0,User23,,
1490125611694,Mouse Moved,656.0,289.0,User23,,
1490125611710,Mouse Moved,655.0,287.0,User23,,
1490125611726,Mouse Moved,654.0,285.0,User23,,
1490125612661,Mouse Moved,653.0,284.0,User23,,
1490125612693,Mouse Moved,652.0,284.0,User23,,
1490125617263,Mouse Moved,654.0,287.0,User23,,
1490125617279,Mouse Moved,656.0,291.0,User23,,
1490125621913,Mouse Moved,655.0,292.0,User23,,
1490125621928,Mouse Moved,650.0,292.0,User23,,
1490125621944,Mouse Moved,629.0,283.0,User23,,
1490125621960,Mouse Moved,611.0,269.0,User23,,
1490125621974,Mouse Moved,571.0,235.0,User23,,
1490125621990,Mouse Moved,557.0,213.0,User23,,
1490125622006,Mouse Moved,539.0,181.0,User23,,
1490125622022,Mouse Moved,533.0,171.0,User23,,
1490125622038,Mouse Moved,528.0,158.0,User23,,
1490125622052,Mouse Moved,525.0,149.0,User23,,
1490125622069,Mouse Moved,524.0,144.0,User23,,
1490125622085,Mouse Moved,524.0,136.0,User23,,
1490125622099,Mouse Moved,524.0,135.0,User23,,
1490125622115,Mouse Moved,524.0,134.0,User23,,
1490125622177,Mouse Moved,524.0,136.0,User23,,
1490125622194,Mouse Moved,517.0,149.0,User23,,
1490125622209,Mouse Moved,513.0,152.0,User23,,
1490125622224,Mouse Moved,479.0,191.0,User23,,
1490125622240,Mouse Moved,456.0,208.0,User23,,
1490125622256,Mouse Moved,448.0,214.0,User23,,
1490125622272,Mouse Moved,429.0,229.0,User23,,
1490125622286,Mouse Moved,421.0,232.0,User23,,
1490125622302,Mouse Moved,409.0,239.0,User23,,
1490125622319,Mouse Moved,404.0,240.0,User23,,
1490125622334,Mouse Moved,397.0,242.0,User23,,
1490125622349,Mouse Moved,396.0,242.0,User23,,
1490125622365,Mouse Moved,393.0,244.0,User23,,
1490125622381,Mouse Moved,392.0,244.0,User23,,
1490125622615,Mouse Moved,392.0,245.0,User23,,
1490125622631,Mouse Moved,392.0,249.0,User23,,
1490125622645,Mouse Moved,393.0,253.0,User23,,
1490125622661,Mouse Moved,395.0,259.0,User23,,
1490125622677,Mouse Moved,395.0,260.0,User23,,
1490125622709,Mouse Moved,395.0,261.0,User23,,
1490125622723,Mouse Moved,395.0,262.0,User23,,
1490125622755,Mouse Moved,395.0,263.0,User23,,
1490125622770,Mouse Moved,395.0,266.0,User23,,
1490125622786,Mouse Moved,395.0,268.0,User23,,
1490125623020,Mouse Moved,397.0,273.0,User23,,
1490125623036,Mouse Moved,401.0,278.0,User23,,
1490125623052,Mouse Moved,418.0,293.0,User23,,
1490125623066,Mouse Moved,438.0,309.0,User23,,
1490125623082,Mouse Moved,474.0,341.0,User23,,
1490125623098,Mouse Moved,509.0,370.0,User23,,
1490125623114,Mouse Moved,527.0,386.0,User23,,
1490125623130,Mouse Moved,551.0,405.0,User23,,
1490125623144,Mouse Moved,566.0,420.0,User23,,
1490125623161,Mouse Moved,574.0,424.0,User23,,
1490125623177,Mouse Moved,580.0,431.0,User23,,
1490125623191,Mouse Moved,581.0,431.0,User23,,
1490125623473,Mouse Moved,580.0,431.0,User23,,
1490125623489,Mouse Moved,577.0,432.0,User23,,
1490125623503,Mouse Moved,561.0,432.0,User23,,
1490125623519,Mouse Moved,551.0,432.0,User23,,
1490125623535,Mouse Moved,529.0,430.0,User23,,
1490125623551,Mouse Moved,518.0,426.0,User23,,
1490125623566,Mouse Moved,502.0,420.0,User23,,
1490125623582,Mouse Moved,498.0,418.0,User23,,
1490125623598,Mouse Moved,492.0,416.0,User23,,
1490125623612,Mouse Moved,491.0,416.0,User23,,
1490125623846,Mouse Moved,490.0,417.0,User23,,
1490125623878,Mouse Moved,494.0,419.0,User23,,
1490125623894,Mouse Moved,497.0,422.0,User23,,
1490125623910,Mouse Moved,499.0,423.0,User23,,
1490125623924,Mouse Moved,501.0,424.0,User23,,
1490125623940,Mouse Moved,504.0,426.0,User23,,
1490125623957,Mouse Moved,506.0,427.0,User23,,
1490125623971,Mouse Moved,508.0,428.0,User23,,
1490125623987,Mouse Moved,509.0,428.0,User23,,
1490125624003,Mouse Moved,511.0,429.0,User23,,
1490125624065,Mouse Moved,512.0,429.0,User23,,
1490125624144,Mouse Moved,513.0,429.0,User23,,
1490125624158,Mouse Moved,515.0,429.0,User23,,
1490125624174,Mouse Moved,516.0,429.0,User23,,
1490125624190,Mouse Moved,518.0,429.0,User23,,
1490125624221,Mouse Moved,520.0,429.0,User23,,
1490125624269,Mouse Moved,522.0,429.0,User23,,
1490125624299,Mouse Moved,522.0,430.0,User23,,
1490125624392,Mouse Moved,523.0,430.0,User23,,
1490125624517,Mouse Moved,522.0,430.0,User23,,
1490125624611,Mouse Moved,522.0,430.0,User23,,
1490125624627,Mouse Button.left Released,522.0,430.0,User23,,
1490125624690,Mouse Moved,523.0,432.0,User23,,
1490125624704,Mouse Moved,524.0,433.0,User23,,
1490125624720,Mouse Moved,526.0,441.0,User23,,
1490125624736,Mouse Moved,533.0,472.0,User23,,
1490125624752,Mouse Moved,536.0,485.0,User23,,
1490125624767,Mouse Moved,544.0,506.0,User23,,
1490125624782,Mouse Moved,547.0,518.0,User23,,
1490125624799,Mouse Moved,555.0,537.0,User23,,
1490125632707,Mouse Moved,554.0,542.0,User23,,
1490125632723,Mouse Moved,546.0,536.0,User23,,
1490125632739,Mouse Moved,533.0,522.0,User23,,
1490125632755,Mouse Moved,490.0,450.0,User23,,
1490125632770,Mouse Moved,484.0,439.0,User23,,
1490125632786,Mouse Moved,461.0,405.0,User23,,
1490125632802,Mouse Moved,452.0,395.0,User23,,
1490125632816,Mouse Moved,449.0,391.0,User23,,
1490125632832,Mouse Moved,443.0,386.0,User23,,
1490125632848,Mouse Moved,442.0,385.0,User23,,
1490125633066,Mouse Moved,439.0,384.0,User23,,
1490125633082,Mouse Moved,422.0,379.0,User23,,
1490125633098,Mouse Moved,391.0,346.0,User23,,
1490125633114,Mouse Moved,366.0,306.0,User23,,
1490125633128,Mouse Moved,353.0,286.0,User23,,
1490125633144,Mouse Moved,347.0,271.0,User23,,
1490125633161,Mouse Moved,345.0,267.0,User23,,
1490125633176,Mouse Moved,343.0,259.0,User23,,
1490125633207,Mouse Moved,343.0,256.0,User23,,
1490125633239,Mouse Moved,344.0,254.0,User23,,
1490125633253,Mouse Moved,351.0,252.0,User23,,
1490125633269,Mouse Moved,361.0,251.0,User23,,
1490125633285,Mouse Moved,366.0,250.0,User23,,
1490125633301,Mouse Moved,381.0,250.0,User23,,
1490125633316,Mouse Moved,387.0,252.0,User23,,
1490125633332,Mouse Moved,392.0,253.0,User23,,
1490125633348,Mouse Moved,394.0,254.0,User23,,
1490125633378,Mouse Moved,396.0,255.0,User23,,
1490125633394,Mouse Moved,399.0,258.0,User23,,
1490125633426,Mouse Moved,401.0,261.0,User23,,
1490125633440,Mouse Moved,402.0,262.0,User23,,
1490125633457,Mouse Moved,402.0,263.0,User23,,
1490125633473,Mouse Moved,402.0,265.0,User23,,
1490125633487,Mouse Moved,399.0,269.0,User23,,
1490125633503,Mouse Moved,392.0,278.0,User23,,
1490125633519,Mouse Moved,380.0,284.0,User23,,
1490125633535,Mouse Moved,378.0,285.0,User23,,
1490125633551,Mouse Moved,375.0,286.0,User23,,
1490125633565,Mouse Moved,374.0,287.0,User23,,
1490125633582,Mouse Moved,373.0,286.0,User23,,
1490125633596,Mouse Moved,374.0,286.0,User23,,
1490125633660,Mouse Moved,374.0,286.0,User23,,
1490125636749,Mouse Moved,381.0,290.0,User23,,
1490125636763,Mouse Moved,393.0,292.0,User23,,
1490125636779,Mouse Moved,443.0,297.0,User23,,
1490125636795,Mouse Moved,473.0,298.0,User23,,
1490125636811,Mouse Moved,527.0,298.0,User23,,
1490125636826,Mouse Moved,569.0,295.0,User23,,
1490125636842,Mouse Moved,647.0,326.0,User23,,
1490125636858,Mouse Moved,669.0,342.0,User23,,
1490125636872,Mouse Moved,682.0,350.0,User23,,
1490125636888,Mouse Moved,703.0,369.0,User23,,
1490125636904,Mouse Moved,718.0,384.0,User23,,
1490125636920,Mouse Moved,728.0,394.0,User23,,
1490125636950,Mouse Moved,734.0,407.0,User23,,
1490125637122,Mouse Moved,736.0,406.0,User23,,
1490125637138,Mouse Moved,749.0,405.0,User23,,
1490125637154,Mouse Moved,756.0,405.0,User23,,
1490125637170,Mouse Moved,762.0,410.0,User23,,
1490125637184,Mouse Moved,828.0,419.0,User23,,
1490125637200,Mouse Moved,873.0,433.0,User23,,
1490125637217,Mouse Moved,892.0,437.0,User23,,
1490125637232,Mouse Moved,898.0,442.0,User23,,
1490125637247,Mouse Moved,902.0,444.0,User23,,
1490125637263,Mouse Moved,909.0,449.0,User23,,
1490125637279,Mouse Moved,910.0,450.0,User23,,
1490125637434,Mouse Moved,913.0,450.0,User23,,
1490125637450,Mouse Moved,916.0,450.0,User23,,
1490125637482,Mouse Moved,920.0,450.0,User23,,
1490125637513,Mouse Moved,922.0,450.0,User23,,
1490125637543,Mouse Moved,925.0,449.0,User23,,
1490125637591,Mouse Moved,926.0,449.0,User23,,
1490125637607,Mouse Moved,927.0,448.0,User23,,
1490125638167,Mouse Moved,926.0,449.0,User23,,
1490125638184,Mouse Moved,926.0,449.0,User23,,
1490125638262,Mouse Moved,926.0,449.0,User23,,
1490125638276,Mouse Button.left Released,926.0,449.0,User23,,
1490125638963,Mouse Moved,926.0,449.0,User23,,
1490125639026,Mouse Moved,926.0,449.0,User23,,
1490125639119,Mouse Moved,926.0,449.0,User23,,
1490125639244,Mouse Moved,926.0,449.0,User23,,
1490125640382,Mouse Moved,928.0,450.0,User23,,
1490125640398,Mouse Moved,971.0,474.0,User23,,
1490125640414,Mouse Moved,998.0,492.0,User23,,
1490125640507,Mouse Moved,1018.0,509.0,User23,,
1490125640539,Mouse Moved,1075.0,563.0,User23,,
1490125640571,Mouse Moved,1083.0,572.0,User23,,
1490125640694,Mouse Moved,1086.0,574.0,User23,,
1490125640835,Mouse Moved,1088.0,574.0,User23,,
1490125640851,Mouse Moved,1088.0,574.0,User23,,
1490125641865,Mouse Moved,1087.0,572.0,User23,,
1490125641881,Mouse Moved,1082.0,567.0,User23,,
1490125641897,Mouse Moved,1053.0,537.0,User23,,
1490125641911,Mouse Moved,1023.0,503.0,User23,,
1490125641927,Mouse Moved,953.0,437.0,User23,,
1490125641943,Mouse Moved,932.0,413.0,User23,,
1490125641959,Mouse Moved,867.0,358.0,User23,,
1490125641974,Mouse Moved,826.0,320.0,User23,,
1490125641990,Mouse Moved,816.0,310.0,User23,,
1490125642006,Mouse Moved,799.0,296.0,User23,,
1490125642020,Mouse Moved,794.0,292.0,User23,,
1490125642036,Mouse Moved,791.0,289.0,User23,,
1490125642240,Mouse Moved,788.0,289.0,User23,,
1490125642255,Mouse Moved,772.0,285.0,User23,,
1490125642270,Mouse Moved,760.0,284.0,User23,,
1490125642286,Mouse Moved,739.0,279.0,User23,,
1490125642302,Mouse Moved,723.0,274.0,User23,,
1490125642318,Mouse Moved,716.0,271.0,User23,,
1490125642332,Mouse Moved,686.0,258.0,User23,,
1490125642348,Mouse Moved,682.0,256.0,User23,,
1490125642365,Mouse Moved,676.0,254.0,User23,,
1490125642380,Mouse Moved,673.0,253.0,User23,,
1490125642395,Mouse Moved,672.0,253.0,User23,,
1490125642411,Mouse Moved,671.0,253.0,User23,,
1490125642427,Mouse Moved,669.0,252.0,User23,,
1490125642443,Mouse Moved,668.0,252.0,User23,,
1490125642457,Mouse Moved,666.0,252.0,User23,,
1490125642473,Mouse Moved,665.0,252.0,User23,,
1490125642489,Mouse Moved,660.0,252.0,User23,,
1490125642505,Mouse Moved,658.0,252.0,User23,,
1490125642520,Mouse Moved,655.0,252.0,User23,,
1490125642536,Mouse Moved,653.0,252.0,User23,,
1490125642552,Mouse Moved,651.0,252.0,User23,,
1490125642566,Mouse Moved,649.0,252.0,User23,,
1490125642582,Mouse Moved,648.0,252.0,User23,,
1490125642598,Mouse Moved,646.0,252.0,User23,,
1490125642614,Mouse Moved,645.0,252.0,User23,,
1490125642707,Mouse Moved,646.0,253.0,User23,,
1490125642723,Mouse Button.left Released,646.0,253.0,User23,,
1490125642786,Mouse Moved,646.0,253.0,User23,,
1490125642878,Mouse Moved,646.0,253.0,User23,,
1490125643190,Mouse Moved,646.0,253.0,User23,,
1490125643285,Mouse Moved,646.0,253.0,User23,,
1490125644065,Mouse Moved,643.0,252.0,User23,,
1490125644081,Mouse Moved,642.0,252.0,User23,,
1490125644095,Mouse Moved,635.0,252.0,User23,,
1490125644111,Mouse Moved,632.0,252.0,User23,,
1490125644127,Mouse Moved,627.0,250.0,User23,,
1490125644142,Mouse Moved,625.0,249.0,User23,,
1490125644158,Mouse Moved,623.0,247.0,User23,,
1490125644174,Mouse Moved,621.0,247.0,User23,,
1490125644190,Mouse Moved,618.0,244.0,User23,,
1490125644204,Mouse Moved,617.0,244.0,User23,,
1490125644252,Mouse Moved,618.0,244.0,User23,,
1490125644267,Mouse Button.left Released,618.0,244.0,User23,,
1490125644407,Mouse Moved,618.0,244.0,User23,,
1490125644486,Mouse Moved,618.0,244.0,User23,,
1490125644611,Mouse Moved,618.0,244.0,User23,,
1490125644657,Mouse Moved,618.0,244.0,User23,,
1490125644673,Mouse Button.left Released,618.0,244.0,User23,,
1490125645048,Mouse Moved,621.0,244.0,User23,,
1490125645062,Mouse Moved,650.0,240.0,User23,,
1490125645078,Mouse Moved,706.0,234.0,User23,,
1490125645095,Mouse Moved,810.0,242.0,User23,,
1490125645109,Mouse Moved,880.0,261.0,User23,,
1490125645125,Mouse Moved,932.0,287.0,User23,,
1490125645141,Mouse Moved,954.0,308.0,User23,,
1490125645157,Mouse Moved,981.0,344.0,User23,,
1490125645173,Mouse Moved,988.0,359.0,User23,,
1490125645187,Mouse Moved,998.0,385.0,User23,,
1490125645296,Mouse Moved,998.0,385.0,User23,,
1490125645391,Mouse Moved,998.0,385.0,User23,,
1490125645608,Mouse Moved,999.0,383.0,User23,,
1490125645625,Mouse Moved,1008.0,371.0,User23,,
1490125645641,Mouse Moved,1053.0,324.0,User23,,
1490125645655,Mouse Moved,1158.0,245.0,User23,,
1490125645671,Mouse Moved,1196.0,221.0,User23,,
1490125645687,Mouse Moved,1241.0,197.0,User23,,
1490125645703,Mouse Moved,1299.0,170.0,User23,,
1490125645719,Mouse Moved,1333.0,167.0,User23,,
1490125645733,Mouse Moved,1342.0,169.0,User23,,
1490125645750,Mouse Moved,1352.0,169.0,User23,,
1490125645765,Mouse Moved,1354.0,169.0,User23,,
1490125645780,Mouse Moved,1357.0,171.0,User23,,
1490125645921,Mouse Moved,1358.0,169.0,User23,,
1490125645937,Mouse Moved,1364.0,163.0,User23,,
1490125645953,Mouse Moved,1386.0,144.0,User23,,
1490125645967,Mouse Moved,1400.0,132.0,User23,,
1490125645983,Mouse Moved,1429.0,114.0,User23,,
1490125645999,Mouse Moved,1444.0,114.0,User23,,
1490125646015,Mouse Moved,1457.0,108.0,User23,,
1490125646030,Mouse Moved,1465.0,107.0,User23,,
1490125646046,Mouse Moved,1471.0,107.0,User23,,
1490125646062,Mouse Moved,1472.0,107.0,User23,,
1490125646076,Mouse Moved,1475.0,107.0,User23,,
1490125646108,Mouse Moved,1476.0,107.0,User23,,
1490125646140,Mouse Moved,1477.0,107.0,User23,,
1490125646171,Mouse Moved,1478.0,107.0,User23,,
1490125646201,Mouse Moved,1479.0,107.0,User23,,
1490125646296,Mouse Moved,1479.0,106.0,User23,,
1490125646311,Mouse Moved,1479.0,106.0,User23,,
1490125646374,Mouse Moved,1479.0,106.0,User23,,
1490125646982,Mouse Moved,1477.0,106.0,User23,,
1490125646997,Mouse Moved,1472.0,110.0,User23,,
1490125647013,Mouse Moved,1457.0,113.0,User23,,
1490125647029,Mouse Moved,1389.0,157.0,User23,,
1490125647045,Mouse Moved,1301.0,192.0,User23,,
1490125647075,Mouse Moved,1207.0,246.0,User23,,
1490125647091,Mouse Moved,1090.0,330.0,User23,,
1490125647107,Mouse Moved,1064.0,343.0,User23,,
1490125647122,Mouse Moved,1015.0,360.0,User23,,
1490125647138,Mouse Moved,1009.0,361.0,User23,,
1490125647154,Mouse Moved,1007.0,361.0,User23,,
1490125647168,Mouse Moved,1004.0,361.0,User23,,
1490125647371,Mouse Moved,1001.0,362.0,User23,,
1490125647388,Mouse Moved,984.0,370.0,User23,,
1490125647403,Mouse Moved,966.0,376.0,User23,,
1490125647418,Mouse Moved,905.0,398.0,User23,,
1490125647434,Mouse Moved,847.0,416.0,User23,,
1490125647450,Mouse Moved,817.0,437.0,User23,,
1490125647466,Mouse Moved,808.0,444.0,User23,,
1490125647480,Mouse Moved,805.0,447.0,User23,,
1490125647496,Mouse Moved,801.0,449.0,User23,,
1490125647513,Mouse Moved,801.0,450.0,User23,,
1490125647528,Mouse Moved,800.0,450.0,User23,,
1490125647543,Mouse Moved,798.0,451.0,User23,,
1490125647575,Mouse Moved,798.0,452.0,User23,,
1490125647605,Mouse Moved,797.0,453.0,User23,,
1490125647621,Mouse Moved,797.0,454.0,User23,,
1490125647637,Mouse Moved,796.0,455.0,User23,,
1490125647653,Mouse Moved,794.0,458.0,User23,,
1490125647668,Mouse Moved,793.0,460.0,User23,,
1490125647684,Mouse Moved,792.0,461.0,User23,,
1490125647700,Mouse Moved,791.0,462.0,User23,,
1490125647714,Mouse Moved,789.0,464.0,User23,,
1490125647746,Mouse Moved,786.0,466.0,User23,,
1490125647762,Mouse Moved,784.0,467.0,User23,,
1490125647839,Mouse Moved,784.0,466.0,User23,,
1490125647855,Mouse Moved,784.0,466.0,User23,,
1490125648510,Mouse Moved,787.0,465.0,User23,,
1490125648526,Mouse Moved,800.0,467.0,User23,,
1490125648542,Mouse Moved,816.0,474.0,User23,,
1490125649009,Mouse Moved,827.0,475.0,User23,,
1490125649026,Mouse Moved,884.0,496.0,User23,,
1490125649118,Mouse Moved,888.0,499.0,User23,,
1490125649134,Mouse Moved,897.0,498.0,User23,,
1490125649151,Mouse Moved,920.0,485.0,User23,,
1490125649165,Mouse Moved,930.0,471.0,User23,,
1490125649181,Mouse Moved,930.0,444.0,User23,,
1490125649290,Mouse Moved,929.0,444.0,User23,,
1490125649306,Mouse Moved,919.0,442.0,User23,,
1490125649415,Mouse Moved,915.0,441.0,User23,,
1490125649430,Mouse Moved,909.0,438.0,User23,,
1490125649463,Mouse Moved,910.0,438.0,User23,,
1490125649586,Mouse Moved,910.0,438.0,User23,,
1490125649602,Mouse Button.left Released,910.0,438.0,User23,,
1490125649914,Mouse Moved,912.0,438.0,User23,,
1490125649930,Mouse Moved,926.0,441.0,User23,,
1490125649976,Mouse Moved,932.0,441.0,User23,,
1490125650086,Mouse Moved,932.0,442.0,User23,,
1490125650382,Mouse Moved,932.0,443.0,User23,,
1490125651006,Mouse Moved,931.0,443.0,User23,,
1490125651023,Mouse Moved,930.0,443.0,User23,,
1490125651038,Mouse Moved,919.0,445.0,User23,,
1490125651053,Mouse Moved,917.0,445.0,User23,,
1490125651069,Mouse Moved,914.0,445.0,User23,,
1490125651085,Mouse Moved,913.0,445.0,User23,,
1490125651101,Mouse Moved,912.0,445.0,User23,,
1490125651115,Mouse Moved,910.0,445.0,User23,,
1490125651131,Mouse Moved,909.0,445.0,User23,,
1490125651147,Mouse Moved,907.0,445.0,User23,,
1490125651163,Mouse Moved,905.0,445.0,User23,,
1490125651178,Mouse Moved,903.0,445.0,User23,,
1490125651194,Mouse Moved,897.0,445.0,User23,,
1490125651210,Mouse Moved,896.0,445.0,User23,,
1490125651224,Mouse Moved,894.0,445.0,User23,,
1490125651240,Mouse Moved,893.0,445.0,User23,,
1490125651272,Mouse Moved,892.0,445.0,User23,,
1490125651288,Mouse Moved,891.0,445.0,User23,,
1490125651335,Mouse Moved,890.0,445.0,User23,,
1490125651349,Mouse Moved,890.0,444.0,User23,,
1490125652302,Mouse Moved,891.0,444.0,User23,,
1490125652316,Mouse Moved,898.0,444.0,User23,,
1490125652332,Mouse Moved,901.0,443.0,User23,,
1490125652348,Mouse Moved,911.0,443.0,User23,,
1490125652364,Mouse Moved,919.0,443.0,User23,,
1490125652380,Mouse Moved,921.0,443.0,User23,,
1490125652394,Mouse Moved,922.0,443.0,User23,,
1490125652411,Mouse Moved,926.0,443.0,User23,,
1490125652427,Mouse Moved,928.0,443.0,User23,,
1490125652441,Mouse Moved,929.0,443.0,User23,,
1490125652457,Mouse Moved,931.0,443.0,User23,,
1490125652473,Mouse Moved,932.0,443.0,User23,,
1490125652505,Mouse Moved,934.0,443.0,User23,,
1490125652519,Mouse Moved,937.0,443.0,User23,,
1490125652536,Mouse Moved,938.0,443.0,User23,,
1490125652566,Mouse Moved,938.0,442.0,User23,,
1490125652598,Mouse Moved,939.0,442.0,User23,,
1490125654049,Mouse Moved,940.0,442.0,User23,,
1490125654079,Mouse Moved,946.0,442.0,User23,,
1490125654095,Mouse Moved,950.0,440.0,User23,,
1490125654111,Mouse Moved,950.0,439.0,User23,,
1490125654127,Mouse Moved,952.0,439.0,User23,,
1490125654157,Mouse Moved,953.0,438.0,User23,,
1490125654174,Mouse Moved,953.0,437.0,User23,,
1490125654204,Mouse Moved,954.0,436.0,User23,,
1490125654220,Mouse Moved,958.0,436.0,User23,,
1490125654236,Mouse Moved,960.0,434.0,User23,,
1490125654252,Mouse Moved,964.0,432.0,User23,,
1490125654266,Mouse Moved,965.0,431.0,User23,,
1490125654282,Mouse Moved,968.0,429.0,User23,,
1490125654299,Mouse Moved,969.0,429.0,User23,,
1490125654313,Mouse Moved,970.0,427.0,User23,,
1490125654345,Mouse Moved,972.0,427.0,User23,,
1490125654377,Mouse Moved,972.0,426.0,User23,,
1490125654438,Mouse Moved,973.0,426.0,User23,,
1490125654611,Mouse Moved,973.0,425.0,User23,,
1490125655062,Mouse Moved,975.0,425.0,User23,,
1490125655078,Mouse Moved,978.0,423.0,User23,,
1490125655094,Mouse Moved,1002.0,420.0,User23,,
1490125655109,Mouse Moved,1014.0,418.0,User23,,
1490125655125,Mouse Moved,1053.0,411.0,User23,,
1490125655141,Mouse Moved,1073.0,411.0,User23,,
1490125655157,Mouse Moved,1083.0,411.0,User23,,
1490125655171,Mouse Moved,1099.0,411.0,User23,,
1490125655187,Mouse Moved,1102.0,412.0,User23,,
1490125655203,Mouse Moved,1110.0,413.0,User23,,
1490125655219,Mouse Moved,1112.0,414.0,User23,,
1490125655250,Mouse Moved,1117.0,414.0,User23,,
1490125655266,Mouse Moved,1123.0,416.0,User23,,
1490125655280,Mouse Moved,1126.0,418.0,User23,,
1490125655296,Mouse Moved,1127.0,418.0,User23,,
1490125655312,Mouse Moved,1130.0,419.0,User23,,
1490125655328,Mouse Moved,1131.0,419.0,User23,,
1490125655344,Mouse Moved,1135.0,420.0,User23,,
1490125655358,Mouse Moved,1137.0,420.0,User23,,
1490125655375,Mouse Moved,1139.0,420.0,User23,,
1490125655391,Mouse Moved,1146.0,421.0,User23,,
1490125655405,Mouse Moved,1148.0,421.0,User23,,
1490125655421,Mouse Moved,1150.0,422.0,User23,,
1490125655437,Mouse Moved,1152.0,423.0,User23,,
1490125655453,Mouse Moved,1154.0,423.0,User23,,
1490125655469,Mouse Moved,1155.0,424.0,User23,,
1490125655483,Mouse Moved,1157.0,424.0,User23,,
1490125655530,Mouse Moved,1158.0,424.0,User23,,
1490125655546,Mouse Moved,1160.0,424.0,User23,,
1490125655562,Mouse Moved,1160.0,425.0,User23,,
1490125655578,Mouse Moved,1163.0,425.0,User23,,
1490125655608,Mouse Moved,1165.0,425.0,User23,,
1490125655625,Mouse Moved,1166.0,425.0,User23,,
1490125655640,Mouse Moved,1168.0,425.0,User23,,
1490125655655,Mouse Moved,1169.0,425.0,User23,,
1490125655687,Mouse Moved,1170.0,425.0,User23,,
1490125656388,Mouse Moved,1169.0,425.0,User23,,
1490125656404,Mouse Moved,1151.0,424.0,User23,,
1490125656420,Mouse Moved,1135.0,424.0,User23,,
1490125656436,Mouse Moved,1122.0,424.0,User23,,
1490125656450,Mouse Moved,1106.0,424.0,User23,,
1490125656467,Mouse Moved,1082.0,427.0,User23,,
1490125656483,Mouse Moved,1056.0,427.0,User23,,
1490125656497,Mouse Moved,1046.0,425.0,User23,,
1490125656513,Mouse Moved,1030.0,424.0,User23,,
1490125656529,Mouse Moved,1023.0,424.0,User23,,
1490125656545,Mouse Moved,1013.0,421.0,User23,,
1490125656561,Mouse Moved,1009.0,419.0,User23,,
1490125656575,Mouse Moved,1000.0,419.0,User23,,
1490125656592,Mouse Moved,995.0,419.0,User23,,
1490125656607,Mouse Moved,993.0,419.0,User23,,
1490125656888,Mouse Moved,990.0,419.0,User23,,
1490125656904,Mouse Moved,987.0,421.0,User23,,
1490125656918,Mouse Moved,983.0,423.0,User23,,
1490125656934,Mouse Moved,979.0,424.0,User23,,
1490125656950,Mouse Moved,978.0,424.0,User23,,
1490125656966,Mouse Moved,977.0,424.0,User23,,
1490125657029,Mouse Moved,976.0,424.0,User23,,
1490125657059,Mouse Moved,976.0,424.0,User23,,
1490125657107,Mouse Moved,976.0,424.0,User23,,
1490125658198,Mouse Moved,973.0,423.0,User23,,
1490125658213,Mouse Moved,968.0,420.0,User23,,
1490125658230,Mouse Moved,961.0,415.0,User23,,
1490125658244,Mouse Moved,948.0,405.0,User23,,
1490125658260,Mouse Moved,934.0,397.0,User23,,
1490125658276,Mouse Moved,927.0,392.0,User23,,
1490125658292,Mouse Moved,918.0,384.0,User23,,
1490125658308,Mouse Moved,915.0,382.0,User23,,
1490125658322,Mouse Moved,909.0,375.0,User23,,
1490125658338,Mouse Moved,906.0,366.0,User23,,
1490125658401,Mouse Moved,906.0,366.0,User23,,
1490125660351,Mouse Moved,905.0,366.0,User23,,
1490125660367,Mouse Moved,877.0,373.0,User23,,
1490125660506,Mouse Moved,754.0,340.0,User23,,
1490125660523,Mouse Moved,718.0,323.0,User23,,
1490125660539,Mouse Moved,714.0,320.0,User23,,
1490125660569,Mouse Moved,699.0,307.0,User23,,
1490125660585,Mouse Moved,696.0,303.0,User23,,
1490125660601,Mouse Moved,680.0,295.0,User23,,
1490125660726,Mouse Moved,673.0,287.0,User23,,
1490125660740,Mouse Moved,625.0,247.0,User23,,
1490125660756,Mouse Moved,608.0,241.0,User23,,
1490125660928,Mouse Moved,604.0,241.0,User23,,
1490125660944,Mouse Moved,601.0,242.0,User23,,
1490125660960,Mouse Moved,576.0,250.0,User23,,
1490125660974,Mouse Moved,557.0,256.0,User23,,
1490125660990,Mouse Moved,497.0,266.0,User23,,
1490125661006,Mouse Moved,483.0,268.0,User23,,
1490125661022,Mouse Moved,458.0,272.0,User23,,
1490125661038,Mouse Moved,451.0,272.0,User23,,
1490125661052,Mouse Moved,440.0,273.0,User23,,
1490125661069,Mouse Moved,433.0,275.0,User23,,
1490125661085,Mouse Moved,426.0,276.0,User23,,
1490125661099,Mouse Moved,423.0,276.0,User23,,
1490125661115,Mouse Moved,421.0,276.0,User23,,
1490125661131,Mouse Moved,419.0,276.0,User23,,
1490125661177,Mouse Moved,418.0,276.0,User23,,
1490125661194,Mouse Moved,417.0,276.0,User23,,
1490125661209,Mouse Moved,415.0,276.0,User23,,
1490125661224,Mouse Moved,414.0,276.0,User23,,
1490125661240,Mouse Moved,410.0,276.0,User23,,
1490125661256,Mouse Moved,407.0,276.0,User23,,
1490125661272,Mouse Moved,406.0,275.0,User23,,
1490125661286,Mouse Moved,402.0,275.0,User23,,
1490125661302,Mouse Moved,399.0,275.0,User23,,
1490125661319,Mouse Moved,396.0,275.0,User23,,
1490125661334,Mouse Moved,393.0,274.0,User23,,
1490125661349,Mouse Moved,388.0,273.0,User23,,
1490125661365,Mouse Moved,387.0,273.0,User23,,
1490125661459,Mouse Moved,385.0,272.0,User23,,
1490125662066,Mouse Moved,385.0,271.0,User23,,
1490125662082,Mouse Moved,407.0,278.0,User23,,
1490125662098,Mouse Moved,442.0,285.0,User23,,
1490125662114,Mouse Moved,545.0,317.0,User23,,
1490125662130,Mouse Moved,591.0,332.0,User23,,
1490125662144,Mouse Moved,710.0,391.0,User23,,
1490125662161,Mouse Moved,759.0,425.0,User23,,
1490125662177,Mouse Moved,817.0,467.0,User23,,
1490125662191,Mouse Moved,856.0,506.0,User23,,
1490125662207,Mouse Moved,864.0,514.0,User23,,
1490125662394,Mouse Moved,867.0,520.0,User23,,
1490125662457,Mouse Moved,868.0,520.0,User23,,
1490125662489,Mouse Moved,869.0,518.0,User23,,
1490125662503,Mouse Moved,869.0,517.0,User23,,
1490125662519,Mouse Moved,869.0,515.0,User23,,
1490125662535,Mouse Moved,869.0,514.0,User23,,
1490125662566,Mouse Moved,869.0,512.0,User23,,
1490125662582,Mouse Moved,869.0,510.0,User23,,
1490125662598,Mouse Moved,867.0,507.0,User23,,
1490125662612,Mouse Moved,862.0,496.0,User23,,
1490125662644,Mouse Moved,860.0,493.0,User23,,
1490125662660,Mouse Moved,859.0,490.0,User23,,
1490125663003,Mouse Moved,862.0,490.0,User23,,
1490125663019,Mouse Moved,875.0,488.0,User23,,
1490125663035,Mouse Moved,885.0,487.0,User23,,
1490125663049,Mouse Moved,928.0,483.0,User23,,
1490125663065,Mouse Moved,942.0,483.0,User23,,
1490125663081,Mouse Moved,960.0,483.0,User23,,
1490125663096,Mouse Moved,970.0,484.0,User23,,
1490125663112,Mouse Moved,977.0,485.0,User23,,
1490125663128,Mouse Moved,978.0,485.0,User23,,
1490125663144,Mouse Moved,981.0,485.0,User23,,
1490125663158,Mouse Moved,982.0,486.0,User23,,
1490125663253,Mouse Moved,982.0,486.0,User23,,
1490125663299,Mouse Moved,982.0,485.0,User23,,
1490125663331,Mouse Moved,982.0,486.0,User23,,
1490125663627,Mouse Moved,980.0,485.0,User23,,
1490125663642,Mouse Moved,970.0,484.0,User23,,
1490125663658,Mouse Moved,918.0,484.0,User23,,
1490125663674,Mouse Moved,766.0,478.0,User23,,
1490125663690,Mouse Moved,672.0,478.0,User23,,
1490125663704,Mouse Moved,632.0,476.0,User23,,
1490125663720,Mouse Moved,606.0,471.0,User23,,
1490125663736,Mouse Moved,595.0,469.0,User23,,
1490125663752,Mouse Moved,584.0,468.0,User23,,
1490125663767,Mouse Moved,580.0,467.0,User23,,
1490125665453,Mouse Moved,578.0,468.0,User23,,
1490125665467,Mouse Button.left Pressed,578.0,468.0,User23,,
1490125665562,Mouse Moved,578.0,468.0,User23,,
1490125665576,Mouse Button.left Released,578.0,468.0,User23,,
1490125666966,Mouse Moved,576.0,467.0,User23,,
1490125666980,Mouse Moved,562.0,464.0,User23,,
1490125666996,Mouse Moved,504.0,458.0,User23,,
1490125667013,Mouse Moved,458.0,454.0,User23,,
1490125667028,Mouse Moved,414.0,454.0,User23,,
1490125667043,Mouse Moved,392.0,454.0,User23,,
1490125667059,Mouse Moved,376.0,450.0,User23,,
1490125667075,Mouse Moved,358.0,448.0,User23,,
1490125667091,Mouse Moved,353.0,447.0,User23,,
1490125667105,Mouse Moved,346.0,446.0,User23,,
1490125667121,Mouse Moved,341.0,446.0,User23,,
1490125667137,Mouse Moved,338.0,446.0,User23,,
1490125667387,Mouse Moved,337.0,447.0,User23,,
1490125667403,Mouse Moved,336.0,448.0,User23,,
1490125667417,Mouse Moved,334.0,450.0,User23,,
1490125667434,Mouse Moved,330.0,453.0,User23,,
1490125667448,Mouse Moved,327.0,457.0,User23,,
1490125667464,Mouse Moved,316.0,467.0,User23,,
1490125667480,Mouse Moved,310.0,470.0,User23,,
1490125667496,Mouse Moved,302.0,474.0,User23,,
1490125667512,Mouse Moved,297.0,478.0,User23,,
1490125667526,Mouse Moved,293.0,481.0,User23,,
1490125667542,Mouse Moved,291.0,482.0,User23,,
1490125667559,Mouse Moved,289.0,483.0,User23,,
1490125667573,Mouse Moved,287.0,484.0,User23,,
1490125667589,Mouse Moved,286.0,484.0,User23,,
1490125667605,Mouse Moved,285.0,485.0,User23,,
1490125667637,Mouse Moved,284.0,486.0,User23,,
1490125667667,Mouse Moved,283.0,486.0,User23,,
1490125667714,Mouse Moved,283.0,487.0,User23,,
1490125667730,Mouse Moved,281.0,487.0,User23,,
1490125667746,Mouse Moved,281.0,488.0,User23,,
1490125667760,Mouse Moved,280.0,488.0,User23,,
1490125667808,Mouse Moved,279.0,488.0,User23,,
1490125667871,Mouse Moved,279.0,488.0,User23,,
1490125668790,Mouse Moved,279.0,487.0,User23,,
1490125668947,Mouse Moved,279.0,486.0,User23,,
1490125669086,Mouse Moved,279.0,484.0,User23,,
1490125669102,Mouse Moved,287.0,472.0,User23,,
1490125669118,Mouse Moved,330.0,402.0,User23,,
1490125669243,Mouse Moved,334.0,397.0,User23,,
1490125669446,Mouse Moved,340.0,386.0,User23,,
1490125669523,Mouse Moved,338.0,385.0,User23,,
1490125669539,Mouse Moved,314.0,372.0,User23,,
1490125669555,Mouse Moved,292.0,356.0,User23,,
1490125669664,Mouse Moved,291.0,356.0,User23,,
1490125669710,Mouse Moved,288.0,354.0,User23,,
1490125669726,Mouse Moved,287.0,354.0,User23,,
1490125669743,Mouse Moved,284.0,355.0,User23,,
1490125669882,Mouse Moved,283.0,355.0,User23,,
1490125669898,Mouse Moved,278.0,355.0,User23,,
1490125670023,Mouse Moved,275.0,354.0,User23,,
1490125670039,Mouse Moved,275.0,354.0,User23,,
1490125670802,Mouse Moved,274.0,353.0,User23,,
1490125670819,Mouse Moved,272.0,353.0,User23,,
1490125670835,Mouse Moved,270.0,353.0,User23,,
1490125670865,Mouse Moved,269.0,353.0,User23,,
1490125670927,Mouse Moved,268.0,353.0,User23,,
1490125670944,Mouse Moved,269.0,353.0,User23,,
1490125670959,Mouse Moved,269.0,353.0,User23,,
1490125670990,Mouse Moved,268.0,353.0,User23,,
1490125671084,Mouse Moved,268.0,353.0,User23,,
1490125671911,Mouse Moved,271.0,353.0,User23,,
1490125671927,Mouse Moved,277.0,354.0,User23,,
1490125671941,Mouse Moved,362.0,376.0,User23,,
1490125671957,Mouse Moved,411.0,392.0,User23,,
1490125671973,Mouse Moved,494.0,426.0,User23,,
1490125671989,Mouse Moved,532.0,454.0,User23,,
1490125672005,Mouse Moved,585.0,484.0,User23,,
1490125672019,Mouse Moved,607.0,501.0,User23,,
1490125672036,Mouse Moved,643.0,530.0,User23,,
1490125672066,Mouse Moved,654.0,543.0,User23,,
1490125672285,Mouse Moved,659.0,547.0,User23,,
1490125672301,Mouse Moved,663.0,545.0,User23,,
1490125672316,Mouse Moved,659.0,547.0,User23,,
1490125672473,Mouse Moved,658.0,548.0,User23,,
1490125672487,Mouse Button.left Released,658.0,548.0,User23,,
1490125672924,Mouse Moved,658.0,548.0,User23,,
1490125672940,Mouse Moved,658.0,548.0,User23,,
1490125672956,Mouse Moved,658.0,548.0,User23,,
1490125672986,Mouse Moved,658.0,548.0,User23,,
1490125673003,Mouse Moved,658.0,548.0,User23,,
1490125673033,Mouse Moved,658.0,548.0,User23,,
1490125673799,Mouse Moved,658.0,548.0,User23,,
1490125673813,Mouse Moved,658.0,548.0,User23,,
1490125673829,Mouse Moved,658.0,548.0,User23,,
1490125673845,Mouse Moved,658.0,548.0,User23,,
1490125673861,Mouse Moved,658.0,548.0,User23,,
1490125673891,Mouse Moved,658.0,548.0,User23,,
1490125673907,Mouse Moved,658.0,548.0,User23,,
1490125674220,Mouse Moved,658.0,556.0,User23,,
1490125674234,Mouse Moved,654.0,579.0,User23,,
1490125674266,Mouse Moved,654.0,578.0,User23,,
1490125674282,Mouse Moved,654.0,578.0,User23,,
1490125674298,Mouse Moved,654.0,578.0,User23,,
1490125674312,Mouse Moved,654.0,578.0,User23,,
1490125674328,Mouse Moved,654.0,578.0,User23,,
1490125674345,Mouse Moved,654.0,578.0,User23,,
1490125674359,Mouse Moved,654.0,578.0,User23,,
1490125674375,Mouse Scrolled (0 1),654.0,578.0,User23,,
1490125674671,Mouse Moved,654.0,580.0,User23,,
1490125674719,Mouse Moved,654.0,579.0,User23,,
1490125674734,Mouse Moved,654.0,579.0,User23,,
1490125674750,Mouse Scrolled (0 1),654.0,579.0,User23,,
1490125674766,Mouse Scrolled (0 3),654.0,579.0,User23,,
1490125674780,Mouse Scrolled (0 1),654.0,579.0,User23,,
1490125674796,Mouse Scrolled (0 1),654.0,579.0,User23,,
1490125674828,Mouse Moved,654.0,579.0,User23,,
1490125675187,Mouse Moved,655.0,578.0,User23,,
1490125675203,Mouse Moved,670.0,552.0,User23,,
1490125675217,Mouse Moved,701.0,504.0,User23,,
1490125675233,Mouse Moved,769.0,414.0,User23,,
1490125675249,Mouse Moved,856.0,333.0,User23,,
1490125675265,Mouse Moved,952.0,283.0,User23,,
1490125675280,Mouse Moved,982.0,271.0,User23,,
1490125675296,Mouse Moved,994.0,270.0,User23,,
1490125675312,Mouse Moved,1023.0,256.0,User23,,
1490125675326,Mouse Moved,1031.0,254.0,User23,,
1490125675342,Mouse Moved,1046.0,252.0,User23,,
1490125675358,Mouse Moved,1050.0,252.0,User23,,
1490125675576,Mouse Moved,1056.0,251.0,User23,,
1490125675592,Mouse Moved,1090.0,243.0,User23,,
1490125675608,Mouse Moved,1156.0,230.0,User23,,
1490125675624,Mouse Moved,1213.0,221.0,User23,,
1490125675638,Mouse Moved,1230.0,220.0,User23,,
1490125675654,Mouse Moved,1250.0,220.0,User23,,
1490125675671,Mouse Moved,1282.0,224.0,User23,,
1490125675686,Mouse Moved,1297.0,226.0,User23,,
1490125675701,Mouse Moved,1309.0,231.0,User23,,
1490125675717,Mouse Moved,1311.0,232.0,User23,,
1490125675888,Mouse Moved,1311.0,230.0,User23,,
1490125675904,Mouse Moved,1315.0,228.0,User23,,
1490125675920,Mouse Moved,1319.0,225.0,User23,,
1490125675950,Mouse Moved,1328.0,215.0,User23,,
1490125675967,Mouse Moved,1334.0,212.0,User23,,
1490125675983,Mouse Moved,1335.0,211.0,User23,,
1490125675997,Mouse Moved,1337.0,210.0,User23,,
1490125676029,Mouse Moved,1338.0,209.0,User23,,
1490125676061,Mouse Moved,1338.0,207.0,User23,,
1490125676092,Mouse Moved,1336.0,206.0,User23,,
1490125676107,Mouse Moved,1324.0,199.0,User23,,
1490125676122,Mouse Moved,1304.0,187.0,User23,,
1490125676138,Mouse Moved,1299.0,186.0,User23,,
1490125676154,Mouse Moved,1293.0,186.0,User23,,
1490125676170,Mouse Moved,1289.0,185.0,User23,,
1490125676184,Mouse Moved,1288.0,185.0,User23,,
1490125676200,Mouse Moved,1287.0,185.0,User23,,
1490125676217,Mouse Moved,1287.0,184.0,User23,,
1490125676232,Mouse Moved,1286.0,184.0,User23,,
1490125676357,Mouse Moved,1287.0,184.0,User23,,
1490125676372,Mouse Moved,1288.0,185.0,User23,,
1490125676388,Mouse Moved,1289.0,186.0,User23,,
1490125676404,Mouse Moved,1290.0,188.0,User23,,
1490125676418,Mouse Moved,1291.0,188.0,User23,,
1490125676434,Mouse Moved,1292.0,190.0,User23,,
1490125676450,Mouse Moved,1293.0,190.0,User23,,
1490125676466,Mouse Moved,1294.0,191.0,User23,,
1490125676482,Mouse Moved,1296.0,192.0,User23,,
1490125676496,Mouse Moved,1297.0,194.0,User23,,
1490125676529,Mouse Moved,1298.0,194.0,User23,,
1490125676591,Mouse Moved,1298.0,193.0,User23,,
1490125676684,Mouse Moved,1298.0,193.0,User23,,
1490125677605,Mouse Moved,1296.0,195.0,User23,,
1490125677621,Mouse Moved,1288.0,201.0,User23,,
1490125677635,Mouse Moved,1217.0,252.0,User23,,
1490125677651,Mouse Moved,1157.0,275.0,User23,,
1490125677667,Mouse Moved,989.0,365.0,User23,,
1490125677683,Mouse Moved,890.0,419.0,User23,,
1490125677698,Mouse Moved,854.0,433.0,User23,,
1490125677713,Mouse Moved,800.0,456.0,User23,,
1490125677730,Mouse Moved,789.0,461.0,User23,,
1490125677744,Mouse Moved,774.0,467.0,User23,,
1490125677760,Mouse Moved,771.0,467.0,User23,,
1490125677776,Mouse Moved,764.0,469.0,User23,,
1490125677792,Mouse Moved,762.0,469.0,User23,,
1490125678056,Mouse Moved,762.0,468.0,User23,,
1490125678072,Mouse Moved,762.0,468.0,User23,,
1490125678088,Mouse Moved,762.0,468.0,User23,,
1490125678104,Mouse Moved,762.0,468.0,User23,,
1490125678119,Mouse Moved,762.0,468.0,User23,,
1490125678134,Mouse Moved,762.0,468.0,User23,,
1490125678167,Mouse Moved,762.0,468.0,User23,,
1490125678197,Mouse Moved,762.0,468.0,User23,,
1490125678276,Mouse Moved,762.0,468.0,User23,,
1490125678290,Mouse Scrolled (0 -1),762.0,468.0,User23,,
1490125678368,Mouse Moved,762.0,468.0,User23,,
1490125678384,Mouse Moved,762.0,468.0,User23,,
1490125678415,Mouse Moved,762.0,468.0,User23,,
1490125678431,Mouse Moved,762.0,468.0,User23,,
1490125678447,Mouse Moved,762.0,468.0,User23,,
1490125678463,Mouse Scrolled (0 3),762.0,468.0,User23,,
1490125678479,Mouse Moved,762.0,468.0,User23,,
1490125678493,Mouse Moved,762.0,468.0,User23,,
1490125678509,Mouse Moved,762.0,468.0,User23,,
1490125678525,Mouse Moved,762.0,468.0,User23,,
1490125679071,Mouse Moved,764.0,467.0,User23,,
1490125679086,Mouse Moved,788.0,444.0,User23,,
1490125679196,Mouse Moved,861.0,379.0,User23,,
1490125679368,Mouse Moved,975.0,317.0,User23,,
1490125679382,Mouse Moved,1124.0,278.0,User23,,
1490125679523,Mouse Moved,1170.0,260.0,User23,,
1490125679539,Mouse Moved,1409.0,100.0,User23,,
1490125679555,Mouse Moved,1466.0,69.0,User23,,
1490125679571,Mouse Moved,1477.0,64.0,User23,,
1490125679585,Mouse Moved,1486.0,61.0,User23,,
1490125679694,Mouse Moved,1495.0,60.0,User23,,
1490125679710,Mouse Moved,1498.0,60.0,User23,,
1490125679851,Mouse Moved,1506.0,63.0,User23,,
1490125679867,Mouse Moved,1506.0,65.0,User23,,
1490125679882,Mouse Moved,1507.0,65.0,User23,,
1490125680006,Mouse Moved,1507.0,72.0,User23,,
1490125680023,Mouse Moved,1507.0,73.0,User23,,
1490125680039,Mouse Moved,1496.0,90.0,User23,,
1490125680053,Mouse Moved,1492.0,93.0,User23,,
1490125680117,Mouse Moved,1491.0,93.0,User23,,
1490125680131,Mouse Moved,1490.0,94.0,User23,,
1490125680148,Mouse Moved,1489.0,94.0,User23,,
1490125680163,Mouse Moved,1486.0,95.0,User23,,
1490125680178,Mouse Moved,1482.0,95.0,User23,,
1490125680194,Mouse Moved,1475.0,95.0,User23,,
1490125680319,Mouse Moved,1473.0,95.0,User23,,
1490125680335,Mouse Moved,1471.0,95.0,User23,,
1490125680474,Mouse Moved,1470.0,95.0,User23,,
1490125680786,Mouse Moved,1469.0,97.0,User23,,
1490125680802,Mouse Moved,1465.0,101.0,User23,,
1490125680819,Mouse Moved,1457.0,108.0,User23,,
1490125680834,Mouse Moved,1413.0,133.0,User23,,
1490125680849,Mouse Moved,1316.0,174.0,User23,,
1490125680865,Mouse Moved,1269.0,196.0,User23,,
1490125680881,Mouse Moved,1142.0,251.0,User23,,
1490125680897,Mouse Moved,1092.0,271.0,User23,,
1490125680911,Mouse Moved,1007.0,301.0,User23,,
1490125680927,Mouse Moved,990.0,302.0,User23,,
1490125680943,Mouse Moved,958.0,306.0,User23,,
1490125680959,Mouse Moved,949.0,307.0,User23,,
1490125680974,Mouse Moved,940.0,307.0,User23,,
1490125680990,Mouse Moved,931.0,303.0,User23,,
1490125681006,Mouse Moved,930.0,302.0,User23,,
1490125681255,Mouse Moved,929.0,302.0,User23,,
1490125681270,Mouse Moved,879.0,311.0,User23,,
1490125681286,Mouse Moved,827.0,329.0,User23,,
1490125681302,Mouse Moved,706.0,378.0,User23,,
1490125681318,Mouse Moved,606.0,441.0,User23,,
1490125681332,Mouse Moved,571.0,468.0,User23,,
1490125681348,Mouse Moved,517.0,499.0,User23,,
1490125681365,Mouse Moved,498.0,511.0,User23,,
1490125681380,Mouse Moved,475.0,526.0,User23,,
1490125681395,Mouse Moved,473.0,528.0,User23,,
1490125681411,Mouse Moved,471.0,530.0,User23,,
1490125681644,Mouse Moved,467.0,532.0,User23,,
1490125681661,Mouse Moved,451.0,546.0,User23,,
1490125681677,Mouse Moved,359.0,587.0,User23,,
1490125681691,Mouse Moved,295.0,623.0,User23,,
1490125681707,Mouse Moved,196.0,678.0,User23,,
1490125681723,Mouse Moved,167.0,697.0,User23,,
1490125681739,Mouse Moved,107.0,724.0,User23,,
1490125681755,Mouse Moved,72.0,745.0,User23,,
1490125681769,Mouse Moved,50.0,761.0,User23,,
1490125681786,Mouse Moved,35.0,771.0,User23,,
1490125681801,Mouse Moved,33.0,773.0,User23,,
1490125681816,Mouse Moved,31.0,775.0,User23,,
1490125682035,Mouse Moved,31.0,777.0,User23,,
1490125682051,Mouse Moved,31.0,780.0,User23,,
1490125682066,Mouse Moved,30.0,783.0,User23,,
1490125682082,Mouse Moved,30.0,784.0,User23,,
1490125682098,Mouse Moved,29.0,788.0,User23,,
1490125682112,Mouse Moved,29.0,793.0,User23,,
1490125682128,Mouse Moved,28.0,797.0,User23,,
1490125682144,Mouse Moved,27.0,800.0,User23,,
1490125682160,Mouse Moved,25.0,806.0,User23,,
1490125682176,Mouse Moved,22.0,813.0,User23,,
1490125682190,Mouse Moved,22.0,822.0,User23,,
1490125682207,Mouse Moved,19.0,831.0,User23,,
1490125682223,Mouse Moved,19.0,837.0,User23,,
1490125682253,Mouse Moved,19.0,841.0,User23,,
1490125682269,Mouse Moved,19.0,843.0,User23,,
1490125682346,Mouse Moved,19.0,843.0,User23,,
1490125682440,Mouse Moved,19.0,843.0,User23,,
1490125682706,Mouse Moved,24.0,833.0,User23,,
1490125682721,Mouse Moved,33.0,817.0,User23,,
1490125682736,Mouse Moved,56.0,789.0,User23,,
1490125682753,Mouse Moved,100.0,749.0,User23,,
1490125682769,Mouse Moved,134.0,728.0,User23,,
1490125682783,Mouse Moved,149.0,718.0,User23,,
1490125682799,Mouse Moved,220.0,680.0,User23,,
1490125682815,Mouse Moved,238.0,674.0,User23,,
1490125682831,Mouse Moved,243.0,673.0,User23,,
1490125682846,Mouse Moved,252.0,673.0,User23,,
1490125682861,Mouse Moved,255.0,674.0,User23,,
1490125682878,Mouse Moved,273.0,686.0,User23,,
1490125682892,Mouse Moved,283.0,694.0,User23,,
1490125682908,Mouse Moved,286.0,698.0,User23,,
1490125682924,Mouse Moved,299.0,714.0,User23,,
1490125682940,Mouse Moved,303.0,718.0,User23,,
1490125682956,Mouse Moved,307.0,724.0,User23,,
1490125682970,Mouse Moved,313.0,733.0,User23,,
1490125682986,Mouse Moved,317.0,737.0,User23,,
1490125683003,Mouse Moved,321.0,742.0,User23,,
1490125683033,Mouse Moved,323.0,744.0,User23,,
1490125683049,Mouse Moved,330.0,767.0,User23,,
1490125683065,Mouse Moved,333.0,775.0,User23,,
1490125683081,Mouse Moved,333.0,779.0,User23,,
1490125683095,Mouse Moved,334.0,799.0,User23,,
1490125683111,Mouse Moved,332.0,807.0,User23,,
1490125683127,Mouse Moved,331.0,810.0,User23,,
1490125683142,Mouse Moved,329.0,815.0,User23,,
1490125683158,Mouse Moved,328.0,817.0,User23,,
1490125683190,Mouse Moved,327.0,818.0,User23,,
1490125683204,Mouse Moved,326.0,819.0,User23,,
1490125683329,Mouse Moved,325.0,819.0,User23,,
1490125683361,Mouse Moved,324.0,819.0,User23,,
1490125683377,Mouse Moved,322.0,817.0,User23,,
1490125683392,Mouse Moved,320.0,815.0,User23,,
1490125683407,Mouse Moved,317.0,811.0,User23,,
1490125683424,Mouse Moved,315.0,810.0,User23,,
1490125683454,Mouse Moved,314.0,810.0,User23,,
1490125683470,Mouse Moved,314.0,809.0,User23,,
1490125683486,Mouse Moved,313.0,809.0,User23,,
1490125683516,Mouse Moved,313.0,808.0,User23,,
1490125683532,Mouse Moved,312.0,808.0,User23,,
1490125683563,Mouse Moved,311.0,808.0,User23,,
1490125683579,Mouse Moved,311.0,807.0,User23,,
1490125683627,Mouse Moved,309.0,806.0,User23,,
1490125683657,Mouse Moved,309.0,805.0,User23,,
1490125683673,Mouse Moved,308.0,804.0,User23,,
1490125683688,Mouse Moved,308.0,803.0,User23,,
1490125683704,Mouse Moved,307.0,803.0,User23,,
1490125683720,Mouse Moved,307.0,802.0,User23,,
1490125683736,Mouse Moved,305.0,800.0,User23,,
1490125683750,Mouse Moved,304.0,799.0,User23,,
1490125683782,Mouse Moved,303.0,798.0,User23,,
1490125683813,Mouse Moved,302.0,798.0,User23,,
1490125683861,Mouse Moved,302.0,795.0,User23,,
1490125683875,Mouse Moved,302.0,794.0,User23,,
1490125683891,Mouse Moved,302.0,793.0,User23,,
1490125683907,Mouse Moved,302.0,792.0,User23,,
1490125683923,Mouse Moved,302.0,791.0,User23,,
1490125683953,Mouse Moved,302.0,790.0,User23,,
1490125684048,Mouse Moved,301.0,789.0,User23,,
1490125684546,Mouse Moved,302.0,790.0,User23,,
1490125684562,Mouse Moved,302.0,790.0,User23,,
1490125684655,Mouse Moved,302.0,790.0,User23,,
1490126319598,Mouse Moved,616.0,401.0,User23,1536.0,864.0
1490126319614,Mouse Moved,957.0,438.0,User23,,
1490126319755,Mouse Moved,999.0,440.0,User23,,
1490126319769,Mouse Moved,1014.0,433.0,User23,,
1490126319911,Mouse Moved,1016.0,429.0,User23,,
1490126319926,Mouse Moved,1016.0,428.0,User23,,
1490126319941,Mouse Moved,1006.0,410.0,User23,,
1490126320066,Mouse Moved,996.0,394.0,User23,,
1490126320112,Mouse Moved,991.0,388.0,User23,,
1490126320128,Mouse Moved,984.0,382.0,User23,,
1490126320176,Mouse Moved,976.0,373.0,User23,,
1490126320190,Mouse Moved,973.0,366.0,User23,,
1490126320253,Mouse Moved,971.0,366.0,User23,,
1490126320269,Mouse Moved,968.0,368.0,User23,,
1490126320285,Mouse Moved,956.0,379.0,User23,,
1490126320301,Mouse Moved,935.0,396.0,User23,,
1490126320315,Mouse Moved,926.0,403.0,User23,,
1490126320332,Mouse Moved,918.0,408.0,User23,,
1490126320346,Mouse Moved,892.0,417.0,User23,,
1490126320362,Mouse Moved,881.0,420.0,User23,,
1490126320378,Mouse Moved,878.0,421.0,User23,,
1490126320394,Mouse Moved,876.0,422.0,User23,,
1490126320410,Mouse Moved,868.0,423.0,User23,,
1490126320424,Mouse Moved,866.0,424.0,User23,,
1490126320440,Mouse Moved,864.0,424.0,User23,,
1490126320471,Mouse Moved,863.0,424.0,User23,,
1490126320581,Mouse Moved,862.0,424.0,User23,,
1490126320628,Mouse Moved,861.0,424.0,User23,,
1490126320970,Mouse Moved,860.0,422.0,User23,,
1490126320986,Mouse Moved,857.0,420.0,User23,,
1490126321003,Mouse Moved,856.0,419.0,User23,,
1490126321017,Mouse Moved,854.0,417.0,User23,,
1490126321033,Mouse Moved,852.0,415.0,User23,,
1490126321065,Mouse Moved,851.0,414.0,User23,,
1490126321081,Mouse Moved,850.0,413.0,User23,,
1490126321127,Mouse Moved,849.0,413.0,User23,,
1490126321236,Mouse Moved,847.0,412.0,User23,,
1490126321252,Mouse Moved,846.0,412.0,User23,,
1490126321345,Mouse Moved,843.0,411.0,User23,,
1490126321361,Mouse Moved,840.0,410.0,User23,,
1490126321532,Mouse Moved,840.0,415.0,User23,,
1490126321549,Mouse Moved,839.0,417.0,User23,,
1490126321563,Mouse Moved,839.0,420.0,User23,,
1490126321579,Mouse Moved,839.0,435.0,User23,,
1490126321595,Mouse Moved,839.0,439.0,User23,,
1490126321611,Mouse Moved,839.0,446.0,User23,,
1490126321627,Mouse Moved,839.0,452.0,User23,,
1490126321641,Mouse Moved,839.0,459.0,User23,,
1490126321657,Mouse Moved,839.0,461.0,User23,,
1490126321673,Mouse Moved,839.0,465.0,User23,,
1490126321688,Mouse Moved,839.0,466.0,User23,,
1490126321704,Mouse Moved,839.0,467.0,User23,,
1490126321720,Mouse Moved,839.0,468.0,User23,,
1490126322032,Mouse Moved,837.0,467.0,User23,,
1490126322062,Mouse Moved,836.0,465.0,User23,,
1490126322095,Mouse Moved,829.0,457.0,User23,,
1490126322109,Mouse Moved,828.0,456.0,User23,,
1490126322125,Mouse Moved,825.0,453.0,User23,,
1490126322141,Mouse Button.left Pressed,825.0,453.0,User23,,
1490126322157,Mouse Moved,823.0,453.0,User23,,
1490126322219,Mouse Moved,824.0,453.0,User23,,
1490126322469,Mouse Moved,822.0,453.0,User23,,
1490126322484,Mouse Moved,817.0,459.0,User23,,
1490126322500,Mouse Moved,791.0,483.0,User23,,
1490126322516,Mouse Moved,711.0,548.0,User23,,
1490126322546,Mouse Moved,597.0,621.0,User23,,
1490126322562,Mouse Moved,524.0,657.0,User23,,
1490126322578,Mouse Moved,510.0,663.0,User23,,
1490126322594,Mouse Moved,472.0,687.0,User23,,
1490126322608,Mouse Moved,466.0,692.0,User23,,
1490126322625,Mouse Moved,458.0,700.0,User23,,
1490126322641,Mouse Moved,455.0,702.0,User23,,
1490126322812,Mouse Moved,448.0,724.0,User23,,
1490126322828,Mouse Moved,443.0,735.0,User23,,
1490126322842,Mouse Moved,428.0,772.0,User23,,
1490126322875,Mouse Moved,422.0,787.0,User23,,
1490126322890,Mouse Moved,410.0,824.0,User23,,
1490126322905,Mouse Moved,405.0,837.0,User23,,
1490126322921,Mouse Moved,404.0,841.0,User23,,
1490126322937,Mouse Moved,400.0,850.0,User23,,
1490126322953,Mouse Moved,400.0,852.0,User23,,
1490126322967,Mouse Moved,399.0,857.0,User23,,
1490126322983,Mouse Moved,399.0,859.0,User23,,
1490126322999,Mouse Moved,399.0,861.0,User23,,
1490126323015,Mouse Moved,399.0,862.0,User23,,
1490126323046,Mouse Moved,399.0,863.0,User23,,
1490126323140,Mouse Moved,399.0,862.0,User23,,
1490126327430,Mouse Moved,403.0,859.0,User23,,
1490126327444,Mouse Moved,459.0,781.0,User23,,
1490126327476,Mouse Moved,535.0,711.0,User23,,
1490126327507,Mouse Moved,652.0,568.0,User23,,
1490126332250,Mouse Moved,692.0,511.0,User23,,
1490126332266,Mouse Moved,693.0,509.0,User23,,
1490126332296,Mouse Moved,699.0,503.0,User23,,
1490126332312,Mouse Moved,716.0,489.0,User23,,
1490126332328,Mouse Moved,730.0,478.0,User23,,
1490126332344,Mouse Moved,736.0,472.0,User23,,
1490126332358,Mouse Moved,747.0,461.0,User23,,
1490126332375,Mouse Moved,753.0,456.0,User23,,
1490126332391,Mouse Moved,757.0,453.0,User23,,
1490126332405,Mouse Moved,757.0,452.0,User23,,
1490126332421,Mouse Moved,759.0,451.0,User23,,
1490126332453,Mouse Moved,760.0,449.0,User23,,
1490126332469,Mouse Moved,761.0,449.0,User23,,
1490126332483,Mouse Moved,762.0,449.0,User23,,
1490126332687,Mouse Moved,761.0,448.0,User23,,
1490126332812,Mouse Moved,761.0,448.0,User23,,
1490126334341,Mouse Moved,762.0,452.0,User23,,
1490126334355,Mouse Moved,762.0,456.0,User23,,
1490126334371,Mouse Moved,761.0,466.0,User23,,
1490126334387,Mouse Moved,761.0,469.0,User23,,
1490126334418,Mouse Moved,759.0,481.0,User23,,
1490126334434,Mouse Moved,758.0,494.0,User23,,
1490126334464,Mouse Moved,757.0,505.0,User23,,
1490126334480,Mouse Moved,757.0,508.0,User23,,
1490126334528,Mouse Moved,756.0,511.0,User23,,
1490126334542,Mouse Moved,755.0,513.0,User23,,
1490126334559,Mouse Moved,753.0,520.0,User23,,
1490126334575,Mouse Moved,752.0,521.0,User23,,
1490126334605,Mouse Moved,752.0,522.0,User23,,
1490126334621,Mouse Moved,749.0,526.0,User23,,
1490126334653,Mouse Moved,748.0,527.0,User23,,
1490126334667,Mouse Moved,744.0,530.0,User23,,
1490126334684,Mouse Moved,742.0,531.0,User23,,
1490126334714,Mouse Moved,739.0,532.0,User23,,
1490126334730,Mouse Button.left Pressed,739.0,532.0,User23,,
1490126334746,Mouse Moved,738.0,532.0,User23,,
1490126334792,Mouse Moved,738.0,532.0,User23,,
1490126334901,Mouse Moved,738.0,532.0,User23,,
1490126334996,Mouse Moved,738.0,532.0,User23,,
1490126335073,Mouse Moved,738.0,532.0,User23,,
1490126335135,Mouse Moved,738.0,532.0,User23,,
1490126335619,Mouse Moved,738.0,532.0,User23,,
1490126335634,Mouse Button.left Pressed,738.0,532.0,User23,,
1490126335713,Mouse Moved,738.0,532.0,User23,,
1490126335838,Mouse Moved,738.0,532.0,User23,,
1490126335915,Mouse Moved,738.0,532.0,User23,,
1490126336477,Mouse Moved,741.0,525.0,User23,,
1490126336493,Mouse Moved,747.0,503.0,User23,,
1490126336509,Mouse Moved,753.0,486.0,User23,,
1490126336525,Mouse Moved,760.0,469.0,User23,,
1490126336555,Mouse Moved,778.0,414.0,User23,,
1490126336571,Mouse Moved,780.0,398.0,User23,,
1490126336586,Mouse Moved,783.0,369.0,User23,,
1490126336602,Mouse Moved,783.0,361.0,User23,,
1490126336680,Mouse Moved,783.0,358.0,User23,,
1490126336696,Mouse Moved,783.0,357.0,User23,,
1490126336726,Mouse Moved,783.0,353.0,User23,,
1490126336759,Mouse Moved,783.0,352.0,User23,,
1490126336773,Mouse Moved,782.0,352.0,User23,,
1490126336789,Mouse Button.left Pressed,782.0,352.0,User23,,
1490126337101,Mouse Moved,783.0,347.0,User23,,
1490126337117,Mouse Moved,781.0,343.0,User23,,
1490126337148,Mouse Moved,780.0,342.0,User23,,
1490126337164,Mouse Moved,778.0,338.0,User23,,
1490126337180,Mouse Moved,776.0,332.0,User23,,
1490126337194,Mouse Moved,775.0,330.0,User23,,
1490126337210,Mouse Moved,775.0,327.0,User23,,
1490126337226,Mouse Moved,775.0,326.0,User23,,
1490126337289,Mouse Moved,775.0,326.0,User23,,
1490126339441,Mouse Moved,773.0,326.0,User23,,
1490126339457,Mouse Moved,754.0,325.0,User23,,
1490126339566,Mouse Moved,739.0,324.0,User23,,
1490126339582,Mouse Moved,674.0,302.0,User23,,
1490126339612,Mouse Moved,528.0,264.0,User23,,
1490126339628,Mouse Moved,510.0,261.0,User23,,
1490126339878,Mouse Moved,507.0,259.0,User23,,
1490126339894,Mouse Moved,478.0,253.0,User23,,
1490126340035,Mouse Moved,462.0,247.0,User23,,
1490126340065,Mouse Moved,461.0,247.0,User23,,
1490126340081,Mouse Button.left Pressed,459.0,247.0,User23,,
1490126340190,Mouse Moved,459.0,248.0,User23,,
1490126340206,Mouse Moved,459.0,249.0,User23,,
1490126340331,Mouse Moved,459.0,250.0,User23,,
1490126340346,Mouse Moved,459.0,251.0,User23,,
1490126340361,Mouse Moved,446.0,257.0,User23,,
1490126340378,Mouse Moved,442.0,257.0,User23,,
1490126340503,Mouse Moved,441.0,258.0,User23,,
1490126340517,Mouse Moved,439.0,258.0,User23,,
1490126340892,Mouse Moved,439.0,262.0,User23,,
1490126340907,Mouse Moved,453.0,308.0,User23,,
1490126340970,Mouse Moved,474.0,365.0,User23,,
1490126340986,Mouse Moved,480.0,385.0,User23,,
1490126341002,Mouse Moved,481.0,397.0,User23,,
1490126341016,Mouse Moved,481.0,398.0,User23,,
1490126341049,Mouse Moved,481.0,402.0,User23,,
1490126341157,Mouse Moved,480.0,402.0,User23,,
1490126341173,Mouse Moved,479.0,402.0,User23,,
1490126341188,Mouse Moved,476.0,398.0,User23,,
1490126341204,Mouse Moved,473.0,396.0,User23,,
1490126341220,Mouse Moved,469.0,392.0,User23,,
1490126341236,Mouse Moved,466.0,390.0,User23,,
1490126341250,Mouse Moved,465.0,388.0,User23,,
1490126341282,Mouse Moved,463.0,386.0,User23,,
1490126341298,Mouse Moved,461.0,385.0,User23,,
1490126341313,Mouse Moved,461.0,384.0,User23,,
1490126341345,Mouse Moved,459.0,383.0,User23,,
1490126341361,Mouse Moved,459.0,382.0,User23,,
1490126341375,Mouse Moved,457.0,381.0,User23,,
1490126341391,Mouse Moved,456.0,380.0,User23,,
1490126341407,Mouse Moved,454.0,378.0,User23,,
1490126341438,Mouse Moved,452.0,375.0,User23,,
1490126341470,Mouse Moved,451.0,374.0,User23,,
1490126341484,Mouse Moved,450.0,374.0,User23,,
1490126341500,Mouse Moved,450.0,373.0,User23,,
1490126341516,Mouse Moved,450.0,373.0,User23,,
1490126341750,Mouse Moved,450.0,375.0,User23,,
1490126341766,Mouse Moved,450.0,376.0,User23,,
1490126341782,Mouse Moved,452.0,379.0,User23,,
1490126341796,Mouse Moved,453.0,380.0,User23,,
1490126341812,Mouse Moved,454.0,383.0,User23,,
1490126341828,Mouse Moved,456.0,385.0,User23,,
1490126341844,Mouse Moved,457.0,386.0,User23,,
1490126341859,Mouse Moved,458.0,387.0,User23,,
1490126341891,Mouse Moved,458.0,388.0,User23,,
1490126341984,Mouse Moved,458.0,387.0,User23,,
1490126342405,Mouse Moved,457.0,387.0,User23,,
1490126342421,Mouse Moved,456.0,386.0,User23,,
1490126342453,Mouse Moved,455.0,385.0,User23,,
1490126342467,Mouse Moved,453.0,383.0,User23,,
1490126342483,Mouse Moved,452.0,380.0,User23,,
1490126342499,Mouse Moved,450.0,378.0,User23,,
1490126342515,Mouse Moved,449.0,375.0,User23,,
1490126342530,Mouse Moved,447.0,373.0,User23,,
1490126342546,Mouse Moved,446.0,372.0,User23,,
1490126342576,Mouse Moved,446.0,371.0,User23,,
1490126342592,Mouse Moved,446.0,370.0,User23,,
1490126342608,Mouse Moved,446.0,370.0,User23,,
1490126342624,Mouse Moved,446.0,370.0,User23,,
1490126342640,Mouse Button.left Pressed,446.0,370.0,User23,,
1490126342717,Mouse Moved,445.0,370.0,User23,,
1490126343170,Mouse Moved,446.0,370.0,User23,,
1490126343186,Mouse Moved,454.0,372.0,User23,,
1490126343200,Mouse Moved,489.0,376.0,User23,,
1490126343217,Mouse Moved,516.0,376.0,User23,,
1490126343233,Mouse Moved,557.0,378.0,User23,,
1490126343247,Mouse Moved,574.0,378.0,User23,,
1490126343263,Mouse Moved,578.0,378.0,User23,,
1490126343279,Mouse Moved,593.0,379.0,User23,,
1490126343295,Mouse Moved,598.0,380.0,User23,,
1490126343311,Mouse Moved,602.0,380.0,User23,,
1490126343325,Mouse Moved,606.0,381.0,User23,,
1490126343342,Mouse Moved,608.0,384.0,User23,,
1490126344105,Mouse Moved,610.0,382.0,User23,,
1490126344121,Mouse Moved,625.0,373.0,User23,,
1490126344137,Mouse Moved,655.0,361.0,User23,,
1490126344168,Mouse Moved,753.0,340.0,User23,,
1490126344184,Mouse Moved,798.0,329.0,User23,,
1490126344200,Mouse Moved,813.0,331.0,User23,,
1490126344214,Mouse Moved,819.0,332.0,User23,,
1490126344230,Mouse Moved,824.0,332.0,User23,,
1490126344262,Mouse Moved,822.0,333.0,User23,,
1490126344278,Mouse Moved,812.0,333.0,User23,,
1490126344292,Mouse Moved,756.0,323.0,User23,,
1490126344309,Mouse Moved,727.0,319.0,User23,,
1490126344325,Mouse Moved,698.0,312.0,User23,,
1490126344339,Mouse Moved,652.0,302.0,User23,,
1490126344355,Mouse Moved,633.0,296.0,User23,,
1490126344371,Mouse Moved,623.0,291.0,User23,,
1490126344387,Mouse Moved,616.0,288.0,User23,,
1490126344403,Mouse Moved,611.0,287.0,User23,,
1490126344417,Mouse Moved,598.0,269.0,User23,,
1490126344434,Mouse Moved,596.0,266.0,User23,,
1490126344448,Mouse Moved,595.0,265.0,User23,,
1490126344637,Mouse Moved,593.0,265.0,User23,,
1490126344651,Mouse Moved,578.0,267.0,User23,,
1490126344667,Mouse Moved,566.0,267.0,User23,,
1490126344683,Mouse Moved,544.0,266.0,User23,,
1490126344698,Mouse Moved,533.0,266.0,User23,,
1490126344714,Mouse Moved,515.0,260.0,User23,,
1490126344730,Mouse Moved,501.0,256.0,User23,,
1490126344746,Mouse Moved,493.0,256.0,User23,,
1490126344760,Mouse Moved,486.0,256.0,User23,,
1490126344776,Mouse Moved,484.0,256.0,User23,,
1490126344792,Mouse Moved,481.0,256.0,User23,,
1490126344808,Mouse Moved,480.0,255.0,User23,,
1490126344823,Mouse Moved,477.0,255.0,User23,,
1490126344838,Mouse Moved,476.0,255.0,User23,,
1490126344917,Mouse Moved,475.0,255.0,User23,,
1490126344948,Mouse Moved,474.0,254.0,User23,,
1490126344963,Mouse Moved,475.0,254.0,User23,,
1490126344980,Mouse Moved,473.0,254.0,User23,,
1490126345042,Mouse Moved,474.0,254.0,User23,,
1490126345058,Mouse Button.left Released,474.0,254.0,User23,,
1490126345479,Mouse Moved,471.0,257.0,User23,,
1490126345494,Mouse Moved,433.0,307.0,User23,,
1490126345509,Mouse Moved,356.0,421.0,User23,,
1490126345526,Mouse Moved,328.0,469.0,User23,,
1490126345540,Mouse Moved,306.0,501.0,User23,,
1490126345556,Mouse Moved,259.0,579.0,User23,,
1490126345572,Mouse Moved,250.0,593.0,User23,,
1490126345588,Mouse Moved,231.0,619.0,User23,,
1490126345604,Mouse Moved,226.0,628.0,User23,,
1490126345618,Mouse Moved,224.0,630.0,User23,,
1490126345634,Mouse Moved,223.0,631.0,User23,,
1490126345838,Mouse Moved,222.0,633.0,User23,,
1490126345852,Mouse Moved,211.0,648.0,User23,,
1490126345868,Mouse Moved,188.0,676.0,User23,,
1490126345884,Mouse Moved,138.0,732.0,User23,,
1490126345900,Mouse Moved,87.0,799.0,User23,,
1490126345930,Mouse Moved,70.0,817.0,User23,,
1490126345947,Mouse Moved,51.0,839.0,User23,,
1490126345963,Mouse Moved,30.0,861.0,User23,,
1490126345977,Mouse Moved,21.0,863.0,User23,,
1490126346211,Mouse Moved,18.0,863.0,User23,,
1490126346243,Mouse Moved,15.0,863.0,User23,,
1490126346305,Mouse Moved,10.0,863.0,User23,,
1490126346321,Mouse Moved,9.0,863.0,User23,,
1490126346352,Mouse Moved,9.0,863.0,User23,,
1490126346414,Mouse Moved,9.0,863.0,User23,,
1490126346430,Mouse Button.left Released,9.0,863.0,User23,,
1490126346632,Mouse Moved,12.0,862.0,User23,,
1490126346648,Mouse Moved,19.0,858.0,User23,,
1490126346664,Mouse Moved,91.0,819.0,User23,,
1490126346680,Mouse Moved,128.0,804.0,User23,,
1490126346696,Mouse Moved,221.0,767.0,User23,,
1490126346710,Mouse Moved,252.0,764.0,User23,,
1490126346726,Mouse Moved,293.0,760.0,User23,,
1490126346743,Mouse Moved,324.0,761.0,User23,,
1490126346757,Mouse Moved,331.0,764.0,User23,,
1490126346773,Mouse Moved,341.0,767.0,User23,,
1490126346789,Mouse Moved,347.0,772.0,User23,,
1490126346805,Mouse Moved,349.0,775.0,User23,,
1490126346821,Mouse Moved,351.0,777.0,User23,,
1490126346835,Mouse Moved,354.0,784.0,User23,,
1490126346851,Mouse Moved,354.0,789.0,User23,,
1490126346976,Mouse Moved,353.0,789.0,User23,,
1490126346992,Mouse Moved,346.0,792.0,User23,,
1490126347007,Mouse Moved,343.0,792.0,User23,,
1490126347023,Mouse Moved,339.0,793.0,User23,,
1490126347039,Mouse Moved,338.0,793.0,User23,,
1490126347055,Mouse Moved,334.0,794.0,User23,,
1490126347069,Mouse Moved,331.0,795.0,User23,,
1490126347085,Mouse Moved,329.0,795.0,User23,,
1490126347101,Mouse Moved,325.0,795.0,User23,,
1490126347117,Mouse Moved,324.0,795.0,User23,,
1490126347132,Mouse Moved,322.0,795.0,User23,,
1490126347148,Mouse Moved,321.0,795.0,User23,,
1490126347164,Mouse Moved,321.0,795.0,User23,,
1490126347226,Mouse Moved,321.0,795.0,User23,,
1490126347242,Mouse Button.left Released,321.0,795.0,User23,,
1490126347523,Mouse Moved,322.0,795.0,User23,,
1490126347538,Mouse Moved,327.0,791.0,User23,,
1490126347553,Mouse Moved,352.0,773.0,User23,,
1490126347569,Mouse Moved,397.0,750.0,User23,,
1490126347585,Mouse Moved,436.0,733.0,User23,,
1490126347601,Mouse Moved,511.0,706.0,User23,,
1490126347615,Mouse Moved,597.0,683.0,User23,,
1490126347631,Mouse Moved,599.0,682.0,User23,,
1490126347663,Mouse Moved,606.0,681.0,User23,,
1490126347678,Mouse Moved,609.0,681.0,User23,,
1490126756851,Mouse Moved,400.0,829.0,User23,1536.0,864.0
1490126756882,Mouse Moved,514.0,717.0,User23,,
1490126756898,Mouse Moved,644.0,598.0,User23,,
1490126756914,Mouse Moved,764.0,506.0,User23,,
1490126756930,Mouse Moved,856.0,446.0,User23,,
1490126756946,Mouse Moved,885.0,438.0,User23,,
1490126756960,Mouse Moved,919.0,421.0,User23,,
1490126756976,Mouse Moved,928.0,415.0,User23,,
1490126757007,Mouse Moved,938.0,413.0,User23,,
1490126757351,Mouse Moved,940.0,410.0,User23,,
1490126757367,Mouse Moved,925.0,414.0,User23,,
1490126757382,Mouse Moved,913.0,425.0,User23,,
1490126757398,Mouse Moved,858.0,457.0,User23,,
1490126757414,Mouse Moved,845.0,464.0,User23,,
1490126757428,Mouse Moved,822.0,477.0,User23,,
1490126757444,Mouse Moved,811.0,483.0,User23,,
1490126757460,Mouse Moved,796.0,492.0,User23,,
1490126757476,Mouse Moved,782.0,496.0,User23,,
1490126757492,Mouse Moved,779.0,497.0,User23,,
1490126757506,Mouse Moved,774.0,497.0,User23,,
1490126757523,Mouse Moved,772.0,497.0,User23,,
1490126757539,Mouse Moved,770.0,498.0,User23,,
1490126757788,Mouse Moved,770.0,498.0,User23,,
1490126757897,Mouse Moved,770.0,498.0,User23,,
1490126757913,Mouse Button.left Released,770.0,498.0,User23,,
1490126758256,Mouse Moved,770.0,495.0,User23,,
1490126758272,Mouse Moved,767.0,483.0,User23,,
1490126758286,Mouse Moved,765.0,475.0,User23,,
1490126758302,Mouse Moved,740.0,439.0,User23,,
1490126758319,Mouse Moved,733.0,430.0,User23,,
1490126758334,Mouse Moved,727.0,421.0,User23,,
1490126758349,Mouse Moved,727.0,418.0,User23,,
1490126758365,Mouse Moved,727.0,416.0,User23,,
1490126758397,Mouse Moved,721.0,407.0,User23,,
1490126758411,Mouse Moved,719.0,405.0,User23,,
1490126758427,Mouse Moved,719.0,404.0,User23,,
1490126758490,Mouse Moved,719.0,403.0,User23,,
1490126758568,Mouse Moved,721.0,404.0,User23,,
1490126758693,Mouse Moved,722.0,404.0,User23,,
1490126758709,Mouse Moved,740.0,415.0,User23,,
1490126758723,Mouse Moved,774.0,476.0,User23,,
1490126758740,Mouse Moved,774.0,488.0,User23,,
1490126758755,Mouse Moved,774.0,491.0,User23,,
1490126758770,Mouse Moved,774.0,493.0,User23,,
1490126759161,Mouse Moved,776.0,494.0,User23,,
1490126759177,Mouse Moved,787.0,498.0,User23,,
1490126759191,Mouse Moved,805.0,503.0,User23,,
1490126759301,Mouse Moved,816.0,505.0,User23,,
1490126759316,Mouse Moved,820.0,508.0,User23,,
1490126759332,Mouse Moved,827.0,511.0,User23,,
1490126759473,Mouse Moved,830.0,511.0,User23,,
1490126759489,Mouse Moved,835.0,505.0,User23,,
1490126759598,Mouse Moved,837.0,499.0,User23,,
1490126759612,Mouse Moved,839.0,409.0,User23,,
1490126759628,Mouse Moved,822.0,319.0,User23,,
1490126759971,Mouse Moved,816.0,307.0,User23,,
1490126759987,Mouse Moved,810.0,300.0,User23,,
1490126760144,Mouse Moved,807.0,294.0,User23,,
1490126760158,Mouse Moved,806.0,292.0,User23,,
1490126760236,Mouse Moved,798.0,288.0,User23,,
1490126760456,Mouse Moved,798.0,287.0,User23,,
1490126760549,Mouse Moved,798.0,291.0,User23,,
1490126760565,Mouse Moved,800.0,299.0,User23,,
1490126760581,Mouse Moved,809.0,338.0,User23,,
1490126760595,Mouse Moved,812.0,351.0,User23,,
1490126760611,Mouse Moved,820.0,372.0,User23,,
1490126760627,Mouse Moved,823.0,388.0,User23,,
1490126760642,Mouse Moved,827.0,407.0,User23,,
1490126760658,Mouse Moved,832.0,421.0,User23,,
1490126760674,Mouse Moved,833.0,424.0,User23,,
1490126760690,Mouse Moved,834.0,429.0,User23,,
1490126760704,Mouse Moved,835.0,432.0,User23,,
1490126760720,Mouse Moved,835.0,433.0,User23,,
1490126760752,Mouse Moved,835.0,434.0,User23,,
1490126761345,Mouse Moved,834.0,434.0,User23,,
1490126761361,Mouse Moved,834.0,434.0,User23,,
1490126761609,Mouse Moved,836.0,434.0,User23,,
1490126761625,Mouse Moved,839.0,435.0,User23,,
1490126761641,Mouse Moved,848.0,438.0,User23,,
1490126761657,Mouse Moved,851.0,440.0,User23,,
1490126761673,Mouse Moved,870.0,452.0,User23,,
1490126761687,Mouse Moved,876.0,457.0,User23,,
1490126761703,Mouse Moved,884.0,467.0,User23,,
1490126761719,Mouse Moved,888.0,477.0,User23,,
1490126761734,Mouse Moved,889.0,492.0,User23,,
1490126761750,Mouse Moved,889.0,514.0,User23,,
1490126761766,Mouse Moved,888.0,522.0,User23,,
1490126761782,Mouse Moved,883.0,543.0,User23,,
1490126761796,Mouse Moved,880.0,550.0,User23,,
1490126762141,Mouse Moved,878.0,553.0,User23,,
1490126762155,Mouse Moved,841.0,633.0,User23,,
1490126762171,Mouse Moved,837.0,642.0,User23,,
1490126762203,Mouse Moved,836.0,645.0,User23,,
1490126762219,Mouse Moved,835.0,646.0,User23,,
1490126762233,Mouse Moved,835.0,647.0,User23,,
1490126762250,Mouse Moved,834.0,648.0,User23,,
1490126762265,Mouse Moved,834.0,649.0,User23,,
1490126762280,Mouse Moved,834.0,652.0,User23,,
1490126762296,Mouse Moved,834.0,653.0,User23,,
1490126762312,Mouse Moved,834.0,656.0,User23,,
1490126762328,Mouse Moved,834.0,662.0,User23,,
1490126762342,Mouse Moved,834.0,664.0,User23,,
1490126762358,Mouse Moved,834.0,668.0,User23,,
1490126762375,Mouse Moved,834.0,670.0,User23,,
1490126762390,Mouse Moved,834.0,672.0,User23,,
1490126762421,Mouse Moved,835.0,674.0,User23,,
1490126762437,Mouse Moved,836.0,675.0,User23,,
1490126762453,Mouse Moved,836.0,677.0,User23,,
1490126762467,Mouse Moved,837.0,679.0,User23,,
1490126762483,Mouse Moved,837.0,680.0,User23,,
1490126762499,Mouse Moved,837.0,681.0,User23,,
1490126762515,Mouse Moved,837.0,682.0,User23,,
1490126762530,Mouse Moved,837.0,683.0,User23,,
1490126762576,Mouse Moved,838.0,682.0,User23,,
1490126762592,Mouse Moved,838.0,682.0,User23,,
1490126762640,Mouse Moved,838.0,682.0,User23,,
1490126762858,Mouse Moved,838.0,681.0,User23,,
1490126762874,Mouse Moved,837.0,674.0,User23,,
1490126762888,Mouse Moved,827.0,600.0,User23,,
1490126762904,Mouse Moved,805.0,493.0,User23,,
1490126762921,Mouse Moved,801.0,451.0,User23,,
1490126762936,Mouse Moved,787.0,369.0,User23,,
1490126762951,Mouse Moved,782.0,340.0,User23,,
1490126762967,Mouse Moved,779.0,328.0,User23,,
1490126762983,Mouse Moved,776.0,319.0,User23,,
1490126762999,Mouse Moved,774.0,316.0,User23,,
1490126763013,Mouse Moved,773.0,312.0,User23,,
1490126763029,Mouse Moved,772.0,311.0,User23,,
1490126763045,Mouse Moved,772.0,310.0,User23,,
1490126763200,Mouse Moved,774.0,310.0,User23,,
1490126763217,Mouse Moved,783.0,315.0,User23,,
1490126763233,Mouse Moved,789.0,317.0,User23,,
1490126763247,Mouse Moved,807.0,325.0,User23,,
1490126763263,Mouse Moved,816.0,330.0,User23,,
1490126763279,Mouse Moved,826.0,332.0,User23,,
1490126763295,Mouse Moved,834.0,338.0,User23,,
1490126763311,Mouse Moved,845.0,346.0,User23,,
1490126763325,Mouse Moved,850.0,354.0,User23,,
1490126763342,Mouse Moved,857.0,371.0,User23,,
1490126763357,Mouse Moved,857.0,375.0,User23,,
1490126763372,Mouse Moved,857.0,395.0,User23,,
1490126763513,Mouse Moved,855.0,397.0,User23,,
1490126763529,Mouse Moved,853.0,399.0,User23,,
1490126763545,Mouse Moved,839.0,418.0,User23,,
1490126763559,Mouse Moved,821.0,441.0,User23,,
1490126763575,Mouse Moved,798.0,468.0,User23,,
1490126763591,Mouse Moved,791.0,477.0,User23,,
1490126763607,Mouse Moved,774.0,497.0,User23,,
1490126763622,Mouse Moved,764.0,503.0,User23,,
1490126763638,Mouse Moved,757.0,513.0,User23,,
1490126763654,Mouse Moved,754.0,515.0,User23,,
1490126763668,Mouse Moved,753.0,516.0,User23,,
1490126763684,Mouse Moved,747.0,520.0,User23,,
1490126763700,Mouse Moved,745.0,520.0,User23,,
1490126763716,Mouse Moved,742.0,520.0,User23,,
1490126763732,Mouse Moved,741.0,521.0,User23,,
1490126763763,Mouse Moved,739.0,521.0,User23,,
1490126763793,Mouse Moved,737.0,521.0,User23,,
1490126763809,Mouse Moved,736.0,522.0,User23,,
1490126763841,Mouse Moved,735.0,522.0,User23,,
1490126763871,Mouse Moved,733.0,522.0,User23,,
1490126763888,Mouse Moved,732.0,522.0,User23,,
1490126763903,Mouse Button.left Pressed,730.0,522.0,User23,,
1490126763918,Mouse Moved,727.0,523.0,User23,,
1490126763934,Mouse Moved,725.0,524.0,User23,,
1490126764013,Mouse Moved,724.0,526.0,User23,,
1490126764105,Mouse Moved,724.0,526.0,User23,,
1490126764184,Mouse Moved,724.0,526.0,User23,,
1490126764200,Mouse Button.left Released,724.0,526.0,User23,,
1490126764309,Mouse Moved,724.0,526.0,User23,,
1490126764325,Mouse Button.left Pressed,724.0,526.0,User23,,
1490126764371,Mouse Moved,724.0,526.0,User23,,
1490126764573,Mouse Moved,723.0,525.0,User23,,
1490126764589,Mouse Moved,724.0,522.0,User23,,
1490126764605,Mouse Moved,728.0,513.0,User23,,
1490126764621,Mouse Moved,736.0,492.0,User23,,
1490126764637,Mouse Moved,741.0,463.0,User23,,
1490126764651,Mouse Moved,746.0,450.0,User23,,
1490126764667,Mouse Moved,747.0,449.0,User23,,
1490126764698,Mouse Moved,748.0,446.0,User23,,
1490126764776,Mouse Moved,748.0,446.0,User23,,
1490126764792,Mouse Moved,748.0,449.0,User23,,
1490126764808,Mouse Moved,749.0,455.0,User23,,
1490126764823,Mouse Moved,749.0,458.0,User23,,
1490126764838,Mouse Moved,749.0,460.0,User23,,
1490126764855,Mouse Moved,749.0,461.0,User23,,
1490126764871,Mouse Moved,748.0,461.0,User23,,
1490126764885,Mouse Moved,747.0,459.0,User23,,
1490126764901,Mouse Moved,744.0,454.0,User23,,
1490126764917,Mouse Moved,735.0,415.0,User23,,
1490126764933,Mouse Moved,720.0,366.0,User23,,
1490126764948,Mouse Moved,717.0,335.0,User23,,
1490126764963,Mouse Moved,712.0,316.0,User23,,
1490126764980,Mouse Moved,705.0,298.0,User23,,
1490126764994,Mouse Moved,704.0,294.0,User23,,
1490126765010,Mouse Moved,703.0,293.0,User23,,
1490126765119,Mouse Moved,703.0,296.0,User23,,
1490126765135,Mouse Moved,703.0,299.0,User23,,
1490126765151,Mouse Moved,703.0,302.0,User23,,
1490126765167,Mouse Moved,704.0,307.0,User23,,
1490126765183,Mouse Moved,705.0,313.0,User23,,
1490126765197,Mouse Moved,705.0,314.0,User23,,
1490126765213,Mouse Moved,708.0,319.0,User23,,
1490126765229,Mouse Moved,708.0,322.0,User23,,
1490126765260,Mouse Moved,711.0,326.0,User23,,
1490126765276,Mouse Moved,712.0,330.0,User23,,
1490126765292,Mouse Moved,712.0,332.0,User23,,
1490126765306,Mouse Moved,713.0,333.0,User23,,
1490126765354,Mouse Moved,713.0,334.0,User23,,
1490126765431,Mouse Moved,713.0,334.0,User23,,
1490126765447,Mouse Button.left Released,713.0,334.0,User23,,
1490126766150,Mouse Moved,716.0,334.0,User23,,
1490126766164,Mouse Moved,733.0,338.0,User23,,
1490126766180,Mouse Moved,813.0,355.0,User23,,
1490126766197,Mouse Moved,830.0,355.0,User23,,
1490126766227,Mouse Moved,928.0,384.0,User23,,
1490126766243,Mouse Moved,974.0,399.0,User23,,
1490126766259,Mouse Moved,981.0,402.0,User23,,
1490126766275,Mouse Moved,991.0,408.0,User23,,
1490126766305,Mouse Moved,1001.0,412.0,User23,,
1490126766680,Mouse Moved,1010.0,419.0,User23,,
1490126766696,Mouse Moved,1022.0,422.0,User23,,
1490126766710,Mouse Moved,1035.0,424.0,User23,,
1490126766743,Mouse Moved,1040.0,425.0,User23,,
1490126766757,Mouse Moved,1054.0,429.0,User23,,
1490126766789,Mouse Moved,1058.0,429.0,User23,,
1490126769628,Mouse Moved,1059.0,429.0,User23,,
1490126769644,Mouse Scrolled (0 -1),1059.0,429.0,User23,,
1490126790079,Mouse Moved,1062.0,429.0,User23,,
1490126790095,Mouse Moved,1171.0,484.0,User23,,
1490126790220,Mouse Moved,1188.0,490.0,User23,,
1490126790236,Mouse Moved,1192.0,493.0,User23,,
1490126790377,Mouse Moved,1202.0,497.0,User23,,
1490126790391,Mouse Moved,1223.0,506.0,User23,,
1490126790407,Mouse Moved,1228.0,511.0,User23,,
1490126790532,Mouse Moved,1233.0,515.0,User23,,
1490126790548,Mouse Moved,1239.0,519.0,User23,,
1490126790673,Mouse Moved,1248.0,523.0,User23,,
1490126790688,Mouse Moved,1251.0,524.0,User23,,
1490126790703,Mouse Moved,1252.0,525.0,User23,,
1490126790782,Mouse Moved,1252.0,524.0,User23,,
1490126790798,Mouse Button.left Pressed,1252.0,524.0,User23,,
1490126790937,Mouse Moved,1252.0,524.0,User23,,
1490126790984,Mouse Moved,1254.0,525.0,User23,,
1490126791016,Mouse Moved,1253.0,524.0,User23,,
1490126791109,Mouse Moved,1253.0,524.0,User23,,
1490126791203,Mouse Moved,1254.0,524.0,User23,,
1490126791234,Mouse Moved,1253.0,524.0,User23,,
1490126791250,Mouse Moved,1253.0,524.0,User23,,
1490126791344,Mouse Moved,1253.0,524.0,User23,,
1490126793948,Mouse Moved,1253.0,524.0,User23,,
1490126794010,Mouse Moved,1253.0,524.0,User23,,
1490126794026,Mouse Button.left Released,1253.0,524.0,User23,,
1490126794369,Mouse Moved,1253.0,524.0,User23,,
1490126794385,Mouse Button.left Pressed,1253.0,524.0,User23,,
1490126794417,Mouse Moved,1254.0,524.0,User23,,
1490126794433,Mouse Moved,1253.0,524.0,User23,,
1490126794619,Mouse Moved,1253.0,524.0,User23,,
1490126794681,Mouse Moved,1253.0,524.0,User23,,
1490126794806,Mouse Moved,1253.0,524.0,User23,,
1490126795102,Mouse Moved,1254.0,523.0,User23,,
1490126795571,Mouse Moved,1253.0,523.0,User23,,
1490126795586,Mouse Moved,1253.0,523.0,User23,,
1490126795851,Mouse Moved,1253.0,523.0,User23,,
1490126795993,Mouse Moved,1254.0,523.0,User23,,
1490126796756,Mouse Moved,1253.0,523.0,User23,,
1490126797224,Mouse Moved,1253.0,523.0,User23,,
1490126799236,Mouse Moved,1253.0,523.0,User23,,
1490126799907,Mouse Moved,1253.0,522.0,User23,,
1490126799924,Mouse Moved,1250.0,513.0,User23,,
1490126799938,Mouse Moved,1249.0,512.0,User23,,
1490126800063,Mouse Moved,1248.0,509.0,User23,,
1490126800079,Mouse Moved,1247.0,506.0,User23,,
1490126800328,Mouse Moved,1247.0,501.0,User23,,
1490126800345,Mouse Moved,1247.0,500.0,User23,,
1490126800361,Mouse Moved,1248.0,486.0,User23,,
1490126800375,Mouse Moved,1249.0,469.0,User23,,
1490126800391,Mouse Moved,1249.0,463.0,User23,,
1490126800407,Mouse Moved,1249.0,452.0,User23,,
1490126800423,Mouse Moved,1249.0,448.0,User23,,
1490126800438,Mouse Moved,1249.0,445.0,User23,,
1490126800453,Mouse Moved,1249.0,440.0,User23,,
1490126800470,Mouse Moved,1249.0,438.0,User23,,
1490126800484,Mouse Moved,1248.0,431.0,User23,,
1490126800500,Mouse Moved,1247.0,425.0,User23,,
1490126800516,Mouse Moved,1246.0,423.0,User23,,
1490126800532,Mouse Moved,1246.0,421.0,User23,,
1490126800562,Mouse Moved,1246.0,419.0,User23,,
1490126800891,Mouse Moved,1246.0,417.0,User23,,
1490126800907,Mouse Moved,1247.0,416.0,User23,,
1490126800921,Mouse Moved,1247.0,415.0,User23,,
1490126800937,Mouse Moved,1248.0,409.0,User23,,
1490126800953,Mouse Moved,1253.0,392.0,User23,,
1490126800969,Mouse Moved,1254.0,386.0,User23,,
1490126800984,Mouse Moved,1254.0,384.0,User23,,
1490126801000,Mouse Moved,1254.0,377.0,User23,,
1490126801016,Mouse Moved,1254.0,376.0,User23,,
1490126801030,Mouse Moved,1255.0,374.0,User23,,
1490126801046,Mouse Moved,1255.0,373.0,User23,,
1490126801062,Mouse Moved,1255.0,372.0,User23,,
1490126801078,Mouse Moved,1256.0,371.0,User23,,
1490126801108,Mouse Moved,1256.0,370.0,User23,,
1490126801141,Mouse Moved,1256.0,368.0,User23,,
1490126801155,Mouse Moved,1256.0,367.0,User23,,
1490126801171,Mouse Moved,1256.0,365.0,User23,,
1490126801187,Mouse Moved,1256.0,364.0,User23,,
1490126801203,Mouse Moved,1256.0,361.0,User23,,
1490126801219,Mouse Moved,1256.0,360.0,User23,,
1490126801233,Mouse Moved,1256.0,358.0,User23,,
1490126801250,Mouse Moved,1256.0,356.0,User23,,
1490126801280,Mouse Moved,1256.0,355.0,User23,,
1490126801296,Mouse Moved,1256.0,354.0,User23,,
1490126801312,Mouse Moved,1256.0,353.0,User23,,
1490126801421,Mouse Moved,1255.0,353.0,User23,,
1490126801499,Mouse Moved,1255.0,353.0,User23,,
1490126801608,Mouse Moved,1255.0,353.0,User23,,
1490126801624,Mouse Button.left Pressed,1255.0,353.0,User23,,
1490126801654,Mouse Moved,1255.0,352.0,User23,,
1490126801701,Mouse Moved,1255.0,353.0,User23,,
1490126801983,Mouse Moved,1254.0,355.0,User23,,
1490126801999,Mouse Moved,1254.0,358.0,User23,,
1490126802013,Mouse Moved,1254.0,362.0,User23,,
1490126802029,Mouse Moved,1251.0,380.0,User23,,
1490126802045,Mouse Moved,1251.0,385.0,User23,,
1490126802061,Mouse Moved,1250.0,395.0,User23,,
1490126802076,Mouse Moved,1250.0,402.0,User23,,
1490126802092,Mouse Moved,1250.0,414.0,User23,,
1490126802108,Mouse Moved,1250.0,417.0,User23,,
1490126802122,Mouse Moved,1250.0,420.0,User23,,
1490126802138,Mouse Moved,1250.0,429.0,User23,,
1490126802497,Mouse Moved,1250.0,433.0,User23,,
1490126802513,Mouse Moved,1251.0,434.0,User23,,
1490126802529,Mouse Moved,1252.0,436.0,User23,,
1490126802545,Mouse Moved,1253.0,438.0,User23,,
1490126802559,Mouse Moved,1254.0,439.0,User23,,
1490126802575,Mouse Moved,1254.0,440.0,User23,,
1490126802607,Mouse Moved,1255.0,441.0,User23,,
1490126802684,Mouse Moved,1255.0,442.0,User23,,
1490126802825,Mouse Moved,1256.0,442.0,User23,,
1490126802903,Mouse Moved,1256.0,443.0,User23,,
1490126802966,Mouse Moved,1257.0,444.0,User23,,
1490126802996,Mouse Moved,1257.0,445.0,User23,,
1490126803028,Mouse Moved,1257.0,446.0,User23,,
1490126803043,Mouse Moved,1258.0,446.0,User23,,
1490126803105,Mouse Moved,1259.0,447.0,User23,,
1490126803214,Mouse Moved,1259.0,448.0,User23,,
1490126811312,Mouse Moved,1258.0,448.0,User23,,
1490126811326,Mouse Button.left Pressed,1258.0,448.0,User23,,
1490126811546,Mouse Moved,1259.0,449.0,User23,,
1490126811624,Mouse Moved,1259.0,450.0,User23,,
1490126811638,Mouse Moved,1259.0,451.0,User23,,
1490126811654,Mouse Moved,1259.0,452.0,User23,,
1490126811671,Mouse Moved,1259.0,453.0,User23,,
1490126811717,Mouse Moved,1259.0,454.0,User23,,
1490126811749,Mouse Moved,1259.0,455.0,User23,,
1490126811763,Mouse Moved,1259.0,456.0,User23,,
1490126811811,Mouse Moved,1259.0,457.0,User23,,
1490126811858,Mouse Moved,1259.0,458.0,User23,,
1490126812154,Mouse Moved,1259.0,459.0,User23,,
1490126812309,Mouse Moved,1259.0,460.0,User23,,
1490126812450,Mouse Moved,1259.0,461.0,User23,,
1490126812513,Mouse Moved,1259.0,462.0,User23,,
1490126812559,Mouse Moved,1259.0,463.0,User23,,
1490126812575,Mouse Moved,1259.0,464.0,User23,,
1490126812607,Mouse Moved,1258.0,465.0,User23,,
1490126812638,Mouse Moved,1258.0,467.0,User23,,
1490126812653,Mouse Moved,1258.0,470.0,User23,,
1490126812684,Mouse Moved,1258.0,471.0,User23,,
1490126812700,Mouse Moved,1258.0,472.0,User23,,
1490126812730,Mouse Moved,1258.0,473.0,User23,,
1490126812746,Mouse Moved,1258.0,474.0,User23,,
1490126812763,Mouse Moved,1258.0,475.0,User23,,
1490126812778,Mouse Moved,1258.0,477.0,User23,,
1490126812793,Mouse Moved,1258.0,478.0,User23,,
1490126812825,Mouse Moved,1258.0,479.0,User23,,
1490126812841,Mouse Moved,1258.0,480.0,User23,,
1490126812855,Mouse Moved,1258.0,481.0,User23,,
1490126812887,Mouse Moved,1258.0,483.0,User23,,
1490126812903,Mouse Moved,1258.0,484.0,User23,,
1490126812918,Mouse Moved,1258.0,485.0,User23,,
1490126812934,Mouse Moved,1258.0,486.0,User23,,
1490126812950,Mouse Moved,1258.0,487.0,User23,,
1490126812964,Mouse Moved,1258.0,488.0,User23,,
1490126812996,Mouse Moved,1258.0,490.0,User23,,
1490126813028,Mouse Moved,1258.0,491.0,User23,,
1490126813042,Mouse Moved,1258.0,492.0,User23,,
1490126813089,Mouse Moved,1258.0,493.0,User23,,
1490126813137,Mouse Moved,1258.0,494.0,User23,,
1490126813167,Mouse Moved,1258.0,496.0,User23,,
1490126813184,Mouse Moved,1258.0,497.0,User23,,
1490126813198,Mouse Moved,1258.0,500.0,User23,,
1490126813214,Mouse Moved,1258.0,499.0,User23,,
1490126813496,Mouse Moved,1259.0,498.0,User23,,
1490126813510,Mouse Moved,1261.0,495.0,User23,,
1490126813526,Mouse Moved,1290.0,438.0,User23,,
1490126813542,Mouse Moved,1332.0,356.0,User23,,
1490126813558,Mouse Moved,1361.0,280.0,User23,,
1490126813573,Mouse Moved,1383.0,229.0,User23,,
1490126813588,Mouse Moved,1387.0,215.0,User23,,
1490126813605,Mouse Moved,1396.0,203.0,User23,,
1490126813621,Mouse Moved,1396.0,198.0,User23,,
1490126813635,Mouse Moved,1399.0,195.0,User23,,
1490126813651,Mouse Moved,1402.0,195.0,User23,,
1490126813838,Mouse Moved,1403.0,194.0,User23,,
1490126813855,Mouse Moved,1412.0,190.0,User23,,
1490126813869,Mouse Moved,1440.0,177.0,User23,,
1490126813885,Mouse Moved,1452.0,168.0,User23,,
1490126813901,Mouse Moved,1463.0,162.0,User23,,
1490126813917,Mouse Moved,1476.0,156.0,User23,,
1490126813933,Mouse Moved,1479.0,154.0,User23,,
1490126813947,Mouse Moved,1483.0,152.0,User23,,
1490126813963,Mouse Moved,1486.0,151.0,User23,,
1490126813979,Mouse Moved,1487.0,150.0,User23,,
1490126814010,Mouse Moved,1488.0,150.0,User23,,
1490126814026,Mouse Moved,1488.0,149.0,User23,,
1490126814104,Mouse Moved,1489.0,148.0,User23,,
1490126814119,Mouse Moved,1489.0,147.0,User23,,
1490126814134,Mouse Moved,1489.0,143.0,User23,,
1490126814151,Mouse Moved,1489.0,139.0,User23,,
1490126814167,Mouse Moved,1488.0,136.0,User23,,
1490126814181,Mouse Moved,1487.0,131.0,User23,,
1490126814197,Mouse Moved,1487.0,130.0,User23,,
1490126814213,Mouse Moved,1487.0,127.0,User23,,
1490126814229,Mouse Moved,1487.0,126.0,User23,,
1490126814244,Mouse Moved,1486.0,123.0,User23,,
1490126814259,Mouse Moved,1486.0,121.0,User23,,
1490126814290,Mouse Moved,1486.0,119.0,User23,,
1490126814322,Mouse Moved,1486.0,118.0,User23,,
1490126814354,Mouse Moved,1486.0,117.0,User23,,
1490126814384,Mouse Moved,1485.0,113.0,User23,,
1490126814401,Mouse Moved,1485.0,112.0,User23,,
1490126814415,Mouse Moved,1484.0,110.0,User23,,
1490126814431,Mouse Moved,1483.0,109.0,User23,,
1490126814447,Mouse Moved,1483.0,108.0,User23,,
1490126814540,Mouse Moved,1482.0,106.0,User23,,
1490126814556,Mouse Moved,1481.0,106.0,User23,,
1490126814572,Mouse Moved,1479.0,104.0,User23,,
1490126814588,Mouse Moved,1478.0,102.0,User23,,
1490126814602,Mouse Moved,1477.0,102.0,User23,,
1490126814618,Mouse Moved,1476.0,100.0,User23,,
1490126814634,Mouse Moved,1475.0,100.0,User23,,
1490126814650,Mouse Moved,1474.0,100.0,User23,,
1490126814665,Mouse Moved,1473.0,100.0,User23,,
1490126814680,Mouse Moved,1468.0,99.0,User23,,
1490126814697,Mouse Moved,1465.0,99.0,User23,,
1490126814713,Mouse Moved,1463.0,99.0,User23,,
1490126814900,Mouse Moved,1464.0,99.0,User23,,
1490126814977,Mouse Moved,1464.0,99.0,User23,,
1490126815259,Mouse Moved,1462.0,99.0,User23,,
1490126815273,Mouse Moved,1431.0,111.0,User23,,
1490126815289,Mouse Moved,1363.0,130.0,User23,,
1490126815305,Mouse Moved,1244.0,184.0,User23,,
1490126815321,Mouse Moved,1110.0,271.0,User23,,
1490126815336,Mouse Moved,987.0,363.0,User23,,
1490126815351,Mouse Moved,942.0,406.0,User23,,
1490126815368,Mouse Moved,842.0,473.0,User23,,
1490126815382,Mouse Moved,832.0,481.0,User23,,
1490126815398,Mouse Moved,826.0,485.0,User23,,
1490126815414,Mouse Moved,814.0,492.0,User23,,
1490126815430,Mouse Moved,810.0,492.0,User23,,
1490126815632,Mouse Moved,810.0,494.0,User23,,
1490126815648,Mouse Moved,802.0,500.0,User23,,
1490126815664,Mouse Moved,781.0,511.0,User23,,
1490126815680,Mouse Moved,680.0,567.0,User23,,
1490126815694,Mouse Moved,606.0,602.0,User23,,
1490126815710,Mouse Moved,506.0,665.0,User23,,
1490126815726,Mouse Moved,424.0,711.0,User23,,
1490126815742,Mouse Moved,366.0,742.0,User23,,
1490126815757,Mouse Moved,324.0,773.0,User23,,
1490126815773,Mouse Moved,315.0,779.0,User23,,
1490126815789,Mouse Moved,307.0,783.0,User23,,
1490126815805,Mouse Moved,296.0,788.0,User23,,
1490126816053,Mouse Moved,295.0,789.0,User23,,
1490126816069,Mouse Moved,293.0,792.0,User23,,
1490126816085,Mouse Moved,289.0,796.0,User23,,
1490126816101,Mouse Moved,281.0,801.0,User23,,
1490126816117,Mouse Moved,247.0,812.0,User23,,
1490126816131,Mouse Moved,235.0,814.0,User23,,
1490126816148,Mouse Moved,221.0,815.0,User23,,
1490126816163,Mouse Moved,170.0,818.0,User23,,
1490126816178,Mouse Moved,148.0,818.0,User23,,
1490126816194,Mouse Moved,127.0,821.0,User23,,
1490126816210,Mouse Moved,119.0,821.0,User23,,
1490126816226,Mouse Moved,112.0,822.0,User23,,
1490126816240,Mouse Moved,110.0,822.0,User23,,
1490126816256,Mouse Moved,106.0,822.0,User23,,
1490126816288,Mouse Moved,103.0,822.0,User23,,
1490126816990,Mouse Moved,103.0,829.0,User23,,
1490126817006,Mouse Moved,103.0,832.0,User23,,
1490126817020,Mouse Moved,103.0,836.0,User23,,
1490126817036,Mouse Moved,103.0,837.0,User23,,
1490126817052,Mouse Moved,102.0,838.0,User23,,
1490126817084,Mouse Moved,102.0,841.0,User23,,
1490126817098,Mouse Moved,102.0,843.0,User23,,
1490126817115,Mouse Moved,101.0,844.0,User23,,
1490126817131,Mouse Moved,101.0,845.0,User23,,
1490126817145,Mouse Moved,101.0,846.0,User23,,
1490126817505,Mouse Moved,102.0,846.0,User23,,
1490126817614,Mouse Moved,102.0,846.0,User23,,
1490126818612,Mouse Moved,107.0,838.0,User23,,
1490126818628,Mouse Moved,142.0,783.0,User23,,
1490126818644,Mouse Moved,200.0,707.0,User23,,
1490126818658,Mouse Moved,329.0,568.0,User23,,
1490126818674,Mouse Moved,456.0,480.0,User23,,
1490126818799,Mouse Moved,500.0,444.0,User23,,
1490126818815,Mouse Moved,568.0,388.0,User23,,
1490126818956,Mouse Moved,563.0,386.0,User23,,
1490126819081,Mouse Moved,553.0,377.0,User23,,
1490126819095,Mouse Moved,505.0,316.0,User23,,
1490126819111,Mouse Moved,480.0,270.0,User23,,
1490126819204,Mouse Moved,479.0,270.0,User23,,
1490126819532,Mouse Moved,476.0,276.0,User23,,
1490126819549,Mouse Moved,470.0,287.0,User23,,
1490126819563,Mouse Moved,419.0,335.0,User23,,
1490126819688,Mouse Moved,407.0,342.0,User23,,
1490126819704,Mouse Moved,405.0,346.0,User23,,
1490126819845,Mouse Moved,401.0,353.0,User23,,
1490126819861,Mouse Moved,400.0,355.0,User23,,
1490126819891,Mouse Moved,398.0,355.0,User23,,
1490126819907,Mouse Moved,397.0,351.0,User23,,
1490126820032,Mouse Moved,394.0,348.0,User23,,
1490126820048,Mouse Moved,386.0,335.0,User23,,
1490126820187,Mouse Moved,385.0,332.0,User23,,
1490126820437,Mouse Moved,388.0,332.0,User23,,
1490126820453,Mouse Moved,418.0,323.0,User23,,
1490126820469,Mouse Moved,463.0,314.0,User23,,
1490126820484,Mouse Moved,500.0,307.0,User23,,
1490126820500,Mouse Moved,608.0,292.0,User23,,
1490126820530,Mouse Moved,670.0,286.0,User23,,
1490126820546,Mouse Moved,708.0,286.0,User23,,
1490126820562,Mouse Moved,716.0,288.0,User23,,
1490126820578,Mouse Moved,722.0,288.0,User23,,
1490126820594,Mouse Moved,723.0,288.0,User23,,
1490126820608,Mouse Moved,724.0,288.0,User23,,
1490126820641,Mouse Moved,724.0,289.0,User23,,
1490126820671,Mouse Moved,725.0,290.0,User23,,
1490126820733,Mouse Moved,725.0,291.0,User23,,
1490126820765,Mouse Moved,724.0,291.0,User23,,
1490126820812,Mouse Moved,724.0,290.0,User23,,
1490126820828,Mouse Moved,727.0,284.0,User23,,
1490126820842,Mouse Moved,729.0,280.0,User23,,
1490126820858,Mouse Moved,731.0,278.0,User23,,
1490126820875,Mouse Moved,733.0,276.0,User23,,
1490126820890,Mouse Moved,734.0,276.0,User23,,
1490126820905,Mouse Moved,735.0,275.0,User23,,
1490126820921,Mouse Moved,736.0,275.0,User23,,
1490126820937,Mouse Moved,737.0,275.0,User23,,
1490126820967,Mouse Moved,738.0,275.0,User23,,
1490126820983,Mouse Moved,739.0,275.0,User23,,
1490126821108,Mouse Moved,738.0,276.0,User23,,
1490126821233,Mouse Moved,738.0,276.0,User23,,
1490126821326,Mouse Moved,738.0,276.0,User23,,
1490126821436,Mouse Moved,738.0,276.0,User23,,
1490126821440,Mouse Button.left Released,738.0,276.0,User23,,
1490126821740,Mouse Moved,737.0,275.0,User23,,
1490126821756,Mouse Moved,722.0,274.0,User23,,
1490126821773,Mouse Moved,715.0,274.0,User23,,
1490126821788,Mouse Moved,695.0,273.0,User23,,
1490126821803,Mouse Moved,688.0,271.0,User23,,
1490126821819,Mouse Moved,680.0,269.0,User23,,
1490126821835,Mouse Moved,678.0,269.0,User23,,
1490126821851,Mouse Moved,677.0,269.0,User23,,
1490126821865,Mouse Moved,675.0,268.0,User23,,
1490126821974,Mouse Moved,674.0,269.0,User23,,
1490126821990,Mouse Moved,674.0,273.0,User23,,
1490126822022,Mouse Moved,674.0,274.0,User23,,
1490126822052,Mouse Moved,674.0,276.0,User23,,
1490126822085,Mouse Moved,674.0,277.0,User23,,
1490126822163,Mouse Moved,674.0,279.0,User23,,
1490126822256,Mouse Moved,674.0,279.0,User23,,
1490126822365,Mouse Moved,674.0,279.0,User23,,
1490126822459,Mouse Moved,674.0,279.0,User23,,
1490126822461,Mouse Button.left Released,674.0,279.0,User23,,
1490126822845,Mouse Moved,674.0,280.0,User23,,
1490126822859,Mouse Moved,674.0,281.0,User23,,
1490126822875,Mouse Moved,674.0,282.0,User23,,
1490126822891,Mouse Moved,673.0,283.0,User23,,
1490126822907,Mouse Moved,673.0,288.0,User23,,
1490126822923,Mouse Moved,672.0,295.0,User23,,
1490126822953,Mouse Moved,672.0,298.0,User23,,
1490126822984,Mouse Moved,672.0,300.0,User23,,
1490126823048,Mouse Moved,672.0,302.0,User23,,
1490126823078,Mouse Moved,672.0,303.0,User23,,
1490126823094,Mouse Moved,672.0,304.0,User23,,
1490126823157,Mouse Moved,672.0,305.0,User23,,
1490126823203,Mouse Moved,672.0,306.0,User23,,
1490126823219,Mouse Moved,672.0,308.0,User23,,
1490126823234,Mouse Moved,673.0,309.0,User23,,
1490126823250,Mouse Moved,673.0,310.0,User23,,
1490126823282,Mouse Moved,674.0,311.0,User23,,
1490126823312,Mouse Moved,679.0,316.0,User23,,
1490126823328,Mouse Moved,684.0,322.0,User23,,
1490126823344,Mouse Moved,688.0,326.0,User23,,
1490126823359,Mouse Moved,689.0,328.0,User23,,
1490126823703,Mouse Moved,686.0,333.0,User23,,
1490126823717,Mouse Moved,676.0,333.0,User23,,
1490126823733,Mouse Moved,629.0,317.0,User23,,
1490126823750,Mouse Moved,582.0,310.0,User23,,
1490126823765,Mouse Moved,559.0,307.0,User23,,
1490126823780,Mouse Moved,537.0,307.0,User23,,
1490126823796,Mouse Moved,504.0,303.0,User23,,
1490126823812,Mouse Moved,478.0,301.0,User23,,
1490126823828,Mouse Moved,469.0,301.0,User23,,
1490126823842,Mouse Moved,453.0,302.0,User23,,
1490126823858,Mouse Moved,448.0,303.0,User23,,
1490126823874,Mouse Moved,445.0,305.0,User23,,
1490126823890,Mouse Moved,440.0,305.0,User23,,
1490126824062,Mouse Moved,438.0,307.0,User23,,
1490126824076,Mouse Moved,437.0,313.0,User23,,
1490126824092,Mouse Moved,437.0,316.0,User23,,
1490126824108,Mouse Moved,434.0,322.0,User23,,
1490126824124,Mouse Moved,433.0,325.0,User23,,
1490126824140,Mouse Moved,430.0,333.0,User23,,
1490126824154,Mouse Moved,429.0,335.0,User23,,
1490126824171,Mouse Moved,428.0,337.0,User23,,
1490126824186,Mouse Moved,427.0,339.0,User23,,
1490126824233,Mouse Moved,427.0,342.0,User23,,
1490126824279,Mouse Moved,426.0,342.0,User23,,
1490126824388,Mouse Moved,426.0,343.0,User23,,
1490126824404,Mouse Moved,425.0,344.0,User23,,
1490126824420,Mouse Moved,424.0,345.0,User23,,
1490126824451,Mouse Moved,424.0,348.0,User23,,
1490126824575,Mouse Moved,424.0,348.0,User23,,
1490126824670,Mouse Moved,424.0,348.0,User23,,
1490126824746,Mouse Moved,424.0,348.0,User23,,
1490126824747,Mouse Button.left Pressed,424.0,348.0,User23,,
1490126824846,Mouse Moved,424.0,348.0,User23,,
1490126824862,Mouse Button.left Released,424.0,348.0,User23,,
1490126825220,Mouse Moved,422.0,346.0,User23,,
1490126825236,Mouse Moved,422.0,345.0,User23,,
1490126825253,Mouse Moved,421.0,345.0,User23,,
1490126825331,Mouse Moved,420.0,345.0,User23,,
1490126825361,Mouse Moved,420.0,346.0,User23,,
1490126825377,Mouse Moved,417.0,352.0,User23,,
1490126825392,Mouse Moved,417.0,354.0,User23,,
1490126825408,Mouse Moved,416.0,356.0,User23,,
1490126825424,Mouse Moved,415.0,359.0,User23,,
1490126825440,Mouse Moved,414.0,361.0,User23,,
1490126825454,Mouse Moved,413.0,369.0,User23,,
1490126825470,Mouse Moved,412.0,375.0,User23,,
1490126825486,Mouse Moved,412.0,376.0,User23,,
1490126825502,Mouse Moved,412.0,379.0,User23,,
1490126825517,Mouse Moved,412.0,381.0,User23,,
1490126825532,Mouse Moved,412.0,382.0,User23,,
1490126825549,Mouse Moved,412.0,384.0,User23,,
1490126825579,Mouse Moved,412.0,385.0,User23,,
1490126825813,Mouse Moved,414.0,380.0,User23,,
1490126825829,Mouse Moved,419.0,369.0,User23,,
1490126825845,Mouse Moved,423.0,352.0,User23,,
1490126825861,Mouse Moved,423.0,348.0,User23,,
1490126825891,Mouse Moved,423.0,347.0,User23,,
1490126825907,Mouse Moved,423.0,346.0,User23,,
1490126825986,Mouse Moved,423.0,347.0,User23,,
1490126826000,Mouse Moved,423.0,349.0,User23,,
1490126826016,Mouse Moved,423.0,352.0,User23,,
1490126826032,Mouse Moved,420.0,368.0,User23,,
1490126826048,Mouse Moved,419.0,379.0,User23,,
1490126826063,Mouse Moved,418.0,380.0,User23,,
1490126826078,Mouse Moved,418.0,383.0,User23,,
1490126826095,Mouse Moved,418.0,385.0,User23,,
1490126826111,Mouse Moved,418.0,389.0,User23,,
1490126826125,Mouse Moved,417.0,391.0,User23,,
1490126826141,Mouse Moved,417.0,395.0,User23,,
1490126826157,Mouse Moved,417.0,396.0,User23,,
1490126826173,Mouse Moved,416.0,401.0,User23,,
1490126826188,Mouse Moved,416.0,402.0,User23,,
1490126826407,Mouse Moved,416.0,404.0,User23,,
1490126826423,Mouse Moved,416.0,409.0,User23,,
1490126826437,Mouse Moved,416.0,410.0,User23,,
1490126826453,Mouse Moved,416.0,413.0,User23,,
1490126826469,Mouse Moved,416.0,415.0,User23,,
1490126826484,Mouse Moved,416.0,416.0,User23,,
1490126826516,Mouse Moved,416.0,417.0,User23,,
1490126826532,Mouse Moved,417.0,417.0,User23,,
1490126826609,Mouse Moved,417.0,417.0,User23,,
1490126826625,Mouse Button.left Released,417.0,417.0,User23,,
1490126826862,Mouse Moved,418.0,415.0,User23,,
1490126826878,Mouse Moved,425.0,410.0,User23,,
1490126826894,Mouse Moved,436.0,402.0,User23,,
1490126826910,Mouse Moved,452.0,387.0,User23,,
1490126826926,Mouse Moved,504.0,346.0,User23,,
1490126826940,Mouse Moved,564.0,308.0,User23,,
1490126826957,Mouse Moved,578.0,298.0,User23,,
1490126826971,Mouse Moved,596.0,292.0,User23,,
1490126826987,Mouse Moved,600.0,292.0,User23,,
1490126827003,Mouse Moved,606.0,292.0,User23,,
1490126827019,Mouse Moved,607.0,291.0,User23,,
1490126827035,Mouse Moved,608.0,291.0,User23,,
1490126827049,Mouse Moved,610.0,291.0,User23,,
1490126827065,Mouse Moved,612.0,292.0,User23,,
1490126827082,Mouse Moved,612.0,293.0,User23,,
1490126827112,Mouse Moved,612.0,298.0,User23,,
1490126827128,Mouse Moved,611.0,299.0,User23,,
1490126827144,Mouse Moved,608.0,303.0,User23,,
1490126827160,Mouse Moved,603.0,304.0,User23,,
1490126827174,Mouse Moved,581.0,315.0,User23,,
1490126827190,Mouse Moved,558.0,323.0,User23,,
1490126827206,Mouse Moved,550.0,325.0,User23,,
1490126827221,Mouse Moved,542.0,325.0,User23,,
1490126827237,Mouse Moved,540.0,324.0,User23,,
1490126827642,Mouse Moved,532.0,320.0,User23,,
1490126827658,Mouse Moved,533.0,321.0,User23,,
1490126827674,Mouse Button.left Released,533.0,321.0,User23,,
1490126827871,Mouse Moved,533.0,320.0,User23,,
1490126827888,Mouse Moved,536.0,320.0,User23,,
1490126827903,Mouse Moved,542.0,320.0,User23,,
1490126827918,Mouse Moved,552.0,319.0,User23,,
1490126827934,Mouse Moved,573.0,317.0,User23,,
1490126827950,Mouse Moved,584.0,319.0,User23,,
1490126827966,Mouse Moved,601.0,319.0,User23,,
1490126827980,Mouse Moved,608.0,319.0,User23,,
1490126827996,Mouse Moved,615.0,319.0,User23,,
1490126828012,Mouse Moved,617.0,320.0,User23,,
1490126828028,Mouse Moved,620.0,320.0,User23,,
1490126828043,Mouse Moved,623.0,320.0,User23,,
1490126828059,Mouse Moved,626.0,322.0,User23,,
1490126828075,Mouse Moved,629.0,323.0,User23,,
1490126828089,Mouse Moved,631.0,324.0,User23,,
1490126828105,Mouse Moved,632.0,324.0,User23,,
1490126828121,Mouse Moved,633.0,324.0,User23,,
1490126828167,Mouse Moved,633.0,326.0,User23,,
1490126828200,Mouse Moved,634.0,326.0,User23,,
1490126828230,Mouse Moved,632.0,326.0,User23,,
1490126828246,Mouse Moved,629.0,326.0,User23,,
1490126828262,Mouse Moved,611.0,319.0,User23,,
1490126828278,Mouse Moved,596.0,317.0,User23,,
1490126828292,Mouse Moved,582.0,314.0,User23,,
1490126828309,Mouse Moved,572.0,312.0,User23,,
1490126828323,Mouse Moved,554.0,305.0,User23,,
1490126828339,Mouse Moved,548.0,304.0,User23,,
1490126828355,Mouse Moved,545.0,303.0,User23,,
1490126828371,Mouse Moved,536.0,302.0,User23,,
1490126828387,Mouse Moved,534.0,302.0,User23,,
1490126828401,Mouse Moved,534.0,302.0,User23,,
1490126828496,Mouse Moved,534.0,302.0,User23,,
1490126828667,Mouse Moved,534.0,302.0,User23,,
1490126828683,Mouse Moved,534.0,302.0,User23,,
1490126829177,Mouse Moved,535.0,303.0,User23,,
1490126829194,Mouse Moved,596.0,301.0,User23,,
1490126829319,Mouse Moved,623.0,309.0,User23,,
1490126829334,Mouse Moved,696.0,316.0,User23,,
1490126829365,Mouse Moved,724.0,318.0,User23,,
1490126829381,Mouse Moved,725.0,318.0,User23,,
1490126829474,Mouse Moved,724.0,318.0,User23,,
1490126829490,Mouse Moved,724.0,318.0,User23,,
1490126829615,Mouse Moved,723.0,318.0,User23,,
1490126829631,Mouse Moved,720.0,315.0,User23,,
1490126829645,Mouse Moved,714.0,313.0,User23,,
1490126829661,Mouse Moved,697.0,311.0,User23,,
1490126829677,Mouse Moved,683.0,304.0,User23,,
1490126829693,Mouse Moved,674.0,302.0,User23,,
1490126829834,Mouse Moved,668.0,301.0,User23,,
1490126829848,Mouse Moved,662.0,298.0,User23,,
1490126829990,Mouse Moved,662.0,298.0,User23,,
1490126830138,Mouse Moved,662.0,298.0,User23,,
1490126830144,Mouse Button.left Released,662.0,298.0,User23,,
1490126830786,Mouse Moved,662.0,298.0,User23,,
1490126830880,Mouse Moved,662.0,298.0,User23,,
1490126830941,Mouse Moved,662.0,298.0,User23,,
1490126831076,Mouse Moved,662.0,298.0,User23,,
1490126831084,Mouse Button.left Released,662.0,298.0,User23,,
1490126831226,Mouse Moved,662.0,298.0,User23,,
1490126831273,Mouse Moved,662.0,298.0,User23,,
1490126831585,Mouse Moved,660.0,298.0,User23,,
1490126831601,Mouse Moved,658.0,298.0,User23,,
1490126831615,Mouse Moved,648.0,298.0,User23,,
1490126831631,Mouse Moved,637.0,298.0,User23,,
1490126831648,Mouse Moved,609.0,298.0,User23,,
1490126831663,Mouse Moved,576.0,298.0,User23,,
1490126831694,Mouse Moved,530.0,296.0,User23,,
1490126831710,Mouse Moved,522.0,296.0,User23,,
1490126831726,Mouse Moved,512.0,300.0,User23,,
1490126831740,Mouse Moved,511.0,300.0,User23,,
1490126831756,Mouse Moved,510.0,300.0,User23,,
1490126831849,Mouse Moved,510.0,299.0,User23,,
1490126831974,Mouse Moved,510.0,299.0,User23,,
1490126835111,Mouse Moved,511.0,302.0,User23,,
1490126835125,Mouse Moved,517.0,310.0,User23,,
1490126835141,Mouse Moved,524.0,319.0,User23,,
1490126835157,Mouse Moved,543.0,344.0,User23,,
1490126835173,Mouse Moved,563.0,369.0,User23,,
1490126835203,Mouse Moved,600.0,413.0,User23,,
1490126835220,Mouse Moved,612.0,424.0,User23,,
1490126835236,Mouse Moved,623.0,437.0,User23,,
1490126835250,Mouse Moved,631.0,445.0,User23,,
1490126835266,Mouse Moved,642.0,455.0,User23,,
1490126835282,Mouse Moved,645.0,458.0,User23,,
1490126835298,Mouse Moved,646.0,458.0,User23,,
1490126835313,Mouse Moved,647.0,459.0,User23,,
1490126835328,Mouse Moved,648.0,459.0,User23,,
1490126835345,Mouse Moved,649.0,460.0,User23,,
1490126835359,Mouse Moved,649.0,461.0,User23,,
1490126835391,Mouse Moved,650.0,462.0,User23,,
1490126835470,Mouse Moved,652.0,460.0,User23,,
1490126835484,Mouse Moved,654.0,456.0,User23,,
1490126835500,Mouse Moved,655.0,455.0,User23,,
1490126835516,Mouse Moved,658.0,452.0,User23,,
1490126835532,Mouse Moved,659.0,451.0,User23,,
1490126835548,Mouse Moved,661.0,449.0,User23,,
1490126835562,Mouse Moved,661.0,448.0,User23,,
1490126835578,Mouse Moved,664.0,446.0,User23,,
1490126835594,Mouse Moved,666.0,445.0,User23,,
1490126835609,Mouse Moved,669.0,443.0,User23,,
1490126835641,Mouse Moved,670.0,442.0,User23,,
1490126835657,Mouse Moved,673.0,440.0,User23,,
1490126835671,Mouse Moved,675.0,440.0,User23,,
1490126835687,Mouse Moved,675.0,439.0,User23,,
1490126835703,Mouse Moved,676.0,439.0,User23,,
1490126835719,Mouse Moved,676.0,438.0,User23,,
1490126835750,Mouse Moved,677.0,438.0,User23,,
1490126835782,Mouse Moved,678.0,437.0,User23,,
1490126835796,Mouse Moved,679.0,436.0,User23,,
1490126835812,Mouse Moved,681.0,435.0,User23,,
1490126835828,Mouse Moved,682.0,435.0,User23,,
1490126835844,Mouse Moved,683.0,434.0,User23,,
1490126835859,Mouse Moved,683.0,433.0,User23,,
1490126835875,Mouse Moved,684.0,433.0,User23,,
1490126837309,Mouse Moved,685.0,433.0,User23,,
1490126837325,Mouse Moved,689.0,433.0,User23,,
1490126837342,Mouse Moved,708.0,430.0,User23,,
1490126837357,Mouse Moved,715.0,429.0,User23,,
1490126837372,Mouse Moved,733.0,429.0,User23,,
1490126837388,Mouse Moved,738.0,429.0,User23,,
1490126837404,Mouse Moved,761.0,431.0,User23,,
1490126837420,Mouse Moved,771.0,434.0,User23,,
1490126837434,Mouse Moved,790.0,436.0,User23,,
1490126837450,Mouse Moved,798.0,437.0,User23,,
1490126837466,Mouse Moved,809.0,437.0,User23,,
1490126837482,Mouse Moved,812.0,437.0,User23,,
1490126837497,Mouse Moved,817.0,438.0,User23,,
1490126837513,Mouse Moved,821.0,438.0,User23,,
1490126837529,Mouse Moved,823.0,439.0,User23,,
1490126837543,Mouse Moved,826.0,439.0,User23,,
1490126837559,Mouse Moved,831.0,439.0,User23,,
1490126837591,Mouse Moved,833.0,439.0,User23,,
1490126837607,Mouse Moved,834.0,439.0,User23,,
1490126837621,Mouse Moved,835.0,439.0,User23,,
1490126837638,Mouse Moved,836.0,439.0,User23,,
1490126837654,Mouse Moved,837.0,439.0,User23,,
1490126837684,Mouse Moved,839.0,442.0,User23,,
1490126837700,Mouse Moved,841.0,445.0,User23,,
1490126837716,Mouse Moved,844.0,449.0,User23,,
1490126837732,Mouse Moved,845.0,459.0,User23,,
1490126837746,Mouse Moved,846.0,461.0,User23,,
1490126837763,Mouse Moved,849.0,471.0,User23,,
1490126837778,Mouse Moved,851.0,474.0,User23,,
1490126837793,Mouse Moved,851.0,492.0,User23,,
1490126837809,Mouse Moved,851.0,498.0,User23,,
1490126837825,Mouse Moved,853.0,511.0,User23,,
1490126837841,Mouse Moved,853.0,518.0,User23,,
1490126839540,Mouse Moved,853.0,524.0,User23,,
1490126839665,Mouse Moved,846.0,524.0,User23,,
1490126839681,Mouse Moved,728.0,479.0,User23,,
1490126839713,Mouse Moved,670.0,450.0,User23,,
1490126839727,Mouse Moved,666.0,448.0,User23,,
1490126839743,Mouse Moved,663.0,446.0,User23,,
1490126839790,Mouse Moved,662.0,445.0,User23,,
1490126839805,Mouse Moved,661.0,444.0,User23,,
1490126839822,Mouse Moved,661.0,443.0,User23,,
1490126839852,Mouse Moved,660.0,443.0,User23,,
1490126839961,Mouse Moved,660.0,442.0,User23,,
1490126840273,Mouse Moved,660.0,443.0,User23,,
1490126840430,Mouse Moved,661.0,443.0,User23,,
1490126840461,Mouse Moved,661.0,442.0,User23,,
1490126840585,Mouse Moved,662.0,442.0,User23,,
1490126840601,Mouse Moved,668.0,440.0,User23,,
1490126840726,Mouse Moved,678.0,439.0,User23,,
1490126840742,Mouse Moved,682.0,439.0,User23,,
1490126840757,Mouse Moved,687.0,437.0,User23,,
1490126840835,Mouse Moved,689.0,436.0,User23,,
1490126840851,Mouse Moved,703.0,426.0,User23,,
1490126840976,Mouse Moved,711.0,420.0,User23,,
1490126840992,Mouse Moved,713.0,420.0,User23,,
1490126841615,Mouse Moved,715.0,420.0,User23,,
1490126841631,Mouse Moved,715.0,421.0,User23,,
1490126841647,Mouse Moved,715.0,423.0,User23,,
1490126841663,Mouse Moved,714.0,424.0,User23,,
1490126841677,Mouse Moved,714.0,425.0,User23,,
1490126841694,Mouse Moved,714.0,426.0,User23,,
1490126841710,Mouse Moved,714.0,427.0,User23,,
1490126841756,Mouse Moved,714.0,428.0,User23,,
1490126841788,Mouse Moved,714.0,429.0,User23,,
1490126841834,Mouse Moved,714.0,430.0,User23,,
1490126842161,Mouse Moved,713.0,429.0,User23,,
1490126842177,Mouse Moved,712.0,428.0,User23,,
1490126842193,Mouse Moved,710.0,425.0,User23,,
1490126842209,Mouse Moved,709.0,424.0,User23,,
1490126842223,Mouse Moved,708.0,420.0,User23,,
1490126842240,Mouse Moved,706.0,417.0,User23,,
1490126842256,Mouse Moved,705.0,417.0,User23,,
1490126842270,Mouse Moved,704.0,415.0,User23,,
1490126842302,Mouse Moved,704.0,414.0,User23,,
1490126842365,Mouse Moved,703.0,414.0,User23,,
1490126842832,Mouse Moved,705.0,414.0,User23,,
1490126842848,Mouse Moved,707.0,414.0,User23,,
1490126842864,Mouse Moved,715.0,414.0,User23,,
1490126842880,Mouse Moved,718.0,414.0,User23,,
1490126842894,Mouse Moved,751.0,414.0,User23,,
1490126842911,Mouse Moved,765.0,413.0,User23,,
1490126842926,Mouse Moved,771.0,412.0,User23,,
1490126842941,Mouse Moved,778.0,412.0,User23,,
1490126842957,Mouse Moved,780.0,412.0,User23,,
1490126842973,Mouse Moved,783.0,412.0,User23,,
1490126842989,Mouse Moved,784.0,412.0,User23,,
1490126843003,Mouse Moved,786.0,412.0,User23,,
1490126843066,Mouse Moved,787.0,412.0,User23,,
1490126845796,Mouse Moved,786.0,412.0,User23,,
1490126845890,Mouse Moved,786.0,412.0,User23,,
1490126848667,Mouse Moved,782.0,410.0,User23,,
1490126848684,Mouse Moved,630.0,311.0,User23,,
1490126848700,Mouse Moved,452.0,175.0,User23,,
1490126848714,Mouse Moved,428.0,167.0,User23,,
1490126848730,Mouse Moved,418.0,164.0,User23,,
1490126848746,Mouse Moved,409.0,162.0,User23,,
1490126848762,Mouse Moved,403.0,162.0,User23,,
1490126848887,Mouse Moved,399.0,162.0,User23,,
1490126849026,Mouse Moved,397.0,161.0,User23,,
1490126849042,Mouse Moved,350.0,144.0,User23,,
1490126849151,Mouse Moved,338.0,138.0,User23,,
1490126849167,Mouse Moved,326.0,140.0,User23,,
1490126849292,Mouse Moved,318.0,138.0,User23,,
1490126849308,Mouse Button.left Pressed,318.0,138.0,User23,,
1490126849355,Mouse Moved,318.0,138.0,User23,,
1490126850122,Mouse Moved,319.0,139.0,User23,,
1490126850138,Mouse Moved,343.0,153.0,User23,,
1490126850232,Mouse Moved,473.0,207.0,User23,,
1490126850246,Mouse Moved,515.0,237.0,User23,,
1490126850263,Mouse Moved,524.0,242.0,User23,,
1490126850293,Mouse Moved,525.0,244.0,User23,,
1490126850325,Mouse Moved,525.0,245.0,User23,,
1490126850357,Mouse Moved,526.0,247.0,User23,,
1490126850403,Mouse Moved,526.0,248.0,User23,,
1490126850621,Mouse Moved,526.0,250.0,User23,,
1490126850653,Mouse Moved,527.0,257.0,User23,,
1490126850668,Mouse Moved,529.0,266.0,User23,,
1490126850684,Mouse Moved,531.0,272.0,User23,,
1490126850714,Mouse Moved,533.0,280.0,User23,,
1490126850730,Mouse Moved,534.0,283.0,User23,,
1490126850762,Mouse Moved,534.0,284.0,User23,,
1490126850778,Mouse Moved,535.0,284.0,User23,,
1490126850934,Mouse Moved,534.0,284.0,User23,,
1490126851494,Mouse Moved,535.0,286.0,User23,,
1490126851510,Mouse Moved,535.0,289.0,User23,,
1490126851526,Mouse Moved,535.0,296.0,User23,,
1490126851542,Mouse Moved,557.0,360.0,User23,,
1490126851558,Mouse Moved,569.0,386.0,User23,,
1490126851588,Mouse Moved,598.0,439.0,User23,,
1490126851605,Mouse Moved,637.0,515.0,User23,,
1490126851619,Mouse Moved,652.0,542.0,User23,,
1490126851635,Mouse Moved,665.0,577.0,User23,,
1490126851651,Mouse Moved,667.0,580.0,User23,,
1490126851667,Mouse Moved,668.0,587.0,User23,,
1490126851931,Mouse Moved,668.0,589.0,User23,,
1490126851947,Mouse Moved,668.0,597.0,User23,,
1490126851963,Mouse Moved,668.0,602.0,User23,,
1490126851994,Mouse Moved,668.0,605.0,User23,,
1490126852009,Mouse Moved,668.0,613.0,User23,,
1490126852026,Mouse Moved,668.0,628.0,User23,,
1490126852040,Mouse Moved,669.0,630.0,User23,,
1490126852056,Mouse Moved,669.0,633.0,User23,,
1490126852072,Mouse Moved,670.0,635.0,User23,,
1490126852104,Mouse Moved,670.0,636.0,User23,,
1490126852118,Mouse Moved,670.0,637.0,User23,,
1490126852229,Mouse Moved,670.0,638.0,User23,,
1490126852477,Mouse Moved,671.0,638.0,User23,,
1490126852509,Mouse Moved,671.0,636.0,User23,,
1490126852525,Mouse Moved,672.0,636.0,User23,,
1490126852540,Mouse Moved,673.0,636.0,User23,,
1490126852572,Mouse Moved,675.0,635.0,User23,,
1490126852602,Mouse Moved,677.0,638.0,User23,,
1490126852618,Mouse Moved,678.0,647.0,User23,,
1490126852634,Mouse Moved,679.0,651.0,User23,,
1490126852650,Mouse Moved,679.0,652.0,User23,,
1490126852664,Mouse Moved,680.0,654.0,User23,,
1490126852680,Mouse Moved,680.0,656.0,User23,,
1490126852727,Mouse Moved,680.0,657.0,User23,,
1490126852759,Mouse Moved,680.0,658.0,User23,,
1490126852930,Mouse Moved,679.0,658.0,User23,,
1490126853039,Mouse Moved,679.0,658.0,User23,,
1490126856581,Mouse Moved,681.0,658.0,User23,,
1490126856596,Mouse Moved,682.0,659.0,User23,,
1490126856611,Mouse Moved,685.0,660.0,User23,,
1490126856628,Mouse Moved,689.0,661.0,User23,,
1490126856642,Mouse Moved,691.0,662.0,User23,,
1490126856658,Mouse Moved,695.0,662.0,User23,,
1490126856674,Mouse Moved,704.0,664.0,User23,,
1490126856690,Mouse Moved,706.0,664.0,User23,,
1490126856706,Mouse Moved,707.0,664.0,User23,,
1490126856736,Mouse Moved,711.0,666.0,User23,,
1490126856753,Mouse Moved,713.0,666.0,User23,,
1490126856767,Mouse Moved,714.0,667.0,User23,,
1490126856815,Mouse Moved,715.0,668.0,User23,,
1490126856940,Mouse Moved,716.0,668.0,User23,,
1490126857204,Mouse Moved,717.0,668.0,User23,,
1490126857454,Mouse Moved,716.0,668.0,User23,,
1490126857470,Mouse Moved,714.0,668.0,User23,,
1490126857486,Mouse Moved,713.0,668.0,User23,,
1490126857500,Mouse Moved,712.0,668.0,User23,,
1490126857516,Mouse Moved,711.0,668.0,User23,,
1490126857532,Mouse Moved,710.0,668.0,User23,,
1490126857548,Mouse Moved,707.0,668.0,User23,,
1490126857563,Mouse Moved,705.0,668.0,User23,,
1490126857578,Mouse Moved,702.0,668.0,User23,,
1490126857595,Mouse Moved,700.0,668.0,User23,,
1490126857611,Mouse Moved,699.0,668.0,User23,,
1490126857641,Mouse Moved,697.0,668.0,User23,,
1490126857688,Mouse Moved,697.0,667.0,User23,,
1490126857703,Mouse Moved,696.0,667.0,User23,,
1490126857766,Mouse Moved,696.0,666.0,User23,,
1490126857782,Mouse Moved,695.0,666.0,User23,,
1490126857812,Mouse Moved,695.0,665.0,User23,,
1490126857828,Mouse Moved,694.0,663.0,User23,,
1490126858094,Mouse Moved,694.0,660.0,User23,,
1490126858109,Mouse Moved,693.0,655.0,User23,,
1490126858125,Mouse Moved,685.0,610.0,User23,,
1490126858141,Mouse Moved,675.0,560.0,User23,,
1490126858157,Mouse Moved,668.0,485.0,User23,,
1490126858171,Mouse Moved,657.0,387.0,User23,,
1490126858187,Mouse Moved,656.0,364.0,User23,,
1490126858219,Mouse Moved,647.0,323.0,User23,,
1490126858234,Mouse Moved,645.0,316.0,User23,,
1490126858250,Mouse Moved,645.0,315.0,User23,,
1490126858483,Mouse Moved,645.0,317.0,User23,,
1490126858500,Mouse Moved,643.0,319.0,User23,,
1490126858515,Mouse Moved,643.0,320.0,User23,,
1490126858530,Mouse Moved,639.0,325.0,User23,,
1490126858546,Mouse Moved,637.0,327.0,User23,,
1490126858562,Mouse Moved,635.0,328.0,User23,,
1490126858578,Mouse Moved,635.0,329.0,User23,,
1490126858717,Mouse Moved,634.0,330.0,User23,,
1490126858858,Mouse Moved,634.0,330.0,User23,,
1490126861604,Mouse Moved,634.0,331.0,User23,,
1490126861619,Mouse Moved,634.0,333.0,User23,,
1490126861634,Mouse Moved,634.0,338.0,User23,,
1490126861651,Mouse Moved,636.0,342.0,User23,,
1490126861681,Mouse Moved,640.0,348.0,User23,,
1490126861697,Mouse Moved,645.0,359.0,User23,,
1490126861713,Mouse Moved,651.0,366.0,User23,,
1490126861729,Mouse Moved,657.0,379.0,User23,,
1490126861744,Mouse Moved,661.0,393.0,User23,,
1490126861759,Mouse Moved,662.0,396.0,User23,,
1490126861776,Mouse Moved,664.0,402.0,User23,,
1490126861790,Mouse Moved,664.0,408.0,User23,,
1490126861806,Mouse Moved,664.0,412.0,User23,,
1490126861822,Mouse Moved,664.0,414.0,User23,,
1490126861838,Mouse Moved,664.0,417.0,User23,,
1490126861854,Mouse Moved,664.0,421.0,User23,,
1490126861868,Mouse Moved,664.0,422.0,User23,,
1490126862275,Mouse Moved,668.0,425.0,User23,,
1490126862290,Mouse Moved,672.0,428.0,User23,,
1490126862305,Mouse Moved,678.0,432.0,User23,,
1490126862322,Mouse Moved,691.0,436.0,User23,,
1490126862336,Mouse Moved,706.0,445.0,User23,,
1490126862352,Mouse Moved,715.0,448.0,User23,,
1490126862368,Mouse Moved,732.0,455.0,User23,,
1490126862384,Mouse Moved,741.0,460.0,User23,,
1490126862400,Mouse Moved,761.0,465.0,User23,,
1490126862414,Mouse Moved,766.0,467.0,User23,,
1490126862430,Mouse Moved,773.0,467.0,User23,,
1490126862447,Mouse Moved,775.0,468.0,User23,,
1490126862461,Mouse Moved,776.0,468.0,User23,,
1490126862664,Mouse Moved,778.0,468.0,User23,,
1490126862759,Mouse Moved,780.0,468.0,User23,,
1490126862773,Mouse Moved,785.0,468.0,User23,,
1490126862789,Mouse Moved,807.0,464.0,User23,,
1490126862805,Mouse Moved,808.0,464.0,User23,,
1490126862821,Mouse Moved,810.0,464.0,User23,,
1490126862851,Mouse Moved,812.0,464.0,User23,,
1490126863055,Mouse Moved,813.0,464.0,User23,,
1490126863071,Mouse Moved,818.0,463.0,User23,,
1490126863085,Mouse Moved,820.0,462.0,User23,,
1490126863101,Mouse Moved,825.0,459.0,User23,,
1490126863117,Mouse Moved,829.0,458.0,User23,,
1490126863132,Mouse Moved,835.0,455.0,User23,,
1490126863148,Mouse Moved,837.0,454.0,User23,,
1490126863164,Mouse Moved,839.0,453.0,User23,,
1490126863180,Mouse Moved,840.0,453.0,User23,,
1490126863194,Mouse Moved,844.0,451.0,User23,,
1490126863226,Mouse Moved,847.0,449.0,User23,,
1490126863257,Mouse Moved,848.0,448.0,User23,,
1490126863273,Mouse Moved,850.0,448.0,User23,,
1490126863289,Mouse Moved,851.0,447.0,User23,,
1490126863305,Mouse Moved,851.0,446.0,User23,,
1490126863319,Mouse Moved,852.0,446.0,User23,,
1490126863335,Mouse Moved,853.0,445.0,User23,,
1490126863351,Mouse Moved,858.0,443.0,User23,,
1490126863382,Mouse Moved,859.0,442.0,User23,,
1490126863398,Mouse Moved,860.0,441.0,User23,,
1490126863414,Mouse Moved,861.0,440.0,User23,,
1490126863444,Mouse Moved,864.0,439.0,User23,,
1490126863460,Mouse Moved,865.0,438.0,User23,,
1490126863476,Mouse Moved,866.0,437.0,User23,,
1490126863492,Mouse Moved,867.0,437.0,User23,,
1490126863523,Mouse Moved,869.0,436.0,User23,,
1490126863539,Mouse Moved,870.0,436.0,User23,,
1490126863553,Mouse Moved,871.0,435.0,User23,,
1490126863585,Mouse Moved,872.0,435.0,User23,,
1490126863601,Mouse Moved,873.0,435.0,User23,,
1490126863617,Mouse Moved,873.0,435.0,User23,,
1490126863726,Mouse Moved,873.0,436.0,User23,,
1490126863740,Mouse Moved,873.0,437.0,User23,,
1490126863756,Mouse Moved,873.0,438.0,User23,,
1490126863773,Mouse Moved,874.0,441.0,User23,,
1490126863788,Mouse Moved,874.0,442.0,User23,,
1490126863803,Mouse Moved,875.0,443.0,User23,,
1490126863835,Mouse Moved,875.0,444.0,User23,,
1490126863865,Mouse Moved,875.0,445.0,User23,,
1490126863881,Mouse Moved,875.0,446.0,User23,,
1490126863913,Mouse Moved,875.0,447.0,User23,,
1490126863944,Mouse Moved,875.0,448.0,User23,,
1490126863990,Mouse Moved,875.0,449.0,User23,,
1490126864099,Mouse Moved,875.0,450.0,User23,,
1490126864177,Mouse Moved,875.0,451.0,User23,,
1490126864194,Mouse Moved,875.0,452.0,User23,,
1490126864224,Mouse Moved,875.0,453.0,User23,,
1490126864240,Mouse Moved,875.0,454.0,User23,,
1490126864256,Mouse Moved,875.0,455.0,User23,,
1490126864272,Mouse Moved,875.0,456.0,User23,,
1490126864286,Mouse Moved,875.0,457.0,User23,,
1490126864319,Mouse Moved,876.0,457.0,User23,,
1490126864334,Mouse Moved,876.0,458.0,User23,,
1490126864397,Mouse Moved,876.0,459.0,User23,,
1490126864411,Mouse Moved,876.0,460.0,User23,,
1490126864474,Mouse Moved,876.0,461.0,User23,,
1490126864584,Mouse Moved,875.0,460.0,User23,,
1490126866158,Mouse Moved,875.0,461.0,User23,,
1490126866174,Mouse Moved,873.0,461.0,User23,,
1490126866190,Mouse Moved,869.0,461.0,User23,,
1490126866221,Mouse Moved,848.0,450.0,User23,,
1490126866236,Mouse Moved,820.0,431.0,User23,,
1490126866253,Mouse Moved,798.0,411.0,User23,,
1490126866269,Mouse Moved,780.0,393.0,User23,,
1490126866283,Mouse Moved,770.0,377.0,User23,,
1490126866299,Mouse Moved,751.0,369.0,User23,,
1490126866315,Mouse Moved,745.0,364.0,User23,,
1490126866331,Mouse Moved,743.0,362.0,User23,,
1490126866346,Mouse Moved,740.0,360.0,User23,,
1490126866581,Mouse Moved,739.0,360.0,User23,,
1490126866595,Mouse Moved,735.0,359.0,User23,,
1490126866611,Mouse Moved,727.0,355.0,User23,,
1490126866627,Mouse Moved,723.0,352.0,User23,,
1490126866642,Mouse Moved,715.0,348.0,User23,,
1490126866658,Mouse Moved,711.0,347.0,User23,,
1490126866674,Mouse Moved,697.0,343.0,User23,,
1490126866690,Mouse Moved,694.0,341.0,User23,,
1490126866704,Mouse Moved,690.0,340.0,User23,,
1490126866736,Mouse Moved,688.0,340.0,User23,,
1490126866752,Mouse Moved,687.0,340.0,User23,,
1490126866829,Mouse Moved,686.0,340.0,User23,,
1490126866861,Mouse Moved,685.0,340.0,User23,,
1490126866877,Mouse Moved,683.0,339.0,User23,,
1490126866892,Mouse Moved,682.0,339.0,User23,,
1490126866907,Mouse Moved,681.0,338.0,User23,,
1490126866924,Mouse Moved,680.0,337.0,User23,,
1490126866938,Mouse Moved,679.0,336.0,User23,,
1490126866954,Mouse Moved,679.0,335.0,User23,,
1490126866970,Mouse Moved,679.0,336.0,User23,,
1490126867049,Mouse Moved,678.0,335.0,User23,,
1490126868187,Mouse Moved,678.0,336.0,User23,,
1490126868203,Mouse Moved,680.0,345.0,User23,,
1490126868219,Mouse Moved,685.0,373.0,User23,,
1490126868233,Mouse Moved,686.0,391.0,User23,,
1490126868250,Mouse Moved,690.0,434.0,User23,,
1490126868265,Mouse Moved,691.0,447.0,User23,,
1490126868280,Mouse Moved,694.0,478.0,User23,,
1490126868296,Mouse Moved,694.0,481.0,User23,,
1490126868312,Mouse Moved,696.0,507.0,User23,,
1490126868328,Mouse Moved,697.0,519.0,User23,,
1490126868342,Mouse Moved,701.0,546.0,User23,,
1490126868358,Mouse Moved,703.0,553.0,User23,,
1490126868375,Mouse Moved,705.0,577.0,User23,,
1490126868390,Mouse Moved,706.0,600.0,User23,,
1490126868405,Mouse Moved,707.0,620.0,User23,,
1490126868421,Mouse Moved,708.0,639.0,User23,,
1490126868983,Mouse Moved,708.0,638.0,User23,,
1490126869122,Mouse Moved,708.0,638.0,User23,,
1490126869263,Mouse Moved,708.0,638.0,User23,,
1490126869559,Mouse Moved,708.0,638.0,User23,,
1490126871244,Mouse Moved,708.0,638.0,User23,,
1490126871463,Mouse Moved,708.0,638.0,User23,,
1490126871634,Mouse Moved,708.0,638.0,User23,,
1490126872336,Mouse Moved,708.0,638.0,User23,,
1490126872368,Mouse Moved,708.0,638.0,User23,,
1490126872398,Mouse Moved,708.0,638.0,User23,,
1490126872944,Mouse Moved,708.0,638.0,User23,,
1490126872960,Mouse Moved,708.0,638.0,User23,,
1490126873007,Mouse Moved,708.0,638.0,User23,,
1490126873069,Mouse Moved,708.0,638.0,User23,,
1490126873164,Mouse Moved,708.0,638.0,User23,,
1490126873273,Mouse Moved,708.0,638.0,User23,,
1490126873335,Mouse Moved,708.0,638.0,User23,,
1490126873381,Mouse Moved,708.0,638.0,User23,,
1490126873523,Mouse Moved,708.0,638.0,User23,,
1490126873897,Mouse Moved,708.0,636.0,User23,,
1490126873913,Mouse Moved,708.0,626.0,User23,,
1490126873927,Mouse Moved,708.0,607.0,User23,,
1490126873944,Mouse Moved,710.0,550.0,User23,,
1490126873959,Mouse Moved,711.0,521.0,User23,,
1490126873974,Mouse Moved,711.0,507.0,User23,,
1490126873990,Mouse Moved,711.0,493.0,User23,,
1490126874006,Mouse Moved,711.0,489.0,User23,,
1490126874022,Mouse Moved,711.0,481.0,User23,,
1490126874036,Mouse Moved,711.0,479.0,User23,,
1490126874052,Mouse Moved,710.0,475.0,User23,,
1490126874069,Mouse Moved,709.0,474.0,User23,,
1490126874084,Mouse Moved,709.0,472.0,User23,,
1490126874099,Mouse Moved,709.0,471.0,User23,,
1490126874131,Mouse Moved,707.0,465.0,User23,,
1490126874147,Mouse Moved,706.0,462.0,User23,,
1490126874161,Mouse Moved,703.0,453.0,User23,,
1490126874177,Mouse Moved,702.0,450.0,User23,,
1490126874193,Mouse Moved,698.0,437.0,User23,,
1490126874209,Mouse Moved,697.0,434.0,User23,,
1490126874224,Mouse Moved,696.0,430.0,User23,,
1490126874240,Mouse Moved,693.0,424.0,User23,,
1490126874256,Mouse Moved,691.0,417.0,User23,,
1490126874270,Mouse Moved,690.0,416.0,User23,,
1490126874348,Mouse Moved,689.0,412.0,User23,,
1490126874381,Mouse Moved,689.0,410.0,User23,,
1490126874395,Mouse Moved,687.0,405.0,User23,,
1490126874411,Mouse Moved,687.0,404.0,User23,,
1490126874630,Mouse Moved,687.0,403.0,User23,,
1490126874645,Mouse Moved,687.0,405.0,User23,,
1490126874661,Mouse Moved,687.0,407.0,User23,,
1490126874677,Mouse Moved,687.0,413.0,User23,,
1490126874693,Mouse Moved,687.0,425.0,User23,,
1490126874707,Mouse Moved,687.0,427.0,User23,,
1490126874723,Mouse Moved,687.0,433.0,User23,,
1490126874739,Mouse Moved,687.0,436.0,User23,,
1490126874755,Mouse Moved,687.0,438.0,User23,,
1490126874770,Mouse Moved,687.0,440.0,User23,,
1490126874786,Mouse Moved,687.0,446.0,User23,,
1490126874802,Mouse Moved,687.0,450.0,User23,,
1490126874816,Mouse Moved,688.0,456.0,User23,,
1490126874832,Mouse Moved,688.0,458.0,User23,,
1490126874848,Mouse Moved,688.0,461.0,User23,,
1490126874864,Mouse Moved,689.0,465.0,User23,,
1490126874880,Mouse Moved,689.0,466.0,User23,,
1490126874894,Mouse Moved,689.0,469.0,User23,,
1490126874911,Mouse Moved,689.0,470.0,User23,,
1490126874927,Mouse Moved,689.0,472.0,User23,,
1490126874941,Mouse Moved,689.0,473.0,User23,,
1490126874973,Mouse Moved,689.0,474.0,User23,,
1490126875005,Mouse Moved,689.0,478.0,User23,,
1490126875019,Mouse Moved,689.0,479.0,User23,,
1490126875036,Mouse Moved,689.0,480.0,User23,,
1490126875051,Mouse Moved,689.0,483.0,User23,,
1490126875066,Mouse Moved,689.0,484.0,User23,,
1490126875082,Mouse Moved,689.0,485.0,User23,,
1490126875098,Mouse Moved,689.0,487.0,User23,,
1490126875114,Mouse Moved,689.0,491.0,User23,,
1490126875144,Mouse Moved,689.0,492.0,User23,,
1490126875161,Mouse Moved,689.0,494.0,User23,,
1490126875176,Mouse Moved,689.0,495.0,User23,,
1490126875285,Mouse Moved,692.0,491.0,User23,,
1490126875301,Mouse Moved,694.0,485.0,User23,,
1490126875316,Mouse Moved,707.0,449.0,User23,,
1490126875332,Mouse Moved,726.0,381.0,User23,,
1490126875348,Mouse Moved,733.0,339.0,User23,,
1490126875362,Mouse Moved,745.0,305.0,User23,,
1490126875378,Mouse Moved,747.0,301.0,User23,,
1490126875394,Mouse Moved,756.0,277.0,User23,,
1490126875410,Mouse Moved,760.0,266.0,User23,,
1490126875644,Mouse Moved,762.0,263.0,User23,,
1490126875660,Mouse Moved,762.0,265.0,User23,,
1490126875674,Mouse Moved,761.0,271.0,User23,,
1490126875690,Mouse Moved,759.0,274.0,User23,,
1490126875707,Mouse Moved,755.0,283.0,User23,,
1490126875721,Mouse Moved,754.0,288.0,User23,,
1490126875737,Mouse Moved,745.0,307.0,User23,,
1490126875753,Mouse Moved,742.0,314.0,User23,,
1490126875769,Mouse Moved,738.0,326.0,User23,,
1490126875785,Mouse Moved,738.0,329.0,User23,,
1490126875799,Mouse Moved,737.0,332.0,User23,,
1490126875831,Mouse Moved,736.0,333.0,User23,,
1490126875908,Mouse Moved,736.0,334.0,User23,,
1490126876003,Mouse Moved,736.0,334.0,User23,,
1490126876128,Mouse Moved,736.0,334.0,User23,,
1490126876970,Mouse Moved,735.0,334.0,User23,,
1490126876986,Mouse Moved,729.0,335.0,User23,,
1490126877000,Mouse Moved,710.0,333.0,User23,,
1490126877016,Mouse Moved,702.0,333.0,User23,,
1490126877032,Mouse Moved,690.0,330.0,User23,,
1490126877048,Mouse Moved,680.0,327.0,User23,,
1490126877063,Mouse Moved,668.0,327.0,User23,,
1490126877078,Mouse Moved,664.0,327.0,User23,,
1490126877095,Mouse Moved,660.0,327.0,User23,,
1490126877111,Mouse Moved,659.0,327.0,User23,,
1490126877125,Mouse Moved,658.0,327.0,User23,,
1490126877157,Mouse Moved,657.0,327.0,User23,,
1490126877173,Mouse Moved,656.0,327.0,User23,,
1490126877203,Mouse Moved,655.0,327.0,User23,,
1490126877220,Mouse Moved,654.0,327.0,User23,,
1490126877234,Mouse Moved,649.0,329.0,User23,,
1490126877250,Mouse Moved,646.0,330.0,User23,,
1490126877266,Mouse Moved,642.0,331.0,User23,,
1490126877282,Mouse Moved,640.0,332.0,User23,,
1490126877298,Mouse Moved,636.0,333.0,User23,,
1490126877328,Mouse Moved,632.0,334.0,User23,,
1490126877345,Mouse Moved,629.0,334.0,User23,,
1490126877359,Mouse Moved,628.0,334.0,User23,,
1490126877375,Mouse Moved,626.0,334.0,User23,,
1490126877391,Mouse Moved,625.0,334.0,User23,,
1490126877423,Mouse Moved,623.0,334.0,User23,,
1490126877469,Mouse Moved,623.0,334.0,User23,,
1490126877546,Mouse Moved,623.0,334.0,User23,,
1490126879295,Mouse Moved,623.0,336.0,User23,,
1490126879309,Mouse Moved,638.0,401.0,User23,,
1490126879418,Mouse Moved,649.0,456.0,User23,,
1490126879434,Mouse Moved,673.0,656.0,User23,,
1490126879450,Mouse Moved,676.0,679.0,User23,,
1490126879746,Mouse Moved,684.0,704.0,User23,,
1490126879763,Mouse Moved,700.0,696.0,User23,,
1490126879778,Mouse Moved,777.0,680.0,User23,,
1490126879918,Mouse Moved,804.0,673.0,User23,,
1490126879934,Mouse Moved,849.0,672.0,User23,,
1490126879980,Mouse Moved,851.0,672.0,User23,,
1490126880230,Mouse Moved,853.0,677.0,User23,,
1490126880246,Mouse Moved,856.0,688.0,User23,,
1490126880387,Mouse Moved,858.0,691.0,User23,,
1490126880401,Mouse Moved,859.0,693.0,User23,,
1490126880448,Mouse Moved,859.0,695.0,User23,,
1490126880464,Mouse Moved,859.0,698.0,User23,,
1490126880510,Mouse Moved,859.0,699.0,User23,,
1490126880542,Mouse Moved,859.0,700.0,User23,,
1490126880605,Mouse Moved,859.0,701.0,User23,,
1490126880621,Mouse Moved,859.0,702.0,User23,,
1490126880667,Mouse Moved,859.0,703.0,User23,,
1490126881056,Mouse Moved,859.0,702.0,User23,,
1490126881509,Mouse Moved,859.0,701.0,User23,,
1490126881618,Mouse Moved,858.0,702.0,User23,,
1490126881697,Mouse Moved,859.0,700.0,User23,,
1490126883117,Mouse Moved,858.0,700.0,User23,,
1490126883131,Mouse Moved,856.0,698.0,User23,,
1490126883148,Mouse Moved,852.0,694.0,User23,,
1490126883163,Mouse Moved,832.0,658.0,User23,,
1490126883178,Mouse Moved,820.0,636.0,User23,,
1490126883194,Mouse Moved,810.0,611.0,User23,,
1490126883210,Mouse Moved,795.0,580.0,User23,,
1490126883226,Mouse Moved,784.0,560.0,User23,,
1490126883240,Mouse Moved,771.0,542.0,User23,,
1490126883256,Mouse Moved,768.0,538.0,User23,,
1490126883273,Mouse Moved,758.0,516.0,User23,,
1490126883288,Mouse Moved,756.0,512.0,User23,,
1490126883303,Mouse Moved,749.0,502.0,User23,,
1490126883552,Mouse Moved,748.0,500.0,User23,,
1490126883569,Mouse Moved,746.0,488.0,User23,,
1490126883585,Mouse Moved,735.0,452.0,User23,,
1490126883599,Mouse Moved,731.0,442.0,User23,,
1490126883615,Mouse Moved,724.0,425.0,User23,,
1490126883631,Mouse Moved,721.0,418.0,User23,,
1490126883647,Mouse Moved,717.0,413.0,User23,,
1490126883663,Mouse Moved,711.0,403.0,User23,,
1490126883677,Mouse Moved,709.0,401.0,User23,,
1490126883694,Mouse Moved,704.0,397.0,User23,,
1490126883724,Mouse Moved,704.0,396.0,User23,,
1490126883819,Mouse Moved,704.0,395.0,User23,,
1490126883943,Mouse Moved,702.0,394.0,User23,,
1490126883959,Mouse Moved,697.0,393.0,User23,,
1490126883974,Mouse Moved,696.0,392.0,User23,,
1490126883990,Mouse Moved,692.0,391.0,User23,,
1490126884006,Mouse Moved,692.0,390.0,User23,,
1490126884020,Mouse Moved,691.0,389.0,User23,,
1490126884052,Mouse Moved,690.0,389.0,User23,,
1490126884115,Mouse Moved,690.0,389.0,User23,,
1490126884193,Mouse Moved,690.0,389.0,User23,,
1490126884443,Mouse Moved,691.0,389.0,User23,,
1490126884457,Mouse Moved,694.0,389.0,User23,,
1490126884473,Mouse Moved,704.0,386.0,User23,,
1490126884489,Mouse Moved,707.0,386.0,User23,,
1490126884505,Mouse Moved,713.0,386.0,User23,,
1490126884520,Mouse Moved,719.0,386.0,User23,,
1490126884536,Mouse Moved,720.0,386.0,User23,,
1490126884552,Mouse Moved,723.0,385.0,User23,,
1490126884566,Mouse Moved,724.0,385.0,User23,,
1490126884582,Mouse Moved,725.0,385.0,User23,,
1490126884644,Mouse Moved,726.0,385.0,User23,,
1490126884691,Mouse Moved,727.0,385.0,User23,,
1490126884755,Mouse Moved,726.0,386.0,User23,,
1490126884848,Mouse Moved,726.0,386.0,User23,,
1490126884864,Mouse Button.left Released,726.0,386.0,User23,,
1490126885878,Mouse Moved,727.0,386.0,User23,,
1490126885892,Mouse Moved,732.0,387.0,User23,,
1490126885908,Mouse Moved,736.0,387.0,User23,,
1490126885924,Mouse Moved,762.0,390.0,User23,,
1490126885940,Mouse Moved,766.0,390.0,User23,,
1490126885970,Mouse Moved,777.0,391.0,User23,,
1490126885986,Mouse Moved,787.0,391.0,User23,,
1490126886003,Mouse Moved,791.0,391.0,User23,,
1490126886017,Mouse Moved,794.0,391.0,User23,,
1490126886033,Mouse Moved,795.0,391.0,User23,,
1490126886049,Mouse Moved,796.0,391.0,User23,,
1490126886111,Mouse Moved,797.0,391.0,User23,,
1490126886204,Mouse Moved,796.0,391.0,User23,,
1490126886315,Mouse Moved,796.0,391.0,User23,,
1490126886970,Mouse Moved,797.0,393.0,User23,,
1490126886984,Mouse Moved,797.0,396.0,User23,,
1490126887000,Mouse Moved,795.0,406.0,User23,,
1490126887016,Mouse Moved,788.0,431.0,User23,,
1490126887032,Mouse Moved,786.0,438.0,User23,,
1490126887048,Mouse Moved,782.0,456.0,User23,,
1490126887062,Mouse Moved,776.0,472.0,User23,,
1490126887078,Mouse Moved,768.0,503.0,User23,,
1490126887095,Mouse Moved,767.0,510.0,User23,,
1490126887109,Mouse Moved,767.0,515.0,User23,,
1490126887125,Mouse Moved,763.0,537.0,User23,,
1490126887141,Mouse Moved,759.0,554.0,User23,,
1490126887157,Mouse Moved,756.0,565.0,User23,,
1490126887173,Mouse Moved,756.0,567.0,User23,,
1490126887407,Mouse Moved,754.0,572.0,User23,,
1490126887421,Mouse Moved,754.0,573.0,User23,,
1490126887437,Mouse Moved,753.0,582.0,User23,,
1490126887453,Mouse Moved,753.0,589.0,User23,,
1490126887469,Mouse Moved,753.0,601.0,User23,,
1490126887484,Mouse Moved,753.0,607.0,User23,,
1490126887500,Mouse Moved,755.0,629.0,User23,,
1490126887516,Mouse Moved,755.0,642.0,User23,,
1490126887546,Mouse Moved,758.0,656.0,User23,,
1490126887905,Mouse Moved,757.0,663.0,User23,,
1490126887921,Mouse Moved,754.0,661.0,User23,,
1490126887937,Mouse Moved,743.0,656.0,User23,,
1490126887953,Mouse Moved,711.0,659.0,User23,,
1490126887967,Mouse Moved,699.0,659.0,User23,,
1490126887983,Mouse Moved,676.0,649.0,User23,,
1490126887999,Mouse Moved,664.0,646.0,User23,,
1490126888015,Mouse Moved,655.0,643.0,User23,,
1490126888030,Mouse Moved,652.0,643.0,User23,,
1490126888046,Mouse Moved,651.0,642.0,User23,,
1490126888062,Mouse Moved,650.0,642.0,User23,,
1490126888076,Mouse Moved,649.0,641.0,User23,,
1490126888108,Mouse Moved,649.0,640.0,User23,,
1490126888171,Mouse Moved,649.0,641.0,User23,,
1490126888670,Mouse Moved,646.0,640.0,User23,,
1490126888795,Mouse Moved,644.0,639.0,User23,,
1490126888811,Mouse Moved,627.0,639.0,User23,,
1490126888934,Mouse Moved,617.0,641.0,User23,,
1490126888982,Mouse Moved,616.0,641.0,User23,,
1490126888997,Mouse Moved,612.0,640.0,User23,,
1490126889013,Mouse Moved,611.0,640.0,User23,,
1490126889091,Mouse Moved,609.0,639.0,User23,,
1490126889232,Mouse Moved,605.0,639.0,User23,,
1490126889450,Mouse Moved,607.0,637.0,User23,,
1490126889591,Mouse Moved,624.0,607.0,User23,,
1490126889605,Mouse Moved,715.0,491.0,User23,,
1490126889917,Mouse Moved,739.0,447.0,User23,,
1490126889964,Mouse Moved,737.0,427.0,User23,,
1490126890105,Mouse Moved,737.0,423.0,User23,,
1490126890121,Mouse Moved,737.0,422.0,User23,,
1490126890137,Mouse Moved,731.0,407.0,User23,,
1490126890151,Mouse Moved,727.0,404.0,User23,,
1490126890167,Mouse Moved,727.0,402.0,User23,,
1490126890183,Mouse Moved,725.0,400.0,User23,,
1490126890198,Mouse Moved,725.0,399.0,User23,,
1490126890230,Mouse Moved,724.0,399.0,User23,,
1490126890246,Mouse Moved,724.0,398.0,User23,,
1490126890355,Mouse Moved,724.0,398.0,User23,,
1490126890371,Mouse Moved,724.0,398.0,User23,,
1490126890667,Mouse Moved,723.0,396.0,User23,,
1490126890683,Mouse Moved,719.0,386.0,User23,,
1490126890760,Mouse Moved,718.0,383.0,User23,,
1490126891104,Mouse Moved,717.0,384.0,User23,,
1490126891118,Mouse Moved,717.0,385.0,User23,,
1490126891134,Mouse Moved,716.0,385.0,User23,,
1490126891151,Mouse Moved,714.0,386.0,User23,,
1490126891165,Mouse Moved,711.0,387.0,User23,,
1490126891181,Mouse Moved,707.0,388.0,User23,,
1490126891197,Mouse Moved,701.0,388.0,User23,,
1490126891213,Mouse Moved,697.0,389.0,User23,,
1490126891229,Mouse Moved,695.0,389.0,User23,,
1490126891243,Mouse Moved,694.0,389.0,User23,,
1490126891259,Mouse Moved,693.0,389.0,User23,,
1490126891290,Mouse Moved,692.0,389.0,User23,,
1490126891322,Mouse Moved,691.0,389.0,User23,,
1490126891602,Mouse Moved,691.0,389.0,User23,,
1490126891727,Mouse Moved,691.0,389.0,User23,,
1490126892367,Mouse Moved,690.0,389.0,User23,,
1490126892382,Mouse Moved,685.0,389.0,User23,,
1490126892414,Mouse Moved,681.0,390.0,User23,,
1490126892430,Mouse Moved,679.0,390.0,User23,,
1490126892444,Mouse Moved,678.0,390.0,User23,,
1490126892460,Mouse Moved,676.0,390.0,User23,,
1490126892476,Mouse Moved,675.0,390.0,User23,,
1490126892492,Mouse Moved,673.0,390.0,User23,,
1490126892507,Mouse Moved,672.0,390.0,User23,,
1490126892523,Mouse Moved,668.0,392.0,User23,,
1490126892539,Mouse Moved,664.0,392.0,User23,,
1490126892555,Mouse Moved,658.0,389.0,User23,,
1490126892569,Mouse Moved,656.0,389.0,User23,,
1490126892585,Mouse Moved,654.0,389.0,User23,,
1490126892601,Mouse Moved,652.0,389.0,User23,,
1490126892617,Mouse Moved,649.0,390.0,User23,,
1490126892648,Mouse Moved,648.0,390.0,User23,,
1490126892664,Mouse Moved,646.0,389.0,User23,,
1490126892678,Mouse Moved,644.0,386.0,User23,,
1490126892710,Mouse Moved,643.0,386.0,User23,,
1490126892726,Mouse Moved,642.0,385.0,User23,,
1490126895486,Mouse Moved,641.0,386.0,User23,,
1490126895503,Mouse Moved,639.0,386.0,User23,,
1490126895519,Mouse Moved,638.0,386.0,User23,,
1490126895533,Mouse Moved,635.0,386.0,User23,,
1490126895549,Mouse Moved,632.0,386.0,User23,,
1490126895565,Mouse Moved,630.0,386.0,User23,,
1490126895581,Mouse Moved,626.0,387.0,User23,,
1490126895596,Mouse Moved,625.0,387.0,User23,,
1490126895611,Mouse Moved,623.0,388.0,User23,,
1490126895642,Mouse Moved,622.0,388.0,User23,,
1490126895658,Mouse Moved,621.0,388.0,User23,,
1490126895720,Mouse Moved,622.0,388.0,User23,,
1490126895753,Mouse Moved,621.0,386.0,User23,,
1490126895799,Mouse Moved,622.0,386.0,User23,,
1490126896891,Mouse Moved,624.0,386.0,User23,,
1490126896907,Mouse Moved,645.0,390.0,User23,,
1490126896923,Mouse Moved,700.0,390.0,User23,,
1490126896953,Mouse Moved,798.0,394.0,User23,,
1490126896969,Mouse Moved,938.0,435.0,User23,,
1490126897062,Mouse Moved,969.0,445.0,User23,,
1490126897078,Mouse Moved,989.0,454.0,User23,,
1490126897234,Mouse Moved,994.0,477.0,User23,,
1490126897266,Mouse Moved,1003.0,476.0,User23,,
1490126897280,Mouse Moved,1094.0,443.0,User23,,
1490126897296,Mouse Moved,1117.0,432.0,User23,,
1490126897312,Mouse Moved,1138.0,422.0,User23,,
1490126897328,Mouse Moved,1143.0,421.0,User23,,
1490126897344,Mouse Moved,1148.0,420.0,User23,,
1490126897358,Mouse Moved,1150.0,418.0,User23,,
1490126897375,Mouse Moved,1151.0,417.0,User23,,
1490126897391,Mouse Moved,1151.0,416.0,User23,,
1490126897405,Mouse Moved,1151.0,415.0,User23,,
1490126897437,Mouse Moved,1151.0,410.0,User23,,
1490126897453,Mouse Moved,1151.0,408.0,User23,,
1490126897687,Mouse Moved,1152.0,407.0,User23,,
1490126897703,Mouse Moved,1155.0,403.0,User23,,
1490126897717,Mouse Moved,1155.0,400.0,User23,,
1490126897733,Mouse Moved,1157.0,398.0,User23,,
1490126897749,Mouse Moved,1158.0,394.0,User23,,
1490126897765,Mouse Moved,1159.0,392.0,User23,,
1490126897780,Mouse Moved,1161.0,389.0,User23,,
1490126897796,Mouse Moved,1162.0,387.0,User23,,
1490126897812,Mouse Moved,1163.0,385.0,User23,,
1490126897826,Mouse Moved,1165.0,385.0,User23,,
1490126897842,Mouse Moved,1166.0,384.0,User23,,
1490126897858,Mouse Moved,1167.0,383.0,User23,,
1490126897874,Mouse Moved,1168.0,382.0,User23,,
1490126897890,Mouse Moved,1170.0,381.0,User23,,
1490126898138,Mouse Moved,1171.0,380.0,User23,,
1490126898154,Mouse Moved,1173.0,378.0,User23,,
1490126898171,Mouse Moved,1175.0,377.0,User23,,
1490126898186,Mouse Moved,1177.0,377.0,User23,,
1490126898201,Mouse Moved,1179.0,377.0,User23,,
1490126898233,Mouse Moved,1183.0,374.0,User23,,
1490126898263,Mouse Moved,1188.0,372.0,User23,,
1490126898295,Mouse Moved,1190.0,371.0,User23,,
1490126898358,Mouse Moved,1191.0,371.0,User23,,
1490126898372,Mouse Moved,1191.0,370.0,User23,,
1490126898388,Mouse Moved,1191.0,368.0,User23,,
1490126898404,Mouse Moved,1191.0,365.0,User23,,
1490126898420,Mouse Moved,1190.0,364.0,User23,,
1490126898436,Mouse Moved,1190.0,362.0,User23,,
1490126898529,Mouse Moved,1189.0,361.0,User23,,
1490126898670,Mouse Moved,1188.0,360.0,User23,,
1490126898684,Mouse Moved,1187.0,360.0,User23,,
1490126898825,Mouse Moved,1186.0,359.0,User23,,
1490126899075,Mouse Moved,1185.0,359.0,User23,,
1490126899091,Mouse Moved,1180.0,358.0,User23,,
1490126899107,Mouse Moved,1005.0,371.0,User23,,
1490126899121,Mouse Moved,994.0,375.0,User23,,
1490126899138,Mouse Moved,980.0,378.0,User23,,
1490126899263,Mouse Moved,973.0,379.0,User23,,
1490126899559,Mouse Moved,969.0,382.0,User23,,
1490126899575,Mouse Moved,969.0,384.0,User23,,
1490126899589,Mouse Moved,895.0,464.0,User23,,
1490126899714,Mouse Moved,866.0,495.0,User23,,
1490126899730,Mouse Moved,839.0,516.0,User23,,
1490126899901,Mouse Moved,813.0,541.0,User23,,
1490126900042,Mouse Moved,810.0,562.0,User23,,
1490126900058,Mouse Moved,750.0,657.0,User23,,
1490126900151,Mouse Moved,741.0,667.0,User23,,
1490126900276,Mouse Moved,740.0,668.0,User23,,
1490126900355,Mouse Moved,739.0,668.0,User23,,
1490126901743,Mouse Moved,739.0,669.0,User23,,
1490126902460,Mouse Moved,741.0,671.0,User23,,
1490126902476,Mouse Moved,743.0,671.0,User23,,
1490126902492,Mouse Moved,747.0,674.0,User23,,
1490126902506,Mouse Moved,750.0,677.0,User23,,
1490126902523,Mouse Moved,760.0,689.0,User23,,
1490126902539,Mouse Moved,764.0,694.0,User23,,
1490126902553,Mouse Moved,771.0,705.0,User23,,
1490126902569,Mouse Moved,776.0,715.0,User23,,
1490126902585,Mouse Moved,777.0,716.0,User23,,
1490126902601,Mouse Moved,778.0,717.0,User23,,
1490126902617,Mouse Moved,779.0,718.0,User23,,
1490126902648,Mouse Moved,780.0,719.0,User23,,
1490126902663,Mouse Moved,785.0,719.0,User23,,
1490126902678,Mouse Moved,791.0,717.0,User23,,
1490126902694,Mouse Moved,794.0,716.0,User23,,
1490126902710,Mouse Moved,802.0,712.0,User23,,
1490126902726,Mouse Moved,807.0,709.0,User23,,
1490126902756,Mouse Moved,808.0,709.0,User23,,
1490126902773,Mouse Moved,811.0,706.0,User23,,
1490126902819,Mouse Moved,813.0,705.0,User23,,
1490126902851,Mouse Moved,814.0,704.0,User23,,
1490126902944,Mouse Moved,815.0,703.0,User23,,
1490126903022,Mouse Moved,816.0,703.0,User23,,
1490126903177,Mouse Moved,816.0,702.0,User23,,
1490126906734,Mouse Moved,816.0,702.0,User23,,
1490126906844,Mouse Moved,816.0,702.0,User23,,
1490126907358,Mouse Moved,823.0,687.0,User23,,
1490126907375,Mouse Moved,846.0,639.0,User23,,
1490126907390,Mouse Moved,885.0,570.0,User23,,
1490126907405,Mouse Moved,944.0,485.0,User23,,
1490126907421,Mouse Moved,973.0,461.0,User23,,
1490126907437,Mouse Moved,1042.0,402.0,User23,,
1490126907453,Mouse Moved,1070.0,383.0,User23,,
1490126907467,Mouse Moved,1130.0,363.0,User23,,
1490126907483,Mouse Moved,1138.0,361.0,User23,,
1490126907499,Mouse Moved,1150.0,358.0,User23,,
1490126907515,Mouse Moved,1153.0,357.0,User23,,
1490126907765,Mouse Moved,1154.0,357.0,User23,,
1490126907779,Mouse Moved,1155.0,357.0,User23,,
1490126907796,Mouse Moved,1157.0,357.0,User23,,
1490126907811,Mouse Moved,1157.0,358.0,User23,,
1490126907826,Mouse Moved,1158.0,359.0,User23,,
1490126907842,Mouse Moved,1158.0,360.0,User23,,
1490126907888,Mouse Moved,1158.0,361.0,User23,,
1490126907921,Mouse Moved,1160.0,361.0,User23,,
1490126907936,Mouse Moved,1161.0,361.0,User23,,
1490126907951,Mouse Moved,1165.0,361.0,User23,,
1490126907967,Mouse Moved,1166.0,361.0,User23,,
1490126907983,Mouse Moved,1170.0,359.0,User23,,
1490126907999,Mouse Moved,1173.0,358.0,User23,,
1490126908013,Mouse Moved,1175.0,356.0,User23,,
1490126908029,Mouse Moved,1177.0,356.0,User23,,
1490126908045,Mouse Moved,1180.0,353.0,User23,,
1490126908061,Mouse Moved,1182.0,353.0,User23,,
1490126908076,Mouse Moved,1184.0,351.0,User23,,
1490126908092,Mouse Moved,1185.0,351.0,User23,,
1490126908122,Mouse Moved,1187.0,351.0,User23,,
1490126908434,Mouse Moved,1188.0,351.0,User23,,
1490126908545,Mouse Moved,1188.0,352.0,User23,,
1490126908559,Mouse Moved,1188.0,353.0,User23,,
1490126908575,Mouse Moved,1187.0,354.0,User23,,
1490126908591,Mouse Moved,1187.0,355.0,User23,,
1490126908622,Mouse Moved,1186.0,355.0,User23,,
1490126908638,Mouse Moved,1186.0,357.0,User23,,
1490126908934,Mouse Moved,1186.0,357.0,User23,,
1490126908950,Mouse Button.left Pressed,1186.0,357.0,User23,,
1490126909075,Mouse Moved,1186.0,357.0,User23,,
1490126909246,Mouse Moved,1184.0,358.0,User23,,
1490126909262,Mouse Moved,1181.0,360.0,User23,,
1490126909278,Mouse Moved,1099.0,409.0,User23,,
1490126909403,Mouse Moved,1054.0,430.0,User23,,
1490126909417,Mouse Moved,805.0,516.0,User23,,
1490126909526,Mouse Moved,767.0,528.0,User23,,
1490126909698,Mouse Moved,764.0,529.0,User23,,
1490126909714,Mouse Moved,780.0,524.0,User23,,
1490126909730,Mouse Moved,825.0,515.0,User23,,
1490126909855,Mouse Moved,828.0,513.0,User23,,
1490126910167,Mouse Moved,830.0,514.0,User23,,
1490126910183,Mouse Moved,830.0,514.0,User23,,
1490126910292,Mouse Moved,830.0,514.0,User23,,
1490126912959,Mouse Moved,830.0,515.0,User23,,
1490126912974,Mouse Moved,830.0,516.0,User23,,
1490126912990,Mouse Moved,830.0,519.0,User23,,
1490126913006,Mouse Moved,829.0,525.0,User23,,
1490126913022,Mouse Moved,828.0,532.0,User23,,
1490126913036,Mouse Moved,827.0,532.0,User23,,
1490126913052,Mouse Moved,826.0,536.0,User23,,
1490126913069,Mouse Moved,824.0,539.0,User23,,
1490126913084,Mouse Moved,823.0,541.0,User23,,
1490126913099,Mouse Moved,821.0,544.0,User23,,
1490126913115,Mouse Moved,819.0,546.0,User23,,
1490126913131,Mouse Moved,815.0,549.0,User23,,
1490126913147,Mouse Moved,811.0,552.0,User23,,
1490126913161,Mouse Moved,807.0,557.0,User23,,
1490126913177,Mouse Moved,803.0,558.0,User23,,
1490126913193,Mouse Moved,796.0,564.0,User23,,
1490126913209,Mouse Moved,791.0,571.0,User23,,
1490126913443,Mouse Moved,788.0,575.0,User23,,
1490126913459,Mouse Moved,788.0,575.0,User23,,
1490126913473,Mouse Moved,788.0,575.0,User23,,
1490126913505,Mouse Moved,788.0,575.0,User23,,
1490126913520,Mouse Moved,788.0,575.0,User23,,
1490126913615,Mouse Moved,788.0,575.0,User23,,
1490126913973,Mouse Moved,787.0,576.0,User23,,
1490126913989,Mouse Moved,787.0,578.0,User23,,
1490126914005,Mouse Moved,788.0,579.0,User23,,
1490126914019,Mouse Moved,788.0,581.0,User23,,
1490126914036,Mouse Moved,788.0,582.0,User23,,
1490126914051,Mouse Moved,789.0,584.0,User23,,
1490126914066,Mouse Moved,789.0,585.0,User23,,
1490126914082,Mouse Moved,790.0,586.0,User23,,
1490126914114,Mouse Moved,790.0,588.0,User23,,
1490126914144,Mouse Moved,791.0,588.0,User23,,
1490126914176,Mouse Moved,791.0,589.0,User23,,
1490126914207,Mouse Moved,791.0,590.0,User23,,
1490126914223,Mouse Moved,791.0,591.0,User23,,
1490126914239,Mouse Moved,791.0,592.0,User23,,
1490126914253,Mouse Moved,792.0,592.0,User23,,
1490126914269,Mouse Moved,793.0,594.0,User23,,
1490126914285,Mouse Moved,793.0,595.0,User23,,
1490126914301,Mouse Moved,793.0,597.0,User23,,
1490126914316,Mouse Moved,794.0,598.0,User23,,
1490126914332,Mouse Moved,794.0,599.0,User23,,
1490126914348,Mouse Moved,794.0,600.0,User23,,
1490126915720,Mouse Moved,795.0,603.0,User23,,
1490126915736,Mouse Moved,797.0,608.0,User23,,
1490126915752,Mouse Moved,798.0,630.0,User23,,
1490126915766,Mouse Moved,801.0,656.0,User23,,
1490126915782,Mouse Moved,803.0,665.0,User23,,
1490126915799,Mouse Moved,806.0,674.0,User23,,
1490126915813,Mouse Moved,808.0,682.0,User23,,
1490126915829,Mouse Moved,810.0,689.0,User23,,
1490126915845,Mouse Moved,810.0,690.0,User23,,
1490126916141,Mouse Moved,810.0,688.0,User23,,
1490126916157,Mouse Moved,810.0,684.0,User23,,
1490126916173,Mouse Moved,808.0,646.0,User23,,
1490126916188,Mouse Moved,805.0,628.0,User23,,
1490126916220,Mouse Moved,803.0,607.0,User23,,
1490126916234,Mouse Moved,803.0,607.0,User23,,
1490126916282,Mouse Moved,803.0,607.0,User23,,
1490126916750,Mouse Moved,802.0,610.0,User23,,
1490126916766,Mouse Moved,803.0,618.0,User23,,
1490126916780,Mouse Moved,804.0,622.0,User23,,
1490126916796,Mouse Moved,806.0,629.0,User23,,
1490126916812,Mouse Moved,807.0,633.0,User23,,
1490126916828,Mouse Moved,810.0,643.0,User23,,
1490126916844,Mouse Moved,811.0,647.0,User23,,
1490126916858,Mouse Moved,815.0,658.0,User23,,
1490126916875,Mouse Moved,818.0,666.0,User23,,
1490126916891,Mouse Moved,818.0,670.0,User23,,
1490126916905,Mouse Moved,820.0,676.0,User23,,
1490126916921,Mouse Moved,820.0,677.0,User23,,
1490126916937,Mouse Moved,820.0,685.0,User23,,
1490126917826,Mouse Moved,819.0,685.0,User23,,
1490126917842,Mouse Moved,819.0,685.0,User23,,
1490126917858,Mouse Moved,819.0,685.0,User23,,
1490126917872,Mouse Moved,819.0,685.0,User23,,
1490126917888,Mouse Moved,819.0,685.0,User23,,
1490126917920,Mouse Moved,819.0,685.0,User23,,
1490126917936,Mouse Scrolled (0 -1),819.0,685.0,User23,,
1490126917950,Mouse Moved,819.0,685.0,User23,,
1490126918357,Mouse Moved,827.0,689.0,User23,,
1490126918372,Mouse Moved,839.0,693.0,User23,,
1490126918388,Mouse Moved,844.0,695.0,User23,,
1490126918404,Mouse Moved,859.0,707.0,User23,,
1490126918418,Mouse Moved,866.0,712.0,User23,,
1490126918434,Mouse Moved,882.0,724.0,User23,,
1490126918450,Mouse Moved,888.0,728.0,User23,,
1490126918466,Mouse Moved,904.0,738.0,User23,,
1490126918482,Mouse Moved,908.0,739.0,User23,,
1490126918496,Mouse Moved,920.0,743.0,User23,,
1490126918513,Mouse Moved,927.0,746.0,User23,,
1490126918529,Mouse Moved,932.0,747.0,User23,,
1490126918778,Mouse Moved,934.0,746.0,User23,,
1490126918793,Mouse Moved,931.0,743.0,User23,,
1490126918934,Mouse Moved,929.0,739.0,User23,,
1490126918950,Mouse Moved,921.0,710.0,User23,,
1490126919075,Mouse Moved,919.0,706.0,User23,,
1490126919089,Mouse Moved,918.0,703.0,User23,,
1490126919198,Mouse Moved,916.0,701.0,User23,,
1490126919214,Mouse Moved,914.0,700.0,User23,,
1490126919339,Mouse Moved,909.0,699.0,User23,,
1490126919355,Mouse Moved,907.0,698.0,User23,,
1490126919387,Mouse Moved,907.0,699.0,User23,,
1490126919401,Mouse Moved,907.0,700.0,User23,,
1490126919417,Mouse Moved,909.0,708.0,User23,,
1490126919510,Mouse Moved,909.0,713.0,User23,,
1490126919526,Mouse Moved,913.0,730.0,User23,,
1490126919635,Mouse Moved,913.0,731.0,User23,,
1490126919667,Mouse Moved,913.0,736.0,User23,,
1490126919855,Mouse Moved,914.0,734.0,User23,,
1490126920010,Mouse Moved,914.0,734.0,User23,,
1490126920384,Mouse Moved,914.0,736.0,User23,,
1490126920401,Mouse Moved,914.0,737.0,User23,,
1490126920415,Mouse Moved,912.0,738.0,User23,,
1490126920431,Mouse Moved,908.0,740.0,User23,,
1490126920447,Mouse Moved,894.0,745.0,User23,,
1490126920463,Mouse Moved,884.0,749.0,User23,,
1490126920479,Mouse Moved,863.0,757.0,User23,,
1490126920493,Mouse Moved,853.0,759.0,User23,,
1490126920509,Mouse Moved,834.0,764.0,User23,,
1490126920525,Mouse Moved,828.0,765.0,User23,,
1490126920556,Mouse Moved,823.0,766.0,User23,,
1490126920572,Mouse Moved,818.0,771.0,User23,,
1490126920588,Mouse Moved,815.0,776.0,User23,,
1490126920602,Mouse Moved,815.0,778.0,User23,,
1490126920618,Mouse Moved,815.0,781.0,User23,,
1490126920650,Mouse Moved,815.0,782.0,User23,,
1490126921055,Mouse Moved,816.0,783.0,User23,,
1490126921071,Mouse Moved,817.0,784.0,User23,,
1490126921086,Mouse Moved,818.0,784.0,User23,,
1490126921102,Mouse Moved,820.0,784.0,User23,,
1490126921118,Mouse Moved,822.0,784.0,User23,,
1490126921134,Mouse Moved,823.0,784.0,User23,,
1490126921164,Mouse Moved,826.0,786.0,User23,,
1490126921211,Mouse Moved,827.0,786.0,User23,,
1490126921368,Mouse Moved,826.0,785.0,User23,,
1490126921507,Mouse Moved,826.0,785.0,User23,,
1490126921867,Mouse Moved,827.0,784.0,User23,,
1490126921882,Mouse Moved,828.0,769.0,User23,,
1490126921898,Mouse Moved,819.0,661.0,User23,,
1490126921914,Mouse Moved,831.0,584.0,User23,,
1490126921928,Mouse Moved,837.0,523.0,User23,,
1490126921944,Mouse Moved,845.0,453.0,User23,,
1490126921960,Mouse Moved,850.0,430.0,User23,,
1490126921976,Mouse Moved,856.0,408.0,User23,,
1490126921992,Mouse Moved,858.0,397.0,User23,,
1490126922006,Mouse Moved,859.0,387.0,User23,,
1490126922023,Mouse Moved,860.0,376.0,User23,,
1490126922039,Mouse Moved,860.0,373.0,User23,,
1490126922053,Mouse Moved,860.0,371.0,User23,,
1490126922069,Mouse Moved,860.0,364.0,User23,,
1490126922256,Mouse Moved,860.0,361.0,User23,,
1490126922273,Mouse Moved,861.0,360.0,User23,,
1490126922288,Mouse Moved,864.0,353.0,User23,,
1490126922303,Mouse Moved,867.0,349.0,User23,,
1490126922319,Mouse Moved,870.0,346.0,User23,,
1490126922351,Mouse Moved,871.0,344.0,User23,,
1490126922365,Mouse Moved,873.0,341.0,User23,,
1490126922381,Mouse Moved,874.0,341.0,User23,,
1490126922413,Mouse Moved,874.0,340.0,User23,,
1490126922428,Mouse Moved,874.0,339.0,User23,,
1490126922474,Mouse Moved,872.0,339.0,User23,,
1490126922490,Mouse Moved,871.0,339.0,User23,,
1490126922506,Mouse Moved,869.0,339.0,User23,,
1490126922522,Mouse Moved,867.0,339.0,User23,,
1490126922538,Mouse Moved,866.0,339.0,User23,,
1490126922552,Mouse Moved,866.0,338.0,User23,,
1490126922585,Mouse Moved,866.0,337.0,User23,,
1490126922599,Mouse Moved,866.0,335.0,User23,,
1490126922615,Mouse Moved,867.0,333.0,User23,,
1490126922631,Mouse Moved,870.0,330.0,User23,,
1490126922647,Mouse Moved,873.0,327.0,User23,,
1490126922663,Mouse Moved,877.0,321.0,User23,,
1490126922677,Mouse Moved,880.0,319.0,User23,,
1490126922694,Mouse Moved,881.0,318.0,User23,,
1490126922709,Mouse Moved,883.0,318.0,User23,,
1490126922724,Mouse Moved,883.0,317.0,User23,,
1490126922756,Mouse Moved,884.0,317.0,User23,,
1490126922865,Mouse Moved,884.0,316.0,User23,,
1490126922881,Mouse Moved,883.0,315.0,User23,,
1490126922897,Mouse Moved,883.0,314.0,User23,,
1490126922927,Mouse Moved,883.0,313.0,User23,,
1490126922959,Mouse Moved,882.0,312.0,User23,,
1490126922974,Mouse Moved,882.0,311.0,User23,,
1490126923006,Mouse Moved,881.0,310.0,User23,,
1490126923020,Mouse Moved,881.0,309.0,User23,,
1490126923068,Mouse Moved,881.0,307.0,User23,,
1490126923115,Mouse Moved,881.0,306.0,User23,,
1490126923193,Mouse Moved,881.0,305.0,User23,,
1490126923240,Mouse Moved,881.0,304.0,User23,,
1490126923270,Mouse Moved,881.0,303.0,User23,,
1490126923302,Mouse Moved,881.0,303.0,User23,,
1490126923395,Mouse Moved,881.0,303.0,User23,,
1490126925065,Mouse Moved,879.0,304.0,User23,,
1490126925081,Mouse Moved,878.0,305.0,User23,,
1490126925095,Mouse Moved,866.0,323.0,User23,,
1490126925111,Mouse Moved,854.0,333.0,User23,,
1490126925127,Mouse Moved,807.0,378.0,User23,,
1490126925142,Mouse Moved,773.0,413.0,User23,,
1490126925158,Mouse Moved,722.0,457.0,User23,,
1490126925174,Mouse Moved,691.0,484.0,User23,,
1490126925190,Mouse Moved,650.0,524.0,User23,,
1490126925204,Mouse Moved,636.0,539.0,User23,,
1490126925220,Mouse Moved,615.0,565.0,User23,,
1490126925236,Mouse Moved,598.0,580.0,User23,,
1490126925252,Mouse Moved,593.0,585.0,User23,,
1490126925267,Mouse Moved,585.0,589.0,User23,,
1490126925282,Mouse Moved,581.0,593.0,User23,,
1490126925845,Mouse Moved,578.0,594.0,User23,,
1490126925861,Mouse Moved,573.0,596.0,User23,,
1490126925875,Mouse Moved,562.0,602.0,User23,,
1490126925891,Mouse Moved,513.0,618.0,User23,,
1490126925907,Mouse Moved,475.0,626.0,User23,,
1490126925923,Mouse Moved,394.0,626.0,User23,,
1490126925938,Mouse Moved,357.0,622.0,User23,,
1490126925953,Mouse Moved,311.0,614.0,User23,,
1490126925970,Mouse Moved,299.0,609.0,User23,,
1490126925984,Mouse Moved,292.0,608.0,User23,,
1490126926000,Mouse Moved,279.0,603.0,User23,,
1490126926016,Mouse Moved,276.0,602.0,User23,,
1490126926032,Mouse Moved,271.0,600.0,User23,,
1490126926048,Mouse Moved,269.0,599.0,User23,,
1490126926062,Mouse Moved,265.0,589.0,User23,,
1490126926078,Mouse Moved,265.0,587.0,User23,,
1490126927388,Mouse Moved,264.0,589.0,User23,,
1490126927404,Mouse Moved,251.0,641.0,User23,,
1490126927421,Mouse Moved,251.0,645.0,User23,,
1490126927436,Mouse Moved,249.0,660.0,User23,,
1490126927451,Mouse Moved,250.0,690.0,User23,,
1490126927467,Mouse Moved,250.0,694.0,User23,,
1490126927483,Mouse Moved,252.0,699.0,User23,,
1490126927499,Mouse Moved,253.0,700.0,User23,,
1490126927513,Mouse Moved,253.0,701.0,User23,,
1490126927811,Mouse Moved,253.0,704.0,User23,,
1490126927825,Mouse Moved,250.0,710.0,User23,,
1490126927842,Mouse Moved,241.0,721.0,User23,,
1490126927857,Mouse Moved,203.0,750.0,User23,,
1490126927872,Mouse Moved,181.0,768.0,User23,,
1490126927888,Mouse Moved,123.0,797.0,User23,,
1490126927904,Mouse Moved,111.0,802.0,User23,,
1490126927920,Mouse Moved,79.0,816.0,User23,,
1490126927934,Mouse Moved,70.0,822.0,User23,,
1490126927950,Mouse Moved,45.0,831.0,User23,,
1490126927967,Mouse Moved,40.0,833.0,User23,,
1490126927982,Mouse Moved,32.0,836.0,User23,,
1490126927997,Mouse Moved,30.0,837.0,User23,,
1490126928013,Mouse Moved,28.0,839.0,User23,,
1490126928279,Mouse Moved,28.0,838.0,User23,,
1490126928309,Mouse Moved,28.0,838.0,User23,,
1490126928325,Mouse Button.left Released,28.0,838.0,User23,,
1490126928480,Mouse Moved,28.0,838.0,User23,,
1490126930775,Mouse Moved,63.0,810.0,User23,,
1490126930789,Mouse Moved,213.0,680.0,User23,,
1490126930805,Mouse Moved,288.0,629.0,User23,,
1490126930821,Mouse Moved,437.0,580.0,User23,,
1490126930836,Mouse Moved,496.0,568.0,User23,,
1490126930852,Mouse Moved,588.0,554.0,User23,,
1490126930868,Mouse Moved,610.0,554.0,User23,,
1490126930884,Mouse Moved,638.0,546.0,User23,,
1490126930898,Mouse Moved,649.0,542.0,User23,,
1490126930914,Mouse Moved,664.0,538.0,User23,,
1490126930930,Mouse Moved,667.0,538.0,User23,,
1490126930946,Mouse Moved,669.0,537.0,User23,,
1490126931148,Mouse Moved,668.0,538.0,User23,,
1490126931243,Mouse Moved,668.0,538.0,User23,,
1490126931539,Mouse Moved,667.0,536.0,User23,,
1490126931555,Mouse Moved,664.0,533.0,User23,,
1490126931569,Mouse Moved,653.0,516.0,User23,,
1490126931585,Mouse Moved,646.0,506.0,User23,,
1490126931601,Mouse Moved,610.0,413.0,User23,,
1490126931617,Mouse Moved,602.0,392.0,User23,,
1490126931632,Mouse Moved,600.0,386.0,User23,,
1490126931648,Mouse Moved,599.0,377.0,User23,,
1490126931664,Mouse Moved,597.0,370.0,User23,,
1490126931678,Mouse Moved,597.0,368.0,User23,,
1490126931742,Mouse Moved,597.0,367.0,User23,,
1490126931773,Mouse Moved,597.0,368.0,User23,,
1490126931789,Mouse Moved,599.0,377.0,User23,,
1490126931803,Mouse Moved,601.0,384.0,User23,,
1490126931835,Mouse Moved,605.0,397.0,User23,,
1490126931851,Mouse Moved,607.0,404.0,User23,,
1490126931867,Mouse Moved,608.0,407.0,User23,,
1490126931898,Mouse Moved,609.0,409.0,User23,,
1490126931913,Mouse Moved,609.0,410.0,User23,,
1490126931928,Mouse Moved,609.0,407.0,User23,,
1490126931960,Mouse Moved,608.0,405.0,User23,,
1490126931976,Mouse Moved,604.0,401.0,User23,,
1490126931990,Mouse Moved,598.0,395.0,User23,,
1490126932006,Mouse Moved,596.0,393.0,User23,,
1490126932023,Mouse Moved,581.0,376.0,User23,,
1490126932038,Mouse Moved,564.0,358.0,User23,,
1490126932053,Mouse Moved,540.0,329.0,User23,,
1490126932069,Mouse Moved,529.0,312.0,User23,,
1490126932085,Mouse Moved,523.0,303.0,User23,,
1490126932101,Mouse Moved,517.0,293.0,User23,,
1490126932115,Mouse Moved,516.0,292.0,User23,,
1490126932131,Mouse Moved,513.0,288.0,User23,,
1490126932147,Mouse Moved,512.0,285.0,User23,,
1490126932163,Mouse Moved,512.0,284.0,User23,,
1490126932178,Mouse Moved,511.0,284.0,User23,,
1490126932210,Mouse Moved,511.0,283.0,User23,,
1490126932224,Mouse Moved,510.0,283.0,User23,,
1490126932240,Mouse Moved,511.0,283.0,User23,,
1490126932490,Mouse Moved,511.0,283.0,User23,,
1490126932506,Mouse Button.right Pressed,511.0,283.0,User23,,
1490126932599,Mouse Moved,511.0,283.0,User23,,
1490126933082,Mouse Moved,512.0,283.0,User23,,
1490126933098,Mouse Moved,513.0,285.0,User23,,
1490126933115,Mouse Moved,527.0,296.0,User23,,
1490126933130,Mouse Moved,539.0,312.0,User23,,
1490126933145,Mouse Moved,568.0,336.0,User23,,
1490126933161,Mouse Moved,595.0,388.0,User23,,
1490126933177,Mouse Moved,607.0,409.0,User23,,
1490126933193,Mouse Moved,611.0,420.0,User23,,
1490126933207,Mouse Moved,618.0,432.0,User23,,
1490126933223,Mouse Moved,621.0,436.0,User23,,
1490126933239,Mouse Moved,625.0,443.0,User23,,
1490126933691,Mouse Moved,627.0,443.0,User23,,
1490126933707,Mouse Moved,629.0,441.0,User23,,
1490126933723,Mouse Moved,633.0,435.0,User23,,
1490126933739,Mouse Moved,635.0,434.0,User23,,
1490126933753,Mouse Moved,643.0,425.0,User23,,
1490126933769,Mouse Moved,647.0,422.0,User23,,
1490126933785,Mouse Moved,647.0,421.0,User23,,
1490126933801,Mouse Moved,648.0,420.0,User23,,
1490126933816,Mouse Moved,649.0,420.0,User23,,
1490126934128,Mouse Moved,649.0,420.0,User23,,
1490126934253,Mouse Moved,649.0,420.0,User23,,
1490126934970,Mouse Moved,653.0,418.0,User23,,
1490126934986,Mouse Moved,666.0,417.0,User23,,
1490126935002,Mouse Moved,676.0,414.0,User23,,
1490126935017,Mouse Moved,698.0,414.0,User23,,
1490126935032,Mouse Moved,708.0,414.0,User23,,
1490126935049,Mouse Moved,756.0,412.0,User23,,
1490126935065,Mouse Moved,772.0,415.0,User23,,
1490126935079,Mouse Moved,779.0,416.0,User23,,
1490126935111,Mouse Moved,791.0,417.0,User23,,
1490126935127,Mouse Moved,807.0,419.0,User23,,
1490126935142,Mouse Moved,812.0,419.0,User23,,
1490126935174,Mouse Moved,813.0,419.0,User23,,
1490126935188,Mouse Moved,821.0,419.0,User23,,
1490126935204,Mouse Moved,824.0,419.0,User23,,
1490126935236,Mouse Moved,826.0,419.0,User23,,
1490126935252,Mouse Moved,831.0,417.0,User23,,
1490126935266,Mouse Moved,832.0,417.0,User23,,
1490126935282,Mouse Moved,835.0,416.0,User23,,
1490126935313,Mouse Moved,836.0,416.0,User23,,
1490126935329,Mouse Moved,838.0,416.0,User23,,
1490126935345,Mouse Moved,839.0,416.0,User23,,
1490126935361,Mouse Moved,840.0,416.0,User23,,
1490126935377,Mouse Moved,843.0,417.0,User23,,
1490126935407,Mouse Moved,846.0,419.0,User23,,
1490126935423,Mouse Moved,846.0,420.0,User23,,
1490126935438,Mouse Moved,847.0,422.0,User23,,
1490126935454,Mouse Moved,848.0,423.0,User23,,
1490126935470,Mouse Moved,849.0,424.0,User23,,
1490126936141,Mouse Moved,851.0,426.0,User23,,
1490126936157,Mouse Moved,851.0,427.0,User23,,
1490126936171,Mouse Moved,853.0,429.0,User23,,
1490126936187,Mouse Moved,853.0,430.0,User23,,
1490126936203,Mouse Moved,860.0,442.0,User23,,
1490126936219,Mouse Moved,864.0,448.0,User23,,
1490126936234,Mouse Moved,865.0,448.0,User23,,
1490126936250,Mouse Moved,868.0,452.0,User23,,
1490126936266,Mouse Moved,870.0,457.0,User23,,
1490126936280,Mouse Moved,873.0,460.0,User23,,
1490126936296,Mouse Moved,875.0,463.0,User23,,
1490126936312,Mouse Moved,876.0,465.0,User23,,
1490126936328,Mouse Moved,877.0,466.0,User23,,
1490126936344,Mouse Moved,878.0,469.0,User23,,
1490126936358,Mouse Moved,879.0,471.0,User23,,
1490126936375,Mouse Moved,880.0,473.0,User23,,
1490126936391,Mouse Moved,881.0,473.0,User23,,
1490126936405,Mouse Moved,881.0,474.0,User23,,
1490126936421,Mouse Moved,882.0,475.0,User23,,
1490126936437,Mouse Moved,883.0,475.0,User23,,
1490126936453,Mouse Moved,883.0,477.0,User23,,
1490126936500,Mouse Moved,884.0,477.0,User23,,
1490126936515,Mouse Moved,884.0,478.0,User23,,
1490126936530,Mouse Moved,885.0,478.0,User23,,
1490126936780,Mouse Moved,886.0,478.0,User23,,
1490126936796,Mouse Moved,888.0,478.0,User23,,
1490126936812,Mouse Moved,890.0,477.0,User23,,
1490126936826,Mouse Moved,891.0,477.0,User23,,
1490126936842,Mouse Moved,893.0,476.0,User23,,
1490126936858,Mouse Moved,897.0,475.0,User23,,
1490126936874,Mouse Moved,897.0,474.0,User23,,
1490126936890,Mouse Moved,900.0,473.0,User23,,
1490126936904,Mouse Moved,900.0,472.0,User23,,
1490126936921,Mouse Moved,902.0,472.0,User23,,
1490126936951,Mouse Moved,902.0,471.0,User23,,
1490126936967,Mouse Moved,903.0,471.0,User23,,
1490126937015,Mouse Moved,904.0,471.0,User23,,
1490126937138,Mouse Moved,905.0,470.0,User23,,
1490126937295,Mouse Moved,907.0,469.0,User23,,
1490126937326,Mouse Moved,910.0,468.0,User23,,
1490126937450,Mouse Moved,910.0,469.0,User23,,
1490126937483,Mouse Moved,910.0,470.0,User23,,
1490126937545,Mouse Moved,910.0,471.0,User23,,
1490126937592,Mouse Moved,910.0,472.0,User23,,
1490126937732,Mouse Moved,910.0,473.0,User23,,
1490126937747,Mouse Moved,911.0,473.0,User23,,
1490126937763,Mouse Moved,911.0,475.0,User23,,
1490126937795,Mouse Moved,911.0,477.0,User23,,
1490126937872,Mouse Moved,911.0,478.0,User23,,
1490126938746,Mouse Moved,911.0,480.0,User23,,
1490126938762,Mouse Moved,907.0,484.0,User23,,
1490126938776,Mouse Moved,906.0,485.0,User23,,
1490126938839,Mouse Moved,905.0,486.0,User23,,
1490126938871,Mouse Moved,901.0,494.0,User23,,
1490126938964,Mouse Moved,899.0,495.0,User23,,
1490126938980,Mouse Moved,898.0,499.0,User23,,
1490126939526,Mouse Moved,898.0,498.0,User23,,
1490126939667,Mouse Moved,898.0,498.0,User23,,
1490126952022,Mouse Moved,893.0,491.0,User23,,
1490126952036,Mouse Moved,889.0,482.0,User23,,
1490126952052,Mouse Moved,874.0,451.0,User23,,
1490126952069,Mouse Moved,861.0,415.0,User23,,
1490126952459,Mouse Moved,841.0,344.0,User23,,
1490126952473,Mouse Moved,829.0,316.0,User23,,
1490126952490,Mouse Moved,799.0,185.0,User23,,
1490126952568,Mouse Moved,792.0,173.0,User23,,
1490126952582,Mouse Moved,785.0,158.0,User23,,
1490126952598,Mouse Moved,758.0,100.0,User23,,
1490126952615,Mouse Moved,749.0,77.0,User23,,
1490126952630,Mouse Moved,743.0,64.0,User23,,
1490126952645,Mouse Moved,735.0,43.0,User23,,
1490126952661,Mouse Moved,732.0,37.0,User23,,
1490126952677,Mouse Moved,730.0,28.0,User23,,
1490126952693,Mouse Moved,728.0,21.0,User23,,
1490126952707,Mouse Moved,727.0,19.0,User23,,
1490126952723,Mouse Moved,726.0,18.0,User23,,
1490126952739,Mouse Moved,726.0,17.0,User23,,
1490126953098,Mouse Moved,726.0,18.0,User23,,
1490126953114,Mouse Moved,728.0,19.0,User23,,
1490126953128,Mouse Moved,729.0,21.0,User23,,
1490126953144,Mouse Moved,733.0,25.0,User23,,
1490126953161,Mouse Moved,735.0,27.0,User23,,
1490126953176,Mouse Moved,739.0,31.0,User23,,
1490126953191,Mouse Moved,742.0,33.0,User23,,
1490126953207,Mouse Moved,743.0,35.0,User23,,
1490126953223,Mouse Moved,747.0,40.0,User23,,
1490126953239,Mouse Moved,749.0,43.0,User23,,
1490126953253,Mouse Moved,750.0,46.0,User23,,
1490126953269,Mouse Moved,751.0,47.0,User23,,
1490126953285,Mouse Moved,752.0,48.0,User23,,
1490126953301,Mouse Moved,752.0,49.0,User23,,
1490126953316,Mouse Moved,753.0,51.0,User23,,
1490126953332,Mouse Moved,754.0,52.0,User23,,
1490126953348,Mouse Moved,754.0,53.0,User23,,
1490126953378,Mouse Moved,754.0,54.0,User23,,
1490126953862,Mouse Moved,753.0,54.0,User23,,
1490126953940,Mouse Moved,752.0,54.0,User23,,
1490126953971,Mouse Moved,751.0,53.0,User23,,
1490126953986,Mouse Moved,749.0,53.0,User23,,
1490126954003,Mouse Moved,749.0,52.0,User23,,
1490126954019,Mouse Moved,748.0,52.0,User23,,
1490126954033,Mouse Moved,747.0,52.0,User23,,
1490126954081,Mouse Moved,746.0,52.0,User23,,
1490126954361,Mouse Moved,746.0,52.0,User23,,
1490126954486,Mouse Moved,746.0,52.0,User23,,
1490126954877,Mouse Moved,748.0,52.0,User23,,
1490126954891,Mouse Moved,797.0,48.0,User23,,
1490126954907,Mouse Moved,853.0,42.0,User23,,
1490126954923,Mouse Moved,984.0,57.0,User23,,
1490126954938,Mouse Moved,1104.0,94.0,User23,,
1490126954954,Mouse Moved,1123.0,101.0,User23,,
1490126954970,Mouse Moved,1143.0,108.0,User23,,
1490126954986,Mouse Moved,1158.0,115.0,User23,,
1490126955016,Mouse Moved,1160.0,115.0,User23,,
1490126955173,Mouse Moved,1161.0,112.0,User23,,
1490126955203,Mouse Moved,1164.0,110.0,User23,,
1490126955220,Mouse Moved,1181.0,109.0,User23,,
1490126955234,Mouse Moved,1189.0,109.0,User23,,
1490126955250,Mouse Moved,1206.0,108.0,User23,,
1490126955266,Mouse Moved,1212.0,107.0,User23,,
1490126955282,Mouse Moved,1223.0,109.0,User23,,
1490126955298,Mouse Moved,1226.0,109.0,User23,,
1490126955312,Mouse Moved,1228.0,109.0,User23,,
1490126955345,Mouse Moved,1233.0,110.0,User23,,
1490126955359,Mouse Moved,1237.0,110.0,User23,,
1490126955375,Mouse Moved,1238.0,111.0,User23,,
1490126955407,Mouse Moved,1239.0,111.0,User23,,
1490126955423,Mouse Moved,1240.0,111.0,User23,,
1490126955437,Mouse Moved,1241.0,111.0,User23,,
1490126955469,Mouse Moved,1242.0,111.0,User23,,
1490126955484,Mouse Moved,1243.0,112.0,User23,,
1490126955516,Mouse Moved,1245.0,112.0,User23,,
1490126955532,Mouse Moved,1247.0,112.0,User23,,
1490126955562,Mouse Moved,1248.0,112.0,User23,,
1490126955578,Mouse Moved,1249.0,112.0,User23,,
1490126955594,Mouse Moved,1249.0,111.0,User23,,
1490126955609,Mouse Moved,1250.0,111.0,User23,,
1490126955625,Mouse Moved,1253.0,111.0,User23,,
1490126955657,Mouse Moved,1254.0,111.0,User23,,
1490126955921,Mouse Moved,1254.0,110.0,User23,,
1490126955937,Mouse Moved,1252.0,110.0,User23,,
1490126955953,Mouse Moved,1250.0,108.0,User23,,
1490126955969,Mouse Moved,1248.0,108.0,User23,,
1490126955983,Mouse Moved,1247.0,108.0,User23,,
1490126956000,Mouse Moved,1246.0,108.0,User23,,
1490126956015,Mouse Moved,1245.0,108.0,User23,,
1490126956030,Mouse Moved,1243.0,108.0,User23,,
1490126956280,Mouse Moved,1244.0,108.0,User23,,
1490126956421,Mouse Moved,1244.0,108.0,User23,,
1490126956983,Mouse Moved,1240.0,108.0,User23,,
1490126956997,Mouse Moved,1209.0,122.0,User23,,
1490126957013,Mouse Moved,1103.0,168.0,User23,,
1490126957029,Mouse Moved,996.0,208.0,User23,,
1490126957045,Mouse Moved,950.0,226.0,User23,,
1490126957061,Mouse Moved,889.0,246.0,User23,,
1490126957075,Mouse Moved,873.0,250.0,User23,,
1490126957092,Mouse Moved,857.0,255.0,User23,,
1490126957107,Mouse Moved,850.0,256.0,User23,,
1490126957418,Mouse Moved,841.0,257.0,User23,,
1490126957434,Mouse Moved,829.0,260.0,User23,,
1490126957450,Mouse Moved,799.0,267.0,User23,,
1490126957466,Mouse Moved,679.0,315.0,User23,,
1490126957482,Mouse Moved,615.0,329.0,User23,,
1490126957496,Mouse Moved,539.0,367.0,User23,,
1490126957513,Mouse Moved,467.0,399.0,User23,,
1490126957529,Mouse Moved,398.0,438.0,User23,,
1490126957543,Mouse Moved,370.0,460.0,User23,,
1490126957559,Mouse Moved,334.0,489.0,User23,,
1490126957575,Mouse Moved,322.0,498.0,User23,,
1490126957591,Mouse Moved,315.0,505.0,User23,,
1490126957855,Mouse Moved,311.0,513.0,User23,,
1490126957871,Mouse Moved,311.0,514.0,User23,,
1490126957887,Mouse Moved,307.0,520.0,User23,,
1490126957903,Mouse Moved,302.0,534.0,User23,,
1490126957918,Mouse Moved,295.0,544.0,User23,,
1490126957934,Mouse Moved,294.0,544.0,User23,,
1490126957950,Mouse Moved,291.0,547.0,User23,,
1490126957964,Mouse Moved,284.0,557.0,User23,,
1490126957980,Mouse Moved,280.0,561.0,User23,,
1490126957996,Mouse Moved,266.0,573.0,User23,,
1490126958012,Mouse Moved,251.0,592.0,User23,,
1490126958028,Mouse Moved,223.0,629.0,User23,,
1490126958042,Mouse Moved,217.0,639.0,User23,,
1490126958075,Mouse Moved,190.0,680.0,User23,,
1490126958433,Mouse Moved,182.0,689.0,User23,,
1490126958464,Mouse Moved,155.0,722.0,User23,,
1490126958480,Mouse Moved,101.0,802.0,User23,,
1490126958496,Mouse Moved,91.0,816.0,User23,,
1490126958510,Mouse Moved,76.0,831.0,User23,,
1490126958526,Mouse Moved,67.0,840.0,User23,,
1490126958542,Mouse Moved,57.0,853.0,User23,,
1490126958667,Mouse Moved,53.0,857.0,User23,,
1490126958683,Mouse Moved,39.0,863.0,User23,,
1490126958713,Mouse Moved,18.0,863.0,User23,,
1490126958730,Mouse Moved,16.0,863.0,User23,,
1490126958855,Mouse Moved,0.0,862.0,User23,,
1490126958869,Mouse Moved,0.0,860.0,User23,,
1490126959134,Mouse Moved,0.0,853.0,User23,,
1490126959276,Mouse Moved,0.0,853.0,User23,,
1490126960273,Mouse Moved,3.0,840.0,User23,,
1490126960289,Mouse Moved,16.0,799.0,User23,,
1490126960305,Mouse Moved,51.0,703.0,User23,,
1490126960321,Mouse Moved,71.0,651.0,User23,,
1490126960336,Mouse Moved,100.0,581.0,User23,,
1490126960351,Mouse Moved,106.0,571.0,User23,,
1490126960368,Mouse Moved,124.0,540.0,User23,,
1490126960382,Mouse Moved,131.0,531.0,User23,,
1490126960398,Mouse Moved,137.0,525.0,User23,,
1490126960414,Mouse Moved,142.0,519.0,User23,,
1490126960446,Mouse Moved,146.0,515.0,User23,,
1490126960460,Mouse Moved,152.0,507.0,User23,,
1490126960757,Mouse Moved,155.0,500.0,User23,,
1490126960773,Mouse Moved,160.0,488.0,User23,,
1490126960789,Mouse Moved,162.0,484.0,User23,,
1490126960805,Mouse Moved,166.0,470.0,User23,,
1490126960819,Mouse Moved,168.0,461.0,User23,,
1490126960835,Mouse Moved,170.0,456.0,User23,,
1490126960851,Mouse Moved,170.0,455.0,User23,,
1490126960867,Mouse Moved,171.0,454.0,User23,,
1490126960882,Mouse Moved,171.0,453.0,User23,,
1490126960928,Mouse Moved,171.0,452.0,User23,,
1490126961569,Mouse Moved,172.0,450.0,User23,,
1490126961585,Mouse Moved,192.0,436.0,User23,,
1490126961599,Mouse Moved,227.0,416.0,User23,,
1490126961615,Mouse Moved,243.0,410.0,User23,,
1490126961631,Mouse Moved,255.0,408.0,User23,,
1490126961647,Mouse Moved,266.0,408.0,User23,,
1490126961663,Mouse Moved,289.0,403.0,User23,,
1490126961677,Mouse Moved,307.0,406.0,User23,,
1490126961694,Mouse Moved,310.0,406.0,User23,,
1490126961709,Mouse Moved,316.0,410.0,User23,,
1490126961724,Mouse Moved,317.0,411.0,User23,,
1490126961740,Mouse Moved,320.0,420.0,User23,,
1490126961756,Mouse Moved,323.0,455.0,User23,,
1490126961772,Mouse Moved,323.0,470.0,User23,,
1490126961786,Mouse Moved,318.0,508.0,User23,,
1490126961802,Mouse Moved,317.0,520.0,User23,,
1490126961819,Mouse Moved,315.0,535.0,User23,,
1490126961834,Mouse Moved,315.0,542.0,User23,,
1490126961849,Mouse Moved,313.0,561.0,User23,,
1490126961865,Mouse Moved,313.0,568.0,User23,,
1490126961881,Mouse Moved,313.0,585.0,User23,,
1490126961897,Mouse Moved,313.0,589.0,User23,,
1490126961911,Mouse Moved,313.0,595.0,User23,,
1490126961927,Mouse Moved,313.0,599.0,User23,,
1490126961943,Mouse Moved,313.0,600.0,User23,,
1490126962598,Mouse Moved,315.0,599.0,User23,,
1490126962614,Mouse Moved,320.0,592.0,User23,,
1490126962630,Mouse Moved,323.0,587.0,User23,,
1490126962644,Mouse Moved,324.0,586.0,User23,,
1490126962661,Mouse Moved,327.0,580.0,User23,,
1490126962677,Mouse Moved,329.0,579.0,User23,,
1490126962691,Mouse Moved,333.0,572.0,User23,,
1490126962707,Mouse Moved,334.0,570.0,User23,,
1490126962723,Mouse Moved,336.0,566.0,User23,,
1490126962739,Mouse Moved,339.0,564.0,User23,,
1490126962755,Mouse Moved,341.0,560.0,User23,,
1490126962769,Mouse Moved,341.0,559.0,User23,,
1490126962786,Mouse Moved,341.0,556.0,User23,,
1490126962816,Mouse Moved,341.0,555.0,User23,,
1490126962864,Mouse Moved,341.0,554.0,User23,,
1490126962894,Mouse Moved,341.0,552.0,User23,,
1490126962911,Mouse Moved,341.0,550.0,User23,,
1490126962957,Mouse Moved,340.0,548.0,User23,,
1490126963003,Mouse Moved,339.0,547.0,User23,,
1490126963035,Mouse Moved,339.0,546.0,User23,,
1490126963098,Mouse Moved,339.0,545.0,User23,,
1490126963112,Mouse Moved,338.0,545.0,User23,,
1490126963346,Mouse Moved,338.0,545.0,User23,,
1490126963471,Mouse Moved,338.0,545.0,User23,,
1490126965875,Mouse Moved,342.0,538.0,User23,,
1490126965890,Mouse Moved,346.0,528.0,User23,,
1490126965905,Mouse Moved,359.0,503.0,User23,,
1490126965921,Mouse Moved,365.0,495.0,User23,,
1490126965937,Mouse Moved,372.0,484.0,User23,,
1490126965953,Mouse Moved,378.0,476.0,User23,,
1490126965967,Mouse Moved,386.0,464.0,User23,,
1490126965983,Mouse Moved,387.0,463.0,User23,,
1490126965999,Mouse Moved,390.0,460.0,User23,,
1490126966015,Mouse Moved,392.0,458.0,User23,,
1490126966030,Mouse Moved,393.0,455.0,User23,,
1490126966046,Mouse Moved,394.0,454.0,User23,,
1490126966062,Mouse Moved,394.0,453.0,User23,,
1490126966076,Mouse Moved,395.0,453.0,User23,,
1490126966108,Mouse Moved,397.0,452.0,User23,,
1490126966124,Mouse Moved,397.0,451.0,User23,,
1490126966140,Mouse Moved,398.0,451.0,User23,,
1490126966217,Mouse Moved,398.0,452.0,User23,,
1490126966233,Mouse Moved,398.0,457.0,User23,,
1490126966249,Mouse Moved,398.0,460.0,User23,,
1490126966279,Mouse Moved,398.0,467.0,User23,,
1490126966296,Mouse Moved,398.0,470.0,User23,,
1490126966326,Mouse Moved,398.0,471.0,User23,,
1490126966342,Mouse Moved,397.0,472.0,User23,,
1490126966608,Mouse Moved,397.0,473.0,User23,,
1490126966622,Mouse Moved,397.0,472.0,User23,,
1490126966670,Mouse Moved,398.0,472.0,User23,,
1490126966795,Mouse Moved,398.0,472.0,User23,,
1490126967086,Mouse Moved,397.0,472.0,User23,,
1490126967118,Mouse Moved,394.0,472.0,User23,,
1490126967197,Mouse Moved,397.0,472.0,User23,,
1490126967384,Mouse Moved,397.0,472.0,User23,,
1490126967509,Mouse Moved,397.0,472.0,User23,,
1490126968976,Mouse Moved,397.0,473.0,User23,,
1490126968993,Mouse Moved,570.0,287.0,User23,,
1490126969101,Mouse Moved,852.0,239.0,User23,,
1490126969117,Mouse Moved,898.0,244.0,User23,,
1490126969305,Mouse Moved,900.0,239.0,User23,,
1490126969319,Mouse Moved,1107.0,147.0,User23,,
1490126969428,Mouse Moved,1160.0,128.0,User23,,
1490126969460,Mouse Moved,1205.0,123.0,User23,,
1490126969601,Mouse Moved,1207.0,124.0,User23,,
1490126969617,Mouse Moved,1210.0,124.0,User23,,
1490126969631,Mouse Moved,1226.0,122.0,User23,,
1490126969756,Mouse Moved,1232.0,122.0,User23,,
1490126969773,Mouse Moved,1239.0,121.0,User23,,
1490126969928,Mouse Moved,1239.0,120.0,User23,,
1490126969944,Mouse Moved,1235.0,115.0,User23,,
1490126970069,Mouse Moved,1235.0,114.0,User23,,
1490126970085,Mouse Moved,1233.0,110.0,User23,,
1490126970194,Mouse Moved,1230.0,106.0,User23,,
1490126970443,Mouse Moved,1229.0,105.0,User23,,
1490126970568,Mouse Moved,1229.0,105.0,User23,,
1490126970584,Mouse Button.left Released,1229.0,105.0,User23,,
1490126970911,Mouse Moved,1224.0,106.0,User23,,
1490126970927,Mouse Moved,1211.0,112.0,User23,,
1490126970943,Mouse Moved,1125.0,149.0,User23,,
1490126970957,Mouse Moved,1056.0,209.0,User23,,
1490126970973,Mouse Moved,790.0,379.0,User23,,
1490126970989,Mouse Moved,735.0,450.0,User23,,
1490126971005,Mouse Moved,614.0,580.0,User23,,
1490126971020,Mouse Moved,571.0,625.0,User23,,
1490126971036,Mouse Moved,515.0,671.0,User23,,
1490126971052,Mouse Moved,506.0,678.0,User23,,
1490126971066,Mouse Moved,492.0,685.0,User23,,
1490126971082,Mouse Moved,490.0,686.0,User23,,
1490126971301,Mouse Moved,489.0,687.0,User23,,
1490126971316,Mouse Moved,485.0,694.0,User23,,
1490126971332,Mouse Moved,475.0,715.0,User23,,
1490126971348,Mouse Moved,450.0,775.0,User23,,
1490126971364,Mouse Moved,439.0,794.0,User23,,
1490126971378,Mouse Moved,433.0,808.0,User23,,
1490126971394,Mouse Moved,423.0,829.0,User23,,
1490126971411,Mouse Moved,418.0,843.0,User23,,
1490126971426,Mouse Moved,414.0,854.0,User23,,
1490126971441,Mouse Moved,413.0,857.0,User23,,
1490126971457,Mouse Moved,413.0,860.0,User23,,
1490126971473,Mouse Moved,411.0,863.0,User23,,
1490126971519,Mouse Moved,409.0,863.0,User23,,
1490126971551,Mouse Moved,405.0,863.0,User23,,
1490126971566,Mouse Moved,404.0,863.0,User23,,
1490126971598,Mouse Moved,402.0,863.0,User23,,
1490126971628,Mouse Moved,400.0,863.0,User23,,
1490126971785,Mouse Moved,400.0,862.0,User23,,
1490126971832,Mouse Moved,401.0,862.0,User23,,
1490126971846,Mouse Button.left Pressed,401.0,862.0,User23,,
1490126971971,Mouse Moved,401.0,862.0,User23,,
1490126974515,Mouse Moved,407.0,850.0,User23,,
1490126974530,Mouse Moved,428.0,813.0,User23,,
1490126974546,Mouse Moved,502.0,712.0,User23,,
1490126974562,Mouse Moved,528.0,674.0,User23,,
1490126974576,Mouse Moved,600.0,600.0,User23,,
1490126974592,Mouse Moved,666.0,550.0,User23,,
1490126974608,Mouse Moved,688.0,535.0,User23,,
1490126974624,Mouse Moved,709.0,519.0,User23,,
1490126974640,Mouse Moved,716.0,509.0,User23,,
1490126974654,Mouse Moved,723.0,507.0,User23,,
1490126974671,Mouse Moved,725.0,506.0,User23,,
1490126974687,Mouse Moved,727.0,505.0,User23,,
1490126974701,Mouse Moved,728.0,505.0,User23,,
1490126975716,Mouse Moved,728.0,506.0,User23,,
1490126975825,Mouse Moved,728.0,506.0,User23,,
1490126978664,Mouse Moved,729.0,506.0,User23,,
1490126978680,Mouse Moved,729.0,508.0,User23,,
1490126978696,Mouse Moved,729.0,515.0,User23,,
1490126978821,Mouse Moved,729.0,517.0,User23,,
1490126978835,Mouse Moved,729.0,518.0,User23,,
1490126978960,Mouse Moved,729.0,525.0,User23,,
1490126979413,Mouse Moved,729.0,526.0,User23,,
1490126980177,Mouse Moved,728.0,525.0,User23,,
1490126980270,Mouse Moved,728.0,525.0,User23,,
1490126981316,Mouse Moved,728.0,525.0,User23,,
1490126981440,Mouse Moved,728.0,525.0,User23,,
1490126982128,Mouse Moved,728.0,525.0,User23,,
1490126982142,Mouse Button.left Pressed,728.0,525.0,User23,,
1490126982253,Mouse Moved,728.0,525.0,User23,,
1490126983095,Mouse Moved,729.0,524.0,User23,,
1490126983111,Mouse Moved,747.0,472.0,User23,,
1490126983125,Mouse Moved,757.0,424.0,User23,,
1490126983141,Mouse Moved,763.0,377.0,User23,,
1490126983157,Mouse Moved,766.0,363.0,User23,,
1490126983173,Mouse Moved,768.0,352.0,User23,,
1490126983188,Mouse Moved,768.0,351.0,User23,,
1490126983203,Mouse Moved,768.0,348.0,User23,,
1490126983220,Mouse Moved,768.0,347.0,User23,,
1490126983250,Mouse Moved,768.0,346.0,User23,,
1490126983298,Mouse Moved,768.0,345.0,User23,,
1490126983328,Mouse Moved,768.0,343.0,User23,,
1490126983345,Mouse Moved,767.0,342.0,User23,,
1490126983359,Mouse Moved,766.0,342.0,User23,,
1490126983375,Mouse Moved,765.0,341.0,User23,,
1490126983391,Mouse Moved,764.0,341.0,User23,,
1490126983407,Mouse Moved,763.0,339.0,User23,,
1490126983423,Mouse Moved,760.0,336.0,User23,,
1490126983453,Mouse Moved,759.0,335.0,User23,,
1490126983469,Mouse Moved,757.0,334.0,User23,,
1490126983500,Mouse Moved,755.0,332.0,User23,,
1490126983516,Mouse Moved,753.0,330.0,User23,,
1490126983532,Mouse Moved,752.0,329.0,User23,,
1490126983780,Mouse Moved,753.0,330.0,User23,,
1490126983891,Mouse Moved,753.0,330.0,User23,,
1490126989756,Mouse Moved,754.0,329.0,User23,,
1490126989897,Mouse Moved,759.0,329.0,User23,,
1490126989911,Mouse Moved,1043.0,434.0,User23,,
1490126990036,Mouse Moved,1070.0,454.0,User23,,
1490126990193,Mouse Moved,1075.0,455.0,User23,,
1490126990209,Mouse Moved,1079.0,455.0,User23,,
1490126990332,Mouse Moved,1087.0,455.0,User23,,
1490126990348,Mouse Moved,1090.0,455.0,User23,,
1490126990894,Mouse Moved,1102.0,454.0,User23,,
1490126990911,Mouse Button.left Pressed,1102.0,454.0,User23,,
1490126991019,Mouse Moved,1102.0,454.0,User23,,
1490126998944,Mouse Moved,1102.0,454.0,User23,,
1490126999085,Mouse Moved,1102.0,454.0,User23,,
1490127003500,Mouse Moved,1102.0,453.0,User23,,
1490127003530,Mouse Moved,1101.0,453.0,User23,,
1490127003546,Mouse Moved,1100.0,452.0,User23,,
1490127003562,Mouse Moved,1100.0,451.0,User23,,
1490127003578,Mouse Moved,1099.0,450.0,User23,,
1490127003592,Mouse Moved,1098.0,449.0,User23,,
1490127003608,Mouse Moved,1097.0,449.0,User23,,
1490127003625,Mouse Moved,1097.0,448.0,User23,,
1490127003640,Mouse Moved,1096.0,448.0,User23,,
1490127003655,Mouse Moved,1096.0,447.0,User23,,
1490127003671,Mouse Moved,1095.0,446.0,User23,,
1490127003687,Mouse Moved,1094.0,445.0,User23,,
1490127003703,Mouse Moved,1093.0,444.0,User23,,
1490127003717,Mouse Moved,1093.0,443.0,User23,,
1490127003733,Mouse Moved,1092.0,442.0,User23,,
1490127003749,Mouse Moved,1092.0,441.0,User23,,
1490127003765,Mouse Moved,1091.0,441.0,User23,,
1490127003796,Mouse Moved,1090.0,440.0,User23,,
1490127003874,Mouse Moved,1090.0,439.0,User23,,
1490127004684,Mouse Moved,1090.0,438.0,User23,,
1490127004700,Mouse Moved,1090.0,435.0,User23,,
1490127004717,Mouse Moved,1090.0,423.0,User23,,
1490127004732,Mouse Moved,1089.0,404.0,User23,,
1490127004747,Mouse Moved,1089.0,400.0,User23,,
1490127004763,Mouse Moved,1089.0,385.0,User23,,
1490127004779,Mouse Moved,1089.0,382.0,User23,,
1490127004795,Mouse Moved,1089.0,377.0,User23,,
1490127004809,Mouse Moved,1089.0,375.0,User23,,
1490127004825,Mouse Moved,1089.0,373.0,User23,,
1490127004841,Mouse Moved,1089.0,372.0,User23,,
1490127004857,Mouse Moved,1089.0,371.0,User23,,
1490127004872,Mouse Moved,1089.0,368.0,User23,,
1490127004888,Mouse Moved,1089.0,367.0,User23,,
1490127004904,Mouse Moved,1091.0,362.0,User23,,
1490127004918,Mouse Moved,1092.0,359.0,User23,,
1490127004934,Mouse Moved,1094.0,356.0,User23,,
1490127004950,Mouse Moved,1095.0,355.0,User23,,
1490127004996,Mouse Moved,1095.0,354.0,User23,,
1490127005013,Mouse Moved,1096.0,354.0,User23,,
1490127005043,Mouse Moved,1097.0,352.0,User23,,
1490127005059,Mouse Moved,1097.0,351.0,User23,,
1490127005075,Mouse Moved,1098.0,350.0,User23,,
1490127005091,Mouse Moved,1099.0,348.0,User23,,
1490127005121,Mouse Moved,1099.0,347.0,User23,,
1490127005138,Mouse Moved,1100.0,347.0,User23,,
1490127005542,Mouse Moved,1099.0,347.0,User23,,
1490127005653,Mouse Moved,1099.0,347.0,User23,,
1490127005714,Mouse Moved,1099.0,347.0,User23,,
1490127005839,Mouse Moved,1099.0,347.0,User23,,
1490127008928,Mouse Moved,1098.0,347.0,User23,,
1490127008944,Mouse Moved,1075.0,353.0,User23,,
1490127008960,Mouse Moved,1000.0,372.0,User23,,
1490127009069,Mouse Moved,982.0,380.0,User23,,
1490127009085,Mouse Moved,874.0,463.0,User23,,
1490127009411,Mouse Moved,829.0,506.0,User23,,
1490127009427,Mouse Moved,829.0,506.0,User23,,
1490127009506,Mouse Moved,829.0,506.0,User23,,
1490127009520,Mouse Scrolled (0 -1),829.0,506.0,User23,,
1490127010005,Mouse Moved,829.0,506.0,User23,,
1490127010020,Mouse Moved,829.0,506.0,User23,,
1490127010036,Mouse Moved,829.0,506.0,User23,,
1490127010082,Mouse Moved,829.0,506.0,User23,,
1490127010223,Mouse Moved,829.0,506.0,User23,,
1490127012438,Mouse Moved,829.0,506.0,User23,,
1490127012453,Mouse Moved,829.0,506.0,User23,,
1490127012470,Mouse Moved,829.0,506.0,User23,,
1490127012484,Mouse Moved,829.0,506.0,User23,,
1490127012500,Mouse Moved,829.0,506.0,User23,,
1490127013141,Mouse Moved,829.0,506.0,User23,,
1490127013155,Mouse Scrolled (0 -2),829.0,506.0,User23,,
1490127013171,Mouse Moved,829.0,506.0,User23,,
1490127013203,Mouse Moved,829.0,506.0,User23,,
1490127013250,Mouse Moved,829.0,506.0,User23,,
1490127013296,Mouse Moved,829.0,506.0,User23,,
1490127013842,Mouse Moved,829.0,506.0,User23,,
1490127013858,Mouse Scrolled (0 -1),829.0,506.0,User23,,
1490127013874,Mouse Moved,829.0,506.0,User23,,
1490127013904,Mouse Moved,829.0,506.0,User23,,
1490127015059,Mouse Moved,829.0,506.0,User23,,
1490127015355,Mouse Moved,829.0,506.0,User23,,
1490127015371,Mouse Moved,829.0,506.0,User23,,
1490127015387,Mouse Moved,829.0,506.0,User23,,
1490127015403,Mouse Scrolled (0 -2),829.0,506.0,User23,,
1490127015480,Mouse Moved,829.0,506.0,User23,,
1490127015496,Mouse Scrolled (0 -1),829.0,506.0,User23,,
1490127015512,Mouse Moved,829.0,506.0,User23,,
1490127015542,Mouse Moved,829.0,506.0,User23,,
1490127015573,Mouse Moved,829.0,506.0,User23,,
1490127015651,Mouse Moved,829.0,506.0,User23,,
1490127016167,Mouse Moved,828.0,498.0,User23,,
1490127016197,Mouse Moved,829.0,498.0,User23,,
1490127016213,Mouse Scrolled (0 -5),829.0,498.0,User23,,
1490127016229,Mouse Moved,829.0,498.0,User23,,
1490127016244,Mouse Moved,829.0,498.0,User23,,
1490127016260,Mouse Scrolled (0 -1),829.0,498.0,User23,,
1490127016276,Mouse Moved,829.0,498.0,User23,,
1490127016306,Mouse Moved,829.0,498.0,User23,,
1490127016900,Mouse Moved,829.0,498.0,User23,,
1490127016915,Mouse Moved,829.0,498.0,User23,,
1490127016930,Mouse Moved,829.0,498.0,User23,,
1490127016947,Mouse Scrolled (0 -1),829.0,498.0,User23,,
1490127016963,Mouse Moved,829.0,498.0,User23,,
1490127016977,Mouse Moved,829.0,498.0,User23,,
1490127017009,Mouse Moved,829.0,498.0,User23,,
1490127017586,Mouse Moved,829.0,498.0,User23,,
1490127017601,Mouse Moved,829.0,498.0,User23,,
1490127017618,Mouse Moved,829.0,498.0,User23,,
1490127017632,Mouse Moved,829.0,498.0,User23,,
1490127017648,Mouse Moved,829.0,498.0,User23,,
1490127017664,Mouse Moved,829.0,498.0,User23,,
1490127017696,Mouse Moved,829.0,498.0,User23,,
1490127017710,Mouse Moved,829.0,498.0,User23,,
1490127017789,Mouse Moved,829.0,498.0,User23,,
1490127018226,Mouse Moved,829.0,498.0,User23,,
1490127018242,Mouse Moved,829.0,498.0,User23,,
1490127018256,Mouse Moved,829.0,498.0,User23,,
1490127018273,Mouse Moved,829.0,498.0,User23,,
1490127018289,Mouse Moved,829.0,498.0,User23,,
1490127018303,Mouse Moved,829.0,498.0,User23,,
1490127018367,Mouse Moved,829.0,498.0,User23,,
1490127018398,Mouse Moved,829.0,498.0,User23,,
1490127018913,Mouse Moved,829.0,498.0,User23,,
1490127018927,Mouse Scrolled (0 -3),829.0,498.0,User23,,
1490127018944,Mouse Moved,829.0,498.0,User23,,
1490127019052,Mouse Moved,829.0,498.0,User23,,
1490127019069,Mouse Scrolled (0 -1),829.0,498.0,User23,,
1490127019505,Mouse Moved,829.0,498.0,User23,,
1490127019520,Mouse Moved,829.0,498.0,User23,,
1490127019536,Mouse Moved,829.0,498.0,User23,,
1490127019552,Mouse Moved,829.0,498.0,User23,,
1490127019568,Mouse Moved,829.0,498.0,User23,,
1490127019693,Mouse Moved,829.0,498.0,User23,,
1490127020098,Mouse Moved,829.0,498.0,User23,,
1490127020114,Mouse Moved,829.0,498.0,User23,,
1490127020128,Mouse Moved,829.0,498.0,User23,,
1490127020144,Mouse Moved,829.0,498.0,User23,,
1490127020301,Mouse Moved,829.0,498.0,User23,,
1490127020660,Mouse Moved,829.0,498.0,User23,,
1490127020674,Mouse Moved,829.0,498.0,User23,,
1490127020690,Mouse Moved,829.0,498.0,User23,,
1490127020707,Mouse Moved,829.0,498.0,User23,,
1490127020737,Mouse Moved,829.0,498.0,User23,,
1490127020769,Mouse Moved,829.0,498.0,User23,,
1490127021236,Mouse Moved,829.0,498.0,User23,,
1490127021253,Mouse Scrolled (0 -3),829.0,498.0,User23,,
1490127021267,Mouse Scrolled (0 -1),829.0,498.0,User23,,
1490127021283,Mouse Moved,829.0,498.0,User23,,
1490127021408,Mouse Moved,829.0,498.0,User23,,
1490127022032,Mouse Moved,829.0,498.0,User23,,
1490127022048,Mouse Scrolled (0 -1),829.0,498.0,User23,,
1490127022063,Mouse Moved,829.0,498.0,User23,,
1490127022078,Mouse Moved,829.0,498.0,User23,,
1490127022095,Mouse Moved,829.0,498.0,User23,,
1490127022111,Mouse Moved,829.0,498.0,User23,,
1490127022125,Mouse Moved,829.0,498.0,User23,,
1490127022780,Mouse Moved,829.0,498.0,User23,,
1490127022796,Mouse Moved,829.0,498.0,User23,,
1490127022812,Mouse Scrolled (0 -1),829.0,498.0,User23,,
1490127022828,Mouse Scrolled (0 -3),829.0,498.0,User23,,
1490127022844,Mouse Scrolled (0 -1),829.0,498.0,User23,,
1490127022875,Mouse Moved,829.0,498.0,User23,,
1490127022969,Mouse Moved,829.0,498.0,User23,,
1490127023546,Mouse Moved,829.0,498.0,User23,,
1490127023561,Mouse Moved,829.0,498.0,User23,,
1490127023576,Mouse Scrolled (0 -1),829.0,498.0,User23,,
1490127023592,Mouse Moved,829.0,498.0,User23,,
1490127023608,Mouse Moved,829.0,498.0,User23,,
1490127024154,Mouse Moved,829.0,498.0,User23,,
1490127024170,Mouse Moved,829.0,498.0,User23,,
1490127024184,Mouse Moved,829.0,498.0,User23,,
1490127024217,Mouse Moved,829.0,498.0,User23,,
1490127024232,Mouse Moved,829.0,498.0,User23,,
1490127024247,Mouse Moved,829.0,498.0,User23,,
1490127024716,Mouse Moved,829.0,498.0,User23,,
1490127024730,Mouse Scrolled (0 -1),829.0,498.0,User23,,
1490127024746,Mouse Scrolled (0 -2),829.0,498.0,User23,,
1490127024763,Mouse Scrolled (0 -1),829.0,498.0,User23,,
1490127024778,Mouse Moved,829.0,498.0,User23,,
1490127024793,Mouse Scrolled (0 -2),829.0,498.0,User23,,
1490127024887,Mouse Moved,829.0,498.0,User23,,
1490127025276,Mouse Moved,829.0,498.0,User23,,
1490127025292,Mouse Moved,829.0,498.0,User23,,
1490127025309,Mouse Moved,829.0,498.0,User23,,
1490127025323,Mouse Moved,829.0,498.0,User23,,
1490127025339,Mouse Moved,829.0,498.0,User23,,
1490127025371,Mouse Moved,829.0,498.0,User23,,
1490127025464,Mouse Moved,829.0,498.0,User23,,
1490127025901,Mouse Moved,829.0,498.0,User23,,
1490127025917,Mouse Scrolled (0 -1),829.0,498.0,User23,,
1490127025933,Mouse Moved,829.0,498.0,User23,,
1490127025947,Mouse Moved,829.0,498.0,User23,,
1490127026042,Mouse Moved,829.0,498.0,User23,,
1490127026415,Mouse Moved,829.0,498.0,User23,,
1490127026431,Mouse Moved,829.0,498.0,User23,,
1490127026447,Mouse Moved,829.0,498.0,User23,,
1490127026463,Mouse Moved,829.0,498.0,User23,,
1490127026493,Mouse Moved,829.0,498.0,User23,,
1490127026588,Mouse Moved,829.0,498.0,User23,,
1490127026993,Mouse Moved,829.0,498.0,User23,,
1490127027009,Mouse Moved,829.0,498.0,User23,,
1490127027025,Mouse Moved,829.0,498.0,User23,,
1490127027039,Mouse Moved,829.0,498.0,User23,,
1490127027148,Mouse Moved,829.0,498.0,User23,,
1490127027493,Mouse Moved,829.0,498.0,User23,,
1490127027507,Mouse Scrolled (0 -4),829.0,498.0,User23,,
1490127027523,Mouse Scrolled (0 -1),829.0,498.0,User23,,
1490127027617,Mouse Moved,829.0,498.0,User23,,
1490127028319,Mouse Moved,829.0,498.0,User23,,
1490127028335,Mouse Scrolled (0 -2),829.0,498.0,User23,,
1490127028365,Mouse Moved,829.0,498.0,User23,,
1490127028381,Mouse Moved,829.0,498.0,User23,,
1490127028397,Mouse Moved,829.0,498.0,User23,,
1490127029036,Mouse Moved,829.0,498.0,User23,,
1490127029052,Mouse Moved,829.0,498.0,User23,,
1490127029489,Mouse Moved,829.0,498.0,User23,,
1490127029614,Mouse Moved,829.0,498.0,User23,,
1490127029630,Mouse Scrolled (0 -1),829.0,498.0,User23,,
1490127030051,Mouse Moved,829.0,498.0,User23,,
1490127030066,Mouse Moved,829.0,498.0,User23,,
1490127030190,Mouse Moved,829.0,498.0,User23,,
1490127030207,Mouse Scrolled (0 -1),829.0,498.0,User23,,
1490127030549,Mouse Moved,829.0,498.0,User23,,
1490127030565,Mouse Moved,829.0,498.0,User23,,
1490127030581,Mouse Moved,829.0,498.0,User23,,
1490127030596,Mouse Scrolled (0 -1),829.0,498.0,User23,,
1490127030612,Mouse Moved,829.0,498.0,User23,,
1490127030644,Mouse Moved,829.0,498.0,User23,,
1490127030706,Mouse Moved,829.0,498.0,User23,,
1490127031033,Mouse Moved,829.0,498.0,User23,,
1490127031049,Mouse Moved,829.0,498.0,User23,,
1490127031065,Mouse Moved,829.0,498.0,User23,,
1490127031081,Mouse Moved,829.0,498.0,User23,,
1490127031095,Mouse Moved,829.0,498.0,User23,,
1490127031111,Mouse Moved,829.0,498.0,User23,,
1490127031470,Mouse Moved,829.0,498.0,User23,,
1490127031486,Mouse Scrolled (0 -2),829.0,498.0,User23,,
1490127031502,Mouse Moved,829.0,498.0,User23,,
1490127031516,Mouse Moved,829.0,498.0,User23,,
1490127031532,Mouse Moved,829.0,498.0,User23,,
1490127031549,Mouse Moved,829.0,498.0,User23,,
1490127032016,Mouse Moved,829.0,498.0,User23,,
1490127032032,Mouse Moved,829.0,498.0,User23,,
1490127032048,Mouse Moved,829.0,498.0,User23,,
1490127032062,Mouse Moved,829.0,498.0,User23,,
1490127032562,Mouse Moved,829.0,498.0,User23,,
1490127032578,Mouse Scrolled (0 -1),829.0,498.0,User23,,
1490127032594,Mouse Moved,829.0,498.0,User23,,
1490127032608,Mouse Moved,829.0,498.0,User23,,
1490127032641,Mouse Moved,829.0,498.0,User23,,
1490127032750,Mouse Moved,829.0,498.0,User23,,
1490127033046,Mouse Moved,829.0,498.0,User23,,
1490127033062,Mouse Moved,829.0,498.0,User23,,
1490127033076,Mouse Moved,829.0,498.0,User23,,
1490127033092,Mouse Moved,829.0,498.0,User23,,
1490127033108,Mouse Moved,829.0,498.0,User23,,
1490127033124,Mouse Moved,829.0,498.0,User23,,
1490127033140,Mouse Moved,829.0,498.0,User23,,
1490127033154,Mouse Moved,829.0,498.0,User23,,
1490127033187,Mouse Moved,829.0,498.0,User23,,
1490127033483,Mouse Moved,829.0,498.0,User23,,
1490127033499,Mouse Moved,829.0,498.0,User23,,
1490127033513,Mouse Moved,829.0,498.0,User23,,
1490127033529,Mouse Moved,829.0,498.0,User23,,
1490127033545,Mouse Moved,829.0,498.0,User23,,
1490127033561,Mouse Moved,829.0,498.0,User23,,
1490127033576,Mouse Moved,829.0,498.0,User23,,
1490127033888,Mouse Moved,829.0,498.0,User23,,
1490127033904,Mouse Scrolled (0 -3),829.0,498.0,User23,,
1490127033920,Mouse Moved,829.0,498.0,User23,,
1490127033950,Mouse Moved,829.0,498.0,User23,,
1490127034200,Mouse Moved,829.0,498.0,User23,,
1490127034216,Mouse Moved,829.0,498.0,User23,,
1490127034232,Mouse Moved,829.0,498.0,User23,,
1490127034246,Mouse Moved,829.0,498.0,User23,,
1490127034263,Mouse Scrolled (0 -1),829.0,498.0,User23,,
1490127034279,Mouse Moved,829.0,498.0,User23,,
1490127034480,Mouse Moved,828.0,497.0,User23,,
1490127034496,Mouse Moved,836.0,485.0,User23,,
1490127034513,Mouse Moved,859.0,473.0,User23,,
1490127034528,Mouse Moved,944.0,430.0,User23,,
1490127034543,Mouse Moved,1021.0,425.0,User23,,
1490127034575,Mouse Moved,1134.0,415.0,User23,,
1490127034591,Mouse Moved,1207.0,419.0,User23,,
1490127034605,Mouse Moved,1233.0,421.0,User23,,
1490127034621,Mouse Moved,1239.0,422.0,User23,,
1490127034637,Mouse Moved,1251.0,426.0,User23,,
1490127034653,Mouse Moved,1254.0,427.0,User23,,
1490127034668,Mouse Moved,1255.0,427.0,User23,,
1490127034684,Mouse Moved,1255.0,428.0,User23,,
1490127034714,Mouse Moved,1254.0,428.0,User23,,
1490127034730,Mouse Moved,1251.0,422.0,User23,,
1490127034746,Mouse Moved,1243.0,409.0,User23,,
1490127034762,Mouse Moved,1243.0,408.0,User23,,
1490127034778,Mouse Moved,1242.0,400.0,User23,,
1490127034792,Mouse Moved,1242.0,398.0,User23,,
1490127034809,Mouse Moved,1242.0,391.0,User23,,
1490127034825,Mouse Moved,1242.0,387.0,User23,,
1490127034839,Mouse Moved,1245.0,384.0,User23,,
1490127034855,Mouse Moved,1247.0,382.0,User23,,
1490127034871,Mouse Moved,1250.0,379.0,User23,,
1490127034887,Mouse Moved,1252.0,377.0,User23,,
1490127034903,Mouse Moved,1256.0,376.0,User23,,
1490127034917,Mouse Moved,1260.0,373.0,User23,,
1490127034934,Mouse Moved,1265.0,370.0,User23,,
1490127034948,Mouse Moved,1277.0,363.0,User23,,
1490127034964,Mouse Moved,1289.0,358.0,User23,,
1490127034980,Mouse Moved,1296.0,355.0,User23,,
1490127034996,Mouse Moved,1300.0,353.0,User23,,
1490127035012,Mouse Moved,1301.0,352.0,User23,,
1490127035026,Mouse Moved,1302.0,352.0,User23,,
1490127035183,Mouse Moved,1302.0,355.0,User23,,
1490127035198,Mouse Moved,1301.0,358.0,User23,,
1490127035214,Mouse Moved,1301.0,362.0,User23,,
1490127035230,Mouse Moved,1301.0,367.0,User23,,
1490127035246,Mouse Moved,1301.0,368.0,User23,,
1490127035260,Mouse Moved,1300.0,372.0,User23,,
1490127035276,Mouse Moved,1300.0,375.0,User23,,
1490127035292,Mouse Moved,1300.0,377.0,User23,,
1490127035308,Mouse Moved,1300.0,378.0,User23,,
1490127035323,Mouse Moved,1300.0,379.0,User23,,
1490127035338,Mouse Moved,1300.0,380.0,User23,,
1490127035385,Mouse Moved,1300.0,381.0,User23,,
1490127035448,Mouse Moved,1299.0,382.0,User23,,
1490127035510,Mouse Moved,1298.0,382.0,User23,,
1490127035526,Mouse Moved,1297.0,382.0,User23,,
1490127035558,Mouse Moved,1298.0,382.0,User23,,
1490127035572,Mouse Moved,1297.0,382.0,User23,,
1490127035619,Mouse Moved,1297.0,383.0,User23,,
1490127035651,Mouse Moved,1297.0,384.0,User23,,
1490127035667,Mouse Moved,1297.0,386.0,User23,,
1490127035683,Mouse Moved,1297.0,387.0,User23,,
1490127035697,Mouse Moved,1297.0,392.0,User23,,
1490127035713,Mouse Moved,1297.0,404.0,User23,,
1490127035729,Mouse Moved,1297.0,408.0,User23,,
1490127035838,Mouse Moved,1297.0,420.0,User23,,
1490127035854,Mouse Moved,1297.0,465.0,User23,,
1490127035869,Mouse Moved,1296.0,478.0,User23,,
1490127035884,Mouse Moved,1296.0,481.0,User23,,
1490127035901,Mouse Moved,1296.0,484.0,User23,,
1490127035917,Mouse Moved,1295.0,484.0,User23,,
1490127035931,Mouse Moved,1295.0,485.0,User23,,
1490127035947,Mouse Moved,1295.0,486.0,User23,,
1490127035963,Mouse Moved,1294.0,486.0,User23,,
1490127036352,Mouse Moved,1294.0,489.0,User23,,
1490127036368,Mouse Moved,1294.0,490.0,User23,,
1490127036384,Mouse Moved,1293.0,500.0,User23,,
1490127036400,Mouse Moved,1293.0,502.0,User23,,
1490127036415,Mouse Moved,1292.0,510.0,User23,,
1490127036430,Mouse Moved,1290.0,525.0,User23,,
1490127036447,Mouse Moved,1289.0,530.0,User23,,
1490127036463,Mouse Moved,1289.0,532.0,User23,,
1490127036477,Mouse Moved,1289.0,535.0,User23,,
1490127036493,Mouse Moved,1289.0,536.0,User23,,
1490127036509,Mouse Moved,1289.0,537.0,User23,,
1490127036525,Mouse Moved,1289.0,539.0,User23,,
1490127036540,Mouse Moved,1289.0,543.0,User23,,
1490127036555,Mouse Moved,1289.0,545.0,User23,,
1490127036572,Mouse Moved,1289.0,546.0,User23,,
1490127036586,Mouse Moved,1289.0,547.0,User23,,
1490127036602,Mouse Moved,1289.0,548.0,User23,,
1490127036634,Mouse Moved,1289.0,549.0,User23,,
1490127036697,Mouse Moved,1289.0,550.0,User23,,
1490127036759,Mouse Moved,1290.0,550.0,User23,,
1490127036775,Mouse Moved,1290.0,551.0,User23,,
1490127036821,Mouse Moved,1290.0,553.0,User23,,
1490127036836,Mouse Moved,1290.0,554.0,User23,,
1490127036852,Mouse Moved,1290.0,555.0,User23,,
1490127036868,Mouse Moved,1290.0,557.0,User23,,
1490127036884,Mouse Moved,1290.0,559.0,User23,,
1490127036898,Mouse Moved,1290.0,562.0,User23,,
1490127036930,Mouse Moved,1290.0,565.0,User23,,
1490127036946,Mouse Moved,1290.0,566.0,User23,,
1490127036961,Mouse Moved,1290.0,569.0,User23,,
1490127036976,Mouse Moved,1290.0,571.0,User23,,
1490127036993,Mouse Moved,1290.0,572.0,User23,,
1490127037009,Mouse Moved,1289.0,572.0,User23,,
1490127037023,Mouse Moved,1289.0,573.0,User23,,
1490127037335,Mouse Moved,1289.0,574.0,User23,,
1490127037414,Mouse Moved,1289.0,576.0,User23,,
1490127037444,Mouse Moved,1289.0,577.0,User23,,
1490127037476,Mouse Moved,1289.0,578.0,User23,,
1490127037492,Mouse Moved,1289.0,579.0,User23,,
1490127037507,Mouse Moved,1289.0,580.0,User23,,
1490127037523,Mouse Moved,1289.0,581.0,User23,,
1490127037539,Mouse Moved,1288.0,582.0,User23,,
1490127037555,Mouse Moved,1288.0,583.0,User23,,
1490127037585,Mouse Moved,1288.0,585.0,User23,,
1490127037601,Mouse Moved,1288.0,586.0,User23,,
1490127037632,Mouse Moved,1288.0,587.0,User23,,
1490127037664,Mouse Moved,1288.0,588.0,User23,,
1490127037678,Mouse Moved,1288.0,589.0,User23,,
1490127037742,Mouse Moved,1288.0,590.0,User23,,
1490127037773,Mouse Moved,1288.0,591.0,User23,,
1490127037803,Mouse Moved,1288.0,592.0,User23,,
1490127037835,Mouse Moved,1288.0,593.0,User23,,
1490127037851,Mouse Moved,1288.0,594.0,User23,,
1490127037867,Mouse Moved,1288.0,596.0,User23,,
1490127037881,Mouse Moved,1288.0,598.0,User23,,
1490127037898,Mouse Moved,1288.0,600.0,User23,,
1490127037913,Mouse Moved,1288.0,601.0,User23,,
1490127037944,Mouse Moved,1288.0,602.0,User23,,
1490127037960,Mouse Moved,1288.0,606.0,User23,,
1490127037976,Mouse Moved,1288.0,607.0,User23,,
1490127037990,Mouse Moved,1288.0,608.0,User23,,
1490127038006,Mouse Moved,1288.0,612.0,User23,,
1490127038038,Mouse Moved,1288.0,613.0,User23,,
1490127038302,Mouse Moved,1288.0,614.0,User23,,
1490127038335,Mouse Moved,1288.0,615.0,User23,,
1490127038349,Mouse Moved,1288.0,617.0,User23,,
1490127038365,Mouse Moved,1288.0,621.0,User23,,
1490127038381,Mouse Moved,1288.0,623.0,User23,,
1490127038397,Mouse Moved,1288.0,624.0,User23,,
1490127038413,Mouse Moved,1288.0,626.0,User23,,
1490127038427,Mouse Moved,1288.0,627.0,User23,,
1490127038444,Mouse Moved,1289.0,628.0,User23,,
1490127038474,Mouse Moved,1289.0,629.0,User23,,
1490127038506,Mouse Moved,1290.0,629.0,User23,,
1490127038522,Mouse Moved,1290.0,630.0,User23,,
1490127038709,Mouse Moved,1290.0,631.0,User23,,
1490127038834,Mouse Moved,1290.0,632.0,User23,,
1490127038848,Mouse Moved,1290.0,634.0,User23,,
1490127038865,Mouse Moved,1290.0,635.0,User23,,
1490127038895,Mouse Moved,1291.0,635.0,User23,,
1490127038911,Mouse Moved,1291.0,636.0,User23,,
1490127039036,Mouse Moved,1291.0,637.0,User23,,
1490127039052,Mouse Moved,1291.0,639.0,User23,,
1490127039161,Mouse Moved,1292.0,639.0,User23,,
1490127039177,Mouse Moved,1292.0,644.0,User23,,
1490127039193,Mouse Moved,1293.0,647.0,User23,,
1490127039207,Mouse Moved,1294.0,647.0,User23,,
1490127039223,Mouse Moved,1294.0,648.0,User23,,
1490127039348,Mouse Moved,1294.0,649.0,User23,,
1490127039661,Mouse Moved,1294.0,650.0,User23,,
1490127039707,Mouse Moved,1295.0,654.0,User23,,
1490127039723,Mouse Moved,1296.0,656.0,User23,,
1490127039769,Mouse Moved,1296.0,657.0,User23,,
1490127039801,Mouse Moved,1296.0,658.0,User23,,
1490127039816,Mouse Moved,1297.0,659.0,User23,,
1490127039957,Mouse Moved,1297.0,660.0,User23,,
1490127039973,Mouse Moved,1298.0,661.0,User23,,
1490127040003,Mouse Moved,1298.0,664.0,User23,,
1490127040051,Mouse Moved,1298.0,665.0,User23,,
1490127040408,Mouse Moved,1298.0,665.0,User23,,
1490127041548,Mouse Moved,1292.0,655.0,User23,,
1490127041578,Mouse Moved,1263.0,536.0,User23,,
1490127041595,Mouse Moved,1259.0,425.0,User23,,
1490127041611,Mouse Moved,1262.0,386.0,User23,,
1490127041625,Mouse Moved,1279.0,307.0,User23,,
1490127041641,Mouse Moved,1291.0,270.0,User23,,
1490127041657,Mouse Moved,1295.0,259.0,User23,,
1490127041673,Mouse Moved,1303.0,238.0,User23,,
1490127041688,Mouse Moved,1306.0,229.0,User23,,
1490127041703,Mouse Moved,1316.0,210.0,User23,,
1490127041720,Mouse Moved,1318.0,205.0,User23,,
1490127041734,Mouse Moved,1325.0,193.0,User23,,
1490127041750,Mouse Moved,1326.0,193.0,User23,,
1490127041766,Mouse Moved,1328.0,190.0,User23,,
1490127041782,Mouse Moved,1329.0,190.0,User23,,
1490127042016,Mouse Moved,1329.0,191.0,User23,,
1490127042046,Mouse Moved,1327.0,192.0,User23,,
1490127042062,Mouse Moved,1326.0,193.0,User23,,
1490127042078,Mouse Moved,1324.0,193.0,User23,,
1490127042094,Mouse Moved,1319.0,193.0,User23,,
1490127042109,Mouse Moved,1318.0,193.0,User23,,
1490127042125,Mouse Moved,1314.0,195.0,User23,,
1490127042141,Mouse Moved,1308.0,197.0,User23,,
1490127042157,Mouse Moved,1307.0,197.0,User23,,
1490127042171,Mouse Moved,1305.0,197.0,User23,,
1490127042187,Mouse Moved,1304.0,198.0,User23,,
1490127042219,Mouse Moved,1303.0,198.0,User23,,
1490127042250,Mouse Moved,1302.0,198.0,User23,,
1490127042296,Mouse Moved,1302.0,196.0,User23,,
1490127042344,Mouse Moved,1303.0,196.0,User23,,
1490127042358,Mouse Moved,1304.0,196.0,User23,,
1490127042391,Mouse Moved,1306.0,194.0,User23,,
1490127042405,Mouse Moved,1310.0,194.0,User23,,
1490127042421,Mouse Moved,1312.0,194.0,User23,,
1490127042437,Mouse Moved,1313.0,196.0,User23,,
1490127042453,Mouse Moved,1314.0,196.0,User23,,
1490127042469,Mouse Moved,1316.0,197.0,User23,,
1490127042483,Mouse Moved,1317.0,197.0,User23,,
1490127042515,Mouse Moved,1318.0,197.0,User23,,
1490127042530,Mouse Moved,1318.0,196.0,User23,,
1490127042562,Mouse Moved,1319.0,196.0,User23,,
1490127042608,Mouse Moved,1321.0,196.0,User23,,
1490127042655,Mouse Moved,1321.0,195.0,User23,,
1490127042671,Mouse Moved,1321.0,194.0,User23,,
1490127042687,Mouse Moved,1318.0,187.0,User23,,
1490127042703,Mouse Moved,1313.0,181.0,User23,,
1490127042717,Mouse Moved,1310.0,174.0,User23,,
1490127042733,Mouse Moved,1310.0,172.0,User23,,
1490127042749,Mouse Moved,1306.0,164.0,User23,,
1490127042765,Mouse Moved,1304.0,163.0,User23,,
1490127042780,Mouse Moved,1303.0,161.0,User23,,
1490127042796,Mouse Moved,1302.0,158.0,User23,,
1490127042812,Mouse Moved,1302.0,157.0,User23,,
1490127042826,Mouse Moved,1300.0,155.0,User23,,
1490127042842,Mouse Moved,1296.0,151.0,User23,,
1490127042890,Mouse Moved,1295.0,150.0,User23,,
1490127042967,Mouse Moved,1294.0,150.0,User23,,
1490127042999,Mouse Moved,1293.0,150.0,User23,,
1490127043015,Mouse Moved,1292.0,150.0,User23,,
1490127043046,Mouse Moved,1291.0,150.0,User23,,
1490127043092,Mouse Moved,1290.0,150.0,User23,,
1490127043186,Mouse Moved,1290.0,150.0,User23,,
1490127046336,Mouse Moved,1292.0,149.0,User23,,
1490127046352,Mouse Moved,1296.0,147.0,User23,,
1490127046368,Mouse Moved,1302.0,144.0,User23,,
1490127046384,Mouse Moved,1308.0,141.0,User23,,
1490127046400,Mouse Moved,1374.0,126.0,User23,,
1490127046414,Mouse Moved,1389.0,125.0,User23,,
1490127046430,Mouse Moved,1415.0,120.0,User23,,
1490127046447,Mouse Moved,1426.0,117.0,User23,,
1490127046461,Mouse Moved,1428.0,117.0,User23,,
1490127046477,Mouse Moved,1430.0,119.0,User23,,
1490127046493,Mouse Moved,1431.0,119.0,User23,,
1490127046525,Mouse Moved,1432.0,119.0,User23,,
1490127046539,Mouse Moved,1433.0,119.0,User23,,
1490127046602,Mouse Moved,1432.0,119.0,User23,,
1490127046634,Mouse Moved,1431.0,118.0,User23,,
1490127046648,Mouse Moved,1427.0,116.0,User23,,
1490127046664,Mouse Moved,1425.0,113.0,User23,,
1490127046680,Mouse Moved,1425.0,112.0,User23,,
1490127046696,Mouse Moved,1424.0,112.0,User23,,
1490127046711,Mouse Moved,1423.0,111.0,User23,,
1490127046743,Mouse Moved,1422.0,109.0,User23,,
1490127046759,Mouse Moved,1421.0,109.0,User23,,
1490127046789,Mouse Moved,1421.0,108.0,User23,,
1490127046882,Mouse Moved,1420.0,108.0,User23,,
1490127046914,Mouse Moved,1418.0,107.0,User23,,
1490127046930,Mouse Moved,1417.0,107.0,User23,,
1490127046946,Mouse Moved,1415.0,106.0,User23,,
1490127046960,Mouse Moved,1413.0,106.0,User23,,
1490127046976,Mouse Moved,1409.0,106.0,User23,,
1490127047506,Mouse Moved,1409.0,105.0,User23,,
1490127047585,Mouse Moved,1409.0,104.0,User23,,
1490127047617,Mouse Moved,1408.0,104.0,User23,,
1490127047678,Mouse Moved,1408.0,103.0,User23,,
1490127047694,Mouse Moved,1408.0,102.0,User23,,
1490127047710,Mouse Moved,1407.0,102.0,User23,,
1490127047740,Mouse Moved,1406.0,101.0,User23,,
1490127047756,Mouse Moved,1405.0,100.0,User23,,
1490127047819,Mouse Moved,1405.0,99.0,User23,,
1490127047835,Mouse Moved,1405.0,97.0,User23,,
1490127047960,Mouse Moved,1406.0,98.0,User23,,
1490127049286,Mouse Moved,1404.0,97.0,User23,,
1490127049301,Mouse Moved,1070.0,245.0,User23,,
1490127049332,Mouse Moved,748.0,465.0,User23,,
1490127049348,Mouse Moved,681.0,518.0,User23,,
1490127049612,Mouse Moved,654.0,539.0,User23,,
1490127049628,Mouse Moved,640.0,547.0,User23,,
1490127049644,Mouse Moved,537.0,609.0,User23,,
1490127049660,Mouse Moved,439.0,658.0,User23,,
1490127049676,Mouse Moved,321.0,707.0,User23,,
1490127049801,Mouse Moved,232.0,741.0,User23,,
1490127049815,Mouse Moved,190.0,762.0,User23,,
1490127050112,Mouse Moved,136.0,791.0,User23,,
1490127050128,Mouse Moved,66.0,852.0,User23,,
1490127050221,Mouse Moved,21.0,863.0,User23,,
1490127050378,Mouse Moved,7.0,862.0,User23,,
1490127051407,Mouse Moved,7.0,862.0,User23,,
1490127051532,Mouse Moved,7.0,862.0,User23,,
1490127052078,Mouse Moved,9.0,856.0,User23,,
1490127052094,Mouse Moved,19.0,852.0,User23,,
1490127052108,Mouse Moved,26.0,847.0,User23,,
1490127052125,Mouse Moved,41.0,836.0,User23,,
1490127052141,Mouse Moved,60.0,805.0,User23,,
1490127052155,Mouse Moved,74.0,785.0,User23,,
1490127052171,Mouse Moved,107.0,764.0,User23,,
1490127052187,Mouse Moved,117.0,760.0,User23,,
1490127052203,Mouse Moved,127.0,752.0,User23,,
1490127052219,Mouse Moved,127.0,747.0,User23,,
1490127052233,Mouse Moved,150.0,738.0,User23,,
1490127052250,Mouse Moved,162.0,730.0,User23,,
1490127052265,Mouse Moved,167.0,728.0,User23,,
1490127052280,Mouse Moved,171.0,727.0,User23,,
1490127052296,Mouse Moved,173.0,727.0,User23,,
1490127052951,Mouse Moved,173.0,734.0,User23,,
1490127052967,Mouse Moved,170.0,747.0,User23,,
1490127052983,Mouse Moved,165.0,777.0,User23,,
1490127052999,Mouse Moved,161.0,798.0,User23,,
1490127053013,Mouse Moved,159.0,805.0,User23,,
1490127053029,Mouse Moved,158.0,809.0,User23,,
1490127053045,Mouse Moved,155.0,822.0,User23,,
1490127053061,Mouse Moved,154.0,827.0,User23,,
1490127053076,Mouse Moved,153.0,829.0,User23,,
1490127055119,Mouse Moved,167.0,863.0,User23,,
1490127055135,Mouse Moved,170.0,863.0,User23,,
1490127055151,Mouse Moved,186.0,863.0,User23,,
1490127055244,Mouse Moved,272.0,863.0,User23,,
1490127055276,Mouse Moved,274.0,863.0,User23,,
1490127055322,Mouse Moved,277.0,863.0,User23,,
1490127055384,Mouse Moved,281.0,862.0,User23,,
1490127055401,Mouse Moved,289.0,855.0,User23,,
1490127055417,Mouse Moved,302.0,848.0,User23,,
1490127055431,Mouse Moved,310.0,845.0,User23,,
1490127055447,Mouse Moved,333.0,837.0,User23,,
1490127055463,Mouse Moved,341.0,837.0,User23,,
1490127055479,Mouse Moved,352.0,837.0,User23,,
1490127055494,Mouse Moved,360.0,839.0,User23,,
1490127055509,Mouse Moved,361.0,839.0,User23,,
1490127055526,Mouse Moved,363.0,841.0,User23,,
1490127055697,Mouse Moved,361.0,841.0,User23,,
1490127055713,Mouse Moved,350.0,834.0,User23,,
1490127055729,Mouse Moved,339.0,829.0,User23,,
1490127055743,Mouse Moved,324.0,822.0,User23,,
1490127055759,Mouse Moved,318.0,814.0,User23,,
1490127055775,Mouse Moved,297.0,790.0,User23,,
1490127055790,Mouse Moved,295.0,786.0,User23,,
1490127055806,Mouse Moved,295.0,785.0,User23,,
1490127056055,Mouse Moved,295.0,786.0,User23,,
1490127056072,Mouse Moved,295.0,786.0,User23,,
1490127056086,Mouse Moved,295.0,786.0,User23,,
1490127056102,Mouse Button.left Pressed,295.0,786.0,User23,,
1490127056275,Mouse Moved,295.0,786.0,User23,,
1490127624711,Mouse Moved,337.0,863.0,User23,1536.0,864.0
1490127624726,Mouse Moved,360.0,858.0,User23,,
1490127624743,Mouse Moved,389.0,834.0,User23,,
1490127624757,Mouse Moved,392.0,830.0,User23,,
1490127624789,Mouse Moved,398.0,825.0,User23,,
1490127624805,Mouse Moved,402.0,822.0,User23,,
1490127624835,Mouse Moved,403.0,822.0,User23,,
1490127624898,Mouse Moved,403.0,821.0,User23,,
1490127624930,Mouse Moved,404.0,821.0,User23,,
1490127624946,Mouse Moved,405.0,820.0,User23,,
1490127625069,Mouse Moved,404.0,821.0,User23,,
1490127625117,Mouse Moved,404.0,821.0,User23,,
1490127625148,Mouse Button.left Pressed,404.0,821.0,User23,,
1490127625164,Mouse Moved,404.0,821.0,User23,,
1490127625210,Mouse Button.left Released,404.0,821.0,User23,,
1490127625601,Mouse Moved,405.0,822.0,User23,,
1490127625615,Mouse Moved,405.0,826.0,User23,,
1490127625648,Mouse Moved,405.0,828.0,User23,,
1490127625678,Mouse Moved,405.0,834.0,User23,,
1490127625694,Mouse Moved,405.0,835.0,User23,,
1490127625710,Mouse Moved,404.0,836.0,User23,,
1490127625726,Mouse Moved,404.0,837.0,User23,,
1490127625740,Mouse Moved,404.0,837.0,User23,,
1490127625756,Mouse Button.left Pressed,404.0,837.0,User23,,
1490127625803,Mouse Moved,404.0,838.0,User23,,
1490127625835,Mouse Moved,404.0,838.0,User23,,
1490127634086,Mouse Moved,404.0,836.0,User23,,
1490127634118,Mouse Moved,412.0,824.0,User23,,
1490127634134,Mouse Moved,524.0,703.0,User23,,
1490127634150,Mouse Moved,606.0,638.0,User23,,
1490127634164,Mouse Moved,666.0,594.0,User23,,
1490127634180,Mouse Moved,687.0,583.0,User23,,
1490127634196,Mouse Moved,697.0,578.0,User23,,
1490127634211,Mouse Moved,715.0,575.0,User23,,
1490127634227,Mouse Moved,721.0,571.0,User23,,
1490127634259,Mouse Moved,725.0,570.0,User23,,
1490127634273,Mouse Moved,729.0,569.0,User23,,
1490127634571,Mouse Moved,732.0,568.0,User23,,
1490127634585,Mouse Moved,774.0,553.0,User23,,
1490127634618,Mouse Moved,806.0,546.0,User23,,
1490127634648,Mouse Moved,921.0,495.0,User23,,
1490127634664,Mouse Moved,965.0,480.0,User23,,
1490127634680,Mouse Moved,983.0,472.0,User23,,
1490127634710,Mouse Moved,993.0,466.0,User23,,
1490127634726,Mouse Moved,1017.0,459.0,User23,,
1490127634773,Mouse Moved,1026.0,456.0,User23,,
1490127634960,Mouse Moved,1030.0,456.0,User23,,
1490127634976,Mouse Moved,1035.0,455.0,User23,,
1490127634992,Mouse Moved,1043.0,454.0,User23,,
1490127635023,Mouse Moved,1067.0,445.0,User23,,
1490127635039,Mouse Moved,1107.0,430.0,User23,,
1490127635053,Mouse Moved,1114.0,427.0,User23,,
1490127635069,Mouse Moved,1118.0,425.0,User23,,
1490127635085,Mouse Moved,1124.0,422.0,User23,,
1490127635101,Mouse Moved,1126.0,422.0,User23,,
1490127635117,Mouse Moved,1127.0,422.0,User23,,
1490127635631,Mouse Moved,1127.0,422.0,User23,,
1490127635740,Mouse Moved,1127.0,422.0,User23,,
1490127635756,Mouse Button.left Released,1127.0,422.0,User23,,
1490127637378,Mouse Moved,1126.0,422.0,User23,,
1490127637394,Mouse Moved,1119.0,422.0,User23,,
1490127637410,Mouse Moved,1110.0,419.0,User23,,
1490127637426,Mouse Moved,1074.0,403.0,User23,,
1490127637440,Mouse Moved,1063.0,397.0,User23,,
1490127637457,Mouse Moved,1035.0,380.0,User23,,
1490127637471,Mouse Moved,1009.0,366.0,User23,,
1490127637487,Mouse Moved,1000.0,360.0,User23,,
1490127637503,Mouse Moved,987.0,353.0,User23,,
1490127637519,Mouse Moved,980.0,346.0,User23,,
1490127637535,Mouse Moved,977.0,345.0,User23,,
1490127637549,Mouse Moved,970.0,337.0,User23,,
1490127637565,Mouse Moved,968.0,335.0,User23,,
1490127637582,Mouse Moved,966.0,330.0,User23,,
1490127637596,Mouse Moved,965.0,325.0,User23,,
1490127637908,Mouse Moved,965.0,323.0,User23,,
1490127637924,Mouse Moved,965.0,322.0,User23,,
1490127637940,Mouse Moved,963.0,315.0,User23,,
1490127637956,Mouse Moved,962.0,312.0,User23,,
1490127637971,Mouse Moved,958.0,295.0,User23,,
1490127637986,Mouse Moved,956.0,288.0,User23,,
1490127638065,Mouse Moved,956.0,287.0,User23,,
1490127638111,Mouse Moved,955.0,285.0,User23,,
1490127638142,Mouse Moved,953.0,284.0,User23,,
1490127638190,Mouse Moved,952.0,283.0,User23,,
1490127638220,Mouse Moved,952.0,282.0,User23,,
1490127638252,Mouse Moved,951.0,282.0,User23,,
1490127638283,Mouse Moved,951.0,281.0,User23,,
1490127639625,Mouse Moved,943.0,294.0,User23,,
1490127639641,Mouse Moved,799.0,498.0,User23,,
1490127639671,Mouse Moved,790.0,504.0,User23,,
1490127639687,Mouse Moved,782.0,510.0,User23,,
1490127639921,Mouse Moved,781.0,510.0,User23,,
1490127639937,Mouse Moved,776.0,513.0,User23,,
1490127640046,Mouse Moved,755.0,523.0,User23,,
1490127640062,Mouse Moved,736.0,534.0,User23,,
1490127640078,Mouse Moved,727.0,536.0,User23,,
1490127640092,Mouse Moved,726.0,536.0,User23,,
1490127640108,Mouse Moved,725.0,537.0,User23,,
1490127640233,Mouse Moved,723.0,537.0,User23,,
1490127640249,Mouse Moved,720.0,538.0,User23,,
1490127640296,Mouse Moved,720.0,538.0,User23,,
1490127640982,Mouse Moved,720.0,538.0,User23,,
1490127641013,Mouse Moved,720.0,538.0,User23,,
1490127642230,Mouse Moved,720.0,538.0,User23,,
1490127642323,Mouse Moved,720.0,538.0,User23,,
1490127642760,Mouse Moved,721.0,537.0,User23,,
1490127642776,Mouse Moved,730.0,524.0,User23,,
1490127642792,Mouse Moved,742.0,507.0,User23,,
1490127642808,Mouse Moved,777.0,462.0,User23,,
1490127642822,Mouse Moved,800.0,442.0,User23,,
1490127642838,Mouse Moved,819.0,420.0,User23,,
1490127642854,Mouse Moved,829.0,406.0,User23,,
1490127642869,Mouse Moved,838.0,394.0,User23,,
1490127642885,Mouse Moved,843.0,388.0,User23,,
1490127642901,Mouse Moved,845.0,383.0,User23,,
1490127642917,Mouse Moved,847.0,381.0,User23,,
1490127642931,Mouse Moved,847.0,380.0,User23,,
1490127642947,Mouse Moved,847.0,379.0,User23,,
1490127642979,Mouse Moved,847.0,377.0,User23,,
1490127642994,Mouse Moved,847.0,376.0,User23,,
1490127643026,Mouse Moved,845.0,374.0,User23,,
1490127643056,Mouse Moved,839.0,368.0,User23,,
1490127643088,Mouse Moved,829.0,361.0,User23,,
1490127643104,Mouse Moved,815.0,354.0,User23,,
1490127643119,Mouse Moved,812.0,353.0,User23,,
1490127643134,Mouse Moved,807.0,350.0,User23,,
1490127643151,Mouse Moved,804.0,349.0,User23,,
1490127643165,Mouse Moved,801.0,346.0,User23,,
1490127643181,Mouse Moved,798.0,344.0,User23,,
1490127643197,Mouse Moved,795.0,341.0,User23,,
1490127643213,Mouse Moved,792.0,340.0,User23,,
1490127643229,Mouse Moved,791.0,340.0,User23,,
1490127643243,Mouse Moved,789.0,339.0,User23,,
1490127643259,Mouse Moved,790.0,339.0,User23,,
1490127643384,Mouse Moved,790.0,339.0,User23,,
1490127644398,Mouse Moved,791.0,339.0,User23,,
1490127644414,Mouse Moved,830.0,346.0,User23,,
1490127644430,Mouse Moved,841.0,352.0,User23,,
1490127644446,Mouse Moved,876.0,366.0,User23,,
1490127644460,Mouse Moved,920.0,384.0,User23,,
1490127644476,Mouse Moved,957.0,399.0,User23,,
1490127644492,Mouse Moved,966.0,405.0,User23,,
1490127644507,Mouse Moved,976.0,409.0,User23,,
1490127644523,Mouse Moved,990.0,428.0,User23,,
1490127644539,Mouse Moved,999.0,445.0,User23,,
1490127644555,Mouse Moved,1008.0,464.0,User23,,
1490127644569,Mouse Moved,1009.0,468.0,User23,,
1490127644976,Mouse Moved,1009.0,467.0,User23,,
1490127644992,Mouse Moved,1009.0,467.0,User23,,
1490127645006,Mouse Scrolled (0 -1),1009.0,467.0,User23,,
1490127645023,Mouse Moved,1009.0,467.0,User23,,
1490127645038,Mouse Scrolled (0 -1),1009.0,467.0,User23,,
1490127645131,Mouse Moved,1009.0,467.0,User23,,
1490127645413,Mouse Moved,1009.0,467.0,User23,,
1490127654788,Mouse Moved,1009.0,467.0,User23,,
1490127655006,Mouse Moved,1009.0,467.0,User23,,
1490127655163,Mouse Moved,1009.0,467.0,User23,,
1490127655177,Mouse Scrolled (0 1),1009.0,467.0,User23,,
1490127655302,Mouse Moved,1009.0,467.0,User23,,
1490127663322,Mouse Moved,1009.0,467.0,User23,,
1490127663400,Mouse Moved,1009.0,467.0,User23,,
1490127663696,Mouse Moved,1009.0,467.0,User23,,
1490127663773,Mouse Moved,1009.0,466.0,User23,,
1490127663805,Mouse Moved,1009.0,464.0,User23,,
1490127663821,Mouse Moved,1009.0,462.0,User23,,
1490127663835,Mouse Moved,1009.0,459.0,User23,,
1490127663851,Mouse Moved,1009.0,457.0,User23,,
1490127663868,Mouse Moved,1009.0,456.0,User23,,
1490127664273,Mouse Moved,1008.0,455.0,User23,,
1490127664289,Mouse Moved,991.0,440.0,User23,,
1490127664303,Mouse Moved,972.0,415.0,User23,,
1490127664319,Mouse Moved,927.0,328.0,User23,,
1490127664335,Mouse Moved,921.0,324.0,User23,,
1490127664351,Mouse Moved,913.0,314.0,User23,,
1490127664367,Mouse Moved,907.0,308.0,User23,,
1490127664381,Mouse Moved,899.0,297.0,User23,,
1490127664398,Mouse Moved,893.0,291.0,User23,,
1490127664414,Mouse Moved,888.0,280.0,User23,,
1490127664428,Mouse Moved,884.0,275.0,User23,,
1490127664444,Mouse Moved,883.0,275.0,User23,,
1490127664460,Mouse Moved,882.0,272.0,User23,,
1490127664476,Mouse Moved,882.0,270.0,User23,,
1490127664492,Mouse Moved,882.0,266.0,User23,,
1490127664506,Mouse Moved,884.0,260.0,User23,,
1490127664523,Mouse Moved,902.0,245.0,User23,,
1490127664538,Mouse Moved,909.0,243.0,User23,,
1490127664553,Mouse Moved,922.0,242.0,User23,,
1490127664569,Mouse Moved,936.0,243.0,User23,,
1490127664585,Mouse Moved,942.0,243.0,User23,,
1490127664601,Mouse Moved,952.0,248.0,User23,,
1490127664615,Mouse Moved,957.0,248.0,User23,,
1490127664631,Mouse Moved,962.0,251.0,User23,,
1490127664648,Mouse Moved,968.0,257.0,User23,,
1490127664663,Mouse Moved,968.0,258.0,User23,,
1490127664678,Mouse Moved,973.0,263.0,User23,,
1490127664694,Mouse Moved,975.0,264.0,User23,,
1490127664710,Mouse Moved,976.0,265.0,User23,,
1490127664756,Mouse Moved,976.0,266.0,User23,,
1490127664772,Mouse Moved,977.0,267.0,User23,,
1490127664803,Mouse Moved,977.0,269.0,User23,,
1490127664819,Mouse Moved,977.0,272.0,User23,,
1490127664835,Mouse Moved,974.0,278.0,User23,,
1490127664849,Mouse Moved,971.0,284.0,User23,,
1490127664865,Mouse Moved,966.0,291.0,User23,,
1490127664881,Mouse Moved,958.0,302.0,User23,,
1490127664897,Mouse Moved,932.0,343.0,User23,,
1490127664913,Mouse Moved,912.0,380.0,User23,,
1490127664927,Mouse Moved,896.0,409.0,User23,,
1490127664944,Mouse Moved,890.0,421.0,User23,,
1490127664960,Mouse Moved,884.0,433.0,User23,,
1490127665147,Mouse Moved,883.0,437.0,User23,,
1490127665161,Mouse Moved,882.0,438.0,User23,,
1490127665177,Mouse Moved,880.0,441.0,User23,,
1490127665194,Mouse Moved,872.0,452.0,User23,,
1490127665209,Mouse Moved,861.0,463.0,User23,,
1490127665224,Mouse Moved,818.0,509.0,User23,,
1490127665240,Mouse Moved,796.0,526.0,User23,,
1490127665256,Mouse Moved,777.0,539.0,User23,,
1490127665272,Mouse Moved,760.0,544.0,User23,,
1490127665286,Mouse Moved,759.0,545.0,User23,,
1490127665302,Mouse Moved,757.0,545.0,User23,,
1490127665318,Mouse Moved,757.0,546.0,User23,,
1490127665334,Mouse Moved,756.0,546.0,User23,,
1490127665349,Mouse Moved,753.0,547.0,User23,,
1490127665395,Mouse Moved,752.0,547.0,User23,,
1490127665427,Mouse Moved,751.0,547.0,User23,,
1490127665443,Mouse Moved,749.0,547.0,User23,,
1490127665459,Mouse Moved,746.0,545.0,User23,,
1490127665473,Mouse Moved,744.0,542.0,User23,,
1490127665490,Mouse Moved,741.0,540.0,User23,,
1490127665506,Mouse Moved,740.0,539.0,User23,,
1490127665520,Mouse Moved,739.0,537.0,User23,,
1490127665536,Mouse Moved,738.0,537.0,User23,,
1490127665568,Mouse Moved,738.0,536.0,User23,,
1490127665661,Mouse Moved,738.0,537.0,User23,,
1490127665677,Mouse Moved,738.0,537.0,User23,,
1490127665895,Mouse Moved,737.0,534.0,User23,,
1490127665911,Mouse Moved,737.0,528.0,User23,,
1490127665927,Mouse Moved,740.0,472.0,User23,,
1490127665941,Mouse Moved,742.0,442.0,User23,,
1490127665957,Mouse Moved,742.0,389.0,User23,,
1490127665973,Mouse Moved,743.0,365.0,User23,,
1490127665989,Mouse Moved,743.0,350.0,User23,,
1490127666005,Mouse Moved,743.0,345.0,User23,,
1490127666019,Mouse Moved,743.0,338.0,User23,,
1490127666036,Mouse Moved,742.0,333.0,User23,,
1490127666052,Mouse Moved,741.0,331.0,User23,,
1490127666066,Mouse Moved,738.0,328.0,User23,,
1490127666082,Mouse Moved,737.0,327.0,User23,,
1490127666114,Mouse Moved,737.0,326.0,User23,,
1490127666130,Mouse Moved,737.0,325.0,User23,,
1490127666144,Mouse Moved,736.0,325.0,User23,,
1490127666161,Mouse Moved,736.0,324.0,User23,,
1490127666223,Mouse Moved,735.0,326.0,User23,,
1490127666239,Mouse Moved,734.0,328.0,User23,,
1490127666253,Mouse Moved,732.0,335.0,User23,,
1490127666269,Mouse Moved,728.0,358.0,User23,,
1490127666286,Mouse Moved,728.0,374.0,User23,,
1490127666301,Mouse Moved,727.0,381.0,User23,,
1490127666316,Mouse Moved,726.0,388.0,User23,,
1490127666332,Mouse Moved,726.0,390.0,User23,,
1490127666348,Mouse Moved,726.0,392.0,User23,,
1490127666426,Mouse Moved,726.0,392.0,User23,,
1490127666519,Mouse Moved,726.0,392.0,User23,,
1490127666862,Mouse Moved,725.0,390.0,User23,,
1490127666878,Mouse Moved,724.0,389.0,User23,,
1490127666894,Mouse Moved,722.0,385.0,User23,,
1490127666910,Mouse Moved,721.0,384.0,User23,,
1490127666924,Mouse Moved,720.0,381.0,User23,,
1490127666940,Mouse Moved,719.0,380.0,User23,,
1490127666956,Mouse Moved,718.0,379.0,User23,,
1490127666971,Mouse Moved,717.0,378.0,User23,,
1490127666987,Mouse Moved,716.0,377.0,User23,,
1490127667003,Mouse Moved,716.0,376.0,User23,,
1490127667019,Mouse Moved,717.0,377.0,User23,,
1490127667033,Mouse Moved,717.0,377.0,User23,,
1490127667128,Mouse Moved,717.0,377.0,User23,,
1490127929426,Mouse Moved,718.0,375.0,User23,,
1490127929441,Mouse Moved,724.0,372.0,User23,,
1490127929457,Mouse Moved,741.0,363.0,User23,,
1490127929473,Mouse Moved,752.0,358.0,User23,,
1490127929489,Mouse Moved,775.0,354.0,User23,,
1490127929614,Mouse Moved,801.0,354.0,User23,,
1490127929628,Mouse Moved,850.0,393.0,User23,,
1490127929769,Mouse Moved,850.0,398.0,User23,,
1490127929785,Mouse Moved,785.0,414.0,User23,,
1490127929926,Mouse Moved,770.0,390.0,User23,,
1490127929940,Mouse Moved,758.0,367.0,User23,,
1490127930065,Mouse Moved,749.0,355.0,User23,,
1490127930096,Mouse Moved,746.0,350.0,User23,,
1490127930237,Mouse Moved,746.0,350.0,User23,,
1490127930253,Mouse Button.right Pressed,746.0,350.0,User23,,
1490127930315,Mouse Moved,746.0,350.0,User23,,
1490127930628,Mouse Moved,748.0,350.0,User23,,
1490127930642,Mouse Moved,757.0,347.0,User23,,
1490127930658,Mouse Moved,764.0,345.0,User23,,
1490127930674,Mouse Moved,780.0,344.0,User23,,
1490127930690,Mouse Moved,785.0,344.0,User23,,
1490127930706,Mouse Moved,791.0,345.0,User23,,
1490127930720,Mouse Moved,795.0,346.0,User23,,
1490127930736,Mouse Moved,797.0,348.0,User23,,
1490127930752,Mouse Moved,799.0,350.0,User23,,
1490127930767,Mouse Moved,800.0,350.0,User23,,
1490127930783,Mouse Moved,801.0,351.0,User23,,
1490127930829,Mouse Moved,801.0,352.0,User23,,
1490127930845,Mouse Moved,802.0,352.0,User23,,
1490127930861,Mouse Moved,802.0,353.0,User23,,
1490127930877,Mouse Moved,803.0,354.0,User23,,
1490127930907,Mouse Moved,803.0,355.0,User23,,
1490127930924,Mouse Moved,804.0,357.0,User23,,
1490127930940,Mouse Moved,807.0,369.0,User23,,
1490127930954,Mouse Moved,808.0,385.0,User23,,
1490127930970,Mouse Moved,808.0,397.0,User23,,
1490127930986,Mouse Moved,808.0,411.0,User23,,
1490127931002,Mouse Moved,808.0,421.0,User23,,
1490127931017,Mouse Moved,808.0,424.0,User23,,
1490127931298,Mouse Moved,809.0,424.0,User23,,
1490127931313,Mouse Moved,810.0,424.0,User23,,
1490127931329,Mouse Moved,811.0,424.0,User23,,
1490127931375,Mouse Moved,812.0,424.0,User23,,
1490127931438,Mouse Moved,812.0,423.0,User23,,
1490127931453,Mouse Moved,812.0,421.0,User23,,
1490127931486,Mouse Moved,811.0,418.0,User23,,
1490127931500,Mouse Moved,811.0,416.0,User23,,
1490127931516,Mouse Moved,810.0,415.0,User23,,
1490127931532,Mouse Moved,809.0,414.0,User23,,
1490127931563,Mouse Moved,809.0,413.0,User23,,
1490127931595,Mouse Moved,808.0,412.0,User23,,
1490127932155,Mouse Moved,808.0,413.0,User23,,
1490127932233,Mouse Moved,808.0,413.0,User23,,
1490127943591,Mouse Moved,807.0,412.0,User23,,
1490127943607,Mouse Moved,806.0,414.0,User23,,
1490127943621,Mouse Moved,804.0,416.0,User23,,
1490127943638,Mouse Moved,795.0,422.0,User23,,
1490127943654,Mouse Moved,780.0,431.0,User23,,
1490127943668,Mouse Moved,729.0,456.0,User23,,
1490127943684,Mouse Moved,692.0,474.0,User23,,
1490127943700,Mouse Moved,637.0,491.0,User23,,
1490127943716,Mouse Moved,571.0,506.0,User23,,
1490127943732,Mouse Moved,556.0,512.0,User23,,
1490127943746,Mouse Moved,534.0,517.0,User23,,
1490127943763,Mouse Moved,523.0,518.0,User23,,
1490127943778,Mouse Moved,508.0,518.0,User23,,
1490127943793,Mouse Moved,505.0,518.0,User23,,
1490127943809,Mouse Moved,502.0,518.0,User23,,
1490127943825,Mouse Moved,500.0,518.0,User23,,
1490127943841,Mouse Moved,499.0,518.0,User23,,
1490127954059,Mouse Moved,498.0,527.0,User23,,
1490127954151,Mouse Moved,487.0,544.0,User23,,
1490127954167,Mouse Moved,333.0,750.0,User23,,
1490127954184,Mouse Moved,329.0,754.0,User23,,
1490127954198,Mouse Moved,325.0,761.0,User23,,
1490127954214,Mouse Moved,321.0,762.0,User23,,
1490127954230,Mouse Moved,319.0,763.0,User23,,
1490127954246,Mouse Moved,316.0,764.0,User23,,
1490127954262,Mouse Moved,315.0,764.0,User23,,
1490127954276,Mouse Moved,313.0,764.0,User23,,
1490127954292,Mouse Moved,311.0,763.0,User23,,
1490127954308,Mouse Moved,309.0,761.0,User23,,
1490127954323,Mouse Moved,300.0,749.0,User23,,
1490127954339,Mouse Moved,288.0,735.0,User23,,
1490127954355,Mouse Moved,284.0,729.0,User23,,
1490127954371,Mouse Moved,281.0,721.0,User23,,
1490127954385,Mouse Moved,276.0,714.0,User23,,
1490127954401,Mouse Moved,272.0,706.0,User23,,
1490127954417,Mouse Moved,270.0,702.0,User23,,
1490127954433,Mouse Moved,264.0,691.0,User23,,
1490127954448,Mouse Moved,262.0,678.0,User23,,
1490127954463,Mouse Moved,261.0,666.0,User23,,
1490127955400,Mouse Moved,257.0,666.0,User23,,
1490127955415,Mouse Moved,254.0,668.0,User23,,
1490127955431,Mouse Moved,231.0,688.0,User23,,
1490127955447,Mouse Moved,211.0,705.0,User23,,
1490127955477,Mouse Moved,120.0,786.0,User23,,
1490127955493,Mouse Moved,88.0,816.0,User23,,
1490127955509,Mouse Moved,82.0,820.0,User23,,
1490127955525,Mouse Moved,66.0,830.0,User23,,
1490127955540,Mouse Moved,64.0,831.0,User23,,
1490127955555,Mouse Moved,57.0,833.0,User23,,
1490127955572,Mouse Moved,56.0,833.0,User23,,
1490127955588,Mouse Moved,53.0,833.0,User23,,
1490127955852,Mouse Moved,51.0,835.0,User23,,
1490127955868,Mouse Moved,49.0,837.0,User23,,
1490127955884,Mouse Moved,41.0,842.0,User23,,
1490127955900,Mouse Moved,38.0,845.0,User23,,
1490127955914,Mouse Moved,35.0,848.0,User23,,
1490127955930,Mouse Moved,31.0,850.0,User23,,
1490127955946,Mouse Moved,30.0,852.0,User23,,
1490127955961,Mouse Moved,29.0,852.0,User23,,
1490127968940,Mouse Moved,30.0,850.0,User23,,
1490127968957,Mouse Moved,150.0,735.0,User23,,
1490127969065,Mouse Moved,156.0,732.0,User23,,
1490127969082,Mouse Moved,159.0,731.0,User23,,
1490127969096,Mouse Moved,173.0,782.0,User23,,
1490127969112,Mouse Moved,168.0,815.0,User23,,
1490127969206,Mouse Moved,163.0,824.0,User23,,
1490127969221,Mouse Moved,161.0,827.0,User23,,
1490127969237,Mouse Moved,158.0,830.0,User23,,
1490127969346,Mouse Moved,157.0,830.0,User23,,
1490127969361,Mouse Moved,155.0,820.0,User23,,
1490127969517,Mouse Moved,151.0,794.0,User23,,
1490127969533,Mouse Moved,151.0,794.0,User23,,
1490127969877,Mouse Moved,145.0,793.0,User23,,
1490127969892,Mouse Moved,33.0,791.0,User23,,
1490127970017,Mouse Moved,38.0,748.0,User23,,
1490127970032,Mouse Moved,102.0,705.0,User23,,
1490127970174,Mouse Moved,93.0,748.0,User23,,
1490127970188,Mouse Moved,56.0,772.0,User23,,
1490127970204,Mouse Moved,113.0,613.0,User23,,
1490127970282,Mouse Moved,114.0,613.0,User23,,
1490127970298,Mouse Moved,108.0,679.0,User23,,
1490127970313,Mouse Moved,29.0,801.0,User23,,
1490127970329,Mouse Moved,25.0,803.0,User23,,
1490127970345,Mouse Moved,24.0,803.0,User23,,
1490127970361,Mouse Moved,27.0,796.0,User23,,
1490127970375,Mouse Moved,38.0,783.0,User23,,
1490127970391,Mouse Moved,45.0,776.0,User23,,
1490127970407,Mouse Moved,58.0,770.0,User23,,
1490127970423,Mouse Moved,65.0,770.0,User23,,
1490127970438,Mouse Moved,66.0,773.0,User23,,
1490127970453,Mouse Moved,66.0,783.0,User23,,
1490127970470,Mouse Moved,63.0,794.0,User23,,
1490127970486,Mouse Moved,49.0,810.0,User23,,
1490127970500,Mouse Moved,45.0,814.0,User23,,
1490127970516,Mouse Moved,44.0,817.0,User23,,
1490127970532,Mouse Moved,43.0,818.0,User23,,
1490127970548,Mouse Moved,43.0,815.0,User23,,
1490127970563,Mouse Moved,51.0,801.0,User23,,
1490127970578,Mouse Moved,54.0,796.0,User23,,
1490127970734,Mouse Moved,53.0,796.0,User23,,
1490127970766,Mouse Moved,51.0,795.0,User23,,
1490127970782,Mouse Moved,47.0,795.0,User23,,
1490127970798,Mouse Moved,44.0,794.0,User23,,
1490127970812,Mouse Moved,42.0,793.0,User23,,
1490127970828,Mouse Moved,39.0,790.0,User23,,
1490127970844,Mouse Moved,36.0,784.0,User23,,
1490127970859,Mouse Moved,35.0,783.0,User23,,
1490127970875,Mouse Moved,35.0,780.0,User23,,
1490127976055,Mouse Moved,36.0,778.0,User23,,
1490127976069,Mouse Moved,85.0,727.0,User23,,
1490127976085,Mouse Moved,118.0,700.0,User23,,
1490127976101,Mouse Moved,186.0,667.0,User23,,
1490127976117,Mouse Moved,202.0,663.0,User23,,
1490127976132,Mouse Moved,218.0,663.0,User23,,
1490127976148,Mouse Moved,225.0,672.0,User23,,
1490127976164,Mouse Moved,226.0,697.0,User23,,
1490127976180,Mouse Moved,216.0,716.0,User23,,
1490127976194,Mouse Moved,168.0,763.0,User23,,
1490127976210,Mouse Moved,139.0,788.0,User23,,
1490127976226,Mouse Moved,105.0,809.0,User23,,
1490127976242,Mouse Moved,96.0,812.0,User23,,
1490127976273,Mouse Moved,87.0,812.0,User23,,
1490127976289,Mouse Moved,80.0,800.0,User23,,
1490127976303,Mouse Moved,79.0,786.0,User23,,
1490127976319,Mouse Moved,79.0,779.0,User23,,
1490127976335,Mouse Moved,87.0,766.0,User23,,
1490127976351,Mouse Moved,98.0,760.0,User23,,
1490127976367,Mouse Moved,120.0,752.0,User23,,
1490127976381,Mouse Moved,131.0,752.0,User23,,
1490127976398,Mouse Moved,141.0,755.0,User23,,
1490127976414,Mouse Moved,144.0,758.0,User23,,
1490127976428,Mouse Moved,147.0,773.0,User23,,
1490127976444,Mouse Moved,139.0,797.0,User23,,
1490127976460,Mouse Moved,109.0,845.0,User23,,
1490127976506,Mouse Moved,36.0,859.0,User23,,
1490127976523,Mouse Moved,33.0,851.0,User23,,
1490127976538,Mouse Moved,31.0,842.0,User23,,
1490127976553,Mouse Moved,31.0,828.0,User23,,
1490127976569,Mouse Moved,31.0,824.0,User23,,
1490127976585,Mouse Moved,33.0,818.0,User23,,
1490127976601,Mouse Moved,40.0,810.0,User23,,
1490127976615,Mouse Moved,58.0,802.0,User23,,
1490127976631,Mouse Moved,79.0,805.0,User23,,
1490127976648,Mouse Moved,89.0,812.0,User23,,
1490127976663,Mouse Moved,90.0,814.0,User23,,
1490127976678,Mouse Moved,92.0,819.0,User23,,
1490127976694,Mouse Moved,92.0,823.0,User23,,
1490127976710,Mouse Moved,70.0,845.0,User23,,
1490127976726,Mouse Moved,56.0,855.0,User23,,
1490127976740,Mouse Moved,38.0,860.0,User23,,
1490127976756,Mouse Moved,28.0,856.0,User23,,
1490127976772,Mouse Moved,25.0,853.0,User23,,
1490127976788,Mouse Moved,21.0,841.0,User23,,
1490127976803,Mouse Moved,21.0,836.0,User23,,
1490127976819,Mouse Moved,21.0,832.0,User23,,
1490127976849,Mouse Moved,22.0,828.0,User23,,
1490127976865,Mouse Moved,45.0,816.0,User23,,
1490127976881,Mouse Moved,71.0,814.0,User23,,
1490127976897,Mouse Moved,82.0,817.0,User23,,
1490127976913,Mouse Moved,96.0,824.0,User23,,
1490127976927,Mouse Moved,102.0,830.0,User23,,
1490127976944,Mouse Moved,104.0,836.0,User23,,
1490127976960,Mouse Moved,101.0,853.0,User23,,
1490127976990,Mouse Moved,88.0,863.0,User23,,
1490127977006,Mouse Moved,73.0,863.0,User23,,
1490127977038,Mouse Moved,50.0,861.0,User23,,
1490127977052,Mouse Moved,36.0,853.0,User23,,
1490127977069,Mouse Moved,28.0,848.0,User23,,
1490127977084,Mouse Moved,19.0,840.0,User23,,
1490127977099,Mouse Moved,13.0,833.0,User23,,
1490127977115,Mouse Moved,4.0,822.0,User23,,
1490127977131,Mouse Moved,1.0,817.0,User23,,
1490127977615,Mouse Moved,3.0,808.0,User23,,
1490127977630,Mouse Moved,6.0,804.0,User23,,
1490127977645,Mouse Moved,71.0,749.0,User23,,
1490127977661,Mouse Moved,147.0,714.0,User23,,
1490127977677,Mouse Moved,191.0,699.0,User23,,
1490127977693,Mouse Moved,234.0,687.0,User23,,
1490127977707,Mouse Moved,256.0,687.0,User23,,
1490127977723,Mouse Moved,284.0,685.0,User23,,
1490127977740,Mouse Moved,290.0,688.0,User23,,
1490127977755,Mouse Moved,292.0,693.0,User23,,
1490127977770,Mouse Moved,292.0,729.0,User23,,
1490127977786,Mouse Moved,277.0,765.0,User23,,
1490127977802,Mouse Moved,232.0,819.0,User23,,
1490127977818,Mouse Moved,159.0,863.0,User23,,
1490127977832,Mouse Moved,102.0,863.0,User23,,
1490127977864,Mouse Moved,79.0,863.0,User23,,
1490127977880,Mouse Moved,68.0,863.0,User23,,
1490127977895,Mouse Moved,64.0,862.0,User23,,
1490127977911,Mouse Moved,57.0,847.0,User23,,
1490127977927,Mouse Moved,55.0,832.0,User23,,
1490127977941,Mouse Moved,55.0,803.0,User23,,
1490127977957,Mouse Moved,58.0,791.0,User23,,
1490127977973,Mouse Moved,70.0,747.0,User23,,
1490127977989,Mouse Moved,75.0,737.0,User23,,
1490127978005,Mouse Moved,79.0,733.0,User23,,
1490127990750,Mouse Moved,86.0,723.0,User23,,
1490127990766,Mouse Moved,264.0,577.0,User23,,
1490127990844,Mouse Moved,431.0,467.0,User23,,
1490127990858,Mouse Moved,475.0,448.0,User23,,
1490127991155,Mouse Moved,482.0,445.0,User23,,
1490127991171,Mouse Moved,478.0,432.0,User23,,
1490127991187,Mouse Moved,474.0,413.0,User23,,
1490127991201,Mouse Moved,456.0,338.0,User23,,
1490127991217,Mouse Moved,444.0,284.0,User23,,
1490127991233,Mouse Moved,436.0,222.0,User23,,
1490127991249,Mouse Moved,433.0,203.0,User23,,
1490127991265,Mouse Moved,431.0,193.0,User23,,
1490127991279,Mouse Moved,427.0,185.0,User23,,
1490127991296,Mouse Moved,426.0,184.0,User23,,
1490127991312,Mouse Moved,422.0,180.0,User23,,
1490127991326,Mouse Moved,420.0,179.0,User23,,
1490127991561,Mouse Moved,419.0,179.0,User23,,
1490127991576,Mouse Moved,417.0,179.0,User23,,
1490127991592,Mouse Moved,415.0,179.0,User23,,
1490127991608,Mouse Moved,407.0,179.0,User23,,
1490127991624,Mouse Moved,404.0,179.0,User23,,
1490127991638,Mouse Moved,397.0,179.0,User23,,
1490127991654,Mouse Moved,396.0,178.0,User23,,
1490127991670,Mouse Moved,392.0,177.0,User23,,
1490127991686,Mouse Moved,390.0,177.0,User23,,
1490127991717,Mouse Moved,388.0,177.0,User23,,
1490127991733,Mouse Moved,387.0,177.0,User23,,
1490127991936,Mouse Moved,387.0,178.0,User23,,
1490127991950,Mouse Moved,389.0,181.0,User23,,
1490127991967,Mouse Moved,427.0,209.0,User23,,
1490127991982,Mouse Moved,503.0,262.0,User23,,
1490127991997,Mouse Moved,578.0,330.0,User23,,
1490127992013,Mouse Moved,616.0,375.0,User23,,
1490127992029,Mouse Moved,675.0,447.0,User23,,
1490127992045,Mouse Moved,704.0,502.0,User23,,
1490127992059,Mouse Moved,728.0,561.0,User23,,
1490127992075,Mouse Moved,736.0,588.0,User23,,
1490127992092,Mouse Moved,736.0,596.0,User23,,
1490127992341,Mouse Moved,727.0,600.0,User23,,
1490127992357,Mouse Moved,705.0,608.0,User23,,
1490127992371,Mouse Moved,616.0,633.0,User23,,
1490127992388,Mouse Moved,582.0,640.0,User23,,
1490127992404,Mouse Moved,506.0,648.0,User23,,
1490127992418,Mouse Moved,478.0,651.0,User23,,
1490127992434,Mouse Moved,423.0,651.0,User23,,
1490127992450,Mouse Moved,414.0,650.0,User23,,
1490127992466,Mouse Moved,402.0,647.0,User23,,
1490127992482,Mouse Moved,399.0,644.0,User23,,
1490127992496,Mouse Moved,397.0,636.0,User23,,
1490127992513,Mouse Moved,448.0,549.0,User23,,
1490127992528,Mouse Moved,489.0,502.0,User23,,
1490127992543,Mouse Moved,689.0,324.0,User23,,
1490127992559,Mouse Moved,746.0,284.0,User23,,
1490127992575,Mouse Moved,886.0,214.0,User23,,
1490127992591,Mouse Moved,919.0,204.0,User23,,
1490127992621,Mouse Moved,932.0,201.0,User23,,
1490127992638,Mouse Moved,948.0,197.0,User23,,
1490127992668,Mouse Moved,948.0,197.0,User23,,
1490127992684,Mouse Moved,929.0,203.0,User23,,
1490127992700,Mouse Moved,823.0,237.0,User23,,
1490127992716,Mouse Moved,766.0,256.0,User23,,
1490127992730,Mouse Moved,641.0,304.0,User23,,
1490127992746,Mouse Moved,557.0,333.0,User23,,
1490127992762,Mouse Moved,505.0,348.0,User23,,
1490127992778,Mouse Moved,424.0,371.0,User23,,
1490127992793,Mouse Moved,382.0,379.0,User23,,
1490127992809,Mouse Moved,368.0,381.0,User23,,
1490127992825,Mouse Moved,366.0,381.0,User23,,
1490127992839,Mouse Moved,364.0,381.0,User23,,
1490127992855,Mouse Moved,363.0,381.0,User23,,
1490127993028,Mouse Moved,362.0,385.0,User23,,
1490127993042,Mouse Moved,355.0,396.0,User23,,
1490127993059,Mouse Moved,307.0,472.0,User23,,
1490127993073,Mouse Moved,274.0,511.0,User23,,
1490127993089,Mouse Moved,187.0,591.0,User23,,
1490127993105,Mouse Moved,131.0,639.0,User23,,
1490127993121,Mouse Moved,106.0,657.0,User23,,
1490127993137,Mouse Moved,79.0,674.0,User23,,
1490127993151,Mouse Moved,71.0,677.0,User23,,
1490127993167,Mouse Moved,59.0,679.0,User23,,
1490127993184,Mouse Moved,57.0,679.0,User23,,
1490127993198,Mouse Moved,54.0,679.0,User23,,
1490127993214,Mouse Moved,53.0,678.0,User23,,
1490127993230,Mouse Moved,49.0,669.0,User23,,
1490127993262,Mouse Moved,49.0,666.0,User23,,
1490127993276,Mouse Moved,54.0,638.0,User23,,
1490127993292,Mouse Moved,73.0,613.0,User23,,
1490127993308,Mouse Moved,99.0,600.0,User23,,
1490127993323,Mouse Moved,113.0,600.0,User23,,
1490127993339,Mouse Moved,144.0,604.0,User23,,
1490127993355,Mouse Moved,202.0,614.0,User23,,
1490127993371,Mouse Moved,216.0,619.0,User23,,
1490127993385,Mouse Moved,241.0,637.0,User23,,
1490127993401,Mouse Moved,260.0,662.0,User23,,
1490127993417,Mouse Moved,265.0,675.0,User23,,
1490127993433,Mouse Moved,269.0,711.0,User23,,
1490127993448,Mouse Moved,266.0,721.0,User23,,
1490127993463,Mouse Moved,247.0,745.0,User23,,
1490127993480,Mouse Moved,217.0,766.0,User23,,
1490127993496,Mouse Moved,161.0,799.0,User23,,
1490127993510,Mouse Moved,134.0,808.0,User23,,
1490127993526,Mouse Moved,84.0,816.0,User23,,
1490127993542,Mouse Moved,62.0,816.0,User23,,
1490127993558,Mouse Moved,31.0,813.0,User23,,
1490127993573,Mouse Moved,18.0,808.0,User23,,
1490127993588,Mouse Moved,13.0,808.0,User23,,
1490127993605,Mouse Moved,9.0,806.0,User23,,
1490127993619,Mouse Moved,9.0,805.0,User23,,
1490127993635,Mouse Moved,7.0,798.0,User23,,
1490127993651,Mouse Moved,7.0,795.0,User23,,
1490127993667,Mouse Moved,7.0,787.0,User23,,
1490127993683,Mouse Moved,9.0,781.0,User23,,
1490127993697,Mouse Moved,24.0,763.0,User23,,
1490127993713,Mouse Moved,44.0,754.0,User23,,
1490127993730,Mouse Moved,52.0,754.0,User23,,
1490127993744,Mouse Moved,60.0,757.0,User23,,
1490127993760,Mouse Moved,62.0,757.0,User23,,
1490127993776,Mouse Moved,64.0,763.0,User23,,
1490127993792,Mouse Moved,64.0,768.0,User23,,
1490127993808,Mouse Moved,55.0,791.0,User23,,
1490127993822,Mouse Moved,48.0,801.0,User23,,
1490127993838,Mouse Moved,47.0,802.0,User23,,
1490127993854,Mouse Moved,45.0,803.0,User23,,
1490127993901,Mouse Moved,45.0,782.0,User23,,
1490127993917,Mouse Moved,60.0,759.0,User23,,
1490127993931,Mouse Moved,70.0,752.0,User23,,
1490127993947,Mouse Moved,86.0,750.0,User23,,
1490127993963,Mouse Moved,99.0,757.0,User23,,
1490127993979,Mouse Moved,106.0,763.0,User23,,
1490127993994,Mouse Moved,111.0,769.0,User23,,
1490127994009,Mouse Moved,109.0,781.0,User23,,
1490127994026,Mouse Moved,103.0,791.0,User23,,
1490127994042,Mouse Moved,83.0,810.0,User23,,
1490127994056,Mouse Moved,73.0,816.0,User23,,
1490127994072,Mouse Moved,59.0,821.0,User23,,
1490127994088,Mouse Moved,56.0,819.0,User23,,
1490127994104,Mouse Moved,54.0,784.0,User23,,
1490127994119,Mouse Moved,58.0,768.0,User23,,
1490127994134,Mouse Moved,66.0,754.0,User23,,
1490127994151,Mouse Moved,70.0,751.0,User23,,
1490127994181,Mouse Moved,71.0,750.0,User23,,
1490127994290,Mouse Moved,71.0,749.0,User23,,
1490127994711,Mouse Moved,109.0,718.0,User23,,
1490127994727,Mouse Moved,170.0,666.0,User23,,
1490127994743,Mouse Moved,304.0,579.0,User23,,
1490127994759,Mouse Moved,435.0,511.0,User23,,
1490127994775,Mouse Moved,479.0,489.0,User23,,
1490127994789,Mouse Moved,558.0,467.0,User23,,
1490127994805,Mouse Moved,577.0,461.0,User23,,
1490127994822,Mouse Moved,597.0,457.0,User23,,
1490127994836,Mouse Moved,599.0,457.0,User23,,
1490127994868,Mouse Moved,576.0,467.0,User23,,
1490127994884,Mouse Moved,543.0,479.0,User23,,
1490128000655,Mouse Moved,536.0,480.0,User23,,
1490128000671,Mouse Moved,519.0,482.0,User23,,
1490128000687,Mouse Moved,439.0,499.0,User23,,
1490128000703,Mouse Moved,395.0,502.0,User23,,
1490128000717,Mouse Moved,259.0,502.0,User23,,
1490128000750,Mouse Moved,210.0,502.0,User23,,
1490128000765,Mouse Moved,134.0,505.0,User23,,
1490128000780,Mouse Moved,115.0,508.0,User23,,
1490128000796,Mouse Moved,108.0,509.0,User23,,
1490128000812,Mouse Moved,98.0,509.0,User23,,
1490128001062,Mouse Moved,100.0,508.0,User23,,
1490128001076,Mouse Moved,105.0,501.0,User23,,
1490128001092,Mouse Moved,110.0,490.0,User23,,
1490128001108,Mouse Moved,120.0,445.0,User23,,
1490128001124,Mouse Moved,115.0,340.0,User23,,
1490128001140,Mouse Moved,105.0,267.0,User23,,
1490128001154,Mouse Moved,93.0,213.0,User23,,
1490128001171,Mouse Moved,75.0,156.0,User23,,
1490128001186,Mouse Moved,62.0,120.0,User23,,
1490128001201,Mouse Moved,53.0,95.0,User23,,
1490128001217,Mouse Moved,51.0,88.0,User23,,
1490128001233,Mouse Moved,48.0,82.0,User23,,
1490128001249,Mouse Moved,45.0,77.0,User23,,
1490128001513,Mouse Moved,45.0,76.0,User23,,
1490128001529,Mouse Moved,45.0,75.0,User23,,
1490128001545,Mouse Moved,45.0,71.0,User23,,
1490128001561,Mouse Moved,45.0,69.0,User23,,
1490128001575,Mouse Moved,45.0,68.0,User23,,
1490128001592,Mouse Moved,45.0,67.0,User23,,
1490128001608,Mouse Moved,44.0,67.0,User23,,
1490128024086,Mouse Moved,45.0,66.0,User23,,
1490128024102,Mouse Moved,74.0,59.0,User23,,
1490128024118,Mouse Moved,157.0,51.0,User23,,
1490128024150,Mouse Moved,221.0,57.0,User23,,
1490128024164,Mouse Moved,282.0,93.0,User23,,
1490128024180,Mouse Moved,294.0,107.0,User23,,
1490128024196,Mouse Moved,309.0,145.0,User23,,
1490128024227,Mouse Moved,309.0,183.0,User23,,
1490128024243,Mouse Moved,298.0,223.0,User23,,
1490128024259,Mouse Moved,199.0,434.0,User23,,
1490128024273,Mouse Moved,144.0,518.0,User23,,
1490128024289,Mouse Moved,123.0,539.0,User23,,
1490128024305,Mouse Moved,96.0,561.0,User23,,
1490128024321,Mouse Moved,91.0,564.0,User23,,
1490128024336,Mouse Moved,86.0,566.0,User23,,
1490128024351,Mouse Moved,85.0,566.0,User23,,
1490128024368,Mouse Moved,83.0,566.0,User23,,
1490128024648,Mouse Moved,83.0,568.0,User23,,
1490128024664,Mouse Moved,86.0,578.0,User23,,
1490128024680,Mouse Moved,87.0,588.0,User23,,
1490128024696,Mouse Moved,94.0,626.0,User23,,
1490128024710,Mouse Moved,95.0,671.0,User23,,
1490128024726,Mouse Moved,95.0,687.0,User23,,
1490128024742,Mouse Moved,94.0,711.0,User23,,
1490128024757,Mouse Moved,93.0,728.0,User23,,
1490128024773,Mouse Moved,90.0,747.0,User23,,
1490128024789,Mouse Moved,89.0,752.0,User23,,
1490128024805,Mouse Moved,86.0,764.0,User23,,
1490128024819,Mouse Moved,85.0,768.0,User23,,
1490128024835,Mouse Moved,83.0,772.0,User23,,
1490128024851,Mouse Moved,83.0,775.0,User23,,
1490128024867,Mouse Moved,82.0,776.0,User23,,
1490128069390,Mouse Moved,78.0,780.0,User23,,
1490128069686,Mouse Moved,0.0,863.0,User23,,
1490128069701,Mouse Moved,4.0,861.0,User23,,
1490128069717,Mouse Moved,19.0,856.0,User23,,
1490128069842,Mouse Moved,24.0,855.0,User23,,
1490128069858,Mouse Moved,31.0,852.0,User23,,
1490128069888,Mouse Moved,41.0,852.0,User23,,
1490128071510,Mouse Moved,41.0,852.0,User23,,
1490128071635,Mouse Moved,41.0,852.0,User23,,
1490128075130,Mouse Moved,41.0,853.0,User23,,
1490128075348,Mouse Moved,40.0,853.0,User23,,
1490128075505,Mouse Moved,39.0,853.0,User23,,
1490128075536,Mouse Moved,39.0,853.0,User23,,
1490128075676,Mouse Moved,39.0,853.0,User23,,
1490128076128,Mouse Moved,39.0,853.0,User23,,
1490128076221,Mouse Moved,39.0,853.0,User23,,
1490128077377,Mouse Moved,40.0,852.0,User23,,
1490128077391,Mouse Moved,42.0,850.0,User23,,
1490128077407,Mouse Moved,44.0,849.0,User23,,
1490128077424,Mouse Moved,46.0,848.0,User23,,
1490128077438,Mouse Moved,49.0,848.0,User23,,
1490128077454,Mouse Moved,51.0,846.0,User23,,
1490128077470,Mouse Moved,54.0,845.0,User23,,
1490128077486,Mouse Moved,60.0,842.0,User23,,
1490128077502,Mouse Moved,64.0,841.0,User23,,
1490128077516,Mouse Moved,67.0,840.0,User23,,
1490128077532,Mouse Moved,70.0,839.0,User23,,
1490128077548,Mouse Moved,73.0,838.0,User23,,
1490128077563,Mouse Moved,77.0,835.0,User23,,
1490128077579,Mouse Moved,80.0,834.0,User23,,
1490128077611,Mouse Moved,82.0,834.0,User23,,
1490128077828,Mouse Moved,83.0,834.0,User23,,
1490128077984,Mouse Moved,83.0,833.0,User23,,
1490128078016,Mouse Moved,79.0,832.0,User23,,
1490128078048,Mouse Moved,76.0,832.0,User23,,
1490128078062,Mouse Moved,59.0,831.0,User23,,
1490128078078,Mouse Moved,45.0,834.0,User23,,
1490128078094,Mouse Moved,36.0,836.0,User23,,
1490128078109,Mouse Moved,35.0,837.0,User23,,
1490128078125,Mouse Moved,34.0,837.0,User23,,
1490128078141,Mouse Moved,33.0,837.0,User23,,
1490128078359,Mouse Moved,33.0,837.0,User23,,
1490128078500,Mouse Moved,33.0,837.0,User23,,
1490128081947,Mouse Moved,34.0,833.0,User23,,
1490128081963,Mouse Moved,44.0,815.0,User23,,
1490128081979,Mouse Moved,62.0,795.0,User23,,
1490128081993,Mouse Moved,77.0,787.0,User23,,
1490128082009,Mouse Moved,95.0,779.0,User23,,
1490128082026,Mouse Moved,114.0,771.0,User23,,
1490128082040,Mouse Moved,120.0,769.0,User23,,
1490128082056,Mouse Moved,126.0,768.0,User23,,
1490128082072,Mouse Moved,132.0,768.0,User23,,
1490128082088,Mouse Moved,135.0,771.0,User23,,
1490128082104,Mouse Moved,142.0,773.0,User23,,
1490128082118,Mouse Moved,142.0,774.0,User23,,
1490128082134,Mouse Moved,147.0,776.0,User23,,
1490128082150,Mouse Moved,147.0,777.0,User23,,
1490128082165,Mouse Moved,151.0,780.0,User23,,
1490128082181,Mouse Moved,152.0,781.0,User23,,
1490128082197,Mouse Moved,156.0,782.0,User23,,
1490128082213,Mouse Moved,157.0,783.0,User23,,
1490128082227,Mouse Moved,158.0,783.0,User23,,
1490128082243,Mouse Moved,159.0,783.0,User23,,
1490128082259,Mouse Moved,160.0,783.0,User23,,
1490128082275,Mouse Moved,162.0,783.0,User23,,
1490128082290,Mouse Moved,164.0,781.0,User23,,
1490128082305,Mouse Moved,165.0,781.0,User23,,
1490128082322,Mouse Moved,167.0,780.0,User23,,
1490128082352,Mouse Moved,169.0,780.0,User23,,
1490128082400,Mouse Moved,170.0,780.0,User23,,
1490128082789,Mouse Moved,171.0,779.0,User23,,
1490128082821,Mouse Moved,173.0,777.0,User23,,
1490128082851,Mouse Moved,174.0,776.0,User23,,
1490128082884,Mouse Moved,175.0,774.0,User23,,
1490128082898,Mouse Moved,176.0,774.0,User23,,
1490128082914,Mouse Moved,177.0,773.0,User23,,
1490128082961,Mouse Moved,178.0,773.0,User23,,
1490128083118,Mouse Moved,178.0,774.0,User23,,
1490128083132,Mouse Moved,178.0,775.0,User23,,
1490128083148,Mouse Moved,177.0,777.0,User23,,
1490128083180,Mouse Moved,177.0,778.0,User23,,
1490128083210,Mouse Moved,177.0,778.0,User23,,
1490128083289,Mouse Moved,177.0,778.0,User23,,
1490128083944,Mouse Moved,186.0,736.0,User23,,
1490128083960,Mouse Moved,190.0,723.0,User23,,
1490128083976,Mouse Moved,225.0,630.0,User23,,
1490128083990,Mouse Moved,239.0,591.0,User23,,
1490128084006,Mouse Moved,258.0,543.0,User23,,
1490128084022,Mouse Moved,264.0,534.0,User23,,
1490128084038,Mouse Moved,279.0,493.0,User23,,
1490128084053,Mouse Moved,283.0,483.0,User23,,
1490128084069,Mouse Moved,294.0,461.0,User23,,
1490128084085,Mouse Moved,298.0,451.0,User23,,
1490128084099,Mouse Moved,302.0,439.0,User23,,
1490128084115,Mouse Moved,303.0,430.0,User23,,
1490128084131,Mouse Moved,307.0,418.0,User23,,
1490128084147,Mouse Moved,308.0,404.0,User23,,
1490128084163,Mouse Moved,310.0,398.0,User23,,
1490128084177,Mouse Moved,310.0,387.0,User23,,
1490128084194,Mouse Moved,310.0,386.0,User23,,
1490128084224,Mouse Moved,310.0,380.0,User23,,
1490128084444,Mouse Moved,309.0,375.0,User23,,
1490128084459,Mouse Moved,297.0,348.0,User23,,
1490128084474,Mouse Moved,282.0,307.0,User23,,
1490128084490,Mouse Moved,273.0,282.0,User23,,
1490128084506,Mouse Moved,268.0,271.0,User23,,
1490128084522,Mouse Moved,251.0,219.0,User23,,
1490128084536,Mouse Moved,248.0,208.0,User23,,
1490128084552,Mouse Moved,239.0,189.0,User23,,
1490128084584,Mouse Moved,234.0,164.0,User23,,
1490128084599,Mouse Moved,233.0,157.0,User23,,
1490128084615,Mouse Moved,233.0,156.0,User23,,
1490128084645,Mouse Moved,233.0,155.0,User23,,
1490128084848,Mouse Moved,234.0,156.0,User23,,
1490128084865,Mouse Moved,236.0,156.0,User23,,
1490128084880,Mouse Moved,237.0,156.0,User23,,
1490128084895,Mouse Moved,239.0,156.0,User23,,
1490128084911,Mouse Moved,239.0,157.0,User23,,
1490128084927,Mouse Moved,240.0,157.0,User23,,
1490128084943,Mouse Moved,241.0,157.0,User23,,
1490128084973,Mouse Moved,242.0,157.0,User23,,
1490128085052,Mouse Moved,243.0,157.0,User23,,
1490128085302,Mouse Moved,243.0,158.0,User23,,
1490128085753,Mouse Moved,242.0,158.0,User23,,
1490128085878,Mouse Moved,242.0,160.0,User23,,
1490128086736,Mouse Moved,242.0,161.0,User23,,
1490128086829,Mouse Moved,241.0,161.0,User23,,
1490128114115,Mouse Moved,263.0,150.0,User23,,
1490128114130,Mouse Moved,357.0,111.0,User23,,
1490128114145,Mouse Moved,429.0,88.0,User23,,
1490128114161,Mouse Moved,450.0,88.0,User23,,
1490128114177,Mouse Moved,472.0,85.0,User23,,
1490128114193,Mouse Moved,478.0,83.0,User23,,
1490128114207,Mouse Moved,486.0,83.0,User23,,
1490128114223,Mouse Moved,494.0,89.0,User23,,
1490128114240,Mouse Moved,499.0,94.0,User23,,
1490128114441,Mouse Moved,503.0,96.0,User23,,
1490128114457,Mouse Moved,515.0,96.0,User23,,
1490128114473,Mouse Moved,525.0,94.0,User23,,
1490128114489,Mouse Moved,595.0,84.0,User23,,
1490128114505,Mouse Moved,627.0,79.0,User23,,
1490128114519,Mouse Moved,685.0,87.0,User23,,
1490128114536,Mouse Moved,705.0,89.0,User23,,
1490128114552,Mouse Moved,710.0,90.0,User23,,
1490128114566,Mouse Moved,714.0,90.0,User23,,
1490128114582,Mouse Moved,720.0,91.0,User23,,
1490128114598,Mouse Moved,722.0,91.0,User23,,
1490128114801,Mouse Moved,727.0,91.0,User23,,
1490128114816,Mouse Moved,729.0,91.0,User23,,
1490128114832,Mouse Moved,730.0,91.0,User23,,
1490128114941,Mouse Moved,726.0,91.0,User23,,
1490128114957,Mouse Moved,726.0,91.0,User23,,
1490128115035,Mouse Moved,726.0,91.0,User23,,
1490128115051,Mouse Button.left Released,726.0,91.0,User23,,
1490128115144,Mouse Moved,726.0,91.0,User23,,
1490128115269,Mouse Moved,726.0,91.0,User23,,
1490128115471,Mouse Moved,724.0,91.0,User23,,
1490128115519,Mouse Moved,717.0,94.0,User23,,
1490128115533,Mouse Moved,489.0,237.0,User23,,
1490128115549,Mouse Moved,424.0,282.0,User23,,
1490128115565,Mouse Moved,399.0,299.0,User23,,
1490128115581,Mouse Moved,309.0,345.0,User23,,
1490128115596,Mouse Moved,291.0,353.0,User23,,
1490128115611,Mouse Moved,266.0,368.0,User23,,
1490128115628,Mouse Moved,258.0,370.0,User23,,
1490128115644,Mouse Moved,250.0,372.0,User23,,
1490128115658,Mouse Moved,249.0,372.0,User23,,
1490128115674,Mouse Moved,247.0,370.0,User23,,
1490128115986,Mouse Moved,243.0,377.0,User23,,
1490128116002,Mouse Moved,235.0,387.0,User23,,
1490128116017,Mouse Moved,212.0,424.0,User23,,
1490128116033,Mouse Moved,206.0,434.0,User23,,
1490128116049,Mouse Moved,200.0,448.0,User23,,
1490128116065,Mouse Moved,199.0,451.0,User23,,
1490128116079,Mouse Moved,198.0,455.0,User23,,
1490128116095,Mouse Moved,196.0,470.0,User23,,
1490128116625,Mouse Moved,194.0,471.0,User23,,
1490128116641,Mouse Moved,186.0,476.0,User23,,
1490128116657,Mouse Moved,177.0,486.0,User23,,
1490128116673,Mouse Moved,150.0,531.0,User23,,
1490128116688,Mouse Moved,142.0,547.0,User23,,
1490128116703,Mouse Moved,115.0,606.0,User23,,
1490128116720,Mouse Moved,111.0,616.0,User23,,
1490128116736,Mouse Moved,96.0,662.0,User23,,
1490128116750,Mouse Moved,89.0,688.0,User23,,
1490128116766,Mouse Moved,83.0,716.0,User23,,
1490128116782,Mouse Moved,82.0,726.0,User23,,
1490128116798,Mouse Moved,80.0,740.0,User23,,
1490128116813,Mouse Moved,79.0,743.0,User23,,
1490128116828,Mouse Moved,79.0,751.0,User23,,
1490128116859,Mouse Moved,78.0,753.0,User23,,
1490128116875,Mouse Moved,78.0,757.0,User23,,
1490128117094,Mouse Moved,75.0,760.0,User23,,
1490128117109,Mouse Moved,71.0,766.0,User23,,
1490128117125,Mouse Moved,60.0,776.0,User23,,
1490128117141,Mouse Moved,50.0,789.0,User23,,
1490128117157,Mouse Moved,46.0,794.0,User23,,
1490128117171,Mouse Moved,42.0,800.0,User23,,
1490128117187,Mouse Moved,40.0,804.0,User23,,
1490128117203,Mouse Moved,35.0,812.0,User23,,
1490128117219,Mouse Moved,32.0,817.0,User23,,
1490128117234,Mouse Moved,31.0,818.0,User23,,
1490128117250,Mouse Moved,24.0,836.0,User23,,
1490128117266,Mouse Moved,22.0,839.0,User23,,
1490128117282,Mouse Moved,21.0,842.0,User23,,
1490128117296,Mouse Moved,19.0,843.0,User23,,
1490128117312,Mouse Moved,19.0,845.0,User23,,
1490128117796,Mouse Moved,18.0,844.0,User23,,
1490128117812,Mouse Moved,19.0,838.0,User23,,
1490128117828,Mouse Moved,63.0,752.0,User23,,
1490128117842,Mouse Moved,99.0,662.0,User23,,
1490128117858,Mouse Moved,120.0,597.0,User23,,
1490128117874,Mouse Moved,152.0,499.0,User23,,
1490128117890,Mouse Moved,160.0,466.0,User23,,
1490128117905,Mouse Moved,174.0,417.0,User23,,
1490128117921,Mouse Moved,174.0,408.0,User23,,
1490128117937,Mouse Moved,175.0,388.0,User23,,
1490128117951,Mouse Moved,175.0,385.0,User23,,
1490128117967,Mouse Moved,175.0,376.0,User23,,
1490128117983,Mouse Moved,171.0,360.0,User23,,
1490128117999,Mouse Moved,170.0,356.0,User23,,
1490128118249,Mouse Moved,168.0,350.0,User23,,
1490128118263,Mouse Moved,167.0,340.0,User23,,
1490128118279,Mouse Moved,158.0,300.0,User23,,
1490128118296,Mouse Moved,149.0,260.0,User23,,
1490128118311,Mouse Moved,143.0,234.0,User23,,
1490128118326,Mouse Moved,128.0,223.0,User23,,
1490128118342,Mouse Moved,119.0,203.0,User23,,
1490128118358,Mouse Moved,115.0,195.0,User23,,
1490128118374,Mouse Moved,111.0,187.0,User23,,
1490128118388,Mouse Moved,110.0,186.0,User23,,
1490128118404,Mouse Moved,108.0,181.0,User23,,
1490128118420,Mouse Moved,107.0,180.0,User23,,
1490128118700,Mouse Moved,106.0,180.0,User23,,
1490128118717,Mouse Moved,87.0,170.0,User23,,
1490128118732,Mouse Moved,78.0,164.0,User23,,
1490128118857,Mouse Moved,73.0,163.0,User23,,
1490128118872,Mouse Moved,60.0,155.0,User23,,
1490128118982,Mouse Moved,59.0,154.0,User23,,
1490128119278,Mouse Moved,59.0,154.0,User23,,
1490128119293,Mouse Button.left Pressed,59.0,154.0,User23,,
1490128119309,Mouse Button.left Released,59.0,154.0,User23,,
1490128119434,Mouse Moved,59.0,154.0,User23,,
1490128119575,Mouse Moved,59.0,154.0,User23,,
1490128125582,Mouse Moved,69.0,146.0,User23,,
1490128125596,Mouse Moved,166.0,102.0,User23,,
1490128125644,Mouse Moved,223.0,88.0,User23,,
1490128125660,Mouse Moved,520.0,107.0,User23,,
1490128125674,Mouse Moved,584.0,124.0,User23,,
1490128125690,Mouse Moved,634.0,146.0,User23,,
1490128125707,Mouse Moved,709.0,193.0,User23,,
1490128125737,Mouse Moved,739.0,215.0,User23,,
1490128125753,Mouse Moved,785.0,262.0,User23,,
1490128125769,Mouse Moved,807.0,287.0,User23,,
1490128125956,Mouse Moved,829.0,312.0,User23,,
1490128125971,Mouse Moved,836.0,312.0,User23,,
1490128125986,Mouse Moved,869.0,304.0,User23,,
1490128126003,Mouse Moved,960.0,301.0,User23,,
1490128126019,Mouse Moved,1006.0,301.0,User23,,
1490128126033,Mouse Moved,1096.0,305.0,User23,,
1490128126049,Mouse Moved,1196.0,332.0,User23,,
1490128126065,Mouse Moved,1214.0,342.0,User23,,
1490128126081,Mouse Moved,1260.0,362.0,User23,,
1490128126096,Mouse Moved,1270.0,367.0,User23,,
1490128126111,Mouse Moved,1290.0,379.0,User23,,
1490128126128,Mouse Moved,1297.0,386.0,User23,,
1490128126142,Mouse Moved,1308.0,395.0,User23,,
1490128126267,Mouse Moved,1307.0,394.0,User23,,
1490128126283,Mouse Button.left Pressed,1307.0,394.0,User23,,
1490128126361,Mouse Moved,1307.0,394.0,User23,,
1490128126720,Mouse Moved,1305.0,395.0,User23,,
1490128126736,Mouse Moved,1292.0,397.0,User23,,
1490128126752,Mouse Moved,1221.0,425.0,User23,,
1490128126766,Mouse Moved,1080.0,470.0,User23,,
1490128126782,Mouse Moved,951.0,501.0,User23,,
1490128126799,Mouse Moved,881.0,525.0,User23,,
1490128126813,Mouse Moved,759.0,560.0,User23,,
1490128126829,Mouse Moved,704.0,582.0,User23,,
1490128126845,Mouse Moved,632.0,609.0,User23,,
1490128126861,Mouse Moved,620.0,612.0,User23,,
1490128126877,Mouse Moved,607.0,615.0,User23,,
1490128126891,Mouse Moved,605.0,615.0,User23,,
1490128126907,Mouse Moved,603.0,615.0,User23,,
1490128127125,Mouse Moved,600.0,618.0,User23,,
1490128127141,Mouse Moved,590.0,624.0,User23,,
1490128127157,Mouse Moved,532.0,663.0,User23,,
1490128127173,Mouse Moved,485.0,698.0,User23,,
1490128127188,Mouse Moved,407.0,745.0,User23,,
1490128127203,Mouse Moved,335.0,790.0,User23,,
1490128127220,Mouse Moved,308.0,804.0,User23,,
1490128127234,Mouse Moved,267.0,830.0,User23,,
1490128127250,Mouse Moved,255.0,835.0,User23,,
1490128127266,Mouse Moved,248.0,837.0,User23,,
1490128127282,Mouse Moved,241.0,837.0,User23,,
1490128127298,Mouse Moved,239.0,837.0,User23,,
1490128127515,Mouse Moved,242.0,835.0,User23,,
1490128127516,Mouse Moved,247.0,833.0,User23,,
1490128127529,Mouse Moved,259.0,830.0,User23,,
1490128127532,Mouse Moved,273.0,828.0,User23,,
1490128127543,Mouse Moved,292.0,825.0,User23,,
1490128127559,Mouse Moved,305.0,824.0,User23,,
1490128127561,Mouse Moved,314.0,823.0,User23,,
1490128127572,Mouse Moved,336.0,823.0,User23,,
1490128127589,Mouse Moved,348.0,823.0,User23,,
1490128127592,Mouse Moved,355.0,823.0,User23,,
1490128127604,Mouse Moved,362.0,824.0,User23,,
1490128127618,Mouse Moved,368.0,825.0,User23,,
1490128127619,Mouse Moved,370.0,825.0,User23,,
1490128127638,Mouse Moved,374.0,827.0,User23,,
1490128127648,Mouse Moved,376.0,827.0,User23,,
1490128127651,Mouse Moved,378.0,827.0,User23,,
1490128127664,Mouse Moved,380.0,828.0,User23,,
1490128127677,Mouse Moved,383.0,829.0,User23,,
1490128127693,Mouse Moved,384.0,830.0,User23,,
1490128127697,Mouse Moved,386.0,831.0,User23,,
1490128127709,Mouse Moved,388.0,832.0,User23,,
1490128127730,Mouse Moved,389.0,833.0,User23,,
1490128127733,Mouse Moved,391.0,833.0,User23,,
1490128127739,Mouse Moved,391.0,834.0,User23,,
1490128127753,Mouse Moved,393.0,835.0,User23,,
1490128127756,Mouse Moved,394.0,836.0,User23,,
1490128127772,Mouse Moved,396.0,836.0,User23,,
1490128127785,Mouse Moved,397.0,837.0,User23,,
1490128127789,Mouse Moved,398.0,838.0,User23,,
1490128127825,Mouse Moved,399.0,838.0,User23,,
1490128127834,Mouse Moved,400.0,839.0,User23,,
1490128127835,Mouse Moved,401.0,839.0,User23,,
1490128127845,Mouse Moved,402.0,840.0,User23,,
1490128127846,Mouse Moved,402.0,841.0,User23,,
1490128127858,Mouse Moved,403.0,841.0,User23,,
1490128127888,Mouse Moved,404.0,841.0,User23,,
1490128127891,Mouse Moved,404.0,842.0,User23,,
1490128127944,Mouse Moved,403.0,842.0,User23,,
1490128127947,Mouse Moved,403.0,842.0,User23,,
1490128127948,Mouse Button.left Pressed,403.0,842.0,User23,,
1490128128032,Mouse Moved,403.0,842.0,User23,,
1490128128033,Mouse Button.left Released,403.0,842.0,User23,,
1490128129463,Mouse Moved,404.0,839.0,User23,,
1490128129480,Mouse Moved,404.0,837.0,User23,,
1490128129592,Mouse Moved,400.0,829.0,User23,,
1490128129594,Mouse Moved,399.0,825.0,User23,,
1490128129595,Mouse Moved,395.0,818.0,User23,,
1490128129598,Mouse Moved,393.0,809.0,User23,,
1490128129599,Mouse Moved,391.0,804.0,User23,,
1490128129601,Mouse Moved,385.0,787.0,User23,,
1490128129602,Mouse Moved,383.0,781.0,User23,,
1490128129605,Mouse Moved,380.0,775.0,User23,,
1490128129614,Mouse Moved,376.0,767.0,User23,,
1490128129744,Mouse Moved,371.0,753.0,User23,,
1490128129747,Mouse Moved,367.0,732.0,User23,,
1490128129749,Mouse Moved,365.0,722.0,User23,,
1490128129750,Mouse Moved,360.0,707.0,User23,,
1490128129753,Mouse Moved,360.0,705.0,User23,,
1490128129755,Mouse Moved,358.0,700.0,User23,,
1490128129756,Mouse Moved,357.0,698.0,User23,,
1490128129757,Mouse Moved,357.0,694.0,User23,,
1490128129759,Mouse Moved,357.0,692.0,User23,,
1490128129760,Mouse Moved,356.0,690.0,User23,,
1490128129967,Mouse Moved,354.0,689.0,User23,,
1490128129970,Mouse Moved,351.0,688.0,User23,,
1490128129973,Mouse Moved,346.0,684.0,User23,,
1490128129989,Mouse Moved,336.0,678.0,User23,,
1490128129990,Mouse Moved,327.0,670.0,User23,,
1490128130003,Mouse Moved,318.0,662.0,User23,,
1490128130019,Mouse Moved,311.0,659.0,User23,,
1490128130022,Mouse Moved,307.0,657.0,User23,,
1490128130039,Mouse Moved,305.0,656.0,User23,,
1490128130052,Mouse Moved,302.0,654.0,User23,,
1490128130053,Mouse Moved,299.0,651.0,User23,,
1490128130065,Mouse Moved,296.0,650.0,User23,,
1490128130066,Mouse Moved,293.0,649.0,User23,,
1490128130078,Mouse Moved,292.0,647.0,User23,,
1490128130226,Mouse Moved,292.0,648.0,User23,,
1490128130227,Mouse Moved,292.0,648.0,User23,,
1490128130230,Mouse Button.left Pressed,292.0,648.0,User23,,
1490128130243,Mouse Moved,292.0,648.0,User23,,
1490128130244,Mouse Button.left Released,292.0,648.0,User23,,
1490128130710,Mouse Moved,291.0,647.0,User23,,
1490128130723,Mouse Moved,288.0,647.0,User23,,
1490128130726,Mouse Moved,284.0,647.0,User23,,
1490128130740,Mouse Moved,269.0,647.0,User23,,
1490128130755,Mouse Moved,253.0,647.0,User23,,
1490128130756,Mouse Moved,240.0,647.0,User23,,
1490128130769,Mouse Moved,209.0,650.0,User23,,
1490128130770,Mouse Moved,189.0,653.0,User23,,
1490128130788,Mouse Moved,163.0,656.0,User23,,
1490128130799,Mouse Moved,148.0,658.0,User23,,
1490128130801,Mouse Moved,139.0,659.0,User23,,
1490128130813,Mouse Moved,134.0,659.0,User23,,
1490128130828,Mouse Moved,129.0,660.0,User23,,
1490128130844,Mouse Moved,127.0,660.0,User23,,
1490128130858,Mouse Moved,126.0,660.0,User23,,
1490128130872,Mouse Moved,125.0,660.0,User23,,
1490128131084,Mouse Moved,125.0,662.0,User23,,
1490128131085,Mouse Moved,125.0,663.0,User23,,
1490128131098,Mouse Moved,125.0,665.0,User23,,
1490128131101,Mouse Moved,125.0,667.0,User23,,
1490128131114,Mouse Moved,125.0,668.0,User23,,
1490128131128,Mouse Moved,125.0,670.0,User23,,
1490128131131,Mouse Moved,125.0,672.0,User23,,
1490128131158,Mouse Moved,125.0,673.0,User23,,
1490128131174,Mouse Moved,125.0,674.0,User23,,
1490128131203,Mouse Moved,125.0,675.0,User23,,
1490128131263,Mouse Moved,125.0,676.0,User23,,
1490128131322,Mouse Moved,126.0,676.0,User23,,
1490128131325,Mouse Moved,126.0,676.0,User23,,
1490128131326,Mouse Button.left Pressed,126.0,676.0,User23,,
1490128131380,Mouse Moved,126.0,676.0,User23,,
1490128131381,Mouse Button.left Released,126.0,676.0,User23,,
1490128131819,Mouse Moved,127.0,673.0,User23,,
1490128131821,Mouse Moved,157.0,622.0,User23,,
1490128131835,Mouse Moved,180.0,510.0,User23,,
1490128131848,Mouse Moved,239.0,434.0,User23,,
1490128131865,Mouse Moved,291.0,378.0,User23,,
1490128131867,Mouse Moved,327.0,334.0,User23,,
1490128131878,Mouse Moved,363.0,287.0,User23,,
1490128131894,Mouse Moved,423.0,191.0,User23,,
1490128131895,Mouse Moved,434.0,174.0,User23,,
1490128131908,Mouse Moved,450.0,150.0,User23,,
1490128131924,Mouse Moved,454.0,144.0,User23,,
1490128132911,Mouse Moved,454.0,140.0,User23,,
1490128132927,Mouse Moved,453.0,138.0,User23,,
1490128132943,Mouse Moved,447.0,130.0,User23,,
1490128132959,Mouse Moved,424.0,112.0,User23,,
1490128132974,Mouse Moved,413.0,103.0,User23,,
1490128132990,Mouse Moved,406.0,97.0,User23,,
1490128133020,Mouse Moved,385.0,76.0,User23,,
1490128133036,Mouse Moved,378.0,72.0,User23,,
1490128133052,Mouse Moved,374.0,70.0,User23,,
1490128133068,Mouse Moved,368.0,63.0,User23,,
1490128133318,Mouse Moved,366.0,62.0,User23,,
1490128133332,Mouse Moved,364.0,61.0,User23,,
1490128133348,Mouse Moved,361.0,60.0,User23,,
1490128133365,Mouse Moved,358.0,60.0,User23,,
1490128133380,Mouse Moved,357.0,60.0,User23,,
1490128133411,Mouse Moved,355.0,60.0,User23,,
1490128133427,Mouse Moved,354.0,60.0,User23,,
1490128133489,Mouse Moved,354.0,62.0,User23,,
1490128133536,Mouse Moved,355.0,63.0,User23,,
1490128133552,Mouse Moved,358.0,65.0,User23,,
1490128133566,Mouse Moved,362.0,66.0,User23,,
1490128133582,Mouse Moved,364.0,68.0,User23,,
1490128133598,Mouse Moved,366.0,68.0,User23,,
1490128133614,Mouse Moved,370.0,69.0,User23,,
1490128133630,Mouse Moved,371.0,70.0,User23,,
1490128133644,Mouse Moved,373.0,70.0,User23,,
1490128134160,Mouse Moved,384.0,70.0,User23,,
1490128134176,Mouse Moved,460.0,68.0,User23,,
1490128134190,Mouse Moved,570.0,51.0,User23,,
1490128134207,Mouse Moved,614.0,47.0,User23,,
1490128134223,Mouse Moved,648.0,44.0,User23,,
1490128134237,Mouse Moved,677.0,44.0,User23,,
1490128134253,Mouse Moved,689.0,51.0,User23,,
1490128134269,Mouse Moved,697.0,56.0,User23,,
1490128134285,Mouse Moved,701.0,59.0,User23,,
1490128134301,Mouse Moved,702.0,60.0,User23,,
1490128134315,Mouse Moved,704.0,63.0,User23,,
1490128134332,Mouse Moved,706.0,64.0,User23,,
1490128134346,Mouse Moved,707.0,66.0,User23,,
1490128134362,Mouse Moved,707.0,67.0,User23,,
1490128134394,Mouse Moved,708.0,68.0,User23,,
1490128134410,Mouse Moved,709.0,69.0,User23,,
1490128134471,Mouse Moved,709.0,70.0,User23,,
1490128134503,Mouse Moved,709.0,71.0,User23,,
1490128134519,Mouse Moved,709.0,73.0,User23,,
1490128134549,Mouse Moved,709.0,74.0,User23,,
1490128134565,Mouse Moved,709.0,75.0,User23,,
1490128135049,Mouse Moved,708.0,78.0,User23,,
1490128135065,Mouse Moved,694.0,98.0,User23,,
1490128135081,Mouse Moved,652.0,151.0,User23,,
1490128135095,Mouse Moved,576.0,252.0,User23,,
1490128135111,Mouse Moved,553.0,280.0,User23,,
1490128135127,Mouse Moved,527.0,308.0,User23,,
1490128135158,Mouse Moved,450.0,399.0,User23,,
1490128135174,Mouse Moved,376.0,482.0,User23,,
1490128135190,Mouse Moved,339.0,514.0,User23,,
1490128135377,Mouse Moved,339.0,512.0,User23,,
1490128135392,Mouse Moved,339.0,506.0,User23,,
1490128135424,Mouse Moved,341.0,488.0,User23,,
1490128135438,Mouse Moved,341.0,488.0,User23,,
1490128135454,Mouse Moved,341.0,488.0,User23,,
1490128135470,Mouse Moved,341.0,488.0,User23,,
1490128135828,Mouse Moved,341.0,487.0,User23,,
1490128135845,Mouse Moved,341.0,486.0,User23,,
1490128135861,Mouse Moved,338.0,481.0,User23,,
1490128135875,Mouse Moved,317.0,449.0,User23,,
1490128135891,Mouse Moved,312.0,439.0,User23,,
1490128135907,Mouse Moved,295.0,412.0,User23,,
1490128135923,Mouse Moved,277.0,377.0,User23,,
1490128135938,Mouse Moved,270.0,366.0,User23,,
1490128135970,Mouse Moved,259.0,341.0,User23,,
1490128135984,Mouse Moved,252.0,308.0,User23,,
1490128136000,Mouse Moved,252.0,286.0,User23,,
1490128136016,Mouse Moved,277.0,215.0,User23,,
1490128136032,Mouse Moved,296.0,190.0,User23,,
1490128136048,Mouse Moved,350.0,141.0,User23,,
1490128136062,Mouse Moved,409.0,102.0,User23,,
1490128136078,Mouse Moved,451.0,82.0,User23,,
1490128136095,Mouse Moved,482.0,74.0,User23,,
1490128136109,Mouse Moved,501.0,72.0,User23,,
1490128136125,Mouse Moved,507.0,72.0,User23,,
1490128136141,Mouse Moved,509.0,72.0,User23,,
1490128136328,Mouse Moved,514.0,69.0,User23,,
1490128136344,Mouse Moved,550.0,65.0,User23,,
1490128136359,Mouse Moved,590.0,57.0,User23,,
1490128136375,Mouse Moved,603.0,54.0,User23,,
1490128136391,Mouse Moved,643.0,54.0,User23,,
1490128136407,Mouse Moved,651.0,54.0,User23,,
1490128136421,Mouse Moved,663.0,56.0,User23,,
1490128136437,Mouse Moved,677.0,60.0,User23,,
1490128136453,Mouse Moved,684.0,62.0,User23,,
1490128136469,Mouse Moved,686.0,63.0,User23,,
1490128136500,Mouse Moved,689.0,64.0,User23,,
1490128136516,Mouse Moved,691.0,66.0,User23,,
1490128136546,Mouse Moved,692.0,66.0,User23,,
1490128136562,Mouse Moved,692.0,67.0,User23,,
1490128136578,Mouse Moved,693.0,67.0,User23,,
1490128136641,Mouse Moved,693.0,68.0,User23,,
1490128136671,Mouse Moved,693.0,69.0,User23,,
1490128136687,Mouse Moved,693.0,70.0,User23,,
1490128136703,Mouse Moved,693.0,71.0,User23,,
1490128136750,Mouse Moved,694.0,71.0,User23,,
1490128136765,Mouse Moved,694.0,72.0,User23,,
1490128136967,Mouse Moved,692.0,75.0,User23,,
1490128136983,Mouse Moved,668.0,99.0,User23,,
1490128136999,Mouse Moved,505.0,283.0,User23,,
1490128137015,Mouse Moved,455.0,351.0,User23,,
1490128137030,Mouse Moved,376.0,469.0,User23,,
1490128137062,Mouse Moved,269.0,626.0,User23,,
1490128137076,Mouse Moved,208.0,711.0,User23,,
1490128137092,Mouse Moved,202.0,722.0,User23,,
1490128137108,Mouse Moved,197.0,730.0,User23,,
1490128137265,Mouse Moved,196.0,732.0,User23,,
1490128137279,Mouse Moved,196.0,733.0,User23,,
1490128137296,Mouse Moved,196.0,738.0,User23,,
1490128137311,Mouse Moved,200.0,750.0,User23,,
1490128137326,Mouse Moved,205.0,764.0,User23,,
1490128137342,Mouse Moved,213.0,781.0,User23,,
1490128137358,Mouse Moved,216.0,784.0,User23,,
1490128137374,Mouse Moved,229.0,794.0,User23,,
1490128137388,Mouse Moved,238.0,799.0,User23,,
1490128137404,Mouse Moved,264.0,816.0,User23,,
1490128137421,Mouse Moved,288.0,829.0,User23,,
1490128137436,Mouse Moved,311.0,838.0,User23,,
1490128137451,Mouse Moved,317.0,840.0,User23,,
1490128137467,Mouse Moved,322.0,842.0,User23,,
1490128137483,Mouse Moved,324.0,843.0,User23,,
1490128137622,Mouse Moved,326.0,843.0,User23,,
1490128137638,Mouse Moved,329.0,843.0,User23,,
1490128137654,Mouse Moved,335.0,843.0,User23,,
1490128137670,Mouse Moved,356.0,845.0,User23,,
1490128137686,Mouse Moved,364.0,846.0,User23,,
1490128137700,Mouse Moved,372.0,847.0,User23,,
1490128137717,Mouse Moved,394.0,850.0,User23,,
1490128137733,Mouse Moved,398.0,851.0,User23,,
1490128137747,Mouse Moved,402.0,852.0,User23,,
1490128137763,Mouse Moved,405.0,852.0,User23,,
1490128137779,Mouse Moved,409.0,853.0,User23,,
1490128137795,Mouse Moved,410.0,853.0,User23,,
1490128137811,Mouse Moved,411.0,854.0,User23,,
1490128137825,Mouse Moved,412.0,854.0,User23,,
1490128137857,Mouse Moved,414.0,854.0,User23,,
1490128137872,Mouse Moved,415.0,854.0,User23,,
1490128137934,Mouse Moved,414.0,854.0,User23,,
1490128137950,Mouse Moved,414.0,854.0,User23,,
1490128138029,Mouse Moved,414.0,854.0,User23,,
1490128138388,Mouse Moved,411.0,853.0,User23,,
1490128138403,Mouse Moved,405.0,849.0,User23,,
1490128138418,Mouse Moved,396.0,842.0,User23,,
1490128138434,Mouse Moved,391.0,837.0,User23,,
1490128138450,Mouse Moved,386.0,832.0,User23,,
1490128138466,Mouse Moved,375.0,815.0,User23,,
1490128138480,Mouse Moved,371.0,812.0,User23,,
1490128138496,Mouse Moved,367.0,805.0,User23,,
1490128138513,Mouse Moved,365.0,803.0,User23,,
1490128138528,Mouse Moved,364.0,802.0,User23,,
1490128138575,Mouse Moved,363.0,801.0,User23,,
1490128138684,Mouse Moved,363.0,800.0,User23,,
1490128138700,Mouse Moved,362.0,800.0,User23,,
1490128138714,Mouse Moved,362.0,798.0,User23,,
1490128138809,Mouse Moved,361.0,798.0,User23,,
1490128138825,Mouse Moved,359.0,795.0,User23,,
1490128139121,Mouse Moved,355.0,790.0,User23,,
1490128139137,Mouse Moved,353.0,785.0,User23,,
1490128139246,Mouse Moved,350.0,779.0,User23,,
1490128139260,Mouse Moved,348.0,778.0,User23,,
1490128139292,Mouse Moved,343.0,766.0,User23,,
1490128139448,Mouse Moved,343.0,766.0,User23,,
1490128140352,Mouse Moved,343.0,763.0,User23,,
1490128140368,Mouse Moved,444.0,592.0,User23,,
1490128140509,Mouse Moved,802.0,315.0,User23,,
1490128140697,Mouse Moved,836.0,307.0,User23,,
1490128140759,Mouse Moved,922.0,268.0,User23,,
1490128140775,Mouse Moved,1076.0,261.0,User23,,
1490128140789,Mouse Moved,1040.0,375.0,User23,,
1490128140805,Mouse Moved,991.0,431.0,User23,,
1490128140821,Mouse Moved,961.0,456.0,User23,,
1490128140836,Mouse Moved,920.0,485.0,User23,,
1490128140976,Mouse Moved,869.0,499.0,User23,,
1490128140993,Mouse Moved,1118.0,157.0,User23,,
1490128141009,Mouse Moved,1097.0,429.0,User23,,
1490128141023,Mouse Moved,1053.0,481.0,User23,,
1490128141039,Mouse Moved,1024.0,519.0,User23,,
1490128141055,Mouse Moved,940.0,579.0,User23,,
1490128141071,Mouse Moved,903.0,597.0,User23,,
1490128141101,Mouse Moved,868.0,600.0,User23,,
1490128141118,Mouse Moved,822.0,511.0,User23,,
1490128141132,Mouse Moved,817.0,411.0,User23,,
1490128141148,Mouse Moved,916.0,164.0,User23,,
1490128141164,Mouse Moved,1016.0,109.0,User23,,
1490128141180,Mouse Moved,1032.0,109.0,User23,,
1490128141196,Mouse Moved,1065.0,117.0,User23,,
1490128141210,Mouse Moved,1119.0,153.0,User23,,
1490128141226,Mouse Moved,1131.0,164.0,User23,,
1490128141243,Mouse Moved,1159.0,217.0,User23,,
1490128141257,Mouse Moved,1161.0,253.0,User23,,
1490128141273,Mouse Moved,1118.0,337.0,User23,,
1490128141289,Mouse Moved,1047.0,395.0,User23,,
1490128141305,Mouse Moved,943.0,458.0,User23,,
1490128141321,Mouse Moved,898.0,468.0,User23,,
1490128141335,Mouse Moved,886.0,465.0,User23,,
1490128141351,Mouse Moved,871.0,443.0,User23,,
1490128141367,Mouse Moved,871.0,410.0,User23,,
1490128141382,Mouse Moved,913.0,338.0,User23,,
1490128141398,Mouse Moved,946.0,302.0,User23,,
1490128141414,Mouse Moved,998.0,274.0,User23,,
1490128141430,Mouse Moved,1012.0,274.0,User23,,
1490128141444,Mouse Moved,1027.0,282.0,User23,,
1490128141460,Mouse Moved,1032.0,295.0,User23,,
1490128141476,Mouse Moved,1021.0,336.0,User23,,
1490128141492,Mouse Moved,941.0,430.0,User23,,
1490128141507,Mouse Moved,867.0,500.0,User23,,
1490128141523,Mouse Moved,740.0,573.0,User23,,
1490128141539,Mouse Moved,732.0,573.0,User23,,
1490128141555,Mouse Moved,720.0,564.0,User23,,
1490128141569,Mouse Moved,780.0,445.0,User23,,
1490128141585,Mouse Moved,840.0,393.0,User23,,
1490128141601,Mouse Moved,964.0,314.0,User23,,
1490128141617,Mouse Moved,1053.0,320.0,User23,,
1490128141632,Mouse Moved,1074.0,330.0,User23,,
1490128141648,Mouse Moved,1092.0,347.0,User23,,
1490128141664,Mouse Moved,1094.0,358.0,User23,,
1490128141678,Mouse Moved,1072.0,404.0,User23,,
1490128141710,Mouse Moved,1014.0,451.0,User23,,
1490128141726,Mouse Moved,811.0,573.0,User23,,
1490128141742,Mouse Moved,752.0,578.0,User23,,
1490128141756,Mouse Moved,716.0,544.0,User23,,
1490128141773,Mouse Moved,714.0,494.0,User23,,
1490128141789,Mouse Moved,808.0,340.0,User23,,
1490128141803,Mouse Moved,883.0,299.0,User23,,
1490128141819,Mouse Moved,966.0,287.0,User23,,
1490128141835,Mouse Moved,1065.0,320.0,User23,,
1490128141851,Mouse Moved,1086.0,334.0,User23,,
1490128141867,Mouse Moved,1093.0,343.0,User23,,
1490128141881,Mouse Moved,1098.0,382.0,User23,,
1490128141898,Mouse Moved,1060.0,483.0,User23,,
1490128141913,Mouse Moved,1004.0,553.0,User23,,
1490128141928,Mouse Moved,974.0,586.0,User23,,
1490128143130,Mouse Moved,974.0,584.0,User23,,
1490128143145,Mouse Moved,973.0,578.0,User23,,
1490128143161,Mouse Moved,973.0,551.0,User23,,
1490128143177,Mouse Moved,974.0,537.0,User23,,
1490128143193,Mouse Moved,974.0,517.0,User23,,
1490128143207,Mouse Moved,984.0,469.0,User23,,
1490128143223,Mouse Moved,986.0,458.0,User23,,
1490128143239,Mouse Moved,994.0,434.0,User23,,
1490128143255,Mouse Moved,997.0,422.0,User23,,
1490128143270,Mouse Moved,1000.0,414.0,User23,,
1490128143286,Mouse Moved,1001.0,412.0,User23,,
1490128143302,Mouse Moved,1001.0,411.0,User23,,
1490128143316,Mouse Moved,1002.0,410.0,User23,,
1490128143332,Mouse Moved,1002.0,409.0,User23,,
1490128143832,Mouse Moved,1004.0,409.0,User23,,
1490128143848,Mouse Moved,1017.0,400.0,User23,,
1490128143878,Mouse Moved,1056.0,383.0,User23,,
1490128143894,Mouse Moved,1107.0,364.0,User23,,
1490128143910,Mouse Moved,1131.0,361.0,User23,,
1490128143926,Mouse Moved,1151.0,362.0,User23,,
1490128143940,Mouse Moved,1159.0,364.0,User23,,
1490128143957,Mouse Moved,1179.0,369.0,User23,,
1490128143973,Mouse Moved,1183.0,370.0,User23,,
1490128143987,Mouse Moved,1188.0,372.0,User23,,
1490128144003,Mouse Moved,1192.0,374.0,User23,,
1490128144019,Mouse Moved,1193.0,376.0,User23,,
1490128144035,Mouse Moved,1196.0,379.0,User23,,
1490128144051,Mouse Moved,1198.0,384.0,User23,,
1490128144065,Mouse Moved,1199.0,387.0,User23,,
1490128144082,Mouse Moved,1203.0,392.0,User23,,
1490128144096,Mouse Moved,1203.0,394.0,User23,,
1490128144174,Mouse Moved,1200.0,394.0,User23,,
1490128144190,Mouse Moved,1199.0,394.0,User23,,
1490128144207,Mouse Moved,1197.0,394.0,User23,,
1490128144221,Mouse Moved,1193.0,394.0,User23,,
1490128144237,Mouse Moved,1190.0,392.0,User23,,
1490128144269,Mouse Moved,1171.0,364.0,User23,,
1490128144285,Mouse Moved,1152.0,256.0,User23,,
1490128144299,Mouse Moved,1151.0,243.0,User23,,
1490128144315,Mouse Moved,1150.0,240.0,User23,,
1490128144331,Mouse Moved,1150.0,236.0,User23,,
1490128144346,Mouse Moved,1149.0,234.0,User23,,
1490128144628,Mouse Moved,1149.0,233.0,User23,,
1490128144642,Mouse Moved,1149.0,224.0,User23,,
1490128144658,Mouse Moved,1149.0,206.0,User23,,
1490128144674,Mouse Moved,1149.0,204.0,User23,,
1490128144690,Mouse Moved,1149.0,203.0,User23,,
1490128144706,Mouse Moved,1149.0,200.0,User23,,
1490128144753,Mouse Moved,1149.0,199.0,User23,,
1490128144892,Mouse Moved,1148.0,199.0,User23,,
1490128144908,Mouse Moved,1147.0,199.0,User23,,
1490128144940,Mouse Moved,1145.0,197.0,User23,,
1490128144954,Mouse Moved,1144.0,197.0,User23,,
1490128144970,Mouse Moved,1143.0,197.0,User23,,
1490128145017,Mouse Moved,1143.0,198.0,User23,,
1490128145032,Mouse Button.left Pressed,1143.0,198.0,User23,,
1490128145127,Mouse Moved,1142.0,198.0,User23,,
1490128145563,Mouse Moved,1142.0,197.0,User23,,
1490128145578,Mouse Moved,1143.0,199.0,User23,,
1490128145595,Mouse Moved,1143.0,200.0,User23,,
1490128145611,Mouse Moved,1144.0,200.0,User23,,
1490128145625,Mouse Moved,1144.0,201.0,User23,,
1490128145641,Mouse Moved,1146.0,203.0,User23,,
1490128145657,Mouse Moved,1146.0,204.0,User23,,
1490128145673,Mouse Moved,1148.0,205.0,User23,,
1490128145688,Mouse Moved,1148.0,206.0,User23,,
1490128145703,Mouse Moved,1149.0,208.0,User23,,
1490128145720,Mouse Moved,1150.0,209.0,User23,,
1490128145734,Mouse Moved,1151.0,210.0,User23,,
1490128145766,Mouse Moved,1152.0,211.0,User23,,
1490128145875,Mouse Moved,1152.0,212.0,User23,,
1490128148355,Mouse Moved,1152.0,213.0,User23,,
1490128148371,Mouse Moved,1156.0,232.0,User23,,
1490128148387,Mouse Moved,1157.0,238.0,User23,,
1490128148403,Mouse Moved,1161.0,252.0,User23,,
1490128148418,Mouse Moved,1162.0,256.0,User23,,
1490128148434,Mouse Moved,1164.0,262.0,User23,,
1490128148450,Mouse Moved,1167.0,269.0,User23,,
1490128148464,Mouse Moved,1167.0,270.0,User23,,
1490128148480,Mouse Moved,1171.0,279.0,User23,,
1490128148496,Mouse Moved,1172.0,282.0,User23,,
1490128148512,Mouse Moved,1173.0,285.0,User23,,
1490128148528,Mouse Moved,1174.0,286.0,User23,,
1490128148542,Mouse Moved,1175.0,286.0,User23,,
1490128148559,Mouse Moved,1175.0,287.0,User23,,
1490128148698,Mouse Moved,1176.0,287.0,User23,,
1490128148714,Mouse Moved,1181.0,292.0,User23,,
1490128148730,Mouse Moved,1185.0,297.0,User23,,
1490128148746,Mouse Moved,1187.0,299.0,User23,,
1490128148762,Mouse Moved,1188.0,302.0,User23,,
1490128148792,Mouse Moved,1189.0,302.0,User23,,
1490128148823,Mouse Moved,1190.0,306.0,User23,,
1490128148839,Mouse Moved,1191.0,306.0,User23,,
1490128148964,Mouse Moved,1191.0,308.0,User23,,
1490128149369,Mouse Moved,1190.0,308.0,User23,,
1490128149385,Mouse Moved,1190.0,308.0,User23,,
1490128150180,Mouse Moved,1187.0,309.0,User23,,
1490128150197,Mouse Moved,1105.0,285.0,User23,,
1490128150322,Mouse Moved,1044.0,265.0,User23,,
1490128150336,Mouse Moved,1039.0,263.0,User23,,
1490128150602,Mouse Moved,1037.0,261.0,User23,,
1490128150618,Mouse Moved,1071.0,246.0,User23,,
1490128150634,Mouse Moved,1095.0,238.0,User23,,
1490128150648,Mouse Moved,1104.0,234.0,User23,,
1490128150664,Mouse Moved,1123.0,226.0,User23,,
1490128150680,Mouse Moved,1126.0,225.0,User23,,
1490128150696,Mouse Moved,1133.0,224.0,User23,,
1490128150711,Mouse Moved,1143.0,223.0,User23,,
1490128150726,Mouse Moved,1146.0,222.0,User23,,
1490128150743,Mouse Moved,1146.0,221.0,User23,,
1490128150759,Mouse Moved,1147.0,221.0,User23,,
1490128150773,Mouse Moved,1148.0,221.0,User23,,
1490128150898,Mouse Moved,1147.0,220.0,User23,,
1490128150914,Mouse Moved,1146.0,220.0,User23,,
1490128150930,Mouse Moved,1143.0,219.0,User23,,
1490128150946,Mouse Moved,1139.0,218.0,User23,,
1490128150960,Mouse Moved,1137.0,217.0,User23,,
1490128150993,Mouse Moved,1135.0,217.0,User23,,
1490128151007,Mouse Moved,1134.0,216.0,User23,,
1490128151023,Mouse Moved,1133.0,216.0,User23,,
1490128151117,Mouse Moved,1134.0,217.0,User23,,
1490128151319,Mouse Moved,1131.0,216.0,User23,,
1490128151335,Mouse Moved,1127.0,213.0,User23,,
1490128151351,Mouse Moved,1122.0,211.0,User23,,
1490128151382,Mouse Moved,1118.0,209.0,User23,,
1490128151398,Mouse Moved,1108.0,203.0,User23,,
1490128151414,Mouse Moved,1104.0,201.0,User23,,
1490128151428,Mouse Moved,1102.0,200.0,User23,,
1490128151444,Mouse Moved,1099.0,198.0,User23,,
1490128151460,Mouse Moved,1097.0,198.0,User23,,
1490128151492,Mouse Moved,1096.0,197.0,User23,,
1490128151506,Mouse Moved,1094.0,197.0,User23,,
1490128151523,Mouse Moved,1093.0,197.0,User23,,
1490128151539,Mouse Moved,1092.0,195.0,User23,,
1490128151553,Mouse Moved,1091.0,195.0,User23,,
1490128151569,Mouse Moved,1090.0,194.0,User23,,
1490128151585,Mouse Button.left Pressed,1089.0,194.0,User23,,
1490128151601,Mouse Moved,1088.0,193.0,User23,,
1490128151631,Mouse Moved,1088.0,192.0,User23,,
1490128151678,Mouse Moved,1089.0,193.0,User23,,
1490128152069,Mouse Moved,1089.0,192.0,User23,,
1490128152099,Mouse Moved,1092.0,193.0,User23,,
1490128152115,Mouse Moved,1095.0,195.0,User23,,
1490128152131,Mouse Moved,1098.0,199.0,User23,,
1490128152147,Mouse Moved,1100.0,200.0,User23,,
1490128152163,Mouse Moved,1101.0,200.0,User23,,
1490128152194,Mouse Moved,1101.0,201.0,User23,,
1490128152319,Mouse Moved,1102.0,202.0,User23,,
1490128152381,Mouse Moved,1103.0,204.0,User23,,
1490128152397,Mouse Moved,1104.0,205.0,User23,,
1490128152459,Mouse Moved,1105.0,205.0,User23,,
1490128152474,Mouse Moved,1105.0,206.0,User23,,
1490128152490,Mouse Moved,1105.0,207.0,User23,,
1490128152506,Mouse Moved,1106.0,207.0,User23,,
1490128152520,Mouse Moved,1106.0,208.0,User23,,
1490128152536,Mouse Moved,1106.0,209.0,User23,,
1490128152568,Mouse Moved,1107.0,210.0,User23,,
1490128152584,Mouse Moved,1108.0,212.0,User23,,
1490128152598,Mouse Moved,1109.0,213.0,User23,,
1490128152615,Mouse Moved,1109.0,215.0,User23,,
1490128152631,Mouse Moved,1110.0,217.0,User23,,
1490128152661,Mouse Moved,1111.0,219.0,User23,,
1490128152693,Mouse Moved,1113.0,220.0,User23,,
1490128152709,Mouse Moved,1113.0,221.0,User23,,
1490128152740,Mouse Moved,1113.0,222.0,User23,,
1490128152755,Mouse Moved,1114.0,222.0,User23,,
1490128153473,Mouse Moved,1115.0,222.0,User23,,
1490128153489,Mouse Moved,1116.0,218.0,User23,,
1490128153503,Mouse Moved,1117.0,217.0,User23,,
1490128153519,Mouse Moved,1118.0,216.0,User23,,
1490128153535,Mouse Moved,1120.0,213.0,User23,,
1490128153566,Mouse Moved,1121.0,211.0,User23,,
1490128153582,Mouse Moved,1121.0,210.0,User23,,
1490128153628,Mouse Moved,1121.0,208.0,User23,,
1490128153660,Mouse Moved,1121.0,207.0,User23,,
1490128153690,Mouse Moved,1121.0,205.0,User23,,
1490128153707,Mouse Moved,1121.0,203.0,User23,,
1490128153723,Mouse Moved,1121.0,202.0,User23,,
1490128153769,Mouse Moved,1121.0,201.0,User23,,
1490128153832,Mouse Moved,1121.0,200.0,User23,,
1490128153846,Mouse Moved,1122.0,199.0,User23,,
1490128153862,Mouse Moved,1123.0,198.0,User23,,
1490128153878,Mouse Moved,1124.0,197.0,User23,,
1490128153910,Mouse Moved,1125.0,196.0,User23,,
1490128153957,Mouse Moved,1125.0,195.0,User23,,
1490128154081,Mouse Moved,1125.0,195.0,User23,,
1490128154096,Mouse Button.left Released,1125.0,195.0,User23,,
1490128154533,Mouse Moved,1125.0,196.0,User23,,
1490128154549,Mouse Moved,1126.0,196.0,User23,,
1490128154565,Mouse Moved,1127.0,197.0,User23,,
1490128154581,Mouse Moved,1130.0,200.0,User23,,
1490128154595,Mouse Moved,1132.0,201.0,User23,,
1490128154611,Mouse Moved,1134.0,203.0,User23,,
1490128154627,Mouse Moved,1138.0,205.0,User23,,
1490128154642,Mouse Moved,1140.0,206.0,User23,,
1490128154658,Mouse Moved,1141.0,208.0,User23,,
1490128154674,Mouse Moved,1143.0,210.0,User23,,
1490128154690,Mouse Moved,1144.0,211.0,User23,,
1490128154704,Mouse Moved,1146.0,213.0,User23,,
1490128154720,Mouse Moved,1147.0,213.0,User23,,
1490128154736,Mouse Moved,1147.0,215.0,User23,,
1490128154752,Mouse Moved,1148.0,215.0,User23,,
1490128154767,Mouse Moved,1149.0,215.0,User23,,
1490128154954,Mouse Moved,1148.0,214.0,User23,,
1490128154970,Mouse Button.left Pressed,1148.0,214.0,User23,,
1490128155049,Mouse Moved,1148.0,214.0,User23,,
1490128155063,Mouse Button.left Released,1148.0,214.0,User23,,
1490128155969,Mouse Moved,1147.0,216.0,User23,,
1490128155984,Mouse Moved,1139.0,224.0,User23,,
1490128156000,Mouse Moved,1103.0,262.0,User23,,
1490128156016,Mouse Moved,1048.0,302.0,User23,,
1490128156030,Mouse Moved,981.0,342.0,User23,,
1490128156062,Mouse Moved,972.0,347.0,User23,,
1490128156078,Mouse Moved,957.0,356.0,User23,,
1490128156094,Mouse Moved,954.0,357.0,User23,,
1490128156108,Mouse Moved,942.0,360.0,User23,,
1490128156125,Mouse Moved,938.0,361.0,User23,,
1490128156141,Mouse Moved,934.0,362.0,User23,,
1490128156171,Mouse Moved,930.0,362.0,User23,,
1490128156390,Mouse Moved,929.0,362.0,User23,,
1490128156405,Mouse Moved,928.0,361.0,User23,,
1490128156421,Mouse Moved,927.0,358.0,User23,,
1490128156437,Mouse Moved,926.0,355.0,User23,,
1490128156453,Mouse Moved,925.0,348.0,User23,,
1490128156467,Mouse Moved,925.0,345.0,User23,,
1490128156483,Mouse Moved,930.0,328.0,User23,,
1490128156499,Mouse Moved,934.0,319.0,User23,,
1490128156515,Mouse Moved,939.0,314.0,User23,,
1490128156530,Mouse Moved,944.0,305.0,User23,,
1490128156546,Mouse Moved,949.0,301.0,User23,,
1490128156562,Mouse Moved,951.0,301.0,User23,,
1490128156576,Mouse Moved,954.0,298.0,User23,,
1490128156592,Mouse Moved,957.0,297.0,User23,,
1490128156608,Mouse Moved,958.0,296.0,User23,,
1490128156624,Mouse Moved,959.0,296.0,User23,,
1490128156826,Mouse Moved,960.0,296.0,User23,,
1490128156842,Mouse Moved,963.0,296.0,User23,,
1490128156858,Mouse Moved,967.0,296.0,User23,,
1490128156874,Mouse Moved,968.0,296.0,User23,,
1490128156904,Mouse Moved,971.0,296.0,User23,,
1490128156921,Mouse Moved,973.0,296.0,User23,,
1490128156936,Mouse Moved,974.0,296.0,User23,,
1490128156951,Mouse Moved,976.0,297.0,User23,,
1490128156967,Mouse Moved,977.0,298.0,User23,,
1490128156983,Mouse Moved,978.0,299.0,User23,,
1490128156999,Mouse Moved,979.0,299.0,User23,,
1490128157013,Mouse Moved,980.0,300.0,User23,,
1490128157029,Mouse Moved,982.0,300.0,User23,,
1490128157045,Mouse Moved,983.0,301.0,User23,,
1490128157061,Mouse Moved,984.0,301.0,User23,,
1490128157076,Mouse Moved,985.0,301.0,User23,,
1490128157138,Mouse Moved,987.0,302.0,User23,,
1490128157295,Mouse Moved,987.0,303.0,User23,,
1490128157513,Mouse Moved,988.0,303.0,User23,,
1490128157545,Mouse Moved,988.0,304.0,User23,,
1490128157559,Mouse Moved,989.0,305.0,User23,,
1490128157575,Mouse Moved,989.0,306.0,User23,,
1490128157591,Mouse Moved,990.0,308.0,User23,,
1490128157607,Mouse Moved,991.0,310.0,User23,,
1490128157622,Mouse Moved,991.0,314.0,User23,,
1490128157638,Mouse Moved,991.0,317.0,User23,,
1490128157871,Mouse Moved,993.0,318.0,User23,,
1490128157903,Mouse Moved,996.0,319.0,User23,,
1490128157918,Mouse Moved,999.0,319.0,User23,,
1490128157934,Mouse Moved,1001.0,319.0,User23,,
1490128157950,Mouse Moved,1002.0,319.0,User23,,
1490128157966,Mouse Moved,1003.0,319.0,User23,,
1490128157996,Mouse Moved,1003.0,320.0,User23,,
1490128158043,Mouse Moved,1003.0,321.0,User23,,
1490128158121,Mouse Moved,1003.0,320.0,User23,,
1490128158137,Mouse Moved,1004.0,321.0,User23,,
1490128158153,Mouse Moved,1004.0,322.0,User23,,
1490128158184,Mouse Moved,1005.0,323.0,User23,,
1490128158200,Mouse Moved,1005.0,324.0,User23,,
1490128158214,Mouse Moved,1005.0,326.0,User23,,
1490128158230,Mouse Moved,1005.0,328.0,User23,,
1490128158246,Mouse Moved,1006.0,333.0,User23,,
1490128158262,Mouse Moved,1006.0,335.0,User23,,
1490128158278,Mouse Moved,1007.0,341.0,User23,,
1490128158292,Mouse Moved,1007.0,343.0,User23,,
1490128158309,Mouse Moved,1007.0,350.0,User23,,
1490128158325,Mouse Moved,1008.0,353.0,User23,,
1490128158339,Mouse Moved,1008.0,357.0,User23,,
1490128158355,Mouse Moved,1010.0,361.0,User23,,
1490128158371,Mouse Moved,1010.0,362.0,User23,,
1490128158387,Mouse Moved,1010.0,364.0,User23,,
1490128158403,Mouse Moved,1010.0,366.0,User23,,
1490128158417,Mouse Moved,1010.0,370.0,User23,,
1490128158434,Mouse Moved,1010.0,373.0,User23,,
1490128158448,Mouse Moved,1010.0,374.0,User23,,
1490128158464,Mouse Moved,1010.0,378.0,User23,,
1490128158512,Mouse Moved,1010.0,379.0,User23,,
1490128159072,Mouse Moved,1010.0,378.0,User23,,
1490128159088,Mouse Moved,1016.0,359.0,User23,,
1490128159197,Mouse Moved,1018.0,354.0,User23,,
1490128159384,Mouse Moved,1018.0,354.0,User23,,
1490128159509,Mouse Moved,1018.0,353.0,User23,,
1490128159526,Mouse Moved,1017.0,353.0,User23,,
1490128159540,Mouse Moved,1013.0,352.0,User23,,
1490128159572,Mouse Moved,1013.0,351.0,User23,,
1490128159588,Mouse Moved,1012.0,351.0,User23,,
1490128159713,Mouse Moved,1011.0,351.0,User23,,
1490128159729,Mouse Moved,1005.0,350.0,User23,,
1490128159852,Mouse Moved,1004.0,350.0,User23,,
1490128159868,Mouse Moved,1003.0,349.0,User23,,
1490128159884,Mouse Moved,1002.0,348.0,User23,,
1490128160025,Mouse Moved,1002.0,347.0,User23,,
1490128160040,Mouse Moved,1002.0,334.0,User23,,
1490128160150,Mouse Moved,1000.0,317.0,User23,,
1490128160164,Mouse Moved,1000.0,316.0,User23,,
1490128160321,Mouse Moved,998.0,312.0,User23,,
1490128160446,Mouse Moved,1000.0,312.0,User23,,
1490128160476,Mouse Moved,1007.0,312.0,User23,,
1490128160493,Mouse Moved,1027.0,303.0,User23,,
1490128160509,Mouse Moved,1037.0,297.0,User23,,
1490128160523,Mouse Moved,1060.0,287.0,User23,,
1490128160539,Mouse Moved,1073.0,285.0,User23,,
1490128160555,Mouse Moved,1090.0,280.0,User23,,
1490128160571,Mouse Moved,1092.0,279.0,User23,,
1490128160586,Mouse Moved,1100.0,277.0,User23,,
1490128160601,Mouse Moved,1108.0,274.0,User23,,
1490128160618,Mouse Moved,1109.0,274.0,User23,,
1490128160648,Mouse Moved,1110.0,273.0,User23,,
1490128160710,Mouse Moved,1111.0,273.0,User23,,
1490128160773,Mouse Moved,1110.0,273.0,User23,,
1490128160789,Mouse Moved,1109.0,273.0,User23,,
1490128160805,Mouse Moved,1107.0,273.0,User23,,
1490128160821,Mouse Moved,1106.0,273.0,User23,,
1490128160835,Mouse Moved,1104.0,273.0,User23,,
1490128160851,Mouse Moved,1103.0,273.0,User23,,
1490128160867,Mouse Moved,1102.0,273.0,User23,,
1490128160882,Mouse Moved,1099.0,270.0,User23,,
1490128160898,Mouse Moved,1097.0,269.0,User23,,
1490128160914,Mouse Moved,1095.0,267.0,User23,,
1490128160930,Mouse Moved,1094.0,262.0,User23,,
1490128160944,Mouse Moved,1091.0,258.0,User23,,
1490128160960,Mouse Moved,1088.0,251.0,User23,,
1490128160976,Mouse Moved,1087.0,248.0,User23,,
1490128160992,Mouse Moved,1086.0,245.0,User23,,
1490128161007,Mouse Moved,1084.0,243.0,User23,,
1490128161023,Mouse Moved,1084.0,241.0,User23,,
1490128161055,Mouse Moved,1083.0,238.0,User23,,
1490128161069,Mouse Moved,1083.0,235.0,User23,,
1490128161085,Mouse Moved,1082.0,231.0,User23,,
1490128161101,Mouse Moved,1082.0,230.0,User23,,
1490128161117,Mouse Moved,1081.0,228.0,User23,,
1490128161132,Mouse Moved,1081.0,227.0,User23,,
1490128161148,Mouse Moved,1081.0,225.0,User23,,
1490128161164,Mouse Moved,1081.0,224.0,User23,,
1490128161178,Mouse Moved,1081.0,221.0,User23,,
1490128161194,Mouse Moved,1080.0,218.0,User23,,
1490128161210,Mouse Moved,1080.0,217.0,User23,,
1490128161226,Mouse Moved,1079.0,214.0,User23,,
1490128161242,Mouse Moved,1079.0,213.0,User23,,
1490128161256,Mouse Moved,1079.0,212.0,User23,,
1490128161335,Mouse Moved,1080.0,213.0,User23,,
1490128161413,Mouse Moved,1080.0,213.0,User23,,
1490128161615,Mouse Moved,1082.0,212.0,User23,,
1490128161631,Mouse Moved,1084.0,212.0,User23,,
1490128161647,Mouse Moved,1087.0,209.0,User23,,
1490128161663,Mouse Moved,1094.0,205.0,User23,,
1490128161678,Mouse Moved,1097.0,204.0,User23,,
1490128161694,Mouse Moved,1101.0,203.0,User23,,
1490128161710,Mouse Moved,1102.0,203.0,User23,,
1490128161724,Mouse Moved,1103.0,203.0,User23,,
1490128161740,Mouse Moved,1103.0,202.0,User23,,
1490128161756,Mouse Moved,1104.0,202.0,User23,,
1490128161788,Mouse Moved,1105.0,202.0,User23,,
1490128161835,Mouse Moved,1105.0,201.0,User23,,
1490128161865,Mouse Moved,1106.0,201.0,User23,,
1490128161881,Mouse Moved,1109.0,199.0,User23,,
1490128161897,Mouse Moved,1111.0,198.0,User23,,
1490128161913,Mouse Moved,1113.0,196.0,User23,,
1490128161927,Mouse Moved,1114.0,196.0,User23,,
1490128161944,Mouse Moved,1115.0,195.0,User23,,
1490128161959,Mouse Moved,1115.0,194.0,User23,,
1490128161974,Mouse Moved,1116.0,194.0,User23,,
1490128162006,Mouse Moved,1117.0,193.0,User23,,
1490128162022,Mouse Moved,1117.0,194.0,User23,,
1490128162147,Mouse Moved,1117.0,194.0,User23,,
1490128162490,Mouse Moved,1117.0,195.0,User23,,
1490128162505,Mouse Moved,1119.0,198.0,User23,,
1490128162520,Mouse Moved,1123.0,208.0,User23,,
1490128162536,Mouse Moved,1135.0,235.0,User23,,
1490128162552,Mouse Moved,1146.0,253.0,User23,,
1490128162568,Mouse Moved,1151.0,264.0,User23,,
1490128162582,Mouse Moved,1155.0,276.0,User23,,
1490128162598,Mouse Moved,1158.0,283.0,User23,,
1490128162615,Mouse Moved,1162.0,295.0,User23,,
1490128162630,Mouse Moved,1162.0,297.0,User23,,
1490128162661,Mouse Moved,1162.0,299.0,User23,,
1490128162880,Mouse Moved,1163.0,300.0,User23,,
1490128162894,Mouse Moved,1164.0,301.0,User23,,
1490128162911,Mouse Moved,1166.0,304.0,User23,,
1490128162927,Mouse Moved,1167.0,304.0,User23,,
1490128162941,Mouse Moved,1168.0,306.0,User23,,
1490128162957,Mouse Moved,1169.0,308.0,User23,,
1490128162973,Mouse Moved,1173.0,315.0,User23,,
1490128163005,Mouse Moved,1174.0,316.0,User23,,
1490128163019,Mouse Moved,1175.0,318.0,User23,,
1490128163036,Mouse Moved,1176.0,319.0,User23,,
1490128163066,Mouse Moved,1177.0,320.0,User23,,
1490128163082,Mouse Moved,1177.0,321.0,User23,,
1490128163098,Mouse Moved,1178.0,323.0,User23,,
1490128163114,Mouse Moved,1179.0,324.0,User23,,
1490128163128,Mouse Moved,1179.0,325.0,User23,,
1490128163144,Mouse Moved,1180.0,326.0,User23,,
1490128163161,Mouse Moved,1180.0,327.0,User23,,
1490128163176,Mouse Moved,1180.0,329.0,User23,,
1490128163191,Mouse Moved,1180.0,330.0,User23,,
1490128163207,Mouse Moved,1181.0,330.0,User23,,
1490128163239,Mouse Moved,1181.0,331.0,User23,,
1490128163301,Mouse Moved,1181.0,332.0,User23,,
1490128163410,Mouse Moved,1181.0,332.0,User23,,
1490128163487,Mouse Moved,1181.0,332.0,User23,,
1490128163519,Mouse Button.left Released,1181.0,332.0,User23,,
1490128164267,Mouse Moved,1180.0,332.0,User23,,
1490128164283,Mouse Moved,1172.0,331.0,User23,,
1490128164299,Mouse Moved,1161.0,330.0,User23,,
1490128164315,Mouse Moved,1119.0,320.0,User23,,
1490128164331,Mouse Moved,1089.0,308.0,User23,,
1490128164345,Mouse Moved,1059.0,296.0,User23,,
1490128164361,Mouse Moved,1040.0,289.0,User23,,
1490128164377,Mouse Moved,1035.0,287.0,User23,,
1490128164392,Mouse Moved,1027.0,283.0,User23,,
1490128164408,Mouse Moved,1021.0,280.0,User23,,
1490128164424,Mouse Moved,1015.0,275.0,User23,,
1490128164440,Mouse Moved,1013.0,273.0,User23,,
1490128164454,Mouse Moved,1010.0,269.0,User23,,
1490128164736,Mouse Moved,1009.0,269.0,User23,,
1490128164752,Mouse Moved,1004.0,267.0,User23,,
1490128164766,Mouse Moved,996.0,266.0,User23,,
1490128164782,Mouse Moved,976.0,261.0,User23,,
1490128164799,Mouse Moved,934.0,245.0,User23,,
1490128164813,Mouse Moved,924.0,241.0,User23,,
1490128164829,Mouse Moved,903.0,239.0,User23,,
1490128164845,Mouse Moved,896.0,237.0,User23,,
1490128164861,Mouse Moved,887.0,229.0,User23,,
1490128164877,Mouse Moved,884.0,228.0,User23,,
1490128164891,Mouse Moved,879.0,223.0,User23,,
1490128164907,Mouse Moved,876.0,218.0,User23,,
1490128165173,Mouse Moved,872.0,218.0,User23,,
1490128165188,Mouse Moved,865.0,216.0,User23,,
1490128165203,Mouse Moved,857.0,214.0,User23,,
1490128165220,Mouse Moved,832.0,206.0,User23,,
1490128165234,Mouse Moved,819.0,202.0,User23,,
1490128165250,Mouse Moved,812.0,198.0,User23,,
1490128165266,Mouse Moved,799.0,191.0,User23,,
1490128165282,Mouse Moved,795.0,188.0,User23,,
1490128165298,Mouse Moved,784.0,183.0,User23,,
1490128165312,Mouse Moved,776.0,178.0,User23,,
1490128165328,Mouse Moved,772.0,176.0,User23,,
1490128165359,Mouse Moved,771.0,176.0,User23,,
1490128165609,Mouse Moved,770.0,175.0,User23,,
1490128165625,Mouse Moved,770.0,174.0,User23,,
1490128165641,Mouse Moved,769.0,174.0,User23,,
1490128165657,Mouse Moved,767.0,172.0,User23,,
1490128165671,Mouse Moved,766.0,171.0,User23,,
1490128165687,Mouse Moved,765.0,170.0,User23,,
1490128165703,Mouse Moved,762.0,168.0,User23,,
1490128165719,Mouse Moved,761.0,167.0,User23,,
1490128165734,Mouse Moved,760.0,166.0,User23,,
1490128165750,Mouse Moved,758.0,164.0,User23,,
1490128165766,Mouse Moved,757.0,164.0,User23,,
1490128165780,Mouse Moved,755.0,162.0,User23,,
1490128165796,Mouse Moved,755.0,161.0,User23,,
1490128165812,Mouse Moved,753.0,160.0,User23,,
1490128165844,Mouse Moved,752.0,159.0,User23,,
1490128165858,Mouse Moved,752.0,159.0,User23,,
1490128165875,Mouse Moved,751.0,159.0,User23,,
1490128165891,Mouse Moved,751.0,158.0,User23,,
1490128165905,Mouse Moved,751.0,157.0,User23,,
1490128165969,Mouse Moved,751.0,158.0,User23,,
1490128165983,Mouse Button.left Released,751.0,158.0,User23,,
1490128166140,Mouse Moved,749.0,157.0,User23,,
1490128166155,Mouse Moved,746.0,157.0,User23,,
1490128166171,Mouse Moved,744.0,157.0,User23,,
1490128166187,Mouse Moved,734.0,158.0,User23,,
1490128166203,Mouse Moved,731.0,158.0,User23,,
1490128166217,Mouse Moved,724.0,158.0,User23,,
1490128166233,Mouse Moved,720.0,158.0,User23,,
1490128166249,Mouse Moved,716.0,158.0,User23,,
1490128166265,Mouse Moved,713.0,158.0,User23,,
1490128166280,Mouse Moved,712.0,158.0,User23,,
1490128166296,Mouse Moved,709.0,158.0,User23,,
1490128166312,Mouse Moved,708.0,158.0,User23,,
1490128166326,Mouse Moved,705.0,159.0,User23,,
1490128166342,Mouse Moved,704.0,159.0,User23,,
1490128166374,Mouse Moved,701.0,159.0,User23,,
1490128166390,Mouse Moved,700.0,159.0,User23,,
1490128166404,Mouse Moved,699.0,159.0,User23,,
1490128166421,Mouse Moved,698.0,159.0,User23,,
1490128166467,Mouse Moved,699.0,158.0,User23,,
1490128166592,Mouse Moved,699.0,158.0,User23,,
1490128168059,Mouse Moved,698.0,160.0,User23,,
1490128168075,Mouse Moved,698.0,162.0,User23,,
1490128168089,Mouse Moved,698.0,165.0,User23,,
1490128168105,Mouse Moved,698.0,168.0,User23,,
1490128168121,Mouse Moved,698.0,171.0,User23,,
1490128168137,Mouse Moved,699.0,172.0,User23,,
1490128168153,Mouse Moved,701.0,177.0,User23,,
1490128168167,Mouse Moved,701.0,178.0,User23,,
1490128168198,Mouse Moved,702.0,178.0,User23,,
1490128168496,Mouse Moved,702.0,179.0,User23,,
1490128168698,Mouse Moved,702.0,179.0,User23,,
1490128168933,Mouse Moved,703.0,180.0,User23,,
1490128168947,Mouse Moved,707.0,183.0,User23,,
1490128169056,Mouse Moved,707.0,184.0,User23,,
1490128169088,Mouse Moved,708.0,185.0,User23,,
1490128169104,Mouse Moved,713.0,189.0,User23,,
1490128169197,Mouse Moved,722.0,196.0,User23,,
1490128169213,Mouse Moved,728.0,199.0,User23,,
1490128169338,Mouse Moved,744.0,208.0,User23,,
1490128170430,Mouse Moved,747.0,207.0,User23,,
1490128170446,Mouse Moved,811.0,168.0,User23,,
1490128170460,Mouse Moved,833.0,150.0,User23,,
1490128170476,Mouse Moved,843.0,146.0,User23,,
1490128170493,Mouse Moved,860.0,145.0,User23,,
1490128170507,Mouse Moved,865.0,146.0,User23,,
1490128170523,Mouse Moved,870.0,148.0,User23,,
1490128170539,Mouse Moved,872.0,150.0,User23,,
1490128170555,Mouse Moved,875.0,152.0,User23,,
1490128170571,Mouse Moved,876.0,153.0,User23,,
1490128170585,Mouse Moved,877.0,164.0,User23,,
1490128170601,Mouse Moved,877.0,171.0,User23,,
1490128170617,Mouse Moved,877.0,172.0,User23,,
1490128170632,Mouse Moved,878.0,178.0,User23,,
1490128170648,Mouse Moved,878.0,182.0,User23,,
1490128170664,Mouse Moved,878.0,186.0,User23,,
1490128170680,Mouse Moved,878.0,187.0,User23,,
1490128170694,Mouse Moved,879.0,188.0,User23,,
1490128170710,Mouse Moved,879.0,189.0,User23,,
1490128170726,Mouse Moved,881.0,191.0,User23,,
1490128170742,Mouse Moved,881.0,193.0,User23,,
1490128170757,Mouse Moved,881.0,199.0,User23,,
1490128170773,Mouse Moved,882.0,202.0,User23,,
1490128170805,Mouse Moved,882.0,206.0,User23,,
1490128170851,Mouse Moved,882.0,209.0,User23,,
1490128170882,Mouse Moved,882.0,210.0,User23,,
1490128170960,Mouse Moved,884.0,211.0,User23,,
1490128171819,Mouse Moved,885.0,211.0,User23,,
1490128171834,Mouse Moved,887.0,209.0,User23,,
1490128171849,Mouse Moved,889.0,209.0,User23,,
1490128171865,Mouse Moved,896.0,203.0,User23,,
1490128171881,Mouse Moved,902.0,201.0,User23,,
1490128171897,Mouse Moved,909.0,199.0,User23,,
1490128171911,Mouse Moved,912.0,198.0,User23,,
1490128171927,Mouse Moved,920.0,193.0,User23,,
1490128171943,Mouse Moved,927.0,191.0,User23,,
1490128171959,Mouse Moved,929.0,189.0,User23,,
1490128171974,Mouse Moved,934.0,187.0,User23,,
1490128171990,Mouse Moved,934.0,186.0,User23,,
1490128172006,Mouse Moved,937.0,184.0,User23,,
1490128172020,Mouse Moved,939.0,183.0,User23,,
1490128172036,Mouse Moved,940.0,183.0,User23,,
1490128172052,Mouse Moved,940.0,182.0,User23,,
1490128172068,Mouse Moved,941.0,182.0,User23,,
1490128172193,Mouse Moved,941.0,181.0,User23,,
1490128172209,Mouse Moved,941.0,180.0,User23,,
1490128172240,Mouse Moved,940.0,179.0,User23,,
1490128172255,Mouse Moved,938.0,177.0,User23,,
1490128172270,Mouse Moved,936.0,175.0,User23,,
1490128172286,Mouse Moved,935.0,174.0,User23,,
1490128172302,Mouse Moved,933.0,173.0,User23,,
1490128172318,Mouse Moved,932.0,172.0,User23,,
1490128172348,Mouse Moved,931.0,171.0,User23,,
1490128172411,Mouse Moved,930.0,170.0,User23,,
1490128173082,Mouse Moved,931.0,170.0,User23,,
1490128173176,Mouse Moved,936.0,172.0,User23,,
1490128173190,Mouse Moved,943.0,174.0,User23,,
1490128173207,Mouse Moved,963.0,181.0,User23,,
1490128173223,Mouse Moved,969.0,181.0,User23,,
1490128173237,Mouse Moved,973.0,182.0,User23,,
1490128173253,Mouse Moved,980.0,183.0,User23,,
1490128173269,Mouse Moved,983.0,183.0,User23,,
1490128173285,Mouse Moved,985.0,183.0,User23,,
1490128173301,Mouse Moved,989.0,183.0,User23,,
1490128173315,Mouse Moved,991.0,184.0,User23,,
1490128173332,Mouse Moved,994.0,185.0,User23,,
1490128173346,Mouse Moved,997.0,187.0,User23,,
1490128173362,Mouse Moved,1000.0,188.0,User23,,
1490128173378,Mouse Moved,1001.0,189.0,User23,,
1490128173394,Mouse Moved,1003.0,190.0,User23,,
1490128173410,Mouse Moved,1003.0,191.0,User23,,
1490128173424,Mouse Moved,1007.0,193.0,User23,,
1490128173440,Mouse Moved,1009.0,194.0,User23,,
1490128173457,Mouse Moved,1010.0,195.0,User23,,
1490128173471,Mouse Moved,1011.0,196.0,User23,,
1490128174329,Mouse Moved,1011.0,197.0,User23,,
1490128174345,Mouse Moved,1010.0,197.0,User23,,
1490128174361,Mouse Moved,1009.0,199.0,User23,,
1490128174377,Mouse Moved,1008.0,201.0,User23,,
1490128174392,Mouse Moved,1007.0,206.0,User23,,
1490128174407,Mouse Moved,1007.0,208.0,User23,,
1490128174486,Mouse Moved,1007.0,209.0,User23,,
1490128174595,Mouse Moved,1007.0,210.0,User23,,
1490128174704,Mouse Moved,1007.0,211.0,User23,,
1490128174736,Mouse Moved,1007.0,212.0,User23,,
1490128174813,Mouse Moved,1007.0,213.0,User23,,
1490128175437,Mouse Moved,1007.0,212.0,User23,,
1490128175484,Mouse Moved,1006.0,212.0,User23,,
1490128175500,Mouse Moved,1006.0,211.0,User23,,
1490128175516,Mouse Moved,1006.0,210.0,User23,,
1490128175546,Mouse Moved,1006.0,209.0,User23,,
1490128175750,Mouse Moved,1005.0,209.0,User23,,
1490128175780,Mouse Moved,1005.0,208.0,User23,,
1490128175796,Mouse Moved,1004.0,208.0,User23,,
1490128175828,Mouse Moved,1004.0,207.0,User23,,
1490128175890,Mouse Moved,1004.0,206.0,User23,,
1490128175905,Mouse Moved,1003.0,206.0,User23,,
1490128176171,Mouse Moved,1004.0,206.0,User23,,
1490128176311,Mouse Moved,1004.0,206.0,User23,,
1490128178308,Mouse Moved,1003.0,206.0,User23,,
1490128178323,Mouse Moved,1003.0,207.0,User23,,
1490128178355,Mouse Moved,1003.0,208.0,User23,,
1490128178385,Mouse Moved,1003.0,209.0,User23,,
1490128178401,Mouse Moved,1002.0,212.0,User23,,
1490128178417,Mouse Moved,1001.0,216.0,User23,,
1490128178433,Mouse Moved,1000.0,222.0,User23,,
1490128178448,Mouse Moved,1000.0,226.0,User23,,
1490128178463,Mouse Moved,999.0,232.0,User23,,
1490128178480,Mouse Moved,999.0,233.0,User23,,
1490128178494,Mouse Moved,998.0,237.0,User23,,
1490128178526,Mouse Moved,998.0,240.0,User23,,
1490128178542,Mouse Moved,997.0,242.0,User23,,
1490128178572,Mouse Moved,996.0,243.0,User23,,
1490128179368,Mouse Moved,995.0,244.0,User23,,
1490128179384,Mouse Moved,970.0,245.0,User23,,
1490128179493,Mouse Moved,965.0,245.0,User23,,
1490128179509,Mouse Moved,939.0,235.0,User23,,
1490128179821,Mouse Moved,926.0,215.0,User23,,
1490128179836,Mouse Moved,926.0,214.0,User23,,
1490128179852,Mouse Moved,926.0,211.0,User23,,
1490128179993,Mouse Moved,926.0,209.0,User23,,
1490128180009,Mouse Moved,923.0,190.0,User23,,
1490128180118,Mouse Moved,921.0,186.0,User23,,
1490128180132,Mouse Moved,921.0,185.0,User23,,
1490128180148,Mouse Moved,918.0,180.0,User23,,
1490128180164,Mouse Moved,913.0,172.0,User23,,
1490128180289,Mouse Moved,910.0,169.0,User23,,
1490128180305,Mouse Moved,910.0,166.0,User23,,
1490128180632,Mouse Moved,910.0,166.0,User23,,
1490128180664,Mouse Moved,910.0,167.0,User23,,
1490128180678,Mouse Moved,912.0,169.0,User23,,
1490128180694,Mouse Moved,913.0,171.0,User23,,
1490128180710,Mouse Moved,914.0,171.0,User23,,
1490128180726,Mouse Moved,915.0,172.0,User23,,
1490128180742,Mouse Moved,915.0,173.0,User23,,
1490128180756,Mouse Moved,916.0,173.0,User23,,
1490128180789,Mouse Moved,917.0,175.0,User23,,
1490128180819,Mouse Moved,918.0,176.0,User23,,
1490128180835,Mouse Moved,919.0,177.0,User23,,
1490128180851,Mouse Moved,919.0,180.0,User23,,
1490128181147,Mouse Moved,919.0,183.0,User23,,
1490128181163,Mouse Moved,921.0,184.0,User23,,
1490128181178,Mouse Moved,922.0,184.0,User23,,
1490128181194,Mouse Moved,924.0,186.0,User23,,
1490128181210,Mouse Moved,926.0,188.0,User23,,
1490128181224,Mouse Moved,927.0,189.0,User23,,
1490128181240,Mouse Moved,930.0,192.0,User23,,
1490128181256,Mouse Moved,932.0,193.0,User23,,
1490128181272,Mouse Moved,934.0,195.0,User23,,
1490128181288,Mouse Moved,935.0,195.0,User23,,
1490128181302,Mouse Moved,937.0,196.0,User23,,
1490128181319,Mouse Moved,937.0,197.0,User23,,
1490128181349,Mouse Moved,938.0,197.0,User23,,
1490128181365,Mouse Moved,938.0,198.0,User23,,
1490128181397,Mouse Moved,939.0,199.0,User23,,
1490128181413,Mouse Moved,940.0,199.0,User23,,
1490128181444,Mouse Moved,941.0,200.0,User23,,
1490128181474,Mouse Moved,942.0,201.0,User23,,
1490128181490,Mouse Moved,942.0,204.0,User23,,
1490128181584,Mouse Moved,942.0,205.0,User23,,
1490128181599,Mouse Moved,943.0,210.0,User23,,
1490128181615,Mouse Moved,943.0,212.0,User23,,
1490128181677,Mouse Moved,943.0,213.0,User23,,
1490128181881,Mouse Moved,942.0,213.0,User23,,
1490128181895,Mouse Moved,941.0,213.0,User23,,
1490128181911,Mouse Moved,939.0,211.0,User23,,
1490128181927,Mouse Moved,938.0,210.0,User23,,
1490128181943,Mouse Moved,937.0,210.0,User23,,
1490128181959,Mouse Moved,933.0,203.0,User23,,
1490128181973,Mouse Moved,930.0,200.0,User23,,
1490128181990,Mouse Moved,930.0,199.0,User23,,
1490128182005,Mouse Moved,929.0,197.0,User23,,
1490128182020,Mouse Moved,928.0,197.0,User23,,
1490128182052,Mouse Moved,927.0,196.0,User23,,
1490128182082,Mouse Moved,926.0,196.0,User23,,
1490128182098,Mouse Moved,926.0,195.0,User23,,
1490128182115,Mouse Moved,926.0,194.0,User23,,
1490128182130,Mouse Moved,925.0,193.0,User23,,
1490128182161,Mouse Moved,924.0,192.0,User23,,
1490128182177,Mouse Moved,922.0,190.0,User23,,
1490128182207,Mouse Moved,921.0,188.0,User23,,
1490128182223,Mouse Moved,920.0,187.0,User23,,
1490128182239,Mouse Moved,919.0,187.0,User23,,
1490128182270,Mouse Moved,918.0,187.0,User23,,
1490128182441,Mouse Moved,918.0,188.0,User23,,
1490128182457,Mouse Moved,918.0,189.0,User23,,
1490128182505,Mouse Moved,918.0,191.0,User23,,
1490128182519,Mouse Moved,918.0,192.0,User23,,
1490128182551,Mouse Moved,919.0,196.0,User23,,
1490128182566,Mouse Moved,919.0,197.0,User23,,
1490128182582,Mouse Moved,919.0,198.0,User23,,
1490128182598,Mouse Moved,920.0,200.0,User23,,
1490128182614,Mouse Moved,920.0,203.0,User23,,
1490128182628,Mouse Moved,921.0,204.0,User23,,
1490128182644,Mouse Moved,921.0,205.0,User23,,
1490128182661,Mouse Moved,921.0,207.0,User23,,
1490128182676,Mouse Moved,922.0,208.0,User23,,
1490128182691,Mouse Moved,922.0,210.0,User23,,
1490128182707,Mouse Moved,922.0,211.0,User23,,
1490128182723,Mouse Moved,922.0,212.0,User23,,
1490128182769,Mouse Moved,922.0,215.0,User23,,
1490128182785,Mouse Moved,922.0,216.0,User23,,
1490128183096,Mouse Moved,922.0,217.0,User23,,
1490128183783,Mouse Moved,922.0,216.0,User23,,
1490128183815,Mouse Moved,922.0,215.0,User23,,
1490128183845,Mouse Moved,922.0,214.0,User23,,
1490128183877,Mouse Moved,921.0,213.0,User23,,
1490128183892,Mouse Moved,921.0,212.0,User23,,
1490128183908,Mouse Moved,919.0,210.0,User23,,
1490128183924,Mouse Moved,919.0,209.0,User23,,
1490128183940,Mouse Moved,918.0,209.0,User23,,
1490128183954,Mouse Moved,918.0,208.0,User23,,
1490128184002,Mouse Moved,916.0,208.0,User23,,
1490128184017,Mouse Moved,916.0,207.0,User23,,
1490128184079,Mouse Moved,915.0,207.0,User23,,
1490128184111,Mouse Moved,915.0,205.0,User23,,
1490128184188,Mouse Moved,915.0,204.0,User23,,
1490128184220,Mouse Moved,914.0,204.0,User23,,
1490128184548,Mouse Moved,914.0,205.0,User23,,
1490128184563,Mouse Moved,914.0,206.0,User23,,
1490128184578,Mouse Moved,914.0,207.0,User23,,
1490128184595,Mouse Moved,916.0,209.0,User23,,
1490128184611,Mouse Moved,916.0,211.0,User23,,
1490128184641,Mouse Moved,916.0,214.0,User23,,
1490128184657,Mouse Moved,917.0,215.0,User23,,
1490128184673,Mouse Moved,917.0,217.0,User23,,
1490128184688,Mouse Moved,918.0,217.0,User23,,
1490128184703,Mouse Moved,919.0,219.0,User23,,
1490128184720,Mouse Moved,919.0,220.0,User23,,
1490128184734,Mouse Moved,919.0,221.0,User23,,
1490128185016,Mouse Moved,919.0,220.0,User23,,
1490128185062,Mouse Moved,919.0,219.0,User23,,
1490128185109,Mouse Moved,919.0,218.0,User23,,
1490128185125,Mouse Moved,919.0,217.0,User23,,
1490128185141,Mouse Moved,919.0,216.0,User23,,
1490128185157,Mouse Moved,919.0,214.0,User23,,
1490128185187,Mouse Moved,919.0,213.0,User23,,
1490128185203,Mouse Moved,918.0,213.0,User23,,
1490128185250,Mouse Moved,917.0,210.0,User23,,
1490128185280,Mouse Moved,916.0,209.0,User23,,
1490128185296,Mouse Moved,916.0,208.0,User23,,
1490128185358,Mouse Moved,916.0,207.0,User23,,
1490128185469,Mouse Moved,916.0,206.0,User23,,
1490128185717,Mouse Moved,916.0,207.0,User23,,
1490128185904,Mouse Moved,916.0,208.0,User23,,
1490128188681,Mouse Moved,918.0,208.0,User23,,
1490128188697,Mouse Moved,920.0,208.0,User23,,
1490128188744,Mouse Moved,924.0,207.0,User23,,
1490128188838,Mouse Moved,934.0,203.0,User23,,
1490128188854,Mouse Moved,939.0,203.0,User23,,
1490128189056,Mouse Moved,938.0,203.0,User23,,
1490128189134,Mouse Moved,938.0,203.0,User23,,
1490128189275,Mouse Moved,938.0,203.0,User23,,
1490128189290,Mouse Moved,938.0,203.0,User23,,
1490128189305,Mouse Button.left Released,938.0,203.0,User23,,
1490128189993,Mouse Moved,939.0,205.0,User23,,
1490128190007,Mouse Moved,941.0,219.0,User23,,
1490128190132,Mouse Moved,945.0,277.0,User23,,
1490128190148,Mouse Moved,991.0,499.0,User23,,
1490128190164,Mouse Moved,1004.0,556.0,User23,,
1490128190289,Mouse Moved,1004.0,557.0,User23,,
1490128190305,Mouse Moved,1005.0,562.0,User23,,
1490128190428,Mouse Moved,1006.0,568.0,User23,,
1490128190444,Mouse Moved,1007.0,570.0,User23,,
1490128190460,Mouse Moved,1014.0,601.0,User23,,
1490128190601,Mouse Moved,1014.0,602.0,User23,,
1490128190974,Mouse Moved,1014.0,601.0,User23,,
1490128190990,Mouse Moved,1017.0,598.0,User23,,
1490128191115,Mouse Moved,1018.0,596.0,User23,,
1490128191131,Mouse Moved,1019.0,596.0,User23,,
1490128191147,Mouse Moved,1021.0,595.0,User23,,
1490128191319,Mouse Moved,1023.0,595.0,User23,,
1490128191365,Mouse Moved,1023.0,594.0,User23,,
1490128191397,Mouse Moved,1025.0,594.0,User23,,
1490128191411,Mouse Moved,1026.0,593.0,User23,,
1490128191427,Mouse Moved,1027.0,593.0,User23,,
1490128191520,Mouse Moved,1029.0,593.0,User23,,
1490128191848,Mouse Moved,1029.0,593.0,User23,,
1490128191973,Mouse Moved,1029.0,593.0,User23,,
1490128192582,Mouse Moved,1028.0,592.0,User23,,
1490128192598,Mouse Moved,1019.0,588.0,User23,,
1490128192628,Mouse Moved,1005.0,585.0,User23,,
1490128192644,Mouse Moved,986.0,578.0,User23,,
1490128192660,Mouse Moved,969.0,568.0,User23,,
1490128192676,Mouse Moved,962.0,565.0,User23,,
1490128192690,Mouse Moved,952.0,564.0,User23,,
1490128192707,Mouse Moved,950.0,562.0,User23,,
1490128192723,Mouse Moved,945.0,556.0,User23,,
1490128192737,Mouse Moved,943.0,554.0,User23,,
1490128192753,Mouse Moved,939.0,551.0,User23,,
1490128192769,Mouse Moved,936.0,549.0,User23,,
1490128192785,Mouse Moved,936.0,547.0,User23,,
1490128192801,Mouse Moved,934.0,546.0,User23,,
1490128192815,Mouse Moved,934.0,545.0,User23,,
1490128192832,Mouse Moved,933.0,545.0,User23,,
1490128192846,Mouse Moved,933.0,544.0,User23,,
1490128193456,Mouse Moved,933.0,542.0,User23,,
1490128193470,Mouse Moved,932.0,535.0,User23,,
1490128193486,Mouse Moved,924.0,517.0,User23,,
1490128193503,Mouse Moved,914.0,484.0,User23,,
1490128193517,Mouse Moved,908.0,451.0,User23,,
1490128193533,Mouse Moved,895.0,354.0,User23,,
1490128193549,Mouse Moved,892.0,342.0,User23,,
1490128193565,Mouse Moved,888.0,319.0,User23,,
1490128193581,Mouse Moved,886.0,314.0,User23,,
1490128193595,Mouse Moved,884.0,309.0,User23,,
1490128193611,Mouse Moved,882.0,300.0,User23,,
1490128193627,Mouse Moved,882.0,299.0,User23,,
1490128193642,Mouse Moved,879.0,292.0,User23,,
1490128193658,Mouse Moved,879.0,290.0,User23,,
1490128194063,Mouse Moved,879.0,289.0,User23,,
1490128194079,Mouse Moved,878.0,287.0,User23,,
1490128194095,Mouse Moved,877.0,284.0,User23,,
1490128194111,Mouse Moved,869.0,242.0,User23,,
1490128194127,Mouse Moved,867.0,222.0,User23,,
1490128194141,Mouse Moved,862.0,196.0,User23,,
1490128194157,Mouse Moved,856.0,162.0,User23,,
1490128194173,Mouse Moved,856.0,156.0,User23,,
1490128194188,Mouse Moved,852.0,134.0,User23,,
1490128194204,Mouse Moved,852.0,115.0,User23,,
1490128194220,Mouse Moved,852.0,113.0,User23,,
1490128194236,Mouse Moved,851.0,107.0,User23,,
1490128194250,Mouse Moved,851.0,104.0,User23,,
1490128194266,Mouse Moved,851.0,102.0,User23,,
1490128194282,Mouse Moved,851.0,101.0,User23,,
1490128194313,Mouse Moved,851.0,100.0,User23,,
1490128194641,Mouse Moved,850.0,102.0,User23,,
1490128194657,Mouse Moved,849.0,103.0,User23,,
1490128194673,Mouse Moved,845.0,108.0,User23,,
1490128194687,Mouse Moved,842.0,111.0,User23,,
1490128194703,Mouse Moved,838.0,122.0,User23,,
1490128194719,Mouse Moved,835.0,128.0,User23,,
1490128194734,Mouse Moved,833.0,131.0,User23,,
1490128194750,Mouse Moved,829.0,137.0,User23,,
1490128194766,Mouse Moved,823.0,144.0,User23,,
1490128194782,Mouse Moved,819.0,147.0,User23,,
1490128194796,Mouse Moved,819.0,148.0,User23,,
1490128194812,Mouse Moved,817.0,151.0,User23,,
1490128194828,Mouse Moved,815.0,154.0,User23,,
1490128194859,Mouse Moved,813.0,158.0,User23,,
1490128194875,Mouse Moved,809.0,161.0,User23,,
1490128194891,Mouse Moved,807.0,163.0,User23,,
1490128194907,Mouse Moved,803.0,164.0,User23,,
1490128194921,Mouse Moved,797.0,168.0,User23,,
1490128194937,Mouse Moved,795.0,168.0,User23,,
1490128194953,Mouse Moved,790.0,168.0,User23,,
1490128194969,Mouse Moved,788.0,170.0,User23,,
1490128194984,Mouse Moved,786.0,170.0,User23,,
1490128195000,Mouse Moved,784.0,171.0,User23,,
1490128195016,Mouse Moved,782.0,172.0,User23,,
1490128195030,Mouse Moved,781.0,172.0,User23,,
1490128195046,Mouse Moved,780.0,172.0,User23,,
1490128195062,Mouse Moved,777.0,174.0,User23,,
1490128195078,Mouse Moved,776.0,175.0,User23,,
1490128195358,Mouse Moved,776.0,177.0,User23,,
1490128195375,Mouse Moved,776.0,179.0,User23,,
1490128195390,Mouse Moved,774.0,185.0,User23,,
1490128195405,Mouse Moved,771.0,194.0,User23,,
1490128195421,Mouse Moved,770.0,195.0,User23,,
1490128195453,Mouse Moved,769.0,204.0,User23,,
1490128195467,Mouse Moved,767.0,210.0,User23,,
1490128195483,Mouse Moved,766.0,212.0,User23,,
1490128195499,Mouse Moved,766.0,214.0,User23,,
1490128195515,Mouse Moved,766.0,216.0,User23,,
1490128195530,Mouse Moved,765.0,217.0,User23,,
1490128195546,Mouse Moved,765.0,218.0,User23,,
1490128195562,Mouse Moved,765.0,219.0,User23,,
1490128195592,Mouse Moved,765.0,220.0,User23,,
1490128195608,Mouse Moved,765.0,222.0,User23,,
1490128195654,Mouse Moved,764.0,222.0,User23,,
1490128195671,Mouse Moved,763.0,222.0,User23,,
1490128195687,Mouse Moved,762.0,222.0,User23,,
1490128195701,Mouse Moved,761.0,222.0,User23,,
1490128195733,Mouse Moved,760.0,221.0,User23,,
1490128195749,Mouse Moved,758.0,218.0,User23,,
1490128195765,Mouse Moved,756.0,218.0,User23,,
1490128195779,Mouse Moved,755.0,217.0,User23,,
1490128195796,Mouse Moved,753.0,217.0,User23,,
1490128195811,Mouse Moved,753.0,216.0,User23,,
1490128195826,Mouse Moved,751.0,215.0,User23,,
1490128195858,Mouse Moved,748.0,215.0,User23,,
1490128195874,Mouse Moved,747.0,215.0,User23,,
1490128195888,Mouse Moved,746.0,215.0,User23,,
1490128195904,Mouse Moved,745.0,215.0,User23,,
1490128195921,Mouse Moved,745.0,214.0,User23,,
1490128195936,Mouse Moved,744.0,214.0,User23,,
1490128196217,Mouse Moved,743.0,214.0,User23,,
1490128196247,Mouse Moved,741.0,214.0,User23,,
1490128196263,Mouse Moved,737.0,212.0,User23,,
1490128196295,Mouse Moved,734.0,212.0,User23,,
1490128196325,Mouse Moved,733.0,212.0,User23,,
1490128196372,Mouse Moved,733.0,213.0,User23,,
1490128196497,Mouse Moved,733.0,213.0,User23,,
1490128197387,Mouse Moved,734.0,215.0,User23,,
1490128197417,Mouse Moved,735.0,217.0,User23,,
1490128197434,Mouse Moved,747.0,236.0,User23,,
1490128197448,Mouse Moved,769.0,260.0,User23,,
1490128197464,Mouse Moved,796.0,289.0,User23,,
1490128197480,Mouse Moved,841.0,342.0,User23,,
1490128197496,Mouse Moved,871.0,378.0,User23,,
1490128197512,Mouse Moved,895.0,408.0,User23,,
1490128197526,Mouse Moved,904.0,415.0,User23,,
1490128197542,Mouse Moved,917.0,440.0,User23,,
1490128197559,Mouse Moved,920.0,446.0,User23,,
1490128197573,Mouse Moved,923.0,453.0,User23,,
1490128197746,Mouse Moved,926.0,457.0,User23,,
1490128197760,Mouse Moved,929.0,460.0,User23,,
1490128197776,Mouse Moved,944.0,468.0,User23,,
1490128197792,Mouse Moved,949.0,472.0,User23,,
1490128197808,Mouse Moved,969.0,491.0,User23,,
1490128197823,Mouse Moved,978.0,499.0,User23,,
1490128197838,Mouse Moved,993.0,519.0,User23,,
1490128197855,Mouse Moved,1007.0,538.0,User23,,
1490128197871,Mouse Moved,1029.0,580.0,User23,,
1490128197885,Mouse Moved,1032.0,588.0,User23,,
1490128198088,Mouse Moved,1033.0,588.0,User23,,
1490128198105,Mouse Moved,1033.0,589.0,User23,,
1490128198119,Mouse Moved,1034.0,589.0,User23,,
1490128198135,Mouse Moved,1035.0,589.0,User23,,
1490128198151,Mouse Moved,1035.0,591.0,User23,,
1490128198183,Mouse Moved,1036.0,592.0,User23,,
1490128198197,Mouse Moved,1038.0,593.0,User23,,
1490128198244,Mouse Moved,1039.0,593.0,User23,,
1490128198322,Mouse Moved,1039.0,592.0,User23,,
1490128198338,Mouse Moved,1039.0,591.0,User23,,
1490128198354,Mouse Moved,1037.0,589.0,User23,,
1490128198369,Mouse Moved,1035.0,587.0,User23,,
1490128198384,Mouse Moved,1033.0,585.0,User23,,
1490128198401,Mouse Moved,1032.0,584.0,User23,,
1490128198417,Mouse Moved,1031.0,581.0,User23,,
1490128198431,Mouse Moved,1030.0,581.0,User23,,
1490128198447,Mouse Moved,1029.0,580.0,User23,,
1490128198463,Mouse Moved,1028.0,580.0,User23,,
1490128198494,Mouse Moved,1028.0,579.0,User23,,
1490128198526,Mouse Moved,1027.0,578.0,User23,,
1490128198729,Mouse Moved,1027.0,579.0,User23,,
1490128199134,Mouse Moved,1026.0,578.0,User23,,
1490128199150,Mouse Moved,1017.0,569.0,User23,,
1490128199164,Mouse Moved,936.0,416.0,User23,,
1490128199180,Mouse Moved,909.0,366.0,User23,,
1490128199197,Mouse Moved,903.0,359.0,User23,,
1490128199211,Mouse Moved,890.0,331.0,User23,,
1490128199227,Mouse Moved,885.0,320.0,User23,,
1490128199336,Mouse Moved,883.0,315.0,User23,,
1490128199461,Mouse Moved,881.0,315.0,User23,,
1490128199476,Mouse Moved,880.0,336.0,User23,,
1490128199493,Mouse Moved,884.0,346.0,User23,,
1490128199509,Mouse Moved,887.0,350.0,User23,,
1490128199523,Mouse Moved,888.0,350.0,User23,,
1490128199648,Mouse Moved,894.0,354.0,User23,,
1490128199664,Mouse Moved,913.0,362.0,User23,,
1490128199805,Mouse Moved,919.0,368.0,User23,,
1490128199821,Mouse Moved,928.0,369.0,User23,,
1490128199835,Mouse Moved,931.0,371.0,User23,,
1490128199960,Mouse Moved,932.0,373.0,User23,,
1490128199976,Mouse Moved,938.0,384.0,User23,,
1490128200085,Mouse Moved,938.0,385.0,User23,,
1490128200101,Mouse Moved,939.0,387.0,User23,,
1490128200256,Mouse Moved,940.0,393.0,User23,,
1490128200273,Mouse Button.left Pressed,940.0,393.0,User23,,
1490128200897,Mouse Moved,941.0,388.0,User23,,
1490128200913,Mouse Moved,939.0,383.0,User23,,
1490128200927,Mouse Moved,942.0,315.0,User23,,
1490128200944,Mouse Moved,938.0,309.0,User23,,
1490128200959,Mouse Moved,922.0,286.0,User23,,
1490128200974,Mouse Moved,910.0,267.0,User23,,
1490128200990,Mouse Moved,900.0,244.0,User23,,
1490128201006,Mouse Moved,896.0,231.0,User23,,
1490128201022,Mouse Moved,896.0,228.0,User23,,
1490128201036,Mouse Moved,895.0,224.0,User23,,
1490128201052,Mouse Moved,893.0,221.0,User23,,
1490128201084,Mouse Moved,892.0,220.0,User23,,
1490128202114,Mouse Moved,892.0,223.0,User23,,
1490128202128,Mouse Moved,891.0,233.0,User23,,
1490128202144,Mouse Moved,874.0,308.0,User23,,
1490128202161,Mouse Moved,838.0,405.0,User23,,
1490128202176,Mouse Moved,829.0,468.0,User23,,
1490128202191,Mouse Moved,825.0,486.0,User23,,
1490128202207,Mouse Moved,819.0,551.0,User23,,
1490128202223,Mouse Moved,818.0,559.0,User23,,
1490128202239,Mouse Moved,821.0,596.0,User23,,
1490128202253,Mouse Moved,821.0,603.0,User23,,
1490128202269,Mouse Moved,821.0,604.0,User23,,
1490128202285,Mouse Moved,822.0,612.0,User23,,
1490128202487,Mouse Moved,825.0,613.0,User23,,
1490128202503,Mouse Moved,826.0,613.0,User23,,
1490128202519,Mouse Moved,827.0,613.0,User23,,
1490128202535,Mouse Moved,833.0,608.0,User23,,
1490128202551,Mouse Moved,850.0,601.0,User23,,
1490128202565,Mouse Moved,854.0,598.0,User23,,
1490128202582,Mouse Moved,861.0,593.0,User23,,
1490128202596,Mouse Moved,862.0,592.0,User23,,
1490128202612,Mouse Moved,865.0,589.0,User23,,
1490128202628,Mouse Moved,865.0,587.0,User23,,
1490128202644,Mouse Moved,868.0,584.0,User23,,
1490128202660,Mouse Moved,869.0,583.0,User23,,
1490128202674,Mouse Moved,870.0,582.0,User23,,
1490128202690,Mouse Moved,871.0,581.0,User23,,
1490128202707,Mouse Moved,871.0,580.0,User23,,
1490128202737,Mouse Moved,871.0,579.0,User23,,
1490128202753,Mouse Moved,872.0,579.0,User23,,
1490128203111,Mouse Moved,872.0,580.0,User23,,
1490128203142,Mouse Moved,873.0,581.0,User23,,
1490128203158,Mouse Moved,875.0,581.0,User23,,
1490128203174,Mouse Moved,878.0,582.0,User23,,
1490128203190,Mouse Moved,879.0,582.0,User23,,
1490128203206,Mouse Moved,881.0,584.0,User23,,
1490128203220,Mouse Moved,885.0,586.0,User23,,
1490128203236,Mouse Moved,889.0,587.0,User23,,
1490128203253,Mouse Moved,890.0,587.0,User23,,
1490128203267,Mouse Moved,892.0,588.0,User23,,
1490128203283,Mouse Moved,893.0,588.0,User23,,
1490128203299,Mouse Moved,894.0,589.0,User23,,
1490128203315,Mouse Moved,901.0,589.0,User23,,
1490128203331,Mouse Moved,903.0,589.0,User23,,
1490128203345,Mouse Moved,910.0,589.0,User23,,
1490128203361,Mouse Moved,913.0,589.0,User23,,
1490128203377,Mouse Moved,917.0,589.0,User23,,
1490128203392,Mouse Moved,918.0,589.0,User23,,
1490128203408,Mouse Moved,921.0,589.0,User23,,
1490128203424,Mouse Moved,924.0,588.0,User23,,
1490128203440,Mouse Moved,925.0,588.0,User23,,
1490128203454,Mouse Moved,928.0,588.0,User23,,
1490128203470,Mouse Moved,930.0,588.0,User23,,
1490128203486,Mouse Moved,931.0,588.0,User23,,
1490128203502,Mouse Moved,932.0,588.0,User23,,
1490128203595,Mouse Moved,933.0,588.0,User23,,
1490128204469,Mouse Moved,934.0,588.0,User23,,
1490128204546,Mouse Moved,934.0,589.0,User23,,
1490128204766,Mouse Moved,934.0,585.0,User23,,
1490128204780,Mouse Moved,936.0,555.0,User23,,
1490128204796,Mouse Moved,936.0,511.0,User23,,
1490128204812,Mouse Moved,938.0,465.0,User23,,
1490128204828,Mouse Moved,939.0,415.0,User23,,
1490128204844,Mouse Moved,941.0,373.0,User23,,
1490128204858,Mouse Moved,941.0,368.0,User23,,
1490128204875,Mouse Moved,943.0,347.0,User23,,
1490128204891,Mouse Moved,943.0,342.0,User23,,
1490128204905,Mouse Moved,943.0,335.0,User23,,
1490128204937,Mouse Moved,943.0,332.0,User23,,
1490128204969,Mouse Moved,943.0,330.0,User23,,
1490128205561,Mouse Moved,942.0,330.0,User23,,
1490128205701,Mouse Moved,942.0,330.0,User23,,
1490128205872,Mouse Moved,942.0,330.0,User23,,
1490128205888,Mouse Scrolled (0 -1),942.0,330.0,User23,,
1490128206263,Mouse Moved,942.0,330.0,User23,,
1490128206279,Mouse Scrolled (0 -2),942.0,330.0,User23,,
1490128206325,Mouse Moved,942.0,330.0,User23,,
1490128206341,Mouse Scrolled (0 -1),942.0,330.0,User23,,
1490128206450,Mouse Moved,942.0,330.0,User23,,
1490128206918,Mouse Moved,941.0,334.0,User23,,
1490128206934,Mouse Moved,938.0,343.0,User23,,
1490128206950,Mouse Moved,925.0,372.0,User23,,
1490128206964,Mouse Moved,917.0,410.0,User23,,
1490128206980,Mouse Moved,904.0,439.0,User23,,
1490128206996,Mouse Moved,901.0,445.0,User23,,
1490128207012,Mouse Moved,896.0,457.0,User23,,
1490128207028,Mouse Moved,890.0,469.0,User23,,
1490128207042,Mouse Moved,890.0,470.0,User23,,
1490128207059,Mouse Moved,888.0,486.0,User23,,
1490128207075,Mouse Moved,888.0,488.0,User23,,
1490128207089,Mouse Moved,887.0,494.0,User23,,
1490128207292,Mouse Moved,887.0,497.0,User23,,
1490128207309,Mouse Moved,886.0,504.0,User23,,
1490128207323,Mouse Moved,885.0,519.0,User23,,
1490128207339,Mouse Moved,885.0,527.0,User23,,
1490128207355,Mouse Moved,885.0,543.0,User23,,
1490128207371,Mouse Moved,884.0,557.0,User23,,
1490128207387,Mouse Moved,884.0,571.0,User23,,
1490128207401,Mouse Moved,884.0,573.0,User23,,
1490128207433,Mouse Moved,884.0,581.0,User23,,
1490128207448,Mouse Moved,884.0,582.0,User23,,
1490128207464,Mouse Moved,884.0,584.0,User23,,
1490128207480,Mouse Moved,883.0,586.0,User23,,
1490128207496,Mouse Moved,882.0,587.0,User23,,
1490128207526,Mouse Moved,881.0,590.0,User23,,
1490128207542,Mouse Moved,880.0,592.0,User23,,
1490128207558,Mouse Moved,879.0,592.0,User23,,
1490128207605,Mouse Moved,878.0,592.0,User23,,
1490128207635,Mouse Moved,877.0,592.0,User23,,
1490128207651,Mouse Moved,876.0,591.0,User23,,
1490128207667,Mouse Moved,875.0,591.0,User23,,
1490128207730,Mouse Moved,875.0,590.0,User23,,
1490128207744,Mouse Moved,874.0,590.0,User23,,
1490128207792,Mouse Moved,876.0,590.0,User23,,
1490128207808,Mouse Moved,879.0,589.0,User23,,
1490128207822,Mouse Moved,882.0,588.0,User23,,
1490128207838,Mouse Moved,891.0,585.0,User23,,
1490128207855,Mouse Moved,902.0,582.0,User23,,
1490128207869,Mouse Moved,908.0,582.0,User23,,
1490128207885,Mouse Moved,917.0,581.0,User23,,
1490128207901,Mouse Moved,919.0,581.0,User23,,
1490128207917,Mouse Moved,923.0,581.0,User23,,
1490128207933,Mouse Moved,925.0,581.0,User23,,
1490128207963,Mouse Moved,928.0,581.0,User23,,
1490128207994,Mouse Moved,930.0,581.0,User23,,
1490128208072,Mouse Moved,930.0,581.0,User23,,
1490128208151,Mouse Moved,930.0,581.0,User23,,
1490128208697,Mouse Moved,931.0,575.0,User23,,
1490128208713,Mouse Moved,946.0,388.0,User23,,
1490128208727,Mouse Moved,947.0,361.0,User23,,
1490128208743,Mouse Moved,949.0,357.0,User23,,
1490128209944,Mouse Moved,949.0,359.0,User23,,
1490128209960,Mouse Moved,943.0,384.0,User23,,
1490128209976,Mouse Moved,941.0,414.0,User23,,
1490128210085,Mouse Moved,941.0,421.0,User23,,
1490128210101,Mouse Moved,941.0,424.0,User23,,
1490128222019,Mouse Moved,941.0,429.0,User23,,
1490128222051,Mouse Moved,941.0,431.0,User23,,
1490128222082,Mouse Moved,941.0,429.0,User23,,
1490128222096,Mouse Moved,947.0,408.0,User23,,
1490128222112,Mouse Moved,957.0,380.0,User23,,
1490128222128,Mouse Moved,975.0,310.0,User23,,
1490128222144,Mouse Moved,980.0,294.0,User23,,
1490128222160,Mouse Moved,985.0,272.0,User23,,
1490128222174,Mouse Moved,986.0,264.0,User23,,
1490128222190,Mouse Moved,986.0,260.0,User23,,
1490128222207,Mouse Moved,987.0,255.0,User23,,
1490128222221,Mouse Moved,988.0,246.0,User23,,
1490128222237,Mouse Moved,989.0,240.0,User23,,
1490128222940,Mouse Moved,990.0,237.0,User23,,
1490128222954,Mouse Moved,989.0,236.0,User23,,
1490128222986,Mouse Moved,988.0,235.0,User23,,
1490128223017,Mouse Moved,988.0,234.0,User23,,
1490128223032,Mouse Moved,987.0,233.0,User23,,
1490128223049,Mouse Moved,986.0,233.0,User23,,
1490128223079,Mouse Moved,985.0,233.0,User23,,
1490128223111,Mouse Moved,984.0,231.0,User23,,
1490128223142,Mouse Moved,982.0,231.0,User23,,
1490128223157,Mouse Moved,981.0,230.0,User23,,
1490128223174,Mouse Moved,981.0,229.0,User23,,
1490128223188,Mouse Moved,980.0,229.0,User23,,
1490128223204,Mouse Moved,979.0,229.0,User23,,
1490128223236,Mouse Moved,978.0,229.0,User23,,
1490128223252,Mouse Moved,978.0,228.0,User23,,
1490128223282,Mouse Moved,977.0,228.0,User23,,
1490128223486,Mouse Moved,978.0,229.0,User23,,
1490128223563,Mouse Moved,978.0,229.0,User23,,
1490128224687,Mouse Moved,977.0,229.0,User23,,
1490128224703,Mouse Moved,977.0,230.0,User23,,
1490128224717,Mouse Moved,978.0,230.0,User23,,
1490128224733,Mouse Moved,979.0,233.0,User23,,
1490128224749,Mouse Moved,979.0,234.0,User23,,
1490128224765,Mouse Moved,980.0,235.0,User23,,
1490128224780,Mouse Moved,980.0,236.0,User23,,
1490128224796,Mouse Moved,981.0,238.0,User23,,
1490128224842,Mouse Moved,982.0,239.0,User23,,
1490128224858,Mouse Moved,982.0,240.0,User23,,
1490128224890,Mouse Moved,982.0,241.0,User23,,
1490128224904,Mouse Moved,983.0,242.0,User23,,
1490128224983,Mouse Moved,984.0,243.0,User23,,
1490128225186,Mouse Moved,984.0,244.0,User23,,
1490128225295,Mouse Moved,985.0,245.0,User23,,
1490128225388,Mouse Moved,986.0,246.0,User23,,
1490128225497,Mouse Moved,986.0,248.0,User23,,
1490128225670,Mouse Moved,987.0,248.0,User23,,
1490128225684,Mouse Moved,987.0,249.0,User23,,
1490128225763,Mouse Moved,987.0,250.0,User23,,
1490128225795,Mouse Moved,988.0,251.0,User23,,
1490128225872,Mouse Moved,989.0,253.0,User23,,
1490128225982,Mouse Moved,989.0,254.0,User23,,
1490128226325,Mouse Moved,989.0,255.0,User23,,
1490128226355,Mouse Moved,989.0,256.0,User23,,
1490128226371,Mouse Moved,990.0,257.0,User23,,
1490128226387,Mouse Moved,990.0,258.0,User23,,
1490128226403,Mouse Moved,990.0,259.0,User23,,
1490128226559,Mouse Moved,989.0,259.0,User23,,
1490128226575,Mouse Moved,987.0,256.0,User23,,
1490128226589,Mouse Moved,975.0,240.0,User23,,
1490128226605,Mouse Moved,970.0,237.0,User23,,
1490128226621,Mouse Moved,960.0,226.0,User23,,
1490128226637,Mouse Moved,956.0,223.0,User23,,
1490128226653,Mouse Moved,949.0,215.0,User23,,
1490128226667,Mouse Moved,938.0,208.0,User23,,
1490128226684,Mouse Moved,934.0,206.0,User23,,
1490128226698,Mouse Moved,931.0,204.0,User23,,
1490128226714,Mouse Moved,931.0,203.0,User23,,
1490128226762,Mouse Moved,929.0,201.0,User23,,
1490128226776,Mouse Moved,928.0,201.0,User23,,
1490128227183,Mouse Moved,928.0,202.0,User23,,
1490128227198,Mouse Moved,928.0,201.0,User23,,
1490128227213,Mouse Moved,929.0,202.0,User23,,
1490128227355,Mouse Moved,929.0,202.0,User23,,
1490128227776,Mouse Moved,928.0,202.0,User23,,
1490128228539,Mouse Moved,926.0,198.0,User23,,
1490128228555,Mouse Moved,922.0,193.0,User23,,
1490128228696,Mouse Moved,912.0,185.0,User23,,
1490128228711,Mouse Moved,899.0,176.0,User23,,
1490128228836,Mouse Moved,896.0,175.0,User23,,
1490128228976,Mouse Moved,897.0,175.0,User23,,
1490128230085,Mouse Moved,896.0,176.0,User23,,
1490128230177,Mouse Moved,897.0,177.0,User23,,
1490128230194,Mouse Moved,901.0,182.0,User23,,
1490128230209,Mouse Moved,903.0,185.0,User23,,
1490128230224,Mouse Moved,904.0,186.0,User23,,
1490128230240,Mouse Moved,906.0,189.0,User23,,
1490128230256,Mouse Moved,906.0,190.0,User23,,
1490128230272,Mouse Moved,907.0,190.0,User23,,
1490128230302,Mouse Moved,908.0,191.0,User23,,
1490128230319,Mouse Moved,909.0,193.0,User23,,
1490128230397,Mouse Moved,909.0,194.0,User23,,
1490128230474,Mouse Moved,909.0,194.0,User23,,
1490128230536,Mouse Moved,909.0,194.0,User23,,
1490128242111,Mouse Moved,911.0,194.0,User23,,
1490128242128,Mouse Moved,911.0,193.0,User23,,
1490128242142,Mouse Moved,914.0,192.0,User23,,
1490128242174,Mouse Moved,915.0,191.0,User23,,
1490128242206,Mouse Moved,917.0,190.0,User23,,
1490128242220,Mouse Moved,918.0,190.0,User23,,
1490128242236,Mouse Moved,920.0,189.0,User23,,
1490128242253,Mouse Moved,922.0,186.0,User23,,
1490128242267,Mouse Moved,924.0,185.0,User23,,
1490128242299,Mouse Moved,925.0,184.0,User23,,
1490128242331,Mouse Moved,926.0,183.0,User23,,
1490128242345,Mouse Moved,927.0,182.0,User23,,
1490128242361,Mouse Moved,927.0,181.0,User23,,
1490128242627,Mouse Moved,928.0,181.0,User23,,
1490128242642,Mouse Moved,931.0,178.0,User23,,
1490128242657,Mouse Moved,933.0,177.0,User23,,
1490128242674,Mouse Moved,938.0,176.0,User23,,
1490128242688,Mouse Moved,940.0,174.0,User23,,
1490128242704,Mouse Moved,944.0,172.0,User23,,
1490128242720,Mouse Moved,945.0,171.0,User23,,
1490128242736,Mouse Moved,948.0,169.0,User23,,
1490128242752,Mouse Moved,950.0,168.0,User23,,
1490128242766,Mouse Moved,951.0,168.0,User23,,
1490128242799,Mouse Moved,952.0,168.0,User23,,
1490128242813,Mouse Moved,952.0,167.0,User23,,
1490128243078,Mouse Moved,952.0,168.0,User23,,
1490128243188,Mouse Moved,952.0,168.0,User23,,
1490128244125,Mouse Moved,953.0,167.0,User23,,
1490128244140,Mouse Moved,954.0,167.0,User23,,
1490128244155,Mouse Moved,956.0,168.0,User23,,
1490128244171,Mouse Moved,960.0,169.0,User23,,
1490128244187,Mouse Moved,962.0,169.0,User23,,
1490128244203,Mouse Moved,967.0,170.0,User23,,
1490128244217,Mouse Moved,975.0,175.0,User23,,
1490128244233,Mouse Moved,979.0,176.0,User23,,
1490128244249,Mouse Moved,984.0,179.0,User23,,
1490128244265,Mouse Moved,986.0,179.0,User23,,
1490128244280,Mouse Moved,989.0,179.0,User23,,
1490128244296,Mouse Moved,990.0,179.0,User23,,
1490128244312,Mouse Moved,992.0,180.0,User23,,
1490128244326,Mouse Moved,993.0,180.0,User23,,
1490128244342,Mouse Moved,995.0,180.0,User23,,
1490128245434,Mouse Moved,995.0,181.0,User23,,
1490128245466,Mouse Moved,996.0,182.0,User23,,
1490128245482,Mouse Moved,997.0,184.0,User23,,
1490128245496,Mouse Moved,997.0,185.0,User23,,
1490128245513,Mouse Moved,999.0,187.0,User23,,
1490128245529,Mouse Moved,1001.0,189.0,User23,,
1490128245543,Mouse Moved,1002.0,191.0,User23,,
1490128245559,Mouse Moved,1004.0,192.0,User23,,
1490128245575,Mouse Moved,1005.0,192.0,User23,,
1490128245591,Mouse Moved,1005.0,193.0,User23,,
1490128245607,Mouse Moved,1005.0,194.0,User23,,
1490128245700,Mouse Moved,1008.0,195.0,User23,,
1490128245778,Mouse Moved,1008.0,196.0,User23,,
1490128246167,Mouse Moved,1007.0,195.0,User23,,
1490128246292,Mouse Moved,1007.0,195.0,User23,,
1490128247463,Mouse Moved,1007.0,196.0,User23,,
1490128248243,Mouse Moved,1007.0,195.0,User23,,
1490128251457,Mouse Moved,1007.0,197.0,User23,,
1490128251471,Mouse Moved,1007.0,201.0,User23,,
1490128251487,Mouse Moved,1003.0,218.0,User23,,
1490128251503,Mouse Moved,997.0,248.0,User23,,
1490128251519,Mouse Moved,995.0,259.0,User23,,
1490128251535,Mouse Moved,992.0,277.0,User23,,
1490128251549,Mouse Moved,990.0,297.0,User23,,
1490128251565,Mouse Moved,989.0,305.0,User23,,
1490128251581,Mouse Moved,988.0,316.0,User23,,
1490128251612,Mouse Moved,987.0,322.0,User23,,
1490128251628,Mouse Moved,984.0,337.0,User23,,
1490128251644,Mouse Moved,984.0,340.0,User23,,
1490128251861,Mouse Moved,984.0,342.0,User23,,
1490128251878,Mouse Moved,985.0,346.0,User23,,
1490128251892,Mouse Moved,986.0,348.0,User23,,
1490128251908,Mouse Moved,986.0,351.0,User23,,
1490128251924,Mouse Moved,986.0,353.0,User23,,
1490128251940,Mouse Moved,986.0,357.0,User23,,
1490128251970,Mouse Moved,986.0,359.0,User23,,
1490128251986,Mouse Moved,986.0,360.0,User23,,
1490128252003,Mouse Moved,986.0,361.0,User23,,
1490128252236,Mouse Moved,986.0,359.0,User23,,
1490128252252,Mouse Moved,985.0,357.0,User23,,
1490128252267,Mouse Moved,984.0,357.0,User23,,
1490128252282,Mouse Moved,984.0,356.0,User23,,
1490128252329,Mouse Moved,983.0,356.0,User23,,
1490128252361,Mouse Moved,983.0,355.0,User23,,
1490128252392,Mouse Moved,983.0,355.0,User23,,
1490128252407,Mouse Button.left Pressed,983.0,355.0,User23,,
1490128252424,Mouse Moved,983.0,354.0,User23,,
1490128252438,Mouse Moved,982.0,355.0,User23,,
1490128252454,Mouse Moved,982.0,356.0,User23,,
1490128252532,Mouse Moved,982.0,356.0,User23,,
1490128253999,Mouse Moved,982.0,357.0,User23,,
1490128254046,Mouse Moved,983.0,358.0,User23,,
1490128254108,Mouse Moved,983.0,359.0,User23,,
1490128254140,Mouse Moved,983.0,360.0,User23,,
1490128254154,Mouse Moved,983.0,361.0,User23,,
1490128254171,Mouse Moved,984.0,362.0,User23,,
1490128254187,Mouse Moved,984.0,363.0,User23,,
1490128254201,Mouse Moved,984.0,365.0,User23,,
1490128254233,Mouse Moved,984.0,367.0,User23,,
1490128254249,Mouse Moved,985.0,368.0,User23,,
1490128254279,Mouse Moved,985.0,370.0,User23,,
1490128254311,Mouse Moved,986.0,370.0,User23,,
1490128254342,Mouse Moved,986.0,371.0,User23,,
1490128254872,Mouse Moved,986.0,370.0,User23,,
1490128254920,Mouse Moved,985.0,370.0,User23,,
1490128254934,Mouse Moved,985.0,369.0,User23,,
1490128254950,Mouse Moved,984.0,368.0,User23,,
1490128254967,Mouse Moved,984.0,367.0,User23,,
1490128254982,Mouse Moved,984.0,366.0,User23,,
1490128254997,Mouse Moved,984.0,365.0,User23,,
1490128255029,Mouse Moved,983.0,365.0,User23,,
1490128255045,Mouse Moved,983.0,364.0,User23,,
1490128255075,Mouse Moved,982.0,363.0,User23,,
1490128255091,Mouse Moved,981.0,363.0,User23,,
1490128255138,Mouse Moved,980.0,363.0,User23,,
1490128255168,Mouse Moved,979.0,363.0,User23,,
1490128255246,Mouse Moved,979.0,360.0,User23,,
1490128255263,Mouse Moved,979.0,361.0,User23,,
1490128255279,Mouse Moved,978.0,362.0,User23,,
1490128255325,Mouse Moved,978.0,362.0,User23,,
1490128255418,Mouse Moved,978.0,362.0,User23,,
1490128255496,Mouse Moved,978.0,362.0,User23,,
1490128256214,Mouse Moved,977.0,362.0,User23,,
1490128256230,Mouse Moved,974.0,362.0,User23,,
1490128256246,Mouse Moved,970.0,362.0,User23,,
1490128256260,Mouse Moved,969.0,362.0,User23,,
1490128256276,Mouse Moved,966.0,362.0,User23,,
1490128256292,Mouse Moved,963.0,361.0,User23,,
1490128256308,Mouse Moved,962.0,361.0,User23,,
1490128256338,Mouse Moved,958.0,361.0,User23,,
1490128256355,Mouse Moved,955.0,361.0,User23,,
1490128256385,Mouse Moved,954.0,361.0,User23,,
1490128256433,Mouse Moved,953.0,361.0,User23,,
1490128256510,Mouse Moved,953.0,360.0,User23,,
1490128256526,Mouse Moved,953.0,360.0,User23,,
1490128256542,Mouse Moved,952.0,360.0,User23,,
1490128256605,Mouse Moved,953.0,360.0,User23,,
1490128256619,Mouse Button.left Released,953.0,360.0,User23,,
1490128256729,Mouse Moved,953.0,360.0,User23,,
1490128256838,Mouse Moved,953.0,360.0,User23,,
1490128257306,Mouse Moved,950.0,358.0,User23,,
1490128257322,Mouse Moved,929.0,356.0,User23,,
1490128257338,Mouse Moved,900.0,356.0,User23,,
1490128257352,Mouse Moved,891.0,356.0,User23,,
1490128257368,Mouse Moved,867.0,355.0,User23,,
1490128257384,Mouse Moved,858.0,353.0,User23,,
1490128257400,Mouse Moved,844.0,351.0,User23,,
1490128257415,Mouse Moved,834.0,350.0,User23,,
1490128257430,Mouse Moved,829.0,350.0,User23,,
1490128257447,Mouse Moved,825.0,350.0,User23,,
1490128257463,Mouse Moved,824.0,350.0,User23,,
1490128257477,Mouse Moved,823.0,350.0,User23,,
1490128257525,Mouse Moved,822.0,350.0,User23,,
1490128257602,Mouse Moved,822.0,350.0,User23,,
1490128257664,Mouse Moved,822.0,350.0,User23,,
1490128257727,Mouse Moved,822.0,351.0,User23,,
1490128257743,Mouse Moved,822.0,352.0,User23,,
1490128257759,Mouse Moved,823.0,352.0,User23,,
1490128257775,Mouse Moved,824.0,354.0,User23,,
1490128257789,Mouse Moved,825.0,355.0,User23,,
1490128257821,Mouse Moved,826.0,355.0,User23,,
1490128257836,Mouse Moved,826.0,356.0,User23,,
1490128257868,Mouse Moved,826.0,357.0,User23,,
1490128257884,Mouse Moved,827.0,357.0,User23,,
1490128257914,Mouse Moved,828.0,357.0,User23,,
1490128257946,Mouse Moved,828.0,359.0,User23,,
1490128257976,Mouse Moved,830.0,360.0,User23,,
1490128258055,Mouse Moved,830.0,359.0,User23,,
1490128258132,Mouse Moved,830.0,359.0,User23,,
1490128258226,Mouse Moved,830.0,359.0,User23,,
1490128258305,Mouse Moved,830.0,359.0,User23,,
1490128258430,Mouse Moved,830.0,359.0,User23,,
1490128258789,Mouse Moved,830.0,361.0,User23,,
1490128258803,Mouse Moved,842.0,382.0,User23,,
1490128258819,Mouse Moved,855.0,397.0,User23,,
1490128258944,Mouse Moved,916.0,482.0,User23,,
1490128258960,Mouse Moved,993.0,573.0,User23,,
1490128258976,Mouse Moved,1005.0,594.0,User23,,
1490128259210,Mouse Moved,1005.0,595.0,User23,,
1490128259224,Mouse Moved,1005.0,600.0,User23,,
1490128259349,Mouse Moved,1006.0,600.0,User23,,
1490128259365,Mouse Moved,1011.0,593.0,User23,,
1490128259427,Mouse Moved,1012.0,592.0,User23,,
1490128259647,Mouse Moved,1012.0,592.0,User23,,
1490128260441,Mouse Moved,1012.0,587.0,User23,,
1490128260457,Mouse Moved,1005.0,547.0,User23,,
1490128260489,Mouse Moved,992.0,503.0,User23,,
1490128260505,Mouse Moved,967.0,433.0,User23,,
1490128260519,Mouse Moved,961.0,422.0,User23,,
1490128260536,Mouse Moved,953.0,399.0,User23,,
1490128260551,Mouse Moved,947.0,387.0,User23,,
1490128260582,Mouse Moved,946.0,385.0,User23,,
1490128260598,Mouse Moved,941.0,374.0,User23,,
1490128260614,Mouse Moved,940.0,374.0,User23,,
1490128260628,Mouse Moved,939.0,373.0,User23,,
1490128260644,Mouse Moved,939.0,372.0,User23,,
1490128262236,Mouse Moved,938.0,372.0,User23,,
1490128262252,Mouse Moved,935.0,371.0,User23,,
1490128262266,Mouse Moved,912.0,368.0,User23,,
1490128262282,Mouse Moved,864.0,368.0,User23,,
1490128262299,Mouse Moved,842.0,363.0,User23,,
1490128262313,Mouse Moved,825.0,359.0,User23,,
1490128262329,Mouse Moved,791.0,351.0,User23,,
1490128262345,Mouse Moved,778.0,349.0,User23,,
1490128262361,Mouse Moved,765.0,346.0,User23,,
1490128262377,Mouse Moved,756.0,345.0,User23,,
1490128262391,Mouse Moved,753.0,344.0,User23,,
1490128262407,Mouse Moved,749.0,342.0,User23,,
1490128262423,Mouse Moved,747.0,341.0,User23,,
1490128262673,Mouse Moved,748.0,341.0,User23,,
1490128262688,Mouse Moved,749.0,340.0,User23,,
1490128262703,Mouse Moved,750.0,340.0,User23,,
1490128262720,Mouse Moved,751.0,339.0,User23,,
1490128262734,Mouse Moved,752.0,338.0,User23,,
1490128262750,Mouse Moved,753.0,338.0,User23,,
1490128262766,Mouse Moved,756.0,335.0,User23,,
1490128262782,Mouse Moved,756.0,334.0,User23,,
1490128262798,Mouse Moved,757.0,332.0,User23,,
1490128262812,Mouse Moved,758.0,331.0,User23,,
1490128262845,Mouse Moved,758.0,330.0,User23,,
1490128262859,Mouse Moved,759.0,329.0,User23,,
1490128262875,Mouse Moved,760.0,329.0,User23,,
1490128262937,Mouse Moved,760.0,328.0,User23,,
1490128262984,Mouse Moved,760.0,327.0,User23,,
1490128263000,Mouse Moved,760.0,326.0,User23,,
1490128263032,Mouse Moved,760.0,325.0,User23,,
1490128263078,Mouse Moved,759.0,324.0,User23,,
1490128263157,Mouse Moved,758.0,324.0,User23,,
1490128263219,Mouse Moved,758.0,323.0,User23,,
1490128263358,Mouse Moved,758.0,322.0,User23,,
1490128264763,Mouse Moved,760.0,321.0,User23,,
1490128264779,Mouse Moved,766.0,314.0,User23,,
1490128264795,Mouse Moved,792.0,256.0,User23,,
1490128264825,Mouse Moved,798.0,233.0,User23,,
1490128264841,Mouse Moved,802.0,202.0,User23,,
1490128264857,Mouse Moved,802.0,189.0,User23,,
1490128264872,Mouse Moved,802.0,183.0,User23,,
1490128264888,Mouse Moved,800.0,176.0,User23,,
1490128264904,Mouse Moved,794.0,170.0,User23,,
1490128264918,Mouse Moved,792.0,168.0,User23,,
1490128264934,Mouse Moved,785.0,163.0,User23,,
1490128264950,Mouse Moved,781.0,159.0,User23,,
1490128264966,Mouse Moved,776.0,156.0,User23,,
1490128264982,Mouse Moved,775.0,155.0,User23,,
1490128264996,Mouse Moved,772.0,154.0,User23,,
1490128265013,Mouse Moved,769.0,154.0,User23,,
1490128265043,Mouse Moved,766.0,153.0,User23,,
1490128265059,Mouse Moved,764.0,153.0,User23,,
1490128265075,Mouse Moved,763.0,154.0,User23,,
1490128265091,Mouse Moved,762.0,155.0,User23,,
1490128265107,Mouse Moved,760.0,158.0,User23,,
1490128265121,Mouse Moved,759.0,160.0,User23,,
1490128265138,Mouse Moved,759.0,166.0,User23,,
1490128265153,Mouse Moved,759.0,171.0,User23,,
1490128265184,Mouse Moved,759.0,174.0,User23,,
1490128265200,Mouse Moved,759.0,181.0,User23,,
1490128265216,Mouse Moved,760.0,181.0,User23,,
1490128265230,Mouse Moved,760.0,184.0,User23,,
1490128265246,Mouse Moved,761.0,184.0,User23,,
1490128265263,Mouse Moved,761.0,185.0,User23,,
1490128265293,Mouse Moved,762.0,187.0,User23,,
1490128265309,Mouse Moved,762.0,188.0,User23,,
1490128265325,Mouse Moved,763.0,188.0,User23,,
1490128265341,Mouse Moved,764.0,188.0,User23,,
1490128265418,Mouse Moved,764.0,189.0,User23,,
1490128265434,Mouse Moved,765.0,189.0,User23,,
1490128265464,Mouse Moved,765.0,190.0,User23,,
1490128265480,Mouse Moved,765.0,191.0,User23,,
1490128265589,Mouse Moved,765.0,190.0,User23,,
1490128265698,Mouse Moved,765.0,190.0,User23,,
1490128266058,Mouse Moved,764.0,192.0,User23,,
1490128266073,Mouse Moved,762.0,195.0,User23,,
1490128266088,Mouse Moved,758.0,196.0,User23,,
1490128266105,Mouse Moved,757.0,197.0,User23,,
1490128266121,Mouse Moved,754.0,199.0,User23,,
1490128266135,Mouse Moved,749.0,202.0,User23,,
1490128266151,Mouse Moved,748.0,203.0,User23,,
1490128266167,Mouse Moved,746.0,204.0,User23,,
1490128266183,Mouse Moved,745.0,204.0,User23,,
1490128266198,Mouse Moved,742.0,204.0,User23,,
1490128266213,Mouse Moved,741.0,204.0,User23,,
1490128266230,Mouse Moved,740.0,204.0,User23,,
1490128266244,Mouse Moved,738.0,204.0,User23,,
1490128266260,Mouse Moved,736.0,204.0,User23,,
1490128266308,Mouse Moved,735.0,204.0,User23,,
1490128266322,Mouse Moved,735.0,203.0,User23,,
1490128266401,Mouse Moved,734.0,202.0,User23,,
1490128266479,Mouse Moved,733.0,201.0,User23,,
1490128266494,Mouse Moved,734.0,202.0,User23,,
1490128266526,Mouse Moved,733.0,201.0,User23,,
1490128266572,Mouse Moved,734.0,201.0,User23,,
1490128267165,Mouse Moved,738.0,201.0,User23,,
1490128267180,Mouse Moved,745.0,201.0,User23,,
1490128267197,Mouse Moved,831.0,175.0,User23,,
1490128267213,Mouse Moved,890.0,146.0,User23,,
1490128267227,Mouse Moved,986.0,106.0,User23,,
1490128267243,Mouse Moved,1015.0,103.0,User23,,
1490128267259,Mouse Moved,1041.0,101.0,User23,,
1490128267275,Mouse Moved,1055.0,100.0,User23,,
1490128267290,Mouse Moved,1061.0,100.0,User23,,
1490128267305,Mouse Moved,1068.0,104.0,User23,,
1490128267322,Mouse Moved,1071.0,105.0,User23,,
1490128267493,Mouse Moved,1073.0,107.0,User23,,
1490128267509,Mouse Moved,1077.0,107.0,User23,,
1490128267525,Mouse Moved,1079.0,107.0,User23,,
1490128267539,Mouse Moved,1084.0,107.0,User23,,
1490128267555,Mouse Moved,1093.0,107.0,User23,,
1490128267571,Mouse Moved,1095.0,107.0,User23,,
1490128267602,Mouse Moved,1101.0,105.0,User23,,
1490128267618,Mouse Moved,1104.0,104.0,User23,,
1490128267634,Mouse Moved,1105.0,104.0,User23,,
1490128267664,Mouse Moved,1106.0,104.0,User23,,
1490128267680,Mouse Moved,1106.0,103.0,User23,,
1490128267696,Mouse Moved,1107.0,103.0,User23,,
1490128267759,Mouse Moved,1108.0,103.0,User23,,
1490128267821,Mouse Moved,1109.0,103.0,User23,,
1490128267851,Mouse Moved,1109.0,102.0,User23,,
1490128267868,Mouse Moved,1110.0,101.0,User23,,
1490128267882,Mouse Moved,1113.0,100.0,User23,,
1490128267914,Mouse Moved,1114.0,100.0,User23,,
1490128267946,Mouse Moved,1115.0,98.0,User23,,
1490128267976,Mouse Moved,1116.0,98.0,User23,,
1490128268023,Mouse Moved,1117.0,97.0,User23,,
1490128268055,Mouse Moved,1118.0,97.0,User23,,
1490128268117,Mouse Moved,1120.0,96.0,User23,,
1490128268210,Mouse Moved,1121.0,95.0,User23,,
1490128268367,Mouse Moved,1123.0,94.0,User23,,
1490128268382,Mouse Button.left Pressed,1123.0,94.0,User23,,
1490128268476,Mouse Moved,1123.0,94.0,User23,,
1490128269052,Mouse Moved,1123.0,96.0,User23,,
1490128269085,Mouse Moved,1123.0,99.0,User23,,
1490128269177,Mouse Moved,1125.0,101.0,User23,,
1490128269194,Mouse Moved,1143.0,119.0,User23,,
1490128269209,Mouse Moved,1162.0,132.0,User23,,
1490128269224,Mouse Moved,1164.0,134.0,User23,,
1490128269240,Mouse Moved,1167.0,136.0,User23,,
1490128269365,Mouse Moved,1168.0,137.0,User23,,
1490128269381,Mouse Moved,1177.0,138.0,User23,,
1490128269490,Mouse Moved,1185.0,136.0,User23,,
1490128269552,Mouse Moved,1191.0,134.0,User23,,
1490128269568,Mouse Moved,1192.0,133.0,User23,,
1490128269677,Mouse Moved,1192.0,132.0,User23,,
1490128269693,Mouse Moved,1193.0,131.0,User23,,
1490128269709,Mouse Moved,1197.0,126.0,User23,,
1490128269832,Mouse Moved,1197.0,125.0,User23,,
1490128269865,Mouse Moved,1197.0,125.0,User23,,
1490128270005,Mouse Moved,1197.0,125.0,User23,,
1490128270660,Mouse Moved,1200.0,125.0,User23,,
1490128270676,Mouse Moved,1206.0,125.0,User23,,
1490128270690,Mouse Moved,1286.0,100.0,User23,,
1490128270707,Mouse Moved,1379.0,99.0,User23,,
1490128270723,Mouse Moved,1409.0,99.0,User23,,
1490128270737,Mouse Moved,1444.0,102.0,User23,,
1490128270753,Mouse Moved,1471.0,97.0,User23,,
1490128270769,Mouse Moved,1474.0,97.0,User23,,
1490128270785,Mouse Moved,1478.0,97.0,User23,,
1490128270801,Mouse Moved,1479.0,98.0,User23,,
1490128270815,Mouse Moved,1480.0,98.0,User23,,
1490128271019,Mouse Moved,1480.0,98.0,User23,,
1490128271096,Mouse Moved,1480.0,97.0,User23,,
1490128271206,Mouse Moved,1480.0,96.0,User23,,
1490128271253,Mouse Moved,1480.0,95.0,User23,,
1490128271269,Mouse Button.left Released,1480.0,96.0,User23,,
1490128271315,Mouse Moved,1480.0,95.0,User23,,
1490128271581,Mouse Moved,1480.0,94.0,User23,,
1490128271782,Mouse Moved,1479.0,96.0,User23,,
1490128271799,Mouse Moved,1479.0,97.0,User23,,
1490128271815,Mouse Moved,1477.0,98.0,User23,,
1490128271829,Mouse Moved,1474.0,100.0,User23,,
1490128271845,Mouse Moved,1470.0,102.0,User23,,
1490128271861,Mouse Moved,1456.0,108.0,User23,,
1490128271877,Mouse Moved,1443.0,115.0,User23,,
1490128271892,Mouse Moved,1403.0,141.0,User23,,
1490128271907,Mouse Moved,1375.0,153.0,User23,,
1490128271924,Mouse Moved,1364.0,159.0,User23,,
1490128271938,Mouse Moved,1355.0,165.0,User23,,
1490128271954,Mouse Moved,1350.0,167.0,User23,,
1490128271970,Mouse Moved,1346.0,170.0,User23,,
1490128271986,Mouse Moved,1343.0,170.0,User23,,
1490128272002,Mouse Moved,1339.0,171.0,User23,,
1490128272016,Mouse Moved,1338.0,171.0,User23,,
1490128285558,Mouse Moved,1337.0,173.0,User23,,
1490128285573,Mouse Moved,1331.0,180.0,User23,,
1490128285588,Mouse Moved,1297.0,213.0,User23,,
1490128285605,Mouse Moved,1268.0,239.0,User23,,
1490128285621,Mouse Moved,1222.0,268.0,User23,,
1490128285635,Mouse Moved,1198.0,282.0,User23,,
1490128285651,Mouse Moved,1167.0,293.0,User23,,
1490128285667,Mouse Moved,1156.0,299.0,User23,,
1490128285683,Mouse Moved,1138.0,305.0,User23,,
1490128285698,Mouse Moved,1132.0,306.0,User23,,
1490128285713,Mouse Moved,1121.0,310.0,User23,,
1490128285730,Mouse Moved,1105.0,319.0,User23,,
1490128285744,Mouse Moved,1100.0,320.0,User23,,
1490128285917,Mouse Moved,1099.0,322.0,User23,,
1490128285933,Mouse Moved,1070.0,349.0,User23,,
1490128285947,Mouse Moved,1022.0,368.0,User23,,
1490128285963,Mouse Moved,1015.0,372.0,User23,,
1490128285979,Mouse Moved,999.0,375.0,User23,,
1490128285994,Mouse Moved,996.0,375.0,User23,,
1490128286010,Mouse Moved,992.0,375.0,User23,,
1490128286026,Mouse Moved,991.0,375.0,User23,,
1490128286042,Mouse Moved,990.0,378.0,User23,,
1490128286072,Mouse Moved,989.0,378.0,User23,,
1490128286104,Mouse Moved,989.0,380.0,User23,,
1490128286134,Mouse Moved,990.0,380.0,User23,,
1490128286151,Mouse Moved,992.0,381.0,User23,,
1490128286167,Mouse Moved,994.0,382.0,User23,,
1490128286181,Mouse Moved,995.0,382.0,User23,,
1490128286197,Mouse Moved,996.0,386.0,User23,,
1490128286213,Mouse Moved,997.0,387.0,User23,,
1490128286229,Mouse Moved,998.0,388.0,User23,,
1490128286244,Mouse Moved,998.0,389.0,User23,,
1490128286259,Mouse Moved,998.0,390.0,User23,,
1490128286276,Mouse Moved,999.0,391.0,User23,,
1490128286290,Mouse Moved,999.0,393.0,User23,,
1490128286322,Mouse Moved,999.0,394.0,User23,,
1490128286338,Mouse Moved,998.0,394.0,User23,,
1490128286415,Mouse Moved,998.0,394.0,User23,,
1490128286697,Mouse Moved,1002.0,389.0,User23,,
1490128286713,Mouse Moved,1011.0,376.0,User23,,
1490128286727,Mouse Moved,1106.0,292.0,User23,,
1490128286743,Mouse Moved,1169.0,242.0,User23,,
1490128286759,Mouse Moved,1253.0,176.0,User23,,
1490128286775,Mouse Moved,1355.0,117.0,User23,,
1490128286790,Mouse Moved,1438.0,69.0,User23,,
1490128286805,Mouse Moved,1457.0,62.0,User23,,
1490128286822,Mouse Moved,1484.0,52.0,User23,,
1490128286836,Mouse Moved,1488.0,51.0,User23,,
1490128286852,Mouse Moved,1501.0,51.0,User23,,
1490128286868,Mouse Moved,1503.0,51.0,User23,,
1490128286884,Mouse Moved,1504.0,51.0,User23,,
1490128287039,Mouse Moved,1503.0,57.0,User23,,
1490128287055,Mouse Moved,1502.0,60.0,User23,,
1490128287071,Mouse Moved,1502.0,64.0,User23,,
1490128287086,Mouse Moved,1501.0,66.0,User23,,
1490128287102,Mouse Moved,1499.0,70.0,User23,,
1490128287118,Mouse Moved,1499.0,73.0,User23,,
1490128287134,Mouse Moved,1497.0,75.0,User23,,
1490128287148,Mouse Moved,1496.0,75.0,User23,,
1490128287164,Mouse Moved,1494.0,77.0,User23,,
1490128287180,Mouse Moved,1493.0,78.0,User23,,
1490128287211,Mouse Moved,1491.0,80.0,User23,,
1490128287226,Mouse Moved,1490.0,80.0,User23,,
1490128287243,Mouse Moved,1487.0,81.0,User23,,
1490128287259,Mouse Moved,1485.0,82.0,User23,,
1490128287273,Mouse Moved,1478.0,83.0,User23,,
1490128287289,Mouse Moved,1477.0,83.0,User23,,
1490128287305,Mouse Moved,1476.0,85.0,User23,,
1490128287336,Mouse Moved,1474.0,89.0,User23,,
1490128287351,Mouse Moved,1472.0,91.0,User23,,
1490128287368,Mouse Moved,1471.0,91.0,User23,,
1490128287382,Mouse Moved,1470.0,92.0,User23,,
1490128287398,Mouse Moved,1467.0,92.0,User23,,
1490128287414,Mouse Moved,1468.0,91.0,User23,,
1490128287523,Mouse Moved,1468.0,91.0,User23,,
1490128288023,Mouse Moved,1467.0,92.0,User23,,
1490128288039,Mouse Moved,1461.0,99.0,User23,,
1490128288053,Mouse Moved,1367.0,163.0,User23,,
1490128288069,Mouse Moved,1300.0,205.0,User23,,
1490128288085,Mouse Moved,1162.0,271.0,User23,,
1490128288101,Mouse Moved,1076.0,296.0,User23,,
1490128288117,Mouse Moved,1049.0,302.0,User23,,
1490128288131,Mouse Moved,1017.0,308.0,User23,,
1490128288148,Mouse Moved,1014.0,308.0,User23,,
1490128288163,Mouse Moved,1011.0,308.0,User23,,
1490128288351,Mouse Moved,1010.0,308.0,User23,,
1490128288365,Mouse Moved,1005.0,312.0,User23,,
1490128288381,Mouse Moved,969.0,351.0,User23,,
1490128288397,Mouse Moved,943.0,378.0,User23,,
1490128288413,Mouse Moved,914.0,406.0,User23,,
1490128288428,Mouse Moved,895.0,426.0,User23,,
1490128288444,Mouse Moved,888.0,432.0,User23,,
1490128288474,Mouse Moved,868.0,440.0,User23,,
1490128288490,Mouse Moved,858.0,447.0,User23,,
1490128288506,Mouse Moved,855.0,449.0,User23,,
1490128288522,Mouse Moved,850.0,452.0,User23,,
1490128288538,Mouse Moved,847.0,452.0,User23,,
1490128288552,Mouse Moved,844.0,455.0,User23,,
1490128288569,Mouse Moved,843.0,455.0,User23,,
1490128288599,Mouse Moved,836.0,459.0,User23,,
1490128288709,Mouse Moved,832.0,459.0,User23,,
1490128288724,Mouse Moved,827.0,459.0,User23,,
1490128288740,Mouse Moved,800.0,462.0,User23,,
1490128288834,Mouse Moved,797.0,463.0,User23,,
1490128288849,Mouse Moved,795.0,463.0,User23,,
1490128288865,Mouse Moved,784.0,467.0,User23,,
1490128289036,Mouse Moved,784.0,466.0,User23,,
1490128289348,Mouse Moved,785.0,466.0,User23,,
1490128289365,Mouse Moved,788.0,462.0,User23,,
1490128289505,Mouse Moved,847.0,405.0,User23,,
1490128289520,Mouse Moved,1064.0,192.0,User23,,
1490128289707,Mouse Moved,1109.0,145.0,User23,,
1490128289723,Mouse Moved,1113.0,143.0,User23,,
1490128289739,Mouse Moved,1126.0,136.0,User23,,
1490128289755,Mouse Moved,1136.0,134.0,User23,,
1490128289769,Mouse Moved,1141.0,133.0,User23,,
1490128289786,Mouse Moved,1151.0,131.0,User23,,
1490128289801,Mouse Moved,1160.0,130.0,User23,,
1490128289816,Mouse Moved,1169.0,130.0,User23,,
1490128289832,Mouse Moved,1171.0,130.0,User23,,
1490128289973,Mouse Moved,1175.0,130.0,User23,,
1490128290098,Mouse Moved,1181.0,128.0,User23,,
1490128290112,Mouse Moved,1390.0,68.0,User23,,
1490128290128,Mouse Moved,1453.0,67.0,User23,,
1490128290144,Mouse Moved,1466.0,67.0,User23,,
1490128290160,Mouse Moved,1472.0,68.0,User23,,
1490128290269,Mouse Moved,1478.0,69.0,User23,,
1490128290285,Mouse Moved,1483.0,74.0,User23,,
1490128290315,Mouse Moved,1493.0,77.0,User23,,
1490128290332,Mouse Moved,1495.0,78.0,User23,,
1490128290346,Mouse Moved,1495.0,79.0,User23,,
1490128290378,Mouse Moved,1495.0,80.0,User23,,
1490128290410,Mouse Moved,1496.0,81.0,User23,,
1490128290424,Mouse Moved,1496.0,82.0,User23,,
1490128290440,Mouse Moved,1496.0,83.0,User23,,
1490128290581,Mouse Moved,1496.0,86.0,User23,,
1490128290596,Mouse Moved,1493.0,89.0,User23,,
1490128290721,Mouse Moved,1488.0,93.0,User23,,
1490128290736,Mouse Moved,1487.0,94.0,User23,,
1490128290892,Mouse Moved,1487.0,94.0,User23,,
1490128291033,Mouse Moved,1483.0,95.0,User23,,
1490128291049,Mouse Moved,1199.0,24.0,User23,,
1490128291065,Mouse Moved,1082.0,2.0,User23,,
1490128291142,Mouse Moved,1050.0,9.0,User23,,
1490128291329,Mouse Moved,1044.0,11.0,User23,,
1490128291345,Mouse Moved,1048.0,14.0,User23,,
1490128291361,Mouse Moved,1054.0,21.0,User23,,
1490128291377,Mouse Moved,1061.0,31.0,User23,,
1490128291392,Mouse Moved,1062.0,33.0,User23,,
1490128291407,Mouse Moved,1065.0,34.0,User23,,
1490128291424,Mouse Moved,1067.0,37.0,User23,,
1490128291438,Mouse Moved,1068.0,38.0,User23,,
1490128291470,Mouse Moved,1070.0,38.0,User23,,
1490128291502,Mouse Moved,1070.0,39.0,User23,,
1490128291516,Mouse Moved,1071.0,39.0,User23,,
1490128291611,Mouse Moved,1071.0,37.0,User23,,
1490128291627,Mouse Moved,1071.0,36.0,User23,,
1490128291641,Mouse Moved,1071.0,35.0,User23,,
1490128291657,Mouse Moved,1071.0,32.0,User23,,
1490128291688,Mouse Moved,1071.0,29.0,User23,,
1490128291720,Mouse Moved,1071.0,28.0,User23,,
1490128291861,Mouse Moved,1071.0,29.0,User23,,
1490128291953,Mouse Moved,1071.0,29.0,User23,,
1490128291970,Mouse Button.left Released,1071.0,29.0,User23,,
1490128292187,Mouse Moved,1067.0,32.0,User23,,
1490128292203,Mouse Moved,1049.0,49.0,User23,,
1490128292219,Mouse Moved,933.0,124.0,User23,,
1490128292234,Mouse Moved,838.0,196.0,User23,,
1490128292250,Mouse Moved,693.0,316.0,User23,,
1490128292266,Mouse Moved,566.0,400.0,User23,,
1490128292282,Mouse Moved,520.0,432.0,User23,,
1490128292296,Mouse Moved,443.0,475.0,User23,,
1490128292312,Mouse Moved,431.0,485.0,User23,,
1490128292328,Mouse Moved,416.0,492.0,User23,,
1490128292344,Mouse Moved,407.0,498.0,User23,,
1490128292375,Mouse Moved,405.0,498.0,User23,,
1490128292530,Mouse Moved,403.0,499.0,User23,,
1490128292546,Mouse Moved,360.0,521.0,User23,,
1490128292562,Mouse Moved,293.0,569.0,User23,,
1490128292578,Mouse Moved,177.0,638.0,User23,,
1490128292594,Mouse Moved,64.0,714.0,User23,,
1490128292608,Mouse Moved,22.0,741.0,User23,,
1490128292641,Mouse Moved,0.0,798.0,User23,,
1490128292655,Mouse Moved,0.0,801.0,User23,,
1490128292671,Mouse Moved,0.0,804.0,User23,,
1490128292719,Mouse Moved,0.0,806.0,User23,,
1490128292842,Mouse Moved,0.0,808.0,User23,,
1490128292858,Mouse Moved,1.0,809.0,User23,,
1490128292875,Mouse Moved,4.0,814.0,User23,,
1490128292890,Mouse Moved,7.0,825.0,User23,,
1490128292905,Mouse Moved,9.0,834.0,User23,,
1490128292921,Mouse Moved,9.0,837.0,User23,,
1490128292937,Mouse Moved,10.0,838.0,User23,,
1490128292999,Mouse Moved,9.0,840.0,User23,,
1490128293108,Mouse Moved,9.0,840.0,User23,,
1490128293374,Mouse Moved,12.0,840.0,User23,,
1490128293388,Mouse Moved,26.0,832.0,User23,,
1490128293404,Mouse Moved,44.0,820.0,User23,,
1490128293421,Mouse Moved,183.0,780.0,User23,,
1490128293436,Mouse Moved,221.0,771.0,User23,,
1490128293451,Mouse Moved,250.0,764.0,User23,,
1490128293467,Mouse Moved,281.0,763.0,User23,,
1490128293483,Mouse Moved,289.0,766.0,User23,,
1490128293499,Mouse Moved,312.0,766.0,User23,,
1490128293513,Mouse Moved,314.0,766.0,User23,,
1490128293529,Mouse Moved,319.0,766.0,User23,,
1490128293545,Mouse Moved,321.0,766.0,User23,,
1490128293576,Mouse Moved,322.0,766.0,User23,,
1490128293608,Mouse Moved,323.0,767.0,User23,,
1490128293622,Mouse Moved,323.0,768.0,User23,,
1490128293638,Mouse Moved,324.0,768.0,User23,,
1490128293670,Mouse Moved,324.0,769.0,User23,,
1490128293700,Mouse Moved,324.0,770.0,User23,,
1490128293717,Mouse Moved,324.0,772.0,User23,,
1490128293733,Mouse Moved,322.0,778.0,User23,,
1490128293747,Mouse Moved,320.0,780.0,User23,,
1490128293763,Mouse Moved,318.0,783.0,User23,,
1490128293779,Mouse Moved,313.0,790.0,User23,,
1490128293811,Mouse Moved,311.0,791.0,User23,,
1490128293825,Mouse Moved,311.0,793.0,User23,,
1490128293842,Mouse Moved,310.0,795.0,User23,,
1490128293872,Mouse Moved,309.0,796.0,User23,,
1490128293888,Mouse Moved,310.0,795.0,User23,,
1490128293904,Mouse Moved,310.0,795.0,User23,,
1490128294013,Mouse Moved,310.0,795.0,User23,,
1490128526644,Mouse Moved,823.0,563.0,User23,1536.0,864.0
1490128526661,Mouse Moved,826.0,559.0,User23,,
1490128526676,Mouse Moved,943.0,428.0,User23,,
1490128526691,Mouse Moved,971.0,394.0,User23,,
1490128526707,Mouse Moved,995.0,361.0,User23,,
1490128526723,Mouse Moved,1004.0,352.0,User23,,
1490128526739,Mouse Moved,1026.0,330.0,User23,,
1490128526769,Mouse Moved,1040.0,313.0,User23,,
1490128527096,Mouse Moved,1041.0,309.0,User23,,
1490128527112,Mouse Moved,1036.0,309.0,User23,,
1490128527128,Mouse Moved,1030.0,307.0,User23,,
1490128527144,Mouse Moved,1011.0,300.0,User23,,
1490128527160,Mouse Moved,999.0,295.0,User23,,
1490128527174,Mouse Moved,993.0,292.0,User23,,
1490128527190,Mouse Moved,988.0,288.0,User23,,
1490128527207,Mouse Moved,982.0,286.0,User23,,
1490128527221,Mouse Moved,977.0,284.0,User23,,
1490128527237,Mouse Moved,976.0,284.0,User23,,
1490128527253,Mouse Moved,974.0,284.0,User23,,
1490128527269,Mouse Moved,973.0,283.0,User23,,
1490128527315,Mouse Moved,972.0,283.0,User23,,
1490128527408,Mouse Moved,972.0,282.0,User23,,
1490128527424,Mouse Moved,972.0,281.0,User23,,
1490128527440,Mouse Moved,976.0,279.0,User23,,
1490128527456,Mouse Moved,978.0,279.0,User23,,
1490128527471,Mouse Moved,980.0,278.0,User23,,
1490128527486,Mouse Moved,985.0,277.0,User23,,
1490128527503,Mouse Moved,986.0,276.0,User23,,
1490128527519,Mouse Moved,987.0,275.0,User23,,
1490128527533,Mouse Moved,988.0,275.0,User23,,
1490128527565,Mouse Moved,989.0,275.0,User23,,
1490128527706,Mouse Moved,990.0,275.0,User23,,
1490128527815,Mouse Moved,990.0,275.0,User23,,
1490128537158,Mouse Moved,988.0,276.0,User23,,
1490128537174,Mouse Moved,932.0,307.0,User23,,
1490128537190,Mouse Moved,815.0,379.0,User23,,
1490128537206,Mouse Moved,743.0,416.0,User23,,
1490128537221,Mouse Moved,571.0,488.0,User23,,
1490128537253,Mouse Moved,319.0,626.0,User23,,
1490128537269,Mouse Moved,114.0,739.0,User23,,
1490128537299,Mouse Moved,78.0,752.0,User23,,
1490128537378,Mouse Moved,55.0,757.0,User23,,
1490128537392,Mouse Moved,49.0,758.0,User23,,
1490128537892,Mouse Moved,47.0,763.0,User23,,
1490128537907,Mouse Moved,46.0,766.0,User23,,
1490128537924,Mouse Moved,44.0,777.0,User23,,
1490128537938,Mouse Moved,44.0,780.0,User23,,
1490128537954,Mouse Moved,43.0,787.0,User23,,
1490128537986,Mouse Moved,39.0,799.0,User23,,
1490128538049,Mouse Moved,38.0,803.0,User23,,
1490128538063,Mouse Moved,37.0,804.0,User23,,
1490128538079,Mouse Moved,37.0,805.0,User23,,
1490128538111,Mouse Moved,36.0,806.0,User23,,
1490128538141,Mouse Moved,35.0,807.0,User23,,
1490128538157,Mouse Moved,35.0,809.0,User23,,
1490128538173,Mouse Moved,33.0,814.0,User23,,
1490128538188,Mouse Moved,32.0,819.0,User23,,
1490128538204,Mouse Moved,30.0,822.0,User23,,
1490128538220,Mouse Moved,28.0,828.0,User23,,
1490128538236,Mouse Moved,27.0,830.0,User23,,
1490128538250,Mouse Moved,24.0,833.0,User23,,
1490128538266,Mouse Moved,22.0,835.0,User23,,
1490128538282,Mouse Moved,22.0,838.0,User23,,
1490128538298,Mouse Moved,21.0,839.0,User23,,
1490128538453,Mouse Moved,22.0,838.0,User23,,
1490128538470,Mouse Moved,22.0,838.0,User23,,
1490128538548,Mouse Moved,22.0,838.0,User23,,
1490128538562,Mouse Button.left Released,22.0,838.0,User23,,
1490128540809,Mouse Moved,21.0,837.0,User23,,
1490128540888,Mouse Moved,22.0,831.0,User23,,
1490128540903,Mouse Moved,303.0,309.0,User23,,
1490128541028,Mouse Moved,411.0,186.0,User23,,
1490128541043,Mouse Moved,500.0,99.0,User23,,
1490128541262,Mouse Moved,531.0,77.0,User23,,
1490128541339,Mouse Moved,531.0,77.0,User23,,
1490128541917,Mouse Moved,529.0,78.0,User23,,
1490128541933,Mouse Moved,506.0,102.0,User23,,
1490128541948,Mouse Moved,474.0,136.0,User23,,
1490128541963,Mouse Moved,391.0,237.0,User23,,
1490128541980,Mouse Moved,322.0,327.0,User23,,
1490128541994,Mouse Moved,287.0,364.0,User23,,
1490128542010,Mouse Moved,162.0,540.0,User23,,
1490128542026,Mouse Moved,140.0,572.0,User23,,
1490128542042,Mouse Moved,108.0,638.0,User23,,
1490128542058,Mouse Moved,97.0,661.0,User23,,
1490128542072,Mouse Moved,93.0,673.0,User23,,
1490128547861,Mouse Moved,91.0,673.0,User23,,
1490128547877,Mouse Moved,90.0,673.0,User23,,
1490128547891,Mouse Moved,86.0,673.0,User23,,
1490128547907,Mouse Moved,84.0,673.0,User23,,
1490128547923,Mouse Moved,79.0,673.0,User23,,
1490128547938,Mouse Moved,72.0,671.0,User23,,
1490128547954,Mouse Moved,61.0,669.0,User23,,
1490128547970,Mouse Moved,51.0,664.0,User23,,
1490128547986,Mouse Moved,48.0,663.0,User23,,
1490128548000,Mouse Moved,46.0,663.0,User23,,
1490128548016,Mouse Moved,45.0,663.0,User23,,
1490128548032,Mouse Moved,44.0,663.0,User23,,
1490128548048,Mouse Moved,44.0,662.0,User23,,
1490128548095,Mouse Moved,43.0,662.0,User23,,
1490128548157,Mouse Moved,43.0,662.0,User23,,
1490128548234,Mouse Moved,43.0,662.0,User23,,
1490128548516,Mouse Moved,43.0,666.0,User23,,
1490128548532,Mouse Moved,42.0,678.0,User23,,
1490128548546,Mouse Moved,42.0,680.0,User23,,
1490128548687,Mouse Moved,42.0,694.0,User23,,
1490128548703,Mouse Moved,42.0,716.0,User23,,
1490128549062,Mouse Moved,42.0,722.0,User23,,
1490128549078,Mouse Moved,42.0,741.0,User23,,
1490128549092,Mouse Moved,42.0,746.0,User23,,
1490128549203,Mouse Moved,42.0,749.0,User23,,
1490128549217,Mouse Moved,42.0,750.0,User23,,
1490128549342,Mouse Moved,42.0,750.0,User23,,
1490128549638,Mouse Moved,42.0,752.0,User23,,
1490128549654,Mouse Moved,45.0,754.0,User23,,
1490128549671,Mouse Moved,47.0,757.0,User23,,
1490128549686,Mouse Moved,67.0,762.0,User23,,
1490128549701,Mouse Moved,79.0,765.0,User23,,
1490128549717,Mouse Moved,90.0,765.0,User23,,
1490128549858,Mouse Moved,120.0,762.0,User23,,
1490128549872,Mouse Moved,186.0,741.0,User23,,
1490128550170,Mouse Moved,191.0,739.0,User23,,
1490128550184,Mouse Moved,159.0,774.0,User23,,
1490128550279,Mouse Moved,140.0,796.0,User23,,
1490128550295,Mouse Moved,106.0,841.0,User23,,
1490128550309,Mouse Moved,101.0,848.0,User23,,
1490128550325,Mouse Moved,100.0,848.0,User23,,
1490128550341,Mouse Moved,100.0,850.0,User23,,
1490128550372,Mouse Moved,99.0,850.0,User23,,
1490128550513,Mouse Moved,99.0,851.0,User23,,
1490128551230,Mouse Moved,101.0,841.0,User23,,
1490128551246,Mouse Moved,116.0,803.0,User23,,
1490128551262,Mouse Moved,189.0,583.0,User23,,
1490128551276,Mouse Moved,215.0,530.0,User23,,
1490128551292,Mouse Moved,253.0,468.0,User23,,
1490128551309,Mouse Moved,316.0,416.0,User23,,
1490128551323,Mouse Moved,331.0,410.0,User23,,
1490128551339,Mouse Moved,352.0,412.0,User23,,
1490128551355,Mouse Moved,374.0,430.0,User23,,
1490128551371,Mouse Moved,386.0,451.0,User23,,
1490128551387,Mouse Moved,392.0,568.0,User23,,
1490128551401,Mouse Moved,370.0,654.0,User23,,
1490128551417,Mouse Moved,319.0,730.0,User23,,
1490128551433,Mouse Moved,296.0,754.0,User23,,
1490128551448,Mouse Moved,259.0,784.0,User23,,
1490128551464,Mouse Moved,250.0,788.0,User23,,
1490128551480,Mouse Moved,241.0,787.0,User23,,
1490128551496,Mouse Moved,236.0,768.0,User23,,
1490128551510,Mouse Moved,259.0,627.0,User23,,
1490128551526,Mouse Moved,277.0,593.0,User23,,
1490128551542,Mouse Moved,349.0,509.0,User23,,
1490128551558,Mouse Moved,393.0,482.0,User23,,
1490128551573,Mouse Moved,394.0,481.0,User23,,
1490128551698,Mouse Moved,394.0,481.0,User23,,
1490128551808,Mouse Moved,394.0,481.0,User23,,
1490128552556,Mouse Moved,393.0,485.0,User23,,
1490128552572,Mouse Moved,377.0,531.0,User23,,
1490128552588,Mouse Moved,365.0,562.0,User23,,
1490128552602,Mouse Moved,347.0,622.0,User23,,
1490128552618,Mouse Moved,335.0,656.0,User23,,
1490128552634,Mouse Moved,310.0,750.0,User23,,
1490128552650,Mouse Moved,306.0,771.0,User23,,
1490128552665,Mouse Moved,299.0,801.0,User23,,
1490128552680,Mouse Moved,294.0,830.0,User23,,
1490128552697,Mouse Moved,289.0,849.0,User23,,
1490128552713,Mouse Moved,288.0,852.0,User23,,
1490128552900,Mouse Moved,287.0,853.0,User23,,
1490128552914,Mouse Moved,287.0,854.0,User23,,
1490128552947,Mouse Moved,287.0,855.0,User23,,
1490128552961,Mouse Moved,287.0,856.0,User23,,
1490128552993,Mouse Moved,288.0,859.0,User23,,
1490128553009,Mouse Moved,300.0,863.0,User23,,
1490128553134,Mouse Moved,316.0,863.0,User23,,
1490128553164,Mouse Moved,317.0,863.0,User23,,
1490128553336,Mouse Moved,319.0,862.0,User23,,
1490128553351,Mouse Moved,321.0,861.0,User23,,
1490128553368,Mouse Moved,322.0,859.0,User23,,
1490128553382,Mouse Moved,324.0,858.0,User23,,
1490128553398,Mouse Moved,325.0,857.0,User23,,
1490128553414,Mouse Moved,326.0,856.0,User23,,
1490128553430,Mouse Moved,327.0,856.0,User23,,
1490128553446,Mouse Moved,327.0,855.0,User23,,
1490128553460,Mouse Moved,301.0,834.0,User23,,
1490128553476,Mouse Moved,268.0,810.0,User23,,
1490128553493,Mouse Moved,211.0,785.0,User23,,
1490128553507,Mouse Moved,199.0,780.0,User23,,
1490128553523,Mouse Moved,166.0,775.0,User23,,
1490128553539,Mouse Moved,158.0,775.0,User23,,
1490128553555,Mouse Moved,147.0,774.0,User23,,
1490128553571,Mouse Moved,143.0,772.0,User23,,
1490128553585,Mouse Moved,137.0,771.0,User23,,
1490128553819,Mouse Moved,135.0,771.0,User23,,
1490128553835,Mouse Moved,133.0,771.0,User23,,
1490128553851,Mouse Moved,127.0,771.0,User23,,
1490128553867,Mouse Moved,124.0,771.0,User23,,
1490128553882,Mouse Moved,116.0,773.0,User23,,
1490128553898,Mouse Moved,108.0,773.0,User23,,
1490128553914,Mouse Moved,102.0,771.0,User23,,
1490128553928,Mouse Moved,97.0,771.0,User23,,
1490128553944,Mouse Moved,95.0,769.0,User23,,
1490128553960,Mouse Moved,90.0,768.0,User23,,
1490128553976,Mouse Moved,85.0,765.0,User23,,
1490128553992,Mouse Moved,84.0,765.0,User23,,
1490128554053,Mouse Moved,84.0,764.0,User23,,
1490128554335,Mouse Moved,83.0,764.0,User23,,
1490128554351,Mouse Moved,78.0,763.0,User23,,
1490128554365,Mouse Moved,63.0,756.0,User23,,
1490128554381,Mouse Moved,58.0,755.0,User23,,
1490128554397,Mouse Moved,53.0,753.0,User23,,
1490128554413,Mouse Moved,51.0,752.0,User23,,
1490128554428,Mouse Moved,48.0,751.0,User23,,
1490128554444,Mouse Moved,47.0,751.0,User23,,
1490128554506,Mouse Moved,48.0,751.0,User23,,
1490128554522,Mouse Button.left Pressed,48.0,751.0,User23,,
1490128554569,Mouse Moved,48.0,751.0,User23,,
1490128555068,Mouse Moved,48.0,751.0,User23,,
1490128555161,Mouse Moved,48.0,751.0,User23,,
1490128557704,Mouse Moved,51.0,747.0,User23,,
1490128557720,Mouse Moved,56.0,744.0,User23,,
1490128557736,Mouse Moved,65.0,737.0,User23,,
1490128557750,Mouse Moved,78.0,725.0,User23,,
1490128557766,Mouse Moved,87.0,717.0,User23,,
1490128557782,Mouse Moved,94.0,713.0,User23,,
1490128557798,Mouse Moved,107.0,705.0,User23,,
1490128557813,Mouse Moved,113.0,702.0,User23,,
1490128557828,Mouse Moved,124.0,695.0,User23,,
1490128557845,Mouse Moved,129.0,693.0,User23,,
1490128557861,Mouse Moved,135.0,689.0,User23,,
1490128557875,Mouse Moved,137.0,686.0,User23,,
1490128557891,Mouse Moved,138.0,685.0,User23,,
1490128557907,Mouse Moved,140.0,683.0,User23,,
1490128557984,Mouse Moved,140.0,682.0,User23,,
1490128558219,Mouse Moved,141.0,682.0,User23,,
1490128558546,Mouse Moved,141.0,681.0,User23,,
1490128559529,Mouse Moved,145.0,681.0,User23,,
1490128559545,Mouse Moved,160.0,679.0,User23,,
1490128559670,Mouse Moved,192.0,668.0,User23,,
1490128559686,Mouse Moved,341.0,646.0,User23,,
1490128560917,Mouse Moved,384.0,638.0,User23,,
1490128560964,Mouse Moved,384.0,638.0,User23,,
1490128561167,Mouse Moved,381.0,644.0,User23,,
1490128561183,Mouse Moved,371.0,668.0,User23,,
1490128561198,Mouse Moved,363.0,687.0,User23,,
1490128561214,Mouse Moved,359.0,703.0,User23,,
1490128561230,Mouse Moved,345.0,745.0,User23,,
1490128561246,Mouse Moved,343.0,754.0,User23,,
1490128561260,Mouse Moved,338.0,778.0,User23,,
1490128561276,Mouse Moved,336.0,790.0,User23,,
1490128561292,Mouse Moved,336.0,800.0,User23,,
1490128561308,Mouse Moved,335.0,805.0,User23,,
1490128561323,Mouse Moved,335.0,806.0,User23,,
1490128561338,Mouse Moved,333.0,815.0,User23,,
1490128561355,Mouse Moved,333.0,818.0,User23,,
1490128561371,Mouse Moved,332.0,826.0,User23,,
1490128561401,Mouse Moved,332.0,827.0,User23,,
1490128561433,Mouse Moved,331.0,833.0,User23,,
1490128561448,Mouse Moved,331.0,837.0,User23,,
1490128561463,Mouse Moved,331.0,839.0,User23,,
1490128561480,Mouse Moved,331.0,840.0,User23,,
1490128561494,Mouse Moved,331.0,841.0,User23,,
1490128561526,Mouse Moved,331.0,841.0,User23,,
1490128561605,Mouse Moved,331.0,841.0,User23,,
1490128563071,Mouse Moved,329.0,809.0,User23,,
1490128563086,Mouse Moved,320.0,649.0,User23,,
1490128563101,Mouse Moved,315.0,576.0,User23,,
1490128563118,Mouse Moved,310.0,548.0,User23,,
1490128563132,Mouse Moved,308.0,470.0,User23,,
1490128563148,Mouse Moved,302.0,443.0,User23,,
1490128563164,Mouse Moved,294.0,410.0,User23,,
1490128563180,Mouse Moved,292.0,405.0,User23,,
1490128563196,Mouse Moved,288.0,389.0,User23,,
1490128563210,Mouse Moved,287.0,386.0,User23,,
1490128563226,Mouse Moved,286.0,382.0,User23,,
1490128563444,Mouse Moved,284.0,380.0,User23,,
1490128563460,Mouse Moved,271.0,358.0,User23,,
1490128563476,Mouse Moved,262.0,336.0,User23,,
1490128563492,Mouse Moved,249.0,310.0,User23,,
1490128563507,Mouse Moved,239.0,284.0,User23,,
1490128563523,Mouse Moved,225.0,229.0,User23,,
1490128563539,Mouse Moved,218.0,210.0,User23,,
1490128563555,Mouse Moved,214.0,199.0,User23,,
1490128563569,Mouse Moved,210.0,191.0,User23,,
1490128563585,Mouse Moved,209.0,188.0,User23,,
1490128563601,Mouse Moved,209.0,186.0,User23,,
1490128563617,Mouse Moved,208.0,185.0,User23,,
1490128563648,Mouse Moved,208.0,184.0,User23,,
1490128563664,Mouse Moved,207.0,184.0,User23,,
1490128563678,Mouse Moved,206.0,183.0,User23,,
1490128563694,Mouse Moved,206.0,182.0,User23,,
1490128563710,Mouse Moved,204.0,180.0,User23,,
1490128563726,Mouse Moved,200.0,178.0,User23,,
1490128563756,Mouse Moved,199.0,177.0,User23,,
1490128563773,Mouse Moved,197.0,174.0,User23,,
1490128563803,Mouse Moved,197.0,172.0,User23,,
1490128568890,Mouse Moved,198.0,172.0,User23,,
1490128568904,Mouse Moved,198.0,172.0,User23,,
1490128569029,Mouse Moved,198.0,172.0,User23,,
1490128569966,Mouse Moved,197.0,173.0,User23,,
1490128569982,Mouse Moved,197.0,174.0,User23,,
1490128569996,Mouse Moved,199.0,176.0,User23,,
1490128570013,Mouse Moved,200.0,176.0,User23,,
1490128570075,Mouse Moved,201.0,179.0,User23,,
1490128570091,Mouse Moved,210.0,236.0,User23,,
1490128570230,Mouse Moved,215.0,264.0,User23,,
1490128570246,Mouse Moved,228.0,318.0,User23,,
1490128570293,Mouse Moved,230.0,378.0,User23,,
1490128570309,Mouse Moved,230.0,410.0,User23,,
1490128570355,Mouse Moved,230.0,414.0,User23,,
1490128570371,Mouse Moved,231.0,417.0,User23,,
1490128570559,Mouse Moved,231.0,419.0,User23,,
1490128570589,Mouse Moved,231.0,421.0,User23,,
1490128570605,Mouse Moved,231.0,424.0,User23,,
1490128570621,Mouse Moved,231.0,427.0,User23,,
1490128570637,Mouse Moved,231.0,433.0,User23,,
1490128570653,Mouse Moved,231.0,434.0,User23,,
1490128570667,Mouse Moved,231.0,438.0,User23,,
1490128570698,Mouse Moved,231.0,439.0,User23,,
1490128570730,Mouse Moved,231.0,440.0,User23,,
1490128570823,Mouse Moved,231.0,441.0,User23,,
1490128571322,Mouse Moved,231.0,440.0,User23,,
1490128571338,Mouse Moved,231.0,439.0,User23,,
1490128571355,Mouse Moved,231.0,437.0,User23,,
1490128571369,Mouse Moved,231.0,436.0,User23,,
1490128571385,Mouse Moved,231.0,435.0,User23,,
1490128571401,Mouse Moved,231.0,433.0,User23,,
1490128571417,Mouse Moved,231.0,432.0,User23,,
1490128571433,Mouse Moved,231.0,431.0,User23,,
1490128571447,Mouse Moved,231.0,430.0,User23,,
1490128571463,Mouse Moved,231.0,429.0,User23,,
1490128571494,Mouse Moved,231.0,428.0,User23,,
1490128571510,Mouse Moved,231.0,423.0,User23,,
1490128571526,Mouse Moved,231.0,421.0,User23,,
1490128571542,Mouse Moved,231.0,419.0,User23,,
1490128571556,Mouse Moved,231.0,417.0,User23,,
1490128571588,Mouse Moved,231.0,416.0,User23,,
1490128571619,Mouse Moved,231.0,414.0,User23,,
1490128571634,Mouse Moved,231.0,413.0,User23,,
1490128571651,Mouse Moved,231.0,412.0,User23,,
1490128571667,Mouse Moved,232.0,410.0,User23,,
1490128571681,Mouse Moved,233.0,408.0,User23,,
1490128571697,Mouse Moved,235.0,406.0,User23,,
1490128571713,Mouse Moved,235.0,405.0,User23,,
1490128572368,Mouse Moved,237.0,403.0,User23,,
1490128572384,Mouse Moved,237.0,400.0,User23,,
1490128572400,Mouse Moved,244.0,381.0,User23,,
1490128572414,Mouse Moved,247.0,359.0,User23,,
1490128572430,Mouse Moved,252.0,332.0,User23,,
1490128572447,Mouse Moved,253.0,317.0,User23,,
1490128572461,Mouse Moved,254.0,304.0,User23,,
1490128572477,Mouse Moved,259.0,282.0,User23,,
1490128572493,Mouse Moved,259.0,274.0,User23,,
1490128572509,Mouse Moved,262.0,261.0,User23,,
1490128572525,Mouse Moved,265.0,255.0,User23,,
1490128572539,Mouse Moved,267.0,245.0,User23,,
1490128572555,Mouse Moved,270.0,238.0,User23,,
1490128572571,Mouse Moved,270.0,233.0,User23,,
1490128572586,Mouse Moved,271.0,228.0,User23,,
1490128572602,Mouse Moved,271.0,225.0,User23,,
1490128572618,Mouse Moved,271.0,221.0,User23,,
1490128572634,Mouse Moved,270.0,218.0,User23,,
1490128572648,Mouse Moved,269.0,216.0,User23,,
1490128572664,Mouse Moved,268.0,214.0,User23,,
1490128572680,Mouse Moved,265.0,213.0,User23,,
1490128572696,Mouse Moved,260.0,211.0,User23,,
1490128572711,Mouse Moved,259.0,211.0,User23,,
1490128572759,Mouse Moved,258.0,211.0,User23,,
1490128572773,Mouse Moved,257.0,210.0,User23,,
1490128572821,Mouse Moved,257.0,208.0,User23,,
1490128572836,Mouse Moved,257.0,206.0,User23,,
1490128572851,Mouse Moved,257.0,205.0,User23,,
1490128572868,Mouse Moved,258.0,201.0,User23,,
1490128572882,Mouse Moved,258.0,199.0,User23,,
1490128572898,Mouse Moved,258.0,190.0,User23,,
1490128572914,Mouse Moved,258.0,188.0,User23,,
1490128572930,Mouse Moved,258.0,185.0,User23,,
1490128572946,Mouse Moved,258.0,184.0,User23,,
1490128572960,Mouse Moved,258.0,183.0,User23,,
1490128572993,Mouse Moved,258.0,182.0,User23,,
1490128573055,Mouse Moved,257.0,182.0,User23,,
1490128573492,Mouse Moved,258.0,182.0,User23,,
1490128573601,Mouse Moved,258.0,182.0,User23,,
1490128574209,Mouse Moved,262.0,185.0,User23,,
1490128574224,Mouse Moved,275.0,194.0,User23,,
1490128574240,Mouse Moved,347.0,211.0,User23,,
1490128574272,Mouse Moved,514.0,239.0,User23,,
1490128574286,Mouse Moved,628.0,255.0,User23,,
1490128574302,Mouse Moved,712.0,266.0,User23,,
1490128574319,Mouse Moved,764.0,273.0,User23,,
1490128574334,Mouse Moved,775.0,276.0,User23,,
1490128574349,Mouse Moved,786.0,276.0,User23,,
1490128574365,Mouse Moved,791.0,276.0,User23,,
1490128574381,Mouse Moved,805.0,276.0,User23,,
1490128574397,Mouse Moved,810.0,276.0,User23,,
1490128575628,Mouse Moved,810.0,272.0,User23,,
1490128575644,Mouse Moved,804.0,266.0,User23,,
1490128575660,Mouse Moved,798.0,260.0,User23,,
1490128575676,Mouse Moved,791.0,254.0,User23,,
1490128575690,Mouse Moved,766.0,237.0,User23,,
1490128575707,Mouse Moved,744.0,227.0,User23,,
1490128575723,Mouse Moved,704.0,213.0,User23,,
1490128575737,Mouse Moved,693.0,209.0,User23,,
1490128575753,Mouse Moved,667.0,205.0,User23,,
1490128575769,Mouse Moved,651.0,204.0,User23,,
1490128575785,Mouse Moved,629.0,199.0,User23,,
1490128575815,Mouse Moved,599.0,200.0,User23,,
1490128575832,Mouse Moved,574.0,213.0,User23,,
1490128575846,Mouse Moved,569.0,217.0,User23,,
1490128575862,Mouse Moved,564.0,223.0,User23,,
1490128576112,Mouse Moved,561.0,223.0,User23,,
1490128576128,Mouse Moved,536.0,215.0,User23,,
1490128576144,Mouse Moved,494.0,209.0,User23,,
1490128576158,Mouse Moved,467.0,203.0,User23,,
1490128576174,Mouse Moved,454.0,199.0,User23,,
1490128576190,Mouse Moved,450.0,197.0,User23,,
1490128576206,Mouse Moved,447.0,197.0,User23,,
1490128576221,Mouse Moved,446.0,197.0,User23,,
1490128576253,Mouse Moved,446.0,195.0,User23,,
1490128576269,Mouse Moved,449.0,192.0,User23,,
1490128576283,Mouse Moved,465.0,184.0,User23,,
1490128576299,Mouse Moved,475.0,178.0,User23,,
1490128576315,Mouse Moved,481.0,175.0,User23,,
1490128576331,Mouse Moved,487.0,171.0,User23,,
1490128576346,Mouse Moved,499.0,168.0,User23,,
1490128576361,Mouse Moved,503.0,167.0,User23,,
1490128576378,Mouse Moved,512.0,164.0,User23,,
1490128576392,Mouse Moved,515.0,163.0,User23,,
1490128576408,Mouse Moved,516.0,163.0,User23,,
1490128576424,Mouse Moved,517.0,163.0,User23,,
1490128576470,Mouse Moved,518.0,163.0,User23,,
1490128576549,Mouse Moved,519.0,163.0,User23,,
1490128576565,Mouse Moved,520.0,163.0,User23,,
1490128576595,Mouse Moved,521.0,163.0,User23,,
1490128577516,Mouse Moved,520.0,163.0,User23,,
1490128577532,Mouse Moved,515.0,163.0,User23,,
1490128577548,Mouse Moved,501.0,167.0,User23,,
1490128577562,Mouse Moved,497.0,169.0,User23,,
1490128577578,Mouse Moved,494.0,170.0,User23,,
1490128577595,Mouse Moved,493.0,171.0,User23,,
1490128577609,Mouse Moved,492.0,172.0,User23,,
1490128577625,Mouse Moved,491.0,172.0,User23,,
1490128577641,Mouse Moved,491.0,173.0,User23,,
1490128577673,Mouse Moved,502.0,177.0,User23,,
1490128577687,Mouse Moved,512.0,178.0,User23,,
1490128577703,Mouse Moved,542.0,178.0,User23,,
1490128577719,Mouse Moved,554.0,178.0,User23,,
1490128577750,Mouse Moved,590.0,178.0,User23,,
1490128577766,Mouse Moved,599.0,178.0,User23,,
1490128577782,Mouse Moved,601.0,178.0,User23,,
1490128577796,Mouse Moved,606.0,178.0,User23,,
1490128577828,Mouse Moved,610.0,178.0,User23,,
1490128577844,Mouse Moved,618.0,176.0,User23,,
1490128577859,Mouse Moved,621.0,174.0,User23,,
1490128577875,Mouse Moved,622.0,174.0,User23,,
1490128577891,Mouse Moved,624.0,174.0,User23,,
1490128577921,Mouse Moved,625.0,174.0,User23,,
1490128578250,Mouse Moved,622.0,174.0,User23,,
1490128578265,Mouse Moved,614.0,174.0,User23,,
1490128578280,Mouse Moved,563.0,174.0,User23,,
1490128578296,Mouse Moved,536.0,174.0,User23,,
1490128578312,Mouse Moved,500.0,175.0,User23,,
1490128578328,Mouse Moved,454.0,181.0,User23,,
1490128578342,Mouse Moved,440.0,182.0,User23,,
1490128578358,Mouse Moved,426.0,182.0,User23,,
1490128578375,Mouse Moved,422.0,182.0,User23,,
1490128578390,Mouse Moved,416.0,183.0,User23,,
1490128578405,Mouse Moved,415.0,183.0,User23,,
1490128578453,Mouse Moved,415.0,184.0,User23,,
1490128578483,Mouse Moved,417.0,185.0,User23,,
1490128578499,Mouse Moved,424.0,186.0,User23,,
1490128578515,Mouse Moved,434.0,186.0,User23,,
1490128578530,Mouse Moved,463.0,182.0,User23,,
1490128578546,Mouse Moved,509.0,177.0,User23,,
1490128578562,Mouse Moved,557.0,166.0,User23,,
1490128578576,Mouse Moved,576.0,166.0,User23,,
1490128578592,Mouse Moved,602.0,166.0,User23,,
1490128578733,Mouse Moved,618.0,168.0,User23,,
1490128578874,Mouse Moved,625.0,169.0,User23,,
1490128578904,Mouse Moved,615.0,169.0,User23,,
1490128579138,Mouse Moved,615.0,169.0,User23,,
1490128579342,Mouse Moved,615.0,169.0,User23,,
1490128580823,Mouse Moved,620.0,171.0,User23,,
1490128580838,Mouse Moved,627.0,173.0,User23,,
1490128580855,Mouse Moved,691.0,185.0,User23,,
1490128580871,Mouse Moved,732.0,189.0,User23,,
1490128580885,Mouse Moved,790.0,193.0,User23,,
1490128580917,Mouse Moved,796.0,194.0,User23,,
1490128580933,Mouse Moved,804.0,194.0,User23,,
1490128580948,Mouse Moved,806.0,195.0,User23,,
1490128580980,Mouse Moved,807.0,195.0,User23,,
1490128581042,Mouse Moved,807.0,196.0,User23,,
1490128581058,Mouse Moved,805.0,199.0,User23,,
1490128581072,Mouse Moved,801.0,202.0,User23,,
1490128581088,Mouse Moved,795.0,206.0,User23,,
1490128581105,Mouse Moved,786.0,212.0,User23,,
1490128581119,Mouse Moved,784.0,214.0,User23,,
1490128581135,Mouse Moved,781.0,215.0,User23,,
1490128581151,Mouse Moved,780.0,216.0,User23,,
1490128581167,Mouse Moved,780.0,217.0,User23,,
1490128581183,Mouse Moved,779.0,217.0,User23,,
1490128581369,Mouse Moved,778.0,217.0,User23,,
1490128581384,Mouse Moved,777.0,218.0,User23,,
1490128581401,Mouse Moved,772.0,220.0,User23,,
1490128581417,Mouse Moved,768.0,221.0,User23,,
1490128581431,Mouse Moved,760.0,223.0,User23,,
1490128581447,Mouse Moved,758.0,223.0,User23,,
1490128581463,Mouse Moved,757.0,224.0,User23,,
1490128581479,Mouse Moved,757.0,225.0,User23,,
1490128581494,Mouse Moved,756.0,225.0,User23,,
1490128581540,Mouse Moved,755.0,225.0,User23,,
1490128581572,Mouse Moved,755.0,226.0,User23,,
1490128581651,Mouse Moved,760.0,226.0,User23,,
1490128581665,Mouse Moved,782.0,228.0,User23,,
1490128581681,Mouse Moved,789.0,229.0,User23,,
1490128581697,Mouse Moved,791.0,230.0,User23,,
1490128581713,Mouse Moved,795.0,232.0,User23,,
1490128581743,Mouse Moved,797.0,233.0,User23,,
1490128581759,Mouse Moved,797.0,234.0,User23,,
1490128581775,Mouse Moved,798.0,234.0,User23,,
1490128581838,Mouse Moved,799.0,234.0,User23,,
1490128581884,Mouse Moved,800.0,234.0,User23,,
1490128583242,Mouse Moved,801.0,233.0,User23,,
1490128583273,Mouse Moved,808.0,228.0,User23,,
1490128583289,Mouse Moved,813.0,226.0,User23,,
1490128583303,Mouse Moved,824.0,225.0,User23,,
1490128583319,Mouse Moved,830.0,223.0,User23,,
1490128583351,Mouse Moved,834.0,223.0,User23,,
1490128583367,Mouse Moved,843.0,220.0,User23,,
1490128583381,Mouse Moved,849.0,220.0,User23,,
1490128583398,Mouse Moved,851.0,220.0,User23,,
1490128583413,Mouse Moved,853.0,220.0,User23,,
1490128583444,Mouse Moved,854.0,220.0,User23,,
1490128583460,Mouse Moved,856.0,220.0,User23,,
1490128583523,Mouse Moved,858.0,219.0,User23,,
1490128583569,Mouse Moved,860.0,219.0,User23,,
1490128585612,Mouse Moved,857.0,219.0,User23,,
1490128585628,Mouse Moved,855.0,219.0,User23,,
1490128585644,Mouse Moved,851.0,221.0,User23,,
1490128585660,Mouse Moved,849.0,222.0,User23,,
1490128585674,Mouse Moved,837.0,224.0,User23,,
1490128585690,Mouse Moved,831.0,228.0,User23,,
1490128585707,Mouse Moved,829.0,228.0,User23,,
1490128585721,Mouse Moved,827.0,228.0,User23,,
1490128585737,Mouse Moved,823.0,229.0,User23,,
1490128585753,Mouse Moved,821.0,229.0,User23,,
1490128585769,Mouse Moved,818.0,229.0,User23,,
1490128585785,Mouse Moved,816.0,229.0,User23,,
1490128585799,Mouse Moved,815.0,229.0,User23,,
1490128585815,Mouse Moved,813.0,229.0,User23,,
1490128585831,Mouse Moved,812.0,229.0,User23,,
1490128585846,Mouse Moved,811.0,229.0,User23,,
1490128585862,Mouse Moved,810.0,229.0,User23,,
1490128586190,Mouse Moved,804.0,231.0,User23,,
1490128586206,Mouse Moved,800.0,231.0,User23,,
1490128586220,Mouse Moved,788.0,235.0,User23,,
1490128586236,Mouse Moved,779.0,237.0,User23,,
1490128586253,Mouse Moved,772.0,237.0,User23,,
1490128586267,Mouse Moved,767.0,237.0,User23,,
1490128586283,Mouse Moved,765.0,237.0,User23,,
1490128586299,Mouse Moved,762.0,237.0,User23,,
1490128586331,Mouse Moved,759.0,237.0,User23,,
1490128586345,Mouse Moved,757.0,238.0,User23,,
1490128586361,Mouse Moved,756.0,238.0,User23,,
1490128586392,Mouse Moved,755.0,238.0,User23,,
1490128586408,Mouse Moved,754.0,238.0,User23,,
1490128587766,Mouse Moved,757.0,238.0,User23,,
1490128587780,Mouse Moved,759.0,236.0,User23,,
1490128587796,Mouse Moved,788.0,234.0,User23,,
1490128587812,Mouse Moved,840.0,223.0,User23,,
1490128587828,Mouse Moved,881.0,211.0,User23,,
1490128587844,Mouse Moved,892.0,211.0,User23,,
1490128587858,Mouse Moved,906.0,210.0,User23,,
1490128587875,Mouse Moved,920.0,206.0,User23,,
1490128587905,Mouse Moved,936.0,205.0,User23,,
1490128587921,Mouse Moved,941.0,205.0,User23,,
1490128587937,Mouse Moved,944.0,205.0,User23,,
1490128587953,Mouse Moved,948.0,205.0,User23,,
1490128587969,Mouse Moved,952.0,205.0,User23,,
1490128587983,Mouse Moved,953.0,205.0,User23,,
1490128588000,Mouse Moved,955.0,204.0,User23,,
1490128588015,Mouse Moved,956.0,204.0,User23,,
1490128588062,Mouse Moved,957.0,204.0,User23,,
1490128588092,Mouse Moved,958.0,204.0,User23,,
1490128588108,Mouse Moved,959.0,205.0,User23,,
1490128588125,Mouse Moved,959.0,207.0,User23,,
1490128588140,Mouse Moved,959.0,209.0,User23,,
1490128588155,Mouse Moved,960.0,214.0,User23,,
1490128588171,Mouse Moved,961.0,218.0,User23,,
1490128588187,Mouse Moved,961.0,219.0,User23,,
1490128588203,Mouse Moved,962.0,223.0,User23,,
1490128588217,Mouse Moved,962.0,224.0,User23,,
1490128588233,Mouse Moved,962.0,226.0,User23,,
1490128588249,Mouse Moved,963.0,226.0,User23,,
1490128588265,Mouse Moved,963.0,230.0,User23,,
1490128588280,Mouse Moved,963.0,233.0,User23,,
1490128588296,Mouse Moved,963.0,235.0,User23,,
1490128588312,Mouse Moved,963.0,239.0,User23,,
1490128588326,Mouse Moved,963.0,240.0,User23,,
1490128588342,Mouse Moved,963.0,241.0,User23,,
1490128588811,Mouse Moved,962.0,240.0,User23,,
1490128588950,Mouse Moved,962.0,240.0,User23,,
1490128589668,Mouse Moved,963.0,241.0,User23,,
1490128589684,Mouse Moved,964.0,242.0,User23,,
1490128589700,Mouse Moved,965.0,244.0,User23,,
1490128589825,Mouse Moved,965.0,245.0,User23,,
1490128589841,Mouse Moved,967.0,247.0,User23,,
1490128589855,Mouse Moved,975.0,260.0,User23,,
1490128589871,Mouse Moved,976.0,261.0,User23,,
1490128589887,Mouse Moved,977.0,262.0,User23,,
1490128589903,Mouse Moved,977.0,263.0,User23,,
1490128589934,Mouse Moved,978.0,263.0,User23,,
1490128589964,Mouse Moved,978.0,264.0,User23,,
1490128590089,Mouse Moved,979.0,264.0,User23,,
1490128590855,Mouse Moved,978.0,264.0,User23,,
1490128590869,Mouse Moved,833.0,209.0,User23,,
1490128590885,Mouse Moved,819.0,199.0,User23,,
1490128590901,Mouse Moved,815.0,198.0,User23,,
1490128591010,Mouse Moved,814.0,198.0,User23,,
1490128591026,Mouse Moved,814.0,197.0,User23,,
1490128591415,Mouse Moved,812.0,198.0,User23,,
1490128591431,Mouse Moved,721.0,239.0,User23,,
1490128591447,Mouse Moved,719.0,241.0,User23,,
1490128591479,Mouse Moved,717.0,241.0,User23,,
1490128591525,Mouse Moved,718.0,241.0,User23,,
1490128591602,Mouse Moved,718.0,241.0,User23,,
1490128591618,Mouse Button.left Released,718.0,241.0,User23,,
1490128591852,Mouse Moved,719.0,241.0,User23,,
1490128591868,Mouse Moved,721.0,241.0,User23,,
1490128591884,Mouse Moved,730.0,241.0,User23,,
1490128591900,Mouse Moved,738.0,238.0,User23,,
1490128591914,Mouse Moved,740.0,238.0,User23,,
1490128591930,Mouse Moved,742.0,237.0,User23,,
1490128591947,Mouse Moved,743.0,237.0,User23,,
1490128591977,Mouse Moved,744.0,237.0,User23,,
1490128592009,Mouse Moved,744.0,236.0,User23,,
1490128592055,Mouse Moved,745.0,236.0,User23,,
1490128592148,Mouse Moved,745.0,237.0,User23,,
1490128592226,Mouse Moved,745.0,237.0,User23,,
1490128592976,Mouse Moved,745.0,238.0,User23,,
1490128593006,Mouse Moved,745.0,247.0,User23,,
1490128593023,Mouse Moved,745.0,289.0,User23,,
1490128593039,Mouse Moved,741.0,337.0,User23,,
1490128593053,Mouse Moved,739.0,385.0,User23,,
1490128593069,Mouse Moved,737.0,409.0,User23,,
1490128593085,Mouse Moved,737.0,413.0,User23,,
1490128593101,Mouse Moved,737.0,429.0,User23,,
1490128593117,Mouse Moved,737.0,431.0,User23,,
1490128593131,Mouse Moved,737.0,438.0,User23,,
1490128593365,Mouse Moved,737.0,439.0,User23,,
1490128593381,Mouse Moved,738.0,439.0,User23,,
1490128593397,Mouse Moved,739.0,439.0,User23,,
1490128593413,Mouse Moved,740.0,439.0,User23,,
1490128593428,Mouse Moved,742.0,439.0,User23,,
1490128593460,Mouse Moved,744.0,439.0,User23,,
1490128593474,Mouse Moved,745.0,439.0,User23,,
1490128593490,Mouse Moved,746.0,439.0,User23,,
1490128593506,Mouse Moved,748.0,439.0,User23,,
1490128593522,Mouse Moved,749.0,439.0,User23,,
1490128593569,Mouse Moved,750.0,439.0,User23,,
1490128593663,Mouse Moved,751.0,439.0,User23,,
1490128593677,Mouse Moved,751.0,441.0,User23,,
1490128593694,Mouse Moved,751.0,442.0,User23,,
1490128593709,Mouse Moved,751.0,444.0,User23,,
1490128593724,Mouse Moved,751.0,445.0,User23,,
1490128593897,Mouse Moved,750.0,446.0,User23,,
1490128594006,Mouse Moved,750.0,446.0,User23,,
1490128594878,Mouse Moved,752.0,444.0,User23,,
1490128594894,Mouse Moved,756.0,441.0,User23,,
1490128594911,Mouse Moved,803.0,416.0,User23,,
1490128594926,Mouse Moved,866.0,375.0,User23,,
1490128594941,Mouse Moved,894.0,361.0,User23,,
1490128594957,Mouse Moved,911.0,350.0,User23,,
1490128594973,Mouse Moved,974.0,325.0,User23,,
1490128594989,Mouse Moved,992.0,317.0,User23,,
1490128595003,Mouse Moved,1003.0,312.0,User23,,
1490128595019,Mouse Moved,1005.0,312.0,User23,,
1490128595035,Mouse Moved,1007.0,311.0,User23,,
1490128595301,Mouse Moved,1002.0,311.0,User23,,
1490128595332,Mouse Moved,990.0,306.0,User23,,
1490128595362,Mouse Moved,945.0,294.0,User23,,
1490128595378,Mouse Moved,903.0,276.0,User23,,
1490128595394,Mouse Moved,895.0,272.0,User23,,
1490128595410,Mouse Moved,888.0,269.0,User23,,
1490128595424,Mouse Moved,881.0,266.0,User23,,
1490128595440,Mouse Moved,878.0,263.0,User23,,
1490128595457,Mouse Moved,874.0,259.0,User23,,
1490128595471,Mouse Moved,871.0,257.0,User23,,
1490128595674,Mouse Moved,867.0,255.0,User23,,
1490128595690,Mouse Moved,863.0,254.0,User23,,
1490128595706,Mouse Moved,860.0,254.0,User23,,
1490128595721,Mouse Moved,852.0,253.0,User23,,
1490128595736,Mouse Moved,819.0,243.0,User23,,
1490128595753,Mouse Moved,800.0,237.0,User23,,
1490128595769,Mouse Moved,787.0,232.0,User23,,
1490128595783,Mouse Moved,784.0,230.0,User23,,
1490128595799,Mouse Moved,779.0,227.0,User23,,
1490128595815,Mouse Moved,775.0,225.0,User23,,
1490128595831,Mouse Moved,774.0,224.0,User23,,
1490128595846,Mouse Moved,772.0,223.0,User23,,
1490128595861,Mouse Moved,771.0,223.0,User23,,
1490128595940,Mouse Moved,770.0,222.0,User23,,
1490128595956,Mouse Moved,769.0,222.0,User23,,
1490128595970,Mouse Moved,767.0,222.0,User23,,
1490128595986,Mouse Moved,761.0,221.0,User23,,
1490128596003,Mouse Moved,759.0,221.0,User23,,
1490128596017,Mouse Moved,758.0,221.0,User23,,
1490128596033,Mouse Moved,756.0,221.0,User23,,
1490128596049,Mouse Moved,754.0,220.0,User23,,
1490128596065,Mouse Moved,751.0,220.0,User23,,
1490128596081,Mouse Moved,750.0,220.0,User23,,
1490128596190,Mouse Moved,750.0,221.0,User23,,
1490128596204,Mouse Moved,750.0,221.0,User23,,
1490128597048,Mouse Moved,746.0,228.0,User23,,
1490128597062,Mouse Moved,746.0,231.0,User23,,
1490128597078,Mouse Moved,741.0,260.0,User23,,
1490128597095,Mouse Moved,738.0,285.0,User23,,
1490128597109,Mouse Moved,718.0,389.0,User23,,
1490128597125,Mouse Moved,710.0,427.0,User23,,
1490128597141,Mouse Moved,696.0,519.0,User23,,
1490128597157,Mouse Moved,690.0,568.0,User23,,
1490128597173,Mouse Moved,689.0,583.0,User23,,
1490128597187,Mouse Moved,689.0,593.0,User23,,
1490128597203,Mouse Moved,687.0,604.0,User23,,
1490128597219,Mouse Moved,687.0,607.0,User23,,
1490128597234,Mouse Moved,687.0,611.0,User23,,
1490128597469,Mouse Moved,690.0,612.0,User23,,
1490128597484,Mouse Moved,695.0,613.0,User23,,
1490128597500,Mouse Moved,697.0,613.0,User23,,
1490128597516,Mouse Moved,699.0,613.0,User23,,
1490128597530,Mouse Moved,701.0,613.0,User23,,
1490128597546,Mouse Moved,702.0,613.0,User23,,
1490128597562,Mouse Moved,703.0,613.0,User23,,
1490128597578,Mouse Moved,706.0,613.0,User23,,
1490128597594,Mouse Moved,707.0,613.0,User23,,
1490128597608,Mouse Moved,708.0,613.0,User23,,
1490128597655,Mouse Moved,710.0,613.0,User23,,
1490128597687,Mouse Moved,711.0,613.0,User23,,
1490128597719,Mouse Moved,713.0,613.0,User23,,
1490128597750,Mouse Moved,714.0,613.0,User23,,
1490128597765,Mouse Moved,716.0,613.0,User23,,
1490128597780,Mouse Moved,717.0,613.0,User23,,
1490128597812,Mouse Moved,718.0,613.0,User23,,
1490128597842,Mouse Moved,720.0,613.0,User23,,
1490128597875,Mouse Moved,721.0,613.0,User23,,
1490128597905,Mouse Moved,722.0,613.0,User23,,
1490128597921,Mouse Moved,724.0,613.0,User23,,
1490128597937,Mouse Moved,725.0,614.0,User23,,
1490128597953,Mouse Moved,726.0,614.0,User23,,
1490128597967,Mouse Moved,727.0,614.0,User23,,
1490128597983,Mouse Moved,729.0,614.0,User23,,
1490128597999,Mouse Moved,730.0,614.0,User23,,
1490128598015,Mouse Moved,731.0,614.0,User23,,
1490128598030,Mouse Moved,733.0,615.0,User23,,
1490128598062,Mouse Moved,734.0,615.0,User23,,
1490128598342,Mouse Moved,735.0,615.0,User23,,
1490128598358,Mouse Moved,737.0,616.0,User23,,
1490128598374,Mouse Moved,739.0,616.0,User23,,
1490128598388,Mouse Moved,741.0,616.0,User23,,
1490128598404,Mouse Moved,742.0,616.0,User23,,
1490128598421,Mouse Moved,743.0,616.0,User23,,
1490128598436,Mouse Moved,743.0,617.0,User23,,
1490128598451,Mouse Moved,744.0,617.0,User23,,
1490128598483,Mouse Moved,745.0,617.0,User23,,
1490128598513,Mouse Moved,746.0,617.0,User23,,
1490128598686,Mouse Moved,746.0,617.0,User23,,
1490128598842,Mouse Moved,746.0,620.0,User23,,
1490128598857,Mouse Moved,746.0,621.0,User23,,
1490128598982,Mouse Moved,746.0,629.0,User23,,
1490128598997,Mouse Moved,744.0,647.0,User23,,
1490128599107,Mouse Moved,744.0,653.0,User23,,
1490128599122,Mouse Moved,744.0,660.0,User23,,
1490128599168,Mouse Moved,744.0,662.0,User23,,
1490128599434,Mouse Moved,744.0,663.0,User23,,
1490128599621,Mouse Moved,744.0,662.0,User23,,
1490128599762,Mouse Moved,744.0,615.0,User23,,
1490128599778,Mouse Moved,745.0,601.0,User23,,
1490128601930,Mouse Moved,746.0,591.0,User23,,
1490128602039,Mouse Moved,746.0,591.0,User23,,
1490128602101,Mouse Moved,746.0,591.0,User23,,
1490128604255,Mouse Moved,749.0,586.0,User23,,
1490128604270,Mouse Moved,767.0,551.0,User23,,
1490128604286,Mouse Moved,773.0,542.0,User23,,
1490128604302,Mouse Moved,790.0,531.0,User23,,
1490128604316,Mouse Moved,806.0,507.0,User23,,
1490128604332,Mouse Moved,811.0,503.0,User23,,
1490128604348,Mouse Moved,820.0,497.0,User23,,
1490128604364,Mouse Moved,829.0,490.0,User23,,
1490128604394,Mouse Moved,834.0,487.0,User23,,
1490128604411,Mouse Moved,837.0,482.0,User23,,
1490128604427,Mouse Moved,838.0,482.0,User23,,
1490128604457,Mouse Moved,838.0,480.0,User23,,
1490128604473,Mouse Moved,838.0,479.0,User23,,
1490128604489,Mouse Moved,834.0,478.0,User23,,
1490128604505,Mouse Moved,829.0,474.0,User23,,
1490128604519,Mouse Moved,819.0,471.0,User23,,
1490128604536,Mouse Moved,811.0,470.0,User23,,
1490128604551,Mouse Moved,803.0,470.0,User23,,
1490128604566,Mouse Moved,799.0,470.0,User23,,
1490128604582,Mouse Moved,793.0,470.0,User23,,
1490128604598,Mouse Moved,791.0,470.0,User23,,
1490128604614,Mouse Moved,786.0,470.0,User23,,
1490128604628,Mouse Moved,785.0,469.0,User23,,
1490128604644,Mouse Moved,780.0,469.0,User23,,
1490128604661,Mouse Moved,779.0,468.0,User23,,
1490128604676,Mouse Moved,777.0,468.0,User23,,
1490128604691,Mouse Moved,776.0,468.0,User23,,
1490128604723,Mouse Moved,773.0,468.0,User23,,
1490128604739,Mouse Moved,772.0,467.0,User23,,
1490128604753,Mouse Moved,771.0,467.0,User23,,
1490128604769,Mouse Moved,765.0,464.0,User23,,
1490128604816,Mouse Moved,764.0,463.0,User23,,
1490128604832,Mouse Moved,758.0,459.0,User23,,
1490128604848,Mouse Moved,756.0,459.0,User23,,
1490128604862,Mouse Moved,755.0,459.0,User23,,
1490128604878,Mouse Moved,754.0,459.0,User23,,
1490128604926,Mouse Moved,754.0,458.0,User23,,
1490128604940,Mouse Moved,753.0,458.0,User23,,
1490128604957,Mouse Moved,753.0,457.0,User23,,
1490128604973,Mouse Moved,753.0,455.0,User23,,
1490128605065,Mouse Moved,754.0,455.0,User23,,
1490128605190,Mouse Moved,754.0,455.0,User23,,
1490128610681,Mouse Moved,738.0,461.0,User23,,
1490128610697,Mouse Moved,682.0,486.0,User23,,
1490128610713,Mouse Moved,542.0,553.0,User23,,
1490128610729,Mouse Moved,459.0,602.0,User23,,
1490128610744,Mouse Moved,300.0,701.0,User23,,
1490128610759,Mouse Moved,228.0,749.0,User23,,
1490128610776,Mouse Moved,139.0,802.0,User23,,
1490128610790,Mouse Moved,106.0,826.0,User23,,
1490128610806,Mouse Moved,90.0,837.0,User23,,
1490128610822,Mouse Moved,75.0,847.0,User23,,
1490128610838,Mouse Moved,74.0,849.0,User23,,
1490128610854,Mouse Moved,71.0,850.0,User23,,
1490128630197,Mouse Moved,72.0,846.0,User23,,
1490128630213,Mouse Moved,269.0,687.0,User23,,
1490128630338,Mouse Moved,283.0,683.0,User23,,
1490128630354,Mouse Moved,323.0,682.0,User23,,
1490128630368,Mouse Moved,374.0,749.0,User23,,
1490128630431,Mouse Moved,375.0,771.0,User23,,
1490128630463,Mouse Moved,382.0,768.0,User23,,
1490128630479,Mouse Moved,417.0,730.0,User23,,
1490128630493,Mouse Moved,462.0,683.0,User23,,
1490128630509,Mouse Moved,538.0,617.0,User23,,
1490128630650,Mouse Moved,563.0,597.0,User23,,
1490128630900,Mouse Moved,615.0,559.0,User23,,
1490128630914,Mouse Moved,668.0,516.0,User23,,
1490128630930,Mouse Moved,703.0,494.0,User23,,
1490128630947,Mouse Moved,756.0,464.0,User23,,
1490128630961,Mouse Moved,778.0,448.0,User23,,
1490128630977,Mouse Moved,810.0,422.0,User23,,
1490128630993,Mouse Moved,825.0,410.0,User23,,
1490128631009,Mouse Moved,830.0,404.0,User23,,
1490128631025,Mouse Moved,838.0,399.0,User23,,
1490128631039,Mouse Moved,840.0,397.0,User23,,
1490128631305,Mouse Moved,841.0,395.0,User23,,
1490128631321,Mouse Moved,841.0,391.0,User23,,
1490128631336,Mouse Moved,839.0,379.0,User23,,
1490128631351,Mouse Moved,834.0,324.0,User23,,
1490128631368,Mouse Moved,834.0,283.0,User23,,
1490128631382,Mouse Moved,833.0,247.0,User23,,
1490128631398,Mouse Moved,832.0,236.0,User23,,
1490128631414,Mouse Moved,832.0,231.0,User23,,
1490128631430,Mouse Moved,832.0,222.0,User23,,
1490128631446,Mouse Moved,832.0,220.0,User23,,
1490128631460,Mouse Moved,832.0,218.0,User23,,
1490128631476,Mouse Moved,832.0,217.0,User23,,
1490128633240,Mouse Moved,830.0,217.0,User23,,
1490128633255,Mouse Moved,826.0,217.0,User23,,
1490128633270,Mouse Moved,815.0,219.0,User23,,
1490128633286,Mouse Moved,806.0,221.0,User23,,
1490128633302,Mouse Moved,788.0,222.0,User23,,
1490128633318,Mouse Moved,780.0,223.0,User23,,
1490128633332,Mouse Moved,777.0,223.0,User23,,
1490128633348,Mouse Moved,771.0,224.0,User23,,
1490128633365,Mouse Moved,769.0,224.0,User23,,
1490128633380,Mouse Moved,766.0,224.0,User23,,
1490128633395,Mouse Moved,765.0,224.0,User23,,
1490128633411,Mouse Moved,762.0,224.0,User23,,
1490128633427,Mouse Moved,761.0,224.0,User23,,
1490128633443,Mouse Moved,760.0,224.0,User23,,
1490128633473,Mouse Moved,759.0,224.0,User23,,
1490128633536,Mouse Moved,758.0,224.0,User23,,
1490128633878,Mouse Moved,758.0,223.0,User23,,
1490128633989,Mouse Moved,758.0,223.0,User23,,
1490128634706,Mouse Moved,757.0,223.0,User23,,
1490128634721,Mouse Moved,755.0,221.0,User23,,
1490128634736,Mouse Moved,752.0,219.0,User23,,
1490128634753,Mouse Moved,749.0,217.0,User23,,
1490128634769,Mouse Moved,748.0,216.0,User23,,
1490128634783,Mouse Moved,747.0,215.0,User23,,
1490128634799,Mouse Moved,746.0,214.0,User23,,
1490128634815,Mouse Moved,746.0,213.0,User23,,
1490128634831,Mouse Moved,744.0,210.0,User23,,
1490128634846,Mouse Moved,744.0,210.0,User23,,
1490128634970,Mouse Moved,744.0,210.0,User23,,
1490128635579,Mouse Moved,745.0,210.0,User23,,
1490128635595,Mouse Moved,747.0,210.0,User23,,
1490128635611,Mouse Moved,753.0,210.0,User23,,
1490128635641,Mouse Moved,764.0,212.0,User23,,
1490128635657,Mouse Moved,788.0,217.0,User23,,
1490128635673,Mouse Moved,794.0,218.0,User23,,
1490128635688,Mouse Moved,801.0,222.0,User23,,
1490128635704,Mouse Moved,804.0,223.0,User23,,
1490128635720,Mouse Moved,806.0,223.0,User23,,
1490128635736,Mouse Moved,810.0,226.0,User23,,
1490128635750,Mouse Moved,811.0,227.0,User23,,
1490128635782,Mouse Moved,812.0,227.0,User23,,
1490128637046,Mouse Moved,815.0,228.0,User23,,
1490128637062,Mouse Moved,816.0,229.0,User23,,
1490128637076,Mouse Moved,822.0,230.0,User23,,
1490128637092,Mouse Moved,823.0,231.0,User23,,
1490128637108,Mouse Moved,831.0,234.0,User23,,
1490128637124,Mouse Moved,834.0,236.0,User23,,
1490128637140,Mouse Moved,840.0,241.0,User23,,
1490128637154,Mouse Moved,845.0,244.0,User23,,
1490128637171,Mouse Moved,849.0,246.0,User23,,
1490128637187,Mouse Moved,853.0,249.0,User23,,
1490128637201,Mouse Moved,855.0,250.0,User23,,
1490128637217,Mouse Moved,859.0,252.0,User23,,
1490128637233,Mouse Moved,860.0,253.0,User23,,
1490128637249,Mouse Moved,862.0,256.0,User23,,
1490128637265,Mouse Moved,865.0,260.0,User23,,
1490128637279,Mouse Moved,868.0,262.0,User23,,
1490128637296,Mouse Moved,869.0,267.0,User23,,
1490128637311,Mouse Moved,871.0,270.0,User23,,
1490128637326,Mouse Moved,872.0,274.0,User23,,
1490128637342,Mouse Moved,873.0,277.0,User23,,
1490128637358,Mouse Moved,874.0,283.0,User23,,
1490128637374,Mouse Moved,875.0,285.0,User23,,
1490128637388,Mouse Moved,875.0,289.0,User23,,
1490128637404,Mouse Moved,875.0,291.0,User23,,
1490128637421,Mouse Moved,875.0,292.0,User23,,
1490128637436,Mouse Moved,875.0,293.0,User23,,
1490128638450,Mouse Moved,875.0,296.0,User23,,
1490128638466,Mouse Moved,875.0,301.0,User23,,
1490128638480,Mouse Moved,875.0,307.0,User23,,
1490128638496,Mouse Moved,875.0,311.0,User23,,
1490128638528,Mouse Moved,875.0,313.0,User23,,
1490128638543,Mouse Moved,875.0,314.0,User23,,
1490128638559,Mouse Moved,875.0,315.0,User23,,
1490128638668,Mouse Moved,875.0,316.0,User23,,
1490128639105,Mouse Moved,875.0,315.0,User23,,
1490128639121,Mouse Moved,875.0,313.0,User23,,
1490128639246,Mouse Moved,873.0,305.0,User23,,
1490128639260,Mouse Moved,862.0,271.0,User23,,
1490128639558,Mouse Moved,855.0,261.0,User23,,
1490128639572,Mouse Moved,811.0,254.0,User23,,
1490128639605,Mouse Moved,781.0,245.0,User23,,
1490128639619,Mouse Moved,764.0,237.0,User23,,
1490128639635,Mouse Moved,762.0,237.0,User23,,
1490128639651,Mouse Moved,759.0,235.0,User23,,
1490128639667,Mouse Moved,757.0,234.0,User23,,
1490128639683,Mouse Moved,756.0,234.0,User23,,
1490128639697,Mouse Moved,753.0,234.0,User23,,
1490128639713,Mouse Moved,749.0,231.0,User23,,
1490128639729,Mouse Moved,747.0,230.0,User23,,
1490128639869,Mouse Moved,745.0,230.0,User23,,
1490128639884,Mouse Moved,742.0,230.0,User23,,
1490128639901,Mouse Moved,738.0,230.0,User23,,
1490128639917,Mouse Moved,735.0,228.0,User23,,
1490128639931,Mouse Moved,734.0,228.0,User23,,
1490128639947,Mouse Moved,732.0,227.0,User23,,
1490128639963,Mouse Moved,731.0,227.0,User23,,
1490128639979,Mouse Moved,730.0,226.0,User23,,
1490128639994,Mouse Moved,730.0,225.0,User23,,
1490128640009,Mouse Moved,729.0,225.0,User23,,
1490128640026,Mouse Moved,729.0,224.0,User23,,
1490128640229,Mouse Moved,731.0,223.0,User23,,
1490128640243,Mouse Moved,765.0,217.0,User23,,
1490128640290,Mouse Moved,789.0,215.0,User23,,
1490128640322,Mouse Moved,790.0,215.0,User23,,
1490128640352,Mouse Moved,792.0,215.0,User23,,
1490128640477,Mouse Moved,793.0,216.0,User23,,
1490128640525,Mouse Moved,796.0,219.0,User23,,
1490128640540,Mouse Moved,797.0,220.0,User23,,
1490128640555,Mouse Moved,797.0,221.0,User23,,
1490128640775,Mouse Moved,797.0,222.0,User23,,
1490128641226,Mouse Moved,798.0,223.0,User23,,
1490128641243,Mouse Moved,800.0,226.0,User23,,
1490128641257,Mouse Moved,811.0,244.0,User23,,
1490128641273,Mouse Moved,813.0,247.0,User23,,
1490128641335,Mouse Moved,815.0,249.0,User23,,
1490128641351,Mouse Moved,816.0,250.0,User23,,
1490128641507,Mouse Moved,816.0,252.0,User23,,
1490128641523,Mouse Moved,808.0,255.0,User23,,
1490128641539,Mouse Moved,796.0,256.0,User23,,
1490128641555,Mouse Moved,786.0,252.0,User23,,
1490128641569,Mouse Moved,771.0,246.0,User23,,
1490128641585,Mouse Moved,766.0,243.0,User23,,
1490128641601,Mouse Moved,754.0,232.0,User23,,
1490128641617,Mouse Moved,750.0,228.0,User23,,
1490128641632,Mouse Moved,746.0,225.0,User23,,
1490128641648,Mouse Moved,745.0,223.0,User23,,
1490128641664,Mouse Moved,744.0,222.0,User23,,
1490128641678,Mouse Moved,740.0,218.0,User23,,
1490128641694,Mouse Moved,739.0,217.0,User23,,
1490128641710,Mouse Moved,737.0,215.0,User23,,
1490128641726,Mouse Moved,737.0,214.0,User23,,
1490128641742,Mouse Moved,736.0,214.0,User23,,
1490128641756,Mouse Moved,736.0,213.0,User23,,
1490128641789,Mouse Moved,736.0,212.0,User23,,
1490128641819,Mouse Moved,734.0,211.0,User23,,
1490128641898,Mouse Moved,734.0,209.0,User23,,
1490128642069,Mouse Moved,734.0,209.0,User23,,
1490128642943,Mouse Moved,732.0,216.0,User23,,
1490128642959,Mouse Moved,721.0,243.0,User23,,
1490128642973,Mouse Moved,706.0,276.0,User23,,
1490128642990,Mouse Moved,690.0,359.0,User23,,
1490128643005,Mouse Moved,679.0,399.0,User23,,
1490128643020,Mouse Moved,662.0,487.0,User23,,
1490128643036,Mouse Moved,655.0,570.0,User23,,
1490128643052,Mouse Moved,655.0,589.0,User23,,
1490128643068,Mouse Moved,652.0,603.0,User23,,
1490128643082,Mouse Moved,651.0,621.0,User23,,
1490128643098,Mouse Moved,651.0,629.0,User23,,
1490128643115,Mouse Moved,651.0,630.0,User23,,
1490128643130,Mouse Moved,651.0,631.0,User23,,
1490128649838,Mouse Moved,653.0,631.0,User23,,
1490128649854,Mouse Moved,664.0,623.0,User23,,
1490128649868,Mouse Moved,678.0,615.0,User23,,
1490128649884,Mouse Moved,680.0,615.0,User23,,
1490128649993,Mouse Moved,681.0,615.0,User23,,
1490128650009,Mouse Moved,684.0,615.0,User23,,
1490128650088,Mouse Moved,698.0,612.0,User23,,
1490128650102,Mouse Moved,720.0,604.0,User23,,
1490128650118,Mouse Moved,726.0,602.0,User23,,
1490128650134,Mouse Moved,728.0,602.0,User23,,
1490128650150,Mouse Moved,730.0,602.0,User23,,
1490128650165,Mouse Moved,731.0,602.0,User23,,
1490128650290,Mouse Moved,732.0,602.0,User23,,
1490128650305,Mouse Moved,736.0,602.0,User23,,
1490128650447,Mouse Moved,737.0,602.0,User23,,
1490128650773,Mouse Moved,741.0,602.0,User23,,
1490128650805,Mouse Moved,743.0,602.0,User23,,
1490128650821,Mouse Moved,744.0,603.0,User23,,
1490128650851,Mouse Moved,745.0,603.0,User23,,
1490128650898,Mouse Moved,746.0,603.0,User23,,
1490128650946,Mouse Moved,746.0,604.0,User23,,
1490128650960,Mouse Moved,746.0,605.0,User23,,
1490128650976,Mouse Moved,746.0,606.0,User23,,
1490128650993,Mouse Moved,746.0,607.0,User23,,
1490128651007,Mouse Moved,745.0,612.0,User23,,
1490128651023,Mouse Moved,742.0,616.0,User23,,
1490128651039,Mouse Moved,732.0,634.0,User23,,
1490128651055,Mouse Moved,726.0,644.0,User23,,
1490128651071,Mouse Moved,716.0,666.0,User23,,
1490128651085,Mouse Moved,705.0,680.0,User23,,
1490128651101,Mouse Moved,684.0,720.0,User23,,
1490128651117,Mouse Moved,681.0,726.0,User23,,
1490128651132,Mouse Moved,681.0,727.0,User23,,
1490128651148,Mouse Moved,678.0,731.0,User23,,
1490128651773,Mouse Moved,674.0,733.0,User23,,
1490128651788,Mouse Moved,674.0,732.0,User23,,
1490128651803,Mouse Moved,669.0,729.0,User23,,
1490128651819,Mouse Moved,665.0,724.0,User23,,
1490128651897,Mouse Moved,657.0,714.0,User23,,
1490128651913,Mouse Moved,648.0,704.0,User23,,
1490128651944,Mouse Moved,646.0,701.0,User23,,
1490128652006,Mouse Moved,645.0,701.0,User23,,
1490128652147,Mouse Moved,645.0,702.0,User23,,
1490128652177,Mouse Moved,645.0,703.0,User23,,
1490128652194,Mouse Moved,645.0,706.0,User23,,
1490128652209,Mouse Moved,645.0,709.0,User23,,
1490128652240,Mouse Moved,645.0,710.0,User23,,
1490128652256,Mouse Moved,645.0,713.0,User23,,
1490128652272,Mouse Moved,645.0,714.0,User23,,
1490128652302,Mouse Moved,645.0,715.0,User23,,
1490128652319,Mouse Moved,646.0,715.0,User23,,
1490128652397,Mouse Moved,646.0,716.0,User23,,
1490128652848,Mouse Moved,646.0,715.0,User23,,
1490128652943,Mouse Moved,646.0,715.0,User23,,
1490128654269,Mouse Moved,649.0,706.0,User23,,
1490128654283,Mouse Moved,687.0,641.0,User23,,
1490128654299,Mouse Moved,723.0,575.0,User23,,
1490128654315,Mouse Moved,759.0,537.0,User23,,
1490128654331,Mouse Moved,770.0,524.0,User23,,
1490128654346,Mouse Moved,792.0,495.0,User23,,
1490128654361,Mouse Moved,796.0,490.0,User23,,
1490128654378,Mouse Moved,798.0,488.0,User23,,
1490128654392,Mouse Moved,800.0,485.0,User23,,
1490128654408,Mouse Moved,801.0,483.0,User23,,
1490128654424,Mouse Moved,802.0,482.0,User23,,
1490128654486,Mouse Moved,802.0,483.0,User23,,
1490128654503,Mouse Moved,801.0,484.0,User23,,
1490128654517,Mouse Moved,801.0,485.0,User23,,
1490128654533,Mouse Moved,800.0,487.0,User23,,
1490128654549,Mouse Moved,795.0,491.0,User23,,
1490128654565,Mouse Moved,789.0,504.0,User23,,
1490128654595,Mouse Moved,775.0,524.0,User23,,
1490128654611,Mouse Moved,769.0,534.0,User23,,
1490128654627,Mouse Moved,768.0,534.0,User23,,
1490128654642,Mouse Moved,767.0,536.0,User23,,
1490128654752,Mouse Moved,765.0,537.0,User23,,
1490128654782,Mouse Moved,764.0,537.0,User23,,
1490128654829,Mouse Moved,764.0,535.0,User23,,
1490128654861,Mouse Moved,764.0,534.0,User23,,
1490128654877,Mouse Moved,764.0,533.0,User23,,
1490128654892,Mouse Moved,764.0,532.0,User23,,
1490128654907,Mouse Moved,763.0,529.0,User23,,
1490128654924,Mouse Moved,763.0,527.0,User23,,
1490128654954,Mouse Moved,763.0,525.0,User23,,
1490128654970,Mouse Moved,763.0,524.0,User23,,
1490128655002,Mouse Moved,763.0,525.0,User23,,
1490128655032,Mouse Moved,763.0,524.0,User23,,
1490128655111,Mouse Moved,763.0,524.0,User23,,
1490128656155,Mouse Moved,760.0,525.0,User23,,
1490128656171,Mouse Moved,756.0,529.0,User23,,
1490128656187,Mouse Moved,747.0,537.0,User23,,
1490128656203,Mouse Moved,739.0,544.0,User23,,
1490128656219,Mouse Moved,728.0,554.0,User23,,
1490128656233,Mouse Moved,720.0,563.0,User23,,
1490128656250,Mouse Moved,714.0,570.0,User23,,
1490128656265,Mouse Moved,713.0,572.0,User23,,
1490128656280,Mouse Moved,709.0,577.0,User23,,
1490128656296,Mouse Moved,707.0,579.0,User23,,
1490128656312,Mouse Moved,706.0,579.0,User23,,
1490128656328,Mouse Moved,705.0,581.0,User23,,
1490128656375,Mouse Moved,705.0,584.0,User23,,
1490128656390,Mouse Moved,705.0,585.0,User23,,
1490128656405,Mouse Moved,707.0,586.0,User23,,
1490128656421,Mouse Moved,712.0,590.0,User23,,
1490128656437,Mouse Moved,717.0,593.0,User23,,
1490128656453,Mouse Moved,718.0,593.0,User23,,
1490128656467,Mouse Moved,721.0,593.0,User23,,
1490128656483,Mouse Moved,722.0,594.0,User23,,
1490128656499,Mouse Moved,724.0,594.0,User23,,
1490128656515,Mouse Moved,724.0,595.0,User23,,
1490128656530,Mouse Moved,727.0,596.0,User23,,
1490128656546,Mouse Moved,729.0,596.0,User23,,
1490128656562,Mouse Moved,729.0,597.0,User23,,
1490128656576,Mouse Moved,731.0,597.0,User23,,
1490128656888,Mouse Moved,733.0,599.0,User23,,
1490128656904,Mouse Moved,733.0,600.0,User23,,
1490128656921,Mouse Moved,734.0,601.0,User23,,
1490128656936,Mouse Moved,735.0,602.0,User23,,
1490128656983,Mouse Moved,736.0,603.0,User23,,
1490128657029,Mouse Moved,735.0,602.0,User23,,
1490128657045,Mouse Button.left Pressed,735.0,602.0,User23,,
1490128657061,Mouse Moved,736.0,604.0,User23,,
1490128657076,Mouse Moved,737.0,605.0,User23,,
1490128657092,Mouse Moved,738.0,608.0,User23,,
1490128657108,Mouse Moved,738.0,609.0,User23,,
1490128657122,Mouse Moved,738.0,611.0,User23,,
1490128657138,Mouse Moved,738.0,612.0,User23,,
1490128657154,Mouse Moved,738.0,613.0,User23,,
1490128657170,Mouse Moved,738.0,614.0,User23,,
1490128657186,Mouse Moved,738.0,616.0,User23,,
1490128657200,Mouse Moved,738.0,618.0,User23,,
1490128657247,Mouse Moved,738.0,619.0,User23,,
1490128657357,Mouse Moved,739.0,619.0,User23,,
1490128657372,Mouse Moved,741.0,619.0,User23,,
1490128657388,Mouse Moved,742.0,620.0,User23,,
1490128657404,Mouse Moved,743.0,620.0,User23,,
1490128657420,Mouse Moved,744.0,620.0,User23,,
1490128657434,Mouse Moved,745.0,620.0,User23,,
1490128657763,Mouse Moved,745.0,619.0,User23,,
1490128657779,Mouse Moved,746.0,621.0,User23,,
1490128657841,Mouse Moved,746.0,622.0,User23,,
1490128657871,Mouse Moved,746.0,623.0,User23,,
1490128657888,Mouse Moved,746.0,626.0,User23,,
1490128657903,Mouse Moved,746.0,636.0,User23,,
1490128657918,Mouse Moved,746.0,641.0,User23,,
1490128657934,Mouse Moved,746.0,653.0,User23,,
1490128657950,Mouse Moved,744.0,663.0,User23,,
1490128657966,Mouse Moved,742.0,670.0,User23,,
1490128657980,Mouse Moved,742.0,677.0,User23,,
1490128657996,Mouse Moved,742.0,680.0,User23,,
1490128658013,Mouse Moved,742.0,684.0,User23,,
1490128658028,Mouse Moved,742.0,686.0,User23,,
1490128658043,Mouse Moved,742.0,687.0,User23,,
1490128658059,Mouse Moved,741.0,690.0,User23,,
1490128658075,Mouse Moved,741.0,691.0,User23,,
1490128658091,Mouse Moved,741.0,692.0,User23,,
1490128658105,Mouse Moved,741.0,693.0,User23,,
1490128658121,Mouse Moved,741.0,694.0,User23,,
1490128658137,Mouse Moved,741.0,695.0,User23,,
1490128658153,Mouse Moved,740.0,695.0,User23,,
1490128658168,Mouse Moved,740.0,697.0,User23,,
1490128658200,Mouse Moved,740.0,698.0,User23,,
1490128658230,Mouse Moved,740.0,699.0,User23,,
1490128658417,Mouse Moved,739.0,699.0,User23,,
1490128658496,Mouse Moved,740.0,699.0,User23,,
1490128659993,Mouse Moved,739.0,698.0,User23,,
1490128660009,Mouse Moved,742.0,684.0,User23,,
1490128660025,Mouse Moved,743.0,682.0,User23,,
1490128660134,Mouse Moved,743.0,681.0,User23,,
1490128660150,Mouse Moved,743.0,677.0,User23,,
1490128660275,Mouse Moved,743.0,677.0,User23,,
1490128660289,Mouse Moved,743.0,672.0,User23,,
1490128660305,Mouse Moved,745.0,667.0,User23,,
1490128660384,Mouse Moved,745.0,666.0,User23,,
1490128660398,Mouse Moved,745.0,664.0,User23,,
1490128660414,Mouse Moved,746.0,660.0,User23,,
1490128660430,Mouse Moved,746.0,657.0,User23,,
1490128660461,Mouse Moved,746.0,655.0,User23,,
1490128660493,Mouse Moved,746.0,654.0,User23,,
1490128660539,Mouse Moved,746.0,653.0,User23,,
1490128660821,Mouse Moved,746.0,651.0,User23,,
1490128660835,Mouse Moved,746.0,648.0,User23,,
1490128660851,Mouse Moved,746.0,643.0,User23,,
1490128660867,Mouse Moved,746.0,637.0,User23,,
1490128660882,Mouse Moved,746.0,633.0,User23,,
1490128660898,Mouse Moved,746.0,630.0,User23,,
1490128660914,Mouse Moved,746.0,628.0,User23,,
1490128660930,Mouse Moved,746.0,626.0,User23,,
1490128660944,Mouse Moved,746.0,625.0,User23,,
1490128660960,Mouse Moved,746.0,624.0,User23,,
1490128661023,Mouse Moved,746.0,623.0,User23,,
1490128661055,Mouse Moved,746.0,622.0,User23,,
1490128661069,Mouse Moved,746.0,621.0,User23,,
1490128661085,Mouse Moved,746.0,620.0,User23,,
1490128661101,Mouse Moved,747.0,618.0,User23,,
1490128661148,Mouse Moved,748.0,614.0,User23,,
1490128661164,Mouse Moved,748.0,612.0,User23,,
1490128661178,Mouse Moved,748.0,610.0,User23,,
1490128661194,Mouse Moved,748.0,609.0,User23,,
1490128661273,Mouse Moved,748.0,607.0,User23,,
1490128661740,Mouse Moved,748.0,608.0,User23,,
1490128661756,Mouse Moved,748.0,609.0,User23,,
1490128661772,Mouse Moved,749.0,615.0,User23,,
1490128661788,Mouse Moved,749.0,618.0,User23,,
1490128661802,Mouse Moved,749.0,629.0,User23,,
1490128661819,Mouse Moved,749.0,635.0,User23,,
1490128661835,Mouse Moved,749.0,636.0,User23,,
1490128661865,Mouse Moved,748.0,647.0,User23,,
1490128661881,Mouse Moved,747.0,651.0,User23,,
1490128661913,Mouse Moved,747.0,652.0,User23,,
1490128661927,Mouse Moved,746.0,659.0,User23,,
1490128661944,Mouse Moved,746.0,661.0,User23,,
1490128661959,Mouse Moved,745.0,662.0,User23,,
1490128661974,Mouse Moved,745.0,663.0,User23,,
1490128661990,Mouse Moved,745.0,664.0,User23,,
1490128662006,Mouse Moved,745.0,671.0,User23,,
1490128662022,Mouse Moved,745.0,672.0,User23,,
1490128662036,Mouse Moved,745.0,673.0,User23,,
1490128662052,Mouse Moved,745.0,676.0,User23,,
1490128662069,Mouse Moved,745.0,678.0,User23,,
1490128662084,Mouse Moved,745.0,680.0,User23,,
1490128662099,Mouse Moved,745.0,681.0,User23,,
1490128662115,Mouse Moved,745.0,682.0,User23,,
1490128662147,Mouse Moved,745.0,684.0,User23,,
1490128662161,Mouse Moved,745.0,685.0,User23,,
1490128662177,Mouse Moved,745.0,687.0,User23,,
1490128662193,Mouse Moved,745.0,688.0,User23,,
1490128662224,Mouse Moved,745.0,689.0,User23,,
1490128662240,Mouse Moved,746.0,692.0,User23,,
1490128662256,Mouse Moved,747.0,694.0,User23,,
1490128662270,Mouse Moved,747.0,695.0,User23,,
1490128662286,Mouse Moved,747.0,698.0,User23,,
1490128662302,Mouse Moved,747.0,699.0,User23,,
1490128662348,Mouse Moved,747.0,700.0,User23,,
1490128662365,Mouse Moved,747.0,701.0,User23,,
1490128662473,Mouse Moved,747.0,702.0,User23,,
1490128663128,Mouse Moved,747.0,695.0,User23,,
1490128663144,Mouse Moved,747.0,690.0,User23,,
1490128663161,Mouse Moved,747.0,685.0,User23,,
1490128663176,Mouse Moved,747.0,679.0,User23,,
1490128663191,Mouse Moved,747.0,675.0,User23,,
1490128663207,Mouse Moved,747.0,673.0,User23,,
1490128663223,Mouse Moved,747.0,670.0,User23,,
1490128663239,Mouse Moved,747.0,668.0,User23,,
1490128663253,Mouse Moved,747.0,667.0,User23,,
1490128663269,Mouse Moved,747.0,666.0,User23,,
1490128663285,Mouse Moved,747.0,665.0,User23,,
1490128663301,Mouse Moved,747.0,663.0,User23,,
1490128663316,Mouse Moved,747.0,662.0,User23,,
1490128663332,Mouse Moved,747.0,660.0,User23,,
1490128663362,Mouse Moved,747.0,659.0,User23,,
1490128663426,Mouse Moved,746.0,659.0,User23,,
1490128663628,Mouse Moved,745.0,657.0,User23,,
1490128663644,Mouse Moved,743.0,648.0,User23,,
1490128663660,Mouse Moved,740.0,638.0,User23,,
1490128663674,Mouse Moved,739.0,624.0,User23,,
1490128663690,Mouse Moved,738.0,615.0,User23,,
1490128663707,Mouse Moved,738.0,605.0,User23,,
1490128663721,Mouse Moved,738.0,600.0,User23,,
1490128663737,Mouse Moved,736.0,591.0,User23,,
1490128663753,Mouse Moved,736.0,590.0,User23,,
1490128663769,Mouse Moved,736.0,587.0,User23,,
1490128663815,Mouse Moved,735.0,585.0,User23,,
1490128663940,Mouse Moved,736.0,586.0,User23,,
1490128664081,Mouse Moved,735.0,587.0,User23,,
1490128664096,Mouse Moved,733.0,588.0,User23,,
1490128664111,Mouse Moved,724.0,598.0,User23,,
1490128664128,Mouse Moved,713.0,609.0,User23,,
1490128664142,Mouse Moved,701.0,620.0,User23,,
1490128664158,Mouse Moved,684.0,638.0,User23,,
1490128664174,Mouse Moved,677.0,646.0,User23,,
1490128664190,Mouse Moved,669.0,654.0,User23,,
1490128664206,Mouse Moved,666.0,657.0,User23,,
1490128664220,Mouse Moved,662.0,659.0,User23,,
1490128664236,Mouse Moved,662.0,660.0,User23,,
1490128664253,Mouse Moved,660.0,662.0,User23,,
1490128664267,Mouse Moved,659.0,662.0,User23,,
1490128664408,Mouse Moved,659.0,663.0,User23,,
1490128664424,Mouse Moved,658.0,665.0,User23,,
1490128664440,Mouse Moved,658.0,667.0,User23,,
1490128664454,Mouse Moved,657.0,669.0,User23,,
1490128664470,Mouse Moved,656.0,676.0,User23,,
1490128664486,Mouse Moved,655.0,687.0,User23,,
1490128664502,Mouse Moved,655.0,693.0,User23,,
1490128664517,Mouse Moved,654.0,699.0,User23,,
1490128664532,Mouse Moved,653.0,704.0,User23,,
1490128664549,Mouse Moved,653.0,710.0,User23,,
1490128664565,Mouse Moved,653.0,711.0,User23,,
1490128664579,Mouse Moved,651.0,714.0,User23,,
1490128664611,Mouse Moved,651.0,718.0,User23,,
1490128664627,Mouse Moved,651.0,719.0,User23,,
1490128664688,Mouse Moved,651.0,720.0,User23,,
1490128664736,Mouse Moved,651.0,721.0,User23,,
1490128664845,Mouse Moved,651.0,720.0,User23,,
1490128664907,Mouse Moved,651.0,720.0,User23,,
1490128668510,Mouse Moved,651.0,719.0,User23,,
1490128668526,Mouse Moved,651.0,713.0,User23,,
1490128668542,Mouse Moved,651.0,708.0,User23,,
1490128668558,Mouse Moved,651.0,701.0,User23,,
1490128668573,Mouse Moved,651.0,700.0,User23,,
1490128668588,Mouse Moved,651.0,698.0,User23,,
1490128668605,Mouse Moved,651.0,697.0,User23,,
1490128668730,Mouse Moved,651.0,696.0,User23,,
1490128668744,Mouse Moved,651.0,695.0,User23,,
1490128668885,Mouse Moved,646.0,681.0,User23,,
1490128669026,Mouse Moved,648.0,676.0,User23,,
1490128669042,Mouse Moved,648.0,667.0,User23,,
1490128669151,Mouse Moved,646.0,660.0,User23,,
1490128669167,Mouse Moved,642.0,652.0,User23,,
1490128669213,Mouse Moved,642.0,652.0,User23,,
1490128669229,Mouse Button.left Released,642.0,652.0,User23,,
1490128670118,Mouse Moved,633.0,644.0,User23,,
1490128670134,Mouse Moved,521.0,510.0,User23,,
1490128670148,Mouse Moved,503.0,475.0,User23,,
1490128670196,Mouse Moved,500.0,469.0,User23,,
1490128670336,Mouse Moved,494.0,452.0,User23,,
1490128670555,Mouse Moved,491.0,449.0,User23,,
1490128670571,Mouse Moved,487.0,447.0,User23,,
1490128670585,Mouse Moved,468.0,429.0,User23,,
1490128670601,Mouse Moved,444.0,395.0,User23,,
1490128670617,Mouse Moved,431.0,376.0,User23,,
1490128670632,Mouse Moved,428.0,372.0,User23,,
1490128670648,Mouse Moved,425.0,366.0,User23,,
1490128670664,Mouse Moved,424.0,365.0,User23,,
1490128670680,Mouse Moved,420.0,357.0,User23,,
1490128670694,Mouse Moved,418.0,354.0,User23,,
1490128670710,Mouse Moved,417.0,351.0,User23,,
1490128670726,Mouse Moved,415.0,349.0,User23,,
1490128670757,Mouse Moved,415.0,348.0,User23,,
1490128670773,Mouse Moved,414.0,346.0,User23,,
1490128670789,Mouse Moved,414.0,345.0,User23,,
1490128671006,Mouse Moved,416.0,344.0,User23,,
1490128671023,Mouse Moved,427.0,336.0,User23,,
1490128671039,Mouse Moved,442.0,329.0,User23,,
1490128671053,Mouse Moved,474.0,316.0,User23,,
1490128671069,Mouse Moved,482.0,315.0,User23,,
1490128671085,Mouse Moved,508.0,306.0,User23,,
1490128671101,Mouse Moved,516.0,304.0,User23,,
1490128671117,Mouse Moved,525.0,304.0,User23,,
1490128671131,Mouse Moved,534.0,304.0,User23,,
1490128671148,Mouse Moved,537.0,304.0,User23,,
1490128671351,Mouse Moved,539.0,304.0,User23,,
1490128671365,Mouse Moved,548.0,297.0,User23,,
1490128671381,Mouse Moved,571.0,283.0,User23,,
1490128671397,Mouse Moved,580.0,281.0,User23,,
1490128671413,Mouse Moved,583.0,279.0,User23,,
1490128671428,Mouse Moved,592.0,276.0,User23,,
1490128671444,Mouse Moved,596.0,273.0,User23,,
1490128671460,Mouse Moved,603.0,273.0,User23,,
1490128671474,Mouse Moved,606.0,271.0,User23,,
1490128671490,Mouse Moved,607.0,270.0,User23,,
1490128671506,Mouse Moved,611.0,268.0,User23,,
1490128671522,Mouse Moved,612.0,268.0,User23,,
1490128671538,Mouse Moved,613.0,268.0,User23,,
1490128671585,Mouse Moved,614.0,268.0,User23,,
1490128671615,Mouse Moved,615.0,266.0,User23,,
1490128671631,Mouse Moved,615.0,263.0,User23,,
1490128671647,Mouse Moved,615.0,260.0,User23,,
1490128671663,Mouse Moved,614.0,259.0,User23,,
1490128671694,Mouse Moved,613.0,256.0,User23,,
1490128671709,Mouse Moved,612.0,255.0,User23,,
1490128671724,Mouse Moved,612.0,254.0,User23,,
1490128671756,Mouse Moved,611.0,253.0,User23,,
1490128671786,Mouse Moved,610.0,252.0,User23,,
1490128671802,Mouse Moved,609.0,251.0,User23,,
1490128671819,Mouse Moved,608.0,250.0,User23,,
1490128671849,Mouse Moved,608.0,248.0,User23,,
1490128671865,Mouse Moved,607.0,248.0,User23,,
1490128671881,Mouse Moved,607.0,246.0,User23,,
1490128671897,Mouse Moved,607.0,245.0,User23,,
1490128671911,Mouse Moved,606.0,244.0,User23,,
1490128671927,Mouse Moved,606.0,242.0,User23,,
1490128671943,Mouse Moved,605.0,242.0,User23,,
1490128671959,Mouse Moved,605.0,240.0,User23,,
1490128671974,Mouse Moved,605.0,239.0,User23,,
1490128671990,Mouse Moved,604.0,239.0,User23,,
1490128672006,Mouse Moved,604.0,238.0,User23,,
1490128672020,Mouse Moved,604.0,238.0,User23,,
1490128672145,Mouse Moved,604.0,238.0,User23,,
1490128672691,Mouse Moved,603.0,242.0,User23,,
1490128672707,Mouse Moved,603.0,245.0,User23,,
1490128672723,Mouse Moved,604.0,261.0,User23,,
1490128672755,Mouse Moved,605.0,267.0,User23,,
1490128672769,Mouse Moved,608.0,275.0,User23,,
1490128672786,Mouse Moved,615.0,303.0,User23,,
1490128672801,Mouse Moved,620.0,320.0,User23,,
1490128672816,Mouse Moved,626.0,336.0,User23,,
1490128672832,Mouse Moved,627.0,342.0,User23,,
1490128672848,Mouse Moved,629.0,350.0,User23,,
1490128672864,Mouse Moved,630.0,354.0,User23,,
1490128672878,Mouse Moved,632.0,363.0,User23,,
1490128672894,Mouse Moved,632.0,365.0,User23,,
1490128672926,Mouse Moved,633.0,370.0,User23,,
1490128672989,Mouse Moved,632.0,371.0,User23,,
1490128673082,Mouse Moved,632.0,371.0,User23,,
1490128673098,Mouse Button.left Released,632.0,371.0,User23,,
1490128673519,Mouse Moved,627.0,372.0,User23,,
1490128673535,Mouse Moved,594.0,364.0,User23,,
1490128673549,Mouse Moved,525.0,368.0,User23,,
1490128673565,Mouse Moved,503.0,361.0,User23,,
1490128673581,Mouse Moved,490.0,358.0,User23,,
1490128673596,Mouse Moved,460.0,350.0,User23,,
1490128673612,Mouse Moved,453.0,348.0,User23,,
1490128673628,Mouse Moved,444.0,344.0,User23,,
1490128673644,Mouse Moved,441.0,344.0,User23,,
1490128673658,Mouse Moved,439.0,344.0,User23,,
1490128673674,Mouse Moved,438.0,344.0,User23,,
1490128673861,Mouse Moved,436.0,344.0,User23,,
1490128673878,Mouse Moved,433.0,344.0,User23,,
1490128673892,Mouse Moved,412.0,348.0,User23,,
1490128673908,Mouse Moved,394.0,349.0,User23,,
1490128673924,Mouse Moved,364.0,350.0,User23,,
1490128673940,Mouse Moved,338.0,350.0,User23,,
1490128673956,Mouse Moved,327.0,348.0,User23,,
1490128673970,Mouse Moved,318.0,350.0,User23,,
1490128673986,Mouse Moved,301.0,351.0,User23,,
1490128674003,Mouse Moved,296.0,351.0,User23,,
1490128674017,Mouse Moved,295.0,351.0,User23,,
1490128674033,Mouse Moved,293.0,351.0,User23,,
1490128674049,Mouse Moved,292.0,351.0,User23,,
1490128674329,Mouse Moved,287.0,352.0,User23,,
1490128674345,Mouse Moved,272.0,352.0,User23,,
1490128674361,Mouse Moved,269.0,352.0,User23,,
1490128674377,Mouse Moved,267.0,351.0,User23,,
1490128674392,Mouse Moved,266.0,350.0,User23,,
1490128674407,Mouse Moved,264.0,349.0,User23,,
1490128674438,Mouse Moved,263.0,349.0,User23,,
1490128674454,Mouse Moved,261.0,348.0,User23,,
1490128674486,Mouse Moved,259.0,347.0,User23,,
1490128674516,Mouse Moved,258.0,346.0,User23,,
1490128674750,Mouse Moved,257.0,346.0,User23,,
1490128674766,Mouse Moved,257.0,345.0,User23,,
1490128674782,Mouse Moved,256.0,345.0,User23,,
1490128674798,Mouse Moved,249.0,339.0,User23,,
1490128674813,Mouse Moved,245.0,337.0,User23,,
1490128674828,Mouse Moved,239.0,329.0,User23,,
1490128674845,Mouse Moved,235.0,326.0,User23,,
1490128674861,Mouse Moved,234.0,324.0,User23,,
1490128674875,Mouse Moved,231.0,322.0,User23,,
1490128674891,Mouse Moved,231.0,322.0,User23,,
1490128674907,Mouse Moved,230.0,320.0,User23,,
1490128675032,Mouse Moved,230.0,321.0,User23,,
1490128675234,Mouse Moved,232.0,320.0,User23,,
1490128675250,Mouse Moved,250.0,318.0,User23,,
1490128675266,Mouse Moved,361.0,298.0,User23,,
1490128675282,Mouse Moved,538.0,276.0,User23,,
1490128675296,Mouse Moved,571.0,274.0,User23,,
1490128675312,Mouse Moved,593.0,274.0,User23,,
1490128675328,Mouse Moved,625.0,277.0,User23,,
1490128675359,Mouse Moved,631.0,278.0,User23,,
1490128675375,Mouse Moved,633.0,278.0,User23,,
1490128675562,Mouse Moved,634.0,278.0,User23,,
1490128675578,Mouse Moved,638.0,275.0,User23,,
1490128675594,Mouse Moved,643.0,272.0,User23,,
1490128675608,Mouse Moved,644.0,270.0,User23,,
1490128675641,Mouse Moved,646.0,269.0,User23,,
1490128675655,Mouse Moved,646.0,267.0,User23,,
1490128675671,Mouse Moved,646.0,266.0,User23,,
1490128675687,Mouse Moved,644.0,263.0,User23,,
1490128675719,Mouse Moved,642.0,259.0,User23,,
1490128675733,Mouse Moved,637.0,253.0,User23,,
1490128675750,Mouse Moved,636.0,252.0,User23,,
1490128675765,Mouse Moved,635.0,251.0,User23,,
1490128675780,Mouse Moved,634.0,250.0,User23,,
1490128675796,Mouse Moved,633.0,248.0,User23,,
1490128675812,Mouse Moved,632.0,247.0,User23,,
1490128675828,Mouse Moved,631.0,246.0,User23,,
1490128675842,Mouse Moved,631.0,245.0,User23,,
1490128675858,Mouse Moved,631.0,244.0,User23,,
1490128675875,Mouse Moved,630.0,244.0,User23,,
1490128675890,Mouse Moved,629.0,241.0,User23,,
1490128675905,Mouse Moved,628.0,240.0,User23,,
1490128675921,Mouse Moved,628.0,239.0,User23,,
1490128675937,Mouse Moved,628.0,238.0,User23,,
1490128675953,Mouse Moved,627.0,238.0,User23,,
1490128676062,Mouse Moved,628.0,238.0,User23,,
1490128676076,Mouse Button.left Released,628.0,238.0,User23,,
1490128676436,Mouse Moved,627.0,239.0,User23,,
1490128676451,Mouse Moved,627.0,240.0,User23,,
1490128676499,Mouse Moved,628.0,240.0,User23,,
1490128676513,Mouse Moved,629.0,240.0,User23,,
1490128676529,Mouse Moved,632.0,239.0,User23,,
1490128676545,Mouse Moved,634.0,238.0,User23,,
1490128676561,Mouse Moved,637.0,236.0,User23,,
1490128676576,Mouse Moved,640.0,235.0,User23,,
1490128676592,Mouse Moved,643.0,232.0,User23,,
1490128676608,Mouse Moved,645.0,231.0,User23,,
1490128676622,Mouse Moved,647.0,230.0,User23,,
1490128676638,Mouse Moved,648.0,230.0,User23,,
1490128676670,Mouse Moved,650.0,228.0,User23,,
1490128676779,Mouse Moved,650.0,227.0,User23,,
1490128676795,Mouse Moved,650.0,222.0,User23,,
1490128676811,Mouse Moved,650.0,220.0,User23,,
1490128676825,Mouse Moved,650.0,216.0,User23,,
1490128676842,Mouse Moved,649.0,215.0,User23,,
1490128676888,Mouse Moved,649.0,214.0,User23,,
1490128677138,Mouse Moved,652.0,214.0,User23,,
1490128677154,Mouse Moved,662.0,214.0,User23,,
1490128677168,Mouse Moved,709.0,204.0,User23,,
1490128677184,Mouse Moved,761.0,188.0,User23,,
1490128677200,Mouse Moved,874.0,171.0,User23,,
1490128677216,Mouse Moved,903.0,168.0,User23,,
1490128677232,Mouse Moved,950.0,171.0,User23,,
1490128677246,Mouse Moved,959.0,176.0,User23,,
1490128677263,Mouse Moved,966.0,177.0,User23,,
1490128677279,Mouse Moved,969.0,180.0,User23,,
1490128677293,Mouse Moved,970.0,181.0,User23,,
1490128677309,Mouse Moved,974.0,191.0,User23,,
1490128677325,Mouse Moved,974.0,192.0,User23,,
1490128677575,Mouse Moved,973.0,193.0,User23,,
1490128677591,Mouse Moved,956.0,196.0,User23,,
1490128677605,Mouse Moved,786.0,205.0,User23,,
1490128677621,Mouse Moved,662.0,205.0,User23,,
1490128677637,Mouse Moved,616.0,205.0,User23,,
1490128677653,Mouse Moved,574.0,202.0,User23,,
1490128677668,Mouse Moved,526.0,197.0,User23,,
1490128677684,Mouse Moved,513.0,196.0,User23,,
1490128677700,Mouse Moved,510.0,195.0,User23,,
1490128677714,Mouse Moved,509.0,195.0,User23,,
1490128677887,Mouse Moved,507.0,198.0,User23,,
1490128677903,Mouse Moved,495.0,207.0,User23,,
1490128677917,Mouse Moved,428.0,261.0,User23,,
1490128677934,Mouse Moved,384.0,278.0,User23,,
1490128677948,Mouse Moved,202.0,299.0,User23,,
1490128677964,Mouse Moved,155.0,293.0,User23,,
1490128677980,Mouse Moved,131.0,288.0,User23,,
1490128678012,Mouse Moved,40.0,240.0,User23,,
1490128678026,Mouse Moved,27.0,231.0,User23,,
1490128678042,Mouse Moved,26.0,231.0,User23,,
1490128678230,Mouse Moved,29.0,231.0,User23,,
1490128678246,Mouse Moved,47.0,222.0,User23,,
1490128678260,Mouse Moved,58.0,216.0,User23,,
1490128678276,Mouse Moved,87.0,209.0,User23,,
1490128678292,Mouse Moved,93.0,208.0,User23,,
1490128678308,Mouse Moved,100.0,207.0,User23,,
1490128678323,Mouse Moved,106.0,207.0,User23,,
1490128678338,Mouse Moved,107.0,207.0,User23,,
1490128678355,Mouse Moved,108.0,207.0,User23,,
1490128678558,Mouse Moved,110.0,207.0,User23,,
1490128678683,Mouse Moved,116.0,204.0,User23,,
1490128678697,Mouse Moved,171.0,181.0,User23,,
1490128678713,Mouse Moved,231.0,178.0,User23,,
1490128678729,Mouse Moved,239.0,182.0,User23,,
1490128678744,Mouse Moved,240.0,183.0,User23,,
1490128678760,Mouse Moved,241.0,183.0,User23,,
1490128678884,Mouse Moved,241.0,184.0,User23,,
1490128678901,Mouse Moved,241.0,185.0,User23,,
1490128679009,Mouse Moved,239.0,185.0,User23,,
1490128679026,Mouse Moved,229.0,188.0,User23,,
1490128679040,Mouse Moved,212.0,186.0,User23,,
1490128679151,Mouse Moved,209.0,182.0,User23,,
1490128679165,Mouse Moved,208.0,177.0,User23,,
1490128679290,Mouse Moved,206.0,176.0,User23,,
1490128679338,Mouse Moved,206.0,176.0,User23,,
1490128680101,Mouse Moved,204.0,179.0,User23,,
1490128680118,Mouse Moved,219.0,205.0,User23,,
1490128680243,Mouse Moved,223.0,211.0,User23,,
1490128680257,Mouse Moved,230.0,220.0,User23,,
1490128680273,Mouse Moved,258.0,262.0,User23,,
1490128680305,Mouse Moved,259.0,262.0,User23,,
1490128680321,Mouse Moved,259.0,263.0,User23,,
1490128680414,Mouse Moved,259.0,262.0,User23,,
1490128680430,Mouse Moved,257.0,258.0,User23,,
1490128680444,Mouse Moved,256.0,255.0,User23,,
1490128680460,Mouse Moved,255.0,254.0,User23,,
1490128680476,Mouse Moved,253.0,250.0,User23,,
1490128680492,Mouse Moved,253.0,249.0,User23,,
1490128680507,Mouse Moved,252.0,248.0,User23,,
1490128680523,Mouse Moved,252.0,247.0,User23,,
1490128680555,Mouse Moved,251.0,246.0,User23,,
1490128680585,Mouse Moved,251.0,245.0,User23,,
1490128680617,Mouse Moved,250.0,245.0,User23,,
1490128680632,Mouse Moved,250.0,244.0,User23,,
1490128680664,Mouse Moved,249.0,243.0,User23,,
1490128680819,Mouse Moved,250.0,243.0,User23,,
1490128680913,Mouse Moved,250.0,243.0,User23,,
1490128680928,Mouse Button.left Released,250.0,243.0,User23,,
1490128681647,Mouse Moved,249.0,243.0,User23,,
1490128681661,Mouse Moved,250.0,245.0,User23,,
1490128681693,Mouse Moved,251.0,245.0,User23,,
1490128681724,Mouse Moved,255.0,247.0,User23,,
1490128681740,Mouse Moved,260.0,249.0,User23,,
1490128681756,Mouse Moved,263.0,249.0,User23,,
1490128681770,Mouse Moved,265.0,250.0,User23,,
1490128681786,Mouse Moved,268.0,252.0,User23,,
1490128681802,Mouse Moved,268.0,253.0,User23,,
1490128681818,Mouse Moved,269.0,253.0,User23,,
1490128681834,Mouse Moved,271.0,256.0,User23,,
1490128681848,Mouse Moved,272.0,257.0,User23,,
1490128681865,Mouse Moved,273.0,258.0,User23,,
1490128681881,Mouse Moved,273.0,263.0,User23,,
1490128682614,Mouse Moved,276.0,263.0,User23,,
1490128682628,Mouse Moved,277.0,263.0,User23,,
1490128682644,Mouse Moved,285.0,267.0,User23,,
1490128682661,Mouse Moved,294.0,270.0,User23,,
1490128682691,Mouse Moved,298.0,272.0,User23,,
1490128682707,Mouse Moved,298.0,275.0,User23,,
1490128682723,Mouse Moved,298.0,276.0,User23,,
1490128682739,Mouse Moved,293.0,279.0,User23,,
1490128682753,Mouse Moved,289.0,283.0,User23,,
1490128682769,Mouse Moved,288.0,284.0,User23,,
1490128682785,Mouse Moved,284.0,287.0,User23,,
1490128682816,Mouse Moved,281.0,287.0,User23,,
1490128682832,Mouse Moved,281.0,288.0,User23,,
1490128682848,Mouse Moved,280.0,288.0,User23,,
1490128682878,Mouse Moved,279.0,288.0,User23,,
1490128682910,Mouse Moved,278.0,288.0,User23,,
1490128682926,Mouse Moved,277.0,288.0,User23,,
1490128682957,Mouse Moved,276.0,288.0,User23,,
1490128682987,Mouse Moved,274.0,288.0,User23,,
1490128683019,Mouse Moved,273.0,288.0,User23,,
1490128683035,Mouse Moved,273.0,289.0,User23,,
1490128683051,Mouse Moved,272.0,290.0,User23,,
1490128683096,Mouse Moved,270.0,293.0,User23,,
1490128683112,Mouse Moved,270.0,297.0,User23,,
1490128683128,Mouse Moved,270.0,301.0,User23,,
1490128683160,Mouse Moved,270.0,302.0,User23,,
1490128683174,Mouse Moved,272.0,309.0,User23,,
1490128683190,Mouse Moved,273.0,312.0,User23,,
1490128683207,Mouse Moved,273.0,315.0,User23,,
1490128683221,Mouse Moved,275.0,316.0,User23,,
1490128683253,Mouse Moved,275.0,318.0,User23,,
1490128683269,Mouse Moved,275.0,319.0,User23,,
1490128683346,Mouse Moved,274.0,319.0,User23,,
1490128683408,Mouse Moved,274.0,319.0,User23,,
1490128683658,Mouse Moved,275.0,320.0,User23,,
1490128683674,Mouse Moved,274.0,320.0,User23,,
1490128683690,Mouse Moved,273.0,318.0,User23,,
1490128683706,Mouse Moved,273.0,316.0,User23,,
1490128683720,Mouse Moved,273.0,314.0,User23,,
1490128683736,Mouse Moved,272.0,311.0,User23,,
1490128683753,Mouse Moved,271.0,309.0,User23,,
1490128683767,Mouse Moved,270.0,304.0,User23,,
1490128683799,Mouse Moved,269.0,303.0,User23,,
1490128683815,Mouse Moved,269.0,302.0,User23,,
1490128683831,Mouse Moved,268.0,302.0,User23,,
1490128683845,Mouse Moved,267.0,300.0,User23,,
1490128684049,Mouse Moved,267.0,300.0,User23,,
1490128684111,Mouse Moved,267.0,300.0,User23,,
1490128684486,Mouse Moved,268.0,300.0,User23,,
1490128684500,Mouse Moved,272.0,300.0,User23,,
1490128684516,Mouse Moved,281.0,300.0,User23,,
1490128684532,Mouse Moved,305.0,300.0,User23,,
1490128684548,Mouse Moved,331.0,303.0,User23,,
1490128684563,Mouse Moved,373.0,309.0,User23,,
1490128684578,Mouse Moved,424.0,338.0,User23,,
1490128684595,Mouse Moved,437.0,342.0,User23,,
1490128684611,Mouse Moved,454.0,352.0,User23,,
1490128684625,Mouse Moved,465.0,371.0,User23,,
1490128684641,Mouse Moved,470.0,376.0,User23,,
1490128684657,Mouse Moved,471.0,377.0,User23,,
1490128684859,Mouse Moved,472.0,377.0,User23,,
1490128684875,Mouse Moved,474.0,376.0,User23,,
1490128684891,Mouse Moved,480.0,376.0,User23,,
1490128684907,Mouse Moved,496.0,376.0,User23,,
1490128684923,Mouse Moved,516.0,383.0,User23,,
1490128684937,Mouse Moved,539.0,393.0,User23,,
1490128684953,Mouse Moved,550.0,401.0,User23,,
1490128684969,Mouse Moved,568.0,417.0,User23,,
1490128684984,Mouse Moved,572.0,425.0,User23,,
1490128685000,Mouse Moved,584.0,443.0,User23,,
1490128685016,Mouse Moved,589.0,451.0,User23,,
1490128685032,Mouse Moved,593.0,461.0,User23,,
1490128685266,Mouse Moved,594.0,465.0,User23,,
1490128685280,Mouse Moved,595.0,465.0,User23,,
1490128685296,Mouse Moved,603.0,470.0,User23,,
1490128685312,Mouse Moved,624.0,483.0,User23,,
1490128685328,Mouse Moved,642.0,499.0,User23,,
1490128685344,Mouse Moved,665.0,515.0,User23,,
1490128685358,Mouse Moved,675.0,523.0,User23,,
1490128685375,Mouse Moved,690.0,538.0,User23,,
1490128685391,Mouse Moved,694.0,544.0,User23,,
1490128685405,Mouse Moved,697.0,547.0,User23,,
1490128685578,Mouse Moved,699.0,547.0,User23,,
1490128685592,Mouse Moved,702.0,547.0,User23,,
1490128685608,Mouse Moved,711.0,554.0,User23,,
1490128685625,Mouse Moved,717.0,556.0,User23,,
1490128685640,Mouse Moved,726.0,562.0,User23,,
1490128685655,Mouse Moved,730.0,563.0,User23,,
1490128685671,Mouse Moved,744.0,569.0,User23,,
1490128685687,Mouse Moved,750.0,571.0,User23,,
1490128685703,Mouse Moved,760.0,576.0,User23,,
1490128685717,Mouse Moved,766.0,576.0,User23,,
1490128685733,Mouse Moved,768.0,577.0,User23,,
1490128685765,Mouse Moved,771.0,578.0,User23,,
1490128685780,Mouse Moved,773.0,580.0,User23,,
1490128685796,Mouse Moved,776.0,582.0,User23,,
1490128685812,Mouse Moved,778.0,584.0,User23,,
1490128685826,Mouse Moved,780.0,586.0,User23,,
1490128685858,Mouse Moved,782.0,589.0,User23,,
1490128685874,Mouse Moved,786.0,594.0,User23,,
1490128685890,Mouse Moved,786.0,596.0,User23,,
1490128685904,Mouse Moved,787.0,598.0,User23,,
1490128685921,Mouse Moved,787.0,599.0,User23,,
1490128685951,Mouse Moved,788.0,600.0,User23,,
1490128686029,Mouse Moved,787.0,601.0,User23,,
1490128686124,Mouse Moved,787.0,601.0,User23,,
1490128687809,Mouse Moved,788.0,600.0,User23,,
1490128687823,Mouse Moved,790.0,598.0,User23,,
1490128687839,Mouse Moved,847.0,535.0,User23,,
1490128687855,Mouse Moved,893.0,482.0,User23,,
1490128687871,Mouse Moved,1011.0,355.0,User23,,
1490128687887,Mouse Moved,1044.0,331.0,User23,,
1490128687901,Mouse Moved,1126.0,279.0,User23,,
1490128687917,Mouse Moved,1154.0,261.0,User23,,
1490128687933,Mouse Moved,1162.0,257.0,User23,,
1490128687948,Mouse Moved,1168.0,251.0,User23,,
1490128687964,Mouse Moved,1173.0,248.0,User23,,
1490128688151,Mouse Moved,1175.0,248.0,User23,,
1490128688167,Mouse Moved,1181.0,247.0,User23,,
1490128688183,Mouse Moved,1209.0,231.0,User23,,
1490128688198,Mouse Moved,1231.0,223.0,User23,,
1490128688230,Mouse Moved,1236.0,220.0,User23,,
1490128688244,Mouse Moved,1255.0,209.0,User23,,
1490128688260,Mouse Moved,1257.0,208.0,User23,,
1490128688276,Mouse Moved,1263.0,203.0,User23,,
1490128688292,Mouse Moved,1265.0,201.0,User23,,
1490128688308,Mouse Moved,1268.0,198.0,User23,,
1490128688322,Mouse Moved,1269.0,198.0,User23,,
1490128688338,Mouse Moved,1269.0,197.0,User23,,
1490128688369,Mouse Moved,1270.0,196.0,User23,,
1490128688385,Mouse Moved,1270.0,193.0,User23,,
1490128688401,Mouse Moved,1270.0,192.0,User23,,
1490128688417,Mouse Moved,1272.0,186.0,User23,,
1490128688433,Mouse Moved,1273.0,184.0,User23,,
1490128688447,Mouse Moved,1275.0,180.0,User23,,
1490128688463,Mouse Moved,1278.0,176.0,User23,,
1490128688479,Mouse Moved,1281.0,171.0,User23,,
1490128688494,Mouse Moved,1286.0,167.0,User23,,
1490128688510,Mouse Moved,1288.0,165.0,User23,,
1490128688526,Mouse Moved,1289.0,164.0,User23,,
1490128688542,Mouse Moved,1291.0,164.0,User23,,
1490128688556,Mouse Moved,1291.0,162.0,User23,,
1490128688681,Mouse Moved,1292.0,162.0,User23,,
1490128688697,Mouse Moved,1292.0,155.0,User23,,
1490128688713,Mouse Moved,1290.0,151.0,User23,,
1490128688806,Mouse Moved,1290.0,150.0,User23,,
1490128688822,Mouse Moved,1290.0,149.0,User23,,
1490128688838,Mouse Moved,1290.0,147.0,User23,,
1490128689009,Mouse Moved,1289.0,146.0,User23,,
1490128689134,Mouse Moved,1287.0,145.0,User23,,
1490128689150,Mouse Moved,1184.0,160.0,User23,,
1490128689165,Mouse Moved,1011.0,148.0,User23,,
1490128689180,Mouse Moved,836.0,126.0,User23,,
1490128689197,Mouse Moved,783.0,130.0,User23,,
1490128689322,Mouse Moved,689.0,128.0,User23,,
1490128689336,Mouse Moved,631.0,165.0,User23,,
1490128689477,Mouse Moved,632.0,161.0,User23,,
1490128689493,Mouse Moved,625.0,163.0,User23,,
1490128689509,Mouse Moved,492.0,191.0,User23,,
1490128689634,Mouse Moved,424.0,195.0,User23,,
1490128689648,Mouse Moved,157.0,179.0,User23,,
1490128689664,Mouse Moved,154.0,162.0,User23,,
1490128689930,Mouse Moved,154.0,161.0,User23,,
1490128689946,Mouse Moved,150.0,159.0,User23,,
1490128689960,Mouse Button.left Pressed,104.0,132.0,User23,,
1490128690085,Mouse Moved,104.0,129.0,User23,,
1490128690101,Mouse Button.left Released,104.0,129.0,User23,,
1490128690117,Mouse Moved,104.0,129.0,User23,,
1490128690242,Mouse Moved,104.0,129.0,User23,,
1490128691163,Mouse Moved,104.0,129.0,User23,,
1490128691256,Mouse Moved,104.0,129.0,User23,,
1490128691334,Mouse Moved,104.0,129.0,User23,,
1490128691443,Mouse Moved,104.0,129.0,User23,,
1490128691459,Mouse Button.left Released,104.0,129.0,User23,,
1490128693206,Mouse Moved,105.0,131.0,User23,,
1490128693221,Mouse Moved,109.0,141.0,User23,,
1490128693236,Mouse Moved,132.0,176.0,User23,,
1490128693253,Mouse Moved,152.0,199.0,User23,,
1490128693269,Mouse Moved,195.0,246.0,User23,,
1490128693283,Mouse Moved,261.0,333.0,User23,,
1490128693299,Mouse Moved,291.0,367.0,User23,,
1490128693315,Mouse Moved,348.0,446.0,User23,,
1490128693331,Mouse Moved,361.0,463.0,User23,,
1490128693346,Mouse Moved,382.0,505.0,User23,,
1490128693361,Mouse Moved,389.0,524.0,User23,,
1490128693690,Mouse Moved,392.0,524.0,User23,,
1490128693704,Mouse Moved,429.0,510.0,User23,,
1490128693720,Mouse Moved,497.0,474.0,User23,,
1490128693736,Mouse Moved,538.0,461.0,User23,,
1490128693752,Mouse Moved,577.0,456.0,User23,,
1490128693767,Mouse Moved,625.0,452.0,User23,,
1490128693782,Mouse Moved,633.0,452.0,User23,,
1490128693799,Mouse Moved,638.0,451.0,User23,,
1490128693815,Mouse Moved,642.0,451.0,User23,,
1490128694063,Mouse Moved,642.0,450.0,User23,,
1490128694079,Mouse Moved,649.0,437.0,User23,,
1490128694095,Mouse Moved,653.0,413.0,User23,,
1490128694111,Mouse Moved,654.0,359.0,User23,,
1490128694127,Mouse Moved,638.0,287.0,User23,,
1490128694141,Mouse Moved,617.0,252.0,User23,,
1490128694157,Mouse Moved,606.0,240.0,User23,,
1490128694173,Mouse Moved,589.0,220.0,User23,,
1490128694188,Mouse Moved,562.0,198.0,User23,,
1490128694204,Mouse Moved,553.0,192.0,User23,,
1490128694220,Mouse Moved,543.0,185.0,User23,,
1490128694236,Mouse Moved,541.0,184.0,User23,,
1490128694578,Mouse Moved,538.0,181.0,User23,,
1490128694595,Mouse Moved,536.0,181.0,User23,,
1490128694641,Mouse Moved,537.0,181.0,User23,,
1490128694657,Mouse Moved,563.0,181.0,User23,,
1490128694673,Mouse Moved,621.0,188.0,User23,,
1490128694687,Mouse Moved,663.0,199.0,User23,,
1490128694703,Mouse Moved,676.0,202.0,User23,,
1490128694719,Mouse Moved,683.0,204.0,User23,,
1490128694734,Mouse Moved,689.0,204.0,User23,,
1490128694750,Mouse Moved,690.0,204.0,User23,,
1490128694969,Mouse Moved,689.0,204.0,User23,,
1490128694984,Mouse Moved,683.0,202.0,User23,,
1490128695000,Mouse Moved,654.0,191.0,User23,,
1490128695016,Mouse Moved,642.0,187.0,User23,,
1490128695030,Mouse Moved,609.0,176.0,User23,,
1490128695046,Mouse Moved,592.0,175.0,User23,,
1490128695062,Mouse Moved,563.0,181.0,User23,,
1490128695078,Mouse Moved,553.0,181.0,User23,,
1490128695094,Mouse Moved,541.0,184.0,User23,,
1490128695108,Mouse Moved,538.0,185.0,User23,,
1490128695125,Mouse Moved,531.0,186.0,User23,,
1490128695155,Mouse Moved,525.0,186.0,User23,,
1490128695171,Mouse Moved,524.0,187.0,User23,,
1490128695405,Mouse Moved,523.0,187.0,User23,,
1490128695437,Mouse Moved,522.0,186.0,User23,,
1490128695453,Mouse Moved,522.0,185.0,User23,,
1490128695483,Mouse Moved,522.0,183.0,User23,,
1490128695499,Mouse Moved,522.0,182.0,User23,,
1490128695515,Mouse Moved,522.0,181.0,User23,,
1490128695530,Mouse Moved,524.0,180.0,User23,,
1490128695546,Mouse Moved,525.0,179.0,User23,,
1490128695562,Mouse Moved,532.0,178.0,User23,,
1490128695592,Mouse Moved,534.0,176.0,User23,,
1490128695608,Mouse Moved,536.0,176.0,User23,,
1490128695640,Mouse Moved,537.0,176.0,User23,,
1490128695701,Mouse Moved,538.0,176.0,User23,,
1490128695717,Mouse Moved,538.0,177.0,User23,,
1490128695796,Mouse Moved,538.0,177.0,User23,,
1490128696013,Mouse Moved,535.0,175.0,User23,,
1490128696029,Mouse Moved,532.0,175.0,User23,,
1490128696045,Mouse Moved,527.0,175.0,User23,,
1490128696061,Mouse Moved,512.0,173.0,User23,,
1490128696076,Mouse Moved,506.0,173.0,User23,,
1490128696092,Mouse Moved,496.0,170.0,User23,,
1490128696108,Mouse Moved,487.0,169.0,User23,,
1490128696122,Mouse Moved,481.0,167.0,User23,,
1490128696138,Mouse Moved,477.0,166.0,User23,,
1490128696154,Mouse Moved,473.0,166.0,User23,,
1490128696170,Mouse Moved,470.0,166.0,User23,,
1490128696186,Mouse Moved,458.0,161.0,User23,,
1490128696200,Mouse Moved,453.0,158.0,User23,,
1490128696217,Mouse Moved,450.0,157.0,User23,,
1490128696233,Mouse Moved,450.0,160.0,User23,,
1490128696247,Mouse Moved,448.0,162.0,User23,,
1490128696263,Mouse Moved,447.0,162.0,User23,,
1490128696279,Mouse Moved,444.0,163.0,User23,,
1490128696311,Mouse Moved,429.0,167.0,User23,,
1490128696325,Mouse Moved,415.0,171.0,User23,,
1490128696342,Mouse Moved,409.0,172.0,User23,,
1490128696357,Mouse Moved,405.0,173.0,User23,,
1490128696372,Mouse Moved,403.0,174.0,User23,,
1490128696388,Mouse Moved,400.0,174.0,User23,,
1490128696420,Mouse Moved,398.0,174.0,User23,,
1490128696434,Mouse Moved,397.0,173.0,User23,,
1490128696450,Mouse Moved,395.0,170.0,User23,,
1490128696497,Mouse Moved,396.0,170.0,User23,,
1490128697013,Mouse Moved,395.0,171.0,User23,,
1490128697028,Mouse Moved,395.0,172.0,User23,,
1490128697043,Mouse Moved,396.0,173.0,User23,,
1490128697059,Mouse Moved,397.0,173.0,User23,,
1490128697075,Mouse Moved,406.0,173.0,User23,,
1490128697091,Mouse Moved,432.0,168.0,User23,,
1490128697105,Mouse Moved,633.0,168.0,User23,,
1490128697121,Mouse Moved,674.0,179.0,User23,,
1490128697137,Mouse Moved,695.0,185.0,User23,,
1490128697153,Mouse Moved,713.0,193.0,User23,,
1490128697168,Mouse Moved,750.0,217.0,User23,,
1490128697184,Mouse Moved,764.0,232.0,User23,,
1490128697200,Mouse Moved,771.0,242.0,User23,,
1490128697214,Mouse Moved,772.0,247.0,User23,,
1490128697480,Mouse Moved,773.0,248.0,User23,,
1490128697496,Mouse Moved,775.0,250.0,User23,,
1490128697512,Mouse Moved,797.0,257.0,User23,,
1490128697526,Mouse Moved,830.0,259.0,User23,,
1490128697559,Mouse Moved,873.0,259.0,User23,,
1490128697573,Mouse Moved,945.0,262.0,User23,,
1490128697589,Mouse Moved,967.0,268.0,User23,,
1490128697605,Mouse Moved,975.0,269.0,User23,,
1490128697621,Mouse Moved,988.0,277.0,User23,,
1490128697637,Mouse Moved,999.0,292.0,User23,,
1490128701816,Mouse Moved,995.0,292.0,User23,,
1490128701832,Mouse Moved,983.0,290.0,User23,,
1490128701848,Mouse Moved,920.0,264.0,User23,,
1490128701864,Mouse Moved,817.0,216.0,User23,,
1490128701880,Mouse Moved,774.0,191.0,User23,,
1490128701894,Mouse Moved,734.0,166.0,User23,,
1490128701911,Mouse Moved,675.0,127.0,User23,,
1490128701927,Mouse Moved,658.0,115.0,User23,,
1490128701941,Mouse Moved,635.0,96.0,User23,,
1490128701973,Mouse Moved,628.0,91.0,User23,,
1490128701989,Mouse Moved,620.0,87.0,User23,,
1490128702005,Mouse Moved,617.0,83.0,User23,,
1490128702019,Mouse Moved,617.0,77.0,User23,,
1490128702223,Mouse Moved,615.0,69.0,User23,,
1490128702239,Mouse Moved,600.0,81.0,User23,,
1490128702253,Mouse Moved,580.0,98.0,User23,,
1490128702269,Mouse Moved,536.0,132.0,User23,,
1490128702285,Mouse Moved,502.0,157.0,User23,,
1490128702301,Mouse Moved,493.0,160.0,User23,,
1490128702316,Mouse Moved,487.0,163.0,User23,,
1490128702332,Mouse Moved,479.0,168.0,User23,,
1490128702348,Mouse Moved,477.0,169.0,User23,,
1490128702362,Mouse Moved,473.0,170.0,User23,,
1490128702378,Mouse Moved,470.0,170.0,User23,,
1490128702612,Mouse Moved,470.0,171.0,User23,,
1490128702753,Mouse Moved,470.0,172.0,User23,,
1490128702956,Mouse Moved,472.0,172.0,User23,,
1490128702971,Mouse Moved,473.0,172.0,User23,,
1490128702986,Mouse Moved,475.0,172.0,User23,,
1490128703003,Mouse Moved,482.0,172.0,User23,,
1490128703019,Mouse Moved,486.0,172.0,User23,,
1490128703033,Mouse Moved,494.0,172.0,User23,,
1490128703049,Mouse Moved,499.0,172.0,User23,,
1490128703065,Mouse Moved,505.0,173.0,User23,,
1490128703081,Mouse Moved,508.0,173.0,User23,,
1490128703096,Mouse Moved,510.0,173.0,User23,,
1490128703111,Mouse Moved,511.0,173.0,User23,,
1490128703128,Mouse Moved,516.0,173.0,User23,,
1490128703142,Mouse Moved,517.0,173.0,User23,,
1490128703158,Mouse Moved,521.0,173.0,User23,,
1490128703174,Mouse Moved,523.0,173.0,User23,,
1490128703190,Mouse Moved,529.0,173.0,User23,,
1490128703206,Mouse Moved,532.0,173.0,User23,,
1490128703220,Mouse Moved,533.0,173.0,User23,,
1490128703236,Mouse Moved,535.0,173.0,User23,,
1490128703267,Mouse Moved,536.0,173.0,User23,,
1490128703377,Mouse Moved,535.0,173.0,User23,,
1490128703470,Mouse Moved,535.0,173.0,User23,,
1490128703736,Mouse Moved,538.0,173.0,User23,,
1490128703752,Mouse Moved,542.0,173.0,User23,,
1490128703766,Mouse Moved,568.0,173.0,User23,,
1490128703782,Mouse Moved,691.0,174.0,User23,,
1490128703799,Mouse Moved,729.0,174.0,User23,,
1490128703813,Mouse Moved,754.0,183.0,User23,,
1490128703829,Mouse Moved,788.0,195.0,User23,,
1490128703845,Mouse Moved,811.0,210.0,User23,,
1490128703861,Mouse Moved,823.0,222.0,User23,,
1490128703877,Mouse Moved,838.0,237.0,User23,,
1490128703891,Mouse Moved,841.0,241.0,User23,,
1490128704078,Mouse Moved,843.0,241.0,User23,,
1490128704095,Mouse Moved,860.0,237.0,User23,,
1490128704111,Mouse Moved,876.0,237.0,User23,,
1490128704125,Mouse Moved,918.0,236.0,User23,,
1490128704141,Mouse Moved,944.0,233.0,User23,,
1490128704157,Mouse Moved,960.0,235.0,User23,,
1490128704173,Mouse Moved,967.0,236.0,User23,,
1490128704188,Mouse Moved,986.0,238.0,User23,,
1490128704203,Mouse Moved,988.0,239.0,User23,,
1490128704220,Mouse Moved,997.0,242.0,User23,,
1490128704234,Mouse Moved,1000.0,243.0,User23,,
1490128704250,Mouse Moved,1006.0,243.0,User23,,
1490128704266,Mouse Moved,1009.0,243.0,User23,,
1490128704282,Mouse Moved,1011.0,243.0,User23,,
1490128704298,Mouse Moved,1015.0,242.0,User23,,
1490128704312,Mouse Moved,1018.0,242.0,User23,,
1490128704328,Mouse Moved,1021.0,241.0,User23,,
1490128704345,Mouse Moved,1022.0,241.0,User23,,
1490128704359,Mouse Moved,1025.0,240.0,User23,,
1490128704375,Mouse Moved,1026.0,239.0,User23,,
1490128704391,Mouse Moved,1027.0,239.0,User23,,
1490128704423,Mouse Moved,1028.0,239.0,User23,,
1490128704500,Mouse Moved,1025.0,241.0,User23,,
1490128704516,Mouse Moved,1022.0,243.0,User23,,
1490128704532,Mouse Moved,889.0,283.0,User23,,
1490128704546,Mouse Moved,854.0,283.0,User23,,
1490128704562,Mouse Moved,797.0,270.0,User23,,
1490128704578,Mouse Moved,764.0,258.0,User23,,
1490128704594,Mouse Moved,744.0,248.0,User23,,
1490128704609,Mouse Moved,715.0,233.0,User23,,
1490128704625,Mouse Moved,704.0,231.0,User23,,
1490128704641,Mouse Moved,689.0,224.0,User23,,
1490128704657,Mouse Moved,685.0,222.0,User23,,
1490128704671,Mouse Moved,679.0,217.0,User23,,
1490128704687,Mouse Moved,676.0,216.0,User23,,
1490128704703,Mouse Moved,675.0,215.0,User23,,
1490128704905,Mouse Moved,674.0,215.0,User23,,
1490128704921,Mouse Moved,670.0,215.0,User23,,
1490128704937,Mouse Moved,657.0,208.0,User23,,
1490128704953,Mouse Moved,604.0,187.0,User23,,
1490128704969,Mouse Moved,555.0,165.0,User23,,
1490128704983,Mouse Moved,530.0,156.0,User23,,
1490128705000,Mouse Moved,518.0,149.0,User23,,
1490128705015,Mouse Moved,515.0,147.0,User23,,
1490128705030,Mouse Moved,514.0,146.0,User23,,
1490128705062,Mouse Moved,511.0,146.0,User23,,
1490128705249,Mouse Moved,511.0,148.0,User23,,
1490128705265,Mouse Moved,511.0,153.0,User23,,
1490128705280,Mouse Moved,510.0,156.0,User23,,
1490128705312,Mouse Moved,508.0,159.0,User23,,
1490128705326,Mouse Moved,502.0,169.0,User23,,
1490128705342,Mouse Moved,500.0,170.0,User23,,
1490128705358,Mouse Moved,498.0,173.0,User23,,
1490128705374,Mouse Moved,497.0,174.0,User23,,
1490128705390,Mouse Moved,496.0,175.0,User23,,
1490128705404,Mouse Moved,496.0,176.0,User23,,
1490128705421,Mouse Moved,495.0,176.0,User23,,
1490128705437,Mouse Moved,495.0,177.0,User23,,
1490128705529,Mouse Moved,494.0,177.0,User23,,
1490128705576,Mouse Moved,492.0,177.0,User23,,
1490128705592,Mouse Moved,491.0,177.0,User23,,
1490128705608,Mouse Moved,490.0,176.0,User23,,
1490128705638,Mouse Moved,490.0,175.0,User23,,
1490128705671,Mouse Moved,489.0,175.0,User23,,
1490128706466,Mouse Moved,491.0,177.0,User23,,
1490128706482,Mouse Moved,497.0,178.0,User23,,
1490128706496,Mouse Moved,569.0,187.0,User23,,
1490128706513,Mouse Moved,621.0,203.0,User23,,
1490128706529,Mouse Moved,782.0,216.0,User23,,
1490128706543,Mouse Moved,843.0,226.0,User23,,
1490128706559,Mouse Moved,879.0,229.0,User23,,
1490128706575,Mouse Moved,980.0,247.0,User23,,
1490128706591,Mouse Moved,991.0,249.0,User23,,
1490128706607,Mouse Moved,1004.0,254.0,User23,,
1490128706621,Mouse Moved,1013.0,258.0,User23,,
1490128706825,Mouse Moved,1015.0,258.0,User23,,
1490128706841,Mouse Moved,1024.0,255.0,User23,,
1490128706855,Mouse Moved,1040.0,250.0,User23,,
1490128706871,Mouse Moved,1050.0,250.0,User23,,
1490128706887,Mouse Moved,1060.0,248.0,User23,,
1490128706903,Mouse Moved,1063.0,247.0,User23,,
1490128706934,Mouse Moved,1064.0,247.0,User23,,
1490128706980,Mouse Moved,1061.0,245.0,User23,,
1490128706996,Mouse Moved,1044.0,245.0,User23,,
1490128707012,Mouse Moved,1021.0,249.0,User23,,
1490128707028,Mouse Moved,954.0,253.0,User23,,
1490128707042,Mouse Moved,903.0,253.0,User23,,
1490128707075,Mouse Moved,882.0,250.0,User23,,
1490128707089,Mouse Moved,845.0,247.0,User23,,
1490128707105,Mouse Moved,842.0,247.0,User23,,
1490128707121,Mouse Moved,838.0,246.0,User23,,
1490128707137,Mouse Moved,837.0,246.0,User23,,
1490128707153,Mouse Moved,837.0,243.0,User23,,
1490128707167,Mouse Moved,843.0,230.0,User23,,
1490128707339,Mouse Moved,842.0,231.0,User23,,
1490128707355,Mouse Moved,817.0,245.0,User23,,
1490128707371,Mouse Moved,791.0,250.0,User23,,
1490128707387,Mouse Moved,711.0,260.0,User23,,
1490128707401,Mouse Moved,616.0,248.0,User23,,
1490128707417,Mouse Moved,580.0,236.0,User23,,
1490128707433,Mouse Moved,542.0,221.0,User23,,
1490128707448,Mouse Moved,496.0,207.0,User23,,
1490128707464,Mouse Moved,481.0,198.0,User23,,
1490128707480,Mouse Moved,476.0,196.0,User23,,
1490128707496,Mouse Moved,472.0,195.0,User23,,
1490128707510,Mouse Moved,471.0,194.0,User23,,
1490128707526,Mouse Moved,470.0,193.0,User23,,
1490128707808,Mouse Moved,469.0,190.0,User23,,
1490128707822,Mouse Moved,469.0,189.0,User23,,
1490128707838,Mouse Moved,468.0,187.0,User23,,
1490128707855,Mouse Moved,468.0,183.0,User23,,
1490128707869,Mouse Moved,467.0,181.0,User23,,
1490128707901,Mouse Moved,467.0,179.0,User23,,
1490128707947,Mouse Moved,467.0,178.0,User23,,
1490128707979,Mouse Moved,467.0,177.0,User23,,
1490128707994,Mouse Moved,466.0,177.0,User23,,
1490128708026,Mouse Moved,466.0,176.0,User23,,
1490128708088,Mouse Moved,466.0,175.0,User23,,
1490128708197,Mouse Moved,466.0,175.0,User23,,
1490128708961,Mouse Moved,468.0,175.0,User23,,
1490128708977,Mouse Moved,509.0,162.0,User23,,
1490128709086,Mouse Moved,523.0,161.0,User23,,
1490128709102,Mouse Moved,545.0,165.0,User23,,
1490128709118,Mouse Moved,555.0,170.0,User23,,
1490128709134,Mouse Moved,556.0,171.0,User23,,
1490128709148,Mouse Moved,558.0,171.0,User23,,
1490128709164,Mouse Moved,559.0,171.0,User23,,
1490128709289,Mouse Moved,561.0,172.0,User23,,
1490128709305,Mouse Moved,568.0,173.0,User23,,
1490128709414,Mouse Moved,577.0,177.0,User23,,
1490128709430,Mouse Moved,593.0,177.0,User23,,
1490128709446,Mouse Moved,595.0,177.0,User23,,
1490128709460,Mouse Moved,596.0,176.0,User23,,
1490128709585,Mouse Moved,597.0,176.0,User23,,
1490128709742,Mouse Moved,597.0,176.0,User23,,
1490128710428,Mouse Moved,596.0,176.0,User23,,
1490128710460,Mouse Moved,595.0,176.0,User23,,
1490128710474,Mouse Moved,594.0,176.0,User23,,
1490128710522,Mouse Moved,593.0,176.0,User23,,
1490128710538,Mouse Moved,592.0,176.0,User23,,
1490128710786,Mouse Moved,592.0,177.0,User23,,
1490128711286,Mouse Moved,593.0,177.0,User23,,
1490128711302,Mouse Moved,597.0,178.0,User23,,
1490128711318,Mouse Moved,607.0,180.0,User23,,
1490128711332,Mouse Moved,630.0,183.0,User23,,
1490128711348,Mouse Moved,645.0,187.0,User23,,
1490128711365,Mouse Moved,651.0,189.0,User23,,
1490128711380,Mouse Moved,655.0,192.0,User23,,
1490128711614,Mouse Moved,659.0,194.0,User23,,
1490128711630,Mouse Moved,679.0,195.0,User23,,
1490128711644,Mouse Moved,708.0,186.0,User23,,
1490128711661,Mouse Moved,789.0,181.0,User23,,
1490128711677,Mouse Moved,852.0,179.0,User23,,
1490128711691,Mouse Moved,875.0,182.0,User23,,
1490128711707,Mouse Moved,902.0,191.0,User23,,
1490128711723,Mouse Moved,909.0,193.0,User23,,
1490128711739,Mouse Moved,915.0,199.0,User23,,
1490128711755,Mouse Moved,916.0,201.0,User23,,
1490128711941,Mouse Moved,918.0,201.0,User23,,
1490128711957,Mouse Moved,919.0,201.0,User23,,
1490128711989,Mouse Moved,927.0,198.0,User23,,
1490128712003,Mouse Moved,933.0,197.0,User23,,
1490128712019,Mouse Moved,943.0,194.0,User23,,
1490128712035,Mouse Moved,946.0,194.0,User23,,
1490128712051,Mouse Moved,947.0,194.0,User23,,
1490128712066,Mouse Moved,948.0,194.0,User23,,
1490128712082,Mouse Moved,949.0,194.0,User23,,
1490128712128,Mouse Moved,950.0,194.0,User23,,
1490128712440,Mouse Moved,950.0,195.0,User23,,
1490128714921,Mouse Moved,950.0,194.0,User23,,
1490128714937,Mouse Button.left Pressed,950.0,194.0,User23,,
1490128715076,Mouse Moved,950.0,194.0,User23,,
1490128715747,Mouse Moved,948.0,197.0,User23,,
1490128715763,Mouse Moved,940.0,204.0,User23,,
1490128715779,Mouse Moved,856.0,301.0,User23,,
1490128715795,Mouse Moved,811.0,361.0,User23,,
1490128715811,Mouse Moved,725.0,454.0,User23,,
1490128715825,Mouse Moved,714.0,464.0,User23,,
1490128715857,Mouse Moved,695.0,485.0,User23,,
1490128715872,Mouse Moved,685.0,497.0,User23,,
1490128715888,Mouse Moved,683.0,498.0,User23,,
1490128716138,Mouse Moved,683.0,500.0,User23,,
1490128716154,Mouse Moved,678.0,506.0,User23,,
1490128716168,Mouse Moved,674.0,509.0,User23,,
1490128716184,Mouse Moved,649.0,525.0,User23,,
1490128716200,Mouse Moved,604.0,552.0,User23,,
1490128716216,Mouse Moved,567.0,564.0,User23,,
1490128716232,Mouse Moved,559.0,568.0,User23,,
1490128716246,Mouse Moved,551.0,568.0,User23,,
1490128716263,Mouse Moved,546.0,569.0,User23,,
1490128716293,Mouse Moved,544.0,569.0,User23,,
1490128716309,Mouse Moved,543.0,569.0,User23,,
1490128716325,Mouse Moved,542.0,569.0,User23,,
1490128716418,Mouse Moved,542.0,568.0,User23,,
1490128716434,Mouse Moved,542.0,567.0,User23,,
1490128716450,Mouse Moved,542.0,565.0,User23,,
1490128716466,Mouse Moved,542.0,559.0,User23,,
1490128716480,Mouse Moved,542.0,555.0,User23,,
1490128716496,Mouse Moved,542.0,551.0,User23,,
1490128716513,Mouse Moved,542.0,547.0,User23,,
1490128716528,Mouse Moved,542.0,545.0,User23,,
1490128716543,Mouse Moved,542.0,543.0,User23,,
1490128716559,Mouse Moved,542.0,542.0,User23,,
1490128716575,Mouse Moved,542.0,539.0,User23,,
1490128716591,Mouse Moved,542.0,538.0,User23,,
1490128716621,Mouse Moved,542.0,537.0,User23,,
1490128716809,Mouse Moved,542.0,538.0,User23,,
1490128716825,Mouse Moved,542.0,542.0,User23,,
1490128716839,Mouse Moved,542.0,548.0,User23,,
1490128716855,Mouse Moved,542.0,549.0,User23,,
1490128716871,Mouse Moved,542.0,551.0,User23,,
1490128716887,Mouse Moved,542.0,552.0,User23,,
1490128716903,Mouse Moved,542.0,553.0,User23,,
1490128716934,Mouse Moved,542.0,554.0,User23,,
1490128716948,Mouse Moved,542.0,553.0,User23,,
1490128717059,Mouse Moved,542.0,553.0,User23,,
1490128717385,Mouse Moved,541.0,552.0,User23,,
1490128717401,Mouse Moved,537.0,549.0,User23,,
1490128717417,Mouse Moved,536.0,548.0,User23,,
1490128717433,Mouse Moved,535.0,547.0,User23,,
1490128717448,Mouse Moved,534.0,546.0,User23,,
1490128717463,Mouse Moved,534.0,545.0,User23,,
1490128717480,Mouse Moved,533.0,545.0,User23,,
1490128717510,Mouse Moved,533.0,544.0,User23,,
1490128717588,Mouse Moved,534.0,545.0,User23,,
1490128717605,Mouse Moved,534.0,545.0,User23,,
1490128718259,Mouse Moved,534.0,546.0,User23,,
1490128718275,Mouse Moved,535.0,547.0,User23,,
1490128718290,Mouse Moved,536.0,550.0,User23,,
1490128718306,Mouse Moved,538.0,553.0,User23,,
1490128718322,Mouse Moved,540.0,557.0,User23,,
1490128718338,Mouse Moved,542.0,559.0,User23,,
1490128718352,Mouse Moved,542.0,562.0,User23,,
1490128718368,Mouse Moved,547.0,567.0,User23,,
1490128718384,Mouse Moved,549.0,571.0,User23,,
1490128718400,Mouse Moved,555.0,580.0,User23,,
1490128718415,Mouse Moved,558.0,585.0,User23,,
1490128718430,Mouse Moved,565.0,596.0,User23,,
1490128718447,Mouse Moved,571.0,603.0,User23,,
1490128718463,Mouse Moved,573.0,608.0,User23,,
1490128718477,Mouse Moved,576.0,611.0,User23,,
1490128718493,Mouse Moved,577.0,613.0,User23,,
1490128718509,Mouse Moved,579.0,616.0,User23,,
1490128718525,Mouse Moved,580.0,617.0,User23,,
1490128718540,Mouse Moved,581.0,618.0,User23,,
1490128718555,Mouse Moved,581.0,619.0,User23,,
1490128719742,Mouse Moved,581.0,620.0,User23,,
1490128719756,Mouse Moved,580.0,628.0,User23,,
1490128719881,Mouse Moved,580.0,637.0,User23,,
1490128720053,Mouse Moved,579.0,638.0,User23,,
1490128720163,Mouse Moved,579.0,638.0,User23,,
1490128723984,Mouse Moved,577.0,636.0,User23,,
1490128724000,Mouse Moved,550.0,602.0,User23,,
1490128724032,Mouse Moved,528.0,579.0,User23,,
1490128724062,Mouse Moved,509.0,558.0,User23,,
1490128724078,Mouse Moved,503.0,552.0,User23,,
1490128724094,Mouse Moved,502.0,550.0,User23,,
1490128724109,Mouse Moved,501.0,549.0,User23,,
1490128724125,Mouse Moved,500.0,548.0,User23,,
1490128724141,Mouse Moved,499.0,546.0,User23,,
1490128724187,Mouse Moved,498.0,544.0,User23,,
1490128724203,Mouse Moved,497.0,542.0,User23,,
1490128724219,Mouse Moved,496.0,541.0,User23,,
1490128724234,Mouse Moved,493.0,538.0,User23,,
1490128724250,Mouse Moved,491.0,536.0,User23,,
1490128724266,Mouse Moved,484.0,532.0,User23,,
1490128724280,Mouse Moved,482.0,530.0,User23,,
1490128724296,Mouse Moved,477.0,528.0,User23,,
1490128724312,Mouse Moved,474.0,527.0,User23,,
1490128724328,Mouse Moved,472.0,527.0,User23,,
1490128724344,Mouse Moved,471.0,527.0,User23,,
1490128724375,Mouse Moved,470.0,527.0,User23,,
1490128724405,Mouse Moved,468.0,527.0,User23,,
1490128724437,Mouse Moved,465.0,530.0,User23,,
1490128724453,Mouse Moved,463.0,531.0,User23,,
1490128724469,Mouse Moved,463.0,532.0,User23,,
1490128724483,Mouse Moved,462.0,535.0,User23,,
1490128724515,Mouse Moved,462.0,537.0,User23,,
1490128724546,Mouse Moved,462.0,538.0,User23,,
1490128724578,Mouse Moved,461.0,538.0,User23,,
1490128724655,Mouse Moved,462.0,538.0,User23,,
1490128724780,Mouse Moved,462.0,538.0,User23,,
1490128724826,Mouse Moved,461.0,539.0,User23,,
1490128724890,Mouse Moved,461.0,540.0,User23,,
1490128724904,Mouse Moved,461.0,541.0,User23,,
1490128725046,Mouse Moved,461.0,542.0,User23,,
1490128725076,Mouse Moved,462.0,542.0,User23,,
1490128725092,Mouse Moved,463.0,543.0,User23,,
1490128725108,Mouse Moved,465.0,544.0,User23,,
1490128725124,Mouse Moved,473.0,547.0,User23,,
1490128725138,Mouse Moved,483.0,553.0,User23,,
1490128725154,Mouse Moved,506.0,559.0,User23,,
1490128725171,Mouse Moved,517.0,563.0,User23,,
1490128725186,Mouse Moved,569.0,590.0,User23,,
1490128725201,Mouse Moved,576.0,594.0,User23,,
1490128725217,Mouse Moved,585.0,599.0,User23,,
1490128725233,Mouse Moved,587.0,602.0,User23,,
1490128725249,Mouse Moved,590.0,604.0,User23,,
1490128725263,Mouse Moved,593.0,605.0,User23,,
1490128725279,Mouse Moved,594.0,606.0,User23,,
1490128726168,Mouse Moved,594.0,607.0,User23,,
1490128726246,Mouse Moved,593.0,607.0,User23,,
1490128726263,Mouse Moved,591.0,607.0,User23,,
1490128726278,Mouse Moved,589.0,605.0,User23,,
1490128726293,Mouse Moved,583.0,600.0,User23,,
1490128726309,Mouse Moved,579.0,596.0,User23,,
1490128726325,Mouse Moved,576.0,594.0,User23,,
1490128726341,Mouse Moved,575.0,593.0,User23,,
1490128726355,Mouse Moved,574.0,588.0,User23,,
1490128726371,Mouse Moved,574.0,587.0,User23,,
1490128726542,Mouse Moved,572.0,588.0,User23,,
1490128726559,Mouse Moved,564.0,588.0,User23,,
1490128726575,Mouse Moved,556.0,586.0,User23,,
1490128726589,Mouse Moved,542.0,581.0,User23,,
1490128726605,Mouse Moved,535.0,581.0,User23,,
1490128726621,Mouse Moved,521.0,569.0,User23,,
1490128726637,Mouse Moved,515.0,564.0,User23,,
1490128726653,Mouse Moved,509.0,559.0,User23,,
1490128726667,Mouse Moved,503.0,557.0,User23,,
1490128726684,Mouse Moved,501.0,556.0,User23,,
1490128726698,Mouse Moved,498.0,554.0,User23,,
1490128726714,Mouse Moved,496.0,552.0,User23,,
1490128726746,Mouse Moved,493.0,549.0,User23,,
1490128726762,Mouse Moved,491.0,548.0,User23,,
1490128726776,Mouse Moved,490.0,547.0,User23,,
1490128726823,Mouse Moved,489.0,547.0,User23,,
1490128726901,Mouse Moved,490.0,547.0,User23,,
1490128726917,Mouse Button.left Pressed,490.0,547.0,User23,,
1490128726996,Mouse Moved,490.0,547.0,User23,,
1490128727010,Mouse Button.left Released,490.0,547.0,User23,,
1490128727385,Mouse Moved,492.0,549.0,User23,,
1490128727401,Mouse Moved,507.0,559.0,User23,,
1490128727417,Mouse Moved,525.0,568.0,User23,,
1490128727433,Mouse Moved,567.0,599.0,User23,,
1490128727447,Mouse Moved,577.0,608.0,User23,,
1490128727463,Mouse Moved,612.0,635.0,User23,,
1490128727479,Mouse Moved,633.0,651.0,User23,,
1490128727494,Mouse Moved,646.0,658.0,User23,,
1490128727510,Mouse Moved,651.0,661.0,User23,,
1490128727713,Mouse Moved,656.0,664.0,User23,,
1490128727729,Mouse Moved,664.0,666.0,User23,,
1490128727744,Mouse Moved,666.0,667.0,User23,,
1490128727759,Mouse Moved,676.0,667.0,User23,,
1490128727776,Mouse Moved,678.0,667.0,User23,,
1490128727790,Mouse Moved,684.0,669.0,User23,,
1490128727806,Mouse Moved,687.0,669.0,User23,,
1490128727822,Mouse Moved,693.0,670.0,User23,,
1490128727838,Mouse Moved,694.0,671.0,User23,,
1490128727868,Mouse Moved,695.0,671.0,User23,,
1490128727884,Mouse Moved,696.0,671.0,User23,,
1490128727901,Mouse Moved,698.0,672.0,User23,,
1490128727915,Mouse Moved,699.0,672.0,User23,,
1490128727947,Mouse Moved,699.0,673.0,User23,,
1490128727979,Mouse Moved,700.0,673.0,User23,,
1490128728009,Mouse Moved,701.0,673.0,User23,,
1490128728025,Mouse Moved,702.0,674.0,User23,,
1490128728040,Mouse Moved,703.0,674.0,User23,,
1490128728072,Mouse Moved,702.0,674.0,User23,,
1490128728088,Mouse Moved,702.0,674.0,User23,,
1490128728165,Mouse Moved,702.0,674.0,User23,,
1490128731269,Mouse Moved,703.0,666.0,User23,,
1490128731286,Mouse Moved,703.0,665.0,User23,,
1490128731301,Mouse Moved,702.0,662.0,User23,,
1490128731316,Mouse Moved,701.0,659.0,User23,,
1490128731332,Mouse Moved,699.0,656.0,User23,,
1490128731348,Mouse Moved,699.0,655.0,User23,,
1490128731364,Mouse Moved,699.0,654.0,User23,,
1490128731378,Mouse Moved,698.0,653.0,User23,,
1490128731411,Mouse Moved,697.0,653.0,User23,,
1490128731426,Mouse Moved,696.0,653.0,User23,,
1490128731441,Mouse Moved,695.0,653.0,User23,,
1490128731457,Mouse Moved,693.0,653.0,User23,,
1490128731473,Mouse Moved,692.0,654.0,User23,,
1490128731489,Mouse Moved,686.0,656.0,User23,,
1490128731503,Mouse Moved,683.0,657.0,User23,,
1490128731519,Mouse Moved,682.0,657.0,User23,,
1490128731535,Mouse Moved,678.0,657.0,User23,,
1490128731551,Mouse Moved,676.0,657.0,User23,,
1490128731566,Mouse Moved,673.0,657.0,User23,,
1490128731582,Mouse Moved,672.0,657.0,User23,,
1490128731598,Mouse Moved,669.0,656.0,User23,,
1490128731612,Mouse Moved,668.0,656.0,User23,,
1490128731628,Mouse Moved,663.0,656.0,User23,,
1490128731644,Mouse Moved,660.0,656.0,User23,,
1490128731660,Mouse Moved,660.0,656.0,User23,,
1490128731753,Mouse Moved,660.0,656.0,User23,,
1490128732595,Mouse Moved,660.0,654.0,User23,,
1490128732611,Mouse Moved,666.0,645.0,User23,,
1490128732627,Mouse Moved,686.0,614.0,User23,,
1490128732642,Mouse Moved,731.0,539.0,User23,,
1490128732658,Mouse Moved,738.0,528.0,User23,,
1490128732674,Mouse Moved,749.0,515.0,User23,,
1490128732690,Mouse Moved,752.0,514.0,User23,,
1490128732704,Mouse Moved,759.0,499.0,User23,,
1490128732720,Mouse Moved,761.0,496.0,User23,,
1490128732736,Mouse Moved,762.0,496.0,User23,,
1490128732782,Mouse Moved,764.0,493.0,User23,,
1490128732799,Mouse Moved,765.0,493.0,User23,,
1490128732986,Mouse Moved,765.0,492.0,User23,,
1490128733002,Mouse Moved,764.0,491.0,User23,,
1490128733016,Mouse Moved,763.0,490.0,User23,,
1490128733032,Mouse Moved,761.0,487.0,User23,,
1490128733049,Mouse Moved,758.0,481.0,User23,,
1490128733063,Mouse Moved,756.0,480.0,User23,,
1490128733079,Mouse Moved,754.0,478.0,User23,,
1490128733095,Mouse Moved,754.0,477.0,User23,,
1490128733141,Mouse Moved,753.0,477.0,User23,,
1490128733157,Mouse Moved,752.0,477.0,User23,,
1490128733188,Mouse Moved,751.0,476.0,User23,,
1490128733204,Mouse Moved,751.0,475.0,User23,,
1490128733220,Mouse Moved,750.0,475.0,User23,,
1490128733250,Mouse Moved,750.0,474.0,User23,,
1490128733266,Mouse Moved,749.0,474.0,User23,,
1490128733313,Mouse Moved,749.0,473.0,User23,,
1490128733328,Mouse Moved,748.0,473.0,User23,,
1490128733438,Mouse Moved,748.0,473.0,User23,,
1490128735138,Mouse Moved,748.0,472.0,User23,,
1490128735154,Mouse Moved,755.0,462.0,User23,,
1490128735170,Mouse Moved,767.0,453.0,User23,,
1490128735186,Mouse Moved,803.0,409.0,User23,,
1490128735200,Mouse Moved,882.0,356.0,User23,,
1490128735217,Mouse Moved,916.0,326.0,User23,,
1490128735233,Mouse Moved,968.0,300.0,User23,,
1490128735247,Mouse Moved,991.0,293.0,User23,,
1490128735263,Mouse Moved,1001.0,288.0,User23,,
1490128735279,Mouse Moved,1011.0,282.0,User23,,
1490128735295,Mouse Moved,1023.0,280.0,User23,,
1490128735311,Mouse Moved,1028.0,280.0,User23,,
1490128735325,Mouse Moved,1032.0,278.0,User23,,
1490128736075,Mouse Moved,1036.0,278.0,User23,,
1490128736091,Mouse Moved,1068.0,262.0,User23,,
1490128736121,Mouse Moved,1100.0,251.0,User23,,
1490128736137,Mouse Moved,1115.0,243.0,User23,,
1490128736153,Mouse Moved,1134.0,238.0,User23,,
1490128736168,Mouse Moved,1177.0,213.0,User23,,
1490128736184,Mouse Moved,1194.0,208.0,User23,,
1490128736200,Mouse Moved,1202.0,204.0,User23,,
1490128736214,Mouse Moved,1215.0,198.0,User23,,
1490128736230,Mouse Moved,1223.0,194.0,User23,,
1490128736246,Mouse Moved,1227.0,194.0,User23,,
1490128736262,Mouse Moved,1227.0,193.0,User23,,
1490128736278,Mouse Moved,1237.0,191.0,User23,,
1490128736292,Mouse Moved,1242.0,189.0,User23,,
1490128736309,Mouse Moved,1244.0,189.0,User23,,
1490128736325,Mouse Moved,1266.0,184.0,User23,,
1490128736339,Mouse Moved,1270.0,182.0,User23,,
1490128736355,Mouse Moved,1272.0,181.0,User23,,
1490128736542,Mouse Moved,1277.0,178.0,User23,,
1490128736559,Mouse Moved,1279.0,178.0,User23,,
1490128736573,Mouse Moved,1289.0,172.0,User23,,
1490128736589,Mouse Moved,1292.0,170.0,User23,,
1490128736605,Mouse Moved,1295.0,168.0,User23,,
1490128736621,Mouse Moved,1296.0,167.0,User23,,
1490128736637,Mouse Moved,1297.0,166.0,User23,,
1490128736651,Mouse Moved,1297.0,165.0,User23,,
1490128736730,Mouse Moved,1297.0,164.0,User23,,
1490128736776,Mouse Moved,1296.0,163.0,User23,,
1490128736792,Mouse Moved,1295.0,163.0,User23,,
1490128736808,Mouse Moved,1294.0,162.0,User23,,
1490128736823,Mouse Moved,1293.0,161.0,User23,,
1490128736855,Mouse Moved,1292.0,160.0,User23,,
1490128736871,Mouse Moved,1292.0,159.0,User23,,
1490128736885,Mouse Moved,1292.0,158.0,User23,,
1490128736917,Mouse Moved,1290.0,157.0,User23,,
1490128736933,Mouse Moved,1289.0,156.0,User23,,
1490128736948,Mouse Moved,1289.0,155.0,User23,,
1490128736963,Mouse Moved,1288.0,154.0,User23,,
1490128736980,Mouse Moved,1287.0,152.0,User23,,
1490128736994,Mouse Moved,1287.0,152.0,User23,,
1490128737010,Mouse Moved,1286.0,151.0,User23,,
1490128737026,Mouse Moved,1286.0,149.0,User23,,
1490128737135,Mouse Moved,1286.0,150.0,User23,,
1490128737151,Mouse Button.left Released,1286.0,150.0,User23,,
1490128737447,Mouse Moved,1284.0,150.0,User23,,
1490128737463,Mouse Moved,1264.0,159.0,User23,,
1490128737479,Mouse Moved,1168.0,191.0,User23,,
1490128737494,Mouse Moved,1102.0,197.0,User23,,
1490128737509,Mouse Moved,1012.0,210.0,User23,,
1490128737526,Mouse Moved,939.0,221.0,User23,,
1490128737540,Mouse Moved,915.0,221.0,User23,,
1490128737556,Mouse Moved,881.0,221.0,User23,,
1490128737572,Mouse Moved,874.0,220.0,User23,,
1490128737588,Mouse Moved,866.0,220.0,User23,,
1490128737604,Mouse Moved,865.0,220.0,User23,,
1490128737618,Mouse Moved,863.0,220.0,User23,,
1490128738118,Mouse Moved,862.0,220.0,User23,,
1490128738134,Mouse Moved,844.0,223.0,User23,,
1490128738150,Mouse Moved,775.0,212.0,User23,,
1490128738164,Mouse Moved,661.0,210.0,User23,,
1490128738180,Mouse Moved,579.0,221.0,User23,,
1490128738197,Mouse Moved,516.0,229.0,User23,,
1490128738211,Mouse Moved,418.0,229.0,User23,,
1490128738227,Mouse Moved,375.0,224.0,User23,,
1490128738243,Mouse Moved,362.0,218.0,User23,,
1490128738259,Mouse Moved,350.0,211.0,User23,,
1490128738289,Mouse Moved,349.0,210.0,User23,,
1490128738305,Mouse Moved,349.0,195.0,User23,,
1490128738321,Mouse Moved,351.0,192.0,User23,,
1490128738493,Mouse Moved,349.0,195.0,User23,,
1490128738509,Mouse Moved,308.0,226.0,User23,,
1490128738523,Mouse Moved,229.0,265.0,User23,,
1490128738539,Mouse Moved,188.0,278.0,User23,,
1490128738555,Mouse Moved,140.0,305.0,User23,,
1490128738571,Mouse Moved,123.0,308.0,User23,,
1490128738586,Mouse Moved,120.0,308.0,User23,,
1490128738601,Mouse Moved,117.0,309.0,User23,,
1490128738618,Mouse Moved,116.0,309.0,User23,,
1490128738757,Mouse Moved,116.0,310.0,User23,,
1490128738773,Mouse Moved,116.0,308.0,User23,,
1490128738882,Mouse Moved,116.0,306.0,User23,,
1490128738898,Mouse Moved,115.0,301.0,User23,,
1490128738914,Mouse Moved,108.0,272.0,User23,,
1490128738930,Mouse Moved,104.0,256.0,User23,,
1490128738944,Mouse Moved,103.0,253.0,User23,,
1490128738960,Mouse Moved,103.0,252.0,User23,,
1490128739085,Mouse Moved,102.0,248.0,User23,,
1490128739101,Mouse Moved,102.0,248.0,User23,,
1490128739381,Mouse Moved,104.0,246.0,User23,,
1490128739398,Mouse Moved,112.0,239.0,User23,,
1490128739538,Mouse Moved,131.0,208.0,User23,,
1490128739553,Mouse Moved,135.0,197.0,User23,,
1490128739569,Mouse Moved,125.0,167.0,User23,,
1490128739710,Mouse Moved,121.0,163.0,User23,,
1490128739756,Mouse Moved,119.0,162.0,User23,,
1490128740880,Mouse Moved,118.0,163.0,User23,,
1490128740894,Mouse Moved,86.0,364.0,User23,,
1490128741019,Mouse Moved,82.0,473.0,User23,,
1490128741036,Mouse Moved,83.0,582.0,User23,,
1490128741223,Mouse Moved,93.0,663.0,User23,,
1490128741239,Mouse Moved,93.0,666.0,User23,,
1490128741253,Mouse Moved,81.0,704.0,User23,,
1490128741269,Mouse Moved,72.0,732.0,User23,,
1490128741285,Mouse Moved,63.0,752.0,User23,,
1490128741301,Mouse Moved,58.0,766.0,User23,,
1490128741316,Mouse Moved,50.0,780.0,User23,,
1490128741332,Mouse Moved,44.0,794.0,User23,,
1490128741348,Mouse Moved,42.0,803.0,User23,,
1490128741362,Mouse Moved,40.0,807.0,User23,,
1490128741378,Mouse Moved,37.0,816.0,User23,,
1490128741394,Mouse Moved,35.0,822.0,User23,,
1490128741410,Mouse Moved,32.0,830.0,User23,,
1490128741582,Mouse Moved,31.0,832.0,User23,,
1490128741612,Mouse Moved,29.0,838.0,User23,,
1490128741628,Mouse Moved,28.0,843.0,User23,,
1490128741674,Mouse Moved,27.0,844.0,User23,,
1490128741785,Mouse Moved,27.0,844.0,User23,,
1490128742158,Mouse Moved,27.0,842.0,User23,,
1490128742174,Mouse Moved,30.0,826.0,User23,,
1490128742190,Mouse Moved,40.0,778.0,User23,,
1490128742206,Mouse Moved,75.0,659.0,User23,,
1490128742220,Mouse Moved,105.0,529.0,User23,,
1490128742236,Mouse Moved,117.0,481.0,User23,,
1490128742253,Mouse Moved,129.0,430.0,User23,,
1490128742267,Mouse Moved,131.0,422.0,User23,,
1490128742283,Mouse Moved,136.0,401.0,User23,,
1490128742299,Mouse Moved,136.0,397.0,User23,,
1490128742315,Mouse Moved,136.0,395.0,User23,,
1490128742532,Mouse Moved,136.0,397.0,User23,,
1490128742549,Mouse Moved,136.0,403.0,User23,,
1490128742565,Mouse Moved,128.0,499.0,User23,,
1490128742579,Mouse Moved,120.0,557.0,User23,,
1490128742595,Mouse Moved,116.0,596.0,User23,,
1490128742611,Mouse Moved,116.0,694.0,User23,,
1490128742627,Mouse Moved,116.0,756.0,User23,,
1490128742642,Mouse Moved,119.0,774.0,User23,,
1490128742657,Mouse Moved,123.0,805.0,User23,,
1490128742674,Mouse Moved,124.0,812.0,User23,,
1490128742688,Mouse Moved,128.0,821.0,User23,,
1490128742861,Mouse Moved,129.0,825.0,User23,,
1490128742877,Mouse Moved,129.0,829.0,User23,,
1490128742891,Mouse Moved,129.0,839.0,User23,,
1490128742907,Mouse Moved,129.0,840.0,User23,,
1490128742923,Mouse Moved,129.0,842.0,User23,,
1490128742938,Mouse Moved,135.0,854.0,User23,,
1490128742954,Mouse Moved,137.0,856.0,User23,,
1490128742970,Mouse Moved,139.0,858.0,User23,,
1490128742986,Mouse Moved,140.0,860.0,User23,,
1490128743000,Mouse Moved,140.0,861.0,User23,,
1490128743032,Mouse Moved,140.0,863.0,User23,,
1490128743048,Mouse Moved,139.0,863.0,User23,,
1490128743063,Mouse Moved,138.0,863.0,User23,,
1490128743095,Mouse Moved,126.0,862.0,User23,,
1490128743111,Mouse Moved,123.0,862.0,User23,,
1490128743125,Mouse Moved,113.0,860.0,User23,,
1490128743141,Mouse Moved,111.0,860.0,User23,,
1490128743157,Mouse Moved,103.0,862.0,User23,,
1490128743173,Mouse Moved,100.0,863.0,User23,,
1490128743188,Mouse Moved,97.0,863.0,User23,,
1490128743203,Mouse Moved,92.0,863.0,User23,,
1490128743220,Mouse Moved,91.0,863.0,User23,,
1490128743266,Mouse Moved,91.0,863.0,User23,,
1490128743328,Mouse Moved,91.0,863.0,User23,,
1490128743345,Mouse Button.left Released,91.0,863.0,User23,,
1490128744233,Mouse Moved,91.0,861.0,User23,,
1490128744249,Mouse Moved,92.0,853.0,User23,,
1490128744265,Mouse Moved,122.0,764.0,User23,,
1490128744280,Mouse Moved,198.0,597.0,User23,,
1490128744296,Mouse Moved,281.0,481.0,User23,,
1490128744312,Mouse Moved,328.0,418.0,User23,,
1490128744326,Mouse Moved,357.0,382.0,User23,,
1490128744342,Mouse Moved,388.0,351.0,User23,,
1490128744358,Mouse Moved,433.0,304.0,User23,,
1490128744826,Mouse Moved,447.0,293.0,User23,,
1490128744842,Mouse Moved,445.0,286.0,User23,,
1490128744858,Mouse Moved,444.0,283.0,User23,,
1490128744872,Mouse Moved,439.0,274.0,User23,,
1490128744888,Mouse Moved,437.0,271.0,User23,,
1490128744904,Mouse Moved,436.0,268.0,User23,,
1490128744920,Mouse Moved,432.0,263.0,User23,,
1490128744936,Mouse Moved,431.0,259.0,User23,,
1490128744950,Mouse Moved,430.0,256.0,User23,,
1490128744967,Mouse Moved,429.0,254.0,User23,,
1490128744983,Mouse Moved,428.0,252.0,User23,,
1490128744997,Mouse Moved,427.0,250.0,User23,,
1490128745013,Mouse Moved,426.0,250.0,User23,,
1490128745029,Mouse Moved,426.0,249.0,User23,,
1490128745075,Mouse Moved,425.0,249.0,User23,,
1490128745122,Mouse Moved,425.0,248.0,User23,,
1490128745809,Mouse Moved,423.0,247.0,User23,,
1490128745825,Mouse Moved,419.0,242.0,User23,,
1490128745841,Mouse Moved,417.0,235.0,User23,,
1490128745855,Mouse Moved,415.0,232.0,User23,,
1490128745871,Mouse Moved,412.0,228.0,User23,,
1490128745887,Mouse Moved,411.0,227.0,User23,,
1490128745903,Mouse Moved,410.0,226.0,User23,,
1490128745934,Mouse Moved,409.0,225.0,User23,,
1490128745964,Mouse Moved,409.0,224.0,User23,,
1490128745980,Mouse Button.left Pressed,409.0,225.0,User23,,
1490128746059,Mouse Moved,409.0,224.0,User23,,
1490128746361,Mouse Moved,416.0,228.0,User23,,
1490128746377,Mouse Moved,427.0,233.0,User23,,
1490128746392,Mouse Moved,462.0,243.0,User23,,
1490128746407,Mouse Moved,480.0,253.0,User23,,
1490128746424,Mouse Moved,511.0,266.0,User23,,
1490128746438,Mouse Moved,539.0,274.0,User23,,
1490128746454,Mouse Moved,559.0,291.0,User23,,
1490128746470,Mouse Moved,563.0,296.0,User23,,
1490128746486,Mouse Moved,583.0,319.0,User23,,
1490128746502,Mouse Moved,587.0,324.0,User23,,
1490128746516,Mouse Moved,595.0,337.0,User23,,
1490128746532,Mouse Moved,596.0,340.0,User23,,
1490128746736,Mouse Moved,598.0,341.0,User23,,
1490128746750,Mouse Moved,616.0,346.0,User23,,
1490128746766,Mouse Moved,635.0,348.0,User23,,
1490128746782,Mouse Moved,711.0,348.0,User23,,
1490128746798,Mouse Moved,759.0,348.0,User23,,
1490128746813,Mouse Moved,822.0,348.0,User23,,
1490128746828,Mouse Moved,838.0,350.0,User23,,
1490128746845,Mouse Moved,845.0,353.0,User23,,
1490128746861,Mouse Moved,849.0,354.0,User23,,
1490128747032,Mouse Moved,851.0,354.0,User23,,
1490128747048,Mouse Moved,857.0,352.0,User23,,
1490128747062,Mouse Moved,867.0,347.0,User23,,
1490128747095,Mouse Moved,910.0,347.0,User23,,
1490128747109,Mouse Moved,962.0,348.0,User23,,
1490128747125,Mouse Moved,977.0,352.0,User23,,
1490128747141,Mouse Moved,980.0,353.0,User23,,
1490128747157,Mouse Moved,984.0,354.0,User23,,
1490128747173,Mouse Moved,986.0,355.0,User23,,
1490128747187,Mouse Moved,987.0,356.0,User23,,
1490128747608,Mouse Moved,986.0,355.0,User23,,
1490128747703,Mouse Moved,986.0,355.0,User23,,
1490128749480,Mouse Moved,985.0,350.0,User23,,
1490128749496,Mouse Moved,981.0,342.0,User23,,
1490128749621,Mouse Moved,972.0,324.0,User23,,
1490128749637,Mouse Moved,953.0,275.0,User23,,
1490128750947,Mouse Moved,950.0,271.0,User23,,
1490128750963,Mouse Moved,931.0,266.0,User23,,
1490128750994,Mouse Moved,871.0,254.0,User23,,
1490128751009,Mouse Moved,834.0,246.0,User23,,
1490128751026,Mouse Moved,724.0,220.0,User23,,
1490128751040,Mouse Moved,675.0,210.0,User23,,
1490128751056,Mouse Moved,660.0,203.0,User23,,
1490128751072,Mouse Moved,643.0,196.0,User23,,
1490128751088,Mouse Moved,634.0,194.0,User23,,
1490128751104,Mouse Moved,633.0,193.0,User23,,
1490128751134,Mouse Moved,633.0,191.0,User23,,
1490128751151,Mouse Moved,633.0,190.0,User23,,
1490128751306,Mouse Moved,631.0,190.0,User23,,
1490128751322,Mouse Moved,583.0,193.0,User23,,
1490128751338,Mouse Moved,522.0,198.0,User23,,
1490128751352,Mouse Moved,496.0,203.0,User23,,
1490128751368,Mouse Moved,462.0,205.0,User23,,
1490128751384,Mouse Moved,439.0,205.0,User23,,
1490128751400,Mouse Moved,436.0,205.0,User23,,
1490128751415,Mouse Moved,433.0,204.0,User23,,
1490128751447,Mouse Moved,433.0,203.0,User23,,
1490128751463,Mouse Moved,437.0,200.0,User23,,
1490128751650,Mouse Moved,435.0,199.0,User23,,
1490128751664,Mouse Moved,431.0,197.0,User23,,
1490128751680,Mouse Moved,424.0,196.0,User23,,
1490128751697,Mouse Moved,418.0,192.0,User23,,
1490128751711,Mouse Moved,406.0,185.0,User23,,
1490128751727,Mouse Moved,404.0,184.0,User23,,
1490128751743,Mouse Moved,402.0,182.0,User23,,
1490128751759,Mouse Moved,401.0,181.0,User23,,
1490128751775,Mouse Moved,399.0,180.0,User23,,
1490128751805,Mouse Moved,398.0,179.0,User23,,
1490128751821,Mouse Moved,397.0,178.0,User23,,
1490128751836,Mouse Moved,394.0,177.0,User23,,
1490128751852,Mouse Moved,393.0,176.0,User23,,
1490128751868,Mouse Moved,392.0,176.0,User23,,
1490128751884,Mouse Moved,389.0,176.0,User23,,
1490128751898,Mouse Moved,387.0,176.0,User23,,
1490128751914,Mouse Moved,385.0,175.0,User23,,
1490128751930,Mouse Moved,384.0,175.0,User23,,
1490128751946,Mouse Moved,383.0,174.0,User23,,
1490128751961,Mouse Moved,381.0,173.0,User23,,
1490128751976,Mouse Moved,380.0,171.0,User23,,
1490128752086,Mouse Moved,381.0,171.0,User23,,
1490128754177,Mouse Moved,383.0,171.0,User23,,
1490128754193,Mouse Moved,386.0,171.0,User23,,
1490128754207,Mouse Moved,392.0,169.0,User23,,
1490128754223,Mouse Moved,399.0,167.0,User23,,
1490128754239,Mouse Moved,404.0,167.0,User23,,
1490128754255,Mouse Moved,411.0,166.0,User23,,
1490128754270,Mouse Moved,415.0,165.0,User23,,
1490128754286,Mouse Moved,426.0,162.0,User23,,
1490128754302,Mouse Moved,430.0,161.0,User23,,
1490128754316,Mouse Moved,435.0,160.0,User23,,
1490128754332,Mouse Moved,437.0,160.0,User23,,
1490128754348,Mouse Moved,448.0,160.0,User23,,
1490128754364,Mouse Moved,451.0,160.0,User23,,
1490128754380,Mouse Moved,452.0,160.0,User23,,
1490128754394,Mouse Moved,455.0,160.0,User23,,
1490128754411,Mouse Moved,460.0,160.0,User23,,
1490128754441,Mouse Moved,462.0,160.0,User23,,
1490128754457,Mouse Moved,465.0,160.0,User23,,
1490128754473,Mouse Moved,466.0,160.0,User23,,
1490128754505,Mouse Moved,471.0,160.0,User23,,
1490128754519,Mouse Moved,475.0,160.0,User23,,
1490128754536,Mouse Moved,476.0,161.0,User23,,
1490128754551,Mouse Moved,477.0,161.0,User23,,
1490128754582,Mouse Moved,478.0,162.0,User23,,
1490128754598,Mouse Moved,479.0,162.0,User23,,
1490128754614,Mouse Moved,481.0,163.0,User23,,
1490128754628,Mouse Moved,482.0,163.0,User23,,
1490128754661,Mouse Moved,484.0,164.0,User23,,
1490128754676,Mouse Moved,485.0,164.0,User23,,
1490128754691,Mouse Moved,486.0,164.0,User23,,
1490128754707,Mouse Moved,486.0,165.0,User23,,
1490128754723,Mouse Moved,487.0,165.0,User23,,
1490128754753,Mouse Moved,488.0,165.0,User23,,
1490128754862,Mouse Moved,487.0,164.0,User23,,
1490128755753,Mouse Moved,490.0,165.0,User23,,
1490128755767,Mouse Moved,497.0,165.0,User23,,
1490128755783,Mouse Moved,505.0,165.0,User23,,
1490128755799,Mouse Moved,510.0,165.0,User23,,
1490128755815,Mouse Moved,516.0,165.0,User23,,
1490128755831,Mouse Moved,526.0,165.0,User23,,
1490128755845,Mouse Moved,537.0,165.0,User23,,
1490128755861,Mouse Moved,544.0,165.0,User23,,
1490128755877,Mouse Moved,547.0,165.0,User23,,
1490128755892,Mouse Moved,551.0,165.0,User23,,
1490128755908,Mouse Moved,553.0,165.0,User23,,
1490128755924,Mouse Moved,556.0,165.0,User23,,
1490128755940,Mouse Moved,557.0,165.0,User23,,
1490128755954,Mouse Moved,558.0,165.0,User23,,
1490128755970,Mouse Moved,560.0,165.0,User23,,
1490128756017,Mouse Moved,561.0,165.0,User23,,
1490128756049,Mouse Moved,564.0,165.0,User23,,
1490128756079,Mouse Moved,565.0,165.0,User23,,
1490128756127,Mouse Moved,565.0,165.0,User23,,
1490128756220,Mouse Moved,565.0,165.0,User23,,
1490128756734,Mouse Moved,566.0,165.0,User23,,
1490128756750,Mouse Moved,572.0,165.0,User23,,
1490128756766,Mouse Moved,594.0,164.0,User23,,
1490128756782,Mouse Moved,612.0,164.0,User23,,
1490128756798,Mouse Moved,677.0,178.0,User23,,
1490128756812,Mouse Moved,708.0,182.0,User23,,
1490128756828,Mouse Moved,712.0,182.0,User23,,
1490128756859,Mouse Moved,719.0,185.0,User23,,
1490128756875,Mouse Moved,744.0,206.0,User23,,
1490128756891,Mouse Moved,746.0,208.0,User23,,
1490128756907,Mouse Moved,751.0,214.0,User23,,
1490128757266,Mouse Moved,753.0,214.0,User23,,
1490128757280,Mouse Moved,759.0,214.0,User23,,
1490128757296,Mouse Moved,774.0,221.0,User23,,
1490128757312,Mouse Moved,830.0,236.0,User23,,
1490128757328,Mouse Moved,868.0,247.0,User23,,
1490128757344,Mouse Moved,879.0,254.0,User23,,
1490128757358,Mouse Moved,889.0,261.0,User23,,
1490128757375,Mouse Moved,921.0,281.0,User23,,
1490128757391,Mouse Moved,930.0,297.0,User23,,
1490128757405,Mouse Moved,937.0,307.0,User23,,
1490128757421,Mouse Moved,939.0,310.0,User23,,
1490128757592,Mouse Moved,941.0,312.0,User23,,
1490128757608,Mouse Moved,944.0,313.0,User23,,
1490128757625,Mouse Moved,951.0,315.0,User23,,
1490128757640,Mouse Moved,962.0,318.0,User23,,
1490128757655,Mouse Moved,976.0,322.0,User23,,
1490128757671,Mouse Moved,1000.0,330.0,User23,,
1490128757687,Mouse Moved,1020.0,338.0,User23,,
1490128757703,Mouse Moved,1033.0,345.0,User23,,
1490128757717,Mouse Moved,1045.0,353.0,User23,,
1490128757733,Mouse Moved,1055.0,361.0,User23,,
1490128757749,Mouse Moved,1061.0,365.0,User23,,
1490128757765,Mouse Moved,1064.0,368.0,User23,,
1490128757780,Mouse Moved,1065.0,368.0,User23,,
1490128757796,Mouse Moved,1065.0,369.0,User23,,
1490128757812,Mouse Moved,1065.0,370.0,User23,,
1490128760588,Mouse Moved,1065.0,370.0,User23,,
1490128760604,Mouse Button.left Pressed,1065.0,370.0,User23,,
1490128760729,Mouse Moved,1065.0,370.0,User23,,
1490128761025,Mouse Moved,1063.0,373.0,User23,,
1490128761040,Mouse Moved,1059.0,376.0,User23,,
1490128761056,Mouse Moved,1046.0,387.0,User23,,
1490128761072,Mouse Moved,981.0,458.0,User23,,
1490128761088,Mouse Moved,929.0,520.0,User23,,
1490128761102,Mouse Moved,896.0,562.0,User23,,
1490128761118,Mouse Moved,893.0,564.0,User23,,
1490128761134,Mouse Moved,890.0,569.0,User23,,
1490128761150,Mouse Moved,883.0,580.0,User23,,
1490128761165,Mouse Moved,883.0,581.0,User23,,
1490128761180,Mouse Moved,881.0,583.0,User23,,
1490128761213,Mouse Moved,880.0,583.0,User23,,
1490128761275,Mouse Moved,879.0,584.0,User23,,
1490128761290,Mouse Moved,879.0,585.0,User23,,
1490128761336,Mouse Moved,879.0,586.0,User23,,
1490128761352,Mouse Moved,878.0,586.0,User23,,
