timestamp,event,x,y,user,screen_width,screen_height
1490031896700,Mouse Moved,48.0,276.0,User23,800.0,578.0
1490031896717,Mouse Moved,48.0,276.0,User23,,
1490031896732,Mouse Moved,48.0,277.0,User23,,
1490031896747,Mouse Button.left Released,53.0,279.0,User23,,
1490031896763,Mouse Moved,53.0,279.0,User23,,
1490031896779,Mouse Button.left Pressed,53.0,279.0,User23,,
1490031896904,Mouse Moved,53.0,279.0,User23,,
1490031896918,Mouse Button.left Released,53.0,279.0,User23,,
1490031898151,Mouse Moved,57.0,276.0,User23,,
1490031898167,Mouse Moved,65.0,272.0,User23,,
1490031898183,Mouse Moved,77.0,266.0,User23,,
1490031898198,Mouse Moved,123.0,255.0,User23,,
1490031898213,Mouse Moved,154.0,250.0,User23,,
1490031898230,Mouse Moved,174.0,248.0,User23,,
1490031898244,Mouse Moved,247.0,245.0,User23,,
1490031898260,Mouse Moved,272.0,248.0,User23,,
1490031898276,Mouse Moved,297.0,251.0,User23,,
1490031898292,Mouse Moved,305.0,252.0,User23,,
1490031898308,Mouse Moved,315.0,255.0,User23,,
1490031901618,Mouse Moved,318.0,258.0,User23,,
1490031901634,Mouse Moved,328.0,296.0,User23,,
1490031901650,Mouse Moved,329.0,300.0,User23,,
1490031901664,Mouse Moved,333.0,322.0,User23,,
1490031901680,Mouse Moved,333.0,324.0,User23,,
1490031901805,Mouse Moved,333.0,324.0,User23,,
1490031901821,Mouse Moved,333.0,323.0,User23,,
1490031901836,Mouse Moved,333.0,320.0,User23,,
1490031901851,Mouse Moved,333.0,315.0,User23,,
1490031901868,Mouse Moved,333.0,313.0,User23,,
1490031901884,Mouse Moved,333.0,311.0,User23,,
1490031901914,Mouse Moved,333.0,307.0,User23,,
1490031901930,Mouse Moved,333.0,304.0,User23,,
1490031901993,Mouse Moved,333.0,303.0,User23,,
1490031902101,Mouse Moved,334.0,302.0,User23,,
1490031902132,Mouse Moved,335.0,300.0,User23,,
1490031902148,Mouse Moved,373.0,255.0,User23,,
1490031902164,Mouse Moved,392.0,234.0,User23,,
1490031902180,Mouse Moved,427.0,206.0,User23,,
1490031902196,Mouse Moved,457.0,186.0,User23,,
1490031902210,Mouse Moved,470.0,177.0,User23,,
1490031902226,Mouse Moved,490.0,168.0,User23,,
1490031902242,Mouse Moved,497.0,166.0,User23,,
1490031902257,Mouse Moved,502.0,164.0,User23,,
1490031902289,Mouse Moved,506.0,163.0,User23,,
1490031902492,Mouse Moved,507.0,162.0,User23,,
1490031902553,Mouse Moved,512.0,159.0,User23,,
1490031902569,Mouse Moved,563.0,127.0,User23,,
1490031902585,Mouse Moved,569.0,126.0,User23,,
1490031902601,Mouse Moved,573.0,126.0,User23,,
1490031902617,Mouse Moved,580.0,126.0,User23,,
1490031902631,Mouse Moved,581.0,126.0,User23,,
1490031902648,Mouse Moved,582.0,127.0,User23,,
1490031902664,Mouse Moved,583.0,127.0,User23,,
1490031902694,Mouse Moved,583.0,128.0,User23,,
1490031902726,Mouse Moved,583.0,129.0,User23,,
1490031902756,Mouse Moved,582.0,130.0,User23,,
1490031902773,Mouse Moved,580.0,131.0,User23,,
1490031902788,Mouse Moved,575.0,136.0,User23,,
1490031902819,Mouse Moved,572.0,137.0,User23,,
1490031902835,Mouse Moved,571.0,138.0,User23,,
1490031902851,Mouse Moved,564.0,142.0,User23,,
1490031902865,Mouse Moved,563.0,144.0,User23,,
1490031902881,Mouse Moved,561.0,147.0,User23,,
1490031902898,Mouse Moved,561.0,148.0,User23,,
1490031902913,Mouse Moved,559.0,151.0,User23,,
1490031902928,Mouse Moved,559.0,152.0,User23,,
1490031902944,Mouse Moved,558.0,153.0,User23,,
1490031902976,Mouse Moved,557.0,155.0,User23,,
1490031903319,Mouse Moved,558.0,153.0,User23,,
1490031903334,Mouse Moved,567.0,138.0,User23,,
1490031903349,Mouse Moved,591.0,105.0,User23,,
1490031903365,Mouse Moved,620.0,65.0,User23,,
1490031904676,Mouse Moved,653.0,26.0,User23,,
1490031904707,Mouse Moved,634.0,47.0,User23,,
1490031904723,Mouse Moved,608.0,69.0,User23,,
1490031904737,Mouse Moved,589.0,89.0,User23,,
1490031904753,Mouse Moved,569.0,110.0,User23,,
1490031904769,Mouse Moved,556.0,123.0,User23,,
1490031904801,Mouse Moved,543.0,136.0,User23,,
1490031904832,Mouse Moved,533.0,146.0,User23,,
1490031904848,Mouse Moved,516.0,167.0,User23,,
1490031904862,Mouse Moved,513.0,170.0,User23,,
1490031904878,Mouse Moved,513.0,171.0,User23,,
1490031905237,Mouse Moved,982.0,233.0,User23,1536.0,779.0
1490031905253,Mouse Moved,976.0,236.0,User23,,
1490031905269,Mouse Moved,922.0,276.0,User23,,
1490031905283,Mouse Moved,709.0,422.0,User23,,
1490031905299,Mouse Moved,624.0,461.0,User23,,
1490031905315,Mouse Moved,605.0,464.0,User23,,
1490031905331,Mouse Moved,599.0,465.0,User23,,
1490031905346,Mouse Moved,594.0,465.0,User23,,
1490031905361,Mouse Moved,592.0,465.0,User23,,
1490031905642,Mouse Moved,592.0,464.0,User23,,
1490031905658,Mouse Moved,597.0,457.0,User23,,
1490031905674,Mouse Moved,607.0,452.0,User23,,
1490031905720,Mouse Moved,628.0,436.0,User23,,
1490031905736,Mouse Moved,663.0,410.0,User23,,
1490031905799,Mouse Moved,668.0,407.0,User23,,
1490031905815,Mouse Moved,670.0,405.0,User23,,
1490031905940,Mouse Moved,676.0,400.0,User23,,
1490031906236,Mouse Moved,676.0,398.0,User23,,
1490031906282,Mouse Moved,674.0,396.0,User23,,
1490031906329,Mouse Moved,645.0,384.0,User23,,
1490031906345,Mouse Moved,695.0,374.0,User23,,
1490031906361,Mouse Moved,692.0,372.0,User23,,
1490031906391,Mouse Moved,692.0,371.0,User23,,
1490031906423,Mouse Moved,692.0,370.0,User23,,
1490031906453,Mouse Moved,691.0,370.0,User23,,
1490031908404,Mouse Moved,691.0,369.0,User23,,
1490031908420,Mouse Moved,691.0,368.0,User23,,
1490031908436,Mouse Moved,691.0,366.0,User23,,
1490031908450,Mouse Moved,690.0,364.0,User23,,
1490031908467,Mouse Moved,688.0,354.0,User23,,
1490031908482,Mouse Moved,687.0,353.0,User23,,
1490031908497,Mouse Moved,686.0,351.0,User23,,
1490031908513,Mouse Moved,685.0,348.0,User23,,
1490031908529,Mouse Moved,684.0,347.0,User23,,
1490031908559,Mouse Moved,683.0,343.0,User23,,
1490031908575,Mouse Moved,683.0,342.0,User23,,
1490031908592,Mouse Moved,683.0,341.0,User23,,
1490031908607,Mouse Moved,683.0,336.0,User23,,
1490031908904,Mouse Moved,683.0,335.0,User23,,
1490031908918,Mouse Moved,681.0,332.0,User23,,
1490031908934,Mouse Moved,679.0,330.0,User23,,
1490031908950,Mouse Moved,676.0,326.0,User23,,
1490031908966,Mouse Moved,676.0,323.0,User23,,
1490031908982,Mouse Moved,674.0,321.0,User23,,
1490031908996,Mouse Moved,673.0,319.0,User23,,
1490031909013,Mouse Moved,672.0,318.0,User23,,
1490031909121,Mouse Moved,672.0,317.0,User23,,
1490031909138,Mouse Moved,671.0,316.0,User23,,
1490031909216,Mouse Moved,671.0,315.0,User23,,
1490031909230,Mouse Moved,670.0,313.0,User23,,
1490031909246,Mouse Moved,669.0,311.0,User23,,
1490031909262,Mouse Moved,668.0,310.0,User23,,
1490031916796,Mouse Moved,668.0,309.0,User23,,
1490031916859,Mouse Moved,668.0,309.0,User23,,
1490031916875,Mouse Button.left Released,668.0,309.0,User23,,
1490031918793,Mouse Moved,666.0,309.0,User23,,
1490031918809,Mouse Moved,664.0,309.0,User23,,
1490031918825,Mouse Moved,661.0,307.0,User23,,
1490031918841,Mouse Moved,645.0,295.0,User23,,
1490031918855,Mouse Moved,635.0,286.0,User23,,
1490031918871,Mouse Moved,620.0,271.0,User23,,
1490031918888,Mouse Moved,613.0,262.0,User23,,
1490031918903,Mouse Moved,603.0,245.0,User23,,
1490031918918,Mouse Moved,600.0,239.0,User23,,
1490031918934,Mouse Moved,598.0,237.0,User23,,
1490031918966,Mouse Moved,596.0,234.0,User23,,
1490031919012,Mouse Moved,594.0,230.0,User23,,
1490031919278,Mouse Moved,595.0,230.0,User23,,
1490031919292,Mouse Moved,603.0,230.0,User23,,
1490031919323,Mouse Moved,614.0,234.0,User23,,
1490031919339,Mouse Moved,642.0,248.0,User23,,
1490031919355,Mouse Moved,659.0,263.0,User23,,
1490031919371,Mouse Moved,669.0,272.0,User23,,
1490031919387,Mouse Moved,683.0,285.0,User23,,
1490031919401,Mouse Moved,691.0,292.0,User23,,
1490031919417,Mouse Moved,694.0,294.0,User23,,
1490031919434,Mouse Moved,697.0,298.0,User23,,
1490031919480,Mouse Moved,699.0,300.0,User23,,
1490031919496,Mouse Moved,699.0,300.0,User23,,
1490031919621,Mouse Moved,699.0,300.0,User23,,
1490031919667,Mouse Button.left Released,699.0,300.0,User23,,
1490031920151,Mouse Moved,698.0,300.0,User23,,
1490031920167,Mouse Moved,695.0,300.0,User23,,
1490031920181,Mouse Moved,686.0,298.0,User23,,
1490031920197,Mouse Moved,653.0,280.0,User23,,
1490031920213,Mouse Moved,623.0,261.0,User23,,
1490031920244,Mouse Moved,556.0,220.0,User23,,
1490031920276,Mouse Moved,526.0,201.0,User23,,
1490031920369,Mouse Moved,509.0,191.0,User23,,
1490031920384,Mouse Moved,504.0,188.0,User23,,
1490031920401,Mouse Moved,499.0,187.0,User23,,
1490031920415,Mouse Moved,497.0,187.0,User23,,
1490031920447,Mouse Moved,495.0,186.0,User23,,
1490031920509,Mouse Moved,493.0,186.0,User23,,
1490031920556,Mouse Moved,493.0,187.0,User23,,
1490031920634,Mouse Moved,493.0,190.0,User23,,
1490031920665,Mouse Moved,492.0,194.0,User23,,
1490031920681,Mouse Moved,492.0,196.0,User23,,
1490031920852,Mouse Moved,490.0,197.0,User23,,
1490031920900,Mouse Moved,489.0,198.0,User23,,
1490031920915,Mouse Moved,486.0,198.0,User23,,
1490031920930,Mouse Moved,483.0,198.0,User23,,
1490031920947,Mouse Moved,548.0,195.0,User23,,
1490031921039,Mouse Moved,669.0,180.0,User23,,
1490031921055,Mouse Moved,772.0,168.0,User23,,
1490031921072,Mouse Moved,809.0,165.0,User23,,
1490031921086,Mouse Moved,843.0,162.0,User23,,
1490031921150,Mouse Moved,857.0,161.0,User23,,
1490031921164,Mouse Moved,865.0,160.0,User23,,
1490031921211,Mouse Moved,873.0,159.0,User23,,
1490031921273,Mouse Moved,880.0,158.0,User23,,
1490031921321,Mouse Moved,883.0,158.0,User23,,
1490031921336,Mouse Moved,886.0,157.0,User23,,
1490031921430,Mouse Moved,888.0,158.0,User23,,
1490031921446,Mouse Moved,889.0,158.0,User23,,
1490031921555,Mouse Moved,890.0,158.0,User23,,
1490031921571,Mouse Moved,893.0,158.0,User23,,
1490031921601,Mouse Moved,903.0,158.0,User23,,
1490031921618,Mouse Moved,908.0,158.0,User23,,
1490031921648,Mouse Moved,914.0,158.0,User23,,
1490031921664,Mouse Moved,938.0,156.0,User23,,
1490031921680,Mouse Moved,959.0,154.0,User23,,
1490031921696,Mouse Moved,967.0,152.0,User23,,
1490031921867,Mouse Moved,975.0,151.0,User23,,
1490031921944,Mouse Moved,978.0,150.0,User23,,
1490031921960,Mouse Moved,990.0,148.0,User23,,
1490031921976,Mouse Moved,1019.0,143.0,User23,,
1490031921992,Mouse Moved,1042.0,141.0,User23,,
1490031922007,Mouse Moved,1060.0,140.0,User23,,
1490031922023,Mouse Moved,1068.0,140.0,User23,,
1490031922039,Mouse Moved,1069.0,140.0,User23,,
1490031922053,Mouse Moved,1070.0,140.0,User23,,
1490031922101,Mouse Moved,1071.0,140.0,User23,,
1490031922273,Mouse Moved,1070.0,141.0,User23,,
1490031922288,Mouse Button.left Released,1070.0,141.0,User23,,
1490031922647,Mouse Moved,1064.0,147.0,User23,,
1490031922663,Mouse Moved,978.0,197.0,User23,,
1490031922677,Mouse Moved,899.0,235.0,User23,,
1490031922694,Mouse Moved,856.0,246.0,User23,,
1490031922710,Mouse Moved,776.0,262.0,User23,,
1490031922740,Mouse Moved,754.0,264.0,User23,,
1490031922756,Mouse Moved,696.0,265.0,User23,,
1490031922772,Mouse Moved,692.0,265.0,User23,,
1490031922788,Mouse Moved,687.0,265.0,User23,,
1490031922802,Mouse Moved,686.0,266.0,User23,,
1490031923036,Mouse Moved,686.0,268.0,User23,,
1490031923052,Mouse Moved,685.0,272.0,User23,,
1490031923068,Mouse Moved,685.0,276.0,User23,,
1490031923084,Mouse Moved,682.0,290.0,User23,,
1490031923099,Mouse Moved,681.0,296.0,User23,,
1490031923115,Mouse Moved,679.0,309.0,User23,,
1490031923131,Mouse Moved,675.0,335.0,User23,,
1490031923145,Mouse Moved,674.0,341.0,User23,,
1490031923161,Mouse Moved,673.0,349.0,User23,,
1490031923177,Mouse Moved,671.0,359.0,User23,,
1490031923193,Mouse Moved,670.0,374.0,User23,,
1490031923209,Mouse Moved,670.0,383.0,User23,,
1490031923223,Mouse Moved,670.0,389.0,User23,,
1490031923240,Mouse Moved,670.0,396.0,User23,,
1490031923256,Mouse Moved,670.0,401.0,User23,,
1490031923270,Mouse Moved,669.0,411.0,User23,,
1490031923286,Mouse Moved,669.0,413.0,User23,,
1490031923302,Mouse Moved,669.0,416.0,User23,,
1490031923318,Mouse Moved,669.0,417.0,User23,,
1490031923334,Mouse Moved,669.0,419.0,User23,,
1490031923348,Mouse Moved,669.0,420.0,User23,,
1490031923365,Mouse Moved,670.0,421.0,User23,,
1490031923380,Mouse Moved,670.0,423.0,User23,,
1490031923411,Mouse Moved,671.0,423.0,User23,,
1490031923443,Mouse Moved,672.0,425.0,User23,,
1490031923457,Mouse Moved,673.0,427.0,User23,,
1490031923691,Mouse Moved,673.0,429.0,User23,,
1490031923707,Mouse Moved,673.0,430.0,User23,,
1490031923723,Mouse Moved,675.0,436.0,User23,,
1490031923739,Mouse Moved,675.0,438.0,User23,,
1490031923755,Mouse Moved,678.0,441.0,User23,,
1490031923769,Mouse Moved,681.0,442.0,User23,,
1490031923802,Mouse Moved,683.0,445.0,User23,,
1490031923816,Mouse Moved,688.0,447.0,User23,,
1490031923832,Mouse Moved,694.0,450.0,User23,,
1490031923848,Mouse Moved,697.0,451.0,User23,,
1490031923864,Mouse Moved,698.0,451.0,User23,,
1490031923880,Mouse Moved,699.0,451.0,User23,,
1490031923911,Mouse Moved,702.0,452.0,User23,,
1490031923926,Mouse Moved,702.0,453.0,User23,,
1490031923957,Mouse Moved,703.0,453.0,User23,,
1490031924036,Mouse Moved,704.0,453.0,User23,,
1490031924051,Mouse Moved,704.0,453.0,User23,,
1490031924191,Mouse Moved,703.0,453.0,User23,,
1490031924207,Mouse Moved,703.0,453.0,User23,,
1490031925361,Mouse Moved,702.0,453.0,User23,,
1490031925377,Mouse Moved,697.0,451.0,User23,,
1490031925392,Mouse Moved,695.0,450.0,User23,,
1490031925407,Mouse Moved,690.0,449.0,User23,,
1490031925424,Mouse Moved,686.0,447.0,User23,,
1490031925440,Mouse Moved,670.0,442.0,User23,,
1490031925454,Mouse Moved,656.0,439.0,User23,,
1490031925470,Mouse Moved,651.0,438.0,User23,,
1490031925486,Mouse Moved,642.0,435.0,User23,,
1490031925502,Mouse Moved,639.0,434.0,User23,,
1490031925517,Mouse Moved,631.0,431.0,User23,,
1490031925532,Mouse Moved,629.0,429.0,User23,,
1490031925549,Mouse Moved,625.0,427.0,User23,,
1490031925563,Mouse Moved,624.0,425.0,User23,,
1490031925579,Mouse Moved,623.0,425.0,User23,,
1490031927920,Mouse Moved,620.0,424.0,User23,,
1490031927936,Mouse Moved,617.0,424.0,User23,,
1490031927950,Mouse Moved,604.0,424.0,User23,,
1490031927967,Mouse Moved,596.0,424.0,User23,,
1490031927982,Mouse Moved,572.0,425.0,User23,,
1490031927997,Mouse Moved,562.0,426.0,User23,,
1490031928029,Mouse Moved,542.0,427.0,User23,,
1490031928045,Mouse Moved,518.0,426.0,User23,,
1490031928075,Mouse Moved,513.0,426.0,User23,,
1490031928092,Mouse Moved,506.0,426.0,User23,,
1490031928107,Mouse Moved,503.0,427.0,User23,,
1490031928122,Mouse Moved,500.0,429.0,User23,,
1490031928138,Mouse Moved,496.0,430.0,User23,,
1490031928154,Mouse Moved,493.0,431.0,User23,,
1490031928170,Mouse Moved,492.0,432.0,User23,,
1490031928184,Mouse Moved,490.0,433.0,User23,,
1490031928200,Mouse Moved,489.0,433.0,User23,,
1490031928232,Mouse Moved,488.0,433.0,User23,,
1490031928293,Mouse Moved,488.0,434.0,User23,,
1490031928309,Mouse Moved,487.0,434.0,User23,,
1490031928341,Mouse Moved,487.0,435.0,User23,,
1490031928388,Mouse Moved,486.0,435.0,User23,,
1490031928496,Mouse Moved,486.0,434.0,User23,,
1490031928575,Mouse Moved,486.0,434.0,User23,,
1490031928591,Mouse Button.left Released,486.0,434.0,User23,,
1490031929028,Mouse Moved,487.0,435.0,User23,,
1490031929042,Mouse Moved,491.0,432.0,User23,,
1490031929059,Mouse Moved,498.0,425.0,User23,,
1490031929073,Mouse Moved,506.0,417.0,User23,,
1490031929089,Mouse Moved,516.0,406.0,User23,,
1490031929105,Mouse Moved,522.0,400.0,User23,,
1490031929121,Mouse Moved,539.0,388.0,User23,,
1490031929137,Mouse Moved,548.0,382.0,User23,,
1490031929151,Mouse Moved,569.0,375.0,User23,,
1490031929167,Mouse Moved,583.0,372.0,User23,,
1490031929184,Mouse Moved,591.0,371.0,User23,,
1490031929198,Mouse Moved,602.0,369.0,User23,,
1490031929214,Mouse Moved,606.0,369.0,User23,,
1490031929230,Mouse Moved,612.0,369.0,User23,,
1490031929246,Mouse Moved,613.0,369.0,User23,,
1490031929262,Mouse Moved,614.0,368.0,User23,,
1490031929510,Mouse Moved,615.0,366.0,User23,,
1490031929526,Mouse Moved,616.0,362.0,User23,,
1490031929542,Mouse Moved,638.0,313.0,User23,,
1490031929558,Mouse Moved,651.0,287.0,User23,,
1490031929573,Mouse Moved,675.0,247.0,User23,,
1490031929588,Mouse Moved,688.0,228.0,User23,,
1490031929605,Mouse Moved,693.0,219.0,User23,,
1490031929619,Mouse Moved,695.0,215.0,User23,,
1490031929635,Mouse Moved,695.0,214.0,User23,,
1490031929651,Mouse Moved,696.0,213.0,User23,,
1490031929667,Mouse Moved,697.0,213.0,User23,,
1490031929683,Mouse Moved,697.0,212.0,User23,,
1490031929792,Mouse Moved,697.0,214.0,User23,,
1490031929822,Mouse Moved,697.0,217.0,User23,,
1490031929838,Mouse Moved,697.0,219.0,User23,,
1490031929854,Mouse Moved,696.0,219.0,User23,,
1490031929901,Mouse Moved,696.0,220.0,User23,,
1490031929931,Mouse Moved,696.0,221.0,User23,,
1490031929947,Mouse Moved,695.0,222.0,User23,,
1490031929963,Mouse Moved,693.0,227.0,User23,,
1490031929979,Mouse Moved,691.0,229.0,User23,,
1490031929994,Mouse Moved,688.0,234.0,User23,,
1490031930009,Mouse Moved,686.0,235.0,User23,,
1490031930042,Mouse Moved,686.0,236.0,User23,,
1490031930072,Mouse Moved,684.0,236.0,User23,,
1490031930104,Mouse Moved,683.0,236.0,User23,,
1490031930134,Mouse Moved,684.0,236.0,User23,,
1490031930276,Mouse Moved,684.0,236.0,User23,,
1490031930447,Mouse Moved,683.0,235.0,User23,,
1490031930463,Mouse Moved,684.0,235.0,User23,,
1490031930477,Mouse Moved,686.0,232.0,User23,,
1490031930493,Mouse Moved,689.0,230.0,User23,,
1490031930509,Mouse Moved,690.0,229.0,User23,,
1490031930540,Mouse Moved,692.0,226.0,User23,,
1490031930572,Mouse Moved,693.0,226.0,User23,,
1490031930602,Mouse Moved,694.0,225.0,User23,,
1490031930634,Mouse Moved,695.0,224.0,User23,,
1490031930665,Mouse Moved,696.0,224.0,User23,,
1490031930711,Mouse Moved,696.0,223.0,User23,,
1490031930727,Mouse Moved,697.0,222.0,User23,,
1490031930743,Mouse Moved,698.0,220.0,User23,,
1490031930759,Mouse Moved,700.0,218.0,User23,,
1490031930775,Mouse Moved,703.0,215.0,User23,,
1490031930789,Mouse Moved,708.0,210.0,User23,,
1490031930805,Mouse Moved,717.0,200.0,User23,,
1490031930822,Mouse Moved,745.0,173.0,User23,,
1490031930836,Mouse Moved,766.0,155.0,User23,,
1490031930868,Mouse Moved,775.0,149.0,User23,,
1490031930884,Mouse Moved,798.0,141.0,User23,,
1490031931101,Mouse Moved,804.0,140.0,User23,,
1490031931118,Mouse Moved,806.0,140.0,User23,,
1490031931134,Mouse Moved,819.0,136.0,User23,,
1490031931148,Mouse Moved,827.0,134.0,User23,,
1490031931164,Mouse Moved,867.0,123.0,User23,,
1490031931180,Mouse Moved,892.0,117.0,User23,,
1490031931211,Mouse Moved,902.0,115.0,User23,,
1490031931226,Mouse Moved,926.0,115.0,User23,,
1490031931243,Mouse Moved,929.0,115.0,User23,,
1490031931257,Mouse Moved,930.0,116.0,User23,,
1490031931289,Mouse Moved,931.0,116.0,User23,,
1490031931430,Mouse Moved,930.0,117.0,User23,,
1490031931446,Mouse Moved,925.0,117.0,User23,,
1490031931460,Mouse Moved,921.0,118.0,User23,,
1490031931476,Mouse Moved,912.0,118.0,User23,,
1490031931492,Mouse Moved,908.0,118.0,User23,,
1490031931507,Mouse Moved,891.0,118.0,User23,,
1490031931523,Mouse Moved,884.0,118.0,User23,,
1490031931539,Mouse Moved,881.0,117.0,User23,,
1490031931569,Mouse Moved,879.0,117.0,User23,,
1490031931617,Mouse Moved,878.0,117.0,User23,,
1490031931664,Mouse Moved,877.0,117.0,User23,,
1490031931694,Mouse Moved,874.0,117.0,User23,,
1490031931710,Mouse Moved,872.0,117.0,User23,,
1490031931726,Mouse Moved,871.0,117.0,User23,,
1490031931742,Mouse Moved,868.0,117.0,User23,,
1490031931757,Mouse Moved,866.0,117.0,User23,,
1490031931773,Mouse Moved,865.0,118.0,User23,,
1490031931789,Mouse Moved,861.0,119.0,User23,,
1490031931803,Mouse Moved,859.0,120.0,User23,,
1490031931819,Mouse Moved,856.0,121.0,User23,,
1490031931835,Mouse Moved,855.0,121.0,User23,,
1490031931851,Mouse Moved,854.0,121.0,User23,,
1490031931928,Mouse Moved,853.0,121.0,User23,,
1490031931992,Mouse Moved,852.0,121.0,User23,,
1490031932006,Mouse Moved,853.0,121.0,User23,,
1490031932163,Mouse Moved,853.0,121.0,User23,,
1490031932631,Mouse Moved,852.0,122.0,User23,,
1490031932647,Mouse Moved,851.0,124.0,User23,,
1490031932661,Mouse Moved,837.0,159.0,User23,,
1490031932677,Mouse Moved,816.0,199.0,User23,,
1490031932694,Mouse Moved,758.0,305.0,User23,,
1490031932709,Mouse Moved,744.0,333.0,User23,,
1490031932724,Mouse Moved,726.0,366.0,User23,,
1490031932740,Mouse Moved,720.0,373.0,User23,,
1490031932756,Mouse Moved,709.0,384.0,User23,,
1490031932786,Mouse Moved,706.0,385.0,User23,,
1490031933052,Mouse Moved,703.0,386.0,User23,,
1490031933068,Mouse Moved,702.0,386.0,User23,,
1490031933084,Mouse Moved,698.0,386.0,User23,,
1490031933098,Mouse Moved,695.0,385.0,User23,,
1490031933115,Mouse Moved,688.0,382.0,User23,,
1490031933130,Mouse Moved,685.0,380.0,User23,,
1490031933145,Mouse Moved,682.0,378.0,User23,,
1490031933161,Mouse Moved,678.0,376.0,User23,,
1490031933177,Mouse Moved,677.0,375.0,User23,,
1490031933207,Mouse Moved,676.0,373.0,User23,,
1490031933255,Mouse Moved,675.0,373.0,User23,,
1490031933302,Mouse Moved,674.0,373.0,User23,,
1490031933318,Mouse Moved,671.0,373.0,User23,,
1490031933332,Mouse Moved,670.0,373.0,User23,,
1490031933364,Mouse Moved,669.0,373.0,User23,,
1490031933411,Mouse Moved,669.0,373.0,User23,,
1490031933566,Mouse Moved,669.0,373.0,User23,,
1490031934082,Mouse Moved,671.0,368.0,User23,,
1490031934098,Mouse Moved,702.0,315.0,User23,,
1490031934112,Mouse Moved,753.0,242.0,User23,,
1490031934128,Mouse Moved,772.0,219.0,User23,,
1490031934144,Mouse Moved,819.0,167.0,User23,,
1490031934160,Mouse Moved,841.0,150.0,User23,,
1490031934176,Mouse Moved,867.0,131.0,User23,,
1490031934190,Mouse Moved,875.0,126.0,User23,,
1490031934207,Mouse Moved,889.0,117.0,User23,,
1490031934221,Mouse Moved,899.0,111.0,User23,,
1490031934237,Mouse Moved,901.0,110.0,User23,,
1490031934410,Mouse Moved,903.0,109.0,User23,,
1490031934424,Mouse Moved,904.0,108.0,User23,,
1490031934440,Mouse Moved,907.0,108.0,User23,,
1490031934471,Mouse Moved,909.0,108.0,User23,,
1490031934503,Mouse Moved,911.0,108.0,User23,,
1490031934533,Mouse Moved,911.0,109.0,User23,,
1490031934565,Mouse Moved,912.0,109.0,User23,,
1490031934581,Mouse Moved,912.0,110.0,User23,,
1490031934596,Mouse Moved,912.0,111.0,User23,,
1490031934611,Mouse Moved,912.0,112.0,User23,,
1490031934644,Mouse Moved,913.0,114.0,User23,,
1490031934658,Mouse Moved,913.0,115.0,User23,,
1490031934674,Mouse Moved,914.0,115.0,User23,,
1490031934690,Mouse Moved,914.0,115.0,User23,,
1490031934815,Mouse Moved,914.0,115.0,User23,,
1490031935267,Mouse Moved,913.0,118.0,User23,,
1490031935282,Mouse Moved,909.0,135.0,User23,,
1490031935299,Mouse Moved,906.0,143.0,User23,,
1490031935313,Mouse Moved,898.0,170.0,User23,,
1490031935329,Mouse Moved,889.0,190.0,User23,,
1490031935345,Mouse Moved,878.0,217.0,User23,,
1490031935361,Mouse Moved,869.0,249.0,User23,,
1490031935377,Mouse Moved,865.0,263.0,User23,,
1490031935391,Mouse Moved,860.0,280.0,User23,,
1490031935407,Mouse Moved,858.0,283.0,User23,,
1490031935438,Mouse Moved,856.0,288.0,User23,,
1490031936219,Mouse Moved,853.0,290.0,User23,,
1490031936234,Mouse Moved,847.0,299.0,User23,,
1490031936250,Mouse Moved,792.0,371.0,User23,,
1490031936266,Mouse Moved,775.0,391.0,User23,,
1490031936282,Mouse Moved,744.0,420.0,User23,,
1490031936296,Mouse Moved,735.0,425.0,User23,,
1490031936312,Mouse Moved,719.0,431.0,User23,,
1490031936328,Mouse Moved,714.0,432.0,User23,,
1490031936344,Mouse Moved,706.0,428.0,User23,,
1490031936546,Mouse Moved,704.0,427.0,User23,,
1490031936562,Mouse Moved,704.0,427.0,User23,,
1490031936578,Mouse Moved,704.0,427.0,User23,,
1490031936594,Mouse Scrolled (0 1),704.0,427.0,User23,,
1490031936608,Mouse Moved,704.0,427.0,User23,,
1490031936625,Mouse Scrolled (0 1),704.0,427.0,User23,,
1490031936655,Mouse Moved,704.0,427.0,User23,,
1490031936717,Mouse Moved,704.0,427.0,User23,,
1490031938934,Mouse Moved,705.0,427.0,User23,,
1490031938948,Mouse Moved,724.0,421.0,User23,,
1490031938980,Mouse Moved,828.0,358.0,User23,,
1490031938996,Mouse Moved,967.0,279.0,User23,,
1490031939012,Mouse Moved,1002.0,256.0,User23,,
1490031939042,Mouse Moved,1065.0,225.0,User23,,
1490031939058,Mouse Moved,1095.0,211.0,User23,,
1490031939260,Mouse Moved,1097.0,211.0,User23,,
1490031939276,Mouse Moved,1109.0,199.0,User23,,
1490031939292,Mouse Moved,1123.0,188.0,User23,,
1490031939308,Mouse Moved,1157.0,154.0,User23,,
1490031939323,Mouse Moved,1172.0,138.0,User23,,
1490031939338,Mouse Moved,1196.0,119.0,User23,,
1490031939355,Mouse Moved,1203.0,114.0,User23,,
1490031939369,Mouse Moved,1204.0,113.0,User23,,
1490031939385,Mouse Moved,1205.0,112.0,User23,,
1490031939542,Mouse Moved,1206.0,113.0,User23,,
1490031939558,Mouse Moved,1206.0,114.0,User23,,
1490031939572,Mouse Moved,1208.0,115.0,User23,,
1490031939588,Mouse Moved,1208.0,116.0,User23,,
1490031939604,Mouse Moved,1209.0,117.0,User23,,
1490031939619,Mouse Moved,1210.0,118.0,User23,,
1490031939635,Mouse Moved,1210.0,119.0,User23,,
1490031939667,Mouse Moved,1210.0,120.0,User23,,
1490031939681,Mouse Moved,1210.0,122.0,User23,,
1490031939697,Mouse Moved,1210.0,125.0,User23,,
1490031939713,Mouse Moved,1209.0,127.0,User23,,
1490031939729,Mouse Moved,1205.0,132.0,User23,,
1490031939744,Mouse Moved,1205.0,134.0,User23,,
1490031939759,Mouse Moved,1202.0,136.0,User23,,
1490031939776,Mouse Moved,1201.0,137.0,User23,,
1490031939792,Mouse Moved,1197.0,139.0,User23,,
1490031939806,Mouse Moved,1193.0,141.0,User23,,
1490031939822,Mouse Moved,1190.0,143.0,User23,,
1490031939838,Mouse Moved,1188.0,145.0,User23,,
1490031939854,Mouse Moved,1186.0,147.0,User23,,
1490031939869,Mouse Moved,1185.0,148.0,User23,,
1490031939884,Mouse Moved,1183.0,149.0,User23,,
1490031940305,Mouse Moved,1180.0,154.0,User23,,
1490031940322,Mouse Moved,1173.0,164.0,User23,,
1490031940338,Mouse Moved,1120.0,232.0,User23,,
1490031940352,Mouse Moved,1085.0,273.0,User23,,
1490031940368,Mouse Moved,997.0,357.0,User23,,
1490031940384,Mouse Moved,953.0,395.0,User23,,
1490031940400,Mouse Moved,879.0,446.0,User23,,
1490031940415,Mouse Moved,856.0,459.0,User23,,
1490031940430,Mouse Moved,826.0,473.0,User23,,
1490031940447,Mouse Moved,813.0,475.0,User23,,
1490031940461,Mouse Moved,810.0,475.0,User23,,
1490031940477,Mouse Moved,807.0,475.0,User23,,
1490031941382,Mouse Moved,802.0,476.0,User23,,
1490031941398,Mouse Moved,799.0,476.0,User23,,
1490031941414,Mouse Moved,784.0,479.0,User23,,
1490031941430,Mouse Moved,760.0,480.0,User23,,
1490031941444,Mouse Moved,745.0,480.0,User23,,
1490031941460,Mouse Moved,714.0,474.0,User23,,
1490031941476,Mouse Moved,695.0,468.0,User23,,
1490031941492,Mouse Moved,668.0,458.0,User23,,
1490031941507,Mouse Moved,655.0,451.0,User23,,
1490031941523,Mouse Moved,637.0,440.0,User23,,
1490031941539,Mouse Moved,631.0,436.0,User23,,
1490031941553,Mouse Moved,622.0,429.0,User23,,
1490031941569,Mouse Moved,619.0,423.0,User23,,
1490031941585,Mouse Moved,618.0,421.0,User23,,
1490031941601,Mouse Moved,617.0,419.0,User23,,
1490031942224,Mouse Moved,616.0,419.0,User23,,
1490031942240,Mouse Moved,613.0,421.0,User23,,
1490031942256,Mouse Moved,592.0,425.0,User23,,
1490031942272,Mouse Moved,574.0,425.0,User23,,
1490031942288,Mouse Moved,514.0,407.0,User23,,
1490031942302,Mouse Moved,472.0,388.0,User23,,
1490031942319,Mouse Moved,418.0,350.0,User23,,
1490031942334,Mouse Moved,378.0,309.0,User23,,
1490031942349,Mouse Moved,363.0,285.0,User23,,
1490031942365,Mouse Moved,353.0,269.0,User23,,
1490031942381,Mouse Moved,350.0,259.0,User23,,
1490031942397,Mouse Moved,347.0,256.0,User23,,
1490031942645,Mouse Moved,345.0,257.0,User23,,
1490031942661,Mouse Moved,342.0,258.0,User23,,
1490031942677,Mouse Moved,329.0,255.0,User23,,
1490031942693,Mouse Moved,320.0,248.0,User23,,
1490031942709,Mouse Moved,287.0,200.0,User23,,
1490031942723,Mouse Moved,265.0,162.0,User23,,
1490031942740,Mouse Moved,245.0,136.0,User23,,
1490031942756,Mouse Moved,233.0,125.0,User23,,
1490031942770,Mouse Moved,228.0,123.0,User23,,
1490031942786,Mouse Moved,216.0,121.0,User23,,
1490031942802,Mouse Moved,213.0,121.0,User23,,
1490031942818,Mouse Moved,211.0,121.0,User23,,
1490031943005,Mouse Moved,209.0,121.0,User23,,
1490031943020,Mouse Moved,202.0,120.0,User23,,
1490031943036,Mouse Moved,198.0,119.0,User23,,
1490031943052,Mouse Moved,180.0,107.0,User23,,
1490031943068,Mouse Moved,169.0,100.0,User23,,
1490031943082,Mouse Moved,157.0,87.0,User23,,
1490031943098,Mouse Moved,147.0,79.0,User23,,
1490031943114,Mouse Moved,145.0,76.0,User23,,
1490031943130,Mouse Moved,142.0,75.0,User23,,
1490031943145,Mouse Moved,141.0,74.0,User23,,
1490031943161,Mouse Moved,140.0,74.0,User23,,
1490031943191,Mouse Moved,139.0,73.0,User23,,
1490031943207,Mouse Moved,138.0,73.0,User23,,
1490031943598,Mouse Moved,138.0,73.0,User23,,
1490031943723,Mouse Moved,138.0,73.0,User23,,
1490031944752,Mouse Moved,137.0,73.0,User23,,
1490031944767,Mouse Moved,136.0,75.0,User23,,
1490031944783,Mouse Moved,132.0,82.0,User23,,
1490031944799,Mouse Moved,122.0,95.0,User23,,
1490031944815,Mouse Moved,115.0,101.0,User23,,
1490031944845,Mouse Moved,93.0,126.0,User23,,
1490031944861,Mouse Moved,82.0,139.0,User23,,
1490031944877,Mouse Moved,78.0,145.0,User23,,
1490031944892,Mouse Moved,72.0,155.0,User23,,
1490031944907,Mouse Moved,70.0,158.0,User23,,
1490031944924,Mouse Moved,69.0,162.0,User23,,
1490031944940,Mouse Moved,68.0,166.0,User23,,
1490031944954,Mouse Moved,68.0,168.0,User23,,
1490031944970,Mouse Moved,68.0,173.0,User23,,
1490031944986,Mouse Moved,68.0,180.0,User23,,
1490031945002,Mouse Moved,69.0,188.0,User23,,
1490031945017,Mouse Moved,70.0,196.0,User23,,
1490031945032,Mouse Moved,71.0,198.0,User23,,
1490031945049,Mouse Moved,72.0,202.0,User23,,
1490031945063,Mouse Moved,73.0,205.0,User23,,
1490031945079,Mouse Moved,74.0,210.0,User23,,
1490031945095,Mouse Moved,75.0,213.0,User23,,
1490031945111,Mouse Moved,75.0,220.0,User23,,
1490031945127,Mouse Moved,75.0,223.0,User23,,
1490031945141,Mouse Moved,75.0,229.0,User23,,
1490031945157,Mouse Moved,75.0,230.0,User23,,
1490031945174,Mouse Moved,76.0,233.0,User23,,
1490031945391,Mouse Moved,76.0,234.0,User23,,
1490031945407,Mouse Moved,75.0,240.0,User23,,
1490031945423,Mouse Moved,71.0,253.0,User23,,
1490031945438,Mouse Moved,70.0,259.0,User23,,
1490031945453,Mouse Moved,65.0,282.0,User23,,
1490031945470,Mouse Moved,63.0,297.0,User23,,
1490031945486,Mouse Moved,63.0,309.0,User23,,
1490031945500,Mouse Moved,63.0,329.0,User23,,
1490031945516,Mouse Moved,62.0,341.0,User23,,
1490031945532,Mouse Moved,62.0,357.0,User23,,
1490031945548,Mouse Moved,62.0,365.0,User23,,
1490031945563,Mouse Moved,64.0,385.0,User23,,
1490031945578,Mouse Moved,66.0,392.0,User23,,
1490031945595,Mouse Moved,67.0,399.0,User23,,
1490031945609,Mouse Moved,69.0,409.0,User23,,
1490031945812,Mouse Moved,69.0,412.0,User23,,
1490031945844,Mouse Moved,69.0,414.0,User23,,
1490031945859,Mouse Moved,67.0,426.0,User23,,
1490031945875,Mouse Moved,65.0,435.0,User23,,
1490031945891,Mouse Moved,65.0,451.0,User23,,
1490031945907,Mouse Moved,63.0,467.0,User23,,
1490031945921,Mouse Moved,63.0,470.0,User23,,
1490031945937,Mouse Moved,62.0,483.0,User23,,
1490031945953,Mouse Moved,62.0,486.0,User23,,
1490031945969,Mouse Moved,62.0,493.0,User23,,
1490031945984,Mouse Moved,62.0,501.0,User23,,
1490031946000,Mouse Moved,61.0,507.0,User23,,
1490031946016,Mouse Moved,61.0,511.0,User23,,
1490031946032,Mouse Moved,61.0,519.0,User23,,
1490031946062,Mouse Moved,61.0,521.0,User23,,
1490031946078,Mouse Moved,60.0,527.0,User23,,
1490031946109,Mouse Moved,59.0,537.0,User23,,
1490031946125,Mouse Moved,58.0,552.0,User23,,
1490031946141,Mouse Moved,58.0,558.0,User23,,
1490031946155,Mouse Moved,58.0,560.0,User23,,
1490031946171,Mouse Moved,58.0,563.0,User23,,
1490031946187,Mouse Moved,58.0,565.0,User23,,
1490031946421,Mouse Moved,57.0,568.0,User23,,
1490031946437,Mouse Moved,55.0,590.0,User23,,
1490031946453,Mouse Moved,55.0,594.0,User23,,
1490031946483,Mouse Moved,55.0,602.0,User23,,
1490031946500,Mouse Moved,55.0,616.0,User23,,
1490031946515,Mouse Moved,55.0,622.0,User23,,
1490031946530,Mouse Moved,55.0,625.0,User23,,
1490031946546,Mouse Moved,55.0,629.0,User23,,
1490031946562,Mouse Moved,55.0,630.0,User23,,
1490031946578,Mouse Moved,55.0,631.0,User23,,
1490031946592,Mouse Moved,55.0,633.0,User23,,
1490031946624,Mouse Moved,55.0,634.0,User23,,
1490031946640,Mouse Moved,55.0,635.0,User23,,
1490031946655,Mouse Moved,55.0,638.0,User23,,
1490031946671,Mouse Moved,55.0,640.0,User23,,
1490031946779,Mouse Moved,55.0,640.0,User23,,
1490031946921,Mouse Moved,55.0,640.0,User23,,
1490031948121,Mouse Moved,53.0,643.0,User23,,
1490031948138,Mouse Moved,53.0,644.0,User23,,
1490031948153,Mouse Moved,52.0,644.0,User23,,
1490031948278,Mouse Moved,52.0,645.0,User23,,
1490031948355,Mouse Moved,52.0,642.0,User23,,
1490031948371,Mouse Moved,52.0,634.0,User23,,
1490031948387,Mouse Moved,52.0,615.0,User23,,
1490031948403,Mouse Moved,52.0,607.0,User23,,
1490031948417,Mouse Moved,51.0,602.0,User23,,
1490031948434,Mouse Moved,51.0,600.0,User23,,
1490031948464,Mouse Moved,50.0,599.0,User23,,
1490031948496,Mouse Moved,50.0,598.0,User23,,
1490031948542,Mouse Moved,49.0,597.0,User23,,
1490031948559,Mouse Moved,48.0,596.0,User23,,
1490031948589,Mouse Moved,47.0,596.0,User23,,
1490031948605,Mouse Moved,46.0,595.0,User23,,
1490031948651,Mouse Moved,44.0,594.0,User23,,
1490031948667,Mouse Moved,43.0,590.0,User23,,
1490031948684,Mouse Moved,42.0,583.0,User23,,
1490031948698,Mouse Moved,40.0,576.0,User23,,
1490031948730,Mouse Moved,40.0,575.0,User23,,
1490031948746,Mouse Moved,40.0,573.0,User23,,
1490031948762,Mouse Moved,39.0,573.0,User23,,
1490031948808,Mouse Moved,39.0,572.0,User23,,
1490031949073,Mouse Moved,39.0,570.0,User23,,
1490031949088,Mouse Moved,41.0,565.0,User23,,
1490031949105,Mouse Moved,60.0,518.0,User23,,
1490031949119,Mouse Moved,72.0,487.0,User23,,
1490031949135,Mouse Moved,94.0,436.0,User23,,
1490031949167,Mouse Moved,107.0,406.0,User23,,
1490031949479,Mouse Moved,108.0,397.0,User23,,
1490031949494,Mouse Moved,98.0,374.0,User23,,
1490031949509,Mouse Moved,95.0,367.0,User23,,
1490031949542,Mouse Moved,85.0,345.0,User23,,
1490031949556,Mouse Moved,73.0,313.0,User23,,
1490031949572,Mouse Moved,68.0,297.0,User23,,
1490031949588,Mouse Moved,66.0,291.0,User23,,
1490031949604,Mouse Moved,64.0,282.0,User23,,
1490031949619,Mouse Moved,61.0,266.0,User23,,
1490031949634,Mouse Moved,59.0,260.0,User23,,
1490031949651,Mouse Moved,57.0,254.0,User23,,
1490031949665,Mouse Moved,57.0,251.0,User23,,
1490031949681,Mouse Moved,57.0,249.0,User23,,
1490031949697,Mouse Moved,56.0,247.0,User23,,
1490031949729,Mouse Moved,56.0,246.0,User23,,
1490031949743,Mouse Moved,55.0,239.0,User23,,
1490031949759,Mouse Moved,54.0,236.0,User23,,
1490031949776,Mouse Moved,54.0,235.0,User23,,
1490031949790,Mouse Moved,53.0,233.0,User23,,
1490031949806,Mouse Moved,53.0,231.0,User23,,
1490031949822,Mouse Moved,53.0,230.0,User23,,
1490031949854,Mouse Moved,53.0,229.0,User23,,
1490031949884,Mouse Moved,53.0,228.0,User23,,
1490031949900,Mouse Moved,53.0,225.0,User23,,
1490031949931,Mouse Moved,53.0,223.0,User23,,
1490031949947,Mouse Moved,53.0,221.0,User23,,
1490031949993,Mouse Moved,52.0,218.0,User23,,
1490031950025,Mouse Moved,52.0,217.0,User23,,
1490031950088,Mouse Moved,52.0,219.0,User23,,
1490031950102,Mouse Moved,48.0,247.0,User23,,
1490031950118,Mouse Moved,45.0,278.0,User23,,
1490031950134,Mouse Moved,44.0,322.0,User23,,
1490031950150,Mouse Moved,44.0,385.0,User23,,
1490031950165,Mouse Moved,44.0,417.0,User23,,
1490031950180,Mouse Moved,47.0,499.0,User23,,
1490031950197,Mouse Moved,50.0,517.0,User23,,
1490031950211,Mouse Moved,56.0,569.0,User23,,
1490031950227,Mouse Moved,57.0,581.0,User23,,
1490031950243,Mouse Moved,59.0,596.0,User23,,
1490031950259,Mouse Moved,59.0,599.0,User23,,
1490031950446,Mouse Moved,59.0,602.0,User23,,
1490031950477,Mouse Moved,58.0,606.0,User23,,
1490031950493,Mouse Moved,54.0,629.0,User23,,
1490031950509,Mouse Moved,53.0,648.0,User23,,
1490031950523,Mouse Moved,51.0,659.0,User23,,
1490031950539,Mouse Moved,51.0,665.0,User23,,
1490031950555,Mouse Moved,51.0,667.0,User23,,
1490031950571,Mouse Moved,51.0,675.0,User23,,
1490031950586,Mouse Moved,51.0,680.0,User23,,
1490031950601,Mouse Moved,51.0,681.0,User23,,
1490031950618,Mouse Moved,51.0,682.0,User23,,
1490031950634,Mouse Moved,51.0,683.0,User23,,
1490031950930,Mouse Moved,51.0,685.0,User23,,
1490031950946,Mouse Moved,51.0,691.0,User23,,
1490031950960,Mouse Moved,51.0,694.0,User23,,
1490031950976,Mouse Moved,51.0,709.0,User23,,
1490031950992,Mouse Moved,51.0,722.0,User23,,
1490031951023,Mouse Moved,53.0,733.0,User23,,
1490031951039,Mouse Moved,54.0,737.0,User23,,
1490031951055,Mouse Moved,60.0,746.0,User23,,
1490031951069,Mouse Moved,61.0,748.0,User23,,
1490031951085,Mouse Moved,64.0,751.0,User23,,
1490031951101,Mouse Moved,66.0,753.0,User23,,
1490031951117,Mouse Moved,68.0,754.0,User23,,
1490031951132,Mouse Moved,71.0,757.0,User23,,
1490031951148,Mouse Moved,73.0,758.0,User23,,
1490031951164,Mouse Moved,75.0,759.0,User23,,
1490031951180,Mouse Moved,79.0,759.0,User23,,
1490031951210,Mouse Moved,82.0,759.0,User23,,
1490031951226,Mouse Moved,92.0,759.0,User23,,
1490031951242,Mouse Moved,103.0,759.0,User23,,
1490031951257,Mouse Moved,116.0,758.0,User23,,
1490031951273,Mouse Moved,122.0,758.0,User23,,
1490031951289,Mouse Moved,137.0,758.0,User23,,
1490031951303,Mouse Moved,140.0,758.0,User23,,
1490031951319,Mouse Moved,143.0,758.0,User23,,
1490031951335,Mouse Moved,146.0,757.0,User23,,
1490031951351,Mouse Moved,147.0,757.0,User23,,
1490031951476,Mouse Moved,146.0,757.0,User23,,
1490031951492,Mouse Moved,129.0,758.0,User23,,
1490031951506,Mouse Moved,106.0,760.0,User23,,
1490031951523,Mouse Moved,84.0,760.0,User23,,
1490031951553,Mouse Moved,72.0,758.0,User23,,
1490031951569,Mouse Moved,50.0,758.0,User23,,
1490031951585,Mouse Moved,44.0,758.0,User23,,
1490031951601,Mouse Moved,41.0,758.0,User23,,
1490031951615,Mouse Moved,36.0,758.0,User23,,
1490031951631,Mouse Moved,32.0,758.0,User23,,
1490031951648,Mouse Moved,31.0,758.0,User23,,
1490031951678,Mouse Moved,30.0,758.0,User23,,
1490031951694,Mouse Moved,29.0,758.0,User23,,
1490031951756,Mouse Moved,28.0,758.0,User23,,
1490031951772,Mouse Moved,27.0,758.0,User23,,
1490031951835,Mouse Moved,27.0,758.0,User23,,
1490031951974,Mouse Moved,27.0,758.0,User23,,
1490031952864,Mouse Moved,28.0,756.0,User23,,
1490031952880,Mouse Moved,33.0,747.0,User23,,
1490031952895,Mouse Moved,60.0,687.0,User23,,
1490031952911,Mouse Moved,87.0,637.0,User23,,
1490031952927,Mouse Moved,104.0,610.0,User23,,
1490031952941,Mouse Moved,127.0,573.0,User23,,
1490031952957,Mouse Moved,167.0,513.0,User23,,
1490031952973,Mouse Moved,201.0,466.0,User23,,
1490031952989,Mouse Moved,230.0,430.0,User23,,
1490031953005,Mouse Moved,238.0,422.0,User23,,
1490031953019,Mouse Moved,249.0,410.0,User23,,
1490031953066,Mouse Moved,253.0,407.0,User23,,
1490031953316,Mouse Moved,257.0,402.0,User23,,
1490031953332,Mouse Moved,260.0,399.0,User23,,
1490031953348,Mouse Moved,268.0,392.0,User23,,
1490031953378,Mouse Moved,279.0,382.0,User23,,
1490031953410,Mouse Moved,289.0,372.0,User23,,
1490031953426,Mouse Moved,296.0,364.0,User23,,
1490031953441,Mouse Moved,298.0,363.0,User23,,
1490031953457,Mouse Moved,300.0,361.0,User23,,
1490031953473,Mouse Moved,304.0,358.0,User23,,
1490031953487,Mouse Moved,305.0,358.0,User23,,
1490031953503,Mouse Moved,307.0,356.0,User23,,
1490031953519,Mouse Moved,308.0,356.0,User23,,
1490031953535,Mouse Moved,309.0,355.0,User23,,
1490031953628,Mouse Moved,310.0,355.0,User23,,
1490031953676,Mouse Moved,310.0,354.0,User23,,
1490031953690,Mouse Moved,311.0,354.0,User23,,
1490031954799,Mouse Moved,311.0,354.0,User23,,
1490031954891,Mouse Moved,311.0,354.0,User23,,
1490031956451,Mouse Moved,312.0,354.0,User23,,
1490031956874,Mouse Moved,318.0,352.0,User23,,
1490031956888,Mouse Moved,446.0,314.0,User23,,
1490031956904,Mouse Moved,551.0,284.0,User23,,
1490031956920,Mouse Moved,612.0,276.0,User23,,
1490031956936,Mouse Moved,666.0,262.0,User23,,
1490031956951,Mouse Moved,759.0,247.0,User23,,
1490031956967,Mouse Moved,780.0,243.0,User23,,
1490031956983,Mouse Moved,803.0,239.0,User23,,
1490031957170,Mouse Moved,804.0,239.0,User23,,
1490031957186,Mouse Moved,811.0,241.0,User23,,
1490031957200,Mouse Moved,816.0,242.0,User23,,
1490031957217,Mouse Moved,825.0,242.0,User23,,
1490031957232,Mouse Moved,831.0,242.0,User23,,
1490031957247,Mouse Moved,840.0,240.0,User23,,
1490031957263,Mouse Moved,843.0,239.0,User23,,
1490031957279,Mouse Moved,858.0,234.0,User23,,
1490031957295,Mouse Moved,869.0,230.0,User23,,
1490031957325,Mouse Moved,875.0,227.0,User23,,
1490031957342,Mouse Moved,893.0,222.0,User23,,
1490031957357,Mouse Moved,895.0,222.0,User23,,
1490031957372,Mouse Moved,897.0,222.0,User23,,
1490031957388,Mouse Moved,899.0,222.0,User23,,
1490031957404,Mouse Moved,900.0,222.0,User23,,
1490031957529,Mouse Moved,899.0,222.0,User23,,
1490031957638,Mouse Moved,899.0,222.0,User23,,
1490031957716,Mouse Moved,899.0,222.0,User23,,
1490031957859,Mouse Moved,899.0,222.0,User23,,
1490031957948,Mouse Button.left Released,899.0,222.0,User23,,
1490031958523,Mouse Moved,890.0,226.0,User23,,
1490031958538,Mouse Moved,833.0,243.0,User23,,
1490031958553,Mouse Moved,739.0,253.0,User23,,
1490031958569,Mouse Moved,695.0,253.0,User23,,
1490031958615,Mouse Moved,634.0,229.0,User23,,
1490031958631,Mouse Moved,573.0,178.0,User23,,
1490031958648,Mouse Moved,569.0,174.0,User23,,
1490031958663,Mouse Moved,568.0,172.0,User23,,
1490031958678,Mouse Moved,567.0,172.0,User23,,
1490031958726,Mouse Moved,565.0,169.0,User23,,
1490031958944,Mouse Moved,563.0,170.0,User23,,
1490031958960,Mouse Moved,553.0,176.0,User23,,
1490031958974,Mouse Moved,526.0,181.0,User23,,
1490031958990,Mouse Moved,475.0,184.0,User23,,
1490031959006,Mouse Moved,448.0,180.0,User23,,
1490031959038,Mouse Moved,432.0,176.0,User23,,
1490031959052,Mouse Moved,379.0,164.0,User23,,
1490031959069,Mouse Moved,368.0,161.0,User23,,
1490031959084,Mouse Moved,365.0,160.0,User23,,
1490031959099,Mouse Moved,364.0,158.0,User23,,
1490031959286,Mouse Moved,363.0,157.0,User23,,
1490031959302,Mouse Moved,355.0,152.0,User23,,
1490031959318,Mouse Moved,349.0,149.0,User23,,
1490031959334,Mouse Moved,339.0,146.0,User23,,
1490031959349,Mouse Moved,327.0,140.0,User23,,
1490031959365,Mouse Moved,318.0,136.0,User23,,
1490031959395,Mouse Moved,315.0,135.0,User23,,
1490031959411,Mouse Moved,311.0,133.0,User23,,
1490031959459,Mouse Moved,310.0,133.0,User23,,
1490031959520,Mouse Moved,310.0,132.0,User23,,
1490031959552,Mouse Moved,310.0,130.0,User23,,
1490031959677,Mouse Moved,310.0,129.0,User23,,
1490031959755,Mouse Moved,310.0,129.0,User23,,
1490031959864,Mouse Moved,310.0,129.0,User23,,
1490031960096,Mouse Moved,310.0,130.0,User23,,
1490031960112,Mouse Moved,312.0,134.0,User23,,
1490031960128,Mouse Moved,318.0,142.0,User23,,
1490031960144,Mouse Moved,490.0,267.0,User23,,
1490031960160,Mouse Moved,530.0,287.0,User23,,
1490031960174,Mouse Moved,599.0,303.0,User23,,
1490031960190,Mouse Moved,647.0,314.0,User23,,
1490031960206,Mouse Moved,667.0,315.0,User23,,
1490031960221,Mouse Moved,680.0,315.0,User23,,
1490031960440,Mouse Moved,689.0,316.0,User23,,
1490031960456,Mouse Moved,701.0,324.0,User23,,
1490031960471,Mouse Moved,716.0,331.0,User23,,
1490031960486,Mouse Moved,759.0,351.0,User23,,
1490031960503,Mouse Moved,786.0,357.0,User23,,
1490031960517,Mouse Moved,833.0,366.0,User23,,
1490031960533,Mouse Moved,847.0,367.0,User23,,
1490031960549,Mouse Moved,883.0,367.0,User23,,
1490031960565,Mouse Moved,903.0,367.0,User23,,
1490031960581,Mouse Moved,909.0,366.0,User23,,
1490031960783,Mouse Moved,919.0,356.0,User23,,
1490031960799,Mouse Moved,952.0,308.0,User23,,
1490031960829,Mouse Moved,968.0,282.0,User23,,
1490031960845,Mouse Moved,979.0,262.0,User23,,
1490031960861,Mouse Moved,980.0,259.0,User23,,
1490031960877,Mouse Moved,980.0,258.0,User23,,
1490031960892,Mouse Moved,981.0,256.0,User23,,
1490031960907,Mouse Moved,981.0,255.0,User23,,
1490031960924,Mouse Moved,981.0,252.0,User23,,
1490031960940,Mouse Moved,981.0,251.0,User23,,
1490031960954,Mouse Moved,981.0,249.0,User23,,
1490031960986,Mouse Moved,981.0,248.0,User23,,
1490031961079,Mouse Moved,981.0,247.0,User23,,
1490031961095,Mouse Moved,980.0,245.0,User23,,
1490031961111,Mouse Moved,980.0,241.0,User23,,
1490031961127,Mouse Moved,980.0,240.0,User23,,
1490031961141,Mouse Moved,980.0,235.0,User23,,
1490031961157,Mouse Moved,980.0,233.0,User23,,
1490031961188,Mouse Moved,980.0,230.0,User23,,
1490031962109,Mouse Moved,978.0,232.0,User23,,
1490031962125,Mouse Moved,974.0,233.0,User23,,
1490031962141,Mouse Moved,954.0,240.0,User23,,
1490031962171,Mouse Moved,937.0,242.0,User23,,
1490031962187,Mouse Moved,875.0,245.0,User23,,
1490031962203,Mouse Moved,846.0,246.0,User23,,
1490031962219,Mouse Moved,832.0,246.0,User23,,
1490031962233,Mouse Moved,814.0,247.0,User23,,
1490031962250,Mouse Moved,809.0,247.0,User23,,
1490031962266,Mouse Moved,804.0,247.0,User23,,
1490031962280,Mouse Moved,801.0,247.0,User23,,
1490031962296,Mouse Moved,799.0,247.0,User23,,
1490031962562,Mouse Moved,798.0,246.0,User23,,
1490031962578,Mouse Moved,794.0,245.0,User23,,
1490031962592,Mouse Moved,792.0,243.0,User23,,
1490031962608,Mouse Moved,787.0,240.0,User23,,
1490031962624,Mouse Moved,783.0,237.0,User23,,
1490031962640,Mouse Moved,781.0,236.0,User23,,
1490031962655,Mouse Moved,781.0,235.0,User23,,
1490031962671,Mouse Moved,779.0,235.0,User23,,
1490031962687,Mouse Moved,779.0,234.0,User23,,
1490031962701,Mouse Moved,778.0,233.0,User23,,
1490031962717,Mouse Moved,776.0,230.0,User23,,
1490031962733,Mouse Moved,775.0,228.0,User23,,
1490031962749,Mouse Moved,774.0,227.0,User23,,
1490031962765,Mouse Moved,773.0,227.0,User23,,
1490031962779,Mouse Moved,773.0,226.0,User23,,
1490031962796,Mouse Moved,772.0,225.0,User23,,
1490031962826,Mouse Moved,770.0,225.0,User23,,
1490031962858,Mouse Moved,767.0,223.0,User23,,
1490031962874,Mouse Moved,756.0,222.0,User23,,
1490031962890,Mouse Moved,752.0,222.0,User23,,
1490031962904,Mouse Moved,745.0,221.0,User23,,
1490031962921,Mouse Moved,740.0,221.0,User23,,
1490031962936,Mouse Moved,739.0,221.0,User23,,
1490031962951,Mouse Moved,737.0,221.0,User23,,
1490031963201,Mouse Moved,736.0,221.0,User23,,
1490031963217,Mouse Moved,726.0,221.0,User23,,
1490031963233,Mouse Moved,706.0,222.0,User23,,
1490031963247,Mouse Moved,687.0,220.0,User23,,
1490031963263,Mouse Moved,681.0,219.0,User23,,
1490031963279,Mouse Moved,668.0,216.0,User23,,
1490031963295,Mouse Moved,666.0,215.0,User23,,
1490031963311,Mouse Moved,664.0,215.0,User23,,
1490031963325,Mouse Moved,663.0,215.0,User23,,
1490031963622,Mouse Moved,657.0,215.0,User23,,
1490031963654,Mouse Moved,653.0,215.0,User23,,
1490031963670,Mouse Moved,642.0,215.0,User23,,
1490031963700,Mouse Moved,631.0,213.0,User23,,
1490031963716,Mouse Moved,629.0,213.0,User23,,
1490031963732,Mouse Moved,627.0,213.0,User23,,
1490031963779,Mouse Moved,626.0,213.0,User23,,
1490031964153,Mouse Moved,624.0,213.0,User23,,
1490031964168,Mouse Moved,619.0,213.0,User23,,
1490031964184,Mouse Moved,616.0,212.0,User23,,
1490031964200,Mouse Moved,609.0,211.0,User23,,
1490031964216,Mouse Moved,607.0,210.0,User23,,
1490031964246,Mouse Moved,603.0,209.0,User23,,
1490031964339,Mouse Moved,603.0,209.0,User23,,
1490031964355,Mouse Button.left Pressed,603.0,209.0,User23,,
1490031964450,Mouse Moved,603.0,209.0,User23,,
1490031964542,Mouse Moved,603.0,209.0,User23,,
1490031964637,Mouse Moved,603.0,209.0,User23,,
1490031964684,Mouse Button.left Released,603.0,209.0,User23,,
1490031965130,Mouse Moved,605.0,209.0,User23,,
1490031965144,Mouse Moved,606.0,209.0,User23,,
1490031965161,Mouse Moved,611.0,212.0,User23,,
1490031965177,Mouse Moved,614.0,214.0,User23,,
1490031965207,Mouse Moved,618.0,216.0,User23,,
1490031965223,Mouse Moved,623.0,220.0,User23,,
1490031965239,Mouse Moved,625.0,221.0,User23,,
1490031965255,Mouse Moved,627.0,222.0,User23,,
1490031965269,Mouse Moved,628.0,223.0,User23,,
1490031965286,Mouse Moved,631.0,224.0,User23,,
1490031965301,Mouse Moved,637.0,225.0,User23,,
1490031965316,Mouse Moved,642.0,225.0,User23,,
1490031965332,Mouse Moved,647.0,225.0,User23,,
1490031965348,Mouse Moved,665.0,225.0,User23,,
1490031965364,Mouse Moved,669.0,225.0,User23,,
1490031965378,Mouse Moved,677.0,225.0,User23,,
1490031965394,Mouse Moved,681.0,224.0,User23,,
1490031965411,Mouse Moved,686.0,224.0,User23,,
1490031965426,Mouse Moved,688.0,224.0,User23,,
1490031965441,Mouse Moved,690.0,224.0,User23,,
1490031965457,Mouse Moved,694.0,223.0,User23,,
1490031965473,Mouse Moved,695.0,222.0,User23,,
1490031966065,Mouse Moved,695.0,224.0,User23,,
1490031966096,Mouse Moved,696.0,227.0,User23,,
1490031966112,Mouse Moved,706.0,261.0,User23,,
1490031966128,Mouse Moved,713.0,274.0,User23,,
1490031966144,Mouse Moved,718.0,280.0,User23,,
1490031966158,Mouse Moved,723.0,285.0,User23,,
1490031966174,Mouse Moved,740.0,298.0,User23,,
1490031966190,Mouse Moved,748.0,303.0,User23,,
1490031966206,Mouse Moved,762.0,314.0,User23,,
1490031966221,Mouse Moved,769.0,318.0,User23,,
1490031966595,Mouse Moved,772.0,318.0,User23,,
1490031966611,Mouse Moved,776.0,318.0,User23,,
1490031966627,Mouse Moved,791.0,317.0,User23,,
1490031966642,Mouse Moved,800.0,315.0,User23,,
1490031966658,Mouse Moved,821.0,314.0,User23,,
1490031966674,Mouse Moved,837.0,314.0,User23,,
1490031966690,Mouse Moved,845.0,313.0,User23,,
1490031966704,Mouse Moved,848.0,313.0,User23,,
1490031966938,Mouse Moved,853.0,311.0,User23,,
1490031966954,Mouse Moved,884.0,290.0,User23,,
1490031966970,Mouse Moved,914.0,265.0,User23,,
1490031966986,Mouse Moved,955.0,240.0,User23,,
1490031967016,Mouse Moved,1066.0,161.0,User23,,
1490031967032,Mouse Moved,1139.0,107.0,User23,,
1490031967049,Mouse Moved,1168.0,76.0,User23,,
1490031967282,Mouse Moved,1173.0,72.0,User23,,
1490031967298,Mouse Moved,1177.0,72.0,User23,,
1490031967313,Mouse Moved,1183.0,71.0,User23,,
1490031967328,Mouse Moved,1197.0,70.0,User23,,
1490031967345,Mouse Moved,1210.0,70.0,User23,,
1490031967361,Mouse Moved,1218.0,69.0,User23,,
1490031967375,Mouse Moved,1222.0,69.0,User23,,
1490031967391,Mouse Moved,1226.0,69.0,User23,,
1490031967407,Mouse Moved,1231.0,69.0,User23,,
1490031967423,Mouse Moved,1234.0,69.0,User23,,
1490031967438,Mouse Moved,1235.0,69.0,User23,,
1490031967453,Mouse Moved,1236.0,69.0,User23,,
1490031967470,Mouse Moved,1237.0,69.0,User23,,
1490031967484,Mouse Moved,1239.0,70.0,User23,,
1490031967500,Mouse Moved,1239.0,71.0,User23,,
1490031967516,Mouse Moved,1241.0,75.0,User23,,
1490031967532,Mouse Moved,1242.0,79.0,User23,,
1490031967548,Mouse Moved,1242.0,84.0,User23,,
1490031967562,Mouse Moved,1241.0,88.0,User23,,
1490031967578,Mouse Moved,1240.0,90.0,User23,,
1490031967595,Mouse Moved,1239.0,91.0,User23,,
1490031967609,Mouse Moved,1239.0,92.0,User23,,
1490031967625,Mouse Moved,1237.0,94.0,User23,,
1490031967641,Mouse Moved,1236.0,95.0,User23,,
1490031967657,Mouse Moved,1234.0,98.0,User23,,
1490031967673,Mouse Moved,1234.0,100.0,User23,,
1490031967703,Mouse Moved,1232.0,102.0,User23,,
1490031967719,Mouse Moved,1231.0,103.0,User23,,
1490031967766,Mouse Moved,1231.0,104.0,User23,,
1490031968155,Mouse Moved,1229.0,104.0,User23,,
1490031968171,Mouse Moved,1226.0,104.0,User23,,
1490031968187,Mouse Moved,1212.0,100.0,User23,,
1490031968203,Mouse Moved,1206.0,98.0,User23,,
1490031968219,Mouse Moved,1196.0,95.0,User23,,
1490031968233,Mouse Moved,1182.0,94.0,User23,,
1490031968265,Mouse Moved,1178.0,94.0,User23,,
1490031968280,Mouse Moved,1171.0,94.0,User23,,
1490031968296,Mouse Moved,1170.0,94.0,User23,,
1490031968328,Mouse Moved,1167.0,93.0,User23,,
1490031968342,Mouse Moved,1166.0,92.0,User23,,
1490031968390,Mouse Moved,1165.0,92.0,User23,,
1490031968437,Mouse Moved,1164.0,92.0,User23,,
1490031968453,Mouse Moved,1163.0,92.0,User23,,
1490031968467,Mouse Moved,1162.0,92.0,User23,,
1490031968483,Mouse Moved,1160.0,92.0,User23,,
1490031968592,Mouse Moved,1160.0,93.0,User23,,
1490031968765,Mouse Moved,1160.0,93.0,User23,,
1490031969684,Mouse Moved,1157.0,95.0,User23,,
1490031969700,Mouse Moved,1143.0,113.0,User23,,
1490031969716,Mouse Moved,1046.0,236.0,User23,,
1490031969732,Mouse Moved,942.0,356.0,User23,,
1490031969746,Mouse Moved,841.0,462.0,User23,,
1490031969763,Mouse Moved,794.0,499.0,User23,,
1490031969779,Mouse Moved,744.0,537.0,User23,,
1490031969793,Mouse Moved,718.0,559.0,User23,,
1490031969809,Mouse Moved,707.0,570.0,User23,,
1490031969825,Mouse Moved,705.0,575.0,User23,,
1490031970091,Mouse Moved,700.0,579.0,User23,,
1490031970105,Mouse Moved,689.0,588.0,User23,,
1490031970121,Mouse Moved,629.0,640.0,User23,,
1490031970137,Mouse Moved,571.0,684.0,User23,,
1490031970153,Mouse Moved,561.0,690.0,User23,,
1490031970168,Mouse Moved,545.0,699.0,User23,,
1490031970184,Mouse Moved,541.0,700.0,User23,,
1490031970573,Mouse Moved,537.0,703.0,User23,,
1490031970589,Mouse Moved,524.0,718.0,User23,,
1490031970605,Mouse Moved,510.0,731.0,User23,,
1490031970621,Mouse Moved,462.0,760.0,User23,,
1490031970637,Mouse Moved,446.0,765.0,User23,,
1490031970651,Mouse Moved,407.0,778.0,User23,,
1490031970667,Mouse Moved,396.0,778.0,User23,,
1490031970683,Mouse Moved,382.0,778.0,User23,,
1490031970698,Mouse Moved,377.0,778.0,User23,,
1490031970714,Mouse Moved,375.0,778.0,User23,,
1490031970730,Mouse Moved,374.0,778.0,User23,,
1490031970760,Mouse Moved,373.0,778.0,User23,,
1490031970776,Mouse Moved,372.0,778.0,User23,,
1490031970792,Mouse Moved,371.0,778.0,User23,,
1490031970808,Mouse Moved,368.0,778.0,User23,,
1490031970823,Mouse Moved,366.0,777.0,User23,,
1490031970838,Mouse Moved,362.0,777.0,User23,,
1490031970855,Mouse Moved,359.0,777.0,User23,,
1490031970871,Mouse Moved,357.0,776.0,User23,,
1490031970901,Mouse Moved,354.0,776.0,User23,,
1490031970917,Mouse Moved,352.0,776.0,User23,,
1490031970963,Mouse Moved,351.0,776.0,User23,,
1490031970980,Mouse Moved,350.0,776.0,User23,,
1490031970994,Mouse Moved,350.0,775.0,User23,,
1490031971026,Mouse Moved,349.0,773.0,User23,,
1490031971042,Mouse Moved,349.0,772.0,User23,,
1490031971072,Mouse Moved,350.0,769.0,User23,,
1490031971088,Mouse Moved,353.0,767.0,User23,,
1490031971105,Mouse Moved,358.0,765.0,User23,,
1490031971119,Mouse Moved,367.0,765.0,User23,,
1490031971135,Mouse Moved,373.0,764.0,User23,,
1490031971151,Mouse Moved,378.0,764.0,User23,,
1490031971167,Mouse Moved,381.0,763.0,User23,,
1490031971183,Mouse Moved,382.0,763.0,User23,,
1490031971213,Mouse Moved,385.0,762.0,User23,,
1490031971229,Mouse Moved,386.0,762.0,User23,,
1490031971244,Mouse Moved,387.0,762.0,User23,,
1490031971260,Mouse Moved,388.0,762.0,User23,,
1490031972211,Mouse Moved,387.0,762.0,User23,,
1490031972227,Mouse Moved,376.0,764.0,User23,,
1490031972243,Mouse Moved,365.0,765.0,User23,,
1490031972259,Mouse Moved,291.0,767.0,User23,,
1490031972275,Mouse Moved,256.0,767.0,User23,,
1490031972289,Mouse Moved,231.0,767.0,User23,,
1490031972305,Mouse Moved,215.0,767.0,User23,,
1490031972321,Mouse Moved,191.0,765.0,User23,,
1490031972336,Mouse Moved,177.0,765.0,User23,,
1490031972352,Mouse Moved,173.0,764.0,User23,,
1490031972368,Mouse Moved,169.0,763.0,User23,,
1490031972384,Mouse Moved,167.0,760.0,User23,,
1490031972835,Mouse Moved,167.0,759.0,User23,,
1490031972851,Mouse Moved,167.0,756.0,User23,,
1490031972867,Mouse Moved,177.0,714.0,User23,,
1490031972882,Mouse Moved,185.0,699.0,User23,,
1490031972914,Mouse Moved,201.0,674.0,User23,,
1490031972930,Mouse Moved,219.0,652.0,User23,,
1490031972944,Mouse Moved,228.0,644.0,User23,,
1490031972960,Mouse Moved,234.0,638.0,User23,,
1490031972976,Mouse Moved,236.0,637.0,User23,,
1490031972992,Mouse Moved,239.0,636.0,User23,,
1490031973007,Mouse Moved,239.0,635.0,User23,,
1490031973023,Mouse Moved,241.0,634.0,User23,,
1490031973055,Mouse Moved,242.0,634.0,User23,,
1490031973101,Mouse Moved,241.0,634.0,User23,,
1490031973117,Mouse Moved,239.0,635.0,User23,,
1490031973132,Mouse Moved,229.0,640.0,User23,,
1490031973148,Mouse Moved,220.0,642.0,User23,,
1490031973164,Mouse Moved,202.0,642.0,User23,,
1490031973178,Mouse Moved,189.0,639.0,User23,,
1490031973194,Mouse Moved,184.0,636.0,User23,,
1490031973210,Mouse Moved,174.0,629.0,User23,,
1490031973226,Mouse Moved,171.0,627.0,User23,,
1490031973242,Mouse Moved,168.0,624.0,User23,,
1490031973506,Mouse Moved,167.0,622.0,User23,,
1490031973538,Mouse Moved,169.0,628.0,User23,,
1490031973553,Mouse Moved,177.0,639.0,User23,,
1490031973569,Mouse Moved,206.0,671.0,User23,,
1490031973585,Mouse Moved,244.0,704.0,User23,,
1490031973601,Mouse Moved,266.0,722.0,User23,,
1490031973615,Mouse Moved,311.0,757.0,User23,,
1490031973913,Mouse Moved,480.0,776.0,User23,,
1490031973927,Mouse Moved,513.0,775.0,User23,,
1490031973944,Mouse Moved,524.0,775.0,User23,,
1490031973959,Mouse Moved,534.0,775.0,User23,,
1490031973974,Mouse Moved,549.0,774.0,User23,,
1490031974348,Mouse Moved,547.0,774.0,User23,,
1490031974365,Mouse Moved,543.0,775.0,User23,,
1490031974381,Mouse Moved,518.0,776.0,User23,,
1490031974395,Mouse Moved,465.0,765.0,User23,,
1490031974411,Mouse Moved,435.0,758.0,User23,,
1490031974427,Mouse Moved,395.0,747.0,User23,,
1490031974443,Mouse Moved,384.0,745.0,User23,,
1490031974459,Mouse Moved,359.0,742.0,User23,,
1490031974473,Mouse Moved,357.0,742.0,User23,,
1490031975019,Mouse Moved,355.0,742.0,User23,,
1490031975051,Mouse Moved,350.0,743.0,User23,,
1490031975066,Mouse Moved,333.0,750.0,User23,,
1490031975098,Mouse Moved,329.0,752.0,User23,,
1490031975114,Mouse Moved,323.0,755.0,User23,,
1490031975128,Mouse Moved,311.0,759.0,User23,,
1490031975144,Mouse Moved,298.0,762.0,User23,,
1490031975161,Mouse Moved,296.0,762.0,User23,,
1490031975191,Mouse Moved,294.0,763.0,User23,,
1490031975207,Mouse Moved,293.0,763.0,User23,,
1490031975223,Mouse Moved,292.0,763.0,User23,,
1490031975253,Mouse Moved,292.0,764.0,User23,,
1490031975269,Mouse Moved,291.0,765.0,User23,,
1490031975332,Mouse Moved,291.0,766.0,User23,,
1490031975378,Mouse Moved,292.0,767.0,User23,,
1490031975394,Mouse Moved,300.0,767.0,User23,,
1490031975410,Mouse Moved,305.0,767.0,User23,,
1490031975426,Mouse Moved,322.0,764.0,User23,,
1490031975440,Mouse Moved,327.0,763.0,User23,,
1490031975457,Mouse Moved,340.0,763.0,User23,,
1490031975473,Mouse Moved,343.0,763.0,User23,,
1490031975487,Mouse Moved,350.0,763.0,User23,,
1490031975503,Mouse Moved,352.0,763.0,User23,,
1490031975519,Mouse Moved,355.0,763.0,User23,,
1490031975535,Mouse Moved,359.0,761.0,User23,,
1490031975551,Mouse Moved,361.0,761.0,User23,,
1490031975565,Mouse Moved,364.0,760.0,User23,,
1490031975582,Mouse Moved,366.0,760.0,User23,,
1490031975596,Mouse Moved,369.0,760.0,User23,,
1490031975612,Mouse Moved,370.0,760.0,User23,,
1490031975660,Mouse Moved,373.0,760.0,User23,,
1490031975707,Mouse Moved,375.0,760.0,User23,,
1490031975721,Mouse Moved,376.0,759.0,User23,,
1490031975737,Mouse Moved,377.0,758.0,User23,,
1490031975753,Mouse Moved,379.0,757.0,User23,,
1490031975769,Mouse Moved,382.0,753.0,User23,,
1490031976111,Mouse Moved,381.0,753.0,User23,,
1490031976128,Mouse Moved,381.0,753.0,User23,,
1490031976267,Mouse Moved,381.0,753.0,User23,,
1490031979404,Mouse Moved,384.0,744.0,User23,,
1490031979418,Mouse Moved,388.0,733.0,User23,,
1490031979434,Mouse Moved,397.0,700.0,User23,,
1490031979450,Mouse Moved,438.0,605.0,User23,,
1490031979466,Mouse Moved,458.0,556.0,User23,,
1490031979482,Mouse Moved,530.0,405.0,User23,,
1490031979496,Mouse Moved,558.0,355.0,User23,,
1490031979513,Mouse Moved,589.0,294.0,User23,,
1490031979529,Mouse Moved,619.0,243.0,User23,,
1490031979543,Mouse Moved,624.0,234.0,User23,,
1490031979559,Mouse Moved,633.0,221.0,User23,,
1490031979855,Mouse Moved,634.0,220.0,User23,,
1490031979871,Mouse Moved,635.0,216.0,User23,,
1490031979887,Mouse Moved,640.0,209.0,User23,,
1490031979903,Mouse Moved,681.0,146.0,User23,,
1490031979918,Mouse Moved,712.0,105.0,User23,,
1490031979934,Mouse Moved,722.0,91.0,User23,,
1490031979950,Mouse Moved,735.0,71.0,User23,,
1490031979964,Mouse Moved,739.0,65.0,User23,,
1490031979980,Mouse Moved,743.0,58.0,User23,,
1490031979996,Mouse Moved,743.0,56.0,User23,,
1490031980012,Mouse Moved,743.0,53.0,User23,,
1490031980042,Mouse Moved,739.0,50.0,User23,,
1490031980075,Mouse Moved,735.0,47.0,User23,,
1490031980121,Mouse Moved,726.0,46.0,User23,,
1490031980153,Mouse Moved,718.0,45.0,User23,,
1490031980184,Mouse Moved,705.0,42.0,User23,,
1490031980198,Mouse Moved,684.0,34.0,User23,,
1490031980230,Mouse Moved,670.0,28.0,User23,,
1490031980246,Mouse Moved,660.0,23.0,User23,,
1490031980262,Mouse Moved,650.0,20.0,User23,,
1490031980292,Mouse Moved,637.0,13.0,User23,,
1490031980323,Mouse Moved,632.0,11.0,User23,,
1490031980355,Mouse Moved,631.0,10.0,User23,,
1490031980417,Mouse Moved,630.0,10.0,User23,,
1490031980448,Mouse Moved,629.0,10.0,User23,,
1490031980480,Mouse Moved,628.0,11.0,User23,,
1490031980526,Mouse Moved,628.0,13.0,User23,,
1490031980573,Mouse Moved,628.0,15.0,User23,,
1490031980588,Mouse Moved,628.0,17.0,User23,,
1490031980605,Mouse Moved,628.0,24.0,User23,,
1490031980621,Mouse Moved,632.0,30.0,User23,,
1490031980635,Mouse Moved,645.0,41.0,User23,,
1490031980651,Mouse Moved,657.0,46.0,User23,,
1490031980667,Mouse Moved,673.0,47.0,User23,,
1490031980683,Mouse Moved,685.0,47.0,User23,,
1490031980698,Mouse Moved,743.0,54.0,User23,,
1490031981713,Mouse Moved,766.0,59.0,User23,,
1490031981727,Mouse Scrolled (0 1),766.0,59.0,User23,,
1490031981759,Mouse Moved,766.0,59.0,User23,,
1490031981822,Mouse Moved,766.0,59.0,User23,,
1490031982680,Mouse Moved,768.0,58.0,User23,,
1490031982694,Mouse Moved,769.0,56.0,User23,,
1490031982710,Mouse Moved,791.0,42.0,User23,,
1490031982726,Mouse Moved,849.0,29.0,User23,,
1490031982757,Mouse Moved,936.0,29.0,User23,,
1490031982773,Mouse Moved,1057.0,58.0,User23,,
1490031982789,Mouse Moved,1082.0,68.0,User23,,
1490031982805,Mouse Moved,1123.0,87.0,User23,,
1490031982819,Mouse Moved,1137.0,91.0,User23,,
1490031982835,Mouse Moved,1147.0,94.0,User23,,
1490031983023,Mouse Moved,1150.0,92.0,User23,,
1490031983039,Mouse Moved,1175.0,68.0,User23,,
1490031983053,Mouse Moved,1202.0,49.0,User23,,
1490031983069,Mouse Moved,1266.0,0.0,User23,,
1490031983319,Mouse Moved,1378.0,1.0,User23,,
1490031983335,Mouse Moved,1376.0,5.0,User23,,
1490031983351,Mouse Moved,1376.0,7.0,User23,,
1490031983365,Mouse Moved,1376.0,10.0,User23,,
1490031983381,Mouse Moved,1376.0,11.0,User23,,
1490031983413,Mouse Moved,1376.0,12.0,User23,,
1490031983724,Mouse Moved,1375.0,12.0,User23,,
1490031983740,Mouse Moved,1375.0,13.0,User23,,
1490031983756,Mouse Moved,1374.0,18.0,User23,,
1490031983772,Mouse Moved,1372.0,27.0,User23,,
1490031983786,Mouse Moved,1366.0,57.0,User23,,
1490031983802,Mouse Moved,1364.0,66.0,User23,,
1490031983819,Mouse Moved,1363.0,71.0,User23,,
1490031983834,Mouse Moved,1358.0,83.0,User23,,
1490031983849,Mouse Moved,1357.0,86.0,User23,,
1490031983865,Mouse Moved,1357.0,87.0,User23,,
1490031984255,Mouse Moved,1355.0,88.0,User23,,
1490031984270,Mouse Moved,1349.0,90.0,User23,,
1490031984286,Mouse Moved,1328.0,92.0,User23,,
1490031984318,Mouse Moved,1130.0,111.0,User23,,
1490031984332,Mouse Moved,994.0,104.0,User23,,
1490031984348,Mouse Moved,871.0,76.0,User23,,
1490031984365,Mouse Moved,785.0,55.0,User23,,
1490031984380,Mouse Moved,759.0,50.0,User23,,
1490031984395,Mouse Moved,740.0,49.0,User23,,
1490031984411,Mouse Moved,733.0,49.0,User23,,
1490031984427,Mouse Moved,732.0,49.0,User23,,
1490031984443,Mouse Moved,731.0,49.0,User23,,
1490031984661,Mouse Moved,728.0,49.0,User23,,
1490031984677,Mouse Moved,651.0,42.0,User23,,
1490031984691,Mouse Moved,595.0,30.0,User23,,
1490031984707,Mouse Moved,497.0,17.0,User23,,
1490031984723,Mouse Moved,465.0,10.0,User23,,
1490031984739,Mouse Moved,413.0,0.0,User23,,
1490031990667,Mouse Moved,273.0,51.0,User23,1536.0,864.0
1490031990683,Mouse Moved,444.0,188.0,User23,,
1490031990697,Mouse Moved,459.0,194.0,User23,,
1490031990713,Mouse Moved,486.0,205.0,User23,,
1490031990729,Mouse Moved,497.0,210.0,User23,,
1490031990744,Mouse Moved,513.0,214.0,User23,,
1490031990760,Mouse Moved,516.0,215.0,User23,,
1490031991088,Mouse Moved,517.0,215.0,User23,,
1490031991104,Mouse Moved,519.0,217.0,User23,,
1490031991118,Mouse Moved,548.0,238.0,User23,,
1490031991134,Mouse Moved,609.0,277.0,User23,,
1490031991151,Mouse Moved,641.0,294.0,User23,,
1490031991165,Mouse Moved,699.0,324.0,User23,,
1490031991181,Mouse Moved,722.0,334.0,User23,,
1490031991213,Mouse Moved,768.0,357.0,User23,,
1490031991463,Mouse Moved,781.0,362.0,User23,,
1490031991477,Mouse Moved,796.0,362.0,User23,,
1490031991493,Mouse Moved,812.0,362.0,User23,,
1490031991509,Mouse Moved,845.0,362.0,User23,,
1490031991525,Mouse Moved,865.0,365.0,User23,,
1490031991540,Mouse Moved,894.0,369.0,User23,,
1490031991555,Mouse Moved,926.0,383.0,User23,,
1490031991836,Mouse Moved,936.0,393.0,User23,,
1490031991852,Mouse Moved,936.0,417.0,User23,,
1490031991868,Mouse Moved,937.0,443.0,User23,,
1490031991884,Mouse Moved,944.0,480.0,User23,,
1490031991914,Mouse Moved,947.0,496.0,User23,,
1490031991930,Mouse Moved,962.0,528.0,User23,,
1490031991946,Mouse Moved,967.0,536.0,User23,,
1490031991961,Mouse Moved,971.0,540.0,User23,,
1490031992101,Mouse Moved,971.0,542.0,User23,,
1490031992118,Mouse Moved,971.0,547.0,User23,,
1490031992132,Mouse Moved,970.0,559.0,User23,,
1490031992148,Mouse Moved,969.0,563.0,User23,,
1490031992164,Mouse Moved,969.0,569.0,User23,,
1490031992180,Mouse Moved,969.0,572.0,User23,,
1490031992196,Mouse Moved,969.0,576.0,User23,,
1490031992210,Mouse Moved,969.0,578.0,User23,,
1490031992226,Mouse Moved,969.0,579.0,User23,,
1490031992257,Mouse Moved,968.0,580.0,User23,,
1490031992273,Mouse Moved,968.0,581.0,User23,,
1490031992351,Mouse Moved,968.0,582.0,User23,,
1490031992382,Mouse Moved,967.0,582.0,User23,,
1490031992414,Mouse Moved,967.0,585.0,User23,,
1490031992430,Mouse Moved,967.0,588.0,User23,,
1490031992444,Mouse Moved,967.0,589.0,User23,,
1490031992476,Mouse Moved,967.0,590.0,User23,,
1490031992507,Mouse Moved,967.0,591.0,User23,,
1490031992539,Mouse Moved,967.0,592.0,User23,,
1490031992585,Mouse Moved,967.0,593.0,User23,,
1490031992678,Mouse Moved,967.0,593.0,User23,,
1490031992803,Mouse Moved,967.0,593.0,User23,,
1490031994614,Mouse Moved,967.0,593.0,User23,,
1490031994785,Mouse Moved,967.0,593.0,User23,,
1490031996002,Mouse Moved,965.0,591.0,User23,,
1490031996017,Mouse Moved,954.0,582.0,User23,,
1490031996032,Mouse Moved,946.0,574.0,User23,,
1490031996049,Mouse Moved,921.0,549.0,User23,,
1490031996065,Mouse Moved,904.0,529.0,User23,,
1490031996079,Mouse Moved,876.0,493.0,User23,,
1490031996095,Mouse Moved,853.0,439.0,User23,,
1490031996111,Mouse Moved,848.0,422.0,User23,,
1490031996127,Mouse Moved,845.0,405.0,User23,,
1490031996142,Mouse Moved,844.0,400.0,User23,,
1490031996157,Mouse Moved,844.0,393.0,User23,,
1490031996174,Mouse Moved,844.0,391.0,User23,,
1490031997483,Mouse Moved,843.0,395.0,User23,,
1490031997500,Mouse Moved,841.0,411.0,User23,,
1490031997515,Mouse Moved,841.0,436.0,User23,,
1490031997530,Mouse Moved,847.0,472.0,User23,,
1490031997546,Mouse Moved,864.0,507.0,User23,,
1490031997562,Mouse Moved,869.0,519.0,User23,,
1490031997578,Mouse Moved,885.0,543.0,User23,,
1490031997592,Mouse Moved,892.0,549.0,User23,,
1490031997608,Mouse Moved,902.0,560.0,User23,,
1490031997625,Mouse Moved,908.0,566.0,User23,,
1490031997640,Mouse Moved,916.0,573.0,User23,,
1490031997655,Mouse Moved,921.0,577.0,User23,,
1490031997671,Mouse Moved,922.0,577.0,User23,,
1490031997858,Mouse Moved,924.0,579.0,User23,,
1490031997874,Mouse Moved,933.0,585.0,User23,,
1490031997890,Mouse Moved,946.0,593.0,User23,,
1490031997904,Mouse Moved,952.0,595.0,User23,,
1490031997921,Mouse Moved,962.0,597.0,User23,,
1490031997951,Mouse Moved,965.0,598.0,User23,,
1490031997967,Mouse Moved,969.0,599.0,User23,,
1490031997983,Mouse Moved,970.0,599.0,User23,,
1490031998015,Mouse Moved,971.0,600.0,User23,,
1490031998076,Mouse Moved,972.0,600.0,User23,,
1490031998154,Mouse Moved,973.0,600.0,User23,,
1490031998171,Mouse Moved,972.0,600.0,User23,,
1490031998186,Mouse Button.left Pressed,972.0,600.0,User23,,
1490031998295,Mouse Moved,972.0,600.0,User23,,
1490032002960,Mouse Moved,972.0,601.0,User23,,
1490032002974,Mouse Moved,960.0,602.0,User23,,
1490032002990,Mouse Moved,953.0,602.0,User23,,
1490032003006,Mouse Moved,928.0,602.0,User23,,
1490032003022,Mouse Moved,877.0,593.0,User23,,
1490032003038,Mouse Moved,848.0,590.0,User23,,
1490032003052,Mouse Moved,811.0,582.0,User23,,
1490032003069,Mouse Moved,800.0,581.0,User23,,
1490032003085,Mouse Moved,781.0,578.0,User23,,
1490032003099,Mouse Moved,777.0,576.0,User23,,
1490032003115,Mouse Moved,771.0,574.0,User23,,
1490032003131,Mouse Moved,768.0,569.0,User23,,
1490032003147,Mouse Moved,766.0,563.0,User23,,
1490032003349,Mouse Moved,766.0,559.0,User23,,
1490032003365,Mouse Moved,769.0,557.0,User23,,
1490032003381,Mouse Moved,772.0,556.0,User23,,
1490032003397,Mouse Moved,777.0,554.0,User23,,
1490032003411,Mouse Moved,780.0,553.0,User23,,
1490032003427,Mouse Moved,785.0,549.0,User23,,
1490032003443,Mouse Moved,789.0,548.0,User23,,
1490032003459,Mouse Moved,790.0,548.0,User23,,
1490032003474,Mouse Moved,791.0,547.0,User23,,
1490032003490,Mouse Moved,792.0,547.0,User23,,
1490032003520,Mouse Moved,793.0,547.0,User23,,
1490032003645,Mouse Moved,794.0,546.0,User23,,
1490032003677,Mouse Moved,795.0,545.0,User23,,
1490032003693,Mouse Moved,799.0,541.0,User23,,
1490032003723,Mouse Moved,800.0,540.0,User23,,
1490032003740,Mouse Moved,801.0,539.0,User23,,
1490032003755,Mouse Moved,802.0,539.0,User23,,
1490032003802,Mouse Moved,803.0,538.0,User23,,
1490032003848,Mouse Moved,804.0,536.0,User23,,
1490032003865,Mouse Moved,807.0,532.0,User23,,
1490032003911,Mouse Moved,807.0,530.0,User23,,
1490032003927,Mouse Button.left Pressed,807.0,530.0,User23,,
1490032004066,Mouse Moved,807.0,530.0,User23,,
1490032005190,Mouse Moved,806.0,530.0,User23,,
1490032005221,Mouse Moved,803.0,532.0,User23,,
1490032005236,Mouse Moved,794.0,534.0,User23,,
1490032005253,Mouse Moved,778.0,534.0,User23,,
1490032005269,Mouse Moved,770.0,534.0,User23,,
1490032005283,Mouse Moved,767.0,534.0,User23,,
1490032005299,Mouse Moved,764.0,534.0,User23,,
1490032005315,Mouse Moved,761.0,534.0,User23,,
1490032005331,Mouse Moved,760.0,534.0,User23,,
1490032005346,Mouse Moved,758.0,535.0,User23,,
1490032005361,Mouse Moved,757.0,535.0,User23,,
1490032005378,Mouse Moved,755.0,536.0,User23,,
1490032005392,Mouse Moved,753.0,536.0,User23,,
1490032005408,Mouse Moved,752.0,536.0,User23,,
1490032005424,Mouse Moved,751.0,537.0,User23,,
1490032005440,Mouse Moved,749.0,537.0,User23,,
1490032005470,Mouse Moved,748.0,537.0,User23,,
1490032005517,Mouse Moved,747.0,537.0,User23,,
1490032005533,Mouse Moved,746.0,537.0,User23,,
1490032005549,Mouse Moved,745.0,537.0,User23,,
1490032005565,Mouse Moved,744.0,537.0,User23,,
1490032005581,Mouse Moved,744.0,536.0,User23,,
1490032005595,Mouse Moved,742.0,536.0,User23,,
1490032005627,Mouse Moved,741.0,534.0,User23,,
1490032005736,Mouse Moved,740.0,534.0,User23,,
1490032005752,Mouse Moved,741.0,535.0,User23,,
1490032005892,Mouse Moved,741.0,535.0,User23,,
1490032005907,Mouse Button.left Released,741.0,535.0,User23,,
1490032007141,Mouse Moved,741.0,535.0,User23,,
1490032007280,Mouse Moved,741.0,535.0,User23,,
1490032009526,Mouse Moved,743.0,534.0,User23,,
1490032009542,Mouse Moved,747.0,533.0,User23,,
1490032009559,Mouse Moved,753.0,532.0,User23,,
1490032009573,Mouse Moved,762.0,531.0,User23,,
1490032009589,Mouse Moved,788.0,529.0,User23,,
1490032009605,Mouse Moved,816.0,529.0,User23,,
1490032009621,Mouse Moved,826.0,529.0,User23,,
1490032009637,Mouse Moved,851.0,532.0,User23,,
1490032009651,Mouse Moved,859.0,534.0,User23,,
1490032009667,Mouse Moved,868.0,536.0,User23,,
1490032009885,Mouse Moved,871.0,537.0,User23,,
1490032009901,Mouse Moved,883.0,539.0,User23,,
1490032009917,Mouse Moved,891.0,541.0,User23,,
1490032009933,Mouse Moved,924.0,550.0,User23,,
1490032009948,Mouse Moved,935.0,555.0,User23,,
1490032009963,Mouse Moved,952.0,566.0,User23,,
1490032009980,Mouse Moved,963.0,575.0,User23,,
1490032009994,Mouse Moved,967.0,579.0,User23,,
1490032010010,Mouse Moved,970.0,582.0,User23,,
1490032010026,Mouse Moved,972.0,584.0,User23,,
1490032010042,Mouse Moved,972.0,586.0,User23,,
1490032010058,Mouse Moved,972.0,587.0,User23,,
1490032010072,Mouse Moved,972.0,588.0,User23,,
1490032010088,Mouse Moved,972.0,589.0,User23,,
1490032010105,Mouse Moved,972.0,590.0,User23,,
1490032010119,Mouse Moved,972.0,592.0,User23,,
1490032010135,Mouse Moved,972.0,593.0,User23,,
1490032010183,Mouse Moved,972.0,594.0,User23,,
1490032010213,Mouse Moved,972.0,595.0,User23,,
1490032010229,Mouse Moved,972.0,596.0,User23,,
1490032010244,Mouse Moved,972.0,596.0,User23,,
1490032010401,Mouse Moved,972.0,596.0,User23,,
1490032010729,Mouse Moved,969.0,597.0,User23,,
1490032010743,Mouse Moved,940.0,593.0,User23,,
1490032010759,Mouse Moved,918.0,584.0,User23,,
1490032010775,Mouse Moved,865.0,556.0,User23,,
1490032010790,Mouse Moved,819.0,515.0,User23,,
1490032010806,Mouse Moved,803.0,497.0,User23,,
1490032010822,Mouse Moved,775.0,465.0,User23,,
1490032010838,Mouse Moved,767.0,454.0,User23,,
1490032013473,Mouse Moved,764.0,448.0,User23,,
1490032013490,Mouse Moved,764.0,447.0,User23,,
1490032013615,Mouse Moved,764.0,448.0,User23,,
1490032013816,Mouse Moved,764.0,449.0,User23,,
1490032013941,Mouse Moved,764.0,449.0,User23,,
1490032025438,Mouse Moved,764.0,447.0,User23,,
1490032025454,Mouse Moved,764.0,444.0,User23,,
1490032025470,Mouse Moved,766.0,437.0,User23,,
1490032025486,Mouse Moved,774.0,414.0,User23,,
1490032025502,Mouse Moved,785.0,385.0,User23,,
1490032025532,Mouse Moved,792.0,366.0,User23,,
1490032025549,Mouse Moved,800.0,344.0,User23,,
1490032025563,Mouse Moved,807.0,320.0,User23,,
1490032025579,Mouse Moved,808.0,314.0,User23,,
1490032025611,Mouse Moved,808.0,305.0,User23,,
1490032025627,Mouse Moved,805.0,300.0,User23,,
1490032025641,Mouse Moved,801.0,297.0,User23,,
1490032025673,Mouse Moved,796.0,295.0,User23,,
1490032025688,Mouse Moved,771.0,290.0,User23,,
1490032025720,Mouse Moved,750.0,285.0,User23,,
1490032025736,Mouse Moved,736.0,278.0,User23,,
1490032025750,Mouse Moved,733.0,274.0,User23,,
1490032025766,Mouse Moved,731.0,272.0,User23,,
1490032025782,Mouse Moved,729.0,270.0,User23,,
1490032025798,Mouse Moved,728.0,269.0,User23,,
1490032026048,Mouse Moved,727.0,269.0,User23,,
1490032026062,Mouse Moved,725.0,269.0,User23,,
1490032026078,Mouse Moved,720.0,271.0,User23,,
1490032026095,Mouse Moved,716.0,271.0,User23,,
1490032026109,Mouse Moved,708.0,272.0,User23,,
1490032026125,Mouse Moved,704.0,272.0,User23,,
1490032026141,Mouse Moved,690.0,272.0,User23,,
1490032026157,Mouse Moved,679.0,271.0,User23,,
1490032026173,Mouse Moved,675.0,270.0,User23,,
1490032026187,Mouse Moved,669.0,268.0,User23,,
1490032026203,Mouse Moved,666.0,268.0,User23,,
1490032026219,Mouse Moved,664.0,268.0,User23,,
1490032026234,Mouse Moved,663.0,268.0,User23,,
1490032026250,Mouse Moved,662.0,268.0,User23,,
1490032026266,Mouse Moved,661.0,268.0,User23,,
1490032026282,Mouse Moved,660.0,268.0,User23,,
1490032026296,Mouse Moved,659.0,268.0,User23,,
1490032026312,Mouse Moved,658.0,268.0,User23,,
1490032026328,Mouse Moved,657.0,268.0,User23,,
1490032026344,Mouse Moved,656.0,268.0,User23,,
1490032026375,Mouse Moved,654.0,268.0,User23,,
1490032027015,Mouse Moved,654.0,268.0,User23,,
1490032027124,Mouse Moved,654.0,268.0,User23,,
1490032027779,Mouse Moved,655.0,268.0,User23,,
1490032027795,Mouse Moved,661.0,268.0,User23,,
1490032027811,Mouse Moved,668.0,266.0,User23,,
1490032027825,Mouse Moved,686.0,262.0,User23,,
1490032027842,Mouse Moved,699.0,259.0,User23,,
1490032027857,Mouse Moved,727.0,258.0,User23,,
1490032027872,Mouse Moved,734.0,261.0,User23,,
1490032027888,Mouse Moved,746.0,264.0,User23,,
1490032027904,Mouse Moved,753.0,266.0,User23,,
1490032027920,Mouse Moved,758.0,266.0,User23,,
1490032027934,Mouse Moved,760.0,266.0,User23,,
1490032027950,Mouse Moved,762.0,265.0,User23,,
1490032027982,Mouse Moved,763.0,265.0,User23,,
1490032028059,Mouse Moved,764.0,265.0,User23,,
1490032028341,Mouse Moved,763.0,264.0,User23,,
1490032028357,Mouse Moved,759.0,260.0,User23,,
1490032028371,Mouse Moved,755.0,258.0,User23,,
1490032028388,Mouse Moved,743.0,250.0,User23,,
1490032028403,Mouse Moved,739.0,247.0,User23,,
1490032028418,Mouse Moved,735.0,244.0,User23,,
1490032028434,Mouse Moved,734.0,243.0,User23,,
1490032028450,Mouse Moved,732.0,243.0,User23,,
1490032028466,Mouse Moved,731.0,242.0,User23,,
1490032028513,Mouse Moved,730.0,240.0,User23,,
1490032028528,Mouse Moved,729.0,240.0,User23,,
1490032028543,Mouse Moved,727.0,238.0,User23,,
1490032028559,Mouse Moved,727.0,237.0,User23,,
1490032028591,Mouse Moved,726.0,236.0,User23,,
1490032028605,Mouse Moved,725.0,235.0,User23,,
1490032028637,Mouse Moved,723.0,235.0,User23,,
1490032028684,Mouse Moved,722.0,235.0,User23,,
1490032028762,Mouse Moved,722.0,236.0,User23,,
1490032028778,Mouse Moved,728.0,237.0,User23,,
1490032028792,Mouse Moved,730.0,238.0,User23,,
1490032028809,Mouse Moved,732.0,238.0,User23,,
1490032028825,Mouse Moved,737.0,238.0,User23,,
1490032028839,Mouse Moved,740.0,238.0,User23,,
1490032028855,Mouse Moved,748.0,238.0,User23,,
1490032028871,Mouse Moved,751.0,238.0,User23,,
1490032028887,Mouse Moved,756.0,238.0,User23,,
1490032028903,Mouse Moved,759.0,238.0,User23,,
1490032028917,Mouse Moved,760.0,238.0,User23,,
1490032028934,Mouse Moved,762.0,238.0,User23,,
1490032028948,Mouse Moved,763.0,239.0,User23,,
1490032028964,Mouse Moved,764.0,239.0,User23,,
1490032028980,Mouse Moved,765.0,239.0,User23,,
1490032028996,Mouse Moved,766.0,239.0,User23,,
1490032029012,Mouse Moved,767.0,239.0,User23,,
1490032029026,Mouse Moved,769.0,239.0,User23,,
1490032029042,Mouse Moved,770.0,239.0,User23,,
1490032029059,Mouse Moved,771.0,238.0,User23,,
1490032029073,Mouse Moved,772.0,238.0,User23,,
1490032029089,Mouse Moved,773.0,237.0,User23,,
1490032029105,Mouse Moved,774.0,237.0,User23,,
1490032029137,Mouse Moved,775.0,237.0,User23,,
1490032029198,Mouse Moved,776.0,236.0,User23,,
1490032029214,Mouse Moved,777.0,236.0,User23,,
1490032029230,Mouse Moved,778.0,236.0,User23,,
1490032029260,Mouse Moved,779.0,236.0,User23,,
1490032029276,Mouse Moved,781.0,236.0,User23,,
1490032029292,Mouse Moved,781.0,237.0,User23,,
1490032029323,Mouse Moved,784.0,239.0,User23,,
1490032029338,Mouse Moved,786.0,240.0,User23,,
1490032029355,Mouse Moved,788.0,242.0,User23,,
1490032029371,Mouse Moved,789.0,242.0,User23,,
1490032029385,Mouse Moved,790.0,243.0,User23,,
1490032029619,Mouse Moved,793.0,243.0,User23,,
1490032029635,Mouse Moved,799.0,244.0,User23,,
1490032029651,Mouse Moved,823.0,245.0,User23,,
1490032029667,Mouse Moved,843.0,246.0,User23,,
1490032029683,Mouse Moved,881.0,243.0,User23,,
1490032030072,Mouse Moved,910.0,242.0,User23,,
1490032030104,Mouse Moved,936.0,245.0,User23,,
1490032030118,Mouse Button.left Pressed,938.0,245.0,User23,,
1490032030151,Mouse Moved,938.0,245.0,User23,,
1490032033753,Mouse Moved,937.0,246.0,User23,,
1490032033785,Mouse Moved,931.0,248.0,User23,,
1490032033801,Mouse Moved,912.0,252.0,User23,,
1490032033816,Mouse Moved,905.0,253.0,User23,,
1490032033832,Mouse Moved,892.0,255.0,User23,,
1490032033848,Mouse Moved,882.0,256.0,User23,,
1490032033862,Mouse Moved,875.0,256.0,User23,,
1490032033878,Mouse Moved,858.0,257.0,User23,,
1490032033894,Mouse Moved,851.0,258.0,User23,,
1490032033910,Mouse Moved,839.0,260.0,User23,,
1490032033926,Mouse Moved,825.0,260.0,User23,,
1490032033940,Mouse Moved,818.0,260.0,User23,,
1490032033957,Mouse Moved,812.0,260.0,User23,,
1490032033973,Mouse Moved,810.0,260.0,User23,,
1490032033987,Mouse Moved,807.0,260.0,User23,,
1490032034003,Mouse Moved,806.0,260.0,User23,,
1490032034019,Mouse Moved,805.0,259.0,User23,,
1490032034051,Mouse Moved,803.0,258.0,User23,,
1490032034082,Mouse Moved,802.0,257.0,User23,,
1490032034096,Mouse Moved,800.0,255.0,User23,,
1490032034112,Mouse Moved,799.0,254.0,User23,,
1490032034144,Mouse Moved,799.0,253.0,User23,,
1490032034174,Mouse Moved,797.0,252.0,User23,,
1490032034190,Mouse Moved,797.0,251.0,User23,,
1490032034207,Mouse Moved,797.0,250.0,User23,,
1490032034221,Mouse Moved,795.0,247.0,User23,,
1490032034237,Mouse Moved,795.0,245.0,User23,,
1490032034253,Mouse Moved,794.0,245.0,User23,,
1490032034285,Mouse Moved,794.0,244.0,User23,,
1490032034315,Mouse Moved,794.0,243.0,User23,,
1490032035079,Mouse Moved,787.0,246.0,User23,,
1490032035095,Mouse Moved,773.0,259.0,User23,,
1490032035111,Mouse Moved,695.0,325.0,User23,,
1490032035127,Mouse Moved,647.0,375.0,User23,,
1490032035142,Mouse Moved,555.0,459.0,User23,,
1490032035157,Mouse Moved,510.0,504.0,User23,,
1490032035174,Mouse Moved,431.0,579.0,User23,,
1490032035188,Mouse Moved,401.0,604.0,User23,,
1490032035204,Mouse Moved,355.0,641.0,User23,,
1490032035220,Mouse Moved,331.0,658.0,User23,,
1490032035236,Mouse Moved,309.0,668.0,User23,,
1490032035252,Mouse Moved,300.0,671.0,User23,,
1490032035266,Mouse Moved,297.0,671.0,User23,,
1490032035500,Mouse Moved,293.0,678.0,User23,,
1490032035516,Mouse Moved,287.0,684.0,User23,,
1490032035532,Mouse Moved,250.0,720.0,User23,,
1490032035548,Mouse Moved,226.0,744.0,User23,,
1490032035563,Mouse Moved,194.0,772.0,User23,,
1490032035578,Mouse Moved,160.0,796.0,User23,,
1490032035595,Mouse Moved,146.0,806.0,User23,,
1490032035611,Mouse Moved,138.0,812.0,User23,,
1490032035625,Mouse Moved,132.0,815.0,User23,,
1490032035641,Mouse Moved,123.0,820.0,User23,,
1490032035657,Mouse Moved,121.0,820.0,User23,,
1490032035845,Mouse Moved,122.0,821.0,User23,,
1490032035859,Mouse Moved,123.0,822.0,User23,,
1490032035875,Mouse Moved,124.0,823.0,User23,,
1490032035891,Mouse Moved,127.0,825.0,User23,,
1490032035907,Mouse Moved,130.0,827.0,User23,,
1490032035923,Mouse Moved,134.0,829.0,User23,,
1490032035937,Mouse Moved,135.0,830.0,User23,,
1490032035953,Mouse Moved,138.0,830.0,User23,,
1490032035969,Mouse Moved,142.0,833.0,User23,,
1490032035984,Mouse Moved,143.0,833.0,User23,,
1490032036000,Mouse Moved,145.0,834.0,User23,,
1490032036016,Mouse Moved,146.0,834.0,User23,,
1490032036046,Mouse Moved,146.0,836.0,User23,,
1490032036125,Mouse Moved,147.0,836.0,User23,,
1490032036171,Mouse Moved,148.0,837.0,User23,,
1490032036187,Mouse Moved,149.0,838.0,User23,,
1490032036203,Mouse Moved,150.0,839.0,User23,,
1490032036219,Mouse Moved,150.0,840.0,User23,,
1490032036234,Mouse Moved,152.0,840.0,User23,,
1490032036250,Mouse Moved,153.0,840.0,User23,,
1490032036266,Mouse Moved,155.0,840.0,User23,,
1490032036280,Mouse Moved,161.0,834.0,User23,,
1490032036296,Mouse Moved,169.0,828.0,User23,,
1490032036312,Mouse Moved,209.0,777.0,User23,,
1490032036328,Mouse Moved,262.0,706.0,User23,,
1490032036344,Mouse Moved,286.0,671.0,User23,,
1490032036358,Mouse Moved,294.0,659.0,User23,,
1490032036375,Mouse Moved,308.0,642.0,User23,,
1490032036391,Mouse Moved,316.0,633.0,User23,,
1490032036405,Mouse Moved,319.0,628.0,User23,,
1490032036421,Mouse Moved,322.0,625.0,User23,,
1490032036655,Mouse Moved,329.0,618.0,User23,,
1490032036671,Mouse Moved,348.0,596.0,User23,,
1490032036687,Mouse Moved,416.0,523.0,User23,,
1490032036703,Mouse Moved,497.0,449.0,User23,,
1490032036717,Mouse Moved,528.0,422.0,User23,,
1490032036733,Mouse Moved,579.0,387.0,User23,,
1490032036749,Mouse Moved,593.0,378.0,User23,,
1490032036765,Mouse Moved,614.0,360.0,User23,,
1490032036951,Mouse Moved,614.0,362.0,User23,,
1490032036967,Mouse Moved,613.0,365.0,User23,,
1490032036983,Mouse Moved,609.0,368.0,User23,,
1490032036999,Mouse Moved,591.0,380.0,User23,,
1490032037015,Mouse Moved,525.0,396.0,User23,,
1490032037029,Mouse Moved,473.0,396.0,User23,,
1490032037046,Mouse Moved,409.0,380.0,User23,,
1490032037061,Mouse Moved,375.0,364.0,User23,,
1490032037076,Mouse Moved,318.0,335.0,User23,,
1490032037092,Mouse Moved,301.0,324.0,User23,,
1490032037108,Mouse Moved,287.0,312.0,User23,,
1490032037124,Mouse Moved,284.0,308.0,User23,,
1490032037138,Mouse Moved,281.0,304.0,User23,,
1490032037342,Mouse Moved,280.0,304.0,User23,,
1490032037358,Mouse Moved,271.0,302.0,User23,,
1490032037372,Mouse Moved,262.0,300.0,User23,,
1490032037388,Mouse Moved,231.0,278.0,User23,,
1490032037404,Mouse Moved,203.0,253.0,User23,,
1490032037420,Mouse Moved,165.0,205.0,User23,,
1490032037436,Mouse Moved,147.0,180.0,User23,,
1490032037450,Mouse Moved,135.0,164.0,User23,,
1490032037467,Mouse Moved,131.0,160.0,User23,,
1490032037483,Mouse Moved,122.0,151.0,User23,,
1490032037717,Mouse Moved,119.0,150.0,User23,,
1490032037732,Mouse Moved,115.0,148.0,User23,,
1490032037747,Mouse Moved,98.0,139.0,User23,,
1490032037763,Mouse Moved,88.0,132.0,User23,,
1490032037779,Mouse Moved,70.0,118.0,User23,,
1490032037795,Mouse Moved,63.0,111.0,User23,,
1490032037809,Mouse Moved,55.0,105.0,User23,,
1490032037825,Mouse Moved,47.0,100.0,User23,,
1490032037841,Mouse Moved,44.0,97.0,User23,,
1490032037857,Mouse Moved,41.0,95.0,User23,,
1490032037872,Mouse Moved,38.0,92.0,User23,,
1490032037888,Mouse Moved,36.0,91.0,User23,,
1490032037904,Mouse Moved,34.0,89.0,User23,,
1490032037918,Mouse Moved,32.0,87.0,User23,,
1490032037934,Mouse Moved,31.0,86.0,User23,,
1490032037950,Mouse Moved,31.0,85.0,User23,,
1490032037982,Mouse Moved,30.0,85.0,User23,,
1490032037996,Mouse Moved,30.0,84.0,User23,,
1490032038746,Mouse Moved,30.0,85.0,User23,,
1490032038823,Mouse Moved,30.0,85.0,User23,,
1490032039433,Mouse Moved,33.0,84.0,User23,,
1490032039447,Mouse Moved,40.0,84.0,User23,,
1490032039463,Mouse Moved,87.0,87.0,User23,,
1490032039479,Mouse Moved,118.0,90.0,User23,,
1490032039494,Mouse Moved,201.0,109.0,User23,,
1490032039510,Mouse Moved,230.0,116.0,User23,,
1490032039526,Mouse Moved,271.0,129.0,User23,,
1490032039542,Mouse Moved,293.0,137.0,User23,,
1490032039556,Mouse Moved,294.0,137.0,User23,,
1490032039572,Mouse Moved,294.0,138.0,User23,,
1490032039759,Mouse Moved,295.0,137.0,User23,,
1490032039776,Mouse Moved,298.0,132.0,User23,,
1490032039790,Mouse Moved,303.0,126.0,User23,,
1490032039806,Mouse Moved,325.0,104.0,User23,,
1490032039822,Mouse Moved,347.0,85.0,User23,,
1490032039838,Mouse Moved,361.0,73.0,User23,,
1490032039854,Mouse Moved,376.0,61.0,User23,,
1490032039868,Mouse Moved,384.0,55.0,User23,,
1490032039884,Mouse Moved,391.0,49.0,User23,,
1490032039901,Mouse Moved,392.0,48.0,User23,,
1490032039915,Mouse Moved,395.0,46.0,User23,,
1490032039931,Mouse Moved,398.0,42.0,User23,,
1490032039947,Mouse Moved,399.0,40.0,User23,,
1490032039963,Mouse Moved,400.0,39.0,User23,,
1490032039979,Mouse Moved,400.0,38.0,User23,,
1490032039993,Mouse Moved,401.0,38.0,User23,,
1490032040180,Mouse Moved,402.0,38.0,User23,,
1490032040213,Mouse Moved,402.0,38.0,User23,,
1490032040322,Mouse Moved,402.0,42.0,User23,,
1490032040336,Mouse Moved,403.0,65.0,User23,,
1490032040352,Mouse Moved,404.0,99.0,User23,,
1490032040368,Mouse Moved,417.0,176.0,User23,,
1490032040384,Mouse Moved,422.0,213.0,User23,,
1490032040400,Mouse Moved,428.0,234.0,User23,,
1490032040414,Mouse Moved,439.0,272.0,User23,,
1490032040430,Mouse Moved,454.0,316.0,User23,,
1490032040447,Mouse Moved,468.0,353.0,User23,,
1490032040461,Mouse Moved,475.0,369.0,User23,,
1490032040477,Mouse Moved,481.0,381.0,User23,,
1490032040493,Mouse Moved,482.0,384.0,User23,,
1490032040509,Mouse Moved,483.0,385.0,User23,,
1490032040525,Mouse Moved,483.0,386.0,User23,,
1490032040571,Mouse Moved,484.0,388.0,User23,,
1490032040586,Mouse Moved,485.0,388.0,User23,,
1490032040602,Mouse Moved,486.0,388.0,User23,,
1490032040618,Mouse Moved,486.0,389.0,User23,,
1490032040634,Mouse Moved,487.0,389.0,User23,,
1490032040648,Mouse Moved,489.0,389.0,User23,,
1490032040680,Mouse Moved,490.0,389.0,User23,,
1490032040696,Mouse Moved,491.0,388.0,User23,,
1490032040711,Mouse Moved,493.0,386.0,User23,,
1490032040726,Mouse Moved,499.0,381.0,User23,,
1490032040743,Mouse Moved,522.0,367.0,User23,,
1490032040759,Mouse Moved,562.0,356.0,User23,,
1490032040773,Mouse Moved,574.0,354.0,User23,,
1490032040789,Mouse Moved,591.0,353.0,User23,,
1490032040805,Mouse Moved,594.0,353.0,User23,,
1490032040821,Mouse Moved,597.0,353.0,User23,,
1490032040836,Mouse Moved,598.0,353.0,User23,,
1490032041071,Mouse Moved,599.0,351.0,User23,,
1490032041085,Mouse Moved,603.0,347.0,User23,,
1490032041101,Mouse Moved,622.0,319.0,User23,,
1490032041117,Mouse Moved,643.0,286.0,User23,,
1490032041132,Mouse Moved,658.0,266.0,User23,,
1490032041148,Mouse Moved,662.0,260.0,User23,,
1490032041164,Mouse Moved,665.0,257.0,User23,,
1490032041180,Mouse Moved,666.0,256.0,User23,,
1490032041194,Mouse Moved,667.0,256.0,User23,,
1490032041210,Mouse Moved,667.0,255.0,User23,,
1490032041273,Mouse Moved,668.0,255.0,User23,,
1490032041319,Mouse Moved,668.0,254.0,User23,,
1490032041414,Mouse Moved,668.0,253.0,User23,,
1490032041617,Mouse Moved,668.0,252.0,User23,,
1490032041648,Mouse Moved,669.0,252.0,User23,,
1490032041663,Mouse Moved,669.0,249.0,User23,,
1490032041678,Mouse Moved,669.0,246.0,User23,,
1490032041694,Mouse Moved,669.0,243.0,User23,,
1490032041710,Mouse Moved,669.0,242.0,User23,,
1490032041773,Mouse Moved,669.0,241.0,User23,,
1490032042069,Mouse Moved,669.0,242.0,User23,,
1490032042085,Mouse Moved,669.0,243.0,User23,,
1490032042115,Mouse Moved,669.0,244.0,User23,,
1490032042147,Mouse Moved,670.0,244.0,User23,,
1490032042177,Mouse Moved,670.0,245.0,User23,,
1490032042194,Mouse Moved,670.0,246.0,User23,,
1490032042209,Mouse Moved,671.0,247.0,User23,,
1490032042506,Mouse Moved,671.0,247.0,User23,,
1490032042520,Mouse Button.left Released,671.0,247.0,User23,,
1490032042693,Mouse Moved,671.0,249.0,User23,,
1490032042709,Mouse Moved,667.0,280.0,User23,,
1490032042723,Mouse Moved,663.0,307.0,User23,,
1490032042740,Mouse Moved,660.0,319.0,User23,,
1490032042755,Mouse Moved,658.0,330.0,User23,,
1490032042770,Mouse Moved,654.0,346.0,User23,,
1490032042786,Mouse Moved,651.0,363.0,User23,,
1490032042802,Mouse Moved,650.0,368.0,User23,,
1490032042818,Mouse Moved,649.0,375.0,User23,,
1490032042832,Mouse Moved,649.0,380.0,User23,,
1490032042848,Mouse Moved,649.0,383.0,User23,,
1490032042865,Mouse Moved,648.0,387.0,User23,,
1490032042880,Mouse Moved,648.0,388.0,User23,,
1490032043144,Mouse Moved,648.0,389.0,User23,,
1490032043161,Mouse Moved,648.0,391.0,User23,,
1490032043177,Mouse Moved,648.0,392.0,User23,,
1490032043191,Mouse Moved,648.0,394.0,User23,,
1490032043223,Mouse Moved,648.0,395.0,User23,,
1490032043239,Mouse Moved,648.0,396.0,User23,,
1490032043269,Mouse Moved,648.0,397.0,User23,,
1490032043286,Mouse Moved,647.0,397.0,User23,,
1490032043301,Mouse Moved,647.0,398.0,User23,,
1490032043332,Mouse Moved,647.0,399.0,User23,,
1490032043394,Mouse Moved,647.0,400.0,User23,,
1490032043426,Mouse Moved,647.0,401.0,User23,,
1490032043441,Mouse Moved,647.0,402.0,User23,,
1490032043473,Mouse Moved,647.0,403.0,User23,,
1490032043660,Mouse Moved,647.0,404.0,User23,,
1490032043707,Mouse Moved,646.0,404.0,User23,,
1490032043723,Mouse Moved,646.0,404.0,User23,,
1490032043862,Mouse Moved,646.0,404.0,User23,,
1490032043878,Mouse Button.left Released,646.0,404.0,User23,,
1490032046203,Mouse Moved,645.0,403.0,User23,,
1490032046219,Mouse Moved,643.0,400.0,User23,,
1490032046233,Mouse Moved,633.0,392.0,User23,,
1490032046250,Mouse Moved,622.0,376.0,User23,,
1490032046265,Mouse Moved,607.0,356.0,User23,,
1490032046280,Mouse Moved,601.0,347.0,User23,,
1490032046296,Mouse Moved,597.0,339.0,User23,,
1490032046312,Mouse Moved,592.0,328.0,User23,,
1490032046328,Mouse Moved,589.0,322.0,User23,,
1490032046342,Mouse Moved,589.0,320.0,User23,,
1490032046358,Mouse Moved,588.0,319.0,User23,,
1490032046530,Mouse Moved,593.0,315.0,User23,,
1490032046546,Mouse Moved,604.0,307.0,User23,,
1490032046562,Mouse Moved,649.0,268.0,User23,,
1490032046576,Mouse Moved,677.0,240.0,User23,,
1490032046592,Mouse Moved,692.0,228.0,User23,,
1490032046608,Mouse Moved,693.0,226.0,User23,,
1490032046624,Mouse Moved,697.0,224.0,User23,,
1490032046640,Mouse Moved,704.0,219.0,User23,,
1490032046654,Mouse Moved,707.0,216.0,User23,,
1490032046671,Mouse Moved,711.0,213.0,User23,,
1490032046701,Mouse Moved,712.0,212.0,User23,,
1490032046717,Mouse Moved,715.0,210.0,User23,,
1490032046779,Mouse Moved,715.0,209.0,User23,,
1490032046811,Mouse Moved,714.0,209.0,User23,,
1490032046842,Mouse Moved,712.0,209.0,User23,,
1490032046858,Mouse Moved,709.0,211.0,User23,,
1490032046874,Mouse Moved,707.0,211.0,User23,,
1490032046888,Mouse Moved,706.0,213.0,User23,,
1490032046904,Mouse Moved,705.0,213.0,User23,,
1490032046936,Mouse Moved,704.0,214.0,User23,,
1490032046951,Mouse Moved,703.0,215.0,User23,,
1490032046967,Mouse Moved,699.0,220.0,User23,,
1490032046999,Mouse Moved,698.0,220.0,User23,,
1490032047045,Mouse Moved,698.0,221.0,User23,,
1490032047170,Mouse Moved,698.0,221.0,User23,,
1490032047388,Mouse Moved,696.0,221.0,User23,,
1490032047404,Mouse Moved,695.0,221.0,User23,,
1490032047420,Mouse Moved,694.0,221.0,User23,,
1490032047434,Mouse Moved,693.0,221.0,User23,,
1490032047450,Mouse Moved,692.0,221.0,User23,,
1490032047467,Mouse Moved,690.0,221.0,User23,,
1490032047482,Mouse Moved,691.0,221.0,User23,,
1490032047529,Mouse Moved,691.0,221.0,User23,,
1490032047638,Mouse Moved,697.0,221.0,User23,,
1490032047732,Mouse Moved,697.0,221.0,User23,,
1490032047871,Mouse Moved,697.0,221.0,User23,,
1490032048605,Mouse Moved,698.0,221.0,User23,,
1490032048621,Mouse Moved,701.0,221.0,User23,,
1490032048637,Mouse Moved,703.0,219.0,User23,,
1490032048651,Mouse Moved,711.0,213.0,User23,,
1490032048667,Mouse Moved,717.0,211.0,User23,,
1490032048683,Mouse Moved,733.0,208.0,User23,,
1490032048698,Mouse Moved,747.0,208.0,User23,,
1490032048714,Mouse Moved,760.0,214.0,User23,,
1490032048730,Mouse Moved,767.0,221.0,User23,,
1490032048746,Mouse Moved,773.0,228.0,User23,,
1490032048760,Mouse Moved,790.0,267.0,User23,,
1490032048776,Mouse Moved,795.0,288.0,User23,,
1490032048792,Mouse Moved,807.0,334.0,User23,,
1490032048808,Mouse Moved,808.0,345.0,User23,,
1490032048823,Mouse Moved,812.0,367.0,User23,,
1490032048838,Mouse Moved,812.0,371.0,User23,,
1490032048855,Mouse Moved,812.0,374.0,User23,,
1490032049135,Mouse Moved,814.0,374.0,User23,,
1490032049151,Mouse Moved,818.0,371.0,User23,,
1490032049167,Mouse Moved,824.0,368.0,User23,,
1490032049183,Mouse Moved,825.0,367.0,User23,,
1490032049197,Mouse Moved,828.0,365.0,User23,,
1490032049213,Mouse Moved,829.0,363.0,User23,,
1490032049229,Mouse Moved,831.0,361.0,User23,,
1490032049244,Mouse Moved,833.0,358.0,User23,,
1490032049260,Mouse Moved,834.0,357.0,User23,,
1490032049276,Mouse Moved,835.0,355.0,User23,,
1490032049292,Mouse Moved,835.0,354.0,User23,,
1490032049306,Mouse Moved,837.0,352.0,User23,,
1490032049338,Mouse Moved,838.0,352.0,User23,,
1490032049354,Mouse Moved,841.0,348.0,User23,,
1490032049369,Mouse Moved,843.0,345.0,User23,,
1490032049384,Mouse Moved,846.0,341.0,User23,,
1490032049401,Mouse Moved,848.0,338.0,User23,,
1490032049417,Mouse Moved,852.0,330.0,User23,,
1490032049431,Mouse Moved,855.0,328.0,User23,,
1490032049447,Mouse Moved,859.0,324.0,User23,,
1490032049479,Mouse Moved,862.0,322.0,User23,,
1490032049651,Mouse Moved,862.0,320.0,User23,,
1490032049665,Mouse Moved,866.0,317.0,User23,,
1490032049681,Mouse Moved,872.0,309.0,User23,,
1490032049697,Mouse Moved,900.0,268.0,User23,,
1490032049729,Mouse Moved,917.0,244.0,User23,,
1490032049743,Mouse Moved,930.0,225.0,User23,,
1490032049759,Mouse Moved,934.0,220.0,User23,,
1490032049775,Mouse Moved,935.0,219.0,User23,,
1490032049790,Mouse Moved,938.0,216.0,User23,,
1490032049806,Mouse Moved,940.0,214.0,User23,,
1490032049822,Mouse Moved,940.0,213.0,User23,,
1490032049852,Mouse Moved,942.0,212.0,User23,,
1490032049868,Mouse Moved,943.0,211.0,User23,,
1490032049884,Mouse Moved,943.0,210.0,User23,,
1490032049930,Mouse Moved,944.0,210.0,User23,,
1490032049947,Mouse Moved,944.0,209.0,User23,,
1490032049963,Mouse Moved,947.0,206.0,User23,,
1490032049977,Mouse Moved,949.0,204.0,User23,,
1490032049993,Mouse Moved,952.0,198.0,User23,,
1490032050009,Mouse Moved,954.0,193.0,User23,,
1490032050025,Mouse Moved,955.0,192.0,User23,,
1490032050040,Mouse Moved,955.0,190.0,User23,,
1490032050072,Mouse Moved,953.0,190.0,User23,,
1490032050086,Mouse Moved,950.0,191.0,User23,,
1490032050102,Mouse Moved,947.0,194.0,User23,,
1490032050118,Mouse Moved,937.0,205.0,User23,,
1490032050134,Mouse Moved,920.0,226.0,User23,,
1490032050150,Mouse Moved,911.0,238.0,User23,,
1490032050164,Mouse Moved,900.0,252.0,User23,,
1490032050180,Mouse Moved,882.0,277.0,User23,,
1490032050197,Mouse Moved,871.0,291.0,User23,,
1490032050211,Mouse Moved,858.0,308.0,User23,,
1490032050227,Mouse Moved,849.0,318.0,User23,,
1490032050243,Mouse Moved,846.0,321.0,User23,,
1490032050259,Mouse Moved,842.0,325.0,User23,,
1490032050275,Mouse Moved,841.0,326.0,User23,,
1490032050586,Mouse Moved,839.0,328.0,User23,,
1490032050601,Mouse Moved,840.0,330.0,User23,,
1490032050618,Mouse Moved,841.0,332.0,User23,,
1490032050632,Mouse Moved,841.0,334.0,User23,,
1490032050648,Mouse Moved,842.0,334.0,User23,,
1490032050664,Mouse Moved,843.0,336.0,User23,,
1490032050680,Mouse Moved,844.0,336.0,User23,,
1490032050696,Mouse Moved,844.0,338.0,User23,,
1490032050726,Mouse Moved,845.0,339.0,User23,,
1490032050757,Mouse Moved,846.0,340.0,User23,,
1490032050789,Mouse Moved,846.0,341.0,User23,,
1490032050805,Mouse Moved,847.0,342.0,User23,,
1490032050835,Mouse Moved,847.0,343.0,User23,,
1490032050882,Mouse Moved,847.0,344.0,User23,,
1490032050944,Mouse Moved,848.0,344.0,User23,,
1490032050960,Mouse Moved,852.0,344.0,User23,,
1490032050976,Mouse Moved,855.0,344.0,User23,,
1490032050992,Mouse Moved,859.0,344.0,User23,,
1490032051007,Mouse Moved,864.0,344.0,User23,,
1490032051023,Mouse Moved,875.0,341.0,User23,,
1490032051039,Mouse Moved,888.0,338.0,User23,,
1490032051055,Mouse Moved,892.0,338.0,User23,,
1490032051069,Mouse Moved,898.0,337.0,User23,,
1490032051085,Mouse Moved,901.0,337.0,User23,,
1490032051101,Mouse Moved,908.0,336.0,User23,,
1490032051117,Mouse Moved,914.0,334.0,User23,,
1490032051132,Mouse Moved,924.0,334.0,User23,,
1490032051148,Mouse Moved,931.0,334.0,User23,,
1490032051164,Mouse Moved,933.0,334.0,User23,,
1490032051178,Mouse Moved,935.0,334.0,User23,,
1490032051194,Mouse Moved,936.0,334.0,User23,,
1490032051210,Mouse Moved,937.0,334.0,User23,,
1490032051226,Mouse Moved,938.0,335.0,User23,,
1490032051242,Mouse Moved,939.0,335.0,User23,,
1490032051256,Mouse Moved,940.0,336.0,User23,,
1490032051273,Mouse Moved,941.0,337.0,User23,,
1490032051289,Mouse Moved,941.0,338.0,User23,,
1490032051303,Mouse Moved,941.0,339.0,User23,,
1490032051335,Mouse Moved,941.0,340.0,User23,,
1490032051351,Mouse Moved,939.0,342.0,User23,,
1490032051381,Mouse Moved,939.0,343.0,User23,,
1490032051428,Mouse Moved,938.0,345.0,User23,,
1490032051490,Mouse Moved,937.0,345.0,User23,,
1490032051506,Mouse Moved,938.0,344.0,User23,,
1490032051569,Mouse Moved,935.0,345.0,User23,,
1490032051585,Mouse Moved,934.0,346.0,User23,,
1490032051601,Mouse Moved,931.0,347.0,User23,,
1490032051615,Mouse Moved,926.0,348.0,User23,,
1490032051631,Mouse Moved,918.0,348.0,User23,,
1490032051647,Mouse Moved,896.0,348.0,User23,,
1490032051663,Mouse Moved,864.0,345.0,User23,,
1490032051678,Mouse Moved,834.0,336.0,User23,,
1490032051694,Mouse Moved,824.0,333.0,User23,,
1490032051710,Mouse Moved,810.0,327.0,User23,,
1490032051724,Mouse Moved,805.0,325.0,User23,,
1490032051740,Mouse Moved,802.0,324.0,User23,,
1490032051756,Mouse Moved,796.0,324.0,User23,,
1490032051772,Mouse Moved,790.0,324.0,User23,,
1490032051788,Mouse Moved,784.0,324.0,User23,,
1490032051802,Mouse Moved,782.0,325.0,User23,,
1490032051819,Mouse Moved,781.0,325.0,User23,,
1490032051835,Mouse Moved,779.0,326.0,User23,,
1490032051849,Mouse Moved,778.0,326.0,User23,,
1490032051865,Mouse Moved,777.0,326.0,User23,,
1490032051881,Mouse Moved,775.0,326.0,User23,,
1490032051927,Mouse Moved,773.0,327.0,User23,,
1490032052022,Mouse Moved,774.0,327.0,User23,,
1490032052036,Mouse Moved,781.0,327.0,User23,,
1490032052052,Mouse Moved,792.0,324.0,User23,,
1490032052069,Mouse Moved,796.0,323.0,User23,,
1490032052084,Mouse Moved,801.0,322.0,User23,,
1490032052099,Mouse Moved,802.0,322.0,User23,,
1490032052115,Mouse Moved,803.0,322.0,User23,,
1490032052193,Mouse Moved,803.0,323.0,User23,,
1490032052209,Mouse Button.left Released,803.0,323.0,User23,,
1490032052411,Mouse Moved,803.0,322.0,User23,,
1490032052427,Mouse Moved,800.0,323.0,User23,,
1490032052443,Mouse Moved,795.0,324.0,User23,,
1490032052459,Mouse Moved,793.0,324.0,User23,,
1490032052490,Mouse Moved,790.0,324.0,User23,,
1490032052520,Mouse Moved,789.0,324.0,User23,,
1490032052552,Mouse Moved,788.0,324.0,User23,,
1490032052568,Mouse Moved,787.0,324.0,User23,,
1490032052661,Mouse Moved,786.0,324.0,User23,,
1490032052770,Mouse Moved,787.0,324.0,User23,,
1490032052802,Mouse Moved,788.0,324.0,User23,,
1490032052832,Mouse Moved,789.0,324.0,User23,,
1490032052864,Mouse Moved,790.0,324.0,User23,,
1490032052894,Mouse Moved,791.0,324.0,User23,,
1490032052911,Mouse Moved,792.0,324.0,User23,,
1490032052973,Mouse Moved,793.0,324.0,User23,,
1490032053176,Mouse Moved,794.0,324.0,User23,,
1490032053362,Mouse Moved,795.0,324.0,User23,,
1490032053440,Mouse Moved,796.0,324.0,User23,,
1490032053799,Mouse Moved,795.0,323.0,User23,,
1490032053908,Mouse Moved,795.0,324.0,User23,,
1490032053924,Mouse Moved,794.0,324.0,User23,,
1490032053940,Mouse Moved,790.0,324.0,User23,,
1490032053956,Mouse Moved,786.0,325.0,User23,,
1490032053971,Mouse Moved,783.0,325.0,User23,,
1490032053986,Mouse Moved,780.0,325.0,User23,,
1490032054003,Mouse Moved,777.0,325.0,User23,,
1490032054019,Mouse Moved,775.0,325.0,User23,,
1490032054033,Mouse Moved,772.0,325.0,User23,,
1490032054049,Mouse Moved,770.0,325.0,User23,,
1490032054065,Mouse Moved,766.0,325.0,User23,,
1490032054081,Mouse Moved,764.0,325.0,User23,,
1490032054096,Mouse Moved,763.0,325.0,User23,,
1490032054111,Mouse Moved,758.0,324.0,User23,,
1490032054128,Mouse Moved,755.0,324.0,User23,,
1490032054142,Mouse Moved,748.0,322.0,User23,,
1490032054158,Mouse Moved,746.0,322.0,User23,,
1490032054174,Mouse Moved,740.0,321.0,User23,,
1490032054190,Mouse Moved,738.0,321.0,User23,,
1490032054206,Mouse Moved,735.0,320.0,User23,,
1490032054220,Mouse Moved,734.0,320.0,User23,,
1490032054236,Mouse Moved,731.0,319.0,User23,,
1490032054440,Mouse Moved,731.0,320.0,User23,,
1490032054657,Mouse Moved,730.0,319.0,User23,,
1490032054674,Mouse Moved,722.0,319.0,User23,,
1490032054688,Mouse Moved,708.0,317.0,User23,,
1490032054704,Mouse Moved,702.0,317.0,User23,,
1490032054720,Mouse Moved,694.0,316.0,User23,,
1490032054736,Mouse Moved,692.0,315.0,User23,,
1490032054752,Mouse Moved,688.0,315.0,User23,,
1490032054782,Mouse Moved,685.0,315.0,User23,,
1490032054829,Mouse Moved,683.0,315.0,User23,,
1490032055000,Mouse Moved,682.0,315.0,User23,,
1490032055063,Mouse Moved,682.0,315.0,User23,,
1490032055188,Mouse Moved,682.0,315.0,User23,,
1490032055780,Mouse Moved,681.0,314.0,User23,,
1490032055796,Mouse Moved,680.0,313.0,User23,,
1490032055812,Mouse Moved,679.0,311.0,User23,,
1490032055828,Mouse Moved,678.0,310.0,User23,,
1490032055844,Mouse Moved,676.0,309.0,User23,,
1490032055858,Mouse Moved,675.0,308.0,User23,,
1490032055875,Mouse Moved,671.0,306.0,User23,,
1490032055891,Mouse Moved,671.0,305.0,User23,,
1490032055905,Mouse Moved,668.0,304.0,User23,,
1490032055921,Mouse Moved,667.0,303.0,User23,,
1490032055937,Mouse Moved,665.0,300.0,User23,,
1490032055953,Mouse Moved,662.0,297.0,User23,,
1490032055969,Mouse Moved,662.0,296.0,User23,,
1490032055983,Mouse Moved,661.0,295.0,User23,,
1490032056000,Mouse Moved,659.0,293.0,User23,,
1490032056015,Mouse Moved,658.0,292.0,User23,,
1490032056030,Mouse Moved,658.0,291.0,User23,,
1490032056296,Mouse Moved,657.0,292.0,User23,,
1490032056312,Mouse Moved,656.0,292.0,User23,,
1490032056326,Mouse Moved,654.0,292.0,User23,,
1490032056342,Mouse Moved,652.0,292.0,User23,,
1490032056358,Mouse Moved,646.0,292.0,User23,,
1490032056374,Mouse Moved,645.0,293.0,User23,,
1490032056390,Mouse Moved,642.0,294.0,User23,,
1490032056404,Mouse Moved,640.0,294.0,User23,,
1490032056451,Mouse Moved,639.0,294.0,User23,,
1490032056467,Mouse Moved,639.0,295.0,User23,,
1490032056483,Mouse Moved,638.0,295.0,User23,,
1490032056515,Mouse Moved,638.0,296.0,User23,,
1490032056546,Mouse Moved,638.0,297.0,User23,,
1490032056592,Mouse Moved,637.0,298.0,User23,,
1490032056624,Mouse Moved,637.0,299.0,User23,,
1490032056638,Mouse Moved,636.0,299.0,User23,,
1490032056654,Mouse Moved,636.0,300.0,User23,,
1490032056686,Mouse Moved,636.0,301.0,User23,,
1490032056997,Mouse Moved,695.0,256.0,User23,,
1490032057013,Mouse Moved,763.0,211.0,User23,,
1490032057029,Mouse Moved,899.0,139.0,User23,,
1490032057045,Mouse Moved,984.0,121.0,User23,,
1490032057061,Mouse Moved,1006.0,121.0,User23,,
1490032057075,Mouse Moved,1018.0,121.0,User23,,
1490032057092,Mouse Moved,1034.0,123.0,User23,,
1490032057107,Mouse Moved,1041.0,127.0,User23,,
1490032057122,Mouse Moved,1051.0,151.0,User23,,
1490032057138,Mouse Moved,1050.0,171.0,User23,,
1490032057154,Mouse Moved,1049.0,174.0,User23,,
1490032057325,Mouse Moved,1052.0,174.0,User23,,
1490032057341,Mouse Moved,1103.0,166.0,User23,,
1490032057357,Mouse Moved,1224.0,138.0,User23,,
1490032057372,Mouse Moved,1266.0,130.0,User23,,
1490032057388,Mouse Moved,1313.0,128.0,User23,,
1490032057404,Mouse Moved,1351.0,128.0,User23,,
1490032057418,Mouse Moved,1364.0,133.0,User23,,
1490032057434,Mouse Moved,1377.0,139.0,User23,,
1490032057450,Mouse Moved,1380.0,142.0,User23,,
1490032057591,Mouse Moved,1383.0,142.0,User23,,
1490032057607,Mouse Moved,1392.0,138.0,User23,,
1490032057621,Mouse Moved,1397.0,135.0,User23,,
1490032057638,Mouse Moved,1410.0,127.0,User23,,
1490032057653,Mouse Moved,1427.0,107.0,User23,,
1490032057668,Mouse Moved,1432.0,100.0,User23,,
1490032057684,Mouse Moved,1438.0,90.0,User23,,
1490032057700,Mouse Moved,1439.0,88.0,User23,,
1490032057716,Mouse Moved,1441.0,86.0,User23,,
1490032057730,Mouse Moved,1441.0,85.0,User23,,
1490032057887,Mouse Moved,1440.0,85.0,User23,,
1490032057903,Mouse Moved,1439.0,86.0,User23,,
1490032057918,Mouse Moved,1438.0,87.0,User23,,
1490032057934,Mouse Moved,1433.0,95.0,User23,,
1490032057950,Mouse Moved,1432.0,96.0,User23,,
1490032057964,Mouse Moved,1431.0,97.0,User23,,
1490032057980,Mouse Moved,1431.0,98.0,User23,,
1490032058012,Mouse Moved,1431.0,99.0,User23,,
1490032058042,Mouse Moved,1430.0,99.0,User23,,
1490032058075,Mouse Moved,1430.0,98.0,User23,,
1490032058214,Mouse Moved,1430.0,98.0,User23,,
1490032058401,Mouse Moved,1427.0,100.0,User23,,
1490032058417,Mouse Moved,1419.0,104.0,User23,,
1490032058433,Mouse Moved,1376.0,128.0,User23,,
1490032058448,Mouse Moved,1348.0,147.0,User23,,
1490032058464,Mouse Moved,1300.0,178.0,User23,,
1490032058480,Mouse Moved,1251.0,198.0,User23,,
1490032058496,Mouse Moved,1224.0,208.0,User23,,
1490032058510,Mouse Moved,1184.0,216.0,User23,,
1490032058526,Mouse Moved,1165.0,216.0,User23,,
1490032058542,Mouse Moved,1143.0,212.0,User23,,
1490032058558,Mouse Moved,1136.0,207.0,User23,,
1490032058573,Mouse Moved,1134.0,206.0,User23,,
1490032058760,Mouse Moved,1133.0,209.0,User23,,
1490032058792,Mouse Moved,1129.0,221.0,User23,,
1490032058808,Mouse Moved,1088.0,292.0,User23,,
1490032058822,Mouse Moved,1048.0,340.0,User23,,
1490032058838,Mouse Moved,1032.0,357.0,User23,,
1490032058855,Mouse Moved,1005.0,379.0,User23,,
1490032058869,Mouse Moved,997.0,383.0,User23,,
1490032058885,Mouse Moved,988.0,385.0,User23,,
1490032059056,Mouse Moved,987.0,385.0,User23,,
1490032059072,Mouse Moved,983.0,386.0,User23,,
1490032059088,Mouse Moved,974.0,388.0,User23,,
1490032059104,Mouse Moved,948.0,394.0,User23,,
1490032059119,Mouse Moved,895.0,406.0,User23,,
1490032059134,Mouse Moved,863.0,415.0,User23,,
1490032059151,Mouse Moved,844.0,421.0,User23,,
1490032059167,Mouse Moved,837.0,424.0,User23,,
1490032059181,Mouse Moved,828.0,427.0,User23,,
1490032059401,Mouse Moved,827.0,429.0,User23,,
1490032059415,Mouse Moved,820.0,435.0,User23,,
1490032059431,Mouse Moved,804.0,448.0,User23,,
1490032059447,Mouse Moved,793.0,457.0,User23,,
1490032059463,Mouse Moved,787.0,461.0,User23,,
1490032059479,Mouse Moved,785.0,462.0,User23,,
1490032059493,Mouse Moved,781.0,464.0,User23,,
1490032059509,Mouse Moved,777.0,467.0,User23,,
1490032059525,Mouse Moved,775.0,469.0,User23,,
1490032059540,Mouse Moved,773.0,472.0,User23,,
1490032059556,Mouse Moved,772.0,472.0,User23,,
1490032059572,Mouse Moved,771.0,473.0,User23,,
1490032059602,Mouse Moved,770.0,474.0,User23,,
1490032059650,Mouse Moved,770.0,473.0,User23,,
1490032059743,Mouse Moved,770.0,473.0,User23,,
1490032060211,Mouse Moved,771.0,471.0,User23,,
1490032060226,Mouse Moved,782.0,451.0,User23,,
1490032060243,Mouse Moved,809.0,410.0,User23,,
1490032060259,Mouse Moved,826.0,392.0,User23,,
1490032060273,Mouse Moved,831.0,386.0,User23,,
1490032060289,Mouse Moved,833.0,385.0,User23,,
1490032060305,Mouse Moved,833.0,383.0,User23,,
1490032060321,Mouse Moved,833.0,382.0,User23,,
1490032060336,Mouse Moved,833.0,380.0,User23,,
1490032060351,Mouse Moved,832.0,378.0,User23,,
1490032060368,Mouse Moved,826.0,369.0,User23,,
1490032060382,Mouse Moved,823.0,363.0,User23,,
1490032060398,Mouse Moved,820.0,352.0,User23,,
1490032060414,Mouse Moved,816.0,331.0,User23,,
1490032060430,Mouse Moved,816.0,319.0,User23,,
1490032060648,Mouse Moved,817.0,310.0,User23,,
1490032060664,Mouse Moved,871.0,292.0,User23,,
1490032060680,Mouse Moved,896.0,289.0,User23,,
1490032060694,Mouse Moved,929.0,286.0,User23,,
1490032060710,Mouse Moved,937.0,286.0,User23,,
1490032060726,Mouse Moved,944.0,286.0,User23,,
1490032060742,Mouse Moved,945.0,286.0,User23,,
1490032060757,Mouse Moved,947.0,286.0,User23,,
1490032060789,Mouse Moved,947.0,287.0,User23,,
1490032060805,Mouse Moved,947.0,288.0,User23,,
1490032060819,Mouse Moved,947.0,291.0,User23,,
1490032060835,Mouse Moved,947.0,293.0,User23,,
1490032060851,Mouse Moved,946.0,293.0,User23,,
1490032060867,Mouse Moved,945.0,293.0,User23,,
1490032060882,Mouse Moved,945.0,294.0,User23,,
1490032060898,Mouse Moved,943.0,294.0,User23,,
1490032060928,Mouse Moved,943.0,295.0,User23,,
1490032060976,Mouse Moved,943.0,297.0,User23,,
1490032060992,Mouse Moved,943.0,300.0,User23,,
1490032061006,Mouse Moved,943.0,312.0,User23,,
1490032061023,Mouse Moved,943.0,336.0,User23,,
1490032061039,Mouse Moved,945.0,349.0,User23,,
1490032061053,Mouse Moved,945.0,351.0,User23,,
1490032061085,Mouse Moved,945.0,353.0,User23,,
1490032061397,Mouse Moved,949.0,350.0,User23,,
1490032061413,Mouse Moved,970.0,339.0,User23,,
1490032061428,Mouse Moved,1020.0,313.0,User23,,
1490032061444,Mouse Moved,1071.0,287.0,User23,,
1490032061460,Mouse Moved,1215.0,219.0,User23,,
1490032061474,Mouse Moved,1271.0,198.0,User23,,
1490032061490,Mouse Moved,1281.0,194.0,User23,,
1490032061506,Mouse Moved,1287.0,191.0,User23,,
1490032061522,Mouse Moved,1291.0,189.0,User23,,
1490032061538,Mouse Moved,1291.0,188.0,User23,,
1490032061756,Mouse Moved,1290.0,190.0,User23,,
1490032061772,Mouse Moved,1283.0,199.0,User23,,
1490032061786,Mouse Moved,1267.0,217.0,User23,,
1490032061802,Mouse Moved,1193.0,272.0,User23,,
1490032061819,Mouse Moved,1128.0,313.0,User23,,
1490032061834,Mouse Moved,1084.0,336.0,User23,,
1490032061849,Mouse Moved,1072.0,340.0,User23,,
1490032061865,Mouse Moved,1055.0,342.0,User23,,
1490032061881,Mouse Moved,1050.0,342.0,User23,,
1490032061897,Mouse Moved,1049.0,340.0,User23,,
1490032062145,Mouse Moved,1047.0,344.0,User23,,
1490032062161,Mouse Moved,1012.0,382.0,User23,,
1490032062177,Mouse Moved,956.0,454.0,User23,,
1490032062209,Mouse Moved,919.0,509.0,User23,,
1490032062223,Mouse Moved,881.0,588.0,User23,,
1490032062240,Mouse Moved,878.0,594.0,User23,,
1490032062255,Mouse Moved,876.0,601.0,User23,,
1490032063128,Mouse Moved,871.0,601.0,User23,,
1490032063144,Mouse Moved,849.0,597.0,User23,,
1490032063160,Mouse Moved,728.0,543.0,User23,,
1490032063176,Mouse Moved,677.0,508.0,User23,,
1490032063190,Mouse Moved,557.0,413.0,User23,,
1490032063207,Mouse Moved,450.0,327.0,User23,,
1490032063223,Mouse Moved,410.0,288.0,User23,,
1490032063237,Mouse Moved,369.0,244.0,User23,,
1490032063253,Mouse Moved,354.0,225.0,User23,,
1490032063269,Mouse Moved,351.0,221.0,User23,,
1490032063285,Mouse Moved,350.0,219.0,User23,,
1490032063503,Mouse Moved,348.0,219.0,User23,,
1490032063519,Mouse Moved,337.0,220.0,User23,,
1490032063535,Mouse Moved,300.0,211.0,User23,,
1490032063549,Mouse Moved,261.0,194.0,User23,,
1490032063565,Mouse Moved,229.0,176.0,User23,,
1490032063581,Mouse Moved,180.0,142.0,User23,,
1490032063596,Mouse Moved,158.0,124.0,User23,,
1490032063612,Mouse Moved,137.0,106.0,User23,,
1490032063628,Mouse Moved,127.0,97.0,User23,,
1490032063644,Mouse Moved,123.0,94.0,User23,,
1490032063658,Mouse Moved,117.0,91.0,User23,,
1490032063986,Mouse Moved,118.0,90.0,User23,,
1490032064003,Mouse Moved,120.0,90.0,User23,,
1490032064017,Mouse Moved,129.0,87.0,User23,,
1490032064033,Mouse Moved,135.0,85.0,User23,,
1490032064049,Mouse Moved,154.0,80.0,User23,,
1490032064065,Mouse Moved,167.0,76.0,User23,,
1490032064081,Mouse Moved,193.0,72.0,User23,,
1490032064095,Mouse Moved,205.0,72.0,User23,,
1490032064111,Mouse Moved,214.0,72.0,User23,,
1490032064127,Mouse Moved,228.0,72.0,User23,,
1490032064142,Mouse Moved,235.0,73.0,User23,,
1490032064174,Mouse Moved,236.0,73.0,User23,,
1490032064190,Mouse Moved,236.0,74.0,User23,,
1490032064204,Mouse Moved,237.0,74.0,User23,,
1490032064236,Mouse Moved,238.0,75.0,User23,,
1490032064252,Mouse Moved,238.0,76.0,User23,,
1490032064267,Mouse Moved,239.0,76.0,User23,,
1490032064282,Mouse Moved,239.0,77.0,User23,,
1490032064299,Mouse Moved,242.0,79.0,User23,,
1490032064315,Mouse Moved,246.0,79.0,User23,,
1490032064329,Mouse Moved,259.0,82.0,User23,,
1490032064345,Mouse Moved,270.0,83.0,User23,,
1490032064361,Mouse Moved,275.0,83.0,User23,,
1490032064377,Mouse Moved,288.0,84.0,User23,,
1490032064392,Mouse Moved,293.0,85.0,User23,,
1490032064407,Mouse Moved,295.0,85.0,User23,,
1490032064438,Mouse Moved,296.0,85.0,User23,,
1490032064486,Mouse Moved,297.0,85.0,User23,,
1490032064595,Mouse Moved,297.0,85.0,User23,,
1490032064673,Mouse Moved,297.0,85.0,User23,,
1490032065187,Mouse Moved,298.0,87.0,User23,,
1490032065203,Mouse Moved,301.0,91.0,User23,,
1490032065219,Mouse Moved,334.0,119.0,User23,,
1490032065234,Mouse Moved,385.0,146.0,User23,,
1490032065250,Mouse Moved,452.0,185.0,User23,,
1490032065266,Mouse Moved,479.0,204.0,User23,,
1490032065282,Mouse Moved,531.0,241.0,User23,,
1490032065296,Mouse Moved,555.0,257.0,User23,,
1490032065312,Mouse Moved,565.0,267.0,User23,,
1490032065328,Mouse Moved,588.0,299.0,User23,,
1490032065655,Mouse Moved,589.0,299.0,User23,,
1490032065671,Mouse Moved,591.0,299.0,User23,,
1490032065687,Mouse Moved,595.0,300.0,User23,,
1490032065703,Mouse Moved,608.0,301.0,User23,,
1490032065719,Mouse Moved,616.0,301.0,User23,,
1490032065733,Mouse Moved,623.0,302.0,User23,,
1490032065750,Mouse Moved,635.0,304.0,User23,,
1490032065765,Mouse Moved,641.0,305.0,User23,,
1490032065780,Mouse Moved,652.0,307.0,User23,,
1490032065796,Mouse Moved,658.0,308.0,User23,,
1490032065812,Mouse Moved,661.0,308.0,User23,,
1490032065828,Mouse Moved,662.0,309.0,User23,,
1490032065842,Mouse Moved,662.0,310.0,User23,,
1490032065858,Mouse Moved,663.0,310.0,User23,,
1490032065953,Mouse Moved,661.0,310.0,User23,,
1490032065967,Mouse Moved,657.0,310.0,User23,,
1490032065983,Mouse Moved,631.0,304.0,User23,,
1490032065999,Mouse Moved,593.0,294.0,User23,,
1490032066015,Mouse Moved,579.0,290.0,User23,,
1490032066030,Mouse Moved,556.0,283.0,User23,,
1490032066046,Mouse Moved,551.0,281.0,User23,,
1490032066062,Mouse Moved,548.0,280.0,User23,,
1490032066076,Mouse Moved,545.0,278.0,User23,,
1490032066279,Mouse Moved,543.0,275.0,User23,,
1490032066296,Mouse Moved,541.0,269.0,User23,,
1490032066311,Mouse Moved,535.0,252.0,User23,,
1490032066326,Mouse Moved,531.0,239.0,User23,,
1490032066342,Mouse Moved,530.0,237.0,User23,,
1490032066358,Mouse Moved,530.0,235.0,User23,,
1490032066374,Mouse Moved,528.0,235.0,User23,,
1490032066388,Mouse Moved,527.0,234.0,User23,,
1490032066404,Mouse Moved,526.0,233.0,User23,,
1490032066421,Mouse Moved,523.0,233.0,User23,,
1490032066451,Mouse Moved,521.0,233.0,User23,,
1490032066529,Mouse Moved,520.0,234.0,User23,,
1490032066545,Mouse Moved,519.0,235.0,User23,,
1490032066561,Mouse Moved,519.0,237.0,User23,,
1490032066576,Mouse Moved,519.0,238.0,User23,,
1490032066592,Mouse Moved,519.0,239.0,User23,,
1490032066608,Mouse Moved,519.0,241.0,User23,,
1490032066622,Mouse Moved,519.0,242.0,User23,,
1490032066638,Mouse Moved,519.0,244.0,User23,,
1490032066654,Mouse Moved,520.0,247.0,User23,,
1490032066670,Mouse Moved,521.0,249.0,User23,,
1490032066700,Mouse Moved,521.0,250.0,User23,,
1490032066795,Mouse Moved,521.0,251.0,User23,,
1490032066825,Mouse Moved,520.0,251.0,User23,,
1490032066842,Mouse Moved,518.0,251.0,User23,,
1490032066872,Mouse Moved,517.0,251.0,User23,,
1490032066904,Mouse Moved,517.0,250.0,User23,,
1490032066920,Mouse Moved,516.0,250.0,User23,,
1490032067045,Mouse Moved,516.0,250.0,User23,,
1490032067138,Mouse Moved,516.0,250.0,User23,,
1490032067232,Mouse Moved,516.0,252.0,User23,,
1490032067263,Mouse Moved,516.0,253.0,User23,,
1490032070335,Mouse Moved,516.0,255.0,User23,,
1490032070351,Mouse Moved,516.0,260.0,User23,,
1490032070367,Mouse Moved,516.0,263.0,User23,,
1490032070398,Mouse Moved,515.0,265.0,User23,,
1490032070414,Mouse Moved,507.0,275.0,User23,,
1490032070444,Mouse Moved,504.0,277.0,User23,,
1490032070460,Mouse Moved,492.0,286.0,User23,,
1490032070476,Mouse Moved,488.0,291.0,User23,,
1490032070492,Mouse Moved,486.0,292.0,User23,,
1490032070507,Mouse Moved,485.0,293.0,User23,,
1490032070523,Mouse Moved,485.0,294.0,User23,,
1490032070539,Mouse Moved,482.0,298.0,User23,,
1490032070569,Mouse Moved,479.0,307.0,User23,,
1490032070585,Mouse Moved,475.0,316.0,User23,,
1490032070601,Mouse Moved,475.0,317.0,User23,,
1490032070632,Mouse Moved,475.0,318.0,User23,,
1490032070678,Mouse Moved,475.0,319.0,User23,,
1490032070726,Mouse Moved,475.0,320.0,User23,,
1490032070742,Mouse Moved,475.0,321.0,User23,,
1490032070756,Mouse Moved,472.0,326.0,User23,,
1490032070773,Mouse Moved,472.0,333.0,User23,,
1490032070789,Mouse Moved,471.0,338.0,User23,,
1490032070803,Mouse Moved,471.0,340.0,User23,,
1490032070819,Mouse Moved,471.0,341.0,User23,,
1490032070867,Mouse Moved,471.0,341.0,User23,,
1490032070881,Mouse Button.left Pressed,471.0,341.0,User23,,
1490032071023,Mouse Moved,471.0,341.0,User23,,
1490032118290,Mouse Moved,469.0,342.0,User23,,
1490032118305,Mouse Moved,465.0,343.0,User23,,
1490032118322,Mouse Moved,443.0,346.0,User23,,
1490032118336,Mouse Moved,392.0,351.0,User23,,
1490032118352,Mouse Moved,308.0,357.0,User23,,
1490032118368,Mouse Moved,269.0,355.0,User23,,
1490032118384,Mouse Moved,224.0,344.0,User23,,
1490032118414,Mouse Moved,221.0,342.0,User23,,
1490032118430,Mouse Moved,217.0,340.0,User23,,
1490032118447,Mouse Moved,216.0,338.0,User23,,
1490032118618,Mouse Moved,219.0,336.0,User23,,
1490032118634,Mouse Moved,226.0,337.0,User23,,
1490032118648,Mouse Moved,233.0,342.0,User23,,
1490032118664,Mouse Moved,242.0,349.0,User23,,
1490032118680,Mouse Moved,259.0,363.0,User23,,
1490032118696,Mouse Moved,269.0,371.0,User23,,
1490032118711,Mouse Moved,284.0,384.0,User23,,
1490032118726,Mouse Moved,294.0,390.0,User23,,
1490032118743,Mouse Moved,299.0,391.0,User23,,
1490032118946,Mouse Moved,301.0,389.0,User23,,
1490032118960,Mouse Moved,308.0,384.0,User23,,
1490032118976,Mouse Moved,363.0,336.0,User23,,
1490032118993,Mouse Moved,386.0,316.0,User23,,
1490032119007,Mouse Moved,402.0,305.0,User23,,
1490032119023,Mouse Moved,431.0,297.0,User23,,
1490032119039,Mouse Moved,441.0,295.0,User23,,
1490032119055,Mouse Moved,452.0,295.0,User23,,
1490032119071,Mouse Moved,459.0,295.0,User23,,
1490032119085,Mouse Moved,462.0,296.0,User23,,
1490032119101,Mouse Moved,463.0,296.0,User23,,
1490032119117,Mouse Moved,465.0,302.0,User23,,
1490032119132,Mouse Moved,467.0,308.0,User23,,
1490032119148,Mouse Moved,467.0,311.0,User23,,
1490032119164,Mouse Moved,468.0,315.0,User23,,
1490032119180,Mouse Moved,468.0,323.0,User23,,
1490032119194,Mouse Moved,467.0,325.0,User23,,
1490032119210,Mouse Moved,467.0,327.0,User23,,
1490032119226,Mouse Moved,464.0,332.0,User23,,
1490032119242,Mouse Moved,462.0,335.0,User23,,
1490032119257,Mouse Moved,457.0,341.0,User23,,
1490032119273,Mouse Moved,454.0,344.0,User23,,
1490032119289,Mouse Moved,445.0,354.0,User23,,
1490032119305,Mouse Moved,434.0,365.0,User23,,
1490032119319,Mouse Moved,427.0,370.0,User23,,
1490032119335,Mouse Moved,419.0,377.0,User23,,
1490032119351,Mouse Moved,416.0,378.0,User23,,
1490032119367,Mouse Moved,412.0,381.0,User23,,
1490032119382,Mouse Moved,411.0,381.0,User23,,
1490032119414,Mouse Moved,409.0,381.0,User23,,
1490032119553,Mouse Moved,411.0,381.0,User23,,
1490032119569,Mouse Moved,416.0,380.0,User23,,
1490032119585,Mouse Moved,421.0,379.0,User23,,
1490032119601,Mouse Moved,438.0,376.0,User23,,
1490032119617,Mouse Moved,447.0,376.0,User23,,
1490032119631,Mouse Moved,465.0,379.0,User23,,
1490032119648,Mouse Moved,483.0,390.0,User23,,
1490032119663,Mouse Moved,492.0,397.0,User23,,
1490032119678,Mouse Moved,505.0,406.0,User23,,
1490032119694,Mouse Moved,508.0,409.0,User23,,
1490032119710,Mouse Moved,511.0,411.0,User23,,
1490032119726,Mouse Moved,513.0,412.0,User23,,
1490032132283,Mouse Moved,514.0,412.0,User23,,
1490032132299,Mouse Moved,518.0,411.0,User23,,
1490032132315,Mouse Moved,526.0,410.0,User23,,
1490032132331,Mouse Moved,557.0,414.0,User23,,
1490032132345,Mouse Moved,597.0,429.0,User23,,
1490032132361,Mouse Moved,609.0,437.0,User23,,
1490032132377,Mouse Moved,631.0,460.0,User23,,
1490032132392,Mouse Moved,635.0,465.0,User23,,
1490032132408,Mouse Moved,639.0,476.0,User23,,
1490032132424,Mouse Moved,636.0,508.0,User23,,
1490032132454,Mouse Moved,619.0,533.0,User23,,
1490032132470,Mouse Moved,559.0,559.0,User23,,
1490032132502,Mouse Moved,546.0,559.0,User23,,
1490032132517,Mouse Moved,488.0,522.0,User23,,
1490032132532,Mouse Moved,443.0,454.0,User23,,
1490032132549,Mouse Moved,407.0,350.0,User23,,
1490032132565,Mouse Moved,400.0,321.0,User23,,
1490032132579,Mouse Moved,395.0,305.0,User23,,
1490032132595,Mouse Moved,393.0,300.0,User23,,
1490032132611,Mouse Moved,393.0,299.0,User23,,
1490032132627,Mouse Moved,392.0,299.0,User23,,
1490032132907,Mouse Moved,392.0,298.0,User23,,
1490032132923,Mouse Moved,386.0,292.0,User23,,
1490032132938,Mouse Moved,380.0,284.0,User23,,
1490032132954,Mouse Moved,365.0,270.0,User23,,
1490032132970,Mouse Moved,358.0,264.0,User23,,
1490032132986,Mouse Moved,355.0,263.0,User23,,
1490032133000,Mouse Moved,352.0,261.0,User23,,
1490032133016,Mouse Moved,351.0,261.0,User23,,
1490032133032,Mouse Moved,350.0,261.0,User23,,
1490032133048,Mouse Moved,350.0,260.0,User23,,
1490032133095,Mouse Moved,349.0,260.0,User23,,
1490032133188,Mouse Moved,348.0,260.0,User23,,
1490032133359,Mouse Moved,347.0,260.0,User23,,
1490032133375,Mouse Moved,344.0,262.0,User23,,
1490032133391,Mouse Moved,342.0,263.0,User23,,
1490032133407,Mouse Moved,334.0,265.0,User23,,
1490032133423,Mouse Moved,331.0,267.0,User23,,
1490032133437,Mouse Moved,327.0,269.0,User23,,
1490032133453,Mouse Moved,324.0,270.0,User23,,
1490032133469,Mouse Moved,323.0,270.0,User23,,
1490032133500,Mouse Moved,322.0,270.0,User23,,
1490032134983,Mouse Moved,342.0,265.0,User23,,
1490032134997,Mouse Moved,416.0,249.0,User23,,
1490032135013,Mouse Moved,469.0,241.0,User23,,
1490032135029,Mouse Moved,514.0,235.0,User23,,
1490032135045,Mouse Moved,593.0,233.0,User23,,
1490032135061,Mouse Moved,626.0,233.0,User23,,
1490032135075,Mouse Moved,656.0,238.0,User23,,
1490032135107,Mouse Moved,666.0,240.0,User23,,
1490032135279,Mouse Moved,679.0,248.0,User23,,
1490032135309,Mouse Moved,678.0,250.0,User23,,
1490032135325,Mouse Moved,673.0,255.0,User23,,
1490032135341,Mouse Moved,672.0,255.0,User23,,
1490032135372,Mouse Moved,672.0,257.0,User23,,
1490032135388,Mouse Moved,671.0,258.0,User23,,
1490032135404,Mouse Moved,671.0,259.0,User23,,
1490032135418,Mouse Moved,670.0,260.0,User23,,
1490032135434,Mouse Moved,670.0,262.0,User23,,
1490032135450,Mouse Moved,669.0,263.0,User23,,
1490032135482,Mouse Moved,669.0,265.0,User23,,
1490032135496,Mouse Moved,669.0,267.0,User23,,
1490032135543,Mouse Moved,669.0,268.0,User23,,
1490032135575,Mouse Moved,669.0,271.0,User23,,
1490032135621,Mouse Moved,669.0,272.0,User23,,
1490032135668,Mouse Moved,670.0,271.0,User23,,
1490032135778,Mouse Moved,670.0,271.0,User23,,
1490032135793,Mouse Button.left Released,670.0,271.0,User23,,
1490032137493,Mouse Moved,668.0,272.0,User23,,
1490032137509,Mouse Moved,665.0,275.0,User23,,
1490032137525,Mouse Moved,661.0,276.0,User23,,
1490032137540,Mouse Moved,650.0,278.0,User23,,
1490032137556,Mouse Moved,638.0,278.0,User23,,
1490032137572,Mouse Moved,623.0,278.0,User23,,
1490032137588,Mouse Moved,617.0,278.0,User23,,
1490032137618,Mouse Moved,608.0,279.0,User23,,
1490032137650,Mouse Moved,599.0,280.0,User23,,
1490032137665,Mouse Moved,589.0,281.0,User23,,
1490032137680,Mouse Moved,588.0,281.0,User23,,
1490032137697,Mouse Moved,587.0,281.0,User23,,
1490032137713,Mouse Moved,586.0,282.0,User23,,
1490032137727,Mouse Moved,585.0,282.0,User23,,
1490032139131,Mouse Moved,584.0,284.0,User23,,
1490032139148,Mouse Moved,577.0,289.0,User23,,
1490032139163,Mouse Moved,564.0,296.0,User23,,
1490032139178,Mouse Moved,543.0,306.0,User23,,
1490032139194,Mouse Moved,498.0,325.0,User23,,
1490032139210,Mouse Moved,467.0,338.0,User23,,
1490032139226,Mouse Moved,438.0,350.0,User23,,
1490032139240,Mouse Moved,424.0,357.0,User23,,
1490032139256,Mouse Moved,402.0,362.0,User23,,
1490032139273,Mouse Moved,389.0,362.0,User23,,
1490032139288,Mouse Moved,385.0,362.0,User23,,
1490032139303,Mouse Moved,375.0,356.0,User23,,
1490032139319,Mouse Moved,372.0,352.0,User23,,
1490032139599,Mouse Moved,370.0,351.0,User23,,
1490032139615,Mouse Moved,345.0,334.0,User23,,
1490032139631,Mouse Moved,338.0,328.0,User23,,
1490032139647,Mouse Moved,330.0,322.0,User23,,
1490032139663,Mouse Moved,326.0,317.0,User23,,
1490032139709,Mouse Moved,321.0,306.0,User23,,
1490032140365,Mouse Moved,319.0,299.0,User23,,
1490032140380,Mouse Moved,319.0,297.0,User23,,
1490032140395,Mouse Moved,318.0,292.0,User23,,
1490032140427,Mouse Moved,317.0,289.0,User23,,
1490032140566,Mouse Moved,317.0,288.0,User23,,
1490032140582,Mouse Moved,319.0,286.0,User23,,
1490032140598,Mouse Moved,322.0,286.0,User23,,
1490032140614,Mouse Moved,328.0,286.0,User23,,
1490032140769,Mouse Moved,332.0,286.0,User23,,
1490032140816,Mouse Moved,333.0,286.0,User23,,
1490032140848,Mouse Moved,334.0,285.0,User23,,
1490032140911,Mouse Moved,341.0,280.0,User23,,
1490032140941,Mouse Moved,351.0,273.0,User23,,
1490032140957,Mouse Moved,446.0,205.0,User23,,
1490032140973,Mouse Moved,453.0,200.0,User23,,
1490032140989,Mouse Moved,462.0,194.0,User23,,
1490032141223,Mouse Moved,462.0,195.0,User23,,
1490032141237,Mouse Moved,458.0,208.0,User23,,
1490032141253,Mouse Moved,452.0,232.0,User23,,
1490032141269,Mouse Moved,450.0,239.0,User23,,
1490032141285,Mouse Moved,450.0,252.0,User23,,
1490032141301,Mouse Moved,450.0,263.0,User23,,
1490032141315,Mouse Moved,454.0,270.0,User23,,
1490032141332,Mouse Moved,472.0,299.0,User23,,
1490032141346,Mouse Moved,481.0,306.0,User23,,
1490032141378,Mouse Moved,487.0,313.0,User23,,
1490032141410,Mouse Moved,503.0,329.0,User23,,
1490032141596,Mouse Moved,503.0,334.0,User23,,
1490032141612,Mouse Moved,499.0,340.0,User23,,
1490032141628,Mouse Moved,480.0,366.0,User23,,
1490032141644,Mouse Moved,457.0,404.0,User23,,
1490032141658,Mouse Moved,420.0,456.0,User23,,
1490032141674,Mouse Moved,389.0,494.0,User23,,
1490032141690,Mouse Moved,380.0,504.0,User23,,
1490032141706,Mouse Moved,369.0,514.0,User23,,
1490032141721,Mouse Moved,365.0,516.0,User23,,
1490032141908,Mouse Moved,364.0,516.0,User23,,
1490032141924,Mouse Moved,368.0,508.0,User23,,
1490032141940,Mouse Moved,373.0,502.0,User23,,
1490032141956,Mouse Moved,375.0,497.0,User23,,
1490032141986,Mouse Moved,383.0,484.0,User23,,
1490032142003,Mouse Moved,387.0,469.0,User23,,
1490032142033,Mouse Moved,387.0,468.0,User23,,
1490032142065,Mouse Moved,386.0,468.0,User23,,
1490032142081,Mouse Moved,385.0,468.0,User23,,
1490032142095,Mouse Moved,383.0,468.0,User23,,
1490032142111,Mouse Moved,381.0,468.0,User23,,
1490032142127,Mouse Moved,378.0,467.0,User23,,
1490032142142,Mouse Moved,377.0,467.0,User23,,
1490032142174,Mouse Moved,375.0,466.0,User23,,
1490032142407,Mouse Moved,375.0,466.0,User23,,
1490032142828,Mouse Button.left Pressed,375.0,466.0,User23,,
1490032142845,Mouse Moved,375.0,466.0,User23,,
1490032147338,Mouse Moved,374.0,466.0,User23,,
1490032147352,Mouse Moved,373.0,463.0,User23,,
1490032147368,Mouse Moved,365.0,440.0,User23,,
1490032147384,Mouse Moved,352.0,361.0,User23,,
1490032147400,Mouse Moved,349.0,333.0,User23,,
1490032147415,Mouse Moved,343.0,285.0,User23,,
1490032147430,Mouse Moved,338.0,264.0,User23,,
1490032147447,Mouse Moved,332.0,244.0,User23,,
1490032147463,Mouse Moved,329.0,239.0,User23,,
1490032147477,Mouse Moved,325.0,226.0,User23,,
1490032147493,Mouse Moved,323.0,218.0,User23,,
1490032147509,Mouse Moved,322.0,215.0,User23,,
1490032147525,Mouse Moved,322.0,209.0,User23,,
1490032147540,Mouse Moved,322.0,203.0,User23,,
1490032147555,Mouse Moved,323.0,195.0,User23,,
1490032147572,Mouse Moved,324.0,193.0,User23,,
1490032147711,Mouse Moved,324.0,194.0,User23,,
1490032147727,Mouse Moved,325.0,200.0,User23,,
1490032147743,Mouse Moved,325.0,207.0,User23,,
1490032147759,Mouse Moved,328.0,224.0,User23,,
1490032147775,Mouse Moved,330.0,229.0,User23,,
1490032147789,Mouse Moved,332.0,243.0,User23,,
1490032147805,Mouse Moved,334.0,254.0,User23,,
1490032147821,Mouse Moved,334.0,259.0,User23,,
1490032147836,Mouse Moved,335.0,262.0,User23,,
1490032147852,Mouse Moved,335.0,263.0,User23,,
1490032147868,Mouse Moved,336.0,265.0,User23,,
1490032147884,Mouse Moved,336.0,266.0,User23,,
1490032148523,Mouse Moved,335.0,266.0,User23,,
1490032148539,Mouse Moved,335.0,266.0,User23,,
1490032148664,Mouse Moved,335.0,266.0,User23,,
1490032151861,Mouse Moved,339.0,264.0,User23,,
1490032151877,Mouse Moved,349.0,261.0,User23,,
1490032151892,Mouse Moved,405.0,242.0,User23,,
1490032151908,Mouse Moved,493.0,211.0,User23,,
1490032151924,Mouse Moved,573.0,195.0,User23,,
1490032151940,Mouse Moved,607.0,188.0,User23,,
1490032151954,Mouse Moved,657.0,184.0,User23,,
1490032151970,Mouse Moved,665.0,186.0,User23,,
1490032151986,Mouse Moved,677.0,191.0,User23,,
1490032152002,Mouse Moved,682.0,197.0,User23,,
1490032152017,Mouse Moved,689.0,209.0,User23,,
1490032152188,Mouse Moved,691.0,210.0,User23,,
1490032152204,Mouse Moved,694.0,211.0,User23,,
1490032152220,Mouse Moved,701.0,213.0,User23,,
1490032152236,Mouse Moved,730.0,220.0,User23,,
1490032152266,Mouse Moved,796.0,233.0,User23,,
1490032152282,Mouse Moved,816.0,238.0,User23,,
1490032152299,Mouse Moved,819.0,239.0,User23,,
1490032152500,Mouse Moved,820.0,241.0,User23,,
1490032152516,Mouse Moved,821.0,242.0,User23,,
1490032152532,Mouse Moved,823.0,245.0,User23,,
1490032152548,Mouse Moved,825.0,247.0,User23,,
1490032152563,Mouse Moved,825.0,248.0,User23,,
1490032152578,Mouse Moved,827.0,249.0,User23,,
1490032152595,Mouse Moved,827.0,250.0,User23,,
1490032152611,Mouse Moved,828.0,250.0,User23,,
1490032152625,Mouse Moved,828.0,251.0,User23,,
1490032152673,Mouse Moved,829.0,254.0,User23,,
1490032152703,Mouse Moved,831.0,255.0,User23,,
1490032152734,Mouse Moved,831.0,256.0,User23,,
1490032152766,Mouse Moved,832.0,258.0,User23,,
1490032152782,Mouse Moved,832.0,260.0,User23,,
1490032152798,Mouse Moved,832.0,261.0,User23,,
1490032152812,Mouse Moved,832.0,262.0,User23,,
1490032152845,Mouse Moved,833.0,262.0,User23,,
1490032152859,Mouse Moved,833.0,263.0,User23,,
1490032152953,Mouse Moved,833.0,262.0,User23,,
1490032152969,Mouse Button.left Pressed,833.0,262.0,User23,,
1490032153062,Mouse Moved,833.0,262.0,User23,,
1490032153812,Mouse Moved,833.0,262.0,User23,,
1490032153826,Mouse Button.left Pressed,833.0,262.0,User23,,
1490032153904,Mouse Moved,833.0,262.0,User23,,
1490032154372,Mouse Moved,833.0,262.0,User23,,
1490032154388,Mouse Button.left Pressed,833.0,262.0,User23,,
1490032154450,Mouse Moved,833.0,262.0,User23,,
1490032154467,Mouse Button.left Released,833.0,262.0,User23,,
1490032154529,Mouse Moved,833.0,262.0,User23,,
1490032154545,Mouse Button.left Pressed,833.0,262.0,User23,,
1490032154638,Mouse Moved,833.0,262.0,User23,,
1490032154670,Mouse Moved,833.0,262.0,User23,,
1490032154779,Mouse Moved,833.0,262.0,User23,,
1490032155684,Mouse Moved,836.0,264.0,User23,,
1490032155698,Mouse Moved,846.0,269.0,User23,,
1490032155714,Mouse Moved,893.0,291.0,User23,,
1490032155730,Mouse Moved,924.0,305.0,User23,,
1490032155746,Mouse Moved,975.0,324.0,User23,,
1490032155762,Mouse Moved,998.0,337.0,User23,,
1490032155776,Mouse Moved,1019.0,349.0,User23,,
1490032155792,Mouse Moved,1034.0,360.0,User23,,
1490032155809,Mouse Moved,1038.0,363.0,User23,,
1490032156010,Mouse Moved,1039.0,366.0,User23,,
1490032156026,Mouse Moved,1039.0,367.0,User23,,
1490032156042,Mouse Moved,1040.0,370.0,User23,,
1490032156058,Mouse Moved,1041.0,372.0,User23,,
1490032156073,Mouse Moved,1041.0,376.0,User23,,
1490032156088,Mouse Moved,1042.0,377.0,User23,,
1490032156105,Mouse Moved,1043.0,379.0,User23,,
1490032156135,Mouse Moved,1044.0,380.0,User23,,
1490032156151,Mouse Moved,1044.0,381.0,User23,,
1490032156213,Mouse Moved,1044.0,382.0,User23,,
1490032156433,Mouse Moved,1044.0,382.0,User23,,
1490032156526,Mouse Moved,1044.0,382.0,User23,,
1490032157836,Mouse Moved,1043.0,380.0,User23,,
1490032157851,Mouse Moved,1042.0,363.0,User23,,
1490032157868,Mouse Moved,1049.0,338.0,User23,,
1490032157882,Mouse Moved,1084.0,264.0,User23,,
1490032157898,Mouse Moved,1107.0,236.0,User23,,
1490032157914,Mouse Moved,1145.0,203.0,User23,,
1490032157930,Mouse Moved,1168.0,192.0,User23,,
1490032157946,Mouse Moved,1196.0,183.0,User23,,
1490032157960,Mouse Moved,1216.0,183.0,User23,,
1490032157976,Mouse Moved,1224.0,185.0,User23,,
1490032157993,Mouse Moved,1232.0,187.0,User23,,
1490032158007,Mouse Moved,1234.0,188.0,User23,,
1490032158180,Mouse Moved,1235.0,187.0,User23,,
1490032158194,Mouse Moved,1249.0,173.0,User23,,
1490032158210,Mouse Moved,1273.0,152.0,User23,,
1490032158226,Mouse Moved,1324.0,121.0,User23,,
1490032158242,Mouse Moved,1350.0,110.0,User23,,
1490032158257,Mouse Moved,1381.0,101.0,User23,,
1490032158273,Mouse Moved,1395.0,97.0,User23,,
1490032158444,Mouse Moved,1396.0,97.0,User23,,
1490032158460,Mouse Moved,1399.0,97.0,User23,,
1490032158476,Mouse Moved,1402.0,97.0,User23,,
1490032158492,Mouse Moved,1405.0,97.0,User23,,
1490032158506,Mouse Moved,1408.0,98.0,User23,,
1490032158523,Mouse Moved,1410.0,98.0,User23,,
1490032158553,Mouse Moved,1411.0,99.0,User23,,
1490032158585,Mouse Moved,1414.0,100.0,User23,,
1490032158601,Mouse Moved,1415.0,100.0,User23,,
1490032158617,Mouse Moved,1416.0,101.0,User23,,
1490032158631,Mouse Moved,1418.0,102.0,User23,,
1490032158694,Mouse Moved,1420.0,102.0,User23,,
1490032158756,Mouse Moved,1419.0,101.0,User23,,
1490032158835,Mouse Moved,1419.0,101.0,User23,,
1490032159349,Mouse Moved,1416.0,104.0,User23,,
1490032159365,Mouse Moved,1306.0,191.0,User23,,
1490032159381,Mouse Moved,1184.0,286.0,User23,,
1490032159397,Mouse Moved,1130.0,321.0,User23,,
1490032159411,Mouse Moved,1018.0,383.0,User23,,
1490032159427,Mouse Moved,978.0,404.0,User23,,
1490032159443,Mouse Moved,939.0,418.0,User23,,
1490032159459,Mouse Moved,923.0,422.0,User23,,
1490032159474,Mouse Moved,911.0,422.0,User23,,
1490032159490,Mouse Moved,909.0,419.0,User23,,
1490032159693,Mouse Moved,907.0,419.0,User23,,
1490032159723,Mouse Moved,897.0,423.0,User23,,
1490032159740,Mouse Moved,869.0,433.0,User23,,
1490032159755,Mouse Moved,854.0,435.0,User23,,
1490032159770,Mouse Moved,847.0,436.0,User23,,
1490032159786,Mouse Moved,840.0,436.0,User23,,
1490032159802,Mouse Moved,839.0,436.0,User23,,
1490032159818,Mouse Moved,837.0,436.0,User23,,
1490032159848,Mouse Moved,836.0,436.0,User23,,
1490032159880,Mouse Moved,834.0,436.0,User23,,
1490032159895,Mouse Moved,833.0,437.0,User23,,
1490032159911,Mouse Moved,830.0,440.0,User23,,
1490032159927,Mouse Moved,825.0,443.0,User23,,
1490032159943,Mouse Moved,823.0,444.0,User23,,
1490032159957,Mouse Moved,819.0,447.0,User23,,
1490032159973,Mouse Moved,814.0,452.0,User23,,
1490032159989,Mouse Moved,812.0,453.0,User23,,
1490032160005,Mouse Moved,809.0,456.0,User23,,
1490032160020,Mouse Moved,806.0,457.0,User23,,
1490032160036,Mouse Moved,804.0,458.0,User23,,
1490032160052,Mouse Moved,803.0,458.0,User23,,
1490032160066,Mouse Moved,801.0,458.0,User23,,
1490032160082,Mouse Moved,798.0,458.0,User23,,
1490032160098,Mouse Moved,795.0,458.0,User23,,
1490032160114,Mouse Moved,793.0,458.0,User23,,
1490032160286,Mouse Moved,791.0,458.0,User23,,
1490032160394,Mouse Moved,791.0,458.0,User23,,
1490032160846,Mouse Moved,790.0,458.0,User23,,
1490032160862,Mouse Moved,790.0,459.0,User23,,
1490032160878,Mouse Moved,789.0,459.0,User23,,
1490032160894,Mouse Moved,787.0,461.0,User23,,
1490032160910,Mouse Moved,786.0,461.0,User23,,
1490032160924,Mouse Moved,784.0,462.0,User23,,
1490032160940,Mouse Moved,783.0,463.0,User23,,
1490032160957,Mouse Moved,782.0,464.0,User23,,
1490032161003,Mouse Moved,783.0,464.0,User23,,
1490032161096,Mouse Moved,783.0,464.0,User23,,
1490032162095,Mouse Moved,784.0,462.0,User23,,
1490032162328,Mouse Moved,790.0,451.0,User23,,
1490032162532,Mouse Moved,803.0,422.0,User23,,
1490032162548,Mouse Moved,859.0,311.0,User23,,
1490032162609,Mouse Moved,883.0,258.0,User23,,
1490032162625,Mouse Moved,904.0,216.0,User23,,
1490032162641,Mouse Moved,938.0,153.0,User23,,
1490032162657,Mouse Moved,945.0,166.0,User23,,
1490032162673,Mouse Moved,945.0,189.0,User23,,
1490032162703,Mouse Moved,942.0,212.0,User23,,
1490032162844,Mouse Moved,938.0,252.0,User23,,
1490032162859,Mouse Moved,927.0,309.0,User23,,
1490032162875,Mouse Moved,909.0,337.0,User23,,
1490032162891,Mouse Moved,872.0,316.0,User23,,
1490032162907,Mouse Moved,864.0,309.0,User23,,
1490032162921,Mouse Moved,840.0,291.0,User23,,
1490032162937,Mouse Moved,837.0,289.0,User23,,
1490032163000,Mouse Moved,836.0,289.0,User23,,
1490032163046,Mouse Moved,836.0,288.0,User23,,
1490032163062,Mouse Moved,836.0,287.0,User23,,
1490032163078,Mouse Moved,835.0,287.0,User23,,
1490032163094,Mouse Moved,834.0,287.0,User23,,
1490032163108,Mouse Moved,834.0,285.0,User23,,
1490032163125,Mouse Moved,833.0,284.0,User23,,
1490032163155,Mouse Moved,833.0,283.0,User23,,
1490032163171,Mouse Moved,831.0,283.0,User23,,
1490032163219,Mouse Moved,830.0,283.0,User23,,
1490032163250,Mouse Moved,828.0,283.0,User23,,
1490032163499,Mouse Moved,825.0,283.0,User23,,
1490032163733,Mouse Moved,818.0,283.0,User23,,
1490032163999,Mouse Moved,801.0,286.0,User23,,
1490032164013,Mouse Moved,787.0,286.0,User23,,
1490032164029,Mouse Moved,661.0,286.0,User23,,
1490032164045,Mouse Moved,650.0,285.0,User23,,
1490032164200,Mouse Moved,650.0,284.0,User23,,
1490032164217,Mouse Moved,649.0,284.0,User23,,
1490032164233,Mouse Moved,746.0,268.0,User23,,
1490032164763,Mouse Moved,788.0,274.0,User23,,
1490032164779,Mouse Moved,785.0,274.0,User23,,
1490032164809,Mouse Moved,778.0,268.0,User23,,
1490032164888,Mouse Moved,754.0,245.0,User23,,
1490032164903,Mouse Moved,745.0,235.0,User23,,
1490032164934,Mouse Moved,719.0,198.0,User23,,
1490032172953,Mouse Moved,766.0,281.0,User23,1536.0,864.0
1490032172969,Mouse Scrolled (0 -4),766.0,281.0,User23,,
1490032172983,Mouse Scrolled (0 -3),766.0,281.0,User23,,
1490032173000,Mouse Moved,766.0,281.0,User23,,
1490032173015,Mouse Moved,766.0,281.0,User23,,
1490032173030,Mouse Scrolled (0 -4),766.0,281.0,User23,,
1490032173046,Mouse Moved,766.0,281.0,User23,,
1490032173733,Mouse Moved,768.0,271.0,User23,,
1490032173749,Mouse Moved,771.0,232.0,User23,,
1490032173779,Mouse Moved,770.0,233.0,User23,,
1490032173795,Mouse Moved,770.0,233.0,User23,,
1490032173811,Mouse Moved,770.0,233.0,User23,,
1490032173826,Mouse Scrolled (0 -7),770.0,233.0,User23,,
1490032173842,Mouse Scrolled (0 -5),770.0,233.0,User23,,
1490032173858,Mouse Scrolled (0 -4),770.0,233.0,User23,,
1490032173872,Mouse Moved,770.0,233.0,User23,,
1490032174154,Mouse Moved,770.0,233.0,User23,,
1490032174170,Mouse Moved,770.0,233.0,User23,,
1490032174184,Mouse Moved,770.0,233.0,User23,,
1490032174200,Mouse Moved,770.0,233.0,User23,,
1490032174217,Mouse Scrolled (0 -7),770.0,233.0,User23,,
1490032174232,Mouse Moved,770.0,233.0,User23,,
1490032174247,Mouse Moved,770.0,233.0,User23,,
1490032174263,Mouse Moved,770.0,233.0,User23,,
1490032174279,Mouse Moved,770.0,233.0,User23,,
1490032174466,Mouse Moved,770.0,233.0,User23,,
1490032174482,Mouse Moved,770.0,233.0,User23,,
1490032174496,Mouse Scrolled (0 -11),770.0,233.0,User23,,
1490032174513,Mouse Scrolled (0 -4),770.0,233.0,User23,,
1490032174529,Mouse Scrolled (0 -4),770.0,233.0,User23,,
1490032174543,Mouse Moved,770.0,233.0,User23,,
1490032174559,Mouse Moved,770.0,233.0,User23,,
1490032174746,Mouse Moved,770.0,233.0,User23,,
1490032174763,Mouse Moved,770.0,233.0,User23,,
1490032174778,Mouse Moved,770.0,233.0,User23,,
1490032174793,Mouse Scrolled (0 -4),770.0,233.0,User23,,
1490032174809,Mouse Scrolled (0 -6),770.0,233.0,User23,,
1490032174825,Mouse Moved,770.0,233.0,User23,,
1490032174841,Mouse Scrolled (0 -3),770.0,233.0,User23,,
1490032174855,Mouse Scrolled (0 -1),770.0,233.0,User23,,
1490032174871,Mouse Moved,770.0,233.0,User23,,
1490032175012,Mouse Moved,770.0,233.0,User23,,
1490032175028,Mouse Moved,770.0,233.0,User23,,
1490032175042,Mouse Moved,770.0,233.0,User23,,
1490032175059,Mouse Moved,770.0,233.0,User23,,
1490032175075,Mouse Scrolled (0 -3),770.0,233.0,User23,,
1490032175089,Mouse Moved,770.0,233.0,User23,,
1490032175105,Mouse Scrolled (0 -3),770.0,233.0,User23,,
1490032175292,Mouse Moved,770.0,233.0,User23,,
1490032175309,Mouse Scrolled (0 -6),770.0,233.0,User23,,
1490032175339,Mouse Scrolled (0 -11),770.0,233.0,User23,,
1490032175355,Mouse Scrolled (0 -60),770.0,233.0,User23,,
1490032175371,Mouse Moved,770.0,233.0,User23,,
1490032175387,Mouse Scrolled (0 -9),770.0,233.0,User23,,
1490032175401,Mouse Moved,770.0,233.0,User23,,
1490032175417,Mouse Scrolled (0 -5),770.0,233.0,User23,,
1490032175433,Mouse Moved,770.0,233.0,User23,,
1490032175558,Mouse Moved,770.0,233.0,User23,,
1490032175573,Mouse Moved,770.0,233.0,User23,,
1490032175588,Mouse Moved,770.0,233.0,User23,,
1490032175605,Mouse Scrolled (0 -7),770.0,233.0,User23,,
1490032175621,Mouse Scrolled (0 -5),770.0,233.0,User23,,
1490032175635,Mouse Moved,770.0,233.0,User23,,
1490032175651,Mouse Scrolled (0 -3),770.0,233.0,User23,,
1490032175822,Mouse Moved,770.0,233.0,User23,,
1490032175838,Mouse Moved,770.0,233.0,User23,,
1490032175869,Mouse Scrolled (0 -16),770.0,233.0,User23,,
1490032175885,Mouse Scrolled (0 -17),770.0,233.0,User23,,
1490032175901,Mouse Moved,770.0,233.0,User23,,
1490032175917,Mouse Scrolled (0 -8),770.0,233.0,User23,,
1490032175933,Mouse Scrolled (0 -51),770.0,233.0,User23,,
1490032175947,Mouse Scrolled (0 -4),770.0,233.0,User23,,
1490032175963,Mouse Moved,770.0,233.0,User23,,
1490032175979,Mouse Moved,770.0,233.0,User23,,
1490032176104,Mouse Moved,770.0,233.0,User23,,
1490032176119,Mouse Moved,770.0,233.0,User23,,
1490032176134,Mouse Moved,770.0,233.0,User23,,
1490032176151,Mouse Scrolled (0 -6),770.0,233.0,User23,,
1490032176167,Mouse Moved,770.0,233.0,User23,,
1490032176181,Mouse Scrolled (0 -9),770.0,233.0,User23,,
1490032176197,Mouse Scrolled (0 -3),770.0,233.0,User23,,
1490032176213,Mouse Moved,770.0,233.0,User23,,
1490032176229,Mouse Moved,770.0,233.0,User23,,
1490032176415,Mouse Moved,770.0,233.0,User23,,
1490032176431,Mouse Moved,770.0,233.0,User23,,
1490032176447,Mouse Moved,770.0,233.0,User23,,
1490032176463,Mouse Scrolled (0 -11),770.0,233.0,User23,,
1490032176479,Mouse Scrolled (0 -5),770.0,233.0,User23,,
1490032176493,Mouse Scrolled (0 -7),770.0,233.0,User23,,
1490032176509,Mouse Scrolled (0 -3),770.0,233.0,User23,,
1490032176525,Mouse Scrolled (0 -1),770.0,233.0,User23,,
1490032176680,Mouse Moved,770.0,233.0,User23,,
1490032176697,Mouse Moved,770.0,233.0,User23,,
1490032176713,Mouse Scrolled (0 -10),770.0,233.0,User23,,
1490032176743,Mouse Scrolled (0 -18),770.0,233.0,User23,,
1490032176759,Mouse Scrolled (0 -13),770.0,233.0,User23,,
1490032176775,Mouse Scrolled (0 -19),770.0,233.0,User23,,
1490032176961,Mouse Moved,770.0,233.0,User23,,
1490032176977,Mouse Moved,770.0,233.0,User23,,
1490032176993,Mouse Scrolled (0 -6),770.0,233.0,User23,,
1490032177009,Mouse Scrolled (0 -4),770.0,233.0,User23,,
1490032177025,Mouse Scrolled (0 -8),770.0,233.0,User23,,
1490032177039,Mouse Scrolled (0 -5),770.0,233.0,User23,,
1490032177055,Mouse Scrolled (0 -3),770.0,233.0,User23,,
1490032177071,Mouse Moved,770.0,233.0,User23,,
1490032177086,Mouse Scrolled (0 -1),770.0,233.0,User23,,
1490032177368,Mouse Moved,770.0,233.0,User23,,
1490032177398,Mouse Moved,770.0,233.0,User23,,
1490032177414,Mouse Moved,770.0,233.0,User23,,
1490032177430,Mouse Scrolled (0 -11),770.0,233.0,User23,,
1490032177446,Mouse Moved,770.0,233.0,User23,,
1490032177460,Mouse Scrolled (0 -8),770.0,233.0,User23,,
1490032177476,Mouse Moved,770.0,233.0,User23,,
1490032177493,Mouse Scrolled (0 -6),770.0,233.0,User23,,
1490032177507,Mouse Scrolled (0 -2),770.0,233.0,User23,,
1490032177523,Mouse Moved,770.0,233.0,User23,,
1490032177664,Mouse Moved,770.0,233.0,User23,,
1490032177680,Mouse Moved,770.0,233.0,User23,,
1490032177710,Mouse Moved,770.0,233.0,User23,,
1490032177726,Mouse Moved,770.0,233.0,User23,,
1490032177742,Mouse Moved,770.0,233.0,User23,,
1490032177757,Mouse Moved,770.0,233.0,User23,,
1490032177773,Mouse Scrolled (0 -1),770.0,233.0,User23,,
1490032178148,Mouse Moved,771.0,234.0,User23,,
1490032178163,Mouse Moved,772.0,247.0,User23,,
1490032178178,Mouse Moved,881.0,332.0,User23,,
1490032178194,Mouse Moved,905.0,346.0,User23,,
1490032178210,Mouse Moved,950.0,381.0,User23,,
1490032178226,Mouse Moved,962.0,392.0,User23,,
1490032178240,Mouse Moved,978.0,409.0,User23,,
1490032178256,Mouse Moved,986.0,416.0,User23,,
1490032178273,Mouse Moved,995.0,431.0,User23,,
1490032178460,Mouse Moved,1006.0,432.0,User23,,
1490032178474,Mouse Moved,1093.0,438.0,User23,,
1490032178490,Mouse Moved,1148.0,440.0,User23,,
1490032178506,Mouse Moved,1256.0,452.0,User23,,
1490032178522,Mouse Moved,1349.0,473.0,User23,,
1490032178538,Mouse Moved,1386.0,487.0,User23,,
1490032178552,Mouse Moved,1429.0,508.0,User23,,
1490032178569,Mouse Moved,1439.0,514.0,User23,,
1490032178585,Mouse Moved,1451.0,522.0,User23,,
1490032178599,Mouse Moved,1453.0,523.0,User23,,
1490032178756,Mouse Moved,1453.0,525.0,User23,,
1490032178772,Mouse Moved,1453.0,526.0,User23,,
1490032178802,Mouse Moved,1455.0,527.0,User23,,
1490032178819,Mouse Moved,1463.0,523.0,User23,,
1490032178834,Mouse Moved,1488.0,490.0,User23,,
1490032178849,Mouse Moved,1527.0,418.0,User23,,
1490032178881,Mouse Moved,1535.0,361.0,User23,,
1490032178897,Mouse Moved,1535.0,323.0,User23,,
1490032178927,Mouse Moved,1535.0,314.0,User23,,
1490032179193,Mouse Moved,1535.0,316.0,User23,,
1490032179209,Mouse Moved,1535.0,317.0,User23,,
1490032179223,Mouse Moved,1534.0,320.0,User23,,
1490032179255,Mouse Moved,1533.0,324.0,User23,,
1490032179270,Mouse Moved,1531.0,327.0,User23,,
1490032179286,Mouse Moved,1531.0,328.0,User23,,
1490032179332,Mouse Moved,1531.0,329.0,User23,,
1490032179380,Mouse Moved,1531.0,330.0,User23,,
1490032179395,Mouse Moved,1531.0,331.0,User23,,
1490032179411,Mouse Moved,1530.0,332.0,User23,,
1490032179443,Mouse Moved,1530.0,333.0,User23,,
1490032179473,Mouse Moved,1530.0,334.0,User23,,
1490032179505,Mouse Moved,1529.0,335.0,User23,,
1490032179536,Mouse Moved,1528.0,337.0,User23,,
1490032179552,Mouse Moved,1527.0,338.0,User23,,
1490032179614,Mouse Moved,1527.0,340.0,User23,,
1490032179739,Mouse Moved,1526.0,340.0,User23,,
1490032179864,Mouse Moved,1526.0,345.0,User23,,
1490032179878,Mouse Moved,1526.0,354.0,User23,,
1490032179894,Mouse Moved,1526.0,373.0,User23,,
1490032179911,Mouse Moved,1524.0,386.0,User23,,
1490032179926,Mouse Moved,1524.0,414.0,User23,,
1490032179941,Mouse Moved,1524.0,426.0,User23,,
1490032179957,Mouse Moved,1523.0,449.0,User23,,
1490032179973,Mouse Moved,1523.0,466.0,User23,,
1490032179989,Mouse Moved,1523.0,474.0,User23,,
1490032180003,Mouse Moved,1523.0,481.0,User23,,
1490032180019,Mouse Moved,1523.0,489.0,User23,,
1490032180035,Mouse Moved,1524.0,500.0,User23,,
1490032180051,Mouse Moved,1524.0,510.0,User23,,
1490032180066,Mouse Moved,1524.0,513.0,User23,,
1490032180082,Mouse Moved,1524.0,516.0,User23,,
1490032180315,Mouse Moved,1524.0,519.0,User23,,
1490032180332,Mouse Moved,1522.0,537.0,User23,,
1490032180346,Mouse Moved,1521.0,566.0,User23,,
1490032180362,Mouse Moved,1519.0,578.0,User23,,
1490032180378,Mouse Moved,1519.0,600.0,User23,,
1490032180394,Mouse Moved,1519.0,615.0,User23,,
1490032180410,Mouse Moved,1519.0,625.0,User23,,
1490032180424,Mouse Moved,1519.0,644.0,User23,,
1490032180440,Mouse Moved,1519.0,652.0,User23,,
1490032180457,Mouse Moved,1521.0,662.0,User23,,
1490032180471,Mouse Moved,1522.0,668.0,User23,,
1490032180487,Mouse Moved,1522.0,669.0,User23,,
1490032180503,Mouse Moved,1522.0,670.0,User23,,
1490032180753,Mouse Moved,1522.0,671.0,User23,,
1490032180769,Mouse Moved,1522.0,672.0,User23,,
1490032180783,Mouse Moved,1522.0,675.0,User23,,
1490032180799,Mouse Moved,1522.0,678.0,User23,,
1490032180815,Mouse Moved,1520.0,689.0,User23,,
1490032180831,Mouse Moved,1520.0,693.0,User23,,
1490032180846,Mouse Moved,1519.0,700.0,User23,,
1490032180861,Mouse Moved,1519.0,703.0,User23,,
1490032180878,Mouse Moved,1519.0,707.0,User23,,
1490032180892,Mouse Moved,1519.0,709.0,User23,,
1490032180908,Mouse Moved,1519.0,712.0,User23,,
1490032180924,Mouse Moved,1519.0,713.0,User23,,
1490032180940,Mouse Moved,1519.0,717.0,User23,,
1490032180956,Mouse Moved,1519.0,719.0,User23,,
1490032180970,Mouse Moved,1519.0,722.0,User23,,
1490032180986,Mouse Moved,1519.0,726.0,User23,,
1490032181003,Mouse Moved,1519.0,727.0,User23,,
1490032181017,Mouse Moved,1519.0,732.0,User23,,
1490032181033,Mouse Moved,1519.0,733.0,User23,,
1490032181049,Mouse Moved,1519.0,737.0,User23,,
1490032181065,Mouse Moved,1519.0,739.0,User23,,
1490032181081,Mouse Moved,1519.0,740.0,User23,,
1490032181095,Mouse Moved,1519.0,741.0,User23,,
1490032181329,Mouse Moved,1519.0,742.0,User23,,
1490032181345,Mouse Moved,1519.0,744.0,User23,,
1490032181361,Mouse Moved,1519.0,747.0,User23,,
1490032181377,Mouse Moved,1520.0,748.0,User23,,
1490032181407,Mouse Moved,1521.0,752.0,User23,,
1490032181424,Mouse Moved,1521.0,754.0,User23,,
1490032181454,Mouse Moved,1521.0,755.0,User23,,
1490032181532,Mouse Moved,1521.0,756.0,User23,,
1490032181563,Mouse Moved,1521.0,757.0,User23,,
1490032181579,Mouse Moved,1521.0,758.0,User23,,
1490032181595,Mouse Moved,1522.0,758.0,User23,,
1490032181611,Mouse Moved,1522.0,761.0,User23,,
1490032181627,Mouse Moved,1522.0,766.0,User23,,
1490032181641,Mouse Moved,1522.0,767.0,User23,,
1490032181657,Mouse Moved,1522.0,768.0,User23,,
1490032181673,Mouse Moved,1522.0,769.0,User23,,
1490032181688,Mouse Moved,1522.0,772.0,User23,,
1490032181720,Mouse Moved,1522.0,773.0,User23,,
1490032181736,Mouse Moved,1522.0,774.0,User23,,
1490032181750,Mouse Moved,1522.0,775.0,User23,,
1490032181766,Mouse Moved,1522.0,776.0,User23,,
1490032181798,Mouse Moved,1522.0,777.0,User23,,
1490032181845,Mouse Moved,1522.0,778.0,User23,,
1490032182048,Mouse Moved,1522.0,778.0,User23,,
1490032182312,Mouse Moved,1520.0,779.0,User23,,
1490032182328,Mouse Moved,1518.0,780.0,User23,,
1490032182344,Mouse Moved,1491.0,784.0,User23,,
1490032182359,Mouse Moved,1454.0,789.0,User23,,
1490032182391,Mouse Moved,1319.0,804.0,User23,,
1490032182407,Mouse Moved,1172.0,817.0,User23,,
1490032182421,Mouse Moved,1080.0,826.0,User23,,
1490032182437,Mouse Moved,1028.0,828.0,User23,,
1490032182453,Mouse Moved,1017.0,829.0,User23,,
1490032182469,Mouse Moved,1009.0,829.0,User23,,
1490032182484,Mouse Moved,1000.0,827.0,User23,,
1490032182500,Mouse Moved,997.0,815.0,User23,,
1490032182687,Mouse Moved,990.0,817.0,User23,,
1490032182703,Mouse Moved,972.0,818.0,User23,,
1490032182733,Mouse Moved,917.0,818.0,User23,,
1490032182750,Mouse Moved,739.0,804.0,User23,,
1490032182765,Mouse Moved,661.0,795.0,User23,,
1490032182780,Mouse Moved,629.0,794.0,User23,,
1490032182796,Mouse Moved,619.0,792.0,User23,,
1490032182812,Mouse Moved,604.0,791.0,User23,,
1490032182828,Mouse Moved,598.0,791.0,User23,,
1490032182842,Mouse Moved,593.0,790.0,User23,,
1490032182858,Mouse Moved,591.0,788.0,User23,,
1490032183092,Mouse Moved,588.0,788.0,User23,,
1490032183108,Mouse Moved,576.0,789.0,User23,,
1490032183124,Mouse Moved,560.0,789.0,User23,,
1490032183140,Mouse Moved,507.0,786.0,User23,,
1490032183154,Mouse Moved,445.0,779.0,User23,,
1490032183171,Mouse Moved,402.0,775.0,User23,,
1490032183187,Mouse Moved,378.0,775.0,User23,,
1490032183201,Mouse Moved,356.0,777.0,User23,,
1490032183217,Mouse Moved,338.0,783.0,User23,,
1490032183233,Mouse Moved,334.0,784.0,User23,,
1490032183249,Mouse Moved,332.0,785.0,User23,,
1490032183513,Mouse Moved,330.0,785.0,User23,,
1490032183529,Mouse Moved,318.0,786.0,User23,,
1490032183545,Mouse Moved,273.0,786.0,User23,,
1490032183561,Mouse Moved,235.0,786.0,User23,,
1490032183576,Mouse Moved,221.0,786.0,User23,,
1490032183592,Mouse Moved,209.0,787.0,User23,,
1490032183608,Mouse Moved,190.0,792.0,User23,,
1490032183622,Mouse Moved,181.0,794.0,User23,,
1490032183638,Mouse Moved,170.0,799.0,User23,,
1490032183654,Mouse Moved,165.0,802.0,User23,,
1490032183904,Mouse Moved,164.0,803.0,User23,,
1490032183920,Mouse Moved,162.0,805.0,User23,,
1490032183934,Mouse Moved,158.0,806.0,User23,,
1490032183950,Mouse Moved,146.0,811.0,User23,,
1490032183967,Mouse Moved,133.0,815.0,User23,,
1490032183982,Mouse Moved,125.0,819.0,User23,,
1490032183997,Mouse Moved,113.0,825.0,User23,,
1490032184013,Mouse Moved,103.0,833.0,User23,,
1490032184029,Mouse Moved,100.0,836.0,User23,,
1490032184045,Mouse Moved,97.0,838.0,User23,,
1490032184059,Mouse Moved,94.0,843.0,User23,,
1490032184075,Mouse Moved,91.0,845.0,User23,,
1490032184091,Mouse Moved,88.0,849.0,User23,,
1490032184107,Mouse Moved,85.0,852.0,User23,,
1490032184122,Mouse Moved,83.0,854.0,User23,,
1490032184138,Mouse Moved,82.0,856.0,User23,,
1490032184154,Mouse Moved,81.0,856.0,User23,,
1490032184168,Mouse Moved,81.0,857.0,User23,,
1490032184184,Mouse Moved,80.0,857.0,User23,,
1490032184200,Mouse Moved,79.0,858.0,User23,,
1490032184216,Mouse Moved,79.0,859.0,User23,,
1490032184232,Mouse Moved,79.0,860.0,User23,,
1490032184246,Mouse Moved,78.0,860.0,User23,,
1490032184325,Mouse Moved,78.0,862.0,User23,,
1490032184371,Mouse Moved,79.0,862.0,User23,,
1490032184418,Mouse Moved,85.0,863.0,User23,,
1490032184434,Mouse Moved,86.0,863.0,User23,,
1490032184450,Mouse Moved,88.0,863.0,User23,,
1490032184466,Mouse Moved,89.0,863.0,User23,,
1490032184480,Mouse Moved,90.0,863.0,User23,,
1490032184513,Mouse Moved,90.0,863.0,User23,,
1490032184621,Mouse Moved,90.0,863.0,User23,,
1490032185198,Mouse Moved,91.0,863.0,User23,,
1490032185214,Mouse Moved,94.0,861.0,User23,,
1490032185230,Mouse Moved,98.0,858.0,User23,,
1490032185246,Mouse Moved,100.0,855.0,User23,,
1490032185260,Mouse Moved,103.0,853.0,User23,,
1490032185276,Mouse Moved,117.0,838.0,User23,,
1490032185292,Mouse Moved,127.0,828.0,User23,,
1490032185308,Mouse Moved,149.0,807.0,User23,,
1490032185323,Mouse Moved,167.0,789.0,User23,,
1490032185338,Mouse Moved,176.0,782.0,User23,,
1490032185355,Mouse Moved,191.0,764.0,User23,,
1490032185371,Mouse Moved,196.0,757.0,User23,,
1490032185385,Mouse Moved,204.0,750.0,User23,,
1490032185401,Mouse Moved,204.0,748.0,User23,,
1490032185417,Mouse Moved,207.0,745.0,User23,,
1490032185792,Mouse Moved,205.0,748.0,User23,,
1490032185806,Mouse Moved,196.0,755.0,User23,,
1490032185822,Mouse Moved,184.0,765.0,User23,,
1490032185838,Mouse Moved,130.0,816.0,User23,,
1490032185854,Mouse Moved,94.0,849.0,User23,,
1490032185917,Mouse Moved,48.0,863.0,User23,,
1490032186400,Mouse Moved,55.0,863.0,User23,,
1490032186415,Mouse Moved,62.0,861.0,User23,,
1490032186430,Mouse Moved,66.0,860.0,User23,,
1490032186447,Mouse Moved,69.0,859.0,User23,,
1490032186463,Mouse Moved,75.0,856.0,User23,,
1490032186477,Mouse Moved,78.0,856.0,User23,,
1490032186493,Mouse Moved,81.0,855.0,User23,,
1490032186509,Mouse Moved,87.0,854.0,User23,,
1490032186525,Mouse Moved,90.0,854.0,User23,,
1490032186540,Mouse Moved,92.0,854.0,User23,,
1490032186555,Mouse Moved,93.0,854.0,User23,,
1490032186572,Mouse Moved,96.0,854.0,User23,,
1490032186586,Mouse Moved,99.0,855.0,User23,,
1490032186618,Mouse Moved,105.0,856.0,User23,,
1490032186634,Mouse Moved,107.0,856.0,User23,,
1490032186664,Mouse Moved,108.0,856.0,User23,,
1490032186697,Mouse Moved,109.0,856.0,User23,,
1490032186821,Mouse Moved,109.0,856.0,User23,,
1490032186930,Mouse Moved,109.0,856.0,User23,,
1490032187210,Mouse Moved,110.0,856.0,User23,,
1490032187226,Mouse Moved,114.0,854.0,User23,,
1490032187243,Mouse Moved,138.0,841.0,User23,,
1490032187257,Mouse Moved,160.0,835.0,User23,,
1490032187273,Mouse Moved,194.0,827.0,User23,,
1490032187289,Mouse Moved,222.0,820.0,User23,,
1490032187305,Mouse Moved,230.0,820.0,User23,,
1490032187321,Mouse Moved,246.0,819.0,User23,,
1490032187335,Mouse Moved,252.0,820.0,User23,,
1490032187351,Mouse Moved,255.0,821.0,User23,,
1490032187367,Mouse Moved,256.0,822.0,User23,,
1490032187398,Mouse Moved,257.0,823.0,User23,,
1490032187414,Mouse Moved,258.0,825.0,User23,,
1490032187444,Mouse Moved,258.0,829.0,User23,,
1490032187476,Mouse Moved,261.0,835.0,User23,,
1490032187492,Mouse Moved,261.0,837.0,User23,,
1490032187555,Mouse Moved,262.0,837.0,User23,,
1490032187569,Mouse Moved,263.0,839.0,User23,,
1490032187585,Mouse Moved,266.0,839.0,User23,,
1490032187601,Mouse Moved,272.0,839.0,User23,,
1490032187617,Mouse Moved,278.0,839.0,User23,,
1490032187632,Mouse Moved,291.0,839.0,User23,,
1490032187648,Mouse Moved,297.0,839.0,User23,,
1490032187664,Mouse Moved,305.0,839.0,User23,,
1490032187678,Mouse Moved,307.0,839.0,User23,,
1490032187694,Mouse Moved,312.0,840.0,User23,,
1490032187710,Mouse Moved,314.0,841.0,User23,,
1490032187726,Mouse Moved,315.0,842.0,User23,,
1490032187742,Mouse Moved,316.0,843.0,User23,,
1490032187756,Mouse Moved,318.0,843.0,User23,,
1490032187819,Mouse Moved,318.0,843.0,User23,,
1490032187913,Mouse Moved,318.0,843.0,User23,,
1490032188490,Mouse Moved,320.0,844.0,User23,,
1490032188506,Mouse Moved,322.0,843.0,User23,,
1490032188522,Mouse Moved,331.0,840.0,User23,,
1490032188536,Mouse Moved,336.0,837.0,User23,,
1490032188552,Mouse Moved,354.0,833.0,User23,,
1490032188569,Mouse Moved,373.0,830.0,User23,,
1490032188584,Mouse Moved,385.0,830.0,User23,,
1490032188599,Mouse Moved,393.0,831.0,User23,,
1490032188615,Mouse Moved,394.0,831.0,User23,,
1490032188631,Mouse Moved,397.0,833.0,User23,,
1490032188647,Mouse Moved,398.0,833.0,User23,,
1490032188661,Mouse Moved,399.0,834.0,User23,,
1490032188693,Mouse Moved,400.0,834.0,User23,,
1490032188740,Mouse Moved,401.0,835.0,User23,,
1490032188770,Mouse Moved,402.0,835.0,User23,,
1490032188786,Mouse Moved,402.0,836.0,User23,,
1490032188802,Mouse Moved,403.0,836.0,User23,,
1490032188834,Mouse Moved,404.0,836.0,User23,,
1490032189098,Mouse Moved,404.0,834.0,User23,,
1490032189115,Mouse Moved,404.0,823.0,User23,,
1490032189130,Mouse Moved,407.0,684.0,User23,,
1490032189145,Mouse Moved,407.0,555.0,User23,,
1490032189161,Mouse Moved,407.0,487.0,User23,,
1490032189177,Mouse Moved,407.0,444.0,User23,,
1490032189193,Mouse Moved,408.0,394.0,User23,,
1490032189207,Mouse Moved,408.0,375.0,User23,,
1490032189223,Mouse Moved,408.0,364.0,User23,,
1490032189239,Mouse Moved,408.0,361.0,User23,,
1490032189255,Mouse Moved,408.0,360.0,User23,,
1490032189270,Mouse Moved,408.0,359.0,User23,,
1490032189286,Mouse Moved,407.0,358.0,User23,,
1490032189489,Mouse Moved,410.0,353.0,User23,,
1490032189505,Mouse Moved,427.0,333.0,User23,,
1490032189519,Mouse Moved,454.0,305.0,User23,,
1490032189536,Mouse Moved,503.0,257.0,User23,,
1490032189551,Mouse Moved,527.0,234.0,User23,,
1490032189566,Mouse Moved,532.0,229.0,User23,,
1490032189582,Mouse Moved,537.0,224.0,User23,,
1490032189598,Mouse Moved,538.0,223.0,User23,,
1490032189614,Mouse Moved,540.0,222.0,User23,,
1490032189753,Mouse Moved,539.0,223.0,User23,,
1490032189769,Mouse Moved,524.0,230.0,User23,,
1490032189785,Mouse Moved,462.0,238.0,User23,,
1490032189801,Mouse Moved,432.0,239.0,User23,,
1490032189816,Mouse Moved,385.0,239.0,User23,,
1490032189832,Mouse Moved,372.0,239.0,User23,,
1490032189848,Mouse Moved,342.0,234.0,User23,,
1490032189862,Mouse Moved,331.0,233.0,User23,,
1490032189878,Mouse Moved,318.0,229.0,User23,,
1490032189894,Mouse Moved,312.0,227.0,User23,,
1490032190174,Mouse Moved,303.0,224.0,User23,,
1490032190190,Mouse Moved,289.0,219.0,User23,,
1490032190207,Mouse Moved,273.0,210.0,User23,,
1490032190221,Mouse Moved,223.0,173.0,User23,,
1490032190237,Mouse Moved,182.0,146.0,User23,,
1490032190362,Mouse Moved,166.0,135.0,User23,,
1490032190519,Mouse Moved,116.0,117.0,User23,,
1490032190533,Mouse Moved,104.0,113.0,User23,,
1490032190549,Mouse Moved,95.0,110.0,User23,,
1490032190565,Mouse Moved,74.0,97.0,User23,,
1490032190581,Mouse Moved,64.0,91.0,User23,,
1490032190596,Mouse Moved,57.0,88.0,User23,,
1490032190611,Mouse Moved,48.0,84.0,User23,,
1490032190628,Mouse Moved,45.0,83.0,User23,,
1490032190642,Mouse Moved,40.0,82.0,User23,,
1490032190658,Mouse Moved,35.0,81.0,User23,,
1490032190674,Mouse Moved,33.0,81.0,User23,,
1490032190690,Mouse Moved,32.0,80.0,User23,,
1490032190720,Mouse Moved,29.0,79.0,User23,,
1490032190783,Mouse Moved,28.0,79.0,User23,,
1490032190831,Mouse Moved,27.0,80.0,User23,,
1490032190845,Mouse Moved,26.0,80.0,User23,,
1490032191703,Mouse Moved,26.0,81.0,User23,,
1490032191720,Mouse Moved,26.0,86.0,User23,,
1490032191734,Mouse Moved,28.0,104.0,User23,,
1490032191750,Mouse Moved,31.0,116.0,User23,,
1490032191766,Mouse Moved,38.0,145.0,User23,,
1490032191782,Mouse Moved,47.0,170.0,User23,,
1490032191798,Mouse Moved,52.0,179.0,User23,,
1490032191812,Mouse Moved,55.0,186.0,User23,,
1490032191828,Mouse Moved,58.0,194.0,User23,,
1490032191845,Mouse Moved,60.0,195.0,User23,,
1490032191859,Mouse Moved,61.0,197.0,User23,,
1490032191875,Mouse Moved,61.0,198.0,User23,,
1490032191891,Mouse Moved,65.0,200.0,User23,,
1490032191907,Mouse Moved,73.0,202.0,User23,,
1490032191923,Mouse Moved,76.0,204.0,User23,,
1490032191937,Mouse Moved,83.0,205.0,User23,,
1490032191953,Mouse Moved,85.0,208.0,User23,,
1490032191969,Mouse Moved,91.0,216.0,User23,,
1490032191984,Mouse Moved,94.0,221.0,User23,,
1490032192000,Mouse Moved,99.0,232.0,User23,,
1490032192016,Mouse Moved,100.0,237.0,User23,,
1490032192032,Mouse Moved,103.0,256.0,User23,,
1490032192046,Mouse Moved,104.0,260.0,User23,,
1490032192062,Mouse Moved,104.0,261.0,User23,,
1490032192296,Mouse Moved,104.0,262.0,User23,,
1490032192328,Mouse Moved,104.0,263.0,User23,,
1490032192344,Mouse Moved,103.0,264.0,User23,,
1490032192358,Mouse Moved,102.0,265.0,User23,,
1490032192375,Mouse Moved,102.0,266.0,User23,,
1490032192391,Mouse Moved,101.0,268.0,User23,,
1490032192405,Mouse Moved,100.0,270.0,User23,,
1490032192421,Mouse Moved,99.0,271.0,User23,,
1490032192437,Mouse Moved,98.0,272.0,User23,,
1490032192453,Mouse Moved,97.0,272.0,User23,,
1490032192469,Mouse Moved,96.0,272.0,User23,,
1490032192483,Mouse Moved,95.0,270.0,User23,,
1490032192500,Mouse Moved,93.0,264.0,User23,,
1490032192515,Mouse Moved,93.0,245.0,User23,,
1490032192530,Mouse Moved,93.0,234.0,User23,,
1490032192546,Mouse Moved,102.0,204.0,User23,,
1490032192562,Mouse Moved,108.0,188.0,User23,,
1490032192578,Mouse Moved,109.0,185.0,User23,,
1490032192592,Mouse Moved,112.0,181.0,User23,,
1490032192608,Mouse Moved,112.0,180.0,User23,,
1490032192625,Mouse Moved,112.0,179.0,User23,,
1490032192655,Mouse Moved,113.0,179.0,User23,,
1490032192687,Mouse Moved,114.0,180.0,User23,,
1490032192703,Mouse Moved,114.0,181.0,User23,,
1490032192717,Mouse Moved,114.0,182.0,User23,,
1490032192749,Mouse Moved,114.0,183.0,User23,,
1490032192780,Mouse Moved,114.0,184.0,User23,,
1490032192796,Mouse Moved,114.0,186.0,User23,,
1490032192812,Mouse Moved,114.0,188.0,User23,,
1490032192826,Mouse Moved,114.0,190.0,User23,,
1490032192874,Mouse Moved,114.0,192.0,User23,,
1490032192983,Mouse Moved,114.0,193.0,User23,,
1490032192999,Mouse Moved,113.0,193.0,User23,,
1490032193029,Mouse Moved,111.0,193.0,User23,,
1490032193046,Mouse Moved,110.0,193.0,User23,,
1490032193108,Mouse Moved,110.0,193.0,User23,,
1490032193684,Mouse Moved,112.0,192.0,User23,,
1490032193700,Mouse Moved,117.0,192.0,User23,,
1490032193717,Mouse Moved,145.0,192.0,User23,,
1490032193732,Mouse Moved,176.0,195.0,User23,,
1490032193747,Mouse Moved,239.0,205.0,User23,,
1490032193763,Mouse Moved,267.0,213.0,User23,,
1490032193779,Mouse Moved,310.0,227.0,User23,,
1490032193795,Mouse Moved,331.0,235.0,User23,,
1490032193809,Mouse Moved,336.0,238.0,User23,,
1490032193825,Mouse Moved,341.0,240.0,User23,,
1490032193841,Mouse Moved,343.0,241.0,User23,,
1490032193872,Mouse Moved,344.0,241.0,User23,,
1490032193982,Mouse Moved,345.0,242.0,User23,,
1490032193996,Mouse Moved,348.0,245.0,User23,,
1490032194013,Mouse Moved,353.0,251.0,User23,,
1490032194029,Mouse Moved,354.0,252.0,User23,,
1490032194075,Mouse Moved,354.0,253.0,User23,,
1490032194200,Mouse Moved,354.0,253.0,User23,,
1490032194216,Mouse Moved,354.0,253.0,User23,,
1490032194355,Mouse Moved,354.0,253.0,User23,,
1490032194792,Mouse Moved,356.0,253.0,User23,,
1490032194809,Mouse Moved,360.0,253.0,User23,,
1490032194823,Mouse Moved,362.0,254.0,User23,,
1490032194839,Mouse Moved,369.0,257.0,User23,,
1490032194871,Mouse Moved,375.0,261.0,User23,,
1490032194887,Mouse Moved,384.0,266.0,User23,,
1490032194901,Mouse Moved,388.0,268.0,User23,,
1490032194917,Mouse Moved,390.0,269.0,User23,,
1490032194933,Mouse Moved,392.0,271.0,User23,,
1490032194964,Mouse Moved,393.0,272.0,User23,,
1490032194980,Mouse Moved,395.0,274.0,User23,,
1490032194996,Mouse Moved,398.0,280.0,User23,,
1490032195010,Mouse Moved,400.0,285.0,User23,,
1490032195026,Mouse Moved,401.0,287.0,User23,,
1490032195042,Mouse Moved,403.0,298.0,User23,,
1490032195058,Mouse Moved,404.0,303.0,User23,,
1490032195073,Mouse Moved,404.0,307.0,User23,,
1490032195088,Mouse Moved,405.0,311.0,User23,,
1490032195105,Mouse Moved,405.0,313.0,User23,,
1490032195121,Mouse Moved,405.0,314.0,User23,,
1490032196165,Mouse Moved,405.0,314.0,User23,,
1490032196259,Mouse Moved,405.0,314.0,User23,,
1490032197117,Mouse Moved,406.0,315.0,User23,,
1490032197132,Mouse Moved,410.0,317.0,User23,,
1490032197148,Mouse Moved,414.0,317.0,User23,,
1490032197164,Mouse Moved,431.0,318.0,User23,,
1490032197180,Mouse Moved,435.0,319.0,User23,,
1490032197194,Mouse Moved,446.0,319.0,User23,,
1490032197210,Mouse Moved,452.0,319.0,User23,,
1490032197226,Mouse Moved,455.0,320.0,User23,,
1490032197242,Mouse Moved,458.0,321.0,User23,,
1490032197257,Mouse Moved,458.0,322.0,User23,,
1490032197476,Mouse Moved,459.0,324.0,User23,,
1490032197492,Mouse Moved,459.0,326.0,User23,,
1490032197506,Mouse Moved,459.0,328.0,User23,,
1490032197569,Mouse Moved,459.0,329.0,User23,,
1490032197601,Mouse Moved,459.0,330.0,User23,,
1490032197617,Mouse Moved,460.0,331.0,User23,,
1490032197631,Mouse Moved,460.0,332.0,User23,,
1490032197648,Mouse Moved,461.0,333.0,User23,,
1490032197663,Mouse Moved,461.0,335.0,User23,,
1490032197694,Mouse Moved,461.0,336.0,User23,,
1490032197710,Mouse Moved,461.0,339.0,User23,,
1490032197756,Mouse Moved,461.0,340.0,User23,,
1490032197803,Mouse Moved,461.0,341.0,User23,,
1490032197865,Mouse Moved,463.0,338.0,User23,,
1490032197881,Mouse Moved,491.0,310.0,User23,,
1490032197897,Mouse Moved,514.0,291.0,User23,,
1490032197913,Mouse Moved,568.0,260.0,User23,,
1490032197928,Mouse Moved,577.0,258.0,User23,,
1490032197944,Mouse Moved,591.0,252.0,User23,,
1490032197960,Mouse Moved,594.0,251.0,User23,,
1490032198163,Mouse Moved,599.0,249.0,User23,,
1490032198177,Mouse Moved,695.0,205.0,User23,,
1490032198194,Mouse Moved,779.0,179.0,User23,,
1490032198209,Mouse Moved,927.0,138.0,User23,,
1490032198224,Mouse Moved,980.0,130.0,User23,,
1490032198240,Mouse Moved,1070.0,126.0,User23,,
1490032198256,Mouse Moved,1104.0,133.0,User23,,
1490032198272,Mouse Moved,1113.0,137.0,User23,,
1490032198443,Mouse Moved,1116.0,138.0,User23,,
1490032198459,Mouse Moved,1182.0,133.0,User23,,
1490032198474,Mouse Moved,1208.0,130.0,User23,,
1490032198490,Mouse Moved,1263.0,130.0,User23,,
1490032198506,Mouse Moved,1279.0,130.0,User23,,
1490032198520,Mouse Moved,1312.0,136.0,User23,,
1490032198536,Mouse Moved,1320.0,140.0,User23,,
1490032198552,Mouse Moved,1327.0,142.0,User23,,
1490032198709,Mouse Moved,1329.0,140.0,User23,,
1490032198723,Mouse Moved,1335.0,137.0,User23,,
1490032198740,Mouse Moved,1358.0,126.0,User23,,
1490032198755,Mouse Moved,1382.0,114.0,User23,,
1490032198770,Mouse Moved,1401.0,103.0,User23,,
1490032198786,Mouse Moved,1407.0,99.0,User23,,
1490032198802,Mouse Moved,1417.0,96.0,User23,,
1490032198818,Mouse Moved,1419.0,94.0,User23,,
1490032198832,Mouse Moved,1422.0,93.0,User23,,
1490032198848,Mouse Moved,1423.0,93.0,User23,,
1490032198865,Mouse Moved,1423.0,92.0,User23,,
1490032198880,Mouse Moved,1424.0,92.0,User23,,
1490032198895,Mouse Moved,1425.0,92.0,User23,,
1490032198911,Mouse Moved,1425.0,91.0,User23,,
1490032198989,Mouse Moved,1426.0,91.0,User23,,
1490032199052,Mouse Moved,1425.0,92.0,User23,,
1490032199130,Mouse Moved,1425.0,92.0,User23,,
1490032199348,Mouse Moved,1421.0,91.0,User23,,
1490032199364,Mouse Moved,1311.0,109.0,User23,,
1490032199378,Mouse Moved,1240.0,117.0,User23,,
1490032199394,Mouse Moved,1109.0,142.0,User23,,
1490032199411,Mouse Moved,1061.0,154.0,User23,,
1490032199426,Mouse Moved,968.0,182.0,User23,,
1490032199441,Mouse Moved,948.0,189.0,User23,,
1490032199473,Mouse Moved,913.0,196.0,User23,,
1490032199503,Mouse Moved,905.0,194.0,User23,,
1490032199690,Mouse Moved,902.0,182.0,User23,,
1490032199707,Mouse Moved,824.0,204.0,User23,,
1490032199723,Mouse Moved,778.0,218.0,User23,,
1490032199737,Mouse Moved,684.0,245.0,User23,,
1490032199753,Mouse Moved,617.0,250.0,User23,,
1490032199769,Mouse Moved,602.0,250.0,User23,,
1490032199785,Mouse Moved,590.0,250.0,User23,,
1490032199801,Mouse Moved,575.0,248.0,User23,,
1490032199815,Mouse Moved,571.0,246.0,User23,,
1490032199832,Mouse Moved,569.0,244.0,User23,,
1490032200003,Mouse Moved,568.0,244.0,User23,,
1490032200019,Mouse Moved,566.0,246.0,User23,,
1490032200035,Mouse Moved,558.0,251.0,User23,,
1490032200049,Mouse Moved,552.0,253.0,User23,,
1490032200065,Mouse Moved,541.0,255.0,User23,,
1490032200081,Mouse Moved,537.0,255.0,User23,,
1490032200096,Mouse Moved,534.0,255.0,User23,,
1490032200112,Mouse Moved,524.0,253.0,User23,,
1490032200128,Mouse Moved,518.0,249.0,User23,,
1490032200144,Mouse Moved,514.0,248.0,User23,,
1490032200158,Mouse Moved,512.0,247.0,User23,,
1490032200174,Mouse Moved,510.0,246.0,User23,,
1490032200190,Mouse Moved,509.0,246.0,User23,,
1490032200236,Mouse Moved,508.0,246.0,User23,,
1490032200581,Mouse Moved,508.0,246.0,User23,,
1490032200704,Mouse Moved,508.0,246.0,User23,,
1490032201111,Mouse Moved,508.0,247.0,User23,,
1490032201157,Mouse Moved,509.0,249.0,User23,,
1490032201173,Mouse Moved,514.0,255.0,User23,,
1490032201188,Mouse Moved,517.0,257.0,User23,,
1490032201204,Mouse Moved,524.0,260.0,User23,,
1490032201220,Mouse Moved,537.0,263.0,User23,,
1490032201236,Mouse Moved,543.0,264.0,User23,,
1490032201250,Mouse Moved,551.0,266.0,User23,,
1490032201266,Mouse Moved,553.0,266.0,User23,,
1490032201282,Mouse Moved,558.0,267.0,User23,,
1490032201313,Mouse Moved,562.0,268.0,User23,,
1490032201328,Mouse Moved,564.0,269.0,User23,,
1490032201345,Mouse Moved,565.0,269.0,User23,,
1490032201361,Mouse Moved,566.0,270.0,User23,,
1490032201375,Mouse Moved,567.0,270.0,User23,,
1490032201391,Mouse Moved,567.0,271.0,User23,,
1490032201407,Mouse Moved,568.0,273.0,User23,,
1490032201438,Mouse Moved,569.0,273.0,User23,,
1490032201453,Mouse Moved,569.0,274.0,User23,,
1490032201470,Mouse Moved,569.0,275.0,User23,,
1490032201484,Mouse Moved,568.0,276.0,User23,,
1490032201500,Mouse Moved,565.0,276.0,User23,,
1490032201516,Mouse Moved,556.0,276.0,User23,,
1490032201532,Mouse Moved,540.0,274.0,User23,,
1490032201548,Mouse Moved,532.0,273.0,User23,,
1490032201562,Mouse Moved,518.0,270.0,User23,,
1490032201595,Mouse Moved,512.0,268.0,User23,,
1490032201609,Mouse Moved,502.0,265.0,User23,,
1490032201641,Mouse Moved,499.0,265.0,User23,,
1490032201673,Mouse Moved,499.0,264.0,User23,,
1490032201703,Mouse Moved,498.0,264.0,User23,,
1490032201766,Mouse Moved,500.0,264.0,User23,,
1490032201782,Mouse Moved,510.0,267.0,User23,,
1490032201796,Mouse Moved,535.0,276.0,User23,,
1490032201812,Mouse Moved,544.0,278.0,User23,,
1490032201828,Mouse Moved,552.0,280.0,User23,,
1490032201844,Mouse Moved,558.0,281.0,User23,,
1490032201859,Mouse Moved,562.0,281.0,User23,,
1490032201875,Mouse Moved,566.0,282.0,User23,,
1490032201891,Mouse Moved,573.0,283.0,User23,,
1490032201907,Mouse Moved,576.0,284.0,User23,,
1490032201921,Mouse Moved,578.0,284.0,User23,,
1490032201937,Mouse Moved,579.0,284.0,User23,,
1490032202155,Mouse Moved,581.0,285.0,User23,,
1490032202171,Mouse Moved,584.0,294.0,User23,,
1490032202187,Mouse Moved,586.0,298.0,User23,,
1490032202219,Mouse Moved,594.0,311.0,User23,,
1490032202233,Mouse Moved,596.0,316.0,User23,,
1490032202250,Mouse Moved,598.0,319.0,User23,,
1490032202265,Mouse Moved,599.0,322.0,User23,,
1490032202296,Mouse Moved,601.0,325.0,User23,,
1490032202328,Mouse Moved,604.0,330.0,User23,,
1490032202342,Mouse Moved,605.0,332.0,User23,,
1490032202358,Mouse Moved,606.0,333.0,User23,,
1490032202405,Mouse Moved,606.0,334.0,User23,,
1490032202467,Mouse Moved,605.0,334.0,User23,,
1490032202530,Mouse Moved,605.0,334.0,User23,,
1490032203497,Mouse Moved,605.0,334.0,User23,,
1490032203513,Mouse Button.left Pressed,605.0,334.0,User23,,
1490032203607,Mouse Moved,605.0,334.0,User23,,
1490032214214,Mouse Moved,604.0,334.0,User23,,
1490032228005,Mouse Moved,601.0,334.0,User23,,
1490032228020,Mouse Moved,600.0,334.0,User23,,
1490032235275,Mouse Moved,599.0,336.0,User23,,
1490032235305,Mouse Moved,587.0,351.0,User23,,
1490032235322,Mouse Moved,541.0,421.0,User23,,
1490032235336,Mouse Moved,522.0,451.0,User23,,
1490032235352,Mouse Moved,467.0,528.0,User23,,
1490032235368,Mouse Moved,444.0,554.0,User23,,
1490032235384,Mouse Moved,419.0,583.0,User23,,
1490032235400,Mouse Moved,393.0,607.0,User23,,
1490032235414,Mouse Moved,382.0,614.0,User23,,
1490032235618,Mouse Moved,380.0,616.0,User23,,
1490032235634,Mouse Moved,369.0,624.0,User23,,
1490032235648,Mouse Moved,325.0,654.0,User23,,
1490032235664,Mouse Moved,261.0,705.0,User23,,
1490032235680,Mouse Moved,221.0,734.0,User23,,
1490032235696,Mouse Moved,143.0,779.0,User23,,
1490032235711,Mouse Moved,112.0,791.0,User23,,
1490032235726,Mouse Moved,104.0,792.0,User23,,
1490032235773,Mouse Moved,92.0,794.0,User23,,
1490032235914,Mouse Moved,92.0,794.0,User23,,
1490032235930,Mouse Moved,96.0,796.0,User23,,
1490032235946,Mouse Moved,125.0,808.0,User23,,
1490032235960,Mouse Moved,151.0,821.0,User23,,
1490032235976,Mouse Moved,197.0,851.0,User23,,
1490032235993,Mouse Moved,215.0,861.0,User23,,
1490032236210,Mouse Moved,274.0,861.0,User23,,
1490032236226,Mouse Moved,291.0,854.0,User23,,
1490032236242,Mouse Moved,310.0,848.0,User23,,
1490032236257,Mouse Moved,352.0,832.0,User23,,
1490032236273,Mouse Moved,368.0,828.0,User23,,
1490032236289,Mouse Moved,406.0,821.0,User23,,
1490032236305,Mouse Moved,414.0,821.0,User23,,
1490032236319,Mouse Moved,420.0,821.0,User23,,
1490032236335,Mouse Moved,422.0,821.0,User23,,
1490032236367,Mouse Moved,422.0,822.0,User23,,
1490032236382,Mouse Moved,422.0,825.0,User23,,
1490032236398,Mouse Moved,422.0,826.0,User23,,
1490032236414,Mouse Moved,422.0,827.0,User23,,
1490032236428,Mouse Moved,422.0,829.0,User23,,
1490032236444,Mouse Moved,422.0,830.0,User23,,
1490032236460,Mouse Moved,420.0,831.0,User23,,
1490032236476,Mouse Moved,419.0,832.0,User23,,
1490032236492,Mouse Moved,413.0,832.0,User23,,
1490032236506,Mouse Moved,403.0,834.0,User23,,
1490032236523,Mouse Moved,387.0,835.0,User23,,
1490032236539,Mouse Moved,379.0,835.0,User23,,
1490032236553,Mouse Moved,360.0,838.0,User23,,
1490032236569,Mouse Moved,357.0,839.0,User23,,
1490032236601,Mouse Moved,353.0,840.0,User23,,
1490032236617,Mouse Moved,351.0,841.0,User23,,
1490032236710,Mouse Moved,351.0,840.0,User23,,
1490032236788,Mouse Moved,351.0,840.0,User23,,
1490032237443,Mouse Moved,351.0,840.0,User23,,
1490032237520,Mouse Moved,351.0,840.0,User23,,
1490032238239,Mouse Moved,351.0,840.0,User23,,
1490032238255,Mouse Button.left Pressed,351.0,840.0,User23,,
1490032238332,Mouse Moved,351.0,840.0,User23,,
1490032238348,Mouse Button.left Released,351.0,840.0,User23,,
1490032239486,Mouse Moved,348.0,841.0,User23,,
1490032239503,Mouse Moved,320.0,841.0,User23,,
1490032239517,Mouse Moved,286.0,837.0,User23,,
1490032239533,Mouse Moved,249.0,830.0,User23,,
1490032239549,Mouse Moved,173.0,810.0,User23,,
1490032239565,Mouse Moved,133.0,801.0,User23,,
1490032239581,Mouse Moved,86.0,786.0,User23,,
1490032239595,Mouse Moved,56.0,780.0,User23,,
1490032239611,Mouse Moved,46.0,779.0,User23,,
1490032239627,Mouse Moved,37.0,778.0,User23,,
1490032239642,Mouse Moved,33.0,777.0,User23,,
1490032239658,Mouse Moved,31.0,776.0,User23,,
1490032239924,Mouse Moved,30.0,776.0,User23,,
1490032239938,Mouse Moved,29.0,777.0,User23,,
1490032239954,Mouse Moved,28.0,778.0,User23,,
1490032239986,Mouse Moved,26.0,778.0,User23,,
1490032240002,Mouse Moved,25.0,778.0,User23,,
1490032240127,Mouse Moved,24.0,778.0,User23,,
1490032240484,Mouse Moved,25.0,779.0,User23,,
1490032240657,Mouse Moved,26.0,779.0,User23,,
1490032240687,Mouse Moved,27.0,779.0,User23,,
1490032240703,Mouse Moved,28.0,779.0,User23,,
1490032240719,Mouse Moved,29.0,780.0,User23,,
1490032240734,Mouse Moved,30.0,780.0,User23,,
1490032240750,Mouse Moved,31.0,780.0,User23,,
1490032240782,Mouse Moved,32.0,780.0,User23,,
1490032240812,Mouse Moved,32.0,781.0,User23,,
1490032240844,Mouse Moved,34.0,781.0,User23,,
1490032241108,Mouse Moved,34.0,782.0,User23,,
1490032241187,Mouse Moved,34.0,783.0,User23,,
1490032241219,Mouse Moved,31.0,785.0,User23,,
1490032241250,Mouse Moved,30.0,785.0,User23,,
1490032241265,Mouse Moved,22.0,786.0,User23,,
1490032241280,Mouse Moved,22.0,786.0,User23,,
1490032241296,Mouse Moved,21.0,786.0,User23,,
1490032241312,Mouse Moved,19.0,786.0,User23,,
1490032241328,Mouse Moved,19.0,786.0,User23,,
1490032241358,Mouse Moved,18.0,786.0,User23,,
1490032241405,Mouse Moved,16.0,785.0,User23,,
1490032241437,Mouse Moved,16.0,784.0,User23,,
1490032241453,Mouse Moved,15.0,784.0,User23,,
1490032241467,Mouse Moved,15.0,783.0,User23,,
1490032241483,Mouse Moved,13.0,783.0,User23,,
1490032241499,Mouse Moved,13.0,782.0,User23,,
1490032241515,Mouse Moved,13.0,781.0,User23,,
1490032241530,Mouse Moved,12.0,779.0,User23,,
1490032241546,Mouse Moved,10.0,778.0,User23,,
1490032241562,Mouse Moved,9.0,777.0,User23,,
1490032241624,Mouse Moved,9.0,776.0,User23,,
1490032241779,Mouse Moved,9.0,775.0,User23,,
1490032242170,Mouse Moved,10.0,775.0,User23,,
1490032242233,Mouse Moved,12.0,775.0,User23,,
1490032242342,Mouse Moved,13.0,775.0,User23,,
1490032242372,Mouse Moved,13.0,775.0,User23,,
1490032242420,Mouse Moved,15.0,775.0,User23,,
1490032242434,Mouse Moved,15.0,776.0,User23,,
1490032242482,Mouse Moved,16.0,776.0,User23,,
1490032242513,Mouse Moved,16.0,777.0,User23,,
1490032242545,Mouse Moved,16.0,777.0,User23,,
1490032242654,Mouse Moved,18.0,777.0,User23,,
1490032243403,Mouse Moved,19.0,777.0,User23,,
1490032244026,Mouse Moved,19.0,777.0,User23,,
1490032244260,Mouse Moved,21.0,777.0,User23,,
1490032244292,Mouse Moved,21.0,778.0,User23,,
1490032244306,Mouse Moved,22.0,778.0,User23,,
1490032244338,Mouse Moved,22.0,779.0,User23,,
1490032244588,Mouse Moved,22.0,780.0,User23,,
1490032244665,Mouse Moved,22.0,781.0,User23,,
1490032244775,Mouse Moved,22.0,782.0,User23,,
1490032244806,Mouse Moved,22.0,783.0,User23,,
1490032244915,Mouse Moved,22.0,784.0,User23,,
1490032244947,Mouse Moved,21.0,784.0,User23,,
1490032244963,Mouse Moved,19.0,784.0,User23,,
1490032244977,Mouse Moved,19.0,784.0,User23,,
1490032245009,Mouse Moved,18.0,784.0,User23,,
1490032245040,Mouse Moved,16.0,784.0,User23,,
1490032245072,Mouse Moved,16.0,783.0,User23,,
1490032245134,Mouse Moved,16.0,782.0,User23,,
1490032245150,Mouse Moved,16.0,781.0,User23,,
1490032245197,Mouse Moved,16.0,780.0,User23,,
1490032245289,Mouse Moved,16.0,779.0,User23,,
1490032245398,Mouse Moved,16.0,779.0,User23,,
1490032245430,Mouse Moved,16.0,778.0,User23,,
1490032245461,Mouse Moved,15.0,777.0,User23,,
1490032245493,Mouse Moved,15.0,776.0,User23,,
1490032245509,Mouse Moved,15.0,775.0,User23,,
1490032245680,Mouse Moved,15.0,775.0,User23,,
1490032246256,Mouse Moved,15.0,775.0,User23,,
1490032246460,Mouse Moved,15.0,776.0,User23,,
1490032246490,Mouse Moved,16.0,777.0,User23,,
1490032246506,Mouse Moved,16.0,778.0,User23,,
1490032246523,Mouse Moved,16.0,779.0,User23,,
1490032246538,Mouse Moved,19.0,780.0,User23,,
1490032246553,Mouse Moved,19.0,781.0,User23,,
1490032246569,Mouse Moved,19.0,782.0,User23,,
1490032246585,Mouse Moved,21.0,782.0,User23,,
1490032246601,Mouse Moved,22.0,782.0,User23,,
1490032246647,Mouse Moved,22.0,783.0,User23,,
1490032246927,Mouse Moved,21.0,783.0,User23,,
1490032246959,Mouse Moved,19.0,782.0,User23,,
1490032247052,Mouse Moved,19.0,782.0,User23,,
1490032247099,Mouse Moved,18.0,782.0,User23,,
1490032247115,Mouse Moved,18.0,783.0,User23,,
1490032247147,Mouse Moved,16.0,783.0,User23,,
1490032247161,Mouse Moved,16.0,784.0,User23,,
1490032249236,Mouse Moved,22.0,784.0,User23,,
1490032249253,Mouse Moved,47.0,778.0,User23,,
1490032249267,Mouse Moved,79.0,773.0,User23,,
1490032249283,Mouse Moved,118.0,767.0,User23,,
1490032249299,Mouse Moved,130.0,766.0,User23,,
1490032249315,Mouse Moved,140.0,766.0,User23,,
1490032249331,Mouse Moved,159.0,766.0,User23,,
1490032249345,Mouse Moved,162.0,766.0,User23,,
1490032249361,Mouse Moved,167.0,766.0,User23,,
1490032249377,Mouse Moved,168.0,766.0,User23,,
1490032249392,Mouse Moved,170.0,767.0,User23,,
1490032249579,Mouse Moved,171.0,769.0,User23,,
1490032249595,Mouse Moved,181.0,776.0,User23,,
1490032249611,Mouse Moved,201.0,790.0,User23,,
1490032249627,Mouse Moved,229.0,804.0,User23,,
1490032249642,Mouse Moved,244.0,812.0,User23,,
1490032249657,Mouse Moved,254.0,816.0,User23,,
1490032249674,Mouse Moved,272.0,829.0,User23,,
1490032249688,Mouse Moved,279.0,836.0,User23,,
1490032249704,Mouse Moved,286.0,843.0,User23,,
1490032249720,Mouse Moved,289.0,848.0,User23,,
1490032249736,Mouse Moved,289.0,849.0,User23,,
1490032249907,Mouse Moved,291.0,849.0,User23,,
1490032249923,Mouse Moved,292.0,849.0,User23,,
1490032249938,Mouse Moved,297.0,849.0,User23,,
1490032249954,Mouse Moved,307.0,845.0,User23,,
1490032249970,Mouse Moved,313.0,842.0,User23,,
1490032249986,Mouse Moved,329.0,834.0,User23,,
1490032250000,Mouse Moved,336.0,830.0,User23,,
1490032250016,Mouse Moved,347.0,825.0,User23,,
1490032250032,Mouse Moved,353.0,821.0,User23,,
1490032250048,Mouse Moved,357.0,820.0,User23,,
1490032250063,Mouse Moved,359.0,818.0,User23,,
1490032250078,Mouse Moved,361.0,818.0,User23,,
1490032250095,Mouse Moved,364.0,817.0,User23,,
1490032250111,Mouse Moved,365.0,817.0,User23,,
1490032250125,Mouse Moved,366.0,817.0,User23,,
1490032250157,Mouse Moved,367.0,817.0,User23,,
1490032250173,Mouse Moved,368.0,818.0,User23,,
1490032250203,Mouse Moved,369.0,819.0,User23,,
1490032250220,Mouse Moved,369.0,820.0,User23,,
1490032250234,Mouse Moved,370.0,822.0,User23,,
1490032250250,Mouse Moved,370.0,824.0,User23,,
1490032250266,Mouse Moved,371.0,825.0,User23,,
1490032250282,Mouse Moved,371.0,826.0,User23,,
1490032250312,Mouse Moved,372.0,828.0,User23,,
1490032250423,Mouse Moved,371.0,828.0,User23,,
1490032250516,Mouse Moved,371.0,828.0,User23,,
1490032251062,Mouse Moved,372.0,828.0,User23,,
1490032251092,Mouse Moved,373.0,829.0,User23,,
1490032251155,Mouse Moved,372.0,829.0,User23,,
1490032251171,Mouse Moved,369.0,829.0,User23,,
1490032251187,Mouse Moved,367.0,829.0,User23,,
1490032251203,Mouse Moved,360.0,828.0,User23,,
1490032251217,Mouse Moved,355.0,827.0,User23,,
1490032251233,Mouse Moved,350.0,826.0,User23,,
1490032251249,Mouse Moved,348.0,824.0,User23,,
1490032251265,Mouse Moved,342.0,819.0,User23,,
1490032251280,Mouse Moved,337.0,813.0,User23,,
1490032251296,Mouse Moved,333.0,810.0,User23,,
1490032251312,Mouse Moved,324.0,800.0,User23,,
1490032251326,Mouse Moved,324.0,799.0,User23,,
1490032251342,Mouse Moved,323.0,797.0,User23,,
1490032251358,Mouse Moved,322.0,796.0,User23,,
1490032251404,Mouse Moved,322.0,795.0,User23,,
1490032251437,Mouse Moved,323.0,793.0,User23,,
1490032251451,Mouse Moved,325.0,792.0,User23,,
1490032251467,Mouse Moved,328.0,790.0,User23,,
1490032251483,Mouse Moved,329.0,788.0,User23,,
1490032251499,Mouse Moved,333.0,785.0,User23,,
1490032251515,Mouse Moved,336.0,782.0,User23,,
1490032251529,Mouse Moved,338.0,780.0,User23,,
1490032251546,Mouse Moved,342.0,776.0,User23,,
1490032251561,Mouse Moved,345.0,773.0,User23,,
1490032251576,Mouse Moved,350.0,769.0,User23,,
1490032251592,Mouse Moved,351.0,768.0,User23,,
1490032251608,Mouse Moved,354.0,765.0,User23,,
1490032251638,Mouse Moved,354.0,764.0,User23,,
1490032251654,Mouse Moved,355.0,764.0,User23,,
1490032251763,Mouse Moved,355.0,763.0,User23,,
1490032251826,Mouse Moved,354.0,763.0,User23,,
1490032251904,Mouse Moved,354.0,763.0,User23,,
1490032251920,Mouse Button.left Released,354.0,763.0,User23,,
1490032252232,Mouse Moved,357.0,760.0,User23,,
1490032252247,Mouse Moved,372.0,733.0,User23,,
1490032252263,Mouse Moved,440.0,643.0,User23,,
1490032252279,Mouse Moved,534.0,528.0,User23,,
1490032252295,Mouse Moved,572.0,484.0,User23,,
1490032252309,Mouse Moved,629.0,421.0,User23,,
1490032252325,Mouse Moved,648.0,398.0,User23,,
1490032252341,Mouse Moved,662.0,384.0,User23,,
1490032252357,Mouse Moved,669.0,376.0,User23,,
1490032252372,Mouse Moved,670.0,375.0,User23,,
1490032252591,Mouse Moved,668.0,377.0,User23,,
1490032252607,Mouse Moved,660.0,389.0,User23,,
1490032252621,Mouse Moved,652.0,397.0,User23,,
1490032252638,Mouse Moved,636.0,422.0,User23,,
1490032252653,Mouse Moved,628.0,432.0,User23,,
1490032252668,Mouse Moved,615.0,451.0,User23,,
1490032252684,Mouse Moved,605.0,464.0,User23,,
1490032252700,Mouse Moved,601.0,467.0,User23,,
1490032252716,Mouse Moved,597.0,471.0,User23,,
1490032252730,Mouse Moved,592.0,475.0,User23,,
1490032252746,Mouse Moved,590.0,476.0,User23,,
1490032252918,Mouse Moved,592.0,478.0,User23,,
1490032252934,Mouse Moved,599.0,483.0,User23,,
1490032252950,Mouse Moved,682.0,516.0,User23,,
1490032252964,Mouse Moved,728.0,527.0,User23,,
1490032252980,Mouse Moved,757.0,532.0,User23,,
1490032252996,Mouse Moved,777.0,535.0,User23,,
1490032253012,Mouse Moved,814.0,539.0,User23,,
1490032253028,Mouse Moved,825.0,538.0,User23,,
1490032253042,Mouse Moved,827.0,537.0,User23,,
1490032253230,Mouse Moved,839.0,528.0,User23,,
1490032253246,Mouse Moved,966.0,440.0,User23,,
1490032253262,Mouse Moved,1044.0,398.0,User23,,
1490032253276,Mouse Moved,1212.0,300.0,User23,,
1490032253292,Mouse Moved,1258.0,284.0,User23,,
1490032253309,Mouse Moved,1280.0,278.0,User23,,
1490032253323,Mouse Moved,1302.0,275.0,User23,,
1490032253339,Mouse Moved,1306.0,275.0,User23,,
1490032253496,Mouse Moved,1308.0,275.0,User23,,
1490032253510,Mouse Moved,1317.0,273.0,User23,,
1490032253526,Mouse Moved,1328.0,270.0,User23,,
1490032253542,Mouse Moved,1341.0,267.0,User23,,
1490032253558,Mouse Moved,1348.0,265.0,User23,,
1490032253573,Mouse Moved,1363.0,262.0,User23,,
1490032253588,Mouse Moved,1374.0,261.0,User23,,
1490032253605,Mouse Moved,1394.0,258.0,User23,,
1490032253621,Mouse Moved,1409.0,255.0,User23,,
1490032253635,Mouse Moved,1420.0,255.0,User23,,
1490032253651,Mouse Moved,1423.0,254.0,User23,,
1490032253667,Mouse Moved,1426.0,253.0,User23,,
1490032253698,Mouse Moved,1427.0,253.0,User23,,
1490032253869,Mouse Moved,1427.0,253.0,User23,,
1490032253885,Mouse Moved,1427.0,252.0,User23,,
1490032253994,Mouse Moved,1427.0,253.0,User23,,
1490032254181,Mouse Moved,1426.0,252.0,User23,,
1490032254213,Mouse Moved,1423.0,255.0,User23,,
1490032254229,Mouse Moved,1297.0,321.0,User23,,
1490032254244,Mouse Moved,1161.0,397.0,User23,,
1490032254259,Mouse Moved,1006.0,483.0,User23,,
1490032254276,Mouse Moved,956.0,510.0,User23,,
1490032254290,Mouse Moved,847.0,567.0,User23,,
1490032254306,Mouse Moved,818.0,579.0,User23,,
1490032254322,Mouse Moved,788.0,593.0,User23,,
1490032254338,Mouse Moved,781.0,595.0,User23,,
1490032254354,Mouse Moved,776.0,596.0,User23,,
1490032254368,Mouse Moved,775.0,596.0,User23,,
1490032254602,Mouse Moved,774.0,594.0,User23,,
1490032254618,Mouse Moved,773.0,564.0,User23,,
1490032254634,Mouse Moved,773.0,529.0,User23,,
1490032254650,Mouse Moved,773.0,469.0,User23,,
1490032254665,Mouse Moved,773.0,439.0,User23,,
1490032254680,Mouse Moved,773.0,434.0,User23,,
1490032254697,Mouse Moved,773.0,433.0,User23,,
1490032254713,Mouse Moved,773.0,432.0,User23,,
1490032254775,Mouse Moved,773.0,434.0,User23,,
1490032254790,Mouse Moved,773.0,436.0,User23,,
1490032254805,Mouse Moved,773.0,438.0,User23,,
1490032254822,Mouse Moved,773.0,440.0,User23,,
1490032254836,Mouse Moved,773.0,441.0,User23,,
1490032254868,Mouse Moved,773.0,447.0,User23,,
1490032254884,Mouse Moved,773.0,452.0,User23,,
1490032254900,Mouse Moved,773.0,455.0,User23,,
1490032254914,Mouse Moved,773.0,459.0,User23,,
1490032254930,Mouse Moved,773.0,462.0,User23,,
1490032254947,Mouse Moved,774.0,465.0,User23,,
1490032254961,Mouse Moved,774.0,466.0,User23,,
1490032254977,Mouse Moved,774.0,467.0,User23,,
1490032254993,Mouse Moved,774.0,466.0,User23,,
1490032255086,Mouse Moved,774.0,466.0,User23,,
1490032255321,Mouse Moved,771.0,470.0,User23,,
1490032255336,Mouse Moved,713.0,519.0,User23,,
1490032255351,Mouse Moved,650.0,575.0,User23,,
1490032255368,Mouse Moved,611.0,613.0,User23,,
1490032255382,Mouse Moved,560.0,667.0,User23,,
1490032255398,Mouse Moved,515.0,715.0,User23,,
1490032255414,Mouse Moved,503.0,729.0,User23,,
1490032255430,Mouse Moved,485.0,750.0,User23,,
1490032255446,Mouse Moved,480.0,755.0,User23,,
1490032255460,Mouse Moved,477.0,758.0,User23,,
1490032255632,Mouse Moved,475.0,760.0,User23,,
1490032255648,Mouse Moved,474.0,763.0,User23,,
1490032255664,Mouse Moved,469.0,770.0,User23,,
1490032255680,Mouse Moved,451.0,793.0,User23,,
1490032255694,Mouse Moved,444.0,800.0,User23,,
1490032255710,Mouse Moved,438.0,806.0,User23,,
1490032255726,Mouse Moved,432.0,812.0,User23,,
1490032255742,Mouse Moved,426.0,819.0,User23,,
1490032255757,Mouse Moved,424.0,821.0,User23,,
1490032255773,Mouse Moved,420.0,824.0,User23,,
1490032255789,Mouse Moved,419.0,825.0,User23,,
1490032255805,Mouse Moved,417.0,826.0,User23,,
1490032255819,Mouse Moved,417.0,827.0,User23,,
1490032255835,Mouse Moved,416.0,828.0,User23,,
1490032255851,Mouse Moved,415.0,830.0,User23,,
1490032255867,Mouse Moved,414.0,832.0,User23,,
1490032255882,Mouse Moved,413.0,835.0,User23,,
1490032255898,Mouse Moved,411.0,837.0,User23,,
1490032255928,Mouse Moved,410.0,840.0,User23,,
1490032255944,Mouse Moved,409.0,840.0,User23,,
1490032256023,Mouse Moved,410.0,839.0,User23,,
1490032256351,Mouse Moved,409.0,838.0,User23,,
1490032256365,Mouse Moved,415.0,827.0,User23,,
1490032256381,Mouse Moved,430.0,802.0,User23,,
1490032256397,Mouse Moved,446.0,784.0,User23,,
1490032256413,Mouse Moved,458.0,772.0,User23,,
1490032256428,Mouse Moved,462.0,769.0,User23,,
1490032256444,Mouse Moved,465.0,766.0,User23,,
1490032256460,Mouse Moved,466.0,766.0,User23,,
1490032256490,Mouse Moved,467.0,765.0,User23,,
1490032256506,Mouse Moved,467.0,764.0,User23,,
1490032256786,Mouse Moved,468.0,765.0,User23,,
1490032256834,Mouse Moved,467.0,765.0,User23,,
1490032256849,Mouse Moved,467.0,765.0,User23,,
1490032256911,Mouse Moved,467.0,765.0,User23,,
1490032257739,Mouse Moved,468.0,764.0,User23,,
1490032257755,Mouse Moved,468.0,760.0,User23,,
1490032257769,Mouse Moved,466.0,757.0,User23,,
1490032257786,Mouse Moved,461.0,751.0,User23,,
1490032257801,Mouse Moved,453.0,746.0,User23,,
1490032257816,Mouse Moved,436.0,740.0,User23,,
1490032257832,Mouse Moved,423.0,740.0,User23,,
1490032257848,Mouse Moved,416.0,742.0,User23,,
1490032257864,Mouse Moved,396.0,748.0,User23,,
1490032257878,Mouse Moved,389.0,752.0,User23,,
1490032257894,Mouse Moved,383.0,755.0,User23,,
1490032257911,Mouse Moved,380.0,756.0,User23,,
1490032258082,Mouse Moved,378.0,759.0,User23,,
1490032258098,Mouse Moved,378.0,762.0,User23,,
1490032258128,Mouse Moved,378.0,765.0,User23,,
1490032258144,Mouse Moved,378.0,776.0,User23,,
1490032258160,Mouse Moved,378.0,778.0,User23,,
1490032258176,Mouse Moved,378.0,783.0,User23,,
1490032258190,Mouse Moved,378.0,785.0,User23,,
1490032258207,Mouse Moved,381.0,793.0,User23,,
1490032258223,Mouse Moved,383.0,801.0,User23,,
1490032258237,Mouse Moved,388.0,818.0,User23,,
1490032258253,Mouse Moved,390.0,823.0,User23,,
1490032258269,Mouse Moved,392.0,832.0,User23,,
1490032258285,Mouse Moved,393.0,835.0,User23,,
1490032258410,Mouse Moved,393.0,836.0,User23,,
1490032258690,Mouse Moved,391.0,835.0,User23,,
1490032258706,Mouse Moved,382.0,827.0,User23,,
1490032258721,Mouse Moved,368.0,815.0,User23,,
1490032258736,Mouse Moved,356.0,805.0,User23,,
1490032258753,Mouse Moved,350.0,802.0,User23,,
1490032258769,Mouse Moved,340.0,797.0,User23,,
1490032258783,Mouse Moved,337.0,795.0,User23,,
1490032258799,Mouse Moved,333.0,794.0,User23,,
1490032258815,Mouse Moved,331.0,793.0,User23,,
1490032259065,Mouse Moved,331.0,794.0,User23,,
1490032259081,Mouse Button.left Pressed,331.0,794.0,User23,,
1490032259158,Mouse Moved,331.0,794.0,User23,,
1490032259549,Mouse Moved,331.0,791.0,User23,,
1490032259563,Mouse Moved,350.0,753.0,User23,,
1490032259579,Mouse Moved,425.0,625.0,User23,,
1490032259595,Mouse Moved,470.0,565.0,User23,,
1490032259611,Mouse Moved,544.0,467.0,User23,,
1490032259657,Mouse Moved,596.0,395.0,User23,,
1490032259673,Mouse Moved,626.0,360.0,User23,,
1490032259688,Mouse Moved,629.0,356.0,User23,,
1490032259704,Mouse Moved,630.0,355.0,User23,,
1490032294992,Mouse Moved,632.0,354.0,User23,,
1490032295006,Mouse Moved,651.0,349.0,User23,,
1490032295023,Mouse Moved,690.0,344.0,User23,,
1490032295039,Mouse Moved,703.0,341.0,User23,,
1490032295053,Mouse Moved,733.0,334.0,User23,,
1490032295069,Mouse Moved,745.0,331.0,User23,,
1490032295085,Mouse Moved,775.0,328.0,User23,,
1490032295101,Mouse Moved,793.0,326.0,User23,,
1490032295117,Mouse Moved,799.0,326.0,User23,,
1490032295131,Mouse Moved,806.0,326.0,User23,,
1490032295148,Mouse Moved,809.0,326.0,User23,,
1490032295163,Mouse Moved,810.0,326.0,User23,,
1490032295178,Mouse Moved,810.0,328.0,User23,,
1490032295194,Mouse Moved,810.0,331.0,User23,,
1490032295210,Mouse Moved,800.0,342.0,User23,,
1490032295226,Mouse Moved,785.0,351.0,User23,,
1490032295240,Mouse Moved,738.0,364.0,User23,,
1490032295256,Mouse Moved,714.0,364.0,User23,,
1490032295273,Mouse Moved,669.0,353.0,User23,,
1490032295288,Mouse Moved,647.0,346.0,User23,,
1490032295303,Mouse Moved,641.0,344.0,User23,,
1490032295319,Mouse Moved,634.0,341.0,User23,,
1490032295335,Mouse Moved,633.0,341.0,User23,,
1490032295351,Mouse Moved,632.0,340.0,User23,,
1490032295585,Mouse Moved,633.0,340.0,User23,,
1490032295599,Mouse Moved,636.0,340.0,User23,,
1490032295615,Mouse Moved,638.0,340.0,User23,,
1490032295631,Mouse Moved,648.0,338.0,User23,,
1490032295647,Mouse Moved,656.0,336.0,User23,,
1490032295663,Mouse Moved,671.0,333.0,User23,,
1490032295677,Mouse Moved,680.0,333.0,User23,,
1490032295694,Mouse Moved,694.0,335.0,User23,,
1490032295709,Mouse Moved,706.0,341.0,User23,,
1490032295724,Mouse Moved,709.0,344.0,User23,,
1490032295911,Mouse Moved,711.0,344.0,User23,,
1490032295927,Mouse Moved,714.0,345.0,User23,,
1490032295943,Mouse Moved,727.0,345.0,User23,,
1490032295959,Mouse Moved,735.0,345.0,User23,,
1490032295974,Mouse Moved,753.0,341.0,User23,,
1490032295990,Mouse Moved,763.0,341.0,User23,,
1490032296006,Mouse Moved,781.0,341.0,User23,,
1490032296020,Mouse Moved,785.0,341.0,User23,,
1490032296255,Mouse Moved,790.0,341.0,User23,,
1490032296270,Mouse Moved,795.0,339.0,User23,,
1490032296286,Mouse Moved,797.0,338.0,User23,,
1490032296302,Mouse Moved,801.0,337.0,User23,,
1490032296318,Mouse Moved,808.0,337.0,User23,,
1490032296332,Mouse Moved,813.0,337.0,User23,,
1490032296348,Mouse Moved,818.0,340.0,User23,,
1490032296365,Mouse Moved,821.0,341.0,User23,,
1490032296380,Mouse Moved,825.0,343.0,User23,,
1490032296411,Mouse Moved,827.0,344.0,User23,,
1490032296723,Mouse Moved,829.0,345.0,User23,,
1490032296739,Mouse Moved,832.0,345.0,User23,,
1490032296755,Mouse Moved,834.0,345.0,User23,,
1490032296769,Mouse Moved,837.0,345.0,User23,,
1490032296786,Mouse Moved,839.0,345.0,User23,,
1490032296801,Mouse Moved,841.0,345.0,User23,,
1490032296816,Mouse Moved,845.0,345.0,User23,,
1490032296832,Mouse Moved,846.0,345.0,User23,,
1490032296848,Mouse Moved,849.0,345.0,User23,,
1490032296864,Mouse Moved,851.0,345.0,User23,,
1490032296878,Mouse Moved,852.0,345.0,User23,,
1490032296894,Mouse Moved,853.0,345.0,User23,,
1490032296926,Mouse Moved,855.0,345.0,User23,,
1490032296941,Mouse Moved,856.0,345.0,User23,,
1490032297285,Mouse Moved,857.0,345.0,User23,,
1490032297315,Mouse Moved,858.0,345.0,User23,,
1490032297332,Mouse Moved,859.0,344.0,User23,,
1490032297410,Mouse Moved,860.0,344.0,User23,,
1490032297440,Mouse Moved,860.0,344.0,User23,,
1490032297487,Mouse Moved,860.0,343.0,User23,,
1490032297535,Mouse Moved,859.0,343.0,User23,,
1490032297581,Mouse Moved,860.0,343.0,User23,,
1490032297644,Mouse Moved,860.0,344.0,User23,,
1490032297658,Mouse Moved,860.0,347.0,User23,,
1490032297674,Mouse Moved,860.0,349.0,User23,,
1490032297690,Mouse Moved,861.0,352.0,User23,,
1490032297706,Mouse Moved,863.0,362.0,User23,,
1490032297736,Mouse Moved,868.0,376.0,User23,,
1490032297753,Mouse Moved,868.0,380.0,User23,,
1490032297769,Mouse Moved,869.0,380.0,User23,,
1490032297815,Mouse Moved,869.0,382.0,User23,,
1490032297924,Mouse Moved,870.0,382.0,User23,,
1490032297940,Mouse Moved,871.0,383.0,User23,,
1490032297956,Mouse Moved,872.0,383.0,User23,,
1490032297970,Mouse Moved,872.0,384.0,User23,,
1490032297986,Mouse Moved,873.0,384.0,User23,,
1490032298003,Mouse Moved,873.0,385.0,User23,,
1490032298111,Mouse Moved,873.0,383.0,User23,,
1490032298127,Mouse Moved,873.0,382.0,User23,,
1490032298142,Mouse Moved,873.0,381.0,User23,,
1490032298158,Mouse Moved,872.0,369.0,User23,,
1490032298174,Mouse Moved,872.0,359.0,User23,,
1490032298190,Mouse Moved,872.0,350.0,User23,,
1490032298204,Mouse Moved,872.0,344.0,User23,,
1490032298220,Mouse Moved,873.0,340.0,User23,,
1490032298236,Mouse Moved,874.0,338.0,User23,,
1490032298299,Mouse Moved,875.0,338.0,User23,,
1490032298329,Mouse Moved,876.0,338.0,User23,,
1490032298345,Mouse Moved,877.0,339.0,User23,,
1490032298361,Mouse Moved,877.0,340.0,User23,,
1490032298377,Mouse Moved,877.0,341.0,User23,,
1490032298392,Mouse Moved,877.0,342.0,User23,,
1490032298424,Mouse Moved,878.0,346.0,User23,,
1490032298454,Mouse Moved,878.0,349.0,User23,,
1490032298470,Mouse Moved,878.0,352.0,User23,,
1490032298486,Mouse Moved,877.0,354.0,User23,,
1490032298502,Mouse Moved,875.0,357.0,User23,,
1490032298516,Mouse Moved,873.0,358.0,User23,,
1490032298549,Mouse Moved,870.0,359.0,User23,,
1490032298563,Mouse Moved,869.0,359.0,User23,,
1490032298579,Mouse Moved,868.0,359.0,User23,,
1490032298595,Mouse Moved,867.0,358.0,User23,,
1490032298875,Mouse Moved,866.0,358.0,User23,,
1490032298953,Mouse Moved,866.0,358.0,User23,,
1490032312494,Mouse Moved,865.0,361.0,User23,,
1490032312510,Mouse Moved,861.0,367.0,User23,,
1490032312526,Mouse Moved,852.0,377.0,User23,,
1490032312542,Mouse Moved,827.0,404.0,User23,,
1490032312556,Mouse Moved,814.0,417.0,User23,,
1490032312572,Mouse Moved,764.0,450.0,User23,,
1490032312588,Mouse Moved,740.0,457.0,User23,,
1490032312604,Mouse Moved,730.0,460.0,User23,,
1490032312619,Mouse Moved,716.0,461.0,User23,,
1490032312634,Mouse Moved,706.0,461.0,User23,,
1490032312651,Mouse Moved,703.0,461.0,User23,,
1490032312667,Mouse Moved,700.0,461.0,User23,,
1490032312901,Mouse Moved,697.0,460.0,User23,,
1490032312915,Mouse Moved,686.0,461.0,User23,,
1490032312931,Mouse Moved,663.0,461.0,User23,,
1490032312947,Mouse Moved,649.0,461.0,User23,,
1490032312963,Mouse Moved,611.0,460.0,User23,,
1490032312979,Mouse Moved,605.0,459.0,User23,,
1490032312993,Mouse Moved,601.0,457.0,User23,,
1490032313025,Mouse Moved,598.0,457.0,User23,,
1490032313040,Mouse Moved,598.0,456.0,User23,,
1490032313056,Mouse Moved,597.0,456.0,User23,,
1490032313118,Mouse Moved,596.0,456.0,User23,,
1490032313150,Mouse Moved,595.0,454.0,User23,,
1490032313165,Mouse Moved,591.0,451.0,User23,,
1490032313180,Mouse Moved,587.0,449.0,User23,,
1490032313197,Mouse Moved,580.0,446.0,User23,,
1490032313213,Mouse Moved,578.0,445.0,User23,,
1490032313227,Mouse Moved,576.0,443.0,User23,,
1490032313243,Mouse Moved,575.0,443.0,User23,,
1490032313259,Mouse Moved,573.0,441.0,User23,,
1490032313290,Mouse Moved,571.0,439.0,User23,,
1490032313305,Mouse Moved,571.0,438.0,User23,,
1490032313322,Mouse Moved,569.0,436.0,User23,,
1490032313414,Mouse Moved,570.0,437.0,User23,,
1490032315147,Mouse Moved,568.0,435.0,User23,,
1490032315163,Mouse Moved,565.0,431.0,User23,,
1490032315177,Mouse Moved,545.0,399.0,User23,,
1490032315194,Mouse Moved,524.0,364.0,User23,,
1490032315209,Mouse Moved,486.0,275.0,User23,,
1490032315224,Mouse Moved,473.0,231.0,User23,,
1490032315240,Mouse Moved,460.0,188.0,User23,,
1490032315256,Mouse Moved,456.0,173.0,User23,,
1490032315272,Mouse Moved,454.0,170.0,User23,,
1490032315286,Mouse Moved,453.0,167.0,User23,,
1490032315302,Mouse Moved,452.0,167.0,User23,,
1490032315459,Mouse Moved,452.0,168.0,User23,,
1490032315474,Mouse Moved,452.0,170.0,User23,,
1490032315490,Mouse Moved,450.0,173.0,User23,,
1490032315506,Mouse Moved,445.0,188.0,User23,,
1490032315520,Mouse Moved,438.0,200.0,User23,,
1490032315536,Mouse Moved,434.0,207.0,User23,,
1490032315552,Mouse Moved,422.0,224.0,User23,,
1490032315568,Mouse Moved,418.0,231.0,User23,,
1490032315584,Mouse Moved,406.0,246.0,User23,,
1490032315598,Mouse Moved,394.0,259.0,User23,,
1490032315615,Mouse Moved,389.0,262.0,User23,,
1490032315631,Mouse Moved,380.0,271.0,User23,,
1490032315645,Mouse Moved,376.0,275.0,User23,,
1490032315661,Mouse Moved,369.0,278.0,User23,,
1490032315677,Mouse Moved,365.0,279.0,User23,,
1490032315693,Mouse Moved,362.0,279.0,User23,,
1490032315709,Mouse Moved,360.0,279.0,User23,,
1490032315723,Mouse Moved,357.0,279.0,User23,,
1490032315740,Mouse Moved,356.0,279.0,User23,,
1490032315770,Mouse Moved,354.0,279.0,User23,,
1490032315786,Mouse Moved,347.0,279.0,User23,,
1490032315802,Mouse Moved,345.0,279.0,User23,,
1490032315818,Mouse Moved,339.0,279.0,User23,,
1490032315848,Mouse Moved,334.0,278.0,User23,,
1490032315865,Mouse Moved,333.0,278.0,User23,,
1490032315895,Mouse Moved,331.0,277.0,User23,,
1490032317424,Mouse Moved,331.0,276.0,User23,,
1490032317456,Mouse Moved,348.0,277.0,User23,,
1490032317470,Mouse Moved,460.0,318.0,User23,,
1490032317486,Mouse Moved,505.0,342.0,User23,,
1490032317503,Mouse Moved,546.0,359.0,User23,,
1490032317517,Mouse Moved,632.0,395.0,User23,,
1490032317533,Mouse Moved,682.0,419.0,User23,,
1490032317549,Mouse Moved,696.0,424.0,User23,,
1490032317565,Mouse Moved,709.0,433.0,User23,,
1490032317581,Mouse Moved,713.0,435.0,User23,,
1490032317595,Mouse Moved,715.0,437.0,User23,,
1490032317611,Mouse Moved,715.0,438.0,User23,,
1490032317829,Mouse Moved,715.0,437.0,User23,,
1490032317845,Mouse Moved,705.0,432.0,User23,,
1490032317861,Mouse Moved,690.0,424.0,User23,,
1490032317877,Mouse Moved,655.0,401.0,User23,,
1490032317892,Mouse Moved,635.0,388.0,User23,,
1490032317907,Mouse Moved,616.0,370.0,User23,,
1490032317924,Mouse Moved,607.0,358.0,User23,,
1490032317938,Mouse Moved,600.0,345.0,User23,,
1490032317954,Mouse Moved,598.0,336.0,User23,,
1490032318127,Mouse Moved,596.0,336.0,User23,,
1490032318141,Mouse Moved,589.0,336.0,User23,,
1490032318157,Mouse Moved,545.0,320.0,User23,,
1490032318173,Mouse Moved,505.0,299.0,User23,,
1490032318188,Mouse Moved,436.0,270.0,User23,,
1490032318204,Mouse Moved,414.0,258.0,User23,,
1490032318220,Mouse Moved,392.0,247.0,User23,,
1490032318236,Mouse Moved,383.0,243.0,User23,,
1490032318250,Mouse Moved,376.0,242.0,User23,,
1490032318470,Mouse Moved,374.0,241.0,User23,,
1490032318484,Mouse Moved,369.0,243.0,User23,,
1490032318500,Mouse Moved,364.0,245.0,User23,,
1490032318516,Mouse Moved,363.0,246.0,User23,,
1490032318532,Mouse Moved,360.0,247.0,User23,,
1490032318548,Mouse Moved,357.0,248.0,User23,,
1490032318562,Mouse Moved,353.0,251.0,User23,,
1490032318578,Mouse Moved,351.0,252.0,User23,,
1490032318595,Mouse Moved,345.0,254.0,User23,,
1490032318609,Mouse Moved,343.0,256.0,User23,,
1490032318625,Mouse Moved,336.0,258.0,User23,,
1490032318641,Mouse Moved,329.0,259.0,User23,,
1490032318657,Mouse Moved,327.0,260.0,User23,,
1490032318673,Mouse Moved,325.0,261.0,User23,,
1490032318687,Mouse Moved,324.0,261.0,User23,,
1490032318719,Mouse Moved,323.0,261.0,User23,,
1490032318734,Mouse Moved,322.0,261.0,User23,,
1490032318766,Mouse Moved,321.0,261.0,User23,,
1490032318782,Mouse Moved,320.0,265.0,User23,,
1490032318796,Mouse Moved,320.0,268.0,User23,,
1490032318812,Mouse Moved,320.0,274.0,User23,,
1490032318828,Mouse Moved,322.0,278.0,User23,,
1490032318844,Mouse Moved,365.0,312.0,User23,,
1490032318859,Mouse Moved,390.0,321.0,User23,,
1490032318875,Mouse Moved,450.0,338.0,User23,,
1490032318907,Mouse Moved,481.0,341.0,User23,,
1490032318921,Mouse Moved,552.0,352.0,User23,,
1490032318937,Mouse Moved,556.0,353.0,User23,,
1490032318953,Mouse Moved,561.0,355.0,User23,,
1490032318969,Mouse Moved,562.0,355.0,User23,,
1490032319155,Mouse Moved,564.0,355.0,User23,,
1490032319171,Mouse Moved,569.0,354.0,User23,,
1490032319187,Mouse Moved,647.0,329.0,User23,,
1490032319219,Mouse Moved,791.0,302.0,User23,,
1490032319233,Mouse Moved,862.0,299.0,User23,,
1490032319250,Mouse Moved,908.0,311.0,User23,,
1490032319265,Mouse Moved,928.0,318.0,User23,,
1490032319280,Mouse Moved,930.0,319.0,User23,,
1490032319296,Mouse Moved,932.0,319.0,User23,,
1490032319421,Mouse Moved,932.0,320.0,User23,,
1490032319437,Mouse Moved,911.0,330.0,User23,,
1490032319453,Mouse Moved,862.0,346.0,User23,,
1490032319467,Mouse Moved,763.0,353.0,User23,,
1490032319483,Mouse Moved,711.0,353.0,User23,,
1490032319499,Mouse Moved,608.0,336.0,User23,,
1490032319515,Mouse Moved,547.0,318.0,User23,,
1490032319530,Mouse Moved,533.0,312.0,User23,,
1490032319546,Mouse Moved,514.0,298.0,User23,,
1490032319562,Mouse Moved,509.0,294.0,User23,,
1490032319576,Mouse Moved,504.0,287.0,User23,,
1490032319592,Mouse Moved,503.0,284.0,User23,,
1490032319779,Mouse Moved,500.0,282.0,User23,,
1490032319796,Mouse Moved,493.0,287.0,User23,,
1490032319811,Mouse Moved,456.0,293.0,User23,,
1490032319826,Mouse Moved,424.0,298.0,User23,,
1490032319842,Mouse Moved,349.0,291.0,User23,,
1490032319858,Mouse Moved,314.0,287.0,User23,,
1490032319874,Mouse Moved,306.0,286.0,User23,,
1490032319888,Mouse Moved,298.0,286.0,User23,,
1490032319904,Mouse Moved,296.0,286.0,User23,,
1490032319951,Mouse Moved,294.0,286.0,User23,,
1490032319967,Mouse Moved,293.0,286.0,User23,,
1490032320108,Mouse Moved,292.0,286.0,User23,,
1490032320170,Mouse Moved,293.0,286.0,User23,,
1490032320186,Mouse Moved,295.0,286.0,User23,,
1490032320200,Mouse Moved,299.0,285.0,User23,,
1490032320217,Mouse Moved,304.0,283.0,User23,,
1490032320233,Mouse Moved,312.0,279.0,User23,,
1490032320247,Mouse Moved,314.0,278.0,User23,,
1490032320263,Mouse Moved,317.0,278.0,User23,,
1490032320279,Mouse Moved,317.0,277.0,User23,,
1490032320295,Mouse Moved,318.0,277.0,User23,,
1490032320311,Mouse Moved,318.0,278.0,User23,,
1490032320420,Mouse Moved,318.0,278.0,User23,,
1490032321589,Mouse Moved,316.0,279.0,User23,,
1490032321605,Mouse Moved,311.0,293.0,User23,,
1490032321621,Mouse Moved,269.0,365.0,User23,,
1490032321637,Mouse Moved,236.0,414.0,User23,,
1490032321651,Mouse Moved,171.0,516.0,User23,,
1490032321667,Mouse Moved,139.0,575.0,User23,,
1490032321683,Mouse Moved,98.0,672.0,User23,,
1490032321698,Mouse Moved,72.0,739.0,User23,,
1490032321714,Mouse Moved,59.0,775.0,User23,,
1490032321730,Mouse Moved,57.0,782.0,User23,,
1490032321746,Mouse Moved,54.0,789.0,User23,,
1490032321760,Mouse Moved,52.0,802.0,User23,,
1490032321776,Mouse Moved,52.0,804.0,User23,,
1490032321792,Mouse Moved,51.0,807.0,User23,,
1490032321808,Mouse Moved,50.0,807.0,User23,,
1490032321980,Mouse Moved,52.0,809.0,User23,,
1490032321994,Mouse Moved,60.0,816.0,User23,,
1490032322010,Mouse Moved,64.0,821.0,User23,,
1490032322026,Mouse Moved,73.0,830.0,User23,,
1490032322042,Mouse Moved,79.0,838.0,User23,,
1490032322072,Mouse Moved,82.0,839.0,User23,,
1490032322088,Mouse Moved,85.0,843.0,User23,,
1490032322105,Mouse Moved,86.0,845.0,User23,,
1490032322151,Mouse Moved,86.0,846.0,User23,,
1490032322634,Mouse Moved,86.0,846.0,User23,,
1490032322743,Mouse Moved,86.0,846.0,User23,,
1490032323243,Mouse Moved,88.0,846.0,User23,,
1490032323259,Mouse Moved,90.0,843.0,User23,,
1490032323275,Mouse Moved,93.0,841.0,User23,,
1490032323289,Mouse Moved,95.0,840.0,User23,,
1490032323305,Mouse Moved,100.0,836.0,User23,,
1490032323321,Mouse Moved,104.0,833.0,User23,,
1490032323336,Mouse Moved,106.0,832.0,User23,,
1490032323352,Mouse Moved,109.0,829.0,User23,,
1490032323368,Mouse Moved,111.0,829.0,User23,,
1490032323384,Mouse Moved,114.0,827.0,User23,,
1490032323398,Mouse Moved,116.0,826.0,User23,,
1490032323414,Mouse Moved,117.0,825.0,User23,,
1490032323430,Mouse Moved,118.0,825.0,User23,,
1490032323446,Mouse Moved,118.0,824.0,User23,,
1490032323461,Mouse Moved,120.0,823.0,User23,,
1490032323476,Mouse Moved,121.0,823.0,User23,,
1490032323493,Mouse Moved,127.0,822.0,User23,,
1490032323523,Mouse Moved,139.0,816.0,User23,,
1490032323539,Mouse Moved,192.0,781.0,User23,,
1490032323555,Mouse Moved,245.0,738.0,User23,,
1490032323571,Mouse Moved,268.0,718.0,User23,,
1490032323586,Mouse Moved,309.0,691.0,User23,,
1490032323601,Mouse Moved,321.0,686.0,User23,,
1490032323618,Mouse Moved,334.0,679.0,User23,,
1490032323632,Mouse Moved,339.0,677.0,User23,,
1490032323648,Mouse Moved,340.0,676.0,User23,,
1490032323898,Mouse Moved,343.0,675.0,User23,,
1490032323914,Mouse Moved,349.0,667.0,User23,,
1490032323930,Mouse Moved,426.0,585.0,User23,,
1490032323944,Mouse Moved,479.0,512.0,User23,,
1490032323960,Mouse Moved,621.0,361.0,User23,,
1490032323976,Mouse Moved,663.0,328.0,User23,,
1490032323992,Mouse Moved,724.0,291.0,User23,,
1490032324007,Mouse Moved,735.0,285.0,User23,,
1490032324023,Mouse Moved,741.0,282.0,User23,,
1490032324039,Mouse Moved,748.0,279.0,User23,,
1490032324055,Mouse Moved,749.0,278.0,User23,,
1490032324069,Mouse Moved,751.0,278.0,User23,,
1490032325894,Mouse Moved,755.0,274.0,User23,,
1490032325911,Mouse Moved,780.0,253.0,User23,,
1490032325927,Mouse Moved,851.0,217.0,User23,,
1490032325941,Mouse Moved,894.0,205.0,User23,,
1490032325957,Mouse Moved,956.0,200.0,User23,,
1490032325973,Mouse Moved,979.0,205.0,User23,,
1490032325989,Mouse Moved,1008.0,216.0,User23,,
1490032326005,Mouse Moved,1030.0,230.0,User23,,
1490032326019,Mouse Moved,1049.0,246.0,User23,,
1490032326036,Mouse Moved,1054.0,253.0,User23,,
1490032326051,Mouse Moved,1065.0,274.0,User23,,
1490032326066,Mouse Moved,1071.0,288.0,User23,,
1490032326082,Mouse Moved,1071.0,292.0,User23,,
1490032326098,Mouse Moved,1069.0,305.0,User23,,
1490032326114,Mouse Moved,1065.0,309.0,User23,,
1490032326128,Mouse Moved,1031.0,334.0,User23,,
1490032326144,Mouse Moved,1011.0,344.0,User23,,
1490032326161,Mouse Moved,988.0,352.0,User23,,
1490032326176,Mouse Moved,984.0,353.0,User23,,
1490032326191,Mouse Moved,979.0,353.0,User23,,
1490032326207,Mouse Moved,978.0,353.0,User23,,
1490032326223,Mouse Moved,977.0,348.0,User23,,
1490032326239,Mouse Moved,976.0,320.0,User23,,
1490032326253,Mouse Moved,981.0,303.0,User23,,
1490032326269,Mouse Moved,987.0,291.0,User23,,
1490032326285,Mouse Moved,991.0,286.0,User23,,
1490032326301,Mouse Moved,992.0,284.0,User23,,
1490032326316,Mouse Moved,994.0,283.0,User23,,
1490032326332,Mouse Moved,995.0,281.0,User23,,
1490032326348,Mouse Moved,996.0,280.0,User23,,
1490032326378,Mouse Moved,996.0,279.0,User23,,
1490032326394,Mouse Moved,997.0,279.0,User23,,
1490032326410,Mouse Moved,998.0,278.0,User23,,
1490032326721,Mouse Moved,1000.0,276.0,User23,,
1490032326737,Mouse Moved,1013.0,261.0,User23,,
1490032326753,Mouse Moved,1027.0,246.0,User23,,
1490032326769,Mouse Moved,1099.0,180.0,User23,,
1490032326785,Mouse Moved,1116.0,167.0,User23,,
1490032326799,Mouse Moved,1139.0,154.0,User23,,
1490032326815,Mouse Moved,1146.0,152.0,User23,,
1490032326831,Mouse Moved,1156.0,150.0,User23,,
1490032326846,Mouse Moved,1162.0,148.0,User23,,
1490032326862,Mouse Moved,1166.0,148.0,User23,,
1490032326878,Mouse Moved,1180.0,148.0,User23,,
1490032326894,Mouse Moved,1186.0,148.0,User23,,
1490032326908,Mouse Moved,1197.0,149.0,User23,,
1490032326924,Mouse Moved,1200.0,150.0,User23,,
1490032326940,Mouse Moved,1203.0,150.0,User23,,
1490032326956,Mouse Moved,1204.0,150.0,User23,,
1490032326971,Mouse Moved,1205.0,152.0,User23,,
1490032327003,Mouse Moved,1205.0,154.0,User23,,
1490032327019,Mouse Moved,1205.0,156.0,User23,,
1490032327033,Mouse Moved,1204.0,159.0,User23,,
1490032327049,Mouse Moved,1204.0,161.0,User23,,
1490032327065,Mouse Moved,1203.0,163.0,User23,,
1490032327081,Mouse Moved,1202.0,165.0,User23,,
1490032327096,Mouse Moved,1199.0,172.0,User23,,
1490032327111,Mouse Moved,1194.0,181.0,User23,,
1490032327128,Mouse Moved,1188.0,187.0,User23,,
1490032327142,Mouse Moved,1183.0,193.0,User23,,
1490032327158,Mouse Moved,1171.0,206.0,User23,,
1490032327174,Mouse Moved,1162.0,211.0,User23,,
1490032327190,Mouse Moved,1148.0,219.0,User23,,
1490032327206,Mouse Moved,1135.0,225.0,User23,,
1490032327220,Mouse Moved,1130.0,228.0,User23,,
1490032327236,Mouse Moved,1122.0,231.0,User23,,
1490032327253,Mouse Moved,1121.0,231.0,User23,,
1490032327267,Mouse Moved,1117.0,228.0,User23,,
1490032327283,Mouse Moved,1115.0,219.0,User23,,
1490032327299,Mouse Moved,1120.0,163.0,User23,,
1490032327315,Mouse Moved,1130.0,138.0,User23,,
1490032327331,Mouse Moved,1148.0,96.0,User23,,
1490032327345,Mouse Moved,1154.0,89.0,User23,,
1490032327361,Mouse Moved,1156.0,84.0,User23,,
1490032327377,Mouse Moved,1162.0,78.0,User23,,
1490032327392,Mouse Moved,1165.0,75.0,User23,,
1490032327408,Mouse Moved,1168.0,74.0,User23,,
1490032327454,Mouse Moved,1169.0,74.0,User23,,
1490032327611,Mouse Moved,1170.0,74.0,User23,,
1490032327627,Mouse Moved,1171.0,73.0,User23,,
1490032327642,Mouse Moved,1172.0,73.0,User23,,
1490032327657,Mouse Moved,1174.0,73.0,User23,,
1490032327674,Mouse Moved,1175.0,72.0,User23,,
1490032327688,Mouse Moved,1176.0,72.0,User23,,
1490032327704,Mouse Moved,1177.0,72.0,User23,,
1490032327736,Mouse Moved,1177.0,73.0,User23,,
1490032327752,Mouse Moved,1177.0,78.0,User23,,
1490032327766,Mouse Moved,1176.0,86.0,User23,,
1490032327782,Mouse Moved,1173.0,91.0,User23,,
1490032327799,Mouse Moved,1168.0,98.0,User23,,
1490032327829,Mouse Moved,1168.0,99.0,User23,,
1490032327938,Mouse Moved,1167.0,102.0,User23,,
1490032327970,Mouse Moved,1166.0,102.0,User23,,
1490032327986,Mouse Moved,1166.0,103.0,User23,,
1490032328016,Mouse Moved,1165.0,104.0,User23,,
1490032328048,Mouse Moved,1164.0,106.0,User23,,
1490032328095,Mouse Moved,1164.0,106.0,User23,,
1490032328111,Mouse Button.left Pressed,1164.0,106.0,User23,,
1490032328173,Mouse Moved,1164.0,106.0,User23,,
1490032328953,Mouse Moved,1163.0,107.0,User23,,
1490032328969,Mouse Moved,1157.0,111.0,User23,,
1490032328983,Mouse Moved,1139.0,118.0,User23,,
1490032329000,Mouse Moved,1087.0,139.0,User23,,
1490032329015,Mouse Moved,940.0,188.0,User23,,
1490032329030,Mouse Moved,864.0,221.0,User23,,
1490032329046,Mouse Moved,661.0,282.0,User23,,
1490032329062,Mouse Moved,620.0,295.0,User23,,
1490032329078,Mouse Moved,585.0,302.0,User23,,
1490032329092,Mouse Moved,555.0,306.0,User23,,
1490032329108,Mouse Moved,538.0,303.0,User23,,
1490032329125,Mouse Moved,532.0,300.0,User23,,
1490032329140,Mouse Moved,528.0,288.0,User23,,
1490032329155,Mouse Moved,528.0,278.0,User23,,
1490032329171,Mouse Moved,542.0,231.0,User23,,
1490032329358,Mouse Moved,537.0,233.0,User23,,
1490032329374,Mouse Moved,516.0,238.0,User23,,
1490032329390,Mouse Moved,474.0,242.0,User23,,
1490032329404,Mouse Moved,384.0,246.0,User23,,
1490032329421,Mouse Moved,302.0,242.0,User23,,
1490032329437,Mouse Moved,267.0,235.0,User23,,
1490032329451,Mouse Moved,217.0,226.0,User23,,
1490032329467,Mouse Moved,205.0,223.0,User23,,
1490032329483,Mouse Moved,187.0,213.0,User23,,
1490032329499,Mouse Moved,182.0,210.0,User23,,
1490032329515,Mouse Moved,178.0,205.0,User23,,
1490032329717,Mouse Moved,176.0,204.0,User23,,
1490032329733,Mouse Moved,155.0,190.0,User23,,
1490032329749,Mouse Moved,138.0,180.0,User23,,
1490032329763,Mouse Moved,124.0,172.0,User23,,
1490032329779,Mouse Moved,121.0,172.0,User23,,
1490032329795,Mouse Moved,116.0,170.0,User23,,
1490032329811,Mouse Moved,115.0,170.0,User23,,
1490032329826,Mouse Moved,115.0,169.0,User23,,
1490032329842,Mouse Moved,114.0,169.0,User23,,
1490032329858,Mouse Moved,113.0,168.0,User23,,
1490032329872,Mouse Moved,112.0,168.0,User23,,
1490032329888,Mouse Moved,112.0,167.0,User23,,
1490032329904,Mouse Moved,110.0,167.0,User23,,
1490032329950,Mouse Moved,110.0,166.0,User23,,
1490032329983,Mouse Moved,109.0,166.0,User23,,
1490032330013,Mouse Moved,110.0,166.0,User23,,
1490032330122,Mouse Moved,109.0,166.0,User23,,
1490032330638,Mouse Moved,111.0,166.0,User23,,
1490032330653,Mouse Moved,120.0,171.0,User23,,
1490032330668,Mouse Moved,131.0,175.0,User23,,
1490032330684,Mouse Moved,172.0,190.0,User23,,
1490032330700,Mouse Moved,197.0,200.0,User23,,
1490032330716,Mouse Moved,256.0,225.0,User23,,
1490032330730,Mouse Moved,277.0,234.0,User23,,
1490032330746,Mouse Moved,322.0,254.0,User23,,
1490032330763,Mouse Moved,344.0,263.0,User23,,
1490032330778,Mouse Moved,350.0,266.0,User23,,
1490032330793,Mouse Moved,360.0,272.0,User23,,
1490032330980,Mouse Moved,364.0,272.0,User23,,
1490032330996,Mouse Moved,412.0,265.0,User23,,
1490032331028,Mouse Moved,447.0,265.0,User23,,
1490032331042,Mouse Moved,547.0,291.0,User23,,
1490032331059,Mouse Moved,586.0,313.0,User23,,
1490032331075,Mouse Moved,606.0,328.0,User23,,
1490032331089,Mouse Moved,634.0,360.0,User23,,
1490032331105,Mouse Moved,647.0,384.0,User23,,
1490032331121,Mouse Moved,651.0,395.0,User23,,
1490032331137,Mouse Moved,654.0,414.0,User23,,
1490032331292,Mouse Moved,654.0,416.0,User23,,
1490032331309,Mouse Moved,630.0,490.0,User23,,
1490032331323,Mouse Moved,613.0,532.0,User23,,
1490032331339,Mouse Moved,546.0,682.0,User23,,
1490032331355,Mouse Moved,513.0,733.0,User23,,
1490032331371,Mouse Moved,494.0,763.0,User23,,
1490032331387,Mouse Moved,468.0,799.0,User23,,
1490032331588,Mouse Moved,467.0,801.0,User23,,
1490032331605,Mouse Moved,453.0,812.0,User23,,
1490032331621,Mouse Moved,440.0,822.0,User23,,
1490032331635,Mouse Moved,383.0,846.0,User23,,
1490032331651,Mouse Moved,354.0,851.0,User23,,
1490032331683,Mouse Moved,344.0,851.0,User23,,
1490032331698,Mouse Moved,330.0,849.0,User23,,
1490032331713,Mouse Moved,325.0,848.0,User23,,
1490032331730,Mouse Moved,321.0,848.0,User23,,
1490032331760,Mouse Moved,320.0,848.0,User23,,
1490032331792,Mouse Moved,319.0,848.0,User23,,
1490032331855,Mouse Moved,318.0,847.0,User23,,
1490032331947,Mouse Moved,319.0,848.0,User23,,
1490032331963,Mouse Button.left Released,319.0,848.0,User23,,
1490032332790,Mouse Moved,318.0,845.0,User23,,
1490032332805,Mouse Moved,320.0,839.0,User23,,
1490032332822,Mouse Moved,339.0,779.0,User23,,
1490032332836,Mouse Moved,351.0,746.0,User23,,
1490032332852,Mouse Moved,386.0,598.0,User23,,
1490032332868,Mouse Moved,393.0,561.0,User23,,
1490032332884,Mouse Moved,398.0,529.0,User23,,
1490032332900,Mouse Moved,413.0,464.0,User23,,
1490032333071,Mouse Moved,418.0,458.0,User23,,
1490032333086,Mouse Moved,418.0,458.0,User23,,
1490032333102,Mouse Scrolled (0 7),418.0,458.0,User23,,
1490032333118,Mouse Scrolled (0 3),418.0,458.0,User23,,
1490032333134,Mouse Moved,418.0,458.0,User23,,
1490032333148,Mouse Moved,418.0,458.0,User23,,
1490032333164,Mouse Moved,418.0,458.0,User23,,
1490032333180,Mouse Moved,418.0,458.0,User23,,
1490032333196,Mouse Scrolled (0 3),418.0,458.0,User23,,
1490032333211,Mouse Moved,418.0,458.0,User23,,
1490032333648,Mouse Moved,418.0,458.0,User23,,
1490032333680,Mouse Moved,418.0,458.0,User23,,
1490032333694,Mouse Button.right Released,418.0,458.0,User23,,
1490032333726,Mouse Moved,418.0,458.0,User23,,
1490032333742,Mouse Moved,418.0,458.0,User23,,
1490032333757,Mouse Moved,418.0,458.0,User23,,
1490032333773,Mouse Moved,418.0,458.0,User23,,
1490032333789,Mouse Moved,418.0,458.0,User23,,
1490032333805,Mouse Moved,418.0,458.0,User23,,
1490032333819,Mouse Moved,418.0,458.0,User23,,
1490032333882,Mouse Moved,418.0,458.0,User23,,
1490032334319,Mouse Moved,418.0,457.0,User23,,
1490032334335,Mouse Moved,413.0,458.0,User23,,
1490032334351,Mouse Moved,403.0,459.0,User23,,
1490032334365,Mouse Moved,395.0,462.0,User23,,
1490032334381,Mouse Moved,381.0,467.0,User23,,
1490032334397,Mouse Moved,374.0,469.0,User23,,
1490032334413,Mouse Moved,359.0,475.0,User23,,
1490032334428,Mouse Moved,356.0,476.0,User23,,
1490032334444,Mouse Moved,352.0,478.0,User23,,
1490032334460,Mouse Moved,351.0,478.0,User23,,
1490032334474,Mouse Moved,350.0,478.0,User23,,
1490032334599,Mouse Moved,350.0,478.0,User23,,
1490032334724,Mouse Moved,350.0,478.0,User23,,
1490032334740,Mouse Button.left Released,350.0,478.0,User23,,
1490032335068,Mouse Moved,350.0,478.0,User23,,
1490032335084,Mouse Moved,350.0,478.0,User23,,
1490032335098,Mouse Moved,350.0,478.0,User23,,
1490032335115,Mouse Moved,350.0,478.0,User23,,
1490032335131,Mouse Moved,350.0,478.0,User23,,
1490032335145,Mouse Moved,350.0,478.0,User23,,
1490032335161,Mouse Moved,350.0,478.0,User23,,
1490032335177,Mouse Moved,350.0,478.0,User23,,
1490032335193,Mouse Scrolled (0 -1),350.0,478.0,User23,,
1490032335427,Mouse Moved,350.0,478.0,User23,,
1490032335443,Mouse Moved,350.0,478.0,User23,,
1490032335457,Mouse Moved,350.0,478.0,User23,,
1490032335473,Mouse Moved,350.0,478.0,User23,,
1490032335489,Mouse Moved,350.0,478.0,User23,,
1490032335520,Mouse Moved,350.0,478.0,User23,,
1490032335848,Mouse Moved,350.0,478.0,User23,,
1490032335864,Mouse Moved,350.0,478.0,User23,,
1490032335878,Mouse Moved,350.0,478.0,User23,,
1490032335894,Mouse Moved,350.0,478.0,User23,,
1490032335911,Mouse Moved,350.0,478.0,User23,,
1490032335926,Mouse Moved,350.0,478.0,User23,,
1490032335941,Mouse Moved,350.0,478.0,User23,,
1490032335957,Mouse Moved,350.0,478.0,User23,,
1490032335989,Mouse Moved,350.0,478.0,User23,,
1490032336207,Mouse Moved,350.0,480.0,User23,,
1490032336223,Mouse Moved,350.0,485.0,User23,,
1490032336237,Mouse Moved,350.0,485.0,User23,,
1490032336253,Mouse Moved,350.0,485.0,User23,,
1490032336269,Mouse Moved,350.0,485.0,User23,,
1490032336285,Mouse Moved,350.0,485.0,User23,,
1490032336301,Mouse Moved,350.0,485.0,User23,,
1490032336315,Mouse Moved,350.0,485.0,User23,,
1490032336346,Mouse Moved,350.0,485.0,User23,,
1490032336394,Mouse Moved,350.0,485.0,User23,,
1490032336628,Mouse Moved,350.0,485.0,User23,,
1490032336644,Mouse Moved,350.0,485.0,User23,,
1490032336658,Mouse Moved,350.0,485.0,User23,,
1490032336674,Mouse Moved,350.0,485.0,User23,,
1490032336690,Mouse Moved,350.0,485.0,User23,,
1490032336706,Mouse Moved,350.0,485.0,User23,,
1490032336721,Mouse Moved,350.0,485.0,User23,,
1490032336736,Mouse Moved,350.0,485.0,User23,,
1490032336753,Mouse Scrolled (0 1),350.0,485.0,User23,,
1490032336769,Mouse Scrolled (0 1),350.0,485.0,User23,,
1490032336783,Mouse Scrolled (0 2),350.0,485.0,User23,,
1490032337065,Mouse Moved,350.0,485.0,User23,,
1490032337081,Mouse Moved,350.0,485.0,User23,,
1490032337095,Mouse Moved,350.0,485.0,User23,,
1490032337111,Mouse Moved,350.0,485.0,User23,,
1490032337127,Mouse Moved,350.0,485.0,User23,,
1490032337142,Mouse Scrolled (0 2),350.0,485.0,User23,,
1490032337158,Mouse Scrolled (0 3),350.0,485.0,User23,,
1490032337174,Mouse Moved,350.0,485.0,User23,,
1490032337190,Mouse Moved,350.0,485.0,User23,,
1490032337204,Mouse Moved,350.0,485.0,User23,,
1490032337891,Mouse Moved,350.0,485.0,User23,,
1490032338546,Mouse Moved,350.0,490.0,User23,,
1490032338562,Mouse Moved,349.0,497.0,User23,,
1490032338578,Mouse Moved,347.0,501.0,User23,,
1490032338594,Mouse Moved,342.0,519.0,User23,,
1490032338608,Mouse Moved,337.0,528.0,User23,,
1490032338625,Mouse Moved,328.0,541.0,User23,,
1490032338641,Mouse Moved,321.0,550.0,User23,,
1490032338655,Mouse Moved,318.0,552.0,User23,,
1490032338671,Mouse Moved,312.0,559.0,User23,,
1490032338719,Mouse Moved,303.0,568.0,User23,,
1490032338733,Mouse Moved,293.0,575.0,User23,,
1490032338750,Mouse Moved,286.0,579.0,User23,,
1490032338765,Mouse Moved,277.0,581.0,User23,,
1490032338780,Mouse Moved,273.0,582.0,User23,,
1490032338796,Mouse Moved,264.0,583.0,User23,,
1490032338812,Mouse Moved,261.0,584.0,User23,,
1490032338828,Mouse Moved,254.0,587.0,User23,,
1490032338842,Mouse Moved,250.0,587.0,User23,,
1490032338858,Mouse Moved,245.0,590.0,User23,,
1490032338875,Mouse Moved,243.0,590.0,User23,,
1490032338890,Mouse Moved,239.0,592.0,User23,,
1490032338905,Mouse Moved,238.0,593.0,User23,,
1490032338921,Mouse Moved,237.0,593.0,User23,,
1490032338937,Mouse Moved,236.0,594.0,User23,,
1490032338967,Mouse Moved,235.0,594.0,User23,,
1490032339140,Mouse Moved,236.0,594.0,User23,,
1490032339217,Mouse Moved,236.0,594.0,User23,,
1490032339513,Mouse Moved,232.0,594.0,User23,,
1490032339529,Mouse Moved,224.0,592.0,User23,,
1490032339545,Mouse Moved,217.0,590.0,User23,,
1490032339561,Mouse Moved,211.0,588.0,User23,,
1490032339576,Mouse Moved,204.0,588.0,User23,,
1490032339592,Mouse Moved,199.0,588.0,User23,,
1490032339608,Mouse Moved,198.0,588.0,User23,,
1490032339622,Mouse Moved,196.0,588.0,User23,,
1490032339638,Mouse Moved,196.0,588.0,User23,,
1490032339717,Mouse Moved,196.0,588.0,User23,,
1490032340746,Mouse Moved,196.0,590.0,User23,,
1490032340778,Mouse Moved,199.0,593.0,User23,,
1490032340792,Mouse Moved,203.0,598.0,User23,,
1490032340825,Mouse Moved,207.0,605.0,User23,,
1490032340839,Mouse Moved,227.0,644.0,User23,,
1490032340855,Mouse Moved,267.0,740.0,User23,,
1490032340887,Mouse Moved,284.0,775.0,User23,,
1490032340917,Mouse Moved,287.0,781.0,User23,,
1490032340948,Mouse Moved,290.0,786.0,User23,,
1490032341151,Mouse Moved,290.0,788.0,User23,,
1490032341167,Mouse Moved,290.0,790.0,User23,,
1490032341183,Mouse Moved,290.0,793.0,User23,,
1490032341198,Mouse Moved,287.0,797.0,User23,,
1490032341214,Mouse Moved,287.0,799.0,User23,,
1490032341230,Mouse Moved,284.0,804.0,User23,,
1490032341246,Mouse Moved,282.0,808.0,User23,,
1490032341260,Mouse Moved,277.0,819.0,User23,,
1490032341276,Mouse Moved,276.0,824.0,User23,,
1490032341292,Mouse Moved,275.0,827.0,User23,,
1490032341308,Mouse Moved,273.0,831.0,User23,,
1490032341323,Mouse Moved,273.0,834.0,User23,,
1490032341338,Mouse Moved,273.0,835.0,User23,,
1490032341355,Mouse Moved,271.0,837.0,User23,,
1490032341371,Mouse Moved,271.0,838.0,User23,,
1490032341385,Mouse Moved,269.0,839.0,User23,,
1490032341401,Mouse Moved,267.0,840.0,User23,,
1490032341417,Mouse Moved,260.0,841.0,User23,,
1490032341433,Mouse Moved,258.0,841.0,User23,,
1490032341448,Mouse Moved,252.0,841.0,User23,,
1490032341463,Mouse Moved,250.0,841.0,User23,,
1490032341480,Mouse Moved,240.0,840.0,User23,,
1490032341494,Mouse Moved,236.0,840.0,User23,,
1490032341510,Mouse Moved,231.0,840.0,User23,,
1490032341526,Mouse Moved,228.0,840.0,User23,,
1490032341542,Mouse Moved,227.0,840.0,User23,,
1490032341558,Mouse Moved,225.0,840.0,User23,,
1490032341776,Mouse Moved,226.0,840.0,User23,,
1490032341792,Mouse Moved,232.0,840.0,User23,,
1490032341806,Mouse Moved,247.0,837.0,User23,,
1490032341822,Mouse Moved,268.0,834.0,User23,,
1490032341838,Mouse Moved,309.0,829.0,User23,,
1490032341854,Mouse Moved,321.0,829.0,User23,,
1490032341869,Mouse Moved,337.0,828.0,User23,,
1490032341884,Mouse Moved,346.0,828.0,User23,,
1490032341901,Mouse Moved,347.0,828.0,User23,,
1490032341917,Mouse Moved,349.0,828.0,User23,,
1490032342243,Mouse Moved,348.0,828.0,User23,,
1490032342259,Mouse Moved,335.0,828.0,User23,,
1490032342275,Mouse Moved,223.0,818.0,User23,,
1490032342290,Mouse Moved,193.0,818.0,User23,,
1490032342306,Mouse Moved,137.0,813.0,User23,,
1490032342322,Mouse Moved,114.0,813.0,User23,,
1490032342338,Mouse Moved,109.0,813.0,User23,,
1490032342352,Mouse Moved,102.0,813.0,User23,,
1490032342368,Mouse Moved,101.0,813.0,User23,,
1490032342384,Mouse Moved,100.0,811.0,User23,,
1490032342586,Mouse Moved,100.0,812.0,User23,,
1490032342618,Mouse Moved,100.0,820.0,User23,,
1490032342634,Mouse Moved,102.0,837.0,User23,,
1490032342650,Mouse Moved,102.0,842.0,User23,,
1490032342664,Mouse Moved,102.0,845.0,User23,,
1490032342680,Mouse Moved,102.0,846.0,User23,,
1490032342789,Mouse Moved,102.0,846.0,User23,,
1490032343898,Mouse Moved,102.0,846.0,User23,,
1490032343990,Mouse Moved,102.0,846.0,User23,,
1490032344381,Mouse Moved,104.0,845.0,User23,,
1490032344397,Mouse Moved,125.0,834.0,User23,,
1490032344413,Mouse Moved,179.0,809.0,User23,,
1490032344427,Mouse Moved,205.0,798.0,User23,,
1490032344444,Mouse Moved,265.0,781.0,User23,,
1490032344459,Mouse Moved,307.0,774.0,User23,,
1490032344474,Mouse Moved,333.0,771.0,User23,,
1490032344490,Mouse Moved,393.0,769.0,User23,,
1490032344506,Mouse Moved,423.0,769.0,User23,,
1490032344522,Mouse Moved,438.0,772.0,User23,,
1490032344536,Mouse Moved,452.0,777.0,User23,,
1490032344552,Mouse Moved,459.0,781.0,User23,,
1490032344569,Mouse Moved,466.0,786.0,User23,,
1490032344756,Mouse Moved,465.0,789.0,User23,,
1490032344770,Mouse Moved,459.0,796.0,User23,,
1490032344786,Mouse Moved,444.0,811.0,User23,,
1490032344802,Mouse Moved,428.0,824.0,User23,,
1490032344818,Mouse Moved,406.0,841.0,User23,,
1490032344834,Mouse Moved,397.0,847.0,User23,,
1490032344848,Mouse Moved,382.0,853.0,User23,,
1490032344865,Mouse Moved,376.0,855.0,User23,,
1490032344881,Mouse Moved,371.0,856.0,User23,,
1490032344895,Mouse Moved,369.0,856.0,User23,,
1490032344911,Mouse Moved,368.0,856.0,User23,,
1490032344943,Mouse Moved,367.0,856.0,User23,,
1490032344959,Mouse Moved,365.0,856.0,User23,,
1490032344990,Mouse Moved,363.0,855.0,User23,,
1490032345005,Mouse Moved,362.0,855.0,User23,,
1490032345052,Mouse Moved,362.0,854.0,User23,,
1490032345082,Mouse Moved,361.0,854.0,User23,,
1490032345348,Mouse Moved,362.0,854.0,User23,,
1490032345457,Mouse Moved,362.0,854.0,User23,,
1490032346783,Mouse Moved,359.0,846.0,User23,,
1490032346799,Mouse Moved,328.0,742.0,User23,,
1490032346815,Mouse Moved,280.0,582.0,User23,,
1490032346831,Mouse Moved,259.0,509.0,User23,,
1490032346845,Mouse Moved,250.0,467.0,User23,,
1490032346861,Mouse Moved,229.0,329.0,User23,,
1490032346877,Mouse Moved,226.0,276.0,User23,,
1490032346892,Mouse Moved,222.0,258.0,User23,,
1490032346908,Mouse Moved,222.0,253.0,User23,,
1490032346924,Mouse Moved,221.0,251.0,User23,,
1490032346940,Mouse Moved,221.0,250.0,User23,,
1490032347188,Mouse Moved,220.0,249.0,User23,,
1490032347204,Mouse Moved,202.0,234.0,User23,,
1490032347220,Mouse Moved,179.0,216.0,User23,,
1490032347236,Mouse Moved,136.0,177.0,User23,,
1490032347252,Mouse Moved,108.0,151.0,User23,,
1490032347266,Mouse Moved,99.0,142.0,User23,,
1490032347282,Mouse Moved,84.0,127.0,User23,,
1490032347299,Mouse Moved,81.0,125.0,User23,,
1490032347313,Mouse Moved,78.0,122.0,User23,,
1490032347595,Mouse Moved,77.0,120.0,User23,,
1490032347611,Mouse Moved,71.0,115.0,User23,,
1490032347625,Mouse Moved,65.0,110.0,User23,,
1490032347641,Mouse Moved,55.0,104.0,User23,,
1490032347657,Mouse Moved,47.0,98.0,User23,,
1490032347673,Mouse Moved,46.0,97.0,User23,,
1490032347688,Mouse Moved,45.0,96.0,User23,,
1490032347720,Mouse Moved,44.0,96.0,User23,,
1490032347734,Mouse Moved,44.0,95.0,User23,,
1490032347782,Mouse Moved,43.0,94.0,User23,,
1490032347845,Mouse Moved,42.0,94.0,User23,,
1490032347859,Mouse Moved,41.0,93.0,User23,,
1490032347875,Mouse Moved,41.0,92.0,User23,,
1490032347891,Mouse Moved,38.0,90.0,User23,,
1490032347907,Mouse Moved,36.0,89.0,User23,,
1490032347923,Mouse Moved,33.0,87.0,User23,,
1490032347937,Mouse Moved,31.0,85.0,User23,,
1490032347953,Mouse Moved,31.0,84.0,User23,,
1490032348032,Mouse Moved,30.0,82.0,User23,,
1490032348687,Mouse Moved,31.0,82.0,User23,,
1490032348703,Mouse Moved,37.0,83.0,User23,,
1490032348717,Mouse Moved,48.0,88.0,User23,,
1490032348733,Mouse Moved,105.0,110.0,User23,,
1490032348749,Mouse Moved,145.0,135.0,User23,,
1490032348765,Mouse Moved,234.0,192.0,User23,,
1490032348780,Mouse Moved,281.0,231.0,User23,,
1490032348796,Mouse Moved,355.0,286.0,User23,,
1490032348812,Mouse Moved,409.0,333.0,User23,,
1490032348826,Mouse Moved,419.0,342.0,User23,,
1490032348842,Mouse Moved,444.0,360.0,User23,,
1490032348858,Mouse Moved,452.0,368.0,User23,,
1490032349092,Mouse Moved,453.0,369.0,User23,,
1490032349124,Mouse Moved,453.0,370.0,User23,,
1490032349138,Mouse Moved,454.0,370.0,User23,,
1490032349154,Mouse Moved,454.0,373.0,User23,,
1490032349171,Mouse Moved,454.0,376.0,User23,,
1490032349186,Mouse Moved,455.0,380.0,User23,,
1490032349201,Mouse Moved,455.0,381.0,User23,,
1490032349217,Mouse Moved,456.0,382.0,User23,,
1490032349233,Mouse Moved,456.0,384.0,User23,,
1490032349249,Mouse Moved,456.0,385.0,User23,,
1490032349263,Mouse Moved,457.0,386.0,User23,,
1490032349295,Mouse Moved,457.0,387.0,User23,,
1490032349311,Mouse Moved,459.0,388.0,User23,,
1490032349326,Mouse Moved,459.0,389.0,User23,,
1490032349342,Mouse Moved,460.0,389.0,User23,,
1490032349358,Mouse Moved,460.0,390.0,User23,,
1490032349467,Mouse Moved,461.0,391.0,User23,,
1490032349497,Mouse Moved,461.0,392.0,User23,,
1490032349545,Mouse Moved,461.0,393.0,User23,,
1490032349561,Mouse Moved,462.0,393.0,User23,,
1490032349575,Mouse Moved,463.0,395.0,User23,,
1490032349592,Mouse Moved,463.0,396.0,User23,,
1490032349607,Mouse Moved,464.0,397.0,User23,,
1490032349622,Mouse Moved,465.0,397.0,User23,,
1490032349638,Mouse Moved,465.0,396.0,User23,,
1490032349654,Mouse Button.left Pressed,465.0,396.0,User23,,
1490032349763,Mouse Moved,465.0,396.0,User23,,
1490032352789,Mouse Moved,467.0,397.0,User23,,
1490032352805,Mouse Moved,470.0,398.0,User23,,
1490032352821,Mouse Moved,492.0,411.0,User23,,
1490032352836,Mouse Moved,498.0,417.0,User23,,
1490032352851,Mouse Moved,513.0,434.0,User23,,
1490032352868,Mouse Moved,521.0,447.0,User23,,
1490032352882,Mouse Moved,534.0,470.0,User23,,
1490032352898,Mouse Moved,539.0,479.0,User23,,
1490032352914,Mouse Moved,547.0,497.0,User23,,
1490032352930,Mouse Moved,548.0,501.0,User23,,
1490032352946,Mouse Moved,552.0,508.0,User23,,
1490032352960,Mouse Moved,553.0,512.0,User23,,
1490032352976,Mouse Moved,554.0,513.0,User23,,
1490032352993,Mouse Moved,554.0,514.0,User23,,
1490032353023,Mouse Moved,554.0,515.0,User23,,
1490032353055,Mouse Moved,555.0,515.0,User23,,
1490032353071,Mouse Moved,555.0,516.0,User23,,
1490032353148,Mouse Moved,554.0,516.0,User23,,
1490032353180,Mouse Moved,553.0,514.0,User23,,
1490032353194,Mouse Moved,551.0,513.0,User23,,
1490032353210,Mouse Moved,550.0,511.0,User23,,
1490032353226,Mouse Moved,549.0,510.0,User23,,
1490032353305,Mouse Moved,549.0,509.0,User23,,
1490032353319,Mouse Moved,548.0,509.0,User23,,
1490032353335,Mouse Moved,548.0,508.0,User23,,
1490032353351,Mouse Moved,548.0,507.0,User23,,
1490032353367,Mouse Moved,547.0,506.0,User23,,
1490032353398,Mouse Moved,546.0,505.0,User23,,
1490032353414,Mouse Moved,545.0,503.0,User23,,
1490032353428,Mouse Moved,542.0,492.0,User23,,
1490032353444,Mouse Moved,542.0,492.0,User23,,
1490032353553,Mouse Moved,542.0,492.0,User23,,
1490032397888,Mouse Moved,544.0,490.0,User23,,
1490032397904,Mouse Moved,562.0,473.0,User23,,
1490032397921,Mouse Moved,608.0,434.0,User23,,
1490032397936,Mouse Moved,626.0,424.0,User23,,
1490032397951,Mouse Moved,651.0,414.0,User23,,
1490032397967,Mouse Moved,659.0,412.0,User23,,
1490032397999,Mouse Moved,679.0,407.0,User23,,
1490032398013,Mouse Moved,690.0,404.0,User23,,
1490032398045,Mouse Moved,696.0,404.0,User23,,
1490032398061,Mouse Moved,700.0,404.0,User23,,
1490032398076,Mouse Moved,703.0,404.0,User23,,
1490032398092,Mouse Moved,704.0,404.0,User23,,
1490032398108,Mouse Moved,708.0,406.0,User23,,
1490032398122,Mouse Moved,711.0,410.0,User23,,
1490032398138,Mouse Moved,714.0,415.0,User23,,
1490032398154,Mouse Moved,715.0,417.0,User23,,
1490032398170,Mouse Moved,716.0,424.0,User23,,
1490032398186,Mouse Moved,716.0,428.0,User23,,
1490032398200,Mouse Moved,714.0,432.0,User23,,
1490032398217,Mouse Moved,711.0,437.0,User23,,
1490032398233,Mouse Moved,707.0,441.0,User23,,
1490032398247,Mouse Moved,705.0,443.0,User23,,
1490032398263,Mouse Moved,701.0,445.0,User23,,
1490032398279,Mouse Moved,699.0,445.0,User23,,
1490032398295,Mouse Moved,696.0,443.0,User23,,
1490032398311,Mouse Moved,693.0,439.0,User23,,
1490032398325,Mouse Moved,690.0,424.0,User23,,
1490032398342,Mouse Moved,690.0,413.0,User23,,
1490032398357,Mouse Moved,690.0,406.0,User23,,
1490032398372,Mouse Moved,691.0,391.0,User23,,
1490032398388,Mouse Moved,693.0,379.0,User23,,
1490032398404,Mouse Moved,695.0,372.0,User23,,
1490032398434,Mouse Moved,700.0,351.0,User23,,
1490032398450,Mouse Moved,707.0,318.0,User23,,
1490032398467,Mouse Moved,711.0,309.0,User23,,
1490032398482,Mouse Moved,716.0,297.0,User23,,
1490032398497,Mouse Moved,720.0,290.0,User23,,
1490032398513,Mouse Moved,723.0,283.0,User23,,
1490032398716,Mouse Moved,725.0,280.0,User23,,
1490032398732,Mouse Moved,729.0,277.0,User23,,
1490032398746,Mouse Moved,746.0,257.0,User23,,
1490032398763,Mouse Moved,756.0,247.0,User23,,
1490032398779,Mouse Moved,790.0,224.0,User23,,
1490032398793,Mouse Moved,800.0,220.0,User23,,
1490032398809,Mouse Moved,803.0,220.0,User23,,
1490032398825,Mouse Moved,805.0,220.0,User23,,
1490032398841,Mouse Moved,807.0,220.0,User23,,
1490032398888,Mouse Moved,808.0,220.0,User23,,
1490032398934,Mouse Moved,808.0,221.0,User23,,
1490032398950,Mouse Moved,809.0,222.0,User23,,
1490032398966,Mouse Moved,809.0,224.0,User23,,
1490032398996,Mouse Moved,809.0,225.0,User23,,
1490032399013,Mouse Moved,809.0,226.0,User23,,
1490032399028,Mouse Moved,811.0,227.0,User23,,
1490032399043,Mouse Moved,811.0,229.0,User23,,
1490032399075,Mouse Moved,812.0,232.0,User23,,
1490032399105,Mouse Moved,812.0,234.0,User23,,
1490032399121,Mouse Moved,813.0,235.0,User23,,
1490032399137,Mouse Moved,813.0,236.0,User23,,
1490032399153,Mouse Moved,814.0,237.0,User23,,
1490032399214,Mouse Moved,814.0,238.0,User23,,
1490032399246,Mouse Moved,815.0,238.0,User23,,
1490032399355,Mouse Moved,815.0,239.0,User23,,
1490032399371,Mouse Moved,817.0,242.0,User23,,
1490032399387,Mouse Moved,818.0,243.0,User23,,
1490032399403,Mouse Moved,818.0,244.0,User23,,
1490032399417,Mouse Moved,819.0,245.0,User23,,
1490032399434,Mouse Moved,819.0,246.0,User23,,
1490032399448,Mouse Moved,820.0,246.0,User23,,
1490032399464,Mouse Moved,820.0,248.0,User23,,
1490032399480,Mouse Moved,821.0,249.0,User23,,
1490032399496,Mouse Moved,822.0,250.0,User23,,
1490032399512,Mouse Moved,822.0,251.0,User23,,
1490032399526,Mouse Moved,823.0,253.0,User23,,
1490032399542,Mouse Moved,825.0,258.0,User23,,
1490032399559,Mouse Moved,825.0,260.0,User23,,
1490032399667,Mouse Moved,825.0,260.0,User23,,
1490032399760,Mouse Moved,825.0,261.0,User23,,
1490032399776,Mouse Moved,825.0,266.0,User23,,
1490032399792,Mouse Moved,825.0,283.0,User23,,
1490032399808,Mouse Moved,825.0,295.0,User23,,
1490032399823,Mouse Moved,825.0,318.0,User23,,
1490032399838,Mouse Moved,826.0,329.0,User23,,
1490032399855,Mouse Moved,827.0,349.0,User23,,
1490032399871,Mouse Moved,829.0,369.0,User23,,
1490032399885,Mouse Moved,830.0,376.0,User23,,
1490032399901,Mouse Moved,832.0,392.0,User23,,
1490032399917,Mouse Moved,832.0,407.0,User23,,
1490032399933,Mouse Moved,833.0,418.0,User23,,
1490032399948,Mouse Moved,834.0,431.0,User23,,
1490032399963,Mouse Moved,834.0,446.0,User23,,
1490032399980,Mouse Moved,834.0,454.0,User23,,
1490032399994,Mouse Moved,834.0,465.0,User23,,
1490032400010,Mouse Moved,834.0,469.0,User23,,
1490032400026,Mouse Moved,834.0,472.0,User23,,
1490032400058,Mouse Moved,834.0,474.0,User23,,
1490032400072,Mouse Moved,834.0,475.0,User23,,
1490032400105,Mouse Moved,833.0,478.0,User23,,
1490032400119,Mouse Moved,833.0,480.0,User23,,
1490032400135,Mouse Moved,831.0,481.0,User23,,
1490032400354,Mouse Moved,831.0,483.0,User23,,
1490032400369,Mouse Moved,831.0,491.0,User23,,
1490032400384,Mouse Moved,831.0,495.0,User23,,
1490032400401,Mouse Moved,830.0,504.0,User23,,
1490032400417,Mouse Moved,830.0,510.0,User23,,
1490032400431,Mouse Moved,830.0,512.0,User23,,
1490032400447,Mouse Moved,830.0,514.0,User23,,
1490032400494,Mouse Moved,830.0,515.0,User23,,
1490032400775,Mouse Moved,830.0,516.0,User23,,
1490032400822,Mouse Moved,830.0,517.0,User23,,
1490032400977,Mouse Moved,830.0,518.0,User23,,
1490032400993,Mouse Moved,830.0,519.0,User23,,
1490032401009,Mouse Moved,830.0,521.0,User23,,
1490032401040,Mouse Moved,830.0,522.0,User23,,
1490032401118,Mouse Moved,830.0,523.0,User23,,
1490032403911,Mouse Moved,830.0,522.0,User23,,
1490032403927,Mouse Moved,830.0,520.0,User23,,
1490032403941,Mouse Moved,830.0,517.0,User23,,
1490032403957,Mouse Moved,831.0,511.0,User23,,
1490032403973,Mouse Moved,832.0,507.0,User23,,
1490032403989,Mouse Moved,835.0,490.0,User23,,
1490032404005,Mouse Moved,837.0,474.0,User23,,
1490032404019,Mouse Moved,838.0,463.0,User23,,
1490032404036,Mouse Moved,844.0,436.0,User23,,
1490032404051,Mouse Moved,847.0,408.0,User23,,
1490032404066,Mouse Moved,851.0,395.0,User23,,
1490032404082,Mouse Moved,854.0,379.0,User23,,
1490032404098,Mouse Moved,858.0,366.0,User23,,
1490032404114,Mouse Moved,860.0,361.0,User23,,
1490032404128,Mouse Moved,864.0,353.0,User23,,
1490032404144,Mouse Moved,865.0,351.0,User23,,
1490032404161,Mouse Moved,868.0,347.0,User23,,
1490032404176,Mouse Moved,868.0,346.0,User23,,
1490032404191,Mouse Moved,869.0,346.0,User23,,
1490032404207,Mouse Moved,869.0,345.0,User23,,
1490032404239,Mouse Moved,869.0,344.0,User23,,
1490032404269,Mouse Moved,870.0,343.0,User23,,
1490032404285,Mouse Moved,870.0,342.0,User23,,
1490032404301,Mouse Moved,871.0,340.0,User23,,
1490032404986,Mouse Moved,871.0,339.0,User23,,
1490032405003,Mouse Moved,872.0,334.0,User23,,
1490032405019,Mouse Moved,873.0,328.0,User23,,
1490032405033,Mouse Moved,877.0,303.0,User23,,
1490032405049,Mouse Moved,879.0,290.0,User23,,
1490032405065,Mouse Moved,886.0,247.0,User23,,
1490032405081,Mouse Moved,887.0,238.0,User23,,
1490032405096,Mouse Moved,889.0,226.0,User23,,
1490032405111,Mouse Moved,890.0,222.0,User23,,
1490032405128,Mouse Moved,890.0,221.0,User23,,
1490032405158,Mouse Moved,890.0,219.0,User23,,
1490032405440,Mouse Moved,890.0,219.0,User23,,
1490032405657,Mouse Moved,889.0,220.0,User23,,
1490032405674,Mouse Moved,868.0,244.0,User23,,
1490032405688,Mouse Moved,817.0,288.0,User23,,
1490032405704,Mouse Moved,753.0,337.0,User23,,
1490032405720,Mouse Moved,721.0,359.0,User23,,
1490032405736,Mouse Moved,699.0,372.0,User23,,
1490032405752,Mouse Moved,662.0,394.0,User23,,
1490032405766,Mouse Moved,650.0,398.0,User23,,
1490032405782,Mouse Moved,638.0,401.0,User23,,
1490032406032,Mouse Moved,632.0,403.0,User23,,
1490032406048,Mouse Moved,630.0,406.0,User23,,
1490032406078,Mouse Moved,629.0,407.0,User23,,
1490032406095,Mouse Moved,628.0,408.0,User23,,
1490032406125,Mouse Moved,628.0,409.0,User23,,
1490032406157,Mouse Moved,627.0,409.0,User23,,
1490032406298,Mouse Moved,628.0,409.0,User23,,
1490032406375,Mouse Moved,628.0,409.0,User23,,
1490032406532,Mouse Moved,627.0,409.0,User23,,
1490032407529,Mouse Moved,623.0,416.0,User23,,
1490032407546,Mouse Moved,617.0,425.0,User23,,
1490032407561,Mouse Moved,602.0,445.0,User23,,
1490032407576,Mouse Moved,586.0,466.0,User23,,
1490032407592,Mouse Moved,579.0,473.0,User23,,
1490032407608,Mouse Moved,574.0,478.0,User23,,
1490032407624,Mouse Moved,569.0,481.0,User23,,
1490032407638,Mouse Moved,569.0,482.0,User23,,
1490032407671,Mouse Moved,567.0,483.0,User23,,
1490032407701,Mouse Moved,566.0,483.0,User23,,
1490032407842,Mouse Moved,566.0,484.0,User23,,
1490032407872,Mouse Moved,565.0,485.0,User23,,
1490032407888,Mouse Moved,565.0,486.0,User23,,
1490032407904,Mouse Moved,565.0,487.0,User23,,
1490032407967,Mouse Moved,566.0,486.0,User23,,
1490032408075,Mouse Moved,566.0,486.0,User23,,
1490032408341,Mouse Moved,565.0,487.0,User23,,
1490032408357,Mouse Moved,567.0,487.0,User23,,
1490032408372,Mouse Moved,570.0,489.0,User23,,
1490032408388,Mouse Moved,573.0,489.0,User23,,
1490032408404,Mouse Moved,574.0,490.0,User23,,
1490032408418,Mouse Moved,578.0,491.0,User23,,
1490032408434,Mouse Moved,579.0,491.0,User23,,
1490032408450,Mouse Moved,583.0,491.0,User23,,
1490032408466,Mouse Moved,587.0,492.0,User23,,
1490032408482,Mouse Moved,589.0,492.0,User23,,
1490032408496,Mouse Moved,590.0,492.0,User23,,
1490032408513,Mouse Moved,594.0,492.0,User23,,
1490032408543,Mouse Moved,604.0,483.0,User23,,
1490032408575,Mouse Moved,658.0,393.0,User23,,
1490032408591,Mouse Moved,675.0,350.0,User23,,
1490032408607,Mouse Moved,685.0,320.0,User23,,
1490032408621,Mouse Moved,689.0,301.0,User23,,
1490032408638,Mouse Moved,690.0,295.0,User23,,
1490032408653,Mouse Moved,691.0,271.0,User23,,
1490032408668,Mouse Moved,692.0,261.0,User23,,
1490032408684,Mouse Moved,692.0,251.0,User23,,
1490032408871,Mouse Moved,692.0,248.0,User23,,
1490032408887,Mouse Moved,694.0,241.0,User23,,
1490032408903,Mouse Moved,700.0,216.0,User23,,
1490032408918,Mouse Moved,700.0,212.0,User23,,
1490032408934,Mouse Moved,700.0,208.0,User23,,
1490032408950,Mouse Moved,700.0,207.0,User23,,
1490032409012,Mouse Moved,700.0,203.0,User23,,
1490032409028,Mouse Moved,700.0,198.0,User23,,
1490032409042,Mouse Moved,698.0,196.0,User23,,
1490032409059,Mouse Moved,697.0,192.0,User23,,
1490032409075,Mouse Moved,696.0,191.0,User23,,
1490032409089,Mouse Moved,695.0,190.0,User23,,
1490032409105,Mouse Moved,694.0,189.0,User23,,
1490032409121,Mouse Moved,694.0,188.0,User23,,
1490032409137,Mouse Moved,693.0,187.0,User23,,
1490032409153,Mouse Moved,692.0,186.0,User23,,
1490032409167,Mouse Moved,691.0,185.0,User23,,
1490032409198,Mouse Moved,690.0,184.0,User23,,
1490032409262,Mouse Moved,689.0,184.0,User23,,
1490032409276,Mouse Moved,689.0,183.0,User23,,
1490032409309,Mouse Moved,689.0,182.0,User23,,
1490032409323,Mouse Moved,689.0,181.0,User23,,
1490032409339,Mouse Moved,688.0,181.0,User23,,
1490032409355,Mouse Moved,687.0,180.0,User23,,
1490032409401,Mouse Moved,687.0,179.0,User23,,
1490032409417,Mouse Moved,686.0,178.0,User23,,
1490032409433,Mouse Moved,684.0,176.0,User23,,
1490032409448,Mouse Moved,683.0,174.0,User23,,
1490032409464,Mouse Moved,682.0,173.0,User23,,
1490032409480,Mouse Moved,681.0,172.0,User23,,
1490032409558,Mouse Moved,682.0,172.0,User23,,
1490032409573,Mouse Moved,682.0,172.0,User23,,
1490032409635,Mouse Moved,682.0,172.0,User23,,
1490032409933,Mouse Moved,680.0,179.0,User23,,
1490032409947,Mouse Moved,673.0,203.0,User23,,
1490032409963,Mouse Moved,645.0,339.0,User23,,
1490032409979,Mouse Moved,633.0,414.0,User23,,
1490032409994,Mouse Moved,620.0,454.0,User23,,
1490032410010,Mouse Moved,600.0,538.0,User23,,
1490032410026,Mouse Moved,588.0,584.0,User23,,
1490032410042,Mouse Moved,586.0,596.0,User23,,
1490032410056,Mouse Moved,584.0,607.0,User23,,
1490032410072,Mouse Moved,583.0,618.0,User23,,
1490032410276,Mouse Moved,584.0,618.0,User23,,
1490032410290,Mouse Moved,596.0,607.0,User23,,
1490032410306,Mouse Moved,620.0,580.0,User23,,
1490032410322,Mouse Moved,644.0,556.0,User23,,
1490032410338,Mouse Moved,653.0,547.0,User23,,
1490032410354,Mouse Moved,671.0,524.0,User23,,
1490032410368,Mouse Moved,676.0,518.0,User23,,
1490032410384,Mouse Moved,684.0,507.0,User23,,
1490032410401,Mouse Moved,685.0,505.0,User23,,
1490032410415,Mouse Moved,687.0,503.0,User23,,
1490032410431,Mouse Moved,688.0,501.0,User23,,
1490032411180,Mouse Moved,683.0,502.0,User23,,
1490032411196,Mouse Moved,676.0,503.0,User23,,
1490032411211,Mouse Moved,638.0,505.0,User23,,
1490032411226,Mouse Moved,608.0,505.0,User23,,
1490032411243,Mouse Moved,493.0,478.0,User23,,
1490032411259,Mouse Moved,480.0,473.0,User23,,
1490032411273,Mouse Moved,453.0,463.0,User23,,
1490032411289,Mouse Moved,448.0,461.0,User23,,
1490032411305,Mouse Moved,441.0,459.0,User23,,
1490032411321,Mouse Moved,440.0,459.0,User23,,
1490032411336,Mouse Moved,438.0,459.0,User23,,
1490032411351,Mouse Moved,437.0,458.0,User23,,
1490032411617,Mouse Moved,436.0,458.0,User23,,
1490032411632,Mouse Moved,434.0,458.0,User23,,
1490032411648,Mouse Moved,430.0,457.0,User23,,
1490032411664,Mouse Moved,429.0,457.0,User23,,
1490032411680,Mouse Moved,429.0,456.0,User23,,
1490032411694,Mouse Moved,428.0,456.0,User23,,
1490032411726,Mouse Moved,426.0,455.0,User23,,
1490032411757,Mouse Moved,425.0,455.0,User23,,
1490032411789,Mouse Moved,425.0,454.0,User23,,
1490032411819,Mouse Moved,424.0,453.0,User23,,
1490032411851,Mouse Moved,423.0,452.0,User23,,
1490032411867,Mouse Moved,422.0,452.0,User23,,
1490032411882,Mouse Moved,421.0,452.0,User23,,
1490032411898,Mouse Moved,421.0,451.0,User23,,
1490032411914,Mouse Moved,420.0,451.0,User23,,
1490032412006,Mouse Moved,420.0,450.0,User23,,
1490032412023,Mouse Moved,419.0,450.0,User23,,
1490032412053,Mouse Moved,419.0,449.0,User23,,
1490032412069,Mouse Moved,418.0,449.0,User23,,
1490032412273,Mouse Moved,418.0,450.0,User23,,
1490032412351,Mouse Moved,418.0,450.0,User23,,
1490032412413,Mouse Moved,418.0,451.0,User23,,
1490032412428,Mouse Moved,418.0,453.0,User23,,
1490032412444,Mouse Moved,420.0,457.0,User23,,
1490032412460,Mouse Moved,427.0,486.0,User23,,
1490032412474,Mouse Moved,435.0,509.0,User23,,
1490032412490,Mouse Moved,440.0,519.0,User23,,
1490032412506,Mouse Moved,447.0,535.0,User23,,
1490032412522,Mouse Moved,453.0,541.0,User23,,
1490032414346,Mouse Moved,455.0,543.0,User23,,
1490032414362,Mouse Moved,467.0,541.0,User23,,
1490032414378,Mouse Moved,497.0,541.0,User23,,
1490032414394,Mouse Moved,542.0,544.0,User23,,
1490032414410,Mouse Moved,558.0,548.0,User23,,
1490032414424,Mouse Moved,588.0,555.0,User23,,
1490032414440,Mouse Moved,605.0,561.0,User23,,
1490032414457,Mouse Moved,611.0,563.0,User23,,
1490032414471,Mouse Moved,618.0,566.0,User23,,
1490032414487,Mouse Moved,620.0,567.0,User23,,
1490032414503,Mouse Moved,621.0,568.0,User23,,
1490032414690,Mouse Moved,624.0,566.0,User23,,
1490032414706,Mouse Moved,646.0,551.0,User23,,
1490032414721,Mouse Moved,660.0,541.0,User23,,
1490032414736,Mouse Moved,678.0,528.0,User23,,
1490032414753,Mouse Moved,685.0,524.0,User23,,
1490032414769,Mouse Moved,704.0,509.0,User23,,
1490032414783,Mouse Moved,708.0,505.0,User23,,
1490032414799,Mouse Moved,710.0,503.0,User23,,
1490032414815,Mouse Moved,711.0,502.0,User23,,
1490032415111,Mouse Moved,712.0,499.0,User23,,
1490032415142,Mouse Moved,716.0,493.0,User23,,
1490032415158,Mouse Moved,720.0,486.0,User23,,
1490032415174,Mouse Moved,720.0,485.0,User23,,
1490032415190,Mouse Moved,720.0,484.0,User23,,
1490032415204,Mouse Moved,720.0,481.0,User23,,
1490032415220,Mouse Moved,720.0,475.0,User23,,
1490032415236,Mouse Moved,720.0,468.0,User23,,
1490032415252,Mouse Moved,720.0,466.0,User23,,
1490032415267,Mouse Moved,720.0,463.0,User23,,
1490032415282,Mouse Moved,720.0,462.0,User23,,
1490032415299,Mouse Moved,720.0,460.0,User23,,
1490032415315,Mouse Moved,719.0,460.0,User23,,
1490032415329,Mouse Moved,718.0,459.0,User23,,
1490032415345,Mouse Moved,717.0,457.0,User23,,
1490032415361,Mouse Moved,717.0,456.0,User23,,
1490032415377,Mouse Moved,715.0,455.0,User23,,
1490032415392,Mouse Moved,715.0,454.0,User23,,
1490032415407,Mouse Moved,714.0,453.0,User23,,
1490032415424,Mouse Moved,713.0,453.0,User23,,
1490032415438,Mouse Moved,710.0,449.0,User23,,
1490032415454,Mouse Moved,708.0,447.0,User23,,
1490032415470,Mouse Moved,707.0,446.0,User23,,
1490032415486,Mouse Moved,705.0,445.0,User23,,
1490032415502,Mouse Moved,705.0,444.0,User23,,
1490032415516,Mouse Moved,704.0,443.0,User23,,
1490032415532,Mouse Moved,703.0,442.0,User23,,
1490032415549,Mouse Moved,699.0,438.0,User23,,
1490032415563,Mouse Moved,698.0,436.0,User23,,
1490032415595,Mouse Moved,697.0,434.0,User23,,
1490032415611,Mouse Moved,693.0,430.0,User23,,
1490032415627,Mouse Moved,691.0,429.0,User23,,
1490032415641,Mouse Moved,689.0,427.0,User23,,
1490032415657,Mouse Moved,689.0,426.0,User23,,
1490032415673,Mouse Moved,688.0,426.0,User23,,
1490032415736,Mouse Moved,689.0,426.0,User23,,
1490032415750,Mouse Moved,688.0,426.0,User23,,
1490032415782,Mouse Moved,688.0,425.0,User23,,
1490032415828,Mouse Moved,687.0,426.0,User23,,
1490032415845,Mouse Button.left Released,687.0,426.0,User23,,
1490032416000,Mouse Moved,686.0,424.0,User23,,
1490032416016,Mouse Moved,684.0,423.0,User23,,
1490032416032,Mouse Moved,682.0,421.0,User23,,
1490032416048,Mouse Moved,681.0,420.0,User23,,
1490032416062,Mouse Moved,679.0,418.0,User23,,
1490032416078,Mouse Moved,678.0,417.0,User23,,
1490032416095,Mouse Button.left Pressed,678.0,418.0,User23,,
1490032416109,Mouse Moved,677.0,416.0,User23,,
1490032416125,Mouse Moved,677.0,415.0,User23,,
1490032416157,Mouse Moved,676.0,415.0,User23,,
1490032416173,Mouse Moved,677.0,416.0,User23,,
1490032416187,Mouse Button.left Released,677.0,416.0,User23,,
1490032421101,Mouse Moved,675.0,415.0,User23,,
1490032421118,Mouse Moved,668.0,418.0,User23,,
1490032421132,Mouse Moved,658.0,426.0,User23,,
1490032421148,Mouse Moved,611.0,449.0,User23,,
1490032421164,Mouse Moved,588.0,459.0,User23,,
1490032421180,Mouse Moved,539.0,473.0,User23,,
1490032421196,Mouse Moved,524.0,476.0,User23,,
1490032421210,Mouse Moved,497.0,479.0,User23,,
1490032421226,Mouse Moved,485.0,479.0,User23,,
1490032421243,Mouse Moved,475.0,479.0,User23,,
1490032421257,Mouse Moved,469.0,479.0,User23,,
1490032421273,Mouse Moved,468.0,479.0,User23,,
1490032421555,Mouse Moved,468.0,477.0,User23,,
1490032421569,Mouse Moved,469.0,468.0,User23,,
1490032421585,Mouse Moved,469.0,447.0,User23,,
1490032421601,Mouse Moved,457.0,407.0,User23,,
1490032421617,Mouse Moved,441.0,365.0,User23,,
1490032421632,Mouse Moved,437.0,356.0,User23,,
1490032421648,Mouse Moved,434.0,351.0,User23,,
1490032421664,Mouse Moved,431.0,346.0,User23,,
1490032421678,Mouse Moved,431.0,345.0,User23,,
1490032421694,Mouse Moved,429.0,344.0,User23,,
1490032421710,Mouse Moved,428.0,344.0,User23,,
1490032421726,Mouse Moved,427.0,344.0,User23,,
1490032421742,Mouse Moved,421.0,344.0,User23,,
1490032421756,Mouse Moved,419.0,345.0,User23,,
1490032421789,Mouse Moved,404.0,349.0,User23,,
1490032421803,Mouse Moved,398.0,351.0,User23,,
1490032421851,Mouse Moved,396.0,353.0,User23,,
1490032421867,Mouse Moved,394.0,356.0,User23,,
1490032421881,Mouse Moved,393.0,359.0,User23,,
1490032421898,Mouse Moved,392.0,364.0,User23,,
1490032421913,Mouse Moved,392.0,366.0,User23,,
1490032421928,Mouse Moved,392.0,371.0,User23,,
1490032421944,Mouse Moved,392.0,377.0,User23,,
1490032421960,Mouse Moved,392.0,381.0,User23,,
1490032421976,Mouse Moved,392.0,387.0,User23,,
1490032421990,Mouse Moved,392.0,390.0,User23,,
1490032422006,Mouse Moved,393.0,393.0,User23,,
1490032422023,Mouse Moved,393.0,394.0,User23,,
1490032422131,Mouse Moved,393.0,394.0,User23,,
1490032423894,Mouse Moved,393.0,394.0,User23,,
1490032423910,Mouse Button.left Released,393.0,394.0,User23,,
1490032424019,Mouse Moved,393.0,394.0,User23,,
1490032424112,Mouse Moved,393.0,394.0,User23,,
1490032429604,Mouse Moved,391.0,392.0,User23,,
1490032429619,Mouse Moved,367.0,367.0,User23,,
1490032429634,Mouse Moved,344.0,345.0,User23,,
1490032429651,Mouse Moved,302.0,294.0,User23,,
1490032429667,Mouse Moved,290.0,282.0,User23,,
1490032429681,Mouse Moved,263.0,254.0,User23,,
1490032429697,Mouse Moved,246.0,239.0,User23,,
1490032429713,Mouse Moved,240.0,235.0,User23,,
1490032429729,Mouse Moved,230.0,229.0,User23,,
1490032429744,Mouse Moved,226.0,226.0,User23,,
1490032429759,Mouse Moved,221.0,224.0,User23,,
1490032429776,Mouse Moved,219.0,222.0,User23,,
1490032429790,Mouse Moved,218.0,222.0,User23,,
1490032430009,Mouse Moved,216.0,221.0,User23,,
1490032430025,Mouse Moved,213.0,221.0,User23,,
1490032430040,Mouse Moved,206.0,219.0,User23,,
1490032430056,Mouse Moved,192.0,215.0,User23,,
1490032430072,Mouse Moved,184.0,212.0,User23,,
1490032430088,Mouse Moved,167.0,204.0,User23,,
1490032430102,Mouse Moved,160.0,201.0,User23,,
1490032430118,Mouse Moved,150.0,195.0,User23,,
1490032430134,Mouse Moved,145.0,191.0,User23,,
1490032430150,Mouse Moved,140.0,187.0,User23,,
1490032430165,Mouse Moved,138.0,185.0,User23,,
1490032430180,Mouse Moved,137.0,185.0,User23,,
1490032430197,Mouse Moved,136.0,184.0,User23,,
1490032430213,Mouse Moved,135.0,184.0,User23,,
1490032430322,Mouse Moved,134.0,184.0,User23,,
1490032430352,Mouse Moved,134.0,183.0,User23,,
1490032430634,Mouse Moved,134.0,184.0,User23,,
1490032430648,Mouse Moved,134.0,186.0,User23,,
1490032430664,Mouse Moved,134.0,187.0,User23,,
1490032430680,Mouse Moved,133.0,189.0,User23,,
1490032430696,Mouse Moved,132.0,191.0,User23,,
1490032430726,Mouse Moved,131.0,192.0,User23,,
1490032430773,Mouse Moved,130.0,192.0,User23,,
1490032430789,Mouse Moved,129.0,192.0,User23,,
1490032430805,Mouse Moved,128.0,193.0,User23,,
1490032430821,Mouse Moved,127.0,193.0,User23,,
1490032430836,Mouse Moved,126.0,193.0,User23,,
1490032430868,Mouse Moved,124.0,193.0,User23,,
1490032430882,Mouse Moved,122.0,193.0,User23,,
1490032430898,Mouse Moved,121.0,193.0,User23,,
1490032430914,Mouse Moved,119.0,192.0,User23,,
1490032430930,Mouse Moved,119.0,193.0,User23,,
1490032431071,Mouse Moved,119.0,193.0,User23,,
1490032431085,Mouse Button.left Released,119.0,193.0,User23,,
1490032432584,Mouse Moved,119.0,192.0,User23,,
1490032432598,Mouse Moved,122.0,192.0,User23,,
1490032432615,Mouse Moved,145.0,190.0,User23,,
1490032432631,Mouse Moved,165.0,191.0,User23,,
1490032432645,Mouse Moved,229.0,206.0,User23,,
1490032432661,Mouse Moved,262.0,217.0,User23,,
1490032432693,Mouse Moved,338.0,255.0,User23,,
1490032432709,Mouse Moved,360.0,269.0,User23,,
1490032432723,Mouse Moved,372.0,277.0,User23,,
1490032433020,Mouse Moved,374.0,276.0,User23,,
1490032433036,Mouse Moved,379.0,271.0,User23,,
1490032433052,Mouse Moved,383.0,267.0,User23,,
1490032433066,Mouse Moved,389.0,261.0,User23,,
1490032433082,Mouse Moved,395.0,256.0,User23,,
1490032433098,Mouse Moved,396.0,255.0,User23,,
1490032433114,Mouse Moved,397.0,254.0,User23,,
1490032433130,Mouse Moved,398.0,254.0,User23,,
1490032433161,Mouse Moved,399.0,254.0,User23,,
1490032433177,Mouse Moved,399.0,253.0,User23,,
1490032433551,Mouse Moved,398.0,254.0,User23,,
1490032433566,Mouse Moved,398.0,254.0,User23,,
1490032433660,Mouse Moved,398.0,254.0,User23,,
1490032436576,Mouse Moved,397.0,253.0,User23,,
1490032436592,Mouse Moved,395.0,253.0,User23,,
1490032436608,Mouse Moved,362.0,250.0,User23,,
1490032436640,Mouse Moved,306.0,239.0,User23,,
1490032436654,Mouse Moved,243.0,226.0,User23,,
1490032436671,Mouse Moved,207.0,218.0,User23,,
1490032436687,Mouse Moved,200.0,216.0,User23,,
1490032436701,Mouse Moved,197.0,215.0,User23,,
1490032436717,Mouse Moved,192.0,215.0,User23,,
1490032436733,Mouse Moved,190.0,214.0,User23,,
1490032436749,Mouse Moved,188.0,213.0,User23,,
1490032436983,Mouse Moved,187.0,213.0,User23,,
1490032436999,Mouse Moved,185.0,212.0,User23,,
1490032437013,Mouse Moved,165.0,203.0,User23,,
1490032437029,Mouse Moved,141.0,190.0,User23,,
1490032437045,Mouse Moved,107.0,163.0,User23,,
1490032437061,Mouse Moved,90.0,149.0,User23,,
1490032437076,Mouse Moved,84.0,145.0,User23,,
1490032437092,Mouse Moved,81.0,141.0,User23,,
1490032437108,Mouse Moved,79.0,141.0,User23,,
1490032437122,Mouse Moved,77.0,139.0,User23,,
1490032437154,Mouse Moved,76.0,139.0,User23,,
1490032437279,Mouse Moved,75.0,138.0,User23,,
1490032437325,Mouse Moved,74.0,140.0,User23,,
1490032437342,Mouse Moved,74.0,144.0,User23,,
1490032437357,Mouse Moved,74.0,146.0,User23,,
1490032437372,Mouse Moved,74.0,150.0,User23,,
1490032437420,Mouse Moved,76.0,160.0,User23,,
1490032437825,Mouse Moved,77.0,164.0,User23,,
1490032437841,Mouse Moved,76.0,163.0,User23,,
1490032441069,Mouse Moved,91.0,164.0,User23,,
1490032441085,Mouse Moved,114.0,167.0,User23,,
1490032441101,Mouse Moved,211.0,192.0,User23,,
1490032441117,Mouse Moved,269.0,219.0,User23,,
1490032441132,Mouse Moved,360.0,275.0,User23,,
1490032441148,Mouse Moved,413.0,317.0,User23,,
1490032441164,Mouse Moved,443.0,337.0,User23,,
1490032441178,Mouse Moved,464.0,351.0,User23,,
1490032441194,Mouse Moved,470.0,355.0,User23,,
1490032441210,Mouse Moved,473.0,356.0,User23,,
1490032441226,Mouse Moved,474.0,356.0,User23,,
1490032445048,Mouse Moved,478.0,353.0,User23,,
1490032445063,Mouse Moved,501.0,321.0,User23,,
1490032445078,Mouse Moved,543.0,269.0,User23,,
1490032445111,Mouse Moved,679.0,161.0,User23,,
1490032445125,Mouse Moved,898.0,11.0,User23,,
1490032445157,Mouse Moved,964.0,0.0,User23,,
1490032445188,Mouse Moved,1001.0,0.0,User23,,
1490032445203,Mouse Moved,1047.0,0.0,User23,,
1490032445250,Mouse Moved,1075.0,0.0,User23,,
1490032445259,Mouse Moved,1078.0,0.0,User23,,
1490032445816,Mouse Moved,1078.0,1.0,User23,,
1490032445832,Mouse Moved,1076.0,4.0,User23,,
1490032445834,Mouse Moved,1060.0,26.0,User23,,
1490032445848,Mouse Moved,1016.0,67.0,User23,,
1490032445849,Mouse Moved,948.0,117.0,User23,,
1490032445861,Mouse Moved,867.0,171.0,User23,,
1490032445877,Mouse Moved,800.0,212.0,User23,,
1490032445878,Mouse Moved,723.0,247.0,User23,,
1490032445892,Mouse Moved,647.0,273.0,User23,,
1490032445894,Mouse Moved,606.0,288.0,User23,,
1490032445911,Mouse Moved,569.0,296.0,User23,,
1490032445921,Mouse Moved,543.0,299.0,User23,,
1490032445923,Mouse Moved,530.0,299.0,User23,,
1490032445938,Mouse Moved,519.0,295.0,User23,,
1490032445953,Mouse Moved,512.0,292.0,User23,,
1490032445954,Mouse Moved,509.0,290.0,User23,,
1490032445970,Mouse Moved,506.0,282.0,User23,,
1490032445983,Mouse Moved,506.0,265.0,User23,,
1490032446163,Mouse Moved,503.0,245.0,User23,,
1490032446177,Mouse Moved,497.0,242.0,User23,,
1490032446207,Mouse Moved,490.0,238.0,User23,,
1490032446209,Mouse Moved,482.0,236.0,User23,,
1490032446210,Mouse Moved,473.0,233.0,User23,,
1490032446221,Mouse Moved,461.0,231.0,User23,,
1490032446223,Mouse Moved,451.0,229.0,User23,,
1490032446236,Mouse Moved,446.0,228.0,User23,,
1490032446252,Mouse Moved,443.0,227.0,User23,,
1490032446253,Mouse Moved,440.0,227.0,User23,,
1490032446269,Mouse Moved,437.0,227.0,User23,,
1490032446282,Mouse Moved,434.0,227.0,User23,,
1490032446301,Mouse Moved,433.0,227.0,User23,,
1490032446312,Mouse Moved,432.0,227.0,User23,,
1490032446345,Mouse Moved,431.0,228.0,User23,,
1490032446346,Mouse Moved,430.0,231.0,User23,,
1490032446357,Mouse Moved,429.0,232.0,User23,,
1490032446372,Mouse Moved,428.0,233.0,User23,,
1490032446374,Mouse Moved,428.0,236.0,User23,,
1490032446387,Mouse Moved,427.0,237.0,User23,,
1490032446401,Mouse Moved,426.0,239.0,User23,,
1490032446404,Mouse Moved,426.0,240.0,User23,,
1490032446433,Mouse Moved,425.0,241.0,User23,,
1490032446459,Mouse Moved,426.0,241.0,User23,,
1490032446461,Mouse Moved,426.0,241.0,User23,,
1490032446463,Mouse Button.left Pressed,426.0,241.0,User23,,
1490032446555,Mouse Moved,426.0,241.0,User23,,
1490032446556,Mouse Button.left Released,426.0,241.0,User23,,
1490032448598,Mouse Moved,425.0,242.0,User23,,
1490032448631,Mouse Moved,430.0,245.0,User23,,
1490032448645,Mouse Moved,505.0,259.0,User23,,
1490032448677,Mouse Moved,686.0,304.0,User23,,
1490032448693,Mouse Moved,778.0,334.0,User23,,
1490032448709,Mouse Moved,825.0,356.0,User23,,
1490032448740,Mouse Moved,842.0,366.0,User23,,
1490032448755,Mouse Moved,850.0,370.0,User23,,
1490032448786,Mouse Moved,850.0,371.0,User23,,
1490032448973,Mouse Moved,852.0,369.0,User23,,
1490032448989,Mouse Moved,856.0,364.0,User23,,
1490032449005,Mouse Moved,863.0,355.0,User23,,
1490032449020,Mouse Moved,874.0,338.0,User23,,
1490032449036,Mouse Moved,882.0,320.0,User23,,
1490032449052,Mouse Moved,884.0,308.0,User23,,
1490032449066,Mouse Moved,884.0,286.0,User23,,
1490032449082,Mouse Moved,883.0,281.0,User23,,
1490032449098,Mouse Moved,881.0,277.0,User23,,
1490032449364,Mouse Moved,878.0,276.0,User23,,
1490032449378,Mouse Moved,862.0,276.0,User23,,
1490032449394,Mouse Moved,849.0,276.0,User23,,
1490032449411,Mouse Moved,810.0,268.0,User23,,
1490032449426,Mouse Moved,791.0,263.0,User23,,
1490032449441,Mouse Moved,771.0,253.0,User23,,
1490032449457,Mouse Moved,761.0,247.0,User23,,
1490032449473,Mouse Moved,759.0,246.0,User23,,
1490032449489,Mouse Moved,758.0,246.0,User23,,
1490032449519,Mouse Moved,758.0,245.0,User23,,
1490032449535,Mouse Moved,757.0,245.0,User23,,
1490032449832,Mouse Moved,758.0,245.0,User23,,
1490032449846,Mouse Moved,759.0,245.0,User23,,
1490032449878,Mouse Moved,761.0,245.0,User23,,
1490032449940,Mouse Moved,757.0,245.0,User23,,
1490032450096,Mouse Moved,758.0,246.0,User23,,
1490032450283,Mouse Moved,758.0,246.0,User23,,
1490032450378,Mouse Moved,758.0,246.0,User23,,
1490032457740,Mouse Moved,759.0,242.0,User23,,
1490032457756,Mouse Moved,761.0,239.0,User23,,
1490032457772,Mouse Moved,773.0,221.0,User23,,
1490032457788,Mouse Moved,781.0,211.0,User23,,
1490032457802,Mouse Moved,802.0,191.0,User23,,
1490032457819,Mouse Moved,808.0,184.0,User23,,
1490032457835,Mouse Moved,822.0,173.0,User23,,
1490032457849,Mouse Moved,834.0,163.0,User23,,
1490032457865,Mouse Moved,840.0,158.0,User23,,
1490032457881,Mouse Moved,853.0,144.0,User23,,
1490032457897,Mouse Moved,864.0,132.0,User23,,
1490032457913,Mouse Moved,870.0,124.0,User23,,
1490032458006,Mouse Moved,884.0,112.0,User23,,
1490032458022,Mouse Moved,895.0,103.0,User23,,
1490032458036,Mouse Moved,897.0,102.0,User23,,
1490032458052,Mouse Moved,903.0,92.0,User23,,
1490032458084,Mouse Moved,904.0,88.0,User23,,
1490032458099,Mouse Moved,912.0,77.0,User23,,
1490032458115,Mouse Moved,916.0,72.0,User23,,
1490032458131,Mouse Moved,919.0,69.0,User23,,
1490032458147,Mouse Moved,920.0,69.0,User23,,
1490032458161,Mouse Moved,920.0,68.0,User23,,
1490032458302,Mouse Moved,921.0,69.0,User23,,
1490032458334,Mouse Moved,921.0,75.0,User23,,
1490032458348,Mouse Moved,921.0,77.0,User23,,
1490032458365,Mouse Moved,921.0,78.0,User23,,
1490032458395,Mouse Moved,921.0,79.0,User23,,
1490032458411,Mouse Moved,921.0,80.0,User23,,
1490032458427,Mouse Moved,921.0,81.0,User23,,
1490032458443,Mouse Moved,921.0,82.0,User23,,
1490032458459,Mouse Moved,922.0,83.0,User23,,
1490032458473,Mouse Moved,922.0,85.0,User23,,
1490032458490,Mouse Moved,922.0,87.0,User23,,
1490032458505,Mouse Moved,922.0,88.0,User23,,
1490032458707,Mouse Moved,922.0,88.0,User23,,
1490032458816,Mouse Moved,922.0,91.0,User23,,
1490032458832,Mouse Moved,922.0,94.0,User23,,
1490032458848,Mouse Moved,922.0,98.0,User23,,
1490032458864,Mouse Moved,920.0,113.0,User23,,
1490032458880,Mouse Moved,917.0,141.0,User23,,
1490032458894,Mouse Moved,915.0,155.0,User23,,
1490032458927,Mouse Moved,914.0,179.0,User23,,
1490032458941,Mouse Moved,911.0,243.0,User23,,
1490032458957,Mouse Moved,911.0,264.0,User23,,
1490032458973,Mouse Moved,911.0,300.0,User23,,
1490032458989,Mouse Moved,911.0,324.0,User23,,
1490032459005,Mouse Moved,911.0,340.0,User23,,
1490032459019,Mouse Moved,911.0,355.0,User23,,
1490032459036,Mouse Moved,912.0,362.0,User23,,
1490032459051,Mouse Moved,913.0,365.0,User23,,
1490032459066,Mouse Moved,913.0,366.0,User23,,
1490032459082,Mouse Moved,913.0,368.0,User23,,
1490032459565,Mouse Moved,914.0,368.0,User23,,
1490032459582,Mouse Moved,915.0,368.0,User23,,
1490032459596,Mouse Moved,916.0,368.0,User23,,
1490032459612,Mouse Moved,917.0,367.0,User23,,
1490032459628,Mouse Moved,920.0,365.0,User23,,
1490032459644,Mouse Moved,921.0,363.0,User23,,
1490032459660,Mouse Moved,924.0,362.0,User23,,
1490032459674,Mouse Moved,926.0,360.0,User23,,
1490032459690,Mouse Moved,927.0,359.0,User23,,
1490032459707,Mouse Moved,930.0,357.0,User23,,
1490032459721,Mouse Moved,931.0,356.0,User23,,
1490032459737,Mouse Moved,935.0,353.0,User23,,
1490032459753,Mouse Moved,939.0,349.0,User23,,
1490032459769,Mouse Moved,942.0,347.0,User23,,
1490032459785,Mouse Moved,943.0,347.0,User23,,
1490032459799,Mouse Moved,944.0,345.0,User23,,
1490032459815,Mouse Moved,945.0,344.0,User23,,
1490032459862,Mouse Moved,946.0,344.0,User23,,
1490032459878,Mouse Moved,948.0,342.0,User23,,
1490032459894,Mouse Moved,950.0,340.0,User23,,
1490032459908,Mouse Moved,951.0,338.0,User23,,
1490032459924,Mouse Moved,952.0,337.0,User23,,
1490032459940,Mouse Moved,953.0,337.0,User23,,
1490032459956,Mouse Moved,953.0,336.0,User23,,
1490032459971,Mouse Moved,953.0,335.0,User23,,
1490032459986,Mouse Moved,954.0,334.0,User23,,
1490032460003,Mouse Moved,954.0,333.0,User23,,
1490032460019,Mouse Moved,955.0,331.0,User23,,
1490032460033,Mouse Moved,955.0,330.0,User23,,
1490032460049,Mouse Moved,955.0,329.0,User23,,
1490032460065,Mouse Moved,955.0,328.0,User23,,
1490032460081,Mouse Moved,955.0,327.0,User23,,
1490032460111,Mouse Moved,955.0,326.0,User23,,
1490032460128,Mouse Moved,955.0,325.0,User23,,
1490032460158,Mouse Moved,955.0,323.0,User23,,
1490032460174,Mouse Moved,955.0,322.0,User23,,
1490032460190,Mouse Moved,955.0,321.0,User23,,
1490032460206,Mouse Moved,955.0,320.0,User23,,
1490032460220,Mouse Moved,955.0,319.0,User23,,
1490032460236,Mouse Moved,955.0,318.0,User23,,
1490032460253,Mouse Moved,955.0,317.0,User23,,
1490032460283,Mouse Moved,955.0,316.0,User23,,
1490032460315,Mouse Moved,955.0,314.0,User23,,
1490032460331,Mouse Moved,955.0,313.0,User23,,
1490032460345,Mouse Moved,955.0,312.0,User23,,
1490032460377,Mouse Moved,955.0,310.0,User23,,
1490032460392,Mouse Moved,955.0,308.0,User23,,
1490032460408,Mouse Moved,955.0,307.0,User23,,
1490032460470,Mouse Moved,955.0,308.0,User23,,
1490032460486,Mouse Moved,955.0,309.0,User23,,
1490032460595,Mouse Moved,955.0,310.0,User23,,
1490032460627,Mouse Moved,955.0,312.0,User23,,
1490032460642,Mouse Moved,955.0,316.0,User23,,
1490032460657,Mouse Moved,955.0,319.0,User23,,
1490032460674,Mouse Moved,955.0,322.0,User23,,
1490032460688,Mouse Moved,955.0,323.0,User23,,
1490032460704,Mouse Moved,955.0,324.0,User23,,
1490032460720,Mouse Moved,956.0,325.0,User23,,
1490032460752,Mouse Moved,956.0,327.0,User23,,
1490032460766,Mouse Moved,956.0,329.0,User23,,
1490032460782,Mouse Moved,957.0,334.0,User23,,
1490032460799,Mouse Moved,957.0,337.0,User23,,
1490032460813,Mouse Moved,957.0,338.0,User23,,
1490032460829,Mouse Moved,957.0,339.0,User23,,
1490032460861,Mouse Moved,957.0,340.0,User23,,
1490032460891,Mouse Moved,957.0,341.0,User23,,
1490032460923,Mouse Moved,957.0,342.0,User23,,
1490032460954,Mouse Moved,957.0,343.0,User23,,
1490032460970,Mouse Moved,957.0,344.0,User23,,
1490032461016,Mouse Moved,957.0,345.0,User23,,
1490032464869,Mouse Moved,958.0,343.0,User23,,
1490032464885,Mouse Moved,960.0,341.0,User23,,
1490032464901,Mouse Moved,961.0,341.0,User23,,
1490032464917,Mouse Moved,963.0,339.0,User23,,
1490032464933,Mouse Moved,965.0,337.0,User23,,
1490032464947,Mouse Moved,966.0,336.0,User23,,
1490032464963,Mouse Moved,967.0,336.0,User23,,
1490032464994,Mouse Moved,967.0,335.0,User23,,
1490032465056,Mouse Moved,968.0,335.0,User23,,
1490032465151,Mouse Moved,969.0,335.0,User23,,
1490032465213,Mouse Moved,970.0,335.0,User23,,
1490032465229,Mouse Moved,971.0,335.0,User23,,
1490032465259,Mouse Moved,971.0,334.0,User23,,
1490032465306,Mouse Moved,972.0,334.0,User23,,
1490032465759,Mouse Moved,973.0,334.0,User23,,
1490032465805,Mouse Moved,974.0,334.0,User23,,
1490032465822,Mouse Moved,975.0,335.0,User23,,
1490032465868,Mouse Moved,975.0,336.0,User23,,
1490032465884,Mouse Moved,976.0,336.0,User23,,
1490032465900,Mouse Moved,976.0,337.0,User23,,
1490032466523,Mouse Moved,977.0,339.0,User23,,
1490032466555,Mouse Moved,977.0,340.0,User23,,
1490032466571,Mouse Moved,979.0,341.0,User23,,
1490032466601,Mouse Moved,980.0,342.0,User23,,
1490032466617,Mouse Moved,982.0,342.0,User23,,
1490032466632,Mouse Moved,984.0,342.0,User23,,
1490032466648,Mouse Moved,985.0,342.0,User23,,
1490032466664,Mouse Moved,989.0,336.0,User23,,
1490032466680,Mouse Moved,998.0,313.0,User23,,
1490032466694,Mouse Moved,1007.0,283.0,User23,,
1490032466710,Mouse Moved,1025.0,203.0,User23,,
1490032466726,Mouse Moved,1033.0,140.0,User23,,
1490032466742,Mouse Moved,1034.0,128.0,User23,,
1490032466757,Mouse Moved,1038.0,94.0,User23,,
1490032466773,Mouse Moved,1039.0,83.0,User23,,
1490032466789,Mouse Moved,1039.0,77.0,User23,,
1490032466805,Mouse Moved,1040.0,67.0,User23,,
1490032466819,Mouse Moved,1041.0,63.0,User23,,
1490032466835,Mouse Moved,1041.0,61.0,User23,,
1490032466851,Mouse Moved,1041.0,57.0,User23,,
1490032466867,Mouse Moved,1041.0,56.0,User23,,
1490032466882,Mouse Moved,1041.0,55.0,User23,,
1490032466898,Mouse Moved,1041.0,53.0,User23,,
1490032466914,Mouse Moved,1041.0,52.0,User23,,
1490032466944,Mouse Moved,1041.0,51.0,User23,,
1490032467786,Mouse Moved,1039.0,52.0,User23,,
1490032467802,Mouse Moved,1038.0,54.0,User23,,
1490032467819,Mouse Moved,1030.0,58.0,User23,,
1490032467834,Mouse Moved,1025.0,59.0,User23,,
1490032467849,Mouse Moved,1012.0,65.0,User23,,
1490032467865,Mouse Moved,1003.0,68.0,User23,,
1490032467881,Mouse Moved,999.0,70.0,User23,,
1490032467897,Mouse Moved,992.0,72.0,User23,,
1490032467911,Mouse Moved,987.0,72.0,User23,,
1490032467927,Mouse Moved,986.0,72.0,User23,,
1490032467959,Mouse Moved,984.0,72.0,User23,,
1490032468020,Mouse Moved,983.0,72.0,User23,,
1490032470204,Mouse Moved,983.0,73.0,User23,,
1490032470220,Mouse Moved,983.0,82.0,User23,,
1490032470236,Mouse Moved,983.0,91.0,User23,,
1490032470252,Mouse Moved,983.0,115.0,User23,,
1490032470267,Mouse Moved,979.0,154.0,User23,,
1490032470282,Mouse Moved,979.0,173.0,User23,,
1490032470299,Mouse Moved,979.0,222.0,User23,,
1490032470315,Mouse Moved,979.0,254.0,User23,,
1490032470329,Mouse Moved,979.0,273.0,User23,,
1490032470345,Mouse Moved,979.0,299.0,User23,,
1490032470361,Mouse Moved,979.0,307.0,User23,,
1490032470377,Mouse Moved,979.0,320.0,User23,,
1490032470392,Mouse Moved,979.0,326.0,User23,,
1490032470407,Mouse Moved,979.0,327.0,User23,,
1490032470595,Mouse Moved,979.0,329.0,User23,,
1490032470611,Mouse Moved,979.0,334.0,User23,,
1490032470627,Mouse Moved,979.0,337.0,User23,,
1490032470641,Mouse Moved,979.0,339.0,User23,,
1490032470657,Mouse Moved,979.0,341.0,User23,,
1490032470673,Mouse Moved,979.0,345.0,User23,,
1490032470688,Mouse Moved,979.0,348.0,User23,,
1490032470704,Mouse Moved,979.0,350.0,User23,,
1490032470720,Mouse Moved,979.0,351.0,User23,,
1490032470736,Mouse Moved,979.0,353.0,User23,,
1490032470828,Mouse Moved,979.0,354.0,User23,,
1490032475243,Mouse Moved,980.0,354.0,User23,,
1490032475259,Mouse Moved,981.0,354.0,User23,,
1490032475275,Mouse Moved,987.0,352.0,User23,,
1490032475290,Mouse Moved,1026.0,345.0,User23,,
1490032475306,Mouse Moved,1051.0,344.0,User23,,
1490032475322,Mouse Moved,1105.0,348.0,User23,,
1490032475338,Mouse Moved,1130.0,351.0,User23,,
1490032475352,Mouse Moved,1158.0,361.0,User23,,
1490032475368,Mouse Moved,1184.0,367.0,User23,,
1490032475384,Mouse Moved,1192.0,371.0,User23,,
1490032475400,Mouse Moved,1207.0,380.0,User23,,
1490032475415,Mouse Moved,1215.0,383.0,User23,,
1490032475650,Mouse Moved,1216.0,383.0,User23,,
1490032475664,Mouse Moved,1219.0,383.0,User23,,
1490032475680,Mouse Moved,1248.0,375.0,User23,,
1490032475697,Mouse Moved,1317.0,363.0,User23,,
1490032475711,Mouse Moved,1335.0,360.0,User23,,
1490032475743,Mouse Moved,1373.0,360.0,User23,,
1490032475759,Mouse Moved,1395.0,361.0,User23,,
1490032475775,Mouse Moved,1398.0,361.0,User23,,
1490032475789,Mouse Moved,1400.0,361.0,User23,,
1490032476055,Mouse Moved,1401.0,361.0,User23,,
1490032476071,Mouse Moved,1402.0,361.0,User23,,
1490032476086,Mouse Moved,1403.0,361.0,User23,,
1490032476118,Mouse Moved,1404.0,361.0,User23,,
1490032476196,Mouse Moved,1404.0,360.0,User23,,
1490032476243,Mouse Moved,1404.0,359.0,User23,,
1490032476257,Mouse Moved,1402.0,357.0,User23,,
1490032476273,Mouse Moved,1401.0,355.0,User23,,
1490032476289,Mouse Moved,1398.0,352.0,User23,,
1490032476305,Mouse Moved,1396.0,348.0,User23,,
1490032476321,Mouse Moved,1395.0,347.0,User23,,
1490032476335,Mouse Moved,1394.0,346.0,User23,,
1490032476351,Mouse Moved,1394.0,345.0,User23,,
1490032476398,Mouse Moved,1393.0,345.0,User23,,
1490032476414,Mouse Moved,1393.0,344.0,User23,,
1490032476430,Mouse Moved,1392.0,344.0,User23,,
1490032476444,Mouse Moved,1391.0,343.0,User23,,
1490032476460,Mouse Moved,1390.0,343.0,User23,,
1490032476476,Mouse Moved,1388.0,342.0,User23,,
1490032476492,Mouse Moved,1387.0,342.0,User23,,
1490032476507,Mouse Moved,1386.0,341.0,User23,,
1490032476523,Mouse Moved,1385.0,341.0,User23,,
1490032476555,Mouse Moved,1384.0,341.0,User23,,
1490032476585,Mouse Moved,1381.0,341.0,User23,,
1490032476601,Mouse Moved,1380.0,342.0,User23,,
1490032476617,Mouse Moved,1376.0,344.0,User23,,
1490032476632,Mouse Moved,1371.0,346.0,User23,,
1490032476648,Mouse Moved,1358.0,350.0,User23,,
1490032476678,Mouse Moved,1351.0,354.0,User23,,
1490032476694,Mouse Moved,1320.0,361.0,User23,,
1490032476710,Mouse Moved,1317.0,361.0,User23,,
1490032476726,Mouse Moved,1313.0,361.0,User23,,
1490032476756,Mouse Moved,1309.0,361.0,User23,,
1490032476773,Mouse Moved,1308.0,361.0,User23,,
1490032476789,Mouse Moved,1306.0,361.0,User23,,
1490032476803,Mouse Moved,1305.0,361.0,User23,,
1490032476819,Mouse Moved,1304.0,361.0,User23,,
1490032476898,Mouse Moved,1303.0,361.0,User23,,
1490032476928,Mouse Moved,1303.0,359.0,User23,,
1490032476944,Mouse Moved,1303.0,358.0,User23,,
1490032476960,Mouse Moved,1302.0,356.0,User23,,
1490032476976,Mouse Moved,1302.0,355.0,User23,,
1490032477023,Mouse Moved,1302.0,354.0,User23,,
1490032477131,Mouse Moved,1302.0,353.0,User23,,
1490032477147,Mouse Moved,1301.0,353.0,User23,,
1490032477163,Mouse Moved,1301.0,351.0,User23,,
1490032477397,Mouse Moved,1302.0,352.0,User23,,
1490032477474,Mouse Moved,1301.0,350.0,User23,,
1490032477490,Mouse Moved,1301.0,347.0,User23,,
1490032477506,Mouse Moved,1301.0,343.0,User23,,
1490032477522,Mouse Moved,1301.0,336.0,User23,,
1490032477536,Mouse Moved,1301.0,318.0,User23,,
1490032477569,Mouse Moved,1301.0,263.0,User23,,
1490032477584,Mouse Moved,1304.0,164.0,User23,,
1490032477599,Mouse Moved,1312.0,107.0,User23,,
1490032477615,Mouse Moved,1314.0,79.0,User23,,
1490032477631,Mouse Moved,1316.0,67.0,User23,,
1490032477647,Mouse Moved,1318.0,53.0,User23,,
1490032477661,Mouse Moved,1319.0,49.0,User23,,
1490032477677,Mouse Moved,1319.0,45.0,User23,,
1490032477709,Mouse Moved,1319.0,41.0,User23,,
1490032477724,Mouse Moved,1319.0,40.0,User23,,
1490032477740,Mouse Moved,1319.0,38.0,User23,,
1490032477756,Mouse Moved,1319.0,37.0,User23,,
1490032477770,Mouse Moved,1319.0,36.0,User23,,
1490032477786,Mouse Moved,1319.0,35.0,User23,,
1490032477802,Mouse Moved,1319.0,34.0,User23,,
1490032477818,Mouse Moved,1319.0,33.0,User23,,
1490032477834,Mouse Moved,1319.0,32.0,User23,,
1490032478691,Mouse Moved,1319.0,33.0,User23,,
1490032478707,Mouse Moved,1319.0,35.0,User23,,
1490032478723,Mouse Moved,1319.0,36.0,User23,,
1490032478739,Mouse Moved,1319.0,44.0,User23,,
1490032478753,Mouse Moved,1319.0,50.0,User23,,
1490032478769,Mouse Moved,1319.0,52.0,User23,,
1490032478785,Mouse Moved,1319.0,57.0,User23,,
1490032478801,Mouse Moved,1318.0,58.0,User23,,
1490032478816,Mouse Moved,1318.0,59.0,User23,,
1490032478848,Mouse Moved,1318.0,60.0,User23,,
1490032480782,Mouse Moved,1318.0,60.0,User23,,
1490032481874,Mouse Moved,1320.0,60.0,User23,,
1490032481904,Mouse Moved,1323.0,60.0,User23,,
1490032481921,Mouse Moved,1324.0,60.0,User23,,
1490032481937,Mouse Moved,1326.0,60.0,User23,,
1490032481951,Mouse Moved,1328.0,60.0,User23,,
1490032481983,Mouse Moved,1329.0,60.0,User23,,
1490032481999,Mouse Moved,1331.0,59.0,User23,,
1490032482015,Mouse Moved,1333.0,58.0,User23,,
1490032482029,Mouse Moved,1337.0,57.0,User23,,
1490032482046,Mouse Moved,1339.0,56.0,User23,,
1490032482061,Mouse Moved,1346.0,55.0,User23,,
1490032482076,Mouse Moved,1349.0,55.0,User23,,
1490032482092,Mouse Moved,1358.0,53.0,User23,,
1490032482108,Mouse Moved,1369.0,52.0,User23,,
1490032482124,Mouse Moved,1373.0,51.0,User23,,
1490032482138,Mouse Moved,1380.0,51.0,User23,,
1490032482154,Mouse Moved,1382.0,51.0,User23,,
1490032482171,Mouse Moved,1385.0,51.0,User23,,
1490032482201,Mouse Moved,1386.0,51.0,User23,,
1490032482217,Mouse Moved,1387.0,51.0,User23,,
1490032482233,Mouse Moved,1388.0,51.0,User23,,
1490032482263,Mouse Moved,1390.0,51.0,User23,,
1490032482279,Mouse Moved,1391.0,51.0,User23,,
1490032482295,Mouse Moved,1392.0,51.0,User23,,
1490032482311,Mouse Moved,1394.0,51.0,User23,,
1490032482326,Mouse Moved,1395.0,51.0,User23,,
1490032482358,Mouse Moved,1397.0,51.0,User23,,
1490032482372,Mouse Moved,1398.0,51.0,User23,,
1490032482388,Mouse Moved,1398.0,50.0,User23,,
1490032482404,Mouse Moved,1399.0,50.0,User23,,
1490032482436,Mouse Moved,1400.0,50.0,User23,,
1490032482450,Mouse Moved,1401.0,50.0,User23,,
1490032482638,Mouse Moved,1400.0,51.0,User23,,
1490032482763,Mouse Moved,1400.0,51.0,User23,,
1490032483698,Mouse Moved,1399.0,52.0,User23,,
1490032483714,Mouse Moved,1393.0,55.0,User23,,
1490032483730,Mouse Moved,1376.0,66.0,User23,,
1490032483746,Mouse Moved,1305.0,118.0,User23,,
1490032483762,Mouse Moved,1266.0,151.0,User23,,
1490032483776,Mouse Moved,1113.0,281.0,User23,,
1490032483792,Mouse Moved,1063.0,319.0,User23,,
1490032483809,Mouse Moved,1044.0,331.0,User23,,
1490032483823,Mouse Moved,1025.0,341.0,User23,,
1490032483839,Mouse Moved,1019.0,343.0,User23,,
1490032483855,Mouse Moved,1016.0,344.0,User23,,
1490032483871,Mouse Moved,1013.0,345.0,User23,,
1490032533135,Mouse Moved,982.0,333.0,User23,,
1490032533572,Mouse Moved,981.0,333.0,User23,,
1490032533588,Mouse Moved,977.0,334.0,User23,,
1490032533604,Mouse Moved,951.0,335.0,User23,,
1490032533618,Mouse Moved,935.0,335.0,User23,,
1490032533634,Mouse Moved,877.0,333.0,User23,,
1490032533651,Mouse Moved,857.0,331.0,User23,,
1490032533665,Mouse Moved,829.0,325.0,User23,,
1490032533681,Mouse Moved,822.0,323.0,User23,,
1490032533697,Mouse Moved,816.0,319.0,User23,,
1490032533713,Mouse Moved,813.0,314.0,User23,,
1490032533729,Mouse Moved,811.0,313.0,User23,,
1490032533759,Mouse Moved,813.0,296.0,User23,,
1490032533930,Mouse Moved,811.0,297.0,User23,,
1490032533947,Mouse Moved,799.0,305.0,User23,,
1490032533963,Mouse Moved,781.0,310.0,User23,,
1490032533977,Mouse Moved,726.0,312.0,User23,,
1490032533993,Mouse Moved,694.0,305.0,User23,,
1490032534009,Mouse Moved,618.0,282.0,User23,,
1490032534025,Mouse Moved,595.0,271.0,User23,,
1490032534040,Mouse Moved,548.0,249.0,User23,,
1490032534055,Mouse Moved,530.0,240.0,User23,,
1490032534072,Mouse Moved,521.0,234.0,User23,,
1490032534086,Mouse Moved,504.0,218.0,User23,,
1490032534118,Mouse Moved,500.0,213.0,User23,,
1490032534336,Mouse Moved,494.0,203.0,User23,,
1490032534352,Mouse Moved,493.0,205.0,User23,,
1490032534368,Mouse Moved,491.0,209.0,User23,,
1490032534384,Mouse Moved,487.0,217.0,User23,,
1490032534398,Mouse Moved,485.0,222.0,User23,,
1490032534414,Mouse Moved,483.0,232.0,User23,,
1490032534430,Mouse Moved,483.0,239.0,User23,,
1490032534446,Mouse Moved,483.0,250.0,User23,,
1490032534461,Mouse Moved,483.0,252.0,User23,,
1490032534476,Mouse Moved,484.0,256.0,User23,,
1490032534493,Mouse Moved,485.0,259.0,User23,,
1490032534509,Mouse Moved,486.0,261.0,User23,,
1490032534586,Mouse Moved,486.0,262.0,User23,,
1490032534601,Mouse Moved,487.0,262.0,User23,,
1490032534664,Mouse Moved,487.0,263.0,User23,,
1490032535944,Mouse Moved,486.0,262.0,User23,,
1490032536099,Mouse Moved,486.0,262.0,User23,,
1490032536755,Mouse Moved,488.0,264.0,User23,,
1490032536770,Mouse Moved,490.0,264.0,User23,,
1490032536786,Mouse Moved,492.0,266.0,User23,,
1490032536802,Mouse Moved,493.0,266.0,User23,,
1490032536816,Mouse Moved,496.0,268.0,User23,,
1490032536832,Mouse Moved,497.0,268.0,User23,,
1490032536848,Mouse Moved,508.0,275.0,User23,,
1490032536864,Mouse Moved,509.0,275.0,User23,,
1490032536894,Mouse Moved,512.0,277.0,User23,,
1490032536911,Mouse Moved,518.0,282.0,User23,,
1490032536927,Mouse Moved,520.0,283.0,User23,,
1490032536941,Mouse Moved,524.0,289.0,User23,,
1490032536957,Mouse Moved,526.0,292.0,User23,,
1490032536973,Mouse Moved,532.0,309.0,User23,,
1490032536989,Mouse Moved,537.0,327.0,User23,,
1490032537005,Mouse Moved,538.0,335.0,User23,,
1490032537019,Mouse Moved,539.0,342.0,User23,,
1490032537036,Mouse Moved,541.0,354.0,User23,,
1490032537051,Mouse Moved,541.0,360.0,User23,,
1490032537066,Mouse Moved,541.0,365.0,User23,,
1490032537565,Mouse Moved,543.0,364.0,User23,,
1490032537582,Mouse Moved,544.0,362.0,User23,,
1490032537596,Mouse Moved,553.0,349.0,User23,,
1490032537612,Mouse Moved,565.0,329.0,User23,,
1490032537628,Mouse Moved,579.0,311.0,User23,,
1490032537644,Mouse Moved,581.0,309.0,User23,,
1490032537660,Mouse Moved,583.0,305.0,User23,,
1490032537674,Mouse Moved,584.0,304.0,User23,,
1490032537707,Mouse Moved,584.0,303.0,User23,,
1490032537737,Mouse Moved,585.0,303.0,User23,,
1490032537815,Mouse Moved,585.0,304.0,User23,,
1490032537831,Mouse Moved,585.0,305.0,User23,,
1490032537846,Mouse Moved,585.0,307.0,User23,,
1490032537862,Mouse Moved,585.0,310.0,User23,,
1490032537878,Mouse Moved,585.0,311.0,User23,,
1490032537894,Mouse Moved,585.0,314.0,User23,,
1490032537908,Mouse Moved,585.0,315.0,User23,,
1490032537924,Mouse Moved,585.0,317.0,User23,,
1490032537940,Mouse Moved,585.0,318.0,User23,,
1490032537956,Mouse Moved,585.0,320.0,User23,,
1490032537971,Mouse Moved,585.0,321.0,User23,,
1490032538236,Mouse Moved,584.0,321.0,User23,,
1490032538361,Mouse Moved,584.0,321.0,User23,,
1490032572852,Mouse Moved,585.0,323.0,User23,,
1490032572868,Mouse Moved,585.0,324.0,User23,,
1490032572884,Mouse Moved,585.0,325.0,User23,,
1490032572915,Mouse Moved,585.0,326.0,User23,,
1490032572930,Mouse Moved,584.0,326.0,User23,,
1490032572947,Mouse Moved,582.0,326.0,User23,,
1490032572963,Mouse Moved,579.0,326.0,User23,,
1490032572977,Mouse Moved,571.0,325.0,User23,,
1490032572993,Mouse Moved,566.0,324.0,User23,,
1490032573009,Mouse Moved,559.0,322.0,User23,,
1490032573025,Mouse Moved,554.0,319.0,User23,,
1490032573040,Mouse Moved,552.0,319.0,User23,,
1490032573055,Mouse Moved,549.0,316.0,User23,,
1490032573072,Mouse Moved,549.0,315.0,User23,,
1490032573118,Mouse Moved,548.0,316.0,User23,,
1490032573134,Mouse Moved,550.0,322.0,User23,,
1490032573150,Mouse Moved,556.0,343.0,User23,,
1490032573164,Mouse Moved,562.0,359.0,User23,,
1490032573180,Mouse Moved,573.0,385.0,User23,,
1490032573197,Mouse Moved,576.0,395.0,User23,,
1490032573211,Mouse Moved,584.0,411.0,User23,,
1490032573227,Mouse Moved,586.0,415.0,User23,,
1490032573243,Mouse Moved,589.0,420.0,User23,,
1490032573259,Mouse Moved,591.0,422.0,User23,,
1490032573523,Mouse Moved,591.0,423.0,User23,,
1490032573539,Mouse Moved,585.0,451.0,User23,,
1490032573555,Mouse Moved,564.0,525.0,User23,,
1490032573571,Mouse Moved,535.0,603.0,User23,,
1490032573586,Mouse Moved,525.0,628.0,User23,,
1490032573601,Mouse Moved,506.0,683.0,User23,,
1490032573618,Mouse Moved,502.0,695.0,User23,,
1490032573632,Mouse Moved,495.0,715.0,User23,,
1490032573648,Mouse Moved,493.0,717.0,User23,,
1490032573664,Mouse Moved,491.0,721.0,User23,,
1490032573851,Mouse Moved,490.0,723.0,User23,,
1490032573867,Mouse Moved,487.0,727.0,User23,,
1490032573882,Mouse Moved,471.0,746.0,User23,,
1490032573914,Mouse Moved,419.0,799.0,User23,,
1490032573944,Mouse Moved,396.0,825.0,User23,,
1490032573960,Mouse Moved,390.0,831.0,User23,,
1490032573976,Mouse Moved,390.0,832.0,User23,,
1490032574007,Mouse Moved,390.0,833.0,User23,,
1490032574023,Mouse Moved,391.0,834.0,User23,,
1490032574039,Mouse Moved,392.0,835.0,User23,,
1490032574055,Mouse Moved,397.0,837.0,User23,,
1490032574069,Mouse Moved,399.0,839.0,User23,,
1490032574085,Mouse Moved,407.0,842.0,User23,,
1490032574101,Mouse Moved,408.0,843.0,User23,,
1490032574117,Mouse Moved,413.0,845.0,User23,,
1490032574132,Mouse Moved,415.0,846.0,User23,,
1490032574148,Mouse Moved,416.0,847.0,User23,,
1490032574164,Mouse Moved,417.0,847.0,User23,,
1490032574178,Mouse Moved,418.0,847.0,User23,,
1490032574194,Mouse Moved,418.0,848.0,User23,,
1490032574210,Mouse Moved,419.0,848.0,User23,,
1490032574226,Mouse Moved,421.0,848.0,User23,,
1490032574242,Mouse Moved,425.0,848.0,User23,,
1490032574256,Mouse Moved,428.0,848.0,User23,,
1490032574273,Mouse Moved,437.0,848.0,User23,,
1490032574289,Mouse Moved,440.0,848.0,User23,,
1490032574303,Mouse Moved,447.0,846.0,User23,,
1490032574319,Mouse Moved,450.0,846.0,User23,,
1490032574335,Mouse Moved,453.0,846.0,User23,,
1490032574351,Mouse Moved,455.0,844.0,User23,,
1490032574553,Mouse Moved,455.0,844.0,User23,,
1490032574694,Mouse Moved,455.0,844.0,User23,,
1490032576440,Mouse Moved,455.0,844.0,User23,,
1490032576582,Mouse Moved,455.0,844.0,User23,,
1490032577424,Mouse Moved,460.0,838.0,User23,,
1490032577440,Mouse Moved,473.0,815.0,User23,,
1490032577454,Mouse Moved,488.0,784.0,User23,,
1490032577470,Mouse Moved,527.0,700.0,User23,,
1490032577486,Mouse Moved,552.0,629.0,User23,,
1490032577502,Mouse Moved,557.0,592.0,User23,,
1490032577532,Mouse Moved,560.0,568.0,User23,,
1490032577549,Mouse Moved,560.0,548.0,User23,,
1490032577565,Mouse Moved,560.0,545.0,User23,,
1490032577579,Mouse Moved,560.0,542.0,User23,,
1490032577611,Mouse Moved,560.0,540.0,User23,,
1490032577642,Mouse Moved,559.0,538.0,User23,,
1490032577674,Mouse Moved,559.0,536.0,User23,,
1490032577688,Mouse Moved,559.0,535.0,User23,,
1490032577704,Mouse Moved,559.0,530.0,User23,,
1490032577954,Mouse Moved,556.0,530.0,User23,,
1490032577970,Mouse Moved,544.0,527.0,User23,,
1490032577986,Mouse Moved,534.0,522.0,User23,,
1490032578000,Mouse Moved,512.0,512.0,User23,,
1490032578016,Mouse Moved,499.0,505.0,User23,,
1490032578032,Mouse Moved,481.0,493.0,User23,,
1490032578048,Mouse Moved,471.0,487.0,User23,,
1490032578063,Mouse Moved,468.0,485.0,User23,,
1490032578078,Mouse Moved,466.0,483.0,User23,,
1490032578095,Mouse Moved,465.0,482.0,User23,,
1490032578141,Mouse Moved,465.0,481.0,User23,,
1490032578157,Mouse Moved,466.0,480.0,User23,,
1490032578173,Mouse Moved,471.0,477.0,User23,,
1490032578188,Mouse Moved,518.0,463.0,User23,,
1490032578203,Mouse Moved,564.0,457.0,User23,,
1490032578220,Mouse Moved,581.0,457.0,User23,,
1490032578234,Mouse Moved,613.0,457.0,User23,,
1490032578250,Mouse Moved,631.0,457.0,User23,,
1490032578266,Mouse Moved,635.0,458.0,User23,,
1490032578282,Mouse Moved,638.0,458.0,User23,,
1490032578298,Mouse Moved,640.0,458.0,User23,,
1490032578312,Mouse Moved,641.0,458.0,User23,,
1490032587813,Mouse Moved,640.0,458.0,User23,,
1490032587828,Mouse Moved,637.0,458.0,User23,,
1490032587845,Mouse Moved,631.0,458.0,User23,,
1490032587861,Mouse Moved,616.0,455.0,User23,,
1490032587875,Mouse Moved,607.0,454.0,User23,,
1490032587891,Mouse Moved,593.0,452.0,User23,,
1490032587907,Mouse Moved,574.0,448.0,User23,,
1490032587923,Mouse Moved,557.0,444.0,User23,,
1490032587938,Mouse Moved,544.0,438.0,User23,,
1490032587953,Mouse Moved,540.0,435.0,User23,,
1490032587984,Mouse Moved,532.0,428.0,User23,,
1490032588250,Mouse Moved,529.0,422.0,User23,,
1490032588266,Mouse Moved,519.0,421.0,User23,,
1490032588282,Mouse Moved,511.0,418.0,User23,,
1490032588296,Mouse Moved,478.0,406.0,User23,,
1490032588312,Mouse Moved,466.0,398.0,User23,,
1490032588328,Mouse Moved,447.0,387.0,User23,,
1490032588344,Mouse Moved,436.0,383.0,User23,,
1490032588359,Mouse Moved,431.0,380.0,User23,,
1490032588375,Mouse Moved,429.0,379.0,User23,,
1490032588391,Mouse Moved,428.0,378.0,User23,,
1490032588608,Mouse Moved,428.0,379.0,User23,,
1490032588655,Mouse Moved,425.0,380.0,User23,,
1490032588671,Mouse Moved,419.0,382.0,User23,,
1490032588687,Mouse Moved,411.0,382.0,User23,,
1490032588703,Mouse Moved,409.0,382.0,User23,,
1490032588719,Mouse Moved,407.0,382.0,User23,,
1490032588750,Mouse Moved,406.0,382.0,User23,,
1490032589857,Mouse Moved,406.0,382.0,User23,,
1490032589920,Mouse Moved,406.0,382.0,User23,,
1490032593664,Mouse Moved,404.0,382.0,User23,,
1490032593678,Mouse Moved,399.0,382.0,User23,,
1490032593694,Mouse Moved,372.0,376.0,User23,,
1490032593710,Mouse Moved,341.0,360.0,User23,,
1490032593726,Mouse Moved,274.0,304.0,User23,,
1490032593742,Mouse Moved,240.0,274.0,User23,,
1490032593756,Mouse Moved,191.0,231.0,User23,,
1490032593773,Mouse Moved,158.0,201.0,User23,,
1490032593789,Mouse Moved,151.0,195.0,User23,,
1490032593819,Mouse Moved,150.0,193.0,User23,,
1490032593835,Mouse Moved,144.0,180.0,User23,,
1490032593851,Mouse Moved,143.0,178.0,User23,,
1490032594069,Mouse Moved,142.0,178.0,User23,,
1490032594085,Mouse Moved,137.0,176.0,User23,,
1490032594101,Mouse Moved,130.0,172.0,User23,,
1490032594115,Mouse Moved,101.0,141.0,User23,,
1490032594131,Mouse Moved,87.0,126.0,User23,,
1490032594147,Mouse Moved,67.0,107.0,User23,,
1490032594163,Mouse Moved,59.0,100.0,User23,,
1490032594178,Mouse Moved,43.0,88.0,User23,,
1490032594194,Mouse Moved,37.0,86.0,User23,,
1490032594210,Mouse Moved,34.0,84.0,User23,,
1490032594224,Mouse Moved,33.0,84.0,User23,,
1490032594256,Mouse Moved,32.0,84.0,User23,,
1490032594272,Mouse Moved,31.0,83.0,User23,,
1490032594413,Mouse Moved,30.0,83.0,User23,,
1490032597438,Mouse Moved,30.0,83.0,User23,,
1490032597548,Mouse Moved,30.0,83.0,User23,,
1490032599388,Mouse Moved,30.0,83.0,User23,,
1490032599513,Mouse Moved,30.0,83.0,User23,,
1490032600091,Mouse Moved,32.0,84.0,User23,,
1490032600107,Mouse Moved,37.0,87.0,User23,,
1490032600121,Mouse Moved,58.0,99.0,User23,,
1490032600153,Mouse Moved,128.0,146.0,User23,,
1490032600168,Mouse Moved,240.0,227.0,User23,,
1490032600184,Mouse Moved,298.0,271.0,User23,,
1490032600200,Mouse Moved,323.0,288.0,User23,,
1490032600216,Mouse Moved,352.0,312.0,User23,,
1490032600278,Mouse Moved,367.0,326.0,User23,,
1490032600387,Mouse Moved,377.0,335.0,User23,,
1490032600450,Mouse Moved,378.0,335.0,User23,,
1490032600464,Mouse Moved,382.0,336.0,User23,,
1490032600480,Mouse Moved,391.0,337.0,User23,,
1490032600496,Mouse Moved,414.0,337.0,User23,,
1490032600512,Mouse Moved,428.0,337.0,User23,,
1490032600528,Mouse Moved,464.0,338.0,User23,,
1490032600542,Mouse Moved,478.0,339.0,User23,,
1490032600559,Mouse Moved,498.0,345.0,User23,,
1490032600575,Mouse Moved,504.0,346.0,User23,,
1490032600589,Mouse Moved,513.0,351.0,User23,,
1490032600605,Mouse Moved,515.0,352.0,User23,,
1490032600776,Mouse Moved,518.0,352.0,User23,,
1490032600792,Mouse Moved,521.0,350.0,User23,,
1490032600809,Mouse Moved,552.0,335.0,User23,,
1490032600823,Mouse Moved,604.0,314.0,User23,,
1490032600839,Mouse Moved,617.0,306.0,User23,,
1490032600855,Mouse Moved,632.0,302.0,User23,,
1490032600871,Mouse Moved,647.0,296.0,User23,,
1490032600887,Mouse Moved,652.0,294.0,User23,,
1490032600901,Mouse Moved,656.0,293.0,User23,,
1490032600917,Mouse Moved,657.0,292.0,User23,,
1490032601010,Mouse Moved,657.0,293.0,User23,,
1490032601026,Mouse Moved,654.0,295.0,User23,,
1490032601042,Mouse Moved,635.0,301.0,User23,,
1490032601058,Mouse Moved,592.0,309.0,User23,,
1490032601073,Mouse Moved,554.0,309.0,User23,,
1490032601088,Mouse Moved,515.0,302.0,User23,,
1490032601105,Mouse Moved,473.0,290.0,User23,,
1490032601121,Mouse Moved,462.0,285.0,User23,,
1490032601135,Mouse Moved,452.0,282.0,User23,,
1490032601151,Mouse Moved,442.0,277.0,User23,,
1490032601167,Mouse Moved,437.0,275.0,User23,,
1490032601183,Mouse Moved,436.0,274.0,User23,,
1490032601369,Mouse Moved,439.0,274.0,User23,,
1490032601385,Mouse Moved,449.0,274.0,User23,,
1490032601401,Mouse Moved,509.0,271.0,User23,,
1490032601417,Mouse Moved,539.0,271.0,User23,,
1490032601433,Mouse Moved,582.0,274.0,User23,,
1490032601447,Mouse Moved,604.0,275.0,User23,,
1490032601479,Mouse Moved,608.0,275.0,User23,,
1490032601648,Mouse Moved,614.0,275.0,User23,,
1490032601664,Mouse Moved,663.0,269.0,User23,,
1490032601665,Mouse Moved,730.0,257.0,User23,,
1490032601677,Mouse Moved,794.0,242.0,User23,,
1490032601694,Mouse Moved,863.0,236.0,User23,,
1490032601697,Mouse Moved,924.0,226.0,User23,,
1490032601707,Mouse Moved,978.0,226.0,User23,,
1490032601723,Mouse Moved,1012.0,231.0,User23,,
1490032601744,Mouse Moved,1081.0,254.0,User23,,
1490032601756,Mouse Moved,1092.0,258.0,User23,,
1490032601757,Mouse Moved,1096.0,260.0,User23,,
1490032601766,Mouse Moved,1099.0,260.0,User23,,
1490032601917,Mouse Moved,1100.0,260.0,User23,,
1490032601933,Mouse Moved,1106.0,257.0,User23,,
1490032601934,Mouse Moved,1134.0,242.0,User23,,
1490032601950,Mouse Moved,1171.0,223.0,User23,,
1490032601963,Mouse Moved,1213.0,202.0,User23,,
1490032601964,Mouse Moved,1258.0,185.0,User23,,
1490032601983,Mouse Moved,1284.0,172.0,User23,,
1490032601993,Mouse Moved,1309.0,161.0,User23,,
1490032601994,Mouse Moved,1327.0,152.0,User23,,
1490032602009,Mouse Moved,1344.0,147.0,User23,,
1490032602010,Mouse Moved,1353.0,144.0,User23,,
1490032602022,Mouse Moved,1359.0,142.0,User23,,
1490032602038,Mouse Moved,1365.0,140.0,User23,,
1490032602039,Mouse Moved,1367.0,140.0,User23,,
1490032602052,Mouse Moved,1368.0,140.0,User23,,
1490032602203,Mouse Moved,1369.0,140.0,User23,,
1490032602217,Mouse Moved,1371.0,141.0,User23,,
1490032602232,Mouse Moved,1376.0,144.0,User23,,
1490032602233,Mouse Moved,1381.0,148.0,User23,,
1490032602247,Mouse Moved,1386.0,151.0,User23,,
1490032602249,Mouse Moved,1393.0,157.0,User23,,
1490032602266,Mouse Moved,1401.0,163.0,User23,,
1490032602278,Mouse Moved,1407.0,169.0,User23,,
1490032602279,Mouse Moved,1413.0,174.0,User23,,
1490032602292,Mouse Moved,1418.0,179.0,User23,,
1490032602309,Mouse Moved,1424.0,183.0,User23,,
1490032602311,Mouse Moved,1429.0,187.0,User23,,
1490032602322,Mouse Moved,1430.0,189.0,User23,,
1490032602338,Mouse Moved,1432.0,189.0,User23,,
1490032602339,Mouse Moved,1432.0,190.0,User23,,
1490032602354,Mouse Moved,1433.0,190.0,User23,,
1490032602368,Mouse Moved,1433.0,191.0,User23,,
1490032602381,Mouse Moved,1435.0,192.0,User23,,
1490032602384,Mouse Moved,1436.0,192.0,User23,,
1490032602413,Mouse Moved,1437.0,192.0,User23,,
1490032602460,Mouse Moved,1438.0,193.0,User23,,
1490032602489,Mouse Moved,1439.0,194.0,User23,,
1490032602520,Mouse Moved,1440.0,196.0,User23,,
1490032602548,Mouse Moved,1440.0,197.0,User23,,
1490032602549,Mouse Moved,1441.0,198.0,User23,,
1490032602562,Mouse Moved,1441.0,199.0,User23,,
1490032602579,Mouse Moved,1442.0,199.0,User23,,
1490032602581,Mouse Moved,1443.0,200.0,User23,,
1490032602592,Mouse Moved,1444.0,201.0,User23,,
1490032602608,Mouse Moved,1445.0,202.0,User23,,
1490032602624,Mouse Moved,1446.0,202.0,User23,,
1490032602625,Mouse Moved,1447.0,202.0,User23,,
1490032602653,Mouse Moved,1448.0,202.0,User23,,
1490032602654,Mouse Moved,1448.0,203.0,User23,,
1490032602667,Mouse Moved,1449.0,203.0,User23,,
1490032602683,Mouse Moved,1450.0,203.0,User23,,
1490032602697,Mouse Moved,1451.0,204.0,User23,,
1490032602700,Mouse Moved,1452.0,204.0,User23,,
1490032602713,Mouse Moved,1454.0,205.0,User23,,
1490032602727,Mouse Moved,1456.0,205.0,User23,,
1490032602729,Mouse Moved,1457.0,206.0,User23,,
1490032602743,Mouse Moved,1458.0,206.0,User23,,
1490032602757,Mouse Moved,1460.0,207.0,User23,,
1490032602772,Mouse Moved,1462.0,207.0,User23,,
1490032602788,Mouse Moved,1464.0,209.0,User23,,
1490032602789,Mouse Moved,1465.0,209.0,User23,,
1490032602802,Mouse Moved,1468.0,211.0,User23,,
1490032602805,Mouse Moved,1471.0,213.0,User23,,
1490032602818,Mouse Moved,1474.0,214.0,User23,,
1490032602832,Mouse Moved,1477.0,216.0,User23,,
1490032602855,Mouse Moved,1478.0,216.0,User23,,
1490032602869,Mouse Moved,1479.0,216.0,User23,,
1490032602901,Mouse Moved,1480.0,216.0,User23,,
1490032602917,Mouse Moved,1481.0,216.0,User23,,
1490032602947,Mouse Moved,1482.0,216.0,User23,,
1490032602979,Mouse Moved,1483.0,216.0,User23,,
1490032603010,Mouse Moved,1484.0,216.0,User23,,
1490032603088,Mouse Moved,1485.0,216.0,User23,,
1490032603759,Mouse Moved,1484.0,216.0,User23,,
1490032603822,Mouse Moved,1484.0,216.0,User23,,
1490032603836,Mouse Button.left Released,1484.0,216.0,User23,,
1490032604118,Mouse Moved,1475.0,220.0,User23,,
1490032604134,Mouse Moved,1357.0,258.0,User23,,
1490032604148,Mouse Moved,1307.0,264.0,User23,,
1490032604164,Mouse Moved,1195.0,269.0,User23,,
1490032604180,Mouse Moved,1135.0,269.0,User23,,
1490032604196,Mouse Moved,1045.0,266.0,User23,,
1490032604211,Mouse Moved,994.0,261.0,User23,,
1490032604226,Mouse Moved,973.0,257.0,User23,,
1490032604243,Mouse Moved,955.0,256.0,User23,,
1490032604259,Mouse Moved,951.0,255.0,User23,,
1490032604273,Mouse Moved,946.0,254.0,User23,,
1490032604289,Mouse Moved,944.0,246.0,User23,,
1490032604460,Mouse Moved,938.0,251.0,User23,,
1490032604476,Mouse Moved,914.0,263.0,User23,,
1490032604493,Mouse Moved,820.0,284.0,User23,,
1490032604507,Mouse Moved,716.0,290.0,User23,,
1490032604523,Mouse Moved,667.0,290.0,User23,,
1490032604539,Mouse Moved,631.0,286.0,User23,,
1490032604555,Mouse Moved,584.0,277.0,User23,,
1490032604571,Mouse Moved,565.0,273.0,User23,,
1490032604585,Mouse Moved,551.0,270.0,User23,,
1490032604601,Mouse Moved,547.0,269.0,User23,,
1490032604617,Mouse Moved,545.0,267.0,User23,,
1490032604835,Mouse Moved,543.0,267.0,User23,,
1490032604851,Mouse Moved,541.0,267.0,User23,,
1490032604867,Mouse Moved,536.0,267.0,User23,,
1490032604882,Mouse Moved,533.0,268.0,User23,,
1490032604898,Mouse Moved,528.0,269.0,User23,,
1490032604914,Mouse Moved,526.0,269.0,User23,,
1490032604928,Mouse Moved,523.0,270.0,User23,,
1490032604944,Mouse Moved,522.0,270.0,User23,,
1490032604960,Mouse Moved,520.0,270.0,User23,,
1490032604976,Mouse Moved,519.0,270.0,User23,,
1490032604992,Mouse Moved,518.0,270.0,User23,,
1490032605006,Mouse Moved,517.0,270.0,User23,,
1490032605023,Mouse Moved,516.0,270.0,User23,,
1490032605053,Mouse Moved,514.0,270.0,User23,,
1490032605069,Mouse Moved,510.0,270.0,User23,,
1490032605085,Mouse Moved,505.0,268.0,User23,,
1490032605101,Mouse Moved,503.0,267.0,User23,,
1490032605117,Mouse Moved,487.0,259.0,User23,,
1490032605131,Mouse Moved,469.0,247.0,User23,,
1490032605148,Mouse Moved,459.0,239.0,User23,,
1490032605163,Mouse Moved,449.0,234.0,User23,,
1490032605178,Mouse Moved,447.0,233.0,User23,,
1490032605194,Mouse Moved,444.0,232.0,User23,,
1490032605226,Mouse Moved,443.0,231.0,User23,,
1490032605240,Mouse Moved,442.0,231.0,User23,,
1490032605256,Mouse Moved,442.0,231.0,User23,,
1490032605381,Mouse Moved,442.0,231.0,User23,,
1490032607098,Mouse Moved,442.0,232.0,User23,,
1490032607112,Mouse Moved,442.0,234.0,User23,,
1490032607128,Mouse Moved,442.0,235.0,User23,,
1490032607144,Mouse Moved,441.0,241.0,User23,,
1490032607160,Mouse Moved,441.0,246.0,User23,,
1490032607176,Mouse Moved,440.0,252.0,User23,,
1490032607190,Mouse Moved,439.0,258.0,User23,,
1490032607207,Mouse Moved,439.0,261.0,User23,,
1490032607223,Mouse Moved,439.0,267.0,User23,,
1490032607237,Mouse Moved,439.0,270.0,User23,,
1490032607253,Mouse Moved,439.0,274.0,User23,,
1490032607269,Mouse Moved,439.0,276.0,User23,,
1490032607285,Mouse Moved,439.0,279.0,User23,,
1490032607301,Mouse Moved,439.0,282.0,User23,,
1490032607315,Mouse Moved,439.0,284.0,User23,,
1490032607332,Mouse Moved,439.0,286.0,User23,,
1490032607346,Mouse Moved,439.0,287.0,User23,,
1490032607362,Mouse Moved,439.0,288.0,User23,,
1490032607378,Mouse Moved,439.0,289.0,User23,,
1490032607565,Mouse Moved,439.0,289.0,User23,,
1490032607674,Mouse Moved,439.0,289.0,User23,,
1490032611200,Mouse Moved,438.0,289.0,User23,,
1490032611293,Mouse Moved,437.0,290.0,User23,,
1490032611309,Mouse Moved,436.0,290.0,User23,,
1490032611325,Mouse Moved,433.0,290.0,User23,,
1490032611341,Mouse Moved,430.0,290.0,User23,,
1490032611357,Mouse Moved,426.0,290.0,User23,,
1490032611371,Mouse Moved,424.0,290.0,User23,,
1490032611388,Mouse Moved,419.0,290.0,User23,,
1490032611403,Mouse Moved,416.0,290.0,User23,,
1490032611434,Mouse Moved,412.0,290.0,User23,,
1490032611450,Mouse Moved,411.0,290.0,User23,,
1490032611466,Mouse Moved,410.0,289.0,User23,,
1490032611528,Mouse Moved,409.0,289.0,User23,,
1490032611559,Mouse Moved,408.0,289.0,User23,,
1490032611591,Mouse Moved,407.0,289.0,User23,,
1490032611887,Mouse Moved,407.0,290.0,User23,,
1490032612012,Mouse Moved,407.0,290.0,User23,,
1490032612308,Mouse Moved,408.0,290.0,User23,,
1490032612323,Mouse Moved,411.0,290.0,User23,,
1490032612338,Mouse Moved,413.0,292.0,User23,,
1490032612355,Mouse Moved,417.0,294.0,User23,,
1490032612371,Mouse Moved,421.0,297.0,User23,,
1490032612385,Mouse Moved,422.0,298.0,User23,,
1490032612401,Mouse Moved,425.0,301.0,User23,,
1490032612417,Mouse Moved,427.0,302.0,User23,,
1490032612433,Mouse Moved,429.0,303.0,User23,,
1490032612448,Mouse Moved,430.0,304.0,User23,,
1490032612463,Mouse Moved,431.0,305.0,User23,,
1490032612480,Mouse Moved,433.0,306.0,User23,,
1490032612510,Mouse Moved,435.0,307.0,User23,,
1490032612542,Mouse Moved,437.0,308.0,User23,,
1490032612572,Mouse Moved,437.0,309.0,User23,,
1490032612588,Mouse Moved,438.0,309.0,User23,,
1490032612683,Mouse Moved,439.0,310.0,User23,,
1490032612713,Mouse Moved,440.0,311.0,User23,,
1490032612729,Mouse Moved,441.0,313.0,User23,,
1490032612744,Mouse Moved,442.0,315.0,User23,,
1490032612760,Mouse Moved,446.0,321.0,User23,,
1490032612776,Mouse Moved,448.0,328.0,User23,,
1490032612792,Mouse Moved,451.0,337.0,User23,,
1490032612806,Mouse Moved,453.0,342.0,User23,,
1490032612822,Mouse Moved,456.0,348.0,User23,,
1490032612838,Mouse Moved,461.0,361.0,User23,,
1490032612854,Mouse Moved,463.0,370.0,User23,,
1490032612869,Mouse Moved,468.0,384.0,User23,,
1490032612884,Mouse Moved,471.0,389.0,User23,,
1490032613134,Mouse Moved,472.0,388.0,User23,,
1490032613151,Mouse Moved,476.0,380.0,User23,,
1490032613165,Mouse Moved,484.0,367.0,User23,,
1490032613181,Mouse Moved,487.0,363.0,User23,,
1490032613197,Mouse Moved,490.0,359.0,User23,,
1490032613213,Mouse Moved,491.0,358.0,User23,,
1490032613229,Mouse Moved,492.0,357.0,User23,,
1490032613275,Mouse Moved,492.0,356.0,User23,,
1490032613290,Mouse Moved,492.0,355.0,User23,,
1490032613338,Mouse Moved,493.0,355.0,User23,,
1490032613447,Mouse Moved,493.0,354.0,User23,,
1490032613680,Mouse Moved,493.0,354.0,User23,,
1490032613789,Mouse Moved,493.0,354.0,User23,,
1490032654023,Mouse Moved,492.0,354.0,User23,,
1490032654038,Mouse Moved,491.0,354.0,User23,,
1490032654053,Mouse Moved,489.0,354.0,User23,,
1490032654069,Mouse Moved,478.0,345.0,User23,,
1490032654085,Mouse Moved,468.0,335.0,User23,,
1490032654101,Mouse Moved,440.0,303.0,User23,,
1490032654115,Mouse Moved,423.0,284.0,User23,,
1490032654131,Mouse Moved,416.0,277.0,User23,,
1490032654147,Mouse Moved,409.0,269.0,User23,,
1490032654163,Mouse Moved,408.0,268.0,User23,,
1490032654178,Mouse Moved,406.0,266.0,User23,,
1490032654194,Mouse Moved,406.0,265.0,User23,,
1490032654210,Mouse Moved,405.0,264.0,User23,,
1490032654224,Mouse Moved,405.0,261.0,User23,,
1490032654240,Mouse Moved,405.0,256.0,User23,,
1490032654256,Mouse Moved,413.0,243.0,User23,,
1490032654272,Mouse Moved,424.0,233.0,User23,,
1490032654302,Mouse Moved,431.0,227.0,User23,,
1490032654319,Mouse Moved,459.0,213.0,User23,,
1490032654335,Mouse Moved,473.0,209.0,User23,,
1490032654349,Mouse Moved,477.0,208.0,User23,,
1490032654365,Mouse Moved,482.0,207.0,User23,,
1490032654381,Mouse Moved,484.0,207.0,User23,,
1490032654397,Mouse Moved,484.0,208.0,User23,,
1490032654413,Mouse Moved,484.0,209.0,User23,,
1490032654427,Mouse Moved,484.0,212.0,User23,,
1490032654444,Mouse Moved,478.0,220.0,User23,,
1490032654459,Mouse Moved,467.0,234.0,User23,,
1490032654474,Mouse Moved,454.0,246.0,User23,,
1490032654490,Mouse Moved,449.0,251.0,User23,,
1490032654506,Mouse Moved,444.0,258.0,User23,,
1490032654522,Mouse Moved,436.0,267.0,User23,,
1490032654536,Mouse Moved,433.0,270.0,User23,,
1490032654552,Mouse Moved,428.0,275.0,User23,,
1490032654569,Mouse Moved,424.0,278.0,User23,,
1490032654584,Mouse Moved,423.0,280.0,User23,,
1490032654599,Mouse Moved,419.0,283.0,User23,,
1490032654615,Mouse Moved,415.0,287.0,User23,,
1490032654647,Mouse Moved,408.0,292.0,User23,,
1490032654661,Mouse Moved,402.0,295.0,User23,,
1490032654677,Mouse Moved,400.0,295.0,User23,,
1490032654709,Mouse Moved,397.0,295.0,User23,,
1490032654724,Mouse Moved,396.0,295.0,User23,,
1490032654740,Mouse Moved,392.0,295.0,User23,,
1490032654756,Mouse Moved,391.0,295.0,User23,,
1490032654770,Mouse Moved,390.0,295.0,User23,,
1490032654786,Mouse Moved,389.0,295.0,User23,,
1490032654818,Mouse Moved,388.0,295.0,User23,,
1490032655239,Mouse Moved,390.0,294.0,User23,,
1490032655255,Mouse Moved,391.0,293.0,User23,,
1490032655270,Mouse Moved,393.0,292.0,User23,,
1490032655286,Mouse Moved,396.0,292.0,User23,,
1490032655302,Mouse Moved,400.0,295.0,User23,,
1490032655316,Mouse Moved,403.0,299.0,User23,,
1490032655332,Mouse Moved,422.0,334.0,User23,,
1490032655348,Mouse Moved,434.0,370.0,User23,,
1490032655364,Mouse Moved,438.0,381.0,User23,,
1490032655380,Mouse Moved,439.0,392.0,User23,,
1490032655394,Mouse Moved,441.0,401.0,User23,,
1490032655411,Mouse Moved,441.0,403.0,User23,,
1490032655427,Mouse Moved,442.0,405.0,User23,,
1490032655739,Mouse Moved,442.0,405.0,User23,,
1490032655753,Mouse Moved,438.0,403.0,User23,,
1490032655785,Mouse Moved,429.0,394.0,User23,,
1490032655801,Mouse Moved,418.0,386.0,User23,,
1490032655816,Mouse Moved,411.0,383.0,User23,,
1490032655832,Mouse Moved,407.0,381.0,User23,,
1490032655848,Mouse Moved,401.0,380.0,User23,,
1490032655862,Mouse Moved,397.0,380.0,User23,,
1490032655878,Mouse Moved,396.0,380.0,User23,,
1490032655926,Mouse Moved,395.0,381.0,User23,,
1490032655987,Mouse Moved,395.0,381.0,User23,,
1490032674240,Mouse Moved,394.0,379.0,User23,,
1490032674256,Mouse Moved,394.0,365.0,User23,,
1490032674270,Mouse Moved,394.0,355.0,User23,,
1490032674286,Mouse Moved,394.0,332.0,User23,,
1490032674302,Mouse Moved,394.0,307.0,User23,,
1490032674318,Mouse Moved,394.0,302.0,User23,,
1490032674334,Mouse Moved,394.0,297.0,User23,,
1490032674348,Mouse Moved,393.0,291.0,User23,,
1490032674365,Mouse Moved,393.0,288.0,User23,,
1490032674381,Mouse Moved,393.0,287.0,User23,,
1490032674395,Mouse Moved,392.0,286.0,User23,,
1490032674443,Mouse Moved,392.0,285.0,User23,,
1490032674473,Mouse Moved,392.0,283.0,User23,,
1490032674490,Mouse Moved,391.0,278.0,User23,,
1490032674505,Mouse Moved,390.0,270.0,User23,,
1490032674520,Mouse Moved,390.0,263.0,User23,,
1490032674536,Mouse Moved,386.0,255.0,User23,,
1490032674552,Mouse Moved,385.0,252.0,User23,,
1490032674568,Mouse Moved,385.0,251.0,User23,,
1490032674582,Mouse Moved,384.0,250.0,User23,,
1490032674598,Mouse Moved,384.0,249.0,User23,,
1490032674615,Mouse Moved,383.0,249.0,User23,,
1490032674630,Mouse Moved,383.0,248.0,User23,,
1490032674755,Mouse Moved,383.0,249.0,User23,,
1490032677969,Mouse Moved,383.0,250.0,User23,,
1490032677983,Mouse Moved,383.0,256.0,User23,,
1490032678015,Mouse Moved,382.0,265.0,User23,,
1490032678030,Mouse Moved,382.0,269.0,User23,,
1490032678046,Mouse Moved,382.0,281.0,User23,,
1490032678062,Mouse Moved,382.0,288.0,User23,,
1490032678078,Mouse Moved,382.0,291.0,User23,,
1490032678092,Mouse Moved,382.0,294.0,User23,,
1490032678108,Mouse Moved,382.0,296.0,User23,,
1490032678125,Mouse Moved,382.0,297.0,User23,,
1490032678140,Mouse Moved,382.0,298.0,User23,,
1490032678155,Mouse Moved,382.0,299.0,User23,,
1490032678342,Mouse Moved,382.0,298.0,User23,,
1490032678421,Mouse Moved,382.0,298.0,User23,,
1490032679591,Mouse Moved,382.0,300.0,User23,,
1490032679607,Mouse Moved,382.0,302.0,User23,,
1490032679638,Mouse Moved,380.0,306.0,User23,,
1490032679653,Mouse Moved,377.0,319.0,User23,,
1490032679668,Mouse Moved,376.0,322.0,User23,,
1490032679684,Mouse Moved,375.0,324.0,User23,,
1490032679700,Mouse Moved,375.0,327.0,User23,,
1490032679716,Mouse Moved,375.0,328.0,User23,,
1490032679746,Mouse Moved,375.0,330.0,User23,,
1490032679825,Mouse Moved,375.0,330.0,User23,,
1490032679918,Mouse Moved,375.0,330.0,User23,,
1490032679934,Mouse Button.left Released,375.0,330.0,User23,,
1490032680184,Mouse Moved,375.0,333.0,User23,,
1490032680198,Mouse Moved,374.0,339.0,User23,,
1490032680214,Mouse Moved,371.0,371.0,User23,,
1490032680230,Mouse Moved,371.0,447.0,User23,,
1490032680246,Mouse Moved,375.0,510.0,User23,,
1490032680262,Mouse Moved,383.0,562.0,User23,,
1490032680276,Mouse Moved,390.0,604.0,User23,,
1490032680292,Mouse Moved,398.0,644.0,User23,,
1490032680309,Mouse Moved,412.0,679.0,User23,,
1490032680323,Mouse Moved,415.0,687.0,User23,,
1490032680339,Mouse Moved,420.0,700.0,User23,,
1490032680510,Mouse Moved,420.0,702.0,User23,,
1490032680526,Mouse Moved,421.0,717.0,User23,,
1490032680542,Mouse Moved,423.0,738.0,User23,,
1490032680558,Mouse Moved,423.0,751.0,User23,,
1490032680573,Mouse Moved,424.0,780.0,User23,,
1490032680588,Mouse Moved,424.0,797.0,User23,,
1490032680605,Mouse Moved,427.0,816.0,User23,,
1490032680621,Mouse Moved,428.0,823.0,User23,,
1490032680635,Mouse Moved,432.0,831.0,User23,,
1490032680651,Mouse Moved,433.0,835.0,User23,,
1490032680667,Mouse Moved,434.0,836.0,User23,,
1490032680683,Mouse Moved,435.0,838.0,User23,,
1490032680698,Mouse Moved,435.0,839.0,User23,,
1490032680730,Mouse Moved,436.0,842.0,User23,,
1490032680947,Mouse Moved,438.0,843.0,User23,,
1490032680963,Mouse Moved,443.0,843.0,User23,,
1490032680979,Mouse Moved,446.0,843.0,User23,,
1490032680994,Mouse Moved,447.0,843.0,User23,,
1490032681010,Mouse Moved,449.0,843.0,User23,,
1490032681042,Mouse Moved,451.0,844.0,User23,,
1490032681056,Mouse Moved,452.0,844.0,User23,,
1490032681104,Mouse Moved,452.0,844.0,User23,,
1490032681119,Mouse Button.left Pressed,452.0,844.0,User23,,
1490032681213,Mouse Moved,452.0,844.0,User23,,
1490032682009,Mouse Moved,454.0,842.0,User23,,
1490032682025,Mouse Moved,464.0,825.0,User23,,
1490032682039,Mouse Moved,526.0,738.0,User23,,
1490032682055,Mouse Moved,565.0,687.0,User23,,
1490032682071,Mouse Moved,596.0,648.0,User23,,
1490032682086,Mouse Moved,657.0,573.0,User23,,
1490032682102,Mouse Moved,673.0,551.0,User23,,
1490032682118,Mouse Moved,697.0,515.0,User23,,
1490032682134,Mouse Moved,714.0,493.0,User23,,
1490032682148,Mouse Moved,721.0,486.0,User23,,
1490032682164,Mouse Moved,733.0,473.0,User23,,
1490032682180,Mouse Moved,737.0,472.0,User23,,
1490032682493,Mouse Moved,736.0,472.0,User23,,
1490032682601,Mouse Moved,736.0,472.0,User23,,
1490032683849,Mouse Moved,735.0,473.0,User23,,
1490032683881,Mouse Moved,734.0,475.0,User23,,
1490032683897,Mouse Moved,728.0,483.0,User23,,
1490032683911,Mouse Moved,652.0,583.0,User23,,
1490032683927,Mouse Moved,614.0,645.0,User23,,
1490032683943,Mouse Moved,603.0,668.0,User23,,
1490032683959,Mouse Moved,587.0,693.0,User23,,
1490032683974,Mouse Moved,582.0,701.0,User23,,
1490032683990,Mouse Moved,576.0,715.0,User23,,
1490032684006,Mouse Moved,573.0,720.0,User23,,
1490032684020,Mouse Moved,572.0,721.0,User23,,
1490032684240,Mouse Moved,571.0,725.0,User23,,
1490032684255,Mouse Moved,571.0,726.0,User23,,
1490032684270,Mouse Moved,570.0,732.0,User23,,
1490032684286,Mouse Moved,568.0,746.0,User23,,
1490032684302,Mouse Moved,567.0,752.0,User23,,
1490032684318,Mouse Moved,566.0,754.0,User23,,
1490032684332,Mouse Moved,566.0,758.0,User23,,
1490032684365,Mouse Moved,565.0,760.0,User23,,
1490032684661,Mouse Moved,564.0,761.0,User23,,
1490032684677,Mouse Moved,563.0,764.0,User23,,
1490032684691,Mouse Moved,561.0,766.0,User23,,
1490032684707,Mouse Moved,557.0,775.0,User23,,
1490032684723,Mouse Moved,555.0,780.0,User23,,
1490032684739,Mouse Moved,554.0,782.0,User23,,
1490032684769,Mouse Moved,553.0,784.0,User23,,
1490032684786,Mouse Moved,553.0,785.0,User23,,
1490032684816,Mouse Moved,552.0,785.0,User23,,
1490032684973,Mouse Moved,553.0,785.0,User23,,
1490032685051,Mouse Moved,553.0,785.0,User23,,
1490032685066,Mouse Button.left Released,553.0,785.0,User23,,
1490032685362,Mouse Moved,550.0,783.0,User23,,
1490032685378,Mouse Moved,541.0,773.0,User23,,
1490032685394,Mouse Moved,486.0,687.0,User23,,
1490032685410,Mouse Moved,453.0,618.0,User23,,
1490032685424,Mouse Moved,407.0,513.0,User23,,
1490032685440,Mouse Moved,363.0,364.0,User23,,
1490032685457,Mouse Moved,358.0,348.0,User23,,
1490032685471,Mouse Moved,352.0,330.0,User23,,
1490032685487,Mouse Moved,349.0,323.0,User23,,
1490032685503,Mouse Moved,348.0,321.0,User23,,
1490032685721,Mouse Moved,346.0,321.0,User23,,
1490032685736,Mouse Moved,340.0,321.0,User23,,
1490032685753,Mouse Moved,330.0,320.0,User23,,
1490032685769,Mouse Moved,303.0,309.0,User23,,
1490032685783,Mouse Moved,259.0,286.0,User23,,
1490032685799,Mouse Moved,235.0,272.0,User23,,
1490032685815,Mouse Moved,214.0,254.0,User23,,
1490032685831,Mouse Moved,198.0,240.0,User23,,
1490032685846,Mouse Moved,193.0,236.0,User23,,
1490032685861,Mouse Moved,191.0,236.0,User23,,
1490032685878,Mouse Moved,190.0,234.0,User23,,
1490032686127,Mouse Moved,188.0,232.0,User23,,
1490032686142,Mouse Moved,186.0,231.0,User23,,
1490032686158,Mouse Moved,174.0,224.0,User23,,
1490032686174,Mouse Moved,166.0,220.0,User23,,
1490032686190,Mouse Moved,146.0,207.0,User23,,
1490032686204,Mouse Moved,136.0,199.0,User23,,
1490032686220,Mouse Moved,118.0,186.0,User23,,
1490032686236,Mouse Moved,115.0,184.0,User23,,
1490032686252,Mouse Moved,113.0,184.0,User23,,
1490032686267,Mouse Moved,110.0,182.0,User23,,
1490032686377,Mouse Moved,109.0,182.0,User23,,
1490032686595,Mouse Moved,108.0,182.0,User23,,
1490032686611,Mouse Moved,108.0,184.0,User23,,
1490032686641,Mouse Moved,108.0,186.0,User23,,
1490032686673,Mouse Moved,108.0,187.0,User23,,
1490032686720,Mouse Moved,108.0,186.0,User23,,
1490032686798,Mouse Moved,108.0,186.0,User23,,
1490032686813,Mouse Button.left Released,108.0,186.0,User23,,
1490032687141,Mouse Moved,111.0,188.0,User23,,
1490032687157,Mouse Moved,116.0,190.0,User23,,
1490032687173,Mouse Moved,124.0,192.0,User23,,
1490032687187,Mouse Moved,164.0,200.0,User23,,
1490032687203,Mouse Moved,186.0,205.0,User23,,
1490032687219,Mouse Moved,276.0,224.0,User23,,
1490032687234,Mouse Moved,304.0,234.0,User23,,
1490032687250,Mouse Moved,323.0,240.0,User23,,
1490032687266,Mouse Moved,362.0,254.0,User23,,
1490032687282,Mouse Moved,372.0,257.0,User23,,
1490032687296,Mouse Moved,384.0,260.0,User23,,
1490032687312,Mouse Moved,387.0,262.0,User23,,
1490032687328,Mouse Moved,391.0,263.0,User23,,
1490032687344,Mouse Moved,392.0,263.0,User23,,
1490032687359,Mouse Moved,393.0,264.0,User23,,
1490032687391,Mouse Moved,394.0,264.0,User23,,
1490032687516,Mouse Moved,394.0,263.0,User23,,
1490032687594,Mouse Moved,394.0,263.0,User23,,
1490032687608,Mouse Button.left Released,394.0,263.0,User23,,
1490032690059,Mouse Moved,394.0,263.0,User23,,
1490032690167,Mouse Moved,394.0,263.0,User23,,
1490032690463,Mouse Moved,394.0,264.0,User23,,
1490032690494,Mouse Moved,394.0,265.0,User23,,
1490032690510,Mouse Moved,395.0,265.0,User23,,
1490032690542,Mouse Moved,396.0,266.0,User23,,
1490032690558,Mouse Moved,399.0,269.0,User23,,
1490032690572,Mouse Moved,400.0,270.0,User23,,
1490032690588,Mouse Moved,401.0,271.0,User23,,
1490032690605,Mouse Moved,402.0,271.0,User23,,
1490032690619,Mouse Moved,402.0,272.0,User23,,
1490032690635,Mouse Moved,403.0,272.0,User23,,
1490032690667,Mouse Moved,404.0,272.0,User23,,
1490032690683,Mouse Moved,404.0,273.0,User23,,
1490032690697,Mouse Moved,404.0,274.0,User23,,
1490032690713,Mouse Moved,405.0,275.0,User23,,
1490032690729,Mouse Moved,406.0,275.0,User23,,
1490032690744,Mouse Moved,407.0,276.0,User23,,
1490032690776,Mouse Moved,408.0,278.0,User23,,
1490032690792,Mouse Moved,409.0,278.0,User23,,
1490032690806,Mouse Moved,410.0,279.0,User23,,
1490032690822,Mouse Moved,412.0,283.0,User23,,
1490032690838,Mouse Moved,412.0,284.0,User23,,
1490032690854,Mouse Moved,414.0,286.0,User23,,
1490032690884,Mouse Moved,423.0,300.0,User23,,
1490032690901,Mouse Moved,432.0,327.0,User23,,
1490032690917,Mouse Moved,434.0,332.0,User23,,
1490032690931,Mouse Moved,438.0,344.0,User23,,
1490032690947,Mouse Moved,440.0,348.0,User23,,
1490032690963,Mouse Moved,441.0,353.0,User23,,
1490032690994,Mouse Moved,441.0,356.0,User23,,
1490032691259,Mouse Moved,442.0,356.0,User23,,
1490032691275,Mouse Moved,444.0,355.0,User23,,
1490032691306,Mouse Moved,448.0,352.0,User23,,
1490032691322,Mouse Moved,452.0,348.0,User23,,
1490032691338,Mouse Moved,455.0,346.0,User23,,
1490032691352,Mouse Moved,457.0,343.0,User23,,
1490032691368,Mouse Moved,458.0,343.0,User23,,
1490032691384,Mouse Moved,459.0,341.0,User23,,
1490032691400,Mouse Moved,460.0,341.0,User23,,
1490032691430,Mouse Moved,461.0,339.0,User23,,
1490032691447,Mouse Moved,461.0,338.0,User23,,
1490032691477,Mouse Moved,462.0,338.0,User23,,
1490032691509,Mouse Moved,462.0,337.0,User23,,
1490032691586,Mouse Moved,462.0,336.0,User23,,
1490032691618,Mouse Moved,462.0,335.0,User23,,
1490032691634,Mouse Moved,462.0,334.0,User23,,
1490032691650,Mouse Moved,462.0,333.0,User23,,
1490032691664,Mouse Moved,461.0,331.0,User23,,
1490032691711,Mouse Moved,460.0,330.0,User23,,
1490032691759,Mouse Moved,460.0,327.0,User23,,
1490032693006,Mouse Moved,461.0,327.0,User23,,
1490032693023,Mouse Moved,462.0,327.0,User23,,
1490032693038,Mouse Moved,463.0,327.0,User23,,
1490032693053,Mouse Moved,464.0,327.0,User23,,
1490032693069,Mouse Moved,467.0,326.0,User23,,
1490032693085,Mouse Moved,468.0,324.0,User23,,
1490032693101,Mouse Moved,470.0,322.0,User23,,
1490032693115,Mouse Moved,473.0,319.0,User23,,
1490032693147,Mouse Moved,475.0,317.0,User23,,
1490032693163,Mouse Moved,477.0,314.0,User23,,
1490032693178,Mouse Moved,478.0,313.0,User23,,
1490032693194,Mouse Moved,479.0,313.0,User23,,
1490032693210,Mouse Moved,479.0,312.0,User23,,
1490032693224,Mouse Moved,479.0,308.0,User23,,
1490032693240,Mouse Moved,479.0,305.0,User23,,
1490032693272,Mouse Moved,479.0,304.0,User23,,
1490032693288,Mouse Moved,479.0,303.0,User23,,
1490032693302,Mouse Moved,479.0,302.0,User23,,
1490032693615,Mouse Moved,477.0,302.0,User23,,
1490032693631,Mouse Moved,476.0,301.0,User23,,
1490032693661,Mouse Moved,474.0,298.0,User23,,
1490032693677,Mouse Moved,470.0,288.0,User23,,
1490032693693,Mouse Moved,468.0,283.0,User23,,
1490032693709,Mouse Moved,467.0,282.0,User23,,
1490032693724,Mouse Moved,467.0,280.0,User23,,
1490032693740,Mouse Moved,466.0,279.0,User23,,
1490032693756,Mouse Moved,466.0,278.0,User23,,
1490032693770,Mouse Moved,466.0,277.0,User23,,
1490032693911,Mouse Moved,466.0,278.0,User23,,
1490032693927,Mouse Moved,466.0,278.0,User23,,
1490032694020,Mouse Moved,466.0,278.0,User23,,
1490032694598,Mouse Moved,465.0,278.0,User23,,
1490032694614,Mouse Moved,451.0,282.0,User23,,
1490032694628,Mouse Moved,436.0,284.0,User23,,
1490032694644,Mouse Moved,369.0,287.0,User23,,
1490032694661,Mouse Moved,334.0,287.0,User23,,
1490032694676,Mouse Moved,285.0,280.0,User23,,
1490032694691,Mouse Moved,262.0,272.0,User23,,
1490032694707,Mouse Moved,233.0,260.0,User23,,
1490032694723,Mouse Moved,218.0,251.0,User23,,
1490032694739,Mouse Moved,210.0,243.0,User23,,
1490032694753,Mouse Moved,206.0,238.0,User23,,
1490032694769,Mouse Moved,201.0,231.0,User23,,
1490032695003,Mouse Moved,198.0,224.0,User23,,
1490032695051,Mouse Moved,191.0,220.0,User23,,
1490032695065,Mouse Moved,183.0,212.0,User23,,
1490032695082,Mouse Moved,182.0,209.0,User23,,
1490032695096,Mouse Moved,182.0,208.0,User23,,
1490032695112,Mouse Moved,186.0,204.0,User23,,
1490032695128,Mouse Moved,191.0,202.0,User23,,
1490032695144,Mouse Moved,194.0,202.0,User23,,
1490032695160,Mouse Moved,198.0,202.0,User23,,
1490032695174,Mouse Moved,199.0,203.0,User23,,
1490032695190,Mouse Moved,201.0,205.0,User23,,
1490032695207,Mouse Moved,197.0,211.0,User23,,
1490032695221,Mouse Moved,191.0,215.0,User23,,
1490032695237,Mouse Moved,164.0,218.0,User23,,
1490032695253,Mouse Moved,136.0,210.0,User23,,
1490032695269,Mouse Moved,125.0,202.0,User23,,
1490032695285,Mouse Moved,95.0,165.0,User23,,
1490032695299,Mouse Moved,81.0,144.0,User23,,
1490032695315,Mouse Moved,56.0,90.0,User23,,
1490032695331,Mouse Moved,50.0,75.0,User23,,
1490032695346,Mouse Moved,41.0,61.0,User23,,
1490032695362,Mouse Moved,39.0,58.0,User23,,
1490032695378,Mouse Moved,37.0,54.0,User23,,
1490032695394,Mouse Moved,36.0,54.0,User23,,
1490032695642,Mouse Moved,38.0,55.0,User23,,
1490032695658,Mouse Moved,178.0,104.0,User23,,
1490032695674,Mouse Moved,295.0,145.0,User23,,
1490032695690,Mouse Moved,352.0,165.0,User23,,
1490032695706,Mouse Moved,399.0,187.0,User23,,
1490032695720,Mouse Moved,476.0,224.0,User23,,
1490032695736,Mouse Moved,493.0,233.0,User23,,
1490032695753,Mouse Moved,514.0,242.0,User23,,
1490032695767,Mouse Moved,518.0,244.0,User23,,
1490032695940,Mouse Moved,519.0,246.0,User23,,
1490032695954,Mouse Moved,539.0,260.0,User23,,
1490032695970,Mouse Moved,611.0,300.0,User23,,
1490032695986,Mouse Moved,653.0,319.0,User23,,
1490032696002,Mouse Moved,747.0,355.0,User23,,
1490032696017,Mouse Moved,762.0,362.0,User23,,
1490032696032,Mouse Moved,773.0,366.0,User23,,
1490032696049,Mouse Moved,783.0,371.0,User23,,
1490032696236,Mouse Moved,785.0,371.0,User23,,
1490032696252,Mouse Moved,782.0,371.0,User23,,
1490032696266,Mouse Moved,774.0,371.0,User23,,
1490032696282,Mouse Moved,766.0,371.0,User23,,
1490032696299,Mouse Moved,759.0,369.0,User23,,
1490032696313,Mouse Moved,745.0,367.0,User23,,
1490032696329,Mouse Moved,742.0,367.0,User23,,
1490032696345,Mouse Moved,737.0,366.0,User23,,
1490032696361,Mouse Moved,735.0,366.0,User23,,
1490032696595,Mouse Moved,732.0,367.0,User23,,
1490032696611,Mouse Moved,726.0,370.0,User23,,
1490032696625,Mouse Moved,703.0,370.0,User23,,
1490032696641,Mouse Moved,697.0,369.0,User23,,
1490032696657,Mouse Moved,689.0,367.0,User23,,
1490032696673,Mouse Moved,687.0,366.0,User23,,
1490032696688,Mouse Moved,684.0,366.0,User23,,
1490032696703,Mouse Moved,682.0,366.0,User23,,
1490032696720,Mouse Moved,681.0,366.0,User23,,
1490032696984,Mouse Moved,682.0,366.0,User23,,
1490032697109,Mouse Moved,680.0,366.0,User23,,
1490032697125,Mouse Moved,679.0,366.0,User23,,
1490032697141,Mouse Moved,671.0,362.0,User23,,
1490032697157,Mouse Moved,666.0,357.0,User23,,
1490032697171,Mouse Moved,652.0,342.0,User23,,
1490032697187,Mouse Moved,646.0,334.0,User23,,
1490032697203,Mouse Moved,627.0,311.0,User23,,
1490032697219,Mouse Moved,616.0,291.0,User23,,
1490032697234,Mouse Moved,613.0,287.0,User23,,
1490032697250,Mouse Moved,611.0,284.0,User23,,
1490032697280,Mouse Moved,609.0,282.0,User23,,
1490032697296,Mouse Moved,607.0,279.0,User23,,
1490032697312,Mouse Moved,605.0,277.0,User23,,
1490032697328,Mouse Moved,604.0,275.0,User23,,
1490032697344,Mouse Moved,603.0,275.0,User23,,
1490032697358,Mouse Moved,603.0,274.0,User23,,
1490032697375,Mouse Moved,602.0,272.0,User23,,
1490032697421,Mouse Moved,601.0,272.0,User23,,
1490032697530,Mouse Moved,601.0,270.0,User23,,
1490032697546,Mouse Moved,601.0,269.0,User23,,
1490032697562,Mouse Moved,601.0,267.0,User23,,
1490032697578,Mouse Moved,601.0,266.0,User23,,
1490032697592,Mouse Moved,601.0,265.0,User23,,
1490032697671,Mouse Moved,601.0,264.0,User23,,
1490032697703,Mouse Moved,601.0,263.0,User23,,
1490032697733,Mouse Moved,601.0,262.0,User23,,
1490032697749,Mouse Moved,601.0,261.0,User23,,
1490032697904,Mouse Moved,602.0,262.0,User23,,
1490032699263,Mouse Moved,600.0,261.0,User23,,
1490032699278,Mouse Moved,572.0,271.0,User23,,
1490032699293,Mouse Moved,543.0,274.0,User23,,
1490032699309,Mouse Moved,507.0,278.0,User23,,
1490032699325,Mouse Moved,434.0,278.0,User23,,
1490032699341,Mouse Moved,400.0,274.0,User23,,
1490032699355,Mouse Moved,347.0,263.0,User23,,
1490032699371,Mouse Moved,334.0,260.0,User23,,
1490032699387,Mouse Moved,315.0,253.0,User23,,
1490032699403,Mouse Moved,302.0,245.0,User23,,
1490032699418,Mouse Moved,299.0,244.0,User23,,
1490032699434,Mouse Moved,296.0,242.0,User23,,
1490032699589,Mouse Moved,295.0,242.0,User23,,
1490032699605,Mouse Moved,289.0,242.0,User23,,
1490032699621,Mouse Moved,274.0,242.0,User23,,
1490032699637,Mouse Moved,220.0,231.0,User23,,
1490032699653,Mouse Moved,147.0,187.0,User23,,
1490032699667,Mouse Moved,129.0,171.0,User23,,
1490032699684,Mouse Moved,114.0,155.0,User23,,
1490032699698,Mouse Moved,92.0,133.0,User23,,
1490032699714,Mouse Moved,81.0,121.0,User23,,
1490032699730,Mouse Moved,79.0,119.0,User23,,
1490032699746,Mouse Moved,75.0,116.0,User23,,
1490032699901,Mouse Moved,73.0,116.0,User23,,
1490032699917,Mouse Moved,71.0,116.0,User23,,
1490032699933,Mouse Moved,69.0,116.0,User23,,
1490032699948,Mouse Moved,60.0,112.0,User23,,
1490032699964,Mouse Moved,49.0,107.0,User23,,
1490032699980,Mouse Moved,44.0,103.0,User23,,
1490032699996,Mouse Moved,40.0,99.0,User23,,
1490032700010,Mouse Moved,36.0,93.0,User23,,
1490032700026,Mouse Moved,34.0,92.0,User23,,
1490032700042,Mouse Moved,33.0,91.0,User23,,
1490032700058,Mouse Moved,32.0,89.0,User23,,
1490032700073,Mouse Moved,32.0,87.0,User23,,
1490032700151,Mouse Moved,32.0,87.0,User23,,
1490032700790,Mouse Moved,32.0,88.0,User23,,
1490032700806,Mouse Moved,45.0,96.0,User23,,
1490032700822,Mouse Moved,100.0,132.0,User23,,
1490032700838,Mouse Moved,142.0,157.0,User23,,
1490032700854,Mouse Moved,223.0,207.0,User23,,
1490032700868,Mouse Moved,262.0,238.0,User23,,
1490032700884,Mouse Moved,323.0,289.0,User23,,
1490032700901,Mouse Moved,345.0,312.0,User23,,
1490032700915,Mouse Moved,386.0,358.0,User23,,
1490032702569,Mouse Moved,389.0,362.0,User23,,
1490032702585,Mouse Moved,395.0,369.0,User23,,
1490032702601,Mouse Moved,411.0,382.0,User23,,
1490032702617,Mouse Moved,481.0,416.0,User23,,
1490032702631,Mouse Moved,552.0,462.0,User23,,
1490032702648,Mouse Moved,603.0,517.0,User23,,
1490032702663,Mouse Moved,626.0,547.0,User23,,
1490032702678,Mouse Moved,658.0,606.0,User23,,
1490032702694,Mouse Moved,664.0,618.0,User23,,
1490032702710,Mouse Moved,669.0,632.0,User23,,
1490032702726,Mouse Moved,671.0,636.0,User23,,
1490032702740,Mouse Moved,671.0,637.0,User23,,
1490032702788,Mouse Moved,672.0,640.0,User23,,
1490032702819,Mouse Moved,670.0,640.0,User23,,
1490032702835,Mouse Moved,667.0,640.0,User23,,
1490032702851,Mouse Moved,658.0,637.0,User23,,
1490032702865,Mouse Moved,628.0,620.0,User23,,
1490032702881,Mouse Moved,618.0,611.0,User23,,
1490032702897,Mouse Moved,602.0,597.0,User23,,
1490032702913,Mouse Moved,594.0,587.0,User23,,
1490032702928,Mouse Moved,579.0,564.0,User23,,
1490032702944,Mouse Moved,561.0,534.0,User23,,
1490032702960,Mouse Moved,556.0,520.0,User23,,
1490032702974,Mouse Moved,550.0,505.0,User23,,
1490032702990,Mouse Moved,549.0,502.0,User23,,
1490032703006,Mouse Moved,548.0,500.0,User23,,
1490032703022,Mouse Moved,548.0,498.0,User23,,
1490032703038,Mouse Button.left Pressed,548.0,498.0,User23,,
1490032703163,Mouse Moved,548.0,498.0,User23,,
1490032704269,Mouse Moved,548.0,497.0,User23,,
1490032704286,Mouse Moved,550.0,497.0,User23,,
1490032704301,Mouse Moved,554.0,496.0,User23,,
1490032704316,Mouse Moved,560.0,495.0,User23,,
1490032704332,Mouse Moved,563.0,495.0,User23,,
1490032704348,Mouse Moved,565.0,495.0,User23,,
1490032704364,Mouse Moved,566.0,495.0,User23,,
1490032704394,Mouse Moved,567.0,495.0,User23,,
1490032704441,Mouse Moved,566.0,495.0,User23,,
1490032704457,Mouse Moved,565.0,495.0,User23,,
1490032704473,Mouse Moved,564.0,495.0,User23,,
1490032704489,Mouse Moved,562.0,495.0,User23,,
1490032704503,Mouse Moved,560.0,495.0,User23,,
1490032704519,Mouse Moved,559.0,494.0,User23,,
1490032704566,Mouse Moved,557.0,493.0,User23,,
1490032704582,Mouse Moved,555.0,493.0,User23,,
1490032704598,Mouse Moved,554.0,492.0,User23,,
1490032704612,Mouse Moved,552.0,491.0,User23,,
1490032704628,Mouse Moved,548.0,489.0,User23,,
1490032704644,Mouse Moved,546.0,489.0,User23,,
1490032704676,Mouse Moved,545.0,489.0,User23,,
1490032704690,Mouse Moved,544.0,489.0,User23,,
1490032704753,Mouse Moved,543.0,489.0,User23,,
1490032704785,Mouse Moved,542.0,489.0,User23,,
1490032704815,Mouse Moved,541.0,489.0,User23,,
1490032704832,Mouse Moved,540.0,489.0,User23,,
1490032704862,Mouse Moved,539.0,489.0,User23,,
1490032704878,Mouse Moved,538.0,489.0,User23,,
1490032704894,Mouse Moved,537.0,489.0,User23,,
1490032704910,Mouse Moved,536.0,489.0,User23,,
1490032704924,Mouse Moved,535.0,489.0,User23,,
1490032704971,Mouse Moved,534.0,489.0,User23,,
1490032704987,Mouse Moved,533.0,489.0,User23,,
1490032705035,Mouse Moved,532.0,489.0,User23,,
1490032705049,Mouse Moved,532.0,489.0,User23,,
1490032705065,Mouse Button.left Pressed,532.0,489.0,User23,,
1490032705096,Mouse Moved,531.0,489.0,User23,,
1490032705128,Mouse Moved,531.0,489.0,User23,,
1490032705144,Mouse Button.left Released,531.0,489.0,User23,,
1490032706298,Mouse Moved,530.0,489.0,User23,,
1490032706313,Mouse Moved,527.0,488.0,User23,,
1490032706328,Mouse Moved,510.0,482.0,User23,,
1490032706345,Mouse Moved,497.0,475.0,User23,,
1490032706361,Mouse Moved,472.0,457.0,User23,,
1490032706375,Mouse Moved,463.0,449.0,User23,,
1490032706391,Mouse Moved,445.0,421.0,User23,,
1490032706407,Mouse Moved,436.0,400.0,User23,,
1490032706423,Mouse Moved,433.0,393.0,User23,,
1490032706438,Mouse Moved,431.0,386.0,User23,,
1490032706453,Mouse Moved,430.0,381.0,User23,,
1490032706470,Mouse Moved,430.0,374.0,User23,,
1490032706703,Mouse Moved,428.0,372.0,User23,,
1490032706719,Mouse Moved,424.0,371.0,User23,,
1490032706734,Mouse Moved,421.0,371.0,User23,,
1490032706750,Mouse Moved,417.0,371.0,User23,,
1490032706766,Mouse Moved,415.0,371.0,User23,,
1490032706782,Mouse Moved,410.0,371.0,User23,,
1490032706796,Mouse Moved,409.0,371.0,User23,,
1490032706812,Mouse Moved,407.0,371.0,User23,,
1490032706844,Mouse Moved,406.0,371.0,User23,,
1490032707000,Mouse Moved,405.0,371.0,User23,,
1490032707016,Mouse Moved,404.0,371.0,User23,,
1490032707030,Mouse Moved,403.0,372.0,User23,,
1490032707046,Mouse Moved,402.0,373.0,User23,,
1490032707078,Mouse Moved,401.0,373.0,User23,,
1490032707108,Mouse Moved,400.0,374.0,User23,,
1490032708013,Mouse Moved,401.0,374.0,User23,,
1490032708108,Mouse Moved,401.0,374.0,User23,,
1490032708746,Mouse Moved,402.0,375.0,User23,,
1490032708763,Mouse Moved,408.0,380.0,User23,,
1490032708779,Mouse Moved,423.0,388.0,User23,,
1490032708793,Mouse Moved,490.0,430.0,User23,,
1490032708809,Mouse Moved,531.0,462.0,User23,,
1490032708825,Mouse Moved,647.0,554.0,User23,,
1490032708841,Mouse Moved,676.0,579.0,User23,,
1490032708857,Mouse Moved,722.0,622.0,User23,,
1490032708871,Mouse Moved,752.0,644.0,User23,,
1490032708888,Mouse Moved,761.0,651.0,User23,,
1490032709075,Mouse Moved,764.0,648.0,User23,,
1490032709091,Mouse Moved,778.0,637.0,User23,,
1490032709105,Mouse Moved,815.0,613.0,User23,,
1490032709121,Mouse Moved,831.0,602.0,User23,,
1490032709137,Mouse Moved,858.0,592.0,User23,,
1490032709153,Mouse Moved,866.0,590.0,User23,,
1490032709168,Mouse Moved,869.0,588.0,User23,,
1490032709184,Mouse Moved,870.0,588.0,User23,,
1490032709200,Mouse Moved,871.0,588.0,User23,,
1490032709230,Mouse Moved,873.0,588.0,User23,,
1490032709325,Mouse Moved,874.0,588.0,User23,,
1490032709355,Mouse Moved,875.0,588.0,User23,,
1490032709371,Mouse Moved,876.0,588.0,User23,,
1490032709387,Mouse Moved,876.0,589.0,User23,,
1490032709403,Mouse Moved,877.0,589.0,User23,,
1490032709417,Mouse Moved,879.0,590.0,User23,,
1490032709434,Mouse Moved,880.0,591.0,User23,,
1490032709448,Mouse Moved,883.0,591.0,User23,,
1490032709464,Mouse Moved,887.0,594.0,User23,,
1490032709480,Mouse Moved,900.0,598.0,User23,,
1490032709496,Mouse Moved,910.0,599.0,User23,,
1490032709512,Mouse Moved,925.0,599.0,User23,,
1490032709526,Mouse Moved,936.0,601.0,User23,,
1490032709542,Mouse Moved,941.0,601.0,User23,,
1490032709559,Mouse Moved,946.0,602.0,User23,,
1490032709573,Mouse Moved,947.0,602.0,User23,,
1490032709589,Mouse Moved,949.0,602.0,User23,,
1490032709776,Mouse Moved,950.0,602.0,User23,,
1490032709792,Mouse Moved,952.0,602.0,User23,,
1490032709808,Mouse Moved,953.0,602.0,User23,,
1490032709823,Mouse Moved,957.0,602.0,User23,,
1490032709838,Mouse Moved,958.0,602.0,User23,,
1490032709855,Mouse Moved,962.0,601.0,User23,,
1490032709871,Mouse Moved,962.0,602.0,User23,,
1490032709963,Mouse Moved,962.0,602.0,User23,,
1490032710276,Mouse Moved,943.0,601.0,User23,,
1490032710292,Mouse Moved,881.0,601.0,User23,,
1490032710306,Mouse Moved,751.0,599.0,User23,,
1490032710322,Mouse Moved,647.0,593.0,User23,,
1490032710338,Mouse Moved,589.0,583.0,User23,,
1490032710354,Mouse Moved,550.0,577.0,User23,,
1490032710369,Mouse Moved,528.0,571.0,User23,,
1490032710384,Mouse Moved,517.0,565.0,User23,,
1490032710401,Mouse Moved,516.0,564.0,User23,,
1490032712569,Mouse Moved,514.0,563.0,User23,,
1490032712585,Mouse Moved,491.0,558.0,User23,,
1490032712601,Mouse Moved,469.0,551.0,User23,,
1490032712615,Mouse Moved,383.0,512.0,User23,,
1490032712631,Mouse Moved,291.0,450.0,User23,,
1490032712647,Mouse Moved,250.0,419.0,User23,,
1490032712663,Mouse Moved,178.0,364.0,User23,,
1490032712678,Mouse Moved,158.0,347.0,User23,,
1490032712694,Mouse Moved,131.0,321.0,User23,,
1490032712710,Mouse Moved,124.0,312.0,User23,,
1490032712724,Mouse Moved,105.0,292.0,User23,,
1490032712740,Mouse Moved,103.0,286.0,User23,,
1490032712772,Mouse Moved,104.0,271.0,User23,,
1490032713022,Mouse Moved,103.0,266.0,User23,,
1490032713036,Mouse Moved,95.0,252.0,User23,,
1490032713052,Mouse Moved,91.0,242.0,User23,,
1490032713069,Mouse Moved,84.0,212.0,User23,,
1490032713084,Mouse Moved,84.0,190.0,User23,,
1490032713099,Mouse Moved,86.0,180.0,User23,,
1490032713115,Mouse Moved,93.0,162.0,User23,,
1490032713131,Mouse Moved,98.0,154.0,User23,,
1490032713147,Mouse Moved,100.0,152.0,User23,,
1490032713161,Mouse Moved,101.0,151.0,User23,,
1490032713365,Mouse Moved,101.0,152.0,User23,,
1490032713381,Mouse Moved,101.0,153.0,User23,,
1490032713395,Mouse Moved,100.0,155.0,User23,,
1490032713411,Mouse Moved,100.0,156.0,User23,,
1490032713427,Mouse Moved,100.0,158.0,User23,,
1490032713459,Mouse Moved,100.0,160.0,User23,,
1490032713473,Mouse Moved,100.0,162.0,User23,,
1490032713490,Mouse Moved,102.0,166.0,User23,,
1490032713505,Mouse Moved,104.0,169.0,User23,,
1490032713520,Mouse Moved,104.0,170.0,User23,,
1490032713536,Mouse Moved,105.0,172.0,User23,,
1490032713568,Mouse Moved,106.0,172.0,User23,,
1490032713707,Mouse Moved,106.0,172.0,User23,,
1490032713770,Mouse Moved,106.0,172.0,User23,,
1490032715019,Mouse Moved,106.0,174.0,User23,,
1490032715033,Mouse Moved,103.0,185.0,User23,,
1490032715049,Mouse Moved,98.0,202.0,User23,,
1490032717749,Mouse Moved,89.0,233.0,User23,,
1490032717763,Mouse Moved,72.0,263.0,User23,,
1490032717779,Mouse Moved,59.0,294.0,User23,,
1490032717795,Mouse Moved,22.0,377.0,User23,,
1490032717811,Mouse Moved,9.0,416.0,User23,,
1490032717826,Mouse Moved,3.0,435.0,User23,,
1490032717842,Mouse Moved,0.0,446.0,User23,,
1490032717858,Mouse Moved,0.0,465.0,User23,,
1490032717872,Mouse Moved,0.0,479.0,User23,,
1490032717888,Mouse Moved,0.0,491.0,User23,,
1490032717950,Mouse Moved,0.0,537.0,User23,,
1490032717967,Mouse Moved,0.0,556.0,User23,,
1490032717983,Mouse Moved,0.0,564.0,User23,,
1490032717997,Mouse Moved,0.0,573.0,User23,,
1490032718029,Mouse Moved,0.0,615.0,User23,,
1490032718045,Mouse Moved,0.0,635.0,User23,,
1490032718061,Mouse Moved,0.0,651.0,User23,,
1490032718075,Mouse Moved,0.0,660.0,User23,,
1490032718092,Mouse Moved,3.0,673.0,User23,,
1490032718107,Mouse Moved,7.0,683.0,User23,,
1490032718122,Mouse Moved,9.0,690.0,User23,,
1490032718138,Mouse Moved,13.0,701.0,User23,,
1490032718154,Mouse Moved,15.0,705.0,User23,,
1490032718325,Mouse Moved,15.0,708.0,User23,,
1490032718341,Mouse Moved,12.0,722.0,User23,,
1490032718357,Mouse Moved,12.0,735.0,User23,,
1490032718372,Mouse Moved,10.0,754.0,User23,,
1490032718388,Mouse Moved,10.0,763.0,User23,,
1490032718404,Mouse Moved,9.0,784.0,User23,,
1490032718418,Mouse Moved,6.0,805.0,User23,,
1490032718434,Mouse Moved,6.0,816.0,User23,,
1490032718450,Mouse Moved,9.0,823.0,User23,,
1490032718466,Mouse Moved,10.0,828.0,User23,,
1490032718482,Mouse Moved,10.0,829.0,User23,,
1490032718496,Mouse Moved,12.0,831.0,User23,,
1490032718513,Mouse Moved,12.0,832.0,User23,,
1490032718529,Mouse Moved,13.0,834.0,User23,,
1490032718543,Mouse Moved,13.0,837.0,User23,,
1490032718559,Mouse Moved,13.0,839.0,User23,,
1490032718575,Mouse Moved,13.0,845.0,User23,,
1490032718591,Mouse Moved,13.0,848.0,User23,,
1490032718607,Mouse Moved,13.0,852.0,User23,,
1490032718638,Mouse Moved,9.0,863.0,User23,,
1490032718653,Mouse Moved,7.0,863.0,User23,,
1490032718700,Mouse Moved,7.0,863.0,User23,,
1490032718793,Mouse Moved,7.0,863.0,User23,,
