{
  "n": [
    1,
    2,
    3,
    4,
    5,
    6,
    7,
    8,
    9,
    10,
    11,
    12,
    13,
    14,
    15,
    16,
    17,
    18,
    19,
    20,
    21,
    22,
    23,
    24,
    25,
    26,
    27,
    28,
    29,
    30
  ],
  "avg_eer": [
    0.12328619291689998,
    0.091789410366404,
    0.07587232892791226,
    0.0695730173921819,
    0.05985336234662605,
    0.05543853795638152,
    0.0483251150095565,
    0.05012739077389483,
    0.0447185424328434,
    0.041909964159145954,
    0.04204253879503392,
    0.039565526789023746,
    0.03202842590719017,
    0.03401169902996255,
    0.030730802360996436,
    0.030905370152178802,
    0.029248483495967436,
    0.022885343957821484,
    0.0219807159351305,
    0.016515988264451904,
    0.01681218793394277,
    0.012469387719915266,
    0.011574868710954565,
    0.011621185967574091,
    0.011009766035037246,
    0.009386941612301233,
    0.0012539676320833235,
    0.0006493506493768961,
    0.0006711409396178969,
    0.000719424460566394
  ],
  "avg_auc": [
    0.9450826584146913,
    0.9643259820711287,
    0.9742810812599461,
    0.9795290212425801,
    0.9832912843010677,
    0.9861855390637047,
    0.9876359964732156,
    0.9884795550138691,
    0.9909181411407892,
    0.9916145287327305,
    0.9917607302541238,
    0.9929733235430047,
    0.9940448919986317,
    0.994147558443462,
    0.9941754647511509,
    0.9941213002522435,
    0.994748024969731,
    0.9959673546893024,
    0.9962701305587712,
    0.9971740643880406,
    0.997006302700137,
    0.9967127040572595,
    0.9967245326464533,
    0.9965991903814777,
    0.9965768551284964,
    0.9964434134183421,
    0.9998548625825665,
    0.9999350649350649,
    0.9999328859060401,
    0.9999200639488409
  ]
}