{
  "n": [
    1,
    2,
    3,
    4,
    5,
    6,
    7,
    8,
    9,
    10
  ],
  "avg_eer": [
    0.1987808530874688,
    0.1630490353870023,
    0.1446792219061795,
    0.134102491732679,
    0.126842648163815,
    0.12215053683599668,
    0.11705848219079461,
    0.11352555335591097,
    0.10919185996904637,
    0.10654424730130688
  ],
  "avg_auc": [
    0.8803550279934498,
    0.9108332553979345,
    0.924992998166598,
    0.9331203917107553,
    0.9384484801484775,
    0.9424295012176406,
    0.945537769279442,
    0.948468223118666,
    0.950103530219358,
    0.9519894757731961
  ]
}