{
  "n": [
    1,
    2,
    3,
    4,
    5,
    6,
    7,
    8,
    9,
    10,
    11,
    12,
    13,
    14,
    15,
    16,
    17,
    18,
    19,
    20,
    21,
    22,
    23,
    24,
    25,
    26,
    27,
    28,
    29,
    30
  ],
  "avg_eer": [
    0.0673056724875569,
    0.04442784596190601,
    0.03213208626027904,
    0.02141117867689518,
    0.020416632004036993,
    0.015706883312725222,
    0.009742879802931112,
    0.006850245178810774,
    0.005065445320511633,
    0.003577859886929594,
    0.0012861604208823732,
    0.000826446281033446,
    0.0,
    0.0,
    0.0,
    0.0,
    0.0,
    0.0,
    0.0,
    0.0,
    0.0,
    0.0,
    0.0,
    0.0,
    0.0,
    0.0,
    0.0,
    0.0,
    0.0,
    0.0
  ],
  "avg_auc": [
    0.9794978083177386,
    0.990833652789816,
    0.9940376679816552,
    0.9968472060743488,
    0.9973030320958989,
    0.9977581500503622,
    0.9985320188347824,
    0.9990656613270883,
    0.9990237202998161,
    0.9990197147567843,
    0.999383482436367,
    0.9999693908784817,
    1.0,
    1.0,
    1.0,
    1.0,
    1.0,
    1.0,
    1.0,
    1.0,
    1.0,
    1.0,
    1.0,
    1.0,
    1.0,
    1.0,
    1.0,
    1.0,
    1.0,
    1.0
  ]
}