{
  "n": [
    1,
    2,
    3,
    4,
    5,
    6,
    7,
    8,
    9,
    10
  ],
  "avg_eer": [
    0.03399382723063406,
    0.025848017238160444,
    0.021908840371168133,
    0.02068438201520057,
    0.019251101731293574,
    0.018550824562587876,
    0.018116213775246928,
    0.017460775884392328,
    0.016545714658452844,
    0.016472658485352863
  ],
  "avg_auc": [
    0.9906397990556205,
    0.9927832380854757,
    0.9937213798417319,
    0.994045954227153,
    0.9944254443201689,
    0.9946171982660224,
    0.9949156318359155,
    0.9949238666230149,
    0.9952486834833854,
    0.9953346851412734
  ]
}