{
  "n": [
    1,
    2,
    3,
    4,
    5,
    6,
    7,
    8,
    9,
    10,
    11,
    12,
    13,
    14,
    15,
    16,
    17,
    18,
    19,
    20,
    21,
    22,
    23,
    24,
    25,
    26,
    27,
    28,
    29,
    30
  ],
  "avg_eer": [
    0.11905942062059813,
    0.09485677146273282,
    0.07519717773914716,
    0.06564603612140557,
    0.059619398958662015,
    0.05229476008085247,
    0.04957607531536713,
    0.046098274490079104,
    0.044804886233607934,
    0.0398688907384623,
    0.039479681119053305,
    0.03066700765554483,
    0.03004841352277037,
    0.029299846159600174,
    0.030365953782639538,
    0.03000405762459806,
    0.027610349426825435,
    0.022009810393089614,
    0.021906244819215683,
    0.022332174771853296,
    0.01789663888315648,
    0.0184409585001572,
    0.013345530910431785,
    0.014240020574555364,
    0.014369499949930729,
    0.011601269478890473,
    0.007146295200413722,
    0.007005598672448513,
    0.0064765790518634,
    0.0061425526246101925
  ],
  "avg_auc": [
    0.9477124229167349,
    0.9655386646337171,
    0.9757884891739014,
    0.9815039727985349,
    0.9842999532021215,
    0.987742222980987,
    0.9887455025111779,
    0.9902901648930138,
    0.9922880176515856,
    0.9926985694150126,
    0.9933170610469938,
    0.994494791061998,
    0.9947942169274187,
    0.9949239029930659,
    0.9951626752054021,
    0.9949784464937961,
    0.9953085455554966,
    0.996496022628531,
    0.9962106519324767,
    0.9962846367642048,
    0.9966460766614104,
    0.9964108026750358,
    0.9967000921359819,
    0.9969580508359389,
    0.9968391589721843,
    0.9967588767519693,
    0.9984903150412542,
    0.9984740920532171,
    0.9987536729875108,
    0.998912433964674
  ]
}