{
  "n": [
    1,
    2,
    3,
    4,
    5,
    6,
    7,
    8,
    9,
    10,
    11,
    12,
    13,
    14,
    15,
    16,
    17,
    18,
    19,
    20,
    21,
    22,
    23,
    24,
    25,
    26,
    27,
    28,
    29,
    30
  ],
  "avg_eer": [
    0.10987033061864845,
    0.0862832547106107,
    0.07290605274521723,
    0.06706911133629055,
    0.06120193352909677,
    0.05742710556452345,
    0.054419513918836426,
    0.05209133340162423,
    0.049874361919045776,
    0.04808641296646543,
    0.050446483340965895,
    0.04671424063225136,
    0.04398894919041755,
    0.043538827175558625,
    0.04341790357130749,
    0.04400865021188214,
    0.0373351509149944,
    0.037847182608022174,
    0.033327460812803064,
    0.02829253583475603,
    0.02692115414453137,
    0.02608429640915983,
    0.023661083821805897,
    0.023449406976849854,
    0.01741406593189461,
    0.01617928268129011,
    0.009990936817880935,
    0.008825383825522198,
    0.006145930651283322,
    0.004285596769084595
  ],
  "avg_auc": [
    0.9524899686022332,
    0.9677797781910333,
    0.9752216020255441,
    0.9795040282018718,
    0.9815125347078322,
    0.9839262175522144,
    0.9853513894812933,
    0.985508614993423,
    0.9879475268707119,
    0.9881815658871698,
    0.9880780959881352,
    0.9891348780558715,
    0.9900416002344338,
    0.9899232754022254,
    0.9907145479371942,
    0.9905790572747815,
    0.9919789629494324,
    0.9934035639041557,
    0.9937718332654333,
    0.9944579836179009,
    0.9942810059218286,
    0.9933897967878842,
    0.993957148170359,
    0.9942202596934608,
    0.9954570342784661,
    0.9955231582521782,
    0.9981602135187648,
    0.9978174563586606,
    0.9981916266836153,
    0.9984396557624651
  ]
}