{
  "n": [
    1,
    2,
    3,
    4,
    5,
    6,
    7,
    8,
    9,
    10,
    11,
    12,
    13,
    14,
    15,
    16,
    17,
    18,
    19,
    20,
    21,
    22,
    23,
    24,
    25,
    26,
    27,
    28,
    29,
    30
  ],
  "avg_eer": [
    0.11358133242109361,
    0.09019888846310162,
    0.07371239463835502,
    0.0699358784800791,
    0.06573987086268215,
    0.06369706230803211,
    0.0556863098330166,
    0.056264756539608274,
    0.05367783973969066,
    0.050938846675383474,
    0.04942360857767648,
    0.04884316986149116,
    0.044161269565478625,
    0.04335874270308579,
    0.044224626538291095,
    0.04366487341900167,
    0.03939493092419829,
    0.03849114214698595,
    0.04050874435713182,
    0.031921979792224046,
    0.030426314603882277,
    0.025130291621294078,
    0.02715017959130762,
    0.022865229746276697,
    0.019147776123556913,
    0.01383175517393655,
    0.007968049873551031,
    0.007892416225770232,
    0.007393084622515411,
    0.00712836123807783
  ],
  "avg_auc": [
    0.9498162266348731,
    0.9650105532001543,
    0.9721610020584368,
    0.9760604116595788,
    0.9783722462535447,
    0.9808821741116622,
    0.9827072005986073,
    0.9828089712258266,
    0.985197212097199,
    0.9849705802134878,
    0.9856398740556683,
    0.9863331198337798,
    0.9881491838496419,
    0.9879564451286225,
    0.9880770658678089,
    0.988214914795063,
    0.9896329897354889,
    0.9912486356479221,
    0.9904703403910832,
    0.99087811171782,
    0.9913454842017317,
    0.9909072083649102,
    0.9911495619764997,
    0.9911746704345212,
    0.9934778651570648,
    0.9938905384272454,
    0.9966671096299795,
    0.9960336912542795,
    0.9962787127784454,
    0.9967341534900689
  ]
}