{
  "n": [
    1,
    2,
    3,
    4,
    5,
    6,
    7,
    8,
    9,
    10,
    11,
    12,
    13,
    14,
    15,
    16,
    17,
    18,
    19,
    20,
    21,
    22,
    23,
    24,
    25,
    26,
    27,
    28,
    29,
    30
  ],
  "avg_eer": [
    0.11533347518789816,
    0.092637318747356,
    0.08035477610057304,
    0.07211870678579518,
    0.06885719759740991,
    0.06780374540291298,
    0.060587828271451774,
    0.0624093463732045,
    0.05731571950376502,
    0.05641112241436489,
    0.054715159982233544,
    0.05249476381054422,
    0.04879704014486032,
    0.05106552532697846,
    0.05071364054067269,
    0.0478673233836731,
    0.04343438749164903,
    0.040449259585447685,
    0.04222099230228635,
    0.03407067856916494,
    0.031708306683795165,
    0.030388023198224534,
    0.02655638580077741,
    0.0275486541414137,
    0.022654904673028588,
    0.016357171543073704,
    0.008559765849764447,
    0.007892416225770579,
    0.008030027297697412,
    0.007813292744860471
  ],
  "avg_auc": [
    0.9475344186917194,
    0.9626498949308313,
    0.9696194159548458,
    0.9734530887312003,
    0.97616956005695,
    0.9783370735427832,
    0.980374388960821,
    0.9803804380357081,
    0.9828012638326438,
    0.982608901956263,
    0.9828999500541598,
    0.9835860107338517,
    0.9855997474014618,
    0.9851727728386651,
    0.9857777670783369,
    0.9859322521407584,
    0.9875401872169821,
    0.9885641179929324,
    0.9878319066431411,
    0.9881087010775194,
    0.9888673345225041,
    0.9882759551404942,
    0.9896873478830601,
    0.9894584104102249,
    0.9925846924256929,
    0.9926410178226778,
    0.9958884916691717,
    0.9961322491959747,
    0.9960878730837889,
    0.9965811078824778
  ]
}