{
  "n": [
    1,
    2,
    3,
    4,
    5,
    6,
    7,
    8,
    9,
    10
  ],
  "avg_eer": [
    0.12405111482129949,
    0.10505834114851724,
    0.08941981509836802,
    0.08130733257789349,
    0.07216928551965515,
    0.06749257727454115,
    0.059463846668552554,
    0.053841309662999624,
    0.050988826094790586,
    0.04248709047427136
  ],
  "avg_auc": [
    0.9421085685028215,
    0.9580920121845242,
    0.9680889062699496,
    0.9714820673310317,
    0.9775819377660004,
    0.980298813829856,
    0.9837968096590359,
    0.984996555160853,
    0.9864414131593323,
    0.9883631819328891
  ]
}