timestamp,event,x,y,user,screen_width,screen_height
1490374076868,Mouse Moved,423.0,313.0,User6,960.0,672.0
1490374079411,Mouse Moved,425.0,315.0,User6,,
1490374079426,Mouse Moved,427.0,315.0,User6,,
1490374079441,Mouse Moved,433.0,318.0,User6,,
1490374079457,Mouse Moved,443.0,321.0,User6,,
1490374079473,Mouse Moved,456.0,321.0,User6,,
1490374079489,Mouse Moved,466.0,321.0,User6,,
1490374079503,Mouse Moved,486.0,321.0,User6,,
1490374079519,Mouse Moved,504.0,321.0,User6,,
1490374079536,Mouse Moved,517.0,321.0,User6,,
1490374079551,Mouse Moved,533.0,315.0,User6,,
1490374079551,Mouse Moved,548.0,311.0,User6,,
1490374079566,Mouse Moved,554.0,311.0,User6,,
1490374079582,Mouse Moved,564.0,307.0,User6,,
1490374079582,Mouse Moved,569.0,307.0,User6,,
1490374079598,Mouse Moved,575.0,301.0,User6,,
1490374079614,Mouse Moved,582.0,301.0,User6,,
1490374079628,Mouse Moved,586.0,299.0,User6,,
1490374079644,Mouse Moved,588.0,298.0,User6,,
1490374079644,Mouse Moved,591.0,295.0,User6,,
1490374079660,Mouse Moved,598.0,286.0,User6,,
1490374079676,Mouse Moved,602.0,280.0,User6,,
1490374079691,Mouse Moved,604.0,273.0,User6,,
1490374080799,Mouse Moved,603.0,273.0,User6,,
1490374080815,Mouse Moved,599.0,273.0,User6,,
1490374080829,Mouse Moved,597.0,273.0,User6,,
1490374080845,Mouse Moved,592.0,274.0,User6,,
1490374080861,Mouse Moved,589.0,274.0,User6,,
1490374080877,Mouse Moved,582.0,277.0,User6,,
1490374080892,Mouse Moved,572.0,281.0,User6,,
1490374080907,Mouse Moved,563.0,283.0,User6,,
1490374080924,Mouse Moved,552.0,286.0,User6,,
1490374080940,Mouse Moved,542.0,288.0,User6,,
1490374080954,Mouse Moved,531.0,288.0,User6,,
1490374080970,Mouse Moved,514.0,290.0,User6,,
1490374080986,Mouse Moved,505.0,290.0,User6,,
1490374081002,Mouse Moved,498.0,290.0,User6,,
1490374081017,Mouse Moved,487.0,293.0,User6,,
1490374081032,Mouse Moved,478.0,290.0,User6,,
1490374081032,Mouse Moved,469.0,293.0,User6,,
1490374081049,Mouse Moved,466.0,293.0,User6,,
1490374081063,Mouse Moved,463.0,295.0,User6,,
1490374081079,Mouse Moved,460.0,295.0,User6,,
1490374081095,Mouse Moved,458.0,298.0,User6,,
1490374081111,Mouse Moved,455.0,302.0,User6,,
1490374081486,Mouse Moved,454.0,304.0,User6,,
1490374081500,Mouse Moved,451.0,304.0,User6,,
1490374081516,Mouse Moved,450.0,304.0,User6,,
1490374081532,Mouse Moved,446.0,307.0,User6,,
1490374081548,Mouse Moved,439.0,311.0,User6,,
1490374081548,Mouse Moved,434.0,315.0,User6,,
1490374081563,Mouse Moved,426.0,319.0,User6,,
1490374081578,Mouse Moved,418.0,325.0,User6,,
1490374081595,Mouse Moved,406.0,334.0,User6,,
1490374081609,Mouse Moved,385.0,354.0,User6,,
1490374081625,Mouse Moved,376.0,365.0,User6,,
1490374081641,Mouse Moved,374.0,367.0,User6,,
1490374081657,Mouse Moved,371.0,371.0,User6,,
1490374081673,Mouse Moved,369.0,371.0,User6,,
1490374081687,Mouse Moved,367.0,374.0,User6,,
1490374081703,Mouse Moved,365.0,377.0,User6,,
1490374081798,Mouse Moved,364.0,377.0,User6,,
1490374081812,Mouse Moved,362.0,378.0,User6,,
1490374082109,Mouse Moved,362.0,378.0,User6,,
1490374082141,Mouse Moved,362.0,378.0,User6,,
1490374082155,Mouse Moved,362.0,378.0,User6,,
1490374082171,Mouse Moved,362.0,378.0,User6,,
1490374082203,Mouse Moved,362.0,378.0,User6,,
1490374082233,Mouse Moved,362.0,378.0,User6,,
1490374082266,Mouse Moved,362.0,378.0,User6,,
1490374082344,Mouse Moved,362.0,378.0,User6,,
1490374082796,Mouse Moved,362.0,378.0,User6,,
1490374082826,Mouse Moved,362.0,378.0,User6,,
1490374082842,Mouse Moved,362.0,378.0,User6,,
1490374082858,Mouse Moved,362.0,378.0,User6,,
1490374082874,Mouse Moved,362.0,378.0,User6,,
1490374082890,Mouse Moved,362.0,378.0,User6,,
1490374082921,Mouse Moved,362.0,378.0,User6,,
1490374082936,Mouse Moved,362.0,378.0,User6,,
1490374082951,Mouse Moved,362.0,378.0,User6,,
1490374082983,Mouse Moved,362.0,378.0,User6,,
1490374082999,Mouse Moved,362.0,378.0,User6,,
1490374083013,Mouse Moved,362.0,378.0,User6,,
1490374083046,Mouse Moved,362.0,378.0,User6,,
1490374083061,Mouse Moved,362.0,378.0,User6,,
1490374083076,Mouse Moved,362.0,378.0,User6,,
1490374083092,Mouse Moved,362.0,378.0,User6,,
1490374083108,Mouse Scrolled (0 3),362.0,378.0,User6,,
1490374083124,Mouse Moved,362.0,378.0,User6,,
1490374083732,Mouse Moved,365.0,375.0,User6,,
1490374083747,Mouse Moved,367.0,373.0,User6,,
1490374083763,Mouse Moved,372.0,367.0,User6,,
1490374083763,Mouse Moved,384.0,355.0,User6,,
1490374083779,Mouse Moved,395.0,346.0,User6,,
1490374083793,Mouse Moved,409.0,335.0,User6,,
1490374083809,Mouse Moved,427.0,311.0,User6,,
1490374083825,Mouse Moved,452.0,297.0,User6,,
1490374083841,Mouse Moved,488.0,271.0,User6,,
1490374083841,Mouse Moved,534.0,237.0,User6,,
1490374083857,Mouse Moved,579.0,212.0,User6,,
1490374083857,Mouse Moved,612.0,187.0,User6,,
1490374083888,Mouse Moved,650.0,166.0,User6,,
1490374083888,Mouse Moved,683.0,156.0,User6,,
1490374083904,Mouse Moved,723.0,142.0,User6,,
1490374083904,Mouse Moved,762.0,132.0,User6,,
1490374083918,Mouse Moved,785.0,125.0,User6,,
1490374083934,Mouse Moved,796.0,121.0,User6,,
1490374083950,Mouse Moved,808.0,121.0,User6,,
1490374083950,Mouse Moved,819.0,116.0,User6,,
1490374083966,Mouse Moved,829.0,115.0,User6,,
1490374083982,Mouse Moved,839.0,113.0,User6,,
1490374083996,Mouse Moved,844.0,111.0,User6,,
1490374084013,Mouse Moved,846.0,111.0,User6,,
1490374084059,Mouse Moved,846.0,110.0,User6,,
1490374084105,Mouse Moved,846.0,111.0,User6,,
1490374084230,Mouse Moved,844.0,111.0,User6,,
1490374084246,Mouse Moved,841.0,113.0,User6,,
1490374084262,Mouse Moved,833.0,117.0,User6,,
1490374084262,Mouse Moved,821.0,126.0,User6,,
1490374084278,Mouse Moved,801.0,137.0,User6,,
1490374084293,Mouse Moved,764.0,166.0,User6,,
1490374084309,Mouse Moved,738.0,194.0,User6,,
1490374084325,Mouse Moved,708.0,216.0,User6,,
1490374084339,Mouse Moved,679.0,236.0,User6,,
1490374084355,Mouse Moved,640.0,259.0,User6,,
1490374084371,Mouse Moved,615.0,284.0,User6,,
1490374084371,Mouse Moved,599.0,302.0,User6,,
1490374084387,Mouse Moved,582.0,315.0,User6,,
1490374084403,Mouse Moved,565.0,327.0,User6,,
1490374084417,Mouse Moved,552.0,335.0,User6,,
1490374084434,Mouse Moved,540.0,340.0,User6,,
1490374084450,Mouse Moved,528.0,347.0,User6,,
1490374084450,Mouse Moved,518.0,351.0,User6,,
1490374084464,Mouse Moved,511.0,354.0,User6,,
1490374084480,Mouse Moved,509.0,356.0,User6,,
1490374084496,Mouse Moved,507.0,358.0,User6,,
1490374084885,Mouse Moved,506.0,358.0,User6,,
1490374084901,Mouse Moved,505.0,358.0,User6,,
1490374084933,Mouse Moved,504.0,358.0,User6,,
1490374084948,Mouse Moved,503.0,358.0,User6,,
1490374084948,Mouse Moved,500.0,358.0,User6,,
1490374084963,Mouse Moved,497.0,358.0,User6,,
1490374084980,Mouse Moved,495.0,358.0,User6,,
1490374084996,Mouse Moved,486.0,356.0,User6,,
1490374085010,Mouse Moved,482.0,355.0,User6,,
1490374085026,Mouse Moved,478.0,352.0,User6,,
1490374085026,Mouse Moved,474.0,349.0,User6,,
1490374085042,Mouse Moved,470.0,347.0,User6,,
1490374085058,Mouse Moved,466.0,346.0,User6,,
1490374085073,Mouse Moved,464.0,343.0,User6,,
1490374085073,Mouse Moved,462.0,341.0,User6,,
1490374085088,Mouse Moved,457.0,336.0,User6,,
1490374085105,Mouse Moved,454.0,338.0,User6,,
1490374085119,Mouse Moved,452.0,338.0,User6,,
1490374085619,Mouse Moved,450.0,338.0,User6,,
1490374085619,Mouse Moved,448.0,338.0,User6,,
1490374085634,Mouse Moved,447.0,338.0,User6,,
1490374085651,Mouse Moved,444.0,338.0,User6,,
1490374085665,Mouse Moved,442.0,338.0,User6,,
1490374085681,Mouse Moved,439.0,338.0,User6,,
1490374085697,Mouse Moved,437.0,337.0,User6,,
1490374085697,Mouse Moved,435.0,336.0,User6,,
1490374085713,Mouse Moved,432.0,336.0,User6,,
1490374085729,Mouse Moved,431.0,335.0,User6,,
1490374085743,Mouse Moved,429.0,334.0,User6,,
1490374085759,Mouse Moved,428.0,334.0,User6,,
1490374085838,Mouse Moved,433.0,334.0,User6,,
1490374085854,Mouse Moved,435.0,332.0,User6,,
1490374085868,Mouse Moved,440.0,330.0,User6,,
1490374085884,Mouse Moved,453.0,326.0,User6,,
1490374085900,Mouse Moved,471.0,324.0,User6,,
1490374085900,Mouse Moved,507.0,316.0,User6,,
1490374085915,Mouse Moved,532.0,311.0,User6,,
1490374085931,Mouse Moved,550.0,301.0,User6,,
1490374085947,Mouse Moved,562.0,295.0,User6,,
1490374085963,Mouse Moved,573.0,288.0,User6,,
1490374085977,Mouse Moved,586.0,280.0,User6,,
1490374085977,Mouse Moved,595.0,271.0,User6,,
1490374085993,Mouse Moved,602.0,268.0,User6,,
1490374086009,Mouse Moved,604.0,266.0,User6,,
1490374086025,Mouse Moved,606.0,259.0,User6,,
1490374086118,Mouse Moved,609.0,257.0,User6,,
1490374086118,Mouse Moved,609.0,253.0,User6,,
1490374086118,Mouse Moved,607.0,251.0,User6,,
1490374086118,Mouse Moved,607.0,250.0,User6,,
1490374086118,Mouse Moved,605.0,246.0,User6,,
1490374086118,Mouse Moved,603.0,243.0,User6,,
1490374086118,Mouse Moved,598.0,238.0,User6,,
1490374086134,Mouse Moved,592.0,236.0,User6,,
1490374086134,Mouse Moved,588.0,233.0,User6,,
1490374086150,Mouse Moved,584.0,231.0,User6,,
1490374086165,Mouse Moved,582.0,231.0,User6,,
1490374086165,Mouse Moved,578.0,231.0,User6,,
1490374086180,Mouse Moved,573.0,232.0,User6,,
1490374086197,Mouse Moved,569.0,234.0,User6,,
1490374086197,Mouse Moved,566.0,235.0,User6,,
1490374086227,Mouse Moved,562.0,237.0,User6,,
1490374086243,Mouse Moved,558.0,238.0,User6,,
1490374086243,Mouse Moved,556.0,239.0,User6,,
1490374086243,Mouse Moved,554.0,239.0,User6,,
1490374086259,Mouse Moved,552.0,239.0,User6,,
1490374086275,Mouse Moved,549.0,240.0,User6,,
1490374086289,Mouse Moved,549.0,243.0,User6,,
1490374086305,Mouse Moved,547.0,243.0,User6,,
1490374086322,Mouse Moved,546.0,243.0,User6,,
1490374086461,Mouse Moved,545.0,243.0,User6,,
1490374086477,Mouse Moved,544.0,242.0,User6,,
1490374086586,Mouse Moved,543.0,242.0,User6,,
1490374086821,Mouse Moved,543.0,243.0,User6,,
1490374086835,Mouse Button.left Pressed,543.0,243.0,User6,,
1490374087039,Mouse Moved,543.0,245.0,User6,,
1490374087055,Mouse Moved,543.0,249.0,User6,,
1490374087055,Mouse Moved,543.0,253.0,User6,,
1490374087069,Mouse Moved,543.0,260.0,User6,,
1490374087085,Mouse Moved,543.0,269.0,User6,,
1490374087101,Mouse Moved,543.0,272.0,User6,,
1490374087117,Mouse Moved,543.0,277.0,User6,,
1490374087117,Mouse Moved,543.0,282.0,User6,,
1490374087132,Mouse Moved,543.0,285.0,User6,,
1490374087148,Mouse Moved,543.0,291.0,User6,,
1490374087164,Mouse Moved,543.0,298.0,User6,,
1490374087180,Mouse Moved,543.0,301.0,User6,,
1490374087180,Mouse Moved,543.0,305.0,User6,,
1490374087194,Mouse Moved,543.0,307.0,User6,,
1490374087210,Mouse Moved,543.0,308.0,User6,,
1490374087226,Mouse Moved,543.0,311.0,User6,,
1490374087242,Mouse Moved,543.0,312.0,User6,,
1490374087242,Mouse Moved,543.0,313.0,User6,,
1490374087257,Mouse Moved,543.0,314.0,User6,,
1490374087289,Mouse Moved,543.0,315.0,User6,,
1490374087303,Mouse Moved,543.0,316.0,User6,,
1490374087303,Mouse Moved,543.0,317.0,User6,,
1490374087319,Mouse Moved,542.0,319.0,User6,,
1490374087335,Mouse Moved,542.0,320.0,User6,,
1490374087351,Mouse Moved,542.0,323.0,User6,,
1490374087367,Mouse Moved,541.0,324.0,User6,,
1490374087428,Mouse Moved,541.0,325.0,User6,,
1490374087444,Mouse Moved,541.0,326.0,User6,,
1490374087460,Mouse Moved,541.0,327.0,User6,,
1490374087476,Mouse Moved,541.0,328.0,User6,,
1490374087506,Mouse Moved,541.0,329.0,User6,,
1490374087523,Mouse Moved,541.0,331.0,User6,,
1490374087538,Mouse Moved,541.0,335.0,User6,,
1490374087553,Mouse Moved,541.0,336.0,User6,,
1490374087569,Mouse Moved,540.0,340.0,User6,,
1490374087585,Mouse Moved,540.0,345.0,User6,,
1490374087601,Mouse Moved,539.0,350.0,User6,,
1490374087601,Mouse Moved,539.0,353.0,User6,,
1490374087615,Mouse Moved,539.0,356.0,User6,,
1490374087631,Mouse Moved,536.0,358.0,User6,,
1490374087648,Mouse Moved,536.0,359.0,User6,,
1490374087648,Mouse Moved,535.0,360.0,User6,,
1490374087663,Mouse Moved,535.0,361.0,User6,,
1490374087678,Mouse Moved,534.0,363.0,User6,,
1490374087694,Mouse Moved,533.0,366.0,User6,,
1490374087740,Mouse Moved,533.0,368.0,User6,,
1490374087756,Mouse Moved,531.0,368.0,User6,,
1490374087803,Mouse Moved,531.0,369.0,User6,,
1490374087819,Mouse Moved,531.0,370.0,User6,,
1490374087835,Mouse Moved,531.0,372.0,User6,,
1490374087835,Mouse Moved,530.0,373.0,User6,,
1490374087897,Mouse Moved,529.0,375.0,User6,,
1490374087913,Mouse Moved,528.0,378.0,User6,,
1490374087927,Mouse Moved,528.0,379.0,User6,,
1490374087960,Mouse Moved,528.0,380.0,User6,,
1490374087974,Mouse Moved,528.0,379.0,User6,,
1490374088459,Mouse Moved,529.0,380.0,User6,,
1490374088506,Mouse Moved,530.0,380.0,User6,,
1490374088536,Mouse Moved,531.0,381.0,User6,,
1490374088552,Mouse Moved,532.0,381.0,User6,,
1490374088677,Mouse Moved,533.0,381.0,User6,,
1490374088693,Mouse Moved,533.0,380.0,User6,,
1490374088707,Mouse Moved,534.0,379.0,User6,,
1490374088911,Mouse Moved,536.0,383.0,User6,,
1490374088941,Mouse Moved,538.0,389.0,User6,,
1490374088957,Mouse Moved,540.0,394.0,User6,,
1490374089815,Mouse Moved,539.0,394.0,User6,,
1490374089832,Mouse Button.left Pressed,539.0,394.0,User6,,
1490374089971,Mouse Moved,539.0,394.0,User6,,
1490374090174,Mouse Moved,540.0,395.0,User6,,
1490374090190,Mouse Moved,540.0,397.0,User6,,
1490374090206,Mouse Moved,540.0,401.0,User6,,
1490374090221,Mouse Moved,540.0,402.0,User6,,
1490374090236,Mouse Moved,540.0,404.0,User6,,
1490374090253,Mouse Moved,540.0,405.0,User6,,
1490374090267,Mouse Moved,540.0,406.0,User6,,
1490374090283,Mouse Moved,542.0,408.0,User6,,
1490374090674,Mouse Moved,542.0,407.0,User6,,
1490374090799,Mouse Moved,543.0,409.0,User6,,
1490374090813,Mouse Moved,543.0,410.0,User6,,
1490374090829,Mouse Moved,543.0,411.0,User6,,
1490374090829,Mouse Moved,543.0,413.0,User6,,
1490374090861,Mouse Moved,543.0,416.0,User6,,
1490374090861,Mouse Moved,545.0,423.0,User6,,
1490374090877,Mouse Moved,545.0,432.0,User6,,
1490374090891,Mouse Moved,545.0,435.0,User6,,
1490374090891,Mouse Moved,545.0,440.0,User6,,
1490374090907,Mouse Moved,545.0,443.0,User6,,
1490374090924,Mouse Moved,545.0,448.0,User6,,
1490374090938,Mouse Moved,545.0,453.0,User6,,
1490374090954,Mouse Moved,545.0,456.0,User6,,
1490374090970,Mouse Moved,545.0,458.0,User6,,
1490374090986,Mouse Moved,544.0,458.0,User6,,
1490374091032,Mouse Moved,544.0,459.0,User6,,
1490374091048,Mouse Moved,544.0,460.0,User6,,
1490374091063,Mouse Moved,543.0,461.0,User6,,
1490374091079,Mouse Moved,543.0,462.0,User6,,
1490374091079,Mouse Moved,543.0,463.0,User6,,
1490374091095,Mouse Moved,542.0,465.0,User6,,
1490374091125,Mouse Moved,542.0,466.0,User6,,
1490374091157,Mouse Moved,542.0,469.0,User6,,
1490374091157,Mouse Moved,542.0,470.0,User6,,
1490374091173,Mouse Moved,542.0,472.0,User6,,
1490374091188,Mouse Moved,541.0,474.0,User6,,
1490374091188,Mouse Moved,541.0,476.0,User6,,
1490374091203,Mouse Moved,540.0,478.0,User6,,
1490374091220,Mouse Moved,540.0,480.0,User6,,
1490374091236,Mouse Moved,540.0,483.0,User6,,
1490374091250,Mouse Moved,539.0,484.0,User6,,
1490374091250,Mouse Moved,539.0,486.0,User6,,
1490374091266,Mouse Moved,538.0,487.0,User6,,
1490374091282,Mouse Moved,538.0,488.0,User6,,
1490374091298,Mouse Moved,537.0,490.0,User6,,
1490374091313,Mouse Moved,535.0,490.0,User6,,
1490374091313,Mouse Moved,535.0,491.0,User6,,
1490374091328,Mouse Moved,533.0,492.0,User6,,
1490374091345,Mouse Moved,532.0,495.0,User6,,
1490374091359,Mouse Moved,530.0,496.0,User6,,
1490374091375,Mouse Moved,530.0,498.0,User6,,
1490374091375,Mouse Moved,529.0,501.0,User6,,
1490374091391,Mouse Moved,527.0,506.0,User6,,
1490374091407,Mouse Moved,526.0,507.0,User6,,
1490374091423,Mouse Moved,526.0,509.0,User6,,
1490374091423,Mouse Moved,526.0,510.0,User6,,
1490374091437,Mouse Moved,525.0,512.0,User6,,
1490374091453,Mouse Moved,525.0,513.0,User6,,
1490374091532,Mouse Moved,525.0,515.0,User6,,
1490374091687,Mouse Moved,526.0,515.0,User6,,
1490374092358,Mouse Moved,523.0,511.0,User6,,
1490374092374,Mouse Moved,521.0,503.0,User6,,
1490374092390,Mouse Moved,518.0,494.0,User6,,
1490374092405,Mouse Moved,514.0,487.0,User6,,
1490374092405,Mouse Moved,508.0,477.0,User6,,
1490374092437,Mouse Moved,491.0,458.0,User6,,
1490374092437,Mouse Moved,469.0,436.0,User6,,
1490374092451,Mouse Moved,460.0,428.0,User6,,
1490374092451,Mouse Moved,448.0,418.0,User6,,
1490374092467,Mouse Moved,436.0,410.0,User6,,
1490374092483,Mouse Moved,421.0,400.0,User6,,
1490374092499,Mouse Moved,392.0,382.0,User6,,
1490374092499,Mouse Moved,380.0,377.0,User6,,
1490374092515,Mouse Moved,368.0,372.0,User6,,
1490374092529,Mouse Moved,358.0,369.0,User6,,
1490374092546,Mouse Moved,348.0,364.0,User6,,
1490374092562,Mouse Moved,343.0,369.0,User6,,
1490374092576,Mouse Moved,338.0,363.0,User6,,
1490374092608,Mouse Moved,338.0,362.0,User6,,
1490374092904,Mouse Moved,338.0,362.0,User6,,
1490374092936,Mouse Moved,338.0,362.0,User6,,
1490374093013,Mouse Moved,338.0,362.0,User6,,
1490374093075,Mouse Moved,338.0,362.0,User6,,
1490374093170,Mouse Moved,338.0,362.0,User6,,
1490374093420,Mouse Moved,338.0,362.0,User6,,
1490374093434,Mouse Moved,338.0,362.0,User6,,
1490374093466,Mouse Moved,338.0,362.0,User6,,
1490374094278,Mouse Moved,338.0,362.0,User6,,
1490374094309,Mouse Moved,338.0,362.0,User6,,
1490374094323,Mouse Moved,338.0,362.0,User6,,
1490374094355,Mouse Moved,338.0,362.0,User6,,
1490374094387,Mouse Moved,338.0,362.0,User6,,
1490374094401,Mouse Scrolled (0 1),338.0,362.0,User6,,
1490374094434,Mouse Moved,338.0,362.0,User6,,
1490374094448,Mouse Moved,338.0,362.0,User6,,
1490374094464,Mouse Scrolled (0 2),338.0,362.0,User6,,
1490374094480,Mouse Moved,338.0,362.0,User6,,
1490374094512,Mouse Moved,338.0,362.0,User6,,
1490374094885,Mouse Moved,338.0,362.0,User6,,
1490374094917,Mouse Moved,338.0,362.0,User6,,
1490374094933,Mouse Moved,338.0,362.0,User6,,
1490374094947,Mouse Moved,338.0,362.0,User6,,
1490374094963,Mouse Moved,338.0,362.0,User6,,
1490374094980,Mouse Moved,338.0,362.0,User6,,
1490374094994,Mouse Moved,338.0,362.0,User6,,
1490374095026,Mouse Moved,338.0,362.0,User6,,
1490374095088,Mouse Moved,338.0,362.0,User6,,
1490374095384,Mouse Moved,338.0,362.0,User6,,
1490374095401,Mouse Moved,338.0,362.0,User6,,
1490374095431,Mouse Moved,338.0,362.0,User6,,
1490374095447,Mouse Moved,338.0,362.0,User6,,
1490374095509,Mouse Moved,338.0,362.0,User6,,
1490374095556,Mouse Moved,338.0,362.0,User6,,
1490374095588,Mouse Moved,338.0,362.0,User6,,
1490374095604,Mouse Moved,338.0,362.0,User6,,
1490374095618,Mouse Moved,338.0,362.0,User6,,
1490374095650,Mouse Moved,338.0,362.0,User6,,
1490374095665,Mouse Scrolled (0 1),338.0,362.0,User6,,
1490374095697,Mouse Moved,338.0,362.0,User6,,
1490374095713,Mouse Moved,338.0,362.0,User6,,
1490374095743,Mouse Moved,338.0,362.0,User6,,
1490374095759,Mouse Moved,338.0,362.0,User6,,
1490374096414,Mouse Moved,338.0,360.0,User6,,
1490374096430,Mouse Moved,340.0,354.0,User6,,
1490374096446,Mouse Moved,340.0,347.0,User6,,
1490374096461,Mouse Moved,343.0,336.0,User6,,
1490374096461,Mouse Moved,345.0,327.0,User6,,
1490374096476,Mouse Moved,345.0,318.0,User6,,
1490374096493,Mouse Moved,350.0,309.0,User6,,
1490374096507,Mouse Moved,354.0,294.0,User6,,
1490374096523,Mouse Moved,360.0,274.0,User6,,
1490374096539,Mouse Moved,365.0,269.0,User6,,
1490374096555,Mouse Moved,367.0,265.0,User6,,
1490374096571,Mouse Moved,368.0,263.0,User6,,
1490374096585,Mouse Moved,368.0,261.0,User6,,
1490374096710,Mouse Moved,369.0,261.0,User6,,
1490374097538,Mouse Moved,363.0,261.0,User6,,
1490374097553,Mouse Moved,358.0,261.0,User6,,
1490374097569,Mouse Moved,343.0,258.0,User6,,
1490374097585,Mouse Moved,330.0,258.0,User6,,
1490374097599,Mouse Moved,314.0,256.0,User6,,
1490374097615,Mouse Moved,304.0,256.0,User6,,
1490374097631,Mouse Moved,289.0,253.0,User6,,
1490374097647,Mouse Moved,280.0,253.0,User6,,
1490374097663,Mouse Moved,269.0,253.0,User6,,
1490374097677,Mouse Moved,262.0,253.0,User6,,
1490374097694,Mouse Moved,260.0,253.0,User6,,
1490374097710,Mouse Moved,258.0,253.0,User6,,
1490374097710,Mouse Moved,257.0,253.0,User6,,
1490374097724,Mouse Moved,255.0,253.0,User6,,
1490374097740,Mouse Moved,252.0,255.0,User6,,
1490374097772,Mouse Moved,252.0,256.0,User6,,
1490374097788,Mouse Moved,251.0,256.0,User6,,
1490374097802,Mouse Moved,249.0,257.0,User6,,
1490374097819,Mouse Moved,243.0,262.0,User6,,
1490374097834,Mouse Moved,231.0,273.0,User6,,
1490374097849,Mouse Moved,214.0,290.0,User6,,
1490374097849,Mouse Moved,194.0,305.0,User6,,
1490374097865,Mouse Moved,180.0,322.0,User6,,
1490374097881,Mouse Moved,163.0,340.0,User6,,
1490374097897,Mouse Moved,150.0,355.0,User6,,
1490374097897,Mouse Moved,142.0,364.0,User6,,
1490374097911,Mouse Moved,138.0,368.0,User6,,
1490374097927,Mouse Moved,137.0,370.0,User6,,
1490374097927,Mouse Moved,136.0,370.0,User6,,
1490374098022,Mouse Moved,137.0,370.0,User6,,
1490374098022,Mouse Moved,139.0,370.0,User6,,
1490374098036,Mouse Moved,140.0,370.0,User6,,
1490374098052,Mouse Moved,143.0,370.0,User6,,
1490374098052,Mouse Moved,145.0,371.0,User6,,
1490374098068,Mouse Moved,147.0,371.0,User6,,
1490374098084,Mouse Moved,149.0,371.0,User6,,
1490374098099,Mouse Moved,152.0,371.0,User6,,
1490374098115,Mouse Moved,156.0,371.0,User6,,
1490374098131,Mouse Moved,158.0,371.0,User6,,
1490374098131,Mouse Moved,162.0,371.0,User6,,
1490374098145,Mouse Moved,166.0,371.0,User6,,
1490374098161,Mouse Moved,168.0,371.0,User6,,
1490374098177,Mouse Moved,172.0,371.0,User6,,
1490374098193,Mouse Moved,175.0,371.0,User6,,
1490374098209,Mouse Moved,179.0,371.0,User6,,
1490374098209,Mouse Moved,181.0,371.0,User6,,
1490374098223,Mouse Moved,183.0,371.0,User6,,
1490374098240,Mouse Moved,184.0,371.0,User6,,
1490374098645,Mouse Moved,185.0,368.0,User6,,
1490374098661,Mouse Moved,185.0,365.0,User6,,
1490374098661,Mouse Moved,185.0,362.0,User6,,
1490374098677,Mouse Moved,185.0,357.0,User6,,
1490374098691,Mouse Moved,185.0,350.0,User6,,
1490374098707,Mouse Moved,185.0,344.0,User6,,
1490374098707,Mouse Moved,185.0,340.0,User6,,
1490374098723,Mouse Moved,185.0,339.0,User6,,
1490374098739,Mouse Moved,185.0,335.0,User6,,
1490374098739,Mouse Moved,185.0,334.0,User6,,
1490374099426,Mouse Moved,185.0,335.0,User6,,
1490374099565,Mouse Moved,185.0,335.0,User6,,
1490374099799,Mouse Moved,186.0,331.0,User6,,
1490374099815,Mouse Moved,188.0,329.0,User6,,
1490374099831,Mouse Moved,189.0,327.0,User6,,
1490374099861,Mouse Moved,189.0,324.0,User6,,
1490374099861,Mouse Moved,190.0,323.0,User6,,
1490374099878,Mouse Moved,190.0,322.0,User6,,
1490374099986,Mouse Moved,191.0,322.0,User6,,
1490374100003,Mouse Moved,192.0,322.0,User6,,
1490374100017,Mouse Moved,193.0,321.0,User6,,
1490374100033,Mouse Moved,193.0,320.0,User6,,
1490374100049,Mouse Moved,195.0,319.0,User6,,
1490374100065,Mouse Moved,197.0,316.0,User6,,
1490374100081,Mouse Moved,198.0,314.0,User6,,
1490374100095,Mouse Moved,199.0,313.0,User6,,
1490374100111,Mouse Moved,200.0,313.0,User6,,
1490374100128,Mouse Moved,201.0,311.0,User6,,
1490374100142,Mouse Moved,202.0,311.0,User6,,
1490374100158,Mouse Moved,203.0,310.0,User6,,
1490374100190,Mouse Moved,203.0,309.0,User6,,
1490374100440,Mouse Moved,203.0,310.0,User6,,
1490374100454,Mouse Moved,203.0,310.0,User6,,
1490374100595,Mouse Moved,203.0,310.0,User6,,
1490374100782,Mouse Moved,200.0,311.0,User6,,
1490374100798,Mouse Moved,199.0,311.0,User6,,
1490374100813,Mouse Moved,198.0,311.0,User6,,
1490374100829,Mouse Moved,197.0,312.0,User6,,
1490374100861,Mouse Moved,194.0,313.0,User6,,
1490374100891,Mouse Moved,193.0,313.0,User6,,
1490374100907,Mouse Moved,192.0,314.0,User6,,
1490374100923,Mouse Moved,190.0,314.0,User6,,
1490374100938,Mouse Moved,188.0,317.0,User6,,
1490374100953,Mouse Moved,187.0,317.0,User6,,
1490374101016,Mouse Moved,186.0,318.0,User6,,
1490374101032,Mouse Moved,185.0,319.0,User6,,
1490374101048,Mouse Moved,185.0,320.0,User6,,
1490374101063,Mouse Moved,184.0,322.0,User6,,
1490374101078,Mouse Moved,182.0,323.0,User6,,
1490374101359,Mouse Moved,182.0,323.0,User6,,
1490374101516,Mouse Moved,182.0,323.0,User6,,
1490374102092,Mouse Moved,182.0,322.0,User6,,
1490374102108,Mouse Moved,183.0,320.0,User6,,
1490374102124,Mouse Moved,185.0,315.0,User6,,
1490374102140,Mouse Moved,186.0,315.0,User6,,
1490374102155,Mouse Moved,187.0,314.0,User6,,
1490374102171,Mouse Moved,188.0,313.0,User6,,
1490374102187,Mouse Moved,188.0,312.0,User6,,
1490374102217,Mouse Moved,189.0,312.0,User6,,
1490374102217,Mouse Moved,190.0,312.0,User6,,
1490374102233,Mouse Moved,190.0,311.0,User6,,
1490374102265,Mouse Moved,191.0,311.0,User6,,
1490374102279,Mouse Moved,192.0,310.0,User6,,
1490374102296,Mouse Moved,193.0,310.0,User6,,
1490374102312,Mouse Moved,193.0,309.0,User6,,
1490374102326,Mouse Moved,195.0,309.0,User6,,
1490374102342,Mouse Moved,195.0,307.0,User6,,
1490374102513,Mouse Moved,194.0,307.0,User6,,
1490374102529,Mouse Moved,192.0,308.0,User6,,
1490374102561,Mouse Moved,195.0,307.0,User6,,
1490374102608,Mouse Moved,195.0,307.0,User6,,
1490374102747,Mouse Moved,195.0,307.0,User6,,
1490374102763,Mouse Button.left Released,195.0,307.0,User6,,
1490374103216,Mouse Moved,195.0,304.0,User6,,
1490374103232,Mouse Moved,195.0,298.0,User6,,
1490374103247,Mouse Moved,195.0,293.0,User6,,
1490374103263,Mouse Moved,198.0,286.0,User6,,
1490374103279,Mouse Moved,202.0,253.0,User6,,
1490374103293,Mouse Moved,206.0,239.0,User6,,
1490374103309,Mouse Moved,207.0,223.0,User6,,
1490374103325,Mouse Moved,207.0,212.0,User6,,
1490374103341,Mouse Moved,207.0,206.0,User6,,
1490374103341,Mouse Moved,207.0,203.0,User6,,
1490374103357,Mouse Moved,207.0,202.0,User6,,
1490374103418,Mouse Moved,207.0,201.0,User6,,
1490374103434,Mouse Moved,207.0,203.0,User6,,
1490374103450,Mouse Moved,208.0,203.0,User6,,
1490374103543,Mouse Moved,208.0,207.0,User6,,
1490374103559,Mouse Moved,209.0,209.0,User6,,
1490374103575,Mouse Moved,211.0,213.0,User6,,
1490374103591,Mouse Moved,213.0,218.0,User6,,
1490374103605,Mouse Moved,222.0,232.0,User6,,
1490374103621,Mouse Moved,249.0,278.0,User6,,
1490374103638,Mouse Moved,255.0,290.0,User6,,
1490374103653,Mouse Moved,269.0,301.0,User6,,
1490374103668,Mouse Moved,278.0,310.0,User6,,
1490374103684,Mouse Moved,295.0,327.0,User6,,
1490374103700,Mouse Moved,307.0,333.0,User6,,
1490374103700,Mouse Moved,316.0,337.0,User6,,
1490374103716,Mouse Moved,318.0,337.0,User6,,
1490374103730,Mouse Moved,321.0,338.0,User6,,
1490374103730,Mouse Moved,322.0,338.0,User6,,
1490374103762,Mouse Moved,324.0,335.0,User6,,
1490374103778,Mouse Moved,326.0,335.0,User6,,
1490374103793,Mouse Moved,327.0,335.0,User6,,
1490374103809,Mouse Moved,329.0,335.0,User6,,
1490374103825,Mouse Moved,332.0,338.0,User6,,
1490374103839,Mouse Moved,334.0,338.0,User6,,
1490374103855,Mouse Moved,334.0,337.0,User6,,
1490374104339,Mouse Moved,335.0,337.0,User6,,
1490374104339,Mouse Moved,341.0,337.0,User6,,
1490374104355,Mouse Moved,344.0,337.0,User6,,
1490374104371,Mouse Moved,350.0,337.0,User6,,
1490374104385,Mouse Moved,357.0,337.0,User6,,
1490374104385,Mouse Moved,362.0,337.0,User6,,
1490374104401,Mouse Moved,370.0,334.0,User6,,
1490374104417,Mouse Moved,380.0,334.0,User6,,
1490374104433,Mouse Moved,385.0,334.0,User6,,
1490374104448,Mouse Moved,388.0,333.0,User6,,
1490374104448,Mouse Moved,392.0,332.0,User6,,
1490374104713,Mouse Moved,392.0,333.0,User6,,
1490374104744,Mouse Moved,392.0,333.0,User6,,
1490374104760,Mouse Moved,392.0,333.0,User6,,
1490374104776,Mouse Moved,392.0,333.0,User6,,
1490374104808,Mouse Moved,392.0,333.0,User6,,
1490374104822,Mouse Moved,392.0,333.0,User6,,
1490374104838,Mouse Moved,392.0,333.0,User6,,
1490374104854,Mouse Moved,392.0,333.0,User6,,
1490374104869,Mouse Moved,392.0,333.0,User6,,
1490374104885,Mouse Moved,392.0,333.0,User6,,
1490374104901,Mouse Moved,392.0,333.0,User6,,
1490374104917,Mouse Moved,392.0,333.0,User6,,
1490374104931,Mouse Scrolled (0 5),392.0,333.0,User6,,
1490374104947,Mouse Scrolled (0 1),392.0,333.0,User6,,
1490374104994,Mouse Moved,392.0,333.0,User6,,
1490374105322,Mouse Moved,392.0,333.0,User6,,
1490374105338,Mouse Scrolled (0 1),392.0,333.0,User6,,
1490374105354,Mouse Scrolled (0 2),392.0,333.0,User6,,
1490374105368,Mouse Moved,392.0,333.0,User6,,
1490374105384,Mouse Moved,392.0,333.0,User6,,
1490374105400,Mouse Scrolled (0 2),392.0,333.0,User6,,
1490374105415,Mouse Moved,392.0,333.0,User6,,
1490374105431,Mouse Moved,392.0,333.0,User6,,
1490374105447,Mouse Moved,392.0,333.0,User6,,
1490374105775,Mouse Moved,392.0,333.0,User6,,
1490374105789,Mouse Moved,392.0,333.0,User6,,
1490374105805,Mouse Moved,392.0,333.0,User6,,
1490374105822,Mouse Moved,392.0,333.0,User6,,
1490374105836,Mouse Moved,392.0,333.0,User6,,
1490374106196,Mouse Moved,383.0,326.0,User6,,
1490374106211,Mouse Moved,371.0,318.0,User6,,
1490374106226,Mouse Moved,358.0,314.0,User6,,
1490374106243,Mouse Moved,336.0,301.0,User6,,
1490374106257,Mouse Moved,297.0,291.0,User6,,
1490374106273,Mouse Moved,250.0,282.0,User6,,
1490374106289,Mouse Moved,238.0,281.0,User6,,
1490374106305,Mouse Moved,224.0,279.0,User6,,
1490374106321,Mouse Moved,209.0,275.0,User6,,
1490374106335,Mouse Moved,196.0,273.0,User6,,
1490374106335,Mouse Moved,183.0,269.0,User6,,
1490374106351,Mouse Moved,174.0,264.0,User6,,
1490374106368,Mouse Moved,167.0,259.0,User6,,
1490374106382,Mouse Moved,160.0,254.0,User6,,
1490374106398,Mouse Moved,156.0,244.0,User6,,
1490374106414,Mouse Moved,152.0,242.0,User6,,
1490374106414,Mouse Moved,146.0,233.0,User6,,
1490374106430,Mouse Moved,143.0,230.0,User6,,
1490374106446,Mouse Moved,142.0,228.0,User6,,
1490374106460,Mouse Moved,141.0,227.0,User6,,
1490374106476,Mouse Moved,141.0,224.0,User6,,
1490374106492,Mouse Moved,140.0,222.0,User6,,
1490374106523,Mouse Moved,139.0,220.0,User6,,
1490374106539,Mouse Moved,139.0,222.0,User6,,
1490374106555,Mouse Moved,139.0,223.0,User6,,
1490374106680,Mouse Moved,140.0,223.0,User6,,
1490374106680,Mouse Moved,141.0,223.0,User6,,
1490374106694,Mouse Moved,142.0,223.0,User6,,
1490374106710,Mouse Moved,145.0,223.0,User6,,
1490374106726,Mouse Moved,146.0,223.0,User6,,
1490374106742,Mouse Moved,149.0,222.0,User6,,
1490374106742,Mouse Moved,152.0,221.0,User6,,
1490374106757,Mouse Moved,154.0,221.0,User6,,
1490374106773,Mouse Moved,159.0,221.0,User6,,
1490374106789,Mouse Moved,166.0,214.0,User6,,
1490374106803,Mouse Moved,168.0,214.0,User6,,
1490374106819,Mouse Moved,170.0,214.0,User6,,
1490374106819,Mouse Moved,171.0,211.0,User6,,
1490374106835,Mouse Moved,173.0,211.0,User6,,
1490374106867,Mouse Moved,174.0,211.0,User6,,
1490374107163,Mouse Moved,174.0,211.0,User6,,
1490374107178,Mouse Button.left Pressed,174.0,211.0,User6,,
1490374107319,Mouse Moved,174.0,211.0,User6,,
1490374107786,Mouse Moved,179.0,211.0,User6,,
1490374107802,Mouse Moved,181.0,211.0,User6,,
1490374107818,Mouse Moved,185.0,211.0,User6,,
1490374107834,Mouse Moved,188.0,211.0,User6,,
1490374107849,Mouse Moved,193.0,211.0,User6,,
1490374107865,Mouse Moved,218.0,208.0,User6,,
1490374107881,Mouse Moved,244.0,208.0,User6,,
1490374107895,Mouse Moved,311.0,196.0,User6,,
1490374107911,Mouse Moved,364.0,190.0,User6,,
1490374107927,Mouse Moved,465.0,163.0,User6,,
1490374107943,Mouse Moved,511.0,148.0,User6,,
1490374107959,Mouse Moved,574.0,138.0,User6,,
1490374107973,Mouse Moved,616.0,128.0,User6,,
1490374107990,Mouse Moved,651.0,122.0,User6,,
1490374108006,Mouse Moved,664.0,121.0,User6,,
1490374108006,Mouse Moved,672.0,118.0,User6,,
1490374108006,Mouse Moved,680.0,118.0,User6,,
1490374108036,Mouse Moved,687.0,117.0,User6,,
1490374108052,Mouse Moved,688.0,117.0,User6,,
1490374108084,Mouse Moved,686.0,116.0,User6,,
1490374108364,Mouse Moved,688.0,115.0,User6,,
1490374108380,Mouse Moved,690.0,113.0,User6,,
1490374108395,Mouse Moved,695.0,109.0,User6,,
1490374108411,Mouse Moved,707.0,105.0,User6,,
1490374108427,Mouse Moved,735.0,91.0,User6,,
1490374108427,Mouse Moved,743.0,90.0,User6,,
1490374108441,Mouse Moved,757.0,85.0,User6,,
1490374108536,Mouse Moved,767.0,77.0,User6,,
1490374108552,Mouse Moved,781.0,76.0,User6,,
1490374108552,Mouse Moved,784.0,76.0,User6,,
1490374108552,Mouse Moved,789.0,69.0,User6,,
1490374108552,Mouse Moved,791.0,69.0,User6,,
1490374108552,Mouse Moved,792.0,69.0,User6,,
1490374108552,Mouse Moved,792.0,68.0,User6,,
1490374108552,Mouse Moved,793.0,68.0,User6,,
1490374108786,Mouse Moved,794.0,66.0,User6,,
1490374108801,Mouse Moved,794.0,64.0,User6,,
1490374108801,Mouse Moved,795.0,63.0,User6,,
1490374108832,Mouse Moved,797.0,63.0,User6,,
1490374108832,Mouse Moved,798.0,61.0,User6,,
1490374108848,Mouse Moved,800.0,60.0,User6,,
1490374108864,Mouse Moved,803.0,60.0,User6,,
1490374108878,Mouse Moved,805.0,59.0,User6,,
1490374108894,Mouse Moved,806.0,57.0,User6,,
1490374108910,Mouse Moved,806.0,56.0,User6,,
1490374108926,Mouse Moved,807.0,56.0,User6,,
1490374109190,Mouse Moved,806.0,57.0,User6,,
1490374109346,Mouse Moved,806.0,57.0,User6,,
1490374111421,Mouse Moved,802.0,56.0,User6,,
1490374111437,Mouse Moved,794.0,56.0,User6,,
1490374111453,Mouse Moved,784.0,56.0,User6,,
1490374111469,Mouse Moved,767.0,53.0,User6,,
1490374111483,Mouse Moved,764.0,52.0,User6,,
1490374111500,Mouse Moved,760.0,50.0,User6,,
1490374111516,Mouse Moved,757.0,49.0,User6,,
1490374111516,Mouse Moved,752.0,46.0,User6,,
1490374111546,Mouse Moved,747.0,44.0,User6,,
1490374111562,Mouse Moved,742.0,43.0,User6,,
1490374111562,Mouse Moved,739.0,42.0,User6,,
1490374111578,Mouse Moved,727.0,39.0,User6,,
1490374111594,Mouse Moved,719.0,38.0,User6,,
1490374111608,Mouse Moved,713.0,38.0,User6,,
1490374111640,Mouse Moved,708.0,38.0,User6,,
1490374111640,Mouse Moved,703.0,38.0,User6,,
1490374111655,Mouse Moved,691.0,38.0,User6,,
1490374111671,Mouse Moved,685.0,41.0,User6,,
1490374111687,Mouse Moved,673.0,43.0,User6,,
1490374111703,Mouse Moved,666.0,46.0,User6,,
1490374111717,Mouse Moved,649.0,53.0,User6,,
1490374111733,Mouse Moved,642.0,57.0,User6,,
1490374111750,Mouse Moved,637.0,63.0,User6,,
1490374111765,Mouse Moved,630.0,66.0,User6,,
1490374111780,Mouse Moved,625.0,74.0,User6,,
1490374111796,Mouse Moved,615.0,82.0,User6,,
1490374111812,Mouse Moved,610.0,87.0,User6,,
1490374111828,Mouse Moved,603.0,96.0,User6,,
1490374111842,Mouse Moved,598.0,96.0,User6,,
1490374111858,Mouse Moved,595.0,106.0,User6,,
1490374111874,Mouse Moved,586.0,115.0,User6,,
1490374111890,Mouse Moved,581.0,119.0,User6,,
1490374111905,Mouse Moved,575.0,123.0,User6,,
1490374111921,Mouse Moved,564.0,133.0,User6,,
1490374111937,Mouse Moved,554.0,145.0,User6,,
1490374111937,Mouse Moved,550.0,147.0,User6,,
1490374111951,Mouse Moved,545.0,154.0,User6,,
1490374111983,Mouse Moved,542.0,154.0,User6,,
1490374111983,Mouse Moved,535.0,162.0,User6,,
1490374111999,Mouse Moved,523.0,171.0,User6,,
1490374112015,Mouse Moved,519.0,173.0,User6,,
1490374112029,Mouse Moved,515.0,176.0,User6,,
1490374112046,Mouse Moved,508.0,185.0,User6,,
1490374112062,Mouse Moved,502.0,186.0,User6,,
1490374112076,Mouse Moved,497.0,191.0,User6,,
1490374112092,Mouse Moved,494.0,193.0,User6,,
1490374112108,Mouse Moved,493.0,193.0,User6,,
1490374112124,Mouse Moved,492.0,193.0,User6,,
1490374112154,Mouse Moved,490.0,188.0,User6,,
1490374116851,Mouse Moved,474.0,187.0,User6,,
1490374116865,Mouse Moved,461.0,183.0,User6,,
1490374116881,Mouse Moved,446.0,177.0,User6,,
1490374116898,Mouse Moved,426.0,174.0,User6,,
1490374116913,Mouse Moved,374.0,161.0,User6,,
1490374116928,Mouse Moved,349.0,157.0,User6,,
1490374116944,Mouse Moved,334.0,153.0,User6,,
1490374116960,Mouse Moved,303.0,145.0,User6,,
1490374116990,Mouse Moved,264.0,131.0,User6,,
1490374117006,Mouse Moved,251.0,129.0,User6,,
1490374117006,Mouse Moved,242.0,126.0,User6,,
1490374117038,Mouse Moved,232.0,123.0,User6,,
1490374117038,Mouse Moved,223.0,123.0,User6,,
1490374117053,Mouse Moved,215.0,123.0,User6,,
1490374117069,Mouse Moved,210.0,123.0,User6,,
1490374117085,Mouse Moved,199.0,121.0,User6,,
1490374117099,Mouse Moved,199.0,126.0,User6,,
1490374117115,Mouse Moved,192.0,126.0,User6,,
1490374117131,Mouse Moved,189.0,127.0,User6,,
1490374117147,Mouse Moved,188.0,130.0,User6,,
1490374117163,Mouse Moved,181.0,134.0,User6,,
1490374117177,Mouse Moved,177.0,135.0,User6,,
1490374117194,Mouse Moved,171.0,142.0,User6,,
1490374117210,Mouse Moved,167.0,147.0,User6,,
1490374117224,Mouse Moved,163.0,151.0,User6,,
1490374119315,Mouse Moved,161.0,152.0,User6,,
1490374119315,Mouse Moved,156.0,155.0,User6,,
1490374119331,Mouse Moved,154.0,157.0,User6,,
1490374119346,Mouse Moved,149.0,159.0,User6,,
1490374119346,Mouse Moved,145.0,162.0,User6,,
1490374119361,Mouse Moved,141.0,165.0,User6,,
1490374119378,Mouse Moved,135.0,171.0,User6,,
1490374119394,Mouse Moved,131.0,171.0,User6,,
1490374119394,Mouse Moved,128.0,174.0,User6,,
1490374119424,Mouse Moved,126.0,175.0,User6,,
1490374119440,Mouse Moved,125.0,175.0,User6,,
1490374119456,Mouse Moved,123.0,176.0,User6,,
1490374119456,Mouse Moved,121.0,177.0,User6,,
1490374119486,Mouse Moved,120.0,177.0,User6,,
1490374119549,Mouse Moved,120.0,178.0,User6,,
1490374119595,Mouse Moved,119.0,179.0,User6,,
1490374119845,Mouse Moved,120.0,179.0,User6,,
1490374119970,Mouse Moved,120.0,179.0,User6,,
1490374120032,Mouse Moved,120.0,179.0,User6,,
1490374120174,Mouse Moved,120.0,179.0,User6,,
1490374137365,Mouse Moved,132.0,173.0,User6,,
1490374137380,Mouse Moved,154.0,162.0,User6,,
1490374137395,Mouse Moved,180.0,157.0,User6,,
1490374137411,Mouse Moved,226.0,139.0,User6,,
1490374137427,Mouse Moved,265.0,129.0,User6,,
1490374137427,Mouse Moved,314.0,111.0,User6,,
1490374137443,Mouse Moved,361.0,115.0,User6,,
1490374137457,Mouse Moved,389.0,111.0,User6,,
1490374137473,Mouse Moved,438.0,111.0,User6,,
1490374137490,Mouse Moved,487.0,109.0,User6,,
1490374137505,Mouse Moved,539.0,109.0,User6,,
1490374137505,Mouse Moved,588.0,109.0,User6,,
1490374137520,Mouse Moved,621.0,107.0,User6,,
1490374137536,Mouse Moved,641.0,107.0,User6,,
1490374137552,Mouse Moved,662.0,104.0,User6,,
1490374137568,Mouse Moved,671.0,99.0,User6,,
1490374137816,Mouse Moved,673.0,98.0,User6,,
1490374137832,Mouse Moved,678.0,93.0,User6,,
1490374137832,Mouse Moved,693.0,85.0,User6,,
1490374137832,Mouse Moved,710.0,75.0,User6,,
1490374137832,Mouse Moved,730.0,62.0,User6,,
1490374137848,Mouse Moved,739.0,57.0,User6,,
1490374137864,Mouse Moved,745.0,52.0,User6,,
1490374137894,Mouse Moved,746.0,51.0,User6,,
1490374137911,Mouse Moved,747.0,50.0,User6,,
1490374138114,Mouse Moved,748.0,47.0,User6,,
1490374138128,Mouse Moved,749.0,44.0,User6,,
1490374138160,Mouse Moved,749.0,43.0,User6,,
1490374138191,Mouse Moved,749.0,42.0,User6,,
1490374138285,Mouse Moved,751.0,39.0,User6,,
1490374138315,Mouse Moved,752.0,38.0,User6,,
1490374138332,Mouse Moved,754.0,35.0,User6,,
1490374138348,Mouse Moved,755.0,33.0,User6,,
1490374138362,Mouse Moved,756.0,32.0,User6,,
1490374138378,Mouse Moved,757.0,32.0,User6,,
1490374138394,Mouse Moved,759.0,29.0,User6,,
1490374138644,Mouse Moved,758.0,30.0,User6,,
1490374138799,Mouse Moved,758.0,30.0,User6,,
1490374139111,Mouse Moved,738.0,35.0,User6,,
1490374139128,Mouse Moved,662.0,45.0,User6,,
1490374139142,Mouse Moved,583.0,50.0,User6,,
1490374139158,Mouse Moved,522.0,64.0,User6,,
1490374139158,Mouse Moved,478.0,68.0,User6,,
1490374139174,Mouse Moved,434.0,75.0,User6,,
1490374139206,Mouse Moved,388.0,77.0,User6,,
1490374139206,Mouse Moved,341.0,83.0,User6,,
1490374139220,Mouse Moved,299.0,83.0,User6,,
1490374139236,Mouse Moved,264.0,77.0,User6,,
1490374139236,Mouse Moved,248.0,73.0,User6,,
1490374139252,Mouse Moved,235.0,68.0,User6,,
1490374139252,Mouse Moved,225.0,67.0,User6,,
1490374139283,Mouse Moved,221.0,65.0,User6,,
1490374139283,Mouse Moved,213.0,65.0,User6,,
1490374139283,Mouse Moved,209.0,65.0,User6,,
1490374139299,Mouse Moved,207.0,68.0,User6,,
1490374139315,Mouse Moved,204.0,70.0,User6,,
1490374139563,Mouse Moved,201.0,70.0,User6,,
1490374139579,Mouse Moved,197.0,70.0,User6,,
1490374139595,Mouse Moved,190.0,68.0,User6,,
1490374139595,Mouse Moved,184.0,66.0,User6,,
1490374139611,Mouse Moved,181.0,65.0,User6,,
1490374139627,Mouse Moved,175.0,61.0,User6,,
1490374139641,Mouse Moved,172.0,60.0,User6,,
1490374139657,Mouse Moved,168.0,53.0,User6,,
1490374139657,Mouse Moved,162.0,49.0,User6,,
1490374139657,Mouse Moved,159.0,47.0,User6,,
1490374139674,Mouse Moved,159.0,44.0,User6,,
1490374139688,Mouse Moved,155.0,43.0,User6,,
1490374139704,Mouse Moved,154.0,38.0,User6,,
1490374139720,Mouse Moved,149.0,37.0,User6,,
1490374139752,Mouse Moved,148.0,37.0,User6,,
1490374139766,Mouse Moved,147.0,36.0,User6,,
1490374139813,Mouse Moved,146.0,35.0,User6,,
1490374139829,Mouse Moved,146.0,34.0,User6,,
1490374140048,Mouse Moved,146.0,34.0,User6,,
1490374140173,Mouse Moved,146.0,34.0,User6,,
1490374140220,Mouse Moved,146.0,34.0,User6,,
1490374140359,Mouse Moved,146.0,34.0,User6,,
1490374141872,Mouse Moved,147.0,35.0,User6,,
1490374141888,Mouse Moved,149.0,38.0,User6,,
1490374141888,Mouse Moved,153.0,48.0,User6,,
1490374141904,Mouse Moved,154.0,52.0,User6,,
1490374141920,Mouse Moved,155.0,56.0,User6,,
1490374141950,Mouse Moved,162.0,69.0,User6,,
1490374141967,Mouse Moved,165.0,79.0,User6,,
1490374141967,Mouse Moved,169.0,91.0,User6,,
1490374141982,Mouse Moved,173.0,104.0,User6,,
1490374141997,Mouse Moved,174.0,110.0,User6,,
1490374142013,Mouse Moved,176.0,120.0,User6,,
1490374142013,Mouse Moved,178.0,129.0,User6,,
1490374142029,Mouse Moved,181.0,147.0,User6,,
1490374142029,Mouse Moved,182.0,158.0,User6,,
1490374142045,Mouse Moved,188.0,184.0,User6,,
1490374142059,Mouse Moved,190.0,192.0,User6,,
1490374142075,Mouse Moved,191.0,199.0,User6,,
1490374142092,Mouse Moved,194.0,207.0,User6,,
1490374142107,Mouse Moved,196.0,214.0,User6,,
1490374142107,Mouse Moved,197.0,232.0,User6,,
1490374142122,Mouse Moved,202.0,262.0,User6,,
1490374142575,Mouse Moved,203.0,262.0,User6,,
1490374142575,Mouse Moved,207.0,262.0,User6,,
1490374142591,Mouse Moved,218.0,258.0,User6,,
1490374142621,Mouse Moved,245.0,248.0,User6,,
1490374142621,Mouse Moved,294.0,230.0,User6,,
1490374142638,Mouse Moved,359.0,211.0,User6,,
1490374142653,Mouse Moved,413.0,202.0,User6,,
1490374142653,Mouse Moved,453.0,189.0,User6,,
1490374142668,Mouse Moved,495.0,176.0,User6,,
1490374142684,Mouse Moved,549.0,165.0,User6,,
1490374142700,Mouse Moved,594.0,157.0,User6,,
1490374142716,Mouse Moved,639.0,148.0,User6,,
1490374142716,Mouse Moved,668.0,141.0,User6,,
1490374142730,Mouse Moved,686.0,138.0,User6,,
1490374142746,Mouse Moved,702.0,134.0,User6,,
1490374142762,Mouse Moved,709.0,132.0,User6,,
1490374143042,Mouse Moved,711.0,131.0,User6,,
1490374143059,Mouse Moved,713.0,130.0,User6,,
1490374143073,Mouse Moved,719.0,126.0,User6,,
1490374143089,Mouse Moved,729.0,122.0,User6,,
1490374143089,Mouse Moved,743.0,111.0,User6,,
1490374143105,Mouse Moved,755.0,102.0,User6,,
1490374143121,Mouse Moved,768.0,85.0,User6,,
1490374143137,Mouse Moved,781.0,77.0,User6,,
1490374143151,Mouse Moved,804.0,61.0,User6,,
1490374143151,Mouse Moved,811.0,58.0,User6,,
1490374143167,Mouse Moved,816.0,57.0,User6,,
1490374143184,Mouse Moved,821.0,56.0,User6,,
1490374143198,Mouse Moved,827.0,51.0,User6,,
1490374143214,Mouse Moved,831.0,49.0,User6,,
1490374143214,Mouse Moved,832.0,49.0,User6,,
1490374143230,Mouse Moved,834.0,49.0,User6,,
1490374143276,Mouse Moved,835.0,49.0,User6,,
1490374143339,Mouse Moved,838.0,48.0,User6,,
1490374143339,Mouse Moved,840.0,45.0,User6,,
1490374143355,Mouse Moved,849.0,36.0,User6,,
1490374143371,Mouse Moved,860.0,25.0,User6,,
1490374143385,Mouse Moved,872.0,13.0,User6,,
1490374143401,Mouse Moved,885.0,1.0,User6,,
1490374151138,Mouse Moved,466.0,310.0,User6,,
1490374151917,Mouse Moved,470.0,304.0,User6,,
1490374151934,Mouse Moved,480.0,297.0,User6,,
1490374151934,Mouse Moved,491.0,288.0,User6,,
1490374151948,Mouse Moved,516.0,271.0,User6,,
1490374151964,Mouse Moved,553.0,241.0,User6,,
1490374151980,Mouse Moved,601.0,214.0,User6,,
1490374151996,Mouse Moved,665.0,177.0,User6,,
1490374152012,Mouse Moved,757.0,107.0,User6,,
1490374152026,Mouse Moved,787.0,85.0,User6,,
1490374152042,Mouse Moved,822.0,67.0,User6,,
1490374152058,Mouse Moved,846.0,47.0,User6,,
1490374152073,Mouse Moved,868.0,35.0,User6,,
1490374152073,Mouse Moved,876.0,24.0,User6,,
1490374152089,Mouse Moved,880.0,20.0,User6,,
1490374152526,Mouse Moved,878.0,22.0,User6,,
1490374152542,Mouse Moved,877.0,23.0,User6,,
1490374152558,Mouse Moved,874.0,25.0,User6,,
1490374152572,Mouse Moved,863.0,40.0,User6,,
1490374152588,Mouse Moved,856.0,51.0,User6,,
1490374152604,Mouse Moved,851.0,55.0,User6,,
1490374152619,Mouse Moved,844.0,61.0,User6,,
1490374152619,Mouse Moved,840.0,64.0,User6,,
1490374152635,Mouse Moved,836.0,66.0,User6,,
1490374152651,Mouse Moved,831.0,67.0,User6,,
1490374152667,Mouse Moved,828.0,68.0,User6,,
1490374152681,Mouse Moved,826.0,69.0,User6,,
1490374152697,Mouse Moved,825.0,71.0,User6,,
1490374152838,Mouse Moved,827.0,70.0,User6,,
1490374152869,Mouse Moved,830.0,69.0,User6,,
1490374152884,Mouse Moved,833.0,67.0,User6,,
1490374152884,Mouse Moved,839.0,64.0,User6,,
1490374152915,Mouse Moved,843.0,62.0,User6,,
1490374152915,Mouse Moved,849.0,57.0,User6,,
1490374152915,Mouse Moved,859.0,48.0,User6,,
1490374152931,Mouse Moved,870.0,42.0,User6,,
1490374152947,Mouse Moved,878.0,35.0,User6,,
1490374152963,Mouse Moved,893.0,23.0,User6,,
1490374152979,Mouse Moved,897.0,21.0,User6,,
1490374152993,Mouse Moved,903.0,19.0,User6,,
1490374153026,Mouse Moved,906.0,19.0,User6,,
1490374153040,Mouse Moved,908.0,18.0,User6,,
1490374153040,Mouse Moved,910.0,17.0,User6,,
1490374153072,Mouse Moved,911.0,17.0,User6,,
1490374153088,Mouse Moved,912.0,17.0,User6,,
1490374153118,Mouse Moved,913.0,17.0,User6,,
1490374153118,Mouse Moved,914.0,17.0,User6,,
1490374153134,Mouse Moved,916.0,17.0,User6,,
1490374153150,Mouse Moved,917.0,17.0,User6,,
1490374153165,Mouse Moved,918.0,17.0,User6,,
1490374153181,Mouse Moved,919.0,17.0,User6,,
1490374153181,Mouse Moved,920.0,17.0,User6,,
1490374153259,Mouse Moved,921.0,17.0,User6,,
1490374153290,Mouse Moved,922.0,17.0,User6,,
1490374153290,Mouse Moved,923.0,16.0,User6,,
1490374153322,Mouse Moved,925.0,16.0,User6,,
1490374153322,Mouse Moved,926.0,16.0,User6,,
1490374153338,Mouse Moved,928.0,16.0,User6,,
1490374153352,Mouse Moved,929.0,16.0,User6,,
1490374153368,Mouse Moved,930.0,16.0,User6,,
1490374153384,Mouse Moved,931.0,16.0,User6,,
1490374153400,Mouse Moved,935.0,16.0,User6,,
1490374153415,Mouse Moved,937.0,14.0,User6,,
1490374153430,Mouse Moved,938.0,14.0,User6,,
1490374153447,Mouse Moved,939.0,14.0,User6,,
1490374153461,Mouse Moved,941.0,12.0,User6,,
1490374153477,Mouse Moved,942.0,11.0,User6,,
1490374153711,Mouse Moved,941.0,11.0,User6,,
1490374153836,Mouse Moved,941.0,11.0,User6,,
1490374153851,Mouse Button.left Released,941.0,11.0,User6,,
1490374154257,Mouse Moved,940.0,11.0,User6,,
1490374154273,Mouse Moved,935.0,12.0,User6,,
1490374154289,Mouse Moved,928.0,14.0,User6,,
1490374154305,Mouse Moved,915.0,19.0,User6,,
1490374154305,Mouse Moved,898.0,25.0,User6,,
1490374154319,Mouse Moved,853.0,38.0,User6,,
1490374154335,Mouse Moved,793.0,47.0,User6,,
1490374154351,Mouse Moved,719.0,62.0,User6,,
1490374154367,Mouse Moved,632.0,82.0,User6,,
1490374154367,Mouse Moved,558.0,97.0,User6,,
1490374154382,Mouse Moved,498.0,109.0,User6,,
1490374154398,Mouse Moved,431.0,118.0,User6,,
1490374154414,Mouse Moved,371.0,144.0,User6,,
1490374154430,Mouse Moved,318.0,151.0,User6,,
1490374154430,Mouse Moved,260.0,160.0,User6,,
1490374154444,Mouse Moved,234.0,167.0,User6,,
1490374154460,Mouse Moved,223.0,167.0,User6,,
1490374154460,Mouse Moved,202.0,175.0,User6,,
1490374154788,Mouse Moved,199.0,178.0,User6,,
1490374154803,Mouse Moved,196.0,180.0,User6,,
1490374154803,Mouse Moved,189.0,185.0,User6,,
1490374154819,Mouse Moved,183.0,191.0,User6,,
1490374154835,Mouse Moved,177.0,199.0,User6,,
1490374154851,Mouse Moved,168.0,211.0,User6,,
1490374154851,Mouse Moved,157.0,223.0,User6,,
1490374154865,Mouse Moved,139.0,238.0,User6,,
1490374154881,Mouse Moved,129.0,246.0,User6,,
1490374154898,Mouse Moved,126.0,249.0,User6,,
1490374154913,Mouse Moved,122.0,253.0,User6,,
1490374154944,Mouse Moved,121.0,253.0,User6,,
1490374155099,Mouse Moved,121.0,252.0,User6,,
1490374155115,Mouse Moved,121.0,251.0,User6,,
1490374155131,Mouse Moved,121.0,250.0,User6,,
1490374155131,Mouse Moved,121.0,249.0,User6,,
1490374155163,Mouse Moved,121.0,248.0,User6,,
1490374155256,Mouse Moved,121.0,247.0,User6,,
1490374155272,Mouse Moved,121.0,246.0,User6,,
1490374155288,Mouse Moved,123.0,245.0,User6,,
1490374155302,Mouse Moved,123.0,244.0,User6,,
1490374155319,Mouse Moved,123.0,242.0,User6,,
1490374155334,Mouse Moved,123.0,238.0,User6,,
1490374155334,Mouse Moved,124.0,235.0,User6,,
1490374155349,Mouse Moved,125.0,228.0,User6,,
1490374155365,Mouse Moved,125.0,221.0,User6,,
1490374155381,Mouse Moved,125.0,218.0,User6,,
1490374155397,Mouse Moved,125.0,211.0,User6,,
1490374155411,Mouse Moved,125.0,196.0,User6,,
1490374155427,Mouse Moved,126.0,185.0,User6,,
1490374155444,Mouse Moved,126.0,175.0,User6,,
1490374155459,Mouse Moved,126.0,168.0,User6,,
1490374155474,Mouse Moved,126.0,159.0,User6,,
1490374155474,Mouse Moved,126.0,143.0,User6,,
1490374155490,Mouse Moved,126.0,129.0,User6,,
1490374155506,Mouse Moved,126.0,122.0,User6,,
1490374155522,Mouse Moved,126.0,114.0,User6,,
1490374155536,Mouse Moved,125.0,110.0,User6,,
1490374155552,Mouse Moved,125.0,105.0,User6,,
1490374155552,Mouse Moved,124.0,104.0,User6,,
1490374155645,Mouse Moved,124.0,106.0,User6,,
1490374155661,Mouse Moved,124.0,111.0,User6,,
1490374155693,Mouse Moved,119.0,128.0,User6,,
1490374155693,Mouse Moved,105.0,183.0,User6,,
1490374155709,Mouse Moved,95.0,216.0,User6,,
1490374155723,Mouse Moved,87.0,254.0,User6,,
1490374155740,Mouse Moved,78.0,284.0,User6,,
1490374155756,Mouse Moved,74.0,314.0,User6,,
1490374155756,Mouse Moved,70.0,361.0,User6,,
1490374155770,Mouse Moved,67.0,383.0,User6,,
1490374155786,Mouse Moved,61.0,397.0,User6,,
1490374155802,Mouse Moved,60.0,431.0,User6,,
1490374155818,Mouse Moved,58.0,465.0,User6,,
1490374155834,Mouse Moved,57.0,482.0,User6,,
1490374155834,Mouse Moved,54.0,503.0,User6,,
1490374155848,Mouse Moved,51.0,524.0,User6,,
1490374155865,Mouse Moved,48.0,533.0,User6,,
1490374155880,Mouse Moved,47.0,535.0,User6,,
1490374156614,Mouse Moved,49.0,536.0,User6,,
1490374156628,Mouse Moved,53.0,537.0,User6,,
1490374156644,Mouse Moved,59.0,538.0,User6,,
1490374156660,Mouse Moved,71.0,541.0,User6,,
1490374156660,Mouse Moved,79.0,544.0,User6,,
1490374156676,Mouse Moved,94.0,551.0,User6,,
1490374156691,Mouse Moved,112.0,560.0,User6,,
1490374156707,Mouse Moved,125.0,569.0,User6,,
1490374156723,Mouse Moved,143.0,581.0,User6,,
1490374156737,Mouse Moved,173.0,599.0,User6,,
1490374156753,Mouse Moved,177.0,601.0,User6,,
1490374156769,Mouse Moved,180.0,601.0,User6,,
1490374156785,Mouse Moved,182.0,602.0,User6,,
1490374156801,Mouse Moved,182.0,603.0,User6,,
1490374156862,Mouse Moved,180.0,603.0,User6,,
1490374157065,Mouse Moved,180.0,601.0,User6,,
1490374157082,Mouse Moved,180.0,595.0,User6,,
1490374157096,Mouse Moved,183.0,558.0,User6,,
1490374157112,Mouse Moved,197.0,503.0,User6,,
1490374157128,Mouse Moved,204.0,471.0,User6,,
1490374157144,Mouse Moved,218.0,422.0,User6,,
1490374157160,Mouse Moved,234.0,385.0,User6,,
1490374157174,Mouse Moved,258.0,356.0,User6,,
1490374157190,Mouse Moved,265.0,354.0,User6,,
1490374157533,Mouse Moved,265.0,354.0,User6,,
1490374157674,Mouse Moved,265.0,354.0,User6,,
1490374158282,Mouse Moved,262.0,352.0,User6,,
1490374158298,Mouse Moved,260.0,347.0,User6,,
1490374158313,Mouse Moved,255.0,340.0,User6,,
1490374158329,Mouse Moved,249.0,328.0,User6,,
1490374158345,Mouse Moved,249.0,299.0,User6,,
1490374158361,Mouse Moved,243.0,267.0,User6,,
1490374158361,Mouse Moved,240.0,237.0,User6,,
1490374158361,Mouse Moved,240.0,224.0,User6,,
1490374158375,Mouse Moved,240.0,214.0,User6,,
1490374158391,Mouse Moved,240.0,205.0,User6,,
1490374158391,Mouse Moved,240.0,195.0,User6,,
1490374158407,Mouse Moved,240.0,187.0,User6,,
1490374158641,Mouse Moved,240.0,187.0,User6,,
1490374158798,Mouse Moved,240.0,187.0,User6,,
1490374158937,Mouse Moved,235.0,187.0,User6,,
1490374158953,Mouse Moved,215.0,181.0,User6,,
1490374158969,Mouse Moved,205.0,177.0,User6,,
1490374158984,Mouse Moved,189.0,168.0,User6,,
1490374159000,Mouse Moved,169.0,161.0,User6,,
1490374159016,Mouse Moved,152.0,150.0,User6,,
1490374159032,Mouse Moved,141.0,142.0,User6,,
1490374159046,Mouse Moved,138.0,142.0,User6,,
1490374159062,Mouse Moved,137.0,141.0,User6,,
1490374159078,Mouse Moved,134.0,141.0,User6,,
1490374159094,Mouse Moved,133.0,140.0,User6,,
1490374159109,Mouse Moved,129.0,140.0,User6,,
1490374159109,Mouse Moved,129.0,139.0,User6,,
1490374159125,Mouse Moved,128.0,138.0,User6,,
1490374159171,Mouse Moved,124.0,142.0,User6,,
1490374159390,Mouse Moved,124.0,142.0,User6,,
1490374159483,Mouse Moved,124.0,142.0,User6,,
1490374159515,Mouse Moved,124.0,142.0,User6,,
1490374159671,Mouse Moved,124.0,142.0,User6,,
1490374170903,Mouse Moved,134.0,135.0,User6,960.0,672.0
1490374170918,Mouse Moved,152.0,125.0,User6,,
1490374170934,Mouse Moved,162.0,119.0,User6,,
1490374170950,Mouse Moved,174.0,108.0,User6,,
1490374170966,Mouse Moved,186.0,104.0,User6,,
1490374170980,Mouse Moved,209.0,94.0,User6,,
1490374170996,Mouse Moved,217.0,94.0,User6,,
1490374171012,Mouse Moved,228.0,90.0,User6,,
1490374171028,Mouse Moved,241.0,86.0,User6,,
1490374171043,Mouse Moved,262.0,82.0,User6,,
1490374171059,Mouse Moved,275.0,81.0,User6,,
1490374171075,Mouse Moved,291.0,81.0,User6,,
1490374171089,Mouse Moved,304.0,80.0,User6,,
1490374171105,Mouse Moved,323.0,80.0,User6,,
1490374171121,Mouse Moved,337.0,82.0,User6,,
1490374171137,Mouse Moved,353.0,82.0,User6,,
1490374171153,Mouse Moved,370.0,86.0,User6,,
1490374171167,Mouse Moved,389.0,95.0,User6,,
1490374171184,Mouse Moved,426.0,104.0,User6,,
1490374171200,Mouse Moved,436.0,111.0,User6,,
1490374171214,Mouse Moved,447.0,117.0,User6,,
1490374171214,Mouse Moved,456.0,125.0,User6,,
1490374171246,Mouse Moved,463.0,127.0,User6,,
1490374171246,Mouse Moved,464.0,129.0,User6,,
1490374171542,Mouse Moved,469.0,129.0,User6,,
1490374171558,Mouse Moved,473.0,127.0,User6,,
1490374171573,Mouse Moved,480.0,125.0,User6,,
1490374171589,Mouse Moved,490.0,122.0,User6,,
1490374171605,Mouse Moved,500.0,120.0,User6,,
1490374171605,Mouse Moved,535.0,114.0,User6,,
1490374171621,Mouse Moved,544.0,114.0,User6,,
1490374171635,Mouse Moved,556.0,109.0,User6,,
1490374171651,Mouse Moved,574.0,106.0,User6,,
1490374171667,Mouse Moved,612.0,99.0,User6,,
1490374171683,Mouse Moved,622.0,93.0,User6,,
1490374171698,Mouse Moved,631.0,90.0,User6,,
1490374171713,Mouse Moved,642.0,85.0,User6,,
1490374171730,Mouse Moved,651.0,81.0,User6,,
1490374171746,Mouse Moved,674.0,75.0,User6,,
1490374171760,Mouse Moved,677.0,69.0,User6,,
1490374171776,Mouse Moved,689.0,68.0,User6,,
1490374171792,Mouse Moved,694.0,67.0,User6,,
1490374171808,Mouse Moved,696.0,66.0,User6,,
1490374171823,Mouse Moved,702.0,66.0,User6,,
1490374171838,Mouse Moved,704.0,63.0,User6,,
1490374171855,Mouse Moved,706.0,62.0,User6,,
1490374171869,Mouse Moved,707.0,62.0,User6,,
1490374171901,Mouse Moved,715.0,55.0,User6,,
1490374171917,Mouse Moved,722.0,50.0,User6,,
1490374171933,Mouse Moved,727.0,44.0,User6,,
1490374171947,Mouse Moved,738.0,35.0,User6,,
1490374171980,Mouse Moved,748.0,34.0,User6,,
1490374171980,Mouse Moved,757.0,31.0,User6,,
1490374171994,Mouse Moved,768.0,29.0,User6,,
1490374171994,Mouse Moved,772.0,29.0,User6,,
1490374172010,Mouse Moved,777.0,29.0,User6,,
1490374172026,Mouse Moved,779.0,29.0,User6,,
1490374172026,Mouse Moved,783.0,28.0,User6,,
1490374172088,Mouse Moved,783.0,25.0,User6,,
1490374172447,Mouse Moved,781.0,25.0,User6,,
1490374172447,Mouse Moved,780.0,25.0,User6,,
1490374172463,Mouse Moved,779.0,25.0,User6,,
1490374172493,Mouse Moved,776.0,25.0,User6,,
1490374172509,Mouse Moved,775.0,25.0,User6,,
1490374172526,Mouse Moved,774.0,25.0,User6,,
1490374172540,Mouse Moved,773.0,25.0,User6,,
1490374172556,Mouse Moved,772.0,25.0,User6,,
1490374172572,Mouse Moved,770.0,25.0,User6,,
1490374172588,Mouse Moved,769.0,25.0,User6,,
1490374172604,Mouse Moved,768.0,25.0,User6,,
1490374172618,Mouse Moved,767.0,25.0,User6,,
1490374172634,Mouse Moved,766.0,25.0,User6,,
1490374172650,Mouse Moved,765.0,25.0,User6,,
1490374172681,Mouse Moved,764.0,25.0,User6,,
1490374172697,Mouse Moved,763.0,25.0,User6,,
1490374172713,Mouse Moved,761.0,25.0,User6,,
1490374172727,Mouse Moved,759.0,25.0,User6,,
1490374172790,Mouse Moved,757.0,25.0,User6,,
1490374173118,Mouse Moved,757.0,26.0,User6,,
1490374173259,Mouse Moved,757.0,26.0,User6,,
1490374173493,Mouse Moved,752.0,28.0,User6,,
1490374173507,Mouse Moved,741.0,35.0,User6,,
1490374173523,Mouse Moved,728.0,49.0,User6,,
1490374173539,Mouse Moved,697.0,67.0,User6,,
1490374173555,Mouse Moved,665.0,85.0,User6,,
1490374173555,Mouse Moved,645.0,91.0,User6,,
1490374173571,Mouse Moved,617.0,104.0,User6,,
1490374173571,Mouse Moved,580.0,118.0,User6,,
1490374173585,Mouse Moved,535.0,145.0,User6,,
1490374173601,Mouse Moved,483.0,186.0,User6,,
1490374173618,Mouse Moved,432.0,209.0,User6,,
1490374173618,Mouse Moved,399.0,221.0,User6,,
1490374173632,Mouse Moved,363.0,244.0,User6,,
1490374173648,Mouse Moved,335.0,261.0,User6,,
1490374173680,Mouse Moved,316.0,280.0,User6,,
1490374173680,Mouse Moved,298.0,287.0,User6,,
1490374173680,Mouse Moved,291.0,294.0,User6,,
1490374173696,Mouse Moved,282.0,302.0,User6,,
1490374173710,Mouse Moved,275.0,304.0,User6,,
1490374174039,Mouse Moved,275.0,304.0,User6,,
1490374174178,Mouse Moved,275.0,304.0,User6,,
1490374174381,Mouse Moved,275.0,305.0,User6,,
1490374174413,Mouse Moved,275.0,306.0,User6,,
1490374174444,Mouse Moved,275.0,307.0,User6,,
1490374174444,Mouse Moved,276.0,309.0,User6,,
1490374174460,Mouse Moved,276.0,310.0,User6,,
1490374174490,Mouse Moved,276.0,312.0,User6,,
1490374174506,Mouse Moved,276.0,313.0,User6,,
1490374174506,Mouse Moved,276.0,314.0,User6,,
1490374174522,Mouse Moved,276.0,315.0,User6,,
1490374174538,Mouse Moved,277.0,315.0,User6,,
1490374174599,Mouse Moved,277.0,316.0,User6,,
1490374174677,Mouse Moved,277.0,314.0,User6,,
1490374174865,Mouse Moved,279.0,314.0,User6,,
1490374174944,Mouse Moved,279.0,317.0,User6,,
1490374174974,Mouse Moved,280.0,318.0,User6,,
1490374174990,Mouse Moved,282.0,321.0,User6,,
1490374175006,Mouse Moved,282.0,322.0,User6,,
1490374175022,Mouse Moved,282.0,326.0,User6,,
1490374175022,Mouse Moved,284.0,331.0,User6,,
1490374175036,Mouse Moved,286.0,335.0,User6,,
1490374175052,Mouse Moved,292.0,351.0,User6,,
1490374175068,Mouse Moved,295.0,364.0,User6,,
1490374175084,Mouse Moved,301.0,378.0,User6,,
1490374175099,Mouse Moved,309.0,420.0,User6,,
1490374175099,Mouse Moved,320.0,468.0,User6,,
1490374175193,Mouse Moved,320.0,479.0,User6,,
1490374175193,Mouse Moved,327.0,491.0,User6,,
1490374175193,Mouse Moved,329.0,505.0,User6,,
1490374175193,Mouse Moved,329.0,518.0,User6,,
1490374175193,Mouse Moved,329.0,523.0,User6,,
1490374175193,Mouse Moved,329.0,527.0,User6,,
1490374175193,Mouse Moved,329.0,528.0,User6,,
1490374175193,Mouse Moved,329.0,530.0,User6,,
1490374176019,Mouse Moved,329.0,526.0,User6,,
1490374176036,Mouse Moved,329.0,525.0,User6,,
1490374176051,Mouse Moved,331.0,521.0,User6,,
1490374176051,Mouse Moved,331.0,516.0,User6,,
1490374176066,Mouse Moved,331.0,513.0,User6,,
1490374176082,Mouse Moved,331.0,510.0,User6,,
1490374176098,Mouse Moved,331.0,506.0,User6,,
1490374176128,Mouse Moved,331.0,503.0,User6,,
1490374176144,Mouse Moved,331.0,502.0,User6,,
1490374176160,Mouse Moved,331.0,500.0,User6,,
1490374176207,Mouse Moved,331.0,499.0,User6,,
1490374176207,Mouse Moved,331.0,498.0,User6,,
1490374176362,Mouse Moved,333.0,496.0,User6,,
1490374176378,Mouse Moved,334.0,495.0,User6,,
1490374176394,Mouse Moved,335.0,494.0,User6,,
1490374176410,Mouse Moved,336.0,486.0,User6,,
1490374176410,Mouse Moved,342.0,477.0,User6,,
1490374176426,Mouse Moved,348.0,466.0,User6,,
1490374176457,Mouse Moved,355.0,457.0,User6,,
1490374176457,Mouse Moved,358.0,439.0,User6,,
1490374176471,Mouse Moved,375.0,421.0,User6,,
1490374176487,Mouse Moved,389.0,384.0,User6,,
1490374176487,Mouse Moved,394.0,369.0,User6,,
1490374176503,Mouse Moved,401.0,357.0,User6,,
1490374176519,Mouse Moved,404.0,352.0,User6,,
1490374176535,Mouse Moved,404.0,348.0,User6,,
1490374176549,Mouse Moved,407.0,345.0,User6,,
1490374176894,Mouse Moved,407.0,346.0,User6,,
1490374176986,Mouse Moved,406.0,346.0,User6,,
1490374177003,Mouse Moved,405.0,348.0,User6,,
1490374177033,Mouse Moved,403.0,350.0,User6,,
1490374177033,Mouse Moved,400.0,352.0,User6,,
1490374177049,Mouse Moved,399.0,353.0,User6,,
1490374177065,Mouse Moved,396.0,360.0,User6,,
1490374177081,Mouse Moved,389.0,368.0,User6,,
1490374177095,Mouse Moved,378.0,390.0,User6,,
1490374177095,Mouse Moved,373.0,398.0,User6,,
1490374177111,Mouse Moved,371.0,402.0,User6,,
1490374177128,Mouse Moved,369.0,402.0,User6,,
1490374177158,Mouse Moved,368.0,401.0,User6,,
1490374177158,Mouse Moved,366.0,405.0,User6,,
1490374177158,Mouse Moved,365.0,405.0,User6,,
1490374177174,Mouse Moved,365.0,409.0,User6,,
1490374177190,Mouse Moved,362.0,409.0,User6,,
1490374177206,Mouse Moved,361.0,411.0,User6,,
1490374177220,Mouse Moved,359.0,414.0,User6,,
1490374177236,Mouse Moved,358.0,416.0,User6,,
1490374177236,Mouse Moved,357.0,418.0,User6,,
1490374177252,Mouse Moved,356.0,419.0,User6,,
1490374177267,Mouse Moved,355.0,421.0,User6,,
1490374177283,Mouse Moved,354.0,425.0,User6,,
1490374177299,Mouse Moved,352.0,430.0,User6,,
1490374177315,Mouse Moved,347.0,433.0,User6,,
1490374177329,Mouse Moved,346.0,435.0,User6,,
1490374177345,Mouse Moved,345.0,437.0,User6,,
1490374177361,Mouse Moved,345.0,440.0,User6,,
1490374177377,Mouse Moved,341.0,442.0,User6,,
1490374177392,Mouse Moved,339.0,444.0,User6,,
1490374177392,Mouse Moved,337.0,445.0,User6,,
1490374177407,Mouse Moved,337.0,447.0,User6,,
1490374177424,Mouse Moved,336.0,448.0,User6,,
1490374177454,Mouse Moved,334.0,449.0,User6,,
1490374177454,Mouse Moved,334.0,450.0,User6,,
1490374177549,Mouse Moved,334.0,451.0,User6,,
1490374177563,Mouse Moved,333.0,452.0,User6,,
1490374177579,Mouse Moved,332.0,453.0,User6,,
1490374177595,Mouse Moved,331.0,456.0,User6,,
1490374177641,Mouse Moved,331.0,457.0,User6,,
1490374177674,Mouse Moved,329.0,458.0,User6,,
1490374177688,Mouse Moved,328.0,463.0,User6,,
1490374177720,Mouse Moved,326.0,464.0,User6,,
1490374177720,Mouse Moved,326.0,465.0,User6,,
1490374177736,Mouse Moved,324.0,466.0,User6,,
1490374177752,Mouse Moved,324.0,467.0,User6,,
1490374177766,Mouse Moved,322.0,467.0,User6,,
1490374179326,Mouse Moved,324.0,445.0,User6,,
1490374179342,Mouse Moved,326.0,429.0,User6,,
1490374179358,Mouse Moved,330.0,418.0,User6,,
1490374179374,Mouse Moved,335.0,403.0,User6,,
1490374179390,Mouse Moved,337.0,357.0,User6,,
1490374179390,Mouse Moved,345.0,345.0,User6,,
1490374179404,Mouse Moved,347.0,337.0,User6,,
1490374179421,Mouse Moved,356.0,330.0,User6,,
1490374179421,Mouse Moved,357.0,327.0,User6,,
1490374179451,Mouse Moved,358.0,323.0,User6,,
1490374179467,Mouse Moved,359.0,322.0,User6,,
1490374179483,Mouse Moved,359.0,321.0,User6,,
1490374179513,Mouse Moved,359.0,322.0,User6,,
1490374179529,Mouse Moved,358.0,322.0,User6,,
1490374181588,Mouse Moved,359.0,325.0,User6,,
1490374181605,Mouse Moved,361.0,325.0,User6,,
1490374181619,Mouse Moved,363.0,326.0,User6,,
1490374181635,Mouse Moved,368.0,326.0,User6,,
1490374181651,Mouse Moved,371.0,327.0,User6,,
1490374181667,Mouse Moved,376.0,327.0,User6,,
1490374181683,Mouse Moved,387.0,333.0,User6,,
1490374181697,Mouse Moved,402.0,335.0,User6,,
1490374181713,Mouse Moved,436.0,343.0,User6,,
1490374181730,Mouse Moved,444.0,343.0,User6,,
1490374181744,Mouse Moved,454.0,344.0,User6,,
1490374181760,Mouse Moved,464.0,345.0,User6,,
1490374181776,Mouse Moved,478.0,349.0,User6,,
1490374181792,Mouse Moved,490.0,352.0,User6,,
1490374181792,Mouse Moved,506.0,352.0,User6,,
1490374181792,Mouse Moved,514.0,353.0,User6,,
1490374181808,Mouse Moved,522.0,355.0,User6,,
1490374181822,Mouse Moved,534.0,358.0,User6,,
1490374181838,Mouse Moved,542.0,362.0,User6,,
1490374181838,Mouse Moved,547.0,362.0,User6,,
1490374181869,Mouse Moved,551.0,363.0,User6,,
1490374181869,Mouse Moved,553.0,363.0,User6,,
1490374182056,Mouse Moved,549.0,363.0,User6,,
1490374182072,Mouse Moved,543.0,363.0,User6,,
1490374182072,Mouse Moved,534.0,363.0,User6,,
1490374182088,Mouse Moved,526.0,361.0,User6,,
1490374182104,Mouse Moved,514.0,360.0,User6,,
1490374182119,Mouse Moved,500.0,359.0,User6,,
1490374182134,Mouse Moved,485.0,356.0,User6,,
1490374182151,Mouse Moved,453.0,354.0,User6,,
1490374182151,Mouse Moved,443.0,350.0,User6,,
1490374182181,Mouse Moved,435.0,346.0,User6,,
1490374182181,Mouse Moved,431.0,346.0,User6,,
1490374182197,Mouse Moved,427.0,343.0,User6,,
1490374182213,Mouse Moved,426.0,343.0,User6,,
1490374182229,Mouse Moved,426.0,342.0,User6,,
1490374182447,Mouse Moved,425.0,342.0,User6,,
1490374182618,Mouse Moved,425.0,341.0,User6,,
1490374184397,Mouse Moved,425.0,344.0,User6,,
1490374184397,Mouse Moved,425.0,345.0,User6,,
1490374184397,Mouse Moved,425.0,347.0,User6,,
1490374184397,Mouse Moved,424.0,350.0,User6,,
1490374184397,Mouse Moved,424.0,352.0,User6,,
1490374184397,Mouse Moved,423.0,352.0,User6,,
1490374184413,Mouse Moved,423.0,354.0,User6,,
1490374184413,Mouse Moved,423.0,355.0,User6,,
1490374184413,Mouse Moved,423.0,356.0,User6,,
1490374184413,Mouse Moved,422.0,356.0,User6,,
1490374184413,Mouse Moved,422.0,355.0,User6,,
1490374184413,Mouse Moved,422.0,358.0,User6,,
1490374184413,Mouse Moved,421.0,358.0,User6,,
1490374184427,Mouse Moved,421.0,359.0,User6,,
1490374184427,Mouse Moved,421.0,362.0,User6,,
1490374184427,Mouse Moved,419.0,364.0,User6,,
1490374184427,Mouse Moved,419.0,365.0,User6,,
1490374184427,Mouse Moved,419.0,367.0,User6,,
1490374184427,Mouse Moved,419.0,368.0,User6,,
1490374185068,Mouse Moved,419.0,369.0,User6,,
1490374186706,Mouse Moved,419.0,368.0,User6,,
1490374186736,Mouse Moved,419.0,369.0,User6,,
1490374186861,Mouse Moved,419.0,370.0,User6,,
1490374187563,Mouse Moved,400.0,377.0,User6,,
1490374187579,Mouse Moved,386.0,384.0,User6,,
1490374187595,Mouse Moved,363.0,389.0,User6,,
1490374187611,Mouse Moved,350.0,395.0,User6,,
1490374187611,Mouse Moved,325.0,409.0,User6,,
1490374187625,Mouse Moved,302.0,415.0,User6,,
1490374187625,Mouse Moved,270.0,433.0,User6,,
1490374187641,Mouse Moved,258.0,440.0,User6,,
1490374187673,Mouse Moved,240.0,445.0,User6,,
1490374187673,Mouse Moved,226.0,465.0,User6,,
1490374187688,Mouse Moved,213.0,475.0,User6,,
1490374187703,Mouse Moved,203.0,475.0,User6,,
1490374187703,Mouse Moved,198.0,483.0,User6,,
1490374187720,Mouse Moved,196.0,485.0,User6,,
1490374187736,Mouse Moved,193.0,485.0,User6,,
1490374187750,Mouse Moved,189.0,487.0,User6,,
1490374187766,Mouse Moved,187.0,491.0,User6,,
1490374187766,Mouse Moved,182.0,492.0,User6,,
1490374187782,Mouse Moved,179.0,493.0,User6,,
1490374187798,Mouse Moved,175.0,493.0,User6,,
1490374188048,Mouse Moved,175.0,492.0,User6,,
1490374188203,Mouse Moved,175.0,492.0,User6,,
1490374188655,Mouse Moved,164.0,472.0,User6,,
1490374188671,Mouse Moved,158.0,459.0,User6,,
1490374188687,Mouse Moved,153.0,450.0,User6,,
1490374188703,Mouse Moved,147.0,436.0,User6,,
1490374188717,Mouse Moved,140.0,414.0,User6,,
1490374188733,Mouse Moved,121.0,363.0,User6,,
1490374188750,Mouse Moved,117.0,353.0,User6,,
1490374188765,Mouse Moved,110.0,334.0,User6,,
1490374188780,Mouse Moved,107.0,322.0,User6,,
1490374188780,Mouse Moved,104.0,312.0,User6,,
1490374188796,Mouse Moved,103.0,288.0,User6,,
1490374189046,Mouse Moved,102.0,287.0,User6,,
1490374189062,Mouse Moved,99.0,280.0,User6,,
1490374189076,Mouse Moved,90.0,248.0,User6,,
1490374189108,Mouse Moved,66.0,185.0,User6,,
1490374189124,Mouse Moved,56.0,143.0,User6,,
1490374189140,Mouse Moved,49.0,120.0,User6,,
1490374189154,Mouse Moved,47.0,86.0,User6,,
1490374189154,Mouse Moved,45.0,76.0,User6,,
1490374189171,Mouse Moved,45.0,55.0,User6,,
1490374189186,Mouse Moved,42.0,30.0,User6,,
1490374189186,Mouse Moved,42.0,26.0,User6,,
1490374189201,Mouse Moved,42.0,14.0,User6,,
1490374189217,Mouse Moved,42.0,20.0,User6,,
1490374189217,Mouse Moved,42.0,8.0,User6,,
1490374189233,Mouse Moved,42.0,10.0,User6,,
1490374189279,Mouse Moved,42.0,11.0,User6,,
1490374189279,Mouse Moved,42.0,18.0,User6,,
1490374189296,Mouse Moved,42.0,10.0,User6,,
1490374189326,Mouse Moved,42.0,11.0,User6,,
1490374189358,Mouse Moved,42.0,12.0,User6,,
1490374189592,Mouse Moved,42.0,11.0,User6,,
1490374189670,Mouse Moved,42.0,12.0,User6,,
1490374189686,Mouse Moved,42.0,12.0,User6,,
1490374189732,Mouse Moved,42.0,12.0,User6,,
1490374189747,Mouse Button.left Pressed,42.0,12.0,User6,,
1490374189888,Mouse Moved,42.0,12.0,User6,,
1490374190512,Mouse Moved,44.0,12.0,User6,,
1490374190528,Mouse Moved,49.0,13.0,User6,,
1490374190528,Mouse Moved,58.0,18.0,User6,,
1490374190543,Mouse Moved,78.0,22.0,User6,,
1490374190559,Mouse Moved,131.0,40.0,User6,,
1490374190653,Mouse Moved,175.0,47.0,User6,,
1490374190653,Mouse Moved,237.0,68.0,User6,,
1490374190653,Mouse Moved,284.0,75.0,User6,,
1490374190653,Mouse Moved,323.0,83.0,User6,,
1490374190653,Mouse Moved,374.0,96.0,User6,,
1490374190667,Mouse Moved,432.0,108.0,User6,,
1490374190667,Mouse Moved,504.0,130.0,User6,,
1490374190667,Mouse Moved,582.0,158.0,User6,,
1490374190684,Mouse Moved,641.0,199.0,User6,,
1490374190684,Mouse Moved,673.0,222.0,User6,,
1490374190700,Mouse Moved,701.0,233.0,User6,,
1490374190714,Mouse Moved,718.0,240.0,User6,,
1490374190730,Mouse Moved,731.0,243.0,User6,,
1490374191213,Mouse Moved,732.0,241.0,User6,,
1490374191230,Mouse Moved,734.0,237.0,User6,,
1490374191246,Mouse Moved,737.0,235.0,User6,,
1490374191246,Mouse Moved,749.0,225.0,User6,,
1490374191260,Mouse Moved,757.0,216.0,User6,,
1490374191276,Mouse Moved,766.0,203.0,User6,,
1490374191292,Mouse Moved,777.0,191.0,User6,,
1490374191292,Mouse Moved,788.0,177.0,User6,,
1490374191323,Mouse Moved,801.0,169.0,User6,,
1490374191323,Mouse Moved,813.0,157.0,User6,,
1490374191338,Mouse Moved,822.0,149.0,User6,,
1490374191355,Mouse Moved,828.0,146.0,User6,,
1490374191369,Mouse Moved,832.0,140.0,User6,,
1490374191385,Mouse Moved,834.0,139.0,User6,,
1490374191385,Mouse Moved,837.0,135.0,User6,,
1490374191447,Mouse Moved,837.0,134.0,User6,,
1490374191480,Mouse Moved,837.0,132.0,User6,,
1490374191494,Mouse Moved,839.0,128.0,User6,,
1490374191510,Mouse Moved,840.0,126.0,User6,,
1490374191510,Mouse Moved,842.0,123.0,User6,,
1490374191510,Mouse Moved,842.0,121.0,User6,,
1490374191526,Mouse Moved,843.0,119.0,User6,,
1490374191542,Mouse Moved,846.0,115.0,User6,,
1490374191558,Mouse Moved,847.0,112.0,User6,,
1490374191572,Mouse Moved,851.0,96.0,User6,,
1490374191588,Mouse Moved,854.0,84.0,User6,,
1490374191604,Mouse Moved,854.0,73.0,User6,,
1490374191619,Mouse Moved,856.0,63.0,User6,,
1490374191635,Mouse Moved,856.0,61.0,User6,,
1490374191635,Mouse Moved,857.0,58.0,User6,,
1490374191651,Mouse Moved,858.0,55.0,User6,,
1490374191667,Mouse Moved,859.0,54.0,User6,,
1490374191681,Mouse Moved,860.0,49.0,User6,,
1490374191697,Mouse Moved,860.0,47.0,User6,,
1490374191792,Mouse Moved,863.0,45.0,User6,,
1490374191806,Mouse Moved,864.0,45.0,User6,,
1490374191822,Mouse Moved,865.0,44.0,User6,,
1490374191838,Mouse Moved,866.0,44.0,User6,,
1490374191854,Mouse Moved,867.0,43.0,User6,,
1490374192088,Mouse Moved,866.0,43.0,User6,,
1490374192104,Mouse Moved,866.0,43.0,User6,,
1490374192243,Mouse Moved,866.0,43.0,User6,,
1490374192509,Mouse Moved,863.0,43.0,User6,,
1490374192509,Mouse Moved,857.0,45.0,User6,,
1490374192525,Mouse Moved,845.0,50.0,User6,,
1490374192539,Mouse Moved,825.0,65.0,User6,,
1490374192555,Mouse Moved,776.0,100.0,User6,,
1490374192555,Mouse Moved,705.0,145.0,User6,,
1490374192586,Mouse Moved,628.0,186.0,User6,,
1490374192586,Mouse Moved,547.0,238.0,User6,,
1490374192602,Mouse Moved,478.0,292.0,User6,,
1490374192618,Mouse Moved,434.0,316.0,User6,,
1490374192634,Mouse Moved,377.0,343.0,User6,,
1490374192634,Mouse Moved,331.0,375.0,User6,,
1490374192650,Mouse Moved,285.0,412.0,User6,,
1490374192664,Mouse Moved,237.0,439.0,User6,,
1490374192680,Mouse Moved,212.0,451.0,User6,,
1490374192696,Mouse Moved,200.0,461.0,User6,,
1490374192696,Mouse Moved,188.0,467.0,User6,,
1490374192696,Mouse Moved,176.0,475.0,User6,,
1490374192711,Mouse Moved,174.0,478.0,User6,,
1490374192727,Mouse Moved,165.0,480.0,User6,,
1490374192993,Mouse Moved,163.0,484.0,User6,,
1490374193007,Mouse Moved,153.0,492.0,User6,,
1490374193023,Mouse Moved,146.0,506.0,User6,,
1490374193039,Mouse Moved,134.0,532.0,User6,,
1490374193039,Mouse Moved,121.0,552.0,User6,,
1490374193055,Mouse Moved,118.0,555.0,User6,,
1490374193055,Mouse Moved,112.0,564.0,User6,,
1490374193071,Mouse Moved,108.0,574.0,User6,,
1490374193101,Mouse Moved,106.0,584.0,User6,,
1490374193101,Mouse Moved,103.0,585.0,User6,,
1490374193118,Mouse Moved,103.0,587.0,User6,,
1490374193132,Mouse Moved,101.0,590.0,User6,,
1490374193148,Mouse Moved,99.0,590.0,User6,,
1490374193164,Mouse Moved,99.0,593.0,User6,,
1490374193180,Mouse Moved,98.0,594.0,User6,,
1490374193180,Mouse Moved,96.0,597.0,User6,,
1490374193196,Mouse Moved,95.0,597.0,User6,,
1490374193210,Mouse Moved,94.0,599.0,User6,,
1490374193242,Mouse Moved,94.0,602.0,User6,,
1490374193273,Mouse Moved,94.0,603.0,User6,,
1490374193289,Mouse Moved,92.0,605.0,User6,,
1490374193305,Mouse Moved,91.0,607.0,User6,,
1490374193319,Mouse Moved,90.0,609.0,User6,,
1490374193335,Mouse Moved,90.0,610.0,User6,,
1490374193335,Mouse Moved,89.0,615.0,User6,,
1490374193351,Mouse Moved,89.0,617.0,User6,,
1490374193367,Mouse Moved,88.0,620.0,User6,,
1490374193382,Mouse Moved,88.0,622.0,User6,,
1490374193398,Mouse Moved,87.0,625.0,User6,,
1490374193398,Mouse Moved,87.0,626.0,User6,,
1490374193414,Mouse Moved,87.0,628.0,User6,,
1490374193430,Mouse Moved,87.0,629.0,User6,,
1490374193444,Mouse Moved,87.0,630.0,User6,,
1490374193460,Mouse Moved,87.0,631.0,User6,,
1490374193476,Mouse Moved,86.0,631.0,User6,,
1490374193476,Mouse Moved,86.0,632.0,User6,,
1490374193788,Mouse Moved,86.0,631.0,User6,,
1490374193928,Mouse Moved,86.0,631.0,User6,,
1490374194224,Mouse Moved,88.0,637.0,User6,,
1490374194240,Mouse Moved,88.0,639.0,User6,,
1490374194240,Mouse Moved,88.0,641.0,User6,,
1490374194256,Mouse Moved,88.0,642.0,User6,,
1490374194272,Mouse Moved,89.0,644.0,User6,,
1490374194288,Mouse Moved,90.0,648.0,User6,,
1490374194302,Mouse Moved,91.0,649.0,User6,,
1490374194302,Mouse Moved,91.0,652.0,User6,,
1490374194334,Mouse Moved,91.0,654.0,User6,,
1490374194568,Mouse Moved,91.0,653.0,User6,,
1490374194723,Mouse Moved,91.0,653.0,User6,,
1490374195364,Mouse Moved,91.0,652.0,User6,,
1490374195380,Mouse Moved,93.0,648.0,User6,,
1490374195394,Mouse Moved,101.0,635.0,User6,,
1490374195394,Mouse Moved,122.0,609.0,User6,,
1490374195411,Mouse Moved,152.0,572.0,User6,,
1490374195426,Mouse Moved,177.0,550.0,User6,,
1490374195441,Mouse Moved,207.0,513.0,User6,,
1490374195441,Mouse Moved,245.0,475.0,User6,,
1490374195457,Mouse Moved,277.0,443.0,User6,,
1490374195489,Mouse Moved,310.0,418.0,User6,,
1490374195489,Mouse Moved,330.0,394.0,User6,,
1490374195489,Mouse Moved,342.0,384.0,User6,,
1490374195503,Mouse Moved,350.0,373.0,User6,,
1490374195519,Mouse Moved,366.0,373.0,User6,,
1490374195536,Mouse Moved,376.0,368.0,User6,,
1490374195551,Mouse Moved,379.0,367.0,User6,,
1490374195566,Mouse Moved,380.0,367.0,User6,,
1490374195582,Mouse Moved,381.0,367.0,User6,,
1490374195598,Mouse Moved,382.0,367.0,User6,,
1490374195614,Mouse Moved,383.0,369.0,User6,,
1490374195628,Mouse Moved,383.0,370.0,User6,,
1490374195628,Mouse Moved,383.0,373.0,User6,,
1490374195644,Mouse Moved,383.0,381.0,User6,,
1490374195660,Mouse Moved,380.0,384.0,User6,,
1490374195676,Mouse Moved,380.0,411.0,User6,,
1490374195691,Mouse Moved,373.0,417.0,User6,,
1490374195707,Mouse Moved,369.0,429.0,User6,,
1490374195707,Mouse Moved,367.0,433.0,User6,,
1490374195723,Mouse Moved,362.0,440.0,User6,,
1490374195737,Mouse Moved,357.0,441.0,User6,,
1490374195753,Mouse Moved,357.0,452.0,User6,,
1490374195769,Mouse Moved,354.0,458.0,User6,,
1490374195769,Mouse Moved,353.0,458.0,User6,,
1490374195785,Mouse Moved,352.0,458.0,User6,,
1490374195910,Mouse Moved,352.0,459.0,User6,,
1490374195971,Mouse Moved,352.0,457.0,User6,,
1490374195987,Mouse Moved,352.0,459.0,User6,,
1490374196424,Mouse Moved,352.0,461.0,User6,,
1490374196440,Mouse Moved,352.0,459.0,User6,,
1490374196486,Mouse Moved,352.0,459.0,User6,,
1490374196642,Mouse Moved,352.0,459.0,User6,,
1490374197111,Mouse Moved,333.0,442.0,User6,,
1490374197127,Mouse Moved,324.0,433.0,User6,,
1490374197141,Mouse Moved,306.0,419.0,User6,,
1490374197157,Mouse Moved,292.0,396.0,User6,,
1490374197174,Mouse Moved,248.0,353.0,User6,,
1490374197188,Mouse Moved,242.0,344.0,User6,,
1490374197204,Mouse Moved,240.0,340.0,User6,,
1490374197220,Mouse Moved,234.0,338.0,User6,,
1490374197220,Mouse Moved,232.0,336.0,User6,,
1490374197252,Mouse Moved,228.0,334.0,User6,,
1490374197252,Mouse Moved,225.0,330.0,User6,,
1490374197266,Mouse Moved,224.0,328.0,User6,,
1490374197282,Mouse Moved,222.0,324.0,User6,,
1490374197298,Mouse Moved,220.0,324.0,User6,,
1490374197298,Mouse Moved,219.0,320.0,User6,,
1490374197361,Mouse Moved,218.0,318.0,User6,,
1490374197375,Mouse Moved,216.0,315.0,User6,,
1490374197375,Mouse Moved,214.0,314.0,User6,,
1490374197407,Mouse Moved,211.0,311.0,User6,,
1490374197407,Mouse Moved,211.0,308.0,User6,,
1490374197423,Mouse Moved,208.0,304.0,User6,,
1490374197423,Mouse Moved,206.0,304.0,User6,,
1490374197438,Mouse Moved,204.0,302.0,User6,,
1490374197453,Mouse Moved,202.0,294.0,User6,,
1490374197470,Mouse Moved,199.0,290.0,User6,,
1490374197486,Mouse Moved,195.0,283.0,User6,,
1490374197486,Mouse Moved,194.0,281.0,User6,,
1490374197500,Mouse Moved,190.0,271.0,User6,,
1490374197516,Mouse Moved,188.0,269.0,User6,,
1490374197532,Mouse Moved,187.0,267.0,User6,,
1490374197548,Mouse Moved,185.0,265.0,User6,,
1490374197563,Mouse Moved,184.0,262.0,User6,,
1490374197563,Mouse Moved,183.0,260.0,User6,,
1490374197625,Mouse Moved,183.0,257.0,User6,,
1490374197875,Mouse Moved,183.0,258.0,User6,,
1490374197891,Mouse Moved,183.0,259.0,User6,,
1490374197907,Mouse Moved,182.0,262.0,User6,,
1490374197921,Mouse Moved,182.0,264.0,User6,,
1490374198016,Mouse Moved,181.0,265.0,User6,,
1490374198032,Mouse Moved,180.0,266.0,User6,,
1490374198062,Mouse Moved,180.0,269.0,User6,,
1490374198078,Mouse Moved,179.0,269.0,User6,,
1490374198141,Mouse Moved,178.0,270.0,User6,,
1490374198421,Mouse Moved,178.0,270.0,User6,,
1490374198562,Mouse Moved,178.0,270.0,User6,,
1490374199086,Mouse Moved,181.0,268.0,User6,,
1490374199102,Mouse Moved,197.0,262.0,User6,,
1490374199118,Mouse Moved,203.0,257.0,User6,,
1490374199134,Mouse Moved,213.0,253.0,User6,,
1490374199150,Mouse Moved,232.0,246.0,User6,,
1490374199164,Mouse Moved,266.0,227.0,User6,,
1490374199180,Mouse Moved,278.0,223.0,User6,,
1490374199197,Mouse Moved,283.0,223.0,User6,,
1490374199211,Mouse Moved,285.0,223.0,User6,,
1490374199227,Mouse Moved,288.0,223.0,User6,,
1490374199243,Mouse Moved,291.0,222.0,User6,,
1490374199259,Mouse Moved,291.0,221.0,User6,,
1490374199275,Mouse Moved,293.0,221.0,User6,,
1490374199289,Mouse Moved,293.0,223.0,User6,,
1490374199368,Mouse Moved,293.0,225.0,User6,,
1490374199384,Mouse Moved,294.0,225.0,User6,,
1490374199384,Mouse Moved,294.0,226.0,User6,,
1490374199414,Mouse Moved,294.0,227.0,User6,,
1490374200881,Mouse Moved,295.0,228.0,User6,,
1490374200897,Mouse Moved,296.0,230.0,User6,,
1490374200927,Mouse Moved,298.0,232.0,User6,,
1490374200927,Mouse Moved,300.0,236.0,User6,,
1490374200944,Mouse Moved,304.0,238.0,User6,,
1490374200959,Mouse Moved,308.0,241.0,User6,,
1490374200959,Mouse Moved,312.0,247.0,User6,,
1490374200974,Mouse Moved,316.0,250.0,User6,,
1490374200990,Mouse Moved,320.0,254.0,User6,,
1490374201006,Mouse Moved,326.0,259.0,User6,,
1490374201022,Mouse Moved,336.0,265.0,User6,,
1490374201036,Mouse Moved,347.0,273.0,User6,,
1490374201036,Mouse Moved,356.0,283.0,User6,,
1490374201052,Mouse Moved,369.0,298.0,User6,,
1490374201069,Mouse Moved,386.0,318.0,User6,,
1490374201084,Mouse Moved,404.0,328.0,User6,,
1490374201099,Mouse Moved,422.0,342.0,User6,,
1490374201115,Mouse Moved,433.0,356.0,User6,,
1490374201115,Mouse Moved,440.0,366.0,User6,,
1490374201131,Mouse Moved,443.0,372.0,User6,,
1490374201147,Mouse Moved,445.0,376.0,User6,,
1490374201161,Mouse Moved,448.0,378.0,User6,,
1490374201209,Mouse Moved,446.0,374.0,User6,,
1490374201224,Mouse Moved,441.0,370.0,User6,,
1490374201941,Mouse Moved,442.0,370.0,User6,,
1490374202082,Mouse Moved,442.0,370.0,User6,,
1490374208759,Mouse Moved,432.0,364.0,User6,,
1490374208775,Mouse Moved,425.0,362.0,User6,,
1490374208790,Mouse Moved,417.0,358.0,User6,,
1490374208805,Mouse Moved,384.0,353.0,User6,,
1490374208836,Mouse Moved,327.0,339.0,User6,,
1490374208852,Mouse Moved,310.0,339.0,User6,,
1490374208868,Mouse Moved,282.0,335.0,User6,,
1490374208884,Mouse Moved,266.0,335.0,User6,,
1490374208900,Mouse Moved,252.0,335.0,User6,,
1490374208914,Mouse Moved,238.0,333.0,User6,,
1490374208930,Mouse Moved,233.0,333.0,User6,,
1490374208947,Mouse Moved,226.0,334.0,User6,,
1490374208947,Mouse Moved,222.0,334.0,User6,,
1490374208961,Mouse Moved,216.0,334.0,User6,,
1490374208977,Mouse Moved,213.0,334.0,User6,,
1490374208993,Mouse Moved,205.0,338.0,User6,,
1490374209009,Mouse Moved,200.0,338.0,User6,,
1490374209025,Mouse Moved,195.0,338.0,User6,,
1490374209025,Mouse Moved,193.0,338.0,User6,,
1490374209039,Mouse Moved,191.0,338.0,User6,,
1490374209898,Mouse Moved,189.0,336.0,User6,,
1490374209898,Mouse Moved,187.0,332.0,User6,,
1490374209914,Mouse Moved,186.0,329.0,User6,,
1490374209914,Mouse Moved,185.0,323.0,User6,,
1490374209944,Mouse Moved,183.0,306.0,User6,,
1490374209960,Mouse Moved,182.0,298.0,User6,,
1490374209976,Mouse Moved,182.0,292.0,User6,,
1490374209976,Mouse Moved,181.0,286.0,User6,,
1490374209992,Mouse Moved,181.0,284.0,User6,,
1490374210006,Mouse Moved,181.0,281.0,User6,,
1490374210023,Mouse Moved,180.0,275.0,User6,,
1490374210039,Mouse Moved,179.0,271.0,User6,,
1490374210053,Mouse Moved,179.0,270.0,User6,,
1490374210053,Mouse Moved,179.0,269.0,User6,,
1490374210069,Mouse Moved,178.0,266.0,User6,,
1490374210085,Mouse Moved,177.0,264.0,User6,,
1490374210117,Mouse Moved,177.0,259.0,User6,,
1490374210240,Mouse Moved,177.0,256.0,User6,,
1490374210303,Mouse Moved,177.0,254.0,User6,,
1490374210335,Mouse Moved,177.0,256.0,User6,,
1490374210351,Mouse Moved,176.0,257.0,User6,,
1490374210381,Mouse Moved,176.0,254.0,User6,,
1490374210444,Mouse Moved,176.0,253.0,User6,,
1490374211411,Mouse Moved,178.0,253.0,User6,,
1490374211411,Mouse Moved,184.0,256.0,User6,,
1490374211427,Mouse Moved,205.0,260.0,User6,,
1490374211457,Mouse Moved,247.0,269.0,User6,,
1490374211457,Mouse Moved,283.0,281.0,User6,,
1490374211473,Mouse Moved,315.0,288.0,User6,,
1490374211473,Mouse Moved,359.0,308.0,User6,,
1490374211489,Mouse Moved,393.0,322.0,User6,,
1490374211505,Mouse Moved,422.0,331.0,User6,,
1490374211520,Mouse Moved,434.0,336.0,User6,,
1490374211520,Mouse Moved,440.0,340.0,User6,,
1490374211536,Mouse Moved,451.0,342.0,User6,,
1490374211552,Mouse Moved,456.0,348.0,User6,,
1490374211911,Mouse Moved,455.0,347.0,User6,,
1490374212019,Mouse Moved,455.0,347.0,User6,,
1490374212035,Mouse Button.right Released,455.0,347.0,User6,,
1490374212207,Mouse Moved,456.0,351.0,User6,,
1490374212223,Mouse Moved,457.0,353.0,User6,,
1490374212237,Mouse Moved,457.0,356.0,User6,,
1490374212253,Mouse Moved,458.0,358.0,User6,,
1490374212269,Mouse Moved,459.0,359.0,User6,,
1490374212269,Mouse Moved,462.0,360.0,User6,,
1490374212285,Mouse Moved,463.0,369.0,User6,,
1490374212301,Mouse Moved,465.0,377.0,User6,,
1490374212315,Mouse Moved,472.0,394.0,User6,,
1490374212332,Mouse Moved,474.0,428.0,User6,,
1490374212332,Mouse Moved,475.0,444.0,User6,,
1490374212346,Mouse Moved,481.0,463.0,User6,,
1490374212362,Mouse Moved,488.0,489.0,User6,,
1490374212378,Mouse Moved,495.0,539.0,User6,,
1490374212394,Mouse Moved,498.0,567.0,User6,,
1490374212410,Mouse Moved,498.0,596.0,User6,,
1490374212424,Mouse Moved,498.0,614.0,User6,,
1490374212424,Mouse Moved,498.0,628.0,User6,,
1490374212440,Mouse Moved,499.0,633.0,User6,,
1490374212457,Mouse Moved,499.0,635.0,User6,,
1490374212565,Mouse Moved,499.0,634.0,User6,,
1490374212581,Mouse Moved,499.0,632.0,User6,,
1490374212596,Mouse Moved,498.0,629.0,User6,,
1490374212596,Mouse Moved,498.0,627.0,User6,,
1490374212612,Mouse Moved,498.0,612.0,User6,,
1490374212628,Mouse Moved,498.0,610.0,User6,,
1490374212644,Mouse Moved,498.0,606.0,User6,,
1490374212658,Mouse Moved,499.0,603.0,User6,,
1490374212674,Mouse Moved,500.0,600.0,User6,,
1490374212690,Mouse Moved,500.0,595.0,User6,,
1490374212706,Mouse Moved,502.0,594.0,User6,,
1490374212706,Mouse Moved,502.0,593.0,User6,,
1490374212721,Mouse Moved,502.0,591.0,User6,,
1490374212736,Mouse Moved,503.0,591.0,User6,,
1490374212815,Mouse Moved,504.0,591.0,User6,,
1490374212831,Mouse Moved,504.0,588.0,User6,,
1490374212846,Mouse Moved,505.0,588.0,User6,,
1490374212861,Mouse Moved,505.0,587.0,User6,,
1490374212878,Mouse Moved,505.0,585.0,User6,,
1490374212892,Mouse Moved,507.0,584.0,User6,,
1490374212908,Mouse Moved,508.0,582.0,User6,,
1490374212924,Mouse Moved,511.0,580.0,User6,,
1490374212924,Mouse Moved,513.0,576.0,User6,,
1490374212940,Mouse Moved,513.0,575.0,User6,,
1490374212956,Mouse Moved,513.0,574.0,User6,,
1490374212970,Mouse Moved,515.0,573.0,User6,,
1490374212970,Mouse Moved,516.0,573.0,User6,,
1490374212986,Mouse Moved,516.0,572.0,User6,,
1490374213003,Mouse Moved,519.0,572.0,User6,,
1490374213017,Mouse Moved,519.0,571.0,User6,,
1490374213236,Mouse Moved,518.0,571.0,User6,,
1490374213377,Mouse Moved,518.0,571.0,User6,,
1490374213923,Mouse Moved,511.0,569.0,User6,,
1490374213938,Mouse Moved,492.0,562.0,User6,,
1490374213953,Mouse Moved,448.0,542.0,User6,,
1490374213953,Mouse Moved,404.0,523.0,User6,,
1490374213970,Mouse Moved,374.0,513.0,User6,,
1490374213984,Mouse Moved,332.0,501.0,User6,,
1490374214000,Mouse Moved,301.0,487.0,User6,,
1490374214016,Mouse Moved,276.0,473.0,User6,,
1490374214032,Mouse Moved,254.0,461.0,User6,,
1490374214032,Mouse Moved,242.0,455.0,User6,,
1490374214048,Mouse Moved,239.0,455.0,User6,,
1490374214062,Mouse Moved,236.0,453.0,User6,,
1490374214078,Mouse Moved,234.0,452.0,User6,,
1490374214095,Mouse Moved,231.0,452.0,User6,,
1490374214421,Mouse Moved,232.0,452.0,User6,,
1490374214437,Mouse Moved,233.0,452.0,User6,,
1490374214437,Mouse Moved,234.0,452.0,User6,,
1490374214453,Mouse Moved,235.0,452.0,User6,,
1490374214469,Mouse Moved,236.0,452.0,User6,,
1490374214484,Mouse Moved,238.0,455.0,User6,,
1490374214500,Mouse Moved,239.0,455.0,User6,,
1490374214516,Mouse Moved,240.0,456.0,User6,,
1490374214516,Mouse Moved,242.0,457.0,User6,,
1490374214530,Mouse Moved,243.0,458.0,User6,,
1490374214546,Mouse Moved,244.0,458.0,User6,,
1490374214546,Mouse Moved,245.0,459.0,User6,,
1490374214733,Mouse Moved,245.0,458.0,User6,,
1490374214750,Mouse Moved,243.0,453.0,User6,,
1490374214765,Mouse Moved,238.0,445.0,User6,,
1490374214780,Mouse Moved,236.0,434.0,User6,,
1490374214780,Mouse Moved,232.0,422.0,User6,,
1490374214796,Mouse Moved,228.0,409.0,User6,,
1490374214812,Mouse Moved,226.0,393.0,User6,,
1490374214828,Mouse Moved,220.0,367.0,User6,,
1490374214842,Mouse Moved,219.0,351.0,User6,,
1490374214858,Mouse Moved,219.0,334.0,User6,,
1490374214858,Mouse Moved,217.0,324.0,User6,,
1490374214875,Mouse Moved,216.0,322.0,User6,,
1490374214890,Mouse Moved,219.0,317.0,User6,,
1490374218680,Mouse Moved,223.0,322.0,User6,,
1490374218697,Mouse Moved,230.0,332.0,User6,,
1490374218711,Mouse Moved,247.0,364.0,User6,,
1490374218727,Mouse Moved,267.0,408.0,User6,,
1490374218743,Mouse Moved,289.0,438.0,User6,,
1490374218759,Mouse Moved,318.0,501.0,User6,,
1490374218759,Mouse Moved,325.0,527.0,User6,,
1490374219196,Mouse Moved,326.0,529.0,User6,,
1490374219210,Mouse Moved,327.0,530.0,User6,,
1490374219210,Mouse Moved,329.0,535.0,User6,,
1490374219243,Mouse Moved,329.0,536.0,User6,,
1490374219243,Mouse Moved,330.0,540.0,User6,,
1490374219257,Mouse Moved,336.0,551.0,User6,,
1490374219257,Mouse Moved,337.0,559.0,User6,,
1490374219273,Mouse Moved,340.0,566.0,User6,,
1490374219289,Mouse Moved,342.0,574.0,User6,,
1490374219305,Mouse Moved,342.0,577.0,User6,,
1490374219321,Mouse Moved,342.0,580.0,User6,,
1490374219321,Mouse Moved,342.0,581.0,User6,,
1490374219335,Mouse Moved,343.0,582.0,User6,,
1490374219476,Mouse Moved,343.0,583.0,User6,,
1490374219710,Mouse Moved,342.0,583.0,User6,,
1490374219851,Mouse Moved,342.0,583.0,User6,,
1490374220085,Mouse Moved,343.0,581.0,User6,,
1490374220101,Mouse Moved,343.0,576.0,User6,,
1490374220115,Mouse Moved,346.0,569.0,User6,,
1490374220131,Mouse Moved,348.0,561.0,User6,,
1490374220147,Mouse Moved,358.0,539.0,User6,,
1490374220163,Mouse Moved,362.0,532.0,User6,,
1490374220178,Mouse Moved,366.0,515.0,User6,,
1490374220194,Mouse Moved,379.0,491.0,User6,,
1490374220210,Mouse Moved,387.0,473.0,User6,,
1490374220224,Mouse Moved,402.0,427.0,User6,,
1490374220224,Mouse Moved,418.0,396.0,User6,,
1490374220240,Mouse Moved,427.0,374.0,User6,,
1490374220256,Mouse Moved,432.0,355.0,User6,,
1490374220272,Mouse Moved,441.0,342.0,User6,,
1490374220288,Mouse Moved,453.0,294.0,User6,,
1490374220288,Mouse Moved,473.0,270.0,User6,,
1490374220302,Mouse Moved,474.0,265.0,User6,,
1490374220319,Mouse Moved,475.0,258.0,User6,,
1490374220335,Mouse Moved,479.0,255.0,User6,,
1490374220349,Mouse Moved,479.0,254.0,User6,,
1490374220365,Mouse Moved,479.0,252.0,User6,,
1490374220474,Mouse Moved,479.0,254.0,User6,,
1490374220522,Mouse Moved,479.0,252.0,User6,,
1490374220569,Mouse Moved,479.0,252.0,User6,,
1490374220584,Mouse Button.left Pressed,479.0,252.0,User6,,
1490374220724,Mouse Moved,479.0,252.0,User6,,
1490374221115,Mouse Moved,478.0,253.0,User6,,
1490374221115,Mouse Moved,477.0,253.0,User6,,
1490374221130,Mouse Moved,475.0,253.0,User6,,
1490374221145,Mouse Moved,473.0,253.0,User6,,
1490374221145,Mouse Moved,472.0,257.0,User6,,
1490374221177,Mouse Moved,469.0,258.0,User6,,
1490374221177,Mouse Moved,462.0,260.0,User6,,
1490374221193,Mouse Moved,453.0,267.0,User6,,
1490374221193,Mouse Moved,446.0,269.0,User6,,
1490374221223,Mouse Moved,439.0,272.0,User6,,
1490374221239,Mouse Moved,429.0,276.0,User6,,
1490374221239,Mouse Moved,421.0,277.0,User6,,
1490374221255,Mouse Moved,412.0,280.0,User6,,
1490374221255,Mouse Moved,401.0,282.0,User6,,
1490374221270,Mouse Moved,394.0,286.0,User6,,
1490374221614,Mouse Moved,394.0,286.0,User6,,
1490374221753,Mouse Moved,394.0,286.0,User6,,
1490374222128,Mouse Moved,394.0,284.0,User6,,
1490374222160,Mouse Moved,394.0,285.0,User6,,
1490374222160,Mouse Moved,394.0,287.0,User6,,
1490374222190,Mouse Moved,396.0,295.0,User6,,
1490374222207,Mouse Moved,398.0,299.0,User6,,
1490374222221,Mouse Moved,402.0,306.0,User6,,
1490374222237,Mouse Moved,407.0,325.0,User6,,
1490374222253,Mouse Moved,410.0,347.0,User6,,
1490374222269,Mouse Moved,426.0,385.0,User6,,
1490374222285,Mouse Moved,430.0,419.0,User6,,
1490374222299,Mouse Moved,444.0,456.0,User6,,
1490374222299,Mouse Moved,450.0,476.0,User6,,
1490374222315,Mouse Moved,450.0,478.0,User6,,
1490374222331,Mouse Moved,451.0,480.0,User6,,
1490374222346,Mouse Moved,453.0,481.0,User6,,
1490374222362,Mouse Moved,453.0,484.0,User6,,
1490374222378,Mouse Moved,455.0,488.0,User6,,
1490374222378,Mouse Moved,457.0,492.0,User6,,
1490374222440,Mouse Moved,457.0,493.0,User6,,
1490374222486,Mouse Moved,456.0,494.0,User6,,
1490374222519,Mouse Moved,456.0,496.0,User6,,
1490374222519,Mouse Moved,455.0,496.0,User6,,
1490374222611,Mouse Moved,454.0,496.0,User6,,
1490374222628,Mouse Moved,453.0,496.0,User6,,
1490374222642,Mouse Moved,453.0,497.0,User6,,
1490374222674,Mouse Moved,453.0,498.0,User6,,
1490374222720,Mouse Moved,452.0,499.0,User6,,
1490374222736,Mouse Moved,450.0,501.0,User6,,
1490374222736,Mouse Moved,450.0,503.0,User6,,
1490374222753,Mouse Moved,448.0,504.0,User6,,
1490374222767,Mouse Moved,448.0,505.0,User6,,
1490374223049,Mouse Moved,448.0,504.0,User6,,
1490374223174,Mouse Moved,448.0,504.0,User6,,
1490374223188,Mouse Button.left Released,448.0,504.0,User6,,
1490374223766,Mouse Moved,444.0,505.0,User6,,
1490374223782,Mouse Moved,441.0,505.0,User6,,
1490374223798,Mouse Moved,435.0,505.0,User6,,
1490374223812,Mouse Moved,430.0,501.0,User6,,
1490374223828,Mouse Moved,419.0,494.0,User6,,
1490374223859,Mouse Moved,402.0,477.0,User6,,
1490374223859,Mouse Moved,389.0,462.0,User6,,
1490374223859,Mouse Moved,380.0,453.0,User6,,
1490374223875,Mouse Moved,373.0,443.0,User6,,
1490374223891,Mouse Moved,365.0,439.0,User6,,
1490374223907,Mouse Moved,360.0,427.0,User6,,
1490374223907,Mouse Moved,352.0,415.0,User6,,
1490374223923,Mouse Moved,345.0,405.0,User6,,
1490374223923,Mouse Moved,345.0,402.0,User6,,
1490374223937,Mouse Moved,343.0,400.0,User6,,
1490374223969,Mouse Moved,343.0,397.0,User6,,
1490374224109,Mouse Moved,343.0,399.0,User6,,
1490374224109,Mouse Moved,343.0,397.0,User6,,
1490374224125,Mouse Moved,343.0,399.0,User6,,
1490374224141,Mouse Moved,343.0,397.0,User6,,
1490374224250,Mouse Moved,343.0,396.0,User6,,
1490374224483,Mouse Moved,343.0,397.0,User6,,
1490374224874,Mouse Moved,343.0,398.0,User6,,
1490374225138,Mouse Moved,343.0,397.0,User6,,
1490374225138,Mouse Moved,343.0,396.0,User6,,
1490374225171,Mouse Moved,346.0,392.0,User6,,
1490374225171,Mouse Moved,349.0,388.0,User6,,
1490374225186,Mouse Moved,356.0,379.0,User6,,
1490374225201,Mouse Moved,364.0,367.0,User6,,
1490374225217,Mouse Moved,376.0,344.0,User6,,
1490374225217,Mouse Moved,391.0,327.0,User6,,
1490374225249,Mouse Moved,418.0,293.0,User6,,
1490374225249,Mouse Moved,433.0,265.0,User6,,
1490374225263,Mouse Moved,461.0,228.0,User6,,
1490374225279,Mouse Moved,468.0,217.0,User6,,
1490374225295,Mouse Moved,478.0,209.0,User6,,
1490374225295,Mouse Moved,490.0,201.0,User6,,
1490374225311,Mouse Moved,490.0,196.0,User6,,
1490374225326,Mouse Moved,494.0,193.0,User6,,
1490374225342,Mouse Moved,494.0,192.0,User6,,
1490374225358,Mouse Moved,494.0,191.0,User6,,
1490374225404,Mouse Moved,494.0,189.0,User6,,
1490374225436,Mouse Moved,493.0,187.0,User6,,
1490374225436,Mouse Moved,493.0,185.0,User6,,
1490374225436,Mouse Moved,492.0,183.0,User6,,
1490374225450,Mouse Moved,492.0,179.0,User6,,
1490374225467,Mouse Moved,492.0,178.0,User6,,
1490374225483,Mouse Moved,492.0,175.0,User6,,
1490374225497,Mouse Moved,492.0,173.0,User6,,
1490374225497,Mouse Moved,490.0,168.0,User6,,
1490374225513,Mouse Moved,490.0,159.0,User6,,
1490374225529,Mouse Moved,488.0,143.0,User6,,
1490374225545,Mouse Moved,486.0,130.0,User6,,
1490374225561,Mouse Moved,483.0,120.0,User6,,
1490374225561,Mouse Moved,472.0,103.0,User6,,
1490374225841,Mouse Moved,471.0,105.0,User6,,
1490374225857,Mouse Moved,468.0,105.0,User6,,
1490374225857,Mouse Moved,466.0,105.0,User6,,
1490374225872,Mouse Moved,462.0,108.0,User6,,
1490374225888,Mouse Moved,460.0,108.0,User6,,
1490374225904,Mouse Moved,458.0,108.0,User6,,
1490374225918,Mouse Moved,456.0,108.0,User6,,
1490374225918,Mouse Moved,455.0,108.0,User6,,
1490374225934,Mouse Moved,454.0,108.0,User6,,
1490374225950,Mouse Moved,451.0,110.0,User6,,
1490374225982,Mouse Moved,449.0,110.0,User6,,
1490374225982,Mouse Moved,448.0,111.0,User6,,
1490374225996,Mouse Moved,446.0,111.0,User6,,
1490374226043,Mouse Moved,443.0,116.0,User6,,
1490374226246,Mouse Moved,443.0,116.0,User6,,
1490374226263,Mouse Button.left Pressed,443.0,116.0,User6,,
1490374226403,Mouse Moved,443.0,116.0,User6,,
1490374226559,Mouse Moved,442.0,117.0,User6,,
1490374226575,Mouse Moved,440.0,117.0,User6,,
1490374226589,Mouse Moved,436.0,117.0,User6,,
1490374226605,Mouse Moved,434.0,119.0,User6,,
1490374226605,Mouse Moved,431.0,119.0,User6,,
1490374226621,Mouse Moved,426.0,122.0,User6,,
1490374226621,Mouse Moved,419.0,123.0,User6,,
1490374226637,Mouse Moved,409.0,125.0,User6,,
1490374226653,Mouse Moved,399.0,127.0,User6,,
1490374226667,Mouse Moved,388.0,128.0,User6,,
1490374226684,Mouse Moved,384.0,129.0,User6,,
1490374226684,Mouse Moved,382.0,131.0,User6,,
1490374226698,Mouse Moved,374.0,131.0,User6,,
1490374226714,Mouse Moved,372.0,131.0,User6,,
1490374226730,Mouse Moved,369.0,131.0,User6,,
1490374226746,Mouse Moved,363.0,131.0,User6,,
1490374226746,Mouse Moved,361.0,130.0,User6,,
1490374226762,Mouse Moved,359.0,127.0,User6,,
1490374226776,Mouse Moved,359.0,130.0,User6,,
1490374226792,Mouse Moved,358.0,130.0,User6,,
1490374226809,Mouse Moved,357.0,130.0,User6,,
1490374226839,Mouse Moved,357.0,131.0,User6,,
1490374226964,Mouse Moved,356.0,131.0,User6,,
1490374226980,Mouse Moved,356.0,132.0,User6,,
1490374226996,Mouse Moved,355.0,134.0,User6,,
1490374227010,Mouse Moved,355.0,136.0,User6,,
1490374227026,Mouse Moved,355.0,140.0,User6,,
1490374227026,Mouse Moved,355.0,143.0,User6,,
1490374227042,Mouse Moved,355.0,145.0,User6,,
1490374227042,Mouse Moved,355.0,147.0,User6,,
1490374227073,Mouse Moved,355.0,150.0,User6,,
1490374227088,Mouse Moved,355.0,152.0,User6,,
1490374227105,Mouse Moved,354.0,155.0,User6,,
1490374227121,Mouse Moved,354.0,156.0,User6,,
1490374227151,Mouse Moved,353.0,158.0,User6,,
1490374227167,Mouse Moved,352.0,163.0,User6,,
1490374227167,Mouse Moved,351.0,166.0,User6,,
1490374227183,Mouse Moved,350.0,170.0,User6,,
1490374227198,Mouse Moved,346.0,177.0,User6,,
1490374227213,Mouse Moved,344.0,186.0,User6,,
1490374227230,Mouse Moved,340.0,197.0,User6,,
1490374227244,Mouse Moved,335.0,207.0,User6,,
1490374227244,Mouse Moved,331.0,211.0,User6,,
1490374227260,Mouse Moved,330.0,212.0,User6,,
1490374227276,Mouse Moved,328.0,215.0,User6,,
1490374227292,Mouse Moved,327.0,216.0,User6,,
1490374227447,Mouse Moved,327.0,215.0,User6,,
1490374227463,Mouse Moved,331.0,214.0,User6,,
1490374227479,Mouse Moved,342.0,206.0,User6,,
1490374227479,Mouse Moved,362.0,192.0,User6,,
1490374227494,Mouse Moved,440.0,156.0,User6,,
1490374227510,Mouse Moved,490.0,135.0,User6,,
1490374227542,Mouse Moved,551.0,119.0,User6,,
1490374227542,Mouse Moved,603.0,105.0,User6,,
1490374227556,Mouse Moved,641.0,99.0,User6,,
1490374227572,Mouse Moved,665.0,89.0,User6,,
1490374227572,Mouse Moved,679.0,81.0,User6,,
1490374227588,Mouse Moved,697.0,78.0,User6,,
1490374227604,Mouse Moved,710.0,73.0,User6,,
1490374227619,Mouse Moved,720.0,68.0,User6,,
1490374227634,Mouse Moved,727.0,51.0,User6,,
1490374227915,Mouse Moved,728.0,51.0,User6,,
1490374227947,Mouse Moved,729.0,51.0,User6,,
1490374227947,Mouse Moved,731.0,52.0,User6,,
1490374227963,Mouse Moved,731.0,53.0,User6,,
1490374227979,Mouse Moved,734.0,55.0,User6,,
1490374227993,Mouse Moved,739.0,61.0,User6,,
1490374227993,Mouse Moved,743.0,66.0,User6,,
1490374228009,Mouse Moved,745.0,71.0,User6,,
1490374228025,Mouse Moved,748.0,78.0,User6,,
1490374228040,Mouse Moved,753.0,85.0,User6,,
1490374228056,Mouse Moved,755.0,94.0,User6,,
1490374228072,Mouse Moved,755.0,95.0,User6,,
1490374228072,Mouse Moved,755.0,99.0,User6,,
1490374228118,Mouse Moved,756.0,99.0,User6,,
1490374228134,Mouse Moved,756.0,100.0,User6,,
1490374228150,Mouse Moved,756.0,102.0,User6,,
1490374228243,Mouse Moved,757.0,102.0,User6,,
1490374228243,Mouse Moved,759.0,103.0,User6,,
1490374228259,Mouse Moved,760.0,103.0,User6,,
1490374228275,Mouse Moved,763.0,104.0,User6,,
1490374228275,Mouse Moved,766.0,107.0,User6,,
1490374228290,Mouse Moved,767.0,107.0,User6,,
1490374228305,Mouse Moved,769.0,108.0,User6,,
1490374228322,Mouse Moved,770.0,108.0,User6,,
1490374228336,Mouse Moved,773.0,109.0,User6,,
1490374228352,Mouse Moved,776.0,109.0,User6,,
1490374228352,Mouse Moved,778.0,110.0,User6,,
1490374228368,Mouse Moved,780.0,110.0,User6,,
1490374228400,Mouse Moved,781.0,110.0,User6,,
1490374228414,Mouse Moved,782.0,110.0,User6,,
1490374228430,Mouse Moved,782.0,109.0,User6,,
1490374228602,Mouse Moved,783.0,109.0,User6,,
1490374228602,Mouse Moved,784.0,109.0,User6,,
1490374228618,Mouse Moved,785.0,109.0,User6,,
1490374228634,Mouse Moved,787.0,109.0,User6,,
1490374228664,Mouse Moved,788.0,108.0,User6,,
1490374228680,Mouse Moved,788.0,106.0,User6,,
1490374228914,Mouse Moved,788.0,107.0,User6,,
1490374229071,Mouse Moved,788.0,107.0,User6,,
1490374230334,Mouse Moved,788.0,107.0,User6,,
1490374230474,Mouse Moved,788.0,107.0,User6,,
1490374231066,Mouse Moved,790.0,106.0,User6,,
1490374231082,Mouse Moved,793.0,107.0,User6,,
1490374231098,Mouse Moved,797.0,107.0,User6,,
1490374231114,Mouse Moved,800.0,108.0,User6,,
1490374231130,Mouse Moved,801.0,108.0,User6,,
1490374231144,Mouse Moved,802.0,108.0,User6,,
1490374231191,Mouse Moved,803.0,109.0,User6,,
1490374231207,Mouse Moved,804.0,109.0,User6,,
1490374231269,Mouse Moved,805.0,109.0,User6,,
1490374231394,Mouse Moved,803.0,109.0,User6,,
1490374231411,Mouse Moved,800.0,108.0,User6,,
1490374231426,Mouse Moved,798.0,108.0,User6,,
1490374231441,Mouse Moved,791.0,107.0,User6,,
1490374231457,Mouse Moved,780.0,103.0,User6,,
1490374231473,Mouse Moved,765.0,101.0,User6,,
1490374231473,Mouse Moved,755.0,99.0,User6,,
1490374231489,Mouse Moved,750.0,95.0,User6,,
1490374231503,Mouse Moved,746.0,94.0,User6,,
1490374231519,Mouse Moved,744.0,93.0,User6,,
1490374231535,Mouse Moved,743.0,93.0,User6,,
1490374231582,Mouse Moved,742.0,93.0,User6,,
1490374231628,Mouse Moved,742.0,92.0,User6,,
1490374231753,Mouse Moved,744.0,92.0,User6,,
1490374231769,Mouse Moved,745.0,92.0,User6,,
1490374231769,Mouse Moved,748.0,94.0,User6,,
1490374231785,Mouse Moved,750.0,96.0,User6,,
1490374231801,Mouse Moved,754.0,96.0,User6,,
1490374231815,Mouse Moved,757.0,100.0,User6,,
1490374231832,Mouse Moved,761.0,101.0,User6,,
1490374231846,Mouse Moved,762.0,102.0,User6,,
1490374231862,Mouse Moved,764.0,103.0,User6,,
1490374231878,Mouse Moved,765.0,104.0,User6,,
1490374231894,Mouse Moved,766.0,105.0,User6,,
1490374231910,Mouse Moved,766.0,107.0,User6,,
1490374231924,Mouse Moved,767.0,107.0,User6,,
1490374232549,Mouse Moved,767.0,108.0,User6,,
1490374232565,Mouse Moved,767.0,107.0,User6,,
1490374232627,Mouse Moved,766.0,107.0,User6,,
1490374232767,Mouse Moved,766.0,107.0,User6,,
1490374234203,Mouse Moved,766.0,107.0,User6,,
1490374234358,Mouse Moved,766.0,107.0,User6,,
1490374234796,Mouse Moved,759.0,110.0,User6,,
1490374234811,Mouse Moved,743.0,114.0,User6,,
1490374234826,Mouse Moved,718.0,125.0,User6,,
1490374234842,Mouse Moved,695.0,139.0,User6,,
1490374234842,Mouse Moved,664.0,153.0,User6,,
1490374234858,Mouse Moved,633.0,166.0,User6,,
1490374234874,Mouse Moved,605.0,181.0,User6,,
1490374234888,Mouse Moved,575.0,193.0,User6,,
1490374234888,Mouse Moved,556.0,204.0,User6,,
1490374234904,Mouse Moved,526.0,223.0,User6,,
1490374234921,Mouse Moved,483.0,243.0,User6,,
1490374234936,Mouse Moved,443.0,258.0,User6,,
1490374234951,Mouse Moved,396.0,275.0,User6,,
1490374234951,Mouse Moved,350.0,291.0,User6,,
1490374234967,Mouse Moved,336.0,296.0,User6,,
1490374234983,Mouse Moved,316.0,298.0,User6,,
1490374234999,Mouse Moved,300.0,302.0,User6,,
1490374235013,Mouse Moved,279.0,305.0,User6,,
1490374235420,Mouse Moved,277.0,305.0,User6,,
1490374235434,Mouse Moved,269.0,308.0,User6,,
1490374235450,Mouse Moved,259.0,309.0,User6,,
1490374235467,Mouse Moved,251.0,310.0,User6,,
1490374235467,Mouse Moved,229.0,310.0,User6,,
1490374235482,Mouse Moved,219.0,311.0,User6,,
1490374235497,Mouse Moved,211.0,311.0,User6,,
1490374235513,Mouse Moved,203.0,311.0,User6,,
1490374235529,Mouse Moved,198.0,311.0,User6,,
1490374235545,Mouse Moved,190.0,311.0,User6,,
1490374235545,Mouse Moved,182.0,312.0,User6,,
1490374235559,Mouse Moved,179.0,312.0,User6,,
1490374235575,Mouse Moved,178.0,312.0,User6,,
1490374235591,Mouse Moved,176.0,312.0,User6,,
1490374235622,Mouse Moved,175.0,312.0,User6,,
1490374235622,Mouse Moved,174.0,312.0,User6,,
1490374235654,Mouse Moved,174.0,313.0,User6,,
1490374235809,Mouse Moved,174.0,315.0,User6,,
1490374235825,Mouse Moved,173.0,315.0,User6,,
1490374235841,Mouse Moved,173.0,316.0,User6,,
1490374235857,Mouse Moved,173.0,317.0,User6,,
1490374235871,Mouse Moved,172.0,317.0,User6,,
1490374235871,Mouse Moved,171.0,320.0,User6,,
1490374235888,Mouse Moved,171.0,325.0,User6,,
1490374235903,Mouse Moved,170.0,334.0,User6,,
1490374235918,Mouse Moved,168.0,342.0,User6,,
1490374235934,Mouse Moved,167.0,347.0,User6,,
1490374235934,Mouse Moved,165.0,351.0,User6,,
1490374235950,Mouse Moved,165.0,353.0,User6,,
1490374235980,Mouse Moved,165.0,354.0,User6,,
1490374235996,Mouse Moved,164.0,355.0,User6,,
1490374236028,Mouse Moved,164.0,356.0,User6,,
1490374236121,Mouse Moved,164.0,358.0,User6,,
1490374236137,Mouse Moved,164.0,359.0,User6,,
1490374236137,Mouse Moved,164.0,360.0,User6,,
1490374236153,Mouse Moved,164.0,362.0,User6,,
1490374236168,Mouse Moved,163.0,363.0,User6,,
1490374236184,Mouse Moved,163.0,364.0,User6,,
1490374236214,Mouse Moved,163.0,365.0,User6,,
1490374236214,Mouse Moved,162.0,367.0,User6,,
1490374236230,Mouse Moved,161.0,368.0,User6,,
1490374236246,Mouse Moved,160.0,369.0,User6,,
1490374236262,Mouse Moved,160.0,370.0,User6,,
1490374236278,Mouse Moved,159.0,371.0,User6,,
1490374236292,Mouse Moved,158.0,372.0,User6,,
1490374236309,Mouse Moved,157.0,372.0,User6,,
1490374236542,Mouse Moved,158.0,371.0,User6,,
1490374236698,Mouse Moved,158.0,371.0,User6,,
1490374237348,Mouse Moved,158.0,372.0,User6,,
1490374237364,Mouse Moved,160.0,369.0,User6,,
1490374237378,Mouse Moved,167.0,365.0,User6,,
1490374237394,Mouse Moved,217.0,318.0,User6,,
1490374237411,Mouse Moved,241.0,296.0,User6,,
1490374237426,Mouse Moved,266.0,275.0,User6,,
1490374237441,Mouse Moved,298.0,238.0,User6,,
1490374237457,Mouse Moved,319.0,223.0,User6,,
1490374237473,Mouse Moved,345.0,204.0,User6,,
1490374237473,Mouse Moved,356.0,195.0,User6,,
1490374237489,Mouse Moved,361.0,192.0,User6,,
1490374237503,Mouse Moved,368.0,190.0,User6,,
1490374237519,Mouse Moved,369.0,190.0,User6,,
1490374237535,Mouse Moved,373.0,187.0,User6,,
1490374237535,Mouse Moved,373.0,186.0,User6,,
1490374237535,Mouse Moved,374.0,188.0,User6,,
1490374237566,Mouse Moved,375.0,188.0,User6,,
1490374237582,Mouse Moved,376.0,189.0,User6,,
1490374237660,Mouse Moved,376.0,190.0,User6,,
1490374237690,Mouse Moved,376.0,191.0,User6,,
1490374237723,Mouse Moved,376.0,189.0,User6,,
1490374237894,Mouse Moved,375.0,190.0,User6,,
1490374237910,Mouse Button.left Pressed,375.0,190.0,User6,,
1490374238019,Mouse Moved,375.0,190.0,User6,,
1490374238065,Mouse Moved,375.0,190.0,User6,,
1490374238201,Mouse Moved,375.0,190.0,User6,,
1490374238654,Mouse Moved,375.0,189.0,User6,,
1490374238670,Mouse Moved,374.0,189.0,User6,,
1490374238686,Mouse Moved,373.0,188.0,User6,,
1490374238700,Mouse Moved,372.0,185.0,User6,,
1490374238717,Mouse Moved,368.0,182.0,User6,,
1490374238717,Mouse Moved,364.0,177.0,User6,,
1490374238717,Mouse Moved,361.0,172.0,User6,,
1490374238747,Mouse Moved,360.0,171.0,User6,,
1490374238747,Mouse Moved,356.0,167.0,User6,,
1490374238763,Mouse Moved,355.0,167.0,User6,,
1490374238779,Mouse Moved,354.0,165.0,User6,,
1490374238795,Mouse Moved,352.0,163.0,User6,,
1490374238825,Mouse Moved,351.0,163.0,User6,,
1490374238842,Mouse Moved,350.0,162.0,User6,,
1490374238857,Mouse Moved,349.0,161.0,User6,,
1490374239075,Mouse Moved,350.0,162.0,User6,,
1490374239216,Mouse Moved,350.0,162.0,User6,,
1490374239263,Mouse Moved,350.0,162.0,User6,,
1490374239398,Mouse Moved,350.0,162.0,User6,,
1490374239414,Mouse Button.left Released,350.0,162.0,User6,,
1490374239928,Mouse Moved,350.0,162.0,User6,,
1490374240053,Mouse Moved,350.0,162.0,User6,,
1490374240099,Mouse Moved,350.0,162.0,User6,,
1490374240253,Mouse Moved,350.0,162.0,User6,,
1490374240940,Mouse Moved,349.0,165.0,User6,,
1490374240954,Mouse Moved,349.0,169.0,User6,,
1490374240970,Mouse Moved,349.0,172.0,User6,,
1490374240986,Mouse Moved,349.0,181.0,User6,,
1490374241002,Mouse Moved,349.0,198.0,User6,,
1490374241017,Mouse Moved,346.0,234.0,User6,,
1490374241032,Mouse Moved,344.0,271.0,User6,,
1490374241049,Mouse Moved,343.0,295.0,User6,,
1490374241049,Mouse Moved,343.0,314.0,User6,,
1490374241065,Mouse Moved,339.0,348.0,User6,,
1490374241079,Mouse Moved,337.0,379.0,User6,,
1490374241079,Mouse Moved,333.0,390.0,User6,,
1490374241095,Mouse Moved,331.0,396.0,User6,,
1490374241111,Mouse Moved,329.0,406.0,User6,,
1490374241127,Mouse Moved,329.0,418.0,User6,,
1490374241142,Mouse Moved,324.0,426.0,User6,,
1490374241142,Mouse Moved,323.0,429.0,User6,,
1490374241157,Mouse Moved,323.0,437.0,User6,,
1490374241174,Mouse Moved,323.0,442.0,User6,,
1490374241204,Mouse Moved,323.0,443.0,User6,,
1490374241220,Mouse Moved,322.0,444.0,User6,,
1490374241282,Mouse Moved,322.0,443.0,User6,,
1490374241299,Mouse Moved,322.0,442.0,User6,,
1490374241313,Mouse Moved,322.0,440.0,User6,,
1490374241329,Mouse Moved,322.0,435.0,User6,,
1490374241345,Mouse Moved,322.0,429.0,User6,,
1490374241361,Mouse Moved,322.0,421.0,User6,,
1490374241377,Mouse Moved,325.0,412.0,User6,,
1490374241377,Mouse Moved,326.0,406.0,User6,,
1490374241391,Mouse Moved,326.0,397.0,User6,,
1490374241407,Mouse Moved,326.0,394.0,User6,,
1490374241423,Mouse Moved,326.0,388.0,User6,,
1490374241438,Mouse Moved,326.0,387.0,User6,,
1490374241454,Mouse Moved,326.0,386.0,User6,,
1490374241454,Mouse Moved,326.0,385.0,User6,,
1490374241470,Mouse Moved,326.0,383.0,User6,,
1490374241611,Mouse Moved,326.0,381.0,User6,,
1490374241625,Mouse Moved,326.0,380.0,User6,,
1490374241641,Mouse Moved,327.0,379.0,User6,,
1490374241657,Mouse Moved,328.0,379.0,User6,,
1490374241673,Mouse Moved,328.0,378.0,User6,,
1490374241688,Mouse Moved,330.0,377.0,User6,,
1490374241703,Mouse Moved,330.0,376.0,User6,,
1490374241734,Mouse Moved,331.0,375.0,User6,,
1490374241750,Mouse Moved,334.0,373.0,User6,,
1490374241953,Mouse Moved,333.0,373.0,User6,,
1490374242094,Mouse Moved,333.0,373.0,User6,,
1490374242141,Mouse Moved,333.0,373.0,User6,,
1490374242292,Mouse Moved,333.0,373.0,User6,,
1490374242730,Mouse Moved,333.0,367.0,User6,,
1490374242744,Mouse Moved,332.0,360.0,User6,,
1490374242760,Mouse Moved,332.0,346.0,User6,,
1490374242776,Mouse Moved,330.0,333.0,User6,,
1490374242792,Mouse Moved,330.0,311.0,User6,,
1490374242808,Mouse Moved,329.0,267.0,User6,,
1490374242822,Mouse Moved,333.0,253.0,User6,,
1490374242838,Mouse Moved,333.0,238.0,User6,,
1490374242855,Mouse Moved,337.0,225.0,User6,,
1490374242869,Mouse Moved,335.0,210.0,User6,,
1490374242885,Mouse Moved,334.0,209.0,User6,,
1490374242901,Mouse Moved,334.0,206.0,User6,,
1490374242933,Mouse Moved,335.0,205.0,User6,,
1490374243056,Mouse Moved,335.0,203.0,User6,,
1490374243072,Mouse Moved,335.0,201.0,User6,,
1490374243088,Mouse Moved,338.0,195.0,User6,,
1490374243104,Mouse Moved,338.0,190.0,User6,,
1490374243119,Mouse Moved,344.0,184.0,User6,,
1490374243134,Mouse Moved,346.0,176.0,User6,,
1490374243151,Mouse Moved,351.0,163.0,User6,,
1490374243167,Mouse Moved,352.0,163.0,User6,,
1490374243181,Mouse Moved,352.0,161.0,User6,,
1490374243479,Mouse Moved,352.0,159.0,User6,,
1490374243493,Mouse Moved,352.0,161.0,User6,,
1490374243540,Mouse Moved,352.0,161.0,User6,,
1490374243665,Mouse Moved,352.0,161.0,User6,,
1490374243713,Mouse Moved,352.0,161.0,User6,,
1490374243868,Mouse Moved,352.0,161.0,User6,,
1490374247332,Mouse Moved,349.0,164.0,User6,,
1490374247346,Mouse Moved,344.0,169.0,User6,,
1490374247346,Mouse Moved,335.0,178.0,User6,,
1490374247346,Mouse Moved,321.0,186.0,User6,,
1490374247346,Mouse Moved,306.0,196.0,User6,,
1490374247346,Mouse Moved,285.0,208.0,User6,,
1490374247346,Mouse Moved,278.0,214.0,User6,,
1490374247346,Mouse Moved,267.0,220.0,User6,,
1490374247346,Mouse Moved,254.0,227.0,User6,,
1490374247346,Mouse Moved,249.0,229.0,User6,,
1490374247346,Mouse Moved,237.0,236.0,User6,,
1490374247346,Mouse Moved,233.0,236.0,User6,,
1490374247362,Mouse Moved,228.0,240.0,User6,,
1490374247362,Mouse Moved,222.0,246.0,User6,,
1490374247362,Mouse Moved,217.0,248.0,User6,,
1490374247362,Mouse Moved,216.0,248.0,User6,,
1490374247362,Mouse Moved,216.0,250.0,User6,,
1490374247362,Mouse Moved,214.0,250.0,User6,,
1490374247362,Mouse Moved,211.0,250.0,User6,,
1490374247362,Mouse Moved,211.0,248.0,User6,,
1490374247362,Mouse Moved,211.0,246.0,User6,,
1490374247362,Mouse Moved,211.0,245.0,User6,,
1490374247378,Mouse Moved,212.0,242.0,User6,,
1490374247378,Mouse Moved,212.0,241.0,User6,,
1490374247378,Mouse Moved,212.0,240.0,User6,,
1490374247378,Mouse Moved,212.0,239.0,User6,,
1490374247378,Mouse Moved,212.0,237.0,User6,,
1490374247378,Mouse Moved,213.0,237.0,User6,,
1490374247378,Mouse Moved,213.0,236.0,User6,,
1490374247378,Mouse Moved,213.0,235.0,User6,,
1490374247378,Mouse Moved,213.0,234.0,User6,,
1490374247378,Mouse Moved,213.0,232.0,User6,,
1490374247581,Mouse Moved,214.0,232.0,User6,,
1490374247596,Mouse Moved,214.0,231.0,User6,,
1490374247658,Mouse Moved,212.0,229.0,User6,,
1490374247721,Mouse Moved,212.0,230.0,User6,,
1490374247878,Mouse Moved,211.0,230.0,User6,,
1490374247892,Mouse Moved,208.0,230.0,User6,,
1490374247908,Mouse Moved,207.0,230.0,User6,,
1490374247924,Mouse Moved,203.0,231.0,User6,,
1490374247924,Mouse Moved,199.0,233.0,User6,,
1490374247940,Mouse Moved,193.0,235.0,User6,,
1490374247956,Mouse Moved,190.0,236.0,User6,,
1490374247970,Mouse Moved,185.0,236.0,User6,,
1490374247986,Mouse Moved,176.0,242.0,User6,,
1490374248003,Mouse Moved,171.0,243.0,User6,,
1490374248017,Mouse Moved,169.0,244.0,User6,,
1490374248033,Mouse Moved,168.0,244.0,User6,,
1490374248049,Mouse Moved,165.0,245.0,User6,,
1490374248065,Mouse Moved,163.0,245.0,User6,,
1490374248111,Mouse Moved,162.0,247.0,User6,,
1490374248111,Mouse Moved,160.0,247.0,User6,,
1490374248142,Mouse Moved,158.0,247.0,User6,,
1490374248142,Mouse Moved,158.0,248.0,User6,,
1490374248158,Mouse Moved,155.0,249.0,User6,,
1490374248174,Mouse Moved,155.0,250.0,User6,,
1490374248190,Mouse Moved,151.0,252.0,User6,,
1490374248204,Mouse Moved,144.0,252.0,User6,,
1490374248424,Mouse Moved,145.0,252.0,User6,,
1490374248549,Mouse Moved,145.0,252.0,User6,,
1490374248563,Mouse Button.left Released,145.0,252.0,User6,,
1490374248611,Mouse Moved,145.0,252.0,User6,,
1490374248750,Mouse Moved,145.0,252.0,User6,,
1490374250529,Mouse Moved,142.0,255.0,User6,,
1490374250545,Mouse Moved,141.0,257.0,User6,,
1490374250561,Mouse Moved,141.0,261.0,User6,,
1490374250561,Mouse Moved,140.0,263.0,User6,,
1490374250576,Mouse Moved,140.0,268.0,User6,,
1490374250592,Mouse Moved,138.0,272.0,User6,,
1490374250608,Mouse Moved,135.0,277.0,User6,,
1490374250622,Mouse Moved,131.0,292.0,User6,,
1490374250638,Mouse Moved,129.0,296.0,User6,,
1490374250638,Mouse Moved,125.0,300.0,User6,,
1490374250654,Mouse Moved,123.0,302.0,User6,,
1490374250670,Mouse Moved,121.0,310.0,User6,,
1490374250686,Mouse Moved,117.0,323.0,User6,,
1490374250700,Mouse Moved,103.0,354.0,User6,,
1490374250700,Mouse Moved,81.0,384.0,User6,,
1490374250982,Mouse Moved,81.0,386.0,User6,,
1490374250997,Mouse Moved,82.0,387.0,User6,,
1490374251013,Mouse Moved,83.0,391.0,User6,,
1490374251029,Mouse Moved,83.0,397.0,User6,,
1490374251045,Mouse Moved,89.0,416.0,User6,,
1490374251075,Mouse Moved,93.0,431.0,User6,,
1490374251075,Mouse Moved,93.0,458.0,User6,,
1490374251075,Mouse Moved,105.0,528.0,User6,,
1490374251091,Mouse Moved,109.0,544.0,User6,,
1490374251107,Mouse Moved,122.0,589.0,User6,,
1490374251122,Mouse Moved,132.0,625.0,User6,,
1490374251138,Mouse Moved,138.0,629.0,User6,,
1490374251403,Mouse Moved,139.0,629.0,User6,,
1490374251418,Mouse Moved,142.0,629.0,User6,,
1490374251434,Mouse Moved,148.0,624.0,User6,,
1490374251450,Mouse Moved,156.0,623.0,User6,,
1490374251466,Mouse Moved,162.0,621.0,User6,,
1490374251466,Mouse Moved,172.0,616.0,User6,,
1490374251480,Mouse Moved,181.0,616.0,User6,,
1490374251496,Mouse Moved,193.0,613.0,User6,,
1490374251513,Mouse Moved,202.0,613.0,User6,,
1490374251528,Mouse Moved,205.0,613.0,User6,,
1490374251543,Mouse Moved,206.0,613.0,User6,,
1490374251543,Mouse Moved,207.0,613.0,User6,,
1490374251559,Mouse Moved,208.0,614.0,User6,,
1490374251575,Mouse Moved,209.0,614.0,User6,,
1490374251746,Mouse Moved,209.0,613.0,User6,,
1490374251762,Mouse Moved,209.0,612.0,User6,,
1490374251792,Mouse Moved,209.0,611.0,User6,,
1490374251809,Mouse Moved,210.0,610.0,User6,,
1490374251809,Mouse Moved,211.0,608.0,User6,,
1490374251825,Mouse Moved,211.0,607.0,User6,,
1490374251855,Mouse Moved,212.0,607.0,User6,,
1490374251887,Mouse Moved,213.0,606.0,User6,,
1490374252121,Mouse Moved,212.0,607.0,User6,,
1490374252246,Mouse Moved,212.0,607.0,User6,,
1490374252822,Mouse Moved,211.0,606.0,User6,,
1490374252838,Mouse Moved,209.0,606.0,User6,,
1490374252854,Mouse Moved,205.0,603.0,User6,,
1490374252854,Mouse Moved,200.0,603.0,User6,,
1490374252869,Mouse Moved,195.0,603.0,User6,,
1490374252884,Mouse Moved,188.0,602.0,User6,,
1490374252901,Mouse Moved,186.0,602.0,User6,,
1490374252917,Mouse Moved,180.0,600.0,User6,,
1490374252931,Mouse Moved,173.0,599.0,User6,,
1490374252947,Mouse Moved,170.0,599.0,User6,,
1490374252963,Mouse Moved,169.0,598.0,User6,,
1490374252979,Mouse Moved,167.0,598.0,User6,,
1490374252994,Mouse Moved,165.0,598.0,User6,,
1490374253009,Mouse Moved,162.0,598.0,User6,,
1490374253026,Mouse Moved,161.0,598.0,User6,,
1490374253040,Mouse Moved,157.0,598.0,User6,,
1490374253322,Mouse Moved,158.0,599.0,User6,,
1490374253463,Mouse Moved,158.0,599.0,User6,,
1490374253727,Mouse Moved,156.0,598.0,User6,,
1490374253743,Mouse Moved,153.0,599.0,User6,,
1490374253759,Mouse Moved,151.0,599.0,User6,,
1490374253759,Mouse Moved,148.0,599.0,User6,,
1490374253775,Mouse Moved,142.0,599.0,User6,,
1490374253789,Mouse Moved,134.0,599.0,User6,,
1490374253805,Mouse Moved,130.0,599.0,User6,,
1490374253821,Mouse Moved,127.0,599.0,User6,,
1490374253821,Mouse Moved,125.0,598.0,User6,,
1490374253836,Mouse Moved,121.0,598.0,User6,,
1490374253852,Mouse Moved,119.0,597.0,User6,,
1490374253868,Mouse Moved,114.0,595.0,User6,,
1490374253884,Mouse Moved,111.0,595.0,User6,,
1490374253898,Mouse Moved,109.0,595.0,User6,,
1490374253914,Mouse Moved,108.0,595.0,User6,,
1490374253930,Mouse Moved,107.0,595.0,User6,,
1490374253961,Mouse Moved,106.0,595.0,User6,,
1490374253993,Mouse Moved,105.0,595.0,User6,,
1490374254009,Mouse Moved,103.0,595.0,User6,,
1490374254023,Mouse Moved,102.0,597.0,User6,,
1490374254039,Mouse Moved,101.0,597.0,User6,,
1490374254101,Mouse Moved,99.0,598.0,User6,,
1490374254118,Mouse Moved,99.0,599.0,User6,,
1490374254132,Mouse Moved,97.0,599.0,User6,,
1490374254148,Mouse Moved,96.0,599.0,User6,,
1490374254164,Mouse Moved,95.0,599.0,User6,,
1490374254180,Mouse Moved,92.0,600.0,User6,,
1490374254196,Mouse Moved,90.0,600.0,User6,,
1490374254210,Mouse Moved,87.0,600.0,User6,,
1490374254444,Mouse Moved,87.0,599.0,User6,,
1490374254460,Mouse Button.left Pressed,87.0,599.0,User6,,
1490374254601,Mouse Moved,87.0,599.0,User6,,
1490374256801,Mouse Moved,89.0,598.0,User6,,
1490374256816,Mouse Moved,94.0,596.0,User6,,
1490374256832,Mouse Moved,100.0,594.0,User6,,
1490374256848,Mouse Moved,110.0,591.0,User6,,
1490374256862,Mouse Moved,125.0,584.0,User6,,
1490374256878,Mouse Moved,137.0,584.0,User6,,
1490374256910,Mouse Moved,145.0,587.0,User6,,
1490374256910,Mouse Moved,153.0,587.0,User6,,
1490374256926,Mouse Moved,164.0,589.0,User6,,
1490374256940,Mouse Moved,167.0,589.0,User6,,
1490374256957,Mouse Moved,171.0,591.0,User6,,
1490374256973,Mouse Moved,175.0,593.0,User6,,
1490374256987,Mouse Moved,179.0,596.0,User6,,
1490374257003,Mouse Moved,180.0,595.0,User6,,
1490374257035,Mouse Moved,181.0,595.0,User6,,
1490374257096,Mouse Moved,182.0,595.0,User6,,
1490374257112,Mouse Moved,182.0,596.0,User6,,
1490374257128,Mouse Moved,183.0,596.0,User6,,
1490374257160,Mouse Moved,184.0,596.0,User6,,
1490374257174,Mouse Moved,184.0,597.0,User6,,
1490374257190,Mouse Moved,187.0,598.0,User6,,
1490374257207,Mouse Moved,190.0,599.0,User6,,
1490374257221,Mouse Moved,190.0,600.0,User6,,
1490374257237,Mouse Moved,192.0,600.0,User6,,
1490374257253,Mouse Moved,193.0,600.0,User6,,
1490374257269,Mouse Moved,194.0,601.0,User6,,
1490374257285,Mouse Moved,196.0,602.0,User6,,
1490374257315,Mouse Moved,196.0,603.0,User6,,
1490374257331,Mouse Moved,198.0,603.0,User6,,
1490374257565,Mouse Moved,198.0,603.0,User6,,
1490374257628,Mouse Moved,198.0,603.0,User6,,
1490374257783,Mouse Moved,198.0,603.0,User6,,
1490374258142,Mouse Moved,199.0,603.0,User6,,
1490374258157,Mouse Moved,201.0,602.0,User6,,
1490374258174,Mouse Moved,207.0,597.0,User6,,
1490374258188,Mouse Moved,218.0,589.0,User6,,
1490374258188,Mouse Moved,227.0,578.0,User6,,
1490374258204,Mouse Moved,250.0,562.0,User6,,
1490374258220,Mouse Moved,278.0,536.0,User6,,
1490374258236,Mouse Moved,316.0,498.0,User6,,
1490374258236,Mouse Moved,395.0,455.0,User6,,
1490374258252,Mouse Moved,417.0,443.0,User6,,
1490374258266,Mouse Moved,447.0,434.0,User6,,
1490374258282,Mouse Moved,472.0,422.0,User6,,
1490374258299,Mouse Moved,511.0,396.0,User6,,
1490374258313,Mouse Moved,541.0,384.0,User6,,
1490374258313,Mouse Moved,556.0,380.0,User6,,
1490374258329,Mouse Moved,569.0,374.0,User6,,
1490374258345,Mouse Moved,589.0,372.0,User6,,
1490374258361,Mouse Moved,608.0,368.0,User6,,
1490374258377,Mouse Moved,633.0,363.0,User6,,
1490374258391,Mouse Moved,650.0,357.0,User6,,
1490374258391,Mouse Moved,669.0,348.0,User6,,
1490374258407,Mouse Moved,676.0,346.0,User6,,
1490374258423,Mouse Moved,682.0,346.0,User6,,
1490374258438,Mouse Moved,689.0,341.0,User6,,
1490374258454,Mouse Moved,697.0,333.0,User6,,
1490374258454,Mouse Moved,702.0,322.0,User6,,
1490374258798,Mouse Moved,704.0,316.0,User6,,
1490374258812,Mouse Moved,707.0,313.0,User6,,
1490374258828,Mouse Moved,722.0,288.0,User6,,
1490374258828,Mouse Moved,739.0,259.0,User6,,
1490374258845,Mouse Moved,761.0,230.0,User6,,
1490374258859,Mouse Moved,779.0,206.0,User6,,
1490374258875,Mouse Moved,804.0,183.0,User6,,
1490374258875,Mouse Moved,823.0,157.0,User6,,
1490374258891,Mouse Moved,856.0,117.0,User6,,
1490374258907,Mouse Moved,876.0,95.0,User6,,
1490374258923,Mouse Moved,889.0,86.0,User6,,
1490374258937,Mouse Moved,899.0,75.0,User6,,
1490374258953,Mouse Moved,908.0,63.0,User6,,
1490374258953,Mouse Moved,911.0,59.0,User6,,
1490374258969,Mouse Moved,914.0,54.0,User6,,
1490374258984,Mouse Moved,916.0,53.0,User6,,
1490374259000,Mouse Moved,918.0,49.0,User6,,
1490374259016,Mouse Moved,920.0,48.0,User6,,
1490374259141,Mouse Moved,919.0,48.0,User6,,
1490374259141,Mouse Moved,918.0,48.0,User6,,
1490374259157,Mouse Moved,917.0,51.0,User6,,
1490374259171,Mouse Moved,912.0,56.0,User6,,
1490374259187,Mouse Moved,909.0,60.0,User6,,
1490374259203,Mouse Moved,907.0,62.0,User6,,
1490374259219,Mouse Moved,902.0,67.0,User6,,
1490374259219,Mouse Moved,898.0,70.0,User6,,
1490374259234,Mouse Moved,893.0,74.0,User6,,
1490374259250,Mouse Moved,892.0,75.0,User6,,
1490374259266,Mouse Moved,888.0,78.0,User6,,
1490374259280,Mouse Moved,885.0,80.0,User6,,
1490374259296,Mouse Moved,883.0,84.0,User6,,
1490374259312,Mouse Moved,883.0,87.0,User6,,
1490374259328,Mouse Moved,879.0,87.0,User6,,
1490374259344,Mouse Moved,878.0,92.0,User6,,
1490374259358,Mouse Moved,877.0,92.0,User6,,
1490374259391,Mouse Moved,876.0,94.0,User6,,
1490374259421,Mouse Moved,875.0,97.0,User6,,
1490374259469,Mouse Moved,875.0,95.0,User6,,
1490374259530,Mouse Moved,873.0,94.0,User6,,
1490374259546,Mouse Moved,873.0,96.0,User6,,
1490374259655,Mouse Moved,873.0,94.0,User6,,
1490374259765,Mouse Moved,873.0,93.0,User6,,
1490374259826,Mouse Moved,873.0,91.0,User6,,
1490374259842,Mouse Moved,873.0,94.0,User6,,
1490374260029,Mouse Moved,874.0,92.0,User6,,
1490374260061,Mouse Moved,874.0,91.0,User6,,
1490374260061,Mouse Moved,878.0,90.0,User6,,
1490374260092,Mouse Moved,882.0,85.0,User6,,
1490374260092,Mouse Moved,888.0,82.0,User6,,
1490374260108,Mouse Moved,897.0,77.0,User6,,
1490374260124,Mouse Moved,906.0,69.0,User6,,
1490374260124,Mouse Moved,916.0,62.0,User6,,
1490374260138,Mouse Moved,926.0,52.0,User6,,
1490374260154,Mouse Moved,939.0,42.0,User6,,
1490374260171,Mouse Moved,950.0,35.0,User6,,
1490374260171,Mouse Moved,959.0,27.0,User6,,
1490374260483,Mouse Moved,958.0,12.0,User6,,
1490374260497,Mouse Moved,955.0,12.0,User6,,
1490374262213,Mouse Moved,955.0,12.0,User6,,
1490374262230,Mouse Button.left Pressed,955.0,12.0,User6,,
1490374262369,Mouse Moved,955.0,12.0,User6,,
1490374262744,Mouse Moved,945.0,12.0,User6,,
1490374262759,Mouse Moved,935.0,12.0,User6,,
1490374262776,Mouse Moved,927.0,13.0,User6,,
1490374262776,Mouse Moved,917.0,17.0,User6,,
1490374262790,Mouse Moved,907.0,21.0,User6,,
1490374262806,Mouse Moved,895.0,25.0,User6,,
1490374262822,Mouse Moved,885.0,29.0,User6,,
1490374262838,Mouse Moved,874.0,32.0,User6,,
1490374262854,Mouse Moved,872.0,32.0,User6,,
1490374262868,Mouse Moved,867.0,34.0,User6,,
1490374262868,Mouse Moved,864.0,36.0,User6,,
1490374262884,Mouse Moved,860.0,36.0,User6,,
1490374262901,Mouse Moved,856.0,36.0,User6,,
1490374262915,Mouse Moved,853.0,37.0,User6,,
1490374262915,Mouse Moved,851.0,38.0,User6,,
1490374262931,Mouse Moved,851.0,39.0,User6,,
1490374262947,Mouse Moved,849.0,40.0,User6,,
1490374262963,Mouse Moved,848.0,41.0,User6,,
1490374262979,Mouse Moved,847.0,41.0,User6,,
1490374262979,Mouse Moved,845.0,41.0,User6,,
1490374263009,Mouse Moved,842.0,41.0,User6,,
1490374263025,Mouse Moved,842.0,43.0,User6,,
1490374263040,Mouse Moved,838.0,44.0,User6,,
1490374263056,Mouse Moved,837.0,45.0,User6,,
1490374263072,Mouse Moved,836.0,46.0,User6,,
1490374263088,Mouse Moved,832.0,46.0,User6,,
1490374263102,Mouse Moved,830.0,50.0,User6,,
1490374263118,Mouse Moved,830.0,51.0,User6,,
1490374263134,Mouse Moved,820.0,60.0,User6,,
1490374263150,Mouse Moved,816.0,64.0,User6,,
1490374263165,Mouse Moved,810.0,69.0,User6,,
1490374263180,Mouse Moved,800.0,75.0,User6,,
1490374263197,Mouse Moved,792.0,81.0,User6,,
1490374263197,Mouse Moved,785.0,90.0,User6,,
1490374263213,Mouse Moved,781.0,92.0,User6,,
1490374263227,Mouse Moved,778.0,95.0,User6,,
1490374263243,Mouse Moved,775.0,95.0,User6,,
1490374263259,Mouse Moved,773.0,99.0,User6,,
1490374263275,Mouse Moved,772.0,99.0,User6,,
1490374263275,Mouse Moved,771.0,100.0,User6,,
1490374263290,Mouse Moved,770.0,100.0,User6,,
1490374263305,Mouse Moved,769.0,101.0,User6,,
1490374263322,Mouse Moved,768.0,102.0,User6,,
1490374263336,Mouse Moved,766.0,102.0,User6,,
1490374263336,Mouse Moved,761.0,106.0,User6,,
1490374263352,Mouse Moved,752.0,111.0,User6,,
1490374263368,Mouse Moved,745.0,116.0,User6,,
1490374263384,Mouse Moved,734.0,126.0,User6,,
1490374263400,Mouse Moved,712.0,139.0,User6,,
1490374263400,Mouse Moved,671.0,159.0,User6,,
1490374263414,Mouse Moved,626.0,186.0,User6,,
1490374263430,Mouse Moved,593.0,195.0,User6,,
1490374263447,Mouse Moved,559.0,214.0,User6,,
1490374263461,Mouse Moved,547.0,220.0,User6,,
1490374263461,Mouse Moved,535.0,231.0,User6,,
1490374263477,Mouse Moved,529.0,236.0,User6,,
1490374263789,Mouse Moved,516.0,236.0,User6,,
1490374263805,Mouse Moved,503.0,233.0,User6,,
1490374263805,Mouse Moved,490.0,229.0,User6,,
1490374263821,Mouse Moved,476.0,226.0,User6,,
1490374263868,Mouse Moved,447.0,218.0,User6,,
1490374263868,Mouse Moved,422.0,213.0,User6,,
1490374263868,Mouse Moved,390.0,207.0,User6,,
1490374263882,Mouse Moved,355.0,198.0,User6,,
1490374263898,Mouse Moved,340.0,192.0,User6,,
1490374263914,Mouse Moved,330.0,192.0,User6,,
1490374263930,Mouse Moved,316.0,192.0,User6,,
1490374263946,Mouse Moved,309.0,191.0,User6,,
1490374263946,Mouse Moved,302.0,193.0,User6,,
1490374263960,Mouse Moved,300.0,196.0,User6,,
1490374263976,Mouse Moved,296.0,197.0,User6,,
1490374263993,Mouse Moved,295.0,198.0,User6,,
1490374264007,Mouse Moved,294.0,198.0,User6,,
1490374264023,Mouse Moved,293.0,198.0,User6,,
1490374264039,Mouse Moved,292.0,198.0,User6,,
1490374264055,Mouse Moved,292.0,194.0,User6,,
1490374264071,Mouse Moved,292.0,196.0,User6,,
1490374264085,Mouse Moved,292.0,197.0,User6,,
1490374264085,Mouse Moved,285.0,206.0,User6,,
1490374264101,Mouse Moved,281.0,210.0,User6,,
1490374264117,Mouse Moved,275.0,216.0,User6,,
1490374264132,Mouse Moved,267.0,225.0,User6,,
1490374264148,Mouse Moved,260.0,232.0,User6,,
1490374264164,Mouse Moved,253.0,236.0,User6,,
1490374264164,Mouse Moved,249.0,236.0,User6,,
1490374264180,Mouse Moved,247.0,238.0,User6,,
1490374264210,Mouse Moved,243.0,239.0,User6,,
1490374264210,Mouse Moved,239.0,241.0,User6,,
1490374264226,Mouse Moved,233.0,244.0,User6,,
1490374264242,Mouse Moved,232.0,244.0,User6,,
1490374264242,Mouse Moved,230.0,244.0,User6,,
1490374264257,Mouse Moved,229.0,244.0,User6,,
1490374264273,Mouse Moved,228.0,246.0,User6,,
1490374264289,Mouse Moved,225.0,248.0,User6,,
1490374264305,Mouse Moved,223.0,250.0,User6,,
1490374264305,Mouse Moved,217.0,252.0,User6,,
1490374264319,Mouse Moved,208.0,252.0,User6,,
1490374264648,Mouse Moved,207.0,252.0,User6,,
1490374264663,Mouse Moved,206.0,252.0,User6,,
1490374264678,Mouse Moved,205.0,250.0,User6,,
1490374264694,Mouse Moved,203.0,248.0,User6,,
1490374264710,Mouse Moved,202.0,248.0,User6,,
1490374264726,Mouse Moved,202.0,246.0,User6,,
1490374264726,Mouse Moved,201.0,246.0,User6,,
1490374264740,Mouse Moved,200.0,246.0,User6,,
1490374264756,Mouse Moved,200.0,245.0,User6,,
1490374264773,Mouse Moved,199.0,243.0,User6,,
1490374264773,Mouse Moved,197.0,242.0,User6,,
1490374264788,Mouse Moved,197.0,241.0,User6,,
1490374264803,Mouse Moved,197.0,240.0,User6,,
1490374264819,Mouse Moved,197.0,239.0,User6,,
1490374264835,Mouse Moved,196.0,238.0,User6,,
1490374264851,Mouse Moved,195.0,237.0,User6,,
1490374264913,Mouse Moved,195.0,234.0,User6,,
1490374264913,Mouse Moved,194.0,234.0,User6,,
1490374264928,Mouse Moved,194.0,233.0,User6,,
1490374264944,Mouse Moved,194.0,231.0,User6,,
1490374265177,Mouse Moved,194.0,232.0,User6,,
1490374265194,Mouse Button.left Pressed,194.0,232.0,User6,,
1490374265319,Mouse Moved,194.0,232.0,User6,,
1490374265365,Mouse Moved,194.0,232.0,User6,,
1490374265506,Mouse Moved,194.0,232.0,User6,,
1490374266535,Mouse Moved,195.0,231.0,User6,,
1490374266551,Mouse Moved,196.0,231.0,User6,,
1490374266566,Mouse Moved,199.0,231.0,User6,,
1490374266582,Mouse Moved,205.0,229.0,User6,,
1490374266598,Mouse Moved,215.0,228.0,User6,,
1490374266612,Mouse Moved,232.0,227.0,User6,,
1490374266612,Mouse Moved,256.0,221.0,User6,,
1490374266628,Mouse Moved,270.0,219.0,User6,,
1490374266644,Mouse Moved,293.0,213.0,User6,,
1490374266660,Mouse Moved,320.0,213.0,User6,,
1490374266676,Mouse Moved,354.0,209.0,User6,,
1490374266676,Mouse Moved,399.0,209.0,User6,,
1490374266690,Mouse Moved,426.0,209.0,User6,,
1490374266707,Mouse Moved,445.0,209.0,User6,,
1490374266723,Mouse Moved,457.0,209.0,User6,,
1490374266737,Mouse Moved,472.0,209.0,User6,,
1490374266753,Mouse Moved,485.0,212.0,User6,,
1490374266753,Mouse Moved,493.0,215.0,User6,,
1490374266769,Mouse Moved,495.0,215.0,User6,,
1490374266785,Mouse Moved,496.0,215.0,User6,,
1490374266801,Mouse Moved,496.0,216.0,User6,,
1490374266832,Mouse Moved,495.0,216.0,User6,,
1490374266846,Mouse Moved,494.0,216.0,User6,,
1490374266846,Mouse Moved,493.0,216.0,User6,,
1490374266862,Mouse Moved,490.0,216.0,User6,,
1490374266862,Mouse Moved,479.0,216.0,User6,,
1490374266878,Mouse Moved,456.0,221.0,User6,,
1490374266894,Mouse Moved,393.0,228.0,User6,,
1490374266910,Mouse Moved,348.0,238.0,User6,,
1490374266924,Mouse Moved,307.0,247.0,User6,,
1490374266940,Mouse Moved,267.0,259.0,User6,,
1490374266940,Mouse Moved,224.0,263.0,User6,,
1490374266957,Mouse Moved,156.0,280.0,User6,,
1490374266971,Mouse Moved,84.0,308.0,User6,,
1490374266987,Mouse Moved,42.0,318.0,User6,,
1490374267003,Mouse Moved,19.0,334.0,User6,,
1490374267003,Mouse Moved,1.0,344.0,User6,,
1490374267315,Mouse Moved,14.0,428.0,User6,,
1490374267315,Mouse Moved,32.0,451.0,User6,,
1490374267331,Mouse Moved,49.0,489.0,User6,,
1490374267346,Mouse Moved,73.0,518.0,User6,,
1490374267361,Mouse Moved,79.0,524.0,User6,,
1490374267378,Mouse Moved,81.0,527.0,User6,,
1490374267392,Mouse Moved,83.0,529.0,User6,,
1490374267611,Mouse Moved,84.0,530.0,User6,,
1490374267627,Mouse Moved,87.0,533.0,User6,,
1490374267642,Mouse Moved,90.0,539.0,User6,,
1490374267658,Mouse Moved,99.0,545.0,User6,,
1490374267658,Mouse Moved,104.0,552.0,User6,,
1490374267674,Mouse Moved,112.0,566.0,User6,,
1490374267690,Mouse Moved,121.0,578.0,User6,,
1490374267704,Mouse Moved,129.0,593.0,User6,,
1490374267704,Mouse Moved,136.0,596.0,User6,,
1490374267720,Mouse Moved,140.0,598.0,User6,,
1490374268111,Mouse Moved,140.0,598.0,User6,,
1490374268266,Mouse Moved,140.0,598.0,User6,,
1490374268345,Mouse Moved,141.0,598.0,User6,,
1490374268345,Mouse Moved,143.0,599.0,User6,,
1490374268361,Mouse Moved,146.0,599.0,User6,,
1490374268375,Mouse Moved,152.0,601.0,User6,,
1490374268391,Mouse Moved,159.0,601.0,User6,,
1490374268407,Mouse Moved,161.0,601.0,User6,,
1490374268407,Mouse Moved,165.0,601.0,User6,,
1490374268423,Mouse Moved,171.0,601.0,User6,,
1490374268438,Mouse Moved,177.0,601.0,User6,,
1490374268453,Mouse Moved,186.0,602.0,User6,,
1490374268453,Mouse Moved,191.0,602.0,User6,,
1490374268470,Mouse Moved,196.0,602.0,User6,,
1490374268484,Mouse Moved,199.0,602.0,User6,,
1490374268500,Mouse Moved,202.0,602.0,User6,,
1490374268516,Mouse Moved,204.0,603.0,User6,,
1490374268532,Mouse Moved,206.0,604.0,User6,,
1490374268766,Mouse Moved,207.0,604.0,User6,,
1490374268782,Mouse Moved,207.0,603.0,User6,,
1490374269000,Mouse Moved,207.0,603.0,User6,,
1490374269141,Mouse Moved,207.0,603.0,User6,,
1490374269155,Mouse Button.left Released,207.0,603.0,User6,,
1490374269421,Mouse Moved,212.0,600.0,User6,,
1490374269437,Mouse Moved,218.0,592.0,User6,,
1490374269437,Mouse Moved,225.0,586.0,User6,,
1490374269453,Mouse Moved,242.0,571.0,User6,,
1490374269467,Mouse Moved,269.0,548.0,User6,,
1490374269483,Mouse Moved,302.0,523.0,User6,,
1490374269499,Mouse Moved,350.0,475.0,User6,,
1490374269515,Mouse Moved,420.0,420.0,User6,,
1490374269530,Mouse Moved,453.0,398.0,User6,,
1490374269546,Mouse Moved,495.0,373.0,User6,,
1490374269546,Mouse Moved,530.0,350.0,User6,,
1490374269562,Mouse Moved,569.0,324.0,User6,,
1490374269576,Mouse Moved,600.0,311.0,User6,,
1490374269576,Mouse Moved,619.0,300.0,User6,,
1490374269592,Mouse Moved,632.0,292.0,User6,,
1490374269608,Mouse Moved,651.0,287.0,User6,,
1490374269624,Mouse Moved,666.0,283.0,User6,,
1490374269640,Mouse Moved,679.0,277.0,User6,,
1490374269640,Mouse Moved,689.0,269.0,User6,,
1490374269654,Mouse Moved,698.0,263.0,User6,,
1490374269904,Mouse Moved,700.0,260.0,User6,,
1490374269921,Mouse Moved,705.0,257.0,User6,,
1490374269921,Mouse Moved,712.0,252.0,User6,,
1490374269951,Mouse Moved,733.0,240.0,User6,,
1490374269951,Mouse Moved,755.0,215.0,User6,,
1490374269951,Mouse Moved,770.0,202.0,User6,,
1490374269967,Mouse Moved,788.0,187.0,User6,,
1490374269983,Mouse Moved,806.0,171.0,User6,,
1490374269999,Mouse Moved,849.0,156.0,User6,,
1490374270013,Mouse Moved,862.0,154.0,User6,,
1490374270029,Mouse Moved,867.0,148.0,User6,,
1490374270045,Mouse Moved,873.0,148.0,User6,,
1490374270061,Mouse Moved,879.0,143.0,User6,,
1490374270076,Mouse Moved,883.0,141.0,User6,,
1490374270076,Mouse Moved,884.0,139.0,User6,,
1490374270092,Mouse Moved,887.0,137.0,User6,,
1490374270108,Mouse Moved,889.0,134.0,User6,,
1490374270122,Mouse Moved,891.0,130.0,User6,,
1490374270138,Mouse Moved,895.0,120.0,User6,,
1490374270154,Mouse Moved,914.0,95.0,User6,,
1490374270170,Mouse Moved,922.0,81.0,User6,,
1490374270186,Mouse Moved,932.0,68.0,User6,,
1490374270200,Mouse Moved,941.0,55.0,User6,,
1490374270217,Mouse Moved,948.0,41.0,User6,,
1490374270233,Mouse Moved,954.0,32.0,User6,,
1490374270247,Mouse Moved,955.0,27.0,User6,,
1490374270825,Mouse Moved,954.0,27.0,User6,,
1490374270857,Mouse Moved,954.0,28.0,User6,,
1490374271091,Mouse Moved,953.0,28.0,User6,,
1490374271387,Mouse Moved,953.0,26.0,User6,,
1490374271417,Mouse Moved,953.0,25.0,User6,,
1490374271434,Mouse Moved,953.0,24.0,User6,,
1490374271448,Mouse Moved,953.0,23.0,User6,,
1490374271480,Mouse Moved,953.0,21.0,User6,,
1490374271480,Mouse Moved,953.0,20.0,User6,,
1490374271512,Mouse Moved,953.0,19.0,User6,,
1490374271526,Mouse Moved,953.0,18.0,User6,,
1490374271963,Mouse Moved,954.0,19.0,User6,,
1490374271980,Mouse Moved,954.0,19.0,User6,,
1490374272105,Mouse Moved,954.0,19.0,User6,,
1490374272119,Mouse Button.left Released,954.0,19.0,User6,,
1490374272526,Mouse Moved,947.0,20.0,User6,,
1490374272540,Mouse Moved,941.0,21.0,User6,,
1490374272556,Mouse Moved,934.0,23.0,User6,,
1490374272572,Mouse Moved,922.0,28.0,User6,,
1490374272588,Mouse Moved,910.0,32.0,User6,,
1490374272604,Mouse Moved,896.0,38.0,User6,,
1490374272604,Mouse Moved,884.0,43.0,User6,,
1490374272618,Mouse Moved,874.0,48.0,User6,,
1490374272634,Mouse Moved,869.0,49.0,User6,,
1490374272651,Mouse Moved,863.0,51.0,User6,,
1490374272651,Mouse Moved,855.0,52.0,User6,,
1490374272651,Mouse Moved,849.0,56.0,User6,,
1490374272665,Mouse Moved,843.0,57.0,User6,,
1490374272697,Mouse Moved,837.0,61.0,User6,,
1490374272713,Mouse Moved,833.0,61.0,User6,,
1490374272713,Mouse Moved,829.0,63.0,User6,,
1490374272713,Mouse Moved,827.0,64.0,User6,,
1490374272729,Mouse Moved,825.0,64.0,User6,,
1490374272743,Mouse Moved,824.0,62.0,User6,,
1490374272759,Mouse Moved,824.0,64.0,User6,,
1490374272759,Mouse Moved,824.0,65.0,User6,,
1490374272775,Mouse Moved,824.0,66.0,User6,,
1490374272790,Mouse Moved,821.0,67.0,User6,,
1490374272806,Mouse Moved,820.0,67.0,User6,,
1490374272822,Mouse Moved,820.0,68.0,User6,,
1490374272868,Mouse Moved,820.0,70.0,User6,,
1490374272884,Mouse Moved,820.0,71.0,User6,,
1490374272900,Mouse Moved,820.0,73.0,User6,,
1490374272915,Mouse Moved,820.0,75.0,User6,,
1490374272915,Mouse Moved,820.0,76.0,User6,,
1490374272947,Mouse Moved,820.0,77.0,User6,,
1490374272963,Mouse Moved,821.0,77.0,User6,,
1490374272977,Mouse Moved,822.0,77.0,User6,,
1490374272993,Mouse Moved,824.0,78.0,User6,,
1490374272993,Mouse Moved,826.0,78.0,User6,,
1490374273009,Mouse Moved,827.0,78.0,User6,,
1490374273025,Mouse Moved,830.0,78.0,User6,,
1490374273040,Mouse Moved,834.0,75.0,User6,,
1490374273040,Mouse Moved,835.0,74.0,User6,,
1490374273055,Mouse Moved,838.0,74.0,User6,,
1490374273055,Mouse Moved,839.0,74.0,User6,,
1490374273072,Mouse Moved,839.0,73.0,User6,,
1490374273086,Mouse Moved,844.0,72.0,User6,,
1490374273118,Mouse Moved,845.0,72.0,User6,,
1490374273118,Mouse Moved,846.0,72.0,User6,,
1490374273134,Mouse Moved,847.0,71.0,User6,,
1490374273150,Mouse Moved,849.0,71.0,User6,,
1490374273164,Mouse Moved,850.0,70.0,User6,,
1490374273180,Mouse Moved,852.0,69.0,User6,,
1490374273197,Mouse Moved,854.0,68.0,User6,,
1490374273211,Mouse Moved,856.0,67.0,User6,,
1490374273227,Mouse Moved,858.0,66.0,User6,,
1490374273243,Mouse Moved,859.0,64.0,User6,,
1490374273476,Mouse Moved,859.0,64.0,User6,,
1490374273618,Mouse Moved,859.0,64.0,User6,,
1490374273930,Mouse Moved,830.0,73.0,User6,,
1490374273944,Mouse Moved,786.0,95.0,User6,,
1490374273944,Mouse Moved,747.0,104.0,User6,,
1490374273960,Mouse Moved,705.0,119.0,User6,,
1490374273976,Mouse Moved,653.0,130.0,User6,,
1490374273992,Mouse Moved,609.0,152.0,User6,,
1490374274007,Mouse Moved,551.0,168.0,User6,,
1490374274023,Mouse Moved,506.0,179.0,User6,,
1490374274023,Mouse Moved,476.0,188.0,User6,,
1490374274039,Mouse Moved,440.0,200.0,User6,,
1490374274055,Mouse Moved,400.0,215.0,User6,,
1490374274069,Mouse Moved,360.0,227.0,User6,,
1490374274085,Mouse Moved,331.0,235.0,User6,,
1490374274101,Mouse Moved,318.0,240.0,User6,,
1490374274101,Mouse Moved,301.0,240.0,User6,,
1490374274117,Mouse Moved,298.0,243.0,User6,,
1490374274538,Mouse Moved,281.0,228.0,User6,,
1490374274538,Mouse Moved,266.0,212.0,User6,,
1490374274553,Mouse Moved,257.0,205.0,User6,,
1490374274569,Mouse Moved,245.0,194.0,User6,,
1490374274585,Mouse Moved,236.0,186.0,User6,,
1490374274585,Mouse Moved,201.0,152.0,User6,,
1490374274615,Mouse Moved,191.0,141.0,User6,,
1490374274615,Mouse Moved,185.0,136.0,User6,,
1490374274631,Mouse Moved,183.0,129.0,User6,,
1490374274647,Mouse Moved,179.0,131.0,User6,,
1490374274927,Mouse Moved,178.0,130.0,User6,,
1490374274944,Mouse Moved,175.0,128.0,User6,,
1490374274959,Mouse Moved,174.0,127.0,User6,,
1490374274974,Mouse Moved,171.0,124.0,User6,,
1490374274990,Mouse Moved,167.0,119.0,User6,,
1490374274990,Mouse Moved,161.0,116.0,User6,,
1490374275006,Mouse Moved,158.0,112.0,User6,,
1490374275006,Mouse Moved,154.0,111.0,User6,,
1490374275036,Mouse Moved,153.0,107.0,User6,,
1490374275036,Mouse Moved,146.0,102.0,User6,,
1490374275052,Mouse Moved,144.0,101.0,User6,,
1490374275069,Mouse Moved,143.0,98.0,User6,,
1490374275069,Mouse Moved,141.0,95.0,User6,,
1490374275084,Mouse Moved,140.0,95.0,User6,,
1490374275099,Mouse Moved,139.0,94.0,User6,,
1490374275115,Mouse Moved,139.0,92.0,User6,,
1490374275131,Mouse Moved,138.0,92.0,User6,,
1490374275147,Mouse Moved,137.0,92.0,User6,,
1490374275161,Mouse Moved,136.0,92.0,User6,,
1490374275224,Mouse Moved,135.0,91.0,User6,,
1490374275240,Mouse Moved,134.0,91.0,User6,,
1490374275270,Mouse Moved,134.0,90.0,User6,,
1490374275286,Mouse Moved,133.0,90.0,User6,,
1490374275286,Mouse Moved,132.0,89.0,User6,,
1490374275302,Mouse Moved,131.0,86.0,User6,,
1490374275334,Mouse Moved,129.0,85.0,User6,,
1490374275348,Mouse Moved,127.0,85.0,User6,,
1490374275348,Mouse Moved,126.0,82.0,User6,,
1490374275381,Mouse Moved,126.0,79.0,User6,,
1490374275381,Mouse Moved,124.0,79.0,User6,,
1490374275395,Mouse Moved,124.0,77.0,User6,,
1490374275411,Mouse Moved,123.0,75.0,User6,,
1490374275598,Mouse Moved,123.0,77.0,User6,,
1490374275615,Mouse Moved,123.0,75.0,User6,,
1490374275693,Mouse Moved,124.0,76.0,User6,,
1490374275848,Mouse Moved,124.0,76.0,User6,,
1490374276638,Mouse Moved,125.0,78.0,User6,,
1490374276654,Mouse Moved,130.0,84.0,User6,,
1490374276670,Mouse Moved,154.0,111.0,User6,,
1490374276686,Mouse Moved,174.0,134.0,User6,,
1490374276701,Mouse Moved,201.0,176.0,User6,,
1490374276717,Mouse Moved,220.0,214.0,User6,,
1490374276733,Mouse Moved,246.0,242.0,User6,,
1490374276747,Mouse Moved,272.0,299.0,User6,,
1490374276747,Mouse Moved,282.0,338.0,User6,,
1490374276763,Mouse Moved,292.0,345.0,User6,,
1490374276779,Mouse Moved,300.0,365.0,User6,,
1490374276795,Mouse Moved,313.0,393.0,User6,,
1490374276811,Mouse Moved,322.0,411.0,User6,,
1490374276825,Mouse Moved,324.0,416.0,User6,,
1490374277107,Mouse Moved,324.0,410.0,User6,,
1490374277122,Mouse Moved,324.0,406.0,User6,,
1490374277138,Mouse Moved,324.0,405.0,User6,,
1490374277154,Mouse Moved,324.0,395.0,User6,,
1490374277170,Mouse Moved,325.0,388.0,User6,,
1490374277184,Mouse Moved,325.0,383.0,User6,,
1490374277200,Mouse Moved,326.0,380.0,User6,,
1490374277216,Mouse Moved,326.0,378.0,User6,,
1490374277247,Mouse Moved,326.0,375.0,User6,,
1490374277263,Mouse Moved,326.0,372.0,User6,,
1490374277279,Mouse Moved,326.0,373.0,User6,,
1490374277293,Mouse Moved,327.0,373.0,User6,,
1490374277341,Mouse Moved,327.0,372.0,User6,,
1490374277388,Mouse Moved,327.0,371.0,User6,,
1490374277404,Mouse Moved,327.0,370.0,User6,,
1490374277418,Mouse Moved,327.0,369.0,User6,,
1490374277434,Mouse Moved,327.0,368.0,User6,,
1490374277466,Mouse Moved,327.0,366.0,User6,,
1490374277482,Mouse Moved,328.0,365.0,User6,,
1490374277496,Mouse Moved,328.0,364.0,User6,,
1490374277496,Mouse Moved,329.0,363.0,User6,,
1490374277513,Mouse Moved,330.0,362.0,User6,,
1490374277528,Mouse Moved,330.0,361.0,User6,,
1490374277543,Mouse Moved,330.0,360.0,User6,,
1490374277559,Mouse Moved,331.0,360.0,User6,,
1490374277575,Mouse Moved,332.0,358.0,User6,,
1490374277591,Mouse Moved,333.0,358.0,User6,,
1490374277825,Mouse Moved,332.0,359.0,User6,,
1490374277917,Mouse Moved,332.0,359.0,User6,,
1490374277964,Mouse Moved,332.0,359.0,User6,,
1490374278122,Mouse Moved,332.0,359.0,User6,,
1490374278497,Mouse Moved,326.0,353.0,User6,,
1490374278497,Mouse Moved,314.0,347.0,User6,,
1490374278513,Mouse Moved,293.0,319.0,User6,,
1490374278529,Mouse Moved,261.0,287.0,User6,,
1490374278529,Mouse Moved,249.0,275.0,User6,,
1490374278543,Mouse Moved,232.0,258.0,User6,,
1490374278559,Mouse Moved,211.0,228.0,User6,,
1490374278575,Mouse Moved,186.0,195.0,User6,,
1490374278591,Mouse Moved,168.0,172.0,User6,,
1490374278607,Mouse Moved,158.0,153.0,User6,,
1490374278607,Mouse Moved,156.0,146.0,User6,,
1490374278888,Mouse Moved,153.0,142.0,User6,,
1490374278918,Mouse Moved,150.0,136.0,User6,,
1490374278918,Mouse Moved,148.0,133.0,User6,,
1490374278934,Mouse Moved,143.0,125.0,User6,,
1490374278950,Mouse Moved,142.0,119.0,User6,,
1490374278966,Mouse Moved,133.0,95.0,User6,,
1490374278980,Mouse Moved,133.0,92.0,User6,,
1490374279012,Mouse Moved,132.0,90.0,User6,,
1490374279012,Mouse Moved,131.0,90.0,User6,,
1490374279028,Mouse Moved,130.0,89.0,User6,,
1490374279043,Mouse Moved,129.0,88.0,User6,,
1490374279043,Mouse Moved,127.0,85.0,User6,,
1490374279075,Mouse Moved,125.0,84.0,User6,,
1490374279105,Mouse Moved,125.0,82.0,User6,,
1490374279105,Mouse Moved,125.0,84.0,User6,,
1490374279121,Mouse Moved,124.0,84.0,User6,,
1490374279184,Mouse Moved,122.0,82.0,User6,,
1490374279200,Mouse Moved,121.0,82.0,User6,,
1490374279214,Mouse Moved,119.0,82.0,User6,,
1490374279230,Mouse Moved,118.0,81.0,User6,,
1490374279246,Mouse Moved,117.0,81.0,User6,,
1490374279262,Mouse Moved,114.0,79.0,User6,,
1490374279262,Mouse Moved,112.0,76.0,User6,,
1490374279278,Mouse Moved,111.0,76.0,User6,,
1490374279278,Mouse Moved,111.0,75.0,User6,,
1490374279292,Mouse Moved,108.0,70.0,User6,,
1490374279542,Mouse Moved,108.0,71.0,User6,,
1490374279683,Mouse Moved,108.0,71.0,User6,,
1490374279911,Mouse Moved,112.0,74.0,User6,,
1490374279927,Mouse Moved,116.0,79.0,User6,,
1490374279927,Mouse Moved,125.0,85.0,User6,,
1490374279941,Mouse Moved,141.0,106.0,User6,,
1490374279957,Mouse Moved,164.0,120.0,User6,,
1490374279973,Mouse Moved,185.0,139.0,User6,,
1490374279989,Mouse Moved,221.0,165.0,User6,,
1490374280005,Mouse Moved,256.0,197.0,User6,,
1490374280005,Mouse Moved,289.0,249.0,User6,,
1490374280019,Mouse Moved,305.0,275.0,User6,,
1490374280036,Mouse Moved,332.0,337.0,User6,,
1490374280052,Mouse Moved,363.0,398.0,User6,,
1490374280052,Mouse Moved,385.0,410.0,User6,,
1490374280394,Mouse Moved,383.0,410.0,User6,,
1490374280410,Mouse Moved,380.0,409.0,User6,,
1490374280426,Mouse Moved,377.0,406.0,User6,,
1490374280426,Mouse Moved,373.0,404.0,User6,,
1490374280441,Mouse Moved,366.0,402.0,User6,,
1490374280457,Mouse Moved,359.0,398.0,User6,,
1490374280457,Mouse Moved,352.0,395.0,User6,,
1490374280473,Mouse Moved,340.0,388.0,User6,,
1490374280487,Mouse Moved,337.0,388.0,User6,,
1490374280503,Mouse Moved,329.0,383.0,User6,,
1490374280519,Mouse Moved,327.0,383.0,User6,,
1490374280535,Mouse Moved,324.0,383.0,User6,,
1490374280551,Mouse Moved,323.0,383.0,User6,,
1490374280551,Mouse Moved,321.0,383.0,User6,,
1490374280565,Mouse Moved,321.0,382.0,User6,,
1490374280582,Mouse Moved,321.0,381.0,User6,,
1490374280612,Mouse Moved,318.0,381.0,User6,,
1490374281236,Mouse Moved,319.0,382.0,User6,,
1490374281253,Mouse Moved,319.0,382.0,User6,,
1490374281392,Mouse Moved,319.0,382.0,User6,,
1490374282687,Mouse Moved,318.0,382.0,User6,,
1490374282703,Mouse Moved,318.0,384.0,User6,,
1490374282719,Mouse Moved,318.0,386.0,User6,,
1490374282734,Mouse Moved,318.0,388.0,User6,,
1490374282750,Mouse Moved,318.0,392.0,User6,,
1490374282782,Mouse Moved,318.0,393.0,User6,,
1490374282812,Mouse Moved,319.0,394.0,User6,,
1490374282844,Mouse Moved,319.0,394.0,User6,,
1490374283094,Mouse Moved,319.0,394.0,User6,,
1490374283187,Mouse Moved,319.0,394.0,User6,,
1490374283233,Mouse Moved,319.0,394.0,User6,,
1490374283368,Mouse Moved,319.0,394.0,User6,,
1490374283384,Mouse Button.left Released,319.0,394.0,User6,,
1490374283757,Mouse Moved,314.0,376.0,User6,,
1490374283773,Mouse Moved,310.0,367.0,User6,,
1490374283789,Mouse Moved,308.0,356.0,User6,,
1490374283805,Mouse Moved,308.0,337.0,User6,,
1490374283821,Mouse Moved,306.0,321.0,User6,,
1490374283835,Mouse Moved,306.0,303.0,User6,,
1490374283851,Mouse Moved,309.0,299.0,User6,,
1490374283868,Mouse Moved,311.0,290.0,User6,,
1490374283882,Mouse Moved,311.0,276.0,User6,,
1490374283898,Mouse Moved,315.0,259.0,User6,,
1490374283914,Mouse Moved,315.0,256.0,User6,,
1490374283930,Mouse Moved,316.0,250.0,User6,,
1490374283946,Mouse Moved,317.0,250.0,User6,,
1490374284039,Mouse Moved,316.0,250.0,User6,,
1490374284164,Mouse Moved,316.0,249.0,User6,,
1490374284414,Mouse Moved,316.0,247.0,User6,,
1490374284414,Mouse Moved,316.0,245.0,User6,,
1490374284444,Mouse Moved,317.0,230.0,User6,,
1490374284444,Mouse Moved,318.0,222.0,User6,,
1490374284460,Mouse Moved,318.0,214.0,User6,,
1490374284476,Mouse Moved,320.0,207.0,User6,,
1490374284492,Mouse Moved,321.0,204.0,User6,,
1490374284506,Mouse Moved,328.0,195.0,User6,,
1490374284506,Mouse Moved,328.0,193.0,User6,,
1490374284523,Mouse Moved,328.0,192.0,User6,,
1490374284538,Mouse Moved,328.0,191.0,User6,,
1490374284553,Mouse Moved,328.0,188.0,User6,,
1490374284569,Mouse Moved,328.0,187.0,User6,,
1490374284585,Mouse Moved,328.0,184.0,User6,,
1490374284585,Mouse Moved,329.0,184.0,User6,,
1490374284601,Mouse Moved,329.0,182.0,User6,,
1490374284615,Mouse Moved,331.0,180.0,User6,,
1490374284694,Mouse Moved,330.0,180.0,User6,,
1490374284710,Mouse Moved,330.0,179.0,User6,,
1490374284726,Mouse Moved,330.0,181.0,User6,,
1490374284756,Mouse Moved,331.0,181.0,User6,,
1490374284772,Mouse Moved,331.0,178.0,User6,,
1490374284788,Mouse Moved,331.0,176.0,User6,,
1490374284788,Mouse Moved,331.0,174.0,User6,,
1490374284803,Mouse Moved,332.0,172.0,User6,,
1490374284819,Mouse Moved,333.0,171.0,User6,,
1490374284849,Mouse Moved,333.0,169.0,User6,,
1490374284865,Mouse Moved,336.0,164.0,User6,,
1490374284881,Mouse Moved,336.0,162.0,User6,,
1490374284897,Mouse Moved,336.0,161.0,User6,,
1490374284913,Mouse Moved,336.0,160.0,User6,,
1490374288032,Mouse Moved,336.0,160.0,User6,,
1490374288157,Mouse Moved,336.0,160.0,User6,,
1490374288203,Mouse Moved,336.0,160.0,User6,,
1490374288359,Mouse Moved,336.0,160.0,User6,,
1490374289457,Mouse Moved,337.0,163.0,User6,,
1490374289473,Mouse Moved,339.0,164.0,User6,,
1490374289473,Mouse Moved,340.0,164.0,User6,,
1490374289490,Mouse Moved,341.0,166.0,User6,,
1490374289505,Mouse Moved,344.0,173.0,User6,,
1490374289520,Mouse Moved,346.0,176.0,User6,,
1490374289536,Mouse Moved,352.0,183.0,User6,,
1490374289536,Mouse Moved,357.0,190.0,User6,,
1490374289552,Mouse Moved,364.0,195.0,User6,,
1490374289568,Mouse Moved,367.0,203.0,User6,,
1490374289582,Mouse Moved,372.0,209.0,User6,,
1490374289598,Mouse Moved,376.0,222.0,User6,,
1490374289614,Mouse Moved,381.0,229.0,User6,,
1490374289614,Mouse Moved,386.0,237.0,User6,,
1490374289630,Mouse Moved,390.0,242.0,User6,,
1490374289645,Mouse Moved,393.0,245.0,User6,,
1490374289661,Mouse Moved,397.0,250.0,User6,,
1490374289677,Mouse Moved,402.0,254.0,User6,,
1490374289691,Mouse Moved,410.0,266.0,User6,,
1490374289691,Mouse Moved,417.0,276.0,User6,,
1490374289707,Mouse Moved,424.0,287.0,User6,,
1490374289723,Mouse Moved,426.0,292.0,User6,,
1490374289739,Mouse Moved,428.0,300.0,User6,,
1490374289755,Mouse Moved,433.0,309.0,User6,,
1490374289769,Mouse Moved,444.0,320.0,User6,,
1490374289769,Mouse Moved,452.0,332.0,User6,,
1490374289786,Mouse Moved,459.0,346.0,User6,,
1490374289802,Mouse Moved,465.0,360.0,User6,,
1490374289816,Mouse Moved,465.0,374.0,User6,,
1490374289816,Mouse Moved,474.0,382.0,User6,,
1490374289832,Mouse Moved,474.0,387.0,User6,,
1490374289832,Mouse Moved,476.0,387.0,User6,,
1490374289848,Mouse Moved,477.0,389.0,User6,,
1490374289880,Mouse Moved,475.0,389.0,User6,,
1490374290457,Mouse Moved,475.0,389.0,User6,,
1490374290471,Mouse Moved,475.0,389.0,User6,,
1490374290487,Mouse Moved,475.0,389.0,User6,,
1490374290503,Mouse Moved,475.0,389.0,User6,,
1490374290535,Mouse Moved,475.0,389.0,User6,,
1490374290565,Mouse Moved,475.0,389.0,User6,,
1490374290582,Mouse Moved,475.0,389.0,User6,,
1490374290596,Mouse Scrolled (0 -1),475.0,389.0,User6,,
1490374291236,Mouse Moved,456.0,372.0,User6,,
1490374291252,Mouse Moved,420.0,328.0,User6,,
1490374291267,Mouse Moved,401.0,294.0,User6,,
1490374291283,Mouse Moved,362.0,248.0,User6,,
1490374291299,Mouse Moved,339.0,215.0,User6,,
1490374291315,Mouse Moved,309.0,167.0,User6,,
1490374291329,Mouse Moved,288.0,150.0,User6,,
1490374291345,Mouse Moved,275.0,130.0,User6,,
1490374291361,Mouse Moved,266.0,124.0,User6,,
1490374291361,Mouse Moved,263.0,124.0,User6,,
1490374291361,Mouse Moved,257.0,116.0,User6,,
1490374291377,Mouse Moved,247.0,109.0,User6,,
1490374291392,Mouse Moved,245.0,109.0,User6,,
1490374291627,Mouse Moved,242.0,109.0,User6,,
1490374291641,Mouse Moved,235.0,107.0,User6,,
1490374291657,Mouse Moved,227.0,105.0,User6,,
1490374291674,Mouse Moved,220.0,103.0,User6,,
1490374291688,Mouse Moved,202.0,98.0,User6,,
1490374291704,Mouse Moved,190.0,94.0,User6,,
1490374291704,Mouse Moved,175.0,90.0,User6,,
1490374291720,Mouse Moved,167.0,88.0,User6,,
1490374291736,Mouse Moved,152.0,84.0,User6,,
1490374291752,Mouse Moved,144.0,79.0,User6,,
1490374291752,Mouse Moved,130.0,75.0,User6,,
1490374291766,Mouse Moved,118.0,64.0,User6,,
1490374291782,Mouse Moved,115.0,64.0,User6,,
1490374291798,Mouse Moved,111.0,64.0,User6,,
1490374291798,Mouse Moved,107.0,66.0,User6,,
1490374291813,Mouse Moved,107.0,67.0,User6,,
1490374291829,Mouse Moved,105.0,62.0,User6,,
1490374291845,Mouse Moved,105.0,66.0,User6,,
1490374291845,Mouse Moved,102.0,64.0,User6,,
1490374291861,Mouse Moved,101.0,64.0,User6,,
1490374291907,Mouse Moved,100.0,64.0,User6,,
1490374291907,Mouse Moved,100.0,62.0,User6,,
1490374291953,Mouse Moved,99.0,65.0,User6,,
1490374291970,Mouse Moved,99.0,62.0,User6,,
1490374292032,Mouse Moved,101.0,61.0,User6,,
1490374292048,Mouse Moved,101.0,68.0,User6,,
1490374292063,Mouse Moved,103.0,68.0,User6,,
1490374292078,Mouse Moved,105.0,71.0,User6,,
1490374292095,Mouse Moved,106.0,71.0,User6,,
1490374292109,Mouse Moved,108.0,71.0,User6,,
1490374292141,Mouse Moved,110.0,71.0,User6,,
1490374292141,Mouse Moved,112.0,73.0,User6,,
1490374292141,Mouse Moved,114.0,73.0,User6,,
1490374292173,Mouse Moved,116.0,73.0,User6,,
1490374292421,Mouse Moved,115.0,73.0,User6,,
1490374292562,Mouse Moved,115.0,73.0,User6,,
1490374293285,Mouse Moved,118.0,75.0,User6,,
1490374293301,Mouse Moved,121.0,80.0,User6,,
1490374293316,Mouse Moved,130.0,89.0,User6,,
1490374293316,Mouse Moved,140.0,97.0,User6,,
1490374293332,Mouse Moved,152.0,107.0,User6,,
1490374293348,Mouse Moved,203.0,148.0,User6,,
1490374293362,Mouse Moved,243.0,195.0,User6,,
1490374293378,Mouse Moved,274.0,213.0,User6,,
1490374293394,Mouse Moved,293.0,224.0,User6,,
1490374293426,Mouse Moved,305.0,229.0,User6,,
1490374293737,Mouse Moved,306.0,228.0,User6,,
1490374293737,Mouse Moved,307.0,228.0,User6,,
1490374293785,Mouse Moved,308.0,228.0,User6,,
1490374293799,Mouse Moved,309.0,227.0,User6,,
1490374293815,Mouse Moved,309.0,226.0,User6,,
1490374293831,Mouse Moved,310.0,224.0,User6,,
1490374293831,Mouse Moved,311.0,219.0,User6,,
1490374293846,Mouse Moved,313.0,217.0,User6,,
1490374293862,Mouse Moved,315.0,215.0,User6,,
1490374293878,Mouse Moved,317.0,210.0,User6,,
1490374293894,Mouse Moved,317.0,207.0,User6,,
1490374293908,Mouse Moved,318.0,204.0,User6,,
1490374295111,Mouse Moved,319.0,204.0,User6,,
1490374295111,Mouse Moved,319.0,203.0,User6,,
1490374295141,Mouse Moved,319.0,202.0,User6,,
1490374295141,Mouse Moved,319.0,201.0,User6,,
1490374295141,Mouse Moved,320.0,199.0,User6,,
1490374295141,Mouse Moved,321.0,199.0,User6,,
1490374295141,Mouse Moved,324.0,190.0,User6,,
1490374295141,Mouse Moved,328.0,189.0,User6,,
1490374295141,Mouse Moved,330.0,188.0,User6,,
1490374295141,Mouse Moved,332.0,187.0,User6,,
1490374295157,Mouse Moved,333.0,186.0,User6,,
1490374295157,Mouse Moved,334.0,185.0,User6,,
1490374295157,Mouse Moved,335.0,185.0,User6,,
1490374295157,Mouse Moved,336.0,183.0,User6,,
1490374295469,Mouse Moved,336.0,185.0,User6,,
1490374295484,Mouse Moved,336.0,186.0,User6,,
1490374295500,Mouse Moved,336.0,188.0,User6,,
1490374295516,Mouse Moved,336.0,189.0,User6,,
1490374295532,Mouse Moved,335.0,194.0,User6,,
1490374295532,Mouse Moved,334.0,207.0,User6,,
1490374295546,Mouse Moved,334.0,226.0,User6,,
1490374295562,Mouse Moved,333.0,236.0,User6,,
1490374295578,Mouse Moved,333.0,243.0,User6,,
1490374295594,Mouse Moved,330.0,251.0,User6,,
1490374295609,Mouse Moved,330.0,264.0,User6,,
1490374295609,Mouse Moved,329.0,277.0,User6,,
1490374295625,Mouse Moved,329.0,293.0,User6,,
1490374295641,Mouse Moved,329.0,295.0,User6,,
1490374295641,Mouse Moved,328.0,297.0,User6,,
1490374295657,Mouse Moved,327.0,298.0,User6,,
1490374295891,Mouse Moved,327.0,298.0,User6,,
1490374296030,Mouse Moved,327.0,298.0,User6,,
1490374296342,Mouse Moved,317.0,281.0,User6,,
1490374296358,Mouse Moved,283.0,244.0,User6,,
1490374296374,Mouse Moved,269.0,231.0,User6,,
1490374296390,Mouse Moved,253.0,200.0,User6,,
1490374296404,Mouse Moved,246.0,192.0,User6,,
1490374296421,Mouse Moved,226.0,173.0,User6,,
1490374296421,Mouse Moved,222.0,170.0,User6,,
1490374296437,Mouse Moved,219.0,165.0,User6,,
1490374296467,Mouse Moved,212.0,151.0,User6,,
1490374296467,Mouse Moved,211.0,151.0,User6,,
1490374296483,Mouse Moved,208.0,151.0,User6,,
1490374296483,Mouse Moved,204.0,150.0,User6,,
1490374296515,Mouse Moved,203.0,146.0,User6,,
1490374296515,Mouse Moved,202.0,143.0,User6,,
1490374296529,Mouse Moved,200.0,139.0,User6,,
1490374296546,Mouse Moved,199.0,142.0,User6,,
1490374296561,Mouse Moved,196.0,137.0,User6,,
1490374296561,Mouse Moved,196.0,134.0,User6,,
1490374296576,Mouse Moved,193.0,133.0,User6,,
1490374296592,Mouse Moved,191.0,132.0,User6,,
1490374296608,Mouse Moved,189.0,127.0,User6,,
1490374296624,Mouse Moved,188.0,127.0,User6,,
1490374296638,Mouse Moved,185.0,124.0,User6,,
1490374296638,Mouse Moved,180.0,124.0,User6,,
1490374296654,Mouse Moved,178.0,124.0,User6,,
1490374296671,Mouse Moved,173.0,120.0,User6,,
1490374296686,Mouse Moved,172.0,118.0,User6,,
1490374296701,Mouse Moved,166.0,118.0,User6,,
1490374296717,Mouse Moved,158.0,112.0,User6,,
1490374296717,Mouse Moved,155.0,111.0,User6,,
1490374296733,Mouse Moved,154.0,110.0,User6,,
1490374296749,Mouse Moved,153.0,110.0,User6,,
1490374296763,Mouse Moved,150.0,108.0,User6,,
1490374296763,Mouse Moved,150.0,103.0,User6,,
1490374296967,Mouse Moved,149.0,101.0,User6,,
1490374296983,Mouse Moved,148.0,101.0,User6,,
1490374296997,Mouse Moved,148.0,100.0,User6,,
1490374297013,Mouse Moved,144.0,97.0,User6,,
1490374297029,Mouse Moved,139.0,94.0,User6,,
1490374297029,Mouse Moved,134.0,88.0,User6,,
1490374297045,Mouse Moved,132.0,84.0,User6,,
1490374297061,Mouse Moved,131.0,82.0,User6,,
1490374297075,Mouse Moved,128.0,78.0,User6,,
1490374297092,Mouse Moved,125.0,78.0,User6,,
1490374297107,Mouse Moved,123.0,76.0,User6,,
1490374297107,Mouse Moved,122.0,73.0,User6,,
1490374297122,Mouse Moved,121.0,70.0,User6,,
1490374297138,Mouse Moved,120.0,70.0,User6,,
1490374297154,Mouse Moved,119.0,70.0,User6,,
1490374297466,Mouse Moved,120.0,70.0,User6,,
1490374297482,Mouse Button.left Pressed,120.0,70.0,User6,,
1490374297607,Mouse Moved,120.0,70.0,User6,,
1490374297903,Mouse Moved,120.0,71.0,User6,,
1490374297903,Mouse Moved,123.0,72.0,User6,,
1490374297918,Mouse Moved,127.0,75.0,User6,,
1490374297934,Mouse Moved,132.0,77.0,User6,,
1490374297950,Mouse Moved,150.0,100.0,User6,,
1490374297964,Mouse Moved,167.0,115.0,User6,,
1490374297964,Mouse Moved,185.0,131.0,User6,,
1490374297980,Mouse Moved,196.0,140.0,User6,,
1490374297996,Mouse Moved,214.0,154.0,User6,,
1490374298012,Mouse Moved,225.0,166.0,User6,,
1490374298012,Mouse Moved,236.0,180.0,User6,,
1490374298028,Mouse Moved,245.0,192.0,User6,,
1490374298042,Mouse Moved,266.0,210.0,User6,,
1490374298059,Mouse Moved,284.0,217.0,User6,,
1490374298075,Mouse Moved,293.0,221.0,User6,,
1490374298075,Mouse Moved,309.0,236.0,User6,,
1490374298542,Mouse Moved,312.0,234.0,User6,,
1490374298558,Mouse Moved,320.0,231.0,User6,,
1490374298573,Mouse Moved,347.0,212.0,User6,,
1490374298573,Mouse Moved,387.0,200.0,User6,,
1490374298588,Mouse Moved,435.0,189.0,User6,,
1490374298605,Mouse Moved,480.0,162.0,User6,,
1490374298621,Mouse Moved,555.0,157.0,User6,,
1490374298635,Mouse Moved,644.0,126.0,User6,,
1490374298651,Mouse Moved,731.0,97.0,User6,,
1490374298651,Mouse Moved,796.0,78.0,User6,,
1490374298667,Mouse Moved,826.0,69.0,User6,,
1490374298683,Mouse Moved,852.0,62.0,User6,,
1490374298698,Mouse Moved,870.0,60.0,User6,,
1490374298713,Mouse Moved,885.0,60.0,User6,,
1490374298713,Mouse Moved,897.0,58.0,User6,,
1490374298730,Mouse Moved,901.0,57.0,User6,,
1490374298744,Mouse Moved,903.0,57.0,User6,,
1490374298760,Mouse Moved,905.0,57.0,User6,,
1490374298855,Mouse Moved,904.0,57.0,User6,,
1490374298869,Mouse Moved,902.0,57.0,User6,,
1490374298885,Mouse Moved,898.0,57.0,User6,,
1490374298901,Mouse Moved,893.0,57.0,User6,,
1490374298917,Mouse Moved,886.0,53.0,User6,,
1490374298933,Mouse Moved,877.0,50.0,User6,,
1490374298947,Mouse Moved,873.0,48.0,User6,,
1490374298963,Mouse Moved,872.0,48.0,User6,,
1490374298979,Mouse Moved,870.0,46.0,User6,,
1490374298979,Mouse Moved,868.0,43.0,User6,,
1490374299010,Mouse Moved,866.0,41.0,User6,,
1490374299026,Mouse Moved,864.0,39.0,User6,,
1490374299072,Mouse Moved,863.0,37.0,User6,,
1490374299104,Mouse Moved,862.0,36.0,User6,,
1490374299119,Mouse Moved,860.0,36.0,User6,,
1490374299119,Mouse Moved,857.0,38.0,User6,,
1490374299354,Mouse Moved,858.0,38.0,User6,,
1490374299493,Mouse Moved,858.0,38.0,User6,,
1490374299759,Mouse Moved,850.0,39.0,User6,,
1490374299775,Mouse Moved,840.0,40.0,User6,,
1490374299790,Mouse Moved,831.0,40.0,User6,,
1490374299805,Mouse Moved,814.0,44.0,User6,,
1490374299822,Mouse Moved,780.0,48.0,User6,,
1490374299822,Mouse Moved,724.0,50.0,User6,,
1490374299836,Mouse Moved,671.0,57.0,User6,,
1490374299852,Mouse Moved,631.0,59.0,User6,,
1490374299868,Mouse Moved,592.0,59.0,User6,,
1490374299884,Mouse Moved,545.0,65.0,User6,,
1490374299900,Mouse Moved,499.0,65.0,User6,,
1490374299900,Mouse Moved,457.0,65.0,User6,,
1490374299914,Mouse Moved,414.0,63.0,User6,,
1490374299930,Mouse Moved,398.0,63.0,User6,,
1490374299930,Mouse Moved,365.0,68.0,User6,,
1490374299961,Mouse Moved,348.0,63.0,User6,,
1490374299977,Mouse Moved,332.0,61.0,User6,,
1490374299977,Mouse Moved,309.0,67.0,User6,,
1490374299977,Mouse Moved,295.0,67.0,User6,,
1490374299993,Mouse Moved,284.0,74.0,User6,,
1490374300009,Mouse Moved,277.0,76.0,User6,,
1490374300025,Mouse Moved,270.0,84.0,User6,,
1490374300243,Mouse Moved,268.0,84.0,User6,,
1490374300259,Mouse Moved,266.0,88.0,User6,,
1490374300273,Mouse Moved,257.0,91.0,User6,,
1490374300289,Mouse Moved,243.0,103.0,User6,,
1490374300305,Mouse Moved,230.0,106.0,User6,,
1490374300305,Mouse Moved,217.0,113.0,User6,,
1490374300321,Mouse Moved,202.0,117.0,User6,,
1490374300336,Mouse Moved,188.0,121.0,User6,,
1490374300336,Mouse Moved,175.0,125.0,User6,,
1490374300351,Mouse Moved,158.0,140.0,User6,,
1490374300368,Mouse Moved,149.0,146.0,User6,,
1490374300368,Mouse Moved,147.0,146.0,User6,,
1490374300382,Mouse Moved,139.0,154.0,User6,,
1490374300398,Mouse Moved,134.0,163.0,User6,,
1490374300414,Mouse Moved,127.0,176.0,User6,,
1490374300757,Mouse Moved,127.0,176.0,User6,,
1490374300898,Mouse Moved,127.0,176.0,User6,,
1490374302068,Mouse Moved,127.0,176.0,User6,,
1490374302193,Mouse Moved,127.0,176.0,User6,,
1490374302380,Mouse Moved,127.0,175.0,User6,,
1490374302411,Mouse Moved,127.0,174.0,User6,,
1490374302411,Mouse Moved,128.0,176.0,User6,,
1490374302427,Mouse Moved,129.0,177.0,User6,,
1490374302443,Mouse Moved,131.0,178.0,User6,,
1490374302457,Mouse Moved,134.0,181.0,User6,,
1490374302457,Mouse Moved,135.0,183.0,User6,,
1490374302473,Mouse Moved,137.0,183.0,User6,,
1490374302489,Mouse Moved,141.0,186.0,User6,,
1490374302505,Mouse Moved,143.0,187.0,User6,,
1490374302520,Mouse Moved,152.0,195.0,User6,,
1490374302536,Mouse Moved,156.0,206.0,User6,,
1490374302552,Mouse Moved,162.0,217.0,User6,,
1490374302566,Mouse Moved,172.0,243.0,User6,,
1490374302582,Mouse Moved,179.0,256.0,User6,,
1490374302598,Mouse Moved,182.0,265.0,User6,,
1490374302598,Mouse Moved,193.0,285.0,User6,,
1490374302614,Mouse Moved,199.0,316.0,User6,,
1490374302630,Mouse Moved,205.0,351.0,User6,,
1490374302644,Mouse Moved,205.0,359.0,User6,,
1490374302644,Mouse Moved,209.0,382.0,User6,,
1490374302661,Mouse Moved,211.0,398.0,User6,,
1490374302677,Mouse Moved,212.0,411.0,User6,,
1490374302677,Mouse Moved,212.0,427.0,User6,,
1490374302691,Mouse Moved,212.0,430.0,User6,,
1490374303112,Mouse Moved,212.0,433.0,User6,,
1490374303128,Mouse Moved,211.0,434.0,User6,,
1490374303144,Mouse Moved,210.0,436.0,User6,,
1490374303160,Mouse Moved,210.0,441.0,User6,,
1490374303160,Mouse Moved,209.0,448.0,User6,,
1490374303176,Mouse Moved,208.0,451.0,User6,,
1490374303190,Mouse Moved,207.0,455.0,User6,,
1490374303207,Mouse Moved,207.0,457.0,User6,,
1490374303223,Mouse Moved,206.0,459.0,User6,,
1490374303237,Mouse Moved,206.0,462.0,User6,,
1490374303253,Mouse Moved,205.0,463.0,User6,,
1490374303285,Mouse Moved,204.0,463.0,User6,,
1490374303315,Mouse Moved,204.0,464.0,User6,,
1490374303440,Mouse Moved,204.0,466.0,User6,,
1490374303440,Mouse Moved,204.0,473.0,User6,,
1490374303457,Mouse Moved,204.0,478.0,User6,,
1490374303471,Mouse Moved,204.0,479.0,User6,,
1490374303487,Mouse Moved,204.0,480.0,User6,,
1490374303503,Mouse Moved,204.0,482.0,User6,,
1490374303783,Mouse Moved,205.0,482.0,User6,,
1490374303940,Mouse Moved,205.0,482.0,User6,,
1490374314345,Mouse Moved,206.0,481.0,User6,,
1490374314361,Mouse Moved,208.0,478.0,User6,,
1490374314361,Mouse Moved,212.0,470.0,User6,,
1490374314377,Mouse Moved,218.0,463.0,User6,,
1490374314391,Mouse Moved,229.0,451.0,User6,,
1490374314407,Mouse Moved,247.0,430.0,User6,,
1490374314423,Mouse Moved,257.0,422.0,User6,,
1490374314423,Mouse Moved,267.0,411.0,User6,,
1490374314438,Mouse Moved,282.0,382.0,User6,,
1490374314454,Mouse Moved,290.0,376.0,User6,,
1490374314470,Mouse Moved,302.0,365.0,User6,,
1490374314470,Mouse Moved,314.0,356.0,User6,,
1490374314486,Mouse Moved,319.0,352.0,User6,,
1490374314500,Mouse Moved,321.0,351.0,User6,,
1490374314516,Mouse Moved,322.0,351.0,User6,,
1490374314532,Mouse Moved,323.0,349.0,User6,,
1490374314548,Mouse Moved,326.0,346.0,User6,,
1490374314548,Mouse Moved,328.0,344.0,User6,,
1490374314563,Mouse Moved,329.0,343.0,User6,,
1490374314578,Mouse Moved,330.0,343.0,User6,,
1490374314595,Mouse Moved,331.0,343.0,User6,,
1490374314611,Mouse Moved,334.0,337.0,User6,,
1490374314625,Mouse Moved,339.0,328.0,User6,,
1490374314625,Mouse Moved,343.0,325.0,User6,,
1490374314657,Mouse Moved,345.0,320.0,User6,,
1490374314673,Mouse Moved,354.0,310.0,User6,,
1490374314688,Mouse Moved,360.0,308.0,User6,,
1490374315032,Mouse Moved,356.0,302.0,User6,,
1490374315046,Mouse Moved,351.0,289.0,User6,,
1490374315062,Mouse Moved,349.0,274.0,User6,,
1490374315078,Mouse Moved,340.0,257.0,User6,,
1490374315094,Mouse Moved,338.0,233.0,User6,,
1490374315094,Mouse Moved,334.0,217.0,User6,,
1490374315109,Mouse Moved,338.0,204.0,User6,,
1490374315125,Mouse Moved,334.0,189.0,User6,,
1490374315141,Mouse Moved,338.0,174.0,User6,,
1490374315157,Mouse Moved,342.0,160.0,User6,,
1490374315171,Mouse Moved,347.0,149.0,User6,,
1490374315171,Mouse Moved,356.0,144.0,User6,,
1490374315171,Mouse Moved,365.0,131.0,User6,,
1490374315203,Mouse Moved,374.0,129.0,User6,,
1490374315203,Mouse Moved,386.0,119.0,User6,,
1490374315219,Mouse Moved,401.0,109.0,User6,,
1490374315234,Mouse Moved,408.0,109.0,User6,,
1490374315234,Mouse Moved,415.0,107.0,User6,,
1490374315250,Mouse Moved,422.0,105.0,User6,,
1490374315266,Mouse Moved,424.0,103.0,User6,,
1490374315280,Mouse Moved,429.0,103.0,User6,,
1490374315296,Mouse Moved,432.0,103.0,User6,,
1490374315296,Mouse Moved,435.0,103.0,User6,,
1490374315312,Mouse Moved,437.0,107.0,User6,,
1490374315328,Mouse Moved,443.0,109.0,User6,,
1490374315344,Mouse Moved,445.0,111.0,User6,,
1490374315358,Mouse Moved,449.0,113.0,User6,,
1490374315375,Mouse Moved,453.0,116.0,User6,,
1490374315375,Mouse Moved,459.0,118.0,User6,,
1490374315405,Mouse Moved,463.0,119.0,User6,,
1490374315437,Mouse Moved,465.0,120.0,User6,,
1490374315469,Mouse Moved,466.0,120.0,User6,,
1490374315469,Mouse Moved,468.0,120.0,User6,,
1490374315469,Mouse Moved,469.0,121.0,User6,,
1490374315483,Mouse Moved,471.0,123.0,User6,,
1490374315500,Mouse Moved,473.0,125.0,User6,,
1490374315515,Mouse Moved,474.0,126.0,User6,,
1490374315530,Mouse Moved,475.0,126.0,User6,,
1490374315530,Mouse Moved,476.0,127.0,User6,,
1490374315562,Mouse Moved,477.0,127.0,User6,,
1490374315812,Mouse Moved,478.0,127.0,User6,,
1490374315812,Mouse Moved,477.0,127.0,User6,,
1490374315874,Mouse Moved,478.0,127.0,User6,,
1490374316015,Mouse Moved,478.0,127.0,User6,,
1490374316279,Mouse Moved,466.0,123.0,User6,,
1490374316279,Mouse Moved,445.0,120.0,User6,,
1490374316295,Mouse Moved,416.0,113.0,User6,,
1490374316311,Mouse Moved,386.0,99.0,User6,,
1490374316326,Mouse Moved,357.0,94.0,User6,,
1490374316326,Mouse Moved,314.0,77.0,User6,,
1490374316358,Mouse Moved,289.0,64.0,User6,,
1490374316358,Mouse Moved,274.0,62.0,User6,,
1490374316358,Mouse Moved,257.0,53.0,User6,,
1490374316372,Mouse Moved,232.0,38.0,User6,,
1490374316388,Mouse Moved,217.0,38.0,User6,,
1490374316404,Mouse Moved,206.0,35.0,User6,,
1490374316420,Mouse Moved,197.0,33.0,User6,,
1490374316420,Mouse Moved,191.0,27.0,User6,,
1490374316436,Mouse Moved,183.0,27.0,User6,,
1490374316450,Mouse Moved,178.0,24.0,User6,,
1490374316483,Mouse Moved,172.0,21.0,User6,,
1490374316483,Mouse Moved,167.0,21.0,User6,,
1490374316497,Mouse Moved,166.0,19.0,User6,,
1490374316529,Mouse Moved,166.0,18.0,User6,,
1490374317746,Mouse Moved,164.0,18.0,User6,,
1490374317762,Mouse Moved,163.0,19.0,User6,,
1490374317762,Mouse Moved,160.0,19.0,User6,,
1490374317776,Mouse Moved,158.0,21.0,User6,,
1490374317776,Mouse Moved,156.0,21.0,User6,,
1490374317776,Mouse Moved,148.0,25.0,User6,,
1490374317792,Mouse Moved,146.0,26.0,User6,,
1490374317839,Mouse Moved,144.0,28.0,User6,,
1490374317839,Mouse Moved,141.0,28.0,User6,,
1490374317855,Mouse Moved,135.0,31.0,User6,,
1490374317855,Mouse Moved,131.0,31.0,User6,,
1490374317855,Mouse Moved,128.0,31.0,User6,,
1490374317855,Mouse Moved,127.0,33.0,User6,,
1490374317887,Mouse Moved,125.0,34.0,User6,,
1490374317887,Mouse Moved,122.0,35.0,User6,,
1490374318026,Mouse Moved,118.0,40.0,User6,,
1490374318026,Mouse Moved,118.0,39.0,User6,,
1490374318042,Mouse Button.left Pressed,118.0,39.0,User6,,
1490374318230,Mouse Button.left Released,118.0,39.0,User6,,
1490374318260,Mouse Moved,118.0,39.0,User6,,
1490374318433,Mouse Moved,118.0,39.0,User6,,
1490374318463,Mouse Button.left Released,118.0,39.0,User6,,
1490374324562,Mouse Moved,118.0,43.0,User6,,
1490374324578,Mouse Moved,119.0,43.0,User6,,
1490374324595,Mouse Moved,123.0,54.0,User6,,
1490374324609,Mouse Moved,124.0,63.0,User6,,
1490374324625,Mouse Moved,127.0,88.0,User6,,
1490374324641,Mouse Moved,134.0,128.0,User6,,
1490374324657,Mouse Moved,138.0,175.0,User6,,
1490374324673,Mouse Moved,142.0,215.0,User6,,
1490374324687,Mouse Moved,149.0,285.0,User6,,
1490374324703,Mouse Moved,151.0,298.0,User6,,
1490374324703,Mouse Moved,154.0,327.0,User6,,
1490374324719,Mouse Moved,168.0,364.0,User6,,
1490374324734,Mouse Moved,170.0,388.0,User6,,
1490374324750,Mouse Moved,174.0,392.0,User6,,
1490374324969,Mouse Moved,174.0,395.0,User6,,
1490374324984,Mouse Moved,173.0,398.0,User6,,
1490374325000,Mouse Moved,172.0,407.0,User6,,
1490374325016,Mouse Moved,171.0,413.0,User6,,
1490374325030,Mouse Moved,166.0,425.0,User6,,
1490374325046,Mouse Moved,166.0,447.0,User6,,
1490374325046,Mouse Moved,160.0,475.0,User6,,
1490374325062,Mouse Moved,160.0,491.0,User6,,
1490374325078,Mouse Moved,159.0,504.0,User6,,
1490374325094,Mouse Moved,158.0,519.0,User6,,
1490374325108,Mouse Moved,158.0,545.0,User6,,
1490374325125,Mouse Moved,158.0,558.0,User6,,
1490374325125,Mouse Moved,157.0,568.0,User6,,
1490374325141,Mouse Moved,156.0,569.0,User6,,
1490374325390,Mouse Moved,156.0,571.0,User6,,
1490374325437,Mouse Moved,156.0,573.0,User6,,
1490374325453,Mouse Moved,156.0,576.0,User6,,
1490374325467,Mouse Moved,156.0,578.0,User6,,
1490374325483,Mouse Moved,156.0,581.0,User6,,
1490374325483,Mouse Moved,155.0,585.0,User6,,
1490374325499,Mouse Moved,155.0,586.0,User6,,
1490374325530,Mouse Moved,154.0,587.0,User6,,
1490374325546,Mouse Moved,154.0,588.0,User6,,
1490374325562,Mouse Moved,153.0,590.0,User6,,
1490374325576,Mouse Moved,153.0,591.0,User6,,
1490374325592,Mouse Moved,153.0,593.0,User6,,
1490374325608,Mouse Moved,153.0,595.0,User6,,
1490374325608,Mouse Moved,153.0,596.0,User6,,
1490374325624,Mouse Moved,153.0,598.0,User6,,
1490374325654,Mouse Moved,152.0,598.0,User6,,
1490374325765,Mouse Moved,152.0,599.0,User6,,
1490374325811,Mouse Moved,151.0,600.0,User6,,
1490374325842,Mouse Moved,151.0,601.0,User6,,
1490374326061,Mouse Moved,151.0,601.0,User6,,
1490374326217,Mouse Moved,151.0,601.0,User6,,
1490374326372,Mouse Moved,152.0,601.0,User6,,
1490374326372,Mouse Moved,154.0,601.0,User6,,
1490374326372,Mouse Moved,155.0,602.0,User6,,
1490374326372,Mouse Moved,159.0,602.0,User6,,
1490374326388,Mouse Moved,162.0,602.0,User6,,
1490374326388,Mouse Moved,167.0,602.0,User6,,
1490374326404,Mouse Moved,172.0,602.0,User6,,
1490374326420,Mouse Moved,177.0,602.0,User6,,
1490374326434,Mouse Moved,182.0,602.0,User6,,
1490374326497,Mouse Moved,189.0,603.0,User6,,
1490374326497,Mouse Moved,192.0,603.0,User6,,
1490374326513,Mouse Moved,195.0,603.0,User6,,
1490374326513,Mouse Moved,196.0,603.0,User6,,
1490374326513,Mouse Moved,200.0,603.0,User6,,
1490374326513,Mouse Moved,200.0,604.0,User6,,
1490374326591,Mouse Moved,201.0,604.0,User6,,
1490374326654,Mouse Moved,202.0,604.0,User6,,
1490374326668,Mouse Moved,204.0,604.0,User6,,
1490374326684,Mouse Moved,205.0,604.0,User6,,
1490374326716,Mouse Moved,207.0,604.0,User6,,
1490374326763,Mouse Moved,208.0,604.0,User6,,
1490374326950,Mouse Moved,208.0,603.0,User6,,
1490374327105,Mouse Moved,208.0,603.0,User6,,
1490374327434,Mouse Moved,209.0,602.0,User6,,
1490374327448,Mouse Moved,210.0,601.0,User6,,
1490374327464,Mouse Moved,211.0,598.0,User6,,
1490374327480,Mouse Moved,212.0,598.0,User6,,
1490374327496,Mouse Moved,213.0,597.0,User6,,
1490374327589,Mouse Moved,216.0,597.0,User6,,
1490374327621,Mouse Moved,218.0,597.0,User6,,
1490374327637,Mouse Moved,219.0,597.0,User6,,
1490374327637,Mouse Moved,220.0,597.0,User6,,
1490374327637,Mouse Moved,221.0,597.0,User6,,
1490374327698,Mouse Moved,222.0,597.0,User6,,
1490374327698,Mouse Moved,222.0,598.0,User6,,
1490374327933,Mouse Moved,221.0,598.0,User6,,
1490374327980,Mouse Moved,224.0,595.0,User6,,
1490374327994,Mouse Moved,236.0,583.0,User6,,
1490374328010,Mouse Moved,268.0,547.0,User6,,
1490374328026,Mouse Moved,318.0,504.0,User6,,
1490374328026,Mouse Moved,399.0,449.0,User6,,
1490374328042,Mouse Moved,460.0,392.0,User6,,
1490374328058,Mouse Moved,536.0,356.0,User6,,
1490374328072,Mouse Moved,621.0,287.0,User6,,
1490374328088,Mouse Moved,686.0,239.0,User6,,
1490374328105,Mouse Moved,731.0,215.0,User6,,
1490374328105,Mouse Moved,774.0,200.0,User6,,
1490374328119,Mouse Moved,798.0,189.0,User6,,
1490374328135,Mouse Moved,821.0,183.0,User6,,
1490374328151,Mouse Moved,845.0,172.0,User6,,
1490374328167,Mouse Moved,861.0,163.0,User6,,
1490374328183,Mouse Moved,863.0,161.0,User6,,
1490374328197,Mouse Moved,865.0,161.0,User6,,
1490374328213,Mouse Moved,862.0,160.0,User6,,
1490374328526,Mouse Moved,863.0,158.0,User6,,
1490374328540,Mouse Moved,864.0,156.0,User6,,
1490374328556,Mouse Moved,865.0,153.0,User6,,
1490374328572,Mouse Moved,869.0,144.0,User6,,
1490374328588,Mouse Moved,872.0,139.0,User6,,
1490374328604,Mouse Moved,891.0,114.0,User6,,
1490374328618,Mouse Moved,896.0,106.0,User6,,
1490374328634,Mouse Moved,902.0,97.0,User6,,
1490374328651,Mouse Moved,910.0,84.0,User6,,
1490374328665,Mouse Moved,912.0,77.0,User6,,
1490374328681,Mouse Moved,916.0,75.0,User6,,
1490374328681,Mouse Moved,919.0,70.0,User6,,
1490374328697,Mouse Moved,922.0,68.0,User6,,
1490374328713,Mouse Moved,927.0,60.0,User6,,
1490374328729,Mouse Moved,927.0,62.0,User6,,
1490374328743,Mouse Moved,928.0,60.0,User6,,
1490374328743,Mouse Moved,930.0,59.0,User6,,
1490374328775,Mouse Moved,931.0,59.0,User6,,
1490374328790,Mouse Moved,931.0,58.0,User6,,
1490374328806,Mouse Moved,932.0,58.0,User6,,
1490374328822,Mouse Moved,932.0,56.0,User6,,
1490374328822,Mouse Moved,933.0,56.0,User6,,
1490374328838,Mouse Moved,935.0,54.0,User6,,
1490374328852,Mouse Moved,936.0,51.0,User6,,
1490374328868,Mouse Moved,939.0,43.0,User6,,
1490374328884,Mouse Moved,942.0,30.0,User6,,
1490374328900,Mouse Moved,944.0,28.0,User6,,
1490374328930,Mouse Moved,945.0,27.0,User6,,
1490374329150,Mouse Moved,945.0,28.0,User6,,
1490374329197,Mouse Moved,945.0,27.0,User6,,
1490374329851,Mouse Moved,945.0,26.0,User6,,
1490374329867,Mouse Moved,945.0,23.0,User6,,
1490374329882,Mouse Moved,945.0,21.0,User6,,
1490374329898,Mouse Moved,945.0,19.0,User6,,
1490374329944,Mouse Moved,945.0,17.0,User6,,
1490374329960,Mouse Moved,945.0,16.0,User6,,
1490374329976,Mouse Moved,945.0,14.0,User6,,
1490374329992,Mouse Moved,945.0,13.0,User6,,
1490374330007,Mouse Moved,945.0,12.0,User6,,
1490374330039,Mouse Moved,945.0,11.0,User6,,
1490374330055,Mouse Moved,945.0,9.0,User6,,
1490374330289,Mouse Moved,945.0,9.0,User6,,
1490374330428,Mouse Moved,945.0,9.0,User6,,
1490374330772,Mouse Moved,943.0,10.0,User6,,
1490374330772,Mouse Moved,940.0,12.0,User6,,
1490374330802,Mouse Moved,935.0,14.0,User6,,
1490374330802,Mouse Moved,921.0,20.0,User6,,
1490374330819,Mouse Moved,899.0,31.0,User6,,
1490374330819,Mouse Moved,872.0,55.0,User6,,
1490374330835,Mouse Moved,836.0,80.0,User6,,
1490374330849,Mouse Moved,802.0,110.0,User6,,
1490374330865,Mouse Moved,754.0,132.0,User6,,
1490374330881,Mouse Moved,677.0,176.0,User6,,
1490374330897,Mouse Moved,584.0,232.0,User6,,
1490374330897,Mouse Moved,507.0,276.0,User6,,
1490374330913,Mouse Moved,447.0,307.0,User6,,
1490374330927,Mouse Moved,391.0,348.0,User6,,
1490374330944,Mouse Moved,331.0,377.0,User6,,
1490374330959,Mouse Moved,279.0,410.0,User6,,
1490374330974,Mouse Moved,237.0,439.0,User6,,
1490374330974,Mouse Moved,211.0,454.0,User6,,
1490374330990,Mouse Moved,202.0,461.0,User6,,
1490374331006,Mouse Moved,195.0,467.0,User6,,
1490374331022,Mouse Moved,190.0,470.0,User6,,
1490374331036,Mouse Moved,187.0,472.0,User6,,
1490374331459,Mouse Moved,186.0,474.0,User6,,
1490374331473,Mouse Moved,186.0,475.0,User6,,
1490374331490,Mouse Moved,185.0,475.0,User6,,
1490374331505,Mouse Moved,183.0,475.0,User6,,
1490374331520,Mouse Moved,181.0,479.0,User6,,
1490374331536,Mouse Moved,178.0,479.0,User6,,
1490374331552,Mouse Moved,176.0,481.0,User6,,
1490374331552,Mouse Moved,174.0,481.0,User6,,
1490374331582,Mouse Moved,170.0,486.0,User6,,
1490374331582,Mouse Moved,168.0,486.0,User6,,
1490374331598,Mouse Moved,166.0,488.0,User6,,
1490374331615,Mouse Moved,165.0,488.0,User6,,
1490374331645,Mouse Moved,164.0,491.0,User6,,
1490374331693,Mouse Moved,164.0,489.0,User6,,
1490374331707,Mouse Moved,164.0,491.0,User6,,
1490374331723,Mouse Moved,164.0,492.0,User6,,
1490374331739,Mouse Moved,164.0,494.0,User6,,
1490374331755,Mouse Moved,164.0,496.0,User6,,
1490374331770,Mouse Moved,169.0,505.0,User6,,
1490374331786,Mouse Moved,177.0,527.0,User6,,
1490374331802,Mouse Moved,192.0,556.0,User6,,
1490374331816,Mouse Moved,200.0,558.0,User6,,
1490374331832,Mouse Moved,207.0,570.0,User6,,
1490374331848,Mouse Moved,209.0,574.0,User6,,
1490374331864,Mouse Moved,210.0,574.0,User6,,
1490374332082,Mouse Moved,217.0,574.0,User6,,
1490374332098,Mouse Moved,221.0,577.0,User6,,
1490374332114,Mouse Moved,231.0,581.0,User6,,
1490374332128,Mouse Moved,248.0,591.0,User6,,
1490374332144,Mouse Moved,327.0,630.0,User6,,
1490374332161,Mouse Moved,366.0,658.0,User6,,
1490374332176,Mouse Moved,380.0,670.0,User6,,
1490374333190,Mouse Moved,411.0,670.0,User6,,
1490374333206,Mouse Moved,411.0,666.0,User6,,
1490374333220,Mouse Moved,411.0,662.0,User6,,
1490374333236,Mouse Moved,411.0,659.0,User6,,
1490374333253,Mouse Moved,411.0,653.0,User6,,
1490374333267,Mouse Moved,411.0,652.0,User6,,
1490374333283,Mouse Moved,411.0,651.0,User6,,
1490374333595,Mouse Moved,411.0,651.0,User6,,
1490374333752,Mouse Moved,411.0,651.0,User6,,
1490374334375,Mouse Moved,411.0,650.0,User6,,
1490374334391,Mouse Moved,411.0,647.0,User6,,
1490374334407,Mouse Moved,411.0,645.0,User6,,
1490374334423,Mouse Moved,411.0,639.0,User6,,
1490374334437,Mouse Moved,411.0,628.0,User6,,
1490374334437,Mouse Moved,411.0,606.0,User6,,
1490374334453,Mouse Moved,411.0,592.0,User6,,
1490374334469,Mouse Moved,411.0,579.0,User6,,
1490374334484,Mouse Moved,413.0,554.0,User6,,
1490374334500,Mouse Moved,414.0,540.0,User6,,
1490374334516,Mouse Moved,414.0,523.0,User6,,
1490374334516,Mouse Moved,417.0,505.0,User6,,
1490374334532,Mouse Moved,417.0,490.0,User6,,
1490374334546,Mouse Moved,418.0,473.0,User6,,
1490374334562,Mouse Moved,420.0,464.0,User6,,
1490374334578,Mouse Moved,424.0,451.0,User6,,
1490374334594,Mouse Moved,425.0,450.0,User6,,
1490374334594,Mouse Moved,424.0,451.0,User6,,
1490374334609,Mouse Moved,424.0,450.0,User6,,
1490374334657,Mouse Moved,424.0,452.0,User6,,
1490374334657,Mouse Moved,421.0,461.0,User6,,
1490374334671,Mouse Moved,418.0,471.0,User6,,
1490374334671,Mouse Moved,416.0,491.0,User6,,
1490374334687,Mouse Moved,416.0,495.0,User6,,
1490374334703,Mouse Moved,416.0,497.0,User6,,
1490374334703,Mouse Moved,414.0,505.0,User6,,
1490374334719,Mouse Moved,414.0,511.0,User6,,
1490374334734,Mouse Moved,414.0,521.0,User6,,
1490374334750,Mouse Moved,414.0,525.0,User6,,
1490374334766,Mouse Moved,414.0,529.0,User6,,
1490374334766,Mouse Moved,413.0,535.0,User6,,
1490374334780,Mouse Moved,412.0,540.0,User6,,
1490374334796,Mouse Moved,410.0,543.0,User6,,
1490374334828,Mouse Moved,408.0,544.0,User6,,
1490374334891,Mouse Moved,408.0,546.0,User6,,
1490374334905,Mouse Moved,408.0,544.0,User6,,
1490374334937,Mouse Moved,408.0,542.0,User6,,
1490374334953,Mouse Moved,408.0,537.0,User6,,
1490374334969,Mouse Moved,407.0,529.0,User6,,
1490374334983,Mouse Moved,405.0,516.0,User6,,
1490374334983,Mouse Moved,403.0,509.0,User6,,
1490374335000,Mouse Moved,402.0,498.0,User6,,
1490374335015,Mouse Moved,400.0,462.0,User6,,
1490374335030,Mouse Moved,400.0,444.0,User6,,
1490374335030,Mouse Moved,400.0,428.0,User6,,
1490374335046,Mouse Moved,400.0,411.0,User6,,
1490374335062,Mouse Moved,400.0,387.0,User6,,
1490374335062,Mouse Moved,399.0,369.0,User6,,
1490374335092,Mouse Moved,399.0,358.0,User6,,
1490374335092,Mouse Moved,404.0,348.0,User6,,
1490374335920,Mouse Moved,389.0,341.0,User6,,
1490374335936,Mouse Moved,362.0,327.0,User6,,
1490374335950,Mouse Moved,318.0,318.0,User6,,
1490374335967,Mouse Moved,295.0,318.0,User6,,
1490374335983,Mouse Moved,255.0,301.0,User6,,
1490374335997,Mouse Moved,222.0,301.0,User6,,
1490374336013,Mouse Moved,191.0,288.0,User6,,
1490374336029,Mouse Moved,161.0,279.0,User6,,
1490374336045,Mouse Moved,139.0,279.0,User6,,
1490374336061,Mouse Moved,130.0,273.0,User6,,
1490374336075,Mouse Moved,123.0,271.0,User6,,
1490374336092,Mouse Moved,119.0,273.0,User6,,
1490374336107,Mouse Moved,118.0,273.0,User6,,
1490374336138,Mouse Moved,118.0,271.0,User6,,
1490374336529,Mouse Moved,133.0,277.0,User6,,
1490374336543,Mouse Moved,143.0,282.0,User6,,
1490374336559,Mouse Moved,150.0,283.0,User6,,
1490374336575,Mouse Moved,171.0,305.0,User6,,
1490374336591,Mouse Moved,192.0,313.0,User6,,
1490374336607,Mouse Moved,237.0,339.0,User6,,
1490374336607,Mouse Moved,249.0,344.0,User6,,
1490374336638,Mouse Moved,261.0,353.0,User6,,
1490374336638,Mouse Moved,277.0,363.0,User6,,
1490374336653,Mouse Moved,306.0,377.0,User6,,
1490374336668,Mouse Moved,321.0,381.0,User6,,
1490374336684,Mouse Moved,328.0,386.0,User6,,
1490374336700,Mouse Moved,337.0,390.0,User6,,
1490374336716,Mouse Moved,348.0,404.0,User6,,
1490374336730,Mouse Moved,353.0,417.0,User6,,
1490374337028,Mouse Moved,353.0,416.0,User6,,
1490374337042,Mouse Scrolled (0 -2),353.0,416.0,User6,,
1490374337059,Mouse Moved,353.0,416.0,User6,,
1490374337137,Mouse Moved,353.0,416.0,User6,,
1490374337621,Mouse Moved,353.0,416.0,User6,,
1490374337651,Mouse Moved,353.0,416.0,User6,,
1490374338010,Mouse Moved,353.0,416.0,User6,,
1490374338026,Mouse Moved,353.0,416.0,User6,,
1490374338042,Mouse Moved,353.0,416.0,User6,,
1490374338056,Mouse Moved,353.0,416.0,User6,,
1490374338072,Mouse Moved,353.0,416.0,User6,,
1490374338088,Mouse Moved,353.0,416.0,User6,,
1490374338104,Mouse Moved,353.0,416.0,User6,,
1490374338119,Mouse Moved,353.0,416.0,User6,,
1490374338134,Mouse Moved,353.0,416.0,User6,,
1490374338151,Mouse Moved,353.0,416.0,User6,,
1490374338463,Mouse Moved,346.0,416.0,User6,,
1490374338463,Mouse Moved,336.0,413.0,User6,,
1490374338479,Mouse Moved,316.0,410.0,User6,,
1490374338493,Mouse Moved,297.0,406.0,User6,,
1490374338509,Mouse Moved,260.0,394.0,User6,,
1490374338525,Mouse Moved,233.0,392.0,User6,,
1490374338540,Mouse Moved,204.0,375.0,User6,,
1490374338540,Mouse Moved,198.0,374.0,User6,,
1490374338556,Mouse Moved,189.0,358.0,User6,,
1490374338572,Mouse Moved,186.0,358.0,User6,,
1490374338572,Mouse Moved,178.0,354.0,User6,,
1490374338588,Mouse Moved,177.0,354.0,User6,,
1490374338618,Mouse Moved,175.0,352.0,User6,,
1490374338618,Mouse Moved,173.0,352.0,User6,,
1490374338618,Mouse Moved,173.0,351.0,User6,,
1490374338634,Mouse Moved,172.0,355.0,User6,,
1490374338665,Mouse Moved,172.0,354.0,User6,,
1490374338680,Mouse Moved,172.0,353.0,User6,,
1490374338697,Mouse Moved,172.0,351.0,User6,,
1490374338713,Mouse Moved,172.0,353.0,User6,,
1490374338759,Mouse Moved,172.0,354.0,User6,,
1490374338775,Mouse Moved,172.0,355.0,User6,,
1490374338805,Mouse Moved,171.0,358.0,User6,,
1490374338822,Mouse Moved,170.0,360.0,User6,,
1490374338822,Mouse Moved,170.0,363.0,User6,,
1490374338836,Mouse Moved,170.0,365.0,User6,,
1490374338868,Mouse Moved,169.0,367.0,User6,,
1490374338884,Mouse Moved,168.0,368.0,User6,,
1490374338900,Mouse Moved,168.0,369.0,User6,,
1490374338914,Mouse Moved,168.0,372.0,User6,,
1490374338930,Mouse Moved,168.0,374.0,User6,,
1490374338947,Mouse Moved,168.0,378.0,User6,,
1490374338961,Mouse Moved,168.0,386.0,User6,,
1490374338961,Mouse Moved,168.0,389.0,User6,,
1490374338977,Mouse Moved,168.0,393.0,User6,,
1490374339025,Mouse Moved,169.0,393.0,User6,,
1490374339102,Mouse Moved,169.0,391.0,User6,,
1490374339196,Mouse Moved,169.0,394.0,User6,,
1490374339460,Mouse Moved,169.0,394.0,User6,,
1490374339601,Mouse Moved,169.0,394.0,User6,,
1490374339617,Mouse Button.left Released,169.0,394.0,User6,,
1490374340569,Mouse Moved,170.0,393.0,User6,,
1490374340585,Mouse Moved,170.0,392.0,User6,,
1490374340599,Mouse Moved,171.0,391.0,User6,,
1490374340615,Mouse Moved,174.0,388.0,User6,,
1490374340631,Mouse Moved,176.0,387.0,User6,,
1490374340647,Mouse Moved,178.0,386.0,User6,,
1490374340663,Mouse Moved,180.0,383.0,User6,,
1490374340677,Mouse Moved,184.0,377.0,User6,,
1490374340694,Mouse Moved,185.0,376.0,User6,,
1490374340709,Mouse Moved,186.0,372.0,User6,,
1490374340724,Mouse Moved,188.0,369.0,User6,,
1490374340740,Mouse Moved,189.0,369.0,User6,,
1490374340756,Mouse Moved,192.0,364.0,User6,,
1490374340772,Mouse Moved,193.0,364.0,User6,,
1490374340786,Mouse Moved,193.0,363.0,User6,,
1490374340802,Mouse Moved,194.0,362.0,User6,,
1490374340819,Mouse Moved,195.0,362.0,User6,,
1490374340834,Mouse Moved,196.0,359.0,User6,,
1490374340849,Mouse Moved,196.0,358.0,User6,,
1490374340943,Mouse Moved,197.0,358.0,User6,,
1490374341006,Mouse Moved,198.0,358.0,User6,,
1490374341020,Mouse Moved,200.0,358.0,User6,,
1490374341036,Mouse Moved,201.0,358.0,User6,,
1490374341052,Mouse Moved,202.0,358.0,User6,,
1490374341068,Mouse Moved,203.0,358.0,User6,,
1490374341084,Mouse Moved,205.0,358.0,User6,,
1490374341098,Mouse Moved,206.0,355.0,User6,,
1490374341115,Mouse Moved,211.0,348.0,User6,,
1490374341131,Mouse Moved,213.0,345.0,User6,,
1490374341145,Mouse Moved,215.0,342.0,User6,,
1490374341161,Mouse Moved,215.0,339.0,User6,,
1490374341177,Mouse Moved,218.0,335.0,User6,,
1490374341193,Mouse Moved,218.0,334.0,User6,,
1490374341223,Mouse Moved,216.0,333.0,User6,,
1490374341240,Mouse Moved,218.0,333.0,User6,,
1490374341302,Mouse Moved,217.0,333.0,User6,,
1490374341302,Mouse Moved,215.0,333.0,User6,,
1490374341318,Mouse Moved,210.0,333.0,User6,,
1490374341332,Mouse Moved,209.0,333.0,User6,,
1490374341348,Mouse Moved,207.0,333.0,User6,,
1490374341365,Mouse Moved,205.0,333.0,User6,,
1490374341380,Mouse Moved,202.0,333.0,User6,,
1490374341395,Mouse Moved,197.0,336.0,User6,,
1490374341411,Mouse Moved,196.0,336.0,User6,,
1490374341427,Mouse Moved,195.0,338.0,User6,,
1490374341457,Mouse Moved,194.0,339.0,User6,,
1490374341473,Mouse Moved,193.0,340.0,User6,,
1490374341489,Mouse Moved,192.0,343.0,User6,,
1490374341505,Mouse Moved,191.0,343.0,User6,,
1490374341520,Mouse Moved,190.0,345.0,User6,,
1490374341536,Mouse Moved,189.0,347.0,User6,,
1490374341707,Mouse Moved,189.0,349.0,User6,,
1490374341739,Mouse Moved,189.0,347.0,User6,,
1490374341801,Mouse Moved,189.0,347.0,User6,,
1490374341941,Mouse Moved,189.0,347.0,User6,,
1490374341957,Mouse Button.left Released,189.0,347.0,User6,,
1490374342503,Mouse Moved,190.0,347.0,User6,,
1490374342535,Mouse Moved,191.0,345.0,User6,,
1490374342549,Mouse Moved,194.0,343.0,User6,,
1490374342581,Mouse Moved,196.0,342.0,User6,,
1490374342581,Mouse Moved,198.0,334.0,User6,,
1490374342581,Mouse Moved,199.0,332.0,User6,,
1490374342596,Mouse Moved,204.0,327.0,User6,,
1490374342612,Mouse Moved,205.0,325.0,User6,,
1490374342628,Mouse Moved,206.0,325.0,User6,,
1490374342644,Mouse Moved,208.0,318.0,User6,,
1490374342658,Mouse Moved,212.0,309.0,User6,,
1490374342674,Mouse Moved,218.0,304.0,User6,,
1490374342690,Mouse Moved,218.0,302.0,User6,,
1490374342706,Mouse Moved,223.0,302.0,User6,,
1490374342721,Mouse Moved,225.0,300.0,User6,,
1490374342721,Mouse Moved,229.0,300.0,User6,,
1490374342736,Mouse Moved,231.0,295.0,User6,,
1490374342753,Mouse Moved,237.0,294.0,User6,,
1490374342769,Mouse Moved,241.0,292.0,User6,,
1490374342769,Mouse Moved,250.0,290.0,User6,,
1490374342783,Mouse Moved,262.0,290.0,User6,,
1490374342799,Mouse Moved,274.0,290.0,User6,,
1490374342815,Mouse Moved,289.0,290.0,User6,,
1490374342831,Mouse Moved,301.0,290.0,User6,,
1490374342831,Mouse Moved,313.0,290.0,User6,,
1490374342846,Mouse Moved,326.0,292.0,User6,,
1490374342846,Mouse Moved,333.0,293.0,User6,,
1490374342878,Mouse Moved,349.0,294.0,User6,,
1490374342878,Mouse Moved,362.0,301.0,User6,,
1490374342892,Mouse Moved,369.0,303.0,User6,,
1490374342908,Mouse Moved,374.0,303.0,User6,,
1490374342924,Mouse Moved,378.0,306.0,User6,,
1490374342924,Mouse Moved,380.0,307.0,User6,,
1490374342940,Mouse Moved,382.0,308.0,User6,,
1490374342956,Mouse Moved,382.0,309.0,User6,,
1490374342970,Mouse Moved,382.0,310.0,User6,,
1490374342970,Mouse Moved,382.0,312.0,User6,,
1490374342986,Mouse Moved,382.0,315.0,User6,,
1490374343003,Mouse Moved,382.0,319.0,User6,,
1490374343017,Mouse Moved,381.0,322.0,User6,,
1490374343033,Mouse Moved,380.0,326.0,User6,,
1490374343049,Mouse Moved,378.0,327.0,User6,,
1490374343049,Mouse Moved,376.0,329.0,User6,,
1490374343065,Mouse Moved,376.0,332.0,User6,,
1490374343081,Mouse Moved,376.0,333.0,User6,,
1490374343095,Mouse Moved,376.0,334.0,User6,,
1490374343111,Mouse Moved,373.0,334.0,User6,,
1490374343127,Mouse Moved,371.0,334.0,User6,,
1490374344048,Mouse Moved,370.0,334.0,User6,,
1490374344078,Mouse Moved,367.0,335.0,User6,,
1490374344109,Mouse Moved,366.0,335.0,User6,,
1490374344109,Mouse Moved,365.0,335.0,User6,,
1490374344125,Mouse Moved,363.0,335.0,User6,,
1490374344141,Mouse Moved,361.0,335.0,User6,,
1490374344157,Mouse Moved,357.0,333.0,User6,,
1490374344157,Mouse Moved,353.0,333.0,User6,,
1490374344173,Mouse Moved,352.0,333.0,User6,,
1490374344187,Mouse Moved,350.0,333.0,User6,,
1490374344203,Mouse Moved,349.0,333.0,User6,,
1490374344219,Mouse Moved,346.0,333.0,User6,,
1490374344234,Mouse Moved,345.0,333.0,User6,,
1490374344250,Mouse Moved,342.0,331.0,User6,,
1490374344266,Mouse Moved,341.0,331.0,User6,,
1490374344282,Mouse Moved,340.0,331.0,User6,,
1490374344296,Mouse Moved,340.0,327.0,User6,,
1490374344312,Mouse Moved,337.0,324.0,User6,,
1490374344312,Mouse Moved,336.0,323.0,User6,,
1490374344328,Mouse Moved,334.0,314.0,User6,,
1490374344344,Mouse Moved,334.0,309.0,User6,,
1490374344359,Mouse Moved,334.0,296.0,User6,,
1490374344375,Mouse Moved,336.0,280.0,User6,,
1490374344391,Mouse Moved,337.0,278.0,User6,,
1490374344421,Mouse Moved,339.0,275.0,User6,,
1490374344437,Mouse Moved,339.0,274.0,User6,,
1490374344469,Mouse Moved,340.0,275.0,User6,,
1490374344484,Mouse Moved,340.0,274.0,User6,,
1490374344500,Mouse Moved,342.0,274.0,User6,,
1490374344516,Mouse Moved,347.0,271.0,User6,,
1490374344530,Mouse Moved,348.0,271.0,User6,,
1490374344546,Mouse Moved,351.0,271.0,User6,,
1490374344562,Mouse Moved,353.0,271.0,User6,,
1490374344578,Mouse Moved,356.0,271.0,User6,,
1490374344594,Mouse Moved,359.0,271.0,User6,,
1490374344608,Mouse Moved,361.0,271.0,User6,,
1490374344625,Mouse Moved,363.0,271.0,User6,,
1490374344641,Mouse Moved,364.0,271.0,User6,,
1490374344655,Mouse Moved,367.0,272.0,User6,,
1490374344687,Mouse Moved,368.0,272.0,User6,,
1490374344812,Mouse Moved,369.0,272.0,User6,,
1490374344842,Mouse Moved,369.0,273.0,User6,,
1490374344858,Mouse Moved,371.0,273.0,User6,,
1490374344875,Mouse Moved,373.0,275.0,User6,,
1490374344890,Mouse Moved,375.0,276.0,User6,,
1490374344905,Mouse Moved,376.0,278.0,User6,,
1490374344921,Mouse Moved,379.0,280.0,User6,,
1490374344953,Mouse Moved,382.0,286.0,User6,,
1490374344953,Mouse Moved,387.0,295.0,User6,,
1490374344967,Mouse Moved,392.0,306.0,User6,,
1490374344983,Mouse Moved,397.0,320.0,User6,,
1490374344999,Mouse Moved,401.0,326.0,User6,,
1490374345015,Mouse Moved,404.0,333.0,User6,,
1490374345030,Mouse Moved,406.0,341.0,User6,,
1490374345046,Mouse Moved,406.0,345.0,User6,,
1490374345062,Mouse Moved,408.0,356.0,User6,,
1490374345076,Mouse Moved,409.0,362.0,User6,,
1490374345092,Mouse Moved,409.0,367.0,User6,,
1490374345108,Mouse Moved,409.0,369.0,User6,,
1490374345124,Mouse Moved,409.0,374.0,User6,,
1490374345140,Mouse Moved,409.0,376.0,User6,,
1490374345154,Mouse Moved,408.0,377.0,User6,,
1490374345171,Mouse Moved,405.0,378.0,User6,,
1490374345171,Mouse Moved,405.0,382.0,User6,,
1490374345187,Mouse Moved,402.0,385.0,User6,,
1490374345201,Mouse Moved,396.0,394.0,User6,,
1490374345217,Mouse Moved,392.0,401.0,User6,,
1490374345233,Mouse Moved,384.0,410.0,User6,,
1490374345249,Mouse Moved,375.0,426.0,User6,,
1490374345265,Mouse Moved,365.0,432.0,User6,,
1490374345279,Mouse Moved,362.0,435.0,User6,,
1490374345296,Mouse Moved,356.0,444.0,User6,,
1490374345311,Mouse Moved,352.0,451.0,User6,,
1490374345326,Mouse Moved,346.0,457.0,User6,,
1490374345795,Mouse Moved,349.0,457.0,User6,,
1490374345811,Mouse Moved,352.0,457.0,User6,,
1490374345825,Mouse Moved,361.0,453.0,User6,,
1490374345842,Mouse Moved,417.0,441.0,User6,,
1490374345857,Mouse Moved,458.0,435.0,User6,,
1490374345872,Mouse Moved,485.0,432.0,User6,,
1490374345888,Mouse Moved,509.0,430.0,User6,,
1490374345904,Mouse Moved,535.0,425.0,User6,,
1490374345920,Mouse Moved,602.0,419.0,User6,,
1490374345934,Mouse Moved,622.0,419.0,User6,,
1490374345950,Mouse Moved,631.0,419.0,User6,,
1490374345967,Mouse Moved,639.0,419.0,User6,,
1490374345967,Mouse Moved,646.0,419.0,User6,,
1490374345982,Mouse Moved,649.0,418.0,User6,,
1490374345997,Mouse Moved,647.0,418.0,User6,,
1490374347760,Mouse Moved,647.0,419.0,User6,,
1490374349101,Mouse Moved,647.0,419.0,User6,,
1490374349118,Mouse Scrolled (0 1),647.0,419.0,User6,,
1490374349132,Mouse Moved,647.0,419.0,User6,,
1490374349148,Mouse Moved,647.0,419.0,User6,,
1490374349226,Mouse Moved,647.0,419.0,User6,,
1490374349960,Mouse Moved,637.0,418.0,User6,,
1490374349976,Mouse Moved,627.0,415.0,User6,,
1490374349990,Mouse Moved,606.0,409.0,User6,,
1490374350006,Mouse Moved,596.0,406.0,User6,,
1490374350023,Mouse Moved,585.0,396.0,User6,,
1490374350038,Mouse Moved,576.0,396.0,User6,,
1490374350053,Mouse Moved,563.0,395.0,User6,,
1490374350069,Mouse Moved,535.0,384.0,User6,,
1490374350085,Mouse Moved,528.0,382.0,User6,,
1490374350101,Mouse Moved,522.0,380.0,User6,,
1490374350115,Mouse Moved,517.0,376.0,User6,,
1490374350131,Mouse Moved,512.0,373.0,User6,,
1490374350147,Mouse Moved,506.0,371.0,User6,,
1490374350536,Mouse Moved,503.0,371.0,User6,,
1490374350552,Mouse Moved,495.0,366.0,User6,,
1490374350569,Mouse Moved,490.0,366.0,User6,,
1490374350584,Mouse Moved,478.0,361.0,User6,,
1490374350584,Mouse Moved,473.0,361.0,User6,,
1490374350599,Mouse Moved,462.0,361.0,User6,,
1490374350615,Mouse Moved,454.0,361.0,User6,,
1490374350631,Mouse Moved,441.0,358.0,User6,,
1490374350631,Mouse Moved,431.0,357.0,User6,,
1490374350647,Mouse Moved,411.0,346.0,User6,,
1490374350661,Mouse Moved,394.0,341.0,User6,,
1490374350661,Mouse Moved,376.0,331.0,User6,,
1490374350677,Mouse Moved,367.0,327.0,User6,,
1490374350693,Mouse Moved,360.0,323.0,User6,,
1490374350709,Mouse Moved,350.0,318.0,User6,,
1490374350709,Mouse Moved,347.0,315.0,User6,,
1490374351052,Mouse Moved,336.0,314.0,User6,,
1490374351052,Mouse Moved,330.0,306.0,User6,,
1490374351068,Mouse Moved,321.0,303.0,User6,,
1490374351068,Mouse Moved,307.0,292.0,User6,,
1490374351082,Mouse Moved,299.0,288.0,User6,,
1490374351098,Mouse Moved,287.0,280.0,User6,,
1490374351115,Mouse Moved,271.0,274.0,User6,,
1490374351130,Mouse Moved,263.0,272.0,User6,,
1490374351145,Mouse Moved,257.0,270.0,User6,,
1490374351161,Mouse Moved,252.0,270.0,User6,,
1490374351177,Mouse Moved,249.0,268.0,User6,,
1490374351177,Mouse Moved,247.0,268.0,User6,,
1490374351193,Mouse Moved,244.0,268.0,User6,,
1490374351207,Mouse Moved,241.0,262.0,User6,,
1490374351223,Mouse Moved,234.0,269.0,User6,,
1490374351239,Mouse Moved,226.0,266.0,User6,,
1490374351255,Mouse Moved,218.0,275.0,User6,,
1490374351255,Mouse Moved,216.0,275.0,User6,,
1490374351270,Mouse Moved,213.0,275.0,User6,,
1490374351286,Mouse Moved,210.0,276.0,User6,,
1490374351302,Mouse Moved,207.0,279.0,User6,,
1490374351316,Mouse Moved,206.0,279.0,User6,,
1490374351332,Mouse Moved,202.0,283.0,User6,,
1490374351332,Mouse Moved,201.0,283.0,User6,,
1490374351348,Mouse Moved,199.0,286.0,User6,,
1490374351364,Mouse Moved,197.0,289.0,User6,,
1490374351380,Mouse Moved,195.0,290.0,User6,,
1490374351394,Mouse Moved,192.0,293.0,User6,,
1490374351411,Mouse Moved,192.0,295.0,User6,,
1490374351411,Mouse Moved,191.0,295.0,User6,,
1490374351427,Mouse Moved,190.0,297.0,User6,,
1490374351427,Mouse Moved,189.0,298.0,User6,,
1490374351489,Mouse Moved,188.0,299.0,User6,,
1490374351489,Mouse Moved,187.0,301.0,User6,,
1490374351519,Mouse Moved,187.0,302.0,User6,,
1490374351536,Mouse Moved,186.0,304.0,User6,,
1490374351551,Mouse Moved,185.0,304.0,User6,,
1490374351598,Mouse Moved,184.0,306.0,User6,,
1490374351614,Mouse Moved,184.0,307.0,User6,,
1490374351832,Mouse Moved,185.0,307.0,User6,,
1490374351973,Mouse Moved,185.0,307.0,User6,,
1490374352519,Mouse Moved,186.0,307.0,User6,,
1490374352533,Mouse Moved,187.0,307.0,User6,,
1490374352549,Mouse Moved,189.0,307.0,User6,,
1490374352565,Mouse Moved,194.0,304.0,User6,,
1490374352581,Mouse Moved,201.0,304.0,User6,,
1490374352596,Mouse Moved,225.0,294.0,User6,,
1490374352611,Mouse Moved,234.0,293.0,User6,,
1490374352611,Mouse Moved,255.0,287.0,User6,,
1490374352628,Mouse Moved,275.0,287.0,User6,,
1490374352642,Mouse Moved,324.0,293.0,User6,,
1490374352658,Mouse Moved,340.0,298.0,User6,,
1490374352674,Mouse Moved,350.0,300.0,User6,,
1490374352690,Mouse Moved,356.0,300.0,User6,,
1490374352706,Mouse Moved,372.0,308.0,User6,,
1490374352720,Mouse Moved,382.0,311.0,User6,,
1490374352720,Mouse Moved,389.0,316.0,User6,,
1490374352736,Mouse Moved,396.0,322.0,User6,,
1490374352753,Mouse Moved,397.0,325.0,User6,,
1490374352767,Mouse Moved,399.0,326.0,User6,,
1490374352783,Mouse Moved,402.0,327.0,User6,,
1490374352799,Mouse Moved,405.0,336.0,User6,,
1490374352831,Mouse Moved,403.0,342.0,User6,,
1490374353486,Mouse Moved,403.0,342.0,User6,,
1490374353500,Mouse Moved,403.0,342.0,User6,,
1490374353532,Mouse Moved,403.0,342.0,User6,,
1490374353595,Mouse Moved,403.0,342.0,User6,,
1490374353625,Mouse Moved,403.0,342.0,User6,,
1490374353703,Mouse Moved,403.0,342.0,User6,,
1490374353720,Mouse Moved,403.0,342.0,User6,,
1490374353750,Mouse Moved,403.0,342.0,User6,,
1490374353782,Mouse Moved,403.0,342.0,User6,,
1490374353798,Mouse Scrolled (0 1),403.0,342.0,User6,,
1490374353845,Mouse Moved,403.0,342.0,User6,,
1490374353907,Mouse Moved,403.0,342.0,User6,,
1490374354344,Mouse Moved,403.0,342.0,User6,,
1490374354358,Mouse Moved,403.0,342.0,User6,,
1490374354391,Mouse Moved,403.0,342.0,User6,,
1490374354405,Mouse Moved,403.0,342.0,User6,,
1490374354437,Mouse Moved,403.0,342.0,User6,,
1490374354453,Mouse Moved,403.0,342.0,User6,,
1490374354483,Mouse Moved,403.0,342.0,User6,,
1490374354500,Mouse Moved,403.0,342.0,User6,,
1490374354530,Mouse Moved,403.0,342.0,User6,,
1490374354546,Mouse Moved,403.0,342.0,User6,,
1490374354562,Mouse Moved,403.0,342.0,User6,,
1490374354578,Mouse Scrolled (0 3),403.0,342.0,User6,,
1490374354592,Mouse Moved,403.0,342.0,User6,,
1490374354608,Mouse Moved,403.0,342.0,User6,,
1490374354640,Mouse Moved,403.0,342.0,User6,,
1490374354687,Mouse Moved,403.0,342.0,User6,,
1490374354703,Mouse Moved,403.0,342.0,User6,,
1490374360598,Mouse Moved,397.0,336.0,User6,,
1490374360615,Mouse Moved,388.0,329.0,User6,,
1490374360631,Mouse Moved,379.0,324.0,User6,,
1490374360645,Mouse Moved,372.0,320.0,User6,,
1490374360661,Mouse Moved,367.0,317.0,User6,,
1490374360677,Mouse Moved,356.0,309.0,User6,,
1490374360693,Mouse Moved,340.0,291.0,User6,,
1490374360709,Mouse Moved,332.0,286.0,User6,,
1490374360723,Mouse Moved,327.0,281.0,User6,,
1490374360740,Mouse Moved,317.0,273.0,User6,,
1490374360770,Mouse Moved,300.0,262.0,User6,,
1490374360786,Mouse Moved,290.0,254.0,User6,,
1490374360802,Mouse Moved,286.0,251.0,User6,,
1490374360818,Mouse Moved,283.0,250.0,User6,,
1490374360818,Mouse Moved,277.0,245.0,User6,,
1490374360818,Mouse Moved,272.0,240.0,User6,,
1490374360832,Mouse Moved,263.0,235.0,User6,,
1490374360848,Mouse Moved,261.0,235.0,User6,,
1490374360865,Mouse Moved,259.0,233.0,User6,,
1490374360880,Mouse Moved,259.0,230.0,User6,,
1490374360880,Mouse Moved,257.0,230.0,User6,,
1490374360895,Mouse Moved,257.0,231.0,User6,,
1490374360927,Mouse Moved,259.0,229.0,User6,,
1490374360927,Mouse Moved,265.0,232.0,User6,,
1490374361130,Mouse Moved,263.0,232.0,User6,,
1490374361144,Mouse Moved,259.0,232.0,User6,,
1490374361161,Mouse Moved,254.0,231.0,User6,,
1490374361161,Mouse Moved,249.0,230.0,User6,,
1490374361177,Mouse Moved,244.0,229.0,User6,,
1490374361177,Mouse Moved,239.0,226.0,User6,,
1490374361191,Mouse Moved,230.0,226.0,User6,,
1490374361207,Mouse Moved,227.0,223.0,User6,,
1490374361223,Mouse Moved,221.0,223.0,User6,,
1490374361239,Mouse Moved,218.0,223.0,User6,,
1490374361239,Mouse Moved,216.0,223.0,User6,,
1490374361255,Mouse Moved,210.0,223.0,User6,,
1490374361269,Mouse Moved,209.0,223.0,User6,,
1490374361286,Mouse Moved,205.0,221.0,User6,,
1490374361286,Mouse Moved,203.0,221.0,User6,,
1490374361301,Mouse Moved,200.0,221.0,User6,,
1490374361316,Mouse Moved,198.0,218.0,User6,,
1490374361332,Mouse Moved,197.0,218.0,User6,,
1490374361364,Mouse Moved,194.0,216.0,User6,,
1490374361394,Mouse Moved,194.0,213.0,User6,,
1490374361411,Mouse Moved,194.0,217.0,User6,,
1490374361441,Mouse Moved,194.0,216.0,User6,,
1490374361457,Mouse Moved,194.0,215.0,User6,,
1490374361473,Mouse Moved,193.0,214.0,User6,,
1490374361489,Mouse Moved,193.0,212.0,User6,,
1490374361503,Mouse Moved,192.0,210.0,User6,,
1490374361519,Mouse Moved,192.0,208.0,User6,,
1490374361535,Mouse Moved,192.0,206.0,User6,,
1490374361551,Mouse Moved,192.0,207.0,User6,,
1490374361566,Mouse Moved,192.0,201.0,User6,,
1490374361582,Mouse Moved,192.0,197.0,User6,,
1490374361582,Mouse Moved,193.0,197.0,User6,,
1490374361598,Mouse Moved,195.0,194.0,User6,,
1490374361612,Mouse Moved,199.0,193.0,User6,,
1490374361628,Mouse Moved,213.0,171.0,User6,,
1490374361644,Mouse Moved,238.0,150.0,User6,,
1490374361644,Mouse Moved,269.0,132.0,User6,,
1490374361660,Mouse Moved,302.0,110.0,User6,,
1490374361676,Mouse Moved,326.0,92.0,User6,,
1490374361690,Mouse Moved,355.0,74.0,User6,,
1490374361707,Mouse Moved,382.0,63.0,User6,,
1490374361723,Mouse Moved,406.0,41.0,User6,,
1490374361723,Mouse Moved,425.0,31.0,User6,,
1490374361737,Mouse Moved,437.0,24.0,User6,,
1490374361753,Mouse Moved,444.0,17.0,User6,,
1490374362174,Mouse Moved,444.0,19.0,User6,,
1490374362190,Mouse Moved,444.0,20.0,User6,,
1490374362236,Mouse Moved,444.0,22.0,User6,,
1490374362253,Mouse Moved,444.0,24.0,User6,,
1490374362269,Mouse Moved,443.0,26.0,User6,,
1490374362269,Mouse Moved,443.0,27.0,User6,,
1490374362299,Mouse Moved,442.0,28.0,User6,,
1490374362315,Mouse Moved,441.0,30.0,User6,,
1490374362331,Mouse Moved,441.0,32.0,User6,,
1490374362331,Mouse Moved,440.0,33.0,User6,,
1490374362361,Mouse Moved,438.0,38.0,User6,,
1490374362378,Mouse Moved,437.0,39.0,User6,,
1490374362392,Mouse Moved,436.0,41.0,User6,,
1490374362408,Mouse Moved,436.0,42.0,User6,,
1490374362440,Mouse Moved,434.0,43.0,User6,,
1490374362456,Mouse Moved,433.0,44.0,User6,,
1490374362611,Mouse Moved,433.0,45.0,User6,,
1490374362642,Mouse Moved,433.0,44.0,User6,,
1490374362690,Mouse Moved,433.0,44.0,User6,,
1490374362861,Mouse Moved,434.0,44.0,User6,,
1490374362861,Mouse Moved,437.0,47.0,User6,,
1490374362877,Mouse Moved,441.0,45.0,User6,,
1490374362892,Mouse Moved,451.0,40.0,User6,,
1490374362907,Mouse Moved,459.0,40.0,User6,,
1490374362924,Mouse Moved,472.0,37.0,User6,,
1490374362924,Mouse Moved,479.0,37.0,User6,,
1490374362938,Mouse Moved,487.0,35.0,User6,,
1490374362954,Mouse Moved,497.0,35.0,User6,,
1490374362970,Mouse Moved,505.0,32.0,User6,,
1490374362986,Mouse Moved,514.0,30.0,User6,,
1490374362986,Mouse Moved,522.0,30.0,User6,,
1490374363002,Mouse Moved,524.0,30.0,User6,,
1490374363016,Mouse Moved,527.0,27.0,User6,,
1490374363049,Mouse Moved,529.0,27.0,User6,,
1490374363204,Mouse Moved,530.0,24.0,User6,,
1490374363220,Mouse Button.left Released,530.0,24.0,User6,,
1490374363532,Mouse Moved,530.0,25.0,User6,,
1490374363548,Mouse Moved,530.0,24.0,User6,,
1490374363609,Mouse Moved,530.0,29.0,User6,,
1490374363657,Mouse Moved,529.0,30.0,User6,,
1490374363657,Mouse Moved,529.0,32.0,User6,,
1490374363673,Mouse Moved,529.0,33.0,User6,,
1490374363673,Mouse Moved,528.0,34.0,User6,,
1490374363687,Mouse Moved,528.0,35.0,User6,,
1490374363719,Mouse Moved,527.0,36.0,User6,,
1490374363734,Mouse Moved,527.0,38.0,User6,,
1490374363734,Mouse Moved,526.0,39.0,User6,,
1490374363750,Mouse Moved,525.0,41.0,User6,,
1490374363766,Mouse Moved,525.0,42.0,User6,,
1490374363782,Mouse Moved,522.0,42.0,User6,,
1490374363875,Mouse Moved,523.0,44.0,User6,,
1490374363969,Mouse Moved,521.0,44.0,User6,,
1490374364016,Mouse Moved,518.0,44.0,User6,,
1490374364016,Mouse Moved,516.0,44.0,User6,,
1490374364030,Mouse Moved,516.0,42.0,User6,,
1490374364046,Mouse Moved,514.0,42.0,User6,,
1490374364094,Mouse Moved,513.0,41.0,User6,,
1490374364094,Mouse Moved,513.0,40.0,User6,,
1490374364155,Mouse Moved,513.0,39.0,User6,,
1490374364171,Mouse Moved,515.0,38.0,User6,,
1490374364187,Mouse Moved,516.0,37.0,User6,,
1490374364203,Mouse Moved,517.0,36.0,User6,,
1490374364219,Mouse Moved,518.0,36.0,User6,,
1490374364219,Mouse Moved,521.0,35.0,User6,,
1490374364250,Mouse Moved,523.0,35.0,User6,,
1490374364250,Mouse Moved,524.0,33.0,User6,,
1490374364280,Mouse Moved,525.0,32.0,User6,,
1490374364375,Mouse Moved,524.0,32.0,User6,,
1490374364390,Mouse Moved,524.0,33.0,User6,,
1490374364437,Mouse Moved,524.0,34.0,User6,,
1490374364654,Mouse Moved,525.0,34.0,User6,,
1490374364717,Mouse Moved,523.0,34.0,User6,,
1490374364842,Mouse Moved,522.0,34.0,User6,,
1490374364858,Mouse Moved,520.0,36.0,User6,,
1490374364858,Mouse Moved,518.0,37.0,User6,,
1490374364874,Mouse Moved,517.0,38.0,User6,,
1490374364888,Mouse Moved,513.0,39.0,User6,,
1490374364904,Mouse Moved,509.0,42.0,User6,,
1490374364921,Mouse Moved,506.0,42.0,User6,,
1490374364936,Mouse Moved,503.0,45.0,User6,,
1490374364951,Mouse Moved,502.0,47.0,User6,,
1490374364951,Mouse Moved,499.0,49.0,User6,,
1490374364967,Mouse Moved,498.0,49.0,User6,,
1490374364983,Mouse Moved,497.0,49.0,User6,,
1490374365013,Mouse Moved,497.0,48.0,User6,,
1490374365029,Mouse Moved,497.0,50.0,User6,,
1490374365404,Mouse Moved,497.0,51.0,User6,,
1490374365934,Mouse Moved,497.0,51.0,User6,,
1490374366855,Mouse Moved,489.0,56.0,User6,,
1490374366855,Mouse Moved,472.0,60.0,User6,,
1490374366871,Mouse Moved,453.0,60.0,User6,,
1490374366885,Mouse Moved,431.0,72.0,User6,,
1490374366901,Mouse Moved,403.0,75.0,User6,,
1490374366917,Mouse Moved,328.0,87.0,User6,,
1490374366933,Mouse Moved,310.0,87.0,User6,,
1490374366948,Mouse Moved,283.0,89.0,User6,,
1490374366963,Mouse Moved,252.0,85.0,User6,,
1490374366980,Mouse Moved,221.0,82.0,User6,,
1490374366994,Mouse Moved,184.0,78.0,User6,,
1490374366994,Mouse Moved,172.0,78.0,User6,,
1490374367010,Mouse Moved,162.0,78.0,User6,,
1490374367026,Mouse Moved,157.0,78.0,User6,,
1490374367042,Mouse Moved,148.0,83.0,User6,,
1490374367354,Mouse Moved,147.0,84.0,User6,,
1490374367354,Mouse Moved,141.0,90.0,User6,,
1490374367369,Mouse Moved,137.0,93.0,User6,,
1490374367384,Mouse Moved,131.0,102.0,User6,,
1490374367401,Mouse Moved,123.0,108.0,User6,,
1490374367417,Mouse Moved,117.0,123.0,User6,,
1490374367431,Mouse Moved,104.0,137.0,User6,,
1490374367431,Mouse Moved,101.0,138.0,User6,,
1490374367463,Mouse Moved,100.0,142.0,User6,,
1490374367479,Mouse Moved,96.0,143.0,User6,,
1490374367479,Mouse Moved,94.0,150.0,User6,,
1490374367494,Mouse Moved,94.0,152.0,User6,,
1490374367509,Mouse Moved,94.0,153.0,User6,,
1490374367526,Mouse Moved,90.0,150.0,User6,,
1490374367775,Mouse Moved,90.0,151.0,User6,,
1490374367790,Mouse Button.left Pressed,90.0,151.0,User6,,
1490374367900,Mouse Moved,90.0,151.0,User6,,
1490374367930,Mouse Moved,90.0,151.0,User6,,
1490374367947,Mouse Button.left Pressed,90.0,151.0,User6,,
1490374368086,Mouse Moved,90.0,151.0,User6,,
1490374368539,Mouse Moved,90.0,149.0,User6,,
1490374368571,Mouse Moved,92.0,149.0,User6,,
1490374368586,Mouse Moved,93.0,149.0,User6,,
1490374368601,Mouse Moved,94.0,153.0,User6,,
1490374368601,Mouse Moved,97.0,153.0,User6,,
1490374368618,Mouse Moved,103.0,151.0,User6,,
1490374368632,Mouse Moved,107.0,151.0,User6,,
1490374368632,Mouse Moved,112.0,151.0,User6,,
1490374368648,Mouse Moved,118.0,151.0,User6,,
1490374368664,Mouse Moved,125.0,154.0,User6,,
1490374368680,Mouse Moved,135.0,154.0,User6,,
1490374368696,Mouse Moved,149.0,156.0,User6,,
1490374368696,Mouse Moved,161.0,161.0,User6,,
1490374368710,Mouse Moved,176.0,166.0,User6,,
1490374368726,Mouse Moved,185.0,166.0,User6,,
1490374368726,Mouse Moved,207.0,174.0,User6,,
1490374368743,Mouse Moved,234.0,185.0,User6,,
1490374368757,Mouse Moved,247.0,188.0,User6,,
1490374368773,Mouse Moved,260.0,191.0,User6,,
1490374368789,Mouse Moved,268.0,191.0,User6,,
1490374368789,Mouse Moved,277.0,199.0,User6,,
1490374368805,Mouse Moved,287.0,199.0,User6,,
1490374368821,Mouse Moved,293.0,199.0,User6,,
1490374368835,Mouse Moved,305.0,199.0,User6,,
1490374369631,Mouse Moved,304.0,199.0,User6,,
1490374369772,Mouse Moved,304.0,199.0,User6,,
1490374369788,Mouse Button.left Released,304.0,199.0,User6,,
1490374379552,Mouse Moved,306.0,199.0,User6,,
1490374379585,Mouse Moved,307.0,199.0,User6,,
1490374379599,Mouse Moved,308.0,198.0,User6,,
1490374379615,Mouse Moved,313.0,197.0,User6,,
1490374379631,Mouse Moved,314.0,196.0,User6,,
1490374379647,Mouse Moved,316.0,195.0,User6,,
1490374379663,Mouse Moved,320.0,193.0,User6,,
1490374379677,Mouse Moved,331.0,186.0,User6,,
1490374379694,Mouse Moved,338.0,182.0,User6,,
1490374379709,Mouse Moved,347.0,173.0,User6,,
1490374379724,Mouse Moved,356.0,168.0,User6,,
1490374379740,Mouse Moved,364.0,163.0,User6,,
1490374379756,Mouse Moved,395.0,132.0,User6,,
1490374379772,Mouse Moved,413.0,120.0,User6,,
1490374379786,Mouse Moved,425.0,111.0,User6,,
1490374379802,Mouse Moved,448.0,99.0,User6,,
1490374379819,Mouse Moved,465.0,87.0,User6,,
1490374379834,Mouse Moved,496.0,61.0,User6,,
1490374379849,Mouse Moved,505.0,56.0,User6,,
1490374379865,Mouse Moved,509.0,48.0,User6,,
1490374379881,Mouse Moved,519.0,45.0,User6,,
1490374379897,Mouse Moved,525.0,44.0,User6,,
1490374379911,Mouse Moved,530.0,39.0,User6,,
1490374379927,Mouse Moved,531.0,37.0,User6,,
1490374379943,Mouse Moved,533.0,37.0,User6,,
1490374380084,Mouse Moved,530.0,39.0,User6,,
1490374380098,Mouse Moved,527.0,42.0,User6,,
1490374380115,Mouse Moved,518.0,55.0,User6,,
1490374380115,Mouse Moved,504.0,72.0,User6,,
1490374380131,Mouse Moved,487.0,86.0,User6,,
1490374380145,Mouse Moved,478.0,92.0,User6,,
1490374380161,Mouse Moved,467.0,104.0,User6,,
1490374380177,Mouse Moved,459.0,116.0,User6,,
1490374380193,Mouse Moved,429.0,151.0,User6,,
1490374380209,Mouse Moved,426.0,156.0,User6,,
1490374380223,Mouse Moved,420.0,161.0,User6,,
1490374380240,Mouse Moved,416.0,163.0,User6,,
1490374380255,Mouse Moved,414.0,166.0,User6,,
1490374380270,Mouse Moved,402.0,173.0,User6,,
1490374380286,Mouse Moved,400.0,173.0,User6,,
1490374382720,Mouse Moved,404.0,170.0,User6,,
1490374382720,Mouse Moved,423.0,158.0,User6,,
1490374382736,Mouse Moved,440.0,150.0,User6,,
1490374382750,Mouse Moved,473.0,126.0,User6,,
1490374382766,Mouse Moved,507.0,93.0,User6,,
1490374382782,Mouse Moved,554.0,73.0,User6,,
1490374382798,Mouse Moved,614.0,62.0,User6,,
1490374382813,Mouse Moved,629.0,57.0,User6,,
1490374382828,Mouse Moved,657.0,49.0,User6,,
1490374382845,Mouse Moved,676.0,46.0,User6,,
1490374382861,Mouse Moved,692.0,42.0,User6,,
1490374382875,Mouse Moved,705.0,41.0,User6,,
1490374382891,Mouse Moved,712.0,39.0,User6,,
1490374382907,Mouse Moved,714.0,39.0,User6,,
1490374382923,Mouse Moved,716.0,39.0,User6,,
1490374383062,Mouse Moved,719.0,39.0,User6,,
1490374383078,Mouse Moved,724.0,36.0,User6,,
1490374383095,Mouse Moved,731.0,33.0,User6,,
1490374383095,Mouse Moved,733.0,31.0,User6,,
1490374383109,Mouse Moved,736.0,31.0,User6,,
1490374383125,Mouse Moved,737.0,31.0,User6,,
1490374383157,Mouse Moved,738.0,30.0,User6,,
1490374383312,Mouse Moved,739.0,29.0,User6,,
1490374383516,Mouse Moved,740.0,29.0,User6,,
1490374383719,Mouse Moved,741.0,29.0,User6,,
1490374383796,Mouse Moved,740.0,29.0,User6,,
1490374383828,Mouse Moved,740.0,29.0,User6,,
1490374384483,Mouse Moved,734.0,32.0,User6,,
1490374384483,Mouse Moved,719.0,38.0,User6,,
1490374384499,Mouse Moved,695.0,51.0,User6,,
1490374384513,Mouse Moved,669.0,68.0,User6,,
1490374384529,Mouse Moved,643.0,82.0,User6,,
1490374384545,Mouse Moved,602.0,106.0,User6,,
1490374384561,Mouse Moved,524.0,141.0,User6,,
1490374384576,Mouse Moved,478.0,161.0,User6,,
1490374384592,Mouse Moved,457.0,176.0,User6,,
1490374384608,Mouse Moved,434.0,192.0,User6,,
1490374384622,Mouse Moved,421.0,200.0,User6,,
1490374384622,Mouse Moved,402.0,216.0,User6,,
1490374384638,Mouse Moved,381.0,225.0,User6,,
1490374384638,Mouse Moved,368.0,231.0,User6,,
1490374384654,Mouse Moved,357.0,237.0,User6,,
1490374384670,Mouse Moved,344.0,244.0,User6,,
1490374384686,Mouse Moved,332.0,255.0,User6,,
1490374384700,Mouse Moved,317.0,261.0,User6,,
1490374384700,Mouse Moved,294.0,280.0,User6,,
1490374384717,Mouse Moved,277.0,290.0,User6,,
1490374384733,Mouse Moved,260.0,297.0,User6,,
1490374384747,Mouse Moved,241.0,309.0,User6,,
1490374384747,Mouse Moved,226.0,313.0,User6,,
1490374384779,Mouse Moved,213.0,319.0,User6,,
1490374384779,Mouse Moved,198.0,326.0,User6,,
1490374384795,Mouse Moved,185.0,327.0,User6,,
1490374384811,Mouse Moved,178.0,330.0,User6,,
1490374384811,Mouse Moved,175.0,330.0,User6,,
1490374384825,Mouse Moved,173.0,330.0,User6,,
1490374384842,Mouse Moved,172.0,330.0,User6,,
1490374384857,Mouse Moved,172.0,325.0,User6,,
1490374385107,Mouse Moved,169.0,325.0,User6,,
1490374385184,Mouse Moved,169.0,330.0,User6,,
1490374385184,Mouse Moved,163.0,342.0,User6,,
1490374385184,Mouse Moved,159.0,365.0,User6,,
1490374385184,Mouse Moved,151.0,377.0,User6,,
1490374385184,Mouse Moved,146.0,387.0,User6,,
1490374385184,Mouse Moved,139.0,404.0,User6,,
1490374385200,Mouse Moved,130.0,428.0,User6,,
1490374385216,Mouse Moved,120.0,449.0,User6,,
1490374385232,Mouse Moved,116.0,471.0,User6,,
1490374385232,Mouse Moved,109.0,480.0,User6,,
1490374385263,Mouse Moved,105.0,492.0,User6,,
1490374385263,Mouse Moved,102.0,503.0,User6,,
1490374385279,Mouse Moved,102.0,507.0,User6,,
1490374385293,Mouse Moved,99.0,513.0,User6,,
1490374385309,Mouse Moved,99.0,514.0,User6,,
1490374385309,Mouse Moved,99.0,515.0,User6,,
1490374385325,Mouse Moved,98.0,516.0,User6,,
1490374385341,Mouse Moved,96.0,517.0,User6,,
1490374385357,Mouse Moved,96.0,518.0,User6,,
1490374385371,Mouse Moved,95.0,518.0,User6,,
1490374385371,Mouse Moved,95.0,519.0,User6,,
1490374385388,Mouse Moved,94.0,520.0,User6,,
1490374385434,Mouse Moved,93.0,521.0,User6,,
1490374385450,Mouse Moved,92.0,523.0,User6,,
1490374385466,Mouse Moved,90.0,524.0,User6,,
1490374385480,Mouse Moved,90.0,526.0,User6,,
1490374385496,Mouse Moved,90.0,529.0,User6,,
1490374385513,Mouse Moved,90.0,531.0,User6,,
1490374385513,Mouse Moved,90.0,534.0,User6,,
1490374385528,Mouse Moved,90.0,535.0,User6,,
1490374385543,Mouse Moved,89.0,537.0,User6,,
1490374385591,Mouse Moved,88.0,539.0,User6,,
1490374392937,Mouse Moved,87.0,541.0,User6,,
1490374392953,Mouse Moved,87.0,547.0,User6,,
1490374392969,Mouse Moved,85.0,553.0,User6,,
1490374392984,Mouse Moved,84.0,561.0,User6,,
1490374392984,Mouse Moved,72.0,570.0,User6,,
1490374393000,Mouse Moved,75.0,579.0,User6,,
1490374393016,Mouse Moved,73.0,589.0,User6,,
1490374393032,Mouse Moved,69.0,600.0,User6,,
1490374393046,Mouse Moved,66.0,616.0,User6,,
1490374393062,Mouse Moved,64.0,622.0,User6,,
1490374393062,Mouse Moved,63.0,629.0,User6,,
1490374393078,Mouse Moved,61.0,636.0,User6,,
1490374393094,Mouse Moved,57.0,639.0,User6,,
1490374393109,Mouse Moved,57.0,644.0,User6,,
1490374393141,Mouse Moved,55.0,645.0,User6,,
1490374393157,Mouse Moved,54.0,646.0,User6,,
1490374393171,Mouse Moved,54.0,647.0,User6,,
1490374393203,Mouse Moved,54.0,648.0,User6,,
1490374393234,Mouse Moved,54.0,649.0,User6,,
1490374393266,Mouse Moved,55.0,651.0,User6,,
1490374393266,Mouse Moved,57.0,653.0,User6,,
1490374393280,Mouse Moved,57.0,657.0,User6,,
1490374393296,Mouse Moved,59.0,659.0,User6,,
1490374393312,Mouse Moved,60.0,660.0,User6,,
1490374393328,Mouse Moved,62.0,663.0,User6,,
1490374393344,Mouse Moved,64.0,663.0,User6,,
1490374393375,Mouse Moved,66.0,663.0,User6,,
1490374393391,Mouse Moved,67.0,663.0,User6,,
1490374393405,Mouse Moved,68.0,660.0,User6,,
1490374393405,Mouse Moved,76.0,660.0,User6,,
1490374393421,Mouse Moved,80.0,656.0,User6,,
1490374393437,Mouse Moved,84.0,655.0,User6,,
1490374393453,Mouse Moved,86.0,653.0,User6,,
1490374393469,Mouse Moved,89.0,649.0,User6,,
1490374393483,Mouse Moved,91.0,648.0,User6,,
1490374393483,Mouse Moved,92.0,646.0,User6,,
1490374393500,Mouse Moved,93.0,645.0,User6,,
1490374393530,Mouse Moved,94.0,643.0,User6,,
1490374393546,Mouse Moved,96.0,640.0,User6,,
1490374393562,Mouse Moved,97.0,640.0,User6,,
1490374393578,Mouse Moved,98.0,638.0,User6,,
1490374393592,Mouse Moved,98.0,637.0,User6,,
1490374393608,Mouse Moved,101.0,636.0,User6,,
1490374393608,Mouse Moved,104.0,634.0,User6,,
1490374393625,Mouse Moved,105.0,632.0,User6,,
1490374394311,Mouse Moved,104.0,632.0,User6,,
1490374394326,Mouse Moved,104.0,633.0,User6,,
1490374394358,Mouse Moved,103.0,634.0,User6,,
1490374394372,Mouse Moved,102.0,635.0,User6,,
1490374394372,Mouse Moved,99.0,638.0,User6,,
1490374394388,Mouse Moved,98.0,639.0,User6,,
1490374394388,Mouse Moved,96.0,643.0,User6,,
1490374394404,Mouse Moved,95.0,644.0,User6,,
1490374394420,Mouse Moved,93.0,644.0,User6,,
1490374394450,Mouse Moved,92.0,646.0,User6,,
1490374394450,Mouse Moved,91.0,646.0,User6,,
1490374394467,Mouse Moved,90.0,648.0,User6,,
1490374394483,Mouse Moved,87.0,648.0,User6,,
1490374394497,Mouse Moved,85.0,649.0,User6,,
1490374394732,Mouse Moved,86.0,648.0,User6,,
1490374394872,Mouse Moved,86.0,648.0,User6,,
1490374395293,Mouse Moved,85.0,646.0,User6,,
1490374395309,Mouse Moved,87.0,642.0,User6,,
1490374395325,Mouse Moved,102.0,620.0,User6,,
1490374395341,Mouse Moved,130.0,583.0,User6,,
1490374395355,Mouse Moved,157.0,550.0,User6,,
1490374395355,Mouse Moved,197.0,500.0,User6,,
1490374395371,Mouse Moved,235.0,467.0,User6,,
1490374395387,Mouse Moved,291.0,415.0,User6,,
1490374395403,Mouse Moved,350.0,379.0,User6,,
1490374395418,Mouse Moved,383.0,349.0,User6,,
1490374395418,Mouse Moved,412.0,332.0,User6,,
1490374395434,Mouse Moved,436.0,311.0,User6,,
1490374395450,Mouse Moved,448.0,308.0,User6,,
1490374395464,Mouse Moved,455.0,303.0,User6,,
1490374395480,Mouse Moved,461.0,299.0,User6,,
1490374395496,Mouse Moved,465.0,297.0,User6,,
1490374395559,Mouse Moved,465.0,299.0,User6,,
1490374395589,Mouse Moved,463.0,302.0,User6,,
1490374395589,Mouse Moved,454.0,310.0,User6,,
1490374395605,Mouse Moved,440.0,323.0,User6,,
1490374395621,Mouse Moved,423.0,333.0,User6,,
1490374395621,Mouse Moved,413.0,349.0,User6,,
1490374395637,Mouse Moved,409.0,354.0,User6,,
1490374395653,Mouse Moved,397.0,356.0,User6,,
1490374395667,Mouse Moved,390.0,365.0,User6,,
1490374395684,Mouse Moved,384.0,372.0,User6,,
1490374395698,Mouse Moved,375.0,379.0,User6,,
1490374395698,Mouse Moved,369.0,381.0,User6,,
1490374395714,Mouse Moved,368.0,383.0,User6,,
1490374395730,Mouse Moved,365.0,383.0,User6,,
1490374395746,Mouse Moved,365.0,386.0,User6,,
1490374395762,Mouse Moved,363.0,386.0,User6,,
1490374395792,Mouse Moved,363.0,387.0,User6,,
1490374395809,Mouse Moved,359.0,387.0,User6,,
1490374395823,Mouse Moved,357.0,394.0,User6,,
1490374395839,Mouse Moved,348.0,401.0,User6,,
1490374396151,Mouse Moved,341.0,399.0,User6,,
1490374396167,Mouse Moved,335.0,396.0,User6,,
1490374396183,Mouse Moved,327.0,394.0,User6,,
1490374396198,Mouse Moved,322.0,392.0,User6,,
1490374396213,Mouse Moved,312.0,391.0,User6,,
1490374396213,Mouse Moved,302.0,388.0,User6,,
1490374396230,Mouse Moved,288.0,388.0,User6,,
1490374396244,Mouse Moved,276.0,387.0,User6,,
1490374396260,Mouse Moved,258.0,375.0,User6,,
1490374396260,Mouse Moved,249.0,381.0,User6,,
1490374396276,Mouse Moved,238.0,373.0,User6,,
1490374396292,Mouse Moved,223.0,367.0,User6,,
1490374396308,Mouse Moved,213.0,367.0,User6,,
1490374396308,Mouse Moved,205.0,367.0,User6,,
1490374396338,Mouse Moved,198.0,367.0,User6,,
1490374396338,Mouse Moved,188.0,359.0,User6,,
1490374396338,Mouse Moved,175.0,356.0,User6,,
1490374396697,Mouse Moved,175.0,350.0,User6,,
1490374396713,Mouse Moved,175.0,340.0,User6,,
1490374396729,Mouse Moved,175.0,334.0,User6,,
1490374396744,Mouse Moved,174.0,322.0,User6,,
1490374396759,Mouse Moved,174.0,308.0,User6,,
1490374396776,Mouse Moved,177.0,302.0,User6,,
1490374396790,Mouse Moved,177.0,289.0,User6,,
1490374396806,Mouse Moved,177.0,287.0,User6,,
1490374396806,Mouse Moved,178.0,282.0,User6,,
1490374396822,Mouse Moved,178.0,279.0,User6,,
1490374396838,Mouse Moved,181.0,279.0,User6,,
1490374396854,Mouse Moved,181.0,273.0,User6,,
1490374396868,Mouse Moved,182.0,272.0,User6,,
1490374396884,Mouse Moved,182.0,267.0,User6,,
1490374396901,Mouse Moved,182.0,266.0,User6,,
1490374396915,Mouse Moved,182.0,265.0,User6,,
1490374396931,Mouse Moved,182.0,259.0,User6,,
1490374396947,Mouse Moved,185.0,253.0,User6,,
1490374396963,Mouse Moved,185.0,248.0,User6,,
1490374396979,Mouse Moved,185.0,246.0,User6,,
1490374396993,Mouse Moved,186.0,242.0,User6,,
1490374397009,Mouse Moved,193.0,240.0,User6,,
1490374397025,Mouse Moved,194.0,233.0,User6,,
1490374397040,Mouse Moved,197.0,223.0,User6,,
1490374397040,Mouse Moved,199.0,219.0,User6,,
1490374397056,Mouse Moved,201.0,214.0,User6,,
1490374397072,Mouse Moved,206.0,204.0,User6,,
1490374397368,Mouse Moved,206.0,210.0,User6,,
1490374397400,Mouse Moved,203.0,212.0,User6,,
1490374397400,Mouse Moved,201.0,221.0,User6,,
1490374397414,Mouse Moved,199.0,223.0,User6,,
1490374397430,Mouse Moved,198.0,227.0,User6,,
1490374397447,Mouse Moved,193.0,240.0,User6,,
1490374397461,Mouse Moved,191.0,244.0,User6,,
1490374397477,Mouse Moved,191.0,252.0,User6,,
1490374397477,Mouse Moved,188.0,256.0,User6,,
1490374397509,Mouse Moved,188.0,258.0,User6,,
1490374397509,Mouse Moved,186.0,259.0,User6,,
1490374397525,Mouse Moved,186.0,261.0,User6,,
1490374397525,Mouse Moved,186.0,263.0,User6,,
1490374397555,Mouse Moved,186.0,264.0,User6,,
1490374397586,Mouse Moved,186.0,265.0,User6,,
1490374397664,Mouse Moved,185.0,265.0,User6,,
1490374397773,Mouse Moved,184.0,265.0,User6,,
1490374397805,Mouse Moved,184.0,266.0,User6,,
1490374397851,Mouse Moved,183.0,266.0,User6,,
1490374397946,Mouse Moved,183.0,267.0,User6,,
1490374397993,Mouse Moved,182.0,267.0,User6,,
1490374398071,Mouse Moved,182.0,268.0,User6,,
1490374398398,Mouse Moved,182.0,267.0,User6,,
1490374398428,Mouse Moved,182.0,268.0,User6,,
1490374398585,Mouse Moved,183.0,268.0,User6,,
1490374398819,Mouse Moved,183.0,267.0,User6,,
1490374398835,Mouse Moved,181.0,260.0,User6,,
1490374398851,Mouse Moved,181.0,257.0,User6,,
1490374398865,Mouse Moved,181.0,238.0,User6,,
1490374398881,Mouse Moved,185.0,223.0,User6,,
1490374400082,Mouse Moved,187.0,199.0,User6,,
1490374400082,Mouse Moved,194.0,173.0,User6,,
1490374400082,Mouse Moved,195.0,175.0,User6,,
1490374400082,Mouse Moved,196.0,171.0,User6,,
1490374400082,Mouse Moved,197.0,169.0,User6,,
1490374400082,Mouse Moved,197.0,167.0,User6,,
1490374400644,Mouse Moved,196.0,170.0,User6,,
1490374400644,Mouse Moved,196.0,173.0,User6,,
1490374400660,Mouse Moved,194.0,175.0,User6,,
1490374400676,Mouse Moved,194.0,177.0,User6,,
1490374400690,Mouse Moved,192.0,179.0,User6,,
1490374400707,Mouse Moved,192.0,180.0,User6,,
1490374400723,Mouse Moved,192.0,182.0,User6,,
1490374400737,Mouse Moved,192.0,184.0,User6,,
1490374400769,Mouse Moved,190.0,184.0,User6,,
1490374400801,Mouse Moved,190.0,185.0,User6,,
1490374400815,Mouse Moved,190.0,188.0,User6,,
1490374400832,Mouse Moved,189.0,190.0,User6,,
1490374400846,Mouse Moved,189.0,192.0,User6,,
1490374400846,Mouse Moved,188.0,192.0,User6,,
1490374400910,Mouse Moved,188.0,196.0,User6,,
1490374400910,Mouse Moved,186.0,196.0,User6,,
1490374400924,Mouse Moved,185.0,201.0,User6,,
1490374400957,Mouse Moved,184.0,201.0,User6,,
1490374400971,Mouse Moved,183.0,203.0,User6,,
1490374400971,Mouse Moved,182.0,203.0,User6,,
1490374401003,Mouse Moved,182.0,206.0,User6,,
1490374401019,Mouse Moved,181.0,206.0,User6,,
1490374401236,Mouse Moved,182.0,205.0,User6,,
1490374401392,Mouse Moved,182.0,205.0,User6,,
1490374402239,Mouse Moved,187.0,200.0,User6,,
1490374402255,Mouse Moved,198.0,196.0,User6,,
1490374402269,Mouse Moved,215.0,183.0,User6,,
1490374402286,Mouse Moved,245.0,177.0,User6,,
1490374402302,Mouse Moved,251.0,177.0,User6,,
1490374402316,Mouse Moved,266.0,170.0,User6,,
1490374402332,Mouse Moved,277.0,170.0,User6,,
1490374402348,Mouse Moved,285.0,170.0,User6,,
1490374402364,Mouse Moved,293.0,169.0,User6,,
1490374402364,Mouse Moved,296.0,167.0,User6,,
1490374402380,Mouse Moved,297.0,167.0,User6,,
1490374402394,Mouse Moved,304.0,166.0,User6,,
1490374402426,Mouse Moved,305.0,166.0,User6,,
1490374402832,Mouse Moved,305.0,166.0,User6,,
1490374402957,Mouse Moved,305.0,166.0,User6,,
1490374402987,Mouse Moved,305.0,166.0,User6,,
1490374403003,Mouse Button.left Pressed,305.0,166.0,User6,,
1490374403142,Mouse Moved,305.0,166.0,User6,,
1490374404671,Mouse Moved,305.0,166.0,User6,,
1490374404796,Mouse Moved,305.0,166.0,User6,,
1490374404842,Mouse Moved,305.0,166.0,User6,,
1490374404999,Mouse Moved,305.0,166.0,User6,,
1490374405561,Mouse Moved,304.0,166.0,User6,,
1490374405576,Mouse Moved,301.0,167.0,User6,,
1490374405592,Mouse Moved,299.0,168.0,User6,,
1490374405608,Mouse Moved,299.0,169.0,User6,,
1490374405622,Mouse Moved,298.0,169.0,User6,,
1490374405622,Mouse Moved,297.0,171.0,User6,,
1490374405638,Mouse Moved,295.0,173.0,User6,,
1490374405654,Mouse Moved,292.0,175.0,User6,,
1490374405654,Mouse Moved,287.0,179.0,User6,,
1490374405670,Mouse Moved,284.0,185.0,User6,,
1490374405686,Mouse Moved,280.0,188.0,User6,,
1490374405700,Mouse Moved,278.0,191.0,User6,,
1490374405700,Mouse Moved,276.0,192.0,User6,,
1490374405733,Mouse Moved,270.0,196.0,User6,,
1490374405733,Mouse Moved,264.0,200.0,User6,,
1490374405747,Mouse Moved,256.0,206.0,User6,,
1490374405763,Mouse Moved,248.0,212.0,User6,,
1490374405779,Mouse Moved,241.0,217.0,User6,,
1490374405795,Mouse Moved,237.0,221.0,User6,,
1490374405811,Mouse Moved,231.0,223.0,User6,,
1490374405825,Mouse Moved,228.0,227.0,User6,,
1490374405842,Mouse Moved,227.0,229.0,User6,,
1490374405857,Mouse Moved,223.0,233.0,User6,,
1490374405872,Mouse Moved,221.0,234.0,User6,,
1490374405872,Mouse Moved,219.0,237.0,User6,,
1490374405888,Mouse Moved,216.0,237.0,User6,,
1490374405904,Mouse Moved,213.0,237.0,User6,,
1490374405920,Mouse Moved,211.0,237.0,User6,,
1490374405934,Mouse Moved,210.0,239.0,User6,,
1490374405934,Mouse Moved,208.0,240.0,User6,,
1490374405950,Mouse Moved,206.0,240.0,User6,,
1490374405967,Mouse Moved,206.0,241.0,User6,,
1490374405982,Mouse Moved,204.0,241.0,User6,,
1490374405997,Mouse Moved,202.0,241.0,User6,,
1490374406013,Mouse Moved,201.0,243.0,User6,,
1490374406013,Mouse Moved,199.0,243.0,User6,,
1490374406029,Mouse Moved,198.0,243.0,User6,,
1490374406045,Mouse Moved,195.0,243.0,User6,,
1490374406045,Mouse Moved,190.0,246.0,User6,,
1490374406059,Mouse Moved,188.0,246.0,User6,,
1490374406075,Mouse Moved,186.0,246.0,User6,,
1490374406075,Mouse Moved,185.0,246.0,User6,,
1490374406091,Mouse Moved,183.0,246.0,User6,,
1490374406122,Mouse Moved,181.0,246.0,User6,,
1490374406122,Mouse Moved,178.0,246.0,User6,,
1490374406138,Mouse Moved,176.0,244.0,User6,,
1490374406138,Mouse Moved,173.0,244.0,User6,,
1490374406154,Mouse Moved,171.0,244.0,User6,,
1490374406168,Mouse Moved,170.0,243.0,User6,,
1490374406200,Mouse Moved,169.0,243.0,User6,,
1490374406216,Mouse Moved,167.0,243.0,User6,,
1490374406653,Mouse Moved,167.0,242.0,User6,,
1490374406668,Mouse Moved,167.0,241.0,User6,,
1490374406684,Mouse Moved,169.0,241.0,User6,,
1490374406700,Mouse Moved,170.0,240.0,User6,,
1490374406714,Mouse Moved,174.0,240.0,User6,,
1490374406730,Mouse Moved,176.0,240.0,User6,,
1490374406730,Mouse Moved,177.0,240.0,User6,,
1490374406746,Mouse Moved,179.0,240.0,User6,,
1490374406762,Mouse Moved,180.0,238.0,User6,,
1490374406778,Mouse Moved,181.0,238.0,User6,,
1490374406778,Mouse Moved,181.0,236.0,User6,,
1490374406809,Mouse Moved,183.0,236.0,User6,,
1490374406825,Mouse Moved,184.0,236.0,User6,,
1490374406839,Mouse Moved,185.0,236.0,User6,,
1490374406839,Mouse Moved,186.0,236.0,User6,,
1490374406903,Mouse Moved,186.0,234.0,User6,,
1490374406934,Mouse Moved,186.0,235.0,User6,,
1490374406980,Mouse Moved,187.0,235.0,User6,,
1490374406996,Mouse Moved,187.0,233.0,User6,,
1490374407012,Mouse Moved,190.0,233.0,User6,,
1490374407042,Mouse Moved,190.0,232.0,User6,,
1490374407059,Mouse Moved,191.0,231.0,User6,,
1490374407059,Mouse Moved,191.0,230.0,User6,,
1490374407073,Mouse Moved,192.0,230.0,User6,,
1490374407105,Mouse Moved,193.0,227.0,User6,,
1490374407121,Mouse Moved,194.0,227.0,User6,,
1490374407121,Mouse Moved,195.0,227.0,User6,,
1490374407137,Mouse Moved,196.0,226.0,User6,,
1490374407151,Mouse Moved,197.0,225.0,User6,,
1490374407167,Mouse Moved,200.0,221.0,User6,,
1490374407417,Mouse Moved,199.0,221.0,User6,,
1490374407542,Mouse Moved,199.0,221.0,User6,,
1490374407605,Mouse Moved,199.0,221.0,User6,,
1490374407744,Mouse Moved,199.0,221.0,User6,,
1490374409164,Mouse Moved,192.0,228.0,User6,,
1490374409164,Mouse Moved,189.0,234.0,User6,,
1490374409196,Mouse Moved,186.0,242.0,User6,,
1490374409196,Mouse Moved,179.0,249.0,User6,,
1490374409210,Mouse Moved,159.0,270.0,User6,,
1490374409210,Mouse Moved,145.0,304.0,User6,,
1490374409226,Mouse Moved,133.0,326.0,User6,,
1490374409243,Mouse Moved,127.0,339.0,User6,,
1490374409257,Mouse Moved,121.0,356.0,User6,,
1490374409257,Mouse Moved,118.0,380.0,User6,,
1490374409273,Mouse Moved,113.0,409.0,User6,,
1490374409289,Mouse Moved,111.0,429.0,User6,,
1490374409305,Mouse Moved,111.0,447.0,User6,,
1490374409321,Mouse Moved,111.0,469.0,User6,,
1490374409321,Mouse Moved,111.0,483.0,User6,,
1490374409335,Mouse Moved,111.0,491.0,User6,,
1490374409382,Mouse Moved,114.0,494.0,User6,,
1490374409382,Mouse Moved,114.0,510.0,User6,,
1490374409382,Mouse Moved,114.0,511.0,User6,,
1490374409726,Mouse Moved,114.0,516.0,User6,,
1490374409742,Mouse Moved,115.0,523.0,User6,,
1490374409742,Mouse Moved,118.0,539.0,User6,,
1490374409756,Mouse Moved,121.0,561.0,User6,,
1490374409773,Mouse Moved,125.0,578.0,User6,,
1490374409789,Mouse Moved,126.0,591.0,User6,,
1490374409803,Mouse Moved,127.0,605.0,User6,,
1490374409819,Mouse Moved,134.0,651.0,User6,,
1490374409835,Mouse Moved,134.0,653.0,User6,,
1490374409867,Mouse Moved,134.0,654.0,User6,,
1490374409881,Mouse Moved,135.0,654.0,User6,,
1490374410115,Mouse Moved,137.0,652.0,User6,,
1490374410131,Mouse Moved,138.0,649.0,User6,,
1490374410147,Mouse Moved,143.0,646.0,User6,,
1490374410163,Mouse Moved,143.0,633.0,User6,,
1490374410194,Mouse Moved,150.0,616.0,User6,,
1490374410194,Mouse Moved,150.0,615.0,User6,,
1490374410210,Mouse Moved,150.0,611.0,User6,,
1490374410240,Mouse Moved,150.0,610.0,User6,,
1490374410272,Mouse Moved,150.0,608.0,User6,,
1490374410288,Mouse Moved,151.0,608.0,User6,,
1490374410335,Mouse Moved,151.0,607.0,User6,,
1490374410365,Mouse Moved,152.0,605.0,User6,,
1490374410381,Mouse Moved,152.0,607.0,User6,,
1490374410474,Mouse Moved,152.0,606.0,User6,,
1490374410506,Mouse Moved,154.0,606.0,User6,,
1490374410569,Mouse Moved,154.0,604.0,User6,,
1490374410786,Mouse Moved,154.0,604.0,User6,,
1490374410943,Mouse Moved,154.0,604.0,User6,,
1490374411193,Mouse Moved,157.0,604.0,User6,,
1490374411207,Mouse Moved,159.0,604.0,User6,,
1490374411207,Mouse Moved,164.0,604.0,User6,,
1490374411223,Mouse Moved,171.0,603.0,User6,,
1490374411239,Mouse Moved,174.0,603.0,User6,,
1490374411255,Mouse Moved,179.0,603.0,User6,,
1490374411270,Mouse Moved,187.0,603.0,User6,,
1490374411286,Mouse Moved,199.0,603.0,User6,,
1490374411302,Mouse Moved,202.0,603.0,User6,,
1490374411316,Mouse Moved,206.0,603.0,User6,,
1490374411332,Mouse Moved,209.0,603.0,User6,,
1490374411348,Mouse Moved,210.0,603.0,User6,,
1490374411364,Mouse Moved,215.0,603.0,User6,,
1490374411380,Mouse Moved,216.0,603.0,User6,,
1490374411411,Mouse Moved,217.0,603.0,User6,,
1490374411723,Mouse Moved,217.0,603.0,User6,,
1490374411862,Mouse Moved,217.0,603.0,User6,,
1490374412128,Mouse Moved,219.0,601.0,User6,,
1490374412144,Mouse Moved,223.0,598.0,User6,,
1490374412160,Mouse Moved,232.0,590.0,User6,,
1490374412174,Mouse Moved,243.0,576.0,User6,,
1490374412190,Mouse Moved,329.0,506.0,User6,,
1490374412207,Mouse Moved,371.0,479.0,User6,,
1490374412221,Mouse Moved,414.0,432.0,User6,,
1490374412237,Mouse Moved,491.0,383.0,User6,,
1490374412253,Mouse Moved,556.0,362.0,User6,,
1490374412269,Mouse Moved,628.0,316.0,User6,,
1490374412269,Mouse Moved,679.0,283.0,User6,,
1490374412285,Mouse Moved,718.0,259.0,User6,,
1490374412299,Mouse Moved,757.0,247.0,User6,,
1490374412315,Mouse Moved,804.0,227.0,User6,,
1490374412315,Mouse Moved,844.0,210.0,User6,,
1490374412331,Mouse Moved,877.0,187.0,User6,,
1490374412331,Mouse Moved,891.0,178.0,User6,,
1490374412346,Mouse Moved,902.0,171.0,User6,,
1490374412596,Mouse Moved,902.0,168.0,User6,,
1490374412611,Mouse Moved,903.0,167.0,User6,,
1490374412628,Mouse Moved,909.0,157.0,User6,,
1490374412642,Mouse Moved,917.0,148.0,User6,,
1490374412658,Mouse Moved,922.0,131.0,User6,,
1490374412658,Mouse Moved,933.0,107.0,User6,,
1490374412674,Mouse Moved,940.0,92.0,User6,,
1490374412706,Mouse Moved,947.0,80.0,User6,,
1490374412706,Mouse Moved,951.0,65.0,User6,,
1490374412706,Mouse Moved,953.0,59.0,User6,,
1490374412720,Mouse Moved,956.0,47.0,User6,,
1490374412736,Mouse Moved,956.0,46.0,User6,,
1490374413095,Mouse Moved,958.0,10.0,User6,,
1490374413127,Mouse Moved,956.0,10.0,User6,,
1490374413157,Mouse Moved,955.0,10.0,User6,,
1490374413157,Mouse Moved,945.0,17.0,User6,,
1490374414141,Mouse Moved,946.0,17.0,User6,,
1490374414157,Mouse Moved,946.0,17.0,User6,,
1490374414296,Mouse Moved,946.0,17.0,User6,,
1490374414655,Mouse Moved,940.0,18.0,User6,,
1490374414655,Mouse Moved,934.0,20.0,User6,,
1490374414671,Mouse Moved,924.0,22.0,User6,,
1490374414687,Mouse Moved,904.0,31.0,User6,,
1490374414703,Mouse Moved,860.0,53.0,User6,,
1490374414703,Mouse Moved,826.0,67.0,User6,,
1490374414717,Mouse Moved,795.0,81.0,User6,,
1490374414733,Mouse Moved,758.0,97.0,User6,,
1490374414749,Mouse Moved,703.0,113.0,User6,,
1490374414765,Mouse Moved,646.0,137.0,User6,,
1490374414765,Mouse Moved,593.0,158.0,User6,,
1490374414780,Mouse Moved,538.0,174.0,User6,,
1490374414796,Mouse Moved,502.0,184.0,User6,,
1490374414812,Mouse Moved,471.0,189.0,User6,,
1490374414826,Mouse Moved,426.0,198.0,User6,,
1490374414842,Mouse Moved,394.0,203.0,User6,,
1490374414842,Mouse Moved,366.0,209.0,User6,,
1490374414858,Mouse Moved,343.0,215.0,User6,,
1490374414874,Mouse Moved,333.0,220.0,User6,,
1490374414890,Mouse Moved,324.0,224.0,User6,,
1490374414904,Mouse Moved,314.0,226.0,User6,,
1490374414921,Mouse Moved,309.0,230.0,User6,,
1490374414921,Mouse Moved,303.0,232.0,User6,,
1490374419678,Mouse Moved,300.0,232.0,User6,,
1490374419694,Mouse Moved,292.0,233.0,User6,,
1490374419694,Mouse Moved,291.0,235.0,User6,,
1490374419710,Mouse Moved,288.0,235.0,User6,,
1490374419726,Mouse Moved,283.0,235.0,User6,,
1490374419740,Mouse Moved,277.0,235.0,User6,,
1490374419756,Mouse Moved,272.0,237.0,User6,,
1490374419773,Mouse Moved,266.0,237.0,User6,,
1490374419788,Mouse Moved,262.0,237.0,User6,,
1490374419803,Mouse Moved,260.0,238.0,User6,,
1490374419819,Mouse Moved,256.0,239.0,User6,,
1490374419835,Mouse Moved,254.0,239.0,User6,,
1490374419851,Mouse Moved,252.0,239.0,User6,,
1490374419865,Mouse Moved,251.0,239.0,User6,,
1490374419881,Mouse Moved,248.0,241.0,User6,,
1490374419897,Mouse Moved,244.0,242.0,User6,,
1490374419913,Mouse Moved,242.0,243.0,User6,,
1490374419928,Mouse Moved,240.0,242.0,User6,,
1490374419960,Mouse Moved,239.0,242.0,User6,,
1490374419960,Mouse Moved,237.0,242.0,User6,,
1490374419974,Mouse Moved,236.0,242.0,User6,,
1490374419990,Mouse Moved,235.0,242.0,User6,,
1490374420006,Mouse Moved,233.0,242.0,User6,,
1490374420022,Mouse Moved,231.0,242.0,User6,,
1490374420038,Mouse Moved,229.0,242.0,User6,,
1490374420052,Mouse Moved,228.0,243.0,User6,,
1490374420069,Mouse Moved,227.0,244.0,User6,,
1490374420085,Mouse Moved,226.0,246.0,User6,,
1490374420085,Mouse Moved,225.0,246.0,User6,,
1490374420099,Mouse Moved,224.0,246.0,User6,,
1490374420989,Mouse Moved,213.0,249.0,User6,,
1490374421005,Mouse Moved,186.0,256.0,User6,,
1490374421020,Mouse Moved,170.0,256.0,User6,,
1490374421036,Mouse Moved,154.0,257.0,User6,,
1490374421052,Mouse Moved,138.0,257.0,User6,,
1490374421066,Mouse Moved,94.0,263.0,User6,,
1490374421082,Mouse Moved,80.0,263.0,User6,,
1490374421098,Mouse Moved,59.0,261.0,User6,,
1490374421114,Mouse Moved,46.0,255.0,User6,,
1490374421130,Mouse Moved,33.0,254.0,User6,,
1490374421144,Mouse Moved,16.0,244.0,User6,,
1490374421144,Mouse Moved,7.0,244.0,User6,,
1490374421161,Mouse Moved,3.0,244.0,User6,,
1490374421364,Mouse Moved,1.0,240.0,User6,,
1490374421364,Mouse Moved,3.0,240.0,User6,,
1490374421378,Mouse Moved,7.0,240.0,User6,,
1490374421394,Mouse Moved,10.0,239.0,User6,,
1490374421411,Mouse Moved,13.0,239.0,User6,,
1490374421426,Mouse Moved,16.0,239.0,User6,,
1490374421426,Mouse Moved,18.0,239.0,User6,,
1490374421441,Mouse Moved,20.0,238.0,User6,,
1490374421473,Mouse Moved,21.0,238.0,User6,,
1490374421489,Mouse Moved,22.0,238.0,User6,,
1490374421535,Mouse Moved,22.0,237.0,User6,,
1490374421753,Mouse Moved,22.0,237.0,User6,,
1490374421878,Mouse Moved,22.0,237.0,User6,,
1490374421940,Mouse Moved,22.0,237.0,User6,,
1490374422081,Mouse Moved,22.0,237.0,User6,,
1490374423375,Mouse Moved,23.0,238.0,User6,,
1490374423391,Mouse Moved,25.0,240.0,User6,,
1490374423407,Mouse Moved,28.0,240.0,User6,,
1490374423423,Mouse Moved,33.0,242.0,User6,,
1490374423438,Mouse Moved,43.0,245.0,User6,,
1490374423438,Mouse Moved,65.0,254.0,User6,,
1490374423453,Mouse Moved,88.0,263.0,User6,,
1490374423470,Mouse Moved,123.0,281.0,User6,,
1490374423484,Mouse Moved,174.0,292.0,User6,,
1490374423500,Mouse Moved,210.0,300.0,User6,,
1490374423516,Mouse Moved,272.0,319.0,User6,,
1490374423516,Mouse Moved,316.0,327.0,User6,,
1490374423532,Mouse Moved,352.0,337.0,User6,,
1490374423548,Mouse Moved,396.0,357.0,User6,,
1490374423562,Mouse Moved,422.0,376.0,User6,,
1490374423578,Mouse Moved,443.0,393.0,User6,,
1490374423595,Mouse Moved,467.0,412.0,User6,,
1490374423595,Mouse Moved,478.0,417.0,User6,,
1490374423609,Mouse Moved,485.0,418.0,User6,,
1490374423859,Mouse Moved,489.0,418.0,User6,,
1490374423875,Mouse Moved,495.0,418.0,User6,,
1490374423875,Mouse Moved,511.0,419.0,User6,,
1490374423891,Mouse Moved,528.0,419.0,User6,,
1490374423907,Mouse Moved,548.0,419.0,User6,,
1490374423921,Mouse Moved,577.0,419.0,User6,,
1490374423937,Mouse Moved,615.0,425.0,User6,,
1490374423953,Mouse Moved,656.0,431.0,User6,,
1490374423953,Mouse Moved,690.0,437.0,User6,,
1490374423969,Mouse Moved,703.0,437.0,User6,,
1490374423984,Mouse Moved,711.0,438.0,User6,,
1490374424000,Mouse Moved,721.0,438.0,User6,,
1490374424000,Mouse Moved,726.0,440.0,User6,,
1490374424030,Mouse Moved,726.0,443.0,User6,,
1490374424030,Mouse Moved,726.0,444.0,User6,,
1490374424030,Mouse Moved,726.0,442.0,User6,,
1490374424094,Mouse Moved,725.0,442.0,User6,,
1490374424094,Mouse Moved,719.0,442.0,User6,,
1490374424108,Mouse Moved,709.0,442.0,User6,,
1490374424125,Mouse Moved,707.0,442.0,User6,,
1490374424125,Mouse Moved,704.0,443.0,User6,,
1490374424141,Mouse Moved,699.0,444.0,User6,,
1490374424155,Mouse Moved,694.0,450.0,User6,,
1490374424171,Mouse Moved,683.0,451.0,User6,,
1490374424187,Mouse Moved,675.0,455.0,User6,,
1490374424203,Mouse Moved,671.0,457.0,User6,,
1490374424203,Mouse Moved,668.0,457.0,User6,,
1490374424219,Mouse Moved,666.0,457.0,User6,,
1490374424233,Mouse Moved,666.0,459.0,User6,,
1490374424250,Mouse Moved,665.0,459.0,User6,,
1490374424530,Mouse Moved,666.0,459.0,User6,,
1490374424671,Mouse Moved,666.0,459.0,User6,,
1490374425170,Mouse Moved,656.0,450.0,User6,,
1490374425170,Mouse Moved,644.0,439.0,User6,,
1490374425186,Mouse Moved,615.0,427.0,User6,,
1490374425186,Mouse Moved,600.0,416.0,User6,,
1490374425200,Mouse Moved,570.0,403.0,User6,,
1490374425217,Mouse Moved,549.0,387.0,User6,,
1490374425233,Mouse Moved,531.0,369.0,User6,,
1490374425247,Mouse Moved,514.0,348.0,User6,,
1490374425247,Mouse Moved,502.0,343.0,User6,,
1490374425263,Mouse Moved,488.0,333.0,User6,,
1490374425279,Mouse Moved,477.0,328.0,User6,,
1490374425295,Mouse Moved,471.0,326.0,User6,,
1490374425311,Mouse Moved,467.0,324.0,User6,,
1490374425638,Mouse Moved,449.0,301.0,User6,,
1490374425654,Mouse Moved,417.0,255.0,User6,,
1490374425654,Mouse Moved,395.0,225.0,User6,,
1490374425668,Mouse Moved,383.0,217.0,User6,,
1490374425684,Mouse Moved,366.0,200.0,User6,,
1490374425700,Mouse Moved,358.0,180.0,User6,,
1490374425716,Mouse Moved,341.0,159.0,User6,,
1490374425732,Mouse Moved,335.0,154.0,User6,,
1490374425732,Mouse Moved,334.0,144.0,User6,,
1490374426091,Mouse Moved,331.0,139.0,User6,,
1490374426105,Mouse Moved,324.0,131.0,User6,,
1490374426121,Mouse Moved,320.0,126.0,User6,,
1490374426137,Mouse Moved,308.0,118.0,User6,,
1490374426153,Mouse Moved,302.0,113.0,User6,,
1490374426168,Mouse Moved,294.0,112.0,User6,,
1490374426168,Mouse Moved,287.0,111.0,User6,,
1490374426184,Mouse Moved,286.0,108.0,User6,,
1490374426200,Mouse Moved,283.0,107.0,User6,,
1490374426214,Mouse Moved,282.0,107.0,User6,,
1490374426230,Mouse Moved,279.0,105.0,User6,,
1490374426246,Mouse Moved,276.0,104.0,User6,,
1490374426262,Mouse Moved,275.0,104.0,User6,,
1490374426278,Mouse Moved,273.0,104.0,User6,,
1490374426292,Mouse Moved,275.0,104.0,User6,,
1490374426292,Mouse Moved,272.0,104.0,User6,,
1490374426325,Mouse Moved,270.0,104.0,User6,,
1490374426325,Mouse Moved,266.0,104.0,User6,,
1490374426339,Mouse Moved,261.0,104.0,User6,,
1490374426355,Mouse Moved,258.0,104.0,User6,,
1490374426355,Mouse Moved,251.0,105.0,User6,,
1490374426355,Mouse Moved,244.0,109.0,User6,,
1490374426387,Mouse Moved,232.0,109.0,User6,,
1490374426387,Mouse Moved,215.0,114.0,User6,,
1490374426403,Mouse Moved,202.0,114.0,User6,,
1490374426434,Mouse Moved,194.0,117.0,User6,,
1490374426434,Mouse Moved,188.0,119.0,User6,,
1490374426434,Mouse Moved,178.0,116.0,User6,,
1490374426448,Mouse Moved,176.0,113.0,User6,,
1490374426464,Mouse Moved,169.0,112.0,User6,,
1490374426480,Mouse Moved,166.0,111.0,User6,,
1490374426838,Mouse Moved,158.0,113.0,User6,,
1490374426980,Mouse Moved,155.0,113.0,User6,,
1490374426980,Mouse Moved,149.0,115.0,User6,,
1490374427088,Mouse Moved,141.0,115.0,User6,,
1490374427276,Mouse Moved,138.0,117.0,User6,,
1490374427479,Mouse Moved,133.0,118.0,User6,,
1490374427665,Mouse Moved,121.0,116.0,User6,,
1490374427852,Mouse Moved,119.0,116.0,User6,,
1490374427852,Mouse Moved,115.0,118.0,User6,,
1490374427868,Mouse Moved,113.0,115.0,User6,,
1490374427884,Mouse Moved,106.0,115.0,User6,,
1490374427900,Mouse Moved,105.0,114.0,User6,,
1490374427900,Mouse Moved,104.0,114.0,User6,,
1490374427900,Mouse Moved,104.0,116.0,User6,,
1490374427900,Mouse Moved,104.0,115.0,User6,,
1490374427915,Mouse Moved,105.0,115.0,User6,,
1490374434483,Mouse Moved,107.0,114.0,User6,,
1490374434499,Mouse Moved,111.0,113.0,User6,,
1490374434561,Mouse Moved,127.0,105.0,User6,,
1490374434561,Mouse Moved,134.0,104.0,User6,,
1490374434576,Mouse Moved,140.0,104.0,User6,,
1490374434576,Mouse Moved,149.0,99.0,User6,,
1490374434608,Mouse Moved,162.0,91.0,User6,,
1490374434608,Mouse Moved,185.0,89.0,User6,,
1490374434624,Mouse Moved,191.0,89.0,User6,,
1490374434624,Mouse Moved,204.0,89.0,User6,,
1490374434624,Mouse Moved,214.0,81.0,User6,,
1490374434638,Mouse Moved,227.0,84.0,User6,,
1490374434654,Mouse Moved,239.0,84.0,User6,,
1490374434654,Mouse Moved,255.0,89.0,User6,,
1490374434671,Mouse Moved,265.0,93.0,User6,,
1490374434686,Mouse Moved,278.0,95.0,User6,,
1490374434701,Mouse Moved,290.0,99.0,User6,,
1490374434717,Mouse Moved,306.0,111.0,User6,,
1490374434717,Mouse Moved,322.0,119.0,User6,,
1490374434733,Mouse Moved,333.0,127.0,User6,,
1490374434749,Mouse Moved,339.0,133.0,User6,,
1490374434763,Mouse Moved,353.0,141.0,User6,,
1490374434779,Mouse Moved,363.0,145.0,User6,,
1490374434795,Mouse Moved,372.0,153.0,User6,,
1490374434795,Mouse Moved,382.0,165.0,User6,,
1490374434811,Mouse Moved,389.0,172.0,User6,,
1490374434826,Mouse Moved,393.0,178.0,User6,,
1490374434842,Mouse Moved,397.0,189.0,User6,,
1490374434858,Mouse Moved,400.0,201.0,User6,,
1490374434872,Mouse Moved,403.0,205.0,User6,,
1490374434872,Mouse Moved,403.0,209.0,User6,,
1490374435217,Mouse Moved,408.0,202.0,User6,,
1490374435232,Mouse Moved,419.0,193.0,User6,,
1490374435247,Mouse Moved,442.0,178.0,User6,,
1490374435263,Mouse Moved,472.0,154.0,User6,,
1490374435279,Mouse Moved,500.0,141.0,User6,,
1490374435279,Mouse Moved,520.0,133.0,User6,,
1490374435295,Mouse Moved,554.0,121.0,User6,,
1490374435309,Mouse Moved,581.0,111.0,User6,,
1490374435325,Mouse Moved,603.0,106.0,User6,,
1490374435341,Mouse Moved,616.0,104.0,User6,,
1490374435341,Mouse Moved,623.0,102.0,User6,,
1490374435341,Mouse Moved,634.0,102.0,User6,,
1490374435357,Mouse Moved,641.0,102.0,User6,,
1490374435372,Mouse Moved,649.0,101.0,User6,,
1490374435388,Mouse Moved,653.0,99.0,User6,,
1490374435404,Mouse Moved,655.0,99.0,User6,,
1490374435404,Mouse Moved,656.0,99.0,User6,,
1490374435418,Mouse Moved,658.0,100.0,User6,,
1490374435450,Mouse Moved,659.0,100.0,User6,,
1490374435466,Mouse Moved,660.0,100.0,User6,,
1490374435482,Mouse Moved,664.0,102.0,User6,,
1490374435496,Mouse Moved,666.0,102.0,User6,,
1490374435529,Mouse Moved,667.0,102.0,User6,,
1490374435543,Mouse Moved,668.0,102.0,User6,,
1490374435543,Mouse Moved,668.0,103.0,User6,,
1490374435591,Mouse Moved,669.0,103.0,User6,,
1490374435607,Mouse Moved,669.0,104.0,User6,,
1490374435621,Mouse Moved,670.0,104.0,User6,,
1490374435638,Mouse Moved,671.0,104.0,User6,,
1490374435668,Mouse Moved,671.0,102.0,User6,,
1490374437322,Mouse Moved,675.0,102.0,User6,,
1490374437322,Mouse Moved,679.0,100.0,User6,,
1490374437509,Mouse Moved,691.0,94.0,User6,,
1490374437713,Mouse Moved,740.0,65.0,User6,,
1490374437727,Mouse Moved,763.0,59.0,User6,,
1490374437822,Mouse Moved,779.0,55.0,User6,,
1490374437822,Mouse Moved,788.0,51.0,User6,,
1490374437822,Mouse Moved,810.0,51.0,User6,,
1490374437822,Mouse Moved,834.0,50.0,User6,,
1490374437822,Mouse Moved,840.0,49.0,User6,,
1490374437822,Mouse Moved,843.0,48.0,User6,,
1490374437822,Mouse Moved,844.0,48.0,User6,,
1490374437822,Mouse Moved,843.0,49.0,User6,,
1490374437822,Mouse Moved,837.0,57.0,User6,,
1490374437836,Mouse Moved,835.0,58.0,User6,,
1490374437836,Mouse Moved,833.0,66.0,User6,,
1490374437836,Mouse Moved,831.0,68.0,User6,,
1490374437836,Mouse Moved,831.0,72.0,User6,,
1490374437836,Mouse Moved,830.0,75.0,User6,,
1490374437836,Mouse Moved,829.0,78.0,User6,,
1490374437836,Mouse Moved,831.0,81.0,User6,,
1490374437836,Mouse Moved,834.0,84.0,User6,,
1490374437836,Mouse Moved,835.0,85.0,User6,,
1490374437836,Mouse Moved,841.0,86.0,User6,,
1490374437852,Mouse Moved,847.0,91.0,User6,,
1490374437852,Mouse Moved,850.0,91.0,User6,,
1490374437852,Mouse Moved,853.0,91.0,User6,,
1490374437852,Mouse Moved,858.0,89.0,User6,,
1490374437852,Mouse Moved,860.0,89.0,User6,,
1490374437868,Mouse Moved,861.0,88.0,User6,,
1490374437884,Mouse Moved,862.0,88.0,User6,,
1490374437900,Mouse Moved,863.0,87.0,User6,,
1490374437977,Mouse Moved,864.0,87.0,User6,,
1490374438211,Mouse Moved,864.0,87.0,User6,,
1490374438351,Mouse Moved,864.0,87.0,User6,,
1490374438867,Mouse Moved,864.0,86.0,User6,,
1490374438928,Mouse Moved,864.0,85.0,User6,,
1490374439039,Mouse Moved,864.0,84.0,User6,,
1490374439039,Mouse Moved,864.0,83.0,User6,,
1490374439039,Mouse Moved,864.0,81.0,User6,,
1490374439039,Mouse Moved,864.0,78.0,User6,,
1490374439039,Mouse Moved,864.0,76.0,User6,,
1490374439039,Mouse Moved,864.0,75.0,User6,,
1490374439039,Mouse Moved,864.0,73.0,User6,,
1490374439039,Mouse Moved,865.0,71.0,User6,,
1490374439039,Mouse Moved,865.0,70.0,User6,,
1490374439335,Mouse Moved,865.0,71.0,User6,,
1490374439474,Mouse Moved,865.0,71.0,User6,,
1490374439694,Mouse Moved,866.0,70.0,User6,,
1490374439724,Mouse Moved,866.0,68.0,User6,,
1490374439724,Mouse Moved,866.0,66.0,User6,,
1490374439740,Mouse Moved,867.0,64.0,User6,,
1490374439756,Mouse Moved,869.0,64.0,User6,,
1490374439756,Mouse Moved,869.0,62.0,User6,,
1490374439772,Mouse Moved,869.0,60.0,User6,,
1490374439802,Mouse Moved,869.0,57.0,User6,,
1490374439802,Mouse Moved,869.0,54.0,User6,,
1490374439819,Mouse Moved,869.0,51.0,User6,,
1490374439834,Mouse Moved,869.0,50.0,User6,,
1490374439849,Mouse Moved,869.0,49.0,User6,,
1490374439849,Mouse Moved,869.0,48.0,User6,,
1490374439865,Mouse Moved,869.0,47.0,User6,,
1490374439881,Mouse Moved,869.0,46.0,User6,,
1490374439897,Mouse Moved,869.0,45.0,User6,,
1490374439911,Mouse Moved,869.0,44.0,User6,,
1490374439943,Mouse Moved,869.0,43.0,User6,,
1490374440223,Mouse Moved,869.0,43.0,User6,,
1490374440240,Mouse Button.left Pressed,869.0,43.0,User6,,
1490374440380,Mouse Moved,869.0,43.0,User6,,
1490374440443,Mouse Button.left Released,869.0,43.0,User6,,
1490374440691,Mouse Moved,865.0,43.0,User6,,
1490374440739,Mouse Moved,862.0,43.0,User6,,
1490374440941,Mouse Moved,858.0,44.0,User6,,
1490374441128,Mouse Moved,855.0,45.0,User6,,
1490374441332,Mouse Moved,849.0,46.0,User6,,
1490374441535,Mouse Moved,847.0,46.0,User6,,
1490374441658,Mouse Moved,832.0,48.0,User6,,
1490374441674,Mouse Moved,824.0,51.0,User6,,
1490374441674,Mouse Moved,814.0,51.0,User6,,
1490374441674,Mouse Moved,807.0,53.0,User6,,
1490374441846,Mouse Moved,799.0,54.0,User6,,
1490374441846,Mouse Moved,792.0,56.0,User6,,
1490374441846,Mouse Moved,791.0,56.0,User6,,
1490374441861,Mouse Moved,790.0,57.0,User6,,
1490374441861,Mouse Moved,787.0,55.0,User6,,
1490374441861,Mouse Moved,786.0,55.0,User6,,
1490374441861,Mouse Moved,785.0,55.0,User6,,
1490374441861,Mouse Moved,783.0,55.0,User6,,
1490374441861,Mouse Moved,781.0,55.0,User6,,
1490374441861,Mouse Moved,779.0,54.0,User6,,
1490374441878,Mouse Moved,775.0,53.0,User6,,
1490374441878,Mouse Moved,773.0,53.0,User6,,
1490374441878,Mouse Moved,772.0,53.0,User6,,
1490374441878,Mouse Moved,771.0,53.0,User6,,
1490374441878,Mouse Moved,770.0,53.0,User6,,
1490374441878,Mouse Moved,768.0,53.0,User6,,
1490374441878,Mouse Moved,765.0,53.0,User6,,
1490374441878,Mouse Moved,761.0,56.0,User6,,
1490374441878,Mouse Moved,752.0,58.0,User6,,
1490374441878,Mouse Moved,741.0,62.0,User6,,
1490374441892,Mouse Moved,734.0,62.0,User6,,
1490374441892,Mouse Moved,728.0,62.0,User6,,
1490374441892,Mouse Moved,718.0,60.0,User6,,
1490374441892,Mouse Moved,714.0,67.0,User6,,
1490374441892,Mouse Moved,710.0,65.0,User6,,
1490374441892,Mouse Moved,709.0,63.0,User6,,
1490374441908,Mouse Moved,706.0,63.0,User6,,
1490374441908,Mouse Moved,705.0,63.0,User6,,
1490374441908,Mouse Moved,705.0,62.0,User6,,
1490374441908,Mouse Moved,703.0,64.0,User6,,
1490374441908,Mouse Moved,701.0,64.0,User6,,
1490374441908,Mouse Moved,700.0,64.0,User6,,
1490374441908,Mouse Moved,699.0,64.0,User6,,
1490374441924,Mouse Moved,698.0,67.0,User6,,
1490374441924,Mouse Moved,698.0,65.0,User6,,
1490374441924,Mouse Moved,697.0,65.0,User6,,
1490374441924,Mouse Moved,697.0,64.0,User6,,
1490374442220,Mouse Moved,698.0,65.0,User6,,
1490374442392,Mouse Moved,696.0,64.0,User6,,
1490374442407,Mouse Moved,694.0,64.0,User6,,
1490374442424,Mouse Moved,693.0,64.0,User6,,
1490374442438,Mouse Moved,690.0,64.0,User6,,
1490374442454,Mouse Moved,687.0,64.0,User6,,
1490374442470,Mouse Moved,683.0,64.0,User6,,
1490374442470,Mouse Moved,678.0,62.0,User6,,
1490374442486,Mouse Moved,675.0,62.0,User6,,
1490374442502,Mouse Moved,673.0,62.0,User6,,
1490374442516,Mouse Moved,671.0,62.0,User6,,
1490374442532,Mouse Moved,670.0,61.0,User6,,
1490374442549,Mouse Moved,670.0,60.0,User6,,
1490374442579,Mouse Moved,668.0,60.0,User6,,
1490374442611,Mouse Moved,668.0,59.0,User6,,
1490374442641,Mouse Moved,668.0,57.0,User6,,
1490374442736,Mouse Moved,669.0,58.0,User6,,
1490374442984,Mouse Moved,668.0,56.0,User6,,
1490374443173,Mouse Moved,670.0,56.0,User6,,
1490374443173,Mouse Moved,674.0,56.0,User6,,
1490374443173,Mouse Moved,686.0,58.0,User6,,
1490374443173,Mouse Moved,702.0,62.0,User6,,
1490374443173,Mouse Moved,731.0,62.0,User6,,
1490374443173,Mouse Moved,752.0,65.0,User6,,
1490374443173,Mouse Moved,779.0,65.0,User6,,
1490374443173,Mouse Moved,796.0,65.0,User6,,
1490374443173,Mouse Moved,818.0,65.0,User6,,
1490374443173,Mouse Moved,831.0,65.0,User6,,
1490374443173,Mouse Moved,844.0,63.0,User6,,
1490374443187,Mouse Moved,845.0,64.0,User6,,
1490374443187,Mouse Moved,845.0,63.0,User6,,
1490374443187,Mouse Moved,846.0,63.0,User6,,
1490374443187,Mouse Moved,847.0,63.0,User6,,
1490374443219,Mouse Moved,847.0,64.0,User6,,
1490374443437,Mouse Moved,847.0,63.0,User6,,
1490374443453,Mouse Moved,847.0,62.0,User6,,
1490374443469,Mouse Moved,847.0,61.0,User6,,
1490374443484,Mouse Moved,847.0,60.0,User6,,
1490374443500,Mouse Moved,846.0,60.0,User6,,
1490374443516,Mouse Moved,846.0,59.0,User6,,
1490374443530,Mouse Moved,846.0,58.0,User6,,
1490374443562,Mouse Moved,845.0,58.0,User6,,
1490374443578,Mouse Moved,845.0,57.0,User6,,
1490374443875,Mouse Moved,846.0,57.0,User6,,
1490374444015,Mouse Moved,846.0,57.0,User6,,
1490374444326,Mouse Moved,842.0,58.0,User6,,
1490374444342,Mouse Moved,838.0,59.0,User6,,
1490374444358,Mouse Moved,828.0,68.0,User6,,
1490374444358,Mouse Moved,810.0,89.0,User6,,
1490374444374,Mouse Moved,775.0,124.0,User6,,
1490374444388,Mouse Moved,739.0,149.0,User6,,
1490374444404,Mouse Moved,705.0,179.0,User6,,
1490374444421,Mouse Moved,688.0,197.0,User6,,
1490374444436,Mouse Moved,670.0,223.0,User6,,
1490374444436,Mouse Moved,655.0,237.0,User6,,
1490374444451,Mouse Moved,641.0,248.0,User6,,
1490374444467,Mouse Moved,624.0,260.0,User6,,
1490374444483,Mouse Moved,606.0,280.0,User6,,
1490374444717,Mouse Moved,606.0,279.0,User6,,
1490374444872,Mouse Moved,606.0,279.0,User6,,
1490374450193,Mouse Moved,601.0,282.0,User6,,
1490374450193,Mouse Moved,596.0,284.0,User6,,
1490374450207,Mouse Moved,590.0,284.0,User6,,
1490374450223,Mouse Moved,581.0,288.0,User6,,
1490374450239,Mouse Moved,554.0,303.0,User6,,
1490374450255,Mouse Moved,543.0,305.0,User6,,
1490374450270,Mouse Moved,526.0,322.0,User6,,
1490374450286,Mouse Moved,505.0,349.0,User6,,
1490374450302,Mouse Moved,481.0,370.0,User6,,
1490374450316,Mouse Moved,444.0,403.0,User6,,
1490374450332,Mouse Moved,430.0,414.0,User6,,
1490374450348,Mouse Moved,420.0,428.0,User6,,
1490374450364,Mouse Moved,411.0,441.0,User6,,
1490374450380,Mouse Moved,374.0,484.0,User6,,
1490374450676,Mouse Moved,370.0,485.0,User6,,
1490374450691,Mouse Moved,366.0,488.0,User6,,
1490374450707,Mouse Moved,362.0,491.0,User6,,
1490374450723,Mouse Moved,356.0,497.0,User6,,
1490374450739,Mouse Moved,354.0,501.0,User6,,
1490374450753,Mouse Moved,339.0,526.0,User6,,
1490374450769,Mouse Moved,337.0,532.0,User6,,
1490374450785,Mouse Moved,334.0,535.0,User6,,
1490374450801,Mouse Moved,329.0,539.0,User6,,
1490374450816,Mouse Moved,328.0,549.0,User6,,
1490374450832,Mouse Moved,326.0,562.0,User6,,
1490374450848,Mouse Moved,326.0,567.0,User6,,
1490374450862,Mouse Moved,326.0,569.0,User6,,
1490374450878,Mouse Moved,329.0,578.0,User6,,
1490374450894,Mouse Moved,335.0,583.0,User6,,
1490374450910,Mouse Moved,336.0,583.0,User6,,
1490374450926,Mouse Moved,340.0,586.0,User6,,
1490374450940,Mouse Moved,342.0,586.0,User6,,
1490374450940,Mouse Moved,353.0,589.0,User6,,
1490374450957,Mouse Moved,362.0,590.0,User6,,
1490374450973,Mouse Moved,373.0,592.0,User6,,
1490374450987,Mouse Moved,383.0,595.0,User6,,
1490374451003,Mouse Moved,397.0,602.0,User6,,
1490374451019,Mouse Moved,402.0,603.0,User6,,
1490374451035,Mouse Moved,404.0,606.0,User6,,
1490374451051,Mouse Moved,407.0,607.0,User6,,
1490374451065,Mouse Moved,412.0,619.0,User6,,
1490374451082,Mouse Moved,413.0,622.0,User6,,
1490374451096,Mouse Moved,414.0,629.0,User6,,
1490374451112,Mouse Moved,414.0,635.0,User6,,
1490374451128,Mouse Moved,414.0,642.0,User6,,
1490374451144,Mouse Moved,414.0,645.0,User6,,
1490374451160,Mouse Moved,414.0,646.0,User6,,
1490374451174,Mouse Moved,411.0,651.0,User6,,
1490374451190,Mouse Moved,409.0,653.0,User6,,
1490374451207,Mouse Moved,408.0,656.0,User6,,
1490374451221,Mouse Moved,405.0,661.0,User6,,
1490374451221,Mouse Moved,404.0,662.0,User6,,
1490374451237,Mouse Moved,404.0,663.0,User6,,
1490374451253,Mouse Moved,403.0,665.0,User6,,
1490374451285,Mouse Moved,402.0,665.0,User6,,
1490374451315,Mouse Moved,402.0,663.0,User6,,
1490374451315,Mouse Moved,401.0,661.0,User6,,
1490374451503,Mouse Moved,401.0,660.0,User6,,
1490374451503,Mouse Moved,401.0,661.0,User6,,
1490374451549,Mouse Moved,402.0,660.0,User6,,
1490374451706,Mouse Moved,402.0,660.0,User6,,
1490374452236,Mouse Moved,401.0,656.0,User6,,
1490374452252,Mouse Moved,403.0,634.0,User6,,
1490374452252,Mouse Moved,406.0,606.0,User6,,
1490374452252,Mouse Moved,410.0,599.0,User6,,
1490374452252,Mouse Moved,416.0,578.0,User6,,
1490374452266,Mouse Moved,419.0,557.0,User6,,
1490374452282,Mouse Moved,424.0,543.0,User6,,
1490374452299,Mouse Moved,427.0,518.0,User6,,
1490374452329,Mouse Moved,433.0,504.0,User6,,
1490374452329,Mouse Moved,436.0,500.0,User6,,
1490374452329,Mouse Moved,438.0,487.0,User6,,
1490374452345,Mouse Moved,442.0,475.0,User6,,
1490374452361,Mouse Moved,443.0,467.0,User6,,
1490374452377,Mouse Moved,447.0,465.0,User6,,
1490374452391,Mouse Moved,446.0,465.0,User6,,
1490374453999,Mouse Moved,444.0,461.0,User6,,
1490374454015,Mouse Moved,441.0,457.0,User6,,
1490374454029,Mouse Moved,438.0,448.0,User6,,
1490374454046,Mouse Moved,433.0,435.0,User6,,
1490374454046,Mouse Moved,428.0,420.0,User6,,
1490374454061,Mouse Moved,421.0,407.0,User6,,
1490374454076,Mouse Moved,419.0,397.0,User6,,
1490374454076,Mouse Moved,417.0,393.0,User6,,
1490374454092,Mouse Moved,417.0,387.0,User6,,
1490374454108,Mouse Moved,414.0,375.0,User6,,
1490374454124,Mouse Moved,413.0,364.0,User6,,
1490374454138,Mouse Moved,409.0,354.0,User6,,
1490374454138,Mouse Moved,408.0,347.0,User6,,
1490374454154,Mouse Moved,408.0,343.0,User6,,
1490374454171,Mouse Moved,410.0,338.0,User6,,
1490374454186,Mouse Moved,410.0,333.0,User6,,
1490374454201,Mouse Moved,410.0,330.0,User6,,
1490374454217,Mouse Moved,412.0,327.0,User6,,
1490374454450,Mouse Moved,412.0,328.0,User6,,
1490374454483,Mouse Moved,414.0,330.0,User6,,
1490374454497,Mouse Moved,414.0,331.0,User6,,
1490374454918,Mouse Moved,414.0,330.0,User6,,
1490374454966,Mouse Moved,414.0,329.0,User6,,
1490374454982,Mouse Moved,415.0,328.0,User6,,
1490374454996,Mouse Moved,416.0,326.0,User6,,
1490374455013,Mouse Moved,418.0,317.0,User6,,
1490374455029,Mouse Moved,423.0,310.0,User6,,
1490374455029,Mouse Moved,424.0,305.0,User6,,
1490374455043,Mouse Moved,425.0,302.0,User6,,
1490374455059,Mouse Moved,427.0,292.0,User6,,
1490374455075,Mouse Moved,431.0,288.0,User6,,
1490374455091,Mouse Moved,433.0,281.0,User6,,
1490374455107,Mouse Moved,436.0,277.0,User6,,
1490374455107,Mouse Moved,441.0,267.0,User6,,
1490374455121,Mouse Moved,445.0,262.0,User6,,
1490374455138,Mouse Moved,447.0,264.0,User6,,
1490374455153,Mouse Moved,448.0,261.0,User6,,
1490374455168,Mouse Moved,450.0,254.0,User6,,
1490374455184,Mouse Moved,452.0,253.0,User6,,
1490374455184,Mouse Moved,453.0,251.0,User6,,
1490374455216,Mouse Moved,453.0,250.0,User6,,
1490374455216,Mouse Moved,454.0,250.0,User6,,
1490374455230,Mouse Moved,456.0,250.0,User6,,
1490374455246,Mouse Moved,459.0,248.0,User6,,
1490374455293,Mouse Moved,462.0,246.0,User6,,
1490374455309,Mouse Moved,463.0,245.0,User6,,
1490374455325,Mouse Moved,464.0,245.0,User6,,
1490374455341,Mouse Moved,464.0,244.0,User6,,
1490374455355,Mouse Moved,464.0,243.0,User6,,
1490374455371,Mouse Moved,467.0,243.0,User6,,
1490374455387,Mouse Moved,471.0,243.0,User6,,
1490374455387,Mouse Moved,472.0,243.0,User6,,
1490374455496,Mouse Moved,475.0,241.0,User6,,
1490374455496,Mouse Moved,478.0,241.0,User6,,
1490374455496,Mouse Moved,480.0,240.0,User6,,
1490374455559,Mouse Moved,481.0,239.0,User6,,
1490374455559,Mouse Moved,482.0,239.0,User6,,
1490374455559,Mouse Moved,484.0,239.0,User6,,
1490374455559,Mouse Moved,487.0,239.0,User6,,
1490374455559,Mouse Moved,489.0,239.0,User6,,
1490374455589,Mouse Moved,490.0,239.0,User6,,
1490374455621,Mouse Moved,491.0,239.0,User6,,
1490374455684,Mouse Moved,491.0,241.0,User6,,
1490374455714,Mouse Moved,492.0,241.0,User6,,
1490374455714,Mouse Moved,493.0,241.0,User6,,
1490374455730,Mouse Moved,494.0,241.0,User6,,
1490374455776,Mouse Moved,495.0,242.0,User6,,
1490374455776,Mouse Moved,496.0,244.0,User6,,
1490374455809,Mouse Moved,498.0,244.0,User6,,
1490374455839,Mouse Moved,499.0,244.0,User6,,
1490374455871,Mouse Moved,500.0,244.0,User6,,
1490374455948,Mouse Moved,501.0,244.0,User6,,
1490374456167,Mouse Moved,500.0,244.0,User6,,
1490374456276,Mouse Moved,501.0,245.0,User6,,
1490374456292,Mouse Moved,501.0,246.0,User6,,
1490374456292,Mouse Moved,501.0,248.0,User6,,
1490374456308,Mouse Moved,501.0,251.0,User6,,
1490374456322,Mouse Moved,500.0,256.0,User6,,
1490374456338,Mouse Moved,500.0,265.0,User6,,
1490374456355,Mouse Moved,497.0,277.0,User6,,
1490374456369,Mouse Moved,496.0,289.0,User6,,
1490374456369,Mouse Moved,495.0,298.0,User6,,
1490374456385,Mouse Moved,492.0,305.0,User6,,
1490374456401,Mouse Moved,490.0,310.0,User6,,
1490374456417,Mouse Moved,489.0,314.0,User6,,
1490374456417,Mouse Moved,488.0,316.0,User6,,
1490374456433,Mouse Moved,487.0,321.0,User6,,
1490374456447,Mouse Moved,487.0,326.0,User6,,
1490374456463,Mouse Moved,487.0,329.0,User6,,
1490374456479,Mouse Moved,487.0,332.0,User6,,
1490374456494,Mouse Moved,485.0,338.0,User6,,
1490374456494,Mouse Moved,485.0,344.0,User6,,
1490374456510,Mouse Moved,485.0,347.0,User6,,
1490374456526,Mouse Moved,484.0,352.0,User6,,
1490374456526,Mouse Moved,484.0,353.0,User6,,
1490374456542,Mouse Moved,484.0,356.0,User6,,
1490374456556,Mouse Moved,484.0,358.0,User6,,
1490374456572,Mouse Moved,484.0,362.0,User6,,
1490374456588,Mouse Moved,483.0,367.0,User6,,
1490374456604,Mouse Moved,483.0,369.0,User6,,
1490374456604,Mouse Moved,483.0,372.0,User6,,
1490374456619,Mouse Moved,483.0,373.0,User6,,
1490374456634,Mouse Moved,483.0,374.0,User6,,
1490374456651,Mouse Moved,483.0,376.0,User6,,
1490374456651,Mouse Moved,483.0,377.0,User6,,
1490374456681,Mouse Moved,483.0,378.0,User6,,
1490374456697,Mouse Moved,484.0,379.0,User6,,
1490374456729,Mouse Moved,484.0,380.0,User6,,
1490374456776,Mouse Moved,484.0,381.0,User6,,
1490374456884,Mouse Moved,484.0,380.0,User6,,
1490374457305,Mouse Moved,484.0,379.0,User6,,
1490374457352,Mouse Moved,484.0,378.0,User6,,
1490374457368,Mouse Moved,487.0,378.0,User6,,
1490374457400,Mouse Moved,492.0,377.0,User6,,
1490374457400,Mouse Moved,492.0,376.0,User6,,
1490374457414,Mouse Moved,494.0,375.0,User6,,
1490374457430,Mouse Moved,495.0,374.0,User6,,
1490374457461,Mouse Moved,496.0,374.0,User6,,
1490374457493,Mouse Moved,497.0,374.0,User6,,
1490374457509,Mouse Moved,498.0,374.0,User6,,
1490374457525,Mouse Moved,500.0,374.0,User6,,
1490374457539,Mouse Moved,502.0,376.0,User6,,
1490374457555,Mouse Moved,504.0,377.0,User6,,
1490374457555,Mouse Moved,506.0,377.0,User6,,
1490374457555,Mouse Moved,507.0,379.0,User6,,
1490374457602,Mouse Moved,507.0,376.0,User6,,
1490374457836,Mouse Moved,507.0,376.0,User6,,
1490374457960,Mouse Moved,507.0,378.0,User6,,
1490374457993,Mouse Moved,507.0,381.0,User6,,
1490374458007,Mouse Moved,507.0,385.0,User6,,
1490374458023,Mouse Moved,507.0,391.0,User6,,
1490374458039,Mouse Moved,507.0,399.0,User6,,
1490374458055,Mouse Moved,506.0,405.0,User6,,
1490374458071,Mouse Moved,506.0,415.0,User6,,
1490374458071,Mouse Moved,505.0,420.0,User6,,
1490374458085,Mouse Moved,505.0,425.0,User6,,
1490374458101,Mouse Moved,505.0,435.0,User6,,
1490374458117,Mouse Moved,505.0,443.0,User6,,
1490374458132,Mouse Moved,503.0,451.0,User6,,
1490374458132,Mouse Moved,503.0,455.0,User6,,
1490374458148,Mouse Moved,502.0,462.0,User6,,
1490374458164,Mouse Moved,502.0,466.0,User6,,
1490374458180,Mouse Moved,501.0,469.0,User6,,
1490374458194,Mouse Moved,501.0,472.0,User6,,
1490374458194,Mouse Moved,500.0,476.0,User6,,
1490374458210,Mouse Moved,500.0,479.0,User6,,
1490374458226,Mouse Moved,499.0,482.0,User6,,
1490374458242,Mouse Moved,499.0,485.0,User6,,
1490374458242,Mouse Moved,499.0,484.0,User6,,
1490374458257,Mouse Button.left Released,499.0,484.0,User6,,
1490374458928,Mouse Moved,500.0,485.0,User6,,
1490374458944,Mouse Moved,501.0,485.0,User6,,
1490374458960,Mouse Moved,501.0,484.0,User6,,
1490374458974,Mouse Moved,502.0,484.0,User6,,
1490374459069,Mouse Moved,503.0,484.0,User6,,
1490374459099,Mouse Moved,504.0,484.0,User6,,
1490374459115,Mouse Moved,505.0,483.0,User6,,
1490374459131,Mouse Moved,506.0,483.0,User6,,
1490374459381,Mouse Moved,506.0,483.0,User6,,
1490374459536,Mouse Moved,506.0,484.0,User6,,
1490374459552,Mouse Moved,506.0,485.0,User6,,
1490374459568,Mouse Moved,506.0,487.0,User6,,
1490374459584,Mouse Moved,506.0,492.0,User6,,
1490374459598,Mouse Moved,506.0,500.0,User6,,
1490374459615,Mouse Moved,506.0,503.0,User6,,
1490374459615,Mouse Moved,506.0,507.0,User6,,
1490374459645,Mouse Moved,506.0,508.0,User6,,
1490374459661,Mouse Moved,506.0,509.0,User6,,
1490374459677,Mouse Moved,506.0,510.0,User6,,
1490374460207,Mouse Moved,506.0,508.0,User6,,
1490374460207,Mouse Moved,506.0,506.0,User6,,
1490374460223,Mouse Moved,506.0,502.0,User6,,
1490374460239,Mouse Moved,506.0,496.0,User6,,
1490374460255,Mouse Moved,506.0,487.0,User6,,
1490374460269,Mouse Moved,505.0,478.0,User6,,
1490374460269,Mouse Moved,505.0,467.0,User6,,
1490374460286,Mouse Moved,503.0,459.0,User6,,
1490374460301,Mouse Moved,502.0,451.0,User6,,
1490374460316,Mouse Moved,502.0,446.0,User6,,
1490374460316,Mouse Moved,501.0,439.0,User6,,
1490374460332,Mouse Moved,500.0,432.0,User6,,
1490374460348,Mouse Moved,498.0,425.0,User6,,
1490374460364,Mouse Moved,498.0,423.0,User6,,
1490374460364,Mouse Moved,498.0,421.0,User6,,
1490374460378,Mouse Moved,498.0,419.0,User6,,
1490374460394,Mouse Moved,497.0,412.0,User6,,
1490374460411,Mouse Moved,497.0,406.0,User6,,
1490374460426,Mouse Moved,495.0,396.0,User6,,
1490374460441,Mouse Moved,494.0,386.0,User6,,
1490374460441,Mouse Moved,494.0,381.0,User6,,
1490374460457,Mouse Moved,496.0,374.0,User6,,
1490374460473,Mouse Moved,496.0,368.0,User6,,
1490374460489,Mouse Moved,496.0,357.0,User6,,
1490374460503,Mouse Moved,496.0,349.0,User6,,
1490374460503,Mouse Moved,499.0,343.0,User6,,
1490374460519,Mouse Moved,499.0,337.0,User6,,
1490374460535,Mouse Moved,501.0,330.0,User6,,
1490374460551,Mouse Moved,502.0,322.0,User6,,
1490374460566,Mouse Moved,502.0,319.0,User6,,
1490374460566,Mouse Moved,503.0,314.0,User6,,
1490374460582,Mouse Moved,503.0,310.0,User6,,
1490374460598,Mouse Moved,503.0,309.0,User6,,
1490374460598,Mouse Moved,503.0,300.0,User6,,
1490374460628,Mouse Moved,503.0,297.0,User6,,
1490374460644,Mouse Moved,503.0,290.0,User6,,
1490374460660,Mouse Moved,503.0,285.0,User6,,
1490374460660,Mouse Moved,504.0,281.0,User6,,
1490374460676,Mouse Moved,504.0,276.0,User6,,
1490374460690,Mouse Moved,504.0,273.0,User6,,
1490374460707,Mouse Moved,504.0,271.0,User6,,
1490374460723,Mouse Moved,504.0,270.0,User6,,
1490374460737,Mouse Moved,504.0,266.0,User6,,
1490374460769,Mouse Moved,504.0,263.0,User6,,
1490374460785,Mouse Moved,504.0,262.0,User6,,
1490374460801,Mouse Moved,504.0,261.0,User6,,
1490374460832,Mouse Moved,504.0,260.0,User6,,
1490374460878,Mouse Moved,504.0,257.0,User6,,
1490374460894,Mouse Moved,504.0,256.0,User6,,
1490374460924,Mouse Moved,504.0,254.0,User6,,
1490374460940,Mouse Moved,504.0,253.0,User6,,
1490374460957,Mouse Moved,504.0,250.0,User6,,
1490374460987,Mouse Moved,505.0,249.0,User6,,
1490374461003,Mouse Moved,505.0,247.0,User6,,
1490374461112,Mouse Moved,504.0,247.0,User6,,
1490374466354,Mouse Moved,506.0,247.0,User6,,
1490374466384,Mouse Moved,507.0,248.0,User6,,
1490374466401,Mouse Moved,508.0,248.0,User6,,
1490374466417,Mouse Moved,509.0,248.0,User6,,
1490374466431,Mouse Moved,512.0,247.0,User6,,
1490374466447,Mouse Moved,515.0,244.0,User6,,
1490374466463,Mouse Moved,525.0,237.0,User6,,
1490374466479,Mouse Moved,534.0,228.0,User6,,
1490374466494,Mouse Moved,553.0,215.0,User6,,
1490374466509,Mouse Moved,566.0,200.0,User6,,
1490374466509,Mouse Moved,578.0,193.0,User6,,
1490374466526,Mouse Moved,590.0,184.0,User6,,
1490374466526,Mouse Moved,606.0,171.0,User6,,
1490374466540,Mouse Moved,617.0,160.0,User6,,
1490374466556,Mouse Moved,639.0,136.0,User6,,
1490374466572,Mouse Moved,652.0,121.0,User6,,
1490374466588,Mouse Moved,661.0,112.0,User6,,
1490374466588,Mouse Moved,675.0,94.0,User6,,
1490374466604,Mouse Moved,683.0,86.0,User6,,
1490374466618,Mouse Moved,698.0,70.0,User6,,
1490374466634,Mouse Moved,716.0,51.0,User6,,
1490374466634,Mouse Moved,732.0,28.0,User6,,
1490374466651,Mouse Moved,741.0,18.0,User6,,
1490374466665,Mouse Moved,750.0,9.0,User6,,
1490374466681,Mouse Moved,758.0,0.0,User6,,
1490374466947,Mouse Moved,768.0,1.0,User6,,
1490374466963,Mouse Moved,772.0,5.0,User6,,
1490374467072,Mouse Moved,776.0,7.0,User6,,
1490374467072,Mouse Moved,782.0,12.0,User6,,
1490374467072,Mouse Moved,787.0,14.0,User6,,
1490374467072,Mouse Moved,794.0,16.0,User6,,
1490374467072,Mouse Moved,803.0,22.0,User6,,
1490374467072,Mouse Moved,810.0,27.0,User6,,
1490374467072,Mouse Moved,820.0,31.0,User6,,
1490374467072,Mouse Moved,823.0,35.0,User6,,
1490374467072,Mouse Moved,827.0,37.0,User6,,
1490374467086,Mouse Moved,829.0,39.0,User6,,
1490374467102,Mouse Moved,830.0,39.0,User6,,
1490374467118,Mouse Moved,831.0,39.0,User6,,
1490374467134,Mouse Moved,832.0,39.0,User6,,
1490374467150,Mouse Moved,832.0,41.0,User6,,
1490374467197,Mouse Moved,833.0,41.0,User6,,
1490374467197,Mouse Moved,835.0,42.0,User6,,
1490374467227,Mouse Moved,838.0,42.0,User6,,
1490374467227,Mouse Moved,840.0,42.0,User6,,
1490374467259,Mouse Moved,842.0,42.0,User6,,
1490374467275,Mouse Moved,843.0,42.0,User6,,
1490374467618,Mouse Moved,843.0,43.0,User6,,
1490374467618,Mouse Moved,843.0,46.0,User6,,
1490374467632,Mouse Moved,844.0,49.0,User6,,
1490374467648,Mouse Moved,844.0,50.0,User6,,
1490374467664,Mouse Moved,844.0,52.0,User6,,
1490374467680,Mouse Moved,844.0,53.0,User6,,
1490374467696,Mouse Moved,844.0,54.0,User6,,
1490374467821,Mouse Moved,843.0,54.0,User6,,
1490374468055,Mouse Moved,843.0,54.0,User6,,
1490374468194,Mouse Moved,843.0,54.0,User6,,
1490374468428,Mouse Moved,837.0,65.0,User6,,
1490374468444,Mouse Moved,825.0,81.0,User6,,
1490374468444,Mouse Moved,801.0,101.0,User6,,
1490374468460,Mouse Moved,778.0,110.0,User6,,
1490374468476,Mouse Moved,742.0,130.0,User6,,
1490374468490,Mouse Moved,703.0,145.0,User6,,
1490374468490,Mouse Moved,657.0,160.0,User6,,
1490374468506,Mouse Moved,629.0,173.0,User6,,
1490374468523,Mouse Moved,587.0,184.0,User6,,
1490374468523,Mouse Moved,551.0,194.0,User6,,
1490374468538,Mouse Moved,513.0,202.0,User6,,
1490374468553,Mouse Moved,470.0,217.0,User6,,
1490374468569,Mouse Moved,445.0,229.0,User6,,
1490374468585,Mouse Moved,429.0,231.0,User6,,
1490374468601,Mouse Moved,407.0,240.0,User6,,
1490374468601,Mouse Moved,385.0,245.0,User6,,
1490374468615,Mouse Moved,374.0,250.0,User6,,
1490374468631,Mouse Moved,366.0,257.0,User6,,
1490374468835,Mouse Moved,366.0,257.0,User6,,
1490374468990,Mouse Moved,366.0,257.0,User6,,
1490374469286,Mouse Moved,347.0,252.0,User6,,
1490374469302,Mouse Moved,309.0,233.0,User6,,
1490374469318,Mouse Moved,292.0,227.0,User6,,
1490374469334,Mouse Moved,264.0,212.0,User6,,
1490374469348,Mouse Moved,243.0,197.0,User6,,
1490374469365,Mouse Moved,230.0,190.0,User6,,
1490374469365,Mouse Moved,208.0,182.0,User6,,
1490374469381,Mouse Moved,196.0,172.0,User6,,
1490374469395,Mouse Moved,188.0,168.0,User6,,
1490374469411,Mouse Moved,182.0,163.0,User6,,
1490374469427,Mouse Moved,176.0,158.0,User6,,
1490374469443,Mouse Moved,173.0,155.0,User6,,
1490374469443,Mouse Moved,168.0,154.0,User6,,
1490374469459,Mouse Moved,165.0,152.0,User6,,
1490374469473,Mouse Moved,163.0,150.0,User6,,
1490374469490,Mouse Moved,161.0,150.0,User6,,
1490374469490,Mouse Moved,161.0,149.0,User6,,
1490374469661,Mouse Moved,160.0,149.0,User6,,
1490374469677,Mouse Moved,158.0,149.0,User6,,
1490374469693,Mouse Moved,154.0,151.0,User6,,
1490374469707,Mouse Moved,150.0,151.0,User6,,
1490374469723,Mouse Moved,148.0,151.0,User6,,
1490374469739,Mouse Moved,147.0,152.0,User6,,
1490374469755,Mouse Moved,143.0,152.0,User6,,
1490374469770,Mouse Moved,143.0,153.0,User6,,
1490374469786,Mouse Moved,142.0,153.0,User6,,
1490374469802,Mouse Moved,141.0,153.0,User6,,
1490374469816,Mouse Moved,140.0,153.0,User6,,
1490374469832,Mouse Moved,138.0,155.0,User6,,
1490374473046,Mouse Moved,138.0,155.0,User6,,
1490374473171,Mouse Moved,138.0,155.0,User6,,
1490374473187,Mouse Button.left Released,138.0,155.0,User6,,
1490374473233,Mouse Moved,138.0,155.0,User6,,
1490374473374,Mouse Moved,138.0,155.0,User6,,
1490374473717,Mouse Moved,140.0,155.0,User6,,
1490374473717,Mouse Moved,142.0,155.0,User6,,
1490374473733,Mouse Moved,149.0,153.0,User6,,
1490374473749,Mouse Moved,163.0,147.0,User6,,
1490374473763,Mouse Moved,171.0,145.0,User6,,
1490374473779,Mouse Moved,181.0,138.0,User6,,
1490374473795,Mouse Moved,195.0,130.0,User6,,
1490374473811,Mouse Moved,210.0,124.0,User6,,
1490374473811,Mouse Moved,227.0,115.0,User6,,
1490374473826,Mouse Moved,235.0,114.0,User6,,
1490374473842,Mouse Moved,243.0,112.0,User6,,
1490374473872,Mouse Moved,260.0,108.0,User6,,
1490374473872,Mouse Moved,263.0,108.0,User6,,
1490374473888,Mouse Moved,269.0,107.0,User6,,
1490374473888,Mouse Moved,274.0,107.0,User6,,
1490374473904,Mouse Moved,277.0,107.0,User6,,
1490374473920,Mouse Moved,280.0,107.0,User6,,
1490374473936,Mouse Moved,283.0,106.0,User6,,
1490374474513,Mouse Moved,283.0,106.0,User6,,
1490374474653,Mouse Moved,283.0,106.0,User6,,
1490374479941,Mouse Moved,282.0,104.0,User6,,
1490374479957,Mouse Moved,283.0,106.0,User6,,
1490374479989,Mouse Moved,284.0,106.0,User6,,
1490374480003,Mouse Moved,285.0,106.0,User6,,
1490374480019,Mouse Moved,287.0,106.0,User6,,
1490374480035,Mouse Moved,288.0,104.0,User6,,
1490374480051,Mouse Moved,290.0,104.0,User6,,
1490374480066,Mouse Moved,294.0,104.0,User6,,
1490374480082,Mouse Moved,298.0,104.0,User6,,
1490374480098,Mouse Moved,300.0,104.0,User6,,
1490374480112,Mouse Moved,301.0,104.0,User6,,
1490374480128,Mouse Moved,306.0,103.0,User6,,
1490374480144,Mouse Moved,310.0,103.0,User6,,
1490374480160,Mouse Moved,311.0,103.0,User6,,
1490374480176,Mouse Moved,312.0,103.0,User6,,
1490374480207,Mouse Moved,312.0,104.0,User6,,
1490374480253,Mouse Moved,312.0,106.0,User6,,
1490374480269,Mouse Moved,311.0,108.0,User6,,
1490374480285,Mouse Moved,309.0,109.0,User6,,
1490374480301,Mouse Moved,307.0,110.0,User6,,
1490374480315,Mouse Moved,306.0,112.0,User6,,
1490374480332,Mouse Moved,305.0,112.0,User6,,
1490374480346,Mouse Moved,302.0,114.0,User6,,
1490374480362,Mouse Moved,300.0,116.0,User6,,
1490374480378,Mouse Moved,297.0,118.0,User6,,
1490374480394,Mouse Moved,293.0,120.0,User6,,
1490374480410,Mouse Moved,291.0,121.0,User6,,
1490374480424,Mouse Moved,284.0,125.0,User6,,
1490374480440,Mouse Moved,276.0,125.0,User6,,
1490374480457,Mouse Moved,273.0,126.0,User6,,
1490374480471,Mouse Moved,266.0,129.0,User6,,
1490374480503,Mouse Moved,257.0,132.0,User6,,
1490374480519,Mouse Moved,253.0,133.0,User6,,
1490374480535,Mouse Moved,251.0,133.0,User6,,
1490374480549,Mouse Moved,248.0,134.0,User6,,
1490374480565,Mouse Moved,247.0,135.0,User6,,
1490374480565,Mouse Moved,245.0,134.0,User6,,
1490374480581,Mouse Moved,243.0,134.0,User6,,
1490374480596,Mouse Moved,242.0,134.0,User6,,
1490374480658,Mouse Moved,241.0,134.0,User6,,
1490374480861,Mouse Moved,241.0,133.0,User6,,
1490374481174,Mouse Moved,241.0,134.0,User6,,
1490374481204,Mouse Moved,240.0,134.0,User6,,
1490374481220,Mouse Moved,239.0,134.0,User6,,
1490374481252,Mouse Moved,238.0,136.0,User6,,
1490374481282,Mouse Moved,237.0,136.0,User6,,
1490374481299,Mouse Moved,236.0,136.0,User6,,
1490374481315,Mouse Moved,236.0,137.0,User6,,
1490374481329,Mouse Moved,235.0,138.0,User6,,
1490374481345,Mouse Moved,235.0,139.0,User6,,
1490374481361,Mouse Moved,233.0,139.0,User6,,
1490374481688,Mouse Moved,233.0,140.0,User6,,
1490374481907,Mouse Moved,233.0,139.0,User6,,
1490374481907,Mouse Moved,235.0,142.0,User6,,
1490374482109,Mouse Moved,235.0,143.0,User6,,
1490374482109,Mouse Moved,235.0,145.0,User6,,
1490374482312,Mouse Moved,238.0,153.0,User6,,
1490374482312,Mouse Moved,240.0,160.0,User6,,
1490374482469,Mouse Moved,243.0,175.0,User6,,
1490374482469,Mouse Moved,248.0,186.0,User6,,
1490374482469,Mouse Moved,254.0,205.0,User6,,
1490374482469,Mouse Moved,254.0,222.0,User6,,
1490374482516,Mouse Moved,255.0,242.0,User6,,
1490374482594,Mouse Moved,249.0,265.0,User6,,
1490374482608,Mouse Moved,251.0,263.0,User6,,
1490374482608,Mouse Moved,260.0,244.0,User6,,
1490374482719,Mouse Moved,268.0,235.0,User6,,
1490374482719,Mouse Moved,284.0,202.0,User6,,
1490374482719,Mouse Moved,300.0,156.0,User6,,
1490374482921,Mouse Moved,330.0,103.0,User6,,
1490374483124,Mouse Moved,371.0,8.0,User6,,
1490374483124,Mouse Moved,605.0,73.0,User6,,
1490374483201,Mouse Moved,557.0,229.0,User6,,
1490374483217,Mouse Moved,516.0,353.0,User6,,
1490374483217,Mouse Moved,478.0,486.0,User6,,
1490374483217,Mouse Moved,462.0,541.0,User6,,
1490374483217,Mouse Moved,434.0,633.0,User6,,
1490374483436,Mouse Moved,406.0,670.0,User6,,
1490374483451,Mouse Moved,417.0,665.0,User6,,
1490374483467,Mouse Moved,459.0,622.0,User6,,
1490374483483,Mouse Moved,481.0,592.0,User6,,
1490374483499,Mouse Moved,502.0,572.0,User6,,
1490374483513,Mouse Moved,534.0,526.0,User6,,
1490374483529,Mouse Moved,570.0,468.0,User6,,
1490374483545,Mouse Moved,620.0,388.0,User6,,
1490374483545,Mouse Moved,652.0,336.0,User6,,
1490374483561,Mouse Moved,674.0,298.0,User6,,
1490374483576,Mouse Moved,690.0,272.0,User6,,
1490374483592,Mouse Moved,709.0,234.0,User6,,
1490374483608,Mouse Moved,717.0,196.0,User6,,
1490374483842,Mouse Moved,718.0,192.0,User6,,
1490374483857,Mouse Moved,720.0,188.0,User6,,
1490374483872,Mouse Moved,725.0,178.0,User6,,
1490374483872,Mouse Moved,727.0,158.0,User6,,
1490374483904,Mouse Moved,735.0,146.0,User6,,
1490374483904,Mouse Moved,738.0,124.0,User6,,
1490374483920,Mouse Moved,749.0,109.0,User6,,
1490374483934,Mouse Moved,753.0,99.0,User6,,
1490374483950,Mouse Moved,757.0,88.0,User6,,
1490374483950,Mouse Moved,759.0,79.0,User6,,
1490374483967,Mouse Moved,760.0,78.0,User6,,
1490374484091,Mouse Moved,760.0,76.0,User6,,
1490374484091,Mouse Moved,760.0,73.0,User6,,
1490374484122,Mouse Moved,760.0,72.0,User6,,
1490374484122,Mouse Moved,760.0,70.0,User6,,
1490374484138,Mouse Moved,760.0,63.0,User6,,
1490374484154,Mouse Moved,760.0,60.0,User6,,
1490374484168,Mouse Moved,760.0,56.0,User6,,
1490374484184,Mouse Moved,760.0,48.0,User6,,
1490374484200,Mouse Moved,760.0,45.0,User6,,
1490374484216,Mouse Moved,759.0,44.0,User6,,
1490374484232,Mouse Moved,759.0,43.0,User6,,
1490374484246,Mouse Moved,759.0,42.0,User6,,
1490374484371,Mouse Moved,758.0,42.0,User6,,
1490374484559,Mouse Moved,757.0,40.0,User6,,
1490374484575,Mouse Moved,755.0,37.0,User6,,
1490374484637,Mouse Moved,755.0,35.0,User6,,
1490374484637,Mouse Moved,755.0,34.0,User6,,
1490374484653,Mouse Moved,755.0,33.0,User6,,
1490374484668,Mouse Moved,755.0,32.0,User6,,
1490374484684,Mouse Moved,753.0,32.0,User6,,
1490374484714,Mouse Moved,752.0,29.0,User6,,
1490374484730,Mouse Moved,752.0,28.0,User6,,
1490374485230,Mouse Moved,753.0,28.0,User6,,
1490374485385,Mouse Moved,753.0,28.0,User6,,
1490374485697,Mouse Moved,751.0,28.0,User6,,
1490374485713,Mouse Moved,748.0,31.0,User6,,
1490374485729,Mouse Moved,731.0,36.0,User6,,
1490374485744,Mouse Moved,700.0,65.0,User6,,
1490374485760,Mouse Moved,653.0,113.0,User6,,
1490374485760,Mouse Moved,613.0,146.0,User6,,
1490374485776,Mouse Moved,568.0,171.0,User6,,
1490374485792,Mouse Moved,529.0,212.0,User6,,
1490374485806,Mouse Moved,478.0,266.0,User6,,
1490374485822,Mouse Moved,423.0,304.0,User6,,
1490374485838,Mouse Moved,353.0,366.0,User6,,
1490374485838,Mouse Moved,303.0,411.0,User6,,
1490374485854,Mouse Moved,271.0,446.0,User6,,
1490374485869,Mouse Moved,227.0,482.0,User6,,
1490374485884,Mouse Moved,193.0,512.0,User6,,
1490374485901,Mouse Moved,167.0,540.0,User6,,
1490374485901,Mouse Moved,141.0,559.0,User6,,
1490374485917,Mouse Moved,131.0,566.0,User6,,
1490374485931,Mouse Moved,124.0,574.0,User6,,
1490374485947,Mouse Moved,122.0,577.0,User6,,
1490374485963,Mouse Moved,120.0,579.0,User6,,
1490374486165,Mouse Moved,120.0,581.0,User6,,
1490374486165,Mouse Moved,120.0,582.0,User6,,
1490374486181,Mouse Moved,120.0,584.0,User6,,
1490374486197,Mouse Moved,120.0,587.0,User6,,
1490374486213,Mouse Moved,120.0,591.0,User6,,
1490374486229,Mouse Moved,120.0,593.0,User6,,
1490374486229,Mouse Moved,119.0,599.0,User6,,
1490374486243,Mouse Moved,118.0,599.0,User6,,
1490374486259,Mouse Moved,118.0,604.0,User6,,
1490374486275,Mouse Moved,118.0,605.0,User6,,
1490374486290,Mouse Moved,117.0,606.0,User6,,
1490374486306,Mouse Moved,117.0,607.0,User6,,
1490374486306,Mouse Moved,117.0,608.0,User6,,
1490374486322,Mouse Moved,115.0,609.0,User6,,
1490374486338,Mouse Moved,114.0,611.0,User6,,
1490374486352,Mouse Moved,112.0,614.0,User6,,
1490374486368,Mouse Moved,110.0,616.0,User6,,
1490374486384,Mouse Moved,108.0,618.0,User6,,
1490374486384,Mouse Moved,106.0,622.0,User6,,
1490374486400,Mouse Moved,105.0,623.0,User6,,
1490374486415,Mouse Moved,104.0,624.0,User6,,
1490374486415,Mouse Moved,103.0,626.0,User6,,
1490374486430,Mouse Moved,102.0,626.0,User6,,
1490374486447,Mouse Moved,101.0,628.0,User6,,
1490374486447,Mouse Moved,100.0,628.0,User6,,
1490374486463,Mouse Moved,99.0,629.0,User6,,
1490374486477,Mouse Moved,98.0,631.0,User6,,
1490374486493,Mouse Moved,97.0,635.0,User6,,
1490374486509,Mouse Moved,94.0,639.0,User6,,
1490374486525,Mouse Moved,93.0,642.0,User6,,
1490374486540,Mouse Moved,93.0,643.0,User6,,
1490374486555,Mouse Moved,92.0,647.0,User6,,
1490374486572,Mouse Moved,91.0,650.0,User6,,
1490374486586,Mouse Moved,90.0,651.0,User6,,
1490374486586,Mouse Moved,90.0,653.0,User6,,
1490374486618,Mouse Moved,90.0,655.0,User6,,
1490374487976,Mouse Moved,90.0,655.0,User6,,
1490374487990,Mouse Moved,90.0,655.0,User6,,
1490374487990,Mouse Moved,90.0,653.0,User6,,
1490374487990,Mouse Moved,90.0,649.0,User6,,
1490374487990,Mouse Moved,90.0,642.0,User6,,
1490374487990,Mouse Moved,98.0,616.0,User6,,
1490374487990,Mouse Moved,102.0,604.0,User6,,
1490374487990,Mouse Moved,116.0,573.0,User6,,
1490374488006,Mouse Moved,132.0,536.0,User6,,
1490374488006,Mouse Moved,154.0,494.0,User6,,
1490374488006,Mouse Moved,179.0,450.0,User6,,
1490374488006,Mouse Moved,209.0,390.0,User6,,
1490374488006,Mouse Moved,221.0,354.0,User6,,
1490374488006,Mouse Moved,233.0,343.0,User6,,
1490374488006,Mouse Moved,245.0,327.0,User6,,
1490374488006,Mouse Moved,275.0,289.0,User6,,
1490374489411,Mouse Moved,275.0,291.0,User6,,
1490374489427,Mouse Moved,271.0,295.0,User6,,
1490374489427,Mouse Moved,264.0,304.0,User6,,
1490374489441,Mouse Moved,257.0,314.0,User6,,
1490374489457,Mouse Moved,247.0,328.0,User6,,
1490374489473,Mouse Moved,241.0,337.0,User6,,
1490374489489,Mouse Moved,232.0,347.0,User6,,
1490374489505,Mouse Moved,221.0,361.0,User6,,
1490374489505,Mouse Moved,210.0,377.0,User6,,
1490374489519,Mouse Moved,205.0,388.0,User6,,
1490374489536,Mouse Moved,199.0,392.0,User6,,
1490374489551,Mouse Moved,195.0,398.0,User6,,
1490374489551,Mouse Moved,191.0,408.0,User6,,
1490374489582,Mouse Moved,189.0,412.0,User6,,
1490374489582,Mouse Moved,182.0,419.0,User6,,
1490374489582,Mouse Moved,180.0,423.0,User6,,
1490374489598,Mouse Moved,179.0,425.0,User6,,
1490374489614,Mouse Moved,178.0,428.0,User6,,
1490374489628,Mouse Moved,176.0,430.0,User6,,
1490374489644,Mouse Moved,176.0,434.0,User6,,
1490374489644,Mouse Moved,174.0,437.0,User6,,
1490374489661,Mouse Moved,173.0,440.0,User6,,
1490374489676,Mouse Moved,172.0,443.0,User6,,
1490374489691,Mouse Moved,172.0,445.0,User6,,
1490374489707,Mouse Moved,172.0,446.0,User6,,
1490374489723,Mouse Moved,171.0,447.0,User6,,
1490374489739,Mouse Moved,170.0,450.0,User6,,
1490374489753,Mouse Moved,170.0,451.0,User6,,
1490374489753,Mouse Moved,170.0,452.0,User6,,
1490374489769,Mouse Moved,170.0,454.0,User6,,
1490374489785,Mouse Moved,170.0,457.0,User6,,
1490374489801,Mouse Moved,170.0,459.0,User6,,
1490374489816,Mouse Moved,170.0,460.0,User6,,
1490374489832,Mouse Moved,169.0,461.0,User6,,
1490374489832,Mouse Moved,169.0,463.0,User6,,
1490374489848,Mouse Moved,169.0,464.0,User6,,
1490374490237,Mouse Moved,169.0,463.0,User6,,
1490374490253,Mouse Moved,169.0,462.0,User6,,
1490374490253,Mouse Moved,171.0,459.0,User6,,
1490374490269,Mouse Moved,172.0,457.0,User6,,
1490374490285,Mouse Moved,174.0,455.0,User6,,
1490374490299,Mouse Moved,177.0,451.0,User6,,
1490374490315,Mouse Moved,178.0,446.0,User6,,
1490374490331,Mouse Moved,181.0,442.0,User6,,
1490374490331,Mouse Moved,182.0,436.0,User6,,
1490374490346,Mouse Moved,183.0,433.0,User6,,
1490374490362,Mouse Moved,183.0,429.0,User6,,
1490374490378,Mouse Moved,185.0,426.0,User6,,
1490374490394,Mouse Moved,186.0,421.0,User6,,
1490374490408,Mouse Moved,187.0,419.0,User6,,
1490374490424,Mouse Moved,185.0,417.0,User6,,
1490374490440,Mouse Moved,185.0,416.0,User6,,
1490374490456,Mouse Moved,184.0,414.0,User6,,
1490374490471,Mouse Moved,182.0,410.0,User6,,
1490374490471,Mouse Moved,182.0,408.0,User6,,
1490374490486,Mouse Moved,181.0,407.0,User6,,
1490374490503,Mouse Moved,181.0,406.0,User6,,
1490374490519,Mouse Moved,179.0,405.0,User6,,
1490374490533,Mouse Moved,177.0,402.0,User6,,
1490374490533,Mouse Moved,176.0,400.0,User6,,
1490374490549,Mouse Moved,175.0,396.0,User6,,
1490374490565,Mouse Moved,175.0,395.0,User6,,
1490374490581,Mouse Moved,174.0,394.0,User6,,
1490374490596,Mouse Moved,173.0,390.0,User6,,
1490374490611,Mouse Moved,173.0,388.0,User6,,
1490374490611,Mouse Moved,173.0,386.0,User6,,
1490374490628,Mouse Moved,173.0,382.0,User6,,
1490374490642,Mouse Moved,173.0,380.0,User6,,
1490374490658,Mouse Moved,173.0,374.0,User6,,
1490374490674,Mouse Moved,174.0,371.0,User6,,
1490374490690,Mouse Moved,175.0,365.0,User6,,
1490374490706,Mouse Moved,177.0,362.0,User6,,
1490374491361,Mouse Moved,177.0,361.0,User6,,
1490374491377,Mouse Moved,177.0,360.0,User6,,
1490374491391,Mouse Moved,177.0,359.0,User6,,
1490374491407,Mouse Moved,177.0,357.0,User6,,
1490374491423,Mouse Moved,177.0,356.0,User6,,
1490374491438,Mouse Moved,177.0,350.0,User6,,
1490374491454,Mouse Moved,176.0,347.0,User6,,
1490374491470,Mouse Moved,174.0,345.0,User6,,
1490374491500,Mouse Moved,174.0,343.0,User6,,
1490374491516,Mouse Moved,173.0,342.0,User6,,
1490374491516,Mouse Moved,173.0,341.0,User6,,
1490374491532,Mouse Moved,172.0,340.0,User6,,
1490374491578,Mouse Moved,172.0,338.0,User6,,
1490374491891,Mouse Moved,172.0,336.0,User6,,
1490374491907,Mouse Moved,172.0,328.0,User6,,
1490374491907,Mouse Moved,172.0,324.0,User6,,
1490374491923,Mouse Moved,172.0,319.0,User6,,
1490374491937,Mouse Moved,172.0,313.0,User6,,
1490374491953,Mouse Moved,172.0,309.0,User6,,
1490374491969,Mouse Moved,172.0,308.0,User6,,
1490374492046,Mouse Moved,172.0,310.0,User6,,
1490374492219,Mouse Moved,172.0,312.0,User6,,
1490374492405,Mouse Moved,172.0,316.0,User6,,
1490374492625,Mouse Moved,172.0,321.0,User6,,
1490374492625,Mouse Moved,172.0,330.0,User6,,
1490374492842,Mouse Moved,172.0,343.0,User6,,
1490374492842,Mouse Moved,172.0,348.0,User6,,
1490374493046,Mouse Moved,172.0,351.0,User6,,
1490374493046,Mouse Moved,172.0,353.0,User6,,
1490374493046,Mouse Moved,172.0,356.0,User6,,
1490374493046,Mouse Moved,172.0,358.0,User6,,
1490374493138,Mouse Moved,171.0,359.0,User6,,
1490374493138,Mouse Moved,171.0,360.0,User6,,
1490374493138,Mouse Moved,171.0,361.0,User6,,
1490374493138,Mouse Moved,171.0,362.0,User6,,
1490374493138,Mouse Moved,169.0,366.0,User6,,
1490374493138,Mouse Moved,168.0,367.0,User6,,
1490374493154,Mouse Moved,168.0,369.0,User6,,
1490374493154,Mouse Moved,167.0,370.0,User6,,
1490374493154,Mouse Moved,166.0,374.0,User6,,
1490374493154,Mouse Moved,165.0,374.0,User6,,
1490374493154,Mouse Moved,164.0,374.0,User6,,
1490374493154,Mouse Moved,165.0,373.0,User6,,
1490374493171,Mouse Moved,166.0,369.0,User6,,
1490374493171,Mouse Moved,180.0,351.0,User6,,
1490374493171,Mouse Moved,191.0,335.0,User6,,
1490374493171,Mouse Moved,211.0,306.0,User6,,
1490374493171,Mouse Moved,225.0,289.0,User6,,
1490374493171,Mouse Moved,235.0,277.0,User6,,
1490374493171,Mouse Moved,265.0,244.0,User6,,
1490374493187,Mouse Moved,276.0,233.0,User6,,
1490374493197,Mouse Moved,288.0,224.0,User6,,
1490374493213,Mouse Moved,295.0,219.0,User6,,
1490374493230,Mouse Moved,299.0,216.0,User6,,
1490374493230,Mouse Moved,303.0,214.0,User6,,
1490374493243,Mouse Moved,309.0,209.0,User6,,
1490374493266,Mouse Moved,312.0,208.0,User6,,
1490374493282,Mouse Moved,313.0,208.0,User6,,
1490374493296,Mouse Moved,314.0,208.0,User6,,
1490374493312,Mouse Moved,315.0,208.0,User6,,
1490374493421,Mouse Moved,316.0,208.0,User6,,
1490374493437,Mouse Moved,317.0,208.0,User6,,
1490374493453,Mouse Moved,318.0,208.0,User6,,
1490374493469,Mouse Moved,319.0,208.0,User6,,
1490374493469,Mouse Moved,320.0,208.0,User6,,
1490374493484,Mouse Moved,323.0,207.0,User6,,
1490374493500,Mouse Moved,325.0,206.0,User6,,
1490374493516,Mouse Moved,331.0,203.0,User6,,
1490374493530,Mouse Moved,333.0,202.0,User6,,
1490374493546,Mouse Moved,338.0,200.0,User6,,
1490374493562,Mouse Moved,343.0,197.0,User6,,
1490374493578,Mouse Moved,356.0,186.0,User6,,
1490374493594,Mouse Moved,358.0,185.0,User6,,
1490374493608,Mouse Moved,361.0,181.0,User6,,
1490374493625,Mouse Moved,367.0,177.0,User6,,
1490374493641,Mouse Moved,370.0,175.0,User6,,
1490374493655,Mouse Moved,375.0,171.0,User6,,
1490374493671,Mouse Moved,377.0,171.0,User6,,
1490374493687,Mouse Moved,378.0,169.0,User6,,
1490374493703,Mouse Moved,380.0,169.0,User6,,
1490374493719,Mouse Moved,381.0,169.0,User6,,
1490374493733,Mouse Moved,384.0,168.0,User6,,
1490374493750,Mouse Moved,384.0,167.0,User6,,
1490374493967,Mouse Moved,384.0,167.0,User6,,
1490374494076,Mouse Moved,384.0,167.0,User6,,
1490374494124,Mouse Moved,384.0,167.0,User6,,
1490374494257,Mouse Moved,384.0,167.0,User6,,
1490374494492,Mouse Moved,384.0,167.0,User6,,
1490374494506,Mouse Button.left Pressed,384.0,167.0,User6,,
1490374494615,Mouse Moved,384.0,167.0,User6,,
1490374494663,Mouse Moved,384.0,167.0,User6,,
1490374494798,Mouse Moved,384.0,167.0,User6,,
1490374494844,Mouse Button.left Released,384.0,167.0,User6,,
1490374495250,Mouse Moved,384.0,167.0,User6,,
1490374495375,Mouse Moved,384.0,168.0,User6,,
1490374495390,Mouse Moved,384.0,167.0,User6,,
1490374495405,Mouse Moved,384.0,167.0,User6,,
1490374495453,Mouse Moved,384.0,167.0,User6,,
1490374495602,Mouse Moved,384.0,167.0,User6,,
1490374496289,Mouse Moved,378.0,178.0,User6,,
1490374496305,Mouse Moved,370.0,191.0,User6,,
1490374496319,Mouse Moved,364.0,215.0,User6,,
1490374496335,Mouse Moved,354.0,247.0,User6,,
1490374496351,Mouse Moved,347.0,262.0,User6,,
1490374496367,Mouse Moved,342.0,292.0,User6,,
1490374496367,Mouse Moved,338.0,326.0,User6,,
1490374496382,Mouse Moved,330.0,350.0,User6,,
1490374496398,Mouse Moved,328.0,357.0,User6,,
1490374496414,Mouse Moved,321.0,370.0,User6,,
1490374496430,Mouse Moved,318.0,383.0,User6,,
1490374496444,Mouse Moved,317.0,393.0,User6,,
1490374496444,Mouse Moved,313.0,403.0,User6,,
1490374496460,Mouse Moved,312.0,414.0,User6,,
1490374496476,Mouse Moved,311.0,414.0,User6,,
1490374496553,Mouse Moved,311.0,413.0,User6,,
1490374496631,Mouse Moved,311.0,412.0,User6,,
1490374496664,Mouse Moved,311.0,411.0,User6,,
1490374496694,Mouse Moved,311.0,409.0,User6,,
1490374496694,Mouse Moved,312.0,407.0,User6,,
1490374496710,Mouse Moved,314.0,404.0,User6,,
1490374496726,Mouse Moved,317.0,399.0,User6,,
1490374496742,Mouse Moved,319.0,390.0,User6,,
1490374496756,Mouse Moved,323.0,383.0,User6,,
1490374496773,Mouse Moved,324.0,380.0,User6,,
1490374496788,Mouse Moved,325.0,374.0,User6,,
1490374496803,Mouse Moved,327.0,368.0,User6,,
1490374496819,Mouse Moved,328.0,365.0,User6,,
1490374496835,Mouse Moved,329.0,362.0,User6,,
1490374496881,Mouse Moved,329.0,361.0,User6,,
1490374498223,Mouse Moved,329.0,362.0,User6,,
1490374498255,Mouse Moved,329.0,363.0,User6,,
1490374498286,Mouse Moved,328.0,365.0,User6,,
1490374498302,Mouse Moved,327.0,365.0,User6,,
1490374498316,Mouse Moved,326.0,366.0,User6,,
1490374498332,Mouse Moved,326.0,368.0,User6,,
1490374498364,Mouse Moved,324.0,369.0,User6,,
1490374498380,Mouse Moved,322.0,371.0,User6,,
1490374498394,Mouse Moved,321.0,371.0,User6,,
1490374498411,Mouse Moved,320.0,371.0,User6,,
1490374498457,Mouse Moved,320.0,372.0,User6,,
1490374498519,Mouse Moved,318.0,373.0,User6,,
1490374498519,Mouse Moved,318.0,374.0,User6,,
1490374498536,Mouse Moved,317.0,374.0,User6,,
1490374498566,Mouse Moved,316.0,374.0,User6,,
1490374498582,Mouse Moved,315.0,375.0,User6,,
1490374498582,Mouse Moved,314.0,376.0,User6,,
1490374500673,Mouse Moved,313.0,378.0,User6,,
1490374500687,Mouse Moved,312.0,379.0,User6,,
1490374500703,Mouse Moved,312.0,382.0,User6,,
1490374500720,Mouse Moved,310.0,384.0,User6,,
1490374500734,Mouse Moved,310.0,385.0,User6,,
1490374500750,Mouse Moved,308.0,388.0,User6,,
1490374500798,Mouse Moved,306.0,389.0,User6,,
1490374500812,Mouse Moved,306.0,390.0,User6,,
1490374500828,Mouse Moved,304.0,391.0,User6,,
1490374500844,Mouse Moved,303.0,392.0,User6,,
1490374500859,Mouse Moved,303.0,393.0,User6,,
1490374500921,Mouse Moved,301.0,393.0,User6,,
1490374501936,Mouse Moved,301.0,390.0,User6,,
1490374501951,Mouse Moved,301.0,388.0,User6,,
1490374501967,Mouse Moved,302.0,387.0,User6,,
1490374501983,Mouse Moved,302.0,385.0,User6,,
1490374501999,Mouse Moved,302.0,384.0,User6,,
1490374502013,Mouse Moved,303.0,383.0,User6,,
1490374502029,Mouse Moved,303.0,382.0,User6,,
1490374502046,Mouse Moved,305.0,380.0,User6,,
1490374502092,Mouse Moved,307.0,378.0,User6,,
1490374502124,Mouse Moved,308.0,377.0,User6,,
1490374502311,Mouse Moved,310.0,377.0,User6,,
1490374505493,Mouse Moved,310.0,380.0,User6,,
1490374505509,Mouse Moved,308.0,388.0,User6,,
1490374505523,Mouse Moved,302.0,401.0,User6,,
1490374505539,Mouse Moved,294.0,415.0,User6,,
1490374505539,Mouse Moved,290.0,429.0,User6,,
1490374505555,Mouse Moved,286.0,449.0,User6,,
1490374505571,Mouse Moved,285.0,459.0,User6,,
1490374505586,Mouse Moved,283.0,467.0,User6,,
1490374505601,Mouse Moved,283.0,471.0,User6,,
1490374505601,Mouse Moved,283.0,473.0,User6,,
1490374505634,Mouse Moved,283.0,481.0,User6,,
1490374505648,Mouse Moved,283.0,482.0,User6,,
1490374518223,Mouse Moved,285.0,479.0,User6,,
1490374518237,Mouse Moved,288.0,472.0,User6,,
1490374518253,Mouse Moved,295.0,461.0,User6,,
1490374518269,Mouse Moved,300.0,453.0,User6,,
1490374518285,Mouse Moved,310.0,442.0,User6,,
1490374518301,Mouse Moved,321.0,428.0,User6,,
1490374518315,Mouse Moved,326.0,420.0,User6,,
1490374518332,Mouse Moved,329.0,413.0,User6,,
1490374518348,Mouse Moved,331.0,407.0,User6,,
1490374518362,Mouse Moved,334.0,399.0,User6,,
1490374518378,Mouse Moved,334.0,397.0,User6,,
1490374518394,Mouse Moved,334.0,396.0,User6,,
1490374518503,Mouse Moved,335.0,396.0,User6,,
1490374518783,Mouse Moved,334.0,396.0,User6,,
1490374518878,Mouse Moved,334.0,396.0,User6,,
1490374518924,Mouse Moved,334.0,396.0,User6,,
1490374519082,Mouse Moved,334.0,396.0,User6,,
1490374520361,Mouse Moved,339.0,375.0,User6,,
1490374520361,Mouse Moved,351.0,338.0,User6,,
1490374520361,Mouse Moved,356.0,303.0,User6,,
1490374520361,Mouse Moved,356.0,286.0,User6,,
1490374520361,Mouse Moved,360.0,269.0,User6,,
1490374520361,Mouse Moved,366.0,235.0,User6,,
1490374520361,Mouse Moved,368.0,226.0,User6,,
1490374520361,Mouse Moved,368.0,223.0,User6,,
1490374520361,Mouse Moved,370.0,221.0,User6,,
1490374520378,Mouse Moved,370.0,220.0,User6,,
1490374520378,Mouse Moved,371.0,218.0,User6,,
1490374520378,Mouse Moved,373.0,216.0,User6,,
1490374520378,Mouse Moved,373.0,215.0,User6,,
1490374520378,Mouse Moved,373.0,211.0,User6,,
1490374520378,Mouse Moved,373.0,207.0,User6,,
1490374520378,Mouse Moved,375.0,199.0,User6,,
1490374520378,Mouse Moved,375.0,195.0,User6,,
1490374520378,Mouse Moved,375.0,191.0,User6,,
1490374520378,Mouse Moved,377.0,190.0,User6,,
1490374520378,Mouse Moved,377.0,189.0,User6,,
1490374520378,Mouse Moved,377.0,187.0,User6,,
1490374522499,Mouse Moved,377.0,188.0,User6,,
1490374522640,Mouse Moved,377.0,188.0,User6,,
1490374523513,Mouse Moved,377.0,188.0,User6,,
1490374523621,Mouse Moved,377.0,188.0,User6,,
1490374523668,Mouse Moved,377.0,188.0,User6,,
1490374523808,Mouse Moved,377.0,188.0,User6,,
1490374525164,Mouse Moved,378.0,189.0,User6,,
1490374525180,Mouse Moved,380.0,191.0,User6,,
1490374525196,Mouse Moved,383.0,196.0,User6,,
1490374525211,Mouse Moved,383.0,198.0,User6,,
1490374525226,Mouse Moved,384.0,198.0,User6,,
1490374525243,Mouse Moved,386.0,201.0,User6,,
1490374525257,Mouse Moved,389.0,210.0,User6,,
1490374525273,Mouse Moved,391.0,214.0,User6,,
1490374525289,Mouse Moved,392.0,222.0,User6,,
1490374525305,Mouse Moved,394.0,227.0,User6,,
1490374525321,Mouse Moved,396.0,234.0,User6,,
1490374525335,Mouse Moved,398.0,248.0,User6,,
1490374525351,Mouse Moved,398.0,253.0,User6,,
1490374525368,Mouse Moved,399.0,260.0,User6,,
1490374525382,Mouse Moved,399.0,265.0,User6,,
1490374525382,Mouse Moved,402.0,274.0,User6,,
1490374525414,Mouse Moved,402.0,283.0,User6,,
1490374525414,Mouse Moved,403.0,289.0,User6,,
1490374525430,Mouse Moved,403.0,292.0,User6,,
1490374525430,Mouse Moved,403.0,298.0,User6,,
1490374525460,Mouse Moved,402.0,303.0,User6,,
1490374525476,Mouse Moved,401.0,308.0,User6,,
1490374525601,Mouse Moved,402.0,308.0,User6,,
1490374525617,Mouse Moved,402.0,308.0,User6,,
1490374525632,Mouse Moved,402.0,308.0,User6,,
1490374525664,Mouse Moved,402.0,308.0,User6,,
1490374525680,Mouse Moved,402.0,308.0,User6,,
1490374525694,Mouse Moved,402.0,308.0,User6,,
1490374525710,Mouse Moved,402.0,308.0,User6,,
1490374525742,Mouse Moved,402.0,308.0,User6,,
1490374526053,Mouse Moved,402.0,308.0,User6,,
1490374526069,Mouse Moved,402.0,308.0,User6,,
1490374526085,Mouse Moved,402.0,308.0,User6,,
1490374526101,Mouse Moved,402.0,308.0,User6,,
1490374526131,Mouse Moved,402.0,308.0,User6,,
1490374526148,Mouse Moved,402.0,308.0,User6,,
1490374526163,Mouse Moved,402.0,308.0,User6,,
1490374526178,Mouse Moved,402.0,308.0,User6,,
1490374526194,Mouse Moved,402.0,308.0,User6,,
1490374526522,Mouse Moved,402.0,308.0,User6,,
1490374526538,Mouse Moved,402.0,308.0,User6,,
1490374526552,Mouse Moved,402.0,308.0,User6,,
1490374526569,Mouse Moved,402.0,308.0,User6,,
1490374526584,Mouse Moved,402.0,308.0,User6,,
1490374526599,Mouse Moved,402.0,308.0,User6,,
1490374526615,Mouse Moved,402.0,308.0,User6,,
1490374526631,Mouse Scrolled (0 -1),402.0,308.0,User6,,
1490374526647,Mouse Scrolled (0 -1),402.0,308.0,User6,,
1490374526661,Mouse Moved,402.0,308.0,User6,,
1490374526677,Mouse Moved,402.0,308.0,User6,,
1490374526709,Mouse Moved,402.0,308.0,User6,,
1490374526724,Mouse Moved,402.0,308.0,User6,,
1490374526740,Mouse Moved,402.0,308.0,User6,,
1490374526756,Mouse Scrolled (0 -1),402.0,308.0,User6,,
1490374526772,Mouse Moved,402.0,308.0,User6,,
1490374527068,Mouse Moved,402.0,308.0,User6,,
1490374527084,Mouse Moved,402.0,308.0,User6,,
1490374527098,Mouse Moved,402.0,308.0,User6,,
1490374527115,Mouse Moved,402.0,308.0,User6,,
1490374527130,Mouse Moved,402.0,308.0,User6,,
1490374527145,Mouse Moved,402.0,308.0,User6,,
1490374527161,Mouse Moved,402.0,308.0,User6,,
1490374527270,Mouse Moved,402.0,308.0,User6,,
1490374527441,Mouse Moved,402.0,308.0,User6,,
1490374527489,Mouse Moved,402.0,308.0,User6,,
1490374527505,Mouse Scrolled (0 -2),402.0,308.0,User6,,
1490374527519,Mouse Moved,402.0,308.0,User6,,
1490374527552,Mouse Scrolled (0 -1),402.0,308.0,User6,,
1490374527566,Mouse Scrolled (0 -1),402.0,308.0,User6,,
1490374528674,Mouse Moved,402.0,308.0,User6,,
1490374528690,Mouse Moved,402.0,308.0,User6,,
1490374528706,Mouse Moved,402.0,308.0,User6,,
1490374528721,Mouse Moved,402.0,308.0,User6,,
1490374528736,Mouse Moved,402.0,308.0,User6,,
1490374528753,Mouse Moved,402.0,308.0,User6,,
1490374528783,Mouse Moved,402.0,308.0,User6,,
1490374528799,Mouse Moved,402.0,308.0,User6,,
1490374528815,Mouse Scrolled (0 -2),402.0,308.0,User6,,
1490374528831,Mouse Moved,402.0,308.0,User6,,
1490374528845,Mouse Moved,402.0,308.0,User6,,
1490374528861,Mouse Scrolled (0 -1),402.0,308.0,User6,,
1490374528878,Mouse Moved,402.0,308.0,User6,,
1490374528892,Mouse Scrolled (0 -1),402.0,308.0,User6,,
1490374528908,Mouse Moved,402.0,308.0,User6,,
1490374528924,Mouse Scrolled (0 -2),402.0,308.0,User6,,
1490374528940,Mouse Moved,402.0,308.0,User6,,
1490374529673,Mouse Moved,402.0,308.0,User6,,
1490374529736,Mouse Moved,402.0,308.0,User6,,
1490374529766,Mouse Moved,402.0,308.0,User6,,
1490374529828,Mouse Moved,402.0,308.0,User6,,
1490374529845,Mouse Scrolled (0 1),402.0,308.0,User6,,
1490374529859,Mouse Moved,402.0,308.0,User6,,
1490374529907,Mouse Moved,402.0,308.0,User6,,
1490374529923,Mouse Moved,402.0,308.0,User6,,
1490374529937,Mouse Moved,402.0,308.0,User6,,
1490374529984,Mouse Moved,402.0,308.0,User6,,
1490374530000,Mouse Moved,402.0,308.0,User6,,
1490374530062,Mouse Moved,402.0,308.0,User6,,
1490374530078,Mouse Moved,402.0,308.0,User6,,
1490374530203,Mouse Moved,402.0,308.0,User6,,
1490374530921,Mouse Moved,402.0,308.0,User6,,
1490374530937,Mouse Scrolled (0 2),402.0,308.0,User6,,
1490374530967,Mouse Moved,402.0,308.0,User6,,
1490374530999,Mouse Moved,402.0,308.0,User6,,
1490374531015,Mouse Moved,402.0,308.0,User6,,
1490374531029,Mouse Moved,402.0,308.0,User6,,
1490374531062,Mouse Moved,402.0,308.0,User6,,
1490374531076,Mouse Moved,402.0,308.0,User6,,
1490374531108,Mouse Moved,402.0,308.0,User6,,
1490374531997,Mouse Moved,402.0,308.0,User6,,
1490374532043,Mouse Moved,402.0,308.0,User6,,
1490374532107,Mouse Moved,402.0,308.0,User6,,
1490374532168,Mouse Moved,402.0,308.0,User6,,
1490374532246,Mouse Moved,402.0,308.0,User6,,
1490374532263,Mouse Moved,402.0,308.0,User6,,
1490374532293,Mouse Moved,402.0,308.0,User6,,
1490374532388,Mouse Moved,402.0,308.0,User6,,
1490374532605,Mouse Moved,402.0,308.0,User6,,
1490374532871,Mouse Moved,402.0,308.0,User6,,
1490374532934,Mouse Moved,402.0,308.0,User6,,
1490374533012,Mouse Moved,402.0,308.0,User6,,
1490374533026,Mouse Moved,402.0,308.0,User6,,
1490374533105,Mouse Moved,402.0,308.0,User6,,
1490374533151,Mouse Moved,402.0,308.0,User6,,
1490374534165,Mouse Moved,402.0,308.0,User6,,
1490374534290,Mouse Moved,402.0,308.0,User6,,
1490374535257,Mouse Moved,402.0,308.0,User6,,
1490374535835,Mouse Moved,402.0,308.0,User6,,
1490374535928,Mouse Moved,402.0,308.0,User6,,
1490374536115,Mouse Moved,402.0,308.0,User6,,
1490374536818,Mouse Moved,402.0,308.0,User6,,
1490374537082,Mouse Moved,402.0,308.0,User6,,
1490374537286,Mouse Moved,402.0,308.0,User6,,
1490374537348,Mouse Moved,402.0,308.0,User6,,
1490374537411,Mouse Moved,402.0,308.0,User6,,
1490374539953,Mouse Moved,402.0,308.0,User6,,
1490374540655,Mouse Moved,402.0,308.0,User6,,
1490374541233,Mouse Moved,402.0,308.0,User6,,
1490374542605,Mouse Moved,402.0,308.0,User6,,
1490374542621,Mouse Moved,402.0,308.0,User6,,
1490374542637,Mouse Scrolled (0 1),402.0,308.0,User6,,
1490374542651,Mouse Scrolled (0 1),402.0,308.0,User6,,
1490374542714,Mouse Moved,402.0,308.0,User6,,
1490374542762,Mouse Moved,402.0,308.0,User6,,
1490374543026,Mouse Moved,402.0,308.0,User6,,
1490374543042,Mouse Scrolled (0 1),402.0,308.0,User6,,
1490374543417,Mouse Moved,402.0,308.0,User6,,
1490374543431,Mouse Scrolled (0 2),402.0,308.0,User6,,
1490374543463,Mouse Moved,402.0,308.0,User6,,
1490374543479,Mouse Scrolled (0 2),402.0,308.0,User6,,
1490374543494,Mouse Moved,402.0,308.0,User6,,
1490374543509,Mouse Moved,402.0,308.0,User6,,
1490374543526,Mouse Moved,402.0,308.0,User6,,
1490374543542,Mouse Moved,402.0,308.0,User6,,
1490374543572,Mouse Moved,402.0,308.0,User6,,
1490374543822,Mouse Moved,392.0,299.0,User6,,
1490374543838,Mouse Moved,379.0,291.0,User6,,
1490374543838,Mouse Moved,357.0,273.0,User6,,
1490374543854,Mouse Moved,325.0,253.0,User6,,
1490374543868,Mouse Moved,286.0,225.0,User6,,
1490374543884,Mouse Moved,254.0,207.0,User6,,
1490374543900,Mouse Moved,217.0,190.0,User6,,
1490374543915,Mouse Moved,199.0,176.0,User6,,
1490374543915,Mouse Moved,186.0,166.0,User6,,
1490374543931,Mouse Moved,179.0,163.0,User6,,
1490374543947,Mouse Moved,173.0,158.0,User6,,
1490374543963,Mouse Moved,165.0,151.0,User6,,
1490374543977,Mouse Moved,158.0,146.0,User6,,
1490374543993,Mouse Moved,155.0,139.0,User6,,
1490374543993,Mouse Moved,153.0,137.0,User6,,
1490374544009,Mouse Moved,150.0,135.0,User6,,
1490374544040,Mouse Moved,149.0,135.0,User6,,
1490374544055,Mouse Moved,149.0,132.0,User6,,
1490374544088,Mouse Moved,147.0,130.0,User6,,
1490374544102,Mouse Moved,146.0,129.0,User6,,
1490374544118,Mouse Moved,145.0,129.0,User6,,
1490374544134,Mouse Moved,139.0,123.0,User6,,
1490374544150,Mouse Moved,137.0,121.0,User6,,
1490374544150,Mouse Moved,134.0,120.0,User6,,
1490374544180,Mouse Moved,129.0,118.0,User6,,
1490374544197,Mouse Moved,127.0,116.0,User6,,
1490374544197,Mouse Moved,126.0,114.0,User6,,
1490374544430,Mouse Moved,126.0,111.0,User6,,
1490374544446,Mouse Moved,126.0,106.0,User6,,
1490374544461,Mouse Moved,126.0,104.0,User6,,
1490374544461,Mouse Moved,126.0,103.0,User6,,
1490374544477,Mouse Moved,124.0,100.0,User6,,
1490374544509,Mouse Moved,121.0,95.0,User6,,
1490374544509,Mouse Moved,119.0,92.0,User6,,
1490374544523,Mouse Moved,117.0,90.0,User6,,
1490374544539,Mouse Moved,115.0,88.0,User6,,
1490374544539,Mouse Moved,113.0,84.0,User6,,
1490374544555,Mouse Moved,113.0,82.0,User6,,
1490374544960,Mouse Moved,113.0,82.0,User6,,
1490374545101,Mouse Moved,113.0,82.0,User6,,
1490374545384,Mouse Moved,115.0,86.0,User6,,
1490374545400,Mouse Moved,121.0,93.0,User6,,
1490374545400,Mouse Moved,129.0,98.0,User6,,
1490374545415,Mouse Moved,138.0,106.0,User6,,
1490374545430,Mouse Moved,151.0,111.0,User6,,
1490374545555,Mouse Moved,164.0,118.0,User6,,
1490374545618,Mouse Moved,186.0,127.0,User6,,
1490374545759,Mouse Moved,196.0,132.0,User6,,
1490374545961,Mouse Moved,220.0,142.0,User6,,
1490374545961,Mouse Moved,230.0,144.0,User6,,
1490374545961,Mouse Moved,242.0,148.0,User6,,
1490374546164,Mouse Moved,252.0,149.0,User6,,
1490374546319,Mouse Moved,267.0,156.0,User6,,
1490374546319,Mouse Moved,272.0,152.0,User6,,
1490374546319,Mouse Moved,276.0,152.0,User6,,
1490374546335,Mouse Moved,277.0,151.0,User6,,
1490374546335,Mouse Moved,277.0,152.0,User6,,
1490374546351,Mouse Moved,277.0,154.0,User6,,
1490374546351,Mouse Moved,278.0,154.0,User6,,
1490374546351,Mouse Moved,278.0,155.0,User6,,
1490374546351,Mouse Moved,279.0,155.0,User6,,
1490374546351,Mouse Moved,280.0,157.0,User6,,
1490374546351,Mouse Moved,280.0,161.0,User6,,
1490374546351,Mouse Moved,282.0,161.0,User6,,
1490374546351,Mouse Moved,285.0,164.0,User6,,
1490374546367,Mouse Moved,286.0,164.0,User6,,
1490374546367,Mouse Moved,287.0,164.0,User6,,
1490374546367,Mouse Moved,290.0,164.0,User6,,
1490374546367,Mouse Moved,293.0,164.0,User6,,
1490374546367,Mouse Moved,298.0,164.0,User6,,
1490374546367,Mouse Moved,303.0,164.0,User6,,
1490374546367,Mouse Moved,307.0,164.0,User6,,
1490374546367,Mouse Moved,312.0,164.0,User6,,
1490374546367,Mouse Moved,314.0,163.0,User6,,
1490374546367,Mouse Moved,316.0,162.0,User6,,
1490374546382,Mouse Moved,317.0,162.0,User6,,
1490374546382,Mouse Moved,317.0,161.0,User6,,
1490374546382,Mouse Moved,317.0,160.0,User6,,
1490374546553,Mouse Moved,317.0,161.0,User6,,
1490374546648,Mouse Moved,317.0,161.0,User6,,
1490374546664,Mouse Button.left Released,317.0,161.0,User6,,
1490374546710,Mouse Moved,317.0,161.0,User6,,
1490374546849,Mouse Moved,317.0,161.0,User6,,
1490374547286,Mouse Moved,318.0,163.0,User6,,
1490374547286,Mouse Moved,319.0,165.0,User6,,
1490374547318,Mouse Moved,321.0,169.0,User6,,
1490374547318,Mouse Moved,323.0,172.0,User6,,
1490374547318,Mouse Moved,327.0,178.0,User6,,
1490374547332,Mouse Moved,330.0,182.0,User6,,
1490374547348,Mouse Moved,332.0,191.0,User6,,
1490374547365,Mouse Moved,336.0,202.0,User6,,
1490374547380,Mouse Moved,345.0,229.0,User6,,
1490374547411,Mouse Moved,350.0,242.0,User6,,
1490374547411,Mouse Moved,358.0,252.0,User6,,
1490374547411,Mouse Moved,362.0,265.0,User6,,
1490374547427,Mouse Moved,367.0,274.0,User6,,
1490374547443,Mouse Moved,371.0,295.0,User6,,
1490374547457,Mouse Moved,372.0,305.0,User6,,
1490374547457,Mouse Moved,373.0,316.0,User6,,
1490374547473,Mouse Moved,374.0,319.0,User6,,
1490374547489,Mouse Moved,374.0,321.0,User6,,
1490374547755,Mouse Moved,374.0,321.0,User6,,
1490374547864,Mouse Scrolled (0 -2),374.0,321.0,User6,,
1490374547878,Mouse Scrolled (0 -2),374.0,321.0,User6,,
1490374547894,Mouse Moved,374.0,321.0,User6,,
1490374547911,Mouse Scrolled (0 -6),374.0,321.0,User6,,
1490374547926,Mouse Scrolled (0 -5),374.0,321.0,User6,,
1490374548176,Mouse Moved,374.0,321.0,User6,,
1490374548190,Mouse Scrolled (0 -4),374.0,321.0,User6,,
1490374548223,Mouse Moved,374.0,321.0,User6,,
1490374548253,Mouse Moved,374.0,321.0,User6,,
1490374548269,Mouse Moved,374.0,321.0,User6,,
1490374548285,Mouse Moved,374.0,321.0,User6,,
1490374548301,Mouse Scrolled (0 -3),374.0,321.0,User6,,
1490374548315,Mouse Scrolled (0 -4),374.0,321.0,User6,,
1490374548332,Mouse Moved,374.0,321.0,User6,,
1490374548362,Mouse Moved,374.0,321.0,User6,,
1490374548861,Mouse Moved,374.0,321.0,User6,,
1490374548908,Mouse Scrolled (0 -1),374.0,321.0,User6,,
1490374548956,Mouse Scrolled (0 -3),374.0,321.0,User6,,
1490374549003,Mouse Moved,374.0,321.0,User6,,
1490374549033,Mouse Scrolled (0 -1),374.0,321.0,User6,,
1490374549049,Mouse Scrolled (0 -1),374.0,321.0,User6,,
1490374549065,Mouse Scrolled (0 -1),374.0,321.0,User6,,
1490374549081,Mouse Moved,374.0,321.0,User6,,
1490374549111,Mouse Scrolled (0 -2),374.0,321.0,User6,,
1490374549127,Mouse Scrolled (0 -1),374.0,321.0,User6,,
1490374549142,Mouse Scrolled (0 -1),374.0,321.0,User6,,
1490374549204,Mouse Moved,374.0,321.0,User6,,
1490374549220,Mouse Scrolled (0 -1),374.0,321.0,User6,,
1490374549236,Mouse Scrolled (0 -1),374.0,321.0,User6,,
1490374549563,Mouse Moved,374.0,321.0,User6,,
1490374549611,Mouse Scrolled (0 -2),374.0,321.0,User6,,
1490374549766,Mouse Moved,374.0,321.0,User6,,
1490374549813,Mouse Moved,374.0,321.0,User6,,
1490374549970,Mouse Scrolled (0 -2),374.0,321.0,User6,,
1490374550016,Mouse Moved,374.0,321.0,User6,,
1490374550157,Mouse Scrolled (0 -1),374.0,321.0,User6,,
1490374550375,Mouse Moved,374.0,321.0,User6,,
1490374550578,Mouse Scrolled (0 -1),374.0,321.0,User6,,
1490374550641,Mouse Moved,374.0,321.0,User6,,
1490374550655,Mouse Moved,374.0,321.0,User6,,
1490374552013,Mouse Moved,374.0,321.0,User6,,
1490374552029,Mouse Scrolled (0 -1),374.0,321.0,User6,,
1490374552059,Mouse Moved,374.0,321.0,User6,,
1490374552122,Mouse Moved,374.0,321.0,User6,,
1490374552168,Mouse Moved,374.0,321.0,User6,,
1490374552200,Mouse Moved,374.0,321.0,User6,,
1490374552293,Mouse Moved,374.0,321.0,User6,,
1490374552325,Mouse Moved,374.0,321.0,User6,,
1490374552371,Mouse Moved,374.0,321.0,User6,,
1490374553198,Mouse Moved,374.0,321.0,User6,,
1490374553230,Mouse Moved,374.0,321.0,User6,,
1490374553260,Mouse Scrolled (0 -1),374.0,321.0,User6,,
1490374553276,Mouse Moved,374.0,321.0,User6,,
1490374553308,Mouse Moved,374.0,321.0,User6,,
1490374553355,Mouse Moved,374.0,321.0,User6,,
1490374553463,Mouse Scrolled (0 -1),374.0,321.0,User6,,
1490374553744,Mouse Moved,376.0,321.0,User6,,
1490374553760,Mouse Moved,377.0,321.0,User6,,
1490374553776,Mouse Moved,380.0,321.0,User6,,
1490374553792,Mouse Moved,384.0,318.0,User6,,
1490374553806,Mouse Moved,397.0,317.0,User6,,
1490374553806,Mouse Moved,407.0,312.0,User6,,
1490374553822,Mouse Moved,418.0,309.0,User6,,
1490374553838,Mouse Moved,436.0,302.0,User6,,
1490374553854,Mouse Moved,470.0,286.0,User6,,
1490374553869,Mouse Moved,510.0,271.0,User6,,
1490374553884,Mouse Moved,586.0,242.0,User6,,
1490374553901,Mouse Moved,612.0,237.0,User6,,
1490374553917,Mouse Moved,632.0,229.0,User6,,
1490374553917,Mouse Moved,659.0,220.0,User6,,
1490374553931,Mouse Moved,682.0,214.0,User6,,
1490374553947,Mouse Moved,701.0,209.0,User6,,
1490374553963,Mouse Moved,716.0,205.0,User6,,
1490374553963,Mouse Moved,726.0,204.0,User6,,
1490374553979,Mouse Moved,732.0,203.0,User6,,
1490374554009,Mouse Moved,738.0,198.0,User6,,
1490374554026,Mouse Moved,740.0,194.0,User6,,
1490374554026,Mouse Moved,741.0,191.0,User6,,
1490374554026,Mouse Moved,743.0,190.0,User6,,
1490374554040,Mouse Moved,743.0,186.0,User6,,
1490374554259,Mouse Moved,742.0,186.0,User6,,
1490374554275,Mouse Moved,740.0,186.0,User6,,
1490374554290,Mouse Moved,739.0,185.0,User6,,
1490374554306,Mouse Moved,736.0,185.0,User6,,
1490374554306,Mouse Moved,734.0,184.0,User6,,
1490374554322,Mouse Moved,730.0,183.0,User6,,
1490374554322,Mouse Moved,725.0,182.0,User6,,
1490374554338,Mouse Moved,722.0,182.0,User6,,
1490374554352,Mouse Moved,718.0,180.0,User6,,
1490374554368,Mouse Moved,715.0,179.0,User6,,
1490374554384,Mouse Moved,713.0,179.0,User6,,
1490374554384,Mouse Moved,710.0,179.0,User6,,
1490374554400,Mouse Moved,710.0,178.0,User6,,
1490374554415,Mouse Moved,708.0,178.0,User6,,
1490374554447,Mouse Moved,708.0,177.0,User6,,
1490374554525,Mouse Moved,707.0,177.0,User6,,
1490374554602,Mouse Moved,707.0,178.0,User6,,
1490374554821,Mouse Moved,707.0,178.0,User6,,
1490374554898,Mouse Moved,707.0,177.0,User6,,
1490374554914,Mouse Moved,707.0,176.0,User6,,
1490374554930,Mouse Moved,706.0,176.0,User6,,
1490374554946,Mouse Moved,706.0,175.0,User6,,
1490374554946,Mouse Moved,706.0,172.0,User6,,
1490374554961,Mouse Moved,706.0,170.0,User6,,
1490374554993,Mouse Moved,706.0,169.0,User6,,
1490374554993,Mouse Moved,706.0,168.0,User6,,
1490374555039,Mouse Moved,705.0,166.0,User6,,
1490374555071,Mouse Moved,705.0,165.0,User6,,
1490374555132,Mouse Moved,705.0,163.0,User6,,
1490374555555,Mouse Moved,705.0,164.0,User6,,
1490374555585,Mouse Moved,705.0,165.0,User6,,
1490374555678,Mouse Moved,706.0,164.0,User6,,
1490374555898,Mouse Moved,704.0,166.0,User6,,
1490374555913,Mouse Moved,698.0,175.0,User6,,
1490374555928,Mouse Moved,689.0,187.0,User6,,
1490374555944,Mouse Moved,668.0,205.0,User6,,
1490374555960,Mouse Moved,649.0,224.0,User6,,
1490374555960,Mouse Moved,634.0,239.0,User6,,
1490374555976,Mouse Moved,614.0,261.0,User6,,
1490374555990,Mouse Moved,590.0,283.0,User6,,
1490374556006,Mouse Moved,570.0,298.0,User6,,
1490374556023,Mouse Moved,541.0,314.0,User6,,
1490374556038,Mouse Moved,520.0,341.0,User6,,
1490374556038,Mouse Moved,502.0,357.0,User6,,
1490374556053,Mouse Moved,484.0,389.0,User6,,
1490374556069,Mouse Moved,468.0,407.0,User6,,
1490374556319,Mouse Moved,468.0,407.0,User6,,
1490374556335,Mouse Moved,468.0,407.0,User6,,
1490374556349,Mouse Moved,468.0,407.0,User6,,
1490374556365,Mouse Moved,468.0,407.0,User6,,
1490374556381,Mouse Moved,468.0,407.0,User6,,
1490374556397,Mouse Moved,468.0,407.0,User6,,
1490374556427,Mouse Moved,468.0,407.0,User6,,
1490374556444,Mouse Moved,468.0,407.0,User6,,
1490374556459,Mouse Moved,468.0,407.0,User6,,
1490374556474,Mouse Moved,468.0,407.0,User6,,
1490374556490,Mouse Moved,468.0,407.0,User6,,
1490374556506,Mouse Moved,468.0,407.0,User6,,
1490374556943,Mouse Moved,468.0,407.0,User6,,
1490374556959,Mouse Moved,468.0,407.0,User6,,
1490374557020,Mouse Moved,468.0,407.0,User6,,
1490374557036,Mouse Moved,468.0,407.0,User6,,
1490374557052,Mouse Scrolled (0 -1),468.0,407.0,User6,,
1490374557082,Mouse Moved,468.0,407.0,User6,,
1490374557098,Mouse Moved,468.0,407.0,User6,,
1490374557130,Mouse Moved,468.0,407.0,User6,,
1490374557145,Mouse Moved,468.0,407.0,User6,,
1490374557161,Mouse Moved,468.0,407.0,User6,,
1490374557177,Mouse Moved,468.0,407.0,User6,,
1490374557193,Mouse Moved,468.0,407.0,User6,,
1490374557223,Mouse Moved,468.0,407.0,User6,,
1490374557239,Mouse Moved,468.0,407.0,User6,,
1490374557661,Mouse Moved,468.0,407.0,User6,,
1490374557691,Mouse Moved,468.0,407.0,User6,,
1490374557707,Mouse Moved,468.0,407.0,User6,,
1490374557739,Mouse Moved,468.0,407.0,User6,,
1490374557769,Mouse Moved,468.0,407.0,User6,,
1490374557832,Mouse Moved,468.0,407.0,User6,,
1490374557848,Mouse Scrolled (0 -1),468.0,407.0,User6,,
1490374558440,Mouse Moved,468.0,407.0,User6,,
1490374558456,Mouse Moved,468.0,407.0,User6,,
1490374558486,Mouse Moved,468.0,407.0,User6,,
1490374558519,Mouse Moved,468.0,407.0,User6,,
1490374558581,Mouse Moved,468.0,407.0,User6,,
1490374558611,Mouse Moved,468.0,407.0,User6,,
1490374558628,Mouse Scrolled (0 1),468.0,407.0,User6,,
1490374558831,Mouse Moved,468.0,407.0,User6,,
1490374559798,Mouse Moved,468.0,407.0,User6,,
1490374560078,Mouse Moved,468.0,407.0,User6,,
1490374560266,Mouse Moved,468.0,407.0,User6,,
1490374560391,Mouse Moved,468.0,407.0,User6,,
1490374560546,Mouse Moved,468.0,407.0,User6,,
1490374560671,Mouse Moved,468.0,407.0,User6,,
1490374561918,Mouse Moved,468.0,407.0,User6,,
1490374562091,Mouse Moved,468.0,407.0,User6,,
1490374562138,Mouse Moved,468.0,407.0,User6,,
1490374562153,Mouse Scrolled (0 -2),468.0,407.0,User6,,
1490374562184,Mouse Moved,468.0,407.0,User6,,
1490374562293,Mouse Moved,468.0,407.0,User6,,
1490374567239,Mouse Moved,466.0,411.0,User6,,
1490374567255,Mouse Moved,468.0,411.0,User6,,
1490374567269,Mouse Moved,470.0,411.0,User6,,
1490374567286,Mouse Moved,471.0,411.0,User6,,
1490374567301,Mouse Moved,472.0,413.0,User6,,
1490374567316,Mouse Moved,472.0,414.0,User6,,
1490374567332,Mouse Moved,474.0,414.0,User6,,
1490374567364,Mouse Moved,478.0,418.0,User6,,
1490374567378,Mouse Moved,480.0,419.0,User6,,
1490374567394,Mouse Moved,481.0,419.0,User6,,
1490374567411,Mouse Moved,483.0,421.0,User6,,
1490374567426,Mouse Moved,485.0,422.0,User6,,
1490374567441,Mouse Moved,485.0,423.0,User6,,
1490374567457,Mouse Moved,486.0,423.0,User6,,
1490374567473,Mouse Moved,487.0,424.0,User6,,
1490374567489,Mouse Moved,488.0,425.0,User6,,
1490374567503,Mouse Moved,490.0,427.0,User6,,
1490374567519,Mouse Moved,492.0,429.0,User6,,
1490374567519,Mouse Moved,492.0,432.0,User6,,
1490374567535,Mouse Moved,493.0,432.0,User6,,
1490374567551,Mouse Moved,495.0,434.0,User6,,
1490374567566,Mouse Moved,495.0,435.0,User6,,
1490374568003,Mouse Moved,495.0,436.0,User6,,
1490374568019,Mouse Moved,496.0,436.0,User6,,
1490374568049,Mouse Moved,496.0,437.0,User6,,
1490374568096,Mouse Moved,497.0,437.0,User6,,
1490374568128,Mouse Moved,498.0,438.0,User6,,
1490374568128,Mouse Moved,498.0,439.0,User6,,
1490374568128,Mouse Moved,499.0,439.0,User6,,
1490374568144,Mouse Moved,500.0,440.0,User6,,
1490374568174,Mouse Moved,502.0,440.0,User6,,
1490374568190,Mouse Moved,505.0,443.0,User6,,
1490374568190,Mouse Moved,506.0,444.0,User6,,
1490374568206,Mouse Moved,509.0,447.0,User6,,
1490374568221,Mouse Moved,513.0,449.0,User6,,
1490374568236,Mouse Moved,520.0,455.0,User6,,
1490374568253,Mouse Moved,528.0,462.0,User6,,
1490374568269,Mouse Moved,538.0,471.0,User6,,
1490374568269,Mouse Moved,547.0,479.0,User6,,
1490374568283,Mouse Moved,551.0,483.0,User6,,
1490374568299,Mouse Moved,565.0,487.0,User6,,
1490374568315,Mouse Moved,570.0,491.0,User6,,
1490374568331,Mouse Moved,576.0,493.0,User6,,
1490374568346,Mouse Moved,584.0,494.0,User6,,
1490374568361,Mouse Moved,588.0,494.0,User6,,
1490374568378,Mouse Moved,589.0,494.0,User6,,
1490374568378,Mouse Moved,589.0,493.0,User6,,
1490374568704,Mouse Moved,590.0,493.0,User6,,
1490374568720,Mouse Moved,591.0,494.0,User6,,
1490374568736,Mouse Moved,593.0,495.0,User6,,
1490374568752,Mouse Moved,597.0,496.0,User6,,
1490374568767,Mouse Moved,602.0,496.0,User6,,
1490374568767,Mouse Moved,607.0,496.0,User6,,
1490374568767,Mouse Moved,610.0,496.0,User6,,
1490374568782,Mouse Moved,616.0,496.0,User6,,
1490374568799,Mouse Moved,624.0,496.0,User6,,
1490374568815,Mouse Moved,629.0,496.0,User6,,
1490374568829,Mouse Moved,638.0,497.0,User6,,
1490374568829,Mouse Moved,642.0,497.0,User6,,
1490374568845,Mouse Moved,648.0,498.0,User6,,
1490374568861,Mouse Moved,650.0,499.0,User6,,
1490374568877,Mouse Moved,655.0,500.0,User6,,
1490374568892,Mouse Moved,660.0,501.0,User6,,
1490374568907,Mouse Moved,663.0,502.0,User6,,
1490374568907,Mouse Moved,667.0,504.0,User6,,
1490374568924,Mouse Moved,672.0,505.0,User6,,
1490374568938,Mouse Moved,673.0,505.0,User6,,
1490374568954,Mouse Moved,675.0,506.0,User6,,
1490374568970,Mouse Moved,679.0,509.0,User6,,
1490374568986,Mouse Moved,683.0,511.0,User6,,
1490374568986,Mouse Moved,687.0,512.0,User6,,
1490374569002,Mouse Moved,693.0,517.0,User6,,
1490374569016,Mouse Moved,697.0,521.0,User6,,
1490374569032,Mouse Moved,700.0,526.0,User6,,
1490374569891,Mouse Moved,704.0,528.0,User6,,
1490374569907,Mouse Moved,704.0,529.0,User6,,
1490374569907,Mouse Moved,705.0,529.0,User6,,
1490374569921,Mouse Moved,706.0,530.0,User6,,
1490374569937,Mouse Moved,707.0,531.0,User6,,
1490374569953,Mouse Moved,709.0,532.0,User6,,
1490374569984,Mouse Moved,710.0,533.0,User6,,
1490374570000,Mouse Moved,712.0,536.0,User6,,
1490374570016,Mouse Moved,713.0,537.0,User6,,
1490374570030,Mouse Moved,713.0,539.0,User6,,
1490374570062,Mouse Moved,713.0,541.0,User6,,
1490374570094,Mouse Moved,713.0,543.0,User6,,
1490374570094,Mouse Moved,713.0,544.0,User6,,
1490374570108,Mouse Moved,713.0,545.0,User6,,
1490374570141,Mouse Moved,712.0,546.0,User6,,
1490374570141,Mouse Moved,711.0,547.0,User6,,
1490374570171,Mouse Moved,711.0,549.0,User6,,
1490374570171,Mouse Moved,710.0,551.0,User6,,
1490374570219,Mouse Moved,710.0,552.0,User6,,
1490374570250,Mouse Moved,709.0,553.0,User6,,
1490374570280,Mouse Moved,709.0,554.0,User6,,
1490374570280,Mouse Moved,709.0,556.0,User6,,
1490374570312,Mouse Moved,709.0,557.0,User6,,
1490374570328,Mouse Moved,709.0,558.0,User6,,
1490374570342,Mouse Moved,709.0,559.0,User6,,
1490374570358,Mouse Moved,708.0,561.0,User6,,
1490374570390,Mouse Moved,707.0,562.0,User6,,
1490374570405,Mouse Moved,707.0,564.0,User6,,
1490374570437,Mouse Moved,706.0,564.0,User6,,
1490374570453,Mouse Moved,705.0,565.0,User6,,
1490374570717,Mouse Moved,706.0,565.0,User6,,
1490374570842,Mouse Moved,706.0,565.0,User6,,
1490374570888,Mouse Moved,706.0,565.0,User6,,
1490374571045,Mouse Moved,706.0,565.0,User6,,
1490374571311,Mouse Moved,699.0,555.0,User6,,
1490374571325,Mouse Moved,691.0,545.0,User6,,
1490374571325,Mouse Moved,682.0,531.0,User6,,
1490374571342,Mouse Moved,666.0,520.0,User6,,
1490374571357,Mouse Moved,656.0,512.0,User6,,
1490374571372,Mouse Moved,641.0,499.0,User6,,
1490374571388,Mouse Moved,635.0,493.0,User6,,
1490374571388,Mouse Moved,628.0,484.0,User6,,
1490374571404,Mouse Moved,621.0,479.0,User6,,
1490374571420,Mouse Moved,614.0,477.0,User6,,
1490374571434,Mouse Moved,608.0,475.0,User6,,
1490374571450,Mouse Moved,605.0,472.0,User6,,
1490374571467,Mouse Moved,604.0,472.0,User6,,
1490374571467,Mouse Moved,598.0,469.0,User6,,
1490374571467,Mouse Moved,592.0,485.0,User6,,
1490374572013,Mouse Moved,592.0,485.0,User6,,
1490374572246,Mouse Moved,592.0,485.0,User6,,
1490374572325,Mouse Moved,592.0,485.0,User6,,
1490374572683,Mouse Moved,592.0,485.0,User6,,
1490374572698,Mouse Scrolled (0 -1),592.0,485.0,User6,,
1490374572994,Mouse Moved,592.0,485.0,User6,,
1490374574243,Mouse Moved,590.0,485.0,User6,,
1490374574259,Mouse Moved,588.0,487.0,User6,,
1490374574275,Mouse Moved,585.0,487.0,User6,,
1490374574289,Mouse Moved,578.0,487.0,User6,,
1490374574305,Mouse Moved,570.0,486.0,User6,,
1490374574321,Mouse Moved,561.0,482.0,User6,,
1490374574321,Mouse Moved,553.0,480.0,User6,,
1490374574336,Mouse Moved,548.0,480.0,User6,,
1490374574352,Mouse Moved,545.0,479.0,User6,,
1490374574368,Mouse Moved,539.0,477.0,User6,,
1490374574384,Mouse Moved,536.0,476.0,User6,,
1490374574398,Mouse Moved,528.0,473.0,User6,,
1490374574398,Mouse Moved,526.0,470.0,User6,,
1490374574414,Mouse Moved,522.0,468.0,User6,,
1490374574430,Mouse Moved,520.0,464.0,User6,,
1490374574446,Mouse Moved,515.0,461.0,User6,,
1490374574461,Mouse Moved,503.0,445.0,User6,,
1490374574476,Mouse Moved,499.0,439.0,User6,,
1490374574493,Mouse Moved,495.0,429.0,User6,,
1490374574509,Mouse Moved,490.0,420.0,User6,,
1490374574523,Mouse Moved,489.0,415.0,User6,,
1490374574539,Mouse Moved,483.0,398.0,User6,,
1490374574555,Mouse Moved,481.0,395.0,User6,,
1490374574571,Mouse Moved,479.0,393.0,User6,,
1490374574586,Mouse Moved,476.0,389.0,User6,,
1490374574601,Mouse Moved,476.0,386.0,User6,,
1490374574601,Mouse Moved,476.0,382.0,User6,,
1490374575710,Mouse Moved,477.0,383.0,User6,,
1490374576348,Mouse Moved,477.0,383.0,User6,,
1490374576381,Mouse Moved,477.0,383.0,User6,,
1490374576411,Mouse Moved,477.0,383.0,User6,,
1490374576520,Mouse Moved,477.0,383.0,User6,,
1490374577737,Mouse Moved,477.0,383.0,User6,,
1490374577753,Mouse Scrolled (0 -1),477.0,383.0,User6,,
1490374577878,Mouse Moved,477.0,383.0,User6,,
1490374577956,Mouse Moved,477.0,383.0,User6,,
1490374578033,Mouse Moved,477.0,383.0,User6,,
1490374578081,Mouse Moved,477.0,383.0,User6,,
1490374578111,Mouse Moved,477.0,383.0,User6,,
1490374578128,Mouse Scrolled (0 -2),477.0,383.0,User6,,
1490374578158,Mouse Moved,477.0,383.0,User6,,
1490374578236,Mouse Moved,477.0,383.0,User6,,
1490374579125,Mouse Moved,477.0,383.0,User6,,
1490374579157,Mouse Moved,477.0,383.0,User6,,
1490374579173,Mouse Moved,477.0,383.0,User6,,
1490374579203,Mouse Moved,477.0,383.0,User6,,
1490374579220,Mouse Moved,477.0,383.0,User6,,
1490374579250,Mouse Moved,477.0,383.0,User6,,
1490374579359,Mouse Moved,477.0,383.0,User6,,
1490374579469,Mouse Moved,477.0,383.0,User6,,
1490374579703,Mouse Moved,477.0,383.0,User6,,
1490374579719,Mouse Scrolled (0 2),477.0,383.0,User6,,
1490374579734,Mouse Moved,477.0,383.0,User6,,
1490374579750,Mouse Scrolled (0 1),477.0,383.0,User6,,
1490374580467,Mouse Moved,473.0,373.0,User6,,
1490374580467,Mouse Moved,472.0,360.0,User6,,
1490374580483,Mouse Moved,471.0,357.0,User6,,
1490374580499,Mouse Moved,470.0,351.0,User6,,
1490374580515,Mouse Moved,470.0,343.0,User6,,
1490374580529,Mouse Moved,470.0,334.0,User6,,
1490374580529,Mouse Moved,470.0,323.0,User6,,
1490374580546,Mouse Moved,470.0,315.0,User6,,
1490374580561,Mouse Moved,467.0,306.0,User6,,
1490374580576,Mouse Moved,467.0,299.0,User6,,
1490374580592,Mouse Moved,467.0,292.0,User6,,
1490374580608,Mouse Moved,467.0,282.0,User6,,
1490374580624,Mouse Moved,467.0,277.0,User6,,
1490374580638,Mouse Moved,467.0,270.0,User6,,
1490374580638,Mouse Moved,468.0,268.0,User6,,
1490374580654,Mouse Moved,468.0,266.0,User6,,
1490374580671,Mouse Moved,469.0,266.0,User6,,
1490374580717,Mouse Moved,469.0,264.0,User6,,
1490374580763,Mouse Moved,469.0,261.0,User6,,
1490374580779,Mouse Moved,469.0,260.0,User6,,
1490374580779,Mouse Moved,469.0,258.0,User6,,
1490374580795,Mouse Moved,471.0,252.0,User6,,
1490374580811,Mouse Moved,475.0,244.0,User6,,
1490374580826,Mouse Moved,477.0,229.0,User6,,
1490374580842,Mouse Moved,480.0,221.0,User6,,
1490374580858,Mouse Moved,481.0,213.0,User6,,
1490374580858,Mouse Moved,481.0,211.0,User6,,
1490374580872,Mouse Moved,483.0,207.0,User6,,
1490374581450,Mouse Moved,482.0,207.0,User6,,
1490374581607,Mouse Moved,482.0,207.0,User6,,
1490374582323,Mouse Moved,481.0,207.0,User6,,
1490374582355,Mouse Moved,480.0,207.0,User6,,
1490374582371,Mouse Moved,478.0,209.0,User6,,
1490374582387,Mouse Moved,477.0,209.0,User6,,
1490374582387,Mouse Moved,472.0,212.0,User6,,
1490374582401,Mouse Moved,471.0,212.0,User6,,
1490374582417,Mouse Moved,470.0,213.0,User6,,
1490374582433,Mouse Moved,467.0,214.0,User6,,
1490374582448,Mouse Moved,465.0,215.0,User6,,
1490374582480,Mouse Moved,461.0,218.0,User6,,
1490374582496,Mouse Moved,459.0,218.0,User6,,
1490374582744,Mouse Moved,459.0,218.0,User6,,
1490374582855,Mouse Moved,459.0,218.0,User6,,
1490374582885,Mouse Moved,459.0,218.0,User6,,
1490374583042,Mouse Moved,459.0,218.0,User6,,
1490374584632,Mouse Moved,459.0,217.0,User6,,
1490374584648,Mouse Moved,459.0,214.0,User6,,
1490374584664,Mouse Moved,459.0,211.0,User6,,
1490374584664,Mouse Moved,459.0,208.0,User6,,
1490374584680,Mouse Moved,460.0,203.0,User6,,
1490374584694,Mouse Moved,462.0,199.0,User6,,
1490374584710,Mouse Moved,464.0,198.0,User6,,
1490374584726,Mouse Moved,468.0,194.0,User6,,
1490374584742,Mouse Moved,472.0,189.0,User6,,
1490374584742,Mouse Moved,477.0,183.0,User6,,
1490374584757,Mouse Moved,481.0,179.0,User6,,
1490374584757,Mouse Moved,484.0,175.0,User6,,
1490374584789,Mouse Moved,489.0,169.0,User6,,
1490374584789,Mouse Moved,496.0,160.0,User6,,
1490374584805,Mouse Moved,501.0,156.0,User6,,
1490374584819,Mouse Moved,509.0,151.0,User6,,
1490374584835,Mouse Moved,521.0,143.0,User6,,
1490374584835,Mouse Moved,533.0,139.0,User6,,
1490374584835,Mouse Moved,545.0,134.0,User6,,
1490374584851,Mouse Moved,565.0,131.0,User6,,
1490374584867,Mouse Moved,586.0,123.0,User6,,
1490374584882,Mouse Moved,615.0,114.0,User6,,
1490374584898,Mouse Moved,634.0,105.0,User6,,
1490374584914,Mouse Moved,649.0,98.0,User6,,
1490374584914,Mouse Moved,664.0,88.0,User6,,
1490374584928,Mouse Moved,695.0,74.0,User6,,
1490374584944,Mouse Moved,732.0,58.0,User6,,
1490374584960,Mouse Moved,767.0,39.0,User6,,
1490374584976,Mouse Moved,805.0,18.0,User6,,
1490374584992,Mouse Moved,822.0,13.0,User6,,
1490374585335,Mouse Moved,943.0,0.0,User6,,
1490374585335,Mouse Moved,956.0,8.0,User6,,
1490374585631,Mouse Moved,957.0,18.0,User6,,
1490374585647,Mouse Moved,956.0,18.0,User6,,
1490374585663,Mouse Moved,955.0,16.0,User6,,
1490374585677,Mouse Moved,954.0,16.0,User6,,
1490374585694,Mouse Moved,953.0,15.0,User6,,
1490374585772,Mouse Moved,952.0,15.0,User6,,
1490374586006,Mouse Moved,953.0,15.0,User6,,
1490374586131,Mouse Moved,953.0,15.0,User6,,
1490374586145,Mouse Button.left Released,953.0,15.0,User6,,
1490374586505,Mouse Moved,944.0,19.0,User6,,
1490374586520,Mouse Moved,920.0,35.0,User6,,
1490374586520,Mouse Moved,894.0,54.0,User6,,
1490374586536,Mouse Moved,862.0,72.0,User6,,
1490374586552,Mouse Moved,835.0,83.0,User6,,
1490374586566,Mouse Moved,797.0,104.0,User6,,
1490374586582,Mouse Moved,739.0,138.0,User6,,
1490374586598,Mouse Moved,690.0,173.0,User6,,
1490374586598,Mouse Moved,645.0,197.0,User6,,
1490374586614,Mouse Moved,615.0,211.0,User6,,
1490374586630,Mouse Moved,589.0,225.0,User6,,
1490374586644,Mouse Moved,565.0,244.0,User6,,
1490374586661,Mouse Moved,539.0,260.0,User6,,
1490374586677,Mouse Moved,520.0,271.0,User6,,
1490374586677,Mouse Moved,513.0,282.0,User6,,
1490374586691,Mouse Moved,506.0,284.0,User6,,
1490374586691,Mouse Moved,502.0,287.0,User6,,
1490374586707,Mouse Moved,496.0,291.0,User6,,
1490374586723,Mouse Moved,492.0,294.0,User6,,
1490374586739,Mouse Moved,488.0,294.0,User6,,
1490374587066,Mouse Moved,488.0,294.0,User6,,
1490374587098,Mouse Moved,488.0,294.0,User6,,
1490374587112,Mouse Scrolled (0 -1),488.0,294.0,User6,,
1490374587301,Mouse Moved,488.0,294.0,User6,,
1490374587394,Mouse Moved,488.0,294.0,User6,,
1490374587440,Mouse Moved,488.0,294.0,User6,,
1490374587471,Mouse Moved,488.0,294.0,User6,,
1490374587487,Mouse Scrolled (0 -2),488.0,294.0,User6,,
1490374587503,Mouse Moved,488.0,294.0,User6,,
1490374587535,Mouse Moved,488.0,294.0,User6,,
1490374587581,Mouse Moved,488.0,294.0,User6,,
1490374587644,Mouse Moved,488.0,294.0,User6,,
1490374588174,Mouse Moved,488.0,294.0,User6,,
1490374588204,Mouse Moved,488.0,294.0,User6,,
1490374588220,Mouse Moved,488.0,294.0,User6,,
1490374588236,Mouse Moved,488.0,294.0,User6,,
1490374588252,Mouse Moved,488.0,294.0,User6,,
1490374588267,Mouse Moved,488.0,294.0,User6,,
1490374588282,Mouse Scrolled (0 -1),488.0,294.0,User6,,
1490374588299,Mouse Scrolled (0 -1),488.0,294.0,User6,,
1490374588315,Mouse Moved,488.0,294.0,User6,,
1490374588329,Mouse Moved,488.0,294.0,User6,,
1490374588345,Mouse Moved,488.0,294.0,User6,,
1490374588361,Mouse Moved,488.0,294.0,User6,,
1490374588392,Mouse Moved,488.0,294.0,User6,,
1490374588407,Mouse Moved,488.0,294.0,User6,,
1490374588438,Mouse Moved,488.0,294.0,User6,,
1490374589048,Mouse Moved,486.0,296.0,User6,,
1490374589048,Mouse Moved,485.0,298.0,User6,,
1490374589062,Mouse Moved,484.0,301.0,User6,,
1490374589078,Mouse Moved,483.0,307.0,User6,,
1490374589095,Mouse Moved,478.0,315.0,User6,,
1490374589095,Mouse Moved,473.0,326.0,User6,,
1490374589109,Mouse Moved,471.0,335.0,User6,,
1490374589125,Mouse Moved,467.0,343.0,User6,,
1490374589141,Mouse Moved,460.0,360.0,User6,,
1490374589157,Mouse Moved,452.0,380.0,User6,,
1490374589173,Mouse Moved,442.0,397.0,User6,,
1490374589173,Mouse Moved,433.0,412.0,User6,,
1490374589187,Mouse Moved,426.0,427.0,User6,,
1490374589203,Mouse Moved,423.0,435.0,User6,,
1490374589219,Mouse Moved,420.0,449.0,User6,,
1490374589234,Mouse Moved,420.0,457.0,User6,,
1490374589250,Mouse Moved,419.0,459.0,User6,,
1490374589296,Mouse Moved,419.0,458.0,User6,,
1490374589375,Mouse Moved,420.0,458.0,User6,,
1490374589407,Mouse Moved,420.0,458.0,User6,,
1490374589421,Mouse Moved,420.0,458.0,User6,,
1490374589453,Mouse Moved,420.0,458.0,User6,,
1490374589469,Mouse Scrolled (0 -1),420.0,458.0,User6,,
1490374589500,Mouse Moved,420.0,458.0,User6,,
1490374589516,Mouse Moved,420.0,458.0,User6,,
1490374589530,Mouse Scrolled (0 -1),420.0,458.0,User6,,
1490374589546,Mouse Moved,420.0,458.0,User6,,
1490374589578,Mouse Moved,420.0,458.0,User6,,
1490374589594,Mouse Moved,420.0,458.0,User6,,
1490374589625,Mouse Moved,420.0,458.0,User6,,
1490374589655,Mouse Moved,420.0,458.0,User6,,
1490374589671,Mouse Moved,420.0,458.0,User6,,
1490374590934,Mouse Moved,420.0,458.0,User6,,
1490374590950,Mouse Moved,420.0,458.0,User6,,
1490374590967,Mouse Moved,420.0,458.0,User6,,
1490374591216,Mouse Moved,421.0,457.0,User6,,
1490374591232,Mouse Moved,423.0,457.0,User6,,
1490374591246,Mouse Moved,426.0,457.0,User6,,
1490374591263,Mouse Moved,429.0,456.0,User6,,
1490374591263,Mouse Moved,431.0,455.0,User6,,
1490374591279,Mouse Moved,435.0,453.0,User6,,
1490374591293,Mouse Moved,440.0,452.0,User6,,
1490374591309,Mouse Moved,446.0,449.0,User6,,
1490374591325,Mouse Moved,450.0,446.0,User6,,
1490374591341,Mouse Moved,454.0,443.0,User6,,
1490374591341,Mouse Moved,458.0,441.0,User6,,
1490374591357,Mouse Moved,459.0,438.0,User6,,
1490374591371,Mouse Moved,460.0,437.0,User6,,
1490374591668,Mouse Moved,459.0,438.0,User6,,
1490374591792,Mouse Moved,459.0,438.0,User6,,
1490374591809,Mouse Scrolled (0 -1),459.0,438.0,User6,,
1490374591871,Mouse Moved,459.0,438.0,User6,,
1490374591917,Mouse Moved,459.0,438.0,User6,,
1490374591948,Mouse Moved,459.0,438.0,User6,,
1490374592012,Mouse Moved,459.0,438.0,User6,,
1490374592059,Mouse Moved,459.0,438.0,User6,,
1490374592137,Mouse Moved,459.0,438.0,User6,,
1490374592151,Mouse Moved,459.0,438.0,User6,,
1490374592167,Mouse Scrolled (0 -1),459.0,438.0,User6,,
1490374592806,Mouse Moved,459.0,438.0,User6,,
1490374592963,Mouse Moved,459.0,438.0,User6,,
1490374593009,Mouse Moved,459.0,438.0,User6,,
1490374593056,Mouse Moved,459.0,438.0,User6,,
1490374593072,Mouse Moved,459.0,438.0,User6,,
1490374593104,Mouse Moved,459.0,438.0,User6,,
1490374593118,Mouse Moved,459.0,438.0,User6,,
1490374593151,Mouse Moved,459.0,438.0,User6,,
1490374593181,Mouse Moved,459.0,438.0,User6,,
1490374593197,Mouse Moved,459.0,438.0,User6,,
1490374593229,Mouse Moved,459.0,438.0,User6,,
1490374593259,Mouse Moved,459.0,438.0,User6,,
1490374593930,Mouse Moved,459.0,438.0,User6,,
1490374594086,Mouse Moved,459.0,438.0,User6,,
1490374594148,Mouse Moved,459.0,438.0,User6,,
1490374594180,Mouse Moved,459.0,438.0,User6,,
1490374594226,Mouse Moved,459.0,438.0,User6,,
1490374594321,Mouse Moved,459.0,438.0,User6,,
1490374594351,Mouse Moved,459.0,438.0,User6,,
1490374594398,Mouse Moved,459.0,438.0,User6,,
1490374594430,Mouse Moved,459.0,438.0,User6,,
1490374595053,Mouse Moved,459.0,438.0,User6,,
1490374595101,Mouse Moved,459.0,438.0,User6,,
1490374595178,Mouse Moved,459.0,438.0,User6,,
1490374595224,Mouse Moved,459.0,438.0,User6,,
1490374595272,Mouse Moved,459.0,438.0,User6,,
1490374595288,Mouse Scrolled (0 -2),459.0,438.0,User6,,
1490374595506,Mouse Moved,459.0,438.0,User6,,
1490374595911,Mouse Moved,459.0,438.0,User6,,
1490374595927,Mouse Moved,459.0,438.0,User6,,
1490374595943,Mouse Moved,459.0,438.0,User6,,
1490374595973,Mouse Moved,459.0,438.0,User6,,
1490374596020,Mouse Moved,459.0,438.0,User6,,
1490374596068,Mouse Moved,459.0,438.0,User6,,
1490374596801,Mouse Moved,459.0,438.0,User6,,
1490374596816,Mouse Moved,459.0,438.0,User6,,
1490374596894,Mouse Moved,459.0,438.0,User6,,
1490374596910,Mouse Scrolled (0 -1),459.0,438.0,User6,,
1490374596940,Mouse Moved,459.0,438.0,User6,,
1490374596957,Mouse Scrolled (0 -2),459.0,438.0,User6,,
1490374597003,Mouse Moved,459.0,438.0,User6,,
1490374597128,Mouse Moved,459.0,438.0,User6,,
1490374598065,Mouse Moved,459.0,438.0,User6,,
1490374598111,Mouse Moved,459.0,438.0,User6,,
1490374598188,Mouse Moved,459.0,438.0,User6,,
1490374598236,Mouse Moved,459.0,438.0,User6,,
1490374598299,Mouse Moved,459.0,438.0,User6,,
1490374598361,Mouse Moved,459.0,438.0,User6,,
1490374598407,Mouse Moved,459.0,438.0,User6,,
1490374598423,Mouse Scrolled (0 -2),459.0,438.0,User6,,
1490374598470,Mouse Moved,459.0,438.0,User6,,
1490374598500,Mouse Moved,459.0,438.0,User6,,
1490374599405,Mouse Moved,459.0,438.0,User6,,
1490374599469,Mouse Moved,459.0,438.0,User6,,
1490374599515,Mouse Moved,459.0,438.0,User6,,
1490374599546,Mouse Moved,459.0,438.0,User6,,
1490374599625,Mouse Moved,459.0,438.0,User6,,
1490374599640,Mouse Scrolled (0 -1),459.0,438.0,User6,,
1490374599703,Mouse Moved,459.0,438.0,User6,,
1490374599765,Mouse Moved,459.0,438.0,User6,,
1490374599812,Mouse Moved,459.0,438.0,User6,,
1490374599874,Mouse Moved,459.0,438.0,User6,,
1490374599921,Mouse Moved,459.0,438.0,User6,,
1490374600513,Mouse Moved,459.0,438.0,User6,,
1490374600575,Mouse Moved,459.0,438.0,User6,,
1490374600638,Mouse Moved,459.0,438.0,User6,,
1490374600670,Mouse Moved,459.0,438.0,User6,,
1490374600700,Mouse Moved,459.0,438.0,User6,,
1490374600732,Mouse Moved,459.0,438.0,User6,,
1490374600747,Mouse Moved,459.0,438.0,User6,,
1490374600763,Mouse Scrolled (0 -1),459.0,438.0,User6,,
1490374600809,Mouse Moved,459.0,438.0,User6,,
1490374600857,Mouse Moved,459.0,438.0,User6,,
1490374601542,Mouse Moved,459.0,438.0,User6,,
1490374601559,Mouse Moved,459.0,438.0,User6,,
1490374601621,Mouse Moved,459.0,438.0,User6,,
1490374601653,Mouse Moved,459.0,438.0,User6,,
1490374601667,Mouse Scrolled (0 -1),459.0,438.0,User6,,
1490374601684,Mouse Moved,459.0,438.0,User6,,
1490374601746,Mouse Moved,459.0,438.0,User6,,
1490374601792,Mouse Moved,459.0,438.0,User6,,
1490374601855,Mouse Moved,459.0,438.0,User6,,
1490374601901,Mouse Moved,459.0,438.0,User6,,
1490374601917,Mouse Scrolled (0 -2),459.0,438.0,User6,,
1490374601980,Mouse Moved,459.0,438.0,User6,,
1490374601996,Mouse Moved,459.0,438.0,User6,,
1490374602010,Mouse Scrolled (0 -1),459.0,438.0,User6,,
1490374602822,Mouse Moved,459.0,438.0,User6,,
1490374602901,Mouse Moved,459.0,438.0,User6,,
1490374602931,Mouse Moved,459.0,438.0,User6,,
1490374602979,Mouse Moved,459.0,438.0,User6,,
1490374602993,Mouse Moved,459.0,438.0,User6,,
1490374603025,Mouse Moved,459.0,438.0,User6,,
1490374603056,Mouse Moved,459.0,438.0,User6,,
1490374603102,Mouse Moved,459.0,438.0,User6,,
1490374603118,Mouse Scrolled (0 -1),459.0,438.0,User6,,
1490374603555,Mouse Moved,452.0,428.0,User6,,
1490374603571,Mouse Moved,439.0,414.0,User6,,
1490374603586,Mouse Moved,413.0,397.0,User6,,
1490374603602,Mouse Moved,379.0,381.0,User6,,
1490374603618,Mouse Moved,310.0,319.0,User6,,
1490374603634,Mouse Moved,290.0,306.0,User6,,
1490374603648,Mouse Moved,270.0,291.0,User6,,
1490374603664,Mouse Moved,256.0,279.0,User6,,
1490374603680,Mouse Moved,242.0,271.0,User6,,
1490374603696,Mouse Moved,238.0,267.0,User6,,
1490374603696,Mouse Moved,231.0,265.0,User6,,
1490374603711,Mouse Moved,229.0,265.0,User6,,
1490374603726,Mouse Moved,229.0,266.0,User6,,
1490374603743,Mouse Moved,229.0,268.0,User6,,
1490374604007,Mouse Moved,226.0,266.0,User6,,
1490374604023,Mouse Moved,222.0,264.0,User6,,
1490374604039,Mouse Moved,218.0,261.0,User6,,
1490374604055,Mouse Moved,213.0,252.0,User6,,
1490374604055,Mouse Moved,206.0,240.0,User6,,
1490374604071,Mouse Moved,202.0,224.0,User6,,
1490374604085,Mouse Moved,197.0,211.0,User6,,
1490374604101,Mouse Moved,192.0,199.0,User6,,
1490374604117,Mouse Moved,192.0,186.0,User6,,
1490374604132,Mouse Moved,192.0,172.0,User6,,
1490374604132,Mouse Moved,192.0,153.0,User6,,
1490374604148,Mouse Moved,192.0,148.0,User6,,
1490374604164,Mouse Moved,194.0,146.0,User6,,
1490374604180,Mouse Moved,194.0,142.0,User6,,
1490374604257,Mouse Moved,199.0,138.0,User6,,
1490374604273,Mouse Moved,209.0,133.0,User6,,
1490374604273,Mouse Moved,229.0,124.0,User6,,
1490374604273,Mouse Moved,254.0,109.0,User6,,
1490374604273,Mouse Moved,270.0,101.0,User6,,
1490374604273,Mouse Moved,298.0,95.0,User6,,
1490374604273,Mouse Moved,337.0,83.0,User6,,
1490374604289,Mouse Moved,380.0,70.0,User6,,
1490374604289,Mouse Moved,419.0,70.0,User6,,
1490374604289,Mouse Moved,449.0,70.0,User6,,
1490374604305,Mouse Moved,466.0,70.0,User6,,
1490374604305,Mouse Moved,489.0,77.0,User6,,
1490374604319,Mouse Moved,509.0,81.0,User6,,
1490374604335,Mouse Moved,528.0,85.0,User6,,
1490374604351,Mouse Moved,538.0,87.0,User6,,
1490374604367,Mouse Moved,547.0,97.0,User6,,
1490374604382,Mouse Moved,551.0,103.0,User6,,
1490374604382,Mouse Moved,552.0,104.0,User6,,
1490374604398,Mouse Moved,550.0,104.0,User6,,
1490374604585,Mouse Moved,550.0,102.0,User6,,
1490374604601,Mouse Moved,552.0,102.0,User6,,
1490374604601,Mouse Moved,558.0,102.0,User6,,
1490374604617,Mouse Moved,572.0,97.0,User6,,
1490374604631,Mouse Moved,602.0,90.0,User6,,
1490374604648,Mouse Moved,664.0,71.0,User6,,
1490374604663,Mouse Moved,738.0,56.0,User6,,
1490374604663,Mouse Moved,804.0,47.0,User6,,
1490374604678,Mouse Moved,845.0,41.0,User6,,
1490374604678,Mouse Moved,894.0,41.0,User6,,
1490374604694,Mouse Moved,927.0,41.0,User6,,
1490374604710,Mouse Moved,958.0,46.0,User6,,
1490374605006,Mouse Moved,952.0,51.0,User6,,
1490374605022,Mouse Moved,938.0,54.0,User6,,
1490374605022,Mouse Moved,911.0,54.0,User6,,
1490374605022,Mouse Moved,868.0,58.0,User6,,
1490374605038,Mouse Moved,829.0,58.0,User6,,
1490374605052,Mouse Moved,779.0,63.0,User6,,
1490374605069,Mouse Moved,724.0,74.0,User6,,
1490374605085,Mouse Moved,673.0,85.0,User6,,
1490374605099,Mouse Moved,635.0,93.0,User6,,
1490374605099,Mouse Moved,608.0,102.0,User6,,
1490374605115,Mouse Moved,593.0,107.0,User6,,
1490374605131,Mouse Moved,583.0,110.0,User6,,
1490374605147,Mouse Moved,573.0,118.0,User6,,
1490374605163,Mouse Moved,571.0,119.0,User6,,
