{
  "n": [
    1,
    2,
    3,
    4,
    5,
    6,
    7,
    8,
    9,
    10,
    11,
    12,
    13,
    14,
    15,
    16,
    17,
    18,
    19,
    20,
    21,
    22,
    23,
    24,
    25,
    26,
    27,
    28,
    29,
    30
  ],
  "avg_eer": [
    0.14310451608646702,
    0.12099276342707069,
    0.10904845280212705,
    0.0982754149519882,
    0.09113625160940206,
    0.08294634308603857,
    0.0786298108665072,
    0.08121631804776003,
    0.0691290933691752,
    0.06844649759253184,
    0.06853970850258047,
    0.05867126968701325,
    0.05358958325466147,
    0.0515598904002008,
    0.0525501162747376,
    0.052841288935719447,
    0.04770044319653832,
    0.045334173071954545,
    0.036836410414237276,
    0.03417900475375193,
    0.035332882964861465,
    0.03808299088336923,
    0.03109194631507018,
    0.027748177901676108,
    0.02329724707398793,
    0.023904355048096737,
    0.015118866267954853,
    0.011831706724516635,
    0.009495679415973733,
    0.009103095867870174
  ],
  "avg_auc": [
    0.9281085777579736,
    0.9447754503866415,
    0.9539188274011619,
    0.9595833104546123,
    0.9633947665456242,
    0.9667391429243594,
    0.9694590936209224,
    0.9692066676968277,
    0.9729031976052479,
    0.9742423008440635,
    0.9735913538147385,
    0.9782577665680268,
    0.9793143017348788,
    0.9801798392189758,
    0.9811421836085694,
    0.9806342178780014,
    0.982445199073824,
    0.9843777207129376,
    0.9871336525272794,
    0.9878117619270197,
    0.9874121946797676,
    0.9858073465359677,
    0.988062250119841,
    0.9884344161650993,
    0.9903831226798173,
    0.9929165219571849,
    0.994317024624675,
    0.9960617306007882,
    0.9971165949210483,
    0.9981298578973636
  ]
}