{
  "n": [
    1,
    2,
    3,
    4,
    5,
    6,
    7,
    8,
    9,
    10,
    11,
    12,
    13,
    14,
    15,
    16,
    17,
    18,
    19,
    20,
    21,
    22,
    23,
    24,
    25,
    26,
    27,
    28,
    29,
    30
  ],
  "avg_eer": [
    0.15681193156330903,
    0.13625941588673401,
    0.12447025521688915,
    0.11446407473730495,
    0.11110218094625177,
    0.10454772454734891,
    0.10335801070967723,
    0.09911427371603414,
    0.09515223358647723,
    0.09417876396011515,
    0.08990285397249523,
    0.08607187353646432,
    0.0828767878728094,
    0.08629289483301551,
    0.0832836674666569,
    0.08359158646388845,
    0.07936569919123465,
    0.07216897373717417,
    0.06847534298514317,
    0.06547993904408028,
    0.06045447751598375,
    0.06426157530918225,
    0.05917873133832038,
    0.05952276562924932,
    0.05044507414029918,
    0.04464988433530675,
    0.027858832453744257,
    0.028934070145463276,
    0.027002335636549097,
    0.020721661819248473
  ],
  "avg_auc": [
    0.9182302640417728,
    0.935714630754355,
    0.9442818861611512,
    0.9508674690743423,
    0.9544266216659855,
    0.9578989074875208,
    0.9612774553806428,
    0.9622449506510099,
    0.9650084429033635,
    0.9661638729144316,
    0.9673657740539763,
    0.9700324283802454,
    0.9725487919472086,
    0.9710143911500279,
    0.9713772631023382,
    0.9722031782224724,
    0.9738729110103987,
    0.9771449382659145,
    0.977687739850763,
    0.9779597163905571,
    0.9784978735991474,
    0.9790045574936463,
    0.9813217989680032,
    0.9819680104692381,
    0.983989114828508,
    0.9847725990650831,
    0.9912237923568268,
    0.9900528467834807,
    0.9913006713997742,
    0.9928680283706164
  ]
}