{
  "n": [
    1,
    2,
    3,
    4,
    5,
    6,
    7,
    8,
    9,
    10,
    11,
    12,
    13,
    14,
    15,
    16,
    17,
    18,
    19,
    20,
    21,
    22,
    23,
    24,
    25,
    26,
    27,
    28,
    29,
    30
  ],
  "avg_eer": [
    0.2196432510187248,
    0.21740649300766784,
    0.21481493724426012,
    0.2160388345799032,
    0.21185444693156055,
    0.20763096156797456,
    0.20550898443715152,
    0.20851728106374678,
    0.2014415237320873,
    0.20535427931634467,
    0.20416045755337758,
    0.1968356375116064,
    0.19364800912503397,
    0.19183520862732853,
    0.19886344997243494,
    0.19955504445822297,
    0.19437220158790694,
    0.17247547340589603,
    0.171569673829578,
    0.17700196588691006,
    0.17459285207250913,
    0.16893714671568338,
    0.15124539731608572,
    0.15174317257028322,
    0.13592653819174186,
    0.12391735132217115,
    0.09784599789187269,
    0.09593461779400815,
    0.09085961645285157,
    0.07702544753229226
  ],
  "avg_auc": [
    0.8539930602740963,
    0.857976038048988,
    0.860455668927275,
    0.8622544756878376,
    0.8651003331687225,
    0.8669542716598782,
    0.8693675719294216,
    0.8680114376852979,
    0.8736733277794666,
    0.8734313340276756,
    0.8755956399125621,
    0.8783720449696153,
    0.8836563817599539,
    0.8837496997898466,
    0.8846679305514147,
    0.8864826631510017,
    0.8901108689651676,
    0.8981918661667532,
    0.8997421875128019,
    0.899305238821069,
    0.9020537972778978,
    0.9053014926513467,
    0.9179269953924992,
    0.9162088578025769,
    0.9259875154597766,
    0.9279069549936401,
    0.9412127123877451,
    0.9424064841840678,
    0.9462793937629203,
    0.95448253360467
  ]
}