{
  "n": [
    1,
    2,
    3,
    4,
    5,
    6,
    7,
    8,
    9,
    10,
    11,
    12,
    13,
    14,
    15,
    16,
    17,
    18,
    19,
    20,
    21,
    22,
    23,
    24,
    25,
    26,
    27,
    28,
    29,
    30
  ],
  "avg_eer": [
    0.15413351931321312,
    0.1363116673598544,
    0.12325722352347598,
    0.11632911557339912,
    0.11169094058566294,
    0.1050699451253051,
    0.10135803586961296,
    0.09780833042588864,
    0.09352118281096956,
    0.09460644351955404,
    0.0839620377615519,
    0.08586709199704003,
    0.08439133750172076,
    0.08371253709116706,
    0.0817151296216256,
    0.081383116795213,
    0.07768021254018982,
    0.0696847639097349,
    0.0708982294168635,
    0.07184434264122365,
    0.06858336128857792,
    0.07030598927539936,
    0.05846908130897436,
    0.06177404164729631,
    0.048816303239993045,
    0.038918966471742,
    0.018992216711748954,
    0.016794451814821067,
    0.013967700960678276,
    0.013465209567580003
  ],
  "avg_auc": [
    0.9209702833991112,
    0.9361910761195364,
    0.9448705571556794,
    0.9501131144682773,
    0.953534475215962,
    0.9579154955770439,
    0.9599235426483179,
    0.9598594169767477,
    0.9651492475972233,
    0.9644396182697476,
    0.966890006743645,
    0.968655369039585,
    0.9711740603380352,
    0.9697882816143428,
    0.9694570619289637,
    0.9696043882179486,
    0.9724506044587553,
    0.9771949250934773,
    0.9769364490699706,
    0.9763290685530721,
    0.9772272470271591,
    0.9769144655890406,
    0.9821557378653021,
    0.982210203348987,
    0.9854486097161939,
    0.9856776514859515,
    0.9933250959282734,
    0.9917702628393054,
    0.9929225435416023,
    0.993615346599659
  ]
}