{
    "n": [
      1,
      2,
      3,
      4,
      5,
      6,
      7,
      8,
      9,
      10,
      11,
      12,
      13,
      14,
      15
    ],
    "avg_eer": [
      0.10265626947303359,
      0.0735304755717264,
      0.060188307493837044,
      0.05401812960840493,
      0.04396926624485474,
      0.039177019446583736,
      0.03209984671489685,
      0.03154526045153535,
      0.025184393442120784,
      0.02522761000133066,
      0.018632323868309514,
      0.019004758742401616,
      0.012028792687820379,
      0.004539024637372761,
      0.002000000000131311
    ],
    "avg_auc": [
      0.9580260639179144,
      0.9755280836432838,
      0.9833654815942673,
      0.9869103824969951,
      0.9907044148846655,
      0.9924915185822822,
      0.994318518845486,
      0.9940995193953928,
      0.9960692561343647,
      0.9956578682501703,
      0.9961577468454177,
      0.9959990813124744,
      0.9966102931682244,
      0.9993529262586792,
      0.9996458333333333
    ]
  }