{
    "user12": {
      "1": {
        "User": "user12",
        "n": 1,
        "EER": 0.11811023622038967,
        "AUC": 0.9521548863962983
      },
      "2": {
        "User": "user12",
        "n": 2,
        "EER": 0.07468879668049783,
        "AUC": 0.9754475623383422
      },
      "3": {
        "User": "user12",
        "n": 3,
        "EER": 0.05882352941176475,
        "AUC": 0.986937688076208
      },
      "4": {
        "User": "user12",
        "n": 4,
        "EER": 0.04716981132070109,
        "AUC": 0.9905950951144861
      },
      "5": {
        "User": "user12",
        "n": 5,
        "EER": 0.03658536585328492,
        "AUC": 0.9923228024226551
      },
      "6": {
        "User": "user12",
        "n": 6,
        "EER": 0.03076923076922018,
        "AUC": 0.9947163947163947
      },
      "7": {
        "User": "user12",
        "n": 7,
        "EER": 0.02928870292931,
        "AUC": 0.996048349604835
      },
      "8": {
        "User": "user12",
        "n": 8,
        "EER": 0.027777777777777783,
        "AUC": 0.9964671654197839
      },
      "9": {
        "User": "user12",
        "n": 9,
        "EER": 0.014792899408736264,
        "AUC": 0.9979958007253293
      },
      "10": {
        "User": "user12",
        "n": 10,
        "EER": 0.013888888889178158,
        "AUC": 0.9985853909465021
      },
      "11": {
        "User": "user12",
        "n": 11,
        "EER": 0.01214574898959825,
        "AUC": 0.9987678225664496
      },
      "12": {
        "User": "user12",
        "n": 12,
        "EER": 0.01843317972447645,
        "AUC": 0.9986175115207373
      },
      "13": {
        "User": "user12",
        "n": 13,
        "EER": 0.01063829787269633,
        "AUC": 0.9990328820116054
      },
      "14": {
        "User": "user12",
        "n": 14,
        "EER": 0.0,
        "AUC": 1.0
      },
      "15": {
        "User": "user12",
        "n": 15,
        "EER": 0.0,
        "AUC": 1.0
      }
    },
    "user15": {
      "1": {
        "User": "user15",
        "n": 1,
        "EER": 0.12110800944900699,
        "AUC": 0.9476302741789159
      },
      "2": {
        "User": "user15",
        "n": 2,
        "EER": 0.09852216748896997,
        "AUC": 0.9665418176389963
      },
      "3": {
        "User": "user15",
        "n": 3,
        "EER": 0.073170731707317,
        "AUC": 0.9770799694059658
      },
      "4": {
        "User": "user15",
        "n": 4,
        "EER": 0.07142857142820064,
        "AUC": 0.9829450334821428
      },
      "5": {
        "User": "user15",
        "n": 5,
        "EER": 0.06488549618295215,
        "AUC": 0.9856016880779495
      },
      "6": {
        "User": "user15",
        "n": 6,
        "EER": 0.06896551724135279,
        "AUC": 0.9900383141762452
      },
      "7": {
        "User": "user15",
        "n": 7,
        "EER": 0.05000000000000008,
        "AUC": 0.9936381709741551
      },
      "8": {
        "User": "user15",
        "n": 8,
        "EER": 0.05555555555552172,
        "AUC": 0.9912490055688146
      },
      "9": {
        "User": "user15",
        "n": 9,
        "EER": 0.06666666666665036,
        "AUC": 0.992090395480226
      },
      "10": {
        "User": "user15",
        "n": 10,
        "EER": 0.059016393441851646,
        "AUC": 0.9895081967213114
      },
      "11": {
        "User": "user15",
        "n": 11,
        "EER": 0.011363636363901641,
        "AUC": 0.9981060606060607
      },
      "12": {
        "User": "user15",
        "n": 12,
        "EER": 0.017241379311138953,
        "AUC": 0.996551724137931
      },
      "13": {
        "User": "user15",
        "n": 13,
        "EER": 0.020304568528070766,
        "AUC": 0.9898477157360407
      },
      "14": {
        "User": "user15",
        "n": 14,
        "EER": 0.0,
        "AUC": 1.0
      },
      "15": {
        "User": "user15",
        "n": 15,
        "EER": 0.0,
        "AUC": 1.0
      }
    },
    "user16": {
      "1": {
        "User": "user16",
        "n": 1,
        "EER": 0.12741312741310462,
        "AUC": 0.9468318492708737
      },
      "2": {
        "User": "user16",
        "n": 2,
        "EER": 0.08462623413356095,
        "AUC": 0.9698770904694741
      },
      "3": {
        "User": "user16",
        "n": 3,
        "EER": 0.07247437774434314,
        "AUC": 0.9793034237344013
      },
      "4": {
        "User": "user16",
        "n": 4,
        "EER": 0.0696008188342833,
        "AUC": 0.9825799207003805
      },
      "5": {
        "User": "user16",
        "n": 5,
        "EER": 0.052631578947367974,
        "AUC": 0.9887343191534095
      },
      "6": {
        "User": "user16",
        "n": 6,
        "EER": 0.05357142857142863,
        "AUC": 0.9905235726131248
      },
      "7": {
        "User": "user16",
        "n": 7,
        "EER": 0.035714285713906474,
        "AUC": 0.9928482031110316
      },
      "8": {
        "User": "user16",
        "n": 8,
        "EER": 0.051282051282014934,
        "AUC": 0.9906584203066615
      },
      "9": {
        "User": "user16",
        "n": 9,
        "EER": 0.03333333333333344,
        "AUC": 0.9941002949852508
      },
      "10": {
        "User": "user16",
        "n": 10,
        "EER": 0.04545454545454537,
        "AUC": 0.9919329816940738
      },
      "11": {
        "User": "user16",
        "n": 11,
        "EER": 0.04780876493861999,
        "AUC": 0.9939190605997065
      },
      "12": {
        "User": "user16",
        "n": 12,
        "EER": 0.04504504504414561,
        "AUC": 0.9948948948948949
      },
      "13": {
        "User": "user16",
        "n": 13,
        "EER": 0.01604278074948022,
        "AUC": 0.9977718360071302
      },
      "14": {
        "User": "user16",
        "n": 14,
        "EER": 0.006493506493768961,
        "AUC": 0.9993506493506494
      },
      "15": {
        "User": "user16",
        "n": 15,
        "EER": 0.0,
        "AUC": 1.0
      }
    },
    "user20": {
      "1": {
        "User": "user20",
        "n": 1,
        "EER": 0.09722863741238166,
        "AUC": 0.9663649860532078
      },
      "2": {
        "User": "user20",
        "n": 2,
        "EER": 0.0717401841963037,
        "AUC": 0.982496717632972
      },
      "3": {
        "User": "user20",
        "n": 3,
        "EER": 0.053747161240601436,
        "AUC": 0.9871232368799148
      },
      "4": {
        "User": "user20",
        "n": 4,
        "EER": 0.05537806176677281,
        "AUC": 0.9918957091820935
      },
      "5": {
        "User": "user20",
        "n": 5,
        "EER": 0.0405594405586201,
        "AUC": 0.9935314685314686
      },
      "6": {
        "User": "user20",
        "n": 6,
        "EER": 0.04232804232751933,
        "AUC": 0.9954949773790354
      },
      "7": {
        "User": "user20",
        "n": 7,
        "EER": 0.04054054054076148,
        "AUC": 0.9968097273219767
      },
      "8": {
        "User": "user20",
        "n": 8,
        "EER": 0.03733333333494618,
        "AUC": 0.9962580645161291
      },
      "9": {
        "User": "user20",
        "n": 9,
        "EER": 0.03503184713322519,
        "AUC": 0.9976259409380429
      },
      "10": {
        "User": "user20",
        "n": 10,
        "EER": 0.03921568627449508,
        "AUC": 0.9969548425430779
      },
      "11": {
        "User": "user20",
        "n": 11,
        "EER": 0.026086956520943578,
        "AUC": 0.9984782608695653
      },
      "12": {
        "User": "user20",
        "n": 12,
        "EER": 0.02702702702702695,
        "AUC": 0.9987837837837837
      },
      "13": {
        "User": "user20",
        "n": 13,
        "EER": 0.017964071854954418,
        "AUC": 0.999438622754491
      },
      "14": {
        "User": "user20",
        "n": 14,
        "EER": 0.014705882354407026,
        "AUC": 0.9994747899159664
      },
      "15": {
        "User": "user20",
        "n": 15,
        "EER": 0.0,
        "AUC": 1.0
      }
    },