{
  "n": [
    1,
    2,
    3,
    4,
    5,
    6,
    7,
    8,
    9,
    10,
    11,
    12,
    13,
    14,
    15,
    16,
    17,
    18,
    19,
    20,
    21,
    22,
    23,
    24,
    25,
    26,
    27,
    28,
    29,
    30
  ],
  "avg_eer": [
    0.15438294610768488,
    0.12177059587165547,
    0.10675694120386274,
    0.09343400035410525,
    0.09154380141674227,
    0.0834799520260428,
    0.07861347667207541,
    0.08690244486504575,
    0.07413470737071062,
    0.07509696800733365,
    0.07293806411453753,
    0.06631876026288477,
    0.06802834846324195,
    0.06087858220210107,
    0.05883361204023339,
    0.06975217764700281,
    0.054861111111056494,
    0.06545454545462186,
    0.05591397849476067,
    0.06414835164850613,
    0.07261904761909058,
    0.07333333333326826,
    0.05333333333340684,
    0.04871794871786411,
    0.04166666666688851,
    0.051515151515215,
    0.03333333333344406,
    0.010000000000039585,
    0.0,
    0.0
  ],
  "avg_auc": [
    0.9062222797836647,
    0.9315747396501916,
    0.9428977030294419,
    0.9491732313564171,
    0.9535403198173752,
    0.9543776619398134,
    0.9568617864931497,
    0.9581422034404475,
    0.9626385052293724,
    0.9606125089832052,
    0.9615566176742647,
    0.9650528603805535,
    0.963890413818325,
    0.9691239344389665,
    0.9648724394090527,
    0.962399355030934,
    0.9665665665665666,
    0.9669043374925728,
    0.9647233626588466,
    0.9575765900765901,
    0.9610912698412699,
    0.9611403508771931,
    0.9643417366946778,
    0.9658119658119659,
    0.9712500000000001,
    0.9631313131313132,
    0.9727272727272727,
    0.9949999999999999,
    1.0,
    1.0
  ]
}