{
  "user12": {
    "1": {
      "User": "user12",
      "n": 1,
      "EER": 0.0763857593523551,
      "AUC": 0.9799170904110173
    },
    "2": {
      "User": "user12",
      "n": 2,
      "EER": 0.04149377593360996,
      "AUC": 0.9930003672707097
    },
    "3": {
      "User": "user12",
      "n": 3,
      "EER": 0.026143790849673578,
      "AUC": 0.997786211258697
    },
    "4": {
      "User": "user12",
      "n": 4,
      "EER": 0.009433962263653103,
      "AUC": 0.9995544535275658
    },
    "5": {
      "User": "user12",
      "n": 5,
      "EER": 0.009395973153712822,
      "AUC": 0.9998035685054837
    },
    "6": {
      "User": "user12",
      "n": 6,
      "EER": 0.015384615384420512,
      "AUC": 0.9996891996891997
    },
    "7": {
      "User": "user12",
      "n": 7,
      "EER": 0.0,
      "AUC": 1.0
    },
    "8": {
      "User": "user12",
      "n": 8,
      "EER": 0.0,
      "AUC": 1.0
    },
    "9": {
      "User": "user12",
      "n": 9,
      "EER": 0.0,
      "AUC": 1.0
    },
    "10": {
      "User": "user12",
      "n": 10,
      "EER": 0.0,
      "AUC": 1.0
    },
    "11": {
      "User": "user12",
      "n": 11,
      "EER": 0.0,
      "AUC": 1.0
    },
    "12": {
      "User": "user12",
      "n": 12,
      "EER": 0.0,
      "AUC": 1.0
    },
    "13": {
      "User": "user12",
      "n": 13,
      "EER": 0.0,
      "AUC": 1.0
    },
    "14": {
      "User": "user12",
      "n": 14,
      "EER": 0.0,
      "AUC": 1.0
    },
    "15": {
      "User": "user12",
      "n": 15,
      "EER": 0.0,
      "AUC": 1.0
    }
  },
  "user15": {
    "1": {
      "User": "user15",
      "n": 1,
      "EER": 0.07945028988546195,
      "AUC": 0.9799044932174136
    },
    "2": {
      "User": "user15",
      "n": 2,
      "EER": 0.03787878787879518,
      "AUC": 0.9932656163063687
    },
    "3": {
      "User": "user15",
      "n": 3,
      "EER": 0.012195121951219523,
      "AUC": 0.9981898529786691
    },
    "4": {
      "User": "user15",
      "n": 4,
      "EER": 0.022460937500008264,
      "AUC": 0.9972098214285714
    },
    "5": {
      "User": "user15",
      "n": 5,
      "EER": 0.01908396946521741,
      "AUC": 0.9991931980388506
    },
    "6": {
      "User": "user15",
      "n": 6,
      "EER": 0.0,
      "AUC": 1.0
    },
    "7": {
      "User": "user15",
      "n": 7,
      "EER": 0.0,
      "AUC": 1.0
    },
    "8": {
      "User": "user15",
      "n": 8,
      "EER": 0.0,
      "AUC": 1.0
    },
    "9": {
      "User": "user15",
      "n": 9,
      "EER": 0.0,
      "AUC": 1.0
    },
    "10": {
      "User": "user15",
      "n": 10,
      "EER": 0.0,
      "AUC": 1.0
    },
    "11": {
      "User": "user15",
      "n": 11,
      "EER": 0.0,
      "AUC": 1.0
    },
    "12": {
      "User": "user15",
      "n": 12,
      "EER": 0.0,
      "AUC": 1.0
    },
    "13": {
      "User": "user15",
      "n": 13,
      "EER": 0.0,
      "AUC": 1.0
    },
    "14": {
      "User": "user15",
      "n": 14,
      "EER": 0.0,
      "AUC": 1.0
    },
    "15": {
      "User": "user15",
      "n": 15,
      "EER": 0.0,
      "AUC": 1.0
    }
  },
  "user16": {
    "1": {
      "User": "user16",
      "n": 1,
      "EER": 0.08355916892605614,
      "AUC": 0.9739129373275714
    },
    "2": {
      "User": "user16",
      "n": 2,
      "EER": 0.06440996709056952,
      "AUC": 0.9871717375243468
    },
    "3": {
      "User": "user16",
      "n": 3,
      "EER": 0.03311258278145889,
      "AUC": 0.9936489775338639
    },
    "4": {
      "User": "user16",
      "n": 4,
      "EER": 0.030706243603397326,
      "AUC": 0.9968101280917412
    },
    "5": {
      "User": "user16",
      "n": 5,
      "EER": 0.01464713715095883,
      "AUC": 0.9983530730955218
    },
    "6": {
      "User": "user16",
      "n": 6,
      "EER": 0.02155887230515662,
      "AUC": 0.9984600805496328
    },
    "7": {
      "User": "user16",
      "n": 7,
      "EER": 0.018907563025114506,
      "AUC": 0.9990166279277668
    },
    "8": {
      "User": "user16",
      "n": 8,
      "EER": 0.012562814070442166,
      "AUC": 0.9995490271872182
    },
    "9": {
      "User": "user16",
      "n": 9,
      "EER": 0.0029498525079739014,
      "AUC": 0.9999016715830875
    },
    "10": {
      "User": "user16",
      "n": 10,
      "EER": 0.0034129692839065307,
      "AUC": 0.9998448650325783
    },
    "11": {
      "User": "user16",
      "n": 11,
      "EER": 0.003984063745626397,
      "AUC": 0.9997903124344727
    },
    "12": {
      "User": "user16",
      "n": 12,
      "EER": 0.0,
      "AUC": 1.0
    },
    "13": {
      "User": "user16",
      "n": 13,
      "EER": 0.0,
      "AUC": 1.0
    },
    "14": {
      "User": "user16",
      "n": 14,
      "EER": 0.0,
      "AUC": 1.0
    },
    "15": {
      "User": "user16",
      "n": 15,
      "EER": 0.0,
      "AUC": 1.0
    }
  },
  "user20": {
    "1": {
      "User": "user20",
      "n": 1,
      "EER": 0.07205542725153344,
      "AUC": 0.9806417024084461
    },
    "2": {
      "User": "user20",
      "n": 2,
      "EER": 0.044110518662350405,
      "AUC": 0.9937867761538042
    },
    "3": {
      "User": "user20",
      "n": 3,
      "EER": 0.04012112036320437,
      "AUC": 0.9969295060946407
    },
    "4": {
      "User": "user20",
      "n": 4,
      "EER": 0.021276595744680833,
      "AUC": 0.9986782377510404
    },
    "5": {
      "User": "user20",
      "n": 5,
      "EER": 0.00892857142857724,
      "AUC": 0.9993256743256743
    },
    "6": {
      "User": "user20",
      "n": 6,
      "EER": 0.01086956521739137,
      "AUC": 0.9990223142397056
    },
    "7": {
      "User": "user20",
      "n": 7,
      "EER": 0.013513513513400204,
      "AUC": 0.9995485463191476
    },
    "8": {
      "User": "user20",
      "n": 8,
      "EER": 0.005333333333836578,
      "AUC": 0.9998279569892473
    },
    "9": {
      "User": "user20",
      "n": 9,
      "EER": 0.012738853502298688,
      "AUC": 0.9997104806022004
    },
    "10": {
      "User": "user20",
      "n": 10,
      "EER": 0.0037878787892769656,
      "AUC": 0.9999257278669044
    },
    "11": {
      "User": "user20",
      "n": 11,
      "EER": 0.0,
      "AUC": 1.0
    },
    "12": {
      "User": "user20",
      "n": 12,
      "EER": 0.0,
      "AUC": 1.0
    },
    "13": {
      "User": "user20",
      "n": 13,
      "EER": 0.0,
      "AUC": 1.0
    },
    "14": {
      "User": "user20",
      "n": 14,
      "EER": 0.0,
      "AUC": 1.0
    },
    "15": {
      "User": "user20",
      "n": 15,
      "EER": 0.0,
      "AUC": 1.0
    }
  },
  "user21": {
    "1": {
      "User": "user21",
      "n": 1,
      "EER": 0.044862208929284594,
      "AUC": 0.9913226088603871
    },
    "2": {
      "User": "user21",
      "n": 2,
      "EER": 0.019625334523105154,
      "AUC": 0.9974108483279301
    },
    "3": {
      "User": "user21",
      "n": 3,
      "EER": 0.01249999999999994,
      "AUC": 0.9992954070981211
    },
    "4": {
      "User": "user21",
      "n": 4,
      "EER": 0.01923076923075606,
      "AUC": 0.9989149955103263
    },
    "5": {
      "User": "user21",
      "n": 5,
      "EER": 0.0038071065998841426,
      "AUC": 0.9997396850188729
    },
    "6": {
      "User": "user21",
      "n": 6,
      "EER": 0.001592356688059606,
      "AUC": 0.9998972673104581
    },
    "7": {
      "User": "user21",
      "n": 7,
      "EER": 0.0019841269841953265,
      "AUC": 0.9998955722639933
    },
    "8": {
      "User": "user21",
      "n": 8,
      "EER": 0.0023640661940818844,
      "AUC": 0.9998311381290105
    },
    "9": {
      "User": "user21",
      "n": 9,
      "EER": 0.0,
      "AUC": 1.0
    },
    "10": {
      "User": "user21",
      "n": 10,
      "EER": 0.0,
      "AUC": 1.0
    },
    "11": {
      "User": "user21",
      "n": 11,
      "EER": 0.0,
      "AUC": 1.0
    },
    "12": {
      "User": "user21",
      "n": 12,
      "EER": 0.0,
      "AUC": 1.0
    },
    "13": {
      "User": "user21",