{
    "user12": {
      "1": {
        "User": "user12",
        "n": 1,
        "EER": 0.09238395673713916,
        "AUC": 0.9701834638572389
      },
      "2": {
        "User": "user12",
        "n": 2,
        "EER": 0.05508474576297172,
        "AUC": 0.9859460346484751
      },
      "3": {
        "User": "user12",
        "n": 3,
        "EER": 0.038123167155062726,
        "AUC": 0.9922086136507389
      },
      "4": {
        "User": "user12",
        "n": 4,
        "EER": 0.023613963037934036,
        "AUC": 0.9959610243694549
      },
      "5": {
        "User": "user12",
        "n": 5,
        "EER": 0.02439024390243903,
        "AUC": 0.9972663283679817
      },
      "6": {
        "User": "user12",
        "n": 6,
        "EER": 0.030769230768806458,
        "AUC": 0.9970732970732972
      },
      "7": {
        "User": "user12",
        "n": 7,
        "EER": 0.020920502091926255,
        "AUC": 0.998791259879126
      },
      "8": {
        "User": "user12",
        "n": 8,
        "EER": 0.012468827930794702,
        "AUC": 0.9993765586034913
      },
      "9": {
        "User": "user12",
        "n": 9,
        "EER": 0.0029585798819795196,
        "AUC": 0.9999045619393013
      },
      "10": {
        "User": "user12",
        "n": 10,
        "EER": 0.006944444445961363,
        "AUC": 0.9997427983539094
      },
      "11": {
        "User": "user12",
        "n": 11,
        "EER": 0.0,
        "AUC": 1.0
      },
      "12": {
        "User": "user12",
        "n": 12,
        "EER": 0.0,
        "AUC": 1.0
      },
      "13": {
        "User": "user12",
        "n": 13,
        "EER": 0.0,
        "AUC": 1.0
      },
      "14": {
        "User": "user12",
        "n": 14,
        "EER": 0.0,
        "AUC": 1.0
      },
      "15": {
        "User": "user12",
        "n": 15,
        "EER": 0.0,
        "AUC": 1.0
      }
    },
    "user15": {
      "1": {
        "User": "user15",
        "n": 1,
        "EER": 0.08889843246567303,
        "AUC": 0.9702497932568676
      },
      "2": {
        "User": "user15",
        "n": 2,
        "EER": 0.05463502015166574,
        "AUC": 0.9874913487766152
      },
      "3": {
        "User": "user15",
        "n": 3,
        "EER": 0.020209059233439696,
        "AUC": 0.9965156794425087
      },
      "4": {
        "User": "user15",
        "n": 4,
        "EER": 0.030273437499285367,
        "AUC": 0.9980643136160714
      },
      "5": {
        "User": "user15",
        "n": 5,
        "EER": 0.012722646311302727,
        "AUC": 0.9988208279029356
      },
      "6": {
        "User": "user15",
        "n": 6,
        "EER": 0.003174603174708285,
        "AUC": 0.9998357963875205
      },
      "7": {
        "User": "user15",
        "n": 7,
        "EER": 0.0,
        "AUC": 1.0
      },
      "8": {
        "User": "user15",
        "n": 8,
        "EER": 0.0,
        "AUC": 1.0
      },
      "9": {
        "User": "user15",
        "n": 9,
        "EER": 0.0,
        "AUC": 1.0
      },
      "10": {
        "User": "user15",
        "n": 10,
        "EER": 0.0,
        "AUC": 1.0
      },
      "11": {
        "User": "user15",
        "n": 11,
        "EER": 0.0,
        "AUC": 1.0
      },
      "12": {
        "User": "user15",
        "n": 12,
        "EER": 0.0,
        "AUC": 1.0
      },
      "13": {
        "User": "user15",
        "n": 13,
        "EER": 0.0,
        "AUC": 1.0
      },
      "14": {
        "User": "user15",
        "n": 14,
        "EER": 0.0,
        "AUC": 1.0
      },
      "15": {
        "User": "user15",
        "n": 15,
        "EER": 0.0,
        "AUC": 1.0
      }
    },
    "user16": {
      "1": {
        "User": "user16",
        "n": 1,
        "EER": 0.09168925022561443,
        "AUC": 0.9693061964403429
      },
      "2": {
        "User": "user16",
        "n": 2,
        "EER": 0.06302521008403356,
        "AUC": 0.985382023048994
      },
      "3": {
        "User": "user16",
        "n": 3,
        "EER": 0.04635761589403972,
        "AUC": 0.9902843900594378
      },
      "4": {
        "User": "user16",
        "n": 4,
        "EER": 0.0307062436038777,
        "AUC": 0.9952897218550943
      },
      "5": {
        "User": "user16",
        "n": 5,
        "EER": 0.026315789473684164,
        "AUC": 0.9962506132174644
      },
      "6": {
        "User": "user16",
        "n": 6,
        "EER": 0.014925373133034313,
        "AUC": 0.9968609334280976
      },
      "7": {
        "User": "user16",
        "n": 7,
        "EER": 0.010504201681142872,
        "AUC": 0.998256749508314
      },
      "8": {
        "User": "user16",
        "n": 8,
        "EER": 0.0050251256283708485,
        "AUC": 0.9989692049993557
      },
      "9": {
        "User": "user16",
        "n": 9,
        "EER": 0.002949852508220035,
        "AUC": 0.9992133726647
      },
      "10": {
        "User": "user16",
        "n": 10,
        "EER": 0.0034129692834646416,
        "AUC": 0.9987589202606267
      },
      "11": {
        "User": "user16",
        "n": 11,
        "EER": 0.003984063745784101,
        "AUC": 0.9979031243447264
      },
      "12": {
        "User": "user16",
        "n": 12,
        "EER": 0.0,
        "AUC": 1.0
      },
      "13": {
        "User": "user16",
        "n": 13,
        "EER": 0.0,
        "AUC": 1.0
      },
      "14": {
        "User": "user16",
        "n": 14,
        "EER": 0.0,
        "AUC": 1.0
      },
      "15": {
        "User": "user16",
        "n": 15,
        "EER": 0.0,
        "AUC": 1.0
      }
    },
    "user20": {
      "1": {
        "User": "user20",
        "n": 1,
        "EER": 0.08279220779226297,
        "AUC": 0.9728431210821512
      },
      "2": {
        "User": "user20",
        "n": 2,
        "EER": 0.03877847794540989,
        "AUC": 0.9921897320497057
      },
      "3": {
        "User": "user20",
        "n": 3,
        "EER": 0.037850113551311196,
        "AUC": 0.9967441177833738
      },
      "4": {
        "User": "user20",
        "n": 4,
        "EER": 0.008519701812050865,
        "AUC": 0.9991314133792552
      },
      "5": {
        "User": "user20",
        "n": 5,
        "EER": 0.008928571428562107,
        "AUC": 0.9998251748251749
      },
      "6": {
        "User": "user20",
        "n": 6,
        "EER": 0.0052910052916887934,
        "AUC": 0.9998658078368223
      },
      "7": {
        "User": "user20",
        "n": 7,
        "EER": 0.00445434298543935,
        "AUC": 0.9998495154397159
      },
      "8": {
        "User": "user20",
        "n": 8,
        "EER": 0.0026666666670346526,
        "AUC": 0.9999569892473118
      },
      "9": {
        "User": "user20",
        "n": 9,
        "EER": 0.0,
        "AUC": 1.0
      },
      "10": {
        "User": "user20",
        "n": 10,
        "EER": 0.0,
        "AUC": 1.0
      },
      "11": {
        "User": "user20",
        "n": 11,
        "EER": 0.0,
        "AUC": 1.0
      },
      "12": {
        "User": "user20",
        "n": 12,
        "EER": 0.0,
        "AUC": 1.0
      },
      "13": {
        "User": "user20",
        "n": 13,
        "EER": 0.0,
        "AUC": 1.0
      },
      "14": {
        "User": "user20",
        "n": 14,
        "EER": 0.0,
        "AUC": 1.0
      },
      "15": {
        "User": "user20",
        "n": 15,
        "EER": 0.0,
        "AUC": 1.0
      }
    },
    "user21": {
      "1": {
        "User": "user21",
        "n": 1,
        "EER": 0.05597094637814388,
        "AUC": 0.9877699088648207
      },
      "2": {
        "User": "user21",
        "n": 2,
        "EER": 0.017395182872490738,
        "AUC": 0.996594939187572
      },
      "3": {
        "User": "user21",
        "n": 3,
        "EER": 0.005567153794103601,
        "AUC": 0.9994519832985387
      },
      "4": {
        "User": "user21",
        "n": 4,
        "EER": 0.007782101167398437,
        "AUC": 0.9995884465728824
      },