{
  "n": [
    1,
    2,
    3,
    4,
    5,
    6,
    7,
    8,
    9,
    10,
    11,
    12,
    13,
    14,
    15,
    16,
    17,
    18,
    19,
    20,
    21,
    22,
    23,
    24,
    25,
    26,
    27,
    28,
    29,
    30
  ],
  "avg_eer": [
    0.12772297489557133,
    0.10647226892997363,
    0.09182224822182876,
    0.08023872327785696,
    0.07551527098180068,
    0.0700006202308325,
    0.05987690666271461,
    0.058295909652923014,
    0.05075320300512095,
    0.054197027962057075,
    0.05075599317946956,
    0.04669675852785515,
    0.04534632576619641,
    0.04749742711236122,
    0.04842877829407818,
    0.04512041852187249,
    0.043190321859727605,
    0.03473779498614657,
    0.033790391361841685,
    0.027351320225805005,
    0.02410154109635769,
    0.024698621387146673,
    0.017900986251442375,
    0.01867850339238996,
    0.014233981193585401,
    0.009789656785143944,
    0.005211505522932454,
    0.0031505531506162846,
    0.0026161672295847154,
    0.0021237804279250995
  ],
  "avg_auc": [
    0.9409578452413621,
    0.9595710972125028,
    0.9687667408288572,
    0.9744389450034602,
    0.9777248136659663,
    0.9810416300125517,
    0.9833782287693331,
    0.9832686991643163,
    0.9863911887279435,
    0.9863298353436216,
    0.9866855911482748,
    0.9884952502394471,
    0.9886180309746342,
    0.9884031957369709,
    0.9880606731824321,
    0.9882545143814017,
    0.9898247134276685,
    0.9918478806881511,
    0.9923966960950505,
    0.9928730143879647,
    0.993067220678212,
    0.9915833937517939,
    0.9935128984590962,
    0.9932137160191203,
    0.9947275058414762,
    0.9953159953671598,
    0.997622567239409,
    0.9985056918390252,
    0.9990946009490018,
    0.9993377900419389
  ]
}