{
  "n": [
    1,
    2,
    3,
    4,
    5,
    6,
    7,
    8,
    9,
    10,
    11,
    12,
    13,
    14,
    15,
    16,
    17,
    18,
    19,
    20,
    21,
    22,
    23,
    24,
    25,
    26,
    27,
    28,
    29,
    30
  ],
  "avg_eer": [
    0.14616533277159083,
    0.11808104852747273,
    0.09697302049197458,
    0.08567861036088621,
    0.07668247459176744,
    0.07264605992992287,
    0.06468326947479171,
    0.0616243958228079,
    0.05210741353988524,
    0.05396450871256604,
    0.0533104481498104,
    0.04711491879962808,
    0.046025211212228585,
    0.04496990623850896,
    0.04116336967559866,
    0.03942760218957404,
    0.030361580659263226,
    0.030662088418314127,
    0.026583815108383695,
    0.0229779912151681,
    0.022909611492404922,
    0.023422194814292963,
    0.017246337577469857,
    0.015581555095117435,
    0.012499420619180805,
    0.01088181699883848,
    0.008795506970231947,
    0.005098605098727942,
    0.004629590048442151,
    0.0035971223022461135
  ],
  "avg_auc": [
    0.9272919552419786,
    0.9486099591399706,
    0.9608457322274877,
    0.9686778716707666,
    0.9736503994931576,
    0.9776132853773214,
    0.9798082033100032,
    0.9828139039484569,
    0.985111349662699,
    0.9852583049125334,
    0.985375024130349,
    0.9874238594969201,
    0.9888229873088195,
    0.9893443701786188,
    0.9905021178815545,
    0.9907797011731994,
    0.9925015444952633,
    0.9933911341402293,
    0.9941159959500748,
    0.9944236772215245,
    0.9945348995768752,
    0.9931526373457327,
    0.9950893835366266,
    0.9953671056460559,
    0.9964740483680755,
    0.9969958781141223,
    0.9980902192114709,
    0.9982299182299184,
    0.9985576881973239,
    0.9993605115907274
  ]
}