{
  "n": [
    1,
    2,
    3,
    4,
    5,
    6,
    7,
    8,
    9,
    10,
    11,
    12,
    13,
    14,
    15,
    16,
    17,
    18,
    19,
    20,
    21,
    22,
    23,
    24,
    25,
    26,
    27,
    28,
    29,
    30
  ],
  "avg_eer": [
    0.13540165754914218,
    0.11348665493044456,
    0.09312901881123166,
    0.08581634850135104,
    0.07591729199973092,
    0.07077311905568666,
    0.06561747607448576,
    0.059609543676687915,
    0.048197378529268885,
    0.04545848311173249,
    0.019864467502635895,
    0.017499702521193254,
    0.009590427316636715,
    0.006090572871162048,
    0.00526680526687405,
    0.003280423280634799,
    0.0036801605888827403,
    0.003928299008605674,
    0.00623461853988554,
    0.0023255813954707145,
    0.0026315789475195007,
    0.0,
    0.0,
    0.0027777777778990684,
    0.0,
    0.0,
    0.0,
    0.0,
    0.0,
    0.0
  ],
  "avg_auc": [
    0.9322270188247425,
    0.9518713551346636,
    0.9631256136508421,
    0.967227704388485,
    0.9731161464736621,
    0.9780641936451641,
    0.9802190626030634,
    0.9812409294033493,
    0.9820701874866911,
    0.9865460244267895,
    0.9945929299541951,
    0.9945188318890908,
    0.9971710651778178,
    0.9984451771238751,
    0.9986045154466208,
    0.9987659508247744,
    0.9989548561086391,
    0.9988299203974261,
    0.9989039877267933,
    0.9995348837209302,
    0.9995844875346261,
    1.0,
    1.0,
    0.9996913580246914,
    1.0,
    1.0,
    1.0,
    1.0,
    1.0,
    1.0
  ]
}