{
  "n": [
    1,
    2,
    3,
    4,
    5,
    6,
    7,
    8,
    9,
    10
  ],
  "avg_eer": [
    0.06150939532219659,
    0.036790108685851676,
    0.026043290045416657,
    0.02168417523750775,
    0.012075950935229483,
    0.009205969279854362,
    0.007214001538692609,
    0.005682748867081405,
    0.0011904761904761867,
    0.0017562114970387413
  ],
  "avg_auc": [
    0.9831803734852261,
    0.9924205686343297,
    0.9962532026619784,
    0.9978136877180903,
    0.9988563061468311,
    0.9994243262478557,
    0.9996328058675046,
    0.9997108623994186,
    0.999903605166763,
    0.9998478776823244
  ]
}