{
  "n": [
    1,
    2,
    3,
    4,
    5,
    6,
    7,
    8,
    9,
    10,
    11,
    12,
    13,
    14,
    15,
    16,
    17,
    18,
    19,
    20,
    21,
    22,
    23,
    24,
    25,
    26,
    27,
    28,
    29,
    30
  ],
  "avg_eer": [
    0.09913721454471516,
    0.08051371329083447,
    0.06718517782710162,
    0.05815330385197971,
    0.04967533125206509,
    0.04486190231654675,
    0.04036273250564737,
    0.0402951162023254,
    0.02870998171626015,
    0.027984813377633096,
    0.013997981340283853,
    0.011460300270416864,
    0.00772070022002508,
    0.0025779967161418055,
    0.0038461538460598426,
    0.0014285714285890883,
    0.0032786885245409125,
    0.001754385964960642,
    0.0,
    0.0023255813953656458,
    0.0,
    0.0,
    0.0,
    0.0,
    0.0,
    0.0,
    0.0,
    0.0,
    0.0,
    0.0
  ],
  "avg_auc": [
    0.9600834133415098,
    0.9733620965632103,
    0.9808724037754099,
    0.9837351816405995,
    0.9880783588370697,
    0.9896062588387224,
    0.991454268116559,
    0.9923347638566838,
    0.9944261003842494,
    0.9937049270752762,
    0.9975410070065568,
    0.9970805425777411,
    0.998237030956408,
    0.9998744933227691,
    0.9997975708502025,
    0.999920634920635,
    0.9998071359691417,
    0.9998830409356725,
    1.0,
    0.9998837209302325,
    1.0,
    1.0,
    1.0,
    1.0,
    1.0,
    1.0,
    1.0,
    1.0,
    1.0,
    1.0
  ]
}