{
  "n": [
    1,
    2,
    3,
    4,
    5,
    6,
    7,
    8,
    9,
    10,
    11,
    12,
    13,
    14,
    15,
    16,
    17,
    18,
    19,
    20,
    21,
    22,
    23,
    24,
    25,
    26,
    27,
    28,
    29,
    30,
    31,
    32,
    33,
    34,
    35,
    36,
    37,
    38,
    39,
    40,
    41,
    42,
    43,
    44,
    45,
    46,
    47,
    48,
    49
  ],
  "avg_eer": [
    0.2484708952258629,
    0.16275141930747483,
    0.11291497938005628,
    0.08358453403079577,
    0.06758447780637958,
    0.050965249087213095,
    0.04119071995406322,
    0.03224258593484541,
    0.024449304593150138,
    0.020473646266774493,
    0.017262937119616815,
    0.013889968141879325,
    0.011719730188909577,
    0.009276035377499312,
    0.008314115274667114,
    0.005420878292302671,
    0.004981524137117125,
    0.005636567267449683,
    0.003276298378303464,
    0.0032040291262398863,
    0.002895427899300424,
    0.0017765476862473377,
    0.0015576204373126082,
    0.00038069906434880777,
    0.00019030115934259357,
    0.0003069310082449813,
    0.00030991735547325624,
    0.00010718113615964338,
    0.0,
    0.0,
    0.0,
    0.0,
    0.0,
    0.0,
    0.0,
    0.0,
    0.0,
    0.0,
    0.0,
    0.0,
    0.0,
    0.0,
    0.0,
    0.0,
    0.0,
    0.0,
    0.0,
    0.0,
    0.0
  ],
  "avg_auc": [
    0.8286635079521488,
    0.9076163367337973,
    0.9461827073281984,
    0.9674547069801303,
    0.9786658678342329,
    0.98640521273679,
    0.990470083332063,
    0.9937723403139123,
    0.9958699983495312,
    0.9968197197420203,
    0.9978054003651868,
    0.9985266933355081,
    0.9988327710214708,
    0.9991830702700121,
    0.9994866696070707,
    0.9995879864146676,
    0.9997119534684185,
    0.9996848543828047,
    0.9998370326524068,
    0.999837165606326,
    0.9999015074035915,
    0.9999528619049116,
    0.9999556980437191,
    0.9999936305797699,
    0.9999817759231739,
    0.9999894756683751,
    0.9999875320604161,
    0.9999923442045627,
    1.0,
    1.0,
    1.0,
    1.0,
    1.0,
    1.0,
    1.0,
    1.0,
    1.0,
    1.0,
    1.0,
    1.0,
    1.0,
    1.0,
    1.0,
    1.0,
    1.0,
    1.0,
    1.0,
    1.0,
    1.0
  ]
}