{
  "n": [
    1,
    2,
    3,
    4,
    5,
    6,
    7,
    8,
    9,
    10,
    11,
    12,
    13,
    14,
    15,
    16,
    17,
    18,
    19,
    20,
    21,
    22,
    23,
    24,
    25,
    26,
    27,
    28,
    29,
    30,
    31,
    32,
    33,
    34,
    35,
    36,
    37,
    38,
    39,
    40,
    41,
    42,
    43,
    44,
    45,
    46,
    47,
    48,
    49
  ],
  "avg_eer": [
    0.22511620149392808,
    0.13288093395088008,
    0.09012451664959073,
    0.06439748032796475,
    0.048799405927332964,
    0.03326120432660149,
    0.026256936328942306,
    0.020814577513837647,
    0.012170131350419664,
    0.007694880215001322,
    0.01128764373671918,
    0.005239387841820768,
    0.0034075467643527465,
    0.0013260031428267087,
    0.0027685293992520676,
    0.0015237907546698955,
    0.00027855153216689013,
    0.00027247956404098086,
    0.0002881844380469358,
    0.0,
    0.0,
    0.0003333333334984632,
    0.0,
    0.0,
    0.0,
    0.0,
    0.0,
    0.0,
    0.0,
    0.0,
    0.0,
    0.0,
    0.0,
    0.0,
    0.0,
    0.0,
    0.0,
    0.0,
    0.0,
    0.0,
    0.0,
    0.0,
    0.0,
    0.0,
    0.0,
    0.0,
    0.0,
    0.0,
    0.0
  ],
  "avg_auc": [
    0.8497654755288376,
    0.9294086177109653,
    0.9628571536717798,
    0.9792468441854929,
    0.987441137542012,
    0.9930756907686262,
    0.9956757866282357,
    0.997522333667248,
    0.9986387216490586,
    0.9991379114092986,
    0.9992085403608201,
    0.9995661192887967,
    0.9997465752178926,
    0.9999576693676028,
    0.9998596576564364,
    0.9999508307271172,
    0.9999940733716588,
    0.9999679435807021,
    0.9999819884726225,
    1.0,
    1.0,
    0.9999285714285715,
    1.0,
    1.0,
    1.0,
    1.0,
    1.0,
    1.0,
    1.0,
    1.0,
    1.0,
    1.0,
    1.0,
    1.0,
    1.0,
    1.0,
    1.0,
    1.0,
    1.0,
    1.0,
    1.0,
    1.0,
    1.0,
    1.0,
    1.0,
    1.0,
    1.0,
    1.0,
    1.0
  ]
}