{
  "n": [
    1,
    2,
    3,
    4,
    5,
    6,
    7,
    8,
    9,
    10,
    11,
    12,
    13,
    14,
    15,
    16,
    17,
    18,
    19,
    20,
    21,
    22,
    23,
    24,
    25,
    26,
    27,
    28,
    29,
    30,
    31,
    32,
    33,
    34,
    35,
    36,
    37,
    38,
    39,
    40,
    41,
    42,
    43,
    44,
    45,
    46,
    47,
    48,
    49
  ],
  "avg_eer": [
    0.2535599805577945,
    0.16608132522357064,
    0.11917395410449572,
    0.0916388607099235,
    0.07096333137891901,
    0.05508075480913921,
    0.04369723622617381,
    0.0348061037321665,
    0.02839356752910443,
    0.022245250382521904,
    0.018037874780055755,
    0.01706247094683699,
    0.011793413829695358,
    0.010824492666861751,
    0.007989215835759806,
    0.007431449716023923,
    0.005099517644166283,
    0.004337545404499472,
    0.003978081117023415,
    0.0022477016597146535,
    0.0022877244203108617,
    0.002493571026915012,
    0.002063977716917655,
    0.0023323957465876616,
    0.0016633063186689127,
    0.0005296468658664447,
    0.0006982606358422482,
    0.00035578960775718195,
    0.0006639119637089683,
    0.00022896002321511766,
    0.0003169572108297226,
    0.0001676699705697819,
    0.00026336515831478977,
    0.00017264632484675384,
    0.0,
    0.0001903128586084287,
    0.0001892147587935783,
    0.0,
    9.970089733584811e-05,
    0.00010224948876919248,
    0.00010482180301038565,
    0.00010741138571378453,
    0.0,
    0.0,
    0.00011507479868435382,
    0.00011764705885406379,
    0.00012019230778906563,
    0.00012269938656276334,
    0.0
  ],
  "avg_auc": [
    0.822224859145634,
    0.90266950208113,
    0.9417589448245213,
    0.9635018030658598,
    0.9760096753460521,
    0.984369168787449,
    0.9894234555064099,
    0.9925591299765806,
    0.9949582512177102,
    0.9964532807231846,
    0.9975046343287117,
    0.9979625107219057,
    0.9988202279664911,
    0.9990253090384791,
    0.9994221570538178,
    0.999501055743036,
    0.9996741667114761,
    0.9997455204289134,
    0.9998662252647221,
    0.9998786528018965,
    0.9999188982628677,
    0.9998512517213844,
    0.999948679730068,
    0.9999249478818302,
    0.9999190319974092,
    0.9999524849956526,
    0.999955425926036,
    0.9999772934447633,
    0.9999903985524903,
    0.999991206838153,
    0.9999847616725589,
    0.9999918221704682,
    0.9999873290001915,
    0.9999923183048693,
    1.0,
    0.9999800368946415,
    0.9999971331097159,
    1.0,
    0.9999871353680894,
    0.999998323778873,
    0.999994670077817,
    0.9999981480795584,
    1.0,
    1.0,
    0.9999936069556323,
    0.9999955604883463,
    0.9999930658284024,
    0.99999754601227,
    1.0
  ]
}