{
  "n": [
    1,
    2,
    3,
    4,
    5,
    6,
    7,
    8,
    9,
    10,
    11,
    12,
    13,
    14,
    15,
    16,
    17,
    18,
    19,
    20,
    21,
    22,
    23,
    24,
    25,
    26,
    27,
    28,
    29,
    30,
    31,
    32,
    33,
    34,
    35,
    36,
    37,
    38,
    39,
    40,
    41,
    42,
    43,
    44,
    45,
    46,
    47,
    48,
    49
  ],
  "avg_eer": [
    0.2755642313287532,
    0.1920064789212755,
    0.13989294971905838,
    0.11437678593501652,
    0.10264388711802937,
    0.08545453907900133,
    0.0815430660014997,
    0.07070791770138465,
    0.06962906277465651,
    0.06588570259467516,
    0.05927313753725296,
    0.059110481243118275,
    0.05457633002378422,
    0.05354380599728402,
    0.05045662100461773,
    0.050487804878124376,
    0.05159418111258984,
    0.05,
    0.05,
    0.05,
    0.05,
    0.05,
    0.05,
    0.05,
    0.05,
    0.05,
    0.05,
    0.05,
    0.05,
    0.05,
    0.05,
    0.05,
    0.05,
    0.05,
    0.05,
    0.05,
    0.05,
    0.05,
    0.05,
    0.05,
    0.05,
    0.05,
    0.05,
    0.05,
    0.05,
    0.05,
    0.05,
    0.05,
    0.05
  ],
  "avg_auc": [
    0.7898050763250515,
    0.8658510545885049,
    0.9027629413852681,
    0.9209632542001532,
    0.9331559062091834,
    0.9397940916218476,
    0.9437505147847481,
    0.9452776770019835,
    0.9466621580536663,
    0.9480849424054323,
    0.9487602644955615,
    0.949237151151866,
    0.9491960949428286,
    0.9497104347722939,
    0.9499584889995848,
    0.9498536585365853,
    0.9498446070763565,
    0.95,
    0.95,
    0.95,
    0.95,
    0.95,
    0.95,
    0.95,
    0.95,
    0.95,
    0.95,
    0.95,
    0.95,
    0.95,
    0.95,
    0.95,
    0.95,
    0.95,
    0.95,
    0.95,
    0.95,
    0.95,
    0.95,
    0.95,
    0.95,
    0.95,
    0.95,
    0.95,
    0.95,
    0.95,
    0.95,
    0.95,
    0.95
  ]
}