{
  "n": [
    1,
    2,
    3,
    4,
    5,
    6,
    7,
    8,
    9,
    10,
    11,
    12,
    13,
    14,
    15,
    16,
    17,
    18,
    19,
    20,
    21,
    22,
    23,
    24,
    25,
    26,
    27,
    28,
    29,
    30,
    31,
    32,
    33,
    34,
    35,
    36,
    37,
    38,
    39,
    40,
    41,
    42,
    43,
    44,
    45,
    46,
    47,
    48,
    49
  ],
  "avg_eer": [
    0.253065196616175,
    0.15379943423563278,
    0.09457657245427593,
    0.06719403974000063,
    0.053442372340355,
    0.03408281412654581,
    0.026553130640665102,
    0.018022660213240477,
    0.015919802655906097,
    0.008655168565084578,
    0.0027272727273334693,
    0.008609738885058149,
    0.005206004471595886,
    0.0022988505747825712,
    0.0,
    0.0013157894738009268,
    0.0,
    0.0,
    0.006250000000031254,
    0.0,
    0.0,
    0.0,
    0.0,
    0.0,
    0.0,
    0.0,
    0.0,
    0.0,
    0.0,
    0.0,
    0.0,
    0.0,
    0.0,
    0.0,
    0.0,
    0.0,
    0.0,
    0.0,
    0.0,
    0.0,
    0.0,
    0.0,
    0.0,
    0.0,
    0.0,
    0.0,
    0.0,
    0.0,
    0.0
  ],
  "avg_auc": [
    0.8194465056958589,
    0.908277082115293,
    0.9492820405837465,
    0.9735093069719254,
    0.9820426517092805,
    0.9894761455615869,
    0.9926132436147561,
    0.9961118159130006,
    0.9967333179765605,
    0.9985069164007401,
    0.9996103896103896,
    0.9986740918269668,
    0.9991465275559814,
    0.9996865203761756,
    1.0,
    0.9998684210526315,
    1.0,
    1.0,
    0.99921875,
    1.0,
    1.0,
    1.0,
    1.0,
    1.0,
    1.0,
    1.0,
    1.0,
    1.0,
    1.0,
    1.0,
    1.0,
    1.0,
    1.0,
    1.0,
    1.0,
    1.0,
    1.0,
    1.0,
    1.0,
    1.0,
    1.0,
    1.0,
    1.0,
    1.0,
    1.0,
    1.0,
    1.0,
    1.0,
    1.0
  ]
}