{
  "n": [
    1,
    2,
    3,
    4,
    5,
    6,
    7,
    8,
    9,
    10,
    11,
    12,
    13,
    14,
    15,
    16,
    17,
    18,
    19,
    20,
    21,
    22,
    23,
    24,
    25,
    26,
    27,
    28,
    29,
    30,
    31,
    32,
    33,
    34,
    35,
    36,
    37,
    38,
    39,
    40,
    41,
    42,
    43,
    44,
    45,
    46,
    47,
    48,
    49
  ],
  "avg_eer": [
    0.22973782930038505,
    0.1444842920396352,
    0.09910081845436605,
    0.06949398869283666,
    0.05179487109740376,
    0.040062732615045865,
    0.03062250726338033,
    0.02266826362132874,
    0.01502156293760919,
    0.012255184003942652,
    0.008151790958339391,
    0.009634390499508212,
    0.008055224655986928,
    0.0051776028895154855,
    0.00435710450141648,
    0.0017673372361053103,
    0.0028807537365805173,
    0.001241516601168465,
    0.0002932608066204323,
    0.00030864859087412514,
    0.00016129032260472573,
    0.0003392766703328727,
    0.0001766784453154984,
    0.00018450184504120685,
    0.00038573702944967906,
    0.00019960079852422144,
    0.0,
    0.00021505376358750997,
    0.0,
    0.0,
    0.0,
    0.0,
    0.0,
    0.0,
    0.0,
    0.0,
    0.0,
    0.0,
    0.0,
    0.0,
    0.0,
    0.0,
    0.0,
    0.0,
    0.0,
    0.0,
    0.0,
    0.0,
    0.0
  ],
  "avg_auc": [
    0.8451310442806956,
    0.9222785979398067,
    0.9561332436108388,
    0.9751198888932366,
    0.9847221743549943,
    0.9903276456846521,
    0.9943717095636615,
    0.9966489686920166,
    0.9977241128227655,
    0.9985851846311758,
    0.9990838777102354,
    0.9993713522114314,
    0.9994897761425137,
    0.999806103174093,
    0.9998583139442762,
    0.9999227519433985,
    0.9999226689760039,
    0.9999659393435467,
    0.9999935993701534,
    0.9999891364296914,
    0.9999917287014061,
    0.9999822477345038,
    0.999994952044422,
    0.9999945734751465,
    0.9999887641234503,
    0.9999935612645675,
    1.0,
    0.9999925843529848,
    1.0,
    1.0,
    1.0,
    1.0,
    1.0,
    1.0,
    1.0,
    1.0,
    1.0,
    1.0,
    1.0,
    1.0,
    1.0,
    1.0,
    1.0,
    1.0,
    1.0,
    1.0,
    1.0,
    1.0,
    1.0
  ]
}