{
  "n": [
    1,
    2,
    3,
    4,
    5,
    6,
    7,
    8,
    9,
    10,
    11,
    12,
    13,
    14,
    15,
    16,
    17,
    18,
    19,
    20,
    21,
    22,
    23,
    24,
    25,
    26,
    27,
    28,
    29,
    30,
    31,
    32,
    33,
    34,
    35,
    36,
    37,
    38,
    39,
    40,
    41,
    42,
    43,
    44,
    45,
    46,
    47,
    48,
    49
  ],
  "avg_eer": [
    0.26426439459198464,
    0.16643542430104508,
    0.10896583121013367,
    0.07780449238526585,
    0.057689852870933554,
    0.043820752176387104,
    0.03604786423883549,
    0.02765502363935667,
    0.019895594910040854,
    0.017964522394510636,
    0.013803208255003436,
    0.011013609628705113,
    0.008487085401879844,
    0.009326569512811269,
    0.005093492361824511,
    0.006052377767922684,
    0.0037489017770569676,
    0.003252930834119286,
    0.0025138901518025306,
    0.0014931206140108948,
    0.0012541934131003127,
    0.0013989434375054402,
    0.0012575078655403245,
    0.0010810129890778384,
    0.0009065248107217068,
    0.0005896669965123435,
    0.000819035792902428,
    0.00010718113612965463,
    0.00044395116532694836,
    0.00011494252888030547,
    0.0,
    0.0,
    0.0,
    0.0,
    0.0,
    0.0,
    0.0,
    0.0,
    0.00014947683112616833,
    0.0,
    0.0,
    0.0,
    0.0,
    0.0,
    0.0,
    0.0,
    0.0,
    0.0,
    0.0
  ],
  "avg_auc": [
    0.8140862316823523,
    0.9049131263230497,
    0.9480098901208824,
    0.9689282653205629,
    0.9813578330574035,
    0.9880009186051122,
    0.9920874480398003,
    0.9946507134650899,
    0.9966012920642748,
    0.9975873940507174,
    0.9981260034490089,
    0.9988141786834657,
    0.9991266914494552,
    0.9993504284428105,
    0.9995501114433196,
    0.9995978339726953,
    0.9997169894568831,
    0.9998250883114773,
    0.9999097011357744,
    0.9999279739354681,
    0.9999693565724442,
    0.9999540026227987,
    0.9999709125932809,
    0.99996461987698,
    0.9999812581242221,
    0.9999946101484642,
    0.9999778038033786,
    0.9999992344204562,
    0.9999958893410614,
    0.9999991158267021,
    1.0,
    1.0,
    1.0,
    1.0,
    1.0,
    1.0,
    1.0,
    1.0,
    0.9999985052316891,
    1.0,
    1.0,
    1.0,
    1.0,
    1.0,
    1.0,
    1.0,
    1.0,
    1.0,
    1.0
  ]
}