{
  "n": [
    1,
    2,
    3,
    4,
    5,
    6,
    7,
    8,
    9,
    10,
    11,
    12,
    13,
    14,
    15,
    16,
    17,
    18,
    19,
    20,
    21,
    22,
    23,
    24,
    25,
    26,
    27,
    28,
    29,
    30,
    31,
    32,
    33,
    34,
    35,
    36,
    37,
    38,
    39,
    40,
    41,
    42,
    43,
    44,
    45,
    46,
    47,
    48,
    49
  ],
  "avg_eer": [
    0.29143639290182427,
    0.18306126150344038,
    0.126673673526502,
    0.08997318740690864,
    0.06831090462279081,
    0.043694874718662687,
    0.028390984768762832,
    0.02536196900498976,
    0.020798422819976348,
    0.019066277134421484,
    0.006415386455232398,
    0.006956370855124477,
    0.0027607883114273957,
    0.002042730588917638,
    0.003264023211047435,
    0.0,
    0.0,
    0.0,
    0.0,
    0.0,
    0.0,
    0.0,
    0.0,
    0.0,
    0.0,
    0.0,
    0.0,
    0.0,
    0.0,
    0.0,
    0.0,
    0.0,
    0.0,
    0.0,
    0.0,
    0.0,
    0.0,
    0.0,
    0.0,
    0.0,
    0.0,
    0.0,
    0.0,
    0.0,
    0.0,
    0.0,
    0.0,
    0.0,
    0.0
  ],
  "avg_auc": [
    0.7863340321314607,
    0.8829403303742807,
    0.9297859093216632,
    0.9559746054677019,
    0.9739413885606105,
    0.9835818975218686,
    0.9914584424065234,
    0.9943047033319198,
    0.9967171951779836,
    0.9975113109595686,
    0.9984593290345659,
    0.9989467966756103,
    0.9995619144701713,
    0.9996595449018585,
    0.999364779321259,
    1.0,
    1.0,
    1.0,
    1.0,
    1.0,
    1.0,
    1.0,
    1.0,
    1.0,
    1.0,
    1.0,
    1.0,
    1.0,
    1.0,
    1.0,
    1.0,
    1.0,
    1.0,
    1.0,
    1.0,
    1.0,
    1.0,
    1.0,
    1.0,
    1.0,
    1.0,
    1.0,
    1.0,
    1.0,
    1.0,
    1.0,
    1.0,
    1.0,
    1.0
  ]
}