{
  "n": [
    1,
    2,
    3,
    4,
    5,
    6,
    7,
    8,
    9,
    10,
    11,
    12,
    13,
    14,
    15,
    16,
    17,
    18,
    19,
    20,
    21,
    22,
    23,
    24,
    25,
    26,
    27,
    28,
    29,
    30,
    31,
    32,
    33,
    34,
    35,
    36,
    37,
    38,
    39,
    40,
    41,
    42,
    43,
    44,
    45,
    46,
    47,
    48,
    49
  ],
  "avg_eer": [
    0.24889414626691925,
    0.13953909699657505,
    0.08358301869754689,
    0.05606765426929888,
    0.040627672951137915,
    0.029262942739698945,
    0.027160261815401154,
    0.018915697403780483,
    0.015835904291827067,
    0.005460352782862372,
    0.0031810534768272696,
    0.002068027211177399,
    0.0011283478014014752,
    0.0,
    0.00042553191498654935,
    0.0,
    0.00048309178754557216,
    0.0,
    0.0,
    0.0,
    0.0,
    0.0,
    0.0,
    0.0,
    0.0,
    0.0,
    0.0,
    0.0,
    0.0,
    0.0,
    0.0,
    0.0,
    0.0,
    0.0,
    0.0,
    0.0,
    0.0,
    0.0,
    0.0,
    0.0,
    0.0,
    0.0,
    0.0,
    0.0,
    0.0,
    0.0,
    0.0,
    0.0,
    0.0
  ],
  "avg_auc": [
    0.8278249444356927,
    0.9222479121246149,
    0.9603455558126412,
    0.9783178950207565,
    0.9890935378610202,
    0.9944653507721923,
    0.9962732439869322,
    0.9978700971882274,
    0.9982482937528285,
    0.999606990044299,
    0.9997383691109857,
    0.999862528057782,
    0.9998930939489808,
    1.0,
    0.9999716312056737,
    1.0,
    0.9999628390932738,
    1.0,
    1.0,
    1.0,
    1.0,
    1.0,
    1.0,
    1.0,
    1.0,
    1.0,
    1.0,
    1.0,
    1.0,
    1.0,
    1.0,
    1.0,
    1.0,
    1.0,
    1.0,
    1.0,
    1.0,
    1.0,
    1.0,
    1.0,
    1.0,
    1.0,
    1.0,
    1.0,
    1.0,
    1.0,
    1.0,
    1.0,
    1.0
  ]
}