{
  "n": [
    1,
    2,
    3,
    4,
    5,
    6,
    7,
    8,
    9,
    10,
    11,
    12,
    13,
    14,
    15,
    16,
    17,
    18,
    19,
    20,
    21,
    22,
    23,
    24,
    25,
    26,
    27,
    28,
    29,
    30,
    31,
    32,
    33,
    34,
    35,
    36,
    37,
    38,
    39,
    40,
    41,
    42,
    43,
    44,
    45,
    46,
    47,
    48,
    49
  ],
  "avg_eer": [
    0.22199502910432162,
    0.12272633626053672,
    0.07545918648191592,
    0.04984360143884127,
    0.034644960707952276,
    0.025685173772426694,
    0.016396440236032553,
    0.011302530525655061,
    0.007733243021768812,
    0.007289555346521763,
    0.005566128843137919,
    0.004727779102913441,
    0.002232760155503353,
    0.0011573324439297476,
    0.0017195495149181007,
    0.0010323116833400542,
    0.0008474576271186452,
    0.0009009009009004352,
    0.0008759124087166445,
    0.0007680491551194674,
    0.0,
    0.0,
    0.0,
    0.0,
    0.0003838771593666303,
    0.0,
    0.0,
    0.0,
    0.0,
    0.0,
    0.0,
    0.0,
    0.0,
    0.0,
    0.0,
    0.0,
    0.0,
    0.0,
    0.0,
    0.0,
    0.0,
    0.0,
    0.0,
    0.0,
    0.0,
    0.0,
    0.0,
    0.0,
    0.0
  ],
  "avg_auc": [
    0.8609174995536855,
    0.94002234926679,
    0.9710779523141493,
    0.984986099788526,
    0.9917915453801367,
    0.9953471864763805,
    0.9972363706986641,
    0.9985782121291777,
    0.9990249539166628,
    0.9992429679287076,
    0.9992917527871835,
    0.9995521836571276,
    0.9995831877775373,
    0.9997626855373334,
    0.9997989702210794,
    0.9998959384979788,
    0.9999225560915166,
    0.9999302206771088,
    0.9999860966284324,
    0.9999923195084485,
    1.0,
    1.0,
    1.0,
    1.0,
    0.9999952015355087,
    1.0,
    1.0,
    1.0,
    1.0,
    1.0,
    1.0,
    1.0,
    1.0,
    1.0,
    1.0,
    1.0,
    1.0,
    1.0,
    1.0,
    1.0,
    1.0,
    1.0,
    1.0,
    1.0,
    1.0,
    1.0,
    1.0,
    1.0,
    1.0
  ]
}