{
  "n": [
    1,
    2,
    3,
    4,
    5,
    6,
    7,
    8,
    9,
    10,
    11,
    12,
    13,
    14,
    15,
    16,
    17,
    18,
    19,
    20,
    21,
    22,
    23,
    24,
    25,
    26,
    27,
    28,
    29,
    30,
    31,
    32,
    33,
    34,
    35,
    36,
    37,
    38,
    39,
    40,
    41,
    42,
    43,
    44,
    45,
    46,
    47,
    48,
    49
  ],
  "avg_eer": [
    0.2653945592900993,
    0.16641230784010047,
    0.11163469804645029,
    0.0826987169405765,
    0.06358736080855351,
    0.05019958516514113,
    0.03991325130530315,
    0.03168750125848695,
    0.024995992618235263,
    0.01948651686710916,
    0.015329315454129192,
    0.01285506743854214,
    0.009345346351156456,
    0.008104359165456296,
    0.007336213337346914,
    0.005223128349281034,
    0.003230319174622245,
    0.0028224679002032812,
    0.002938724807627742,
    0.0018827743881890823,
    0.0016084473206070178,
    0.001946083732749393,
    0.0015418923241514652,
    0.0002973997954087919,
    0.0006008305187049222,
    0.00045875640468307134,
    0.00025587442809699824,
    0.0006144314298223361,
    7.407407408972942e-05,
    7.662835255929149e-05,
    0.0005263157894736774,
    7.524454479375935e-05,
    0.0005586592178770857,
    0.0,
    0.0,
    0.0,
    0.0,
    0.0,
    0.0,
    0.00010214504604819006,
    0.0,
    0.0,
    0.0,
    0.0,
    0.0,
    0.0,
    0.0,
    0.0,
    0.0
  ],
  "avg_auc": [
    0.8158781809960505,
    0.9054861746087122,
    0.9464485796309712,
    0.9672018682456324,
    0.979941737527211,
    0.9868340970814133,
    0.9913953999162072,
    0.9939909961384739,
    0.9960209360715252,
    0.9972250919326223,
    0.9981856170207948,
    0.9988779036506475,
    0.9991862542809304,
    0.9993028109382817,
    0.9995384568516993,
    0.9997165887853543,
    0.9998533250188405,
    0.9998420594442115,
    0.9998874335823791,
    0.9998952511825759,
    0.9999595664990306,
    0.9999468393459029,
    0.9999687151966871,
    0.9999953245676003,
    0.9999766039424605,
    0.9999966567471503,
    0.9999963728294485,
    0.9999878522194823,
    0.9999992702061669,
    0.9999996110235914,
    0.9999945826561654,
    0.999998095074816,
    0.999996705463753,
    1.0,
    1.0,
    1.0,
    1.0,
    1.0,
    1.0,
    0.9999993051357418,
    1.0,
    1.0,
    1.0,
    1.0,
    1.0,
    1.0,
    1.0,
    1.0,
    1.0
  ]
}