{
  "n": [
    1,
    2,
    3,
    4,
    5,
    6,
    7,
    8,
    9,
    10,
    11,
    12,
    13,
    14,
    15,
    16,
    17,
    18,
    19,
    20,
    21,
    22,
    23,
    24,
    25,
    26,
    27,
    28,
    29,
    30,
    31,
    32,
    33,
    34,
    35,
    36,
    37,
    38,
    39,
    40,
    41,
    42,
    43,
    44,
    45,
    46,
    47,
    48,
    49
  ],
  "avg_eer": [
    0.2384999354512584,
    0.13973487873264248,
    0.08246545251672718,
    0.05844450495709559,
    0.036973689646715144,
    0.029568115100616132,
    0.023086948430171603,
    0.017867017140989837,
    0.013706402335576694,
    0.008383334421062942,
    0.007275652206315863,
    0.004630665508484512,
    0.002990802143344346,
    0.002024491035957634,
    0.00044227915362726847,
    0.0007371007372424807,
    0.0005221932115697698,
    0.0005383589835223884,
    0.00029154518957484724,
    0.0,
    0.0,
    0.0,
    0.0,
    0.0,
    0.0,
    0.0,
    0.0,
    0.0,
    0.0,
    0.0,
    0.0,
    0.0,
    0.0,
    0.0,
    0.0,
    0.0,
    0.0,
    0.0,
    0.0,
    0.0,
    0.0,
    0.0,
    0.0,
    0.0,
    0.0,
    0.0,
    0.0,
    0.0,
    0.0
  ],
  "avg_auc": [
    0.8397491556365022,
    0.9248205858923445,
    0.9621382725109774,
    0.9786527352511115,
    0.9887342704576412,
    0.9941464057881847,
    0.996587208781276,
    0.9975573908582351,
    0.9987050286630854,
    0.9992861815295593,
    0.9993899016652769,
    0.9996481734382314,
    0.9998160406338812,
    0.9998047917987147,
    0.999964441866461,
    0.9999603709281129,
    0.9999909966687675,
    0.9999881666804582,
    0.9999943933617402,
    1.0,
    1.0,
    1.0,
    1.0,
    1.0,
    1.0,
    1.0,
    1.0,
    1.0,
    1.0,
    1.0,
    1.0,
    1.0,
    1.0,
    1.0,
    1.0,
    1.0,
    1.0,
    1.0,
    1.0,
    1.0,
    1.0,
    1.0,
    1.0,
    1.0,
    1.0,
    1.0,
    1.0,
    1.0,
    1.0
  ]
}