{
  "n": [
    1,
    2,
    3,
    4,
    5,
    6,
    7,
    8,
    9,
    10,
    11,
    12,
    13,
    14,
    15,
    16,
    17,
    18,
    19,
    20,
    21,
    22,
    23,
    24,
    25,
    26,
    27,
    28,
    29,
    30
  ],
  "avg_eer": [
    0.1004167467835602,
    0.08115251227714987,
    0.06981869580331837,
    0.06512787401004455,
    0.05834206029575473,
    0.05349103242413071,
    0.04402512870270707,
    0.03920222941153413,
    0.037449088911410175,
    0.02603147631498885,
    0.00977714118772215,
    0.008134798625513718,
    0.007574272368168758,
    0.004545454545454535,
    0.005263157894736812,
    0.00555555555555549,
    0.00588235294117634,
    0.005263157894717404,
    0.0,
    0.0,
    0.0,
    0.0,
    0.0,
    0.0,
    0.0,
    0.0,
    0.0,
    0.0,
    0.0,
    0.0
  ],
  "avg_auc": [
    0.9587916226535318,
    0.9723971168633812,
    0.9785203853852312,
    0.9814817809684577,
    0.9839735788734301,
    0.9860747668049223,
    0.9887131773872007,
    0.990701590208326,
    0.990366305173632,
    0.9923755148769619,
    0.997794634140788,
    0.9976322877695429,
    0.9982736817859348,
    0.9995297805642632,
    0.9994601889338732,
    0.9993650793650793,
    0.9995178399228543,
    0.9996491228070175,
    1.0,
    1.0,
    1.0,
    1.0,
    1.0,
    1.0,
    1.0,
    1.0,
    1.0,
    1.0,
    1.0,
    1.0
  ]
}