{
  "n": [
    1,
    2,
    3,
    4,
    5,
    6,
    7,
    8,
    9,
    10,
    11,
    12,
    13,
    14,
    15,
    16,
    17,
    18,
    19,
    20,
    21,
    22,
    23,
    24,
    25,
    26,
    27,
    28,
    29,
    30,
    31,
    32,
    33,
    34,
    35,
    36,
    37,
    38,
    39,
    40,
    41,
    42,
    43,
    44,
    45,
    46,
    47,
    48,
    49
  ],
  "avg_eer": [
    0.3320766467619209,
    0.26055101479078374,
    0.21046026715624092,
    0.170055736727259,
    0.14079732845676124,
    0.12375766972528528,
    0.1091401725243503,
    0.09465479459097939,
    0.0816416936125408,
    0.07219864345698518,
    0.06945646439944145,
    0.0616698129196801,
    0.05315773293591745,
    0.04757738108077174,
    0.04299346340015475,
    0.039088417830426145,
    0.03377857459576007,
    0.03416991847093092,
    0.028163729432102536,
    0.025631456759887806,
    0.021732608646007297,
    0.02113493114967952,
    0.022864385471584595,
    0.0173274740016632,
    0.016898427686004403,
    0.016439593068045776,
    0.014775117815822377,
    0.012212502382632901,
    0.012884872722501117,
    0.011981413657597164,
    0.006949535781610741,
    0.010817102031826292,
    0.006083506695641633,
    0.007553597358376915,
    0.006915411034082913,
    0.007110554182749975,
    0.006810881744293793,
    0.006835327751602882,
    0.0061020491175191845,
    0.0031613116180365317,
    0.003962878503069399,
    0.003079474819417797,
    0.004156125070937829,
    0.0015735070715895611,
    0.0019504213493759099,
    0.0039056008490195664,
    0.0011543965339017455,
    0.0017448201474440483,
    0.0012019544710804235
  ],
  "avg_auc": [
    0.7322996860722651,
    0.815454181686367,
    0.8645911543053202,
    0.8972460117341287,
    0.9206026272903476,
    0.9361579251786154,
    0.9492874404416177,
    0.9601955802099088,
    0.9670400790546847,
    0.9738844980754626,
    0.9773488107304413,
    0.9809134216405354,
    0.9843624491519002,
    0.9864389489249389,
    0.9884954585595235,
    0.9899369921148431,
    0.9922403627437071,
    0.9931555022782593,
    0.994288650899753,
    0.9948459472555522,
    0.995691692330676,
    0.9967813554360496,
    0.996730037241286,
    0.9971099564648387,
    0.9978259656027344,
    0.998197752868203,
    0.998242821033444,
    0.9985904073942728,
    0.9988226985372487,
    0.9986860845933754,
    0.999326011073564,
    0.9990569320911471,
    0.9994679059561357,
    0.9995184126054308,
    0.999411042041844,
    0.9995331759535772,
    0.9995220247565099,
    0.9996856385673221,
    0.9996997527093585,
    0.9996736521694037,
    0.9997675044589365,
    0.9997373989366742,
    0.999850316476375,
    0.999898304645404,
    0.9999138736745611,
    0.9997861576691193,
    0.9998651091267927,
    0.9998401603538637,
    0.9999526112059176
  ]
}