{
  "n": [
    1,
    2,
    3,
    4,
    5,
    6,
    7,
    8,
    9,
    10,
    11,
    12,
    13,
    14,
    15,
    16,
    17,
    18,
    19,
    20,
    21,
    22,
    23,
    24,
    25,
    26,
    27,
    28,
    29,
    30,
    31,
    32,
    33,
    34,
    35,
    36,
    37,
    38,
    39,
    40,
    41,
    42,
    43,
    44,
    45,
    46,
    47,
    48,
    49
  ],
  "avg_eer": [
    0.3297987814773061,
    0.25837852433092795,
    0.20724730512373507,
    0.1767430852596218,
    0.14938808771148432,
    0.12849580321414594,
    0.11253779766086089,
    0.10068561197418842,
    0.08829989879232501,
    0.07755544027411392,
    0.06843199629214218,
    0.062924012629189,
    0.05472723641911516,
    0.050452751842972696,
    0.046160663112671835,
    0.04215254174985653,
    0.04222884637927581,
    0.03201324922078019,
    0.030107352860165602,
    0.026097602344568947,
    0.025608071063729098,
    0.020009153837114425,
    0.02066374993752205,
    0.018153062624148897,
    0.020336851478993993,
    0.015496338012704369,
    0.018065202297924375,
    0.013938037875143411,
    0.012685150752899683,
    0.011935691236547322,
    0.010881905561211734,
    0.010736098442214717,
    0.009569500032079323,
    0.007643333125769321,
    0.008320312072719127,
    0.007115769406858402,
    0.006921370730601917,
    0.006085591940743433,
    0.003927340964014761,
    0.005582661115166055,
    0.0072912035512202236,
    0.006774635036492951,
    0.0007525345565023714,
    0.004355211038422414,
    0.0028955953782976726,
    0.004006630969806252,
    0.0008227033179002708,
    0.0,
    0.002286639966251477
  ],
  "avg_auc": [
    0.7345065441812044,
    0.8159128321496482,
    0.8644198599290112,
    0.8958027611498102,
    0.9189529263362232,
    0.9349844572473092,
    0.9488813437337787,
    0.956458363373366,
    0.9654348320224806,
    0.9717416472291429,
    0.9757608302270745,
    0.9798298989367762,
    0.9827899342408394,
    0.9861454614259687,
    0.9880817531179161,
    0.9903704878325593,
    0.9902872961399851,
    0.9926533302176136,
    0.9944207897253803,
    0.9940572708059621,
    0.9950313067891265,
    0.9956959044009238,
    0.9965696958042282,
    0.9974758618571947,
    0.997016085543344,
    0.9976243644623706,
    0.998314030667008,
    0.9984428735843048,
    0.9987066170958077,
    0.9989784414893654,
    0.9991204953014684,
    0.9989763620826755,
    0.9994376676832711,
    0.9991012802628509,
    0.9995757940493192,
    0.9993602915246015,
    0.9996779758650352,
    0.9997333345606568,
    0.9997901020966055,
    0.99976837067001,
    0.999703708172893,
    0.9997031904009471,
    0.9999741815390051,
    0.9998240733454,
    0.9998891283906222,
    0.9997793971304793,
    0.9999690002438273,
    1.0,
    0.9998179970449147
  ]
}