{
  "n": [
    1,
    2,
    3,
    4,
    5,
    6,
    7,
    8,
    9,
    10,
    11,
    12,
    13,
    14,
    15,
    16,
    17,
    18,
    19,
    20,
    21,
    22,
    23,
    24,
    25,
    26,
    27,
    28,
    29,
    30,
    31,
    32,
    33,
    34,
    35,
    36,
    37,
    38,
    39,
    40,
    41,
    42,
    43,
    44,
    45,
    46,
    47,
    48,
    49
  ],
  "avg_eer": [
    0.33118796901034725,
    0.2657775904382442,
    0.2258279718717703,
    0.1942783247813545,
    0.16624809568147164,
    0.15020140240770413,
    0.13007117346021113,
    0.12236306670846779,
    0.10631991467797619,
    0.0976761163091319,
    0.08985374282345814,
    0.07823433816218864,
    0.07422158974603185,
    0.06633440289678574,
    0.06305736616469039,
    0.05867296291061439,
    0.05409232133813409,
    0.04435836601129893,
    0.04575574824472922,
    0.04147420390230959,
    0.03694992104938342,
    0.03153743686050575,
    0.029944467395539364,
    0.02950398839425415,
    0.02948304785970668,
    0.027354746254759678,
    0.02039206586597141,
    0.018275029281467566,
    0.018914370326126157,
    0.019095111284630192,
    0.01888295022867586,
    0.013827121410835214,
    0.012680468328572147,
    0.013174157580686513,
    0.010969296488494705,
    0.014262972912413074,
    0.012461402637090339,
    0.008771903005472339,
    0.010405583530904695,
    0.012233128164435707,
    0.008879732852926508,
    0.007630027739270256,
    0.003451804591892793,
    0.006591394782164898,
    0.003510234839842024,
    0.0046325915651599546,
    0.0023019881345194486,
    0.002228327228373978,
    0.0019407720784157586
  ],
  "avg_auc": [
    0.7308269146354772,
    0.8025451438608162,
    0.8467002965792968,
    0.8767039477304426,
    0.9010659010850537,
    0.9181344850734595,
    0.9315627738585777,
    0.9423779760734325,
    0.9513226571964852,
    0.959913248234046,
    0.965400728814758,
    0.9718974256741155,
    0.9739307939983949,
    0.9790228024508079,
    0.9804135832409141,
    0.983360747275577,
    0.9857289196707055,
    0.9892859627299364,
    0.9898850446508358,
    0.9910809446334097,
    0.9927625731547195,
    0.9932687333419483,
    0.994616672663119,
    0.9950953385937525,
    0.9956940916444774,
    0.9955422576021082,
    0.9971892254149797,
    0.9973964858437464,
    0.9974289288030427,
    0.997323707468421,
    0.997840032904648,
    0.9983553612719657,
    0.9985716420971127,
    0.9984124692966656,
    0.9989109384600179,
    0.9989256397428432,
    0.9992203699851366,
    0.9994166624800656,
    0.9992698568906156,
    0.9991550288256941,
    0.9995068028900096,
    0.9994820923748747,
    0.9996655821586622,
    0.9994199353702532,
    0.9997806370651908,
    0.9997559265797389,
    0.9997896017540837,
    0.9998930493374939,
    0.9999546647340068
  ]}
