{
  "n": [
    1,
    2,
    3,
    4,
    5,
    6,
    7,
    8,
    9,
    10,
    11,
    12,
    13,
    14,
    15,
    16,
    17,
    18,
    19,
    20,
    21,
    22,
    23,
    24,
    25,
    26,
    27,
    28,
    29,
    30,
    31,
    32,
    33,
    34,
    35,
    36,
    37,
    38,
    39,
    40,
    41,
    42,
    43,
    44,
    45,
    46,
    47,
    48,
    49
  ],
  "avg_eer": [
    0.32959280348902265,
    0.25487908584825525,
    0.20966928780964533,
    0.16685594238024684,
    0.14133198643693307,
    0.12195138735001976,
    0.10421319150119727,
    0.09148834439063663,
    0.08075024295401176,
    0.07200149443254808,
    0.06317835505899314,
    0.056677999882624876,
    0.051017822876191256,
    0.04499110217242139,
    0.04016066955269907,
    0.03888796868600279,
    0.031231462917475267,
    0.033148148488133376,
    0.024251278610233264,
    0.019547601262529933,
    0.02208037567780522,
    0.019597074021149945,
    0.017424565251427465,
    0.01502635322690223,
    0.011658496166582554,
    0.010684272796623883,
    0.010050209147377032,
    0.008386742201586325,
    0.008409938692236258,
    0.00733796416174316,
    0.006426001903225795,
    0.005182375201353363,
    0.007676199910785056,
    0.005891151113357716,
    0.005189350928059134,
    0.0034050270779299174,
    0.003493964860256478,
    0.004070807497179203,
    0.0052979195026177355,
    0.0037620829256389647,
    0.0012019230770248996,
    0.0027601504222274404,
    0.0012775301944706256,
    0.000515463917551718,
    0.0013277497579743318,
    0.00134770889498997,
    0.0030265600669332955,
    0.0008450704226323809,
    0.0005747126436856877
  ],
  "avg_auc": [
    0.7341295869095499,
    0.8177287695514168,
    0.8675445286618848,
    0.9012357027380989,
    0.9243340994506959,
    0.9398513154031232,
    0.9523675381780006,
    0.9616710717068451,
    0.9683352871805134,
    0.9745219101536353,
    0.9792332985716202,
    0.98266442560505,
    0.9864341785030979,
    0.9880864268305206,
    0.9906168066535692,
    0.9920833679873864,
    0.9938500341329893,
    0.9945900600211417,
    0.9958882005648352,
    0.9964753456854393,
    0.9968724993154664,
    0.9971218013116664,
    0.9979947491106367,
    0.9980559762632204,
    0.9983056124569242,
    0.9988633795259669,
    0.9990564916475115,
    0.9990989395866456,
    0.9989703104349775,
    0.9994143130332912,
    0.9994886477307533,
    0.9994088443808957,
    0.9993704541488324,
    0.999732026876677,
    0.9997078951523625,
    0.9997838894241651,
    0.9997675985163805,
    0.9997961083019804,
    0.999630511169156,
    0.9997658371610934,
    0.9999271561771561,
    0.9998710331199054,
    0.9999405076184658,
    0.9999054982817869,
    0.9998795648520833,
    0.9999163491030764,
    0.9998691299642386,
    0.9999094567404427,
    0.9999574286930608
  ]
}