{
  "n": [
    1,
    2,
    3,
    4,
    5,
    6,
    7,
    8,
    9,
    10,
    11,
    12,
    13,
    14,
    15,
    16,
    17,
    18,
    19,
    20,
    21,
    22,
    23,
    24,
    25,
    26,
    27,
    28,
    29,
    30,
    31,
    32,
    33,
    34,
    35,
    36,
    37,
    38,
    39,
    40,
    41,
    42,
    43,
    44,
    45,
    46,
    47,
    48,
    49
  ],
  "avg_eer": [
    0.29476208058943315,
    0.22513848210085324,
    0.17916505924984577,
    0.14895001837392646,
    0.12585151720698232,
    0.10578126937391355,
    0.0929776789792574,
    0.07864695562220737,
    0.0659705028182732,
    0.05951722758469824,
    0.05218493530329934,
    0.04485948010087902,
    0.03896303648795051,
    0.034670557670956614,
    0.025563925283225673,
    0.024984202931699624,
    0.024505931457415014,
    0.019954365227188138,
    0.019395721974024314,
    0.015213674038016994,
    0.009629774028839005,
    0.011487110443419967,
    0.010144434840130508,
    0.008699930842706902,
    0.008729020842005879,
    0.00540062831942894,
    0.00650908264820463,
    0.007573584109506401,
    0.002853770093419041,
    0.002753671631193664,
    0.006440514008158674,
    0.003765141843388398,
    0.005383268603839957,
    0.005034016211859958,
    0.004767400958499896,
    0.0016856871666119204,
    0.000645161290344554,
    0.0009933774833201221,
    0.00029940119770768147,
    0.0,
    0.0,
    0.0,
    0.0,
    0.0,
    0.0,
    0.0,
    0.0,
    0.00036900369019166566,
    0.0
  ],
  "avg_auc": [
    0.772059952473225,
    0.8456721971315014,
    0.8892311909205681,
    0.9174889008916924,
    0.9378635349151265,
    0.9526380580653393,
    0.9632647340152356,
    0.9718049980976605,
    0.9790330666633087,
    0.9828119657185013,
    0.9860847616891324,
    0.9896051902623757,
    0.9916494740983011,
    0.9925597686390681,
    0.9955837816539853,
    0.9958291317405014,
    0.9963294695766404,
    0.9971155533034027,
    0.9978250673899922,
    0.9982318343438552,
    0.9988133291326321,
    0.9987912848015427,
    0.998446188384382,
    0.9989890896039494,
    0.9991896296063398,
    0.9995937894581344,
    0.9996371306313693,
    0.9994630244084857,
    0.9997903183013548,
    0.9998270927651172,
    0.9997030785688811,
    0.9998940795331895,
    0.9996359183097437,
    0.9994250263800663,
    0.9998194540419305,
    0.9999481268683772,
    0.999986559139785,
    0.9999858088930937,
    0.9999896758207723,
    1.0,
    1.0,
    1.0,
    1.0,
    1.0,
    1.0,
    1.0,
    1.0,
    0.9999846248462484,
    1.0
  ]
}