{
  "n": [
    1,
    2,
    3,
    4,
    5,
    6,
    7,
    8,
    9,
    10,
    11,
    12,
    13,
    14,
    15,
    16,
    17,
    18,
    19,
    20,
    21,
    22,
    23,
    24,
    25,
    26,
    27,
    28,
    29,
    30,
    31,
    32,
    33,
    34,
    35,
    36,
    37,
    38,
    39,
    40,
    41,
    42,
    43,
    44,
    45,
    46,
    47,
    48,
    49
  ],
  "avg_eer": [
    0.1989573440396731,
    0.11084802803893674,
    0.07733328056683393,
    0.05050698722497963,
    0.036802302856513355,
    0.024379638280970263,
    0.019374854664724626,
    0.013492983608305115,
    0.009100465189958449,
    0.007158548115432431,
    0.0059392354300982116,
    0.0029815859105952356,
    0.0027683975357643857,
    0.001589626878608094,
    0.0015880112106403568,
    0.0007212664730201899,
    0.0010957603599742714,
    0.0015713517821899197,
    0.0008213599571641119,
    0.0003790829549487002,
    0.00023828435269511762,
    0.00016743903095060522,
    0.0,
    0.0,
    0.0,
    0.0,
    0.0,
    0.0,
    0.0,
    0.0,
    0.0,
    0.0,
    0.0,
    0.0,
    0.0,
    0.0,
    0.0,
    0.0,
    0.0,
    0.0,
    0.0,
    0.0,
    0.0,
    0.0,
    0.0,
    0.0,
    0.0,
    0.0,
    0.0
  ],
  "avg_auc": [
    0.8833818818118416,
    0.9469758927438491,
    0.9733552348277128,
    0.9866027084387046,
    0.9924549417838925,
    0.9959288010219914,
    0.9974762650680843,
    0.9985242682778196,
    0.9990901295297059,
    0.9995542188292049,
    0.9996571754303174,
    0.999873560579994,
    0.9999113685894176,
    0.9999475485760172,
    0.9999555352651888,
    0.9999842307137214,
    0.9999822615442909,
    0.9999758165331677,
    0.9999909028272518,
    0.9999932354491247,
    0.9999960285941224,
    0.9999961680998734,
    1.0,
    1.0,
    1.0,
    1.0,
    1.0,
    1.0,
    1.0,
    1.0,
    1.0,
    1.0,
    1.0,
    1.0,
    1.0,
    1.0,
    1.0,
    1.0,
    1.0,
    1.0,
    1.0,
    1.0,
    1.0,
    1.0,
    1.0,
    1.0,
    1.0,
    1.0,
    1.0
  ]
}