{
  "n": [
    1,
    2,
    3,
    4,
    5,
    6,
    7,
    8,
    9,
    10,
    11,
    12,
    13,
    14,
    15,
    16,
    17,
    18,
    19,
    20,
    21,
    22,
    23,
    24,
    25,
    26,
    27,
    28,
    29,
    30,
    31,
    32,
    33,
    34,
    35,
    36,
    37,
    38,
    39,
    40,
    41,
    42,
    43,
    44,
    45,
    46,
    47,
    48,
    49
  ],
  "avg_eer": [
    0.17521281869587632,
    0.0921763383973498,
    0.060179699315069765,
    0.03857396862049285,
    0.027504342147588595,
    0.015399061931110741,
    0.010935129233097736,
    0.007373424952420918,
    0.00507474269768683,
    0.0038381394520648803,
    0.0032278419827375267,
    0.0009579832035070465,
    0.0007936507936510456,
    0.00033347791980407437,
    0.0011444459486639699,
    0.00013106159895422007,
    0.0,
    0.0,
    0.0,
    0.0,
    0.0,
    0.0,
    0.0,
    0.0,
    0.0,
    0.0,
    0.0,
    0.0,
    0.0,
    0.0,
    0.0,
    0.0,
    0.0,
    0.0,
    0.0,
    0.0,
    0.0,
    0.0,
    0.0,
    0.0,
    0.0,
    0.0,
    0.0,
    0.0,
    0.0,
    0.0,
    0.0,
    0.0,
    0.0
  ],
  "avg_auc": [
    0.9059838353580814,
    0.9598614607479113,
    0.9824948633715049,
    0.9913306172645114,
    0.9954788950543769,
    0.9981947044608612,
    0.9988734118854709,
    0.9994206986920524,
    0.9996415495219099,
    0.9996917363787847,
    0.9999008606767994,
    0.9999795573021931,
    0.9999805602042023,
    0.9999925652663773,
    0.999982065335913,
    0.9999987150823632,
    1.0,
    1.0,
    1.0,
    1.0,
    1.0,
    1.0,
    1.0,
    1.0,
    1.0,
    1.0,
    1.0,
    1.0,
    1.0,
    1.0,
    1.0,
    1.0,
    1.0,
    1.0,
    1.0,
    1.0,
    1.0,
    1.0,
    1.0,
    1.0,
    1.0,
    1.0,
    1.0,
    1.0,
    1.0,
    1.0,
    1.0,
    1.0,
    1.0
  ]
}