{
  "n": [
    1,
    2,
    3,
    4,
    5,
    6,
    7,
    8,
    9,
    10,
    11,
    12,
    13,
    14,
    15,
    16,
    17,
    18,
    19,
    20,
    21,
    22,
    23,
    24,
    25,
    26,
    27,
    28,
    29,
    30,
    31,
    32,
    33,
    34,
    35,
    36,
    37,
    38,
    39,
    40,
    41,
    42,
    43,
    44,
    45,
    46,
    47,
    48,
    49
  ],
  "avg_eer": [
    0.15048187380095407,
    0.08053365997452545,
    0.052257493779730935,
    0.030799777208387186,
    0.022836238927401064,
    0.01818685174750877,
    0.010211440101694513,
    0.00977371151652455,
    0.007183195372284371,
    0.003999620227804962,
    0.0037420770356325116,
    0.0007316742847982929,
    0.0,
    0.00021231422512602949,
    0.00045454545456772525,
    0.0,
    0.0,
    0.0,
    0.0,
    0.0,
    0.0,
    0.0,
    0.0,
    0.0,
    0.0,
    0.0,
    0.0,
    0.0,
    0.0,
    0.0,
    0.0,
    0.0,
    0.0,
    0.0,
    0.0,
    0.0,
    0.0,
    0.0,
    0.0,
    0.0,
    0.0,
    0.0,
    0.0,
    0.0,
    0.0,
    0.0,
    0.0,
    0.0,
    0.0
  ],
  "avg_auc": [
    0.9251369766704707,
    0.9683371756602934,
    0.9857756289793846,
    0.9930130410712771,
    0.9957167410925104,
    0.9978090537323215,
    0.9991709623679341,
    0.9992837575025835,
    0.999597171462851,
    0.9998379056178702,
    0.9997756988460914,
    0.9999322880719529,
    1.0,
    0.9999806987068134,
    0.9999567099567098,
    1.0,
    1.0,
    1.0,
    1.0,
    1.0,
    1.0,
    1.0,
    1.0,
    1.0,
    1.0,
    1.0,
    1.0,
    1.0,
    1.0,
    1.0,
    1.0,
    1.0,
    1.0,
    1.0,
    1.0,
    1.0,
    1.0,
    1.0,
    1.0,
    1.0,
    1.0,
    1.0,
    1.0,
    1.0,
    1.0,
    1.0,
    1.0,
    1.0,
    1.0
  ]
}