{
  "n": [
    1,
    2,
    3,
    4,
    5,
    6,
    7,
    8,
    9,
    10,
    11,
    12,
    13,
    14,
    15,
    16,
    17,
    18,
    19,
    20,
    21,
    22,
    23,
    24,
    25,
    26,
    27,
    28,
    29,
    30
  ],
  "avg_eer": [
    0.08623224541575206,
    0.059331219971520834,
    0.050785925086764924,
    0.04534987481094483,
    0.03973615910960923,
    0.04031042285093863,
    0.03765467866699996,
    0.034577138547871,
    0.026024844720496532,
    0.02558528428086811,
    0.022941176470611883,
    0.022537251655629146,
    0.02470899470912703,
    0.02583135818435927,
    0.018181818181677918,
    0.020909090908994676,
    0.012121212121020323,
    0.010132575757554309,
    0.01223470661665152,
    0.0,
    0.0,
    0.0,
    0.0,
    0.0,
    0.0,
    0.0,
    0.0,
    0.0,
    0.0,
    0.0
  ],
  "avg_auc": [
    0.9534000822921188,
    0.9707751199189193,
    0.9781168403907632,
    0.9800267786615923,
    0.9841722333000336,
    0.9847418332071767,
    0.9850294529626673,
    0.9847471882403871,
    0.9879032561641257,
    0.9879712970526434,
    0.9892696715049656,
    0.9887378775141984,
    0.9889901629872895,
    0.9888987047810577,
    0.9940909090909091,
    0.9925558213716108,
    0.9985192837465565,
    0.9988741582491582,
    0.9976529338327091,
    1.0,
    1.0,
    1.0,
    1.0,
    1.0,
    1.0,
    1.0,
    1.0,
    1.0,
    1.0,
    1.0
  ]
}