{
  "n": [
    1,
    2,
    3,
    4,
    5,
    6,
    7,
    8,
    9,
    10,
    11,
    12,
    13,
    14,
    15,
    16,
    17,
    18,
    19,
    20,
    21,
    22,
    23,
    24,
    25,
    26,
    27,
    28,
    29,
    30,
    31,
    32,
    33,
    34,
    35,
    36,
    37,
    38,
    39,
    40,
    41,
    42,
    43,
    44,
    45,
    46,
    47,
    48,
    49
  ],
  "avg_eer": [
    0.2812524425770647,
    0.1715242342691664,
    0.11368659110281054,
    0.08461635541302273,
    0.06538096427469839,
    0.05287821621842524,
    0.04085384871925422,
    0.0340400679448914,
    0.02505404159238573,
    0.01981536630236646,
    0.016199690252551774,
    0.01206030289032939,
    0.009643978259862589,
    0.008787575598042276,
    0.007334377477229213,
    0.0056451486558209574,
    0.0041296387497532505,
    0.0030973743618422315,
    0.0028381265581888496,
    0.0022244291719173887,
    0.0013793992623029132,
    0.001590746679271946,
    0.0010492960015782294,
    0.0003570300875034422,
    0.0006596194662768988,
    0.000565478147926592,
    0.00012972572303713892,
    0.00048276586050294897,
    0.0002962962962308327,
    7.142857144018488e-05,
    0.0003958828186318163,
    8.169934650567649e-05,
    0.0001684919966934403,
    0.0,
    0.0,
    0.0,
    0.0,
    0.0,
    0.0,
    0.0,
    0.0,
    0.0,
    0.0,
    0.0,
    0.0,
    0.0,
    0.0,
    0.0,
    0.0
  ],
  "avg_auc": [
    0.7937070412467678,
    0.8923537396987525,
    0.939245214168863,
    0.9628793364995956,
    0.9771411789915071,
    0.9856980713301029,
    0.9903073169673651,
    0.9935580836587219,
    0.9957294112760626,
    0.9970078111871198,
    0.9978921770167759,
    0.9988286617337077,
    0.9990973893780428,
    0.9993189495063592,
    0.9995169405538619,
    0.9996820744680288,
    0.9997912133270527,
    0.999837994392978,
    0.9998995004048247,
    0.999930163036024,
    0.9999339375882395,
    0.9999704139557821,
    0.9999538144697915,
    0.9999951871371373,
    0.999992203006807,
    0.9999932568235985,
    0.9999970482769325,
    0.9999887924646597,
    0.9999985404123336,
    0.9999992997198881,
    0.9999970829687044,
    0.999999111963626,
    0.9999990587039294,
    1.0,
    1.0,
    1.0,
    1.0,
    1.0,
    1.0,
    1.0,
    1.0,
    1.0,
    1.0,
    1.0,
    1.0,
    1.0,
    1.0,
    1.0,
    1.0
  ]
}