{
  "n": [
    1,
    2,
    3,
    4,
    5,
    6,
    7,
    8,
    9,
    10,
    11,
    12,
    13,
    14,
    15,
    16,
    17,
    18,
    19,
    20,
    21,
    22,
    23,
    24,
    25,
    26,
    27,
    28,
    29,
    30,
    31,
    32,
    33,
    34,
    35,
    36,
    37,
    38,
    39,
    40,
    41,
    42,
    43,
    44,
    45,
    46,
    47,
    48,
    49
  ],
  "avg_eer": [
    0.22617826468350902,
    0.13050631204084778,
    0.07867709419562137,
    0.04692743952759056,
    0.034222287245546094,
    0.022193434737473365,
    0.019331643915333936,
    0.013700830693172475,
    0.008476135278258424,
    0.008036963741244438,
    0.005894112621343416,
    0.0036454566880136873,
    0.0035260281283915986,
    0.0014840370845766724,
    0.000669597760464983,
    0.0011914446096827087,
    0.0004975032252179237,
    0.00026881720441075137,
    0.0,
    0.0,
    0.0,
    0.0,
    0.0,
    0.0,
    0.0,
    0.0,
    0.0,
    0.0,
    0.0,
    0.0,
    0.0,
    0.0,
    0.0,
    0.0,
    0.0,
    0.0,
    0.0,
    0.0,
    0.0,
    0.0,
    0.0,
    0.0,
    0.0,
    0.0,
    0.0,
    0.0,
    0.0,
    0.0,
    0.0
  ],
  "avg_auc": [
    0.8535605047703264,
    0.9353207743082479,
    0.9680968973157882,
    0.9843682699921551,
    0.9911687672455484,
    0.9954025897332738,
    0.9968958013983276,
    0.9982330219151796,
    0.9992493700456077,
    0.9991784070604316,
    0.9995495313818548,
    0.9997799195005236,
    0.999766036709557,
    0.9998578149457039,
    0.9999795852563714,
    0.9999515772528385,
    0.9999830558807318,
    0.9999581839904421,
    1.0,
    1.0,
    1.0,
    1.0,
    1.0,
    1.0,
    1.0,
    1.0,
    1.0,
    1.0,
    1.0,
    1.0,
    1.0,
    1.0,
    1.0,
    1.0,
    1.0,
    1.0,
    1.0,
    1.0,
    1.0,
    1.0,
    1.0,
    1.0,
    1.0,
    1.0,
    1.0,
    1.0,
    1.0,
    1.0,
    1.0
  ]
}