{
  "n": [
    1,
    2,
    3,
    4,
    5,
    6,
    7,
    8,
    9,
    10,
    11,
    12,
    13,
    14,
    15,
    16,
    17,
    18,
    19,
    20,
    21,
    22,
    23,
    24,
    25,
    26,
    27,
    28,
    29,
    30,
    31,
    32,
    33,
    34,
    35,
    36,
    37,
    38,
    39,
    40,
    41,
    42,
    43,
    44,
    45,
    46,
    47,
    48,
    49
  ],
  "avg_eer": [
    0.3361463906361785,
    0.25672490739883125,
    0.20381026430486707,
    0.15924272174903892,
    0.1261607286083979,
    0.10121060777445887,
    0.08236373846411102,
    0.07367138540972219,
    0.07475696028691561,
    0.06673979601266619,
    0.04029796369512933,
    0.03305182748412405,
    0.033528203876969115,
    0.03332598033801801,
    0.02995724077223293,
    0.012871913325696389,
    0.011651248295198473,
    0.014267125908942874,
    0.012673611111117023,
    0.011111111111111193,
    0.0125,
    0.012500000000000067,
    0.014139344262454718,
    0.014285714285714294,
    0.0057692307692814885,
    0.0,
    0.0041666666667713485,
    0.00425531914901046,
    0.0022222222222943325,
    0.0,
    0.0,
    0.0024390243903393625,
    0.0025000000000716905,
    0.002631578947516761,
    0.005405405405545189,
    0.0,
    0.0,
    0.0,
    0.0,
    0.0,
    0.0,
    0.0,
    0.0,
    0.0,
    0.0,
    0.0,
    0.0,
    0.0,
    0.0
  ],
  "avg_auc": [
    0.7191977472175897,
    0.814959673758571,
    0.8658352753144694,
    0.9076714914944233,
    0.9309952333430944,
    0.9497096678776705,
    0.96257250250871,
    0.9712778958527533,
    0.9767901253696559,
    0.9819285253724244,
    0.9873818159072394,
    0.9904878374923924,
    0.990768463680307,
    0.9895875631088906,
    0.9898877086751309,
    0.9939995283615985,
    0.9967775266452105,
    0.9974897902479174,
    0.9964100241545892,
    0.9973063973063973,
    0.9983870967741936,
    0.9960416666666667,
    0.9954234972677597,
    0.9976623376623376,
    0.9991758241758241,
    1.0,
    0.9989583333333334,
    0.999290780141844,
    0.9996296296296296,
    1.0,
    1.0,
    0.9995121951219513,
    0.9995,
    0.9994736842105263,
    0.998918918918919,
    1.0,
    1.0,
    1.0,
    1.0,
    1.0,
    1.0,
    1.0,
    1.0,
    1.0,
    1.0,
    1.0,
    1.0,
    1.0,
    1.0
  ]
}