{
  "n": [
    1,
    2,
    3,
    4,
    5,
    6,
    7,
    8,
    9,
    10,
    11,
    12,
    13,
    14,
    15,
    16,
    17,
    18,
    19,
    20,
    21,
    22,
    23,
    24,
    25,
    26,
    27,
    28,
    29,
    30,
    31,
    32,
    33,
    34,
    35,
    36,
    37,
    38,
    39,
    40,
    41,
    42,
    43,
    44,
    45,
    46,
    47,
    48,
    49
  ],
  "avg_eer": [
    0.20913855546882826,
    0.11229957778263508,
    0.06866385506943726,
    0.04356938180505286,
    0.027908927894045827,
    0.019451271618233495,
    0.013547139722820007,
    0.010717859607469297,
    0.005055784383770682,
    0.005517657682214523,
    0.004751555391099558,
    0.0034102403608046714,
    0.0016632969342580185,
    0.0010951211757248814,
    0.0009599962445806378,
    0.00012285012287346445,
    0.0005118372164464267,
    0.0,
    0.0,
    0.0,
    0.0,
    0.0,
    0.0,
    0.0,
    0.0,
    0.0,
    0.0,
    0.0,
    0.0,
    0.0,
    0.0,
    0.0,
    0.0,
    0.0,
    0.0,
    0.0,
    0.0,
    0.0,
    0.0,
    0.0,
    0.0,
    0.0,
    0.0,
    0.0,
    0.0,
    0.0,
    0.0,
    0.0,
    0.0
  ],
  "avg_auc": [
    0.8720916281946576,
    0.9470200668645641,
    0.9756231202465504,
    0.9882434696457816,
    0.9939522046650406,
    0.9969466164256279,
    0.9980218134238072,
    0.9990931801802404,
    0.9995123906209642,
    0.9996756795640713,
    0.999673216508951,
    0.9998951236913127,
    0.9999504708798657,
    0.9999780097297256,
    0.9999775995696675,
    0.9999990171990172,
    0.9999943242634352,
    1.0,
    1.0,
    1.0,
    1.0,
    1.0,
    1.0,
    1.0,
    1.0,
    1.0,
    1.0,
    1.0,
    1.0,
    1.0,
    1.0,
    1.0,
    1.0,
    1.0,
    1.0,
    1.0,
    1.0,
    1.0,
    1.0,
    1.0,
    1.0,
    1.0,
    1.0,
    1.0,
    1.0,
    1.0,
    1.0,
    1.0,
    1.0
  ]
}