{
  "n": [
    1,
    2,
    3,
    4,
    5,
    6,
    7,
    8,
    9,
    10,
    11,
    12,
    13,
    14,
    15,
    16,
    17,
    18,
    19,
    20,
    21,
    22,
    23,
    24,
    25,
    26,
    27,
    28,
    29,
    30,
    31,
    32,
    33,
    34,
    35,
    36,
    37,
    38,
    39,
    40,
    41,
    42,
    43,
    44,
    45,
    46,
    47,
    48,
    49
  ],
  "avg_eer": [
    0.24117208264856932,
    0.1422994321517672,
    0.08969719051233194,
    0.062347918976333086,
    0.04519136131945097,
    0.033524042268455165,
    0.026493579884150652,
    0.020855009182597098,
    0.013956297743085844,
    0.010997034939057414,
    0.009086373814138815,
    0.006498289647311445,
    0.004385940748487721,
    0.003868352948095543,
    0.003349617899492956,
    0.002645488363304684,
    0.0018825515075374412,
    0.0011488643862332451,
    0.0011179722640802553,
    0.000664737046040796,
    0.0004823151125333372,
    0.0003235307564732476,
    0.0005882352941325344,
    0.00027573529417731775,
    0.0002870813398208504,
    9.960159369240041e-05,
    0.00010341261634247007,
    0.0,
    0.0,
    0.0,
    0.0,
    0.0,
    0.0,
    0.0,
    0.0,
    0.0,
    0.0,
    0.0,
    0.0,
    0.0,
    0.0,
    0.0,
    0.0,
    0.0,
    0.0,
    0.0,
    0.0,
    0.0,
    0.0
  ],
  "avg_auc": [
    0.840135377782713,
    0.9240274477667578,
    0.9610566945647072,
    0.978060718695323,
    0.987124895676855,
    0.9924289297625268,
    0.9953521431521798,
    0.9968726943143711,
    0.9982206222483014,
    0.998720991266366,
    0.9991647687366181,
    0.9994467653959755,
    0.9996771159440456,
    0.9997411401422088,
    0.9998465417127245,
    0.9999047261971292,
    0.9999189036620002,
    0.9999493100105322,
    0.9999617713407112,
    0.9999852745640456,
    0.9999965610330657,
    0.9999810195622274,
    0.9999901615575808,
    0.9999864669794298,
    0.9999969524273915,
    0.9999993403867972,
    0.9999992868095425,
    1.0,
    1.0,
    1.0,
    1.0,
    1.0,
    1.0,
    1.0,
    1.0,
    1.0,
    1.0,
    1.0,
    1.0,
    1.0,
    1.0,
    1.0,
    1.0,
    1.0,
    1.0,
    1.0,
    1.0,
    1.0,
    1.0
  ]
}