{
  "n": [
    1,
    2,
    3,
    4,
    5,
    6,
    7,
    8,
    9,
    10,
    11,
    12,
    13,
    14,
    15,
    16,
    17,
    18,
    19,
    20,
    21,
    22,
    23,
    24,
    25,
    26,
    27,
    28,
    29,
    30,
    31,
    32,
    33,
    34,
    35,
    36,
    37,
    38,
    39,
    40,
    41,
    42,
    43,
    44,
    45,
    46,
    47,
    48,
    49
  ],
  "avg_eer": [
    0.2569754989243599,
    0.1513238900186119,
    0.09423577256318763,
    0.0636310921194713,
    0.04040004527896035,
    0.030103168276969582,
    0.0262927005092461,
    0.0176393171832561,
    0.011242365957908089,
    0.005843831996947135,
    0.006094640058928153,
    0.000707783113436896,
    0.0015534133384650845,
    0.0004291845493575485,
    0.0,
    0.0,
    0.0010416666666920856,
    0.0,
    0.0,
    0.0,
    0.0,
    0.0,
    0.0,
    0.0,
    0.0,
    0.0,
    0.0,
    0.0,
    0.0,
    0.0,
    0.0,
    0.0,
    0.0,
    0.0,
    0.0,
    0.0,
    0.0,
    0.0,
    0.0,
    0.0,
    0.0,
    0.0,
    0.0,
    0.0,
    0.0,
    0.0,
    0.0,
    0.0,
    0.0
  ],
  "avg_auc": [
    0.8207642004007838,
    0.9162751909129133,
    0.9579188503507009,
    0.9764093240770226,
    0.9886105545094989,
    0.9933516652930144,
    0.995709423931657,
    0.9977768403933865,
    0.9980193794984793,
    0.9993281911010449,
    0.9996824189781354,
    0.9999193933028924,
    0.9998731575969713,
    0.9999877375843041,
    1.0,
    1.0,
    0.9999461206896552,
    1.0,
    1.0,
    1.0,
    1.0,
    1.0,
    1.0,
    1.0,
    1.0,
    1.0,
    1.0,
    1.0,
    1.0,
    1.0,
    1.0,
    1.0,
    1.0,
    1.0,
    1.0,
    1.0,
    1.0,
    1.0,
    1.0,
    1.0,
    1.0,
    1.0,
    1.0,
    1.0,
    1.0,
    1.0,
    1.0,
    1.0,
    1.0
  ]
}