{
  "n": [
    1,
    2,
    3,
    4,
    5,
    6,
    7,
    8,
    9,
    10,
    11,
    12,
    13,
    14,
    15,
    16,
    17,
    18,
    19,
    20,
    21,
    22,
    23,
    24,
    25,
    26,
    27,
    28,
    29,
    30
  ],
  "avg_eer": [
    0.12605862829290188,
    0.10381400506412115,
    0.09163131123884038,
    0.08027733024953408,
    0.07555700615014435,
    0.07212698347208193,
    0.06388416670636787,
    0.05210134407399909,
    0.05231901793469966,
    0.037864220603674795,
    0.018451691654639696,
    0.016860137538730186,
    0.010741043731113587,
    0.005381735033936279,
    0.002948717948891268,
    0.003280423280553807,
    0.003680160588862132,
    0.0,
    0.0,
    0.0,
    0.0,
    0.0,
    0.0,
    0.0,
    0.0,
    0.0,
    0.0,
    0.0,
    0.0,
    0.0
  ],
  "avg_auc": [
    0.9387174236154319,
    0.9542147192218549,
    0.9620210395201638,
    0.9674429112218282,
    0.9709911453487845,
    0.9719802124374182,
    0.9775238923166345,
    0.9813359155406156,
    0.9798113194990166,
    0.9839451792725924,
    0.9921040575192495,
    0.9917464532662498,
    0.9959940214529193,
    0.9969974949317522,
    0.999707298391509,
    0.9998117024587613,
    0.999833195007794,
    1.0,
    1.0,
    1.0,
    1.0,
    1.0,
    1.0,
    1.0,
    1.0,
    1.0,
    1.0,
    1.0,
    1.0,
    1.0
  ]
}