{
    "n": [
      1,
      2,
      3,
      4,
      5,
      6,
      7,
      8,
      9,
      10
    ],
    "avg_eer": [
      0.08229115098696807,
      0.05848143728468017,
      0.04541899657280818,
      0.03420785517355679,
      0.025500825885711002,
      0.012857462680636625,
      0.0032334300139113445,
      0.0,
      0.0,
      0.0
    ],
    "avg_auc": [
      0.9696350302516578,
      0.9825591851973263,
      0.987992869399067,
      0.9913801671651076,
      0.9936754755085282,
      0.9960277168038264,
      0.9994282170724323,
      1.0,
      1.0,
      1.0
    ]
  }