{
  "n": [
    1,
    2,
    3,
    4,
    5,
    6,
    7,
    8,
    9,
    10,
    11,
    12,
    13,
    14,
    15,
    16,
    17,
    18,
    19,
    20,
    21,
    22,
    23,
    24,
    25,
    26,
    27,
    28,
    29,
    30
  ],
  "avg_eer": [
    0.13412695768946725,
    0.11394515263940745,
    0.09627957342280878,
    0.09185234228891119,
    0.080016292984703,
    0.0782240990508481,
    0.07183330141945377,
    0.0684405301576755,
    0.06284795897071198,
    0.04782241338447038,
    0.022112855392200793,
    0.018957374739682308,
    0.008845723389779583,
    0.006277630415666868,
    0.004615384615601894,
    0.006984126984087205,
    0.005720976915523571,
    0.008276125095355285,
    0.008704974271021817,
    0.0046511627906541,
    0.0026315789473550467,
    0.0,
    0.0033333333332039583,
    0.0034482758619781852,
    0.0,
    0.0,
    0.0,
    0.0,
    0.0,
    0.0
  ],
  "avg_auc": [
    0.9320567236827522,
    0.9516369343302626,
    0.9622524985234241,
    0.9651042686776498,
    0.9713071079406461,
    0.972732264130355,
    0.9763626241684555,
    0.9795298003750659,
    0.9821760191115263,
    0.9871385117975272,
    0.9937558925156258,
    0.9943717234295887,
    0.9970566099107172,
    0.9993250427733187,
    0.9993469380311486,
    0.99932150638033,
    0.9994813301239093,
    0.9992141446146023,
    0.998975901047271,
    0.9996511627906977,
    0.9998614958448753,
    1.0,
    0.9998148148148148,
    0.9997844827586206,
    1.0,
    1.0,
    1.0,
    1.0,
    1.0,
    1.0
  ]
}