{
  "n": [
    1,
    2,
    3,
    4,
    5,
    6,
    7,
    8,
    9,
    10,
    11,
    12,
    13,
    14,
    15,
    16,
    17,
    18,
    19,
    20,
    21,
    22,
    23,
    24,
    25,
    26,
    27,
    28,
    29,
    30
  ],
  "avg_eer": [
    0.09396033176534047,
    0.06939306056094177,
    0.05463070836988898,
    0.04509766655678675,
    0.03664671805651171,
    0.035333839467130035,
    0.03209092678160138,
    0.029134959600366262,
    0.024634319508128916,
    0.02269107439760059,
    0.020729293416839094,
    0.020272122885598997,
    0.01895365353411103,
    0.016850404931974275,
    0.01573715640423754,
    0.01556880223852498,
    0.014653347970830285,
    0.01113844716381841,
    0.01223747292336137,
    0.010520230835305096,
    0.008598312257010682,
    0.009226292634055406,
    0.010425075904137078,
    0.011104536489275414,
    0.008297952100635175,
    0.005157577567424758,
    0.0011834319527098483,
    0.0012987012987915579,
    0.001342281879295746,
    0.001438848920923999
  ],
  "avg_auc": [
    0.9635736849481684,
    0.9784390150454527,
    0.9849104562248037,
    0.9891299544466076,
    0.9909620000982885,
    0.9930188236236674,
    0.9936546366597547,
    0.9943949661174987,
    0.9953965627534778,
    0.9957532405409728,
    0.9958937442175303,
    0.996481020645837,
    0.996725443441149,
    0.9970996111226198,
    0.9970870691116891,
    0.9969882059952688,
    0.9973511735377582,
    0.9980884596931455,
    0.9979749627713993,
    0.9983128264471306,
    0.99806684797974,
    0.9977440383223506,
    0.9980105066905679,
    0.9979962262993937,
    0.9980016431659686,
    0.9980005338545201,
    0.999838622915546,
    0.9998701298701299,
    0.9998657718120805,
    0.9998401278976818
  ]
}