{
  "n": [
    1,
    2,
    3,
    4,
    5,
    6,
    7,
    8,
    9,
    10,
    11,
    12,
    13,
    14,
    15,
    16,
    17,
    18,
    19,
    20,
    21,
    22,
    23,
    24,
    25,
    26,
    27,
    28,
    29,
    30
  ],
  "avg_eer": [
    0.10381818217535344,
    0.07776819424096389,
    0.0665130505292644,
    0.05720576264032403,
    0.050523475114175743,
    0.04510250035813837,
    0.045830460638393355,
    0.04083913576049115,
    0.03424621752758491,
    0.03365367491203413,
    0.03217349621720979,
    0.03176439048634809,
    0.031710711473391946,
    0.02765952439901042,
    0.025212511609448686,
    0.02551408392977521,
    0.020939777224408075,
    0.020796165078736283,
    0.0196768354038994,
    0.01965846471129338,
    0.015666763980511762,
    0.015683212961796027,
    0.01717056121257432,
    0.018225979581077544,
    0.012946939345588559,
    0.011640241032757247,
    0.006011394793706556,
    0.005318088651708262,
    0.005903475398648071,
    0.002808711934721234
  ],
  "avg_auc": [
    0.9594141700032088,
    0.9735658042713939,
    0.9798953779980086,
    0.9844251478356293,
    0.9862016508356717,
    0.9892052119374031,
    0.990345941795637,
    0.9908147346785963,
    0.9927672007254682,
    0.992823344862449,
    0.9932216284605386,
    0.9936414384385197,
    0.9939237177479594,
    0.994813682629015,
    0.9948552543384956,
    0.9946713991279491,
    0.9956175363919659,
    0.996784015038299,
    0.9965755797269509,
    0.9967384441880277,
    0.9970541704435686,
    0.9966222903290575,
    0.9969712328529106,
    0.9966074131423772,
    0.9969714858708748,
    0.9969137168702435,
    0.9984524308559758,
    0.9985536287737545,
    0.9983905441798828,
    0.9991551963908325
  ]
}