{
  "n": [
    1,
    2,
    3,
    4,
    5,
    6,
    7,
    8,
    9,
    10,
    11,
    12,
    13,
    14,
    15,
    16,
    17,
    18,
    19,
    20,
    21,
    22,
    23,
    24,
    25,
    26,
    27,
    28,
    29,
    30
  ],
  "avg_eer": [
    0.08429687212559064,
    0.06406143550945968,
    0.047595749105675045,
    0.04201053075767304,
    0.03207651610176062,
    0.03327541630335458,
    0.02600154527572538,
    0.026309525705243197,
    0.016514886888601518,
    0.018617832807453216,
    0.01030311094420077,
    0.007792991178104167,
    0.007583910922280857,
    0.005155993431866514,
    0.008596491228197724,
    0.009259259259178799,
    0.004081632652983481,
    0.006102212051795849,
    0.006432246998204128,
    0.008732795443624394,
    0.0026315789473550467,
    0.0,
    0.0,
    0.0,
    0.0,
    0.0,
    0.0,
    0.0,
    0.0,
    0.0
  ],
  "avg_auc": [
    0.9691703524080092,
    0.9812099964871454,
    0.9872251237748509,
    0.9907279736263863,
    0.9924337944590939,
    0.9937831910054191,
    0.9954556693230543,
    0.9960827521171677,
    0.9966795674591358,
    0.9953854017835884,
    0.9979448317589343,
    0.9981263170149944,
    0.9982494074254395,
    0.9992415630346665,
    0.9993248714301346,
    0.9994646747587923,
    0.9996481351161155,
    0.9994649807350037,
    0.999272343735018,
    0.9987782222523561,
    0.9998614958448753,
    1.0,
    1.0,
    1.0,
    1.0,
    1.0,
    1.0,
    1.0,
    1.0,
    1.0
  ]
}