{
  "n": [
    1,
    2,
    3,
    4,
    5,
    6,
    7,
    8,
    9,
    10,
    11,
    12,
    13,
    14,
    15,
    16,
    17,
    18,
    19,
    20,
    21,
    22,
    23,
    24,
    25,
    26,
    27,
    28,
    29,
    30
  ],
  "avg_eer": [
    0.1945211311705814,
    0.16377047558397798,
    0.14140313278776853,
    0.13197390329066255,
    0.13149212884402056,
    0.1132643277649051,
    0.11343941271637496,
    0.11340536652853048,
    0.10356170559404174,
    0.0974964809395564,
    0.11071100934528859,
    0.08709490065613476,
    0.0882745790054389,
    0.09048447048449355,
    0.08894019849764633,
    0.08195970695988439,
    0.07990476190451543,
    0.07778198653196437,
    0.06583583959882229,
    0.06545851809005114,
    0.05428571428583717,
    0.0643589743590594,
    0.033333333333388476,
    0.03333333333342557,
    0.033333333333333354,
    0.033333333333333375,
    0.045454545454545456,
    0.03999999999999996,
    0.0,
    0.0
  ],
  "avg_auc": [
    0.8643941821844473,
    0.8918113247307586,
    0.9112900334035752,
    0.9193649034789878,
    0.9286370977510907,
    0.9333192765730818,
    0.9359904863319816,
    0.9394786037704124,
    0.9459069445826473,
    0.9465854271459115,
    0.9433810614007694,
    0.9509605042170832,
    0.9521562332419103,
    0.9504955508426093,
    0.9497997679497967,
    0.9487712365034346,
    0.9579045584045585,
    0.958184248920136,
    0.9660931881689596,
    0.9595220782574584,
    0.9606227106227105,
    0.9513376459543508,
    0.9568627450980391,
    0.9622222222222222,
    0.9577777777777777,
    0.9555555555555555,
    0.9515151515151515,
    0.9800000000000001,
    1.0,
    1.0
  ]
}