{
  "n": [
    1,
    2,
    3,
    4,
    5,
    6,
    7,
    8,
    9,
    10,
    11,
    12,
    13,
    14,
    15,
    16,
    17,
    18,
    19,
    20,
    21,
    22,
    23,
    24,
    25,
    26,
    27,
    28,
    29,
    30
  ],
  "avg_eer": [
    0.11768732289467318,
    0.09481384198015315,
    0.08440991962537665,
    0.073355642495446,
    0.06716881424512748,
    0.06315523521676308,
    0.054548058312491855,
    0.04838540179331862,
    0.039853829008548995,
    0.0313609045811733,
    0.01889309438390723,
    0.016157440989499207,
    0.01675101411762799,
    0.019090909090775477,
    0.017307692307578868,
    0.022222222222078276,
    0.016732617297837017,
    0.016464237516996,
    0.01583850931681232,
    0.01411960132892004,
    0.012955465587044501,
    0.017171717171819246,
    0.017777777777921,
    0.014583333333273893,
    0.014821428571427852,
    0.01507352941179511,
    0.015340909090924884,
    0.018037135278438636,
    0.0194444444443617,
    0.02062937062928237
  ],
  "avg_auc": [
    0.946422267048478,
    0.9609119281768042,
    0.9677889457431961,
    0.9727198620766222,
    0.9759603179136468,
    0.9784358379542596,
    0.9826762792052512,
    0.9840507922766143,
    0.9862534260341898,
    0.9887606331491549,
    0.9948812981031402,
    0.9965958862386675,
    0.9966051843849597,
    0.9957398922916164,
    0.9951624904256484,
    0.9946654217242452,
    0.9966222328388676,
    0.9951703534197813,
    0.9955528269925317,
    0.997728320564106,
    0.9980473819808999,
    0.9971353683715984,
    0.996894586894587,
    0.9973792039165602,
    0.9972883597883598,
    0.9962436061381075,
    0.9961174242424242,
    0.9950865226727295,
    0.9969444444444445,
    0.9967832167832167
  ]
}