{
  "n": [
    1,
    2,
    3,
    4,
    5,
    6,
    7,
    8,
    9,
    10
  ],
  "avg_eer": [
    0.10069831433117256,
    0.07153884546789208,
    0.055165882496549135,
    0.04548425360145183,
    0.04253207935746438,
    0.02827055577357923,
    0.028503745556094296,
    0.029956962020902804,
    0.01936189794278371,
    0.018891734260483205
  ],
  "avg_auc": [
    0.9615359894502843,
    0.9776611558296174,
    0.9847134349015816,
    0.9887633815846384,
    0.990749776387936,
    0.9936436162925599,
    0.9938426787658473,
    0.9941460646885284,
    0.9947638268771086,
    0.9951552793132438
  ]
}