{
  "n": [
    1,
    2,
    3,
    4,
    5,
    6,
    7,
    8,
    9,
    10,
    11,
    12,
    13,
    14,
    15,
    16,
    17,
    18,
    19,
    20,
    21,
    22,
    23,
    24,
    25,
    26,
    27,
    28,
    29,
    30
  ],
  "avg_eer": [
    0.12703894930201082,
    0.09995676408130758,
    0.08569617836828743,
    0.0783367097018384,
    0.07144737268137072,
    0.06588272636376256,
    0.06241936799967438,
    0.06129163368085193,
    0.0544581999353515,
    0.051852841033745115,
    0.0517058990052349,
    0.048230303580476565,
    0.0459947509780855,
    0.042868773346242894,
    0.04615982031566148,
    0.048574003977691106,
    0.04279386811719325,
    0.04028924927476971,
    0.036844572042074586,
    0.034291498426672444,
    0.03284304619328712,
    0.030468220771904732,
    0.023169895976156513,
    0.02403868150690492,
    0.019512098463975107,
    0.014899029612041198,
    0.010203894100788138,
    0.006204906204956362,
    0.007166983794859932,
    0.004251103815311518
  ],
  "avg_auc": [
    0.9418235999374464,
    0.9605640850387145,
    0.9696671228459571,
    0.975101463555949,
    0.97853797182348,
    0.9808426618506539,
    0.9826136660604942,
    0.9829952035687672,
    0.9858757209134342,
    0.9862806708748121,
    0.9861251879943058,
    0.9874679185293719,
    0.988170796976594,
    0.9882084360498142,
    0.9880987121227575,
    0.988095172365967,
    0.9895986282528828,
    0.9921620732760228,
    0.9929793986286336,
    0.99313651222858,
    0.9933188772062571,
    0.9924575202029505,
    0.9947731822501454,
    0.9940132736933208,
    0.9950860432059045,
    0.995658553125103,
    0.9970101134391539,
    0.9968486451819786,
    0.9970393810543013,
    0.9982570621113585
  ]
}