{
  "n": [
    1,
    2,
    3,
    4,
    5,
    6,
    7,
    8,
    9,
    10,
    11,
    12,
    13,
    14,
    15,
    16,
    17,
    18,
    19,
    20,
    21,
    22,
    23,
    24,
    25,
    26,
    27,
    28,
    29,
    30
  ],
  "avg_eer": [
    0.1384526303274882,
    0.1129242543611508,
    0.09643307473123801,
    0.09024835665604966,
    0.0821565587412298,
    0.08225081825979065,
    0.07262918959330897,
    0.07061881565767561,
    0.06563850296571562,
    0.0642475283905731,
    0.0654119040935924,
    0.05583930345281109,
    0.05703882668885729,
    0.0593515015401879,
    0.058060503844335386,
    0.05962049909497389,
    0.05565840661148891,
    0.0499099425851477,
    0.047506743862551576,
    0.03968235588314802,
    0.040179770991510315,
    0.0418784859529805,
    0.03251456363030527,
    0.030214567621246097,
    0.02544768475479493,
    0.02095726770455551,
    0.013062803419858576,
    0.010809510809768936,
    0.010912180030447598,
    0.008282209848650943
  ],
  "avg_auc": [
    0.9334706020733042,
    0.9529012042248972,
    0.9628944558761781,
    0.9682838711777894,
    0.9727448353900572,
    0.9752315759892328,
    0.9780023492557314,
    0.9777118806828664,
    0.9811478801516555,
    0.9813574239415107,
    0.980946252372713,
    0.9829816750419169,
    0.9840806946696763,
    0.9838316075362414,
    0.9842092515135021,
    0.9839213621204598,
    0.9860999757220827,
    0.988883691376941,
    0.9892995225838792,
    0.9895918321059265,
    0.989691361402612,
    0.9876603164755358,
    0.9909031485320472,
    0.9910003959737743,
    0.9929880969536817,
    0.9938864462127807,
    0.9957761907229322,
    0.9948808638745745,
    0.9956167119616719,
    0.9970170685369514
  ]
}