{
  "n": [
    1,
    2,
    3,
    4,
    5,
    6,
    7,
    8,
    9,
    10
  ],
  "avg_eer": [
    0.18790387494217073,
    0.15638805650721607,
    0.14227771109134255,
    0.1327773295883908,
    0.12571014525960328,
    0.12187821259220284,
    0.11593413290235474,
    0.11230187070991185,
    0.10940403141278489,
    0.10707259472086897
  ],
  "avg_auc": [
    0.8927836089147095,
    0.9175168859396895,
    0.9293182333192822,
    0.9366624244751874,
    0.9414746501378167,
    0.9453962446527856,
    0.9481716649940823,
    0.9509048127511207,
    0.952753778604606,
    0.9543986648139657
  ]
}