{
  "n": [
    1,
    2,
    3,
    4,
    5,
    6,
    7,
    8,
    9,
    10
  ],
  "avg_eer": [
    0.19123063535566381,
    0.16142768845467703,
    0.14588423518055746,
    0.13715301989305997,
    0.13057036460561078,
    0.12407825914496816,
    0.12056336784632934,
    0.11729187286164973,
    0.11308432140567744,
    0.1106474088322559
  ],
  "avg_auc": [
    0.8898266544213997,
    0.9149852625395642,
    0.927005542274041,
    0.9342267408520583,
    0.9392710325224395,
    0.9429702183232163,
    0.9459748868526726,
    0.9484542574690055,
    0.9504301751521964,
    0.9520304973715793
  ]
}