{
  "n": [
    1,
    2,
    3,
    4,
    5,
    6,
    7,
    8,
    9,
    10,
    11,
    12,
    13,
    14,
    15,
    16,
    17,
    18,
    19,
    20,
    21,
    22,
    23,
    24,
    25,
    26,
    27,
    28,
    29,
    30
  ],
  "avg_eer": [
    0.1966751422659129,
    0.16806956575327486,
    0.15423899779087247,
    0.14453271710627008,
    0.13828149484412042,
    0.13358046840210963,
    0.1290535163125292,
    0.1264873318556019,
    0.12215786180540089,
    0.11945435737509046,
    0.11829472581744357,
    0.11534825216236826,
    0.11518629836054516,
    0.11286889241600918,
    0.11272608871649502,
    0.10958924365489096,
    0.10984348387165485,
    0.10660801989537771,
    0.10761232147527296,
    0.10508597538014228,
    0.10484448081393494,
    0.10410810600442084,
    0.10496755062997855,
    0.1025967161286859,
    0.10102075887949843,
    0.10346353580283484,
    0.10064172646361916,
    0.09949027559822703,
    0.09999355236629852,
    0.09976006353379598
  ],
  "avg_auc": [
    0.8841732979456068,
    0.9093365428371848,
    0.9209713131652706,
    0.9280974387128945,
    0.933018225793416,
    0.9367402622687537,
    0.9395923530233083,
    0.9420874754420134,
    0.9441116658589177,
    0.9458021203244372,
    0.9472996440270397,
    0.9488974842901684,
    0.9498397976791549,
    0.9504852948837047,
    0.9516832448850288,
    0.9527934724341567,
    0.953571372574384,
    0.954403217934174,
    0.9545917125797877,
    0.9557064692767296,
    0.9558736714892314,
    0.9566352514451318,
    0.9569602124161642,
    0.957527724675466,
    0.9582071094732976,
    0.9582092468092842,
    0.9586147183448785,
    0.9590019053647694,
    0.9599256870494812,
    0.9597851586159961
  ]
}