{
  "n": [
    1,
    2,
    3,
    4,
    5,
    6,
    7,
    8,
    9,
    10,
    11,
    12,
    13,
    14,
    15,
    16,
    17,
    18,
    19,
    20,
    21,
    22,
    23,
    24,
    25,
    26,
    27,
    28,
    29,
    30
  ],
  "avg_eer": [
    0.07677674636126257,
    0.056467190269017954,
    0.04782277574256784,
    0.04276401016518016,
    0.03968322453640504,
    0.037056666528792366,
    0.035850568375498,
    0.033937953454713336,
    0.03236522743090625,
    0.031628814367459415,
    0.030606283464505755,
    0.030577905547973575,
    0.029150306563037114,
    0.029358884711351698,
    0.027816326816415195,
    0.027294439151041426,
    0.027099479619494816,
    0.026856045986549375,
    0.026399889800620868,
    0.026409601943032733,
    0.025543611510648805,
    0.025464618362249936,
    0.025027625499000707,
    0.025010954313683414,
    0.024488559133124258,
    0.02417321806551329,
    0.02454712238339573,
    0.023709537561278395,
    0.023576407818323906,
    0.02347314408875144
  ],
  "avg_auc": [
    0.9732316357976408,
    0.9827666149168248,
    0.9864887925248808,
    0.9884817470580236,
    0.9897538323491102,
    0.9906714114136047,
    0.991309726865618,
    0.9918340389705095,
    0.992305724207606,
    0.9926019997649298,
    0.9928913352167059,
    0.9931230086448245,
    0.993369421595521,
    0.9935465958671607,
    0.9937664690982181,
    0.9938933091919349,
    0.9940197855059199,
    0.9941859644972665,
    0.9942760990204784,
    0.9943772185948362,
    0.9944939555064345,
    0.9945578600004715,
    0.9946828022413587,
    0.9947247436367262,
    0.9948523266893144,
    0.9949161494601013,
    0.9949551820214432,
    0.9950653917849633,
    0.9951160774800636,
    0.9951591568642296
  ]
}