{
  "n": [
    1,
    2,
    3,
    4,
    5,
    6,
    7,
    8,
    9,
    10,
    11,
    12,
    13,
    14,
    15,
    16,
    17,
    18,
    19,
    20,
    21,
    22,
    23,
    24,
    25,
    26,
    27,
    28,
    29,
    30
  ],
  "avg_eer": [
    0.06486072007639336,
    0.051550750056030506,
    0.037456169336107445,
    0.02078230882820979,
    0.014589721398703853,
    0.005106088909164254,
    0.0014285714287055734,
    0.0018518518518706,
    0.0021739130434982067,
    0.004651162790517265,
    0.0,
    0.0,
    0.0,
    0.0,
    0.0,
    0.0,
    0.0,
    0.0,
    0.0,
    0.0,
    0.0,
    0.0,
    0.0,
    0.0,
    0.0,
    0.0,
    0.0,
    0.0,
    0.0,
    0.0
  ],
  "avg_auc": [
    0.9793138971785336,
    0.9891008605610173,
    0.9925191093322177,
    0.9959200707968451,
    0.997043237172285,
    0.998983016916781,
    0.9998168498168498,
    0.9997276688453158,
    0.9997491638795987,
    0.9997674418604652,
    1.0,
    1.0,
    1.0,
    1.0,
    1.0,
    1.0,
    1.0,
    1.0,
    1.0,
    1.0,
    1.0,
    1.0,
    1.0,
    1.0,
    1.0,
    1.0,
    1.0,
    1.0,
    1.0,
    1.0
  ]
}