{
  "n": [
    1,
    2,
    3,
    4,
    5,
    6,
    7,
    8,
    9,
    10,
    11,
    12,
    13,
    14,
    15,
    16,
    17,
    18,
    19,
    20,
    21,
    22,
    23,
    24,
    25,
    26,
    27,
    28,
    29,
    30
  ],
  "avg_eer": [
    0.11640749909694414,
    0.08939986350608341,
    0.07519921419232327,
    0.06735031535952991,
    0.061322763434348074,
    0.05328568115343981,
    0.05008899482687825,
    0.05337227984941195,
    0.049027858555888544,
    0.04402331220492818,
    0.03923462131955603,
    0.04115537008001151,
    0.03679281678500469,
    0.03235979366352219,
    0.030518534061824372,
    0.03205347032476681,
    0.030059588038253888,
    0.025744470251445828,
    0.026354982464992988,
    0.025348895134464172,
    0.02001903546653455,
    0.018341827550949683,
    0.02217243181582113,
    0.023893505030714923,
    0.022630868099837203,
    0.015735499219597143,
    0.011377585160979864,
    0.007873167922464527,
    0.006726806531530365,
    0.004459150488131114
  ],
  "avg_auc": [
    0.9495186219830147,
    0.9667872775576086,
    0.9749256467862063,
    0.9796668359527769,
    0.9825336865384184,
    0.9852939175747404,
    0.987312816711278,
    0.9874687627439371,
    0.9893639079604626,
    0.990212850078645,
    0.9909848241392334,
    0.9916662889612453,
    0.9920896804261019,
    0.9923120186490715,
    0.9921460369997958,
    0.991872563298904,
    0.9929148693758594,
    0.9945852597958954,
    0.9942818171718699,
    0.9952215694530271,
    0.9956332612213016,
    0.9952220155026537,
    0.994597551526321,
    0.9944400861450784,
    0.9947568968794125,
    0.9956734334675901,
    0.9971045811562039,
    0.9973407373030476,
    0.9969632189532394,
    0.998466867601809
  ]
}