{
  "n": [
    1,
    2,
    3,
    4,
    5,
    6,
    7,
    8,
    9,
    10,
    11,
    12,
    13,
    14,
    15,
    16,
    17,
    18,
    19,
    20,
    21,
    22,
    23,
    24,
    25,
    26,
    27,
    28,
    29,
    30
  ],
  "avg_eer": [
    0.10759446009988036,
    0.07942314723255528,
    0.06550285493359867,
    0.05586151482782108,
    0.05028702552957862,
    0.0447600647835937,
    0.0408640797515567,
    0.037602662309492295,
    0.03370651008243266,
    0.03694160487765837,
    0.03056462920951849,
    0.026839966343121753,
    0.02627096642249101,
    0.025727389775048088,
    0.028209584986224202,
    0.028414711161837875,
    0.02807550701992308,
    0.018946878093253777,
    0.019944485920619877,
    0.015186503715466353,
    0.014432384288419453,
    0.012219390255880402,
    0.01162873914888461,
    0.012415199833672955,
    0.010120714670998055,
    0.0077384126775826316,
    0.002878347206991587,
    0.0018839185506512597,
    0.0019450262899516804,
    0.0014043559675854553
  ],
  "avg_auc": [
    0.9553077299865127,
    0.9717411838234671,
    0.9801730019009408,
    0.9844179274380321,
    0.9870286498812751,
    0.9898482788527628,
    0.9915012423844551,
    0.9918966676649937,
    0.9938545148306075,
    0.9938146122084873,
    0.9940788546531365,
    0.9949988920491292,
    0.9955304846599221,
    0.9956791451447261,
    0.9958691380985931,
    0.995561424807698,
    0.9960995265434613,
    0.9971285905533289,
    0.9967830993738904,
    0.9975864790133537,
    0.9974962435463925,
    0.9973372587408489,
    0.9971743717434199,
    0.9970199260071274,
    0.9971085089624113,
    0.9971002163955284,
    0.9992736511641336,
    0.9993177809844477,
    0.999295943230881,
    0.9995775981954163
  ]
}