{
  "n": [
    1,
    2,
    3,
    4,
    5,
    6,
    7,
    8,
    9,
    10,
    11,
    12,
    13,
    14,
    15,
    16,
    17,
    18,
    19,
    20,
    21,
    22,
    23,
    24,
    25,
    26,
    27,
    28,
    29,
    30
  ],
  "avg_eer": [
    0.13852962440340605,
    0.1108847498764531,
    0.09210766880838366,
    0.07870665047166757,
    0.0690951630841767,
    0.06367137456538682,
    0.0532476141031209,
    0.05122992676560558,
    0.04422533237832663,
    0.038229273777225466,
    0.041659072670009345,
    0.034876600191362246,
    0.02606333703462337,
    0.02672102865096641,
    0.024892664043049156,
    0.024258169315711942,
    0.02202835443094201,
    0.018389284221642845,
    0.015402467806345499,
    0.014148205430723971,
    0.012431370723134941,
    0.011730098759839764,
    0.013291277319169159,
    0.014213170285433164,
    0.012191010262079527,
    0.014154682517976391,
    0.008891784644078313,
    0.003916598510343113,
    0.003953018236940822,
    0.0015458707415520543
  ],
  "avg_auc": [
    0.9330207387281947,
    0.9531152263607885,
    0.9656590097720759,
    0.9731091692059962,
    0.9775902046908078,
    0.9814414605093056,
    0.9851072518113803,
    0.9855255337864861,
    0.9900457346620832,
    0.9911845538565285,
    0.9922773202292576,
    0.9935095050723314,
    0.9947944604540467,
    0.9950084056510808,
    0.9950376519749909,
    0.9948780001567308,
    0.9953801480987916,
    0.996665337349657,
    0.9969687328518428,
    0.9975118072518214,
    0.9974364808704028,
    0.9966982907481985,
    0.995847662018126,
    0.9958148767837839,
    0.9971718228957875,
    0.9968537606237209,
    0.9989473409488688,
    0.9993965150628222,
    0.9993925536340609,
    0.9994098385203684
  ]
}