{
  "n": [
    1,
    2,
    3,
    4,
    5,
    6,
    7,
    8,
    9,
    10,
    11,
    12,
    13,
    14,
    15,
    16,
    17,
    18,
    19,
    20,
    21,
    22,
    23,
    24,
    25,
    26,
    27,
    28,
    29,
    30,
    31,
    32,
    33,
    34,
    35,
    36,
    37,
    38,
    39,
    40,
    41,
    42,
    43,
    44,
    45,
    46,
    47,
    48,
    49
  ],
  "avg_eer": [
    0.2025308053812614,
    0.11141699260667189,
    0.07558108835436149,
    0.052639245416516725,
    0.037715807752470756,
    0.025422487033201595,
    0.018497900005626945,
    0.014084347946695917,
    0.009138505527014298,
    0.0072325077266807035,
    0.0058562903745760665,
    0.004563442150400674,
    0.0035781187899921367,
    0.003171386821501801,
    0.001479736635991325,
    0.0014464021536426388,
    0.001544046502331,
    0.0006438657010752107,
    0.0002906354621115887,
    0.00041095636404467003,
    0.00016103059593206744,
    0.00011248593937517182,
    5.878894777288828e-05,
    0.0001226993866113994,
    0.0,
    6.644518277519312e-05,
    0.0,
    0.0,
    0.0,
    0.0,
    0.0,
    0.0,
    0.0,
    0.0,
    0.0,
    0.0,
    0.0,
    0.0,
    0.0,
    0.0,
    0.0,
    0.0,
    0.0,
    0.0,
    0.0,
    0.0,
    0.0,
    0.0,
    0.0
  ],
  "avg_auc": [
    0.8779570673044816,
    0.9447563081142508,
    0.9724974084723707,
    0.9855303583095392,
    0.9922719583035681,
    0.9954871071265234,
    0.9973381398546511,
    0.9983890916462744,
    0.9991598363788258,
    0.9994542751932901,
    0.99963691005751,
    0.9998111676294961,
    0.9998330741242416,
    0.9999310355760276,
    0.9999541350727196,
    0.9999705738103565,
    0.9999713243148968,
    0.9999803383676916,
    0.9999928345806142,
    0.9999966923231642,
    0.9999981490736113,
    0.9999959464526395,
    0.999999445387286,
    0.9999945331956509,
    1.0,
    0.9999992931363539,
    1.0,
    1.0,
    1.0,
    1.0,
    1.0,
    1.0,
    1.0,
    1.0,
    1.0,
    1.0,
    1.0,
    1.0,
    1.0,
    1.0,
    1.0,
    1.0,
    1.0,
    1.0,
    1.0,
    1.0,
    1.0,
    1.0,
    1.0
  ]
}