{
  "n": [
    1,
    2,
    3,
    4,
    5,
    6,
    7,
    8,
    9,
    10,
    11,
    12,
    13,
    14,
    15,
    16,
    17,
    18,
    19,
    20,
    21,
    22,
    23,
    24,
    25,
    26,
    27,
    28,
    29,
    30,
    31,
    32,
    33,
    34,
    35,
    36,
    37,
    38,
    39,
    40,
    41,
    42,
    43,
    44,
    45,
    46,
    47,
    48,
    49
  ],
  "avg_eer": [
    0.18473425343422567,
    0.09739671244814799,
    0.06400095760865802,
    0.040452823731728905,
    0.029152110288918613,
    0.019132933461629798,
    0.013126565414492159,
    0.00869848329670181,
    0.006760928299237938,
    0.004806542711296088,
    0.0029762735037020044,
    0.002543891427194234,
    0.0010964865176648583,
    0.0005877811366210505,
    0.00022838403747835182,
    0.0002520412880607314,
    6.43086816916615e-05,
    0.0,
    0.0,
    0.0,
    0.0,
    0.0,
    0.0,
    0.0,
    0.0,
    0.0,
    0.0,
    0.0,
    0.0,
    0.0,
    0.0,
    0.0,
    0.0,
    0.0,
    0.0,
    0.0,
    0.0,
    0.0,
    0.0,
    0.0,
    0.0,
    0.0,
    0.0,
    0.0,
    0.0,
    0.0,
    0.0,
    0.0,
    0.0
  ],
  "avg_auc": [
    0.894794341771602,
    0.9558357213533736,
    0.9800251916736886,
    0.9909177618659373,
    0.9953401436572173,
    0.9975625591986406,
    0.9987805403864011,
    0.9993597422669767,
    0.9996387862126503,
    0.9998061710418977,
    0.9999202121061017,
    0.9999442363745839,
    0.9999524739606539,
    0.9999848366758588,
    0.9999889648198887,
    0.9999967547332009,
    0.9999973928912835,
    1.0,
    1.0,
    1.0,
    1.0,
    1.0,
    1.0,
    1.0,
    1.0,
    1.0,
    1.0,
    1.0,
    1.0,
    1.0,
    1.0,
    1.0,
    1.0,
    1.0,
    1.0,
    1.0,
    1.0,
    1.0,
    1.0,
    1.0,
    1.0,
    1.0,
    1.0,
    1.0,
    1.0,
    1.0,
    1.0,
    1.0,
    1.0
  ]
}