{
  "n": [
    1,
    2,
    3,
    4,
    5,
    6,
    7,
    8,
    9,
    10
  ],
  "avg_eer": [
    0.10913694002461923,
    0.08000462759406848,
    0.06497721011449864,
    0.052674234767295394,
    0.048508825132584206,
    0.033747646140301374,
    0.03094370939819973,
    0.03193287117428586,
    0.026018017425117286,
    0.027248525508047166
  ],
  "avg_auc": [
    0.9544592399561977,
    0.9726682037611688,
    0.9801587782498515,
    0.986106003527701,
    0.9888791782408554,
    0.9918688552513139,
    0.9923949749408075,
    0.9927259678857737,
    0.9933065383376969,
    0.9944666235012619
  ]
}