{
  "n": [
    1,
    2,
    3,
    4,
    5,
    6,
    7,
    8,
    9,
    10,
    11,
    12,
    13,
    14,
    15,
    16,
    17,
    18,
    19,
    20,
    21,
    22,
    23,
    24,
    25,
    26,
    27,
    28,
    29,
    30
  ],
  "avg_eer": [
    0.1398288772821484,
    0.1204044133861811,
    0.10628289549281318,
    0.09375299864340485,
    0.08907035483852763,
    0.08336511908930035,
    0.07839534989165049,
    0.07812151753447841,
    0.06807765519375783,
    0.07213065015444105,
    0.06821641756464772,
    0.06543342753475254,
    0.06423237023727739,
    0.06159567374457172,
    0.05845243980456414,
    0.05981270752083245,
    0.056617592446189614,
    0.056843088708520825,
    0.051743720019993424,
    0.044648863965370336,
    0.043777608395545745,
    0.041571546156200435,
    0.03482291635936946,
    0.03574064649361546,
    0.02889141582108761,
    0.02693716718762636,
    0.019522922045481166,
    0.015702807182926742,
    0.01551857584194107,
    0.014504401101735856
  ],
  "avg_auc": [
    0.9314448339618009,
    0.9487318343349964,
    0.9576370032310448,
    0.9641881329730883,
    0.9677574954919095,
    0.9705710427208112,
    0.9739863363899943,
    0.9747251913404394,
    0.9785364864419506,
    0.9777872573306464,
    0.9789255391313502,
    0.981349980710236,
    0.9820568475930525,
    0.9824880294136301,
    0.983018250880939,
    0.9828209169991352,
    0.9837687892898103,
    0.9871127749647883,
    0.9873400882611738,
    0.9882920688375961,
    0.9881338508731483,
    0.9878289491457959,
    0.9901921654425434,
    0.9898523904400143,
    0.9920100907403789,
    0.992494901397888,
    0.9947172895605781,
    0.99575690527428,
    0.9964555154323864,
    0.9967256092948533
  ]
}