{
  "n": [
    1,
    2,
    3,
    4,
    5,
    6,
    7,
    8,
    9,
    10,
    11,
    12,
    13,
    14,
    15,
    16,
    17,
    18,
    19,
    20,
    21,
    22,
    23,
    24,
    25,
    26,
    27,
    28,
    29,
    30
  ],
  "avg_eer": [
    0.1351116145462205,
    0.11088846110427401,
    0.09494356251201448,
    0.08611955615225611,
    0.0780386934542558,
    0.07425476432848502,
    0.06767032737732279,
    0.06883558155743708,
    0.05643755946635913,
    0.056482712401941616,
    0.05294054611491359,
    0.05465257992783569,
    0.04722331317292312,
    0.05195917579282272,
    0.05261926817025068,
    0.0530096026210628,
    0.04621786800175677,
    0.03899421783139656,
    0.03799207869295659,
    0.030309093237819364,
    0.02928196161321146,
    0.027437351207205148,
    0.02810895919141974,
    0.02620858025108614,
    0.019382778221210102,
    0.016124090280282864,
    0.00972919699216632,
    0.008130785442712691,
    0.008128536393638646,
    0.008292150773851896
  ],
  "avg_auc": [
    0.9379559009550389,
    0.9558231249658341,
    0.9652450847228617,
    0.970546777805761,
    0.9743793282378646,
    0.9773778934192654,
    0.9795195564551973,
    0.9795100308617727,
    0.9838888001715844,
    0.9834937776943804,
    0.9843077115907513,
    0.9856965871845842,
    0.986478760401711,
    0.9861330972686565,
    0.9855555207215814,
    0.9857755233043719,
    0.987716045562698,
    0.9904860212517684,
    0.991002380948671,
    0.9921250046512684,
    0.9920475685670679,
    0.9909396260831833,
    0.9919271971289497,
    0.9918875645536644,
    0.9935163493322948,
    0.994619827017529,
    0.9972075925130335,
    0.9974024004770607,
    0.9975872979462632,
    0.9972199477832898
  ]
}