{
  "n": [
    1,
    2,
    3,
    4,
    5,
    6,
    7,
    8,
    9,
    10,
    11,
    12,
    13,
    14,
    15,
    16,
    17,
    18,
    19,
    20,
    21,
    22,
    23,
    24,
    25,
    26,
    27,
    28,
    29,
    30
  ],
  "avg_eer": [
    0.1411856207726386,
    0.11851135930721975,
    0.10461406560677915,
    0.09618400115113704,
    0.08913355036897774,
    0.0821288610404077,
    0.0844182224838712,
    0.0817683867411927,
    0.07367253587372331,
    0.07540307057531499,
    0.0710958916904909,
    0.06033226685793609,
    0.05806663762927544,
    0.05200975291508305,
    0.05309586659977757,
    0.05691588006447549,
    0.054555274571409004,
    0.05205163355755134,
    0.04064056800210647,
    0.03998898936125622,
    0.03820980904098857,
    0.037501703319570694,
    0.033269479733341586,
    0.02837616721452413,
    0.02684376507194585,
    0.02395527509760864,
    0.012244744794480324,
    0.011643740042120931,
    0.010391492774667029,
    0.010562649899713256
  ],
  "avg_auc": [
    0.9303451206850367,
    0.945861762916072,
    0.9539032735546383,
    0.9595327006214591,
    0.9628317264412074,
    0.9659482597555978,
    0.9675182223698716,
    0.9676346233967887,
    0.9714094979553145,
    0.9726115815673158,
    0.9732612391549326,
    0.9777486700511433,
    0.9783895070819739,
    0.9790661222377979,
    0.9796237308796035,
    0.9792602901133594,
    0.9806411392496942,
    0.9820988482353832,
    0.9849791844129394,
    0.9853997391748598,
    0.986108977197841,
    0.9840685413913404,
    0.9849548044238142,
    0.9855822860337602,
    0.9871307240037573,
    0.9894243998937668,
    0.9930948573173681,
    0.994860556637122,
    0.9957855391135337,
    0.9969581923704425
  ]
}