{
  "n": [
    1,
    2,
    3,
    4,
    5,
    6,
    7,
    8,
    9,
    10,
    11,
    12,
    13,
    14,
    15,
    16,
    17,
    18,
    19,
    20,
    21,
    22,
    23,
    24,
    25,
    26,
    27,
    28,
    29,
    30
  ],
  "avg_eer": [
    0.11875387413499694,
    0.0891921928987214,
    0.07375571051509554,
    0.0603937147876966,
    0.05464146022009693,
    0.056880720275238064,
    0.046478372390295314,
    0.044652592717173714,
    0.03109875876025453,
    0.02469311866435334,
    0.015936134883749297,
    0.013496911045823795,
    0.007882238681650331,
    0.00745484400671832,
    0.008076923077119075,
    0.00849673202614421,
    0.007923169267711666,
    0.0088405797102791,
    0.006046312178421434,
    0.00669197911720375,
    0.0075358851674674305,
    0.005355884425720816,
    0.005897435897367737,
    0.006226053639877253,
    0.00285714285720278,
    0.002941176470630065,
    0.0030303030303402085,
    0.0034482758621572915,
    0.003703703703738295,
    0.0038461538462122745
  ],
  "avg_auc": [
    0.9434554185349727,
    0.9663689487666863,
    0.9744091710951283,
    0.9800127636230748,
    0.9832950539224088,
    0.9852820949025107,
    0.9877375367262312,
    0.9894786914894416,
    0.9916487670027241,
    0.9935930236667188,
    0.9959343897007594,
    0.9960724771922693,
    0.9980272949616538,
    0.9981438102127758,
    0.9982901119743225,
    0.9980314347961408,
    0.9980348498924725,
    0.9983620841401162,
    0.9992004304145403,
    0.9992433385314259,
    0.9992348371849757,
    0.9995821124340096,
    0.9995299145299145,
    0.9994758407833121,
    0.9996428571428572,
    0.9994117647058823,
    0.9993939393939394,
    0.9993103448275862,
    0.9992592592592594,
    0.9992307692307693
  ]
}