{
  "n": [
    1,
    2,
    3,
    4,
    5,
    6,
    7,
    8,
    9,
    10,
    11,
    12,
    13,
    14,
    15,
    16,
    17,
    18,
    19,
    20,
    21,
    22,
    23,
    24,
    25,
    26,
    27,
    28,
    29,
    30,
    31,
    32,
    33,
    34,
    35,
    36,
    37,
    38,
    39,
    40,
    41,
    42,
    43,
    44,
    45,
    46,
    47,
    48,
    49
  ],
  "avg_eer": [
    0.4164410229744343,
    0.38972085368031906,
    0.3692087832107413,
    0.35209417599789167,
    0.33986857529567555,
    0.3234779483997926,
    0.3143190539757321,
    0.3032473639660885,
    0.2909525480997106,
    0.2904504044148418,
    0.2777619343465485,
    0.26756459091526136,
    0.2584723463038815,
    0.2542584144185119,
    0.24764515231075804,
    0.24292946943145508,
    0.2346347656930552,
    0.22687414295329672,
    0.22349263946326495,
    0.22247219557975884,
    0.21482518483425955,
    0.20598275386603065,
    0.21300430225010575,
    0.19336394581599686,
    0.1948449704142071,
    0.19095883646350506,
    0.18429684238680322,
    0.18501199558139564,
    0.18348013631217813,
    0.17515586992078863,
    0.17781657685514196,
    0.17330417906525314,
    0.16480171624014,
    0.17255705341954725,
    0.1641094601938717,
    0.15889110297866196,
    0.16493891326997046,
    0.17186781589863084,
    0.15469125424560792,
    0.1444977970706214,
    0.14675906640503564,
    0.14165106599515537,
    0.13606958720026324,
    0.1388862764812254,
    0.1384974984165779,
    0.13260756128622925,
    0.127882812174768,
    0.11792630442736243,
    0.12229601528842944
  ],
  "avg_auc": [
    0.6096395354030568,
    0.6478538054825851,
    0.6756155999276723,
    0.6977406989657966,
    0.7169578022545662,
    0.7330605216381186,
    0.7491075339808514,
    0.7612965219885891,
    0.7748406016235734,
    0.7820020054839316,
    0.792700485125829,
    0.8011337584644227,
    0.8135084568155765,
    0.8206840720496856,
    0.8262640231012544,
    0.8351507842311439,
    0.8435028602498875,
    0.8464080523330886,
    0.8533731993028029,
    0.856834859186893,
    0.8619214989503972,
    0.8654239900733491,
    0.8662724345571917,
    0.8815213041393791,
    0.8831426012294165,
    0.8872411164468834,
    0.890866805807818,
    0.8925694213075186,
    0.8952570137400546,
    0.8986940596347066,
    0.8967638696075413,
    0.90529544948746,
    0.910591899606674,
    0.907977140124075,
    0.9122765759360376,
    0.9124882883474499,
    0.9088142735137346,
    0.9074514667167929,
    0.9154507056167015,
    0.9250714983225741,
    0.9229770714991792,
    0.9283033694598843,
    0.925574889211638,
    0.9230190487433461,
    0.9279917944711691,
    0.9331050374907933,
    0.9301371765030124,
    0.939053730530814,
    0.937399357012269
  ]
}