{
  "n": [
    1,
    2,
    3,
    4,
    5,
    6,
    7,
    8,
    9,
    10,
    11,
    12,
    13,
    14,
    15,
    16,
    17,
    18,
    19,
    20,
    21,
    22,
    23,
    24,
    25,
    26,
    27,
    28,
    29,
    30,
    31,
    32,
    33,
    34,
    35,
    36,
    37,
    38,
    39,
    40,
    41,
    42,
    43,
    44,
    45,
    46,
    47,
    48,
    49
  ],
  "avg_eer": [
    0.33705720372733483,
    0.2773978028000912,
    0.24105638716191086,
    0.21115743786830063,
    0.18579594748187528,
    0.1684259492624581,
    0.14836560874598767,
    0.13489315684352624,
    0.12245683133141554,
    0.10789427408071599,
    0.09533341455737229,
    0.0924089877806637,
    0.0854510600989001,
    0.07802054579242332,
    0.0705511186516542,
    0.06575195377240506,
    0.06491303743801738,
    0.05968698331653051,
    0.056125911873365596,
    0.047832433715028065,
    0.047101584583597075,
    0.04142107479222409,
    0.03739666514224214,
    0.03895340749045306,
    0.034799922189622565,
    0.03328394740444461,
    0.03521271927394795,
    0.033046030611046426,
    0.027882269522884612,
    0.025705486129405524,
    0.02473274387896121,
    0.02294608662662911,
    0.024896431916676662,
    0.020092469743462633,
    0.01336129141577784,
    0.01767440664564836,
    0.015811182013557856,
    0.013501425626170196,
    0.012108148035480937,
    0.010836249657841428,
    0.010746232533152721,
    0.010416459289192919,
    0.011177230433507006,
    0.007962104587057888,
    0.009001724945633121,
    0.00874164779477205,
    0.008519128992374714,
    0.010530051073840212,
    0.007630653666892415
  ],
  "avg_auc": [
    0.7189020942710439,
    0.7874115095155318,
    0.8312186828727327,
    0.8624614036520575,
    0.885730890578089,
    0.9044330189949296,
    0.916982798086513,
    0.9296694320733714,
    0.9370814117199444,
    0.9492832560682007,
    0.9541476731434203,
    0.9606831445370394,
    0.9651207057000578,
    0.9690538405340178,
    0.9748551540091913,
    0.9761602083486093,
    0.9793669613560573,
    0.9799368500243052,
    0.9826396955286875,
    0.9861063254847133,
    0.9872138751388579,
    0.9882319190396988,
    0.990134018491835,
    0.9899198840463365,
    0.9921298419027957,
    0.9922867929453192,
    0.9913491727608875,
    0.9930499326756367,
    0.99391253594599,
    0.9950090538611358,
    0.9948333269345874,
    0.995648587571635,
    0.9953850049589532,
    0.9958359792249636,
    0.996721267540412,
    0.9962077153167852,
    0.9975503813363927,
    0.9972345781415568,
    0.9979807338559551,
    0.998349148560903,
    0.9983383552315782,
    0.998375352709474,
    0.9985377254953939,
    0.9983765141191612,
    0.9986842284867358,
    0.99903417983962,
    0.9988505755340981,
    0.9986725883375703,
    0.9990717609338808
  ]
}