{
  "n": [
    1,
    2,
    3,
    4,
    5,
    6,
    7,
    8,
    9,
    10,
    11,
    12,
    13,
    14,
    15,
    16,
    17,
    18,
    19,
    20,
    21,
    22,
    23,
    24,
    25,
    26,
    27,
    28,
    29,
    30,
    31,
    32,
    33,
    34,
    35,
    36,
    37,
    38,
    39,
    40,
    41,
    42,
    43,
    44,
    45,
    46,
    47,
    48,
    49
  ],
  "avg_eer": [
    0.27094647956078066,
    0.16767679871334146,
    0.10961472158549146,
    0.08503836937905895,
    0.060621851138015194,
    0.05386886603320484,
    0.041702081079514834,
    0.03581968682973068,
    0.02539884083159951,
    0.024752989987441045,
    0.01949086327456409,
    0.013780016832592907,
    0.011079199167578699,
    0.00840053317600726,
    0.00950103304284055,
    0.0050094336011448646,
    0.005034635309432982,
    0.004716924008490967,
    0.006209700789855325,
    0.003934426229429555,
    0.0030770920272701085,
    0.002888086642690835,
    0.004528301886718142,
    0.0007874015748565579,
    0.0031249999999970316,
    0.0012820512820610334,
    0.0026548672566082967,
    0.0013761467890634847,
    0.00047619047628507765,
    0.0004926108374454267,
    0.001015228426442864,
    0.0,
    0.0005405405405699116,
    0.0,
    0.0011494252874320442,
    0.0005917159764777821,
    0.0,
    0.0006250000000830994,
    0.0006410256411858372,
    0.0013157894737468128,
    0.0,
    0.0,
    0.0,
    0.0,
    0.0,
    0.0,
    0.0,
    0.0,
    0.0
  ],
  "avg_auc": [
    0.8099801474707322,
    0.90276615468388,
    0.9431243350044666,
    0.9647964892634354,
    0.9768767810853136,
    0.983968384427288,
    0.9886338348602134,
    0.9913067487987395,
    0.9937594777632544,
    0.994856565702807,
    0.9962151396816301,
    0.9974789267930875,
    0.9976949316278425,
    0.9983085771638851,
    0.9982144614170311,
    0.9993079114271783,
    0.9991283333915465,
    0.9991055712659328,
    0.999013034197462,
    0.9995327868852459,
    0.9996430154014512,
    0.9995316616255245,
    0.9997304582210242,
    0.9999403483655452,
    0.9997438524590164,
    0.9999035015164047,
    0.999896755162242,
    0.9998892755457135,
    0.9999829931972789,
    0.9999452654625068,
    0.9999219055056618,
    1.0,
    0.9999549549549549,
    1.0,
    0.9999000499750125,
    0.9999731038192576,
    1.0,
    0.9999702380952382,
    0.9999679487179488,
    0.9999342105263157,
    1.0,
    1.0,
    1.0,
    1.0,
    1.0,
    1.0,
    1.0,
    1.0,
    1.0
  ]
}