{
  "n": [
    1,
    2,
    3,
    4,
    5,
    6,
    7,
    8,
    9,
    10,
    11,
    12,
    13,
    14,
    15,
    16,
    17,
    18,
    19,
    20,
    21,
    22,
    23,
    24,
    25,
    26,
    27,
    28,
    29,
    30,
    31,
    32,
    33,
    34,
    35,
    36,
    37,
    38,
    39,
    40,
    41,
    42,
    43,
    44,
    45,
    46,
    47,
    48,
    49
  ],
  "avg_eer": [
    0.310378244641921,
    0.21226467230599472,
    0.16987874129276356,
    0.1398460219461149,
    0.12273336674354687,
    0.10464429245246257,
    0.08735870566421391,
    0.07927861136948033,
    0.06869400345713823,
    0.05164705121088953,
    0.04953443271019437,
    0.035925082807324024,
    0.04279585585520895,
    0.04244648506841913,
    0.027923389104159767,
    0.030118302079092142,
    0.02167792517147373,
    0.011942430908822663,
    0.018596451324528123,
    0.016950259948066277,
    0.01063114392785669,
    0.009591532362489632,
    0.006449933045757414,
    0.0023435504471669678,
    0.003250990812756924,
    0.0033158533224898305,
    0.0,
    0.0,
    0.0,
    0.0,
    0.0,
    0.0,
    0.0,
    0.0,
    0.0,
    0.0,
    0.0,
    0.0,
    0.0,
    0.0,
    0.0,
    0.0,
    0.0,
    0.0,
    0.0,
    0.0,
    0.0,
    0.0,
    0.0
  ],
  "avg_auc": [
    0.7540072247428197,
    0.8467965870816828,
    0.8952748389099299,
    0.9214803056206605,
    0.941235114859772,
    0.9551946133469308,
    0.9653182312148468,
    0.9713938406739036,
    0.977073095104859,
    0.9831922097336576,
    0.9876522160002598,
    0.9888879544909599,
    0.9903915629663809,
    0.9913952557397234,
    0.9954002287464275,
    0.9952576064574412,
    0.995933802531898,
    0.9981818368074713,
    0.997497876855126,
    0.9976624450875173,
    0.9984556476445124,
    0.9989266078963439,
    0.9992959643147378,
    0.9997828863346105,
    0.9996191001621331,
    0.9994996819488755,
    1.0,
    1.0,
    1.0,
    1.0,
    1.0,
    1.0,
    1.0,
    1.0,
    1.0,
    1.0,
    1.0,
    1.0,
    1.0,
    1.0,
    1.0,
    1.0,
    1.0,
    1.0,
    1.0,
    1.0,
    1.0,
    1.0,
    1.0
  ]
}