{
  "n": [
    1,
    2,
    3,
    4,
    5,
    6,
    7,
    8,
    9,
    10,
    11,
    12,
    13,
    14,
    15,
    16,
    17,
    18,
    19,
    20,
    21,
    22,
    23,
    24,
    25,
    26,
    27,
    28,
    29,
    30,
    31,
    32,
    33,
    34,
    35,
    36,
    37,
    38,
    39,
    40,
    41,
    42,
    43,
    44,
    45,
    46,
    47,
    48,
    49
  ],
  "avg_eer": [
    0.3238218256661621,
    0.2586718677662944,
    0.21340866546330975,
    0.19112317563980652,
    0.16075836030673654,
    0.14461123496021183,
    0.13887564851086964,
    0.1246726772539618,
    0.1047250575968949,
    0.10878738894470093,
    0.07997777657012692,
    0.07669130677289003,
    0.0735461070176276,
    0.0656110686453341,
    0.06029298826360816,
    0.05760209968658878,
    0.05242243606512583,
    0.05459521445146356,
    0.056402567340247144,
    0.05003183712272078,
    0.047733502733708515,
    0.05461415792284001,
    0.05457517549853458,
    0.031630088181188155,
    0.051666666666668803,
    0.04465116279078961,
    0.030921568627572248,
    0.025897435897564824,
    0.053580651027637316,
    0.03779377013982331,
    0.028345959596134958,
    0.027623200443089156,
    0.021545827633593827,
    0.017499167499307123,
    0.018596491228191445,
    0.028628599147919497,
    0.01217261904786405,
    0.01730158730177427,
    0.008917748917870187,
    0.011513157894858113,
    0.00625000000012127,
    0.0032258064517713,
    0.010000000000192485,
    0.006451612903347076,
    0.006896551724426751,
    1.2126966097980584e-13,
    1.2126966097980584e-13,
    0.003703703703835754,
    0.013809523809645077
  ],
  "avg_auc": [
    0.7304041140539816,
    0.7999337984238819,
    0.8429915944841241,
    0.8699794292327855,
    0.8988249876578893,
    0.9057939599737619,
    0.9236129289718317,
    0.9301362032639618,
    0.9406169414423251,
    0.945873866019418,
    0.9558937494798038,
    0.9643552165586623,
    0.9605067831844651,
    0.9639549651751661,
    0.9690197567187504,
    0.9713511876593603,
    0.9768386074992769,
    0.9734866358521976,
    0.9750979845063025,
    0.9708125643290655,
    0.9748193521958962,
    0.9764503360409392,
    0.9754553330766269,
    0.9847951517880595,
    0.9798652659069326,
    0.981946972250309,
    0.9864252645502646,
    0.9897506951466127,
    0.9770604395604396,
    0.9817340881272949,
    0.9866147741147742,
    0.9851577604726101,
    0.9861182934712346,
    0.9913152198678514,
    0.9914646263910971,
    0.9853209514499837,
    0.9929489087301586,
    0.9926506331699347,
    0.9935361681329423,
    0.9929166666666667,
    0.9951612903225806,
    0.9967741935483871,
    0.99,
    0.9965517241379309,
    0.993103448275862,
    1.0,
    1.0,
    0.9962962962962962,
    0.9947649572649573
  ]
}