{
  "n": [
    1,
    2,
    3,
    4,
    5,
    6,
    7,
    8,
    9,
    10,
    11,
    12,
    13,
    14,
    15,
    16,
    17,
    18,
    19,
    20,
    21,
    22,
    23,
    24,
    25,
    26,
    27,
    28,
    29,
    30,
    31,
    32,
    33,
    34,
    35,
    36,
    37,
    38,
    39,
    40,
    41,
    42,
    43,
    44,
    45,
    46,
    47,
    48,
    49
  ],
  "avg_eer": [
    0.25187061655221654,
    0.1602778043563702,
    0.11256515848937212,
    0.0827267928158257,
    0.06513471044979022,
    0.048555574467456175,
    0.04047516757154164,
    0.030177797688621992,
    0.02404948759007903,
    0.019758639321605712,
    0.014604180566067984,
    0.010630094722975558,
    0.009619365549189417,
    0.0077611130637616375,
    0.0068777782478219905,
    0.006400201281300614,
    0.005208103764954242,
    0.003915385736703582,
    0.0028374202928824945,
    0.001598258915606195,
    0.002292848434637456,
    0.0014185747668892016,
    0.0018330254025492542,
    0.002135806066926754,
    0.0004910678669948215,
    0.00010672358601029259,
    0.0004434589799359072,
    0.00021436227233769998,
    0.000595238095153512,
    0.00036945812813094685,
    0.000934579439251729,
    0.0009615384615377189,
    0.0009900990099000835,
    0.00041899441340898034,
    0.0,
    0.0,
    0.0,
    0.0,
    0.0,
    0.0,
    0.0,
    0.0,
    0.0,
    0.0,
    0.0,
    0.0,
    0.0,
    0.0,
    0.0
  ],
  "avg_auc": [
    0.8296696605577296,
    0.911927319820362,
    0.9497215516292214,
    0.9701968515491155,
    0.9805302475194557,
    0.9876082560156718,
    0.9916904277254837,
    0.9943110056723059,
    0.9963823133346471,
    0.9976517979669166,
    0.9981672770521467,
    0.998923922850161,
    0.9990811330299791,
    0.9995820385678117,
    0.9994792399485997,
    0.9997087668700967,
    0.999625554883605,
    0.9998831434493292,
    0.9998977140234722,
    0.9999363418949938,
    0.9998181010779221,
    0.9998915728500146,
    0.9999366457090844,
    0.9999648711686582,
    0.9999922169257467,
    0.9999983324439701,
    0.9999936906242677,
    0.9999961721022814,
    0.9999948240165631,
    0.9999966715483957,
    0.999982164514518,
    0.9999886283230566,
    0.9999839008291073,
    0.999995724546802,
    1.0,
    1.0,
    1.0,
    1.0,
    1.0,
    1.0,
    1.0,
    1.0,
    1.0,
    1.0,
    1.0,
    1.0,
    1.0,
    1.0,
    1.0
  ]
}