{
  "n": [
    1,
    2,
    3,
    4,
    5,
    6,
    7,
    8,
    9,
    10,
    11,
    12,
    13,
    14,
    15,
    16,
    17,
    18,
    19,
    20,
    21,
    22,
    23,
    24,
    25,
    26,
    27,
    28,
    29,
    30
  ],
  "avg_eer": [
    0.08374126961477826,
    0.05403356775364817,
    0.04319246367566377,
    0.033640064281897815,
    0.029024792641932175,
    0.02379655308060943,
    0.019686265640180844,
    0.019068932307917837,
    0.01566371165804199,
    0.01590727704030937,
    0.010814190907241407,
    0.01185118781321318,
    0.01264447628886991,
    0.014177960013444953,
    0.015297321610776234,
    0.013522438032417258,
    0.011502888235366712,
    0.00919747068732281,
    0.00751973643225084,
    0.005987978832197549,
    0.0027935479157037437,
    0.0027922397980011462,
    0.0024098336794660387,
    0.003614845409549275,
    0.0024801353932144945,
    0.0020356631525101686,
    0.0005649717514615109,
    0.0006172839506344441,
    0.0,
    0.0
  ],
  "avg_auc": [
    0.9719215806093885,
    0.9853677280960869,
    0.9908245938160896,
    0.9935576602752156,
    0.9952913249758616,
    0.9964008462991583,
    0.9969535222037946,
    0.9971215402735268,
    0.9979119551898258,
    0.9981040502004298,
    0.998257990454902,
    0.9983068953976204,
    0.9986157799245774,
    0.9985019500800156,
    0.9985909166560732,
    0.998471047327407,
    0.9986385268491802,
    0.9987775559129993,
    0.9989395740619079,
    0.9991311156298718,
    0.9992400021581206,
    0.9989830681871895,
    0.9991540420744294,
    0.9988866350846978,
    0.9991861698391228,
    0.9991103735519978,
    0.9998116760828626,
    0.9996913580246914,
    1.0,
    1.0
  ]
}