{
  "n": [
    1,
    2,
    3,
    4,
    5,
    6,
    7,
    8,
    9,
    10,
    11,
    12,
    13,
    14,
    15,
    16,
    17,
    18,
    19,
    20,
    21,
    22,
    23,
    24,
    25,
    26,
    27,
    28,
    29,
    30
  ],
  "avg_eer": [
    0.12433063738024323,
    0.10130684005744987,
    0.0894810133370069,
    0.0773439021532991,
    0.0744582027599954,
    0.06666272540601906,
    0.06352161756539926,
    0.05798531652456078,
    0.05328602444774311,
    0.05315281896606931,
    0.04828037713295418,
    0.04146258774330173,
    0.04441920401020304,
    0.04635181763519368,
    0.04672471934071431,
    0.04550689270615005,
    0.04063169085101383,
    0.03760428569407241,
    0.03681204148156347,
    0.032352786383336,
    0.03168356055235475,
    0.027783726738425406,
    0.02281001846879323,
    0.022822643020722587,
    0.020051077624271236,
    0.017459452774978377,
    0.011639891408760655,
    0.006207780107172789,
    0.005145497689527409,
    0.004138127853902804
  ],
  "avg_auc": [
    0.9432492736620184,
    0.960250304642727,
    0.9683181106425092,
    0.9741208727919135,
    0.9772409631470369,
    0.9797161163065764,
    0.9824101298097234,
    0.9829257242495844,
    0.9852734658739493,
    0.9855616569096298,
    0.9865252894545031,
    0.9882494168109346,
    0.9883242840807883,
    0.9882459784160396,
    0.9886540683955862,
    0.9884447187075098,
    0.9898934219893665,
    0.9914821556451834,
    0.9919373793152252,
    0.9924142758387664,
    0.9923988536362588,
    0.9917371013280809,
    0.9936232642816579,
    0.993418967752231,
    0.9945126647904802,
    0.9955068954032873,
    0.997404600365007,
    0.9974458735465024,
    0.9983350216708529,
    0.9988892694063928
  ]
}