{
    "n": [
      1,
      2,
      3,
      4,
      5,
      6,
      7,
      8,
      9,
      10,
      11,
      12,
      13,
      14,
      15
    ],
    "avg_eer": [
      0.17263801306474538,
      0.12126391997779835,
      0.1006394291347394,
      0.07881197877351788,
      0.06975910997794753,
      0.055635153620197816,
      0.05340266788582042,
      0.04679812238844791,
      0.04079685747369748,
      0.037125660393412266,
      0.035510786825471354,
      0.038400006679853715,
      0.025717681255522894,
      0.02492521353502164,
      0.02430157430157509
    ],
    "avg_auc": [
      0.9083877141521821,
      0.9462060421261256,
      0.9627584438797141,
      0.9740374447111753,
      0.9785299117620152,
      0.9837261055577906,
      0.985827931062261,
      0.9882789462746204,
      0.9902862850835078,
      0.9926594243187106,
      0.9938768496919804,
      0.9941219894261055,
      0.9964881604771947,
      0.9964426923928859,
      0.9960084880772693
    ]
  }