{
  "n": [
    1,
    2,
    3,
    4,
    5,
    6,
    7,
    8,
    9,
    10,
    11,
    12,
    13,
    14,
    15,
    16,
    17,
    18,
    19,
    20,
    21,
    22,
    23,
    24,
    25,
    26,
    27,
    28,
    29,
    30,
    31,
    32,
    33,
    34,
    35,
    36,
    37,
    38,
    39,
    40,
    41,
    42,
    43,
    44,
    45,
    46,
    47,
    48,
    49
  ],
  "avg_eer": [
    0.24240903620276325,
    0.15245605081644492,
    0.10876805412826773,
    0.08346206677390132,
    0.06494191520872561,
    0.04907199572936831,
    0.0365869783354225,
    0.030740500145784617,
    0.022830908585004136,
    0.020453725087853307,
    0.016117627190657655,
    0.011865337948940933,
    0.009947759383705141,
    0.009225864202502796,
    0.00629583404378387,
    0.0064543467916301864,
    0.005010779117709539,
    0.0030213426484381224,
    0.0031902098509686574,
    0.002502829948691134,
    0.0025278931771756147,
    0.0019050704221529624,
    0.0008369118563262692,
    0.00019863545342635146,
    0.0006176707840180115,
    0.0007876167990433062,
    0.0004461577675426944,
    0.0003849114704496833,
    0.00023923444983912925,
    0.0,
    0.0001705029838132156,
    0.0,
    0.0,
    0.0,
    9.624639086124035e-05,
    0.0,
    0.0,
    0.0,
    0.0,
    0.0,
    0.0,
    0.0,
    0.0,
    0.0,
    0.0,
    0.0,
    0.0,
    0.0,
    0.0
  ],
  "avg_auc": [
    0.8347032278122766,
    0.9127068515159055,
    0.9494924842011523,
    0.9691673929891108,
    0.9805930170580506,
    0.9876652939562259,
    0.9919076699110395,
    0.9944438846443902,
    0.9967199275852823,
    0.9973532122449621,
    0.9981771043040755,
    0.9989273822214664,
    0.9990942042562537,
    0.9994692529168099,
    0.9996822275349835,
    0.9996341390575989,
    0.999807525428621,
    0.9998812364779475,
    0.999902193398681,
    0.9999328749079069,
    0.9999369376267626,
    0.9999602514000513,
    0.9999896854554947,
    0.9999965762516663,
    0.9999917795619606,
    0.999985966651052,
    0.9999944865159793,
    0.99999493537539,
    0.9999967671020302,
    1.0,
    0.9999975289422638,
    1.0,
    1.0,
    1.0,
    0.9999984221903155,
    1.0,
    1.0,
    1.0,
    1.0,
    1.0,
    1.0,
    1.0,
    1.0,
    1.0,
    1.0,
    1.0,
    1.0,
    1.0,
    1.0
  ]
}