{
  "n": [
    1,
    2,
    3,
    4,
    5,
    6,
    7,
    8,
    9,
    10,
    11,
    12,
    13,
    14,
    15,
    16,
    17,
    18,
    19,
    20,
    21,
    22,
    23,
    24,
    25,
    26,
    27,
    28,
    29,
    30,
    31,
    32,
    33,
    34,
    35,
    36,
    37,
    38,
    39,
    40,
    41,
    42,
    43,
    44,
    45,
    46,
    47,
    48,
    49
  ],
  "avg_eer": [
    0.21875922636711018,
    0.12497370689268975,
    0.07587601436040226,
    0.05392609484380162,
    0.04001060207400513,
    0.031376498361533486,
    0.020458587280407114,
    0.013460277680871727,
    0.012382154119518535,
    0.008656831345135046,
    0.0071752368010983905,
    0.002899234068701738,
    0.0022587667816181497,
    0.0004614352927106072,
    0.0018181818181818201,
    0.0019607843137218976,
    0.0008930422167119448,
    0.0,
    0.0,
    0.0,
    0.0,
    0.0,
    0.0,
    0.0,
    0.0,
    0.0,
    0.0,
    0.0,
    0.0,
    0.0,
    0.0,
    0.0,
    0.0,
    0.0,
    0.0,
    0.0,
    0.0,
    0.0,
    0.0,
    0.0,
    0.0,
    0.0,
    0.0,
    0.0,
    0.0,
    0.0,
    0.0,
    0.0,
    0.0
  ],
  "avg_auc": [
    0.8563261835213728,
    0.9339439384306131,
    0.9682165357910325,
    0.9821201002275783,
    0.990317960233876,
    0.9938123763286683,
    0.9968605926594563,
    0.9974827160400516,
    0.9987658504351975,
    0.9993489571602947,
    0.9996312570637652,
    0.9997755963991825,
    0.9998823493533887,
    0.9999799543105485,
    0.9999266862170089,
    0.9999213438957245,
    0.9999754931596765,
    1.0,
    1.0,
    1.0,
    1.0,
    1.0,
    1.0,
    1.0,
    1.0,
    1.0,
    1.0,
    1.0,
    1.0,
    1.0,
    1.0,
    1.0,
    1.0,
    1.0,
    1.0,
    1.0,
    1.0,
    1.0,
    1.0,
    1.0,
    1.0,
    1.0,
    1.0,
    1.0,
    1.0,
    1.0,
    1.0,
    1.0,
    1.0
  ]
}