{
  "n": [
    1,
    2,
    3,
    4,
    5,
    6,
    7,
    8,
    9,
    10,
    11,
    12,
    13,
    14,
    15,
    16,
    17,
    18,
    19,
    20,
    21,
    22,
    23,
    24,
    25,
    26,
    27,
    28,
    29,
    30,
    31,
    32,
    33,
    34,
    35,
    36,
    37,
    38,
    39,
    40,
    41,
    42,
    43,
    44,
    45,
    46,
    47,
    48,
    49
  ],
  "avg_eer": [
    0.23552385631075645,
    0.1528491297359352,
    0.11302059325561373,
    0.09059555097512352,
    0.0732125566279937,
    0.06193098790417689,
    0.04843648692165045,
    0.0434729683759444,
    0.04529471315332051,
    0.04046845910410731,
    0.029777017207936313,
    0.024967709306022424,
    0.03251126204576634,
    0.026022118026000164,
    0.01780755209868684,
    0.014374894193528161,
    0.015438036539990041,
    0.0042124542125037984,
    0.005833932770842868,
    0.0020387890257517445,
    0.0034722222222711508,
    0.002229084783909354,
    0.0030534351145930652,
    0.004761904761921068,
    0.0016528925620049844,
    0.002586206896566134,
    0.0,
    0.0009259259260082483,
    0.0,
    0.0,
    0.0,
    0.0,
    0.0,
    0.0,
    0.0011627906978545256,
    0.0,
    0.0,
    0.0,
    0.0,
    0.0,
    0.0,
    0.0,
    0.0,
    0.0,
    0.0,
    0.0,
    0.0,
    0.0,
    0.0
  ],
  "avg_auc": [
    0.8253699906371773,
    0.903128218968144,
    0.9370332784856406,
    0.9566189254897276,
    0.9664783740565175,
    0.9722589219273615,
    0.976798877539814,
    0.9786163043105598,
    0.98217495308661,
    0.9851571757194891,
    0.9874866703562126,
    0.9931315218529211,
    0.9912063806351163,
    0.9944168273039548,
    0.996879143550698,
    0.9960261245065715,
    0.9956775010145448,
    0.9991941391941392,
    0.9990572156635986,
    0.9993361438917383,
    0.9990451388888889,
    0.9996749953209807,
    0.9993456924754636,
    0.9988662131519274,
    0.9996458087367179,
    0.9995689655172413,
    1.0,
    0.9998456790123458,
    1.0,
    1.0,
    1.0,
    1.0,
    1.0,
    1.0,
    0.9997674418604652,
    1.0,
    1.0,
    1.0,
    1.0,
    1.0,
    1.0,
    1.0,
    1.0,
    1.0,
    1.0,
    1.0,
    1.0,
    1.0,
    1.0
  ]
}