{
  "n": [
    1,
    2,
    3,
    4,
    5,
    6,
    7,
    8,
    9,
    10,
    11,
    12,
    13,
    14,
    15,
    16,
    17,
    18,
    19,
    20,
    21,
    22,
    23,
    24,
    25,
    26,
    27,
    28,
    29,
    30,
    31,
    32,
    33,
    34,
    35,
    36,
    37,
    38,
    39,
    40,
    41,
    42,
    43,
    44,
    45,
    46,
    47,
    48,
    49
  ],
  "avg_eer": [
    0.294750531252992,
    0.2467735297058446,
    0.19625216977908633,
    0.17166716088220688,
    0.1649614933905853,
    0.14085242512056248,
    0.11340053526031504,
    0.11746208874464872,
    0.09261762006723133,
    0.09387111697844742,
    0.08859697233468347,
    0.07415193581676814,
    0.07611784225973096,
    0.0640429219536823,
    0.07047987616121579,
    0.05427556644220048,
    0.05341551080333688,
    0.05105700750862176,
    0.04691023535836307,
    0.04403508771937824,
    0.05127441244629116,
    0.033423983423916684,
    0.03421049188911539,
    0.022333994097387205,
    0.030883838383971535,
    0.026283137152873358,
    0.015430622009803038,
    0.016388888889119234,
    0.017628205128251133,
    0.01513157894744451,
    0.02702020202015961,
    0.01223214285720325,
    0.015844402277026246,
    0.01636363636371314,
    0.003448275862166775,
    0.007142857142938443,
    0.011111111111074799,
    0.018148148148086685,
    0.011538461538447271,
    0.01157142857174084,
    0.00800000000003814,
    0.004166666666688209,
    0.008695652173925813,
    0.010714285714285714,
    0.009090909090956101,
    0.013636363636236487,
    0.0,
    0.0,
    0.005000000000117714
  ],
  "avg_auc": [
    0.7550441346941331,
    0.8146927832434768,
    0.8590517093575212,
    0.8849239347768627,
    0.8957766645072665,
    0.9113745084349864,
    0.931173245298227,
    0.9371056474180557,
    0.9442704907873326,
    0.9466716310476514,
    0.9534682632867548,
    0.9563911695681394,
    0.9590291489619723,
    0.9658949858558502,
    0.9666066804033135,
    0.973510735609308,
    0.9744883412607294,
    0.9790457033332366,
    0.9816474218629392,
    0.9807524939800482,
    0.9832685222601641,
    0.9888409363047044,
    0.9876142310070882,
    0.9902926963569886,
    0.9863285291943829,
    0.9915459661111836,
    0.9907097288676237,
    0.9941666666666666,
    0.9937912087912087,
    0.9956656346749225,
    0.9902777777777777,
    0.9957142857142858,
    0.9960388994307401,
    0.9932178932178932,
    0.9985221674876847,
    0.9982142857142857,
    0.9969135802469136,
    0.992962962962963,
    0.9961538461538462,
    0.9949523809523809,
    0.9960000000000001,
    0.9983333333333333,
    0.9982608695652175,
    0.9978260869565216,
    0.9963636363636363,
    0.9972727272727273,
    1.0,
    1.0,
    0.999
  ]
}