{
  "n": [
    1,
    2,
    3,
    4,
    5,
    6,
    7,
    8,
    9,
    10,
    11,
    12,
    13,
    14,
    15,
    16,
    17,
    18,
    19,
    20,
    21,
    22,
    23,
    24,
    25,
    26,
    27,
    28,
    29,
    30,
    31,
    32,
    33,
    34,
    35,
    36,
    37,
    38,
    39,
    40,
    41,
    42,
    43,
    44,
    45,
    46,
    47,
    48,
    49
  ],
  "avg_eer": [
    0.23157302191452941,
    0.13977041761682052,
    0.09578513938986373,
    0.07202829665167455,
    0.054429055784863345,
    0.03872302736647171,
    0.032431597124447195,
    0.025269014888561238,
    0.018713665280580247,
    0.015335163921036895,
    0.010678301314037358,
    0.009594125458065357,
    0.0061762209351717634,
    0.006775095652448547,
    0.005693440747613308,
    0.005145794888797912,
    0.0032847690942107224,
    0.001532370693710142,
    0.002442484612921691,
    0.0021050544294390497,
    0.0002590037371987985,
    0.0005405625764638808,
    0.0004810345886264021,
    9.784735815343096e-05,
    0.00030844456421137993,
    0.0008592910849961174,
    0.00011160714288118746,
    0.00011574074074279612,
    0.0002395209581058988,
    0.0,
    0.0,
    0.0,
    0.00013642564816269113,
    0.00014044943827718528,
    0.0,
    0.0001488095238872975,
    0.0,
    0.0,
    0.0,
    0.0,
    0.0,
    0.0,
    0.0,
    0.0,
    0.0,
    0.0,
    0.0,
    0.0,
    0.0
  ],
  "avg_auc": [
    0.8461788674386834,
    0.923253707200983,
    0.9569435950541962,
    0.9745591575323242,
    0.9847719512066847,
    0.9905487862519953,
    0.9940271896429973,
    0.9958221962424997,
    0.9975347539817008,
    0.9979239264067677,
    0.9987786497576877,
    0.9992255688997632,
    0.9993179628685894,
    0.9995681434751671,
    0.9997038935386714,
    0.9997276466588865,
    0.9998196903826972,
    0.999868022332157,
    0.9998882922829303,
    0.9999045371952594,
    0.9999931147218358,
    0.9999557757135393,
    0.9999795721011757,
    0.9999937544239497,
    0.9999919118207078,
    0.9999846555163419,
    0.9999979332010582,
    0.9999955484330485,
    0.9999880239520959,
    1.0,
    1.0,
    1.0,
    0.9999937988341809,
    0.9999934674679907,
    1.0,
    0.9999962797619049,
    1.0,
    1.0,
    1.0,
    1.0,
    1.0,
    1.0,
    1.0,
    1.0,
    1.0,
    1.0,
    1.0,
    1.0,
    1.0
  ]
}