{
  "n": [
    1,
    2,
    3,
    4,
    5,
    6,
    7,
    8,
    9,
    10,
    11,
    12,
    13,
    14,
    15,
    16,
    17,
    18,
    19,
    20,
    21,
    22,
    23,
    24,
    25,
    26,
    27,
    28,
    29,
    30,
    31,
    32,
    33,
    34,
    35,
    36,
    37,
    38,
    39,
    40,
    41,
    42,
    43,
    44,
    45,
    46,
    47,
    48,
    49
  ],
  "avg_eer": [
    0.24387245452423573,
    0.14879796157169545,
    0.09932921041346449,
    0.07444496982008104,
    0.05517168738355628,
    0.04012855079780764,
    0.029410449367831593,
    0.02357861188656834,
    0.01816076279966331,
    0.012616133444271482,
    0.00958236190369291,
    0.008396541790672854,
    0.0063965201937329266,
    0.004926685254011917,
    0.0049567423200595,
    0.0036337881557309964,
    0.001312751261339752,
    0.0009282583598090831,
    0.001902114572171911,
    0.0006749038066557331,
    0.000880156789137625,
    0.00019193857972150697,
    0.00019011406852332549,
    0.00020000000003056765,
    0.0,
    0.0,
    0.00022321428571688614,
    0.0,
    0.00023980815363837545,
    0.0,
    0.0,
    0.0,
    0.0,
    0.0,
    0.0,
    0.0,
    0.0,
    0.0,
    0.0,
    0.0,
    0.0,
    0.0,
    0.0,
    0.0,
    0.0,
    0.0,
    0.0,
    0.0,
    0.0
  ],
  "avg_auc": [
    0.8307874651515188,
    0.9147907155832575,
    0.9525730938634798,
    0.972118681061988,
    0.9831263692212195,
    0.9897873109800015,
    0.9934894679134144,
    0.995970006976328,
    0.9972092388728248,
    0.998086953816882,
    0.9990781594993325,
    0.9990883475918502,
    0.9996002752668028,
    0.9997434278195912,
    0.999795629455809,
    0.9998156116347579,
    0.9999376162643732,
    0.99992016261664,
    0.999946260457859,
    0.9999802454422809,
    0.9999669236307556,
    0.9999969042164573,
    0.9999938672881148,
    0.9999823529411765,
    1.0,
    1.0,
    0.9999914148351647,
    1.0,
    0.999990007993605,
    1.0,
    1.0,
    1.0,
    1.0,
    1.0,
    1.0,
    1.0,
    1.0,
    1.0,
    1.0,
    1.0,
    1.0,
    1.0,
    1.0,
    1.0,
    1.0,
    1.0,
    1.0,
    1.0,
    1.0
  ]
}