timestamp,event,x,y,user,screen_width,screen_height
1490159255473,Mouse Moved,573.0,538.0,User8,1134.0,629.0
1490159255490,Mouse Moved,539.0,538.0,User8,,
1490159255490,Mouse Moved,491.0,528.0,User8,,
1490159255506,Mouse Moved,450.0,517.0,User8,,
1490159255520,Mouse Moved,406.0,502.0,User8,,
1490159255552,Mouse Moved,364.0,478.0,User8,,
1490159255552,Mouse Moved,332.0,461.0,User8,,
1490159255552,Mouse Moved,314.0,444.0,User8,,
1490159255568,Mouse Moved,298.0,434.0,User8,,
1490159255568,Mouse Moved,289.0,428.0,User8,,
1490159255584,Mouse Moved,285.0,425.0,User8,,
1490159255584,Mouse Moved,283.0,424.0,User8,,
1490159255598,Mouse Moved,283.0,423.0,User8,,
1490159255598,Mouse Moved,283.0,420.0,User8,,
1490159255770,Mouse Moved,283.0,419.0,User8,,
1490159255786,Mouse Moved,284.0,418.0,User8,,
1490159255802,Mouse Moved,285.0,418.0,User8,,
1490159255802,Mouse Moved,291.0,417.0,User8,,
1490159255818,Mouse Moved,301.0,409.0,User8,,
1490159255848,Mouse Moved,318.0,394.0,User8,,
1490159255848,Mouse Moved,339.0,375.0,User8,,
1490159255848,Mouse Moved,366.0,356.0,User8,,
1490159255895,Mouse Moved,429.0,322.0,User8,,
1490159255911,Mouse Moved,439.0,315.0,User8,,
1490159255941,Mouse Moved,446.0,312.0,User8,,
1490159255957,Mouse Moved,451.0,307.0,User8,,
1490159255957,Mouse Moved,454.0,306.0,User8,,
1490159256144,Mouse Moved,454.0,307.0,User8,,
1490159256176,Mouse Moved,454.0,308.0,User8,,
1490159256894,Mouse Moved,454.0,308.0,User8,,
1490159256894,Mouse Button.left Pressed,454.0,308.0,User8,,
1490159257003,Mouse Moved,454.0,308.0,User8,,
1490159257019,Mouse Button.left Released,454.0,308.0,User8,,
1490159257579,Mouse Moved,451.0,307.0,User8,,
1490159257611,Mouse Moved,450.0,306.0,User8,,
1490159257877,Mouse Moved,447.0,306.0,User8,,
1490159258157,Mouse Moved,445.0,307.0,User8,,
1490159258157,Mouse Moved,439.0,310.0,User8,,
1490159258157,Mouse Moved,434.0,316.0,User8,,
1490159258157,Mouse Moved,424.0,326.0,User8,,
1490159258157,Mouse Moved,412.0,344.0,User8,,
1490159258157,Mouse Moved,395.0,371.0,User8,,
1490159258173,Mouse Moved,373.0,408.0,User8,,
1490159258188,Mouse Moved,359.0,442.0,User8,,
1490159258282,Mouse Moved,349.0,472.0,User8,,
1490159258313,Mouse Moved,338.0,515.0,User8,,
1490159258391,Mouse Moved,337.0,529.0,User8,,
1490159258407,Mouse Moved,337.0,540.0,User8,,
1490159258423,Mouse Moved,337.0,548.0,User8,,
1490159258453,Mouse Moved,337.0,555.0,User8,,
1490159258532,Mouse Moved,338.0,560.0,User8,,
1490159258532,Mouse Moved,338.0,561.0,User8,,
1490159258609,Mouse Moved,338.0,563.0,User8,,
1490159258625,Mouse Moved,338.0,565.0,User8,,
1490159258657,Mouse Moved,340.0,569.0,User8,,
1490159258750,Mouse Moved,343.0,570.0,User8,,
1490159258766,Mouse Moved,349.0,573.0,User8,,
1490159258766,Mouse Moved,353.0,574.0,User8,,
1490159258766,Mouse Moved,363.0,575.0,User8,,
1490159258782,Mouse Moved,367.0,576.0,User8,,
1490159258796,Mouse Moved,373.0,577.0,User8,,
1490159258812,Mouse Moved,375.0,577.0,User8,,
1490159258844,Mouse Moved,376.0,577.0,User8,,
1490159258859,Mouse Moved,377.0,577.0,User8,,
1490159258859,Mouse Moved,379.0,577.0,User8,,
1490159258859,Mouse Moved,381.0,578.0,User8,,
1490159258891,Mouse Moved,383.0,579.0,User8,,
1490159258905,Mouse Moved,385.0,579.0,User8,,
1490159258921,Mouse Moved,386.0,579.0,User8,,
1490159258921,Mouse Moved,388.0,581.0,User8,,
1490159258969,Mouse Moved,390.0,581.0,User8,,
1490159259016,Mouse Moved,392.0,583.0,User8,,
1490159259016,Mouse Moved,393.0,585.0,User8,,
1490159259030,Mouse Moved,395.0,587.0,User8,,
1490159259046,Mouse Moved,396.0,587.0,User8,,
1490159259062,Mouse Moved,398.0,588.0,User8,,
1490159259078,Mouse Moved,398.0,589.0,User8,,
1490159259094,Mouse Moved,399.0,589.0,User8,,
1490159259094,Mouse Moved,400.0,590.0,User8,,
1490159259108,Mouse Moved,400.0,591.0,User8,,
1490159259108,Mouse Moved,401.0,591.0,User8,,
1490159259108,Mouse Moved,402.0,592.0,User8,,
1490159259108,Mouse Moved,402.0,593.0,User8,,
1490159259140,Mouse Moved,402.0,594.0,User8,,
1490159259140,Mouse Moved,402.0,595.0,User8,,
1490159259155,Mouse Moved,402.0,596.0,User8,,
1490159259250,Mouse Moved,402.0,597.0,User8,,
1490159259312,Mouse Moved,402.0,598.0,User8,,
1490159259312,Mouse Moved,401.0,598.0,User8,,
1490159259390,Mouse Moved,401.0,599.0,User8,,
1490159259437,Mouse Moved,401.0,600.0,User8,,
1490159259717,Mouse Moved,401.0,600.0,User8,,
1490159259749,Mouse Button.left Pressed,401.0,600.0,User8,,
1490159259842,Mouse Moved,401.0,600.0,User8,,
1490159259858,Mouse Button.left Released,401.0,600.0,User8,,
1490159265989,Mouse Moved,400.0,600.0,User8,,
1490159266019,Mouse Moved,399.0,600.0,User8,,
1490159266035,Mouse Moved,398.0,600.0,User8,,
1490159266112,Mouse Moved,397.0,600.0,User8,,
1490159266223,Mouse Moved,396.0,600.0,User8,,
1490159266410,Mouse Moved,395.0,600.0,User8,,
1490159267392,Mouse Moved,395.0,600.0,User8,,
1490159267407,Mouse Button.left Pressed,395.0,600.0,User8,,
1490159267516,Mouse Moved,395.0,600.0,User8,,
1490159267516,Mouse Button.left Released,395.0,600.0,User8,,
1490159268765,Mouse Moved,394.0,600.0,User8,,
1490159268812,Mouse Moved,394.0,598.0,User8,,
1490159268828,Mouse Moved,400.0,586.0,User8,,
1490159268858,Mouse Moved,415.0,562.0,User8,,
1490159268875,Mouse Moved,437.0,529.0,User8,,
1490159268890,Mouse Moved,464.0,489.0,User8,,
1490159268905,Mouse Moved,490.0,453.0,User8,,
1490159268905,Mouse Moved,513.0,423.0,User8,,
1490159268921,Mouse Moved,527.0,408.0,User8,,
1490159268953,Mouse Moved,534.0,400.0,User8,,
1490159268953,Mouse Moved,538.0,396.0,User8,,
1490159268953,Mouse Moved,539.0,395.0,User8,,
1490159268967,Mouse Moved,540.0,394.0,User8,,
1490159269140,Mouse Moved,538.0,394.0,User8,,
1490159269154,Mouse Moved,536.0,395.0,User8,,
1490159269201,Mouse Moved,536.0,396.0,User8,,
1490159269201,Mouse Moved,538.0,397.0,User8,,
1490159269217,Mouse Moved,541.0,397.0,User8,,
1490159269233,Mouse Moved,544.0,397.0,User8,,
1490159269233,Mouse Moved,547.0,398.0,User8,,
1490159269249,Mouse Moved,549.0,399.0,User8,,
1490159269249,Mouse Moved,551.0,400.0,User8,,
1490159269265,Mouse Moved,553.0,400.0,User8,,
1490159269279,Mouse Moved,555.0,402.0,User8,,
1490159269279,Mouse Moved,556.0,402.0,User8,,
1490159269296,Mouse Moved,560.0,404.0,User8,,
1490159269311,Mouse Moved,563.0,406.0,User8,,
1490159269311,Mouse Moved,566.0,408.0,User8,,
1490159269326,Mouse Moved,570.0,411.0,User8,,
1490159269326,Mouse Moved,572.0,412.0,User8,,
1490159269342,Mouse Moved,573.0,415.0,User8,,
1490159269358,Mouse Moved,576.0,417.0,User8,,
1490159269374,Mouse Moved,577.0,419.0,User8,,
1490159269374,Mouse Moved,578.0,420.0,User8,,
1490159269388,Mouse Moved,579.0,421.0,User8,,
1490159269388,Mouse Moved,580.0,422.0,User8,,
1490159269404,Mouse Moved,581.0,423.0,User8,,
1490159269421,Mouse Moved,583.0,424.0,User8,,
1490159269421,Mouse Moved,584.0,424.0,User8,,
1490159269451,Mouse Moved,586.0,424.0,User8,,
1490159269467,Mouse Moved,586.0,425.0,User8,,
1490159269733,Mouse Moved,586.0,425.0,User8,,
1490159269733,Mouse Button.left Pressed,586.0,425.0,User8,,
1490159269857,Mouse Moved,586.0,425.0,User8,,
1490159269857,Mouse Button.left Released,586.0,425.0,User8,,
1490159270996,Mouse Moved,586.0,425.0,User8,,
1490159270996,Mouse Button.left Pressed,586.0,425.0,User8,,
1490159271137,Mouse Moved,586.0,425.0,User8,,
1490159271137,Mouse Button.left Released,586.0,425.0,User8,,
1490159271760,Mouse Moved,586.0,425.0,User8,,
1490159271760,Mouse Button.left Pressed,586.0,425.0,User8,,
1490159271884,Mouse Moved,586.0,425.0,User8,,
1490159271901,Mouse Button.left Released,586.0,425.0,User8,,
1490159272384,Mouse Moved,585.0,425.0,User8,,
1490159272384,Mouse Moved,581.0,425.0,User8,,
1490159272384,Mouse Moved,577.0,425.0,User8,,
1490159272415,Mouse Moved,569.0,421.0,User8,,
1490159272415,Mouse Moved,550.0,410.0,User8,,
1490159272415,Mouse Moved,513.0,390.0,User8,,
1490159272447,Mouse Moved,475.0,367.0,User8,,
1490159272447,Mouse Moved,432.0,340.0,User8,,
1490159272463,Mouse Moved,390.0,321.0,User8,,
1490159272477,Mouse Moved,346.0,301.0,User8,,
1490159272477,Mouse Moved,311.0,283.0,User8,,
1490159272493,Mouse Moved,291.0,273.0,User8,,
1490159272509,Mouse Moved,275.0,264.0,User8,,
1490159272525,Mouse Moved,266.0,258.0,User8,,
1490159272525,Mouse Moved,260.0,254.0,User8,,
1490159272540,Mouse Moved,257.0,252.0,User8,,
1490159272540,Mouse Moved,252.0,247.0,User8,,
1490159272540,Mouse Moved,251.0,242.0,User8,,
1490159272555,Mouse Moved,250.0,234.0,User8,,
1490159272586,Mouse Moved,250.0,222.0,User8,,
1490159272586,Mouse Moved,251.0,203.0,User8,,
1490159272805,Mouse Moved,248.0,203.0,User8,,
1490159272805,Mouse Moved,245.0,203.0,User8,,
1490159272805,Mouse Moved,240.0,203.0,User8,,
1490159272821,Mouse Moved,233.0,200.0,User8,,
1490159272836,Mouse Moved,224.0,196.0,User8,,
1490159272852,Mouse Moved,217.0,192.0,User8,,
1490159272852,Mouse Moved,211.0,186.0,User8,,
1490159272868,Mouse Moved,204.0,180.0,User8,,
1490159272884,Mouse Moved,195.0,174.0,User8,,
1490159272898,Mouse Moved,185.0,169.0,User8,,
1490159272898,Mouse Moved,170.0,160.0,User8,,
1490159272914,Mouse Moved,159.0,152.0,User8,,
1490159272914,Mouse Moved,150.0,145.0,User8,,
1490159272946,Mouse Moved,142.0,137.0,User8,,
1490159272946,Mouse Moved,134.0,133.0,User8,,
1490159272961,Mouse Moved,130.0,131.0,User8,,
1490159272961,Mouse Moved,128.0,130.0,User8,,
1490159272993,Mouse Moved,128.0,128.0,User8,,
1490159273164,Mouse Moved,136.0,136.0,User8,,
1490159273196,Mouse Moved,154.0,154.0,User8,,
1490159273196,Mouse Moved,230.0,243.0,User8,,
1490159273210,Mouse Moved,283.0,306.0,User8,,
1490159273226,Mouse Moved,388.0,440.0,User8,,
1490159273257,Mouse Moved,426.0,499.0,User8,,
1490159273257,Mouse Moved,462.0,556.0,User8,,
1490159273273,Mouse Moved,467.0,564.0,User8,,
1490159273289,Mouse Moved,471.0,569.0,User8,,
1490159273476,Mouse Moved,470.0,569.0,User8,,
1490159273523,Mouse Moved,469.0,569.0,User8,,
1490159273539,Mouse Moved,469.0,570.0,User8,,
1490159273569,Mouse Moved,467.0,571.0,User8,,
1490159273569,Mouse Moved,462.0,575.0,User8,,
1490159273601,Mouse Moved,459.0,577.0,User8,,
1490159273601,Mouse Moved,445.0,582.0,User8,,
1490159273617,Mouse Moved,435.0,583.0,User8,,
1490159273632,Mouse Moved,416.0,586.0,User8,,
1490159273648,Mouse Moved,406.0,586.0,User8,,
1490159273664,Mouse Moved,383.0,586.0,User8,,
1490159273678,Mouse Moved,368.0,587.0,User8,,
1490159273694,Mouse Moved,345.0,587.0,User8,,
1490159273710,Mouse Moved,336.0,587.0,User8,,
1490159273726,Mouse Moved,328.0,587.0,User8,,
1490159273742,Mouse Moved,326.0,587.0,User8,,
1490159273756,Mouse Moved,324.0,587.0,User8,,
1490159273990,Mouse Moved,322.0,589.0,User8,,
1490159274023,Mouse Moved,322.0,591.0,User8,,
1490159274023,Mouse Moved,322.0,592.0,User8,,
1490159274038,Mouse Moved,321.0,593.0,User8,,
1490159274085,Mouse Moved,321.0,594.0,User8,,
1490159274101,Mouse Moved,320.0,595.0,User8,,
1490159274101,Mouse Moved,318.0,597.0,User8,,
1490159274131,Mouse Moved,317.0,598.0,User8,,
1490159274131,Mouse Moved,316.0,598.0,User8,,
1490159274163,Mouse Moved,316.0,599.0,User8,,
1490159274210,Mouse Moved,316.0,600.0,User8,,
1490159274240,Mouse Moved,317.0,600.0,User8,,
1490159274240,Mouse Moved,319.0,600.0,User8,,
1490159274256,Mouse Moved,321.0,601.0,User8,,
1490159274272,Mouse Moved,324.0,602.0,User8,,
1490159274272,Mouse Moved,327.0,603.0,User8,,
1490159274288,Mouse Moved,330.0,604.0,User8,,
1490159274288,Mouse Moved,334.0,606.0,User8,,
1490159274302,Mouse Moved,336.0,607.0,User8,,
1490159274302,Mouse Moved,338.0,608.0,User8,,
1490159274335,Mouse Moved,340.0,609.0,User8,,
1490159274335,Mouse Moved,342.0,609.0,User8,,
1490159274335,Mouse Moved,343.0,609.0,User8,,
1490159274349,Mouse Moved,344.0,610.0,User8,,
1490159274365,Mouse Moved,347.0,611.0,User8,,
1490159274381,Mouse Moved,348.0,612.0,User8,,
1490159274397,Mouse Moved,350.0,612.0,User8,,
1490159274397,Mouse Moved,351.0,612.0,User8,,
1490159274413,Mouse Moved,352.0,612.0,User8,,
1490159274413,Mouse Moved,354.0,612.0,User8,,
1490159274427,Mouse Moved,356.0,612.0,User8,,
1490159274459,Mouse Moved,357.0,612.0,User8,,
1490159274459,Mouse Moved,358.0,612.0,User8,,
1490159274474,Mouse Moved,359.0,612.0,User8,,
1490159274490,Mouse Moved,361.0,612.0,User8,,
1490159274490,Mouse Moved,362.0,612.0,User8,,
1490159274506,Mouse Moved,364.0,612.0,User8,,
1490159274506,Mouse Moved,365.0,612.0,User8,,
1490159274522,Mouse Moved,366.0,612.0,User8,,
1490159274522,Mouse Moved,367.0,612.0,User8,,
1490159274895,Mouse Moved,369.0,612.0,User8,,
1490159274895,Mouse Moved,371.0,611.0,User8,,
1490159274911,Mouse Moved,373.0,610.0,User8,,
1490159274927,Mouse Moved,377.0,608.0,User8,,
1490159274959,Mouse Moved,378.0,608.0,User8,,
1490159275020,Mouse Moved,375.0,607.0,User8,,
1490159275020,Mouse Moved,367.0,606.0,User8,,
1490159275036,Mouse Moved,355.0,606.0,User8,,
1490159275052,Mouse Moved,333.0,606.0,User8,,
1490159275052,Mouse Moved,290.0,606.0,User8,,
1490159275068,Mouse Moved,243.0,604.0,User8,,
1490159275082,Mouse Moved,208.0,604.0,User8,,
1490159275082,Mouse Moved,178.0,604.0,User8,,
1490159275098,Mouse Moved,162.0,604.0,User8,,
1490159275098,Mouse Moved,150.0,604.0,User8,,
1490159275145,Mouse Moved,143.0,604.0,User8,,
1490159275270,Mouse Moved,136.0,604.0,User8,,
1490159275302,Mouse Moved,138.0,603.0,User8,,
1490159275316,Mouse Moved,139.0,603.0,User8,,
1490159275332,Mouse Moved,141.0,601.0,User8,,
1490159275332,Mouse Moved,142.0,600.0,User8,,
1490159275348,Mouse Moved,145.0,600.0,User8,,
1490159275364,Mouse Moved,149.0,600.0,User8,,
1490159275364,Mouse Moved,152.0,600.0,User8,,
1490159275380,Mouse Moved,155.0,600.0,User8,,
1490159275394,Mouse Moved,159.0,600.0,User8,,
1490159275394,Mouse Moved,165.0,600.0,User8,,
1490159275411,Mouse Moved,170.0,600.0,User8,,
1490159275427,Mouse Moved,176.0,600.0,User8,,
1490159275427,Mouse Moved,180.0,600.0,User8,,
1490159275441,Mouse Moved,184.0,600.0,User8,,
1490159275457,Mouse Moved,187.0,600.0,User8,,
1490159275473,Mouse Moved,191.0,600.0,User8,,
1490159275473,Mouse Moved,192.0,600.0,User8,,
1490159275505,Mouse Moved,194.0,600.0,User8,,
1490159275536,Mouse Moved,195.0,600.0,User8,,
1490159275551,Mouse Moved,197.0,600.0,User8,,
1490159275614,Mouse Moved,198.0,600.0,User8,,
1490159275628,Mouse Moved,199.0,600.0,User8,,
1490159275644,Mouse Moved,200.0,601.0,User8,,
1490159275661,Mouse Moved,201.0,601.0,User8,,
1490159275707,Mouse Moved,202.0,601.0,User8,,
1490159275926,Mouse Moved,202.0,601.0,User8,,
1490159275940,Mouse Button.left Pressed,202.0,601.0,User8,,
1490159276035,Mouse Moved,202.0,601.0,User8,,
1490159276035,Mouse Button.left Released,202.0,601.0,User8,,
1490159280621,Mouse Moved,204.0,601.0,User8,,
1490159280700,Mouse Moved,218.0,598.0,User8,,
1490159280778,Mouse Moved,227.0,595.0,User8,,
1490159280825,Mouse Moved,238.0,594.0,User8,,
1490159280918,Mouse Moved,250.0,593.0,User8,,
1490159280980,Mouse Moved,259.0,593.0,User8,,
1490159280996,Mouse Moved,268.0,593.0,User8,,
1490159281075,Mouse Moved,278.0,593.0,User8,,
1490159281137,Mouse Moved,289.0,593.0,User8,,
1490159281200,Mouse Moved,299.0,595.0,User8,,
1490159281262,Mouse Moved,313.0,598.0,User8,,
1490159281278,Mouse Moved,324.0,600.0,User8,,
1490159281278,Mouse Moved,334.0,600.0,User8,,
1490159281309,Mouse Moved,344.0,602.0,User8,,
1490159281309,Mouse Moved,351.0,603.0,User8,,
1490159281323,Mouse Moved,355.0,604.0,User8,,
1490159281323,Mouse Moved,358.0,604.0,User8,,
1490159281323,Mouse Moved,361.0,604.0,User8,,
1490159281323,Mouse Moved,365.0,604.0,User8,,
1490159281339,Mouse Moved,368.0,604.0,User8,,
1490159281355,Mouse Moved,371.0,604.0,User8,,
1490159281355,Mouse Moved,374.0,604.0,User8,,
1490159281355,Mouse Moved,378.0,604.0,User8,,
1490159281355,Mouse Moved,381.0,604.0,User8,,
1490159281371,Mouse Moved,385.0,604.0,User8,,
1490159281371,Mouse Moved,388.0,604.0,User8,,
1490159281387,Mouse Moved,391.0,604.0,User8,,
1490159281401,Mouse Moved,392.0,604.0,User8,,
1490159281401,Mouse Moved,393.0,604.0,User8,,
1490159281464,Mouse Moved,396.0,604.0,User8,,
1490159281480,Mouse Moved,398.0,604.0,User8,,
1490159281480,Mouse Moved,399.0,604.0,User8,,
1490159281496,Mouse Moved,400.0,604.0,User8,,
1490159281512,Mouse Moved,402.0,603.0,User8,,
1490159281526,Mouse Moved,403.0,603.0,User8,,
1490159281542,Mouse Moved,404.0,603.0,User8,,
1490159281558,Mouse Moved,404.0,603.0,User8,,
1490159281573,Mouse Button.left Pressed,404.0,603.0,User8,,
1490159281605,Mouse Moved,404.0,603.0,User8,,
1490159281621,Mouse Button.left Released,404.0,603.0,User8,,
1490159282556,Mouse Moved,403.0,603.0,User8,,
1490159282556,Mouse Moved,401.0,602.0,User8,,
1490159282588,Mouse Moved,399.0,596.0,User8,,
1490159282588,Mouse Moved,384.0,571.0,User8,,
1490159282604,Mouse Moved,374.0,551.0,User8,,
1490159282618,Mouse Moved,358.0,519.0,User8,,
1490159282618,Mouse Moved,339.0,492.0,User8,,
1490159282634,Mouse Moved,314.0,452.0,User8,,
1490159282650,Mouse Moved,285.0,411.0,User8,,
1490159282650,Mouse Moved,252.0,374.0,User8,,
1490159282665,Mouse Moved,223.0,345.0,User8,,
1490159282681,Mouse Moved,203.0,324.0,User8,,
1490159282681,Mouse Moved,192.0,312.0,User8,,
1490159282697,Mouse Moved,181.0,302.0,User8,,
1490159282713,Mouse Moved,173.0,294.0,User8,,
1490159282713,Mouse Moved,167.0,287.0,User8,,
1490159282727,Mouse Moved,165.0,282.0,User8,,
1490159282743,Mouse Moved,162.0,279.0,User8,,
1490159282759,Mouse Moved,160.0,273.0,User8,,
1490159283134,Mouse Moved,158.0,273.0,User8,,
1490159283196,Mouse Moved,158.0,271.0,User8,,
1490159283227,Mouse Moved,158.0,269.0,User8,,
1490159283227,Mouse Moved,164.0,262.0,User8,,
1490159283227,Mouse Moved,171.0,250.0,User8,,
1490159283243,Mouse Moved,175.0,241.0,User8,,
1490159283259,Mouse Moved,181.0,229.0,User8,,
1490159283259,Mouse Moved,185.0,217.0,User8,,
1490159283273,Mouse Moved,191.0,206.0,User8,,
1490159283289,Mouse Moved,194.0,198.0,User8,,
1490159283305,Mouse Moved,197.0,188.0,User8,,
1490159283305,Mouse Moved,199.0,184.0,User8,,
1490159283321,Mouse Moved,200.0,179.0,User8,,
1490159283321,Mouse Moved,201.0,178.0,User8,,
1490159283336,Mouse Moved,201.0,177.0,User8,,
1490159283789,Mouse Moved,201.0,178.0,User8,,
1490159283789,Mouse Moved,201.0,183.0,User8,,
1490159283819,Mouse Moved,203.0,196.0,User8,,
1490159283851,Mouse Moved,208.0,213.0,User8,,
1490159283851,Mouse Moved,214.0,237.0,User8,,
1490159283851,Mouse Moved,222.0,267.0,User8,,
1490159283851,Mouse Moved,234.0,295.0,User8,,
1490159283867,Mouse Moved,247.0,324.0,User8,,
1490159283867,Mouse Moved,257.0,345.0,User8,,
1490159283867,Mouse Moved,267.0,363.0,User8,,
1490159283882,Mouse Moved,272.0,375.0,User8,,
1490159283882,Mouse Moved,275.0,385.0,User8,,
1490159283930,Mouse Moved,277.0,393.0,User8,,
1490159283944,Mouse Moved,278.0,398.0,User8,,
1490159283944,Mouse Moved,279.0,400.0,User8,,
1490159284131,Mouse Moved,277.0,404.0,User8,,
1490159284148,Mouse Moved,276.0,407.0,User8,,
1490159284164,Mouse Moved,275.0,409.0,User8,,
1490159284164,Mouse Moved,275.0,414.0,User8,,
1490159284164,Mouse Moved,275.0,420.0,User8,,
1490159284194,Mouse Moved,275.0,425.0,User8,,
1490159284226,Mouse Moved,275.0,433.0,User8,,
1490159284242,Mouse Moved,275.0,444.0,User8,,
1490159284273,Mouse Moved,275.0,447.0,User8,,
1490159284273,Mouse Moved,275.0,450.0,User8,,
1490159284273,Mouse Moved,275.0,452.0,User8,,
1490159284273,Mouse Moved,275.0,454.0,User8,,
1490159284273,Mouse Moved,275.0,455.0,User8,,
1490159284273,Mouse Moved,276.0,456.0,User8,,
1490159284319,Mouse Moved,276.0,457.0,User8,,
1490159284319,Mouse Moved,276.0,458.0,User8,,
1490159284335,Mouse Moved,276.0,459.0,User8,,
1490159284335,Mouse Moved,276.0,460.0,User8,,
1490159284335,Mouse Moved,276.0,461.0,User8,,
1490159284365,Mouse Moved,276.0,462.0,User8,,
1490159284365,Mouse Moved,276.0,463.0,User8,,
1490159284444,Mouse Moved,276.0,464.0,User8,,
1490159284476,Mouse Moved,276.0,465.0,User8,,
1490159284506,Mouse Moved,276.0,466.0,User8,,
1490159284569,Mouse Moved,276.0,467.0,User8,,
1490159284599,Mouse Moved,275.0,467.0,User8,,
1490159284663,Mouse Moved,275.0,467.0,User8,,
1490159284677,Mouse Button.left Pressed,275.0,467.0,User8,,
1490159284788,Mouse Moved,275.0,467.0,User8,,
1490159284788,Mouse Button.left Released,275.0,467.0,User8,,
1490159296954,Mouse Moved,274.0,468.0,User8,,
1490159296954,Mouse Moved,274.0,469.0,User8,,
1490159296970,Mouse Moved,273.0,469.0,User8,,
1490159296986,Mouse Moved,277.0,467.0,User8,,
1490159297002,Mouse Moved,288.0,458.0,User8,,
1490159297017,Mouse Moved,326.0,438.0,User8,,
1490159297017,Mouse Moved,385.0,399.0,User8,,
1490159297032,Mouse Moved,457.0,358.0,User8,,
1490159297049,Mouse Moved,508.0,327.0,User8,,
1490159297049,Mouse Moved,560.0,307.0,User8,,
1490159297065,Mouse Moved,607.0,288.0,User8,,
1490159297079,Mouse Moved,658.0,269.0,User8,,
1490159297095,Mouse Moved,665.0,266.0,User8,,
1490159297111,Mouse Moved,669.0,264.0,User8,,
1490159297127,Mouse Moved,669.0,262.0,User8,,
1490159297142,Mouse Moved,670.0,257.0,User8,,
1490159297391,Mouse Moved,671.0,256.0,User8,,
1490159297407,Mouse Moved,673.0,256.0,User8,,
1490159297423,Mouse Moved,676.0,256.0,User8,,
1490159297438,Mouse Moved,677.0,257.0,User8,,
1490159297454,Mouse Moved,679.0,257.0,User8,,
1490159297470,Mouse Moved,680.0,257.0,User8,,
1490159297486,Mouse Moved,681.0,257.0,User8,,
1490159297532,Mouse Moved,682.0,257.0,User8,,
1490159301260,Mouse Moved,682.0,257.0,User8,,
1490159301276,Mouse Button.left Pressed,682.0,257.0,User8,,
1490159301494,Mouse Moved,682.0,257.0,User8,,
1490159301494,Mouse Button.left Released,682.0,257.0,User8,,
1490159307609,Mouse Moved,681.0,257.0,User8,,
1490159307609,Mouse Moved,679.0,257.0,User8,,
1490159307625,Mouse Moved,675.0,259.0,User8,,
1490159307641,Mouse Moved,668.0,261.0,User8,,
1490159307641,Mouse Moved,661.0,263.0,User8,,
1490159307657,Mouse Moved,655.0,267.0,User8,,
1490159307673,Mouse Moved,648.0,272.0,User8,,
1490159307673,Mouse Moved,641.0,279.0,User8,,
1490159307687,Mouse Moved,632.0,286.0,User8,,
1490159307703,Mouse Moved,624.0,294.0,User8,,
1490159307719,Mouse Moved,614.0,302.0,User8,,
1490159307719,Mouse Moved,598.0,312.0,User8,,
1490159307734,Mouse Moved,583.0,321.0,User8,,
1490159307750,Mouse Moved,557.0,331.0,User8,,
1490159307750,Mouse Moved,534.0,343.0,User8,,
1490159307766,Mouse Moved,506.0,355.0,User8,,
1490159307782,Mouse Moved,438.0,383.0,User8,,
1490159307796,Mouse Moved,409.0,400.0,User8,,
1490159307812,Mouse Moved,382.0,417.0,User8,,
1490159307812,Mouse Moved,361.0,429.0,User8,,
1490159307828,Mouse Moved,344.0,440.0,User8,,
1490159307844,Mouse Moved,331.0,449.0,User8,,
1490159307844,Mouse Moved,321.0,454.0,User8,,
1490159307844,Mouse Moved,310.0,460.0,User8,,
1490159307875,Mouse Moved,298.0,463.0,User8,,
1490159307875,Mouse Moved,285.0,469.0,User8,,
1490159307875,Mouse Moved,274.0,475.0,User8,,
1490159307891,Mouse Moved,266.0,481.0,User8,,
1490159307907,Mouse Moved,258.0,486.0,User8,,
1490159307907,Mouse Moved,255.0,489.0,User8,,
1490159307921,Mouse Moved,252.0,489.0,User8,,
1490159308187,Mouse Moved,251.0,487.0,User8,,
1490159308187,Mouse Moved,250.0,485.0,User8,,
1490159308203,Mouse Moved,250.0,484.0,User8,,
1490159308219,Mouse Moved,250.0,481.0,User8,,
1490159308219,Mouse Moved,249.0,479.0,User8,,
1490159308233,Mouse Moved,249.0,475.0,User8,,
1490159308233,Mouse Moved,248.0,473.0,User8,,
1490159308250,Mouse Moved,248.0,470.0,User8,,
1490159308250,Mouse Moved,247.0,467.0,User8,,
1490159308265,Mouse Moved,247.0,465.0,User8,,
1490159308280,Mouse Moved,247.0,464.0,User8,,
1490159308280,Mouse Moved,246.0,462.0,User8,,
1490159308296,Mouse Moved,246.0,461.0,User8,,
1490159308342,Mouse Moved,246.0,460.0,User8,,
1490159308358,Mouse Moved,246.0,459.0,User8,,
1490159308375,Mouse Moved,246.0,458.0,User8,,
1490159308390,Mouse Moved,246.0,457.0,User8,,
1490159308405,Mouse Moved,249.0,452.0,User8,,
1490159308421,Mouse Moved,249.0,450.0,User8,,
1490159308437,Mouse Moved,250.0,447.0,User8,,
1490159308437,Mouse Moved,251.0,443.0,User8,,
1490159308453,Mouse Moved,252.0,440.0,User8,,
1490159308467,Mouse Moved,253.0,437.0,User8,,
1490159308467,Mouse Moved,254.0,435.0,User8,,
1490159308515,Mouse Moved,255.0,434.0,User8,,
1490159308515,Mouse Moved,258.0,430.0,User8,,
1490159308530,Mouse Moved,258.0,429.0,User8,,
1490159308530,Mouse Moved,259.0,428.0,User8,,
1490159308576,Mouse Moved,259.0,427.0,User8,,
1490159308921,Mouse Moved,259.0,427.0,User8,,
1490159308921,Mouse Button.left Pressed,259.0,427.0,User8,,
1490159309045,Mouse Moved,259.0,427.0,User8,,
1490159309061,Mouse Button.left Released,259.0,427.0,User8,,
1490159326953,Mouse Moved,261.0,426.0,User8,,
1490159326970,Mouse Moved,267.0,423.0,User8,,
1490159326970,Mouse Moved,281.0,414.0,User8,,
1490159326984,Mouse Moved,302.0,403.0,User8,,
1490159327000,Mouse Moved,334.0,376.0,User8,,
1490159327016,Mouse Moved,347.0,361.0,User8,,
1490159327032,Mouse Moved,394.0,329.0,User8,,
1490159327048,Mouse Moved,408.0,319.0,User8,,
1490159327062,Mouse Moved,435.0,306.0,User8,,
1490159327078,Mouse Moved,448.0,302.0,User8,,
1490159327094,Mouse Moved,460.0,298.0,User8,,
1490159327109,Mouse Moved,471.0,295.0,User8,,
1490159327109,Mouse Moved,485.0,290.0,User8,,
1490159327125,Mouse Moved,496.0,287.0,User8,,
1490159327141,Mouse Moved,505.0,282.0,User8,,
1490159327141,Mouse Moved,514.0,279.0,User8,,
1490159327157,Mouse Moved,522.0,275.0,User8,,
1490159327171,Mouse Moved,531.0,272.0,User8,,
1490159327171,Mouse Moved,539.0,269.0,User8,,
1490159327187,Mouse Moved,545.0,266.0,User8,,
1490159327203,Mouse Moved,551.0,262.0,User8,,
1490159327203,Mouse Moved,556.0,259.0,User8,,
1490159327219,Mouse Moved,560.0,256.0,User8,,
1490159327234,Mouse Moved,564.0,252.0,User8,,
1490159327234,Mouse Moved,569.0,249.0,User8,,
1490159327250,Mouse Moved,571.0,247.0,User8,,
1490159327266,Mouse Moved,573.0,245.0,User8,,
1490159327266,Mouse Moved,575.0,244.0,User8,,
1490159327282,Mouse Moved,577.0,243.0,User8,,
1490159327296,Mouse Moved,578.0,242.0,User8,,
1490159327562,Mouse Moved,578.0,242.0,User8,,
1490159327562,Mouse Button.left Pressed,578.0,242.0,User8,,
1490159327703,Mouse Moved,578.0,242.0,User8,,
1490159327703,Mouse Button.left Released,578.0,242.0,User8,,
1490159327983,Mouse Moved,578.0,243.0,User8,,
1490159327983,Mouse Moved,578.0,244.0,User8,,
1490159328076,Mouse Moved,578.0,244.0,User8,,
1490159328124,Mouse Moved,578.0,244.0,User8,,
1490159328186,Mouse Moved,578.0,244.0,User8,,
1490159328233,Mouse Moved,578.0,244.0,User8,,
1490159328263,Mouse Moved,578.0,244.0,User8,,
1490159328296,Mouse Moved,578.0,244.0,User8,,
1490159328374,Mouse Moved,578.0,244.0,User8,,
1490159328467,Mouse Moved,578.0,244.0,User8,,
1490159328497,Mouse Moved,578.0,244.0,User8,,
1490159328529,Mouse Moved,578.0,244.0,User8,,
1490159328575,Mouse Moved,578.0,244.0,User8,,
1490159328608,Mouse Moved,578.0,244.0,User8,,
1490159328747,Mouse Moved,578.0,244.0,User8,,
1490159329091,Mouse Moved,578.0,244.0,User8,,
1490159329091,Mouse Button.left Pressed,578.0,244.0,User8,,
1490159329232,Mouse Moved,578.0,244.0,User8,,
1490159329232,Mouse Button.left Released,578.0,244.0,User8,,
1490159332085,Mouse Moved,577.0,244.0,User8,,
1490159332085,Mouse Moved,573.0,244.0,User8,,
1490159332085,Mouse Moved,565.0,245.0,User8,,
1490159332085,Mouse Moved,553.0,249.0,User8,,
1490159332085,Mouse Moved,543.0,253.0,User8,,
1490159332085,Mouse Moved,534.0,257.0,User8,,
1490159332085,Mouse Moved,524.0,262.0,User8,,
1490159332085,Mouse Moved,514.0,270.0,User8,,
1490159332085,Mouse Moved,501.0,278.0,User8,,
1490159332085,Mouse Moved,488.0,287.0,User8,,
1490159332085,Mouse Moved,478.0,295.0,User8,,
1490159332118,Mouse Moved,469.0,301.0,User8,,
1490159332118,Mouse Moved,459.0,308.0,User8,,
1490159332118,Mouse Moved,449.0,312.0,User8,,
1490159332118,Mouse Moved,441.0,319.0,User8,,
1490159332118,Mouse Moved,430.0,324.0,User8,,
1490159332118,Mouse Moved,420.0,330.0,User8,,
1490159332118,Mouse Moved,410.0,337.0,User8,,
1490159332118,Mouse Moved,400.0,344.0,User8,,
1490159332118,Mouse Moved,392.0,352.0,User8,,
1490159332118,Mouse Moved,386.0,360.0,User8,,
1490159332118,Mouse Moved,381.0,368.0,User8,,
1490159332118,Mouse Moved,374.0,374.0,User8,,
1490159332132,Mouse Moved,368.0,379.0,User8,,
1490159332132,Mouse Moved,362.0,383.0,User8,,
1490159332367,Mouse Moved,359.0,385.0,User8,,
1490159332367,Mouse Moved,357.0,386.0,User8,,
1490159332367,Mouse Moved,357.0,387.0,User8,,
1490159332367,Mouse Moved,356.0,387.0,User8,,
1490159332367,Mouse Moved,355.0,387.0,User8,,
1490159332367,Mouse Moved,354.0,387.0,User8,,
1490159332382,Mouse Moved,353.0,387.0,User8,,
1490159332382,Mouse Moved,351.0,388.0,User8,,
1490159332382,Mouse Moved,350.0,389.0,User8,,
1490159332382,Mouse Moved,348.0,390.0,User8,,
1490159332382,Mouse Moved,345.0,391.0,User8,,
1490159332382,Mouse Moved,344.0,391.0,User8,,
1490159332398,Mouse Moved,342.0,391.0,User8,,
1490159332430,Mouse Moved,341.0,391.0,User8,,
1490159332430,Mouse Moved,340.0,390.0,User8,,
1490159332444,Mouse Moved,339.0,388.0,User8,,
1490159332444,Mouse Moved,339.0,385.0,User8,,
1490159332460,Mouse Moved,338.0,383.0,User8,,
1490159332694,Mouse Moved,337.0,381.0,User8,,
1490159332694,Mouse Moved,336.0,378.0,User8,,
1490159332694,Mouse Moved,336.0,377.0,User8,,
1490159332694,Mouse Moved,336.0,374.0,User8,,
1490159332694,Mouse Moved,335.0,372.0,User8,,
1490159332694,Mouse Moved,335.0,371.0,User8,,
1490159332710,Mouse Moved,334.0,369.0,User8,,
1490159332710,Mouse Moved,333.0,367.0,User8,,
1490159332710,Mouse Moved,333.0,366.0,User8,,
1490159332710,Mouse Moved,333.0,365.0,User8,,
1490159332710,Mouse Moved,332.0,364.0,User8,,
1490159332710,Mouse Moved,332.0,363.0,User8,,
1490159332710,Mouse Moved,332.0,362.0,User8,,
1490159332710,Mouse Moved,332.0,361.0,User8,,
1490159332710,Mouse Moved,332.0,359.0,User8,,
1490159332726,Mouse Moved,332.0,357.0,User8,,
1490159332726,Mouse Moved,332.0,356.0,User8,,
1490159332726,Mouse Moved,332.0,355.0,User8,,
1490159332726,Mouse Moved,332.0,354.0,User8,,
1490159332726,Mouse Moved,331.0,352.0,User8,,
1490159332726,Mouse Moved,330.0,351.0,User8,,
1490159332726,Mouse Moved,330.0,350.0,User8,,
1490159332726,Mouse Moved,330.0,349.0,User8,,
1490159332726,Mouse Moved,330.0,348.0,User8,,
1490159332726,Mouse Moved,330.0,347.0,User8,,
1490159332976,Mouse Moved,330.0,346.0,User8,,
1490159332976,Mouse Moved,330.0,344.0,User8,,
1490159332976,Mouse Moved,330.0,343.0,User8,,
1490159332990,Mouse Moved,330.0,342.0,User8,,
1490159332990,Mouse Moved,330.0,341.0,User8,,
1490159332990,Mouse Moved,330.0,340.0,User8,,
1490159332990,Mouse Moved,330.0,339.0,User8,,
1490159332990,Mouse Moved,330.0,338.0,User8,,
1490159333256,Mouse Moved,330.0,338.0,User8,,
1490159333256,Mouse Button.left Pressed,330.0,338.0,User8,,
1490159333599,Mouse Moved,330.0,338.0,User8,,
1490159333599,Mouse Button.left Released,330.0,338.0,User8,,
1490159334348,Mouse Moved,331.0,338.0,User8,,
1490159334364,Mouse Moved,337.0,334.0,User8,,
1490159334380,Mouse Moved,361.0,320.0,User8,,
1490159334394,Mouse Moved,373.0,310.0,User8,,
1490159334394,Mouse Moved,406.0,293.0,User8,,
1490159334411,Mouse Moved,418.0,287.0,User8,,
1490159334426,Mouse Moved,438.0,278.0,User8,,
1490159334441,Mouse Moved,445.0,275.0,User8,,
1490159334457,Mouse Moved,451.0,272.0,User8,,
1490159334457,Mouse Moved,457.0,269.0,User8,,
1490159334473,Mouse Moved,460.0,267.0,User8,,
1490159334489,Mouse Moved,465.0,264.0,User8,,
1490159334489,Mouse Moved,470.0,261.0,User8,,
1490159334503,Mouse Moved,473.0,260.0,User8,,
1490159334519,Mouse Moved,476.0,259.0,User8,,
1490159334519,Mouse Moved,481.0,257.0,User8,,
1490159334536,Mouse Moved,485.0,255.0,User8,,
1490159334551,Mouse Moved,487.0,254.0,User8,,
1490159334551,Mouse Moved,490.0,253.0,User8,,
1490159334566,Mouse Moved,492.0,252.0,User8,,
1490159334582,Mouse Moved,495.0,251.0,User8,,
1490159334582,Mouse Moved,498.0,250.0,User8,,
1490159334598,Mouse Moved,501.0,248.0,User8,,
1490159334614,Mouse Moved,505.0,246.0,User8,,
1490159334628,Mouse Moved,509.0,244.0,User8,,
1490159334628,Mouse Moved,512.0,243.0,User8,,
1490159334644,Mouse Moved,515.0,241.0,User8,,
1490159334910,Mouse Moved,515.0,241.0,User8,,
1490159334910,Mouse Button.left Pressed,515.0,241.0,User8,,
1490159335035,Mouse Moved,515.0,241.0,User8,,
1490159335035,Mouse Button.left Released,515.0,241.0,User8,,
1490159335706,Mouse Moved,515.0,241.0,User8,,
1490159335706,Mouse Button.left Pressed,515.0,241.0,User8,,
1490159335845,Mouse Moved,515.0,241.0,User8,,
1490159335845,Mouse Button.left Released,515.0,241.0,User8,,
1490159345782,Mouse Moved,509.0,243.0,User8,,
1490159345799,Mouse Moved,502.0,245.0,User8,,
1490159345813,Mouse Moved,493.0,247.0,User8,,
1490159345813,Mouse Moved,480.0,250.0,User8,,
1490159345829,Mouse Moved,468.0,254.0,User8,,
1490159345845,Mouse Moved,455.0,256.0,User8,,
1490159345845,Mouse Moved,445.0,259.0,User8,,
1490159345861,Mouse Moved,439.0,261.0,User8,,
1490159345877,Mouse Moved,435.0,263.0,User8,,
1490159345891,Mouse Moved,434.0,263.0,User8,,
1490159345907,Mouse Moved,434.0,264.0,User8,,
1490159345924,Mouse Moved,433.0,264.0,User8,,
1490159345938,Mouse Moved,432.0,264.0,User8,,
1490159345938,Mouse Moved,429.0,264.0,User8,,
1490159345970,Mouse Moved,424.0,265.0,User8,,
1490159345970,Mouse Moved,417.0,267.0,User8,,
1490159345970,Mouse Moved,411.0,269.0,User8,,
1490159345986,Mouse Moved,403.0,271.0,User8,,
1490159346002,Mouse Moved,395.0,275.0,User8,,
1490159346002,Mouse Moved,388.0,279.0,User8,,
1490159346016,Mouse Moved,380.0,283.0,User8,,
1490159346032,Mouse Moved,369.0,288.0,User8,,
1490159346032,Mouse Moved,360.0,294.0,User8,,
1490159346048,Mouse Moved,351.0,299.0,User8,,
1490159346063,Mouse Moved,343.0,302.0,User8,,
1490159346063,Mouse Moved,337.0,305.0,User8,,
1490159346079,Mouse Moved,331.0,307.0,User8,,
1490159346095,Mouse Moved,326.0,309.0,User8,,
1490159346111,Mouse Moved,322.0,310.0,User8,,
1490159346111,Mouse Moved,320.0,311.0,User8,,
1490159346125,Mouse Moved,319.0,311.0,User8,,
1490159346125,Mouse Moved,318.0,312.0,User8,,
1490159346125,Mouse Moved,317.0,312.0,User8,,
1490159346173,Mouse Moved,316.0,312.0,User8,,
1490159346173,Mouse Moved,315.0,312.0,User8,,
1490159346173,Mouse Moved,314.0,312.0,User8,,
1490159346188,Mouse Moved,313.0,312.0,User8,,
1490159346188,Mouse Moved,310.0,312.0,User8,,
1490159346203,Mouse Moved,309.0,311.0,User8,,
1490159346220,Mouse Moved,308.0,311.0,User8,,
1490159346220,Mouse Moved,307.0,310.0,User8,,
1490159346236,Mouse Moved,306.0,310.0,User8,,
1490159346282,Mouse Moved,305.0,310.0,User8,,
1490159346532,Mouse Moved,305.0,310.0,User8,,
1490159346532,Mouse Button.left Pressed,305.0,310.0,User8,,
1490159346657,Mouse Moved,305.0,310.0,User8,,
1490159346657,Mouse Button.left Released,305.0,310.0,User8,,
1490159347108,Mouse Moved,305.0,309.0,User8,,
1490159347125,Mouse Moved,307.0,308.0,User8,,
1490159347140,Mouse Moved,310.0,307.0,User8,,
1490159347140,Mouse Moved,312.0,306.0,User8,,
1490159347155,Mouse Moved,316.0,302.0,User8,,
1490159347171,Mouse Moved,320.0,300.0,User8,,
1490159347171,Mouse Moved,324.0,298.0,User8,,
1490159347203,Mouse Moved,330.0,296.0,User8,,
1490159347203,Mouse Moved,337.0,293.0,User8,,
1490159347203,Mouse Moved,344.0,290.0,User8,,
1490159347217,Mouse Moved,351.0,286.0,User8,,
1490159347233,Mouse Moved,360.0,284.0,User8,,
1490159347233,Mouse Moved,368.0,281.0,User8,,
1490159347250,Mouse Moved,377.0,277.0,User8,,
1490159347265,Mouse Moved,385.0,273.0,User8,,
1490159347265,Mouse Moved,395.0,268.0,User8,,
1490159347280,Mouse Moved,405.0,265.0,User8,,
1490159347280,Mouse Moved,423.0,259.0,User8,,
1490159347296,Mouse Moved,428.0,257.0,User8,,
1490159347312,Mouse Moved,434.0,255.0,User8,,
1490159347328,Mouse Moved,439.0,253.0,User8,,
1490159347328,Mouse Moved,442.0,252.0,User8,,
1490159347342,Mouse Moved,444.0,250.0,User8,,
1490159347342,Mouse Moved,446.0,249.0,User8,,
1490159347358,Mouse Moved,448.0,247.0,User8,,
1490159347374,Mouse Moved,450.0,246.0,User8,,
1490159347374,Mouse Moved,451.0,245.0,User8,,
1490159347390,Mouse Moved,453.0,243.0,User8,,
1490159347405,Mouse Moved,454.0,243.0,User8,,
1490159347405,Mouse Moved,456.0,242.0,User8,,
1490159347421,Mouse Moved,458.0,241.0,User8,,
1490159347451,Mouse Moved,459.0,240.0,User8,,
1490159347451,Mouse Moved,460.0,240.0,User8,,
1490159347888,Mouse Moved,460.0,240.0,User8,,
1490159347888,Mouse Button.left Pressed,460.0,240.0,User8,,
1490159348045,Mouse Moved,460.0,240.0,User8,,
1490159348045,Mouse Button.left Released,460.0,240.0,User8,,
1490159348061,Mouse Moved,460.0,240.0,User8,,
1490159348061,Mouse Button.left Pressed,460.0,240.0,User8,,
1490159348061,Mouse Moved,460.0,240.0,User8,,
1490159348075,Mouse Button.left Released,460.0,240.0,User8,,
1490159348325,Mouse Moved,460.0,240.0,User8,,
1490159348325,Mouse Button.left Pressed,460.0,240.0,User8,,
1490159348466,Mouse Moved,460.0,240.0,User8,,
1490159348466,Mouse Button.left Released,460.0,240.0,User8,,
1490159349012,Mouse Moved,461.0,240.0,User8,,
1490159349028,Mouse Moved,462.0,240.0,User8,,
1490159349105,Mouse Moved,462.0,240.0,User8,,
1490159349105,Mouse Button.left Pressed,462.0,240.0,User8,,
1490159349230,Mouse Moved,462.0,240.0,User8,,
1490159349230,Mouse Button.left Released,462.0,240.0,User8,,
1490159351196,Mouse Moved,462.0,239.0,User8,,
1490159351211,Mouse Moved,464.0,228.0,User8,,
1490159351227,Mouse Moved,469.0,221.0,User8,,
1490159351243,Mouse Moved,478.0,200.0,User8,,
1490159351259,Mouse Moved,484.0,191.0,User8,,
1490159351289,Mouse Moved,495.0,173.0,User8,,
1490159351289,Mouse Moved,497.0,165.0,User8,,
1490159351305,Mouse Moved,502.0,156.0,User8,,
1490159351321,Mouse Moved,504.0,154.0,User8,,
1490159351336,Mouse Moved,507.0,153.0,User8,,
1490159351336,Mouse Moved,508.0,151.0,User8,,
1490159351351,Mouse Moved,509.0,149.0,User8,,
1490159351368,Mouse Moved,510.0,148.0,User8,,
1490159351368,Mouse Moved,511.0,147.0,User8,,
1490159351384,Mouse Moved,512.0,146.0,User8,,
1490159351461,Mouse Moved,513.0,146.0,User8,,
1490159351571,Mouse Moved,514.0,146.0,User8,,
1490159351648,Mouse Moved,514.0,147.0,User8,,
1490159351680,Mouse Moved,514.0,148.0,User8,,
1490159351696,Mouse Moved,514.0,149.0,User8,,
1490159351696,Mouse Moved,514.0,151.0,User8,,
1490159351696,Mouse Moved,514.0,155.0,User8,,
1490159351710,Mouse Moved,514.0,160.0,User8,,
1490159351726,Mouse Moved,514.0,165.0,User8,,
1490159351757,Mouse Moved,514.0,167.0,User8,,
1490159351757,Mouse Moved,514.0,170.0,User8,,
1490159351773,Mouse Moved,514.0,171.0,User8,,
1490159351789,Mouse Moved,514.0,172.0,User8,,
1490159351789,Mouse Moved,514.0,173.0,User8,,
1490159351805,Mouse Moved,514.0,174.0,User8,,
1490159351835,Mouse Moved,514.0,176.0,User8,,
1490159351851,Mouse Moved,514.0,177.0,User8,,
1490159351867,Mouse Moved,514.0,178.0,User8,,
1490159351914,Mouse Moved,514.0,179.0,User8,,
1490159351930,Mouse Moved,514.0,180.0,User8,,
1490159351960,Mouse Moved,514.0,181.0,User8,,
1490159351992,Mouse Moved,515.0,181.0,User8,,
1490159352023,Mouse Moved,515.0,182.0,User8,,
1490159352023,Mouse Moved,516.0,182.0,User8,,
1490159352053,Mouse Moved,517.0,182.0,User8,,
1490159352069,Mouse Moved,517.0,183.0,User8,,
1490159352085,Mouse Moved,518.0,183.0,User8,,
1490159352101,Mouse Moved,519.0,184.0,User8,,
1490159352117,Mouse Moved,520.0,184.0,User8,,
1490159352131,Mouse Moved,521.0,185.0,User8,,
1490159352131,Mouse Moved,522.0,186.0,User8,,
1490159352164,Mouse Moved,523.0,187.0,User8,,
1490159352164,Mouse Moved,524.0,188.0,User8,,
1490159352178,Mouse Moved,526.0,189.0,User8,,
1490159352194,Mouse Moved,527.0,189.0,User8,,
1490159352210,Mouse Moved,527.0,190.0,User8,,
1490159352242,Mouse Moved,528.0,190.0,User8,,
1490159352256,Mouse Moved,529.0,192.0,User8,,
1490159352273,Mouse Moved,530.0,192.0,User8,,
1490159352288,Mouse Moved,533.0,194.0,User8,,
1490159352303,Mouse Moved,534.0,196.0,User8,,
1490159352319,Mouse Moved,536.0,197.0,User8,,
1490159352351,Mouse Moved,538.0,198.0,User8,,
1490159352365,Mouse Moved,539.0,198.0,User8,,
1490159352381,Mouse Moved,539.0,199.0,User8,,
1490159352398,Mouse Moved,540.0,199.0,User8,,
1490159352413,Mouse Moved,541.0,199.0,User8,,
1490159352428,Mouse Moved,541.0,200.0,User8,,
1490159352444,Mouse Moved,542.0,200.0,User8,,
1490159352476,Mouse Moved,544.0,201.0,User8,,
1490159352506,Mouse Moved,545.0,202.0,User8,,
1490159352538,Mouse Moved,546.0,203.0,User8,,
1490159352569,Mouse Moved,547.0,203.0,User8,,
1490159352599,Mouse Moved,548.0,203.0,User8,,
1490159353193,Mouse Moved,548.0,204.0,User8,,
1490159367483,Mouse Moved,548.0,205.0,User8,,
1490159367497,Mouse Moved,548.0,211.0,User8,,
1490159367513,Mouse Moved,544.0,216.0,User8,,
1490159367529,Mouse Moved,533.0,224.0,User8,,
1490159367545,Mouse Moved,527.0,226.0,User8,,
1490159367561,Mouse Moved,516.0,235.0,User8,,
1490159367575,Mouse Moved,511.0,241.0,User8,,
1490159367575,Mouse Moved,492.0,256.0,User8,,
1490159367607,Mouse Moved,479.0,266.0,User8,,
1490159367607,Mouse Moved,468.0,274.0,User8,,
1490159367622,Mouse Moved,447.0,287.0,User8,,
1490159367638,Mouse Moved,430.0,296.0,User8,,
1490159367654,Mouse Moved,415.0,302.0,User8,,
1490159367654,Mouse Moved,405.0,308.0,User8,,
1490159367670,Mouse Moved,396.0,313.0,User8,,
1490159367684,Mouse Moved,388.0,318.0,User8,,
1490159367684,Mouse Moved,384.0,321.0,User8,,
1490159367700,Mouse Moved,379.0,324.0,User8,,
1490159367717,Mouse Moved,374.0,326.0,User8,,
1490159367717,Mouse Moved,370.0,327.0,User8,,
1490159367732,Mouse Moved,366.0,327.0,User8,,
1490159367747,Mouse Moved,364.0,327.0,User8,,
1490159367747,Mouse Moved,362.0,327.0,User8,,
1490159367779,Mouse Moved,359.0,326.0,User8,,
1490159367795,Mouse Moved,358.0,326.0,User8,,
1490159367795,Mouse Moved,357.0,325.0,User8,,
1490159367795,Mouse Moved,356.0,323.0,User8,,
1490159367809,Mouse Moved,355.0,322.0,User8,,
1490159367809,Mouse Moved,353.0,320.0,User8,,
1490159367825,Mouse Moved,352.0,318.0,User8,,
1490159367841,Mouse Moved,349.0,317.0,User8,,
1490159367841,Mouse Moved,348.0,316.0,User8,,
1490159367857,Mouse Moved,346.0,314.0,User8,,
1490159367872,Mouse Moved,344.0,310.0,User8,,
1490159367888,Mouse Moved,343.0,309.0,User8,,
1490159367904,Mouse Moved,340.0,302.0,User8,,
1490159367918,Mouse Moved,339.0,300.0,User8,,
1490159367934,Mouse Moved,338.0,297.0,User8,,
1490159367950,Mouse Moved,337.0,295.0,User8,,
1490159367950,Mouse Moved,336.0,294.0,User8,,
1490159367982,Mouse Moved,336.0,293.0,User8,,
1490159367996,Mouse Moved,336.0,292.0,User8,,
1490159368013,Mouse Moved,335.0,291.0,User8,,
1490159368029,Mouse Moved,334.0,289.0,User8,,
1490159368059,Mouse Moved,334.0,286.0,User8,,
1490159368075,Mouse Moved,334.0,283.0,User8,,
1490159368091,Mouse Moved,334.0,281.0,User8,,
1490159368107,Mouse Moved,334.0,280.0,User8,,
1490159368121,Mouse Moved,334.0,278.0,User8,,
1490159368138,Mouse Moved,334.0,277.0,User8,,
1490159368153,Mouse Moved,334.0,276.0,User8,,
1490159368184,Mouse Moved,334.0,275.0,User8,,
1490159368200,Mouse Moved,334.0,274.0,User8,,
1490159368480,Mouse Moved,334.0,274.0,User8,,
1490159368480,Mouse Button.left Pressed,334.0,274.0,User8,,
1490159368605,Mouse Moved,334.0,274.0,User8,,
1490159368605,Mouse Button.left Released,334.0,274.0,User8,,
1490159369230,Mouse Moved,334.0,273.0,User8,,
1490159369260,Mouse Moved,342.0,261.0,User8,,
1490159369276,Mouse Moved,346.0,255.0,User8,,
1490159369292,Mouse Moved,358.0,243.0,User8,,
1490159369308,Mouse Moved,362.0,241.0,User8,,
1490159369322,Mouse Moved,375.0,235.0,User8,,
1490159369338,Mouse Moved,381.0,235.0,User8,,
1490159369355,Mouse Moved,388.0,233.0,User8,,
1490159369369,Mouse Moved,390.0,232.0,User8,,
1490159369385,Mouse Moved,395.0,230.0,User8,,
1490159369401,Mouse Moved,397.0,230.0,User8,,
1490159369417,Mouse Moved,405.0,228.0,User8,,
1490159369433,Mouse Moved,408.0,227.0,User8,,
1490159369447,Mouse Moved,413.0,227.0,User8,,
1490159369447,Mouse Moved,415.0,225.0,User8,,
1490159369463,Mouse Moved,417.0,225.0,User8,,
1490159369479,Mouse Moved,419.0,224.0,User8,,
1490159369479,Mouse Moved,421.0,224.0,User8,,
1490159369494,Mouse Moved,423.0,224.0,User8,,
1490159369510,Mouse Moved,424.0,223.0,User8,,
1490159369510,Mouse Moved,426.0,223.0,User8,,
1490159369510,Mouse Moved,427.0,223.0,User8,,
1490159369526,Mouse Moved,429.0,223.0,User8,,
1490159369542,Mouse Moved,430.0,222.0,User8,,
1490159369556,Mouse Moved,431.0,222.0,User8,,
1490159369572,Mouse Moved,434.0,222.0,User8,,
1490159369588,Mouse Moved,435.0,222.0,User8,,
1490159369619,Mouse Moved,439.0,223.0,User8,,
1490159369619,Mouse Moved,441.0,223.0,User8,,
1490159369634,Mouse Moved,445.0,223.0,User8,,
1490159369651,Mouse Moved,446.0,223.0,User8,,
1490159369667,Mouse Moved,448.0,223.0,User8,,
1490159369667,Mouse Moved,449.0,223.0,User8,,
1490159369681,Mouse Moved,450.0,223.0,User8,,
1490159369697,Mouse Moved,451.0,223.0,User8,,
1490159369697,Mouse Moved,454.0,223.0,User8,,
1490159369713,Mouse Moved,455.0,223.0,User8,,
1490159369729,Mouse Moved,456.0,223.0,User8,,
1490159369729,Mouse Moved,457.0,223.0,User8,,
1490159369744,Mouse Moved,459.0,223.0,User8,,
1490159369759,Mouse Moved,460.0,223.0,User8,,
1490159369759,Mouse Moved,461.0,223.0,User8,,
1490159369776,Mouse Moved,463.0,223.0,User8,,
1490159369790,Mouse Moved,465.0,223.0,User8,,
1490159369790,Mouse Moved,466.0,223.0,User8,,
1490159369806,Mouse Moved,467.0,223.0,User8,,
1490159369822,Mouse Moved,468.0,223.0,User8,,
1490159369822,Mouse Moved,471.0,223.0,User8,,
1490159369838,Mouse Moved,475.0,223.0,User8,,
1490159369854,Mouse Moved,479.0,223.0,User8,,
1490159369854,Mouse Moved,482.0,223.0,User8,,
1490159369868,Mouse Moved,485.0,223.0,User8,,
1490159369884,Mouse Moved,487.0,223.0,User8,,
1490159369884,Mouse Moved,489.0,223.0,User8,,
1490159369901,Mouse Moved,490.0,223.0,User8,,
1490159369901,Mouse Moved,491.0,223.0,User8,,
1490159369915,Mouse Moved,492.0,223.0,User8,,
1490159369915,Mouse Moved,493.0,223.0,User8,,
1490159369931,Mouse Moved,495.0,223.0,User8,,
1490159369931,Mouse Moved,496.0,223.0,User8,,
1490159369947,Mouse Moved,498.0,223.0,User8,,
1490159369963,Mouse Moved,500.0,223.0,User8,,
1490159369979,Mouse Moved,502.0,223.0,User8,,
1490159369979,Mouse Moved,504.0,223.0,User8,,
1490159369993,Mouse Moved,505.0,223.0,User8,,
1490159370009,Mouse Moved,506.0,223.0,User8,,
1490159370009,Mouse Moved,507.0,223.0,User8,,
1490159370040,Mouse Moved,508.0,223.0,User8,,
1490159370290,Mouse Moved,509.0,223.0,User8,,
1490159370336,Mouse Moved,509.0,223.0,User8,,
1490159370336,Mouse Button.left Pressed,509.0,223.0,User8,,
1490159370461,Mouse Moved,509.0,223.0,User8,,
1490159370461,Mouse Button.left Released,509.0,223.0,User8,,
1490159370976,Mouse Moved,510.0,223.0,User8,,
1490159370993,Mouse Moved,511.0,224.0,User8,,
1490159371007,Mouse Moved,512.0,224.0,User8,,
1490159371023,Mouse Moved,513.0,225.0,User8,,
1490159371023,Mouse Moved,515.0,225.0,User8,,
1490159371039,Mouse Moved,517.0,226.0,User8,,
1490159371055,Mouse Moved,519.0,227.0,User8,,
1490159371055,Mouse Moved,521.0,228.0,User8,,
1490159371071,Mouse Moved,524.0,229.0,User8,,
1490159371071,Mouse Moved,528.0,231.0,User8,,
1490159371085,Mouse Moved,530.0,232.0,User8,,
1490159371085,Mouse Moved,532.0,232.0,User8,,
1490159371101,Mouse Moved,534.0,233.0,User8,,
1490159371101,Mouse Moved,537.0,233.0,User8,,
1490159371117,Mouse Moved,540.0,235.0,User8,,
1490159371132,Mouse Moved,543.0,235.0,User8,,
1490159371148,Mouse Moved,547.0,235.0,User8,,
1490159371148,Mouse Moved,550.0,235.0,User8,,
1490159371164,Mouse Moved,553.0,236.0,User8,,
1490159371164,Mouse Moved,557.0,236.0,User8,,
1490159371180,Mouse Moved,561.0,237.0,User8,,
1490159371194,Mouse Moved,565.0,237.0,User8,,
1490159371194,Mouse Moved,568.0,237.0,User8,,
1490159371210,Mouse Moved,573.0,237.0,User8,,
1490159371226,Mouse Moved,577.0,237.0,User8,,
1490159371226,Mouse Moved,581.0,237.0,User8,,
1490159371242,Mouse Moved,584.0,237.0,User8,,
1490159371273,Mouse Moved,587.0,237.0,User8,,
1490159371289,Mouse Moved,593.0,238.0,User8,,
1490159371305,Mouse Moved,595.0,238.0,User8,,
1490159371305,Mouse Moved,597.0,238.0,User8,,
1490159371319,Mouse Moved,600.0,238.0,User8,,
1490159371335,Mouse Moved,603.0,238.0,User8,,
1490159371335,Mouse Moved,605.0,239.0,User8,,
1490159371351,Mouse Moved,607.0,239.0,User8,,
1490159371367,Mouse Moved,609.0,239.0,User8,,
1490159371367,Mouse Moved,610.0,239.0,User8,,
1490159371382,Mouse Moved,612.0,239.0,User8,,
1490159371398,Mouse Moved,614.0,239.0,User8,,
1490159371398,Mouse Moved,615.0,239.0,User8,,
1490159371414,Mouse Moved,616.0,239.0,User8,,
1490159371428,Mouse Moved,618.0,239.0,User8,,
1490159371428,Mouse Moved,621.0,239.0,User8,,
1490159371444,Mouse Moved,622.0,238.0,User8,,
1490159371460,Mouse Moved,623.0,238.0,User8,,
1490159371460,Mouse Moved,625.0,238.0,User8,,
1490159371476,Mouse Moved,627.0,238.0,User8,,
1490159371492,Mouse Moved,629.0,237.0,User8,,
1490159371492,Mouse Moved,630.0,237.0,User8,,
1490159371492,Mouse Moved,633.0,237.0,User8,,
1490159371523,Mouse Moved,635.0,237.0,User8,,
1490159371523,Mouse Moved,638.0,237.0,User8,,
1490159371523,Mouse Moved,639.0,237.0,User8,,
1490159371539,Mouse Moved,640.0,237.0,User8,,
1490159371569,Mouse Moved,641.0,237.0,User8,,
1490159371569,Mouse Moved,643.0,237.0,User8,,
1490159371569,Mouse Moved,644.0,237.0,User8,,
1490159371569,Mouse Moved,645.0,237.0,User8,,
1490159371585,Mouse Moved,646.0,237.0,User8,,
1490159371601,Mouse Moved,648.0,237.0,User8,,
1490159371631,Mouse Moved,650.0,237.0,User8,,
1490159371648,Mouse Moved,651.0,237.0,User8,,
1490159371648,Mouse Moved,653.0,238.0,User8,,
1490159371663,Mouse Moved,656.0,239.0,User8,,
1490159371678,Mouse Moved,658.0,241.0,User8,,
1490159371678,Mouse Moved,660.0,242.0,User8,,
1490159371694,Mouse Moved,661.0,242.0,User8,,
1490159371710,Mouse Moved,661.0,243.0,User8,,
1490159371710,Mouse Moved,663.0,243.0,User8,,
1490159371740,Mouse Moved,664.0,243.0,User8,,
1490159371740,Mouse Moved,664.0,244.0,User8,,
1490159371773,Mouse Moved,665.0,244.0,User8,,
1490159371803,Mouse Moved,665.0,245.0,User8,,
1490159371913,Mouse Moved,666.0,245.0,User8,,
1490159372147,Mouse Moved,666.0,246.0,User8,,
1490159384579,Mouse Moved,666.0,245.0,User8,,
1490159384595,Mouse Moved,661.0,243.0,User8,,
1490159384611,Mouse Moved,655.0,242.0,User8,,
1490159384627,Mouse Moved,642.0,242.0,User8,,
1490159384642,Mouse Moved,634.0,241.0,User8,,
1490159384657,Mouse Moved,628.0,241.0,User8,,
1490159384674,Mouse Moved,619.0,241.0,User8,,
1490159384688,Mouse Moved,615.0,241.0,User8,,
1490159384704,Mouse Moved,607.0,241.0,User8,,
1490159384720,Mouse Moved,600.0,241.0,User8,,
1490159384736,Mouse Moved,587.0,239.0,User8,,
1490159384736,Mouse Moved,582.0,239.0,User8,,
1490159384766,Mouse Moved,572.0,238.0,User8,,
1490159384766,Mouse Moved,568.0,238.0,User8,,
1490159384782,Mouse Moved,557.0,237.0,User8,,
1490159384799,Mouse Moved,552.0,237.0,User8,,
1490159384813,Mouse Moved,542.0,237.0,User8,,
1490159384829,Mouse Moved,538.0,237.0,User8,,
1490159384845,Mouse Moved,533.0,237.0,User8,,
1490159384861,Mouse Moved,531.0,237.0,User8,,
1490159384877,Mouse Moved,527.0,237.0,User8,,
1490159384891,Mouse Moved,526.0,237.0,User8,,
1490159384907,Mouse Moved,525.0,237.0,User8,,
1490159384923,Mouse Moved,524.0,238.0,User8,,
1490159384938,Mouse Moved,520.0,240.0,User8,,
1490159384954,Mouse Moved,516.0,241.0,User8,,
1490159384970,Mouse Moved,508.0,246.0,User8,,
1490159384986,Mouse Moved,503.0,248.0,User8,,
1490159385000,Mouse Moved,500.0,249.0,User8,,
1490159385016,Mouse Moved,493.0,251.0,User8,,
1490159385032,Mouse Moved,486.0,252.0,User8,,
1490159385048,Mouse Moved,467.0,256.0,User8,,
1490159385063,Mouse Moved,453.0,261.0,User8,,
1490159385078,Mouse Moved,420.0,274.0,User8,,
1490159385095,Mouse Moved,409.0,279.0,User8,,
1490159385111,Mouse Moved,398.0,282.0,User8,,
1490159385111,Mouse Moved,389.0,284.0,User8,,
1490159385125,Mouse Moved,378.0,285.0,User8,,
1490159385141,Mouse Moved,365.0,285.0,User8,,
1490159385141,Mouse Moved,355.0,285.0,User8,,
1490159385141,Mouse Moved,349.0,285.0,User8,,
1490159385453,Mouse Moved,349.0,283.0,User8,,
1490159385453,Mouse Moved,349.0,281.0,User8,,
1490159385453,Mouse Moved,346.0,275.0,User8,,
1490159385469,Mouse Moved,341.0,269.0,User8,,
1490159385484,Mouse Moved,333.0,258.0,User8,,
1490159385500,Mouse Moved,331.0,255.0,User8,,
1490159385516,Mouse Moved,324.0,249.0,User8,,
1490159385516,Mouse Moved,322.0,248.0,User8,,
1490159385532,Mouse Moved,320.0,245.0,User8,,
1490159385546,Mouse Moved,318.0,244.0,User8,,
1490159385562,Mouse Moved,316.0,242.0,User8,,
1490159385578,Mouse Moved,315.0,241.0,User8,,
1490159385609,Mouse Moved,313.0,240.0,User8,,
1490159385625,Mouse Moved,312.0,239.0,User8,,
1490159385657,Mouse Moved,311.0,239.0,User8,,
1490159385671,Mouse Moved,310.0,239.0,User8,,
1490159385703,Mouse Moved,309.0,239.0,User8,,
1490159385969,Mouse Moved,309.0,239.0,User8,,
1490159385969,Mouse Button.left Pressed,309.0,239.0,User8,,
1490159386108,Mouse Moved,309.0,239.0,User8,,
1490159386108,Mouse Button.left Released,309.0,239.0,User8,,
1490159386795,Mouse Moved,309.0,238.0,User8,,
1490159386826,Mouse Moved,311.0,235.0,User8,,
1490159386826,Mouse Moved,312.0,234.0,User8,,
1490159386826,Mouse Moved,314.0,232.0,User8,,
1490159386842,Mouse Moved,316.0,230.0,User8,,
1490159386858,Mouse Moved,317.0,229.0,User8,,
1490159386858,Mouse Moved,320.0,227.0,User8,,
1490159386872,Mouse Moved,323.0,226.0,User8,,
1490159386888,Mouse Moved,325.0,226.0,User8,,
1490159386888,Mouse Moved,326.0,226.0,User8,,
1490159386904,Mouse Moved,328.0,226.0,User8,,
1490159386920,Mouse Moved,331.0,226.0,User8,,
1490159386920,Mouse Moved,335.0,226.0,User8,,
1490159386936,Mouse Moved,341.0,226.0,User8,,
1490159386950,Mouse Moved,346.0,226.0,User8,,
1490159386950,Mouse Moved,349.0,226.0,User8,,
1490159386967,Mouse Moved,352.0,226.0,User8,,
1490159386983,Mouse Moved,355.0,226.0,User8,,
1490159386997,Mouse Moved,356.0,226.0,User8,,
1490159386997,Mouse Moved,358.0,226.0,User8,,
1490159387013,Mouse Moved,361.0,226.0,User8,,
1490159387029,Mouse Moved,364.0,226.0,User8,,
1490159387029,Mouse Moved,367.0,226.0,User8,,
1490159387045,Mouse Moved,370.0,225.0,User8,,
1490159387061,Mouse Moved,373.0,225.0,User8,,
1490159387061,Mouse Moved,377.0,225.0,User8,,
1490159387075,Mouse Moved,382.0,225.0,User8,,
1490159387075,Mouse Moved,386.0,225.0,User8,,
1490159387092,Mouse Moved,389.0,225.0,User8,,
1490159387092,Mouse Moved,393.0,225.0,User8,,
1490159387107,Mouse Moved,399.0,225.0,User8,,
1490159387122,Mouse Moved,401.0,225.0,User8,,
1490159387138,Mouse Moved,407.0,224.0,User8,,
1490159387154,Mouse Moved,410.0,224.0,User8,,
1490159387170,Mouse Moved,414.0,224.0,User8,,
1490159387170,Mouse Moved,419.0,223.0,User8,,
1490159387184,Mouse Moved,425.0,221.0,User8,,
1490159387200,Mouse Moved,431.0,221.0,User8,,
1490159387200,Mouse Moved,436.0,220.0,User8,,
1490159387217,Mouse Moved,440.0,220.0,User8,,
1490159387232,Mouse Moved,443.0,219.0,User8,,
1490159387232,Mouse Moved,450.0,218.0,User8,,
1490159387247,Mouse Moved,457.0,218.0,User8,,
1490159387263,Mouse Moved,465.0,217.0,User8,,
1490159387263,Mouse Moved,476.0,216.0,User8,,
1490159387279,Mouse Moved,485.0,214.0,User8,,
1490159387295,Mouse Moved,492.0,214.0,User8,,
1490159387295,Mouse Moved,499.0,213.0,User8,,
1490159387309,Mouse Moved,503.0,212.0,User8,,
1490159387341,Mouse Moved,509.0,211.0,User8,,
1490159387341,Mouse Moved,513.0,210.0,User8,,
1490159387341,Mouse Moved,516.0,209.0,User8,,
1490159387357,Mouse Moved,519.0,209.0,User8,,
1490159387372,Mouse Moved,523.0,208.0,User8,,
1490159387372,Mouse Moved,525.0,208.0,User8,,
1490159387388,Mouse Moved,527.0,207.0,User8,,
1490159387404,Mouse Moved,529.0,207.0,User8,,
1490159387404,Mouse Moved,531.0,206.0,User8,,
1490159387418,Mouse Moved,533.0,206.0,User8,,
1490159387434,Mouse Moved,534.0,206.0,User8,,
1490159387434,Mouse Moved,534.0,205.0,User8,,
1490159387466,Mouse Moved,535.0,205.0,User8,,
1490159387466,Mouse Moved,537.0,205.0,User8,,
1490159387496,Mouse Moved,537.0,204.0,User8,,
1490159387763,Mouse Moved,537.0,204.0,User8,,
1490159387763,Mouse Button.left Pressed,537.0,204.0,User8,,
1490159387887,Mouse Moved,537.0,204.0,User8,,
1490159387887,Mouse Button.left Released,537.0,204.0,User8,,
1490159388433,Mouse Moved,537.0,203.0,User8,,
1490159388463,Mouse Moved,535.0,202.0,User8,,
1490159388496,Mouse Moved,534.0,201.0,User8,,
1490159388510,Mouse Moved,533.0,201.0,User8,,
1490159388526,Mouse Moved,533.0,200.0,User8,,
1490159388526,Mouse Moved,532.0,199.0,User8,,
1490159388542,Mouse Moved,531.0,198.0,User8,,
1490159388558,Mouse Moved,529.0,198.0,User8,,
1490159388558,Mouse Moved,527.0,197.0,User8,,
1490159388573,Mouse Moved,526.0,196.0,User8,,
1490159388588,Mouse Moved,523.0,196.0,User8,,
1490159388605,Mouse Moved,522.0,196.0,User8,,
1490159388605,Mouse Moved,520.0,195.0,User8,,
1490159388619,Mouse Moved,519.0,195.0,User8,,
1490159388635,Mouse Moved,516.0,195.0,User8,,
1490159388635,Mouse Moved,515.0,194.0,User8,,
1490159388635,Mouse Moved,514.0,194.0,User8,,
1490159388651,Mouse Moved,512.0,193.0,User8,,
1490159388651,Mouse Moved,509.0,193.0,User8,,
1490159388667,Mouse Moved,506.0,193.0,User8,,
1490159388683,Mouse Moved,503.0,192.0,User8,,
1490159388683,Mouse Moved,500.0,192.0,User8,,
1490159388697,Mouse Moved,497.0,191.0,User8,,
1490159388713,Mouse Moved,494.0,190.0,User8,,
1490159388713,Mouse Moved,491.0,190.0,User8,,
1490159388730,Mouse Moved,487.0,190.0,User8,,
1490159388744,Mouse Moved,483.0,190.0,User8,,
1490159388744,Mouse Moved,480.0,190.0,User8,,
1490159388760,Mouse Moved,478.0,190.0,User8,,
1490159388776,Mouse Moved,475.0,190.0,User8,,
1490159388776,Mouse Moved,473.0,190.0,User8,,
1490159388792,Mouse Moved,470.0,190.0,User8,,
1490159388808,Mouse Moved,468.0,190.0,User8,,
1490159388808,Mouse Moved,465.0,190.0,User8,,
1490159388822,Mouse Moved,463.0,190.0,User8,,
1490159388838,Mouse Moved,460.0,191.0,User8,,
1490159388838,Mouse Moved,457.0,192.0,User8,,
1490159388854,Mouse Moved,454.0,193.0,User8,,
1490159388869,Mouse Moved,452.0,195.0,User8,,
1490159388869,Mouse Moved,448.0,196.0,User8,,
1490159388885,Mouse Moved,444.0,198.0,User8,,
1490159388901,Mouse Moved,441.0,200.0,User8,,
1490159388917,Mouse Moved,439.0,201.0,User8,,
1490159388917,Mouse Moved,436.0,202.0,User8,,
1490159388931,Mouse Moved,435.0,203.0,User8,,
1490159388947,Mouse Moved,434.0,204.0,User8,,
1490159388947,Mouse Moved,432.0,205.0,User8,,
1490159388963,Mouse Moved,430.0,206.0,User8,,
1490159388979,Mouse Moved,429.0,208.0,User8,,
1490159388979,Mouse Moved,427.0,210.0,User8,,
1490159388994,Mouse Moved,425.0,211.0,User8,,
1490159389009,Mouse Moved,423.0,213.0,User8,,
1490159389009,Mouse Moved,422.0,214.0,User8,,
1490159389026,Mouse Moved,421.0,215.0,User8,,
1490159389026,Mouse Moved,418.0,217.0,User8,,
1490159389042,Mouse Moved,417.0,218.0,User8,,
1490159389042,Mouse Moved,413.0,221.0,User8,,
1490159389072,Mouse Moved,411.0,223.0,User8,,
1490159389072,Mouse Moved,409.0,224.0,User8,,
1490159389072,Mouse Moved,407.0,225.0,User8,,
1490159389088,Mouse Moved,405.0,226.0,User8,,
1490159389088,Mouse Moved,403.0,227.0,User8,,
1490159389104,Mouse Moved,403.0,228.0,User8,,
1490159389119,Mouse Moved,401.0,228.0,User8,,
1490159389134,Mouse Moved,399.0,228.0,User8,,
1490159389151,Mouse Moved,396.0,230.0,User8,,
1490159389165,Mouse Moved,395.0,231.0,User8,,
1490159389181,Mouse Moved,391.0,231.0,User8,,
1490159389197,Mouse Moved,390.0,232.0,User8,,
1490159389213,Mouse Moved,387.0,233.0,User8,,
1490159389229,Mouse Moved,386.0,233.0,User8,,
1490159389243,Mouse Moved,382.0,233.0,User8,,
1490159389259,Mouse Moved,380.0,235.0,User8,,
1490159389276,Mouse Moved,377.0,235.0,User8,,
1490159389555,Mouse Moved,376.0,235.0,User8,,
1490159389572,Mouse Moved,367.0,232.0,User8,,
1490159389588,Mouse Moved,360.0,231.0,User8,,
1490159389602,Mouse Moved,355.0,229.0,User8,,
1490159389618,Mouse Moved,352.0,228.0,User8,,
1490159389634,Mouse Moved,348.0,227.0,User8,,
1490159389650,Mouse Moved,345.0,226.0,User8,,
1490159389665,Mouse Moved,339.0,223.0,User8,,
1490159389697,Mouse Moved,337.0,223.0,User8,,
1490159389697,Mouse Moved,335.0,223.0,User8,,
1490159389711,Mouse Moved,332.0,221.0,User8,,
1490159389727,Mouse Moved,329.0,221.0,User8,,
1490159389743,Mouse Moved,326.0,221.0,User8,,
1490159389759,Mouse Moved,321.0,221.0,User8,,
1490159389775,Mouse Moved,318.0,219.0,User8,,
1490159389789,Mouse Moved,314.0,218.0,User8,,
1490159389805,Mouse Moved,311.0,218.0,User8,,
1490159389805,Mouse Moved,308.0,217.0,User8,,
1490159389822,Mouse Moved,306.0,216.0,User8,,
1490159389852,Mouse Moved,304.0,215.0,User8,,
1490159389852,Mouse Moved,303.0,214.0,User8,,
1490159389868,Mouse Moved,301.0,213.0,User8,,
1490159389884,Mouse Moved,301.0,212.0,User8,,
1490159389914,Mouse Moved,300.0,211.0,User8,,
1490159389930,Mouse Moved,300.0,210.0,User8,,
1490159389946,Mouse Moved,299.0,209.0,User8,,
1490159389977,Mouse Moved,298.0,208.0,User8,,
1490159390009,Mouse Moved,297.0,208.0,User8,,
1490159390039,Mouse Moved,296.0,207.0,User8,,
1490159390101,Mouse Moved,296.0,206.0,User8,,
1490159390382,Mouse Moved,296.0,206.0,User8,,
1490159390382,Mouse Button.left Pressed,296.0,206.0,User8,,
1490159390507,Mouse Moved,296.0,206.0,User8,,
1490159390507,Mouse Button.left Released,296.0,206.0,User8,,
1490159391756,Mouse Moved,296.0,204.0,User8,,
1490159391772,Mouse Moved,295.0,203.0,User8,,
1490159391772,Mouse Moved,293.0,202.0,User8,,
1490159391786,Mouse Moved,291.0,201.0,User8,,
1490159391802,Mouse Moved,290.0,200.0,User8,,
1490159391834,Mouse Moved,289.0,199.0,User8,,
1490159391849,Mouse Moved,288.0,198.0,User8,,
1490159391881,Mouse Moved,287.0,197.0,User8,,
1490159391911,Mouse Moved,287.0,196.0,User8,,
1490159391927,Mouse Moved,286.0,196.0,User8,,
1490159391943,Mouse Moved,286.0,195.0,User8,,
1490159391959,Mouse Moved,285.0,195.0,User8,,
1490159391973,Mouse Moved,284.0,194.0,User8,,
1490159392006,Mouse Moved,283.0,193.0,User8,,
1490159392036,Mouse Moved,283.0,192.0,User8,,
1490159392052,Mouse Moved,282.0,191.0,User8,,
1490159392084,Mouse Moved,281.0,190.0,User8,,
1490159392115,Mouse Moved,280.0,189.0,User8,,
1490159392145,Mouse Moved,279.0,187.0,User8,,
1490159392161,Mouse Moved,278.0,186.0,User8,,
1490159392207,Mouse Moved,276.0,185.0,User8,,
1490159392240,Mouse Moved,275.0,184.0,User8,,
1490159392255,Mouse Moved,275.0,183.0,User8,,
1490159392270,Mouse Moved,274.0,181.0,User8,,
1490159392286,Mouse Moved,274.0,180.0,User8,,
1490159392302,Mouse Moved,273.0,178.0,User8,,
1490159392318,Mouse Moved,273.0,177.0,User8,,
1490159392332,Mouse Moved,272.0,176.0,User8,,
1490159392348,Mouse Moved,272.0,174.0,User8,,
1490159392364,Mouse Moved,270.0,172.0,User8,,
1490159392380,Mouse Moved,270.0,171.0,User8,,
1490159392395,Mouse Moved,270.0,169.0,User8,,
1490159392427,Mouse Moved,270.0,168.0,User8,,
1490159392441,Mouse Moved,269.0,167.0,User8,,
1490159392457,Mouse Moved,269.0,165.0,User8,,
1490159392473,Mouse Moved,269.0,164.0,User8,,
1490159392505,Mouse Moved,269.0,163.0,User8,,
1490159392552,Mouse Moved,269.0,162.0,User8,,
1490159392566,Mouse Moved,268.0,162.0,User8,,
1490159392582,Mouse Moved,268.0,161.0,User8,,
1490159392676,Mouse Moved,268.0,160.0,User8,,
1490159392973,Mouse Moved,268.0,160.0,User8,,
1490159392973,Mouse Button.left Pressed,268.0,160.0,User8,,
1490159393098,Mouse Moved,268.0,160.0,User8,,
1490159393098,Mouse Button.left Released,268.0,160.0,User8,,
1490159394142,Mouse Moved,270.0,159.0,User8,,
1490159394157,Mouse Moved,272.0,159.0,User8,,
1490159394174,Mouse Moved,273.0,159.0,User8,,
1490159394190,Mouse Moved,276.0,159.0,User8,,
1490159394204,Mouse Moved,277.0,159.0,User8,,
1490159394220,Mouse Moved,280.0,161.0,User8,,
1490159394236,Mouse Moved,281.0,161.0,User8,,
1490159394252,Mouse Moved,285.0,162.0,User8,,
1490159394267,Mouse Moved,288.0,163.0,User8,,
1490159394282,Mouse Moved,292.0,164.0,User8,,
1490159394299,Mouse Moved,295.0,166.0,User8,,
1490159394313,Mouse Moved,300.0,167.0,User8,,
1490159394329,Mouse Moved,305.0,168.0,User8,,
1490159394345,Mouse Moved,311.0,168.0,User8,,
1490159394361,Mouse Moved,313.0,168.0,User8,,
1490159394377,Mouse Moved,318.0,169.0,User8,,
1490159394391,Mouse Moved,321.0,170.0,User8,,
1490159394407,Mouse Moved,325.0,171.0,User8,,
1490159394424,Mouse Moved,328.0,171.0,User8,,
1490159394438,Mouse Moved,333.0,171.0,User8,,
1490159394454,Mouse Moved,336.0,171.0,User8,,
1490159394470,Mouse Moved,344.0,171.0,User8,,
1490159394486,Mouse Moved,348.0,172.0,User8,,
1490159394502,Mouse Moved,357.0,173.0,User8,,
1490159394502,Mouse Moved,362.0,173.0,User8,,
1490159394532,Mouse Moved,377.0,174.0,User8,,
1490159394548,Mouse Moved,388.0,175.0,User8,,
1490159394563,Mouse Moved,405.0,176.0,User8,,
1490159394579,Mouse Moved,413.0,177.0,User8,,
1490159394595,Mouse Moved,420.0,177.0,User8,,
1490159394611,Mouse Moved,431.0,178.0,User8,,
1490159394611,Mouse Moved,444.0,179.0,User8,,
1490159394625,Mouse Moved,459.0,181.0,User8,,
1490159394625,Mouse Moved,480.0,183.0,User8,,
1490159394641,Mouse Moved,495.0,186.0,User8,,
1490159394657,Mouse Moved,508.0,188.0,User8,,
1490159394657,Mouse Moved,519.0,191.0,User8,,
1490159394673,Mouse Moved,529.0,193.0,User8,,
1490159394688,Mouse Moved,537.0,194.0,User8,,
1490159394688,Mouse Moved,544.0,195.0,User8,,
1490159394703,Mouse Moved,550.0,196.0,User8,,
1490159394720,Mouse Moved,555.0,197.0,User8,,
1490159394720,Mouse Moved,558.0,198.0,User8,,
1490159394736,Mouse Moved,563.0,199.0,User8,,
1490159394750,Mouse Moved,567.0,200.0,User8,,
1490159394750,Mouse Moved,571.0,201.0,User8,,
1490159394766,Mouse Moved,574.0,201.0,User8,,
1490159394782,Mouse Moved,578.0,202.0,User8,,
1490159394782,Mouse Moved,580.0,204.0,User8,,
1490159394798,Mouse Moved,582.0,204.0,User8,,
1490159394813,Mouse Moved,584.0,205.0,User8,,
1490159394828,Mouse Moved,586.0,206.0,User8,,
1490159394828,Mouse Moved,589.0,207.0,User8,,
1490159394845,Mouse Moved,590.0,207.0,User8,,
1490159394859,Mouse Moved,591.0,207.0,User8,,
1490159394859,Mouse Moved,591.0,208.0,User8,,
1490159394875,Mouse Moved,592.0,208.0,User8,,
1490159394875,Mouse Moved,593.0,208.0,User8,,
1490159394907,Mouse Moved,595.0,209.0,User8,,
1490159395983,Mouse Moved,595.0,209.0,User8,,
1490159395983,Mouse Button.left Pressed,595.0,209.0,User8,,
1490159396233,Mouse Moved,595.0,209.0,User8,,
1490159396233,Mouse Button.left Released,595.0,209.0,User8,,
1490159431723,Mouse Moved,594.0,209.0,User8,,
1490159431739,Mouse Moved,594.0,210.0,User8,,
1490159431753,Mouse Moved,591.0,211.0,User8,,
1490159431753,Mouse Moved,587.0,212.0,User8,,
1490159431769,Mouse Moved,585.0,212.0,User8,,
1490159431785,Mouse Moved,581.0,212.0,User8,,
1490159431785,Mouse Moved,577.0,212.0,User8,,
1490159431801,Mouse Moved,573.0,212.0,User8,,
1490159431816,Mouse Moved,569.0,212.0,User8,,
1490159431816,Mouse Moved,564.0,211.0,User8,,
1490159431832,Mouse Moved,560.0,210.0,User8,,
1490159431848,Mouse Moved,554.0,208.0,User8,,
1490159431848,Mouse Moved,549.0,208.0,User8,,
1490159431862,Mouse Moved,545.0,207.0,User8,,
1490159431878,Mouse Moved,539.0,206.0,User8,,
1490159431878,Mouse Moved,531.0,205.0,User8,,
1490159431894,Mouse Moved,523.0,205.0,User8,,
1490159431910,Mouse Moved,512.0,205.0,User8,,
1490159431910,Mouse Moved,501.0,206.0,User8,,
1490159431926,Mouse Moved,490.0,208.0,User8,,
1490159431940,Mouse Moved,483.0,210.0,User8,,
1490159431940,Mouse Moved,476.0,212.0,User8,,
1490159431940,Mouse Moved,472.0,215.0,User8,,
1490159431957,Mouse Moved,467.0,216.0,User8,,
1490159431973,Mouse Moved,464.0,219.0,User8,,
1490159431973,Mouse Moved,461.0,221.0,User8,,
1490159432019,Mouse Moved,459.0,222.0,User8,,
1490159432019,Mouse Moved,455.0,233.0,User8,,
1490159432035,Mouse Moved,453.0,241.0,User8,,
1490159432035,Mouse Moved,452.0,252.0,User8,,
1490159432051,Mouse Moved,452.0,261.0,User8,,
1490159432065,Mouse Moved,451.0,281.0,User8,,
1490159432082,Mouse Moved,449.0,290.0,User8,,
1490159432096,Mouse Moved,448.0,305.0,User8,,
1490159432112,Mouse Moved,448.0,311.0,User8,,
1490159432128,Mouse Moved,448.0,319.0,User8,,
1490159432128,Mouse Moved,448.0,327.0,User8,,
1490159432144,Mouse Moved,448.0,335.0,User8,,
1490159432160,Mouse Moved,448.0,345.0,User8,,
1490159432160,Mouse Moved,451.0,356.0,User8,,
1490159432174,Mouse Moved,455.0,365.0,User8,,
1490159432190,Mouse Moved,461.0,375.0,User8,,
1490159432190,Mouse Moved,466.0,384.0,User8,,
1490159432207,Mouse Moved,470.0,390.0,User8,,
1490159432221,Mouse Moved,473.0,395.0,User8,,
1490159432221,Mouse Moved,476.0,398.0,User8,,
1490159433111,Mouse Moved,473.0,403.0,User8,,
1490159433111,Mouse Moved,469.0,409.0,User8,,
1490159433127,Mouse Moved,466.0,411.0,User8,,
1490159433127,Mouse Moved,464.0,414.0,User8,,
1490159433157,Mouse Moved,464.0,415.0,User8,,
1490159433157,Mouse Moved,461.0,417.0,User8,,
1490159433174,Mouse Moved,459.0,420.0,User8,,
1490159433188,Mouse Moved,455.0,426.0,User8,,
1490159433204,Mouse Moved,454.0,432.0,User8,,
1490159433220,Mouse Moved,446.0,445.0,User8,,
1490159433236,Mouse Moved,443.0,450.0,User8,,
1490159433252,Mouse Moved,430.0,466.0,User8,,
1490159433266,Mouse Moved,420.0,478.0,User8,,
1490159433282,Mouse Moved,410.0,488.0,User8,,
1490159433282,Mouse Moved,400.0,499.0,User8,,
1490159433299,Mouse Moved,391.0,507.0,User8,,
1490159433313,Mouse Moved,381.0,517.0,User8,,
1490159433329,Mouse Moved,365.0,529.0,User8,,
1490159433329,Mouse Moved,351.0,541.0,User8,,
1490159433345,Mouse Moved,339.0,550.0,User8,,
1490159433361,Mouse Moved,329.0,558.0,User8,,
1490159433361,Mouse Moved,318.0,566.0,User8,,
1490159433377,Mouse Moved,308.0,571.0,User8,,
1490159433391,Mouse Moved,299.0,577.0,User8,,
1490159433391,Mouse Moved,294.0,580.0,User8,,
1490159433407,Mouse Moved,288.0,581.0,User8,,
1490159433423,Mouse Moved,285.0,582.0,User8,,
1490159433423,Mouse Moved,281.0,584.0,User8,,
1490159433438,Mouse Moved,279.0,584.0,User8,,
1490159433454,Mouse Moved,277.0,585.0,User8,,
1490159433454,Mouse Moved,276.0,585.0,User8,,
1490159433688,Mouse Moved,275.0,585.0,User8,,
1490159433703,Mouse Moved,274.0,585.0,User8,,
1490159433703,Mouse Moved,273.0,585.0,User8,,
1490159433720,Mouse Moved,271.0,585.0,User8,,
1490159433734,Mouse Moved,268.0,585.0,User8,,
1490159433734,Mouse Moved,264.0,585.0,User8,,
1490159433750,Mouse Moved,260.0,585.0,User8,,
1490159433766,Mouse Moved,256.0,585.0,User8,,
1490159433766,Mouse Moved,250.0,584.0,User8,,
1490159433782,Mouse Moved,245.0,584.0,User8,,
1490159433798,Mouse Moved,241.0,583.0,User8,,
1490159433798,Mouse Moved,236.0,582.0,User8,,
1490159433812,Mouse Moved,232.0,582.0,User8,,
1490159433828,Mouse Moved,229.0,582.0,User8,,
1490159433828,Mouse Moved,226.0,582.0,User8,,
1490159433845,Mouse Moved,223.0,581.0,User8,,
1490159433859,Mouse Moved,220.0,581.0,User8,,
1490159433859,Mouse Moved,218.0,581.0,User8,,
1490159433875,Mouse Moved,217.0,581.0,User8,,
1490159433891,Mouse Moved,215.0,581.0,User8,,
1490159433891,Mouse Moved,214.0,581.0,User8,,
1490159433907,Mouse Moved,212.0,581.0,User8,,
1490159433937,Mouse Moved,211.0,581.0,User8,,
1490159433969,Mouse Moved,210.0,581.0,User8,,
1490159434032,Mouse Moved,208.0,581.0,User8,,
1490159434046,Mouse Moved,207.0,581.0,User8,,
1490159434094,Mouse Moved,207.0,582.0,User8,,
1490159434125,Mouse Moved,206.0,582.0,User8,,
1490159434141,Mouse Moved,206.0,583.0,User8,,
1490159434141,Mouse Moved,205.0,585.0,User8,,
1490159434157,Mouse Moved,205.0,586.0,User8,,
1490159434171,Mouse Moved,205.0,588.0,User8,,
1490159434171,Mouse Moved,204.0,589.0,User8,,
1490159434187,Mouse Moved,203.0,590.0,User8,,
1490159434203,Mouse Moved,203.0,591.0,User8,,
1490159434234,Mouse Moved,203.0,592.0,User8,,
1490159434280,Mouse Moved,203.0,593.0,User8,,
1490159434328,Mouse Moved,203.0,594.0,User8,,
1490159434358,Mouse Moved,203.0,595.0,User8,,
1490159434391,Mouse Moved,204.0,596.0,User8,,
1490159434437,Mouse Moved,204.0,597.0,User8,,
1490159434483,Mouse Moved,204.0,598.0,User8,,
1490159436138,Mouse Moved,204.0,598.0,User8,,
1490159436138,Mouse Button.left Pressed,204.0,598.0,User8,,
1490159436246,Mouse Moved,204.0,598.0,User8,,
1490159436246,Mouse Button.left Released,204.0,598.0,User8,,
1490159438696,Mouse Moved,204.0,594.0,User8,,
1490159438711,Mouse Moved,204.0,589.0,User8,,
1490159438726,Mouse Moved,197.0,568.0,User8,,
1490159438743,Mouse Moved,194.0,553.0,User8,,
1490159438759,Mouse Moved,189.0,524.0,User8,,
1490159438759,Mouse Moved,180.0,481.0,User8,,
1490159438773,Mouse Moved,178.0,443.0,User8,,
1490159438789,Mouse Moved,178.0,386.0,User8,,
1490159438789,Mouse Moved,179.0,347.0,User8,,
1490159438805,Mouse Moved,180.0,309.0,User8,,
1490159438821,Mouse Moved,184.0,265.0,User8,,
1490159438821,Mouse Moved,187.0,239.0,User8,,
1490159438836,Mouse Moved,190.0,224.0,User8,,
1490159438851,Mouse Moved,190.0,213.0,User8,,
1490159438851,Mouse Moved,190.0,209.0,User8,,
1490159438868,Mouse Moved,190.0,206.0,User8,,
1490159439194,Mouse Moved,190.0,204.0,User8,,
1490159439210,Mouse Moved,191.0,197.0,User8,,
1490159439226,Mouse Moved,194.0,185.0,User8,,
1490159439226,Mouse Moved,195.0,171.0,User8,,
1490159439242,Mouse Moved,198.0,154.0,User8,,
1490159439257,Mouse Moved,201.0,139.0,User8,,
1490159439257,Mouse Moved,203.0,125.0,User8,,
1490159439273,Mouse Moved,205.0,116.0,User8,,
1490159439289,Mouse Moved,206.0,108.0,User8,,
1490159439305,Mouse Moved,206.0,107.0,User8,,
1490159439319,Mouse Moved,206.0,106.0,User8,,
1490159439617,Mouse Moved,205.0,106.0,User8,,
1490159439663,Mouse Moved,205.0,105.0,User8,,
1490159439678,Mouse Moved,205.0,101.0,User8,,
1490159439678,Mouse Moved,206.0,96.0,User8,,
1490159439694,Mouse Moved,210.0,87.0,User8,,
1490159439710,Mouse Moved,212.0,81.0,User8,,
1490159439710,Mouse Moved,214.0,74.0,User8,,
1490159439726,Mouse Moved,215.0,68.0,User8,,
1490159439740,Mouse Moved,217.0,54.0,User8,,
1490159439756,Mouse Moved,218.0,48.0,User8,,
1490159439756,Mouse Moved,218.0,44.0,User8,,
1490159439773,Mouse Moved,218.0,41.0,User8,,
1490159439773,Mouse Moved,218.0,38.0,User8,,
1490159439788,Mouse Moved,218.0,37.0,User8,,
1490159439803,Mouse Moved,218.0,36.0,User8,,
1490159440272,Mouse Moved,218.0,37.0,User8,,
1490159440286,Mouse Moved,218.0,38.0,User8,,
1490159440302,Mouse Moved,218.0,39.0,User8,,
1490159440319,Mouse Moved,218.0,40.0,User8,,
1490159440334,Mouse Moved,218.0,41.0,User8,,
1490159440397,Mouse Moved,218.0,42.0,User8,,
1490159440459,Mouse Moved,218.0,43.0,User8,,
1490159440536,Mouse Moved,218.0,44.0,User8,,
1490159440536,Mouse Moved,217.0,45.0,User8,,
1490159440584,Mouse Moved,216.0,45.0,User8,,
1490159440598,Mouse Moved,216.0,46.0,User8,,
1490159440615,Mouse Moved,215.0,46.0,User8,,
1490159440661,Mouse Moved,215.0,47.0,User8,,
1490159440755,Mouse Moved,215.0,48.0,User8,,
1490159440786,Mouse Moved,214.0,48.0,User8,,
1490159442112,Mouse Moved,219.0,50.0,User8,,
1490159442128,Mouse Moved,230.0,53.0,User8,,
1490159442144,Mouse Moved,294.0,55.0,User8,,
1490159442190,Mouse Moved,372.0,55.0,User8,,
1490159442206,Mouse Moved,836.0,5.0,User8,,
1490159442221,Mouse Moved,883.0,1.0,User8,,
1490159442517,Mouse Moved,987.0,1.0,User8,,
1490159442533,Mouse Moved,1014.0,10.0,User8,,
1490159442533,Mouse Moved,1039.0,18.0,User8,,
1490159442549,Mouse Moved,1054.0,24.0,User8,,
1490159442565,Mouse Moved,1063.0,29.0,User8,,
1490159442565,Mouse Moved,1070.0,32.0,User8,,
1490159442581,Mouse Moved,1076.0,34.0,User8,,
1490159442595,Mouse Moved,1087.0,38.0,User8,,
1490159442611,Mouse Moved,1088.0,39.0,User8,,
1490159442627,Mouse Moved,1089.0,40.0,User8,,
1490159442627,Mouse Moved,1090.0,40.0,User8,,
1490159442767,Mouse Moved,1090.0,41.0,User8,,
1490159442782,Mouse Moved,1089.0,41.0,User8,,
1490159442877,Mouse Moved,1088.0,41.0,User8,,
1490159442877,Mouse Moved,1088.0,42.0,User8,,
1490159443141,Mouse Moved,1090.0,43.0,User8,,
1490159443157,Mouse Moved,1092.0,43.0,User8,,
1490159443157,Mouse Moved,1093.0,43.0,User8,,
1490159443204,Mouse Moved,1100.0,46.0,User8,,
1490159443220,Mouse Moved,1101.0,47.0,User8,,
1490159443236,Mouse Moved,1102.0,47.0,User8,,
1490159443578,Mouse Moved,1102.0,47.0,User8,,
1490159443578,Mouse Button.left Pressed,1102.0,47.0,User8,,
1490159443687,Mouse Moved,1102.0,47.0,User8,,
1490159443687,Mouse Button.left Released,1102.0,47.0,User8,,
1490159444078,Mouse Moved,1102.0,48.0,User8,,
1490159444233,Mouse Moved,1093.0,54.0,User8,,
1490159444233,Mouse Moved,1087.0,61.0,User8,,
1490159444250,Mouse Moved,1074.0,75.0,User8,,
1490159444265,Mouse Moved,1022.0,144.0,User8,,
1490159444280,Mouse Moved,997.0,184.0,User8,,
1490159444296,Mouse Moved,981.0,209.0,User8,,
1490159444296,Mouse Moved,968.0,228.0,User8,,
1490159444312,Mouse Moved,960.0,239.0,User8,,
1490159444328,Mouse Moved,953.0,248.0,User8,,
1490159444328,Mouse Moved,951.0,251.0,User8,,
1490159444342,Mouse Moved,950.0,253.0,User8,,
1490159444358,Mouse Moved,950.0,254.0,User8,,
1490159444358,Mouse Moved,949.0,255.0,User8,,
1490159444515,Mouse Moved,949.0,254.0,User8,,
1490159444546,Mouse Moved,949.0,252.0,User8,,
1490159444562,Mouse Moved,950.0,247.0,User8,,
1490159444576,Mouse Moved,951.0,241.0,User8,,
1490159444576,Mouse Moved,952.0,233.0,User8,,
1490159444592,Mouse Moved,953.0,222.0,User8,,
1490159444608,Mouse Moved,955.0,211.0,User8,,
1490159444624,Mouse Moved,958.0,199.0,User8,,
1490159444624,Mouse Moved,961.0,188.0,User8,,
1490159444640,Mouse Moved,967.0,174.0,User8,,
1490159444654,Mouse Moved,967.0,171.0,User8,,
1490159444671,Mouse Moved,969.0,168.0,User8,,
1490159444701,Mouse Moved,969.0,167.0,User8,,
1490159444967,Mouse Moved,969.0,168.0,User8,,
1490159445013,Mouse Moved,970.0,168.0,User8,,
1490159445311,Mouse Moved,970.0,168.0,User8,,
1490159445311,Mouse Button.left Pressed,970.0,168.0,User8,,
1490159445434,Mouse Moved,970.0,168.0,User8,,
1490159445434,Mouse Button.left Released,970.0,168.0,User8,,
1490159456917,Mouse Moved,551.0,441.0,User8,,
1490159456917,Mouse Moved,556.0,437.0,User8,,
1490159456931,Mouse Moved,568.0,431.0,User8,,
1490159456947,Mouse Moved,597.0,418.0,User8,,
1490159456947,Mouse Moved,636.0,401.0,User8,,
1490159456963,Mouse Moved,684.0,375.0,User8,,
1490159456963,Mouse Moved,750.0,343.0,User8,,
1490159456979,Mouse Moved,802.0,321.0,User8,,
1490159456994,Mouse Moved,846.0,303.0,User8,,
1490159456994,Mouse Moved,876.0,295.0,User8,,
1490159457009,Mouse Moved,895.0,291.0,User8,,
1490159457026,Mouse Moved,903.0,291.0,User8,,
1490159457276,Mouse Moved,895.0,288.0,User8,,
1490159457290,Mouse Moved,889.0,285.0,User8,,
1490159457306,Mouse Moved,883.0,280.0,User8,,
1490159457322,Mouse Moved,877.0,275.0,User8,,
1490159457322,Mouse Moved,869.0,270.0,User8,,
1490159457322,Mouse Moved,862.0,264.0,User8,,
1490159457338,Mouse Moved,855.0,259.0,User8,,
1490159457338,Mouse Moved,847.0,255.0,User8,,
1490159457354,Mouse Moved,839.0,250.0,User8,,
1490159457368,Mouse Moved,830.0,247.0,User8,,
1490159457368,Mouse Moved,825.0,244.0,User8,,
1490159457431,Mouse Moved,811.0,235.0,User8,,
1490159457431,Mouse Moved,809.0,234.0,User8,,
1490159457509,Mouse Moved,809.0,233.0,User8,,
1490159457759,Mouse Moved,809.0,233.0,User8,,
1490159457759,Mouse Button.left Pressed,809.0,233.0,User8,,
1490159457868,Mouse Moved,809.0,233.0,User8,,
1490159457868,Mouse Button.left Released,809.0,233.0,User8,,
1490159458351,Mouse Moved,809.0,234.0,User8,,
1490159458351,Mouse Moved,809.0,235.0,User8,,
1490159458368,Mouse Moved,809.0,237.0,User8,,
1490159458382,Mouse Moved,808.0,243.0,User8,,
1490159458414,Mouse Moved,806.0,250.0,User8,,
1490159458430,Mouse Moved,806.0,253.0,User8,,
1490159458446,Mouse Moved,806.0,256.0,User8,,
1490159458446,Mouse Moved,806.0,258.0,User8,,
1490159458460,Mouse Moved,805.0,259.0,User8,,
1490159458476,Mouse Moved,804.0,260.0,User8,,
1490159458476,Mouse Moved,804.0,261.0,User8,,
1490159458492,Mouse Moved,804.0,262.0,User8,,
1490159458507,Mouse Moved,804.0,263.0,User8,,
1490159458507,Mouse Moved,804.0,265.0,User8,,
1490159458523,Mouse Moved,803.0,266.0,User8,,
1490159458555,Mouse Moved,803.0,267.0,User8,,
1490159458585,Mouse Moved,803.0,268.0,User8,,
1490159458601,Mouse Moved,803.0,269.0,User8,,
1490159458960,Mouse Moved,803.0,270.0,User8,,
1490159459038,Mouse Moved,803.0,271.0,User8,,
1490159459881,Mouse Moved,802.0,271.0,User8,,
1490159459895,Mouse Moved,799.0,272.0,User8,,
1490159459911,Mouse Moved,795.0,274.0,User8,,
1490159459927,Mouse Moved,780.0,282.0,User8,,
1490159459943,Mouse Moved,763.0,290.0,User8,,
1490159459959,Mouse Moved,719.0,321.0,User8,,
1490159459973,Mouse Moved,704.0,329.0,User8,,
1490159459990,Mouse Moved,694.0,334.0,User8,,
1490159459990,Mouse Moved,687.0,338.0,User8,,
1490159460006,Mouse Moved,684.0,340.0,User8,,
1490159460020,Mouse Moved,683.0,341.0,User8,,
1490159460380,Mouse Moved,683.0,342.0,User8,,
1490159460395,Mouse Moved,684.0,342.0,User8,,
1490159460395,Mouse Moved,684.0,344.0,User8,,
1490159460411,Mouse Moved,685.0,345.0,User8,,
1490159460427,Mouse Moved,688.0,346.0,User8,,
1490159460441,Mouse Moved,691.0,349.0,User8,,
1490159460473,Mouse Moved,694.0,352.0,User8,,
1490159460489,Mouse Moved,695.0,353.0,User8,,
1490159460505,Mouse Moved,697.0,353.0,User8,,
1490159460536,Mouse Moved,698.0,354.0,User8,,
1490159460552,Mouse Moved,700.0,355.0,User8,,
1490159460566,Mouse Moved,700.0,356.0,User8,,
1490159460582,Mouse Moved,701.0,356.0,User8,,
1490159460598,Mouse Moved,702.0,356.0,User8,,
1490159460614,Mouse Moved,704.0,357.0,User8,,
1490159460644,Mouse Moved,705.0,358.0,User8,,
1490159460676,Mouse Moved,707.0,359.0,User8,,
1490159460707,Mouse Moved,708.0,359.0,User8,,
1490159460739,Mouse Moved,708.0,360.0,User8,,
1490159460753,Mouse Moved,709.0,360.0,User8,,
1490159460786,Mouse Moved,710.0,360.0,User8,,
1490159460801,Mouse Moved,711.0,361.0,User8,,
1490159460832,Mouse Moved,712.0,362.0,User8,,
1490159460864,Mouse Moved,712.0,363.0,User8,,
1490159460941,Mouse Moved,713.0,363.0,User8,,
1490159460987,Mouse Moved,714.0,363.0,User8,,
1490159461003,Mouse Moved,715.0,363.0,User8,,
1490159461019,Mouse Moved,715.0,364.0,User8,,
1490159461082,Mouse Moved,716.0,364.0,User8,,
1490159461112,Mouse Moved,717.0,364.0,User8,,
1490159461207,Mouse Moved,718.0,364.0,User8,,
1490159461221,Mouse Moved,718.0,365.0,User8,,
1490159461237,Mouse Moved,719.0,365.0,User8,,
1490159461269,Mouse Moved,720.0,365.0,User8,,
1490159461644,Mouse Moved,721.0,365.0,User8,,
1490159461736,Mouse Moved,722.0,365.0,User8,,
1490159461831,Mouse Moved,723.0,365.0,User8,,
1490159461831,Mouse Moved,723.0,366.0,User8,,
1490159461908,Mouse Moved,724.0,366.0,User8,,
1490159462391,Mouse Moved,724.0,367.0,User8,,
1490159462454,Mouse Moved,724.0,367.0,User8,,
1490159462454,Mouse Button.left Pressed,724.0,367.0,User8,,
1490159462611,Mouse Moved,724.0,368.0,User8,,
1490159462625,Mouse Moved,722.0,368.0,User8,,
1490159462641,Mouse Moved,720.0,369.0,User8,,
1490159462657,Mouse Moved,716.0,371.0,User8,,
1490159462657,Mouse Moved,709.0,373.0,User8,,
1490159462673,Mouse Moved,702.0,375.0,User8,,
1490159462688,Mouse Moved,691.0,377.0,User8,,
1490159462688,Mouse Moved,677.0,379.0,User8,,
1490159462703,Mouse Moved,664.0,381.0,User8,,
1490159462720,Mouse Moved,649.0,384.0,User8,,
1490159462720,Mouse Moved,636.0,385.0,User8,,
1490159462736,Mouse Moved,625.0,387.0,User8,,
1490159462736,Mouse Moved,610.0,389.0,User8,,
1490159462750,Mouse Moved,589.0,392.0,User8,,
1490159462766,Mouse Moved,574.0,394.0,User8,,
1490159462782,Mouse Moved,564.0,397.0,User8,,
1490159462782,Mouse Moved,556.0,398.0,User8,,
1490159462798,Mouse Moved,552.0,398.0,User8,,
1490159462798,Mouse Moved,549.0,399.0,User8,,
1490159462813,Mouse Moved,548.0,399.0,User8,,
1490159462828,Mouse Moved,546.0,399.0,User8,,
1490159463250,Mouse Moved,545.0,399.0,User8,,
1490159463391,Mouse Moved,544.0,399.0,User8,,
1490159463405,Mouse Moved,542.0,399.0,User8,,
1490159463421,Mouse Moved,539.0,399.0,User8,,
1490159463421,Mouse Moved,533.0,400.0,User8,,
1490159463437,Mouse Moved,526.0,400.0,User8,,
1490159463469,Mouse Moved,512.0,402.0,User8,,
1490159463469,Mouse Moved,509.0,403.0,User8,,
1490159463483,Mouse Moved,507.0,403.0,User8,,
1490159463500,Mouse Moved,505.0,403.0,User8,,
1490159463516,Mouse Moved,504.0,403.0,User8,,
1490159464092,Mouse Moved,504.0,403.0,User8,,
1490159464092,Mouse Button.left Released,504.0,403.0,User8,,
1490159464233,Mouse Moved,506.0,403.0,User8,,
1490159464249,Mouse Moved,507.0,403.0,User8,,
1490159464263,Mouse Moved,509.0,403.0,User8,,
1490159464263,Mouse Moved,511.0,403.0,User8,,
1490159464279,Mouse Moved,514.0,404.0,User8,,
1490159464296,Mouse Moved,520.0,406.0,User8,,
1490159464311,Mouse Moved,522.0,406.0,User8,,
1490159464326,Mouse Moved,525.0,407.0,User8,,
1490159464342,Mouse Moved,527.0,408.0,User8,,
1490159464358,Mouse Moved,529.0,408.0,User8,,
1490159464358,Mouse Moved,531.0,408.0,User8,,
1490159464374,Mouse Moved,532.0,410.0,User8,,
1490159464374,Mouse Moved,534.0,411.0,User8,,
1490159464374,Mouse Moved,537.0,411.0,User8,,
1490159464388,Mouse Moved,539.0,413.0,User8,,
1490159464404,Mouse Moved,550.0,419.0,User8,,
1490159464420,Mouse Moved,555.0,421.0,User8,,
1490159464436,Mouse Moved,571.0,428.0,User8,,
1490159464451,Mouse Moved,576.0,429.0,User8,,
1490159464467,Mouse Moved,580.0,431.0,User8,,
1490159464497,Mouse Moved,583.0,433.0,User8,,
1490159464497,Mouse Moved,587.0,434.0,User8,,
1490159464497,Mouse Moved,588.0,435.0,User8,,
1490159464513,Mouse Moved,589.0,435.0,User8,,
1490159464545,Mouse Moved,590.0,435.0,User8,,
1490159464717,Mouse Moved,591.0,435.0,User8,,
1490159464732,Mouse Moved,592.0,433.0,User8,,
1490159464747,Mouse Moved,592.0,432.0,User8,,
1490159464747,Mouse Moved,592.0,431.0,User8,,
1490159464763,Mouse Moved,593.0,430.0,User8,,
1490159464763,Mouse Moved,593.0,429.0,User8,,
1490159464779,Mouse Moved,593.0,428.0,User8,,
1490159464795,Mouse Moved,594.0,428.0,User8,,
1490159464795,Mouse Moved,594.0,427.0,User8,,
1490159464809,Mouse Moved,594.0,426.0,User8,,
1490159464825,Mouse Moved,594.0,425.0,User8,,
1490159464857,Mouse Moved,594.0,424.0,User8,,
1490159464888,Mouse Moved,594.0,423.0,User8,,
1490159464920,Mouse Moved,594.0,422.0,User8,,
1490159464982,Mouse Moved,594.0,422.0,User8,,
1490159464982,Mouse Button.left Pressed,594.0,422.0,User8,,
1490159465091,Mouse Moved,594.0,422.0,User8,,
1490159465091,Mouse Button.left Released,594.0,422.0,User8,,
1490159465355,Mouse Moved,594.0,421.0,User8,,
1490159465496,Mouse Moved,594.0,420.0,User8,,
1490159465528,Mouse Moved,594.0,418.0,User8,,
1490159465528,Mouse Moved,595.0,416.0,User8,,
1490159465543,Mouse Moved,597.0,413.0,User8,,
1490159465543,Mouse Moved,599.0,410.0,User8,,
1490159465575,Mouse Moved,600.0,406.0,User8,,
1490159465575,Mouse Moved,604.0,399.0,User8,,
1490159465575,Mouse Moved,608.0,389.0,User8,,
1490159465589,Mouse Moved,611.0,374.0,User8,,
1490159465605,Mouse Moved,621.0,334.0,User8,,
1490159465621,Mouse Moved,624.0,316.0,User8,,
1490159465637,Mouse Moved,626.0,301.0,User8,,
1490159465637,Mouse Moved,627.0,291.0,User8,,
1490159465653,Mouse Moved,627.0,284.0,User8,,
1490159465667,Mouse Moved,629.0,280.0,User8,,
1490159465667,Mouse Moved,630.0,277.0,User8,,
1490159465684,Mouse Moved,630.0,276.0,User8,,
1490159465700,Mouse Moved,630.0,275.0,User8,,
1490159466012,Mouse Moved,629.0,275.0,User8,,
1490159466042,Mouse Moved,629.0,272.0,User8,,
1490159466058,Mouse Moved,629.0,268.0,User8,,
1490159466073,Mouse Moved,628.0,266.0,User8,,
1490159466073,Mouse Moved,628.0,264.0,User8,,
1490159466089,Mouse Moved,627.0,262.0,User8,,
1490159466105,Mouse Moved,626.0,260.0,User8,,
1490159466121,Mouse Moved,626.0,259.0,User8,,
1490159466135,Mouse Moved,626.0,257.0,User8,,
1490159466151,Mouse Moved,624.0,256.0,User8,,
1490159466183,Mouse Moved,623.0,255.0,User8,,
1490159466447,Mouse Moved,623.0,256.0,User8,,
1490159466463,Mouse Moved,624.0,259.0,User8,,
1490159466494,Mouse Moved,624.0,261.0,User8,,
1490159466494,Mouse Moved,625.0,262.0,User8,,
1490159466510,Mouse Moved,626.0,263.0,User8,,
1490159466526,Mouse Moved,626.0,264.0,User8,,
1490159466542,Mouse Moved,626.0,265.0,User8,,
1490159466558,Mouse Moved,626.0,266.0,User8,,
1490159466572,Mouse Moved,626.0,267.0,User8,,
1490159466588,Mouse Moved,627.0,268.0,User8,,
1490159466604,Mouse Moved,627.0,269.0,User8,,
1490159466619,Mouse Moved,627.0,270.0,User8,,
1490159466635,Mouse Moved,627.0,271.0,User8,,
1490159466651,Mouse Moved,627.0,272.0,User8,,
1490159466697,Mouse Moved,627.0,273.0,User8,,
1490159466729,Mouse Moved,627.0,274.0,User8,,
1490159466854,Mouse Moved,627.0,274.0,User8,,
1490159466854,Mouse Button.left Pressed,627.0,274.0,User8,,
1490159466979,Mouse Moved,628.0,274.0,User8,,
1490159466993,Mouse Moved,629.0,274.0,User8,,
1490159467009,Mouse Moved,630.0,274.0,User8,,
1490159467009,Mouse Moved,633.0,274.0,User8,,
1490159467026,Mouse Moved,636.0,274.0,User8,,
1490159467026,Mouse Moved,639.0,274.0,User8,,
1490159467040,Mouse Moved,641.0,274.0,User8,,
1490159467056,Mouse Moved,643.0,274.0,User8,,
1490159467056,Mouse Moved,644.0,274.0,User8,,
1490159467072,Mouse Moved,648.0,274.0,User8,,
1490159467072,Mouse Moved,654.0,273.0,User8,,
1490159467088,Mouse Moved,659.0,273.0,User8,,
1490159467104,Mouse Moved,662.0,272.0,User8,,
1490159467104,Mouse Moved,669.0,271.0,User8,,
1490159467118,Mouse Moved,675.0,271.0,User8,,
1490159467134,Mouse Moved,683.0,270.0,User8,,
1490159467134,Mouse Moved,689.0,270.0,User8,,
1490159467150,Mouse Moved,696.0,269.0,User8,,
1490159467165,Mouse Moved,701.0,268.0,User8,,
1490159467165,Mouse Moved,705.0,268.0,User8,,
1490159467181,Mouse Moved,708.0,268.0,User8,,
1490159467197,Mouse Moved,711.0,267.0,User8,,
1490159467197,Mouse Moved,713.0,267.0,User8,,
1490159467213,Mouse Moved,715.0,266.0,User8,,
1490159467227,Mouse Moved,717.0,266.0,User8,,
1490159467227,Mouse Moved,719.0,265.0,User8,,
1490159467322,Mouse Moved,719.0,265.0,User8,,
1490159467322,Mouse Button.left Released,719.0,265.0,User8,,
1490159467650,Mouse Moved,716.0,265.0,User8,,
1490159467664,Mouse Moved,715.0,266.0,User8,,
1490159467680,Mouse Moved,711.0,268.0,User8,,
1490159467696,Mouse Moved,708.0,269.0,User8,,
1490159467711,Mouse Moved,703.0,274.0,User8,,
1490159467727,Mouse Moved,700.0,277.0,User8,,
1490159467743,Mouse Moved,694.0,285.0,User8,,
1490159467759,Mouse Moved,692.0,290.0,User8,,
1490159467773,Mouse Moved,691.0,298.0,User8,,
1490159467789,Mouse Moved,688.0,305.0,User8,,
1490159467789,Mouse Moved,685.0,316.0,User8,,
1490159467805,Mouse Moved,683.0,326.0,User8,,
1490159467821,Mouse Moved,681.0,337.0,User8,,
1490159467821,Mouse Moved,679.0,347.0,User8,,
1490159467836,Mouse Moved,679.0,355.0,User8,,
1490159467836,Mouse Moved,679.0,363.0,User8,,
1490159467851,Mouse Moved,679.0,370.0,User8,,
1490159467868,Mouse Moved,679.0,376.0,User8,,
1490159467868,Mouse Moved,679.0,383.0,User8,,
1490159467884,Mouse Moved,679.0,391.0,User8,,
1490159467884,Mouse Moved,680.0,398.0,User8,,
1490159467898,Mouse Moved,681.0,405.0,User8,,
1490159467898,Mouse Moved,683.0,411.0,User8,,
1490159467914,Mouse Moved,684.0,415.0,User8,,
1490159467930,Mouse Moved,684.0,418.0,User8,,
1490159467930,Mouse Moved,684.0,420.0,User8,,
1490159467946,Mouse Moved,685.0,421.0,User8,,
1490159467961,Mouse Moved,686.0,421.0,User8,,
1490159467976,Mouse Moved,686.0,422.0,User8,,
1490159468273,Mouse Moved,686.0,423.0,User8,,
1490159468273,Mouse Moved,686.0,424.0,User8,,
1490159468289,Mouse Moved,685.0,428.0,User8,,
1490159468305,Mouse Moved,683.0,438.0,User8,,
1490159468319,Mouse Moved,683.0,443.0,User8,,
1490159468335,Mouse Moved,683.0,446.0,User8,,
1490159468351,Mouse Moved,683.0,450.0,User8,,
1490159468351,Mouse Moved,683.0,453.0,User8,,
1490159468367,Mouse Moved,683.0,455.0,User8,,
1490159468367,Mouse Moved,683.0,458.0,User8,,
1490159468382,Mouse Moved,683.0,460.0,User8,,
1490159468851,Mouse Moved,683.0,460.0,User8,,
1490159468881,Mouse Moved,683.0,460.0,User8,,
1490159468881,Mouse Scrolled (0 -1),683.0,460.0,User8,,
1490159468976,Mouse Moved,683.0,460.0,User8,,
1490159468990,Mouse Moved,683.0,460.0,User8,,
1490159469022,Mouse Moved,683.0,460.0,User8,,
1490159469131,Mouse Moved,683.0,460.0,User8,,
1490159469957,Mouse Moved,683.0,460.0,User8,,
1490159469957,Mouse Button.left Pressed,683.0,460.0,User8,,
1490159470068,Mouse Moved,683.0,460.0,User8,,
1490159470068,Mouse Button.left Released,683.0,460.0,User8,,
1490159477696,Mouse Moved,683.0,460.0,User8,,
1490159477992,Mouse Moved,683.0,460.0,User8,,
1490159478039,Mouse Moved,683.0,460.0,User8,,
1490159478085,Mouse Moved,683.0,460.0,User8,,
1490159478101,Mouse Moved,683.0,460.0,User8,,
1490159478117,Mouse Moved,683.0,460.0,User8,,
1490159478148,Mouse Moved,683.0,460.0,User8,,
1490159478164,Mouse Moved,683.0,460.0,User8,,
1490159478226,Mouse Moved,683.0,460.0,User8,,
1490159478242,Mouse Moved,683.0,460.0,User8,,
1490159478273,Mouse Moved,683.0,460.0,User8,,
1490159478319,Mouse Moved,683.0,460.0,User8,,
1490159478335,Mouse Moved,683.0,460.0,User8,,
1490159478663,Mouse Moved,682.0,460.0,User8,,
1490159478694,Mouse Moved,682.0,461.0,User8,,
1490159478726,Mouse Moved,682.0,464.0,User8,,
1490159478726,Mouse Moved,683.0,467.0,User8,,
1490159478740,Mouse Moved,684.0,470.0,User8,,
1490159478756,Mouse Moved,684.0,475.0,User8,,
1490159478756,Mouse Moved,687.0,479.0,User8,,
1490159478772,Mouse Moved,688.0,484.0,User8,,
1490159478788,Mouse Moved,690.0,488.0,User8,,
1490159478788,Mouse Moved,691.0,491.0,User8,,
1490159478803,Mouse Moved,691.0,493.0,User8,,
1490159478803,Mouse Moved,691.0,494.0,User8,,
1490159478819,Mouse Moved,692.0,494.0,User8,,
1490159478881,Mouse Moved,690.0,488.0,User8,,
1490159478897,Mouse Moved,684.0,478.0,User8,,
1490159478897,Mouse Moved,679.0,467.0,User8,,
1490159478913,Mouse Moved,674.0,458.0,User8,,
1490159478927,Mouse Moved,670.0,450.0,User8,,
1490159478944,Mouse Moved,666.0,440.0,User8,,
1490159478944,Mouse Moved,661.0,430.0,User8,,
1490159478960,Mouse Moved,659.0,422.0,User8,,
1490159478974,Mouse Moved,656.0,415.0,User8,,
1490159478974,Mouse Moved,655.0,409.0,User8,,
1490159478990,Mouse Moved,654.0,404.0,User8,,
1490159479209,Mouse Moved,654.0,404.0,User8,,
1490159479240,Mouse Moved,654.0,404.0,User8,,
1490159479272,Mouse Moved,654.0,404.0,User8,,
1490159479302,Mouse Moved,654.0,404.0,User8,,
1490159479302,Mouse Scrolled (0 1),654.0,404.0,User8,,
1490159479318,Mouse Moved,654.0,404.0,User8,,
1490159479334,Mouse Moved,654.0,404.0,User8,,
1490159479349,Mouse Moved,654.0,404.0,User8,,
1490159479349,Mouse Scrolled (0 1),654.0,404.0,User8,,
1490159479365,Mouse Moved,654.0,404.0,User8,,
1490159479381,Mouse Moved,654.0,404.0,User8,,
1490159479395,Mouse Moved,654.0,404.0,User8,,
1490159479411,Mouse Moved,654.0,404.0,User8,,
1490159479427,Mouse Moved,654.0,404.0,User8,,
1490159479459,Mouse Moved,654.0,404.0,User8,,
1490159479459,Mouse Scrolled (0 1),654.0,404.0,User8,,
1490159479459,Mouse Moved,654.0,404.0,User8,,
1490159479473,Mouse Moved,654.0,404.0,User8,,
1490159479506,Mouse Moved,654.0,404.0,User8,,
1490159479520,Mouse Moved,654.0,404.0,User8,,
1490159480005,Mouse Moved,654.0,404.0,User8,,
1490159480052,Mouse Moved,654.0,404.0,User8,,
1490159480066,Mouse Moved,654.0,404.0,User8,,
1490159480130,Mouse Moved,654.0,404.0,User8,,
1490159480130,Mouse Scrolled (0 1),654.0,404.0,User8,,
1490159480144,Mouse Moved,654.0,404.0,User8,,
1490159480176,Mouse Moved,654.0,404.0,User8,,
1490159480191,Mouse Moved,654.0,404.0,User8,,
1490159480207,Mouse Moved,654.0,404.0,User8,,
1490159480223,Mouse Moved,654.0,404.0,User8,,
1490159480239,Mouse Moved,654.0,404.0,User8,,
1490159480269,Mouse Moved,654.0,404.0,User8,,
1490159480269,Mouse Moved,654.0,404.0,User8,,
1490159480269,Mouse Scrolled (0 1),654.0,404.0,User8,,
1490159480301,Mouse Moved,654.0,404.0,User8,,
1490159480332,Mouse Moved,654.0,404.0,User8,,
1490159480332,Mouse Moved,654.0,404.0,User8,,
1490159480378,Mouse Moved,654.0,404.0,User8,,
1490159480394,Mouse Moved,654.0,404.0,User8,,
1490159480394,Mouse Scrolled (0 2),654.0,404.0,User8,,
1490159480410,Mouse Moved,654.0,404.0,User8,,
1490159480410,Mouse Scrolled (0 3),654.0,404.0,User8,,
1490159480441,Mouse Moved,654.0,404.0,User8,,
1490159480457,Mouse Moved,654.0,404.0,User8,,
1490159480457,Mouse Scrolled (0 1),654.0,404.0,User8,,
1490159480473,Mouse Moved,654.0,404.0,User8,,
1490159480487,Mouse Moved,654.0,404.0,User8,,
1490159480503,Mouse Moved,654.0,404.0,User8,,
1490159480503,Mouse Scrolled (0 1),654.0,404.0,User8,,
1490159480519,Mouse Moved,654.0,404.0,User8,,
1490159480535,Mouse Moved,654.0,404.0,User8,,
1490159480551,Mouse Moved,654.0,404.0,User8,,
1490159480582,Mouse Moved,654.0,404.0,User8,,
1490159480582,Mouse Moved,654.0,404.0,User8,,
1490159480582,Mouse Scrolled (0 1),654.0,404.0,User8,,
1490159480612,Mouse Moved,654.0,404.0,User8,,
1490159480612,Mouse Moved,654.0,404.0,User8,,
1490159480644,Mouse Moved,654.0,404.0,User8,,
1490159480660,Mouse Moved,654.0,404.0,User8,,
1490159480660,Mouse Moved,654.0,404.0,User8,,
1490159480676,Mouse Moved,654.0,404.0,User8,,
1490159480707,Mouse Moved,654.0,404.0,User8,,
1490159480721,Mouse Moved,654.0,404.0,User8,,
1490159480721,Mouse Scrolled (0 1),654.0,404.0,User8,,
1490159480721,Mouse Moved,654.0,404.0,User8,,
1490159480737,Mouse Moved,654.0,404.0,User8,,
1490159480753,Mouse Moved,654.0,404.0,User8,,
1490159480785,Mouse Moved,654.0,404.0,User8,,
1490159480832,Mouse Moved,654.0,404.0,User8,,
1490159480878,Mouse Moved,654.0,404.0,User8,,
1490159480910,Mouse Moved,654.0,404.0,User8,,
1490159480924,Mouse Moved,654.0,404.0,User8,,
1490159480940,Mouse Moved,654.0,404.0,User8,,
1490159480940,Mouse Scrolled (0 1),654.0,404.0,User8,,
1490159480956,Mouse Moved,654.0,404.0,User8,,
1490159480971,Mouse Moved,654.0,404.0,User8,,
1490159480987,Mouse Moved,654.0,404.0,User8,,
1490159481019,Mouse Moved,654.0,404.0,User8,,
1490159481049,Mouse Moved,654.0,404.0,User8,,
1490159481065,Mouse Moved,654.0,404.0,User8,,
1490159481065,Mouse Scrolled (0 1),654.0,404.0,User8,,
1490159481096,Mouse Moved,654.0,403.0,User8,,
1490159481111,Mouse Moved,652.0,403.0,User8,,
1490159481111,Mouse Moved,652.0,402.0,User8,,
1490159481128,Mouse Moved,651.0,401.0,User8,,
1490159481128,Mouse Moved,647.0,399.0,User8,,
1490159481144,Mouse Moved,642.0,395.0,User8,,
1490159481144,Mouse Moved,639.0,391.0,User8,,
1490159481158,Mouse Moved,637.0,387.0,User8,,
1490159481158,Mouse Moved,634.0,382.0,User8,,
1490159481174,Mouse Moved,630.0,376.0,User8,,
1490159481190,Mouse Moved,627.0,372.0,User8,,
1490159481190,Mouse Moved,623.0,366.0,User8,,
1490159481206,Mouse Moved,621.0,362.0,User8,,
1490159481221,Mouse Moved,618.0,357.0,User8,,
1490159481221,Mouse Moved,617.0,354.0,User8,,
1490159481236,Mouse Moved,615.0,351.0,User8,,
1490159481253,Mouse Moved,614.0,349.0,User8,,
1490159481267,Mouse Moved,612.0,346.0,User8,,
1490159481267,Mouse Moved,612.0,345.0,User8,,
1490159481283,Mouse Moved,610.0,344.0,User8,,
1490159481345,Mouse Moved,610.0,343.0,User8,,
1490159481361,Mouse Moved,610.0,342.0,User8,,
1490159481861,Mouse Moved,610.0,342.0,User8,,
1490159481861,Mouse Button.left Pressed,610.0,342.0,User8,,
1490159481986,Mouse Moved,610.0,342.0,User8,,
1490159481986,Mouse Button.left Released,610.0,342.0,User8,,
1490159482625,Mouse Moved,609.0,342.0,User8,,
1490159482750,Mouse Moved,608.0,342.0,User8,,
1490159482766,Mouse Moved,597.0,335.0,User8,,
1490159482780,Mouse Moved,587.0,325.0,User8,,
1490159482796,Mouse Moved,571.0,304.0,User8,,
1490159482796,Mouse Moved,549.0,276.0,User8,,
1490159482812,Mouse Moved,528.0,248.0,User8,,
1490159482828,Mouse Moved,507.0,218.0,User8,,
1490159482828,Mouse Moved,483.0,176.0,User8,,
1490159482844,Mouse Moved,469.0,154.0,User8,,
1490159482858,Mouse Moved,449.0,129.0,User8,,
1490159482858,Mouse Moved,438.0,119.0,User8,,
1490159482875,Mouse Moved,429.0,115.0,User8,,
1490159482891,Mouse Moved,421.0,112.0,User8,,
1490159482891,Mouse Moved,416.0,111.0,User8,,
1490159482905,Mouse Moved,414.0,110.0,User8,,
1490159482921,Mouse Moved,413.0,110.0,User8,,
1490159483203,Mouse Moved,412.0,110.0,User8,,
1490159483217,Mouse Moved,410.0,109.0,User8,,
1490159483217,Mouse Moved,399.0,103.0,User8,,
1490159483233,Mouse Moved,384.0,96.0,User8,,
1490159483249,Mouse Moved,369.0,83.0,User8,,
1490159483249,Mouse Moved,357.0,73.0,User8,,
1490159483265,Mouse Moved,344.0,60.0,User8,,
1490159483280,Mouse Moved,334.0,50.0,User8,,
1490159483280,Mouse Moved,323.0,41.0,User8,,
1490159483296,Mouse Moved,314.0,36.0,User8,,
1490159483312,Mouse Moved,301.0,27.0,User8,,
1490159483326,Mouse Moved,298.0,26.0,User8,,
1490159483342,Mouse Moved,296.0,25.0,User8,,
1490159483342,Mouse Moved,295.0,24.0,User8,,
1490159483592,Mouse Moved,295.0,25.0,User8,,
1490159483608,Mouse Moved,295.0,26.0,User8,,
1490159483624,Mouse Moved,295.0,29.0,User8,,
1490159483624,Mouse Moved,295.0,30.0,User8,,
1490159483654,Mouse Moved,295.0,32.0,User8,,
1490159483654,Mouse Moved,295.0,33.0,User8,,
1490159483671,Mouse Moved,295.0,34.0,User8,,
1490159483686,Mouse Moved,295.0,35.0,User8,,
1490159483701,Mouse Moved,295.0,36.0,User8,,
1490159483749,Mouse Moved,294.0,38.0,User8,,
1490159483749,Mouse Moved,294.0,39.0,User8,,
1490159483749,Mouse Moved,294.0,40.0,User8,,
1490159483779,Mouse Moved,294.0,41.0,User8,,
1490159483779,Mouse Moved,294.0,42.0,User8,,
1490159483811,Mouse Moved,294.0,43.0,User8,,
1490159483811,Mouse Moved,293.0,43.0,User8,,
1490159483842,Mouse Moved,293.0,44.0,User8,,
1490159484184,Mouse Moved,293.0,44.0,User8,,
1490159484184,Mouse Button.left Pressed,293.0,44.0,User8,,
1490159484279,Mouse Moved,293.0,44.0,User8,,
1490159484295,Mouse Button.left Released,293.0,44.0,User8,,
1490159500861,Mouse Moved,292.0,44.0,User8,,
1490159500877,Mouse Moved,291.0,45.0,User8,,
1490159500892,Mouse Moved,291.0,46.0,User8,,
1490159500908,Mouse Moved,290.0,47.0,User8,,
1490159500940,Mouse Moved,289.0,48.0,User8,,
1490159500940,Mouse Moved,287.0,51.0,User8,,
1490159500954,Mouse Moved,287.0,54.0,User8,,
1490159500970,Mouse Moved,285.0,67.0,User8,,
1490159500986,Mouse Moved,285.0,81.0,User8,,
1490159501002,Mouse Moved,285.0,95.0,User8,,
1490159501017,Mouse Moved,285.0,108.0,User8,,
1490159501017,Mouse Moved,285.0,123.0,User8,,
1490159501017,Mouse Moved,285.0,135.0,User8,,
1490159501032,Mouse Moved,287.0,147.0,User8,,
1490159501049,Mouse Moved,291.0,158.0,User8,,
1490159501049,Mouse Moved,295.0,169.0,User8,,
1490159501065,Mouse Moved,298.0,177.0,User8,,
1490159501065,Mouse Moved,302.0,185.0,User8,,
1490159501079,Mouse Moved,306.0,192.0,User8,,
1490159501095,Mouse Moved,308.0,198.0,User8,,
1490159501095,Mouse Moved,309.0,202.0,User8,,
1490159501111,Mouse Moved,311.0,207.0,User8,,
1490159501127,Mouse Moved,312.0,209.0,User8,,
1490159501127,Mouse Moved,313.0,210.0,User8,,
1490159501313,Mouse Moved,312.0,210.0,User8,,
1490159501345,Mouse Moved,310.0,211.0,User8,,
1490159501361,Mouse Moved,310.0,213.0,User8,,
1490159501361,Mouse Moved,310.0,216.0,User8,,
1490159501377,Mouse Moved,310.0,218.0,User8,,
1490159501391,Mouse Moved,313.0,221.0,User8,,
1490159501391,Mouse Moved,317.0,227.0,User8,,
1490159501407,Mouse Moved,320.0,231.0,User8,,
1490159501407,Mouse Moved,328.0,239.0,User8,,
1490159501423,Mouse Moved,331.0,242.0,User8,,
1490159501438,Mouse Moved,339.0,251.0,User8,,
1490159501454,Mouse Moved,341.0,254.0,User8,,
1490159501470,Mouse Moved,342.0,257.0,User8,,
1490159501470,Mouse Moved,344.0,259.0,User8,,
1490159501486,Mouse Moved,344.0,262.0,User8,,
1490159501500,Mouse Moved,346.0,264.0,User8,,
1490159501500,Mouse Moved,347.0,266.0,User8,,
1490159501516,Mouse Moved,347.0,267.0,User8,,
1490159501532,Mouse Moved,347.0,269.0,User8,,
1490159501532,Mouse Moved,349.0,273.0,User8,,
1490159501548,Mouse Moved,350.0,276.0,User8,,
1490159501563,Mouse Moved,351.0,279.0,User8,,
1490159501563,Mouse Moved,353.0,285.0,User8,,
1490159501578,Mouse Moved,354.0,289.0,User8,,
1490159501595,Mouse Moved,355.0,292.0,User8,,
1490159501595,Mouse Moved,355.0,294.0,User8,,
1490159501611,Mouse Moved,356.0,297.0,User8,,
1490159501625,Mouse Moved,356.0,298.0,User8,,
1490159501625,Mouse Moved,356.0,299.0,User8,,
1490159501641,Mouse Moved,356.0,300.0,User8,,
1490159501657,Mouse Moved,357.0,301.0,User8,,
1490159501673,Mouse Moved,357.0,302.0,User8,,
1490159501703,Mouse Moved,357.0,303.0,User8,,
1490159502078,Mouse Moved,357.0,302.0,User8,,
1490159503918,Mouse Moved,357.0,302.0,User8,,
1490159503918,Mouse Button.middle Pressed,357.0,302.0,User8,,
1490159504059,Mouse Moved,357.0,302.0,User8,,
1490159504059,Mouse Button.middle Released,357.0,302.0,User8,,
1490159506315,Mouse Moved,357.0,302.0,User8,,
1490159506361,Mouse Moved,357.0,302.0,User8,,
1490159506417,Mouse Moved,357.0,302.0,User8,,
1490159506433,Mouse Moved,357.0,302.0,User8,,
1490159506463,Mouse Moved,357.0,302.0,User8,,
1490159508130,Mouse Moved,357.0,302.0,User8,,
1490159508144,Mouse Moved,357.0,302.0,User8,,
1490159508157,Mouse Moved,357.0,302.0,User8,,
1490159508187,Mouse Moved,357.0,302.0,User8,,
1490159508203,Mouse Moved,357.0,302.0,User8,,
1490159508217,Mouse Moved,357.0,302.0,User8,,
1490159508249,Mouse Moved,357.0,302.0,User8,,
1490159508263,Mouse Moved,357.0,302.0,User8,,
1490159508292,Mouse Moved,357.0,302.0,User8,,
1490159508293,Mouse Scrolled (0 -1),357.0,302.0,User8,,
1490159508306,Mouse Moved,357.0,302.0,User8,,
1490159508352,Mouse Moved,357.0,302.0,User8,,
1490159508413,Mouse Moved,357.0,302.0,User8,,
1490159509447,Mouse Moved,357.0,305.0,User8,,
1490159509463,Mouse Moved,357.0,308.0,User8,,
1490159509477,Mouse Moved,358.0,312.0,User8,,
1490159509479,Mouse Moved,359.0,319.0,User8,,
1490159509493,Mouse Moved,361.0,326.0,User8,,
1490159509506,Mouse Moved,362.0,342.0,User8,,
1490159509522,Mouse Moved,364.0,352.0,User8,,
1490159509538,Mouse Moved,366.0,359.0,User8,,
1490159509539,Mouse Moved,367.0,368.0,User8,,
1490159509552,Mouse Moved,368.0,378.0,User8,,
1490159509566,Mouse Moved,369.0,387.0,User8,,
1490159509582,Mouse Moved,370.0,394.0,User8,,
1490159509582,Mouse Moved,371.0,400.0,User8,,
1490159509598,Mouse Moved,373.0,406.0,User8,,
1490159509614,Mouse Moved,374.0,410.0,User8,,
1490159509615,Mouse Moved,375.0,413.0,User8,,
1490159509628,Mouse Moved,375.0,415.0,User8,,
1490159509642,Mouse Moved,375.0,417.0,User8,,
1490159509644,Mouse Moved,375.0,419.0,User8,,
1490159509657,Mouse Moved,376.0,419.0,User8,,
1490159509673,Mouse Moved,376.0,420.0,User8,,
1490159509688,Mouse Moved,376.0,421.0,User8,,
1490159509733,Mouse Moved,376.0,422.0,User8,,
1490159509763,Mouse Moved,376.0,423.0,User8,,
1490159509765,Mouse Moved,376.0,424.0,User8,,
1490159509792,Mouse Moved,376.0,426.0,User8,,
1490159509793,Mouse Moved,376.0,427.0,User8,,
1490159509822,Mouse Moved,376.0,429.0,User8,,
1490159509823,Mouse Moved,376.0,431.0,User8,,
1490159509838,Mouse Moved,376.0,433.0,User8,,
1490159509854,Mouse Moved,376.0,435.0,User8,,
1490159509868,Mouse Moved,376.0,437.0,User8,,
1490159509868,Mouse Moved,376.0,439.0,User8,,
1490159509881,Mouse Moved,376.0,442.0,User8,,
1490159509898,Mouse Moved,376.0,443.0,User8,,
1490159509900,Mouse Moved,376.0,445.0,User8,,
1490159509913,Mouse Moved,376.0,446.0,User8,,
1490159509928,Mouse Moved,376.0,448.0,User8,,
1490159509943,Mouse Moved,376.0,449.0,User8,,
1490159509957,Mouse Moved,376.0,451.0,User8,,
1490159509973,Mouse Moved,376.0,452.0,User8,,
1490159509990,Mouse Moved,376.0,453.0,User8,,
1490159510003,Mouse Moved,376.0,454.0,User8,,
1490159510017,Mouse Moved,376.0,455.0,User8,,
1490159510078,Mouse Moved,376.0,456.0,User8,,
1490159510742,Mouse Moved,376.0,456.0,User8,,
1490159510743,Mouse Button.middle Pressed,376.0,456.0,User8,,
1490159510871,Mouse Moved,376.0,456.0,User8,,
1490159510871,Mouse Button.middle Released,376.0,456.0,User8,,
1490159511278,Mouse Moved,376.0,456.0,User8,,
1490159511322,Mouse Moved,376.0,456.0,User8,,
1490159511382,Mouse Moved,376.0,456.0,User8,,
1490159511398,Mouse Moved,376.0,456.0,User8,,
1490159511443,Mouse Moved,376.0,456.0,User8,,
1490159511443,Mouse Moved,376.0,456.0,User8,,
1490159511457,Mouse Moved,376.0,456.0,User8,,
1490159511487,Mouse Moved,376.0,456.0,User8,,
1490159511503,Mouse Moved,376.0,456.0,User8,,
1490159511503,Mouse Scrolled (0 -1),376.0,456.0,User8,,
1490159511533,Mouse Moved,376.0,456.0,User8,,
1490159511549,Mouse Moved,376.0,456.0,User8,,
1490159511563,Mouse Moved,376.0,456.0,User8,,
1490159511596,Mouse Moved,376.0,456.0,User8,,
1490159511608,Mouse Moved,376.0,456.0,User8,,
1490159511624,Mouse Moved,376.0,456.0,User8,,
1490159511654,Mouse Moved,376.0,456.0,User8,,
1490159511668,Mouse Moved,376.0,456.0,User8,,
1490159511687,Mouse Moved,376.0,456.0,User8,,
1490159511717,Mouse Moved,376.0,456.0,User8,,
1490159511727,Mouse Moved,376.0,456.0,User8,,
1490159511729,Mouse Scrolled (0 -1),376.0,456.0,User8,,
1490159511746,Mouse Moved,376.0,456.0,User8,,
1490159511775,Mouse Moved,376.0,456.0,User8,,
1490159511789,Mouse Moved,376.0,456.0,User8,,
1490159511803,Mouse Moved,376.0,456.0,User8,,
1490159511834,Mouse Moved,376.0,456.0,User8,,
1490159511848,Mouse Moved,376.0,456.0,User8,,
1490159511878,Mouse Moved,376.0,456.0,User8,,
1490159511897,Mouse Moved,376.0,456.0,User8,,
1490159512882,Mouse Moved,375.0,455.0,User8,,
1490159512897,Mouse Moved,371.0,452.0,User8,,
1490159512913,Mouse Moved,363.0,441.0,User8,,
1490159512914,Mouse Moved,352.0,418.0,User8,,
1490159512934,Mouse Moved,339.0,377.0,User8,,
1490159512941,Mouse Moved,323.0,323.0,User8,,
1490159512943,Mouse Moved,310.0,280.0,User8,,
1490159512960,Mouse Moved,292.0,228.0,User8,,
1490159512973,Mouse Moved,275.0,191.0,User8,,
1490159512973,Mouse Moved,266.0,166.0,User8,,
1490159512987,Mouse Moved,258.0,151.0,User8,,
1490159513002,Mouse Moved,251.0,134.0,User8,,
1490159513003,Mouse Moved,248.0,125.0,User8,,
1490159513016,Mouse Moved,246.0,122.0,User8,,
1490159513032,Mouse Moved,246.0,120.0,User8,,
1490159513032,Mouse Moved,245.0,120.0,User8,,
1490159513302,Mouse Moved,245.0,119.0,User8,,
1490159513335,Mouse Moved,245.0,117.0,User8,,
1490159513346,Mouse Moved,245.0,112.0,User8,,
1490159513348,Mouse Moved,245.0,103.0,User8,,
1490159513362,Mouse Moved,245.0,94.0,User8,,
1490159513378,Mouse Moved,245.0,82.0,User8,,
1490159513380,Mouse Moved,245.0,70.0,User8,,
1490159513394,Mouse Moved,245.0,59.0,User8,,
1490159513408,Mouse Moved,247.0,49.0,User8,,
1490159513408,Mouse Moved,251.0,41.0,User8,,
1490159513421,Mouse Moved,253.0,33.0,User8,,
1490159513438,Mouse Moved,257.0,27.0,User8,,
1490159513438,Mouse Moved,257.0,22.0,User8,,
1490159513453,Mouse Moved,260.0,18.0,User8,,
1490159513469,Mouse Moved,262.0,13.0,User8,,
1490159513470,Mouse Moved,264.0,11.0,User8,,
1490159513482,Mouse Moved,264.0,10.0,User8,,
1490159513499,Mouse Moved,265.0,9.0,User8,,
1490159513515,Mouse Moved,265.0,8.0,User8,,
1490159513542,Mouse Moved,267.0,6.0,User8,,
1490159513558,Mouse Moved,267.0,3.0,User8,,
1490159513871,Mouse Moved,276.0,0.0,User8,,
1490159513890,Mouse Moved,276.0,1.0,User8,,
1490159513891,Mouse Moved,276.0,3.0,User8,,
1490159513901,Mouse Moved,276.0,5.0,User8,,
1490159513918,Mouse Moved,276.0,6.0,User8,,
1490159513933,Mouse Moved,276.0,7.0,User8,,
1490159513950,Mouse Moved,276.0,8.0,User8,,
1490159514200,Mouse Moved,276.0,8.0,User8,,
1490159514200,Mouse Button.left Pressed,276.0,8.0,User8,,
1490159514331,Mouse Moved,276.0,8.0,User8,,
1490159514332,Mouse Button.left Released,276.0,8.0,User8,,
1490159514924,Mouse Moved,275.0,8.0,User8,,
1490159514937,Mouse Moved,274.0,8.0,User8,,
1490159514953,Mouse Moved,274.0,9.0,User8,,
1490159514953,Mouse Moved,273.0,9.0,User8,,
1490159514967,Mouse Moved,272.0,10.0,User8,,
1490159514982,Mouse Moved,270.0,14.0,User8,,
1490159514983,Mouse Moved,270.0,18.0,User8,,
1490159514997,Mouse Moved,269.0,26.0,User8,,
1490159515015,Mouse Moved,269.0,39.0,User8,,
1490159515016,Mouse Moved,269.0,65.0,User8,,
1490159515028,Mouse Moved,270.0,107.0,User8,,
1490159515042,Mouse Moved,280.0,162.0,User8,,
1490159515043,Mouse Moved,293.0,206.0,User8,,
1490159515058,Mouse Moved,306.0,249.0,User8,,
1490159515088,Mouse Moved,334.0,349.0,User8,,
1490159515102,Mouse Moved,350.0,374.0,User8,,
1490159515104,Mouse Moved,360.0,388.0,User8,,
1490159515118,Mouse Moved,364.0,398.0,User8,,
1490159515132,Mouse Moved,367.0,401.0,User8,,
1490159515148,Mouse Moved,369.0,404.0,User8,,
1490159515477,Mouse Moved,370.0,404.0,User8,,
1490159515493,Mouse Moved,371.0,404.0,User8,,
1490159515747,Mouse Moved,371.0,404.0,User8,,
1490159515792,Mouse Moved,371.0,404.0,User8,,
1490159515838,Mouse Moved,371.0,404.0,User8,,
1490159515851,Mouse Moved,371.0,404.0,User8,,
1490159515868,Mouse Moved,371.0,404.0,User8,,
1490159515898,Mouse Moved,371.0,404.0,User8,,
1490159515898,Mouse Scrolled (0 -1),371.0,404.0,User8,,
1490159515911,Mouse Moved,371.0,404.0,User8,,
1490159515928,Mouse Moved,371.0,404.0,User8,,
1490159515987,Mouse Moved,371.0,404.0,User8,,
1490159516767,Mouse Moved,371.0,404.0,User8,,
1490159516812,Mouse Moved,371.0,404.0,User8,,
1490159516874,Mouse Moved,371.0,404.0,User8,,
1490159516888,Mouse Moved,371.0,404.0,User8,,
1490159516903,Mouse Moved,371.0,404.0,User8,,
1490159516904,Mouse Scrolled (0 -1),371.0,404.0,User8,,
1490159516937,Mouse Moved,371.0,404.0,User8,,
1490159516947,Mouse Moved,371.0,404.0,User8,,
1490159516963,Mouse Moved,371.0,404.0,User8,,
1490159516996,Mouse Moved,371.0,404.0,User8,,
1490159517007,Mouse Moved,371.0,404.0,User8,,
1490159517039,Mouse Moved,371.0,404.0,User8,,
1490159517052,Mouse Moved,371.0,404.0,User8,,
1490159518180,Mouse Moved,371.0,404.0,User8,,
1490159518180,Mouse Button.left Pressed,371.0,404.0,User8,,
1490159518312,Mouse Moved,371.0,404.0,User8,,
1490159518312,Mouse Button.left Released,371.0,404.0,User8,,
1490159672095,Mouse Moved,370.0,404.0,User8,,
1490159672111,Mouse Moved,370.0,405.0,User8,,
1490159672111,Mouse Moved,369.0,405.0,User8,,
1490159672236,Mouse Moved,368.0,405.0,User8,,
1490159672267,Mouse Moved,367.0,405.0,User8,,
1490159672315,Mouse Moved,366.0,405.0,User8,,
1490159672315,Mouse Moved,365.0,405.0,User8,,
1490159672329,Mouse Moved,364.0,405.0,User8,,
1490159672345,Mouse Moved,363.0,405.0,User8,,
1490159672361,Mouse Moved,362.0,405.0,User8,,
1490159672377,Mouse Moved,361.0,405.0,User8,,
1490159672377,Mouse Moved,360.0,406.0,User8,,
1490159672392,Mouse Moved,359.0,406.0,User8,,
1490159672407,Mouse Moved,358.0,406.0,User8,,
1490159672424,Mouse Moved,357.0,406.0,User8,,
1490159672438,Mouse Moved,355.0,406.0,User8,,
1490159672454,Mouse Moved,355.0,407.0,User8,,
1490159672454,Mouse Moved,354.0,407.0,User8,,
1490159672470,Mouse Moved,353.0,408.0,User8,,
1490159672486,Mouse Moved,352.0,408.0,User8,,
1490159672502,Mouse Moved,351.0,408.0,User8,,
1490159672516,Mouse Moved,350.0,409.0,User8,,
1490159672532,Mouse Moved,348.0,409.0,User8,,
1490159672549,Mouse Moved,346.0,411.0,User8,,
1490159672563,Mouse Moved,345.0,411.0,User8,,
1490159672579,Mouse Moved,340.0,414.0,User8,,
1490159672595,Mouse Moved,338.0,418.0,User8,,
1490159672611,Mouse Moved,337.0,420.0,User8,,
1490159672611,Mouse Moved,334.0,422.0,User8,,
1490159672627,Mouse Moved,332.0,426.0,User8,,
1490159672641,Mouse Moved,328.0,432.0,User8,,
1490159672657,Mouse Moved,324.0,437.0,User8,,
1490159672657,Mouse Moved,321.0,442.0,User8,,
1490159672673,Mouse Moved,317.0,451.0,User8,,
1490159672688,Mouse Moved,314.0,457.0,User8,,
1490159672688,Mouse Moved,311.0,462.0,User8,,
1490159672704,Mouse Moved,309.0,467.0,User8,,
1490159672704,Mouse Moved,307.0,470.0,User8,,
1490159672720,Mouse Moved,307.0,473.0,User8,,
1490159672720,Mouse Moved,307.0,475.0,User8,,
1490159672736,Mouse Moved,306.0,476.0,User8,,
1490159672736,Mouse Moved,306.0,477.0,User8,,
1490159672750,Mouse Moved,305.0,479.0,User8,,
1490159672766,Mouse Moved,305.0,480.0,User8,,
1490159672766,Mouse Moved,305.0,482.0,User8,,
1490159672782,Mouse Moved,304.0,484.0,User8,,
1490159672798,Mouse Moved,303.0,489.0,User8,,
1490159672798,Mouse Moved,300.0,493.0,User8,,
1490159672813,Mouse Moved,296.0,503.0,User8,,
1490159672828,Mouse Moved,292.0,510.0,User8,,
1490159672828,Mouse Moved,289.0,517.0,User8,,
1490159672845,Mouse Moved,285.0,523.0,User8,,
1490159672861,Mouse Moved,283.0,527.0,User8,,
1490159673095,Mouse Moved,285.0,527.0,User8,,
1490159673125,Mouse Moved,291.0,527.0,User8,,
1490159673125,Mouse Moved,342.0,528.0,User8,,
1490159673125,Mouse Moved,373.0,530.0,User8,,
1490159673141,Mouse Moved,404.0,533.0,User8,,
1490159673157,Mouse Moved,430.0,538.0,User8,,
1490159673157,Mouse Moved,453.0,541.0,User8,,
1490159673173,Mouse Moved,471.0,545.0,User8,,
1490159673187,Mouse Moved,484.0,547.0,User8,,
1490159673187,Mouse Moved,490.0,548.0,User8,,
1490159673203,Mouse Moved,495.0,549.0,User8,,
1490159673203,Mouse Moved,496.0,549.0,User8,,
1490159673219,Mouse Moved,497.0,549.0,User8,,
1490159673484,Mouse Moved,497.0,550.0,User8,,
1490159673500,Mouse Moved,497.0,552.0,User8,,
1490159673500,Mouse Moved,497.0,554.0,User8,,
1490159673516,Mouse Moved,497.0,556.0,User8,,
1490159673516,Mouse Moved,497.0,559.0,User8,,
1490159673530,Mouse Moved,497.0,561.0,User8,,
1490159673546,Mouse Moved,497.0,565.0,User8,,
1490159673546,Mouse Moved,496.0,567.0,User8,,
1490159673562,Mouse Moved,496.0,570.0,User8,,
1490159673578,Mouse Moved,494.0,571.0,User8,,
1490159673578,Mouse Moved,493.0,573.0,User8,,
1490159673594,Mouse Moved,492.0,575.0,User8,,
1490159673608,Mouse Moved,490.0,579.0,User8,,
1490159673625,Mouse Moved,489.0,582.0,User8,,
1490159673625,Mouse Moved,487.0,584.0,User8,,
1490159673641,Mouse Moved,486.0,586.0,User8,,
1490159673655,Mouse Moved,484.0,590.0,User8,,
1490159673655,Mouse Moved,482.0,593.0,User8,,
1490159673671,Mouse Moved,480.0,596.0,User8,,
1490159673687,Mouse Moved,476.0,600.0,User8,,
1490159673703,Mouse Moved,475.0,602.0,User8,,
1490159673719,Mouse Moved,473.0,603.0,User8,,
1490159673719,Mouse Moved,472.0,604.0,User8,,
1490159673733,Mouse Moved,471.0,605.0,User8,,
1490159673780,Mouse Moved,471.0,606.0,User8,,
1490159673812,Mouse Moved,470.0,606.0,User8,,
1490159674124,Mouse Moved,470.0,606.0,User8,,
1490159674140,Mouse Button.left Pressed,470.0,606.0,User8,,
1490159674279,Mouse Moved,470.0,606.0,User8,,
1490159674279,Mouse Button.left Released,470.0,606.0,User8,,
1490159675091,Mouse Moved,472.0,604.0,User8,,
1490159675091,Mouse Moved,489.0,586.0,User8,,
1490159675107,Mouse Moved,513.0,560.0,User8,,
1490159675107,Mouse Moved,538.0,540.0,User8,,
1490159675122,Mouse Moved,563.0,520.0,User8,,
1490159675138,Mouse Moved,578.0,508.0,User8,,
1490159675154,Mouse Moved,598.0,492.0,User8,,
1490159675154,Mouse Moved,604.0,488.0,User8,,
1490159675168,Mouse Moved,609.0,484.0,User8,,
1490159675184,Mouse Moved,611.0,483.0,User8,,
1490159675200,Mouse Moved,614.0,482.0,User8,,
1490159675200,Mouse Moved,614.0,481.0,User8,,
1490159676760,Mouse Moved,613.0,481.0,User8,,
1490159677213,Mouse Moved,613.0,479.0,User8,,
1490159677338,Mouse Moved,613.0,479.0,User8,,
1490159677415,Mouse Moved,613.0,479.0,User8,,
1490159677430,Mouse Moved,613.0,479.0,User8,,
1490159677447,Mouse Moved,613.0,479.0,User8,,
1490159677477,Mouse Moved,613.0,479.0,User8,,
1490159677493,Mouse Moved,613.0,479.0,User8,,
1490159677821,Mouse Moved,612.0,479.0,User8,,
1490159677852,Mouse Moved,611.0,481.0,User8,,
1490159677868,Mouse Moved,610.0,495.0,User8,,
1490159677884,Mouse Moved,609.0,503.0,User8,,
1490159677898,Mouse Moved,607.0,515.0,User8,,
1490159677914,Mouse Moved,607.0,521.0,User8,,
1490159677930,Mouse Moved,607.0,528.0,User8,,
1490159677930,Mouse Moved,607.0,534.0,User8,,
1490159677946,Mouse Moved,607.0,541.0,User8,,
1490159677961,Mouse Moved,607.0,548.0,User8,,
1490159677961,Mouse Moved,607.0,552.0,User8,,
1490159677976,Mouse Moved,607.0,556.0,User8,,
1490159677993,Mouse Moved,607.0,557.0,User8,,
1490159677993,Mouse Moved,607.0,559.0,User8,,
1490159678009,Mouse Moved,607.0,560.0,User8,,
1490159678305,Mouse Moved,607.0,558.0,User8,,
1490159678321,Mouse Moved,609.0,552.0,User8,,
1490159678335,Mouse Moved,614.0,531.0,User8,,
1490159678351,Mouse Moved,617.0,515.0,User8,,
1490159678367,Mouse Moved,621.0,494.0,User8,,
1490159678367,Mouse Moved,624.0,471.0,User8,,
1490159678382,Mouse Moved,626.0,443.0,User8,,
1490159678398,Mouse Moved,627.0,423.0,User8,,
1490159678398,Mouse Moved,627.0,401.0,User8,,
1490159678414,Mouse Moved,628.0,384.0,User8,,
1490159678430,Mouse Moved,628.0,374.0,User8,,
1490159678430,Mouse Moved,628.0,366.0,User8,,
1490159678444,Mouse Moved,628.0,361.0,User8,,
1490159678460,Mouse Moved,628.0,359.0,User8,,
1490159678476,Mouse Moved,628.0,358.0,User8,,
1490159678694,Mouse Moved,628.0,356.0,User8,,
1490159678710,Mouse Moved,632.0,350.0,User8,,
1490159678710,Mouse Moved,638.0,342.0,User8,,
1490159678726,Mouse Moved,644.0,334.0,User8,,
1490159678742,Mouse Moved,656.0,324.0,User8,,
1490159678742,Mouse Moved,665.0,317.0,User8,,
1490159678756,Mouse Moved,671.0,308.0,User8,,
1490159678773,Mouse Moved,676.0,301.0,User8,,
1490159678773,Mouse Moved,682.0,295.0,User8,,
1490159678789,Mouse Moved,685.0,290.0,User8,,
1490159678803,Mouse Moved,688.0,286.0,User8,,
1490159678803,Mouse Moved,689.0,284.0,User8,,
1490159678819,Mouse Moved,692.0,282.0,User8,,
1490159678835,Mouse Moved,693.0,280.0,User8,,
1490159678835,Mouse Moved,695.0,277.0,User8,,
1490159678851,Mouse Moved,698.0,275.0,User8,,
1490159678867,Mouse Moved,700.0,273.0,User8,,
1490159678881,Mouse Moved,702.0,270.0,User8,,
1490159678881,Mouse Moved,704.0,268.0,User8,,
1490159678898,Mouse Moved,707.0,266.0,User8,,
1490159678913,Mouse Moved,708.0,263.0,User8,,
1490159678913,Mouse Moved,709.0,263.0,User8,,
1490159678928,Mouse Moved,710.0,262.0,User8,,
1490159678944,Mouse Moved,711.0,261.0,User8,,
1490159678944,Mouse Moved,712.0,260.0,User8,,
1490159678960,Mouse Moved,713.0,259.0,User8,,
1490159678976,Mouse Moved,714.0,258.0,User8,,
1490159678976,Mouse Moved,715.0,258.0,User8,,
1490159678990,Mouse Moved,715.0,257.0,User8,,
1490159679053,Mouse Moved,717.0,255.0,User8,,
1490159679053,Mouse Moved,719.0,254.0,User8,,
1490159679069,Mouse Moved,720.0,253.0,User8,,
1490159679085,Mouse Moved,721.0,252.0,User8,,
1490159679085,Mouse Moved,722.0,251.0,User8,,
1490159679131,Mouse Moved,723.0,251.0,User8,,
1490159679178,Mouse Moved,723.0,250.0,User8,,
1490159679240,Mouse Moved,724.0,250.0,User8,,
1490159679240,Mouse Moved,725.0,250.0,User8,,
1490159679288,Mouse Moved,725.0,249.0,User8,,
1490159679319,Mouse Moved,726.0,249.0,User8,,
1490159679349,Mouse Moved,727.0,248.0,User8,,
1490159679349,Mouse Moved,730.0,247.0,User8,,
1490159679365,Mouse Moved,732.0,246.0,User8,,
1490159679365,Mouse Moved,734.0,245.0,User8,,
1490159679381,Mouse Moved,736.0,244.0,User8,,
1490159679381,Mouse Moved,738.0,243.0,User8,,
1490159679397,Mouse Moved,739.0,243.0,User8,,
1490159679397,Mouse Moved,740.0,243.0,User8,,
1490159679427,Mouse Moved,740.0,242.0,User8,,
1490159679444,Mouse Moved,741.0,242.0,User8,,
1490159679536,Mouse Moved,740.0,241.0,User8,,
1490159679569,Mouse Moved,739.0,241.0,User8,,
1490159679569,Mouse Moved,737.0,241.0,User8,,
1490159679584,Mouse Moved,736.0,240.0,User8,,
1490159679599,Mouse Moved,734.0,240.0,User8,,
1490159679599,Mouse Moved,732.0,240.0,User8,,
1490159679615,Mouse Moved,729.0,240.0,User8,,
1490159679631,Mouse Moved,726.0,240.0,User8,,
1490159679631,Mouse Moved,723.0,240.0,User8,,
1490159679647,Mouse Moved,719.0,239.0,User8,,
1490159679661,Mouse Moved,716.0,239.0,User8,,
1490159679661,Mouse Moved,713.0,238.0,User8,,
1490159679677,Mouse Moved,710.0,238.0,User8,,
1490159679693,Mouse Moved,708.0,238.0,User8,,
1490159679693,Mouse Moved,706.0,237.0,User8,,
1490159679709,Mouse Moved,704.0,237.0,User8,,
1490159679724,Mouse Moved,702.0,237.0,User8,,
1490159679724,Mouse Moved,700.0,237.0,User8,,
1490159679740,Mouse Moved,698.0,237.0,User8,,
1490159679756,Mouse Moved,697.0,237.0,User8,,
1490159679756,Mouse Moved,696.0,237.0,User8,,
1490159679756,Mouse Moved,695.0,237.0,User8,,
1490159679770,Mouse Moved,693.0,237.0,User8,,
1490159679802,Mouse Moved,692.0,237.0,User8,,
1490159679834,Mouse Moved,691.0,237.0,User8,,
1490159679865,Mouse Moved,691.0,236.0,User8,,
1490159679927,Mouse Moved,691.0,235.0,User8,,
1490159680130,Mouse Moved,698.0,235.0,User8,,
1490159680145,Mouse Moved,707.0,235.0,User8,,
1490159680145,Mouse Moved,716.0,235.0,User8,,
1490159680161,Mouse Moved,740.0,235.0,User8,,
1490159680177,Mouse Moved,752.0,235.0,User8,,
1490159680193,Mouse Moved,768.0,235.0,User8,,
1490159680223,Mouse Moved,774.0,235.0,User8,,
1490159680239,Mouse Moved,781.0,235.0,User8,,
1490159680255,Mouse Moved,783.0,235.0,User8,,
1490159680286,Mouse Moved,785.0,235.0,User8,,
1490159680302,Mouse Moved,786.0,235.0,User8,,
1490159680316,Mouse Moved,788.0,235.0,User8,,
1490159680332,Mouse Moved,789.0,235.0,User8,,
1490159680348,Mouse Moved,793.0,235.0,User8,,
1490159680364,Mouse Moved,794.0,235.0,User8,,
1490159680380,Mouse Moved,795.0,235.0,User8,,
1490159680394,Mouse Moved,796.0,235.0,User8,,
1490159680411,Mouse Moved,797.0,235.0,User8,,
1490159680644,Mouse Moved,797.0,235.0,User8,,
1490159680644,Mouse Button.left Pressed,797.0,235.0,User8,,
1490159680785,Mouse Moved,797.0,235.0,User8,,
1490159680785,Mouse Button.left Released,797.0,235.0,User8,,
1490159681269,Mouse Moved,796.0,235.0,User8,,
1490159681424,Mouse Moved,795.0,235.0,User8,,
1490159681611,Mouse Moved,794.0,235.0,User8,,
1490159681628,Mouse Moved,793.0,235.0,User8,,
1490159681658,Mouse Moved,792.0,235.0,User8,,
1490159682002,Mouse Moved,791.0,235.0,User8,,
1490159682079,Mouse Moved,789.0,235.0,User8,,
1490159682079,Mouse Moved,787.0,236.0,User8,,
1490159682095,Mouse Moved,777.0,239.0,User8,,
1490159682111,Mouse Moved,766.0,242.0,User8,,
1490159682127,Mouse Moved,746.0,250.0,User8,,
1490159682142,Mouse Moved,651.0,281.0,User8,,
1490159682157,Mouse Moved,588.0,302.0,User8,,
1490159682174,Mouse Moved,502.0,333.0,User8,,
1490159682174,Mouse Moved,422.0,366.0,User8,,
1490159682188,Mouse Moved,351.0,396.0,User8,,
1490159682204,Mouse Moved,315.0,411.0,User8,,
1490159682204,Mouse Moved,292.0,420.0,User8,,
1490159682220,Mouse Moved,281.0,423.0,User8,,
1490159682266,Mouse Moved,277.0,426.0,User8,,
1490159682548,Mouse Moved,277.0,426.0,User8,,
1490159682548,Mouse Button.left Pressed,277.0,426.0,User8,,
1490159682673,Mouse Moved,277.0,426.0,User8,,
1490159682673,Mouse Button.left Released,277.0,426.0,User8,,
1490159683094,Mouse Moved,279.0,426.0,User8,,
1490159683109,Mouse Moved,283.0,427.0,User8,,
1490159683109,Mouse Moved,289.0,430.0,User8,,
1490159683125,Mouse Moved,296.0,436.0,User8,,
1490159683141,Mouse Moved,308.0,447.0,User8,,
1490159683141,Mouse Moved,328.0,464.0,User8,,
1490159683157,Mouse Moved,355.0,482.0,User8,,
1490159683171,Mouse Moved,377.0,498.0,User8,,
1490159683187,Mouse Moved,397.0,513.0,User8,,
1490159683187,Mouse Moved,407.0,523.0,User8,,
1490159683203,Mouse Moved,417.0,531.0,User8,,
1490159683219,Mouse Moved,423.0,539.0,User8,,
1490159683219,Mouse Moved,426.0,543.0,User8,,
1490159683234,Mouse Moved,428.0,545.0,User8,,
1490159683250,Mouse Moved,430.0,546.0,User8,,
1490159683437,Mouse Moved,431.0,547.0,User8,,
1490159683453,Mouse Moved,433.0,548.0,User8,,
1490159683469,Mouse Moved,437.0,550.0,User8,,
1490159683469,Mouse Moved,445.0,552.0,User8,,
1490159683483,Mouse Moved,452.0,554.0,User8,,
1490159683500,Mouse Moved,463.0,560.0,User8,,
1490159683515,Mouse Moved,466.0,560.0,User8,,
1490159683530,Mouse Moved,469.0,562.0,User8,,
1490159683562,Mouse Moved,469.0,563.0,User8,,
1490159683640,Mouse Moved,469.0,564.0,User8,,
1490159683640,Mouse Moved,469.0,565.0,User8,,
1490159683640,Mouse Moved,469.0,566.0,User8,,
1490159683640,Mouse Moved,469.0,567.0,User8,,
1490159683640,Mouse Moved,469.0,570.0,User8,,
1490159683640,Mouse Moved,469.0,573.0,User8,,
1490159683640,Mouse Moved,469.0,577.0,User8,,
1490159683655,Mouse Moved,469.0,580.0,User8,,
1490159683655,Mouse Moved,468.0,583.0,User8,,
1490159683671,Mouse Moved,466.0,586.0,User8,,
1490159683671,Mouse Moved,466.0,588.0,User8,,
1490159683687,Mouse Moved,466.0,589.0,User8,,
1490159683703,Mouse Moved,464.0,590.0,User8,,
1490159683717,Mouse Moved,464.0,591.0,User8,,
1490159683733,Mouse Moved,463.0,591.0,User8,,
1490159683749,Mouse Moved,463.0,592.0,User8,,
1490159683765,Mouse Moved,461.0,592.0,User8,,
1490159683904,Mouse Moved,461.0,592.0,User8,,
1490159683921,Mouse Button.left Pressed,461.0,592.0,User8,,
1490159684029,Mouse Moved,461.0,592.0,User8,,
1490159684029,Mouse Button.left Released,461.0,592.0,User8,,
1490159684233,Mouse Moved,459.0,593.0,User8,,
1490159684249,Mouse Moved,459.0,594.0,User8,,
1490159684263,Mouse Moved,459.0,596.0,User8,,
1490159684295,Mouse Moved,459.0,597.0,User8,,
1490159684311,Mouse Moved,459.0,598.0,User8,,
1490159684342,Mouse Moved,459.0,599.0,User8,,
1490159684497,Mouse Moved,459.0,599.0,User8,,
1490159684497,Mouse Button.left Pressed,459.0,599.0,User8,,
1490159684592,Mouse Moved,459.0,599.0,User8,,
1490159684592,Mouse Button.left Released,459.0,599.0,User8,,
1490159685309,Mouse Moved,461.0,598.0,User8,,
1490159685309,Mouse Moved,466.0,595.0,User8,,
1490159685325,Mouse Moved,475.0,586.0,User8,,
1490159685341,Mouse Moved,528.0,543.0,User8,,
1490159685355,Mouse Moved,551.0,522.0,User8,,
1490159685371,Mouse Moved,579.0,501.0,User8,,
1490159685371,Mouse Moved,597.0,485.0,User8,,
1490159685387,Mouse Moved,614.0,470.0,User8,,
1490159685403,Mouse Moved,623.0,464.0,User8,,
1490159685403,Mouse Moved,630.0,460.0,User8,,
1490159685418,Mouse Moved,635.0,456.0,User8,,
1490159685434,Mouse Moved,637.0,454.0,User8,,
1490159685450,Mouse Moved,638.0,452.0,User8,,
1490159685450,Mouse Moved,642.0,450.0,User8,,
1490159685698,Mouse Moved,642.0,450.0,User8,,
1490159685730,Mouse Moved,642.0,450.0,User8,,
1490159685730,Mouse Scrolled (0 -4),642.0,450.0,User8,,
1490159685776,Mouse Moved,642.0,450.0,User8,,
1490159685776,Mouse Scrolled (0 -1),642.0,450.0,User8,,
1490159685792,Mouse Moved,642.0,450.0,User8,,
1490159685792,Mouse Moved,642.0,450.0,User8,,
1490159685792,Mouse Scrolled (0 -1),642.0,450.0,User8,,
1490159685823,Mouse Moved,642.0,450.0,User8,,
1490159685839,Mouse Moved,642.0,450.0,User8,,
1490159685839,Mouse Scrolled (0 -1),642.0,450.0,User8,,
1490159685855,Mouse Moved,642.0,450.0,User8,,
1490159685871,Mouse Moved,642.0,450.0,User8,,
1490159685887,Mouse Moved,642.0,450.0,User8,,
1490159685887,Mouse Scrolled (0 -1),642.0,450.0,User8,,
1490159685901,Mouse Moved,642.0,450.0,User8,,
1490159685917,Mouse Moved,642.0,450.0,User8,,
1490159685933,Mouse Moved,642.0,450.0,User8,,
1490159685948,Mouse Moved,642.0,450.0,User8,,
1490159685964,Mouse Moved,642.0,450.0,User8,,
1490159685980,Mouse Moved,642.0,450.0,User8,,
1490159685980,Mouse Scrolled (0 -1),642.0,450.0,User8,,
1490159685996,Mouse Moved,642.0,450.0,User8,,
1490159685996,Mouse Moved,642.0,450.0,User8,,
1490159686010,Mouse Moved,642.0,450.0,User8,,
1490159686026,Mouse Moved,642.0,450.0,User8,,
1490159686042,Mouse Moved,642.0,450.0,User8,,
1490159686058,Mouse Moved,642.0,450.0,User8,,
1490159686073,Mouse Moved,642.0,450.0,User8,,
1490159686105,Mouse Moved,642.0,450.0,User8,,
1490159686105,Mouse Scrolled (0 -1),642.0,450.0,User8,,
1490159686105,Mouse Moved,642.0,450.0,User8,,
1490159686135,Mouse Moved,642.0,450.0,User8,,
1490159686151,Mouse Moved,642.0,450.0,User8,,
1490159686151,Mouse Moved,642.0,450.0,User8,,
1490159686183,Mouse Moved,642.0,450.0,User8,,
1490159686198,Mouse Moved,642.0,450.0,User8,,
1490159686213,Mouse Moved,642.0,450.0,User8,,
1490159686230,Mouse Moved,642.0,450.0,User8,,
1490159686292,Mouse Moved,642.0,449.0,User8,,
1490159686355,Mouse Moved,642.0,447.0,User8,,
1490159686355,Mouse Moved,644.0,436.0,User8,,
1490159686355,Mouse Moved,646.0,421.0,User8,,
1490159686369,Mouse Moved,651.0,390.0,User8,,
1490159686385,Mouse Moved,659.0,329.0,User8,,
1490159686385,Mouse Moved,674.0,265.0,User8,,
1490159686401,Mouse Moved,686.0,203.0,User8,,
1490159686401,Mouse Moved,695.0,168.0,User8,,
1490159686417,Mouse Moved,700.0,149.0,User8,,
1490159686417,Mouse Moved,703.0,139.0,User8,,
1490159686433,Mouse Moved,704.0,135.0,User8,,
1490159686447,Mouse Moved,705.0,133.0,User8,,
1490159686667,Mouse Moved,706.0,133.0,User8,,
1490159686667,Mouse Moved,711.0,134.0,User8,,
1490159686681,Mouse Moved,718.0,139.0,User8,,
1490159686697,Mouse Moved,745.0,151.0,User8,,
1490159686713,Mouse Moved,766.0,163.0,User8,,
1490159686729,Mouse Moved,793.0,178.0,User8,,
1490159686744,Mouse Moved,809.0,188.0,User8,,
1490159686744,Mouse Moved,826.0,201.0,User8,,
1490159686759,Mouse Moved,836.0,209.0,User8,,
1490159686759,Mouse Moved,844.0,214.0,User8,,
1490159686776,Mouse Moved,848.0,218.0,User8,,
1490159686776,Mouse Moved,852.0,220.0,User8,,
1490159686790,Mouse Moved,853.0,220.0,User8,,
1490159686790,Mouse Moved,854.0,221.0,User8,,
1490159686915,Mouse Moved,854.0,222.0,User8,,
1490159686915,Mouse Moved,855.0,222.0,User8,,
1490159686931,Mouse Moved,856.0,223.0,User8,,
1490159686947,Mouse Moved,857.0,223.0,User8,,
1490159686979,Mouse Moved,858.0,223.0,User8,,
1490159687009,Mouse Moved,858.0,224.0,User8,,
1490159687072,Mouse Moved,857.0,225.0,User8,,
1490159687088,Mouse Moved,856.0,225.0,User8,,
1490159687118,Mouse Moved,856.0,226.0,User8,,
1490159687134,Mouse Moved,855.0,226.0,User8,,
1490159687150,Mouse Moved,855.0,227.0,User8,,
1490159687180,Mouse Moved,855.0,228.0,User8,,
1490159687368,Mouse Moved,855.0,228.0,User8,,
1490159687368,Mouse Button.left Pressed,855.0,228.0,User8,,
1490159687447,Mouse Moved,855.0,228.0,User8,,
1490159687447,Mouse Button.left Released,855.0,228.0,User8,,
1490159688071,Mouse Moved,854.0,228.0,User8,,
1490159688085,Mouse Moved,853.0,228.0,User8,,
1490159688101,Mouse Moved,852.0,229.0,User8,,
1490159688117,Mouse Moved,850.0,230.0,User8,,
1490159688117,Mouse Moved,849.0,230.0,User8,,
1490159688132,Mouse Moved,848.0,230.0,User8,,
1490159688148,Mouse Moved,847.0,230.0,User8,,
1490159688148,Mouse Moved,847.0,231.0,User8,,
1490159688164,Mouse Moved,846.0,231.0,User8,,
1490159688180,Mouse Moved,845.0,231.0,User8,,
1490159688180,Mouse Moved,844.0,231.0,User8,,
1490159688210,Mouse Moved,842.0,232.0,User8,,
1490159688210,Mouse Moved,841.0,232.0,User8,,
1490159688242,Mouse Moved,839.0,232.0,User8,,
1490159688242,Mouse Moved,838.0,232.0,User8,,
1490159688257,Mouse Moved,835.0,232.0,User8,,
1490159688273,Mouse Moved,831.0,232.0,User8,,
1490159688289,Mouse Moved,829.0,233.0,User8,,
1490159688305,Mouse Moved,825.0,233.0,User8,,
1490159688319,Mouse Moved,822.0,233.0,User8,,
1490159688335,Mouse Moved,821.0,234.0,User8,,
1490159688351,Mouse Moved,819.0,235.0,User8,,
1490159688367,Mouse Moved,817.0,235.0,User8,,
1490159688398,Mouse Moved,816.0,235.0,User8,,
1490159688398,Mouse Moved,815.0,235.0,User8,,
1490159688414,Mouse Moved,814.0,236.0,User8,,
1490159688428,Mouse Moved,813.0,236.0,User8,,
1490159688460,Mouse Moved,812.0,236.0,User8,,
1490159688523,Mouse Moved,811.0,236.0,User8,,
1490159688553,Mouse Moved,811.0,237.0,User8,,
1490159688569,Mouse Moved,810.0,237.0,User8,,
1490159688601,Mouse Moved,809.0,237.0,User8,,
1490159688617,Mouse Moved,808.0,237.0,User8,,
1490159688648,Mouse Moved,807.0,237.0,User8,,
1490159688694,Mouse Moved,806.0,237.0,User8,,
1490159688726,Mouse Moved,805.0,237.0,User8,,
1490159688740,Mouse Moved,804.0,238.0,User8,,
1490159688788,Mouse Moved,803.0,238.0,User8,,
1490159688835,Mouse Moved,802.0,239.0,User8,,
1490159688851,Mouse Moved,801.0,239.0,User8,,
1490159688865,Mouse Moved,799.0,239.0,User8,,
1490159688881,Mouse Moved,799.0,240.0,User8,,
1490159688897,Mouse Moved,797.0,240.0,User8,,
1490159688913,Mouse Moved,796.0,240.0,User8,,
1490159688928,Mouse Moved,795.0,240.0,User8,,
1490159688944,Mouse Moved,794.0,240.0,User8,,
1490159688960,Mouse Moved,792.0,240.0,User8,,
1490159688974,Mouse Moved,791.0,240.0,User8,,
1490159688990,Mouse Moved,788.0,240.0,User8,,
1490159689006,Mouse Moved,785.0,240.0,User8,,
1490159689022,Mouse Moved,783.0,241.0,User8,,
1490159689038,Mouse Moved,781.0,241.0,User8,,
1490159689052,Mouse Moved,780.0,241.0,User8,,
1490159689069,Mouse Moved,777.0,241.0,User8,,
1490159689085,Mouse Moved,772.0,243.0,User8,,
1490159689099,Mouse Moved,770.0,243.0,User8,,
1490159689115,Mouse Moved,768.0,244.0,User8,,
1490159689115,Mouse Moved,765.0,244.0,User8,,
1490159689131,Mouse Moved,764.0,244.0,User8,,
1490159689147,Mouse Moved,761.0,245.0,User8,,
1490159689163,Mouse Moved,759.0,245.0,User8,,
1490159689177,Mouse Moved,758.0,246.0,User8,,
1490159689177,Mouse Moved,756.0,246.0,User8,,
1490159689194,Mouse Moved,754.0,246.0,User8,,
1490159689209,Mouse Moved,753.0,247.0,User8,,
1490159689209,Mouse Moved,752.0,247.0,User8,,
1490159689224,Mouse Moved,750.0,248.0,User8,,
1490159689240,Mouse Moved,749.0,248.0,User8,,
1490159689256,Mouse Moved,748.0,248.0,User8,,
1490159689272,Mouse Moved,747.0,249.0,User8,,
1490159689286,Mouse Moved,746.0,249.0,User8,,
1490159689302,Mouse Moved,745.0,249.0,User8,,
1490159689319,Mouse Moved,743.0,249.0,User8,,
1490159689349,Mouse Moved,742.0,249.0,User8,,
1490159689645,Mouse Moved,742.0,243.0,User8,,
1490159689677,Mouse Moved,742.0,242.0,User8,,
1490159689709,Mouse Moved,742.0,241.0,User8,,
1490159689723,Mouse Moved,741.0,241.0,User8,,
1490159689832,Mouse Moved,741.0,241.0,User8,,
1490159689832,Mouse Button.left Pressed,741.0,241.0,User8,,
1490159689957,Mouse Moved,741.0,241.0,User8,,
1490159689973,Mouse Button.left Released,741.0,241.0,User8,,
1490159692220,Mouse Moved,747.0,244.0,User8,,
1490159692236,Mouse Moved,819.0,263.0,User8,,
1490159692250,Mouse Moved,880.0,271.0,User8,,
1490159692250,Mouse Moved,1001.0,271.0,User8,,
1490159692282,Mouse Moved,1064.0,277.0,User8,,
1490159692282,Mouse Moved,1112.0,283.0,User8,,
1490159693016,Mouse Moved,1132.0,199.0,User8,,
1490159693016,Mouse Moved,1130.0,199.0,User8,,
