timestamp,event,x,y,user,screen_width,screen_height
1489851808785,Mouse Moved,400.0,289.0,User8,800.0,578.0
1489851823999,Mouse Moved,646.0,7.0,User8,,
1489851824013,Mouse Moved,601.0,33.0,User8,,
1489851824029,Mouse Moved,416.0,187.0,User8,,
1489851825262,Mouse Moved,381.0,217.0,User8,1366.0,723.0
1489851825278,Mouse Moved,627.0,285.0,User8,,
1489851825293,Mouse Moved,562.0,319.0,User8,,
1489851825325,Mouse Moved,490.0,342.0,User8,,
1489851825355,Mouse Moved,282.0,317.0,User8,,
1489851825371,Mouse Moved,278.0,305.0,User8,,
1489851825387,Mouse Moved,275.0,299.0,User8,,
1489851825417,Mouse Moved,266.0,288.0,User8,,
1489851825434,Mouse Moved,263.0,283.0,User8,,
1489851825450,Mouse Moved,256.0,271.0,User8,,
1489851827946,Mouse Moved,433.0,303.0,User8,,
1489851827960,Mouse Moved,432.0,335.0,User8,,
1489851827976,Mouse Moved,432.0,344.0,User8,,
1489851827992,Mouse Moved,432.0,373.0,User8,,
1489851828007,Mouse Moved,432.0,384.0,User8,,
1489851828023,Mouse Moved,432.0,391.0,User8,,
1489851828039,Mouse Moved,432.0,396.0,User8,,
1489851828055,Mouse Moved,432.0,407.0,User8,,
1489851828069,Mouse Moved,432.0,412.0,User8,,
1489851828085,Mouse Moved,432.0,423.0,User8,,
1489851828101,Mouse Moved,431.0,434.0,User8,,
1489851828117,Mouse Moved,428.0,446.0,User8,,
1489851828164,Mouse Moved,427.0,451.0,User8,,
1489851828226,Mouse Moved,426.0,461.0,User8,,
1489851828273,Mouse Moved,414.0,494.0,User8,,
1489851828335,Mouse Moved,406.0,511.0,User8,,
1489851828351,Mouse Moved,397.0,537.0,User8,,
1489851828367,Mouse Moved,398.0,692.0,User8,,
1489851828398,Mouse Moved,400.0,695.0,User8,,
1489851828414,Mouse Moved,400.0,696.0,User8,,
1489851828428,Mouse Moved,400.0,698.0,User8,,
1489851828444,Mouse Moved,400.0,701.0,User8,,
1489851828460,Mouse Moved,400.0,707.0,User8,,
1489851828476,Mouse Moved,400.0,716.0,User8,,
1489851828865,Mouse Moved,406.0,681.0,User8,,
1489851828974,Mouse Moved,408.0,671.0,User8,,
1489851829099,Mouse Moved,434.0,557.0,User8,,
1489851829131,Mouse Moved,430.0,557.0,User8,,
1489851829645,Mouse Moved,418.0,559.0,User8,,
1489851829661,Mouse Moved,418.0,560.0,User8,,
1489851829677,Mouse Moved,424.0,559.0,User8,,
1489851829693,Mouse Moved,429.0,558.0,User8,,
1489851829707,Mouse Moved,435.0,557.0,User8,,
1489851829723,Mouse Moved,438.0,553.0,User8,,
1489851829740,Mouse Moved,444.0,546.0,User8,,
1489851829755,Mouse Moved,447.0,540.0,User8,,
1489851829770,Mouse Moved,464.0,515.0,User8,,
1489851829786,Mouse Moved,472.0,504.0,User8,,
1489851829802,Mouse Moved,526.0,450.0,User8,,
1489851829818,Mouse Moved,592.0,402.0,User8,,
1489851829832,Mouse Moved,663.0,352.0,User8,,
1489851829848,Mouse Moved,726.0,309.0,User8,,
1489851829864,Mouse Moved,755.0,291.0,User8,,
1489851829895,Mouse Moved,806.0,262.0,User8,,
1489851829911,Mouse Moved,887.0,218.0,User8,,
1489851829927,Mouse Moved,905.0,207.0,User8,,
1489851829941,Mouse Moved,908.0,206.0,User8,,
1489851830239,Mouse Moved,908.0,204.0,User8,,
1489851830253,Mouse Moved,905.0,201.0,User8,,
1489851830286,Mouse Moved,870.0,192.0,User8,,
1489851830301,Mouse Moved,816.0,185.0,User8,,
1489851830316,Mouse Moved,787.0,182.0,User8,,
1489851830332,Mouse Moved,587.0,149.0,User8,,
1489851830348,Mouse Moved,549.0,140.0,User8,,
1489851830364,Mouse Moved,481.0,121.0,User8,,
1489851830378,Mouse Moved,422.0,106.0,User8,,
1489851830394,Mouse Moved,372.0,95.0,User8,,
1489851830410,Mouse Moved,352.0,94.0,User8,,
1489851830426,Mouse Moved,301.0,81.0,User8,,
1489851830441,Mouse Moved,273.0,72.0,User8,,
1489851830457,Mouse Moved,244.0,63.0,User8,,
1489851830473,Mouse Moved,208.0,50.0,User8,,
1489851830487,Mouse Moved,194.0,45.0,User8,,
1489851830503,Mouse Moved,166.0,37.0,User8,,
1489851830519,Mouse Moved,134.0,28.0,User8,,
1489851830551,Mouse Moved,113.0,18.0,User8,,
1489851830644,Mouse Moved,111.0,16.0,User8,,
1489851830660,Mouse Moved,111.0,13.0,User8,,
1489851830676,Mouse Moved,111.0,9.0,User8,,
1489851830690,Mouse Moved,111.0,3.0,User8,,
1489851836276,Mouse Moved,258.0,84.0,User8,,
1489851836369,Mouse Moved,258.0,84.0,User8,,
1489851836463,Mouse Moved,259.0,85.0,User8,,
1489851836479,Mouse Moved,260.0,85.0,User8,,
1489851836493,Mouse Moved,263.0,85.0,User8,,
1489851836509,Mouse Moved,264.0,85.0,User8,,
1489851836588,Mouse Moved,264.0,83.0,User8,,
1489851836604,Mouse Moved,264.0,82.0,User8,,
1489851836618,Mouse Moved,282.0,70.0,User8,,
1489851836634,Mouse Moved,285.0,60.0,User8,,
1489851837009,Mouse Moved,283.0,60.0,User8,,
1489851837025,Mouse Moved,279.0,61.0,User8,,
1489851837102,Mouse Moved,278.0,62.0,User8,,
1489851837196,Mouse Moved,274.0,63.0,User8,,
1489851837211,Mouse Moved,261.0,63.0,User8,,
1489851837227,Mouse Moved,245.0,61.0,User8,,
1489851837243,Mouse Moved,239.0,61.0,User8,,
1489851837259,Mouse Moved,179.0,51.0,User8,,
1489851837273,Mouse Moved,127.0,43.0,User8,,
1489851837289,Mouse Moved,104.0,40.0,User8,,
1489851837305,Mouse Moved,77.0,36.0,User8,,
1489851837321,Mouse Moved,70.0,34.0,User8,,
1489851837336,Mouse Moved,65.0,32.0,User8,,
1489851837618,Mouse Moved,64.0,31.0,User8,,
1489851837696,Mouse Moved,64.0,31.0,User8,,
1489851837976,Mouse Moved,71.0,44.0,User8,,
1489851837992,Mouse Moved,88.0,63.0,User8,,
1489851838007,Mouse Moved,120.0,91.0,User8,,
1489851838023,Mouse Moved,142.0,108.0,User8,,
1489851838039,Mouse Moved,204.0,147.0,User8,,
1489851838053,Mouse Moved,262.0,180.0,User8,,
1489851838069,Mouse Moved,306.0,201.0,User8,,
1489851838085,Mouse Moved,329.0,217.0,User8,,
1489851838101,Mouse Moved,344.0,234.0,User8,,
1489851838117,Mouse Moved,348.0,240.0,User8,,
1489851838131,Mouse Moved,354.0,250.0,User8,,
1489851838148,Mouse Moved,354.0,251.0,User8,,
1489851838210,Mouse Moved,354.0,251.0,User8,,
1489851838273,Mouse Moved,354.0,251.0,User8,,
1489851838351,Mouse Moved,354.0,253.0,User8,,
1489851838365,Mouse Moved,332.0,316.0,User8,,
1489851838381,Mouse Moved,287.0,434.0,User8,,
1489851838398,Mouse Moved,235.0,549.0,User8,,
1489851838413,Mouse Moved,202.0,625.0,User8,,
1489851838460,Mouse Moved,184.0,669.0,User8,,
1489851838476,Mouse Moved,181.0,674.0,User8,,
1489851838506,Mouse Moved,181.0,677.0,User8,,
1489851838522,Mouse Moved,181.0,678.0,User8,,
1489851838677,Mouse Moved,186.0,678.0,User8,,
1489851838694,Mouse Moved,192.0,678.0,User8,,
1489851838710,Mouse Moved,195.0,677.0,User8,,
1489851838724,Mouse Moved,200.0,677.0,User8,,
1489851838740,Mouse Moved,204.0,677.0,User8,,
1489851838756,Mouse Moved,208.0,677.0,User8,,
1489851838772,Mouse Moved,209.0,677.0,User8,,
1489851838788,Mouse Moved,211.0,679.0,User8,,
1489851838802,Mouse Moved,215.0,681.0,User8,,
1489851838819,Mouse Moved,216.0,681.0,User8,,
1489851838834,Mouse Moved,218.0,682.0,User8,,
1489851838881,Mouse Moved,219.0,684.0,User8,,
1489851838897,Mouse Moved,220.0,685.0,User8,,
1489851838911,Mouse Moved,221.0,686.0,User8,,
1489851838927,Mouse Moved,222.0,690.0,User8,,
1489851838944,Mouse Moved,222.0,692.0,User8,,
1489851838959,Mouse Moved,223.0,696.0,User8,,
1489851839052,Mouse Moved,224.0,697.0,User8,,
1489851839115,Mouse Moved,225.0,697.0,User8,,
1489851839131,Mouse Moved,227.0,697.0,User8,,
1489851839145,Mouse Moved,235.0,697.0,User8,,
1489851839161,Mouse Moved,247.0,697.0,User8,,
1489851839177,Mouse Moved,263.0,696.0,User8,,
1489851839193,Mouse Moved,282.0,696.0,User8,,
1489851839209,Mouse Moved,298.0,695.0,User8,,
1489851839223,Mouse Moved,304.0,695.0,User8,,
1489851839240,Mouse Moved,312.0,694.0,User8,,
1489851839256,Mouse Moved,316.0,692.0,User8,,
1489851839380,Mouse Moved,317.0,692.0,User8,,
1489851839395,Mouse Moved,320.0,692.0,User8,,
1489851839411,Mouse Moved,327.0,692.0,User8,,
1489851839427,Mouse Moved,332.0,692.0,User8,,
1489851839443,Mouse Moved,336.0,692.0,User8,,
1489851839473,Mouse Moved,337.0,692.0,User8,,
1489851839490,Mouse Moved,339.0,692.0,User8,,
1489851839505,Mouse Moved,340.0,692.0,User8,,
1489851839520,Mouse Moved,343.0,692.0,User8,,
1489851839536,Mouse Moved,346.0,693.0,User8,,
1489851839552,Mouse Moved,349.0,693.0,User8,,
1489851839568,Mouse Moved,351.0,693.0,User8,,
1489851839582,Mouse Moved,354.0,696.0,User8,,
1489851839598,Mouse Moved,358.0,696.0,User8,,
1489851839630,Mouse Moved,364.0,697.0,User8,,
1489851839645,Mouse Moved,378.0,703.0,User8,,
1489851839661,Mouse Moved,384.0,704.0,User8,,
1489851839677,Mouse Moved,385.0,705.0,User8,,
1489851839691,Mouse Moved,390.0,706.0,User8,,
1489851839707,Mouse Moved,391.0,706.0,User8,,
1489851839723,Mouse Moved,393.0,706.0,User8,,
1489851839739,Mouse Moved,394.0,706.0,User8,,
1489851839755,Mouse Moved,395.0,707.0,User8,,
1489851839989,Mouse Moved,395.0,707.0,User8,,
1489851840003,Mouse Button.left Pressed,395.0,707.0,User8,,
1489851840082,Mouse Moved,395.0,707.0,User8,,
1489851844122,Mouse Moved,396.0,707.0,User8,,
1489851844138,Mouse Moved,396.0,706.0,User8,,
1489851844325,Mouse Moved,396.0,700.0,User8,,
1489851844341,Mouse Moved,379.0,689.0,User8,,
1489851844357,Mouse Moved,366.0,676.0,User8,,
1489851844371,Mouse Moved,366.0,674.0,User8,,
1489851844388,Mouse Moved,366.0,673.0,User8,,
1489851844404,Mouse Moved,369.0,670.0,User8,,
1489851844418,Mouse Moved,376.0,664.0,User8,,
1489851844434,Mouse Moved,387.0,655.0,User8,,
1489851844450,Mouse Moved,395.0,645.0,User8,,
1489851844871,Mouse Moved,398.0,657.0,User8,,
1489851845667,Mouse Moved,498.0,680.0,User8,,
1489851845683,Mouse Moved,510.0,669.0,User8,,
1489851845697,Mouse Moved,519.0,655.0,User8,,
1489851845713,Mouse Moved,525.0,645.0,User8,,
1489851845730,Mouse Moved,528.0,640.0,User8,,
1489851846805,Mouse Moved,529.0,638.0,User8,,
1489851846822,Mouse Moved,559.0,618.0,User8,,
1489851846836,Mouse Moved,603.0,597.0,User8,,
1489851846852,Mouse Moved,647.0,578.0,User8,,
1489851846868,Mouse Moved,708.0,552.0,User8,,
1489851846884,Mouse Moved,770.0,526.0,User8,,
1489851846900,Mouse Moved,832.0,507.0,User8,,
1489851846914,Mouse Moved,852.0,502.0,User8,,
1489851846930,Mouse Moved,861.0,501.0,User8,,
1489851847023,Mouse Moved,865.0,501.0,User8,,
1489851847039,Mouse Moved,867.0,504.0,User8,,
1489851847055,Mouse Moved,872.0,512.0,User8,,
1489851847071,Mouse Moved,880.0,521.0,User8,,
1489851847086,Mouse Moved,884.0,525.0,User8,,
1489851847101,Mouse Moved,886.0,527.0,User8,,
1489851847118,Mouse Moved,887.0,530.0,User8,,
1489851847134,Mouse Moved,889.0,534.0,User8,,
1489851847148,Mouse Moved,889.0,537.0,User8,,
1489851847164,Mouse Moved,890.0,539.0,User8,,
1489851847180,Mouse Moved,890.0,541.0,User8,,
1489851847196,Mouse Moved,891.0,545.0,User8,,
1489851847211,Mouse Moved,892.0,546.0,User8,,
1489851847226,Mouse Moved,892.0,549.0,User8,,
1489851847243,Mouse Moved,892.0,552.0,User8,,
1489851847273,Mouse Moved,892.0,554.0,User8,,
1489851847382,Mouse Moved,892.0,555.0,User8,,
1489851847476,Mouse Moved,892.0,555.0,User8,,
1489851848802,Mouse Moved,885.0,550.0,User8,,
1489851848818,Mouse Moved,881.0,549.0,User8,,
1489851848834,Mouse Moved,866.0,544.0,User8,,
1489851848849,Mouse Moved,842.0,529.0,User8,,
1489851848865,Mouse Moved,735.0,476.0,User8,,
1489851848881,Mouse Moved,665.0,445.0,User8,,
1489851848895,Mouse Moved,614.0,425.0,User8,,
1489851848911,Mouse Moved,558.0,401.0,User8,,
1489851848927,Mouse Moved,535.0,392.0,User8,,
1489851848943,Mouse Moved,512.0,381.0,User8,,
1489851848959,Mouse Moved,472.0,366.0,User8,,
1489851848973,Mouse Moved,428.0,351.0,User8,,
1489851848990,Mouse Moved,392.0,334.0,User8,,
1489851849006,Mouse Moved,361.0,325.0,User8,,
1489851849020,Mouse Moved,336.0,318.0,User8,,
1489851849036,Mouse Moved,324.0,318.0,User8,,
1489851849115,Mouse Moved,323.0,317.0,User8,,
1489851849130,Mouse Moved,324.0,317.0,User8,,
1489851849145,Mouse Moved,329.0,317.0,User8,,
1489851849161,Mouse Moved,334.0,317.0,User8,,
1489851849177,Mouse Moved,343.0,321.0,User8,,
1489851849193,Mouse Moved,346.0,322.0,User8,,
1489851849207,Mouse Moved,354.0,326.0,User8,,
1489851849223,Mouse Moved,359.0,328.0,User8,,
1489851849240,Mouse Moved,367.0,331.0,User8,,
1489851849255,Mouse Moved,370.0,331.0,User8,,
1489851849270,Mouse Moved,373.0,331.0,User8,,
1489851849286,Mouse Moved,375.0,331.0,User8,,
1489851849302,Mouse Moved,376.0,331.0,User8,,
1489851849318,Mouse Moved,377.0,331.0,User8,,
1489851849332,Mouse Moved,379.0,331.0,User8,,
1489851849348,Mouse Moved,380.0,331.0,User8,,
1489851849364,Mouse Moved,387.0,333.0,User8,,
1489851849380,Mouse Moved,391.0,337.0,User8,,
1489851849395,Mouse Moved,399.0,340.0,User8,,
1489851849411,Mouse Moved,404.0,343.0,User8,,
1489851849427,Mouse Moved,407.0,343.0,User8,,
1489851849441,Mouse Moved,411.0,344.0,User8,,
1489851849457,Mouse Moved,412.0,344.0,User8,,
1489851849473,Mouse Moved,413.0,344.0,User8,,
1489851849566,Mouse Moved,413.0,344.0,User8,,
1489851849691,Mouse Moved,413.0,344.0,User8,,
1489851849786,Mouse Moved,421.0,345.0,User8,,
1489851849801,Mouse Moved,435.0,346.0,User8,,
1489851849816,Mouse Moved,489.0,353.0,User8,,
1489851849832,Mouse Moved,568.0,363.0,User8,,
1489851849848,Mouse Moved,659.0,382.0,User8,,
1489851849864,Mouse Moved,753.0,409.0,User8,,
1489851849878,Mouse Moved,818.0,433.0,User8,,
1489851849894,Mouse Moved,876.0,457.0,User8,,
1489851849910,Mouse Moved,903.0,472.0,User8,,
1489851849926,Mouse Moved,944.0,501.0,User8,,
1489851849941,Mouse Moved,965.0,521.0,User8,,
1489851849957,Mouse Moved,970.0,526.0,User8,,
1489851849987,Mouse Moved,970.0,528.0,User8,,
1489851850003,Mouse Moved,970.0,531.0,User8,,
1489851850019,Mouse Moved,967.0,540.0,User8,,
1489851850035,Mouse Moved,967.0,541.0,User8,,
1489851850051,Mouse Moved,967.0,546.0,User8,,
1489851850065,Mouse Moved,967.0,549.0,User8,,
1489851850082,Mouse Moved,966.0,551.0,User8,,
1489851850098,Mouse Moved,965.0,553.0,User8,,
1489851850112,Mouse Moved,959.0,560.0,User8,,
1489851850128,Mouse Moved,957.0,562.0,User8,,
1489851850144,Mouse Moved,955.0,562.0,User8,,
1489851850160,Mouse Moved,953.0,562.0,User8,,
1489851850176,Mouse Moved,944.0,563.0,User8,,
1489851850190,Mouse Moved,932.0,563.0,User8,,
1489851850207,Mouse Moved,919.0,563.0,User8,,
1489851850221,Mouse Moved,908.0,563.0,User8,,
1489851850237,Mouse Moved,896.0,563.0,User8,,
1489851850253,Mouse Moved,886.0,563.0,User8,,
1489851850269,Mouse Moved,885.0,563.0,User8,,
1489851850346,Mouse Moved,883.0,563.0,User8,,
1489851850362,Mouse Moved,883.0,558.0,User8,,
1489851850378,Mouse Moved,883.0,555.0,User8,,
1489851850410,Mouse Moved,885.0,550.0,User8,,
1489851850456,Mouse Moved,885.0,550.0,User8,,
1489851850565,Mouse Moved,885.0,550.0,User8,,
1489851851657,Mouse Moved,867.0,533.0,User8,,
1489851851673,Mouse Moved,856.0,529.0,User8,,
1489851851688,Mouse Moved,845.0,523.0,User8,,
1489851851703,Mouse Moved,819.0,513.0,User8,,
1489851851720,Mouse Moved,792.0,502.0,User8,,
1489851851736,Mouse Moved,783.0,499.0,User8,,
1489851851750,Mouse Moved,765.0,492.0,User8,,
1489851851766,Mouse Moved,762.0,491.0,User8,,
1489851851782,Mouse Moved,759.0,490.0,User8,,
1489851851798,Mouse Moved,757.0,490.0,User8,,
1489851851828,Mouse Moved,756.0,489.0,User8,,
1489851851845,Mouse Moved,755.0,489.0,User8,,
1489851851859,Mouse Moved,754.0,489.0,User8,,
1489851851875,Mouse Moved,754.0,500.0,User8,,
1489851851891,Mouse Moved,754.0,505.0,User8,,
1489851851907,Mouse Moved,764.0,527.0,User8,,
1489851851923,Mouse Moved,777.0,544.0,User8,,
1489851851937,Mouse Moved,793.0,559.0,User8,,
1489851851953,Mouse Moved,802.0,564.0,User8,,
1489851851970,Mouse Moved,816.0,571.0,User8,,
1489851851984,Mouse Moved,827.0,573.0,User8,,
1489851852078,Mouse Moved,829.0,573.0,User8,,
1489851852094,Mouse Moved,833.0,572.0,User8,,
1489851852109,Mouse Moved,833.0,570.0,User8,,
1489851852125,Mouse Moved,834.0,567.0,User8,,
1489851852141,Mouse Moved,835.0,565.0,User8,,
1489851852157,Mouse Moved,837.0,561.0,User8,,
1489851852171,Mouse Moved,838.0,557.0,User8,,
1489851852187,Mouse Moved,840.0,556.0,User8,,
1489851852203,Mouse Moved,842.0,552.0,User8,,
1489851852219,Mouse Moved,846.0,549.0,User8,,
1489851852234,Mouse Moved,850.0,549.0,User8,,
1489851852250,Mouse Moved,852.0,549.0,User8,,
1489851852266,Mouse Moved,853.0,549.0,User8,,
1489851852391,Mouse Moved,850.0,549.0,User8,,
1489851852405,Mouse Moved,845.0,549.0,User8,,
1489851852421,Mouse Moved,837.0,549.0,User8,,
1489851852437,Mouse Moved,821.0,549.0,User8,,
1489851852453,Mouse Moved,798.0,549.0,User8,,
1489851852469,Mouse Moved,784.0,549.0,User8,,
1489851852483,Mouse Moved,778.0,549.0,User8,,
1489851852594,Mouse Moved,776.0,549.0,User8,,
1489851852608,Mouse Moved,774.0,544.0,User8,,
1489851852625,Mouse Moved,773.0,531.0,User8,,
1489851852640,Mouse Moved,769.0,520.0,User8,,
1489851852655,Mouse Moved,769.0,516.0,User8,,
1489851852703,Mouse Moved,768.0,501.0,User8,,
1489851852750,Mouse Moved,767.0,501.0,User8,,
1489851852765,Mouse Moved,761.0,504.0,User8,,
1489851852780,Mouse Moved,760.0,505.0,User8,,
1489851852796,Mouse Moved,754.0,505.0,User8,,
1489851852812,Mouse Moved,750.0,505.0,User8,,
1489851852828,Mouse Moved,733.0,492.0,User8,,
1489851852858,Mouse Moved,724.0,481.0,User8,,
1489851852890,Mouse Moved,702.0,454.0,User8,,
1489851852937,Mouse Moved,699.0,450.0,User8,,
1489851852951,Mouse Moved,699.0,452.0,User8,,
1489851853029,Mouse Moved,699.0,454.0,User8,,
1489851853046,Mouse Moved,706.0,464.0,User8,,
1489851853062,Mouse Moved,716.0,475.0,User8,,
1489851853076,Mouse Moved,729.0,490.0,User8,,
1489851853092,Mouse Moved,743.0,508.0,User8,,
1489851853108,Mouse Moved,753.0,524.0,User8,,
1489851853124,Mouse Moved,765.0,537.0,User8,,
1489851853154,Mouse Moved,777.0,552.0,User8,,
1489851853171,Mouse Moved,783.0,557.0,User8,,
1489851853186,Mouse Moved,785.0,559.0,User8,,
1489851853217,Mouse Moved,797.0,571.0,User8,,
1489851853233,Mouse Moved,802.0,573.0,User8,,
1489851853249,Mouse Moved,806.0,573.0,User8,,
1489851853263,Mouse Moved,810.0,573.0,User8,,
1489851853279,Mouse Moved,812.0,573.0,User8,,
1489851853296,Mouse Moved,812.0,571.0,User8,,
1489851853311,Mouse Moved,813.0,570.0,User8,,
1489851853326,Mouse Moved,815.0,566.0,User8,,
1489851853358,Mouse Moved,815.0,564.0,User8,,
1489851853374,Mouse Moved,817.0,562.0,User8,,
1489851853388,Mouse Moved,817.0,559.0,User8,,
1489851853404,Mouse Moved,818.0,554.0,User8,,
1489851853451,Mouse Moved,819.0,553.0,User8,,
1489851853561,Mouse Moved,819.0,553.0,User8,,
1489851853717,Mouse Moved,819.0,549.0,User8,,
1489851853732,Mouse Moved,797.0,533.0,User8,,
1489851853747,Mouse Moved,737.0,494.0,User8,,
1489851853763,Mouse Moved,702.0,472.0,User8,,
1489851853779,Mouse Moved,622.0,425.0,User8,,
1489851853795,Mouse Moved,539.0,376.0,User8,,
1489851853809,Mouse Moved,466.0,328.0,User8,,
1489851853825,Mouse Moved,390.0,272.0,User8,,
1489851853842,Mouse Moved,337.0,233.0,User8,,
1489851853857,Mouse Moved,327.0,226.0,User8,,
1489851853920,Mouse Moved,327.0,229.0,User8,,
1489851853950,Mouse Moved,327.0,232.0,User8,,
1489851853966,Mouse Moved,335.0,262.0,User8,,
1489851853982,Mouse Moved,347.0,291.0,User8,,
1489851853997,Mouse Moved,368.0,328.0,User8,,
1489851854013,Mouse Moved,378.0,342.0,User8,,
1489851854029,Mouse Moved,394.0,361.0,User8,,
1489851854043,Mouse Moved,433.0,387.0,User8,,
1489851854059,Mouse Moved,439.0,387.0,User8,,
1489851854075,Mouse Moved,440.0,384.0,User8,,
1489851854091,Mouse Moved,440.0,376.0,User8,,
1489851854107,Mouse Moved,440.0,370.0,User8,,
1489851854121,Mouse Moved,440.0,366.0,User8,,
1489851854138,Mouse Moved,440.0,360.0,User8,,
1489851854154,Mouse Moved,437.0,350.0,User8,,
1489851854168,Mouse Moved,434.0,344.0,User8,,
1489851854184,Mouse Moved,433.0,340.0,User8,,
1489851854200,Mouse Moved,432.0,338.0,User8,,
1489851854263,Mouse Moved,431.0,338.0,User8,,
1489851854278,Mouse Moved,430.0,338.0,User8,,
1489851854293,Mouse Moved,428.0,338.0,User8,,
1489851854418,Mouse Moved,425.0,337.0,User8,,
1489851854450,Mouse Moved,425.0,335.0,User8,,
1489851854559,Mouse Moved,423.0,335.0,User8,,
1489851854575,Mouse Moved,422.0,335.0,User8,,
1489851854589,Mouse Moved,419.0,335.0,User8,,
1489851854714,Mouse Moved,423.0,336.0,User8,,
1489851854730,Mouse Moved,537.0,353.0,User8,,
1489851854746,Mouse Moved,581.0,360.0,User8,,
1489851854762,Mouse Moved,606.0,367.0,User8,,
1489851854776,Mouse Moved,666.0,392.0,User8,,
1489851854792,Mouse Moved,697.0,413.0,User8,,
1489851854809,Mouse Moved,714.0,435.0,User8,,
1489851854823,Mouse Moved,719.0,443.0,User8,,
1489851854839,Mouse Moved,728.0,464.0,User8,,
1489851854855,Mouse Moved,736.0,482.0,User8,,
1489851854871,Mouse Moved,744.0,493.0,User8,,
1489851854887,Mouse Moved,753.0,500.0,User8,,
1489851854917,Mouse Moved,763.0,505.0,User8,,
1489851854933,Mouse Moved,792.0,510.0,User8,,
1489851854948,Mouse Moved,797.0,511.0,User8,,
1489851854964,Mouse Moved,817.0,514.0,User8,,
1489851854980,Mouse Moved,829.0,515.0,User8,,
1489851854996,Mouse Moved,862.0,518.0,User8,,
1489851855026,Mouse Moved,870.0,518.0,User8,,
1489851855058,Mouse Moved,877.0,518.0,User8,,
1489851855073,Mouse Moved,882.0,524.0,User8,,
1489851855088,Mouse Moved,883.0,526.0,User8,,
1489851855105,Mouse Moved,886.0,534.0,User8,,
1489851855121,Mouse Moved,886.0,536.0,User8,,
1489851855135,Mouse Moved,888.0,538.0,User8,,
1489851855183,Mouse Moved,889.0,538.0,User8,,
1489851855198,Mouse Moved,889.0,542.0,User8,,
1489851855230,Mouse Moved,889.0,544.0,User8,,
1489851855244,Mouse Moved,888.0,546.0,User8,,
1489851855260,Mouse Moved,888.0,547.0,User8,,
1489851855355,Mouse Moved,888.0,549.0,User8,,
1489851855447,Mouse Moved,888.0,549.0,User8,,
1489851857039,Mouse Moved,886.0,554.0,User8,,
1489851857071,Mouse Moved,884.0,556.0,User8,,
1489851857101,Mouse Moved,881.0,558.0,User8,,
1489851857117,Mouse Moved,876.0,560.0,User8,,
1489851857132,Mouse Moved,874.0,561.0,User8,,
1489851857148,Mouse Moved,868.0,563.0,User8,,
1489851857164,Mouse Moved,866.0,563.0,User8,,
1489851857180,Mouse Moved,862.0,563.0,User8,,
1489851857194,Mouse Moved,848.0,560.0,User8,,
1489851857210,Mouse Moved,829.0,554.0,User8,,
1489851857226,Mouse Moved,809.0,548.0,User8,,
1489851857242,Mouse Moved,793.0,544.0,User8,,
1489851857257,Mouse Moved,788.0,542.0,User8,,
1489851857289,Mouse Moved,781.0,538.0,User8,,
1489851857305,Mouse Moved,766.0,527.0,User8,,
1489851857319,Mouse Moved,737.0,500.0,User8,,
1489851857335,Mouse Moved,702.0,471.0,User8,,
1489851857351,Mouse Moved,685.0,457.0,User8,,
1489851857367,Mouse Moved,658.0,432.0,User8,,
1489851857382,Mouse Moved,635.0,409.0,User8,,
1489851857398,Mouse Moved,609.0,379.0,User8,,
1489851857414,Mouse Moved,577.0,350.0,User8,,
1489851857428,Mouse Moved,532.0,319.0,User8,,
1489851857444,Mouse Moved,521.0,313.0,User8,,
1489851857460,Mouse Moved,506.0,308.0,User8,,
1489851857585,Mouse Moved,492.0,304.0,User8,,
1489851857974,Mouse Moved,492.0,305.0,User8,,
1489851857990,Mouse Moved,492.0,306.0,User8,,
1489851858006,Mouse Moved,492.0,307.0,User8,,
1489851858038,Mouse Moved,493.0,309.0,User8,,
1489851858069,Mouse Moved,496.0,311.0,User8,,
1489851858085,Mouse Moved,497.0,311.0,User8,,
1489851858099,Mouse Moved,499.0,312.0,User8,,
1489851858115,Mouse Moved,504.0,312.0,User8,,
1489851858131,Mouse Moved,510.0,312.0,User8,,
1489851858147,Mouse Moved,511.0,312.0,User8,,
1489851858163,Mouse Moved,514.0,312.0,User8,,
1489851858177,Mouse Moved,518.0,314.0,User8,,
1489851858194,Mouse Moved,520.0,314.0,User8,,
1489851858411,Mouse Moved,523.0,314.0,User8,,
1489851858427,Mouse Moved,530.0,319.0,User8,,
1489851858443,Mouse Moved,539.0,324.0,User8,,
1489851858459,Mouse Moved,562.0,329.0,User8,,
1489851858474,Mouse Moved,586.0,334.0,User8,,
1489851858490,Mouse Moved,606.0,336.0,User8,,
1489851858506,Mouse Moved,628.0,340.0,User8,,
1489851858520,Mouse Moved,646.0,343.0,User8,,
1489851858536,Mouse Moved,658.0,344.0,User8,,
1489851858552,Mouse Moved,670.0,346.0,User8,,
1489851858568,Mouse Moved,674.0,346.0,User8,,
1489851858584,Mouse Moved,679.0,348.0,User8,,
1489851858598,Mouse Moved,702.0,355.0,User8,,
1489851858615,Mouse Moved,717.0,361.0,User8,,
1489851858645,Mouse Moved,748.0,375.0,User8,,
1489851858661,Mouse Moved,778.0,393.0,User8,,
1489851858677,Mouse Moved,788.0,399.0,User8,,
1489851858693,Mouse Moved,795.0,407.0,User8,,
1489851858709,Mouse Moved,819.0,429.0,User8,,
1489851858723,Mouse Moved,822.0,434.0,User8,,
1489851858740,Mouse Moved,828.0,444.0,User8,,
1489851858755,Mouse Moved,834.0,454.0,User8,,
1489851858786,Mouse Moved,839.0,460.0,User8,,
1489851858802,Mouse Moved,843.0,470.0,User8,,
1489851858818,Mouse Moved,843.0,471.0,User8,,
1489851858832,Mouse Moved,845.0,480.0,User8,,
1489851858848,Mouse Moved,847.0,490.0,User8,,
1489851858865,Mouse Moved,852.0,500.0,User8,,
1489851858880,Mouse Moved,857.0,511.0,User8,,
1489851858895,Mouse Moved,861.0,516.0,User8,,
1489851858911,Mouse Moved,865.0,520.0,User8,,
1489851858927,Mouse Moved,876.0,536.0,User8,,
1489851858943,Mouse Moved,881.0,544.0,User8,,
1489851858957,Mouse Moved,888.0,553.0,User8,,
1489851858973,Mouse Moved,890.0,556.0,User8,,
1489851859207,Mouse Moved,895.0,561.0,User8,,
1489851859223,Mouse Button.left Pressed,895.0,561.0,User8,,
1489851859316,Mouse Moved,895.0,561.0,User8,,
1489851859332,Mouse Button.left Released,895.0,561.0,User8,,
1489851860299,Mouse Moved,893.0,559.0,User8,,
1489851860315,Mouse Moved,881.0,555.0,User8,,
1489851860331,Mouse Moved,864.0,547.0,User8,,
1489851860346,Mouse Moved,853.0,542.0,User8,,
1489851860361,Mouse Moved,831.0,534.0,User8,,
1489851860378,Mouse Moved,811.0,525.0,User8,,
1489851860392,Mouse Moved,795.0,520.0,User8,,
1489851860408,Mouse Moved,785.0,515.0,User8,,
1489851860424,Mouse Moved,779.0,513.0,User8,,
1489851860440,Mouse Moved,777.0,512.0,User8,,
1489851860456,Mouse Moved,776.0,512.0,User8,,
1489851860486,Mouse Moved,775.0,511.0,User8,,
1489851860503,Mouse Moved,772.0,511.0,User8,,
1489851860517,Mouse Moved,767.0,510.0,User8,,
1489851860533,Mouse Moved,757.0,506.0,User8,,
1489851860549,Mouse Moved,747.0,503.0,User8,,
1489851860565,Mouse Moved,744.0,502.0,User8,,
1489851860581,Mouse Moved,740.0,502.0,User8,,
1489851860595,Mouse Moved,738.0,500.0,User8,,
1489851860611,Mouse Moved,737.0,500.0,User8,,
1489851860658,Mouse Moved,735.0,500.0,User8,,
1489851860674,Mouse Moved,734.0,499.0,User8,,
1489851860690,Mouse Moved,729.0,498.0,User8,,
1489851860704,Mouse Moved,727.0,498.0,User8,,
1489851860720,Mouse Moved,723.0,496.0,User8,,
1489851860736,Mouse Moved,720.0,495.0,User8,,
1489851860752,Mouse Moved,717.0,495.0,User8,,
1489851860782,Mouse Moved,715.0,493.0,User8,,
1489851860829,Mouse Moved,713.0,493.0,User8,,
1489851860845,Mouse Moved,711.0,493.0,User8,,
1489851860877,Mouse Moved,711.0,492.0,User8,,
1489851860892,Mouse Moved,710.0,492.0,User8,,
1489851860907,Mouse Moved,709.0,492.0,User8,,
1489851860924,Mouse Moved,708.0,492.0,User8,,
1489851860954,Mouse Moved,706.0,492.0,User8,,
1489851860970,Mouse Moved,704.0,490.0,User8,,
1489851861016,Mouse Moved,701.0,489.0,User8,,
1489851861049,Mouse Moved,698.0,486.0,User8,,
1489851861063,Mouse Moved,697.0,486.0,User8,,
1489851861079,Mouse Moved,694.0,486.0,User8,,
1489851861095,Mouse Moved,692.0,485.0,User8,,
1489851861111,Mouse Moved,692.0,484.0,User8,,
1489851861127,Mouse Moved,691.0,484.0,User8,,
1489851861157,Mouse Moved,690.0,484.0,User8,,
1489851861173,Mouse Moved,690.0,483.0,User8,,
1489851861188,Mouse Moved,687.0,482.0,User8,,
1489851861204,Mouse Moved,686.0,482.0,User8,,
1489851861220,Mouse Moved,683.0,480.0,User8,,
1489851861236,Mouse Moved,681.0,480.0,User8,,
1489851861282,Mouse Moved,680.0,479.0,User8,,
1489851861313,Mouse Moved,679.0,479.0,User8,,
1489851861328,Mouse Moved,675.0,478.0,User8,,
1489851861345,Mouse Moved,674.0,477.0,User8,,
1489851861361,Mouse Moved,671.0,476.0,User8,,
1489851861375,Mouse Moved,670.0,476.0,User8,,
1489851861391,Mouse Moved,667.0,474.0,User8,,
1489851861407,Mouse Moved,661.0,473.0,User8,,
1489851861423,Mouse Moved,658.0,471.0,User8,,
1489851861438,Mouse Moved,657.0,471.0,User8,,
1489851861453,Mouse Moved,654.0,471.0,User8,,
1489851861470,Mouse Moved,650.0,469.0,User8,,
1489851861500,Mouse Moved,649.0,469.0,User8,,
1489851861516,Mouse Moved,647.0,469.0,User8,,
1489851861532,Mouse Moved,646.0,468.0,User8,,
1489851861548,Mouse Moved,644.0,467.0,User8,,
1489851861562,Mouse Moved,641.0,467.0,User8,,
1489851866398,Mouse Moved,641.0,466.0,User8,,
1489851866414,Mouse Moved,648.0,466.0,User8,,
1489851866430,Mouse Moved,658.0,466.0,User8,,
1489851866446,Mouse Moved,673.0,466.0,User8,,
1489851866461,Mouse Moved,677.0,466.0,User8,,
1489851866476,Mouse Moved,679.0,466.0,User8,,
1489851866493,Mouse Moved,689.0,466.0,User8,,
1489851866509,Mouse Moved,692.0,466.0,User8,,
1489851866523,Mouse Moved,698.0,466.0,User8,,
1489851866539,Mouse Moved,703.0,466.0,User8,,
1489851866555,Mouse Moved,704.0,466.0,User8,,
1489851866571,Mouse Moved,707.0,466.0,User8,,
1489851866601,Mouse Moved,708.0,466.0,User8,,
1489851866757,Mouse Moved,708.0,466.0,User8,,
1489851866835,Mouse Moved,708.0,466.0,User8,,
1489851869628,Mouse Moved,712.0,466.0,User8,,
1489851869644,Mouse Moved,720.0,471.0,User8,,
1489851869660,Mouse Moved,733.0,478.0,User8,,
1489851869674,Mouse Moved,739.0,481.0,User8,,
1489851869690,Mouse Moved,755.0,491.0,User8,,
1489851869707,Mouse Moved,759.0,494.0,User8,,
1489851869721,Mouse Moved,762.0,495.0,User8,,
1489851869737,Mouse Moved,765.0,497.0,User8,,
1489851869753,Mouse Moved,767.0,497.0,User8,,
1489851869769,Mouse Moved,768.0,498.0,User8,,
1489851869785,Mouse Moved,770.0,498.0,User8,,
1489851869799,Mouse Moved,773.0,501.0,User8,,
1489851869831,Mouse Moved,774.0,502.0,User8,,
1489851869846,Mouse Moved,777.0,504.0,User8,,
1489851869862,Mouse Moved,781.0,505.0,User8,,
1489851869878,Mouse Moved,782.0,506.0,User8,,
1489851869894,Mouse Moved,785.0,507.0,User8,,
1489851869908,Mouse Moved,788.0,508.0,User8,,
1489851869940,Mouse Moved,791.0,509.0,User8,,
1489851869956,Mouse Moved,824.0,524.0,User8,,
1489851869971,Mouse Moved,840.0,529.0,User8,,
1489851869986,Mouse Moved,855.0,533.0,User8,,
1489851870003,Mouse Moved,867.0,537.0,User8,,
1489851870019,Mouse Moved,871.0,538.0,User8,,
1489851870033,Mouse Moved,876.0,540.0,User8,,
1489851870049,Mouse Moved,878.0,541.0,User8,,
1489851870081,Mouse Moved,879.0,542.0,User8,,
1489851870111,Mouse Moved,881.0,543.0,User8,,
1489851870128,Mouse Moved,884.0,544.0,User8,,
1489851870142,Mouse Moved,889.0,545.0,User8,,
1489851870158,Mouse Moved,892.0,545.0,User8,,
1489851870174,Mouse Moved,895.0,547.0,User8,,
1489851870190,Mouse Moved,897.0,547.0,User8,,
1489851870220,Mouse Moved,900.0,547.0,User8,,
1489851870517,Mouse Moved,900.0,548.0,User8,,
1489851870907,Mouse Moved,900.0,548.0,User8,,
1489851871000,Mouse Moved,900.0,548.0,User8,,
1489851872062,Mouse Moved,893.0,548.0,User8,,
1489851872108,Mouse Moved,890.0,546.0,User8,,
1489851872997,Mouse Moved,885.0,544.0,User8,,
1489851875914,Mouse Moved,882.0,544.0,User8,,
1489851875930,Mouse Moved,885.0,546.0,User8,,
1489851875947,Mouse Moved,891.0,549.0,User8,,
1489851875961,Mouse Moved,893.0,550.0,User8,,
1489851875977,Mouse Moved,915.0,560.0,User8,,
1489851875993,Mouse Moved,929.0,564.0,User8,,
1489851876055,Mouse Moved,946.0,569.0,User8,,
1489851876180,Mouse Moved,994.0,583.0,User8,,
1489851876211,Mouse Moved,1007.0,586.0,User8,,
1489851876243,Mouse Moved,1019.0,590.0,User8,,
1489851876259,Mouse Moved,1032.0,593.0,User8,,
1489851876273,Mouse Moved,1169.0,618.0,User8,,
1489851876289,Mouse Moved,1175.0,620.0,User8,,
1489851876507,Mouse Moved,1176.0,621.0,User8,,
1489851876523,Mouse Moved,1176.0,622.0,User8,,
1489851876539,Mouse Moved,1178.0,626.0,User8,,
1489851876617,Mouse Moved,1179.0,628.0,User8,,
1489851876710,Mouse Moved,1179.0,629.0,User8,,
1489851876726,Mouse Moved,1180.0,632.0,User8,,
1489851876773,Mouse Moved,1180.0,633.0,User8,,
1489851876789,Mouse Moved,1181.0,635.0,User8,,
1489851876835,Mouse Moved,1181.0,636.0,User8,,
1489851876851,Mouse Moved,1183.0,638.0,User8,,
1489851876867,Mouse Moved,1183.0,640.0,User8,,
1489851876882,Mouse Moved,1185.0,641.0,User8,,
1489851876898,Mouse Moved,1186.0,641.0,User8,,
1489851876914,Mouse Moved,1188.0,642.0,User8,,
1489851876976,Mouse Moved,1195.0,640.0,User8,,
1489851876992,Mouse Moved,1198.0,638.0,User8,,
1489851877023,Mouse Moved,1211.0,634.0,User8,,
1489851877053,Mouse Moved,1217.0,634.0,User8,,
1489851877069,Mouse Moved,1227.0,632.0,User8,,
1489851877101,Mouse Moved,1235.0,630.0,User8,,
1489851877273,Mouse Moved,1234.0,630.0,User8,,
1489851877303,Mouse Moved,1231.0,630.0,User8,,
1489851877319,Mouse Moved,1217.0,631.0,User8,,
1489851877335,Mouse Moved,1213.0,631.0,User8,,
1489851877365,Mouse Moved,1210.0,632.0,User8,,
1489851877381,Mouse Moved,1207.0,633.0,User8,,
1489851877881,Mouse Moved,1207.0,633.0,User8,,
1489851877897,Mouse Button.left Pressed,1207.0,633.0,User8,,
1489851877943,Mouse Moved,1207.0,633.0,User8,,
1489851878036,Mouse Button.left Released,1207.0,633.0,User8,,
1489851878630,Mouse Moved,1203.0,633.0,User8,,
1489851878644,Mouse Moved,1202.0,632.0,User8,,
1489851878661,Mouse Moved,1202.0,629.0,User8,,
1489851878677,Mouse Moved,1231.0,565.0,User8,,
1489851878691,Mouse Moved,1290.0,446.0,User8,,
1489851878707,Mouse Moved,1322.0,372.0,User8,,
1489851878723,Mouse Moved,1365.0,230.0,User8,,
1489851878739,Mouse Moved,1365.0,156.0,User8,,
1489851879940,Mouse Moved,748.0,3.0,User8,,
1489851879956,Mouse Moved,715.0,6.0,User8,,
1489851879970,Mouse Moved,657.0,14.0,User8,,
1489851880081,Mouse Moved,372.0,14.0,User8,800.0,578.0
1489851880095,Mouse Moved,353.0,17.0,User8,,
1489851880127,Mouse Moved,336.0,20.0,User8,,
1489851880142,Mouse Moved,293.0,11.0,User8,,
1489851880158,Mouse Moved,270.0,1.0,User8,,
1489851881530,Mouse Moved,421.0,12.0,User8,,
1489851881546,Mouse Moved,432.0,38.0,User8,,
1489851881562,Mouse Moved,459.0,83.0,User8,,
1489851881578,Mouse Moved,476.0,106.0,User8,,
1489851881594,Mouse Moved,511.0,148.0,User8,,
1489851881608,Mouse Moved,562.0,203.0,User8,,
1489851881625,Mouse Moved,630.0,294.0,User8,,
1489851881641,Mouse Moved,669.0,358.0,User8,,
1489851881655,Mouse Moved,720.0,432.0,User8,,
1489851881671,Mouse Moved,741.0,466.0,User8,,
1489851881703,Mouse Moved,751.0,489.0,User8,,
1489851881719,Mouse Moved,755.0,498.0,User8,,
1489851881733,Mouse Moved,759.0,514.0,User8,,
1489851881750,Mouse Moved,761.0,522.0,User8,,
1489851881765,Mouse Moved,765.0,549.0,User8,,
1489851881780,Mouse Moved,765.0,556.0,User8,,
1489851881796,Mouse Moved,765.0,566.0,User8,,
1489851881812,Mouse Moved,765.0,571.0,User8,,
1489851881828,Mouse Moved,765.0,575.0,User8,,
1489851881967,Mouse Moved,766.0,575.0,User8,,
1489851881983,Mouse Moved,767.0,570.0,User8,,
1489851881999,Mouse Moved,768.0,569.0,User8,,
1489851882030,Mouse Moved,772.0,569.0,User8,,
1489851882076,Mouse Moved,781.0,569.0,User8,,
1489851882092,Mouse Moved,787.0,571.0,User8,,
1489851882108,Mouse Moved,788.0,572.0,User8,,
1489851882124,Mouse Moved,789.0,572.0,User8,,
1489851882140,Mouse Moved,791.0,572.0,User8,,
1489851882154,Mouse Moved,792.0,573.0,User8,,
1489851882374,Mouse Moved,793.0,573.0,User8,,
1489851882388,Mouse Moved,799.0,576.0,User8,,
1489851884480,Mouse Moved,765.0,510.0,User8,,
1489851884494,Mouse Moved,706.0,475.0,User8,,
1489851884510,Mouse Moved,649.0,435.0,User8,,
1489851884526,Mouse Moved,600.0,394.0,User8,,
1489851884542,Mouse Moved,579.0,371.0,User8,,
1489851884558,Mouse Moved,549.0,331.0,User8,,
1489851884572,Mouse Moved,528.0,303.0,User8,,
1489851884588,Mouse Moved,522.0,294.0,User8,,
1489851884605,Mouse Moved,511.0,280.0,User8,,
1489851884619,Mouse Moved,507.0,276.0,User8,,
1489851884635,Mouse Moved,503.0,268.0,User8,,
1489851884651,Mouse Moved,500.0,263.0,User8,,
1489851884667,Mouse Moved,495.0,255.0,User8,,
1489851884683,Mouse Moved,487.0,246.0,User8,,
1489851884697,Mouse Moved,482.0,239.0,User8,,
1489851884713,Mouse Moved,470.0,221.0,User8,,
1489851884729,Mouse Moved,451.0,201.0,User8,,
1489851884744,Mouse Moved,421.0,178.0,User8,,
1489851884760,Mouse Moved,404.0,166.0,User8,,
1489851884776,Mouse Moved,388.0,156.0,User8,,
1489851884792,Mouse Moved,376.0,147.0,User8,,
1489851884806,Mouse Moved,365.0,141.0,User8,,
1489851884822,Mouse Moved,356.0,136.0,User8,,
1489851884838,Mouse Moved,353.0,133.0,User8,,
1489851884869,Mouse Moved,347.0,131.0,User8,,
1489851885259,Mouse Moved,345.0,131.0,User8,,
1489851885275,Mouse Moved,336.0,131.0,User8,,
1489851885290,Mouse Moved,307.0,123.0,User8,,
1489851885306,Mouse Moved,282.0,121.0,User8,,
1489851885322,Mouse Moved,261.0,116.0,User8,,
1489851885338,Mouse Moved,216.0,112.0,User8,,
1489851885352,Mouse Moved,160.0,101.0,User8,,
1489851885384,Mouse Moved,131.0,99.0,User8,,
1489851885634,Mouse Moved,136.0,96.0,User8,,
1489851885664,Mouse Moved,177.0,94.0,User8,,
1489851885680,Mouse Moved,266.0,94.0,User8,,
1489851885696,Mouse Moved,386.0,94.0,User8,,
1489851885711,Mouse Moved,454.0,94.0,User8,,
1489851885727,Mouse Moved,489.0,94.0,User8,,
1489851885743,Mouse Moved,595.0,82.0,User8,,
1489851885759,Mouse Moved,662.0,70.0,User8,,
1489851885773,Mouse Moved,687.0,67.0,User8,,
1489851885789,Mouse Moved,726.0,54.0,User8,,
1489851885805,Mouse Moved,742.0,48.0,User8,,
1489851885821,Mouse Moved,750.0,44.0,User8,,
1489851885851,Mouse Moved,752.0,41.0,User8,,
1489851885868,Mouse Moved,752.0,38.0,User8,,
1489851885884,Mouse Moved,752.0,37.0,User8,,
1489851885898,Mouse Moved,751.0,37.0,User8,,
1489851885914,Mouse Moved,748.0,35.0,User8,,
1489851885930,Mouse Moved,746.0,34.0,User8,,
1489851885946,Mouse Moved,744.0,34.0,User8,,
1489851886118,Mouse Moved,1051.0,34.0,User8,1134.0,629.0
1489851886132,Mouse Moved,1050.0,34.0,User8,,
1489851886148,Mouse Moved,1044.0,33.0,User8,,
1489851886319,Mouse Moved,1043.0,33.0,User8,,
1489851886414,Mouse Moved,977.0,0.0,User8,,
1489851886430,Mouse Moved,979.0,1.0,User8,,
1489851886444,Mouse Moved,986.0,4.0,User8,,
1489851886460,Mouse Moved,989.0,5.0,User8,,
1489851886476,Mouse Moved,994.0,6.0,User8,,
1489851886507,Mouse Moved,996.0,7.0,User8,,
1489851886523,Mouse Moved,997.0,7.0,User8,,
1489851886553,Mouse Moved,999.0,7.0,User8,,
1489851886569,Mouse Moved,999.0,8.0,User8,,
1489851886710,Mouse Moved,1001.0,8.0,User8,,
1489851886756,Mouse Moved,1003.0,9.0,User8,,
1489851886788,Mouse Moved,1006.0,10.0,User8,,
1489851887053,Mouse Moved,1007.0,11.0,User8,,
1489851887069,Mouse Moved,1007.0,18.0,User8,,
1489851887085,Mouse Moved,990.0,43.0,User8,,
1489851887099,Mouse Moved,983.0,54.0,User8,,
1489851887131,Mouse Moved,963.0,88.0,User8,,
1489851887147,Mouse Moved,956.0,103.0,User8,,
1489851887163,Mouse Moved,803.0,208.0,User8,,
1489851887177,Mouse Moved,779.0,248.0,User8,,
1489851887194,Mouse Moved,752.0,289.0,User8,,
1489851887210,Mouse Moved,735.0,316.0,User8,,
1489851887224,Mouse Moved,706.0,367.0,User8,,
1489851887240,Mouse Moved,691.0,384.0,User8,,
1489851887256,Mouse Moved,682.0,396.0,User8,,
1489851887272,Mouse Moved,647.0,433.0,User8,,
1489851887288,Mouse Moved,623.0,454.0,User8,,
1489851887302,Mouse Moved,614.0,460.0,User8,,
1489851887319,Mouse Moved,592.0,475.0,User8,,
1489851887334,Mouse Moved,586.0,479.0,User8,,
1489851887349,Mouse Moved,582.0,483.0,User8,,
1489851887397,Mouse Moved,580.0,484.0,User8,,
1489851887770,Mouse Moved,578.0,484.0,User8,,
1489851887786,Mouse Moved,575.0,476.0,User8,,
1489851887802,Mouse Moved,563.0,453.0,User8,,
1489851887818,Mouse Moved,549.0,437.0,User8,,
1489851887834,Mouse Moved,540.0,431.0,User8,,
1489851887848,Mouse Moved,508.0,405.0,User8,,
1489851887865,Mouse Moved,430.0,353.0,User8,,
1489851887880,Mouse Moved,384.0,327.0,User8,,
1489851887895,Mouse Moved,349.0,310.0,User8,,
1489851887911,Mouse Moved,311.0,294.0,User8,,
1489851887927,Mouse Moved,296.0,289.0,User8,,
1489851887943,Mouse Moved,293.0,288.0,User8,,
1489851888566,Mouse Moved,287.0,283.0,User8,,
1489851888582,Mouse Moved,245.0,239.0,User8,,
1489851888598,Mouse Moved,198.0,205.0,User8,,
1489851888614,Mouse Moved,136.0,162.0,User8,,
1489851888628,Mouse Moved,78.0,118.0,User8,,
1489851889019,Mouse Moved,7.0,88.0,User8,,
1489851889035,Mouse Moved,22.0,99.0,User8,,
1489851889049,Mouse Moved,76.0,133.0,User8,,
1489851889065,Mouse Moved,145.0,166.0,User8,,
1489851889082,Mouse Moved,168.0,175.0,User8,,
1489851889112,Mouse Moved,208.0,190.0,User8,,
1489851889128,Mouse Moved,230.0,201.0,User8,,
1489851889144,Mouse Moved,248.0,210.0,User8,,
1489851889160,Mouse Moved,254.0,211.0,User8,,
1489851889174,Mouse Moved,261.0,212.0,User8,,
1489851889190,Mouse Moved,262.0,212.0,User8,,
1489851889471,Mouse Moved,260.0,212.0,User8,,
1489851889486,Mouse Moved,253.0,215.0,User8,,
1489851889517,Mouse Moved,249.0,215.0,User8,,
1489851889533,Mouse Moved,242.0,215.0,User8,,
1489851889549,Mouse Moved,237.0,215.0,User8,,
1489851889565,Mouse Moved,224.0,211.0,User8,,
1489851889581,Mouse Moved,212.0,203.0,User8,,
1489851889595,Mouse Moved,201.0,195.0,User8,,
1489851889611,Mouse Moved,183.0,182.0,User8,,
1489851889628,Mouse Moved,173.0,175.0,User8,,
1489851889642,Mouse Moved,153.0,161.0,User8,,
1489851889658,Mouse Moved,138.0,152.0,User8,,
1489851889690,Mouse Moved,126.0,143.0,User8,,
1489851889706,Mouse Moved,119.0,136.0,User8,,
1489851889720,Mouse Moved,117.0,134.0,User8,,
1489851889799,Mouse Moved,114.0,134.0,User8,,
1489851889815,Mouse Moved,111.0,134.0,User8,,
1489851889829,Mouse Moved,102.0,134.0,User8,,
1489851889845,Mouse Moved,97.0,138.0,User8,,
1489851889861,Mouse Moved,90.0,144.0,User8,,
1489851889877,Mouse Moved,86.0,149.0,User8,,
1489851889892,Mouse Moved,84.0,154.0,User8,,
1489851889907,Mouse Moved,80.0,161.0,User8,,
1489851889924,Mouse Moved,80.0,164.0,User8,,
1489851889940,Mouse Moved,80.0,169.0,User8,,
1489851889954,Mouse Moved,78.0,172.0,User8,,
1489851889970,Mouse Moved,78.0,174.0,User8,,
1489851889986,Mouse Moved,78.0,175.0,User8,,
1489851890002,Mouse Moved,78.0,177.0,User8,,
1489851890017,Mouse Moved,78.0,179.0,User8,,
1489851890032,Mouse Moved,78.0,181.0,User8,,
1489851890049,Mouse Moved,79.0,182.0,User8,,
1489851890111,Mouse Moved,79.0,182.0,User8,,
1489851890236,Mouse Moved,79.0,182.0,User8,,
1489851890750,Mouse Moved,79.0,182.0,User8,,
1489851890766,Mouse Button.left Pressed,79.0,182.0,User8,,
1489851890859,Mouse Moved,79.0,182.0,User8,,
1489851890891,Mouse Moved,79.0,182.0,User8,,
1489851890984,Mouse Moved,79.0,182.0,User8,,
1489851891125,Mouse Moved,79.0,181.0,User8,,
1489851891141,Mouse Moved,79.0,158.0,User8,,
1489851891155,Mouse Moved,79.0,153.0,User8,,
1489851891187,Mouse Moved,79.0,126.0,User8,,
1489851891203,Mouse Moved,76.0,112.0,User8,,
1489851891219,Mouse Moved,75.0,103.0,User8,,
1489851891233,Mouse Moved,74.0,91.0,User8,,
1489851891250,Mouse Moved,73.0,83.0,User8,,
1489851891266,Mouse Moved,72.0,77.0,User8,,
1489851891280,Mouse Moved,72.0,75.0,User8,,
1489851891296,Mouse Moved,72.0,72.0,User8,,
1489851891312,Mouse Moved,72.0,68.0,User8,,
1489851891328,Mouse Moved,72.0,65.0,User8,,
1489851891344,Mouse Moved,72.0,63.0,User8,,
1489851891358,Mouse Moved,72.0,61.0,User8,,
1489851891375,Mouse Moved,74.0,54.0,User8,,
1489851891390,Mouse Moved,76.0,52.0,User8,,
1489851891562,Mouse Moved,77.0,51.0,User8,,
1489851891578,Mouse Moved,85.0,47.0,User8,,
1489851891608,Mouse Moved,88.0,45.0,User8,,
1489851891640,Mouse Moved,92.0,42.0,User8,,
1489851891655,Mouse Moved,94.0,41.0,User8,,
1489851891749,Mouse Moved,96.0,39.0,User8,,
1489851891765,Mouse Moved,100.0,38.0,User8,,
1489851891779,Mouse Moved,113.0,36.0,User8,,
1489851891796,Mouse Moved,128.0,34.0,User8,,
1489851891812,Mouse Moved,144.0,34.0,User8,,
1489851891826,Mouse Moved,157.0,34.0,User8,,
1489851891842,Mouse Moved,163.0,34.0,User8,,
1489851891858,Mouse Moved,166.0,34.0,User8,,
1489851891921,Mouse Moved,166.0,34.0,User8,,
1489851892029,Mouse Moved,166.0,34.0,User8,,
1489851892046,Mouse Button.left Released,166.0,34.0,User8,,
1489851892217,Mouse Moved,170.0,38.0,User8,,
1489851892233,Mouse Moved,171.0,42.0,User8,,
1489851892247,Mouse Moved,171.0,44.0,User8,,
1489851892263,Mouse Moved,172.0,48.0,User8,,
1489851892279,Mouse Moved,173.0,50.0,User8,,
1489851892295,Mouse Moved,173.0,51.0,User8,,
1489851892311,Mouse Moved,173.0,52.0,User8,,
1489851892325,Mouse Moved,173.0,53.0,User8,,
1489851892342,Mouse Moved,173.0,55.0,User8,,
1489851892358,Mouse Moved,173.0,56.0,User8,,
1489851892388,Mouse Moved,173.0,58.0,User8,,
1489851892404,Mouse Moved,173.0,59.0,User8,,
1489851892420,Mouse Moved,173.0,60.0,User8,,
1489851892436,Mouse Moved,173.0,62.0,User8,,
1489851892450,Mouse Moved,173.0,63.0,User8,,
1489851892467,Mouse Moved,173.0,64.0,User8,,
1489851892482,Mouse Moved,173.0,65.0,User8,,
1489851892497,Mouse Moved,173.0,66.0,User8,,
1489851892545,Mouse Moved,173.0,68.0,User8,,
1489851892559,Mouse Moved,173.0,69.0,User8,,
1489851892575,Mouse Moved,173.0,72.0,User8,,
1489851892670,Mouse Moved,173.0,73.0,User8,,
1489851892684,Mouse Moved,174.0,74.0,User8,,
1489851892700,Mouse Moved,181.0,74.0,User8,,
1489851892716,Mouse Moved,189.0,76.0,User8,,
1489851892732,Mouse Moved,204.0,78.0,User8,,
1489851892747,Mouse Moved,222.0,81.0,User8,,
1489851892763,Mouse Moved,242.0,83.0,User8,,
1489851892779,Mouse Moved,258.0,83.0,User8,,
1489851892793,Mouse Moved,271.0,86.0,User8,,
1489851892809,Mouse Moved,280.0,87.0,User8,,
1489851892825,Mouse Moved,287.0,88.0,User8,,
1489851892841,Mouse Moved,291.0,88.0,User8,,
1489851892857,Mouse Moved,292.0,88.0,User8,,
1489851892871,Mouse Moved,294.0,88.0,User8,,
1489851893823,Mouse Moved,295.0,89.0,User8,,
1489851893839,Mouse Moved,286.0,101.0,User8,,
1489851893871,Mouse Moved,257.0,113.0,User8,,
1489851893885,Mouse Moved,235.0,118.0,User8,,
1489851893901,Mouse Moved,206.0,120.0,User8,,
1489851893917,Mouse Moved,195.0,120.0,User8,,
1489851893933,Mouse Moved,184.0,117.0,User8,,
1489851893948,Mouse Moved,182.0,116.0,User8,,
1489851893963,Mouse Moved,174.0,112.0,User8,,
1489851893980,Mouse Moved,165.0,105.0,User8,,
1489851893996,Mouse Moved,159.0,102.0,User8,,
1489851894010,Mouse Moved,150.0,96.0,User8,,
1489851894026,Mouse Moved,141.0,89.0,User8,,
1489851894042,Mouse Moved,135.0,85.0,User8,,
1489851894058,Mouse Moved,128.0,80.0,User8,,
1489851894073,Mouse Moved,124.0,78.0,User8,,
1489851894088,Mouse Moved,118.0,78.0,User8,,
1489851894105,Mouse Moved,102.0,77.0,User8,,
1489851894119,Mouse Moved,88.0,77.0,User8,,
1489851894135,Mouse Moved,65.0,77.0,User8,,
1489851894151,Mouse Moved,54.0,77.0,User8,,
1489851894167,Mouse Moved,47.0,77.0,User8,,
1489851894183,Mouse Moved,45.0,77.0,User8,,
1489851894230,Mouse Moved,42.0,77.0,User8,,
1489851894322,Mouse Moved,41.0,77.0,User8,,
1489851894338,Mouse Moved,41.0,77.0,User8,,
1489851894401,Mouse Moved,41.0,77.0,User8,,
1489851896444,Mouse Moved,43.0,88.0,User8,,
1489851896460,Mouse Moved,224.0,264.0,User8,,
1489851896492,Mouse Moved,374.0,383.0,User8,,
1489851896506,Mouse Moved,623.0,532.0,User8,,
1489851896523,Mouse Moved,706.0,581.0,User8,,
1489851896538,Mouse Moved,770.0,616.0,User8,,
1489851896960,Mouse Moved,790.0,619.0,User8,,
1489851896974,Mouse Moved,790.0,617.0,User8,,
1489851896990,Mouse Moved,790.0,616.0,User8,,
1489851897006,Mouse Moved,790.0,612.0,User8,,
1489851897038,Mouse Moved,791.0,606.0,User8,,
1489851897052,Mouse Moved,791.0,599.0,User8,,
1489851897084,Mouse Moved,791.0,598.0,User8,,
1489851897177,Mouse Moved,791.0,597.0,User8,,
1489851897194,Mouse Moved,794.0,594.0,User8,,
1489851897209,Mouse Moved,795.0,593.0,User8,,
1489851897224,Mouse Moved,801.0,590.0,User8,,
1489851897240,Mouse Moved,809.0,586.0,User8,,
1489851897256,Mouse Moved,813.0,585.0,User8,,
1489851897272,Mouse Moved,821.0,580.0,User8,,
1489851897286,Mouse Moved,826.0,578.0,User8,,
1489851897302,Mouse Moved,828.0,577.0,User8,,
1489851897318,Mouse Moved,830.0,576.0,User8,,
1489851897334,Mouse Moved,832.0,575.0,User8,,
1489851897349,Mouse Moved,833.0,574.0,User8,,
1489851897927,Mouse Moved,833.0,574.0,User8,,
1489851898036,Mouse Moved,833.0,574.0,User8,,
1489851898582,Mouse Moved,833.0,573.0,User8,,
1489851898598,Mouse Moved,806.0,571.0,User8,,
1489851898628,Mouse Moved,793.0,571.0,User8,,
1489851898644,Mouse Moved,721.0,559.0,User8,,
1489851898660,Mouse Moved,683.0,554.0,User8,,
1489851898676,Mouse Moved,645.0,546.0,User8,,
1489851898690,Mouse Moved,619.0,539.0,User8,,
1489851898707,Mouse Moved,597.0,533.0,User8,,
1489851898721,Mouse Moved,576.0,527.0,User8,,
1489851898737,Mouse Moved,565.0,524.0,User8,,
1489851898753,Mouse Moved,543.0,519.0,User8,,
1489851898769,Mouse Moved,520.0,507.0,User8,,
1489851898799,Mouse Moved,512.0,500.0,User8,,
1489851898815,Mouse Moved,484.0,462.0,User8,,
1489851898832,Mouse Moved,474.0,447.0,User8,,
1489851898846,Mouse Moved,456.0,420.0,User8,,
1489851898862,Mouse Moved,439.0,390.0,User8,,
1489851898878,Mouse Moved,410.0,351.0,User8,,
1489851898894,Mouse Moved,389.0,321.0,User8,,
1489851898910,Mouse Moved,325.0,238.0,User8,,
1489851898924,Mouse Moved,302.0,211.0,User8,,
1489851898940,Mouse Moved,288.0,192.0,User8,,
1489851898956,Mouse Moved,269.0,172.0,User8,,
1489851898971,Mouse Moved,252.0,153.0,User8,,
1489851898987,Mouse Moved,239.0,142.0,User8,,
1489851899003,Mouse Moved,234.0,137.0,User8,,
1489851899019,Mouse Moved,220.0,120.0,User8,,
1489851899033,Mouse Moved,213.0,111.0,User8,,
1489851899049,Mouse Moved,209.0,104.0,User8,,
1489851899065,Mouse Moved,206.0,95.0,User8,,
1489851899081,Mouse Moved,202.0,78.0,User8,,
1489851899096,Mouse Moved,200.0,59.0,User8,,
1489851899111,Mouse Moved,200.0,47.0,User8,,
1489851899128,Mouse Moved,200.0,38.0,User8,,
1489851899144,Mouse Moved,200.0,34.0,User8,,
1489851899158,Mouse Moved,200.0,27.0,User8,,
1489851899440,Mouse Moved,201.0,24.0,User8,,
1489851899456,Mouse Moved,197.0,28.0,User8,,
1489851899470,Mouse Moved,195.0,30.0,User8,,
1489851899486,Mouse Moved,191.0,36.0,User8,,
1489851899502,Mouse Moved,189.0,41.0,User8,,
1489851899517,Mouse Moved,188.0,44.0,User8,,
1489851899657,Mouse Moved,188.0,45.0,User8,,
1489851900002,Mouse Moved,188.0,45.0,User8,,
1489851900095,Mouse Moved,188.0,45.0,User8,,
1489851900236,Mouse Moved,189.0,44.0,User8,,
1489851900250,Mouse Moved,197.0,42.0,User8,,
1489851900266,Mouse Moved,201.0,42.0,User8,,
1489851900282,Mouse Moved,207.0,42.0,User8,,
1489851900298,Mouse Moved,211.0,42.0,User8,,
1489851900313,Mouse Moved,212.0,42.0,User8,,
1489851900328,Mouse Moved,215.0,41.0,User8,,
1489851900345,Mouse Moved,216.0,41.0,User8,,
1489851900359,Mouse Moved,217.0,41.0,User8,,
1489851900375,Mouse Moved,219.0,41.0,User8,,
1489851900407,Mouse Moved,221.0,40.0,User8,,
1489851900437,Mouse Moved,223.0,40.0,User8,,
1489851900470,Mouse Moved,224.0,39.0,User8,,
1489851900500,Mouse Moved,226.0,39.0,User8,,
1489851900516,Mouse Moved,228.0,38.0,User8,,
1489851900562,Mouse Moved,230.0,38.0,User8,,
1489851900578,Mouse Moved,232.0,37.0,User8,,
1489851900594,Mouse Moved,234.0,36.0,User8,,
1489851900625,Mouse Moved,236.0,35.0,User8,,
1489851900812,Mouse Moved,241.0,32.0,User8,,
1489851900828,Mouse Moved,256.0,32.0,User8,,
1489851900844,Mouse Moved,264.0,32.0,User8,,
1489851900859,Mouse Moved,266.0,32.0,User8,,
1489851900875,Mouse Moved,267.0,32.0,User8,,
1489851901078,Mouse Moved,265.0,34.0,User8,,
1489851901094,Mouse Moved,260.0,37.0,User8,,
1489851901108,Mouse Moved,257.0,38.0,User8,,
1489851901233,Mouse Moved,256.0,39.0,User8,,
1489851901250,Mouse Moved,254.0,39.0,User8,,
1489851901265,Mouse Moved,254.0,40.0,User8,,
1489851901312,Mouse Moved,251.0,40.0,User8,,
1489851901342,Mouse Moved,249.0,40.0,User8,,
1489851901374,Mouse Moved,248.0,40.0,User8,,
1489851901997,Mouse Moved,248.0,40.0,User8,,
1489851902013,Mouse Button.left Pressed,248.0,40.0,User8,,
1489851902122,Mouse Moved,248.0,40.0,User8,,
1489851902138,Mouse Button.left Released,248.0,40.0,User8,,
1489851903121,Mouse Moved,246.0,40.0,User8,,
1489851903137,Mouse Moved,234.0,40.0,User8,,
1489851903153,Mouse Moved,230.0,42.0,User8,,
1489851903167,Mouse Moved,224.0,42.0,User8,,
1489851903184,Mouse Moved,219.0,42.0,User8,,
1489851903200,Mouse Moved,213.0,45.0,User8,,
1489851903214,Mouse Moved,208.0,45.0,User8,,
1489851903230,Mouse Moved,205.0,45.0,User8,,
1489851903246,Mouse Moved,190.0,45.0,User8,,
1489851903262,Mouse Moved,173.0,45.0,User8,,
1489851903278,Mouse Moved,154.0,45.0,User8,,
1489851903292,Mouse Moved,129.0,45.0,User8,,
1489851903309,Mouse Moved,118.0,45.0,User8,,
1489851903323,Mouse Moved,96.0,45.0,User8,,
1489851903339,Mouse Moved,73.0,45.0,User8,,
1489851903355,Mouse Moved,62.0,45.0,User8,,
1489851903401,Mouse Moved,58.0,45.0,User8,,
1489851903542,Mouse Moved,47.0,46.0,User8,,
1489851903558,Mouse Moved,50.0,46.0,User8,,
1489851903573,Mouse Moved,58.0,44.0,User8,,
1489851903589,Mouse Moved,65.0,43.0,User8,,
1489851903605,Mouse Moved,71.0,40.0,User8,,
1489851903621,Mouse Moved,77.0,39.0,User8,,
1489851903635,Mouse Moved,81.0,36.0,User8,,
1489851903667,Mouse Moved,82.0,36.0,User8,,
1489851903683,Mouse Moved,83.0,35.0,User8,,
1489851903713,Mouse Moved,83.0,35.0,User8,,
1489851903838,Mouse Moved,83.0,35.0,User8,,
1489851904042,Mouse Moved,85.0,38.0,User8,,
1489851904058,Mouse Moved,86.0,45.0,User8,,
1489851904072,Mouse Moved,88.0,60.0,User8,,
1489851904088,Mouse Moved,90.0,70.0,User8,,
1489851904119,Mouse Moved,95.0,83.0,User8,,
1489851904135,Mouse Moved,106.0,104.0,User8,,
1489851904151,Mouse Moved,110.0,113.0,User8,,
1489851904167,Mouse Moved,124.0,137.0,User8,,
1489851904181,Mouse Moved,144.0,174.0,User8,,
1489851904197,Mouse Moved,171.0,222.0,User8,,
1489851904213,Mouse Moved,197.0,260.0,User8,,
1489851904229,Mouse Moved,219.0,291.0,User8,,
1489851904244,Mouse Moved,239.0,320.0,User8,,
1489851904259,Mouse Moved,253.0,348.0,User8,,
1489851904276,Mouse Moved,269.0,383.0,User8,,
1489851904292,Mouse Moved,275.0,406.0,User8,,
1489851904306,Mouse Moved,278.0,423.0,User8,,
1489851904322,Mouse Moved,280.0,437.0,User8,,
1489851904338,Mouse Moved,281.0,450.0,User8,,
1489851904354,Mouse Moved,281.0,460.0,User8,,
1489851904369,Mouse Moved,281.0,465.0,User8,,
1489851904384,Mouse Moved,281.0,471.0,User8,,
1489851904415,Mouse Moved,281.0,473.0,User8,,
1489851904431,Mouse Moved,281.0,477.0,User8,,
1489851904447,Mouse Moved,281.0,481.0,User8,,
1489851904463,Mouse Moved,279.0,491.0,User8,,
1489851904479,Mouse Moved,271.0,502.0,User8,,
1489851904493,Mouse Moved,269.0,507.0,User8,,
1489851904509,Mouse Moved,262.0,517.0,User8,,
1489851904526,Mouse Moved,258.0,524.0,User8,,
1489851904540,Mouse Moved,254.0,529.0,User8,,
1489851904556,Mouse Moved,247.0,535.0,User8,,
1489851904572,Mouse Moved,235.0,543.0,User8,,
1489851904588,Mouse Moved,223.0,552.0,User8,,
1489851904604,Mouse Moved,208.0,563.0,User8,,
1489851904618,Mouse Moved,196.0,570.0,User8,,
1489851904634,Mouse Moved,193.0,572.0,User8,,
1489851904650,Mouse Moved,189.0,575.0,User8,,
1489851904665,Mouse Moved,186.0,576.0,User8,,
1489851904681,Mouse Moved,183.0,579.0,User8,,
1489851904697,Mouse Moved,178.0,582.0,User8,,
1489851904713,Mouse Moved,176.0,584.0,User8,,
1489851904727,Mouse Moved,173.0,587.0,User8,,
1489851904743,Mouse Moved,168.0,592.0,User8,,
1489851904759,Mouse Moved,165.0,598.0,User8,,
1489851904775,Mouse Moved,163.0,605.0,User8,,
1489851904790,Mouse Moved,160.0,608.0,User8,,
1489851904805,Mouse Moved,160.0,609.0,User8,,
1489851904822,Mouse Moved,158.0,612.0,User8,,
1489851904838,Mouse Moved,156.0,615.0,User8,,
1489851904868,Mouse Moved,153.0,619.0,User8,,
1489851905086,Mouse Moved,153.0,618.0,User8,,
1489851905118,Mouse Moved,153.0,617.0,User8,,
1489851905196,Mouse Moved,153.0,617.0,User8,,
1489851905305,Mouse Moved,153.0,617.0,User8,,
1489851906724,Mouse Moved,153.0,616.0,User8,,
1489851910000,Mouse Moved,154.0,614.0,User8,,
1489851910016,Mouse Moved,163.0,610.0,User8,,
1489851910032,Mouse Moved,191.0,597.0,User8,,
1489851910048,Mouse Moved,208.0,588.0,User8,,
1489851910063,Mouse Moved,230.0,577.0,User8,,
1489851910078,Mouse Moved,246.0,567.0,User8,,
1489851910109,Mouse Moved,267.0,548.0,User8,,
1489851910125,Mouse Moved,318.0,506.0,User8,,
1489851910437,Mouse Moved,359.0,470.0,User8,,
1489851910453,Mouse Moved,491.0,326.0,User8,,
1489851910469,Mouse Moved,512.0,325.0,User8,,
1489851910484,Mouse Moved,524.0,324.0,User8,,
1489851910500,Mouse Moved,536.0,325.0,User8,,
1489851910546,Mouse Moved,563.0,338.0,User8,,
1489851910562,Mouse Moved,564.0,338.0,User8,,
1489851910578,Mouse Moved,567.0,340.0,User8,,
1489851910594,Mouse Moved,569.0,343.0,User8,,
1489851910609,Mouse Moved,570.0,343.0,User8,,
1489851910625,Mouse Moved,573.0,344.0,User8,,
1489851910641,Mouse Moved,574.0,346.0,User8,,
1489851910655,Mouse Moved,576.0,347.0,User8,,
1489851910671,Mouse Moved,579.0,348.0,User8,,
1489851910687,Mouse Moved,581.0,349.0,User8,,
1489851910703,Mouse Moved,582.0,350.0,User8,,
1489851910719,Mouse Moved,585.0,351.0,User8,,
1489851910733,Mouse Moved,588.0,354.0,User8,,
1489851910750,Mouse Moved,590.0,358.0,User8,,
1489851910766,Mouse Moved,591.0,359.0,User8,,
1489851910780,Mouse Moved,593.0,361.0,User8,,
1489851910796,Mouse Moved,594.0,364.0,User8,,
1489851910812,Mouse Moved,596.0,366.0,User8,,
1489851910844,Mouse Moved,598.0,368.0,User8,,
1489851910858,Mouse Moved,598.0,369.0,User8,,
1489851910875,Mouse Moved,599.0,371.0,User8,,
1489851910890,Mouse Moved,601.0,372.0,User8,,
1489851910921,Mouse Moved,602.0,374.0,User8,,
1489851910983,Mouse Moved,602.0,375.0,User8,,
1489851911000,Mouse Moved,603.0,375.0,User8,,
1489851911015,Mouse Moved,607.0,375.0,User8,,
1489851911030,Mouse Moved,608.0,376.0,User8,,
1489851911046,Mouse Moved,610.0,376.0,User8,,
1489851911062,Mouse Moved,611.0,376.0,User8,,
1489851911561,Mouse Moved,615.0,374.0,User8,,
1489851912404,Mouse Moved,615.0,368.0,User8,,
1489851912418,Mouse Moved,615.0,365.0,User8,,
1489851912434,Mouse Moved,617.0,364.0,User8,,
1489851912450,Mouse Moved,617.0,362.0,User8,,
1489851912466,Mouse Moved,617.0,359.0,User8,,
1489851913979,Mouse Moved,617.0,359.0,User8,,
1489851914104,Mouse Moved,617.0,359.0,User8,,
1489851914540,Mouse Moved,617.0,353.0,User8,,
1489851914555,Mouse Moved,613.0,322.0,User8,,
1489851914572,Mouse Moved,547.0,190.0,User8,,
1489851914618,Mouse Moved,398.0,37.0,User8,,
1489851915071,Mouse Moved,263.0,1.0,User8,,
1489851915086,Mouse Moved,267.0,10.0,User8,,
1489851915101,Mouse Moved,272.0,19.0,User8,,
1489851915118,Mouse Moved,273.0,23.0,User8,,
1489851915134,Mouse Moved,273.0,24.0,User8,,
1489851915148,Mouse Moved,273.0,26.0,User8,,
1489851915226,Mouse Moved,273.0,27.0,User8,,
1489851915243,Mouse Moved,273.0,32.0,User8,,
1489851915257,Mouse Moved,273.0,34.0,User8,,
1489851915321,Mouse Moved,273.0,35.0,User8,,
1489851915335,Mouse Moved,273.0,39.0,User8,,
1489851915351,Mouse Moved,269.0,42.0,User8,,
1489851915368,Mouse Moved,268.0,42.0,User8,,
1489851915382,Mouse Moved,266.0,44.0,User8,,
1489851915414,Mouse Moved,262.0,45.0,User8,,
1489851915430,Mouse Moved,261.0,46.0,User8,,
1489851915446,Mouse Moved,258.0,46.0,User8,,
1489851915460,Mouse Moved,255.0,46.0,User8,,
1489851915476,Mouse Moved,252.0,46.0,User8,,
1489851915507,Mouse Moved,250.0,46.0,User8,,
1489851915523,Mouse Moved,249.0,46.0,User8,,
1489851916085,Mouse Moved,246.0,47.0,User8,,
1489851916101,Mouse Moved,242.0,47.0,User8,,
1489851916115,Mouse Moved,241.0,47.0,User8,,
1489851919438,Mouse Moved,241.0,47.0,User8,,
1489851919454,Mouse Button.left Pressed,241.0,47.0,User8,,
1489851919563,Mouse Moved,241.0,47.0,User8,,
1489851920733,Mouse Moved,238.0,48.0,User8,,
1489851920749,Mouse Moved,237.0,60.0,User8,,
1489851920765,Mouse Moved,234.0,75.0,User8,,
1489851920780,Mouse Moved,234.0,95.0,User8,,
1489851920796,Mouse Moved,230.0,118.0,User8,,
1489851920812,Mouse Moved,227.0,133.0,User8,,
1489851920826,Mouse Moved,224.0,145.0,User8,,
1489851920842,Mouse Moved,222.0,166.0,User8,,
1489851920858,Mouse Moved,219.0,187.0,User8,,
1489851920874,Mouse Moved,216.0,208.0,User8,,
1489851920890,Mouse Moved,210.0,225.0,User8,,
1489851920904,Mouse Moved,203.0,237.0,User8,,
1489851920921,Mouse Moved,198.0,245.0,User8,,
1489851920937,Mouse Moved,192.0,252.0,User8,,
1489851920951,Mouse Moved,190.0,256.0,User8,,
1489851920967,Mouse Moved,188.0,261.0,User8,,
1489851920983,Mouse Moved,188.0,264.0,User8,,
1489851920999,Mouse Moved,186.0,269.0,User8,,
1489851921015,Mouse Moved,183.0,279.0,User8,,
1489851921029,Mouse Moved,179.0,291.0,User8,,
1489851921046,Mouse Moved,176.0,294.0,User8,,
1489851921061,Mouse Moved,173.0,302.0,User8,,
1489851921076,Mouse Moved,172.0,305.0,User8,,
1489851921092,Mouse Moved,172.0,308.0,User8,,
1489851921108,Mouse Moved,171.0,318.0,User8,,
1489851921124,Mouse Moved,169.0,321.0,User8,,
1489851921138,Mouse Moved,169.0,323.0,User8,,
1489851921233,Mouse Moved,169.0,324.0,User8,,
1489851921249,Mouse Moved,169.0,326.0,User8,,
1489851921311,Mouse Moved,169.0,326.0,User8,,
1489851921404,Mouse Moved,169.0,326.0,User8,,
1489851921467,Mouse Moved,169.0,327.0,User8,,
1489851921483,Mouse Moved,171.0,334.0,User8,,
1489851921497,Mouse Moved,172.0,338.0,User8,,
1489851921513,Mouse Moved,173.0,338.0,User8,,
1489851921545,Mouse Moved,174.0,339.0,User8,,
1489851921575,Mouse Moved,174.0,339.0,User8,,
1489851921670,Mouse Moved,174.0,339.0,User8,,
1489851921841,Mouse Moved,174.0,340.0,User8,,
1489851921857,Mouse Moved,174.0,342.0,User8,,
1489851921872,Mouse Moved,169.0,345.0,User8,,
1489851921888,Mouse Moved,165.0,348.0,User8,,
1489851921904,Mouse Moved,161.0,349.0,User8,,
1489851921918,Mouse Moved,153.0,354.0,User8,,
1489851921934,Mouse Moved,150.0,355.0,User8,,
1489851921950,Mouse Moved,149.0,355.0,User8,,
1489851921966,Mouse Moved,146.0,356.0,User8,,
1489851921982,Mouse Moved,145.0,356.0,User8,,
1489851921996,Mouse Moved,144.0,356.0,User8,,
1489851922013,Mouse Moved,142.0,357.0,User8,,
1489851922059,Mouse Moved,140.0,357.0,User8,,
1489851922075,Mouse Moved,135.0,355.0,User8,,
1489851922091,Mouse Moved,126.0,348.0,User8,,
1489851922107,Mouse Moved,118.0,340.0,User8,,
1489851922121,Mouse Moved,115.0,338.0,User8,,
1489851922138,Mouse Moved,115.0,337.0,User8,,
1489851922230,Mouse Moved,115.0,337.0,User8,,
1489851922309,Mouse Moved,116.0,337.0,User8,,
1489851922325,Mouse Moved,117.0,338.0,User8,,
1489851922341,Mouse Moved,118.0,339.0,User8,,
1489851922355,Mouse Moved,121.0,344.0,User8,,
1489851922371,Mouse Moved,124.0,349.0,User8,,
1489851922387,Mouse Moved,125.0,351.0,User8,,
1489851922403,Mouse Moved,126.0,352.0,User8,,
1489851922450,Mouse Moved,127.0,354.0,User8,,
1489851922464,Mouse Moved,129.0,355.0,User8,,
1489851922512,Mouse Moved,129.0,355.0,User8,,
1489851922605,Mouse Moved,129.0,355.0,User8,,
1489851922621,Mouse Button.left Released,129.0,355.0,User8,,
1489851922667,Mouse Moved,130.0,354.0,User8,,
1489851922684,Mouse Moved,130.0,348.0,User8,,
1489851922698,Mouse Moved,130.0,342.0,User8,,
1489851922714,Mouse Moved,129.0,339.0,User8,,
1489851922746,Mouse Moved,129.0,337.0,User8,,
1489851922809,Mouse Moved,129.0,335.0,User8,,
1489851922917,Mouse Moved,129.0,335.0,User8,,
1489851922980,Mouse Moved,129.0,336.0,User8,,
1489851922996,Mouse Moved,129.0,338.0,User8,,
1489851923010,Mouse Moved,129.0,341.0,User8,,
1489851923042,Mouse Moved,130.0,343.0,User8,,
1489851923151,Mouse Moved,130.0,345.0,User8,,
1489851923244,Mouse Moved,130.0,345.0,User8,,
1489851924586,Mouse Moved,130.0,348.0,User8,,
1489851924602,Mouse Moved,130.0,353.0,User8,,
1489851924618,Mouse Moved,130.0,358.0,User8,,
1489851924634,Mouse Moved,130.0,364.0,User8,,
1489851924648,Mouse Moved,130.0,367.0,User8,,
1489851924664,Mouse Moved,130.0,368.0,User8,,
1489851924680,Mouse Moved,130.0,372.0,User8,,
1489851924696,Mouse Moved,130.0,374.0,User8,,
1489851924711,Mouse Moved,130.0,375.0,User8,,
1489851924726,Mouse Moved,130.0,378.0,User8,,
1489851925305,Mouse Moved,131.0,375.0,User8,,
1489851925319,Mouse Moved,136.0,362.0,User8,,
1489851925335,Mouse Moved,145.0,336.0,User8,,
1489851925351,Mouse Moved,157.0,292.0,User8,,
1489851925367,Mouse Moved,170.0,236.0,User8,,
1489851925382,Mouse Moved,179.0,186.0,User8,,
1489851925398,Mouse Moved,184.0,131.0,User8,,
1489851925414,Mouse Moved,183.0,97.0,User8,,
1489851925428,Mouse Moved,182.0,82.0,User8,,
1489851925444,Mouse Moved,182.0,80.0,User8,,
1489851925460,Mouse Moved,182.0,77.0,User8,,
1489851925492,Mouse Moved,182.0,74.0,User8,,
1489851925617,Mouse Moved,182.0,72.0,User8,,
1489851925648,Mouse Moved,182.0,69.0,User8,,
1489851925663,Mouse Moved,184.0,67.0,User8,,
1489851925678,Mouse Moved,188.0,60.0,User8,,
1489851925694,Mouse Moved,191.0,56.0,User8,,
1489851925710,Mouse Moved,193.0,53.0,User8,,
1489851925881,Mouse Moved,193.0,53.0,User8,,
1489851925974,Mouse Moved,193.0,53.0,User8,,
1489851929641,Mouse Moved,195.0,52.0,User8,,
1489851929657,Mouse Moved,233.0,64.0,User8,,
1489851929673,Mouse Moved,272.0,110.0,User8,,
1489851929687,Mouse Moved,289.0,133.0,User8,,
1489851929703,Mouse Moved,319.0,160.0,User8,,
1489851929734,Mouse Moved,343.0,174.0,User8,,
1489851929750,Mouse Moved,360.0,184.0,User8,,
1489851929766,Mouse Moved,390.0,197.0,User8,,
1489851929782,Mouse Moved,409.0,210.0,User8,,
1489851929796,Mouse Moved,421.0,219.0,User8,,
1489851929828,Mouse Moved,426.0,221.0,User8,,
1489851929844,Mouse Moved,432.0,225.0,User8,,
1489851929859,Mouse Moved,438.0,230.0,User8,,
1489851929875,Mouse Moved,451.0,240.0,User8,,
1489851929891,Mouse Moved,461.0,247.0,User8,,
1489851929907,Mouse Moved,466.0,249.0,User8,,
1489851929921,Mouse Moved,469.0,252.0,User8,,
1489851929937,Mouse Moved,471.0,255.0,User8,,
1489851929953,Mouse Moved,474.0,259.0,User8,,
1489851929969,Mouse Moved,481.0,268.0,User8,,
1489851929984,Mouse Moved,487.0,274.0,User8,,
1489851930000,Mouse Moved,500.0,287.0,User8,,
1489851930016,Mouse Moved,510.0,294.0,User8,,
1489851930030,Mouse Moved,515.0,298.0,User8,,
1489851930046,Mouse Moved,526.0,306.0,User8,,
1489851930062,Mouse Moved,544.0,319.0,User8,,
1489851930078,Mouse Moved,564.0,334.0,User8,,
1489851930094,Mouse Moved,576.0,343.0,User8,,
1489851930108,Mouse Moved,585.0,349.0,User8,,
1489851930125,Mouse Moved,593.0,353.0,User8,,
1489851930141,Mouse Moved,597.0,356.0,User8,,
1489851930155,Mouse Moved,598.0,357.0,User8,,
1489851930265,Mouse Moved,603.0,360.0,User8,,
1489851930280,Mouse Moved,604.0,361.0,User8,,
1489851930375,Mouse Moved,604.0,361.0,User8,,
1489851930390,Mouse Button.left Pressed,604.0,361.0,User8,,
1489851930499,Mouse Moved,604.0,361.0,User8,,
1489851931388,Mouse Moved,593.0,359.0,User8,,
1489851931404,Mouse Moved,569.0,344.0,User8,,
1489851931420,Mouse Moved,547.0,333.0,User8,,
1489851931434,Mouse Moved,536.0,325.0,User8,,
1489851931450,Mouse Moved,499.0,305.0,User8,,
1489851931467,Mouse Moved,487.0,299.0,User8,,
1489851931482,Mouse Moved,483.0,296.0,User8,,
1489851932153,Mouse Moved,481.0,294.0,User8,,
1489851932168,Mouse Moved,459.0,275.0,User8,,
1489851932184,Mouse Moved,436.0,259.0,User8,,
1489851932200,Mouse Moved,422.0,251.0,User8,,
1489851932214,Mouse Moved,404.0,238.0,User8,,
1489851932230,Mouse Moved,388.0,227.0,User8,,
1489851932246,Mouse Moved,384.0,223.0,User8,,
1489851932262,Mouse Moved,381.0,221.0,User8,,
1489851932339,Mouse Moved,380.0,221.0,User8,,
1489851932355,Mouse Moved,378.0,220.0,User8,,
1489851932371,Mouse Moved,378.0,219.0,User8,,
1489851932387,Mouse Moved,376.0,219.0,User8,,
1489851932403,Mouse Moved,374.0,218.0,User8,,
1489851932417,Mouse Moved,369.0,215.0,User8,,
1489851932434,Mouse Moved,362.0,211.0,User8,,
1489851932448,Mouse Moved,359.0,208.0,User8,,
1489851932464,Mouse Moved,352.0,202.0,User8,,
1489851932480,Mouse Moved,349.0,199.0,User8,,
1489851932496,Mouse Moved,331.0,182.0,User8,,
1489851932512,Mouse Moved,324.0,174.0,User8,,
1489851932526,Mouse Moved,318.0,164.0,User8,,
1489851932542,Mouse Moved,313.0,158.0,User8,,
1489851932559,Mouse Moved,312.0,158.0,User8,,
1489851932573,Mouse Moved,311.0,156.0,User8,,
1489851932589,Mouse Moved,310.0,155.0,User8,,
1489851932605,Mouse Moved,309.0,154.0,User8,,
1489851932621,Mouse Moved,308.0,154.0,User8,,
1489851932637,Mouse Moved,305.0,154.0,User8,,
1489851932651,Mouse Moved,296.0,154.0,User8,,
1489851932667,Mouse Moved,287.0,157.0,User8,,
1489851932683,Mouse Moved,273.0,166.0,User8,,
1489851932698,Mouse Moved,260.0,174.0,User8,,
1489851932714,Mouse Moved,249.0,182.0,User8,,
1489851932730,Mouse Moved,242.0,188.0,User8,,
1489851932746,Mouse Moved,234.0,196.0,User8,,
1489851932760,Mouse Moved,225.0,220.0,User8,,
1489851932776,Mouse Moved,221.0,234.0,User8,,
1489851932792,Mouse Moved,217.0,248.0,User8,,
1489851932808,Mouse Moved,216.0,255.0,User8,,
1489851932823,Mouse Moved,212.0,262.0,User8,,
1489851932838,Mouse Moved,212.0,266.0,User8,,
1489851932855,Mouse Moved,210.0,273.0,User8,,
1489851932885,Mouse Moved,203.0,300.0,User8,,
1489851932901,Mouse Moved,202.0,306.0,User8,,
1489851932917,Mouse Moved,202.0,310.0,User8,,
1489851932948,Mouse Moved,202.0,312.0,User8,,
1489851932963,Mouse Moved,202.0,313.0,User8,,
1489851932980,Mouse Moved,202.0,315.0,User8,,
1489851933042,Mouse Moved,202.0,316.0,User8,,
1489851933058,Mouse Moved,202.0,318.0,User8,,
1489851933072,Mouse Moved,202.0,320.0,User8,,
1489851933151,Mouse Moved,203.0,320.0,User8,,
1489851933167,Mouse Moved,206.0,317.0,User8,,
1489851933197,Mouse Moved,206.0,316.0,User8,,
1489851933213,Mouse Moved,207.0,315.0,User8,,
1489851933229,Mouse Moved,207.0,314.0,User8,,
1489851933338,Mouse Moved,210.0,311.0,User8,,
1489851933369,Mouse Moved,211.0,310.0,User8,,
1489851934835,Mouse Moved,216.0,303.0,User8,,
1489851934851,Mouse Moved,219.0,299.0,User8,,
1489851934898,Mouse Moved,239.0,282.0,User8,,
1489851934914,Mouse Moved,244.0,277.0,User8,,
1489851934930,Mouse Moved,249.0,273.0,User8,,
1489851934944,Mouse Moved,252.0,269.0,User8,,
1489851934960,Mouse Moved,257.0,265.0,User8,,
1489851934976,Mouse Moved,262.0,259.0,User8,,
1489851934992,Mouse Moved,264.0,257.0,User8,,
1489851935007,Mouse Moved,268.0,249.0,User8,,
1489851935023,Mouse Moved,271.0,243.0,User8,,
1489851935039,Mouse Moved,280.0,234.0,User8,,
1489851935055,Mouse Moved,283.0,230.0,User8,,
1489851935069,Mouse Moved,294.0,221.0,User8,,
1489851935085,Mouse Moved,302.0,214.0,User8,,
1489851935101,Mouse Moved,311.0,204.0,User8,,
1489851935117,Mouse Moved,314.0,201.0,User8,,
1489851935132,Mouse Moved,325.0,188.0,User8,,
1489851935148,Mouse Moved,329.0,184.0,User8,,
1489851935164,Mouse Moved,331.0,182.0,User8,,
1489851935178,Mouse Moved,333.0,179.0,User8,,
1489851935303,Mouse Moved,333.0,182.0,User8,,
1489851935319,Mouse Moved,326.0,203.0,User8,,
1489851935335,Mouse Moved,322.0,209.0,User8,,
1489851935351,Mouse Moved,313.0,220.0,User8,,
1489851935367,Mouse Moved,302.0,234.0,User8,,
1489851935381,Mouse Moved,291.0,251.0,User8,,
1489851935398,Mouse Moved,287.0,256.0,User8,,
1489851935413,Mouse Moved,276.0,271.0,User8,,
1489851935428,Mouse Moved,268.0,280.0,User8,,
1489851935444,Mouse Moved,263.0,286.0,User8,,
1489851935460,Mouse Moved,252.0,294.0,User8,,
1489851935476,Mouse Moved,248.0,297.0,User8,,
1489851935490,Mouse Moved,240.0,299.0,User8,,
1489851935506,Mouse Moved,232.0,304.0,User8,,
1489851935523,Mouse Moved,224.0,310.0,User8,,
1489851935538,Mouse Moved,211.0,318.0,User8,,
1489851935553,Mouse Moved,202.0,324.0,User8,,
1489851935569,Mouse Moved,197.0,327.0,User8,,
1489851935585,Mouse Moved,192.0,331.0,User8,,
1489851935601,Mouse Moved,185.0,336.0,User8,,
1489851935615,Mouse Moved,182.0,338.0,User8,,
1489851935631,Mouse Moved,181.0,340.0,User8,,
1489851935647,Mouse Moved,180.0,342.0,User8,,
1489851935678,Mouse Moved,179.0,344.0,User8,,
1489851935802,Mouse Moved,179.0,344.0,User8,,
1489851935897,Mouse Moved,179.0,344.0,User8,,
1489851936069,Mouse Moved,175.0,344.0,User8,,
1489851936084,Mouse Moved,168.0,344.0,User8,,
1489851936099,Mouse Moved,164.0,345.0,User8,,
1489851936115,Mouse Moved,157.0,345.0,User8,,
1489851936131,Mouse Moved,147.0,345.0,User8,,
1489851936147,Mouse Moved,135.0,342.0,User8,,
1489851936161,Mouse Moved,132.0,342.0,User8,,
1489851936177,Mouse Moved,131.0,341.0,User8,,
1489851936270,Mouse Moved,130.0,340.0,User8,,
1489851936286,Mouse Moved,126.0,339.0,User8,,
1489851936318,Mouse Moved,125.0,338.0,User8,,
1489851936473,Mouse Moved,127.0,338.0,User8,,
1489851936490,Mouse Moved,127.0,339.0,User8,,
1489851936505,Mouse Moved,129.0,340.0,User8,,
1489851936520,Mouse Moved,130.0,342.0,User8,,
1489851936536,Mouse Moved,132.0,345.0,User8,,
1489851936723,Mouse Moved,132.0,345.0,User8,,
1489851936802,Mouse Moved,132.0,345.0,User8,,
1489851936973,Mouse Moved,133.0,346.0,User8,,
1489851937036,Mouse Moved,135.0,346.0,User8,,
1489851937051,Mouse Moved,158.0,351.0,User8,,
1489851937082,Mouse Moved,303.0,413.0,User8,,
1489851937098,Mouse Moved,336.0,427.0,User8,,
1489851937114,Mouse Moved,404.0,457.0,User8,,
1489851937144,Mouse Moved,536.0,514.0,User8,,
1489851937176,Mouse Moved,580.0,536.0,User8,,
1489851937348,Mouse Moved,584.0,537.0,User8,,
1489851937362,Mouse Moved,598.0,537.0,User8,,
1489851937378,Mouse Moved,616.0,537.0,User8,,
1489851937394,Mouse Moved,627.0,537.0,User8,,
1489851937410,Mouse Moved,637.0,537.0,User8,,
1489851937440,Mouse Moved,670.0,537.0,User8,,
1489851937457,Mouse Moved,686.0,542.0,User8,,
1489851937565,Mouse Moved,686.0,543.0,User8,,
1489851937582,Mouse Moved,689.0,548.0,User8,,
1489851937596,Mouse Moved,691.0,551.0,User8,,
1489851937612,Mouse Moved,693.0,555.0,User8,,
1489851937628,Mouse Moved,694.0,557.0,User8,,
1489851937644,Mouse Moved,696.0,561.0,User8,,
1489851937660,Mouse Moved,696.0,562.0,User8,,
1489851937690,Mouse Moved,697.0,563.0,User8,,
1489851937707,Mouse Moved,702.0,563.0,User8,,
1489851937721,Mouse Moved,708.0,563.0,User8,,
1489851937737,Mouse Moved,711.0,563.0,User8,,
1489851937753,Mouse Moved,718.0,563.0,User8,,
1489851937769,Mouse Moved,722.0,563.0,User8,,
1489851937785,Mouse Moved,726.0,563.0,User8,,
1489851937799,Mouse Moved,728.0,563.0,User8,,
1489851937846,Mouse Moved,730.0,563.0,User8,,
1489851937986,Mouse Moved,730.0,563.0,User8,,
1489851938081,Mouse Moved,730.0,563.0,User8,,
1489851938128,Mouse Moved,729.0,558.0,User8,,
1489851938142,Mouse Moved,704.0,540.0,User8,,
1489851938158,Mouse Moved,675.0,524.0,User8,,
1489851938174,Mouse Moved,645.0,505.0,User8,,
1489851938190,Mouse Moved,525.0,437.0,User8,,
1489851938206,Mouse Moved,501.0,423.0,User8,,
1489851938220,Mouse Moved,438.0,389.0,User8,,
1489851938236,Mouse Moved,365.0,356.0,User8,,
1489851938253,Mouse Moved,292.0,328.0,User8,,
1489851938267,Mouse Moved,234.0,314.0,User8,,
1489851938283,Mouse Moved,202.0,311.0,User8,,
1489851938299,Mouse Moved,182.0,310.0,User8,,
1489851938315,Mouse Moved,166.0,309.0,User8,,
1489851938331,Mouse Moved,162.0,309.0,User8,,
1489851938345,Mouse Moved,159.0,309.0,User8,,
1489851938361,Mouse Moved,155.0,310.0,User8,,
1489851938377,Mouse Moved,154.0,316.0,User8,,
1489851938392,Mouse Moved,154.0,323.0,User8,,
1489851938408,Mouse Moved,154.0,329.0,User8,,
1489851938424,Mouse Moved,157.0,334.0,User8,,
1489851938440,Mouse Moved,159.0,337.0,User8,,
1489851938470,Mouse Moved,161.0,338.0,User8,,
1489851938486,Mouse Moved,162.0,341.0,User8,,
1489851938502,Mouse Moved,162.0,342.0,User8,,
1489851938549,Mouse Moved,162.0,343.0,User8,,
1489851938565,Mouse Moved,161.0,343.0,User8,,
1489851938579,Mouse Moved,159.0,343.0,User8,,
1489851938595,Mouse Moved,155.0,344.0,User8,,
1489851938611,Mouse Moved,148.0,344.0,User8,,
1489851938627,Mouse Moved,129.0,344.0,User8,,
1489851938642,Mouse Moved,122.0,344.0,User8,,
1489851938657,Mouse Moved,120.0,344.0,User8,,
1489851938674,Mouse Moved,115.0,344.0,User8,,
1489851938799,Mouse Moved,116.0,346.0,User8,,
1489851938829,Mouse Moved,121.0,348.0,User8,,
1489851938845,Mouse Moved,126.0,349.0,User8,,
1489851938861,Mouse Moved,133.0,350.0,User8,,
1489851938877,Mouse Moved,136.0,350.0,User8,,
1489851938891,Mouse Moved,137.0,350.0,User8,,
1489851938954,Mouse Moved,137.0,350.0,User8,,
1489851939032,Mouse Moved,137.0,350.0,User8,,
1489851939078,Mouse Moved,138.0,350.0,User8,,
1489851939095,Mouse Moved,135.0,349.0,User8,,
1489851939111,Mouse Moved,130.0,346.0,User8,,
1489851939234,Mouse Moved,130.0,346.0,User8,,
1489851939298,Mouse Moved,130.0,346.0,User8,,
1489851939359,Mouse Moved,130.0,346.0,User8,,
1489851939375,Mouse Button.left Pressed,130.0,346.0,User8,,
1489851939423,Mouse Moved,130.0,346.0,User8,,
1489851939437,Mouse Button.left Released,130.0,346.0,User8,,
1489851939516,Mouse Moved,129.0,341.0,User8,,
1489851939532,Mouse Moved,129.0,323.0,User8,,
1489851939546,Mouse Moved,136.0,302.0,User8,,
1489851939562,Mouse Moved,140.0,288.0,User8,,
1489851939578,Mouse Moved,151.0,249.0,User8,,
1489851939594,Mouse Moved,163.0,208.0,User8,,
1489851939609,Mouse Moved,170.0,185.0,User8,,
1489851939625,Mouse Moved,176.0,169.0,User8,,
1489851939641,Mouse Moved,182.0,161.0,User8,,
1489851939657,Mouse Moved,186.0,155.0,User8,,
1489851939671,Mouse Moved,188.0,152.0,User8,,
1489851939687,Mouse Moved,191.0,149.0,User8,,
1489851939703,Mouse Moved,193.0,146.0,User8,,
1489851939719,Mouse Moved,196.0,143.0,User8,,
1489851939734,Mouse Moved,202.0,137.0,User8,,
1489851939750,Mouse Moved,214.0,125.0,User8,,
1489851939766,Mouse Moved,218.0,121.0,User8,,
1489851939780,Mouse Moved,222.0,117.0,User8,,
1489851939796,Mouse Moved,225.0,114.0,User8,,
1489851939812,Mouse Moved,234.0,105.0,User8,,
1489851939828,Mouse Moved,241.0,97.0,User8,,
1489851939844,Mouse Moved,248.0,89.0,User8,,
1489851939858,Mouse Moved,253.0,81.0,User8,,
1489851939875,Mouse Moved,255.0,79.0,User8,,
1489851939891,Mouse Moved,256.0,74.0,User8,,
1489851939905,Mouse Moved,256.0,72.0,User8,,
1489851939937,Mouse Moved,256.0,63.0,User8,,
1489851939953,Mouse Moved,256.0,61.0,User8,,
1489851940046,Mouse Moved,255.0,61.0,User8,,
1489851940062,Mouse Moved,253.0,61.0,User8,,
1489851940078,Mouse Moved,249.0,58.0,User8,,
1489851940092,Mouse Moved,248.0,55.0,User8,,
1489851940108,Mouse Moved,247.0,54.0,User8,,
1489851940125,Mouse Moved,247.0,52.0,User8,,
1489851940140,Mouse Moved,246.0,50.0,User8,,
1489851940233,Mouse Moved,245.0,49.0,User8,,
1489851940358,Mouse Moved,245.0,49.0,User8,,
1489851944414,Mouse Moved,250.0,51.0,User8,,
1489851944430,Mouse Moved,341.0,144.0,User8,,
1489851944446,Mouse Moved,376.0,169.0,User8,,
1489851944476,Mouse Moved,449.0,218.0,User8,,
1489851944493,Mouse Moved,480.0,239.0,User8,,
1489851944507,Mouse Moved,486.0,243.0,User8,,
1489851944694,Mouse Moved,490.0,247.0,User8,,
1489851944710,Mouse Moved,490.0,258.0,User8,,
1489851944726,Mouse Moved,491.0,274.0,User8,,
1489851944742,Mouse Moved,492.0,280.0,User8,,
1489851944757,Mouse Moved,496.0,286.0,User8,,
1489851944773,Mouse Moved,496.0,291.0,User8,,
1489851944789,Mouse Moved,497.0,292.0,User8,,
1489851944805,Mouse Moved,498.0,294.0,User8,,
1489851944819,Mouse Moved,499.0,296.0,User8,,
1489851944835,Mouse Moved,500.0,297.0,User8,,
1489851944851,Mouse Moved,506.0,302.0,User8,,
1489851944867,Mouse Moved,507.0,303.0,User8,,
1489851944914,Mouse Moved,510.0,307.0,User8,,
1489851944928,Mouse Moved,513.0,311.0,User8,,
1489851944944,Mouse Moved,515.0,312.0,User8,,
1489851944960,Mouse Moved,518.0,315.0,User8,,
1489851944992,Mouse Moved,520.0,317.0,User8,,
1489851945006,Mouse Moved,527.0,320.0,User8,,
1489851945023,Mouse Moved,534.0,323.0,User8,,
1489851945039,Mouse Moved,535.0,324.0,User8,,
1489851945101,Mouse Moved,536.0,324.0,User8,,
1489851945117,Mouse Moved,536.0,325.0,User8,,
1489851945131,Mouse Moved,538.0,325.0,User8,,
1489851945148,Mouse Moved,542.0,327.0,User8,,
1489851945163,Mouse Moved,546.0,327.0,User8,,
1489851945178,Mouse Moved,554.0,331.0,User8,,
1489851945194,Mouse Moved,558.0,332.0,User8,,
1489851945210,Mouse Moved,567.0,334.0,User8,,
1489851945226,Mouse Moved,581.0,338.0,User8,,
1489851945240,Mouse Moved,588.0,340.0,User8,,
1489851945303,Mouse Moved,589.0,341.0,User8,,
1489851945319,Mouse Moved,591.0,342.0,User8,,
1489851945335,Mouse Moved,597.0,344.0,User8,,
1489851945351,Mouse Moved,600.0,346.0,User8,,
1489851945444,Mouse Moved,602.0,348.0,User8,,
1489851945460,Mouse Moved,604.0,353.0,User8,,
1489851945474,Mouse Moved,606.0,356.0,User8,,
1489851945927,Mouse Moved,607.0,356.0,User8,,
1489851946020,Mouse Moved,607.0,356.0,User8,,
1489851947612,Mouse Moved,607.0,349.0,User8,,
1489851947628,Mouse Moved,581.0,245.0,User8,,
1489851947644,Mouse Moved,521.0,117.0,User8,,
1489851947658,Mouse Moved,502.0,85.0,User8,,
1489851947674,Mouse Moved,497.0,76.0,User8,,
1489851947690,Mouse Moved,493.0,69.0,User8,,
1489851947706,Mouse Moved,488.0,60.0,User8,,
1489851947721,Mouse Moved,486.0,56.0,User8,,
1489851947736,Mouse Moved,485.0,55.0,User8,,
1489851948142,Mouse Moved,484.0,55.0,User8,,
1489851948157,Mouse Moved,483.0,60.0,User8,,
1489851948174,Mouse Moved,476.0,80.0,User8,,
1489851948190,Mouse Moved,473.0,89.0,User8,,
1489851948204,Mouse Moved,459.0,113.0,User8,,
1489851948220,Mouse Moved,451.0,132.0,User8,,
1489851948236,Mouse Moved,446.0,143.0,User8,,
1489851948252,Mouse Moved,430.0,165.0,User8,,
1489851948267,Mouse Moved,415.0,182.0,User8,,
1489851948282,Mouse Moved,397.0,195.0,User8,,
1489851948299,Mouse Moved,381.0,204.0,User8,,
1489851948313,Mouse Moved,375.0,207.0,User8,,
1489851948329,Mouse Moved,362.0,215.0,User8,,
1489851948345,Mouse Moved,349.0,224.0,User8,,
1489851948361,Mouse Moved,337.0,230.0,User8,,
1489851948377,Mouse Moved,328.0,235.0,User8,,
1489851948391,Mouse Moved,308.0,247.0,User8,,
1489851948407,Mouse Moved,305.0,249.0,User8,,
1489851948424,Mouse Moved,298.0,253.0,User8,,
1489851948438,Mouse Moved,297.0,253.0,User8,,
1489851950154,Mouse Moved,296.0,252.0,User8,,
1489851950171,Mouse Moved,296.0,250.0,User8,,
1489851950186,Mouse Moved,296.0,247.0,User8,,
1489851950201,Mouse Moved,296.0,245.0,User8,,
1489851950217,Mouse Moved,296.0,244.0,User8,,
1489851950233,Mouse Moved,296.0,243.0,User8,,
1489851950249,Mouse Moved,296.0,242.0,User8,,
1489851950279,Mouse Moved,296.0,241.0,User8,,
1489851950296,Mouse Moved,296.0,239.0,User8,,
1489851950311,Mouse Moved,296.0,238.0,User8,,
1489851950342,Mouse Moved,296.0,236.0,User8,,
1489851950358,Mouse Moved,296.0,234.0,User8,,
1489851950388,Mouse Moved,297.0,231.0,User8,,
1489851950404,Mouse Moved,297.0,225.0,User8,,
1489851950420,Mouse Moved,297.0,218.0,User8,,
1489851950436,Mouse Moved,297.0,216.0,User8,,
1489851950451,Mouse Moved,297.0,215.0,User8,,
1489851950467,Mouse Moved,297.0,213.0,User8,,
1489851950483,Mouse Moved,297.0,212.0,User8,,
1489851950497,Mouse Moved,297.0,210.0,User8,,
1489851950513,Mouse Moved,297.0,208.0,User8,,
1489851950529,Mouse Moved,297.0,207.0,User8,,
1489851950545,Mouse Moved,297.0,206.0,User8,,
1489851950561,Mouse Moved,297.0,204.0,User8,,
1489851950592,Mouse Moved,297.0,203.0,User8,,
1489851950608,Mouse Moved,297.0,202.0,User8,,
1489851950638,Mouse Moved,297.0,201.0,User8,,
1489851950670,Mouse Moved,297.0,200.0,User8,,
1489851950686,Mouse Moved,298.0,198.0,User8,,
1489851950700,Mouse Moved,299.0,197.0,User8,,
1489851950717,Mouse Moved,300.0,196.0,User8,,
1489851950747,Mouse Moved,301.0,196.0,User8,,
1489851950763,Mouse Moved,305.0,194.0,User8,,
1489851950779,Mouse Moved,306.0,194.0,User8,,
1489851950795,Mouse Moved,312.0,192.0,User8,,
1489851950809,Mouse Moved,314.0,192.0,User8,,
1489851950825,Mouse Moved,331.0,187.0,User8,,
1489851950842,Mouse Moved,356.0,180.0,User8,,
1489851950857,Mouse Moved,395.0,173.0,User8,,
1489851950872,Mouse Moved,426.0,168.0,User8,,
1489851950888,Mouse Moved,448.0,166.0,User8,,
1489851950904,Mouse Moved,460.0,166.0,User8,,
1489851950920,Mouse Moved,486.0,166.0,User8,,
1489851950934,Mouse Moved,497.0,166.0,User8,,
1489851950950,Mouse Moved,517.0,166.0,User8,,
1489851950966,Mouse Moved,535.0,166.0,User8,,
1489851950982,Mouse Moved,556.0,166.0,User8,,
1489851950997,Mouse Moved,575.0,165.0,User8,,
1489851951013,Mouse Moved,583.0,165.0,User8,,
1489851951029,Mouse Moved,612.0,161.0,User8,,
1489851951043,Mouse Moved,629.0,160.0,User8,,
1489851951059,Mouse Moved,638.0,157.0,User8,,
1489851951075,Mouse Moved,659.0,155.0,User8,,
1489851951091,Mouse Moved,669.0,153.0,User8,,
1489851951107,Mouse Moved,698.0,148.0,User8,,
1489851951121,Mouse Moved,707.0,147.0,User8,,
1489851951138,Mouse Moved,713.0,146.0,User8,,
1489851951154,Mouse Moved,716.0,146.0,User8,,
1489851951168,Mouse Moved,721.0,144.0,User8,,
1489851951200,Mouse Moved,722.0,143.0,User8,,
1489851951621,Mouse Moved,724.0,143.0,User8,,
1489851951637,Mouse Moved,729.0,140.0,User8,,
1489851951653,Mouse Moved,741.0,133.0,User8,,
1489851951667,Mouse Moved,748.0,128.0,User8,,
1489851951684,Mouse Moved,766.0,111.0,User8,,
1489851951700,Mouse Moved,783.0,97.0,User8,,
1489851951714,Mouse Moved,823.0,63.0,User8,,
1489851951730,Mouse Moved,841.0,47.0,User8,,
1489851951746,Mouse Moved,864.0,26.0,User8,,
1489851951762,Mouse Moved,875.0,19.0,User8,,
1489851951778,Mouse Moved,876.0,17.0,User8,,
1489851951792,Mouse Moved,882.0,14.0,User8,,
1489851951809,Mouse Moved,882.0,13.0,User8,,
1489851951871,Mouse Moved,884.0,13.0,User8,,
1489851951901,Mouse Moved,888.0,11.0,User8,,
1489851951917,Mouse Moved,893.0,10.0,User8,,
1489851951934,Mouse Moved,898.0,8.0,User8,,
1489851951948,Mouse Moved,899.0,8.0,User8,,
1489851951964,Mouse Moved,900.0,8.0,User8,,
1489851951980,Mouse Moved,901.0,8.0,User8,,
1489851951996,Mouse Moved,902.0,8.0,User8,,
1489851952012,Mouse Moved,905.0,10.0,User8,,
1489851952026,Mouse Moved,906.0,11.0,User8,,
1489851952042,Mouse Moved,907.0,13.0,User8,,
1489851952105,Mouse Moved,908.0,13.0,User8,,
1489851952121,Mouse Button.left Pressed,908.0,13.0,User8,,
1489851952198,Mouse Moved,908.0,13.0,User8,,
1489851952276,Mouse Moved,908.0,14.0,User8,,
1489851952292,Mouse Moved,906.0,19.0,User8,,
1489851952308,Mouse Moved,898.0,22.0,User8,,
1489851952323,Mouse Moved,864.0,38.0,User8,,
1489851952338,Mouse Moved,849.0,45.0,User8,,
1489851952355,Mouse Moved,839.0,50.0,User8,,
1489851952604,Mouse Moved,817.0,64.0,User8,,
1489851953181,Mouse Moved,793.0,80.0,User8,,
1489851953197,Mouse Moved,741.0,123.0,User8,,
1489851953213,Mouse Moved,244.0,604.0,User8,,
1489851953243,Mouse Moved,216.0,607.0,User8,,
1489851953259,Mouse Moved,216.0,607.0,User8,,
1489851953275,Mouse Button.left Pressed,216.0,607.0,User8,,
1489851953338,Mouse Moved,216.0,607.0,User8,,
1489851954196,Mouse Moved,216.0,608.0,User8,,
1489851954226,Mouse Moved,218.0,609.0,User8,,
1489851954242,Mouse Moved,219.0,610.0,User8,,
1489851954257,Mouse Moved,220.0,610.0,User8,,
1489851954273,Mouse Moved,221.0,611.0,User8,,
1489851954335,Mouse Moved,223.0,611.0,User8,,
1489851954351,Mouse Moved,223.0,608.0,User8,,
1489851954367,Mouse Moved,223.0,607.0,User8,,
1489851957362,Mouse Moved,228.0,598.0,User8,,
1489851957378,Mouse Moved,262.0,532.0,User8,,
1489851957394,Mouse Moved,288.0,482.0,User8,,
1489851957410,Mouse Moved,297.0,466.0,User8,,
1489851957426,Mouse Moved,299.0,458.0,User8,,
1489851957440,Mouse Moved,304.0,446.0,User8,,
1489851957457,Mouse Moved,307.0,434.0,User8,,
1489851957473,Mouse Moved,309.0,429.0,User8,,
1489851957487,Mouse Moved,313.0,417.0,User8,,
1489851957503,Mouse Moved,313.0,411.0,User8,,
1489851957519,Mouse Moved,316.0,405.0,User8,,
1489851957535,Mouse Moved,317.0,399.0,User8,,
1489851957551,Mouse Moved,317.0,398.0,User8,,
1489851957565,Mouse Moved,319.0,396.0,User8,,
1489851957660,Mouse Moved,319.0,395.0,User8,,
1489851957674,Mouse Moved,320.0,393.0,User8,,
1489851957737,Mouse Moved,322.0,392.0,User8,,
1489851957753,Mouse Moved,322.0,391.0,User8,,
1489851957785,Mouse Moved,323.0,388.0,User8,,
1489851958253,Mouse Moved,323.0,387.0,User8,,
1489851960601,Mouse Moved,324.0,387.0,User8,,
1489851960617,Mouse Moved,324.0,388.0,User8,,
1489851960631,Mouse Moved,324.0,389.0,User8,,
1489851964773,Mouse Moved,325.0,388.0,User8,,
1489851964775,Mouse Moved,330.0,378.0,User8,,
1489851964786,Mouse Moved,333.0,372.0,User8,,
1489851964792,Mouse Moved,336.0,368.0,User8,,
1489851964801,Mouse Moved,338.0,365.0,User8,,
1489851964802,Mouse Moved,339.0,361.0,User8,,
1489851964825,Mouse Moved,341.0,355.0,User8,,
1489851964826,Mouse Moved,342.0,348.0,User8,,
1489851964832,Mouse Moved,345.0,342.0,User8,,
1489851964842,Mouse Moved,347.0,338.0,User8,,
1489851964845,Mouse Moved,349.0,332.0,User8,,
1489851964861,Mouse Moved,350.0,326.0,User8,,
1489851964862,Mouse Moved,352.0,320.0,User8,,
1489851964875,Mouse Moved,352.0,314.0,User8,,
1489851964881,Mouse Moved,354.0,305.0,User8,,
1489851964892,Mouse Moved,356.0,296.0,User8,,
1489851964894,Mouse Moved,359.0,284.0,User8,,
1489851964907,Mouse Moved,361.0,274.0,User8,,
1489851964921,Mouse Moved,363.0,260.0,User8,,
1489851964923,Mouse Moved,365.0,256.0,User8,,
1489851964937,Mouse Moved,366.0,251.0,User8,,
1489851964953,Mouse Moved,369.0,244.0,User8,,
1489851965040,Mouse Moved,369.0,244.0,User8,,
1489851965042,Mouse Moved,369.0,250.0,User8,,
1489851965061,Mouse Moved,367.0,259.0,User8,,
1489851965062,Mouse Moved,363.0,270.0,User8,,
1489851965071,Mouse Moved,361.0,279.0,User8,,
1489851965078,Mouse Moved,358.0,288.0,User8,,
1489851965086,Mouse Moved,356.0,297.0,User8,,
1489851965124,Mouse Moved,354.0,305.0,User8,,
1489851965164,Mouse Moved,352.0,315.0,User8,,
1489851965171,Mouse Moved,351.0,319.0,User8,,
1489851965176,Mouse Moved,351.0,321.0,User8,,
1489851965177,Mouse Moved,350.0,326.0,User8,,
1489851965183,Mouse Moved,350.0,329.0,User8,,
1489851965184,Mouse Moved,349.0,332.0,User8,,
1489851965186,Mouse Moved,349.0,348.0,User8,,
1489851965190,Mouse Moved,349.0,356.0,User8,,
1489851965194,Mouse Moved,349.0,360.0,User8,,
1489851965207,Mouse Moved,349.0,362.0,User8,,
1489851965220,Mouse Moved,349.0,368.0,User8,,
1489851965236,Mouse Moved,349.0,370.0,User8,,
1489851965250,Mouse Moved,349.0,371.0,User8,,
1489851965266,Mouse Moved,349.0,372.0,User8,,
1489851965269,Mouse Moved,349.0,374.0,User8,,
1489851965282,Mouse Moved,349.0,375.0,User8,,
1489851965289,Mouse Moved,349.0,376.0,User8,,
1489851965296,Mouse Moved,349.0,377.0,User8,,
1489851965388,Mouse Moved,349.0,380.0,User8,,
1489851965394,Mouse Moved,349.0,381.0,User8,,
1489851965865,Mouse Moved,349.0,384.0,User8,,
1489851965898,Mouse Moved,348.0,384.0,User8,,
1489851965901,Mouse Moved,346.0,384.0,User8,,
1489851965911,Mouse Moved,344.0,384.0,User8,,
1489851965926,Mouse Moved,338.0,384.0,User8,,
1489851965944,Mouse Moved,335.0,384.0,User8,,
1489851965960,Mouse Moved,330.0,384.0,User8,,
1489851965964,Mouse Moved,321.0,384.0,User8,,
1489851965970,Mouse Moved,319.0,384.0,User8,,
1489851965974,Mouse Moved,318.0,384.0,User8,,
1489851966002,Mouse Moved,315.0,384.0,User8,,
1489851966032,Mouse Moved,313.0,384.0,User8,,
1489851966040,Mouse Moved,313.0,383.0,User8,,
1489851966267,Mouse Moved,313.0,383.0,User8,,
1489851966269,Mouse Scrolled (0 -1),313.0,383.0,User8,,
1489851966523,Mouse Moved,313.0,383.0,User8,,
1489851966525,Mouse Scrolled (0 -1),313.0,383.0,User8,,
1489851966990,Mouse Moved,313.0,383.0,User8,,
1489851966992,Mouse Scrolled (0 -1),313.0,383.0,User8,,
1489851967742,Mouse Moved,313.0,383.0,User8,,
1489851967743,Mouse Scrolled (0 1),313.0,383.0,User8,,
1489851968161,Mouse Moved,313.0,383.0,User8,,
1489851969151,Mouse Moved,313.0,383.0,User8,,
1489851969153,Mouse Scrolled (0 -1),313.0,383.0,User8,,
1489851969226,Mouse Moved,313.0,383.0,User8,,
1489851969306,Mouse Moved,313.0,379.0,User8,,
1489851969316,Mouse Moved,313.0,360.0,User8,,
1489851969318,Mouse Moved,313.0,336.0,User8,,
1489851969335,Mouse Moved,313.0,311.0,User8,,
1489851969336,Mouse Moved,313.0,287.0,User8,,
1489851969345,Mouse Moved,309.0,250.0,User8,,
1489851969346,Mouse Moved,300.0,200.0,User8,,
1489851969361,Mouse Moved,292.0,160.0,User8,,
1489851969377,Mouse Moved,276.0,103.0,User8,,
1489851969391,Mouse Moved,268.0,77.0,User8,,
1489851969394,Mouse Moved,265.0,66.0,User8,,
1489851969405,Mouse Moved,263.0,57.0,User8,,
1489851969421,Mouse Moved,261.0,50.0,User8,,
1489851969423,Mouse Moved,259.0,45.0,User8,,
1489851969437,Mouse Moved,259.0,39.0,User8,,
1489851969438,Mouse Moved,258.0,36.0,User8,,
1489851969450,Mouse Moved,256.0,32.0,User8,,
1489851969451,Mouse Moved,255.0,29.0,User8,,
1489851969471,Mouse Moved,255.0,26.0,User8,,
1489851969476,Mouse Moved,253.0,24.0,User8,,
1489851969480,Mouse Moved,252.0,22.0,User8,,
1489851969483,Mouse Moved,251.0,20.0,User8,,
1489851969497,Mouse Moved,250.0,17.0,User8,,
1489851969499,Mouse Moved,250.0,15.0,User8,,
1489851969513,Mouse Moved,249.0,14.0,User8,,
1489851969519,Mouse Moved,249.0,12.0,User8,,
1489851969526,Mouse Moved,248.0,11.0,User8,,
1489851969617,Mouse Moved,246.0,11.0,User8,,
1489851969631,Mouse Moved,245.0,11.0,User8,,
1489851969645,Mouse Moved,243.0,11.0,User8,,
1489851969676,Mouse Moved,242.0,11.0,User8,,
1489851969677,Mouse Moved,241.0,11.0,User8,,
1489851969691,Mouse Moved,240.0,13.0,User8,,
1489851969707,Mouse Moved,240.0,14.0,User8,,
1489851969720,Mouse Moved,240.0,16.0,User8,,
1489851969724,Mouse Moved,240.0,17.0,User8,,
1489851969736,Mouse Moved,240.0,19.0,User8,,
1489851969737,Mouse Moved,240.0,20.0,User8,,
1489851969752,Mouse Moved,240.0,21.0,User8,,
1489851969757,Mouse Moved,240.0,22.0,User8,,
1489851969766,Mouse Moved,240.0,23.0,User8,,
1489851969782,Mouse Moved,240.0,24.0,User8,,
1489851969796,Mouse Moved,240.0,26.0,User8,,
1489851969825,Mouse Moved,240.0,27.0,User8,,
1489851970217,Mouse Moved,240.0,32.0,User8,,
1489851970232,Mouse Moved,240.0,39.0,User8,,
1489851970237,Mouse Moved,240.0,44.0,User8,,
1489851970246,Mouse Moved,238.0,50.0,User8,,
1489851970262,Mouse Moved,237.0,56.0,User8,,
1489851970263,Mouse Moved,237.0,60.0,User8,,
1489851970276,Mouse Moved,233.0,70.0,User8,,
1489851970292,Mouse Moved,232.0,75.0,User8,,
1489851970305,Mouse Moved,231.0,79.0,User8,,
1489851970308,Mouse Moved,231.0,82.0,User8,,
1489851970332,Mouse Moved,231.0,85.0,User8,,
1489851970334,Mouse Moved,231.0,89.0,User8,,
1489851970351,Mouse Moved,231.0,91.0,User8,,
1489851970372,Mouse Moved,231.0,96.0,User8,,
1489851970374,Mouse Moved,231.0,101.0,User8,,
1489851970375,Mouse Moved,233.0,108.0,User8,,
1489851970382,Mouse Moved,238.0,123.0,User8,,
1489851970413,Mouse Moved,241.0,128.0,User8,,
1489851970414,Mouse Moved,256.0,159.0,User8,,
1489851970427,Mouse Moved,261.0,166.0,User8,,
1489851970428,Mouse Moved,263.0,170.0,User8,,
1489851970441,Mouse Moved,266.0,178.0,User8,,
1489851970456,Mouse Moved,272.0,187.0,User8,,
1489851970457,Mouse Moved,274.0,190.0,User8,,
1489851970470,Mouse Moved,275.0,194.0,User8,,
1489851970486,Mouse Moved,277.0,197.0,User8,,
1489851970493,Mouse Moved,279.0,200.0,User8,,
1489851970506,Mouse Moved,279.0,201.0,User8,,
1489851970513,Mouse Moved,280.0,202.0,User8,,
1489851970516,Mouse Moved,280.0,203.0,User8,,
1489851970622,Mouse Moved,281.0,204.0,User8,,
1489851970624,Mouse Moved,282.0,206.0,User8,,
1489851970635,Mouse Moved,283.0,207.0,User8,,
1489851970651,Mouse Moved,284.0,208.0,User8,,
1489851970665,Mouse Moved,286.0,209.0,User8,,
1489851970667,Mouse Moved,286.0,210.0,User8,,
1489851970680,Mouse Moved,287.0,211.0,User8,,
1489851970697,Mouse Moved,290.0,214.0,User8,,
1489851970921,Mouse Moved,290.0,217.0,User8,,
1489851970924,Mouse Moved,290.0,219.0,User8,,
1489851970936,Mouse Moved,290.0,221.0,User8,,
1489851970937,Mouse Moved,290.0,223.0,User8,,
1489851970951,Mouse Moved,290.0,226.0,User8,,
1489851970953,Mouse Moved,290.0,228.0,User8,,
1489851970967,Mouse Moved,290.0,231.0,User8,,
1489851970980,Mouse Moved,290.0,234.0,User8,,
1489851970996,Mouse Moved,290.0,235.0,User8,,
1489851971002,Mouse Moved,290.0,237.0,User8,,
1489851971010,Mouse Moved,290.0,238.0,User8,,
1489851971012,Mouse Moved,290.0,240.0,User8,,
1489851971026,Mouse Moved,290.0,241.0,User8,,
1489851971028,Mouse Moved,290.0,243.0,User8,,
1489851971040,Mouse Moved,290.0,246.0,User8,,
1489851971042,Mouse Moved,290.0,248.0,User8,,
1489851971055,Mouse Moved,290.0,249.0,User8,,
1489851971062,Mouse Moved,290.0,251.0,User8,,
1489851971072,Mouse Moved,290.0,252.0,User8,,
1489851971101,Mouse Moved,290.0,257.0,User8,,
1489851971107,Mouse Moved,290.0,258.0,User8,,
1489851971115,Mouse Moved,290.0,259.0,User8,,
1489851971117,Mouse Moved,290.0,261.0,User8,,
1489851971131,Mouse Moved,292.0,263.0,User8,,
1489851971147,Mouse Moved,292.0,264.0,User8,,
1489851971161,Mouse Moved,292.0,265.0,User8,,
1489851971176,Mouse Moved,292.0,266.0,User8,,
1489851971177,Mouse Moved,292.0,267.0,User8,,
1489851971191,Mouse Moved,293.0,267.0,User8,,
1489851971206,Mouse Moved,293.0,268.0,User8,,
1489851971232,Mouse Moved,293.0,269.0,User8,,
1489851971233,Mouse Moved,295.0,271.0,User8,,
1489851971237,Mouse Moved,296.0,272.0,User8,,
1489851971255,Mouse Moved,297.0,275.0,User8,,
1489851971256,Mouse Moved,300.0,277.0,User8,,
1489851971266,Mouse Moved,302.0,279.0,User8,,
1489851971282,Mouse Moved,312.0,287.0,User8,,
1489851971286,Mouse Moved,322.0,294.0,User8,,
1489851971296,Mouse Moved,339.0,304.0,User8,,
1489851971312,Mouse Moved,412.0,337.0,User8,,
1489851971325,Mouse Moved,506.0,376.0,User8,,
1489851971341,Mouse Moved,550.0,395.0,User8,,
1489851971342,Mouse Moved,599.0,411.0,User8,,
1489851971357,Mouse Moved,656.0,429.0,User8,,
1489851971364,Mouse Moved,707.0,443.0,User8,,
1489851971371,Mouse Moved,754.0,459.0,User8,,
1489851971387,Mouse Moved,842.0,481.0,User8,,
1489851971431,Mouse Moved,919.0,505.0,User8,,
1489851971433,Mouse Moved,1006.0,530.0,User8,,
1489851971447,Mouse Moved,1017.0,533.0,User8,,
1489851971461,Mouse Moved,1020.0,533.0,User8,,
1489851971641,Mouse Moved,1019.0,533.0,User8,,
1489851971657,Mouse Moved,1017.0,533.0,User8,,
1489851971671,Mouse Moved,1014.0,533.0,User8,,
1489851971680,Mouse Moved,1012.0,533.0,User8,,
1489851971686,Mouse Moved,1011.0,534.0,User8,,
1489851971700,Mouse Moved,1009.0,535.0,User8,,
1489851971701,Mouse Moved,1008.0,535.0,User8,,
1489851971717,Mouse Moved,1008.0,536.0,User8,,
1489851971720,Mouse Moved,1007.0,536.0,User8,,
1489851971746,Mouse Moved,1006.0,537.0,User8,,
1489851971762,Mouse Moved,1006.0,538.0,User8,,
1489851971776,Mouse Moved,1006.0,539.0,User8,,
1489851971790,Mouse Moved,1006.0,544.0,User8,,
1489851971805,Mouse Moved,1007.0,545.0,User8,,
1489851971821,Mouse Moved,1007.0,546.0,User8,,
1489851971826,Mouse Moved,1007.0,547.0,User8,,
1489851971851,Mouse Moved,1007.0,548.0,User8,,
1489851971865,Mouse Moved,1007.0,549.0,User8,,
1489851971940,Mouse Moved,1007.0,551.0,User8,,
1489851971943,Mouse Moved,1007.0,552.0,User8,,
1489851971956,Mouse Moved,1006.0,552.0,User8,,
1489851971971,Mouse Moved,1003.0,552.0,User8,,
1489851971973,Mouse Moved,1001.0,552.0,User8,,
1489851971986,Mouse Moved,999.0,553.0,User8,,
1489851971993,Mouse Moved,995.0,553.0,User8,,
1489851972000,Mouse Moved,991.0,553.0,User8,,
1489851972002,Mouse Moved,987.0,553.0,User8,,
1489851972016,Mouse Moved,967.0,553.0,User8,,
1489851972032,Mouse Moved,948.0,553.0,User8,,
1489851972046,Mouse Moved,940.0,550.0,User8,,
1489851972062,Mouse Moved,918.0,543.0,User8,,
1489851972075,Mouse Moved,908.0,540.0,User8,,
1489851972076,Mouse Moved,899.0,538.0,User8,,
1489851972091,Mouse Moved,890.0,535.0,User8,,
1489851972092,Mouse Moved,881.0,533.0,User8,,
1489851972107,Mouse Moved,872.0,530.0,User8,,
1489851972121,Mouse Moved,857.0,524.0,User8,,
1489851972122,Mouse Moved,851.0,522.0,User8,,
1489851972137,Mouse Moved,846.0,519.0,User8,,
1489851972138,Mouse Moved,843.0,518.0,User8,,
1489851972151,Mouse Moved,842.0,517.0,User8,,
1489851972155,Mouse Moved,839.0,516.0,User8,,
1489851972211,Mouse Moved,838.0,515.0,User8,,
1489851972226,Mouse Moved,837.0,515.0,User8,,
1489851972240,Mouse Moved,837.0,511.0,User8,,
1489851972242,Mouse Moved,837.0,510.0,User8,,
1489851972256,Mouse Moved,837.0,509.0,User8,,
1489851972272,Mouse Moved,836.0,508.0,User8,,
1489851972273,Mouse Moved,836.0,507.0,User8,,
1489851972302,Mouse Moved,836.0,505.0,User8,,
1489851972316,Mouse Moved,836.0,502.0,User8,,
1489851972318,Mouse Moved,836.0,500.0,User8,,
1489851972331,Mouse Moved,836.0,499.0,User8,,
1489851972338,Mouse Moved,836.0,496.0,User8,,
1489851972375,Mouse Moved,837.0,495.0,User8,,
1489851972391,Mouse Moved,837.0,494.0,User8,,
1489851973158,Mouse Moved,837.0,494.0,User8,,
1489851973167,Mouse Button.left Pressed,837.0,494.0,User8,,
1489851973255,Mouse Moved,837.0,494.0,User8,,
1489851973256,Mouse Button.left Released,837.0,494.0,User8,,
1489851974177,Mouse Moved,837.0,493.0,User8,,
1489851974191,Mouse Moved,836.0,491.0,User8,,
1489851974207,Mouse Moved,830.0,486.0,User8,,
1489851974210,Mouse Moved,814.0,475.0,User8,,
1489851974211,Mouse Moved,797.0,460.0,User8,,
1489851974223,Mouse Moved,774.0,443.0,User8,,
1489851974236,Mouse Moved,746.0,418.0,User8,,
1489851974237,Mouse Moved,718.0,393.0,User8,,
1489851974253,Mouse Moved,643.0,332.0,User8,,
1489851974266,Mouse Moved,546.0,250.0,User8,,
1489851974282,Mouse Moved,499.0,211.0,User8,,
1489851974296,Mouse Moved,428.0,154.0,User8,,
1489851974311,Mouse Moved,375.0,115.0,User8,,
1489851974326,Mouse Moved,356.0,102.0,User8,,
1489851974328,Mouse Moved,342.0,92.0,User8,,
1489851974341,Mouse Moved,333.0,85.0,User8,,
1489851974342,Mouse Moved,326.0,81.0,User8,,
1489851974357,Mouse Moved,324.0,80.0,User8,,
1489851974361,Mouse Moved,323.0,79.0,User8,,
1489851974476,Mouse Moved,322.0,78.0,User8,,
1489851974490,Mouse Moved,318.0,78.0,User8,,
1489851974492,Mouse Moved,315.0,78.0,User8,,
1489851974506,Mouse Moved,313.0,78.0,User8,,
1489851974512,Mouse Moved,311.0,77.0,User8,,
1489851974520,Mouse Moved,310.0,76.0,User8,,
1489851974522,Mouse Moved,308.0,76.0,User8,,
1489851974536,Mouse Moved,307.0,75.0,User8,,
1489851974612,Mouse Moved,306.0,74.0,User8,,
1489851974627,Mouse Moved,306.0,73.0,User8,,
1489851974628,Mouse Moved,306.0,71.0,User8,,
1489851974641,Mouse Moved,306.0,69.0,User8,,
1489851974819,Mouse Moved,306.0,69.0,User8,,
1489851974821,Mouse Button.left Pressed,306.0,69.0,User8,,
1489851974918,Mouse Moved,306.0,69.0,User8,,
1489851974920,Mouse Button.left Released,306.0,69.0,User8,,
1489851978782,Mouse Moved,309.0,69.0,User8,,
1489851978783,Mouse Moved,322.0,86.0,User8,,
1489851978796,Mouse Moved,338.0,105.0,User8,,
1489851978798,Mouse Moved,355.0,128.0,User8,,
1489851978812,Mouse Moved,371.0,143.0,User8,,
1489851978815,Mouse Moved,381.0,151.0,User8,,
1489851978828,Mouse Moved,392.0,159.0,User8,,
1489851978832,Mouse Moved,403.0,167.0,User8,,
1489851978842,Mouse Moved,416.0,175.0,User8,,
1489851978857,Mouse Moved,449.0,197.0,User8,,
1489851978858,Mouse Moved,463.0,202.0,User8,,
1489851978871,Mouse Moved,475.0,205.0,User8,,
1489851978877,Mouse Moved,485.0,208.0,User8,,
1489851978885,Mouse Moved,494.0,209.0,User8,,
1489851978904,Mouse Moved,498.0,209.0,User8,,
1489851978905,Mouse Moved,503.0,209.0,User8,,
1489851978915,Mouse Moved,504.0,209.0,User8,,
1489851978917,Mouse Moved,507.0,209.0,User8,,
1489851979171,Mouse Moved,508.0,212.0,User8,,
1489851979173,Mouse Moved,508.0,221.0,User8,,
1489851979187,Mouse Moved,508.0,227.0,User8,,
1489851979190,Mouse Moved,508.0,234.0,User8,,
1489851979200,Mouse Moved,508.0,238.0,User8,,
1489851979207,Mouse Moved,508.0,244.0,User8,,
1489851979217,Mouse Moved,508.0,251.0,User8,,
1489851979232,Mouse Moved,503.0,265.0,User8,,
1489851979233,Mouse Moved,499.0,275.0,User8,,
1489851979246,Mouse Moved,494.0,284.0,User8,,
1489851979262,Mouse Moved,489.0,303.0,User8,,
1489851979276,Mouse Moved,482.0,319.0,User8,,
1489851979292,Mouse Moved,474.0,328.0,User8,,
1489851979306,Mouse Moved,469.0,335.0,User8,,
1489851979322,Mouse Moved,466.0,338.0,User8,,
1489851979336,Mouse Moved,466.0,339.0,User8,,
1489851979549,Mouse Moved,479.0,340.0,User8,,
1489851979562,Mouse Moved,492.0,340.0,User8,,
1489851979578,Mouse Moved,514.0,340.0,User8,,
1489851979592,Mouse Moved,540.0,340.0,User8,,
1489851979608,Mouse Moved,555.0,340.0,User8,,
1489851979621,Mouse Moved,593.0,340.0,User8,,
1489851979638,Mouse Moved,640.0,332.0,User8,,
1489851979654,Mouse Moved,694.0,326.0,User8,,
1489851979667,Mouse Moved,739.0,317.0,User8,,
1489851979681,Mouse Moved,785.0,304.0,User8,,
1489851979697,Mouse Moved,819.0,293.0,User8,,
1489851979711,Mouse Moved,846.0,284.0,User8,,
1489851979726,Mouse Moved,853.0,282.0,User8,,
1489851979742,Mouse Moved,871.0,277.0,User8,,
1489851979756,Mouse Moved,884.0,273.0,User8,,
1489851979773,Mouse Moved,894.0,269.0,User8,,
1489851979801,Mouse Moved,898.0,268.0,User8,,
1489851979848,Mouse Moved,889.0,268.0,User8,,
1489851979861,Mouse Moved,881.0,268.0,User8,,
1489851979877,Mouse Moved,867.0,268.0,User8,,
1489851979891,Mouse Moved,859.0,268.0,User8,,
1489851979905,Mouse Moved,851.0,268.0,User8,,
1489851979921,Mouse Moved,841.0,268.0,User8,,
1489851979937,Mouse Moved,834.0,268.0,User8,,
1489851979950,Mouse Moved,829.0,266.0,User8,,
1489851979967,Mouse Moved,828.0,266.0,User8,,
1489851979983,Mouse Moved,827.0,266.0,User8,,
1489851979990,Mouse Moved,826.0,266.0,User8,,
1489851980072,Mouse Moved,824.0,266.0,User8,,
1489851980086,Mouse Moved,822.0,266.0,User8,,
1489851980101,Mouse Moved,821.0,266.0,User8,,
1489851980108,Mouse Moved,819.0,266.0,User8,,
1489851980115,Mouse Moved,817.0,266.0,User8,,
1489851980118,Mouse Moved,814.0,266.0,User8,,
1489851980131,Mouse Moved,810.0,266.0,User8,,
1489851980145,Mouse Moved,799.0,268.0,User8,,
1489851980147,Mouse Moved,789.0,272.0,User8,,
1489851980164,Mouse Moved,781.0,272.0,User8,,
1489851980177,Mouse Moved,771.0,273.0,User8,,
1489851980180,Mouse Moved,758.0,276.0,User8,,
1489851980181,Mouse Moved,745.0,277.0,User8,,
1489851980191,Mouse Moved,732.0,279.0,User8,,
1489851980197,Mouse Moved,723.0,282.0,User8,,
1489851980206,Mouse Moved,714.0,285.0,User8,,
1489851980221,Mouse Moved,708.0,288.0,User8,,
1489851980223,Mouse Moved,704.0,289.0,User8,,
1489851980236,Mouse Moved,700.0,291.0,User8,,
1489851980237,Mouse Moved,695.0,293.0,User8,,
1489851980253,Mouse Moved,690.0,293.0,User8,,
1489851980257,Mouse Moved,683.0,293.0,User8,,
1489851980266,Mouse Moved,679.0,293.0,User8,,
1489851983971,Mouse Moved,674.0,292.0,User8,,
1489851983973,Mouse Moved,674.0,291.0,User8,,
1489851983986,Mouse Moved,673.0,290.0,User8,,
1489851984259,Mouse Moved,674.0,288.0,User8,,
1489851984260,Mouse Moved,673.0,288.0,User8,,
1489851984272,Mouse Moved,670.0,288.0,User8,,
1489851984288,Mouse Moved,662.0,287.0,User8,,
1489851984302,Mouse Moved,643.0,287.0,User8,,
1489851984309,Mouse Moved,622.0,287.0,User8,,
1489851984316,Mouse Moved,589.0,287.0,User8,,
1489851984318,Mouse Moved,559.0,287.0,User8,,
1489851984331,Mouse Moved,534.0,287.0,User8,,
1489851984332,Mouse Moved,518.0,287.0,User8,,
1489851984346,Mouse Moved,505.0,287.0,User8,,
1489851984355,Mouse Moved,493.0,287.0,User8,,
1489851984361,Mouse Moved,482.0,287.0,User8,,
1489851984362,Mouse Moved,472.0,290.0,User8,,
1489851984377,Mouse Moved,460.0,292.0,User8,,
1489851984391,Mouse Moved,440.0,300.0,User8,,
1489851984394,Mouse Moved,431.0,301.0,User8,,
1489851984405,Mouse Moved,427.0,303.0,User8,,
1489851984421,Mouse Moved,422.0,306.0,User8,,
1489851984437,Mouse Moved,421.0,306.0,User8,,
1489851984510,Mouse Moved,421.0,306.0,User8,,
1489851984512,Mouse Scrolled (0 -1),421.0,306.0,User8,,
1489851984556,Mouse Moved,421.0,306.0,User8,,
1489851984562,Mouse Scrolled (0 -1),421.0,306.0,User8,,
1489851984785,Mouse Moved,421.0,307.0,User8,,
1489851984796,Mouse Moved,420.0,312.0,User8,,
1489851984798,Mouse Moved,418.0,323.0,User8,,
1489851984812,Mouse Moved,415.0,331.0,User8,,
1489851984825,Mouse Moved,408.0,346.0,User8,,
1489851984829,Mouse Moved,405.0,353.0,User8,,
1489851984868,Mouse Moved,403.0,359.0,User8,,
1489851984869,Mouse Moved,400.0,365.0,User8,,
1489851984878,Mouse Moved,398.0,372.0,User8,,
1489851984880,Mouse Moved,396.0,374.0,User8,,
1489851984881,Mouse Moved,396.0,376.0,User8,,
1489851984887,Mouse Moved,396.0,377.0,User8,,
1489851984901,Mouse Moved,396.0,378.0,User8,,
1489851984903,Mouse Moved,396.0,379.0,User8,,
1489851984918,Mouse Moved,395.0,379.0,User8,,
1489851984920,Mouse Moved,395.0,381.0,User8,,
1489851984930,Mouse Moved,395.0,383.0,User8,,
1489851984931,Mouse Moved,393.0,387.0,User8,,
1489851984947,Mouse Moved,392.0,387.0,User8,,
1489851984963,Mouse Moved,391.0,391.0,User8,,
1489851984964,Mouse Moved,390.0,393.0,User8,,
1489851985098,Mouse Moved,390.0,386.0,User8,,
1489851985111,Mouse Moved,393.0,360.0,User8,,
1489851985125,Mouse Moved,393.0,350.0,User8,,
1489851985144,Mouse Moved,393.0,339.0,User8,,
1489851985155,Mouse Moved,393.0,328.0,User8,,
1489851985160,Mouse Moved,394.0,319.0,User8,,
1489851985164,Mouse Moved,395.0,311.0,User8,,
1489851985171,Mouse Moved,396.0,301.0,User8,,
1489851985174,Mouse Moved,399.0,295.0,User8,,
1489851985186,Mouse Moved,400.0,291.0,User8,,
1489851985187,Mouse Moved,401.0,287.0,User8,,
1489851985200,Mouse Moved,401.0,284.0,User8,,
1489851985203,Mouse Moved,401.0,280.0,User8,,
1489851985217,Mouse Moved,401.0,276.0,User8,,
1489851985223,Mouse Moved,401.0,273.0,User8,,
1489851985232,Mouse Moved,402.0,270.0,User8,,
1489851985234,Mouse Moved,403.0,268.0,User8,,
1489851985262,Mouse Moved,404.0,265.0,User8,,
1489851985267,Mouse Moved,404.0,262.0,User8,,
1489851985276,Mouse Moved,405.0,261.0,User8,,
1489851985381,Mouse Moved,405.0,260.0,User8,,
1489851985395,Mouse Moved,406.0,260.0,User8,,
1489851985411,Mouse Moved,407.0,262.0,User8,,
1489851985427,Mouse Moved,408.0,266.0,User8,,
1489851985436,Mouse Moved,408.0,269.0,User8,,
1489851985443,Mouse Moved,408.0,271.0,User8,,
1489851985446,Mouse Moved,409.0,274.0,User8,,
1489851985456,Mouse Moved,409.0,276.0,User8,,
1489851985470,Mouse Moved,411.0,281.0,User8,,
1489851985503,Mouse Moved,411.0,282.0,User8,,
1489851985516,Mouse Moved,411.0,283.0,User8,,
1489851986431,Mouse Moved,411.0,284.0,User8,,
1489851986447,Mouse Moved,415.0,287.0,User8,,
1489851986461,Mouse Moved,421.0,296.0,User8,,
1489851986467,Mouse Moved,424.0,302.0,User8,,
1489851986476,Mouse Moved,424.0,306.0,User8,,
1489851986477,Mouse Moved,427.0,310.0,User8,,
1489851986493,Mouse Moved,430.0,319.0,User8,,
1489851986506,Mouse Moved,433.0,325.0,User8,,
1489851986520,Mouse Moved,434.0,328.0,User8,,
1489851986523,Mouse Moved,434.0,331.0,User8,,
1489851986538,Mouse Moved,435.0,332.0,User8,,
1489851986792,Mouse Moved,435.0,333.0,User8,,
1489851986808,Mouse Moved,435.0,328.0,User8,,
1489851986822,Mouse Moved,435.0,322.0,User8,,
1489851986825,Mouse Moved,435.0,317.0,User8,,
1489851986836,Mouse Moved,435.0,314.0,User8,,
1489851986838,Mouse Moved,435.0,311.0,User8,,
1489851986851,Mouse Moved,435.0,307.0,User8,,
1489851986852,Mouse Moved,435.0,304.0,User8,,
1489851986867,Mouse Moved,435.0,303.0,User8,,
1489851986881,Mouse Moved,435.0,301.0,User8,,
1489851987121,Mouse Moved,438.0,296.0,User8,,
1489851987137,Mouse Moved,439.0,294.0,User8,,
1489851987138,Mouse Moved,441.0,292.0,User8,,
1489851987151,Mouse Moved,442.0,291.0,User8,,
1489851987167,Mouse Moved,443.0,291.0,User8,,
1489851987186,Mouse Moved,443.0,290.0,User8,,
1489851987187,Mouse Moved,445.0,289.0,User8,,
1489851987197,Mouse Moved,446.0,289.0,User8,,
1489851987198,Mouse Moved,447.0,287.0,User8,,
1489851987211,Mouse Moved,450.0,287.0,User8,,
1489851987219,Mouse Moved,450.0,286.0,User8,,
1489851987226,Mouse Moved,451.0,286.0,User8,,
1489851987227,Mouse Moved,452.0,286.0,User8,,
1489851987242,Mouse Moved,452.0,285.0,User8,,
1489851987506,Mouse Moved,452.0,285.0,User8,,
1489851987519,Mouse Moved,452.0,285.0,User8,,
1489851989003,Mouse Moved,463.0,288.0,User8,,
1489851989013,Mouse Moved,486.0,301.0,User8,,
1489851989016,Mouse Moved,525.0,317.0,User8,,
1489851989055,Mouse Moved,569.0,331.0,User8,,
1489851989056,Mouse Moved,607.0,345.0,User8,,
1489851989069,Mouse Moved,641.0,350.0,User8,,
1489851989108,Mouse Moved,671.0,359.0,User8,,
1489851989109,Mouse Moved,710.0,364.0,User8,,
1489851989111,Mouse Moved,787.0,375.0,User8,,
1489851989112,Mouse Moved,846.0,383.0,User8,,
1489851989114,Mouse Moved,893.0,390.0,User8,,
1489851989121,Mouse Moved,906.0,391.0,User8,,
1489851989125,Mouse Moved,917.0,393.0,User8,,
1489851989134,Mouse Moved,927.0,395.0,User8,,
1489851989135,Mouse Moved,935.0,396.0,User8,,
1489851989147,Mouse Moved,941.0,396.0,User8,,
1489851989148,Mouse Moved,945.0,396.0,User8,,
1489851989164,Mouse Moved,947.0,398.0,User8,,
1489851989165,Mouse Moved,948.0,398.0,User8,,
1489851989177,Mouse Moved,949.0,398.0,User8,,
1489851989191,Mouse Moved,951.0,398.0,User8,,
1489851989193,Mouse Moved,953.0,399.0,User8,,
1489851989207,Mouse Moved,954.0,400.0,User8,,
1489851989221,Mouse Moved,956.0,402.0,User8,,
1489851989236,Mouse Moved,962.0,408.0,User8,,
1489851989237,Mouse Moved,966.0,413.0,User8,,
1489851989257,Mouse Moved,970.0,418.0,User8,,
1489851989263,Mouse Moved,975.0,423.0,User8,,
1489851989288,Mouse Moved,978.0,426.0,User8,,
1489851989289,Mouse Moved,981.0,431.0,User8,,
1489851989296,Mouse Moved,985.0,435.0,User8,,
1489851989299,Mouse Moved,995.0,446.0,User8,,
1489851989312,Mouse Moved,1006.0,458.0,User8,,
1489851989313,Mouse Moved,1011.0,462.0,User8,,
1489851989325,Mouse Moved,1017.0,467.0,User8,,
1489851989342,Mouse Moved,1022.0,471.0,User8,,
1489851989357,Mouse Moved,1027.0,475.0,User8,,
1489851989358,Mouse Moved,1030.0,476.0,User8,,
1489851989371,Mouse Moved,1031.0,478.0,User8,,
1489851989372,Mouse Moved,1034.0,479.0,User8,,
1489851989385,Mouse Moved,1036.0,482.0,User8,,
1489851989388,Mouse Moved,1039.0,485.0,User8,,
1489851989401,Mouse Moved,1042.0,488.0,User8,,
1489851989404,Mouse Moved,1046.0,492.0,User8,,
1489851989417,Mouse Moved,1049.0,496.0,User8,,
1489851989424,Mouse Moved,1053.0,499.0,User8,,
1489851989430,Mouse Moved,1056.0,502.0,User8,,
1489851989431,Mouse Moved,1060.0,505.0,User8,,
1489851989447,Mouse Moved,1063.0,507.0,User8,,
1489851989461,Mouse Moved,1065.0,509.0,User8,,
1489851989464,Mouse Moved,1068.0,510.0,User8,,
1489851989476,Mouse Moved,1070.0,512.0,User8,,
1489851989477,Mouse Moved,1071.0,513.0,User8,,
1489851989496,Mouse Moved,1073.0,515.0,User8,,
1489851989497,Mouse Moved,1076.0,516.0,User8,,
1489851989506,Mouse Moved,1077.0,517.0,User8,,
1489851989509,Mouse Moved,1078.0,518.0,User8,,
1489851989522,Mouse Moved,1079.0,519.0,User8,,
1489851989543,Mouse Moved,1080.0,519.0,User8,,
1489851989552,Mouse Moved,1082.0,521.0,User8,,
1489851989572,Mouse Moved,1082.0,523.0,User8,,
1489851989585,Mouse Moved,1082.0,524.0,User8,,
1489851989599,Mouse Moved,1083.0,524.0,User8,,
1489851989601,Mouse Moved,1083.0,525.0,User8,,
1489851989618,Mouse Moved,1083.0,526.0,User8,,
1489851989627,Mouse Moved,1083.0,528.0,User8,,
1489851989645,Mouse Moved,1084.0,529.0,User8,,
1489851989734,Mouse Moved,1085.0,532.0,User8,,
1489851989736,Mouse Moved,1085.0,533.0,User8,,
1489851989882,Mouse Moved,1085.0,534.0,User8,,
1489851989907,Mouse Moved,1085.0,535.0,User8,,
1489851989960,Mouse Moved,1085.0,536.0,User8,,
1489851989970,Mouse Moved,1085.0,537.0,User8,,
1489851989971,Mouse Moved,1085.0,539.0,User8,,
1489851989973,Mouse Moved,1084.0,542.0,User8,,
1489851990003,Mouse Moved,1082.0,545.0,User8,,
1489851990022,Mouse Moved,1082.0,546.0,User8,,
1489851990056,Mouse Moved,1082.0,547.0,User8,,
1489851990063,Mouse Moved,1082.0,548.0,User8,,
1489851990079,Mouse Moved,1082.0,549.0,User8,,
1489851990092,Mouse Moved,1081.0,550.0,User8,,
1489851990121,Mouse Moved,1081.0,551.0,User8,,
1489851990188,Mouse Moved,1081.0,552.0,User8,,
1489851990234,Mouse Moved,1081.0,553.0,User8,,
1489851990269,Mouse Moved,1081.0,554.0,User8,,
1489851990272,Mouse Moved,1081.0,555.0,User8,,
1489851990384,Mouse Moved,1081.0,557.0,User8,,
1489851990401,Mouse Moved,1081.0,558.0,User8,,
1489851990530,Mouse Moved,1079.0,558.0,User8,,
1489851990535,Mouse Moved,1074.0,556.0,User8,,
1489851990556,Mouse Moved,1074.0,557.0,User8,,
1489851990572,Mouse Moved,1074.0,558.0,User8,,
1489851990588,Mouse Moved,1076.0,559.0,User8,,
1489851990602,Mouse Moved,1077.0,559.0,User8,,
1489851990631,Mouse Moved,1078.0,560.0,User8,,
1489851990721,Mouse Moved,1079.0,560.0,User8,,
1489851990736,Mouse Moved,1079.0,561.0,User8,,
1489851990752,Mouse Moved,1079.0,562.0,User8,,
1489851990753,Mouse Moved,1079.0,563.0,User8,,
1489851990772,Mouse Moved,1079.0,565.0,User8,,
1489851991029,Mouse Moved,1079.0,566.0,User8,,
1489851991921,Mouse Moved,1079.0,567.0,User8,,
1489851991953,Mouse Moved,1079.0,569.0,User8,,
1489851992525,Mouse Moved,1079.0,571.0,User8,,
1489851992552,Mouse Moved,1078.0,571.0,User8,,
1489851995607,Mouse Moved,1074.0,566.0,User8,,
1489851995608,Mouse Button.left Released,1074.0,566.0,User8,,
1489851995609,Mouse Moved,1071.0,560.0,User8,,
1489851995611,Mouse Moved,1022.0,494.0,User8,,
1489851995612,Mouse Moved,915.0,433.0,User8,,
1489851995614,Mouse Moved,808.0,389.0,User8,,
1489851995645,Mouse Moved,786.0,380.0,User8,,
1489851995648,Mouse Moved,766.0,375.0,User8,,
1489851995653,Mouse Moved,753.0,371.0,User8,,
1489851995654,Mouse Moved,739.0,368.0,User8,,
1489851995657,Mouse Moved,721.0,362.0,User8,,
1489851997753,Mouse Moved,717.0,361.0,User8,,
1489851998844,Mouse Scrolled (0 -1),715.0,360.0,User8,,
1489851998845,Mouse Moved,715.0,360.0,User8,,
1489851998846,Mouse Scrolled (0 -1),715.0,360.0,User8,,
1489851998848,Mouse Moved,758.0,345.0,User8,,
1489851998849,Mouse Moved,824.0,326.0,User8,,
1489851998855,Mouse Moved,836.0,323.0,User8,,
1489851998868,Mouse Moved,848.0,317.0,User8,,
1489851999151,Mouse Moved,859.0,312.0,User8,,
1489851999153,Mouse Moved,869.0,306.0,User8,,
1489851999167,Mouse Moved,884.0,297.0,User8,,
1489851999168,Mouse Moved,891.0,291.0,User8,,
1489851999171,Mouse Moved,899.0,286.0,User8,,
1489851999288,Mouse Moved,902.0,284.0,User8,,
1489851999289,Mouse Moved,907.0,280.0,User8,,
1489851999290,Mouse Moved,923.0,267.0,User8,,
1489851999292,Mouse Moved,930.0,261.0,User8,,
1489851999377,Mouse Moved,958.0,244.0,User8,,
1489851999424,Mouse Moved,965.0,240.0,User8,,
1489851999426,Mouse Moved,971.0,237.0,User8,,
1489851999716,Mouse Moved,984.0,232.0,User8,,
1489851999717,Mouse Moved,995.0,227.0,User8,,
1489851999719,Mouse Moved,1007.0,220.0,User8,,
1489852000002,Mouse Moved,1010.0,218.0,User8,,
1489852000305,Mouse Moved,1013.0,216.0,User8,,
1489852000976,Mouse Moved,1017.0,214.0,User8,,
1489852000977,Mouse Moved,1020.0,214.0,User8,,
1489852000980,Mouse Moved,1021.0,214.0,User8,,
1489852001010,Mouse Moved,1028.0,213.0,User8,,
1489852001017,Mouse Moved,1030.0,213.0,User8,,
1489852001019,Mouse Moved,1034.0,213.0,User8,,
1489852001052,Mouse Moved,1035.0,213.0,User8,,
1489852001134,Mouse Moved,1037.0,213.0,User8,,
1489852001138,Mouse Moved,1038.0,213.0,User8,,
1489852001140,Mouse Moved,1041.0,213.0,User8,,
1489852003448,Mouse Moved,1051.0,215.0,User8,,
1489852003450,Mouse Moved,1054.0,215.0,User8,,
1489852003476,Mouse Moved,1057.0,217.0,User8,,
1489852003487,Mouse Moved,1058.0,217.0,User8,,
1489852003516,Mouse Moved,1059.0,217.0,User8,,
1489852003517,Mouse Moved,1064.0,219.0,User8,,
1489852003549,Mouse Moved,1066.0,219.0,User8,,
1489852003551,Mouse Moved,1071.0,220.0,User8,,
1489852003552,Mouse Moved,1073.0,220.0,User8,,
1489852003553,Mouse Moved,1074.0,225.0,User8,,
1489852003796,Mouse Moved,1074.0,226.0,User8,,
1489852003836,Mouse Moved,1074.0,227.0,User8,,
1489852003838,Mouse Moved,1073.0,228.0,User8,,
1489852003839,Mouse Moved,1071.0,231.0,User8,,
1489852003842,Mouse Moved,1069.0,234.0,User8,,
1489852003898,Mouse Moved,1059.0,251.0,User8,,
1489852004822,Mouse Moved,1047.0,385.0,User8,,
1489852004835,Mouse Moved,1047.0,422.0,User8,,
1489852004838,Mouse Moved,1051.0,434.0,User8,,
1489852004907,Mouse Moved,1065.0,470.0,User8,,
1489852004930,Mouse Moved,1071.0,487.0,User8,,
1489852004964,Mouse Moved,1073.0,495.0,User8,,
1489852004974,Mouse Moved,1076.0,507.0,User8,,
1489852004977,Mouse Moved,1077.0,510.0,User8,,
1489852004980,Mouse Moved,1077.0,513.0,User8,,
1489852004982,Mouse Moved,1077.0,517.0,User8,,
1489852004983,Mouse Moved,1079.0,519.0,User8,,
1489852004986,Mouse Moved,1080.0,522.0,User8,,
1489852004987,Mouse Moved,1083.0,534.0,User8,,
1489852004989,Mouse Moved,1084.0,549.0,User8,,
1489852004990,Mouse Moved,1086.0,568.0,User8,,
1489852005002,Mouse Moved,1088.0,577.0,User8,,
1489852005040,Mouse Moved,1087.0,578.0,User8,,
1489852005046,Mouse Moved,1086.0,578.0,User8,,
1489852005049,Mouse Moved,1084.0,579.0,User8,,
1489852005220,Mouse Moved,1083.0,579.0,User8,,
1489852005542,Mouse Moved,1082.0,579.0,User8,,
1489852005543,Mouse Moved,1080.0,579.0,User8,,
1489852005545,Mouse Moved,1079.0,579.0,User8,,
1489852005546,Mouse Moved,1077.0,579.0,User8,,
1489852005548,Mouse Moved,1076.0,574.0,User8,,
1489852005549,Mouse Moved,1076.0,572.0,User8,,
1489852005551,Mouse Moved,1076.0,569.0,User8,,
1489852005552,Mouse Moved,1076.0,568.0,User8,,
1489852005576,Mouse Moved,1076.0,568.0,User8,,
1489852005657,Mouse Button.left Released,1076.0,568.0,User8,,
1489852005681,Mouse Moved,1076.0,567.0,User8,,
1489852005778,Mouse Moved,1075.0,567.0,User8,,
1489852005779,Mouse Moved,1073.0,567.0,User8,,
1489852005783,Mouse Moved,1071.0,567.0,User8,,
1489852005812,Mouse Moved,1070.0,567.0,User8,,
1489852005813,Mouse Moved,1068.0,567.0,User8,,
1489852005816,Mouse Moved,1067.0,567.0,User8,,
1489852005818,Mouse Moved,1067.0,567.0,User8,,
1489852005819,Mouse Button.left Pressed,1067.0,567.0,User8,,
1489852005821,Mouse Moved,1066.0,564.0,User8,,
1489852005822,Mouse Moved,1057.0,559.0,User8,,
1489852005823,Mouse Moved,935.0,497.0,User8,,
1489852005825,Mouse Moved,875.0,472.0,User8,,
1489852005855,Mouse Moved,640.0,411.0,User8,,
1489852005858,Mouse Moved,558.0,396.0,User8,,
1489852005859,Mouse Moved,426.0,383.0,User8,,
1489852005861,Mouse Moved,375.0,383.0,User8,,
1489852005864,Mouse Moved,272.0,392.0,User8,,
1489852005865,Mouse Moved,260.0,397.0,User8,,
1489852005867,Mouse Moved,237.0,413.0,User8,,
1489852006029,Mouse Moved,233.0,419.0,User8,,
1489852006043,Mouse Moved,231.0,426.0,User8,,
1489852006045,Mouse Moved,227.0,437.0,User8,,
1489852006046,Mouse Moved,227.0,438.0,User8,,
1489852006048,Mouse Moved,228.0,451.0,User8,,
1489852006049,Mouse Moved,230.0,456.0,User8,,
1489852006051,Mouse Moved,232.0,466.0,User8,,
1489852006065,Mouse Moved,235.0,472.0,User8,,
1489852006066,Mouse Moved,237.0,476.0,User8,,
1489852006161,Mouse Moved,237.0,477.0,User8,,
1489852006163,Mouse Moved,238.0,480.0,User8,,
1489852006164,Mouse Moved,240.0,481.0,User8,,
1489852006165,Mouse Moved,240.0,483.0,User8,,
1489852006167,Mouse Moved,241.0,487.0,User8,,
1489852006948,Mouse Moved,242.0,495.0,User8,,
1489852007423,Mouse Moved,243.0,498.0,User8,,
1489852007427,Mouse Moved,244.0,499.0,User8,,
1489852007815,Mouse Moved,244.0,500.0,User8,,
1489852007844,Mouse Moved,244.0,501.0,User8,,
1489852008019,Mouse Moved,244.0,505.0,User8,,
1489852008049,Mouse Moved,244.0,506.0,User8,,
1489852009463,Mouse Button.left Pressed,245.0,509.0,User8,1366.0,723.0
1489852010377,Mouse Moved,297.0,585.0,User8,,
1489852011357,Mouse Moved,314.0,543.0,User8,,
1489852011378,Mouse Moved,318.0,530.0,User8,,
1489852011727,Mouse Moved,323.0,520.0,User8,,
1489852011733,Mouse Moved,325.0,512.0,User8,,
1489852011736,Mouse Moved,329.0,504.0,User8,,
1489852011737,Mouse Moved,330.0,499.0,User8,,
1489852011739,Mouse Moved,331.0,495.0,User8,,
1489852011756,Mouse Moved,331.0,492.0,User8,,
1489852011957,Mouse Moved,333.0,486.0,User8,,
1489852011960,Mouse Moved,333.0,484.0,User8,,
1489852011980,Mouse Moved,336.0,482.0,User8,,
1489852011990,Mouse Moved,338.0,476.0,User8,,
1489852011992,Mouse Moved,344.0,454.0,User8,,
1489852012063,Mouse Moved,344.0,451.0,User8,,
1489852012109,Mouse Moved,344.0,446.0,User8,,
1489852012112,Mouse Moved,346.0,442.0,User8,,
1489852012114,Mouse Moved,349.0,427.0,User8,,
1489852012115,Mouse Moved,350.0,420.0,User8,,
1489852012118,Mouse Moved,350.0,419.0,User8,,
1489852012147,Mouse Moved,350.0,416.0,User8,,
1489852012177,Mouse Moved,350.0,415.0,User8,,
1489852012183,Mouse Moved,350.0,412.0,User8,,
1489852012223,Mouse Moved,350.0,407.0,User8,,
1489852012394,Mouse Moved,350.0,401.0,User8,,
1489852012431,Mouse Moved,350.0,396.0,User8,,
1489852012443,Mouse Moved,350.0,393.0,User8,,
1489852012739,Mouse Moved,350.0,390.0,User8,,
1489852012746,Mouse Moved,350.0,386.0,User8,,
1489852012747,Mouse Moved,350.0,382.0,User8,,
1489852012796,Mouse Moved,350.0,379.0,User8,,
1489852012798,Mouse Moved,350.0,358.0,User8,,
1489852012799,Mouse Moved,350.0,336.0,User8,,
1489852012801,Mouse Moved,350.0,330.0,User8,,
1489852012802,Mouse Scrolled (0 1),350.0,330.0,User8,,
1489852012812,Mouse Moved,350.0,330.0,User8,,
1489852012836,Mouse Scrolled (0 1),350.0,330.0,User8,,
1489852012838,Mouse Scrolled (0 1),350.0,330.0,User8,,
1489852012839,Mouse Moved,350.0,330.0,User8,,
1489852012841,Mouse Scrolled (0 1),350.0,330.0,User8,,
1489852012842,Mouse Scrolled (0 1),350.0,330.0,User8,,
1489852012851,Mouse Moved,399.0,252.0,User8,,
1489852012878,Mouse Moved,421.0,217.0,User8,,
1489852012880,Mouse Moved,476.0,101.0,User8,,
1489852012881,Mouse Moved,482.0,5.0,User8,,
1489852012882,Mouse Moved,479.0,14.0,User8,,
1489852012884,Mouse Moved,478.0,19.0,User8,,
1489852012895,Mouse Moved,478.0,20.0,User8,,
1489852012910,Mouse Moved,478.0,23.0,User8,,
1489852012921,Mouse Moved,478.0,24.0,User8,,
1489852012924,Mouse Moved,478.0,25.0,User8,,
1489852012926,Mouse Moved,478.0,25.0,User8,,
1489852012927,Mouse Moved,477.0,26.0,User8,,
1489852012930,Mouse Moved,460.0,52.0,User8,,
1489852012944,Mouse Moved,453.0,70.0,User8,,
1489852012947,Mouse Moved,437.0,126.0,User8,,
1489852013084,Mouse Moved,424.0,176.0,User8,,
1489852013157,Mouse Moved,421.0,202.0,User8,,
1489852013158,Mouse Moved,419.0,227.0,User8,,
1489852013214,Mouse Moved,419.0,247.0,User8,,
1489852013217,Mouse Moved,419.0,262.0,User8,,
1489852013224,Mouse Moved,419.0,279.0,User8,,
1489852013263,Mouse Moved,419.0,290.0,User8,,
1489852013526,Mouse Moved,419.0,299.0,User8,,
1489852013529,Mouse Moved,419.0,314.0,User8,,
1489852013532,Mouse Moved,418.0,321.0,User8,,
1489852013533,Mouse Moved,418.0,322.0,User8,,
1489852013535,Mouse Moved,418.0,322.0,User8,,
1489852013536,Mouse Scrolled (0 1),418.0,322.0,User8,,
1489852013538,Mouse Scrolled (0 1),418.0,322.0,User8,,
1489852013539,Mouse Moved,418.0,323.0,User8,,
1489852013563,Mouse Moved,426.0,323.0,User8,,
1489852013565,Mouse Moved,455.0,313.0,User8,,
1489852013575,Mouse Moved,565.0,302.0,User8,,
1489852013578,Mouse Moved,739.0,302.0,User8,,
1489852013579,Mouse Moved,872.0,302.0,User8,,
1489852013581,Mouse Moved,937.0,302.0,User8,,
1489852013582,Mouse Moved,1074.0,302.0,User8,,
1489852013584,Mouse Moved,1183.0,310.0,User8,,
1489852013651,Mouse Moved,1229.0,322.0,User8,,
1489852013655,Mouse Moved,1276.0,337.0,User8,,
1489852013657,Mouse Moved,1316.0,349.0,User8,,
1489852013658,Mouse Moved,1357.0,516.0,User8,,
1489852013660,Mouse Moved,1346.0,516.0,User8,,
1489852013661,Mouse Moved,1338.0,516.0,User8,,
1489852013663,Mouse Moved,1291.0,519.0,User8,,
1489852013664,Mouse Moved,1287.0,520.0,User8,,
1489852013665,Mouse Moved,1280.0,523.0,User8,,
1489852013667,Mouse Moved,1279.0,524.0,User8,,
1489852013668,Mouse Moved,1279.0,529.0,User8,,
1489852013670,Mouse Moved,1280.0,530.0,User8,,
1489852013671,Mouse Moved,1281.0,530.0,User8,,
1489852013673,Mouse Moved,1285.0,530.0,User8,,
1489852013700,Mouse Moved,1286.0,530.0,User8,,
1489852013703,Mouse Moved,1288.0,530.0,User8,,
1489852013709,Mouse Moved,1291.0,530.0,User8,,
1489852013710,Mouse Moved,1292.0,530.0,User8,,
1489852013711,Mouse Moved,1294.0,530.0,User8,,
1489852013755,Mouse Moved,1294.0,529.0,User8,,
1489852013756,Mouse Moved,1294.0,526.0,User8,,
1489852013757,Mouse Moved,1294.0,522.0,User8,,
1489852013766,Mouse Moved,1294.0,520.0,User8,,
1489852013767,Mouse Moved,1294.0,515.0,User8,,
1489852013775,Mouse Moved,1294.0,512.0,User8,,
1489852013776,Mouse Moved,1294.0,507.0,User8,,
1489852013786,Mouse Moved,1294.0,498.0,User8,,
1489852013788,Mouse Moved,1294.0,492.0,User8,,
1489852013789,Mouse Moved,1294.0,491.0,User8,,
1489852013790,Mouse Moved,1294.0,488.0,User8,,
1489852013792,Mouse Moved,1294.0,483.0,User8,,
1489852013793,Mouse Moved,1294.0,480.0,User8,,
1489852013795,Mouse Moved,1294.0,477.0,User8,,
1489852013821,Mouse Moved,1294.0,476.0,User8,,
1489852013822,Mouse Moved,1294.0,475.0,User8,,
1489852013823,Mouse Moved,1293.0,469.0,User8,,
1489852013825,Mouse Moved,1292.0,468.0,User8,,
1489852013826,Mouse Moved,1292.0,466.0,User8,,
1489852013828,Mouse Moved,1292.0,465.0,User8,,
1489852013829,Mouse Moved,1292.0,462.0,User8,,
1489852013831,Mouse Moved,1294.0,461.0,User8,,
1489852013832,Mouse Moved,1298.0,459.0,User8,,
1489852013834,Mouse Button.left Pressed,1298.0,459.0,User8,,
1489852013835,Mouse Moved,1299.0,457.0,User8,,
1489852013861,Mouse Moved,1299.0,454.0,User8,,
1489852013864,Mouse Moved,1299.0,451.0,User8,,
1489852013865,Mouse Moved,1299.0,447.0,User8,,
1489852013867,Mouse Moved,1299.0,438.0,User8,,
1489852013868,Mouse Moved,1299.0,436.0,User8,,
1489852013869,Mouse Moved,1299.0,430.0,User8,,
1489852013871,Mouse Moved,1299.0,429.0,User8,,
1489852013872,Mouse Moved,1299.0,427.0,User8,,
1489852013874,Mouse Moved,1299.0,425.0,User8,,
1489852013875,Mouse Moved,1282.0,413.0,User8,,
1489852013900,Mouse Moved,1245.0,397.0,User8,,
1489852013901,Mouse Moved,1205.0,387.0,User8,,
1489852013904,Mouse Moved,1165.0,384.0,User8,,
1489852013905,Mouse Moved,1065.0,367.0,User8,,
1489852013907,Mouse Moved,1004.0,353.0,User8,,
1489852013908,Mouse Moved,881.0,336.0,User8,,
1489852013910,Mouse Moved,866.0,333.0,User8,,
1489852013911,Mouse Moved,866.0,332.0,User8,,
1489852013937,Mouse Moved,866.0,330.0,User8,,
1489852013938,Mouse Moved,866.0,330.0,User8,,
1489852013940,Mouse Button.left Released,866.0,330.0,User8,,
1489852013947,Mouse Moved,866.0,330.0,User8,,
1489852013948,Mouse Scrolled (0 1),866.0,330.0,User8,,
1489852013950,Mouse Moved,866.0,328.0,User8,,
1489852013971,Mouse Moved,860.0,325.0,User8,,
1489852013973,Mouse Moved,843.0,323.0,User8,,
1489852013974,Mouse Moved,807.0,316.0,User8,,
1489852013976,Mouse Moved,789.0,313.0,User8,,
1489852013977,Mouse Moved,725.0,297.0,User8,,
1489852013979,Mouse Moved,675.0,282.0,User8,,
1489852013980,Mouse Moved,652.0,276.0,User8,,
1489852014010,Mouse Moved,629.0,269.0,User8,,
1489852014013,Mouse Moved,625.0,269.0,User8,,
1489852014015,Mouse Moved,618.0,283.0,User8,,
1489852014016,Mouse Moved,613.0,295.0,User8,,
1489852014017,Mouse Moved,604.0,329.0,User8,,
1489852014019,Mouse Moved,601.0,337.0,User8,,
1489852014023,Mouse Moved,601.0,346.0,User8,,
1489852014049,Mouse Moved,601.0,353.0,User8,,
1489852014051,Mouse Moved,602.0,360.0,User8,,
1489852014052,Mouse Moved,604.0,362.0,User8,,
1489852014053,Mouse Scrolled (0 1),604.0,362.0,User8,,
1489852014055,Mouse Moved,604.0,362.0,User8,,
1489852014056,Mouse Scrolled (0 -1),604.0,362.0,User8,,
1489852014058,Mouse Scrolled (0 -1),604.0,362.0,User8,,
1489852014059,Mouse Scrolled (0 1),604.0,362.0,User8,,
1489852014061,Mouse Moved,604.0,362.0,User8,,
1489852014085,Mouse Moved,619.0,361.0,User8,,
1489852014124,Mouse Moved,713.0,301.0,User8,,
1489852014125,Mouse Moved,829.0,239.0,User8,,
1489852014127,Mouse Moved,936.0,176.0,User8,,
1489852014134,Mouse Moved,983.0,140.0,User8,,
1489852014135,Mouse Moved,1027.0,97.0,User8,,
1489852014160,Mouse Moved,1063.0,58.0,User8,,
1489852014161,Mouse Moved,1086.0,35.0,User8,,
1489852014164,Mouse Moved,1115.0,2.0,User8,,
1489852014165,Mouse Moved,1012.0,3.0,User8,,
1489852014167,Mouse Moved,1021.0,12.0,User8,,
1489852014168,Mouse Moved,1032.0,20.0,User8,,
1489852014171,Mouse Moved,1046.0,25.0,User8,,
1489852014197,Mouse Moved,1063.0,29.0,User8,,
1489852014200,Mouse Moved,1068.0,31.0,User8,,
1489852014201,Mouse Moved,1080.0,34.0,User8,,
1489852014203,Mouse Moved,1089.0,35.0,User8,,
1489852014204,Mouse Moved,1101.0,35.0,User8,,
1489852014206,Mouse Moved,1136.0,34.0,User8,,
1489852014207,Mouse Moved,1145.0,33.0,User8,,
1489852014209,Mouse Moved,1171.0,25.0,User8,,
1489852014210,Mouse Moved,1180.0,23.0,User8,,
1489852014236,Mouse Moved,1193.0,19.0,User8,,
1489852014244,Mouse Moved,1199.0,17.0,User8,,
1489852014246,Mouse Moved,1202.0,17.0,User8,,
1489852014247,Mouse Moved,1205.0,16.0,User8,,
1489852014253,Mouse Moved,1208.0,16.0,User8,,
1489852014831,Mouse Moved,1208.0,14.0,User8,,
1489852014832,Mouse Moved,1209.0,16.0,User8,,
1489852014834,Mouse Moved,1209.0,17.0,User8,,
1489852014838,Mouse Moved,1209.0,19.0,User8,,
1489852014839,Mouse Moved,1208.0,19.0,User8,,
1489852014842,Mouse Moved,1208.0,20.0,User8,,
1489852014872,Mouse Moved,1208.0,20.0,User8,,
1489852014874,Mouse Button.left Pressed,1208.0,20.0,User8,,
1489852014875,Mouse Moved,1208.0,20.0,User8,,
1489852014877,Mouse Moved,1109.0,74.0,User8,,
1489852014878,Mouse Moved,1105.0,78.0,User8,,
1489852014880,Mouse Moved,1099.0,80.0,User8,,
1489852014881,Mouse Moved,1098.0,80.0,User8,,
1489852014882,Mouse Moved,1095.0,81.0,User8,,
1489852014885,Mouse Moved,1093.0,81.0,User8,,
1489852014887,Mouse Moved,1089.0,81.0,User8,,
1489852014914,Mouse Moved,1085.0,81.0,User8,,
1489852014915,Mouse Moved,1070.0,81.0,User8,,
1489852014917,Mouse Moved,1060.0,79.0,User8,,
1489852014921,Mouse Moved,1049.0,77.0,User8,,
1489852014923,Mouse Moved,1040.0,74.0,User8,,
1489852014924,Mouse Moved,1021.0,68.0,User8,,
1489852014926,Mouse Moved,1007.0,64.0,User8,,
1489852014927,Mouse Moved,1001.0,61.0,User8,,
1489852014951,Mouse Moved,1000.0,60.0,User8,,
1489852014960,Mouse Moved,1000.0,59.0,User8,,
1489852014961,Mouse Moved,1000.0,55.0,User8,,
1489852014963,Mouse Moved,1001.0,53.0,User8,,
1489852014964,Mouse Moved,1004.0,50.0,User8,,
1489852014967,Mouse Moved,1006.0,47.0,User8,,
1489852014992,Mouse Moved,1008.0,46.0,User8,,
1489852015000,Mouse Moved,1009.0,45.0,User8,,
1489852015002,Mouse Moved,1012.0,43.0,User8,,
1489852015003,Mouse Moved,1014.0,41.0,User8,,
1489852015005,Mouse Moved,1017.0,40.0,User8,,
1489852015006,Mouse Moved,1018.0,40.0,User8,,
1489852015029,Mouse Moved,1020.0,39.0,User8,,
1489852015030,Mouse Moved,1023.0,39.0,User8,,
1489852015032,Mouse Moved,1026.0,38.0,User8,,
1489852015033,Mouse Moved,1029.0,37.0,User8,,
1489852015035,Mouse Moved,1030.0,36.0,User8,,
1489852015036,Mouse Moved,1033.0,35.0,User8,,
1489852015038,Mouse Moved,1038.0,32.0,User8,,
1489852015039,Mouse Moved,1039.0,32.0,User8,,
1489852015071,Mouse Moved,1039.0,29.0,User8,,
1489852015072,Mouse Moved,1039.0,28.0,User8,,
1489852015073,Mouse Moved,1039.0,25.0,User8,,
1489852015075,Mouse Moved,1040.0,23.0,User8,,
1489852015076,Mouse Moved,1042.0,22.0,User8,,
1489852015078,Mouse Moved,1043.0,21.0,User8,,
1489852015079,Mouse Moved,1049.0,17.0,User8,,
1489852015081,Mouse Moved,1050.0,17.0,User8,,
1489852015082,Mouse Moved,1051.0,17.0,User8,,
1489852015108,Mouse Moved,1053.0,15.0,User8,,
1489852015109,Mouse Moved,1053.0,15.0,User8,,
1489852015111,Mouse Button.left Pressed,1053.0,15.0,User8,,
1489852015112,Mouse Moved,1053.0,15.0,User8,,
1489852015114,Mouse Moved,1053.0,16.0,User8,,
1489852015115,Mouse Moved,1048.0,19.0,User8,,
1489852015117,Mouse Moved,1044.0,21.0,User8,,
1489852015118,Mouse Moved,1043.0,23.0,User8,,
1489852015119,Mouse Moved,1040.0,24.0,User8,,
1489852015121,Mouse Moved,1039.0,25.0,User8,,
1489852015147,Mouse Moved,1037.0,27.0,User8,,
1489852015151,Mouse Moved,1034.0,30.0,User8,,
1489852015153,Mouse Moved,1030.0,33.0,User8,,
1489852015154,Mouse Moved,1025.0,38.0,User8,,
1489852015155,Mouse Moved,1020.0,43.0,User8,,
1489852015157,Mouse Moved,1015.0,48.0,User8,,
1489852015158,Mouse Moved,996.0,68.0,User8,,
1489852015160,Mouse Moved,982.0,79.0,User8,,
1489852015161,Mouse Moved,970.0,92.0,User8,,
1489852015186,Mouse Moved,952.0,108.0,User8,,
1489852015188,Mouse Moved,927.0,128.0,User8,,
1489852015196,Mouse Moved,901.0,150.0,User8,,
1489852015197,Mouse Moved,875.0,172.0,User8,,
1489852015198,Mouse Moved,835.0,206.0,User8,,
1489852015200,Mouse Moved,823.0,217.0,User8,,
1489852015226,Mouse Moved,808.0,230.0,User8,,
1489852015227,Mouse Moved,795.0,240.0,User8,,
1489852015236,Mouse Moved,793.0,245.0,User8,,
1489852015240,Mouse Moved,789.0,250.0,User8,,
1489852015269,Mouse Moved,786.0,255.0,User8,,
1489852015279,Mouse Moved,783.0,258.0,User8,,
1489852015280,Mouse Moved,781.0,260.0,User8,,
1489852015447,Mouse Moved,775.0,267.0,User8,,
1489852015448,Mouse Moved,769.0,270.0,User8,,
1489852015450,Mouse Moved,751.0,280.0,User8,,
1489852015459,Mouse Moved,674.0,303.0,User8,,
1489852015460,Mouse Moved,612.0,311.0,User8,,
1489852015778,Mouse Moved,464.0,333.0,User8,,
1489852016345,Mouse Moved,403.0,348.0,User8,,
1489852016980,Mouse Moved,347.0,359.0,User8,,
1489852017029,Mouse Moved,328.0,365.0,User8,,
1489852017030,Mouse Moved,317.0,367.0,User8,,
1489852017459,Mouse Moved,308.0,370.0,User8,,
1489852017461,Mouse Moved,301.0,374.0,User8,,
1489852017464,Mouse Moved,301.0,375.0,User8,,
1489852017466,Mouse Moved,299.0,376.0,User8,,
1489852017467,Mouse Moved,298.0,376.0,User8,,
1489852017469,Mouse Moved,298.0,379.0,User8,,
1489852017471,Mouse Moved,298.0,381.0,User8,,
1489852017476,Mouse Moved,298.0,383.0,User8,,
1489852019959,Mouse Moved,300.0,550.0,User8,,
1489852019967,Mouse Moved,300.0,569.0,User8,,
1489852019969,Mouse Moved,300.0,601.0,User8,,
1489852019970,Mouse Moved,300.0,608.0,User8,,
1489852019979,Mouse Moved,299.0,611.0,User8,,
1489852021464,Mouse Moved,294.0,612.0,User8,,
1489852021466,Mouse Moved,293.0,613.0,User8,,
1489852021467,Mouse Moved,292.0,613.0,User8,,
1489852021496,Mouse Moved,286.0,613.0,User8,,
1489852021497,Mouse Moved,269.0,621.0,User8,,
1489852021499,Mouse Moved,254.0,635.0,User8,,
1489852021500,Mouse Moved,227.0,666.0,User8,,
1489852021502,Mouse Moved,215.0,683.0,User8,,
1489852021503,Mouse Moved,212.0,689.0,User8,,
1489852021505,Mouse Moved,213.0,695.0,User8,,
1489852022151,Mouse Moved,212.0,699.0,User8,,
1489852022551,Mouse Moved,212.0,701.0,User8,,
1489852022811,Mouse Moved,211.0,702.0,User8,,
1489852022858,Mouse Moved,211.0,703.0,User8,,
1489852023227,Mouse Moved,211.0,703.0,User8,,
1489852023421,Mouse Button.left Pressed,211.0,703.0,User8,,
1489852023424,Mouse Moved,212.0,703.0,User8,,
1489852023426,Mouse Moved,214.0,703.0,User8,,
1489852023427,Mouse Button.left Released,214.0,703.0,User8,,
1489852023428,Mouse Moved,215.0,700.0,User8,,
1489852023434,Mouse Moved,218.0,696.0,User8,,
1489852023447,Mouse Moved,220.0,695.0,User8,,
1489852023529,Mouse Moved,188.0,599.0,User8,1134.0,629.0
1489852023535,Mouse Moved,193.0,595.0,User8,,
1489852023543,Mouse Moved,201.0,588.0,User8,,
1489852023545,Mouse Moved,223.0,573.0,User8,,
1489852023546,Mouse Moved,240.0,563.0,User8,,
1489852023548,Mouse Moved,262.0,552.0,User8,,
1489852023549,Mouse Moved,277.0,543.0,User8,,
1489852023551,Mouse Moved,315.0,526.0,User8,,
1489852023552,Mouse Moved,331.0,521.0,User8,,
1489852023553,Mouse Moved,363.0,510.0,User8,,
1489852023555,Mouse Moved,372.0,507.0,User8,,
1489852023776,Mouse Moved,385.0,504.0,User8,,
1489852023778,Mouse Moved,388.0,502.0,User8,,
1489852023779,Mouse Moved,392.0,501.0,User8,,
1489852023792,Mouse Moved,388.0,500.0,User8,,
1489852025878,Mouse Moved,789.0,169.0,User8,,
1489852025880,Mouse Moved,863.0,101.0,User8,,
1489852025881,Mouse Moved,926.0,33.0,User8,,
1489852026128,Mouse Moved,469.0,517.0,User8,,
1489852026134,Mouse Moved,532.0,441.0,User8,,
1489852026135,Mouse Moved,610.0,344.0,User8,,
1489852026137,Mouse Moved,692.0,237.0,User8,,
1489852026138,Mouse Moved,773.0,142.0,User8,,
1489852026140,Mouse Moved,820.0,2.0,User8,,
1489852026141,Mouse Moved,816.0,3.0,User8,,
1489852026142,Mouse Moved,797.0,9.0,User8,,
1489852026144,Mouse Moved,790.0,12.0,User8,,
1489852026147,Mouse Moved,772.0,16.0,User8,,
1489852026174,Mouse Moved,763.0,17.0,User8,,
1489852026180,Mouse Moved,752.0,18.0,User8,,
1489852026181,Mouse Moved,741.0,20.0,User8,,
1489852026184,Mouse Moved,723.0,22.0,User8,,
1489852026186,Mouse Moved,711.0,23.0,User8,,
1489852026187,Mouse Moved,698.0,25.0,User8,,
1489852026190,Mouse Moved,672.0,26.0,User8,,
1489852026191,Mouse Moved,656.0,27.0,User8,,
1489852026226,Mouse Moved,642.0,28.0,User8,,
1489852026229,Mouse Moved,602.0,32.0,User8,,
1489852026230,Mouse Moved,565.0,37.0,User8,,
1489852026232,Mouse Moved,511.0,46.0,User8,,
1489852026233,Mouse Moved,466.0,53.0,User8,,
1489852026236,Mouse Moved,412.0,59.0,User8,,
1489852033385,Mouse Moved,296.0,35.0,User8,1366.0,768.0
1489852033388,Mouse Moved,294.0,35.0,User8,,
1489852033390,Mouse Moved,277.0,35.0,User8,,
1489852033391,Mouse Moved,273.0,33.0,User8,,
1489852033437,Mouse Moved,823.0,469.0,User8,,
1489852033441,Mouse Moved,357.0,43.0,User8,,
1489852033443,Mouse Moved,354.0,43.0,User8,,
1489852033446,Mouse Moved,347.0,43.0,User8,,
1489852033453,Mouse Moved,340.0,43.0,User8,,
1489852033456,Mouse Moved,329.0,40.0,User8,,
1489852033460,Mouse Moved,991.0,573.0,User8,,
1489852033463,Mouse Moved,430.0,53.0,User8,,
1489852033473,Mouse Moved,410.0,53.0,User8,,
1489852033474,Mouse Moved,396.0,49.0,User8,,
1489852033482,Mouse Moved,1194.0,700.0,User8,,
1489852033483,Mouse Moved,518.0,65.0,User8,,
1489852033484,Mouse Moved,504.0,65.0,User8,,
1489852033493,Mouse Moved,494.0,65.0,User8,,
1489852033494,Mouse Moved,477.0,60.0,User8,,
1489852036197,Mouse Moved,338.0,97.0,User8,,
1489852036691,Mouse Moved,321.0,126.0,User8,,
1489852036693,Mouse Moved,315.0,136.0,User8,,
1489852036694,Mouse Moved,306.0,153.0,User8,,
1489852036696,Mouse Moved,295.0,187.0,User8,,
1489852036707,Mouse Moved,288.0,209.0,User8,,
1489852036720,Mouse Moved,281.0,239.0,User8,,
1489852036723,Mouse Moved,270.0,272.0,User8,,
1489852036724,Mouse Moved,249.0,346.0,User8,,
1489852036726,Mouse Moved,239.0,384.0,User8,,
1489852036729,Mouse Moved,238.0,406.0,User8,,
1489852036759,Mouse Moved,238.0,413.0,User8,,
1489852036762,Mouse Moved,238.0,416.0,User8,,
1489852036765,Mouse Moved,234.0,441.0,User8,,
1489852036766,Mouse Moved,227.0,472.0,User8,,
1489852036767,Mouse Moved,227.0,483.0,User8,,
1489852036769,Mouse Moved,229.0,506.0,User8,,
1489852036776,Mouse Moved,233.0,586.0,User8,,
1489852036778,Mouse Moved,237.0,620.0,User8,,
1489852036779,Mouse Moved,242.0,634.0,User8,,
1489852036780,Mouse Moved,245.0,643.0,User8,,
1489852036782,Mouse Moved,244.0,662.0,User8,,
1489852036783,Mouse Moved,239.0,681.0,User8,,
1489852036785,Mouse Moved,238.0,685.0,User8,,
1489852036798,Mouse Moved,238.0,690.0,User8,,
1489852036799,Mouse Moved,232.0,705.0,User8,,
1489852036801,Mouse Moved,228.0,717.0,User8,,
1489852036802,Mouse Moved,223.0,727.0,User8,,
1489852036803,Mouse Moved,212.0,742.0,User8,,
1489852036805,Mouse Moved,212.0,743.0,User8,,
1489852036930,Mouse Moved,212.0,744.0,User8,,
1489852037016,Mouse Moved,212.0,744.0,User8,,
1489852037017,Mouse Button.left Pressed,212.0,744.0,User8,,
1489852037144,Mouse Moved,212.0,744.0,User8,,
1489852037150,Mouse Button.left Released,212.0,744.0,User8,,
1489852046763,Mouse Moved,188.0,174.0,User8,,
1489852050533,Mouse Moved,160.0,203.0,User8,,
1489852050536,Mouse Moved,160.0,210.0,User8,,
1489852050539,Mouse Moved,161.0,234.0,User8,,
1489852050546,Mouse Moved,168.0,252.0,User8,,
1489852050595,Mouse Moved,172.0,261.0,User8,,
1489852050614,Mouse Moved,176.0,270.0,User8,,
1489852050615,Mouse Moved,182.0,287.0,User8,,
1489852050625,Mouse Moved,187.0,296.0,User8,,
1489852050654,Mouse Moved,189.0,304.0,User8,,
1489852050655,Mouse Moved,200.0,328.0,User8,,
1489852053042,Mouse Moved,234.0,392.0,User8,,
1489852054566,Mouse Moved,247.0,440.0,User8,,
1489852054677,Mouse Moved,249.0,446.0,User8,,
1489852054921,Mouse Moved,251.0,450.0,User8,,
1489852055013,Mouse Moved,252.0,455.0,User8,,
1489852055161,Mouse Moved,252.0,457.0,User8,,
1489852055164,Mouse Moved,253.0,460.0,User8,,
1489852055171,Mouse Moved,255.0,463.0,User8,,
1489852055174,Mouse Moved,257.0,467.0,User8,,
1489852060523,Mouse Moved,280.0,519.0,User8,,
1489852060605,Mouse Moved,265.0,541.0,User8,,
1489852062542,Mouse Moved,183.0,616.0,User8,,
1489852062565,Mouse Moved,153.0,633.0,User8,,
1489852062566,Mouse Moved,116.0,654.0,User8,,
1489852062581,Mouse Moved,80.0,680.0,User8,,
1489852062716,Mouse Moved,53.0,700.0,User8,,
1489852064365,Mouse Moved,0.0,734.0,User8,,
1489852064609,Mouse Moved,0.0,736.0,User8,,
1489852064861,Mouse Moved,2.0,740.0,User8,,
1489852064871,Mouse Moved,3.0,742.0,User8,,
1489852064872,Mouse Moved,4.0,745.0,User8,,
1489852064884,Mouse Moved,6.0,747.0,User8,,
1489852064890,Mouse Moved,8.0,748.0,User8,,
1489852064891,Mouse Moved,9.0,749.0,User8,,
1489852064892,Mouse Moved,11.0,750.0,User8,,
1489852064894,Mouse Button.left Pressed,11.0,750.0,User8,,
1489852064921,Mouse Moved,11.0,750.0,User8,,
1489852064927,Mouse Button.left Released,11.0,750.0,User8,,
1489852064934,Mouse Moved,20.0,750.0,User8,,
1489852064937,Mouse Moved,42.0,743.0,User8,,
1489852064940,Mouse Moved,78.0,733.0,User8,,
1489852064943,Mouse Moved,90.0,730.0,User8,,
1489852064953,Mouse Moved,102.0,729.0,User8,,
1489852064954,Mouse Moved,116.0,727.0,User8,,
1489852064956,Mouse Moved,129.0,724.0,User8,,
1489852064960,Mouse Moved,140.0,723.0,User8,,
1489852064963,Mouse Moved,157.0,722.0,User8,,
1489852064966,Mouse Moved,163.0,722.0,User8,,
1489852064974,Mouse Moved,168.0,722.0,User8,,
1489852064976,Mouse Moved,172.0,722.0,User8,,
1489852064980,Mouse Moved,176.0,722.0,User8,,
1489852064982,Mouse Moved,180.0,722.0,User8,,
1489852064983,Mouse Moved,183.0,722.0,User8,,
1489852064984,Mouse Moved,184.0,722.0,User8,,
1489852064986,Mouse Moved,186.0,724.0,User8,,
1489852064994,Mouse Moved,188.0,726.0,User8,,
1489852064996,Mouse Moved,191.0,730.0,User8,,
1489852064999,Mouse Moved,193.0,732.0,User8,,
1489852065007,Mouse Moved,197.0,737.0,User8,,
1489852065009,Mouse Moved,199.0,738.0,User8,,
1489852065010,Mouse Moved,201.0,740.0,User8,,
1489852065012,Mouse Moved,202.0,741.0,User8,,
1489852065013,Mouse Moved,202.0,741.0,User8,,
1489852065015,Mouse Button.left Released,202.0,741.0,User8,,
1489852065023,Mouse Moved,209.0,741.0,User8,,
1489852065025,Mouse Moved,217.0,741.0,User8,,
1489852065026,Mouse Moved,227.0,741.0,User8,,
1489852065028,Mouse Moved,249.0,736.0,User8,,
1489852065029,Mouse Moved,260.0,733.0,User8,,
1489852065030,Mouse Moved,284.0,731.0,User8,,
1489852065032,Mouse Moved,297.0,730.0,User8,,
1489852065033,Mouse Moved,336.0,725.0,User8,,
1489852065035,Mouse Moved,346.0,725.0,User8,,
1489852065036,Mouse Moved,355.0,725.0,User8,,
1489852065043,Mouse Moved,372.0,725.0,User8,,
1489852065045,Mouse Moved,373.0,725.0,User8,,
1489852065046,Mouse Moved,374.0,725.0,User8,,
1489852065048,Mouse Moved,377.0,726.0,User8,,
1489852065049,Mouse Moved,378.0,726.0,User8,,
1489852065051,Mouse Moved,380.0,727.0,User8,,
1489852065052,Mouse Moved,384.0,730.0,User8,,
1489852065059,Mouse Moved,386.0,730.0,User8,,
1489852065061,Mouse Moved,387.0,731.0,User8,,
1489852065062,Mouse Moved,389.0,732.0,User8,,
1489852065063,Mouse Moved,390.0,733.0,User8,,
1489852065069,Mouse Moved,393.0,734.0,User8,,
1489852065072,Mouse Moved,399.0,739.0,User8,,
1489852065088,Mouse Moved,401.0,740.0,User8,,
1489852065559,Mouse Moved,401.0,741.0,User8,,
1489852065565,Mouse Moved,402.0,741.0,User8,,
1489852065585,Mouse Moved,405.0,742.0,User8,,
1489852065588,Mouse Moved,408.0,744.0,User8,,
1489852065598,Mouse Moved,409.0,745.0,User8,,
1489852065601,Mouse Moved,412.0,747.0,User8,,
1489852065608,Mouse Moved,413.0,747.0,User8,,
1489852065618,Mouse Moved,413.0,748.0,User8,,
1489852065621,Mouse Moved,415.0,749.0,User8,,
1489852065648,Mouse Moved,415.0,749.0,User8,,
1489852065651,Mouse Button.left Released,415.0,749.0,User8,,
1489852065665,Mouse Moved,421.0,749.0,User8,,
1489852065668,Mouse Moved,471.0,720.0,User8,,
1489852065670,Mouse Moved,537.0,672.0,User8,,
1489852065671,Mouse Moved,613.0,612.0,User8,,
1489852065765,Mouse Moved,700.0,545.0,User8,,
1489852065773,Mouse Moved,781.0,477.0,User8,,
1489852065782,Mouse Moved,875.0,381.0,User8,,
1489852065788,Mouse Moved,1079.0,129.0,User8,,
1489852065789,Mouse Moved,1358.0,0.0,User8,,
1489852065792,Mouse Moved,1350.0,6.0,User8,,
1489852065795,Mouse Moved,1342.0,14.0,User8,,
1489852065825,Mouse Moved,1338.0,18.0,User8,,
1489852065826,Mouse Moved,1335.0,22.0,User8,,
1489852065828,Mouse Moved,1332.0,26.0,User8,,
1489852065848,Mouse Moved,1330.0,28.0,User8,,
1489852065875,Mouse Moved,1329.0,28.0,User8,,
1489852065877,Mouse Moved,1329.0,26.0,User8,,
1489852065878,Mouse Moved,1331.0,25.0,User8,,
1489852065880,Mouse Moved,1331.0,21.0,User8,,
1489852065881,Mouse Moved,1331.0,20.0,User8,,
1489852065882,Mouse Moved,1331.0,19.0,User8,,
1489852065884,Mouse Moved,1330.0,18.0,User8,,
1489852065885,Mouse Moved,1328.0,17.0,User8,,
1489852065887,Mouse Moved,1327.0,16.0,User8,,
1489852065890,Mouse Moved,1324.0,15.0,User8,,
1489852065891,Mouse Moved,1321.0,14.0,User8,,
1489852065901,Mouse Moved,1317.0,13.0,User8,,
1489852065903,Mouse Moved,1315.0,11.0,User8,,
1489852065904,Mouse Moved,1315.0,11.0,User8,,
1489852065905,Mouse Button.left Released,1315.0,11.0,User8,,
1489852066282,Mouse Moved,1307.0,11.0,User8,,
1489852066283,Mouse Moved,1296.0,24.0,User8,,
1489852066286,Mouse Moved,1286.0,34.0,User8,,
1489852066288,Mouse Moved,1257.0,60.0,User8,,
1489852066289,Mouse Moved,1248.0,68.0,User8,,
1489852066298,Mouse Moved,1204.0,102.0,User8,,
1489852066303,Mouse Moved,1185.0,112.0,User8,,
1489852066305,Mouse Moved,1167.0,123.0,User8,,
1489852066311,Mouse Moved,1140.0,141.0,User8,,
1489852066312,Mouse Moved,1125.0,151.0,User8,,
1489852066313,Mouse Moved,1111.0,161.0,User8,,
1489852066335,Mouse Moved,1094.0,174.0,User8,,
1489852066344,Mouse Moved,1084.0,183.0,User8,,
1489852066345,Mouse Moved,1073.0,193.0,User8,,
1489852066346,Mouse Moved,1046.0,215.0,User8,,
1489852066348,Mouse Moved,1037.0,225.0,User8,,
1489852066351,Mouse Moved,1029.0,234.0,User8,,
1489852066361,Mouse Moved,1027.0,237.0,User8,,
1489852066747,Mouse Moved,663.0,370.0,User8,,
1489852066749,Mouse Moved,662.0,370.0,User8,,
1489852066792,Mouse Moved,648.0,380.0,User8,,
1489852066799,Mouse Moved,605.0,408.0,User8,,
1489852066802,Mouse Moved,544.0,452.0,User8,,
1489852066803,Mouse Moved,479.0,506.0,User8,,
1489852066808,Mouse Moved,459.0,539.0,User8,,
1489852066809,Mouse Moved,440.0,577.0,User8,,
1489852066854,Mouse Moved,431.0,600.0,User8,,
1489852066862,Mouse Moved,425.0,621.0,User8,,
1489852066864,Mouse Moved,418.0,641.0,User8,,
1489852066865,Mouse Moved,412.0,665.0,User8,,
1489852066867,Mouse Moved,409.0,679.0,User8,,
1489852066868,Mouse Moved,404.0,695.0,User8,,
1489852066869,Mouse Moved,398.0,714.0,User8,,
1489852066871,Mouse Moved,395.0,725.0,User8,,
1489852066872,Mouse Moved,394.0,731.0,User8,,
1489852066874,Mouse Moved,393.0,734.0,User8,,
1489852066884,Mouse Moved,391.0,737.0,User8,,
1489852066885,Mouse Moved,391.0,739.0,User8,,
1489852066888,Mouse Moved,391.0,738.0,User8,,
1489852066894,Mouse Moved,391.0,736.0,User8,,
1489852066901,Mouse Moved,393.0,733.0,User8,,
1489852066903,Mouse Moved,395.0,731.0,User8,,
1489852066907,Mouse Moved,396.0,729.0,User8,,
1489852066923,Mouse Moved,398.0,725.0,User8,,
1489852066938,Mouse Moved,398.0,724.0,User8,,
1489852066961,Mouse Moved,399.0,723.0,User8,,
1489852066980,Mouse Moved,400.0,723.0,User8,,
1489852066996,Mouse Moved,400.0,722.0,User8,,
1489852067003,Mouse Moved,400.0,721.0,User8,,
1489852067006,Mouse Moved,401.0,721.0,User8,,
1489852073223,Mouse Moved,683.0,581.0,User8,,
1489852073239,Mouse Moved,681.0,581.0,User8,,
1489852073253,Mouse Moved,671.0,581.0,User8,,
1489852073263,Mouse Moved,667.0,581.0,User8,,
1489852073269,Mouse Moved,663.0,581.0,User8,,
1489852073283,Mouse Moved,656.0,581.0,User8,,
1489852073285,Mouse Moved,653.0,581.0,User8,,
1489852073299,Mouse Moved,649.0,581.0,User8,,
1489852073315,Mouse Moved,641.0,581.0,User8,,
1489852073322,Mouse Moved,632.0,579.0,User8,,
1489852073334,Mouse Moved,621.0,576.0,User8,,
1489852073344,Mouse Moved,610.0,575.0,User8,,
1489852073345,Mouse Moved,601.0,574.0,User8,,
1489852073358,Mouse Moved,595.0,574.0,User8,,
1489852073361,Mouse Moved,587.0,572.0,User8,,
1489852073372,Mouse Moved,583.0,571.0,User8,,
1489852073374,Mouse Moved,580.0,571.0,User8,,
1489852073388,Mouse Moved,578.0,571.0,User8,,
1489852073403,Mouse Moved,572.0,570.0,User8,,
1489852073404,Mouse Moved,571.0,570.0,User8,,
1489852073417,Mouse Moved,569.0,570.0,User8,,
1489852073434,Mouse Moved,568.0,570.0,User8,,
1489852073463,Mouse Moved,566.0,569.0,User8,,
1489852074948,Mouse Moved,537.0,492.0,User8,,
1489852074963,Mouse Moved,479.0,350.0,User8,,
1489852074977,Mouse Moved,418.0,202.0,User8,,
1489852074993,Mouse Moved,382.0,65.0,User8,,
1489852075007,Mouse Moved,362.0,13.0,User8,,
1489852078029,Mouse Moved,161.0,0.0,User8,,
1489852078122,Mouse Moved,133.0,1.0,User8,1134.0,629.0
1489852078125,Mouse Moved,133.0,4.0,User8,,
1489852078131,Mouse Moved,133.0,6.0,User8,,
1489852078137,Mouse Moved,133.0,9.0,User8,,
1489852078142,Mouse Moved,133.0,10.0,User8,,
1489852078145,Mouse Moved,133.0,13.0,User8,,
1489852078154,Mouse Moved,133.0,17.0,User8,,
1489852078155,Mouse Moved,133.0,19.0,User8,,
1489852078157,Mouse Moved,133.0,23.0,User8,,
1489852078161,Mouse Moved,133.0,30.0,User8,,
1489852078164,Mouse Moved,133.0,34.0,User8,,
1489852078170,Mouse Moved,133.0,38.0,User8,,
1489852078176,Mouse Moved,133.0,40.0,User8,,
1489852078177,Mouse Moved,133.0,41.0,User8,,
1489852078178,Mouse Moved,133.0,42.0,User8,,
1489852078184,Mouse Moved,133.0,44.0,User8,,
1489852078188,Mouse Moved,133.0,45.0,User8,,
1489852078203,Mouse Moved,133.0,46.0,User8,,
1489852078207,Mouse Moved,133.0,49.0,User8,,
1489852078217,Mouse Moved,133.0,50.0,User8,,
1489852078220,Mouse Moved,134.0,52.0,User8,,
1489852078236,Mouse Moved,135.0,54.0,User8,,
1489852078240,Mouse Moved,135.0,55.0,User8,,
1489852078249,Mouse Moved,137.0,57.0,User8,,
1489852078263,Mouse Moved,137.0,59.0,User8,,
1489852078266,Mouse Moved,137.0,59.0,User8,,
1489852078278,Mouse Moved,137.0,60.0,User8,,
1489852078292,Mouse Moved,138.0,62.0,User8,,
1489852078295,Mouse Moved,138.0,63.0,User8,,
1489852078309,Mouse Moved,139.0,63.0,User8,,
1489852078549,Mouse Moved,139.0,65.0,User8,,
1489852078563,Mouse Moved,139.0,66.0,User8,,
1489852078578,Mouse Moved,139.0,68.0,User8,,
1489852078579,Mouse Moved,139.0,69.0,User8,,
1489852078594,Mouse Moved,139.0,71.0,User8,,
1489852078608,Mouse Moved,139.0,72.0,User8,,
1489852078622,Mouse Moved,139.0,72.0,User8,,
1489852078640,Mouse Moved,139.0,73.0,User8,,
1489852078641,Mouse Moved,139.0,74.0,User8,,
1489852078653,Mouse Moved,139.0,75.0,User8,,
1489852078654,Mouse Moved,139.0,77.0,User8,,
1489852078759,Mouse Moved,139.0,80.0,User8,,
1489852078789,Mouse Moved,139.0,86.0,User8,,
1489852078798,Mouse Moved,145.0,95.0,User8,,
1489852078799,Mouse Moved,150.0,101.0,User8,,
1489852078802,Mouse Moved,154.0,106.0,User8,,
1489852078803,Mouse Moved,159.0,112.0,User8,,
1489852078818,Mouse Moved,166.0,117.0,User8,,
1489852078819,Mouse Moved,171.0,122.0,User8,,
1489852078835,Mouse Moved,182.0,127.0,User8,,
1489852078880,Mouse Moved,204.0,139.0,User8,,
1489852078885,Mouse Moved,231.0,150.0,User8,,
1489852078892,Mouse Moved,237.0,153.0,User8,,
1489852078898,Mouse Moved,241.0,154.0,User8,,
1489852078900,Mouse Moved,243.0,154.0,User8,,
1489852078908,Mouse Moved,245.0,156.0,User8,,
1489852079171,Mouse Moved,299.0,191.0,User8,,
1489852079183,Mouse Moved,315.0,187.0,User8,,
1489852079197,Mouse Moved,326.0,187.0,User8,,
1489852079198,Mouse Moved,336.0,186.0,User8,,
1489852079209,Mouse Moved,348.0,186.0,User8,,
1489852079223,Mouse Moved,359.0,186.0,User8,,
1489852079224,Mouse Moved,371.0,185.0,User8,,
1489852079237,Mouse Moved,382.0,181.0,User8,,
1489852079239,Mouse Moved,391.0,180.0,User8,,
1489852079253,Mouse Moved,397.0,179.0,User8,,
1489852079269,Mouse Moved,405.0,177.0,User8,,
1489852079283,Mouse Moved,405.0,176.0,User8,,
1489852079299,Mouse Moved,406.0,176.0,User8,,
1489852079306,Mouse Moved,408.0,173.0,User8,,
1489852079312,Mouse Moved,409.0,170.0,User8,,
1489852079313,Mouse Moved,409.0,167.0,User8,,
1489852079328,Mouse Moved,411.0,163.0,User8,,
1489852079344,Mouse Moved,411.0,161.0,User8,,
1489852079351,Mouse Moved,411.0,158.0,User8,,
1489852079359,Mouse Moved,412.0,155.0,User8,,
1489852079361,Mouse Moved,412.0,154.0,User8,,
1489852079372,Mouse Moved,412.0,152.0,User8,,
1489852079374,Mouse Moved,412.0,151.0,User8,,
1489852079388,Mouse Moved,412.0,150.0,User8,,
1489852079390,Mouse Moved,412.0,149.0,User8,,
1489852079404,Mouse Moved,412.0,147.0,User8,,
1489852079407,Mouse Moved,412.0,145.0,User8,,
1489852079418,Mouse Moved,412.0,144.0,User8,,
1489852079628,Mouse Moved,412.0,141.0,User8,,
1489852079630,Mouse Moved,412.0,136.0,User8,,
1489852079653,Mouse Moved,412.0,122.0,User8,,
1489852079658,Mouse Moved,412.0,109.0,User8,,
1489852079674,Mouse Moved,412.0,99.0,User8,,
1489852079688,Mouse Moved,413.0,95.0,User8,,
1489852079703,Mouse Moved,415.0,91.0,User8,,
1489852079704,Mouse Moved,415.0,86.0,User8,,
1489852079719,Mouse Moved,416.0,84.0,User8,,
1489852079724,Mouse Moved,416.0,82.0,User8,,
1489852079733,Mouse Moved,416.0,79.0,User8,,
1489852079734,Mouse Moved,416.0,77.0,User8,,
1489852079749,Mouse Moved,416.0,76.0,User8,,
1489852079750,Mouse Moved,417.0,74.0,User8,,
1489852079763,Mouse Moved,417.0,73.0,User8,,
1489852079766,Mouse Moved,417.0,72.0,User8,,
1489852079778,Mouse Moved,417.0,71.0,User8,,
1489852079913,Mouse Moved,417.0,72.0,User8,,
1489852079915,Mouse Moved,417.0,82.0,User8,,
1489852079921,Mouse Moved,417.0,85.0,User8,,
1489852079928,Mouse Moved,416.0,89.0,User8,,
1489852079944,Mouse Moved,416.0,92.0,User8,,
1489852079946,Mouse Moved,416.0,97.0,User8,,
1489852079957,Mouse Moved,415.0,101.0,User8,,
1489852079960,Mouse Moved,414.0,106.0,User8,,
1489852079973,Mouse Moved,413.0,113.0,User8,,
1489852079977,Mouse Moved,412.0,123.0,User8,,
1489852079987,Mouse Moved,408.0,135.0,User8,,
1489852079989,Mouse Moved,403.0,155.0,User8,,
1489852080003,Mouse Moved,395.0,184.0,User8,,
1489852080017,Mouse Moved,369.0,271.0,User8,,
1489852080022,Mouse Moved,354.0,328.0,User8,,
1489852080032,Mouse Moved,336.0,380.0,User8,,
1489852080042,Mouse Moved,315.0,429.0,User8,,
1489852080048,Mouse Moved,293.0,479.0,User8,,
1489852080065,Mouse Moved,273.0,526.0,User8,,
1489852080066,Mouse Moved,259.0,557.0,User8,,
1489852080078,Mouse Moved,248.0,583.0,User8,,
1489852080082,Mouse Moved,242.0,598.0,User8,,
1489852080094,Mouse Moved,237.0,608.0,User8,,
1489852080095,Mouse Moved,233.0,615.0,User8,,
1489852080108,Mouse Moved,233.0,616.0,User8,,
1489852080109,Mouse Moved,230.0,619.0,User8,,
1489852080125,Mouse Moved,230.0,620.0,User8,,
1489852080128,Mouse Moved,229.0,620.0,User8,,
1489852080138,Mouse Moved,229.0,621.0,User8,,
1489852080257,Mouse Moved,230.0,619.0,User8,,
1489852080273,Mouse Moved,231.0,615.0,User8,,
1489852080289,Mouse Moved,236.0,607.0,User8,,
1489852080311,Mouse Moved,239.0,600.0,User8,,
1489852080319,Mouse Moved,246.0,577.0,User8,,
1489852080334,Mouse Moved,255.0,542.0,User8,,
1489852080338,Mouse Moved,257.0,521.0,User8,,
1489852080348,Mouse Moved,260.0,503.0,User8,,
1489852080365,Mouse Moved,266.0,462.0,User8,,
1489852080391,Mouse Moved,271.0,413.0,User8,,
1489852080400,Mouse Moved,271.0,394.0,User8,,
1489852080401,Mouse Moved,271.0,370.0,User8,,
1489852080407,Mouse Moved,271.0,361.0,User8,,
1489852080451,Mouse Moved,272.0,357.0,User8,,
1489852080487,Mouse Moved,272.0,352.0,User8,,
1489852080490,Mouse Moved,273.0,349.0,User8,,
1489852080769,Mouse Moved,284.0,341.0,User8,,
1489852080785,Mouse Moved,355.0,331.0,User8,,
1489852080799,Mouse Moved,441.0,322.0,User8,,
1489852080813,Mouse Moved,483.0,318.0,User8,,
1489852080815,Mouse Moved,508.0,310.0,User8,,
1489852080828,Mouse Moved,543.0,300.0,User8,,
1489852080842,Mouse Moved,613.0,271.0,User8,,
1489852080851,Mouse Moved,654.0,256.0,User8,,
1489852080858,Mouse Moved,695.0,241.0,User8,,
1489852080859,Mouse Moved,720.0,233.0,User8,,
1489852080917,Mouse Moved,782.0,215.0,User8,,
1489852080933,Mouse Moved,789.0,213.0,User8,,
1489852080948,Mouse Moved,790.0,212.0,User8,,
1489852080950,Mouse Moved,791.0,212.0,User8,,
1489852080963,Mouse Moved,791.0,211.0,User8,,
1489852080977,Mouse Moved,793.0,211.0,User8,,
1489852080993,Mouse Moved,794.0,211.0,User8,,
1489852080994,Mouse Moved,795.0,211.0,User8,,
1489852081009,Mouse Moved,796.0,211.0,User8,,
1489852081039,Mouse Moved,798.0,211.0,User8,,
1489852081040,Mouse Moved,799.0,210.0,User8,,
1489852081055,Mouse Moved,802.0,208.0,User8,,
1489852081069,Mouse Moved,814.0,200.0,User8,,
1489852081084,Mouse Moved,827.0,190.0,User8,,
1489852081085,Mouse Moved,832.0,188.0,User8,,
1489852081098,Mouse Moved,836.0,186.0,User8,,
1489852081107,Mouse Moved,842.0,183.0,User8,,
1489852081114,Mouse Moved,849.0,181.0,User8,,
1489852081115,Mouse Moved,858.0,178.0,User8,,
1489852081134,Mouse Moved,866.0,173.0,User8,,
1489852081144,Mouse Moved,880.0,169.0,User8,,
1489852081158,Mouse Moved,883.0,168.0,User8,,
1489852081160,Mouse Moved,887.0,167.0,User8,,
1489852081174,Mouse Moved,890.0,166.0,User8,,
1489852081188,Mouse Moved,894.0,164.0,User8,,
1489852081190,Mouse Moved,895.0,164.0,User8,,
1489852081384,Mouse Moved,892.0,164.0,User8,,
1489852081398,Mouse Moved,886.0,164.0,User8,,
1489852081414,Mouse Moved,863.0,165.0,User8,,
1489852081428,Mouse Moved,811.0,160.0,User8,,
1489852081434,Mouse Moved,766.0,155.0,User8,,
1489852081443,Mouse Moved,724.0,149.0,User8,,
1489852081444,Mouse Moved,676.0,142.0,User8,,
1489852081457,Mouse Moved,629.0,136.0,User8,,
1489852081459,Mouse Moved,573.0,126.0,User8,,
1489852081473,Mouse Moved,476.0,113.0,User8,,
1489852081489,Mouse Moved,426.0,105.0,User8,,
1489852081503,Mouse Moved,324.0,86.0,User8,,
1489852081517,Mouse Moved,276.0,76.0,User8,,
1489852081523,Mouse Moved,238.0,72.0,User8,,
1489852081532,Mouse Moved,203.0,64.0,User8,,
1489852081540,Mouse Moved,181.0,59.0,User8,,
1489852081548,Mouse Moved,164.0,57.0,User8,,
1489852081549,Mouse Moved,153.0,55.0,User8,,
1489852081562,Mouse Moved,147.0,55.0,User8,,
1489852081565,Mouse Moved,142.0,54.0,User8,,
1489852081578,Mouse Moved,139.0,53.0,User8,,
1489852081582,Mouse Moved,137.0,53.0,User8,,
1489852081592,Mouse Moved,135.0,53.0,User8,,
1489852081601,Mouse Moved,134.0,53.0,User8,,
1489852081608,Mouse Moved,133.0,53.0,User8,,
1489852081624,Mouse Moved,130.0,53.0,User8,,
1489852081627,Mouse Moved,128.0,53.0,User8,,
1489852081641,Mouse Moved,124.0,53.0,User8,,
1489852081647,Mouse Moved,120.0,53.0,User8,,
1489852081654,Mouse Moved,116.0,53.0,User8,,
1489852081660,Mouse Moved,109.0,53.0,User8,,
1489852081668,Mouse Moved,105.0,53.0,User8,,
1489852081684,Mouse Moved,98.0,53.0,User8,,
1489852081687,Mouse Moved,97.0,53.0,User8,,
1489852081697,Mouse Moved,96.0,52.0,User8,,
1489852081802,Mouse Moved,96.0,51.0,User8,,
1489852081803,Mouse Moved,97.0,51.0,User8,,
1489852081808,Mouse Moved,103.0,51.0,User8,,
1489852081816,Mouse Moved,109.0,51.0,User8,,
1489852081819,Mouse Moved,113.0,52.0,User8,,
1489852081835,Mouse Moved,120.0,56.0,User8,,
1489852081844,Mouse Moved,125.0,59.0,User8,,
1489852081851,Mouse Moved,127.0,59.0,User8,,
1489852081862,Mouse Moved,129.0,60.0,User8,,
1489852081880,Mouse Moved,130.0,61.0,User8,,
1489852081892,Mouse Moved,131.0,61.0,User8,,
1489852081940,Mouse Moved,134.0,63.0,User8,,
1489852081953,Mouse Moved,135.0,63.0,User8,,
1489852081969,Mouse Moved,135.0,64.0,User8,,
1489852081999,Mouse Moved,137.0,64.0,User8,,
1489852082013,Mouse Moved,138.0,64.0,User8,,
1489852082163,Mouse Moved,138.0,64.0,User8,,
1489852082167,Mouse Button.left Pressed,138.0,64.0,User8,,
1489852082259,Mouse Moved,138.0,64.0,User8,,
1489852082408,Mouse Moved,146.0,70.0,User8,,
1489852082437,Mouse Moved,155.0,83.0,User8,,
1489852082438,Mouse Moved,167.0,98.0,User8,,
1489852082440,Mouse Moved,178.0,110.0,User8,,
1489852082443,Mouse Moved,193.0,127.0,User8,,
1489852082444,Mouse Moved,207.0,142.0,User8,,
1489852082446,Mouse Moved,221.0,160.0,User8,,
1489852082456,Mouse Moved,233.0,174.0,User8,,
1489852082461,Mouse Moved,244.0,186.0,User8,,
1489852082464,Mouse Moved,259.0,202.0,User8,,
1489852082628,Mouse Moved,267.0,211.0,User8,,
1489852082766,Mouse Moved,275.0,218.0,User8,,
1489852082767,Mouse Moved,280.0,226.0,User8,,
1489852082769,Mouse Moved,285.0,233.0,User8,,
1489852083190,Mouse Moved,286.0,237.0,User8,,
1489852083209,Mouse Moved,286.0,240.0,User8,,
1489852083223,Mouse Moved,286.0,241.0,User8,,
1489852083226,Mouse Moved,286.0,243.0,User8,,
1489852083243,Mouse Moved,286.0,244.0,User8,,
1489852083249,Mouse Moved,286.0,246.0,User8,,
1489852083293,Mouse Moved,286.0,247.0,User8,,
1489852083296,Mouse Moved,286.0,249.0,User8,,
1489852083303,Mouse Moved,286.0,250.0,User8,,
1489852083338,Mouse Moved,286.0,252.0,User8,,
1489852084211,Mouse Moved,286.0,252.0,User8,,
1489852084223,Mouse Scrolled (0 -1),286.0,252.0,User8,,
1489852084910,Mouse Moved,286.0,252.0,User8,,
1489852085072,Mouse Scrolled (0 -1),286.0,252.0,User8,,
1489852085078,Mouse Moved,286.0,252.0,User8,,
1489852085243,Mouse Scrolled (0 -1),286.0,252.0,User8,,
1489852085246,Mouse Moved,286.0,252.0,User8,,
1489852085395,Mouse Moved,286.0,252.0,User8,,
1489852085397,Mouse Scrolled (0 -1),286.0,252.0,User8,,
1489852085551,Mouse Moved,286.0,252.0,User8,,
1489852085707,Mouse Scrolled (0 -1),286.0,252.0,User8,,
1489852086769,Mouse Moved,286.0,252.0,User8,,
1489852086770,Mouse Scrolled (0 1),286.0,252.0,User8,,
1489852087839,Mouse Moved,286.0,252.0,User8,,
1489852087861,Mouse Moved,286.0,252.0,User8,,
1489852087862,Mouse Scrolled (0 1),286.0,252.0,User8,,
1489852087914,Mouse Moved,286.0,252.0,User8,,
1489852088025,Mouse Scrolled (0 1),286.0,252.0,User8,,
1489852088368,Mouse Moved,288.0,238.0,User8,,
1489852088371,Mouse Moved,295.0,211.0,User8,,
1489852088404,Mouse Moved,299.0,203.0,User8,,
1489852088407,Mouse Moved,301.0,199.0,User8,,
1489852088414,Mouse Moved,302.0,194.0,User8,,
1489852088417,Mouse Moved,303.0,191.0,User8,,
1489852088448,Mouse Moved,304.0,187.0,User8,,
1489852088506,Mouse Moved,305.0,183.0,User8,,
1489852088516,Mouse Moved,306.0,181.0,User8,,
1489852088717,Mouse Moved,306.0,178.0,User8,,
1489852088720,Mouse Moved,307.0,176.0,User8,,
1489852088721,Mouse Moved,308.0,175.0,User8,,
1489852088769,Mouse Moved,308.0,174.0,User8,,
1489852088790,Mouse Moved,308.0,176.0,User8,,
1489852088792,Mouse Moved,308.0,183.0,User8,,
1489852088798,Mouse Moved,308.0,188.0,User8,,
1489852088799,Mouse Moved,308.0,193.0,User8,,
1489852088802,Mouse Moved,308.0,201.0,User8,,
1489852088803,Mouse Moved,308.0,220.0,User8,,
1489852088805,Mouse Moved,308.0,224.0,User8,,
1489852088861,Mouse Moved,308.0,231.0,User8,,
1489852088868,Mouse Moved,308.0,238.0,User8,,
1489852088880,Mouse Moved,308.0,245.0,User8,,
1489852088881,Mouse Moved,308.0,250.0,User8,,
1489852088888,Mouse Moved,308.0,265.0,User8,,
1489852089035,Mouse Moved,308.0,272.0,User8,,
1489852089059,Mouse Moved,308.0,277.0,User8,,
1489852089061,Mouse Moved,308.0,289.0,User8,,
1489852089069,Mouse Moved,308.0,294.0,User8,,
1489852089071,Mouse Moved,308.0,299.0,User8,,
1489852089072,Mouse Moved,308.0,306.0,User8,,
1489852089075,Mouse Moved,308.0,313.0,User8,,
1489852089076,Mouse Moved,308.0,317.0,User8,,
1489852089078,Mouse Moved,308.0,319.0,User8,,
1489852089079,Mouse Moved,308.0,324.0,User8,,
1489852089081,Mouse Moved,308.0,325.0,User8,,
1489852089170,Mouse Moved,308.0,326.0,User8,,
1489852089302,Mouse Moved,308.0,327.0,User8,,
1489852089523,Mouse Moved,308.0,329.0,User8,,
1489852089772,Mouse Moved,308.0,330.0,User8,,
1489852089773,Mouse Moved,308.0,331.0,User8,,
1489852089776,Mouse Moved,308.0,332.0,User8,,
1489852089778,Mouse Moved,304.0,355.0,User8,,
1489852089779,Mouse Moved,296.0,377.0,User8,,
1489852089780,Mouse Moved,295.0,389.0,User8,,
1489852089782,Mouse Moved,297.0,376.0,User8,,
1489852089792,Mouse Moved,300.0,357.0,User8,,
1489852089796,Mouse Moved,302.0,353.0,User8,,
1489852089798,Mouse Moved,304.0,347.0,User8,,
1489852089799,Mouse Moved,305.0,341.0,User8,,
1489852089801,Mouse Moved,306.0,338.0,User8,,
1489852089802,Mouse Moved,307.0,336.0,User8,,
1489852089805,Mouse Moved,308.0,335.0,User8,,
1489852089913,Mouse Moved,308.0,335.0,User8,,
1489852089979,Mouse Button.left Pressed,308.0,335.0,User8,,
1489852090052,Mouse Moved,308.0,335.0,User8,,
1489852090292,Mouse Button.left Released,308.0,335.0,User8,,
1489852091306,Mouse Moved,308.0,334.0,User8,,
1489852091394,Mouse Moved,304.0,345.0,User8,,
1489852091404,Mouse Moved,300.0,356.0,User8,,
1489852091410,Mouse Moved,295.0,379.0,User8,,
1489852091486,Mouse Moved,295.0,391.0,User8,,
1489852091512,Mouse Moved,295.0,404.0,User8,,
1489852091513,Mouse Moved,297.0,435.0,User8,,
1489852091515,Mouse Moved,308.0,478.0,User8,,
1489852091516,Mouse Moved,314.0,500.0,User8,,
1489852091763,Mouse Moved,321.0,524.0,User8,,
1489852091790,Mouse Moved,326.0,539.0,User8,,
1489852091793,Mouse Moved,329.0,544.0,User8,,
1489852091796,Mouse Moved,331.0,547.0,User8,,
1489852091798,Mouse Moved,336.0,549.0,User8,,
1489852091799,Mouse Moved,338.0,546.0,User8,,
1489852092473,Mouse Moved,339.0,541.0,User8,,
1489852092476,Mouse Moved,339.0,533.0,User8,,
1489852092494,Mouse Moved,339.0,529.0,User8,,
1489852092496,Mouse Moved,339.0,525.0,User8,,
1489852092497,Mouse Moved,338.0,515.0,User8,,
1489852092499,Mouse Moved,336.0,509.0,User8,,
1489852092506,Mouse Moved,333.0,503.0,User8,,
1489852092507,Mouse Moved,331.0,499.0,User8,,
1489852092509,Mouse Moved,329.0,497.0,User8,,
1489852092512,Mouse Moved,323.0,491.0,User8,,
1489852092513,Mouse Moved,321.0,489.0,User8,,
1489852092515,Mouse Moved,308.0,479.0,User8,,
1489852092565,Mouse Moved,302.0,473.0,User8,,
1489852092742,Mouse Moved,300.0,473.0,User8,,
1489852092786,Mouse Moved,296.0,469.0,User8,,
1489852092812,Mouse Moved,294.0,469.0,User8,,
1489852092819,Mouse Moved,294.0,468.0,User8,,
1489852092851,Mouse Moved,292.0,467.0,User8,,
1489852092894,Mouse Moved,291.0,467.0,User8,,
1489852093276,Mouse Moved,290.0,466.0,User8,,
1489852093342,Mouse Moved,289.0,466.0,User8,,
1489852093687,Mouse Moved,288.0,466.0,User8,,
1489852093746,Mouse Moved,287.0,466.0,User8,,
1489852093773,Mouse Moved,285.0,466.0,User8,,
1489852093776,Mouse Moved,284.0,466.0,User8,,
1489852093778,Mouse Moved,282.0,466.0,User8,,
1489852093779,Mouse Moved,280.0,466.0,User8,,
1489852093780,Mouse Moved,276.0,467.0,User8,,
1489852093782,Mouse Moved,274.0,468.0,User8,,
1489852093792,Mouse Moved,272.0,470.0,User8,,
1489852093813,Mouse Moved,271.0,471.0,User8,,
1489852093835,Mouse Moved,270.0,472.0,User8,,
1489852094073,Mouse Moved,270.0,473.0,User8,,
1489852094157,Mouse Moved,272.0,474.0,User8,,
1489852094619,Mouse Moved,272.0,475.0,User8,,
1489852094802,Mouse Moved,273.0,475.0,User8,,
1489852094809,Mouse Moved,273.0,476.0,User8,,
1489852094811,Mouse Moved,274.0,476.0,User8,,
1489852094812,Mouse Moved,276.0,477.0,User8,,
1489852094813,Mouse Moved,279.0,482.0,User8,,
1489852094815,Mouse Moved,282.0,487.0,User8,,
1489852094816,Mouse Moved,285.0,493.0,User8,,
1489852094818,Mouse Moved,286.0,497.0,User8,,
1489852094848,Mouse Moved,286.0,499.0,User8,,
1489852094947,Mouse Moved,288.0,503.0,User8,,
1489852095002,Mouse Moved,289.0,505.0,User8,,
1489852095075,Mouse Moved,290.0,506.0,User8,,
1489852095079,Mouse Moved,290.0,508.0,User8,,
1489852095085,Mouse Moved,291.0,510.0,User8,,
1489852095122,Mouse Moved,292.0,513.0,User8,,
1489852095124,Mouse Moved,293.0,513.0,User8,,
1489852095125,Mouse Moved,293.0,514.0,User8,,
1489852095127,Mouse Moved,295.0,519.0,User8,,
1489852095128,Mouse Moved,295.0,520.0,User8,,
1489852095130,Mouse Moved,296.0,523.0,User8,,
1489852095131,Mouse Moved,296.0,525.0,User8,,
1489852095167,Mouse Moved,297.0,525.0,User8,,
1489852095168,Mouse Moved,297.0,526.0,User8,,
1489852095170,Mouse Moved,297.0,528.0,User8,,
1489852095180,Mouse Moved,298.0,528.0,User8,,
1489852095184,Mouse Moved,298.0,529.0,User8,,
1489852095216,Mouse Moved,298.0,530.0,User8,,
1489852095233,Mouse Moved,298.0,531.0,User8,,
1489852095257,Mouse Moved,299.0,533.0,User8,,
1489852095266,Mouse Moved,299.0,534.0,User8,,
1489852095267,Mouse Moved,300.0,535.0,User8,,
1489852095269,Mouse Moved,300.0,536.0,User8,,
1489852095270,Mouse Moved,300.0,537.0,User8,,
1489852095272,Mouse Moved,301.0,538.0,User8,,
1489852095273,Mouse Moved,301.0,540.0,User8,,
1489852095275,Mouse Moved,301.0,541.0,User8,,
1489852095276,Mouse Moved,301.0,542.0,User8,,
1489852095301,Mouse Moved,301.0,542.0,User8,,
1489852095305,Mouse Button.left Pressed,301.0,542.0,User8,,
1489852095312,Mouse Moved,301.0,542.0,User8,,
1489852095318,Mouse Button.left Released,301.0,542.0,User8,,
1489852096493,Mouse Moved,302.0,544.0,User8,,
1489852096743,Mouse Moved,300.0,544.0,User8,,
1489852096744,Mouse Moved,297.0,544.0,User8,,
1489852097164,Mouse Moved,286.0,518.0,User8,,
1489852097165,Mouse Moved,282.0,512.0,User8,,
1489852097167,Mouse Moved,276.0,504.0,User8,,
1489852097168,Mouse Moved,269.0,494.0,User8,,
1489852097171,Mouse Moved,261.0,473.0,User8,,
1489852097197,Mouse Moved,246.0,421.0,User8,,
1489852097200,Mouse Moved,218.0,339.0,User8,,
1489852097210,Mouse Moved,197.0,299.0,User8,,
1489852097267,Mouse Moved,179.0,265.0,User8,,
1489852097420,Mouse Moved,161.0,233.0,User8,,
1489852097431,Mouse Moved,147.0,199.0,User8,,
1489852097443,Mouse Moved,136.0,176.0,User8,,
1489852097448,Mouse Moved,124.0,155.0,User8,,
1489852097450,Mouse Moved,110.0,131.0,User8,,
1489852097453,Mouse Moved,88.0,98.0,User8,,
1489852097454,Mouse Moved,82.0,85.0,User8,,
1489852097467,Mouse Moved,80.0,84.0,User8,,
1489852097469,Mouse Moved,79.0,83.0,User8,,
1489852097769,Mouse Moved,84.0,89.0,User8,,
1489852097775,Mouse Moved,90.0,97.0,User8,,
1489852097782,Mouse Moved,95.0,105.0,User8,,
1489852097783,Mouse Moved,99.0,111.0,User8,,
1489852097785,Mouse Moved,106.0,117.0,User8,,
1489852097788,Mouse Moved,111.0,122.0,User8,,
1489852097790,Mouse Moved,119.0,128.0,User8,,
1489852097792,Mouse Moved,127.0,135.0,User8,,
1489852097793,Mouse Moved,144.0,151.0,User8,,
1489852098430,Mouse Moved,168.0,170.0,User8,,
1489852098431,Mouse Moved,195.0,198.0,User8,,
1489852098437,Mouse Moved,202.0,207.0,User8,,
