{
  "n": [
    1,
    2,
    3,
    4,
    5,
    6,
    7,
    8,
    9,
    10,
    11,
    12,
    13,
    14,
    15,
    16,
    17,
    18,
    19,
    20,
    21,
    22,
    23,
    24,
    25,
    26,
    27,
    28,
    29,
    30
  ],
  "avg_eer": [
    0.12622457212538904,
    0.09470154279965612,
    0.08292629356604937,
    0.06666295191401254,
    0.05834954570342969,
    0.05732259623668638,
    0.04947499019266625,
    0.046970379223605155,
    0.030552683436362138,
    0.02465612437106207,
    0.012592209103760677,
    0.012591498510206783,
    0.007583910922306444,
    0.007402597402649919,
    0.006929824561503639,
    0.009259259259348711,
    0.006958849113269922,
    0.007437070938181344,
    0.004159519725774375,
    0.004366397722057389,
    0.004904306220275892,
    0.0023255813954235404,
    0.0025641025641637777,
    0.006226053639877253,
    0.00285714285720278,
    0.002941176470630065,
    0.0030303030303402085,
    0.0034482758621572915,
    0.007407407407512704,
    0.0038461538462122745
  ],
  "avg_auc": [
    0.9397801735729366,
    0.9636564623702043,
    0.9723115345955804,
    0.9783978352921672,
    0.9820315519097311,
    0.9829770672560019,
    0.985672156310198,
    0.9884244014030514,
    0.9920388918635259,
    0.9933639533162821,
    0.9958521363653009,
    0.9962023466315608,
    0.9982326886250883,
    0.9983527966286587,
    0.9987398329503593,
    0.9987363834422658,
    0.999192034077622,
    0.99891353243756,
    0.9992363870747791,
    0.9992433385314259,
    0.999409662359801,
    0.9997416020671835,
    0.9997150997150996,
    0.9994758407833121,
    0.9996428571428572,
    0.9994117647058823,
    0.9993939393939394,
    0.9993103448275862,
    0.9985185185185184,
    0.9992307692307693
  ]
}