{
    "n": [
      1,
      2,
      3,
      4,
      5
    ],
    "avg_eer": [
      0.15975736228728496,
      0.12723522498965223,
      0.05311897133311897,
      0.0388235294118633,
      0.03758898908396256
    ],
    "avg_auc": [
      0.8957960076962967,
      0.9384529594905194,
      0.9715478071597484,
      0.979081854964208,
      0.9723099871177707
    ]
  }