{
  "n": [
    1,
    2,
    3,
    4,
    5,
    6,
    7,
    8,
    9,
    10,
    11,
    12,
    13,
    14,
    15,
    16,
    17,
    18,
    19,
    20,
    21,
    22,
    23,
    24,
    25,
    26,
    27,
    28,
    29,
    30
  ],
  "avg_eer": [
    0.2726051739021039,
    0.2455288611049856,
    0.2268653643206524,
    0.22177363857068869,
    0.20919190464237247,
    0.2050440482386673,
    0.2012464323537726,
    0.19585149708162397,
    0.18997044174277564,
    0.1815801588506325,
    0.18450424388188763,
    0.1784955829406522,
    0.16686009946432762,
    0.16960738585199517,
    0.16600844577364476,
    0.15697680535549458,
    0.14805377094434694,
    0.1397039356551734,
    0.133650704920583,
    0.12916424421768785,
    0.12440801092593164,
    0.12428638555733544,
    0.10893336045647932,
    0.1094502982142896,
    0.09115251831237392,
    0.07568825295230472,
    0.06663986791528412,
    0.056286286074658465,
    0.05511465290435197,
    0.0467745343611739
  ],
  "avg_auc": [
    0.8092689567036608,
    0.83956608961877,
    0.8554310813204866,
    0.8662413451162619,
    0.873639495011564,
    0.8769096428948208,
    0.8821807604219736,
    0.8872981023030354,
    0.8921827501360025,
    0.898490323171196,
    0.9007488928604273,
    0.9049601254823079,
    0.9102089287391333,
    0.9106460829229552,
    0.9162413572018178,
    0.9210721999022591,
    0.9221960765906012,
    0.928062960819258,
    0.9329650200838682,
    0.9391801530943382,
    0.9401256264482823,
    0.9425745073244698,
    0.9518548313323795,
    0.9532327550653413,
    0.9605776311961776,
    0.9668937972235447,
    0.971484530175754,
    0.974596421654279,
    0.9746525702912132,
    0.9807154239829547
  ]
}