{
  "n": [
    1,
    2,
    3,
    4,
    5,
    6,
    7,
    8,
    9,
    10,
    11,
    12,
    13,
    14,
    15,
    16,
    17,
    18,
    19,
    20,
    21,
    22,
    23,
    24,
    25,
    26,
    27,
    28,
    29,
    30,
    31,
    32,
    33,
    34,
    35,
    36,
    37,
    38,
    39,
    40,
    41,
    42,
    43,
    44,
    45,
    46,
    47,
    48,
    49,
    50,
    51,
    52,
    53,
    54,
    55,
    56,
    57,
    58,
    59,
    60,
    61,
    62,
    63,
    64,
    65,
    66,
    67,
    68,
    69,
    70,
    71,
    72,
    73,
    74,
    75,
    76,
    77,
    78,
    79,
    80,
    81,
    82,
    83,
    84,
    85,
    86,
    87,
    88,
    89,
    90,
    91,
    92,
    93,
    94,
    95,
    96,
    97,
    98,
    99,
    100
  ],
  "avg_eer": [
    0.22490451628551184,
    0.2037961856275488,
    0.18949408078132673,
    0.1809438374137799,
    0.17507618763732613,
    0.16450106119823857,
    0.16247235808008814,
    0.16260193136305218,
    0.15888480905348787,
    0.15427006001286275,
    0.14945464435409753,
    0.15662417275203236,
    0.15863262429384234,
    0.1480025292900447,
    0.14289863113580845,
    0.1455989198224791,
    0.14132684369036003,
    0.14508448167880408,
    0.1352921433313564,
    0.1324357920471185,
    0.13923081615722435,
    0.1327327373957416,
    0.13332841366267095,
    0.14224717134221948,
    0.12672363197747022,
    0.12533701860418153,
    0.12546906934951302,
    0.12871462415609675,
    0.1279928707008753,
    0.12310228799691689,
    0.12632265378049395,
    0.1213567454380818,
    0.12052023308508453,
    0.1252480183630079,
    0.12772630549579717,
    0.11932573191491616,
    0.1102202456870038,
    0.12140716848277484,
    0.12391972343294104,
    0.12240556582333377,
    0.12517235107696395,
    0.1318746149181548,
    0.11963330283440717,
    0.11647536583062341,
    0.12455761715540803,
    0.11889836180613975,
    0.12442547901688765,
    0.12024628317442498,
    0.11166976321512079,
    0.11321675292553195,
    0.11375892027553117,
    0.11367020931635141,
    0.10513250514819357,
    0.11457595948378134,
    0.1174058392523,
    0.11976395610935978,
    0.1214871273713269,
    0.1166174582798623,
    0.11931623931636474,
    0.10714035087740004,
    0.10714035087730758,
    0.10726876574806829,
    0.1065782353444789,
    0.11309842663335294,
    0.10949344188148932,
    0.10673827830548852,
    0.11577973497081895,
    0.1160901292336503,
    0.10909065433656526,
    0.11375487900074696,
    0.1122652575112146,
    0.11343173963159396,
    0.11458253394911622,
    0.1178647507906653,
    0.12036992662262547,
    0.11884562406317985,
    0.11878615335230318,
    0.11620182968988917,
    0.12292920999819441,
    0.11478411938946827,
    0.10486425349637207,
    0.10242622157716123,
    0.11023165144152466,
    0.10664693550402735,
    0.1114531263888487,
    0.11742155149466602,
    0.10563872515649979,
    0.11788362311544623,
    0.1190580551525116,
    0.12048896481698383,
    0.12048896481698383,
    0.11837289263566983,
    0.1169287696581002,
    0.09753697289616574,
    0.09747427328369704,
    0.09520154601089671,
    0.09964818632692488,
    0.09737545905407392,
    0.09737545905420938,
    0.09973339668468288
  ],
  "avg_auc": [
    0.8378927477594408,
    0.8562135035461125,
    0.8664875780820042,
    0.8738185630935608,
    0.8790281299445788,
    0.8816724540760525,
    0.8865195924581839,
    0.8863788616454507,
    0.887779776850282,
    0.8902218767139136,
    0.8929313840255251,
    0.8922915680323656,
    0.8916582733070191,
    0.8941520391783857,
    0.897561949085285,
    0.8957344267362476,
    0.8942542852475107,
    0.8968732308928875,
    0.8963807682527751,
    0.9007669583309642,
    0.8980529369483738,
    0.9006045330972414,
    0.8989731973673571,
    0.8966927103655881,
    0.9014281149288236,
    0.8986757791286383,
    0.9013562068585059,
    0.9003599259856813,
    0.9000990344985544,
    0.9007914492067786,
    0.9009424796807262,
    0.9012198761710206,
    0.903440763531697,
    0.9001594351387865,
    0.9006494515048953,
    0.9030084790192564,
    0.9068179730351196,
    0.9016343362097912,
    0.902271642658506,
    0.9071611110369051,
    0.9040786681550712,
    0.9006815379552107,
    0.9047433693067675,
    0.9018436242600849,
    0.8976484288591928,
    0.9021558517382358,
    0.9034951598400074,
    0.9029962309130338,
    0.9015961506356638,
    0.9032269800669537,
    0.9032093039591785,
    0.9044621565920309,
    0.9018824227788473,
    0.9033324588175612,
    0.9034533194089406,
    0.9019321904111062,
    0.8981634588133304,
    0.9035513849294337,
    0.9012118272118272,
    0.904491815123394,
    0.9025131070920545,
    0.9070874620382628,
    0.9089648998769648,
    0.9082726302491244,
    0.9111686368646135,
    0.9116304301005794,
    0.8988411289996769,
    0.9002795087976541,
    0.9060743809924137,
    0.9039803638983968,
    0.9055981905162234,
    0.9054759179163737,
    0.9027086524216953,
    0.9019150016280445,
    0.9020716857008424,
    0.8980892749411469,
    0.9001754427416004,
    0.9005422518803428,
    0.9052393115611507,
    0.9092562559916086,
    0.9118489293725143,
    0.9124372772374991,
    0.9117258644672628,
    0.9054041188802564,
    0.9029248284509739,
    0.901942185756741,
    0.9031879525685456,
    0.9011471362420149,
    0.8960671939022344,
    0.8943825991935235,
    0.8946496932106175,
    0.8987456866804692,
    0.9003895102738767,
    0.9081305550974031,
    0.9081660166594444,
    0.9089049676309535,
    0.9062548641112848,
    0.9077700156264363,
    0.9081566057804682,
    0.9089543694787597
  ]
}