{
    "user12": {
      "1": {
        "User": "user12",
        "n": 1,
        "EER": 0.22348916761726306,
        "AUC": 0.8623579987183957
      },
      "2": {
        "User": "user12",
        "n": 2,
        "EER": 0.15690866510538642,
        "AUC": 0.9207914145629702
      },
      "3": {
        "User": "user12",
        "n": 3,
        "EER": 0.11854360711329248,
        "AUC": 0.9531842698650489
      },
      "4": {
        "User": "user12",
        "n": 4,
        "EER": 0.08971291865964928,
        "AUC": 0.9741433473490889
      },
      "5": {
        "User": "user12",
        "n": 5,
        "EER": 0.07142857142809453,
        "AUC": 0.9816308889209048
      },
      "6": {
        "User": "user12",
        "n": 6,
        "EER": 0.05622489959740022,
        "AUC": 0.988194714341236
      },
      "7": {
        "User": "user12",
        "n": 7,
        "EER": 0.05882352941176487,
        "AUC": 0.9913725490196078
      },
      "8": {
        "User": "user12",
        "n": 8,
        "EER": 0.03571428571428571,
        "AUC": 0.9961549837326235
      },
      "9": {
        "User": "user12",
        "n": 9,
        "EER": 0.02996254681649161,
        "AUC": 0.9967041198501873
      },
      "10": {
        "User": "user12",
        "n": 10,
        "EER": 0.01777777777814725,
        "AUC": 0.9981944444444444
      },
      "11": {
        "User": "user12",
        "n": 11,
        "EER": 0.03684210526244205,
        "AUC": 0.9980769230769231
      },
      "12": {
        "User": "user12",
        "n": 12,
        "EER": 0.018072289156980066,
        "AUC": 0.9981787615578593
      },
      "13": {
        "User": "user12",
        "n": 13,
        "EER": 0.027027027027026918,
        "AUC": 0.9980415197806503
      },
      "14": {
        "User": "user12",
        "n": 14,
        "EER": 0.02608695652173794,
        "AUC": 0.9985093167701864
      },
      "15": {
        "User": "user12",
        "n": 15,
        "EER": 0.020202020201543325,
        "AUC": 0.9984217171717171
      }
    },
    "user15": {
      "1": {
        "User": "user15",
        "n": 1,
        "EER": 0.22063037249365147,
        "AUC": 0.8718403485384777
      },
      "2": {
        "User": "user15",
        "n": 2,
        "EER": 0.14022140221401833,
        "AUC": 0.9272114915662871
      },
      "3": {
        "User": "user15",
        "n": 3,
        "EER": 0.1106780982066157,
        "AUC": 0.951101448086311
      },
      "4": {
        "User": "user15",
        "n": 4,
        "EER": 0.08351648351709878,
        "AUC": 0.9734845799361929
      },
      "5": {
        "User": "user15",
        "n": 5,
        "EER": 0.07848837209279674,
        "AUC": 0.9768790457923759
      },
      "6": {
        "User": "user15",
        "n": 6,
        "EER": 0.066666666666667,
        "AUC": 0.9855453991468617
      },
      "7": {
        "User": "user15",
        "n": 7,
        "EER": 0.06833712984004954,
        "AUC": 0.9862241023972231
      },
      "8": {
        "User": "user15",
        "n": 8,
        "EER": 0.058988764044767356,
        "AUC": 0.9909550561797753
      },
      "9": {
        "User": "user15",
        "n": 9,
        "EER": 0.03300330032951329,
        "AUC": 0.9942455784039943
      },
      "10": {
        "User": "user15",
        "n": 10,
        "EER": 0.028571428571514453,
        "AUC": 0.992238470191226
      },
      "11": {
        "User": "user15",
        "n": 11,
        "EER": 0.033333333333357945,
        "AUC": 0.9949685534591195
      },
      "12": {
        "User": "user15",
        "n": 12,
        "EER": 0.03703703703705859,
        "AUC": 0.9936914936914937
      },
      "13": {
        "User": "user15",
        "n": 13,
        "EER": 0.04000000000045752,
        "AUC": 0.9941333333333333
      },
      "14": {
        "User": "user15",
        "n": 14,
        "EER": 0.015625000000720528,
        "AUC": 0.9943181818181818
      },
      "15": {
        "User": "user15",
        "n": 15,
        "EER": 0.018018018018039886,
        "AUC": 0.9932432432432432
      }
    },
    "user16": {
      "1": {
        "User": "user16",
        "n": 1,
        "EER": 0.2561526870926334,
        "AUC": 0.8275712020912882
      },
      "2": {
        "User": "user16",
        "n": 2,
        "EER": 0.20691461498107516,
        "AUC": 0.8769217374176245
      },
      "3": {
        "User": "user16",
        "n": 3,
        "EER": 0.17372881355902706,
        "AUC": 0.9051376248921544
      },
      "4": {
        "User": "user16",
        "n": 4,
        "EER": 0.152941176470588,
        "AUC": 0.923338779956427
      },
      "5": {
        "User": "user16",
        "n": 5,
        "EER": 0.13709677419399804,
        "AUC": 0.9311038992728514
      },
      "6": {
        "User": "user16",
        "n": 6,
        "EER": 0.13265306122448986,
        "AUC": 0.9401386508801994
      },
      "7": {
        "User": "user16",
        "n": 7,
        "EER": 0.13749999999999993,
        "AUC": 0.9392772511848342
      },
      "8": {
        "User": "user16",
        "n": 8,
        "EER": 0.11764705882343739,
        "AUC": 0.9494430908458057
      },
      "9": {
        "User": "user16",
        "n": 9,
        "EER": 0.09090909090909104,
        "AUC": 0.9574279379157428
      },
      "10": {
        "User": "user16",
        "n": 10,
        "EER": 0.09302325581395363,
        "AUC": 0.9569861977689544
      },
      "11": {
        "User": "user16",
        "n": 11,
        "EER": 0.08695652173967541,
        "AUC": 0.958040027605245
      },
      "12": {
        "User": "user16",
        "n": 12,
        "EER": 0.09090909090913508,
        "AUC": 0.9554063360881543
      },
      "13": {
        "User": "user16",
        "n": 13,
        "EER": 0.103448275862389,
        "AUC": 0.9539442607463392
      },
      "14": {
        "User": "user16",
        "n": 14,
        "EER": 0.13008130081293576,
        "AUC": 0.9509183980728695
      },
      "15": {
        "User": "user16",
        "n": 15,
        "EER": 0.13043478260869568,
        "AUC": 0.9504830917874396
      }
    },
    "user20": {
      "1": {
        "User": "user20",
        "n": 1,
        "EER": 0.17191977077366843,
        "AUC": 0.9032261005470176
      },
      "2": {
        "User": "user20",
        "n": 2,
        "EER": 0.13086770981404833,
        "AUC": 0.937308881525711
      },
      "3": {
        "User": "user20",
        "n": 3,
        "EER": 0.1285289747395499,
        "AUC": 0.9537380991690055
      },
      "4": {
        "User": "user20",
        "n": 4,
        "EER": 0.12133891213461373,
        "AUC": 0.9557450917283553
      },
      "5": {
        "User": "user20",
        "n": 5,
        "EER": 0.0999999999993821,
        "AUC": 0.9670983810709838
      },
      "6": {
        "User": "user20",
        "n": 6,
        "EER": 0.10638297872340727,
        "AUC": 0.9653654024051803
      },
      "7": {
        "User": "user20",
        "n": 7,
        "EER": 0.10944206008561291,
        "AUC": 0.9746661897949451
      },
      "8": {
        "User": "user20",
        "n": 8,
        "EER": 0.09999999999999999,
        "AUC": 0.976418439716312
      },
      "9": {
        "User": "user20",
        "n": 9,
        "EER": 0.08227848101325547,
        "AUC": 0.9782132424537487
      },
      "10": {
        "User": "user20",
        "n": 10,
        "EER": 0.09523809523809518,
        "AUC": 0.9756574271499644
      },
      "11": {
        "User": "user20",
        "n": 11,
        "EER": 0.08928571428598059,
        "AUC": 0.9704861111111112
      },
      "12": {
        "User": "user20",
        "n": 12,
        "EER": 0.09374999999943176,
        "AUC": 0.9730392156862746
      },
      "13": {
        "User": "user20",
        "n": 13,
        "EER": 0.06666666666667902,
        "AUC": 0.9845833333333334
      },
      "14": {
        "User": "user20",
        "n": 14,
        "EER": 0.050000000001177144,